# https://github.com/mikedh/trimesh
v 0.25520834 -0.42187500 0.07812500
v 0.23784722 -0.38715279 0.13715278
v 0.21354167 -0.41145834 0.13020833
v 0.22395833 -0.44270834 0.09895834
v 0.26562500 -0.40104166 0.06770834
v 0.26562500 -0.40104166 0.07812500
v 0.04687500 0.75520831 0.07812500
v -0.27604166 -0.41145834 0.11979166
v -0.24479167 -0.16145833 0.02604167
v -0.23437500 -0.19270833 0.02604167
v -0.03645833 0.45312500 0.18229167
v -0.04687500 0.76562500 0.20312500
v 0.01562500 -0.23437500 0.23437500
v 0.01562500 -0.23437500 0.20312500
v 0.04687500 -0.17187500 0.20312500
v 0.01562500 -0.20312500 0.17187500
v -0.04687500 -0.17187500 0.17187500
v 0.01562500 -0.51562500 0.17187500
v 0.04687500 -0.57812500 0.20312500
v 0.10937500 -0.57812500 0.14062500
v 0.04687500 -0.17187500 0.17187500
v 0.01562500 0.51562500 0.17187500
v 0.04687500 0.48437500 0.17187500
v 0.01562500 0.76562500 0.17187500
v 0.01562500 -0.17187500 0.17187500
v 0.01562500 -0.48437500 0.17187500
v -0.04687500 -0.51562500 0.17187500
v -0.07812500 -0.57812500 0.17187500
v -0.17187500 -0.35937500 0.17187500
v -0.23437500 -0.39062500 0.17187500
v -0.23437500 -0.39062500 0.14062500
v 0.23437500 -0.32812500 0.14062500
v 0.23437500 -0.45312500 0.14062500
v 0.07812500 0.70312500 0.10937500
v -0.01562500 0.60937500 0.14062500
v -0.04687500 0.64062500 0.14062500
v -0.26562500 -0.29687500 0.10937500
v -0.26562500 -0.42187500 0.14062500
v 0.29687500 -0.23437500 0.07812500
v 0.26562500 -0.48437500 0.07812500
v 0.26562500 -0.45312500 0.10937500
v 0.23437500 -0.48437500 0.07812500
v 0.23437500 -0.48437500 0.10937500
v 0.23437500 -0.51562500 0.10937500
v 0.20312500 -0.51562500 0.07812500
v 0.23437500 -0.51562500 0.07812500
v 0.04687500 0.70312500 0.10937500
v -0.26562500 -0.35937500 0.07812500
v -0.23437500 -0.48437500 0.10937500
v -0.29687500 -0.39062500 0.10937500
v -0.23437500 -0.48437500 0.07812500
v -0.26562500 -0.48437500 0.10937500
v -0.26562500 -0.51562500 0.10937500
v -0.26562500 -0.42187500 0.07812500
v -0.26562500 -0.48437500 0.07812500
v 0.29687500 -0.39062500 0.10937500
v 0.29687500 -0.26562500 0.07812500
v 0.26562500 -0.35937500 0.04687500
v 0.26562500 -0.39062500 0.04687500
v 0.26562500 -0.48437500 0.04687500
v 0.26562500 -0.51562500 0.07812500
v 0.23437500 -0.48437500 0.04687500
v -0.14062500 -0.10937500 0.07812500
v -0.23437500 -0.29687500 0.04687500
v 0.26562500 -0.17187500 0.04687500
v 0.26562500 -0.39062500 0.01562500
v 0.23437500 -0.17187500 0.04687500
v 0.14062500 -0.14062500 0.04687500
v 0.01562500 0.32812500 0.07812500
v 0.01562500 0.32812500 0.01562500
v -0.01562500 0.32812500 0.07812500
v -0.04687500 0.32812500 0.01562500
v -0.04687500 0.35937500 0.01562500
v -0.23437500 -0.17187500 0.01562500
v -0.32812500 -0.98437500 0.04687500
v 0.26562500 -0.17187500 0.01562500
v 0.20312500 -0.14062500 -0.01562500
v 0.04687500 0.35937500 0.01562500
v 0.01562500 0.32812500 -0.01562500
v -0.01562500 0.35937500 -0.01562500
v -0.26562500 -0.14062500 0.01562500
v 0.10937500 0.48437500 -0.01562500
v 0.14062500 0.51562500 -0.01562500
v 0.10937500 0.48437500 -0.04687500
v 0.07812500 0.29687500 -0.01562500
v -0.10937500 0.51562500 -0.01562500
v -0.10937500 0.48437500 -0.04687500
v -0.14062500 0.54687500 -0.01562500
v -0.14062500 0.45312500 -0.04687500
v -0.14062500 0.51562500 -0.01562500
v -0.17187500 0.48437500 -0.04687500
v 0.14062500 0.45312500 -0.04687500
v 0.17187500 0.51562500 -0.07812500
v -0.10937500 0.51562500 -0.04687500
v -0.14062500 0.51562500 -0.07812500
v -0.17187500 -0.64062500 -0.04687500
v 0.07812500 -0.07812500 0.20312500
v -0.17187500 -0.76562500 -0.07812500
v -0.17187500 0.51562500 -0.04687500
v -0.20312500 -0.54687500 -0.04687500
v -0.14062500 -0.54687500 -0.07812500
v -0.10937500 0.54687500 -0.04687500
v -0.10937500 0.45312500 -0.04687500
v 0.10937500 0.45312500 -0.01562500
v 0.10937500 0.51562500 -0.04687500
v 0.14062500 0.51562500 -0.07812500
v -0.14062500 0.48437500 -0.01562500
v -0.10937500 0.45312500 -0.01562500
v -0.14062500 0.57812500 -0.04687500
v 0.07812500 0.26562500 -0.04687500
v 0.17187500 0.48437500 -0.04687500
v 0.14062500 0.48437500 -0.01562500
v 0.14062500 0.57812500 -0.04687500
v -0.29687500 -0.17187500 -0.01562500
v -0.17187500 -0.51562500 -0.01562500
v -0.01562500 0.29687500 -0.01562500
v -0.01562500 0.32812500 -0.01562500
v 0.01562500 0.35937500 -0.01562500
v 0.10937500 0.26562500 0.01562500
v 0.10937500 0.07812500 -0.01562500
v 0.10937500 0.14062500 -0.01562500
v 0.07812500 0.14062500 0.01562500
v 0.10937500 0.07812500 0.04687500
v 0.14062500 0.54687500 -0.01562500
v 0.14062500 -0.20312500 0.01562500
v 0.17187500 -0.14062500 0.01562500
v -0.29687500 -0.39062500 0.01562500
v -0.26562500 -0.39062500 0.01562500
v -0.26562500 -0.45312500 0.01562500
v -0.26562500 -0.35937500 0.01562500
v -0.26562500 -0.17187500 0.01562500
v -0.20312500 -0.17187500 0.01562500
v -0.26562500 -0.17187500 0.04687500
v -0.20312500 -0.17187500 0.04687500
v -0.17187500 0.01562500 0.04687500
v -0.14062500 0.01562500 0.01562500
v 0.04687500 0.35937500 0.04687500
v 0.20312500 -0.23437500 0.01562500
v 0.20312500 -0.17187500 0.01562500
v 0.20312500 -0.57812500 0.07812500
v 0.26562500 -0.48437500 0.01562500
v 0.26562500 -0.35937500 0.01562500
v 0.26562500 -0.26562500 0.01562500
v 0.26562500 -0.29687500 0.04687500
v 0.29687500 -0.14062500 0.01562500
v -0.29687500 -0.23437500 0.07812500
v -0.29687500 -0.20312500 0.04687500
v -0.26562500 -0.39062500 0.04687500
v -0.20312500 -0.54687500 0.10937500
v -0.23437500 -0.51562500 0.04687500
v -0.23437500 -0.23437500 0.04687500
v -0.23437500 -0.20312500 0.07812500
v -0.17187500 -0.01562500 0.04687500
v -0.20312500 -0.01562500 0.04687500
v -0.04687500 0.35937500 0.04687500
v 0.14062500 -0.17187500 0.04687500
v 0.23437500 -0.51562500 0.04687500
v 0.23437500 -0.29687500 0.04687500
v 0.26562500 -0.17187500 0.07812500
v 0.26562500 -0.42187500 0.07812500
v 0.29687500 -0.26562500 0.04687500
v -0.32812500 -0.20312500 0.07812500
v -0.29687500 -0.17187500 0.07812500
v -0.26562500 -0.20312500 0.10937500
v -0.32812500 -0.20312500 0.10937500
v -0.26562500 -0.39062500 0.10937500
v -0.23437500 -0.51562500 0.07812500
v -0.26562500 -0.45312500 0.10937500
v -0.23437500 -0.17187500 0.07812500
v -0.23437500 -0.51562500 0.10937500
v -0.10937500 -0.10937500 0.14062500
v 0.04687500 0.35937500 0.07812500
v 0.20312500 -0.48437500 0.07812500
v 0.23437500 -0.32812500 0.07812500
v 0.26562500 -0.48437500 0.10937500
v 0.26562500 -0.39062500 0.10937500
v 0.26562500 -0.35937500 0.07812500
v 0.26562500 -0.26562500 0.10937500
v 0.26562500 -0.23437500 0.10937500
v -0.26562500 -0.35937500 0.10937500
v -0.26562500 -0.39062500 0.14062500
v -0.23437500 -0.32812500 0.14062500
v -0.23437500 -0.29687500 0.10937500
v -0.14062500 -0.51562500 0.10937500
v -0.10937500 0.60937500 0.14062500
v -0.10937500 0.67187500 0.10937500
v -0.10937500 0.67187500 0.14062500
v -0.04687500 0.67187500 0.10937500
v 0.01562500 0.67187500 0.10937500
v 0.04687500 0.70312500 0.14062500
v 0.04687500 0.73437500 0.17187500
v 0.17187500 -0.48437500 0.10937500
v 0.26562500 -0.45312500 0.14062500
v 0.20312500 -0.45312500 0.14062500
v 0.23437500 -0.42187500 0.10937500
v 0.26562500 -0.29687500 0.10937500
v 0.23437500 -0.29687500 0.10937500
v 0.26562500 -0.35937500 0.10937500
v -0.26562500 -0.45312500 0.14062500
v -0.23437500 -0.48437500 0.14062500
v -0.23437500 -0.35937500 0.14062500
v -0.23437500 -0.45312500 0.14062500
v -0.20312500 -0.35937500 0.17187500
v -0.20312500 -0.39062500 0.17187500
v -0.17187500 -0.39062500 0.17187500
v -0.10937500 -0.51562500 0.14062500
v -0.10937500 -0.57812500 0.14062500
v -0.10937500 0.64062500 0.14062500
v -0.04687500 -0.20312500 0.14062500
v -0.10937500 0.07812500 0.17187500
v -0.04687500 0.10937500 0.14062500
v -0.01562500 0.64062500 0.14062500
v -0.01562500 0.67187500 0.17187500
v -0.04687500 0.76562500 0.14062500
v 0.01562500 0.73437500 0.14062500
v 0.04687500 0.51562500 0.14062500
v 0.07812500 -0.14062500 0.14062500
v 0.07812500 -0.17187500 0.14062500
v 0.04687500 -0.57812500 0.17187500
v 0.23437500 -0.48437500 0.14062500
v 0.23437500 -0.42187500 0.14062500
v 0.23437500 -0.35937500 0.14062500
v 0.17187500 -0.39062500 0.17187500
v 0.17187500 -0.35937500 0.17187500
v 0.20312500 -0.35937500 0.17187500
v 0.26562500 -0.35937500 0.14062500
v 0.26562500 -0.39062500 0.14062500
v -0.14062500 -0.10937500 0.17187500
v -0.04687500 -0.57812500 0.17187500
v -0.04687500 -0.14062500 0.17187500
v -0.04687500 0.01562500 0.17187500
v 0.01562500 -0.57812500 0.17187500
v 0.04687500 -0.51562500 0.17187500
v 0.01562500 -0.23437500 0.17187500
v 0.04687500 -0.23437500 0.20312500
v 0.07812500 -0.57812500 0.17187500
v 0.07812500 0.01562500 0.17187500
v -0.04687500 0.70312500 0.20312500
v -0.01562500 0.76562500 0.20312500
v -0.01562500 0.73437500 0.20312500
v 0.01562500 -0.26562500 0.20312500
v 0.01562500 -0.57812500 0.20312500
v -0.04687500 -0.17187500 0.20312500
v -0.04687500 -0.20312500 0.17187500
v 0.20312500 -0.39062500 0.17187500
v 0.04687500 0.48437500 0.14062500
v 0.04687500 0.48437500 0.20312500
v -0.01562500 0.73437500 0.14062500
v -0.01562500 0.76562500 0.14062500
v -0.23437500 -0.45312500 0.17187500
v -0.04687500 0.73437500 0.14062500
v -0.04687500 0.60937500 0.14062500
v -0.01562500 0.60937500 0.10937500
v -0.07812500 0.64062500 0.14062500
v -0.14062500 0.64062500 0.10937500
v -0.14062500 -0.57812500 0.14062500
v -0.26562500 -0.35937500 0.14062500
v 0.26562500 -0.20312500 0.10937500
v 0.04687500 0.73437500 0.07812500
v -0.17187500 -0.57812500 0.14062500
v -0.14062500 -0.10937500 0.10937500
v -0.20312500 -0.17187500 0.07812500
v -0.23437500 -0.32812500 0.07812500
v 0.29687500 -0.17187500 0.07812500
v 0.26562500 -0.14062500 0.07812500
v 0.26562500 -0.45312500 0.01562500
v 0.20312500 -0.54687500 0.01562500
v -0.04687500 0.35937500 0.07812500
v -0.29687500 -0.45312500 0.04687500
v -0.29687500 -0.98437500 0.04687500
v 0.32812500 -0.17187500 0.01562500
v 0.23437500 -0.17187500 0.01562500
v 0.17187500 0.51562500 -0.04687500
v -0.10937500 0.51562500 -0.07812500
v -0.17187500 -0.51562500 -0.04687500
v -0.17187500 0.51562500 -0.07812500
v -0.17187500 -0.57812500 -0.04687500
v 0.14062500 0.54687500 -0.07812500
v 0.10937500 0.04687500 0.10937500
v 0.14062500 -0.04687500 0.10937500
v 0.10937500 -0.07812500 0.17187500
v 0.10937500 -0.04687500 0.17187500
v 0.04687500 0.01562500 0.17187500
v 0.01562500 0.01562500 0.17187500
v -0.07812500 0.14062500 0.14062500
v -0.07812500 0.20312500 0.14062500
v -0.07812500 0.23437500 0.14062500
v -0.07812500 0.26562500 0.14062500
v -0.04687500 0.26562500 0.10937500
v 0.01562500 0.26562500 0.07812500
v 0.04687500 0.29687500 0.04687500
v 0.04687500 0.29687500 0.01562500
v 0.01562500 0.29687500 -0.01562500
v 0.14062500 0.23437500 -0.01562500
v 0.14062500 0.23437500 0.01562500
v 0.14062500 0.23437500 0.04687500
v 0.14062500 0.14062500 0.07812500
v 0.20312500 0.10937500 0.04687500
v 0.20312500 0.10937500 0.01562500
v 0.23437500 0.04687500 0.01562500
v 0.23437500 -0.01562500 0.01562500
v 0.26562500 -0.01562500 -0.01562500
v 0.20312500 0.04687500 -0.04687500
v 0.17187500 0.10937500 -0.04687500
v 0.14062500 0.07812500 -0.04687500
v -0.10937500 0.79687500 -0.23437500
v -0.10937500 0.82812500 -0.23437500
v -0.04687500 0.79687500 -0.23437500
v -0.04687500 0.82812500 -0.23437500
v 0.01562500 0.79687500 -0.23437500
v 0.01562500 0.82812500 -0.23437500
v 0.04687500 0.82812500 -0.23437500
v 0.10937500 0.82812500 -0.23437500
v -0.17187500 0.79687500 -0.20312500
v -0.17187500 0.82812500 -0.20312500
v -0.07812500 0.79687500 -0.20312500
v -0.07812500 0.85937500 -0.20312500
v -0.04687500 0.54687500 -0.20312500
v -0.04687500 0.57812500 -0.20312500
v -0.04687500 0.76562500 -0.20312500
v -0.04687500 0.85937500 -0.20312500
v 0.01562500 0.54687500 -0.20312500
v 0.01562500 0.57812500 -0.20312500
v 0.01562500 0.76562500 -0.20312500
v 0.01562500 0.89062500 -0.20312500
v 0.04687500 0.57812500 -0.20312500
v 0.04687500 0.76562500 -0.20312500
v 0.04687500 0.89062500 -0.20312500
v 0.07812500 0.89062500 -0.20312500
v 0.10937500 0.79687500 -0.20312500
v 0.14062500 0.85937500 -0.20312500
v -0.14062500 0.76562500 -0.17187500
v -0.14062500 0.85937500 -0.17187500
v -0.07812500 0.51562500 -0.17187500
v -0.07812500 0.57812500 -0.17187500
v -0.07812500 0.76562500 -0.17187500
v -0.07812500 0.89062500 -0.17187500
v -0.04687500 0.48437500 -0.17187500
v -0.04687500 0.51562500 -0.17187500
v -0.04687500 0.60937500 -0.17187500
v -0.04687500 0.76562500 -0.17187500
v -0.04687500 0.89062500 -0.17187500
v 0.01562500 0.48437500 -0.17187500
v 0.01562500 0.51562500 -0.17187500
v 0.01562500 0.60937500 -0.17187500
v 0.01562500 0.76562500 -0.17187500
v 0.04687500 0.51562500 -0.17187500
v 0.04687500 0.54687500 -0.17187500
v 0.04687500 0.76562500 -0.17187500
v 0.07812500 0.51562500 -0.17187500
v 0.07812500 0.57812500 -0.17187500
v 0.10937500 0.79687500 -0.17187500
v 0.10937500 0.89062500 -0.17187500
v 0.14062500 0.82812500 -0.17187500
v -0.20312500 0.79687500 -0.14062500
v -0.20312500 0.82812500 -0.14062500
v -0.17187500 -0.95312500 -0.14062500
v -0.17187500 -0.89062500 -0.14062500
v -0.17187500 0.76562500 -0.14062500
v -0.17187500 0.85937500 -0.14062500
v -0.10937500 0.51562500 -0.14062500
v -0.10937500 0.54687500 -0.14062500
v -0.10937500 0.57812500 -0.14062500
v -0.10937500 0.60937500 -0.14062500
v -0.10937500 0.76562500 -0.14062500
v -0.10937500 0.89062500 -0.14062500
v -0.07812500 0.48437500 -0.14062500
v -0.04687500 0.45312500 -0.14062500
v -0.04687500 0.60937500 -0.14062500
v -0.04687500 0.64062500 -0.14062500
v -0.04687500 0.67187500 -0.14062500
v -0.04687500 0.70312500 -0.14062500
v -0.04687500 0.73437500 -0.14062500
v -0.04687500 0.92187500 -0.14062500
v 0.01562500 0.45312500 -0.14062500
v 0.01562500 0.60937500 -0.14062500
v 0.01562500 0.64062500 -0.14062500
v 0.01562500 0.67187500 -0.14062500
v 0.01562500 0.70312500 -0.14062500
v 0.01562500 0.73437500 -0.14062500
v 0.01562500 0.89062500 -0.14062500
v 0.04687500 0.45312500 -0.14062500
v 0.04687500 0.60937500 -0.14062500
v 0.04687500 0.64062500 -0.14062500
v 0.04687500 0.73437500 -0.14062500
v 0.04687500 0.92187500 -0.14062500
v 0.07812500 0.48437500 -0.14062500
v 0.07812500 0.60937500 -0.14062500
v 0.07812500 0.76562500 -0.14062500
v 0.07812500 0.92187500 -0.14062500
v 0.10937500 0.51562500 -0.14062500
v 0.10937500 0.54687500 -0.14062500
v 0.10937500 0.60937500 -0.14062500
v 0.10937500 0.92187500 -0.14062500
v 0.14062500 0.57812500 -0.14062500
v 0.14062500 0.79687500 -0.14062500
v 0.14062500 0.89062500 -0.14062500
v 0.17187500 -0.98437500 -0.14062500
v 0.17187500 -0.95312500 -0.14062500
v 0.17187500 -0.89062500 -0.14062500
v 0.17187500 0.85937500 -0.14062500
v 0.17187500 0.89062500 -0.14062500
v -0.23437500 -0.89062500 -0.10937500
v -0.23437500 -0.85937500 -0.10937500
v -0.23437500 0.82812500 -0.10937500
v -0.20312500 -0.95312500 -0.10937500
v -0.20312500 0.85937500 -0.10937500
v -0.17187500 -0.98437500 -0.10937500
v -0.17187500 -0.85937500 -0.10937500
v -0.17187500 0.89062500 -0.10937500
v -0.14062500 -0.95312500 -0.10937500
v -0.14062500 -0.89062500 -0.10937500
v -0.14062500 -0.85937500 -0.10937500
v -0.14062500 0.57812500 -0.10937500
v -0.14062500 0.76562500 -0.10937500
v -0.14062500 0.89062500 -0.10937500
v -0.10937500 -0.54687500 -0.10937500
v -0.10937500 -0.51562500 -0.10937500
v -0.10937500 0.51562500 -0.10937500
v -0.10937500 0.54687500 -0.10937500
v -0.10937500 0.60937500 -0.10937500
v -0.10937500 0.92187500 -0.10937500
v -0.07812500 0.45312500 -0.10937500
v -0.07812500 0.60937500 -0.10937500
v -0.07812500 0.64062500 -0.10937500
v -0.07812500 0.67187500 -0.10937500
v -0.07812500 0.70312500 -0.10937500
v -0.07812500 0.73437500 -0.10937500
v -0.07812500 0.92187500 -0.10937500
v -0.04687500 -0.54687500 -0.10937500
v -0.04687500 -0.51562500 -0.10937500
v -0.04687500 -0.48437500 -0.10937500
v -0.04687500 -0.42187500 -0.10937500
v -0.04687500 -0.32812500 -0.10937500
v -0.04687500 -0.26562500 -0.10937500
v -0.04687500 -0.10937500 -0.10937500
v -0.04687500 -0.07812500 -0.10937500
v -0.04687500 -0.04687500 -0.10937500
v -0.04687500 0.42187500 -0.10937500
v -0.04687500 0.92187500 -0.10937500
v 0.01562500 -0.54687500 -0.10937500
v 0.01562500 -0.51562500 -0.10937500
v 0.01562500 -0.48437500 -0.10937500
v 0.01562500 -0.42187500 -0.10937500
v 0.01562500 -0.32812500 -0.10937500
v 0.01562500 -0.26562500 -0.10937500
v 0.01562500 -0.20312500 -0.10937500
v 0.01562500 -0.10937500 -0.10937500
v 0.01562500 -0.07812500 -0.10937500
v 0.01562500 -0.04687500 -0.10937500
v 0.01562500 0.42187500 -0.10937500
v 0.01562500 0.92187500 -0.10937500
v 0.04687500 -0.51562500 -0.10937500
v 0.04687500 -0.48437500 -0.10937500
v 0.04687500 -0.42187500 -0.10937500
v 0.04687500 -0.32812500 -0.10937500
v 0.04687500 -0.26562500 -0.10937500
v 0.04687500 0.42187500 -0.10937500
v 0.04687500 0.67187500 -0.10937500
v 0.04687500 0.70312500 -0.10937500
v 0.04687500 0.92187500 -0.10937500
v 0.07812500 0.45312500 -0.10937500
v 0.07812500 0.60937500 -0.10937500
v 0.07812500 0.64062500 -0.10937500
v 0.07812500 0.67187500 -0.10937500
v 0.07812500 0.70312500 -0.10937500
v 0.07812500 0.73437500 -0.10937500
v 0.07812500 0.92187500 -0.10937500
v 0.10937500 -0.54687500 -0.10937500
v 0.10937500 -0.51562500 -0.10937500
v 0.10937500 0.48437500 -0.10937500
v 0.10937500 0.51562500 -0.10937500
v 0.10937500 0.54687500 -0.10937500
v 0.10937500 0.60937500 -0.10937500
v 0.10937500 0.76562500 -0.10937500
v 0.10937500 0.92187500 -0.10937500
v 0.14062500 -0.95312500 -0.10937500
v 0.14062500 -0.89062500 -0.10937500
v 0.14062500 -0.85937500 -0.10937500
v 0.14062500 0.57812500 -0.10937500
v 0.14062500 0.92187500 -0.10937500
v 0.17187500 -0.98437500 -0.10937500
v 0.17187500 -0.85937500 -0.10937500
v 0.17187500 0.82812500 -0.10937500
v 0.23437500 -0.98437500 -0.10937500
v 0.23437500 -0.95312500 -0.10937500
v 0.23437500 -0.89062500 -0.10937500
v 0.23437500 -0.85937500 -0.10937500
v -0.26562500 -0.89062500 -0.07812500
v -0.26562500 -0.85937500 -0.07812500
v -0.26562500 -0.82812500 -0.07812500
v -0.23437500 -0.98437500 -0.07812500
v -0.23437500 -0.95312500 -0.07812500
v -0.23437500 -0.82812500 -0.07812500
v -0.20312500 -0.82812500 -0.07812500
v -0.20312500 -0.76562500 -0.07812500
v -0.20312500 0.48437500 -0.07812500
v -0.20312500 0.51562500 -0.07812500
v -0.20312500 0.79687500 -0.07812500
v -0.17187500 -0.64062500 -0.07812500
v -0.17187500 -0.51562500 -0.07812500
v -0.17187500 0.48437500 -0.07812500
v -0.17187500 0.92187500 -0.07812500
v -0.14062500 -0.98437500 -0.07812500
v -0.14062500 -0.82812500 -0.07812500
v -0.14062500 -0.76562500 -0.07812500
v -0.14062500 -0.51562500 -0.07812500
v -0.14062500 -0.48437500 -0.07812500
v -0.14062500 -0.42187500 -0.07812500
v -0.14062500 0.45312500 -0.07812500
v -0.14062500 0.48437500 -0.07812500
v -0.14062500 0.54687500 -0.07812500
v -0.14062500 0.60937500 -0.07812500
v -0.14062500 0.64062500 -0.07812500
v -0.10937500 -0.98437500 -0.07812500
v -0.10937500 -0.95312500 -0.07812500
v -0.10937500 -0.89062500 -0.07812500
v -0.10937500 -0.85937500 -0.07812500
v -0.10937500 -0.54687500 -0.07812500
v -0.10937500 -0.48437500 -0.07812500
v -0.10937500 -0.32812500 -0.07812500
v -0.10937500 -0.26562500 -0.07812500
v -0.10937500 -0.10937500 -0.07812500
v -0.10937500 -0.07812500 -0.07812500
v -0.10937500 -0.04687500 -0.07812500
v -0.10937500 0.48437500 -0.07812500
v -0.10937500 0.64062500 -0.07812500
v -0.10937500 0.73437500 -0.07812500
v -0.10937500 0.92187500 -0.07812500
v -0.07812500 -0.42187500 -0.07812500
v -0.07812500 -0.32812500 -0.07812500
v -0.07812500 -0.26562500 -0.07812500
v -0.07812500 -0.20312500 -0.07812500
v -0.07812500 -0.17187500 -0.07812500
v -0.07812500 -0.14062500 -0.07812500
v -0.07812500 0.45312500 -0.07812500
v -0.04687500 -0.54687500 -0.07812500
v -0.04687500 -0.20312500 -0.07812500
v -0.04687500 -0.17187500 -0.07812500
v -0.04687500 -0.14062500 -0.07812500
v -0.04687500 -0.10937500 -0.07812500
v -0.04687500 -0.01562500 -0.07812500
v -0.04687500 0.01562500 -0.07812500
v -0.04687500 0.07812500 -0.07812500
v -0.04687500 0.14062500 -0.07812500
v -0.04687500 0.20312500 -0.07812500
v -0.04687500 0.45312500 -0.07812500
v -0.04687500 0.92187500 -0.07812500
v 0.01562500 -0.17187500 -0.07812500
v 0.01562500 -0.14062500 -0.07812500
v 0.01562500 -0.10937500 -0.07812500
v 0.01562500 -0.01562500 -0.07812500
v 0.01562500 0.01562500 -0.07812500
v 0.01562500 0.07812500 -0.07812500
v 0.01562500 0.14062500 -0.07812500
v 0.01562500 0.20312500 -0.07812500
v 0.01562500 0.45312500 -0.07812500
v 0.01562500 0.92187500 -0.07812500
v 0.04687500 -0.20312500 -0.07812500
v 0.04687500 -0.14062500 -0.07812500
v 0.04687500 -0.01562500 -0.07812500
v 0.04687500 0.01562500 -0.07812500
v 0.04687500 0.07812500 -0.07812500
v 0.04687500 0.14062500 -0.07812500
v 0.04687500 0.20312500 -0.07812500
v 0.04687500 0.45312500 -0.07812500
v 0.07812500 -0.48437500 -0.07812500
v 0.07812500 -0.42187500 -0.07812500
v 0.07812500 -0.32812500 -0.07812500
v 0.07812500 -0.26562500 -0.07812500
v 0.07812500 -0.20312500 -0.07812500
v 0.07812500 -0.17187500 -0.07812500
v 0.07812500 -0.14062500 -0.07812500
v 0.07812500 -0.10937500 -0.07812500
v 0.07812500 -0.04687500 -0.07812500
v 0.07812500 0.95312500 -0.07812500
v 0.10937500 -0.98437500 -0.07812500
v 0.10937500 -0.95312500 -0.07812500
v 0.10937500 -0.89062500 -0.07812500
v 0.10937500 -0.85937500 -0.07812500
v 0.10937500 -0.54687500 -0.07812500
v 0.10937500 -0.32812500 -0.07812500
v 0.10937500 -0.26562500 -0.07812500
v 0.10937500 -0.07812500 -0.07812500
v 0.10937500 0.48437500 -0.07812500
v 0.10937500 0.64062500 -0.07812500
v 0.10937500 0.73437500 -0.07812500
v 0.10937500 0.95312500 -0.07812500
v 0.14062500 -0.98437500 -0.07812500
v 0.14062500 -0.82812500 -0.07812500
v 0.14062500 -0.76562500 -0.07812500
v 0.14062500 -0.64062500 -0.07812500
v 0.14062500 -0.54687500 -0.07812500
v 0.14062500 -0.51562500 -0.07812500
v 0.14062500 -0.48437500 -0.07812500
v 0.14062500 -0.42187500 -0.07812500
v 0.14062500 0.45312500 -0.07812500
v 0.14062500 0.48437500 -0.07812500
v 0.14062500 0.60937500 -0.07812500
v 0.14062500 0.64062500 -0.07812500
v 0.14062500 0.82812500 -0.07812500
v 0.17187500 -0.76562500 -0.07812500
v 0.17187500 -0.51562500 -0.07812500
v 0.17187500 0.48437500 -0.07812500
v 0.17187500 0.85937500 -0.07812500
v 0.17187500 0.92187500 -0.07812500
v 0.20312500 -0.82812500 -0.07812500
v 0.20312500 -0.76562500 -0.07812500
v 0.20312500 0.48437500 -0.07812500
v 0.20312500 0.51562500 -0.07812500
v 0.20312500 0.89062500 -0.07812500
v 0.23437500 -0.98437500 -0.07812500
v 0.26562500 -0.95312500 -0.07812500
v 0.26562500 -0.89062500 -0.07812500
v 0.26562500 -0.85937500 -0.07812500
v 0.26562500 -0.82812500 -0.07812500
v -0.29687500 -0.98437500 -0.04687500
v -0.23437500 -0.82812500 -0.04687500
v -0.23437500 -0.07812500 -0.04687500
v -0.23437500 -0.04687500 -0.04687500
v -0.23437500 -0.01562500 -0.04687500
v -0.23437500 0.85937500 -0.04687500
v -0.23437500 0.89062500 -0.04687500
v -0.20312500 -0.98437500 -0.04687500
v -0.20312500 -0.76562500 -0.04687500
v -0.20312500 -0.64062500 -0.04687500
v -0.20312500 -0.01562500 -0.04687500
v -0.20312500 0.04687500 -0.04687500
v -0.20312500 0.48437500 -0.04687500
v -0.20312500 0.89062500 -0.04687500
v -0.17187500 -0.98437500 -0.04687500
v -0.17187500 -0.48437500 -0.04687500
v -0.17187500 -0.42187500 -0.04687500
v -0.17187500 0.01562500 -0.04687500
v -0.17187500 0.10937500 -0.04687500
v -0.17187500 0.76562500 -0.04687500
v -0.14062500 -0.64062500 -0.04687500
v -0.14062500 -0.57812500 -0.04687500
v -0.14062500 -0.51562500 -0.04687500
v -0.14062500 -0.32812500 -0.04687500
v -0.14062500 -0.26562500 -0.04687500
v -0.14062500 -0.10937500 -0.04687500
v -0.14062500 -0.07812500 -0.04687500
v -0.14062500 -0.04687500 -0.04687500
v -0.14062500 0.07812500 -0.04687500
v -0.14062500 0.17187500 -0.04687500
v -0.14062500 0.60937500 -0.04687500
v -0.14062500 0.64062500 -0.04687500
v -0.14062500 0.76562500 -0.04687500
v -0.14062500 0.92187500 -0.04687500
v -0.10937500 -0.82812500 -0.04687500
v -0.10937500 -0.76562500 -0.04687500
v -0.10937500 -0.64062500 -0.04687500
v -0.10937500 -0.57812500 -0.04687500
v -0.10937500 -0.51562500 -0.04687500
v -0.10937500 -0.20312500 -0.04687500
v -0.10937500 -0.17187500 -0.04687500
v -0.10937500 0.14062500 -0.04687500
v -0.10937500 0.20312500 -0.04687500
v -0.10937500 0.64062500 -0.04687500
v -0.10937500 0.73437500 -0.04687500
v -0.07812500 -0.51562500 -0.04687500
v -0.07812500 -0.10937500 -0.04687500
v -0.07812500 -0.01562500 -0.04687500
v -0.07812500 0.01562500 -0.04687500
v -0.07812500 0.07812500 -0.04687500
v -0.07812500 0.14062500 -0.04687500
v -0.07812500 0.20312500 -0.04687500
v -0.07812500 0.26562500 -0.04687500
v -0.07812500 0.95312500 -0.04687500
v -0.04687500 -0.51562500 -0.04687500
v -0.04687500 0.26562500 -0.04687500
v -0.04687500 0.42187500 -0.04687500
v -0.04687500 0.95312500 -0.04687500
v 0.01562500 -0.51562500 -0.04687500
v 0.01562500 0.26562500 -0.04687500
v 0.01562500 0.42187500 -0.04687500
v 0.01562500 0.92187500 -0.04687500
v 0.04687500 -0.51562500 -0.04687500
v 0.04687500 0.26562500 -0.04687500
v 0.04687500 0.95312500 -0.04687500
v 0.07812500 -0.51562500 -0.04687500
v 0.07812500 -0.10937500 -0.04687500
v 0.07812500 -0.01562500 -0.04687500
v 0.07812500 0.01562500 -0.04687500
v 0.07812500 0.07812500 -0.04687500
v 0.07812500 0.14062500 -0.04687500
v 0.07812500 0.20312500 -0.04687500
v 0.07812500 0.95312500 -0.04687500
v 0.10937500 -0.82812500 -0.04687500
v 0.10937500 -0.76562500 -0.04687500
v 0.10937500 -0.64062500 -0.04687500
v 0.10937500 -0.57812500 -0.04687500
v 0.10937500 -0.51562500 -0.04687500
v 0.10937500 -0.20312500 -0.04687500
v 0.10937500 -0.17187500 -0.04687500
v 0.10937500 0.20312500 -0.04687500
v 0.10937500 0.64062500 -0.04687500
v 0.10937500 0.73437500 -0.04687500
v 0.10937500 0.79687500 -0.04687500
v 0.14062500 -0.57812500 -0.04687500
v 0.14062500 -0.51562500 -0.04687500
v 0.14062500 -0.32812500 -0.04687500
v 0.14062500 -0.26562500 -0.04687500
v 0.14062500 -0.10937500 -0.04687500
v 0.14062500 -0.07812500 -0.04687500
v 0.14062500 -0.04687500 -0.04687500
v 0.14062500 0.17187500 -0.04687500
v 0.14062500 0.60937500 -0.04687500
v 0.14062500 0.64062500 -0.04687500
v 0.14062500 0.82812500 -0.04687500
v 0.14062500 0.95312500 -0.04687500
v 0.17187500 -0.64062500 -0.04687500
v 0.17187500 -0.57812500 -0.04687500
v 0.17187500 -0.51562500 -0.04687500
v 0.17187500 -0.48437500 -0.04687500
v 0.17187500 -0.42187500 -0.04687500
v 0.17187500 -0.04687500 -0.04687500
v 0.17187500 0.01562500 -0.04687500
v 0.20312500 -0.98437500 -0.04687500
v 0.20312500 -0.76562500 -0.04687500
v 0.20312500 -0.54687500 -0.04687500
v 0.20312500 0.51562500 -0.04687500
v 0.23437500 -0.82812500 -0.04687500
v 0.23437500 -0.07812500 -0.04687500
v 0.23437500 -0.04687500 -0.04687500
v 0.23437500 -0.01562500 -0.04687500
v 0.26562500 -0.95312500 -0.04687500
v 0.29687500 -0.98437500 -0.04687500
v -0.29687500 -0.20312500 -0.01562500
v -0.26562500 -0.98437500 -0.01562500
v -0.26562500 -0.95312500 -0.01562500
v -0.26562500 -0.89062500 -0.01562500
v -0.26562500 -0.85937500 -0.01562500
v -0.26562500 -0.82812500 -0.01562500
v -0.26562500 -0.23437500 -0.01562500
v -0.26562500 -0.17187500 -0.01562500
v -0.26562500 -0.14062500 -0.01562500
v -0.26562500 -0.10937500 -0.01562500
v -0.26562500 -0.04687500 -0.01562500
v -0.26562500 -0.01562500 -0.01562500
v -0.23437500 -0.98437500 -0.01562500
v -0.23437500 -0.82812500 -0.01562500
v -0.23437500 -0.23437500 -0.01562500
v -0.23437500 -0.17187500 -0.01562500
v -0.23437500 -0.14062500 -0.01562500
v -0.23437500 -0.10937500 -0.01562500
v -0.23437500 0.04687500 -0.01562500
v -0.20312500 -0.76562500 -0.01562500
v -0.20312500 -0.64062500 -0.01562500
v -0.20312500 -0.51562500 -0.01562500
v -0.20312500 -0.48437500 -0.01562500
v -0.20312500 -0.10937500 -0.01562500
v -0.20312500 0.10937500 -0.01562500
v -0.20312500 0.82812500 -0.01562500
v -0.17187500 -0.57812500 -0.01562500
v -0.17187500 -0.42187500 -0.01562500
v -0.17187500 -0.32812500 -0.01562500
v -0.17187500 -0.26562500 -0.01562500
v -0.17187500 -0.07812500 -0.01562500
v -0.17187500 -0.04687500 -0.01562500
v -0.17187500 0.17187500 -0.01562500
v -0.17187500 0.79687500 -0.01562500
v -0.17187500 0.92187500 -0.01562500
v -0.14062500 -0.98437500 -0.01562500
v -0.14062500 -0.17187500 -0.01562500
v -0.14062500 0.01562500 -0.01562500
v -0.14062500 0.23437500 -0.01562500
v -0.14062500 0.60937500 -0.01562500
v -0.14062500 0.64062500 -0.01562500
v -0.10937500 -0.95312500 -0.01562500
v -0.10937500 -0.89062500 -0.01562500
v -0.10937500 -0.85937500 -0.01562500
v -0.10937500 -0.82812500 -0.01562500
v -0.10937500 -0.76562500 -0.01562500
v -0.10937500 -0.64062500 -0.01562500
v -0.10937500 -0.14062500 -0.01562500
v -0.10937500 -0.10937500 -0.01562500
v -0.10937500 -0.01562500 -0.01562500
v -0.10937500 0.01562500 -0.01562500
v -0.10937500 0.07812500 -0.01562500
v -0.10937500 0.29687500 -0.01562500
v -0.10937500 0.67187500 -0.01562500
v -0.10937500 0.70312500 -0.01562500
v -0.10937500 0.95312500 -0.01562500
v -0.07812500 -0.57812500 -0.01562500
v -0.07812500 -0.51562500 -0.01562500
v -0.07812500 0.29687500 -0.01562500
v -0.07812500 0.42187500 -0.01562500
v -0.07812500 0.95312500 -0.01562500
v -0.04687500 0.29687500 -0.01562500
v -0.04687500 0.39062500 -0.01562500
v 0.01562500 0.39062500 -0.01562500
v 0.01562500 0.95312500 -0.01562500
v 0.04687500 0.39062500 -0.01562500
v 0.07812500 -0.57812500 -0.01562500
v 0.07812500 -0.51562500 -0.01562500
v 0.07812500 0.42187500 -0.01562500
v 0.07812500 0.98437500 -0.01562500
v 0.10937500 -0.98437500 -0.01562500
v 0.10937500 -0.95312500 -0.01562500
v 0.10937500 -0.89062500 -0.01562500
v 0.10937500 -0.85937500 -0.01562500
v 0.10937500 -0.82812500 -0.01562500
v 0.10937500 -0.76562500 -0.01562500
v 0.10937500 -0.64062500 -0.01562500
v 0.10937500 -0.14062500 -0.01562500
v 0.10937500 -0.10937500 -0.01562500
v 0.10937500 -0.01562500 -0.01562500
v 0.10937500 0.01562500 -0.01562500
v 0.10937500 0.26562500 -0.01562500
v 0.10937500 0.51562500 -0.01562500
v 0.10937500 0.67187500 -0.01562500
v 0.10937500 0.70312500 -0.01562500
v 0.10937500 0.79687500 -0.01562500
v 0.14062500 -0.98437500 -0.01562500
v 0.14062500 -0.17187500 -0.01562500
v 0.14062500 0.01562500 -0.01562500
v 0.14062500 0.60937500 -0.01562500
v 0.14062500 0.64062500 -0.01562500
v 0.14062500 0.85937500 -0.01562500
v 0.17187500 -0.57812500 -0.01562500
v 0.17187500 -0.51562500 -0.01562500
v 0.17187500 -0.42187500 -0.01562500
v 0.17187500 -0.32812500 -0.01562500
v 0.17187500 -0.26562500 -0.01562500
v 0.17187500 -0.10937500 -0.01562500
v 0.17187500 -0.04687500 -0.01562500
v 0.17187500 0.17187500 -0.01562500
v 0.17187500 0.89062500 -0.01562500
v 0.17187500 0.92187500 -0.01562500
v 0.17187500 0.95312500 -0.01562500
v 0.20312500 -0.76562500 -0.01562500
v 0.20312500 -0.64062500 -0.01562500
v 0.20312500 -0.51562500 -0.01562500
v 0.20312500 -0.48437500 -0.01562500
v 0.20312500 -0.10937500 -0.01562500
v 0.20312500 0.10937500 -0.01562500
v 0.23437500 -0.98437500 -0.01562500
v 0.23437500 -0.82812500 -0.01562500
v 0.23437500 -0.23437500 -0.01562500
v 0.23437500 -0.17187500 -0.01562500
v 0.23437500 -0.14062500 -0.01562500
v 0.23437500 -0.10937500 -0.01562500
v 0.23437500 0.04687500 -0.01562500
v 0.26562500 -0.98437500 -0.01562500
v 0.26562500 -0.89062500 -0.01562500
v 0.26562500 -0.85937500 -0.01562500
v 0.26562500 -0.82812500 -0.01562500
v 0.26562500 -0.23437500 -0.01562500
v 0.26562500 -0.17187500 -0.01562500
v 0.26562500 -0.14062500 -0.01562500
v 0.26562500 -0.10937500 -0.01562500
v 0.26562500 -0.04687500 -0.01562500
v 0.29687500 -0.20312500 -0.01562500
v 0.29687500 -0.17187500 -0.01562500
v -0.32812500 -0.98437500 0.01562500
v -0.32812500 -0.39062500 0.01562500
v -0.32812500 -0.20312500 0.01562500
v -0.32812500 -0.17187500 0.01562500
v -0.29687500 -0.95312500 0.01562500
v -0.29687500 -0.32812500 0.01562500
v -0.29687500 -0.10937500 0.01562500
v -0.26562500 -0.98437500 0.01562500
v -0.26562500 -0.92187500 0.01562500
v -0.26562500 -0.29687500 0.01562500
v -0.26562500 -0.26562500 0.01562500
v -0.26562500 -0.20312500 0.01562500
v -0.26562500 -0.04687500 0.01562500
v -0.26562500 -0.01562500 0.01562500
v -0.23437500 -0.89062500 0.01562500
v -0.23437500 -0.85937500 0.01562500
v -0.23437500 -0.23437500 0.01562500
v -0.23437500 0.04687500 0.01562500
v -0.20312500 -0.82812500 0.01562500
v -0.20312500 -0.76562500 0.01562500
v -0.20312500 -0.64062500 0.01562500
v -0.20312500 -0.57812500 0.01562500
v -0.20312500 -0.54687500 0.01562500
v -0.20312500 -0.51562500 0.01562500
v -0.20312500 -0.48437500 0.01562500
v -0.20312500 -0.42187500 0.01562500
v -0.20312500 -0.32812500 0.01562500
v -0.20312500 -0.23437500 0.01562500
v -0.20312500 0.10937500 0.01562500
v -0.20312500 0.89062500 0.01562500
v -0.20312500 0.92187500 0.01562500
v -0.17187500 -0.98437500 0.01562500
v -0.17187500 -0.76562500 0.01562500
v -0.17187500 -0.26562500 0.01562500
v -0.17187500 -0.23437500 0.01562500
v -0.17187500 -0.17187500 0.01562500
v -0.17187500 -0.10937500 0.01562500
v -0.17187500 -0.04687500 0.01562500
v -0.17187500 0.17187500 0.01562500
v -0.17187500 0.60937500 0.01562500
v -0.17187500 0.85937500 0.01562500
v -0.14062500 -0.98437500 0.01562500
v -0.14062500 -0.95312500 0.01562500
v -0.14062500 -0.82812500 0.01562500
v -0.14062500 -0.76562500 0.01562500
v -0.14062500 -0.20312500 0.01562500
v -0.14062500 -0.07812500 0.01562500
v -0.14062500 0.23437500 0.01562500
v -0.14062500 0.26562500 0.01562500
v -0.14062500 0.51562500 0.01562500
v -0.14062500 0.57812500 0.01562500
v -0.14062500 0.64062500 0.01562500
v -0.14062500 0.67187500 0.01562500
v -0.14062500 0.82812500 0.01562500
v -0.14062500 0.95312500 0.01562500
v -0.10937500 -0.76562500 0.01562500
v -0.10937500 -0.64062500 0.01562500
v -0.10937500 0.07812500 0.01562500
v -0.10937500 0.26562500 0.01562500
v -0.10937500 0.45312500 0.01562500
v -0.10937500 0.67187500 0.01562500
v -0.10937500 0.70312500 0.01562500
v -0.10937500 0.76562500 0.01562500
v -0.07812500 -0.57812500 0.01562500
v -0.07812500 -0.51562500 0.01562500
v -0.07812500 0.29687500 0.01562500
v -0.07812500 0.42187500 0.01562500
v -0.07812500 0.98437500 0.01562500
v -0.04687500 0.29687500 0.01562500
v -0.04687500 0.95312500 0.01562500
v 0.01562500 -0.48437500 0.01562500
v 0.01562500 0.95312500 0.01562500
v 0.04687500 0.98437500 0.01562500
v 0.07812500 -0.57812500 0.01562500
v 0.07812500 -0.51562500 0.01562500
v 0.07812500 0.29687500 0.01562500
v 0.07812500 0.42187500 0.01562500
v 0.10937500 -0.92187500 0.01562500
v 0.10937500 -0.76562500 0.01562500
v 0.10937500 -0.64062500 0.01562500
v 0.10937500 0.07812500 0.01562500
v 0.10937500 0.45312500 0.01562500
v 0.10937500 0.67187500 0.01562500
v 0.10937500 0.70312500 0.01562500
v 0.10937500 0.76562500 0.01562500
v 0.10937500 0.82812500 0.01562500
v 0.10937500 0.98437500 0.01562500
v 0.14062500 -0.98437500 0.01562500
v 0.14062500 -0.95312500 0.01562500
v 0.14062500 -0.82812500 0.01562500
v 0.14062500 -0.76562500 0.01562500
v 0.14062500 -0.07812500 0.01562500
v 0.14062500 0.01562500 0.01562500
v 0.14062500 0.26562500 0.01562500
v 0.14062500 0.51562500 0.01562500
v 0.14062500 0.57812500 0.01562500
v 0.14062500 0.60937500 0.01562500
v 0.14062500 0.64062500 0.01562500
v 0.14062500 0.67187500 0.01562500
v 0.14062500 0.89062500 0.01562500
v 0.17187500 -0.98437500 0.01562500
v 0.17187500 -0.76562500 0.01562500
v 0.17187500 -0.57812500 0.01562500
v 0.17187500 -0.32812500 0.01562500
v 0.17187500 -0.26562500 0.01562500
v 0.17187500 -0.23437500 0.01562500
v 0.17187500 -0.10937500 0.01562500
v 0.17187500 -0.04687500 0.01562500
v 0.17187500 0.17187500 0.01562500
v 0.20312500 -0.82812500 0.01562500
v 0.20312500 -0.76562500 0.01562500
v 0.20312500 -0.64062500 0.01562500
v 0.20312500 -0.57812500 0.01562500
v 0.20312500 -0.51562500 0.01562500
v 0.20312500 -0.48437500 0.01562500
v 0.20312500 -0.42187500 0.01562500
v 0.23437500 -0.89062500 0.01562500
v 0.23437500 -0.85937500 0.01562500
v 0.23437500 -0.23437500 0.01562500
v 0.26562500 -0.98437500 0.01562500
v 0.26562500 -0.92187500 0.01562500
v 0.26562500 -0.20312500 0.01562500
v 0.26562500 -0.10937500 0.01562500
v 0.26562500 -0.04687500 0.01562500
v 0.29687500 -0.95312500 0.01562500
v 0.29687500 -0.39062500 0.01562500
v 0.29687500 -0.32812500 0.01562500
v 0.29687500 -0.20312500 0.01562500
v 0.32812500 -0.98437500 0.01562500
v 0.32812500 -0.39062500 0.01562500
v 0.32812500 -0.20312500 0.01562500
v -0.32812500 -0.95312500 0.04687500
v -0.32812500 -0.39062500 0.04687500
v -0.32812500 -0.32812500 0.04687500
v -0.32812500 -0.20312500 0.04687500
v -0.32812500 -0.17187500 0.04687500
v -0.29687500 -0.92187500 0.04687500
v -0.29687500 -0.26562500 0.04687500
v -0.26562500 -0.48437500 0.04687500
v -0.26562500 -0.32812500 0.04687500
v -0.26562500 -0.23437500 0.04687500
v -0.26562500 -0.10937500 0.04687500
v -0.26562500 -0.04687500 0.04687500
v -0.23437500 -0.98437500 0.04687500
v -0.23437500 -0.92187500 0.04687500
v -0.23437500 -0.48437500 0.04687500
v -0.23437500 -0.45312500 0.04687500
v -0.23437500 -0.32812500 0.04687500
v -0.23437500 -0.26562500 0.04687500
v -0.23437500 -0.07812500 0.04687500
v -0.23437500 -0.04687500 0.04687500
v -0.23437500 -0.01562500 0.04687500
v -0.20312500 -0.98437500 0.04687500
v -0.20312500 -0.89062500 0.04687500
v -0.20312500 -0.85937500 0.04687500
v -0.20312500 -0.10937500 0.04687500
v -0.20312500 -0.07812500 0.04687500
v -0.20312500 0.04687500 0.04687500
v -0.20312500 0.10937500 0.04687500
v -0.17187500 -0.92187500 0.04687500
v -0.17187500 -0.89062500 0.04687500
v -0.17187500 -0.85937500 0.04687500
v -0.17187500 -0.64062500 0.04687500
v -0.17187500 -0.57812500 0.04687500
v -0.17187500 -0.51562500 0.04687500
v -0.17187500 0.07812500 0.04687500
v -0.17187500 0.17187500 0.04687500
v -0.17187500 0.60937500 0.04687500
v -0.17187500 0.64062500 0.04687500
v -0.17187500 0.92187500 0.04687500
v -0.17187500 0.95312500 0.04687500
v -0.14062500 -0.89062500 0.04687500
v -0.14062500 -0.85937500 0.04687500
v -0.14062500 -0.76562500 0.04687500
v -0.14062500 -0.64062500 0.04687500
v -0.14062500 -0.20312500 0.04687500
v -0.14062500 -0.17187500 0.04687500
v -0.14062500 -0.14062500 0.04687500
v -0.14062500 -0.10937500 0.04687500
v -0.14062500 -0.04687500 0.04687500
v -0.14062500 0.07812500 0.04687500
v -0.14062500 0.14062500 0.04687500
v -0.14062500 0.23437500 0.04687500
v -0.14062500 0.26562500 0.04687500
v -0.14062500 0.54687500 0.04687500
v -0.14062500 0.85937500 0.04687500
v -0.10937500 -0.64062500 0.04687500
v -0.10937500 -0.57812500 0.04687500
v -0.10937500 -0.51562500 0.04687500
v -0.10937500 0.04687500 0.04687500
v -0.10937500 0.07812500 0.04687500
v -0.10937500 0.14062500 0.04687500
v -0.10937500 0.20312500 0.04687500
v -0.10937500 0.23437500 0.04687500
v -0.10937500 0.26562500 0.04687500
v -0.10937500 0.45312500 0.04687500
v -0.10937500 0.48437500 0.04687500
v -0.10937500 0.67187500 0.04687500
v -0.10937500 0.73437500 0.04687500
v -0.10937500 0.76562500 0.04687500
v -0.10937500 0.82812500 0.04687500
v -0.10937500 0.98437500 0.04687500
v -0.07812500 -0.51562500 0.04687500
v -0.07812500 0.17187500 0.04687500
v -0.07812500 0.39062500 0.04687500
v -0.04687500 0.29687500 0.04687500
v -0.04687500 0.98437500 0.04687500
v 0.01562500 0.98437500 0.04687500
v 0.07812500 -0.51562500 0.04687500
v 0.07812500 0.17187500 0.04687500
v 0.07812500 0.39062500 0.04687500
v 0.07812500 0.73437500 0.04687500
v 0.07812500 0.76562500 0.04687500
v 0.07812500 0.82812500 0.04687500
v 0.07812500 0.98437500 0.04687500
v 0.10937500 -0.64062500 0.04687500
v 0.10937500 -0.57812500 0.04687500
v 0.10937500 -0.51562500 0.04687500
v 0.10937500 0.04687500 0.04687500
v 0.10937500 0.14062500 0.04687500
v 0.10937500 0.26562500 0.04687500
v 0.10937500 0.45312500 0.04687500
v 0.10937500 0.48437500 0.04687500
v 0.10937500 0.54687500 0.04687500
v 0.10937500 0.60937500 0.04687500
v 0.10937500 0.64062500 0.04687500
v 0.10937500 0.67187500 0.04687500
v 0.10937500 0.89062500 0.04687500
v 0.14062500 -0.89062500 0.04687500
v 0.14062500 -0.85937500 0.04687500
v 0.14062500 -0.76562500 0.04687500
v 0.14062500 -0.64062500 0.04687500
v 0.14062500 -0.20312500 0.04687500
v 0.14062500 -0.10937500 0.04687500
v 0.14062500 -0.04687500 0.04687500
v 0.14062500 0.07812500 0.04687500
v 0.14062500 0.26562500 0.04687500
v 0.14062500 0.64062500 0.04687500
v 0.14062500 0.92187500 0.04687500
v 0.14062500 0.95312500 0.04687500
v 0.17187500 -0.92187500 0.04687500
v 0.17187500 -0.85937500 0.04687500
v 0.17187500 -0.64062500 0.04687500
v 0.17187500 -0.57812500 0.04687500
v 0.17187500 -0.01562500 0.04687500
v 0.17187500 0.01562500 0.04687500
v 0.17187500 0.07812500 0.04687500
v 0.17187500 0.17187500 0.04687500
v 0.20312500 -0.98437500 0.04687500
v 0.20312500 -0.89062500 0.04687500
v 0.20312500 -0.85937500 0.04687500
v 0.20312500 -0.10937500 0.04687500
v 0.20312500 -0.07812500 0.04687500
v 0.20312500 0.04687500 0.04687500
v 0.23437500 -0.98437500 0.04687500
v 0.23437500 -0.92187500 0.04687500
v 0.23437500 -0.45312500 0.04687500
v 0.23437500 -0.32812500 0.04687500
v 0.23437500 -0.26562500 0.04687500
v 0.23437500 -0.23437500 0.04687500
v 0.23437500 -0.04687500 0.04687500
v 0.23437500 -0.01562500 0.04687500
v 0.23437500 0.04687500 0.04687500
v 0.26562500 -0.23437500 0.04687500
v 0.26562500 -0.10937500 0.04687500
v 0.26562500 -0.04687500 0.04687500
v 0.26562500 -0.01562500 0.04687500
v 0.29687500 -0.98437500 0.04687500
v 0.29687500 -0.92187500 0.04687500
v 0.32812500 -0.98437500 0.04687500
v 0.32812500 -0.95312500 0.04687500
v 0.32812500 -0.39062500 0.04687500
v 0.32812500 -0.32812500 0.04687500
v 0.32812500 -0.20312500 0.04687500
v -0.32812500 -0.17187500 0.07812500
v -0.29687500 -0.32812500 0.07812500
v -0.29687500 -0.26562500 0.07812500
v -0.26562500 -0.98437500 0.07812500
v -0.26562500 -0.92187500 0.07812500
v -0.26562500 -0.51562500 0.07812500
v -0.26562500 -0.17187500 0.07812500
v -0.26562500 -0.14062500 0.07812500
v -0.26562500 -0.10937500 0.07812500
v -0.23437500 -0.26562500 0.07812500
v -0.23437500 -0.23437500 0.07812500
v -0.23437500 -0.14062500 0.07812500
v -0.23437500 -0.10937500 0.07812500
v -0.20312500 -0.92187500 0.07812500
v -0.20312500 -0.48437500 0.07812500
v -0.20312500 -0.42187500 0.07812500
v -0.17187500 -0.95312500 0.07812500
v -0.17187500 -0.57812500 0.07812500
v -0.17187500 -0.51562500 0.07812500
v -0.17187500 -0.32812500 0.07812500
v -0.17187500 -0.26562500 0.07812500
v -0.17187500 0.60937500 0.07812500
v -0.17187500 0.64062500 0.07812500
v -0.17187500 0.89062500 0.07812500
v -0.14062500 -0.57812500 0.07812500
v -0.14062500 -0.51562500 0.07812500
v -0.14062500 -0.23437500 0.07812500
v -0.14062500 -0.17187500 0.07812500
v -0.14062500 -0.14062500 0.07812500
v -0.14062500 0.54687500 0.07812500
v -0.14062500 0.60937500 0.07812500
v -0.14062500 0.67187500 0.07812500
v -0.14062500 0.89062500 0.07812500
v -0.14062500 0.98437500 0.07812500
v -0.10937500 -0.51562500 0.07812500
v -0.10937500 0.10937500 0.07812500
v -0.10937500 0.14062500 0.07812500
v -0.10937500 0.20312500 0.07812500
v -0.10937500 0.23437500 0.07812500
v -0.10937500 0.26562500 0.07812500
v -0.10937500 0.42187500 0.07812500
v -0.10937500 0.48437500 0.07812500
v -0.10937500 0.67187500 0.07812500
v -0.10937500 0.85937500 0.07812500
v -0.07812500 0.26562500 0.07812500
v -0.07812500 0.39062500 0.07812500
v -0.07812500 0.73437500 0.07812500
v -0.07812500 0.76562500 0.07812500
v -0.07812500 0.82812500 0.07812500
v -0.07812500 0.98437500 0.07812500
v -0.04687500 0.26562500 0.07812500
v -0.04687500 0.73437500 0.07812500
v -0.04687500 0.79687500 0.07812500
v -0.04687500 0.82812500 0.07812500
v -0.04687500 0.98437500 0.07812500
v -0.01562500 0.29687500 0.07812500
v 0.01562500 0.29687500 0.07812500
v 0.01562500 0.73437500 0.07812500
v 0.01562500 0.79687500 0.07812500
v 0.01562500 0.82812500 0.07812500
v 0.01562500 0.98437500 0.07812500
v 0.04687500 0.76562500 0.07812500
v 0.04687500 0.82812500 0.07812500
v 0.04687500 0.89062500 0.07812500
v 0.04687500 0.98437500 0.07812500
v 0.07812500 0.26562500 0.07812500
v 0.07812500 0.39062500 0.07812500
v 0.07812500 0.67187500 0.07812500
v 0.07812500 0.73437500 0.07812500
v 0.10937500 -0.51562500 0.07812500
v 0.10937500 0.10937500 0.07812500
v 0.10937500 0.14062500 0.07812500
v 0.10937500 0.20312500 0.07812500
v 0.10937500 0.23437500 0.07812500
v 0.10937500 0.26562500 0.07812500
v 0.10937500 0.42187500 0.07812500
v 0.10937500 0.48437500 0.07812500
v 0.10937500 0.54687500 0.07812500
v 0.10937500 0.60937500 0.07812500
v 0.10937500 0.64062500 0.07812500
v 0.10937500 0.92187500 0.07812500
v 0.10937500 0.95312500 0.07812500
v 0.10937500 0.98437500 0.07812500
v 0.14062500 -0.57812500 0.07812500
v 0.14062500 -0.51562500 0.07812500
v 0.14062500 -0.23437500 0.07812500
v 0.14062500 -0.20312500 0.07812500
v 0.14062500 -0.14062500 0.07812500
v 0.17187500 -0.95312500 0.07812500
v 0.17187500 -0.48437500 0.07812500
v 0.17187500 -0.32812500 0.07812500
v 0.17187500 -0.26562500 0.07812500
v 0.20312500 -0.92187500 0.07812500
v 0.20312500 -0.39062500 0.07812500
v 0.20312500 -0.14062500 0.07812500
v 0.23437500 -0.98437500 0.07812500
v 0.23437500 -0.26562500 0.07812500
v 0.23437500 -0.23437500 0.07812500
v 0.23437500 -0.17187500 0.07812500
v 0.23437500 -0.14062500 0.07812500
v 0.23437500 -0.10937500 0.07812500
v 0.26562500 -0.92187500 0.07812500
v 0.29687500 -0.32812500 0.07812500
v 0.32812500 -0.20312500 0.07812500
v 0.32812500 -0.14062500 0.07812500
v -0.35937500 -0.98437500 0.10937500
v -0.35937500 -0.95312500 0.10937500
v -0.32812500 -0.98437500 0.10937500
v -0.32812500 -0.92187500 0.10937500
v -0.29687500 -0.92187500 0.10937500
v -0.26562500 -0.98437500 0.10937500
v -0.26562500 -0.26562500 0.10937500
v -0.26562500 -0.23437500 0.10937500
v -0.23437500 -0.92187500 0.10937500
v -0.23437500 -0.35937500 0.10937500
v -0.23437500 -0.32812500 0.10937500
v -0.23437500 -0.26562500 0.10937500
v -0.23437500 -0.23437500 0.10937500
v -0.20312500 -0.98437500 0.10937500
v -0.20312500 -0.92187500 0.10937500
v -0.17187500 -0.98437500 0.10937500
v -0.17187500 -0.95312500 0.10937500
v -0.17187500 -0.57812500 0.10937500
v -0.17187500 -0.48437500 0.10937500
v -0.17187500 -0.42187500 0.10937500
v -0.17187500 -0.32812500 0.10937500
v -0.14062500 -0.26562500 0.10937500
v -0.14062500 -0.23437500 0.10937500
v -0.14062500 -0.20312500 0.10937500
v -0.14062500 -0.07812500 0.10937500
v -0.14062500 -0.04687500 0.10937500
v -0.14062500 0.57812500 0.10937500
v -0.14062500 0.92187500 0.10937500
v -0.14062500 0.95312500 0.10937500
v -0.10937500 -0.17187500 0.10937500
v -0.10937500 0.04687500 0.10937500
v -0.10937500 0.45312500 0.10937500
v -0.10937500 0.48437500 0.10937500
v -0.10937500 0.54687500 0.10937500
v -0.10937500 0.60937500 0.10937500
v -0.07812500 0.42187500 0.10937500
v -0.07812500 0.67187500 0.10937500
v -0.07812500 0.70312500 0.10937500
v -0.07812500 0.89062500 0.10937500
v -0.07812500 0.92187500 0.10937500
v -0.07812500 0.95312500 0.10937500
v -0.07812500 0.98437500 0.10937500
v -0.04687500 0.39062500 0.10937500
v -0.04687500 0.70312500 0.10937500
v -0.04687500 0.89062500 0.10937500
v -0.04687500 0.92187500 0.10937500
v -0.04687500 0.95312500 0.10937500
v -0.04687500 0.98437500 0.10937500
v -0.01562500 0.35937500 0.10937500
v -0.01562500 0.39062500 0.10937500
v -0.01562500 0.42187500 0.10937500
v -0.01562500 0.64062500 0.10937500
v -0.01562500 0.70312500 0.10937500
v 0.01562500 0.26562500 0.10937500
v 0.01562500 0.35937500 0.10937500
v 0.01562500 0.39062500 0.10937500
v 0.01562500 0.42187500 0.10937500
v 0.01562500 0.89062500 0.10937500
v 0.01562500 0.92187500 0.10937500
v 0.01562500 0.95312500 0.10937500
v 0.04687500 0.39062500 0.10937500
v 0.04687500 0.67187500 0.10937500
v 0.07812500 0.42187500 0.10937500
v 0.07812500 0.45312500 0.10937500
v 0.07812500 0.48437500 0.10937500
v 0.07812500 0.57812500 0.10937500
v 0.07812500 0.64062500 0.10937500
v 0.10937500 -0.20312500 0.10937500
v 0.10937500 -0.17187500 0.10937500
v 0.10937500 -0.14062500 0.10937500
v 0.10937500 -0.10937500 0.10937500
v 0.10937500 0.54687500 0.10937500
v 0.14062500 -0.26562500 0.10937500
v 0.14062500 -0.23437500 0.10937500
v 0.14062500 -0.10937500 0.10937500
v 0.14062500 -0.07812500 0.10937500
v 0.17187500 -0.98437500 0.10937500
v 0.17187500 -0.95312500 0.10937500
v 0.17187500 -0.57812500 0.10937500
v 0.17187500 -0.51562500 0.10937500
v 0.17187500 -0.32812500 0.10937500
v 0.20312500 -0.98437500 0.10937500
v 0.20312500 -0.92187500 0.10937500
v 0.20312500 -0.57812500 0.10937500
v 0.23437500 -0.92187500 0.10937500
v 0.23437500 -0.32812500 0.10937500
v 0.23437500 -0.26562500 0.10937500
v 0.23437500 -0.23437500 0.10937500
v 0.23437500 -0.20312500 0.10937500
v 0.26562500 -0.98437500 0.10937500
v 0.29687500 -0.92187500 0.10937500
v 0.32812500 -0.98437500 0.10937500
v 0.32812500 -0.92187500 0.10937500
v 0.32812500 -0.20312500 0.10937500
v 0.35937500 -0.98437500 0.10937500
v 0.35937500 -0.95312500 0.10937500
v -0.35937500 -0.98437500 0.14062500
v -0.35937500 -0.95312500 0.14062500
v -0.32812500 -0.98437500 0.14062500
v -0.32812500 -0.92187500 0.14062500
v -0.29687500 -0.89062500 0.14062500
v -0.29687500 -0.35937500 0.14062500
v -0.26562500 -0.89062500 0.14062500
v -0.26562500 -0.32812500 0.14062500
v -0.23437500 -0.98437500 0.14062500
v -0.23437500 -0.29687500 0.14062500
v -0.20312500 -0.92187500 0.14062500
v -0.17187500 -0.98437500 0.14062500
v -0.17187500 -0.51562500 0.14062500
v -0.17187500 -0.48437500 0.14062500
v -0.14062500 -0.32812500 0.14062500
v -0.14062500 0.64062500 0.14062500
v -0.14062500 0.67187500 0.14062500
v -0.10937500 -0.32812500 0.14062500
v -0.10937500 -0.26562500 0.14062500
v -0.10937500 0.70312500 0.14062500
v -0.07812500 -0.23437500 0.14062500
v -0.07812500 -0.20312500 0.14062500
v -0.07812500 -0.17187500 0.14062500
v -0.07812500 -0.14062500 0.14062500
v -0.07812500 0.45312500 0.14062500
v -0.07812500 0.48437500 0.14062500
v -0.07812500 0.54687500 0.14062500
v -0.07812500 0.57812500 0.14062500
v -0.07812500 0.60937500 0.14062500
v -0.07812500 0.73437500 0.14062500
v -0.04687500 -0.48437500 0.14062500
v -0.04687500 -0.32812500 0.14062500
v -0.04687500 -0.26562500 0.14062500
v -0.04687500 -0.23437500 0.14062500
v -0.04687500 0.04687500 0.14062500
v -0.04687500 0.14062500 0.14062500
v -0.04687500 0.20312500 0.14062500
v -0.04687500 0.23437500 0.14062500
v -0.04687500 0.45312500 0.14062500
v -0.04687500 0.48437500 0.14062500
v -0.04687500 0.51562500 0.14062500
v -0.01562500 0.42187500 0.14062500
v -0.01562500 0.54687500 0.14062500
v -0.01562500 0.57812500 0.14062500
v 0.01562500 0.04687500 0.14062500
v 0.01562500 0.10937500 0.14062500
v 0.01562500 0.14062500 0.14062500
v 0.01562500 0.20312500 0.14062500
v 0.01562500 0.23437500 0.14062500
v 0.01562500 0.42187500 0.14062500
v 0.01562500 0.54687500 0.14062500
v 0.01562500 0.57812500 0.14062500
v 0.01562500 0.60937500 0.14062500
v 0.01562500 0.64062500 0.14062500
v 0.01562500 0.67187500 0.14062500
v 0.04687500 -0.48437500 0.14062500
v 0.04687500 -0.32812500 0.14062500
v 0.04687500 -0.23437500 0.14062500
v 0.04687500 0.10937500 0.14062500
v 0.04687500 0.14062500 0.14062500
v 0.04687500 0.23437500 0.14062500
v 0.04687500 0.45312500 0.14062500
v 0.04687500 0.60937500 0.14062500
v 0.04687500 0.64062500 0.14062500
v 0.07812500 -0.32812500 0.14062500
v 0.07812500 -0.26562500 0.14062500
v 0.07812500 -0.20312500 0.14062500
v 0.07812500 -0.10937500 0.14062500
v 0.07812500 0.14062500 0.14062500
v 0.07812500 0.20312500 0.14062500
v 0.07812500 0.23437500 0.14062500
v 0.07812500 0.26562500 0.14062500
v 0.07812500 0.45312500 0.14062500
v 0.07812500 0.48437500 0.14062500
v 0.07812500 0.54687500 0.14062500
v 0.07812500 0.57812500 0.14062500
v 0.07812500 0.60937500 0.14062500
v 0.07812500 0.73437500 0.14062500
v 0.10937500 -0.51562500 0.14062500
v 0.10937500 -0.48437500 0.14062500
v 0.10937500 -0.42187500 0.14062500
v 0.10937500 -0.26562500 0.14062500
v 0.10937500 -0.23437500 0.14062500
v 0.14062500 -0.57812500 0.14062500
v 0.14062500 -0.48437500 0.14062500
v 0.14062500 -0.42187500 0.14062500
v 0.14062500 -0.32812500 0.14062500
v 0.17187500 -0.98437500 0.14062500
v 0.17187500 -0.57812500 0.14062500
v 0.17187500 -0.51562500 0.14062500
v 0.17187500 -0.35937500 0.14062500
v 0.20312500 -0.92187500 0.14062500
v 0.23437500 -0.98437500 0.14062500
v 0.23437500 -0.39062500 0.14062500
v 0.23437500 -0.29687500 0.14062500
v 0.26562500 -0.89062500 0.14062500
v 0.26562500 -0.42187500 0.14062500
v 0.26562500 -0.32812500 0.14062500
v 0.29687500 -0.89062500 0.14062500
v 0.29687500 -0.35937500 0.14062500
v 0.32812500 -0.98437500 0.14062500
v 0.32812500 -0.92187500 0.14062500
v 0.35937500 -0.98437500 0.14062500
v 0.35937500 -0.95312500 0.14062500
v -0.32812500 -0.92187500 0.17187500
v -0.29687500 -0.98437500 0.17187500
v -0.26562500 -0.89062500 0.17187500
v -0.23437500 -0.92187500 0.17187500
v -0.20312500 -0.98437500 0.17187500
v -0.20312500 -0.95312500 0.17187500
v -0.14062500 -0.57812500 0.17187500
v -0.14062500 -0.51562500 0.17187500
v -0.14062500 0.70312500 0.17187500
v -0.10937500 -0.48437500 0.17187500
v -0.10937500 -0.42187500 0.17187500
v -0.10937500 -0.10937500 0.17187500
v -0.10937500 -0.07812500 0.17187500
v -0.10937500 -0.04687500 0.17187500
v -0.10937500 0.01562500 0.17187500
v -0.10937500 0.10937500 0.17187500
v -0.10937500 0.73437500 0.17187500
v -0.07812500 -0.51562500 0.17187500
v -0.07812500 0.10937500 0.17187500
v -0.07812500 0.76562500 0.17187500
v -0.04687500 -0.48437500 0.17187500
v -0.04687500 -0.42187500 0.17187500
v -0.04687500 -0.10937500 0.17187500
v -0.04687500 0.48437500 0.17187500
v -0.04687500 0.76562500 0.17187500
v -0.01562500 0.42187500 0.17187500
v -0.01562500 0.51562500 0.17187500
v 0.01562500 -0.42187500 0.17187500
v 0.01562500 -0.32812500 0.17187500
v 0.01562500 -0.26562500 0.17187500
v 0.01562500 -0.14062500 0.17187500
v 0.01562500 -0.10937500 0.17187500
v 0.01562500 0.42187500 0.17187500
v 0.04687500 -0.48437500 0.17187500
v 0.04687500 -0.42187500 0.17187500
v 0.04687500 -0.10937500 0.17187500
v 0.07812500 -0.51562500 0.17187500
v 0.07812500 -0.48437500 0.17187500
v 0.07812500 -0.42187500 0.17187500
v 0.07812500 0.10937500 0.17187500
v 0.10937500 -0.10937500 0.17187500
v 0.10937500 0.01562500 0.17187500
v 0.14062500 -0.57812500 0.17187500
v 0.14062500 -0.51562500 0.17187500
v 0.20312500 -0.98437500 0.17187500
v 0.20312500 -0.95312500 0.17187500
v 0.23437500 -0.92187500 0.17187500
v 0.26562500 -0.89062500 0.17187500
v 0.29687500 -0.98437500 0.17187500
v 0.32812500 -0.92187500 0.17187500
v -0.32812500 -0.98437500 0.20312500
v -0.32812500 -0.95312500 0.20312500
v -0.29687500 -0.92187500 0.20312500
v -0.26562500 -0.98437500 0.20312500
v -0.26562500 -0.95312500 0.20312500
v -0.26562500 -0.92187500 0.20312500
v -0.23437500 -0.98437500 0.20312500
v -0.23437500 -0.95312500 0.20312500
v -0.20312500 -0.39062500 0.20312500
v -0.20312500 -0.35937500 0.20312500
v -0.10937500 0.70312500 0.20312500
v -0.07812500 -0.20312500 0.20312500
v -0.07812500 -0.07812500 0.20312500
v -0.07812500 -0.04687500 0.20312500
v -0.07812500 0.70312500 0.20312500
v -0.07812500 0.73437500 0.20312500
v -0.04687500 -0.57812500 0.20312500
v -0.04687500 -0.20312500 0.20312500
v -0.04687500 -0.10937500 0.20312500
v -0.04687500 -0.07812500 0.20312500
v -0.04687500 -0.04687500 0.20312500
v -0.04687500 0.48437500 0.20312500
v -0.01562500 0.42187500 0.20312500
v -0.01562500 0.51562500 0.20312500
v -0.01562500 0.70312500 0.20312500
v 0.01562500 -0.10937500 0.20312500
v 0.01562500 -0.07812500 0.20312500
v 0.01562500 -0.04687500 0.20312500
v 0.01562500 0.42187500 0.20312500
v 0.01562500 0.51562500 0.20312500
v 0.01562500 0.70312500 0.20312500
v 0.01562500 0.73437500 0.20312500
v 0.04687500 -0.10937500 0.20312500
v 0.04687500 -0.04687500 0.20312500
v 0.07812500 -0.04687500 0.20312500
v 0.17187500 -0.39062500 0.20312500
v 0.23437500 -0.98437500 0.20312500
v 0.23437500 -0.95312500 0.20312500
v 0.26562500 -0.98437500 0.20312500
v 0.26562500 -0.95312500 0.20312500
v 0.26562500 -0.92187500 0.20312500
v 0.29687500 -0.92187500 0.20312500
v 0.32812500 -0.98437500 0.20312500
v 0.32812500 -0.95312500 0.20312500
v -0.29687500 -0.98437500 0.23437500
v -0.07812500 -0.23437500 0.23437500
v -0.07812500 -0.20312500 0.23437500
v -0.07812500 -0.17187500 0.23437500
v -0.01562500 0.45312500 0.23437500
v -0.01562500 0.48437500 0.23437500
v -0.01562500 0.51562500 0.23437500
v 0.01562500 -0.26562500 0.23437500
v 0.01562500 0.45312500 0.23437500
v 0.01562500 0.48437500 0.23437500
v 0.01562500 0.51562500 0.23437500
v 0.04687500 -0.26562500 0.23437500
v 0.29687500 -0.98437500 0.23437500
f 240 12 238
f 240 239 12
f 234 13 16
f 13 14 16
f 234 14 16
f 234 13 14
f 15 235 16
f 235 13 16
f 219 236 20
f 23 216 22
f 229 28 27
f 28 207 27
f 201 29 203
f 201 30 31
f 201 204 30
f 33 220 193
f 220 43 193
f 37 182 183
f 201 181 31
f 181 38 31
f 201 30 181
f 178 39 57
f 59 1 42
f 42 175 40
f 42 1 41
f 58 177 59
f 176 177 198
f 176 160 1
f 42 41 175
f 176 59 177
f 1 59 176
f 160 41 1
f 42 175 43
f 42 41 175
f 43 42 46
f 42 173 46
f 173 44 46
f 175 173 44
f 175 43 173
f 45 42 46
f 42 44 46
f 41 33 3
f 221 245 2
f 42 59 1
f 42 1 175
f 3 33 221
f 41 3 227
f 4 41 43
f 43 42 42
f 42 173 42
f 58 174 58
f 175 1 176
f 59 5 1
f 157 42 46
f 62 60 141
f 62 60 62
f 226 227 2
f 157 46 62
f 56 41 227
f 2 227 3
f 174 58 158
f 245 222 2
f 41 40 43
f 193 33 43
f 4 33 41
f 173 46 42
f 6 1 5
f 227 1431 56
f 221 2 3
f 42 175 43
f 43 33 4
f 177 198 176
f 59 177 6
f 6 5 59
f 177 176 6
f 59 58 177
f 62 61 60
f 62 157 62
f 40 42 43
f 58 59 58
f 176 1 6
f 222 226 2
f 157 46 62
f 157 61 46
f 259 7 47
f 7 1189 1069
f 1069 1192 7
f 47 190 259
f 259 1189 7
f 1192 47 7
f 1069 1070 1192
f 55 49 54
f 49 51 54
f 52 55 53
f 49 51 168
f 52 49 168
f 52 168 52
f 53 52 52
f 257 181 50
f 8 166 50
f 51 55 55
f 51 54 55
f 48 166 54
f 50 180 257
f 181 8 50
f 54 166 8
f 54 8 168
f 269 54 54
f 50 54 168
f 54 55 54
f 55 1002 55
f 55 167 1002
f 54 54 168
f 38 168 8
f 269 54 989
f 168 168 54
f 54 168 50
f 168 54 54
f 54 168 168
f 38 8 181
f 52 55 53
f 175 160 41
f 175 42 160
f 175 40 42
f 59 176 42
f 59 58 198
f 58 177 198
f 59 198 176
f 40 42 160
f 42 176 160
f 174 58 158
f 142 59 58
f 142 66 59
f 157 61 62
f 46 61 42
f 46 62 61
f 61 42 157
f 42 46 157
f 157 61 62
f 61 60 62
f 141 62 266
f 266 60 141
f 157 60 62
f 60 141 62
f 145 65 271
f 272 67 139
f 76 271 65
f 272 76 65
f 272 65 67
f 1417 192 1416
f 1412 1417 1416
f 45 1319 1421
f 1422 1224 1417
f 192 1224 173
f 192 1417 1224
f 45 971 970
f 1421 192 45
f 45 192 173
f 45 173 971
f 156 126 68
f 72 155 73
f 70 70 69
f 72 79 70
f 70 79 70
f 78 137 70
f 73 155 73
f 70 155 72
f 79 78 70
f 72 155 73
f 72 73 73
f 72 71 155
f 71 70 69
f 70 72 79
f 71 72 70
f 69 71 70
f 70 79 78
f 80 70 72
f 80 117 70
f 79 73 72
f 79 78 73
f 79 118 78
f 78 70 73
f 74 134 132
f 81 746 131
f 81 131 74
f 114 81 131
f 863 131 738
f 114 131 131
f 131 74 74
f 81 131 131
f 132 74 74
f 131 81 738
f 738 739 863
f 864 270 75
f 864 617 857
f 864 857 270
f 139 77 126
f 68 156 139
f 125 77 139
f 156 125 139
f 79 80 70
f 80 117 70
f 72 70 155
f 72 79 70
f 155 73 72
f 152 262 169
f 169 262 134
f 134 74 133
f 81 74 737
f 133 169 134
f 169 133 1137
f 132 74 134
f 133 74 81
f 82 112 92
f 92 82 83
f 82 82 84
f 82 84 104
f 111 104 83
f 105 106 83
f 104 105 83
f 104 82 84
f 112 82 104
f 105 124 83
f 83 82 82
f 104 82 84
f 83 106 92
f 104 111 92
f 113 480 709
f 104 105 82
f 82 105 83
f 124 278 113
f 104 92 82
f 124 105 278
f 113 278 480
f 85 119 110
f 119 811 110
f 103 108 108
f 86 94 87
f 108 107 108
f 103 673 108
f 103 547 673
f 87 108 107
f 107 86 107
f 86 87 107
f 90 107 88
f 90 107 107
f 87 108 94
f 86 94 107
f 94 108 107
f 107 86 87
f 86 94 87
f 87 108 107
f 107 90 99
f 107 88 90
f 88 99 95
f 89 108 89
f 103 89 108
f 95 99 107
f 107 87 95
f 88 95 109
f 109 95 276
f 87 107 89
f 107 89 89
f 107 91 89
f 95 109 88
f 89 107 91
f 88 107 95
f 95 276 109
f 89 95 107
f 88 99 107
f 637 500 653
f 98 506 500
f 506 653 500
f 638 500 637
f 115 101 100
f 115 275 101
f 274 95 102
f 95 109 102
f 95 276 109
f 87 107 91
f 87 108 107
f 91 89 87
f 88 90 86
f 90 107 86
f 129 128 269
f 128 127 269
f 181 180 166
f 180 48 166
f 166 50 181
f 74 9 10
f 81 133 9
f 10 134 132
f 131 10 9
f 134 10 151
f 10 131 151
f 133 131 9
f 10 132 74
f 74 81 9
f 71 70 155
f 155 72 71
f 268 155 71
f 155 72 71
f 67 264 65
f 67 159 264
f 153 154 135
f 135 136 153
f 45 42 46
f 42 173 46
f 50 55 166
f 50 54 55
f 166 50 48
f 50 54 48
f 168 52 54
f 51 52 49
f 51 54 52
f 167 150 170
f 150 260 170
f 150 149 260
f 1260 1448 171
f 1448 228 171
f 261 171 63
f 261 1260 171
f 173 44 192
f 44 45 192
f 44 46 43
f 42 173 44
f 43 42 44
f 46 43 44
f 43 42 44
f 160 41 176
f 41 40 176
f 40 41 175
f 40 176 160
f 40 160 41
f 160 41 40
f 40 176 160
f 57 178 39
f 183 37 182
f 255 208 1347
f 255 185 208
f 187 254 186
f 254 208 186
f 215 24 190
f 24 191 190
f 43 33 220
f 43 193 33
f 200 250 199
f 250 202 199
f 203 201 29
f 214 1455 1460
f 1455 12 1460
f 252 212 35
f 34 191 190
f 18 233 232
f 233 219 232
f 223 222 224
f 197 32 196
f 224 223 225
f 201 31 201
f 203 201 201
f 203 201 204
f 201 30 31
f 28 207 229
f 207 27 229
f 233 219 18
f 219 232 18
f 13 14 235
f 14 15 235
f 235 14 16
f 14 13 16
f 23 216 22
f 13 16 235
f 13 14 16
f 251 248 214
f 248 249 214
f 43 33 220
f 43 194 195
f 43 195 33
f 1162 186 1173
f 1272 1173 186
f 1272 186 254
f 254 36 1272
f 130 166 148
f 130 48 166
f 79 72 116
f 79 117 72
f 808 963 705
f 707 948 1091
f 963 808 964
f 963 964 827
f 963 827 77
f 948 964 808
f 948 808 1090
f 948 1090 1091
f 949 1092 937
f 949 1102 1092
f 1139 1006 1143
f 1006 1013 1143
f 210 1454 1451
f 210 211 1454
f 1370 11 1507
f 1507 11 1534
f 1508 11 1370
f 11 1508 1534
f 1535 1539 1536
f 1539 1540 1536
f 1538 1539 1535
f 1535 1534 1538
f 1528 1542 1529
f 1527 1529 1542
f 1525 1527 1542
f 1526 1527 1525
f 1542 1524 1525
f 1525 1523 1526
f 1524 1522 1525
f 1523 1525 1522
f 1539 1538 247
f 97 1519 1520
f 1519 97 1518
f 235 15 13
f 1515 1540 1539
f 247 1515 1539
f 1514 1538 1534
f 1538 1514 247
f 1512 1519 1518
f 1513 1519 1512
f 1518 1511 1512
f 13 235 14
f 235 15 14
f 1537 1541 241
f 14 13 241
f 1516 1517 240
f 240 1510 1516
f 1536 1540 1509
f 1515 1509 1540
f 1534 1508 1514
f 12 240 239
f 240 238 239
f 1510 240 238
f 12 239 238
f 240 12 238
f 1535 1536 1507
f 1507 1534 1535
f 1509 1507 1536
f 1512 1506 1513
f 1511 1505 1512
f 1506 1512 1505
f 1505 1511 1504
f 1533 1532 243
f 1532 1531 1503
f 1503 243 1532
f 238 12 1501
f 1501 1500 238
f 1505 1499 1506
f 1504 1498 1505
f 1499 1505 1498
f 1532 1533 1497
f 1497 1531 1532
f 1500 1501 1496
f 1492 1490 1493
f 1490 1530 1491
f 1489 1530 1490
f 1490 1492 1489
f 1488 1491 1530
f 1530 1487 1488
f 1487 1530 1486
f 1527 1485 1529
f 1542 1528 1484
f 1524 1542 1484
f 1526 1483 1527
f 1485 1527 1483
f 1523 1482 1526
f 1483 1526 1482
f 1482 1523 1481
f 1522 1524 1480
f 1522 1480 1523
f 1481 1523 1480
f 225 1521 224
f 225 223 1521
f 245 225 223
f 224 1521 223
f 224 225 223
f 97 1520 282
f 97 281 282
f 1518 97 1476
f 281 1476 97
f 1519 237 1520
f 237 282 1520
f 237 1475 1477
f 1473 1479 1472
f 1478 236 1479
f 1472 1479 236
f 1513 283 1519
f 237 1519 283
f 235 21 15
f 1473 1470 1474
f 1472 1469 1473
f 1470 1473 1469
f 1469 1472 233
f 242 219 19
f 236 219 19
f 236 219 1472
f 233 1472 219
f 240 1517 24
f 240 24 239
f 247 22 1515
f 22 247 23
f 1508 1468 1514
f 283 1513 284
f 1511 1518 1467
f 1504 1511 1467
f 1471 1467 1518
f 1466 1471 21
f 1467 1471 1466
f 21 25 1466
f 13 15 16
f 13 235 16
f 235 15 16
f 14 13 16
f 14 235 16
f 21 16 15
f 21 235 16
f 25 21 16
f 14 13 234
f 241 13 234
f 241 234 14
f 16 13 234
f 16 14 234
f 1463 1470 1469
f 1470 1463 1464
f 1469 26 1463
f 233 18 1469
f 18 219 233
f 26 1469 18
f 242 19 232
f 1502 232 242
f 219 232 19
f 219 242 232
f 219 233 232
f 18 232 233
f 219 18 232
f 238 213 1510
f 1509 1515 1462
f 22 1462 1515
f 1468 1508 1461
f 12 239 1460
f 24 1460 239
f 1507 1509 1459
f 1506 231 1513
f 1499 231 1506
f 284 1513 231
f 1467 1458 1504
f 1466 1458 1467
f 25 230 1466
f 1458 1466 230
f 1533 243 17
f 1503 17 243
f 1497 1533 17
f 16 25 17
f 230 243 17
f 230 25 17
f 1531 244 1503
f 1531 1497 244
f 17 1503 244
f 17 244 1497
f 17 16 244
f 1463 1457 1464
f 26 1456 1463
f 1457 1463 1456
f 18 26 27
f 1456 26 27
f 232 1502 229
f 232 229 18
f 27 18 229
f 1501 12 1455
f 27 1453 1456
f 229 1502 28
f 229 27 28
f 1453 27 28
f 1496 1501 1452
f 1455 1452 1501
f 231 1499 1450
f 1498 1449 1499
f 1450 1499 1449
f 1449 1498 1448
f 1498 1504 1447
f 1458 1447 1504
f 1448 1498 1447
f 1456 1446 1457
f 1445 1456 1453
f 1446 1456 1445
f 1452 1444 1496
f 1447 228 1448
f 28 1443 1453
f 1453 1443 1445
f 1443 28 1442
f 1445 205 1446
f 1494 203 1495
f 205 203 29
f 1494 1495 204
f 203 204 1495
f 203 1494 204
f 1492 1493 1440
f 1489 1492 1440
f 1441 1440 1493
f 204 30 203
f 1490 1439 1493
f 1490 1491 1439
f 1439 1441 1493
f 1488 1438 1491
f 1439 1491 1438
f 1530 1489 1437
f 1486 1530 1437
f 1487 1436 1488
f 1485 1435 1529
f 1528 1529 1434
f 1435 1434 1529
f 1433 1435 1485
f 1432 1484 1528
f 1434 1432 1528
f 1430 1485 1483
f 1433 1485 1430
f 1431 226 1429
f 226 1431 227
f 1427 1483 1482
f 1483 1427 1430
f 225 224 32
f 225 245 222
f 225 222 224
f 225 222 223
f 245 223 222
f 224 222 223
f 226 222 1429
f 222 225 32
f 222 32 224
f 32 1429 222
f 227 226 1425
f 1425 222 245
f 222 1425 226
f 1428 227 221
f 245 221 1425
f 1425 221 227
f 193 1428 33
f 221 33 1428
f 33 193 220
f 1484 1424 1524
f 1424 1480 1524
f 33 194 221
f 194 220 33
f 1423 1482 1481
f 1482 1423 1427
f 1479 1421 1478
f 1420 1478 1421
f 1480 1419 1481
f 1422 1417 1418
f 1479 1473 1416
f 1474 1416 1473
f 1421 1479 1416
f 1478 1420 1415
f 1417 1412 1418
f 1412 1416 1474
f 233 219 1410
f 1410 1411 233
f 20 236 19
f 20 236 1478
f 20 19 219
f 236 20 219
f 1415 20 1478
f 20 1410 219
f 1410 20 1415
f 1404 1405 23
f 1476 1399 1518
f 1399 1471 1518
f 1471 217 21
f 21 217 25
f 217 1471 1399
f 218 217 21
f 218 25 217
f 1398 25 218
f 234 1397 1465
f 1413 1418 1396
f 1412 1474 1396
f 1396 1418 1412
f 1397 1413 1396
f 191 1409 190
f 1407 1408 1394
f 1395 1394 1408
f 22 216 23
f 216 23 1405
f 1405 1406 216
f 1514 246 247
f 23 247 246
f 22 247 246
f 23 22 246
f 246 1514 1468
f 23 246 216
f 22 216 246
f 23 1393 1404
f 246 1393 23
f 1393 246 1468
f 1403 1392 1402
f 1401 1391 1400
f 1400 1390 1475
f 1390 1400 1391
f 16 25 1389
f 1389 234 16
f 1413 1389 1414
f 25 1398 1389
f 1414 1389 1398
f 1389 1397 234
f 1397 1389 1413
f 1388 1474 1470
f 1464 1388 1470
f 1388 1464 1465
f 1465 1397 1388
f 1474 1388 1396
f 1396 1388 1397
f 233 1387 18
f 26 18 1387
f 1387 233 1411
f 1516 215 1517
f 24 1517 215
f 191 24 215
f 215 1516 190
f 215 190 191
f 1510 1386 1516
f 1386 1510 213
f 190 1516 1386
f 1385 1394 1395
f 1394 1385 1384
f 1406 1407 1383
f 1394 1383 1407
f 1383 216 1406
f 1384 1383 1394
f 216 1382 22
f 1382 216 1383
f 1381 1468 1461
f 1468 1381 1393
f 1402 1379 1401
f 1379 1402 1392
f 1391 1401 1379
f 1379 1392 1380
f 1379 1378 1391
f 1391 1377 1390
f 1377 1391 1378
f 1376 284 283
f 1376 1475 1390
f 1376 1390 1377
f 249 1460 24
f 215 249 24
f 249 215 248
f 213 212 1386
f 1384 1385 212
f 1383 1384 35
f 212 35 1384
f 1382 1383 1375
f 35 1375 1383
f 1374 1462 22
f 22 1382 1374
f 1375 1374 1382
f 1461 1373 1381
f 1460 249 214
f 214 249 248
f 248 251 249
f 214 249 251
f 248 251 214
f 213 238 36
f 212 213 36
f 35 212 252
f 252 1375 35
f 36 252 212
f 1462 1372 1509
f 1372 1459 1509
f 1462 1374 1372
f 1374 1375 1372
f 1459 1372 1371
f 1370 1461 1508
f 1459 1370 1507
f 1461 1370 1373
f 1371 1370 1459
f 1380 1369 1379
f 1379 1368 1378
f 1368 1379 1369
f 1378 1367 1377
f 1367 1378 1368
f 1454 211 1451
f 1451 211 210
f 1377 211 1376
f 211 1377 1367
f 231 284 1366
f 1376 1366 284
f 211 210 1366
f 1366 1376 211
f 16 209 25
f 17 25 209
f 17 16 209
f 234 1365 16
f 209 16 1365
f 1465 1364 234
f 1365 234 1364
f 1464 1363 1465
f 1363 1464 1457
f 1364 1465 1363
f 18 1362 26
f 1362 27 26
f 1362 18 27
f 1361 1452 1455
f 1455 214 1361
f 251 1361 214
f 1500 254 238
f 36 238 254
f 252 36 254
f 1375 252 1360
f 254 1360 252
f 1372 1375 1359
f 1360 1359 1375
f 1359 1358 1372
f 1371 1372 1357
f 1358 1357 1372
f 1370 1371 1356
f 1357 1356 1371
f 1369 287 1368
f 287 1369 288
f 1368 286 1367
f 286 1368 287
f 210 211 285
f 1367 285 211
f 285 1367 286
f 17 1355 230
f 1355 17 1354
f 209 1353 17
f 1365 1353 209
f 1354 17 1353
f 1364 1352 1365
f 1353 1365 1352
f 1351 1444 1452
f 1452 1361 1351
f 1496 187 1500
f 187 1496 1444
f 187 254 1500
f 208 1360 254
f 254 187 208
f 1360 208 185
f 230 171 1458
f 1447 1458 171
f 171 228 1447
f 171 230 1355
f 1363 1350 1364
f 1352 1364 1350
f 1349 1457 1446
f 1457 1349 1363
f 1350 1363 1349
f 206 28 27
f 229 27 207
f 28 27 207
f 28 229 207
f 207 1442 28
f 206 27 207
f 28 206 207
f 1444 1351 1348
f 1444 1348 187
f 185 1347 208
f 1346 1446 205
f 1446 1346 1349
f 1442 207 256
f 207 256 206
f 1345 1445 1443
f 205 1445 1345
f 1344 1443 1442
f 1443 1344 1345
f 1442 260 1344
f 1441 1343 1440
f 1439 1342 1441
f 182 203 29
f 205 29 201
f 203 29 201
f 203 205 201
f 201 203 204
f 201 203 30
f 204 201 30
f 182 29 201
f 203 182 201
f 30 204 31
f 204 201 31
f 30 201 31
f 250 31 202
f 202 250 200
f 1440 1340 1489
f 1340 1437 1489
f 201 182 1339
f 30 201 257
f 1339 257 201
f 31 30 181
f 257 181 30
f 31 38 30
f 250 38 31
f 202 38 250
f 202 31 38
f 181 30 38
f 181 31 38
f 200 199 202
f 1438 1338 1439
f 1439 1338 1342
f 257 1339 1337
f 1337 181 257
f 1438 1488 1336
f 1336 1488 1436
f 1338 1438 1336
f 1436 1335 1336
f 1437 1334 1486
f 1436 1487 1333
f 1335 1436 1333
f 1486 1332 1487
f 1334 1332 1486
f 1333 1487 1332
f 1435 1433 1331
f 1434 1435 1330
f 1331 1330 1435
f 1328 1331 1433
f 1432 1434 1327
f 1330 1327 1434
f 1430 1326 1433
f 1427 1326 1430
f 1328 1433 1326
f 32 196 1429
f 32 1426 196
f 227 198 226
f 222 226 198
f 1428 176 227
f 198 227 176
f 176 41 56
f 193 175 1428
f 176 1428 175
f 41 176 175
f 1484 1432 1325
f 1424 1484 1325
f 1327 1325 1432
f 196 1322 178
f 1323 178 1322
f 32 197 1426
f 196 1426 197
f 196 32 197
f 1322 196 197
f 222 1321 32
f 198 1321 222
f 197 32 1321
f 33 221 195
f 194 195 221
f 194 33 195
f 33 193 43
f 220 193 43
f 220 33 43
f 194 33 43
f 220 194 43
f 175 193 43
f 175 41 43
f 195 43 33
f 195 194 43
f 43 175 44
f 1423 1320 1427
f 1326 1427 1320
f 1420 1421 1319
f 1320 1423 1318
f 1480 1424 1317
f 1325 1317 1424
f 1422 1418 1316
f 1421 1416 192
f 1410 1415 1315
f 1410 1315 1411
f 1415 1420 1314
f 1319 1314 1420
f 1481 1313 1423
f 1419 1313 1481
f 1318 1423 1313
f 1419 1480 1312
f 1317 1312 1480
f 280 282 281
f 1476 281 1311
f 280 1311 281
f 1311 1310 1476
f 1414 1398 1309
f 1413 1308 1418
f 1413 1414 1308
f 1308 1316 1418
f 1309 1308 1414
f 1406 1307 1407
f 279 237 282
f 279 282 280
f 1399 1476 1306
f 1310 1306 1476
f 217 1399 1305
f 1306 1305 1399
f 218 217 1304
f 1305 1304 217
f 1398 218 1303
f 1309 1398 1303
f 1304 1303 218
f 191 34 1409
f 190 191 34
f 190 1409 34
f 1395 1408 1302
f 1407 1301 1408
f 1301 1407 1307
f 1302 1408 1301
f 1405 1300 1406
f 1307 1406 1300
f 1404 1299 1405
f 1300 1405 1299
f 1299 1404 1298
f 190 47 191
f 34 191 47
f 34 47 190
f 1302 1297 1395
f 1393 1296 1404
f 1298 1404 1296
f 1386 189 190
f 1385 1395 189
f 212 189 1386
f 212 1385 189
f 1297 189 1395
f 1381 1292 1393
f 1292 1296 1393
f 1296 1292 1291
f 1291 1290 1296
f 1403 1289 1392
f 1392 1289 1380
f 1380 1289 1369
f 190 1288 215
f 248 215 1288
f 251 248 1288
f 36 1288 212
f 189 1288 190
f 189 212 1288
f 35 212 1287
f 35 212 253
f 252 253 212
f 252 35 253
f 1287 212 253
f 1287 253 35
f 1373 1286 1381
f 1373 1370 1286
f 1292 1381 1286
f 1291 1292 1285
f 1286 1285 1292
f 1290 1291 1284
f 1285 1284 1291
f 1294 1295 1282
f 1283 1282 1295
f 1282 1281 1294
f 1293 1294 1280
f 1281 1280 1294
f 254 1279 36
f 1288 1279 251
f 1288 36 1279
f 36 213 188
f 36 212 188
f 189 188 212
f 1356 1278 1370
f 1286 1370 1278
f 1285 1286 1278
f 1278 1284 1285
f 1369 289 288
f 289 1369 1289
f 1282 1283 1277
f 1281 1282 1276
f 1277 1276 1282
f 1280 1281 1275
f 1276 1275 1281
f 1275 1274 1280
f 1361 251 1273
f 1351 1361 1273
f 1279 1273 251
f 1279 254 1273
f 188 1272 36
f 1278 1356 1271
f 254 187 186
f 208 254 186
f 208 187 186
f 1348 1351 186
f 1348 186 187
f 1273 254 186
f 1273 186 1351
f 1359 1360 1270
f 185 1270 1360
f 1358 1359 1269
f 1357 1358 1268
f 1269 1268 1358
f 1356 1357 1267
f 1267 1271 1356
f 1268 1267 1357
f 1449 1266 1450
f 1353 1265 1354
f 1275 1276 1264
f 1264 1263 1275
f 185 208 255
f 1347 185 255
f 186 255 208
f 1270 185 255
f 1270 1262 1359
f 1269 1359 1262
f 1448 1261 1449
f 1266 1449 1261
f 1261 1448 1260
f 228 171 261
f 1352 1259 1353
f 1265 1353 1259
f 1350 1258 1352
f 1259 1352 1258
f 1349 1257 1350
f 1346 1257 1349
f 1258 1350 1257
f 207 206 184
f 256 184 206
f 256 207 184
f 205 1256 1346
f 1257 1346 1256
f 1345 1255 205
f 1256 205 1255
f 1344 1254 1345
f 1255 1345 1254
f 256 1253 1442
f 260 1442 1253
f 184 1253 256
f 1441 1252 1343
f 1441 1342 1252
f 1440 1343 1251
f 1252 1342 1250
f 1340 1440 1249
f 1251 1249 1440
f 182 1341 183
f 201 1246 182
f 183 182 1246
f 31 1245 201
f 1246 201 1245
f 260 170 1344
f 1254 1344 170
f 170 260 149
f 1338 1244 1342
f 1250 1342 1244
f 1247 1248 1243
f 164 1243 1248
f 1243 1242 1247
f 182 37 1341
f 1339 182 37
f 183 1341 37
f 183 182 37
f 183 1247 37
f 1242 37 1247
f 181 180 31
f 181 257 180
f 1245 31 180
f 1245 180 1246
f 199 200 168
f 199 52 200
f 168 200 52
f 168 52 199
f 168 49 52
f 52 53 49
f 1437 1340 1241
f 1334 1437 1241
f 1249 1241 1340
f 38 181 50
f 181 1337 50
f 180 181 50
f 166 180 50
f 50 168 38
f 50 166 168
f 1336 1240 1338
f 1335 1240 1336
f 1244 1338 1240
f 1240 1335 1239
f 1332 1334 1238
f 1241 1238 1334
f 1333 1237 1335
f 1239 1335 1237
f 1332 1236 1333
f 1238 1236 1332
f 1237 1333 1236
f 264 1329 258
f 1234 1329 264
f 1234 264 1235
f 258 1329 39
f 39 258 179
f 179 39 178
f 178 1323 39
f 1324 39 1323
f 1234 39 1329
f 57 179 178
f 178 57 196
f 179 57 39
f 57 39 178
f 1431 1429 1233
f 1233 56 1431
f 196 1233 1429
f 196 57 1233
f 159 264 258
f 258 39 159
f 39 1324 159
f 177 176 198
f 177 1321 198
f 176 56 160
f 176 198 160
f 160 56 41
f 160 176 41
f 41 160 175
f 177 160 198
f 176 177 160
f 41 176 40
f 175 176 40
f 175 41 40
f 160 176 40
f 41 160 40
f 175 160 40
f 1326 1232 1328
f 1232 1326 1320
f 1231 1230 265
f 1229 159 1324
f 1323 1228 1324
f 1324 1228 1229
f 1322 1227 1323
f 1227 1322 197
f 1228 1323 1227
f 1321 174 197
f 1321 177 174
f 43 41 42
f 42 43 44
f 41 160 42
f 40 41 42
f 40 160 42
f 61 42 40
f 44 43 46
f 42 43 46
f 44 42 46
f 42 61 46
f 1226 1317 1325
f 173 43 44
f 42 43 173
f 173 42 44
f 173 43 46
f 44 173 46
f 173 42 46
f 44 42 45
f 46 44 45
f 46 42 45
f 44 173 45
f 45 173 192
f 173 42 45
f 46 173 45
f 140 1411 1315
f 140 1314 1319
f 1319 45 140
f 140 1315 45
f 1318 1223 1320
f 1320 1223 1232
f 1308 1222 1316
f 1316 1221 1422
f 1224 1422 1221
f 1316 1222 1221
f 140 1220 1411
f 1313 1419 1219
f 1313 1219 1318
f 1219 1419 1312
f 1223 1318 1219
f 1305 1218 1304
f 1304 1217 1303
f 1216 1308 1309
f 1216 1309 1303
f 1222 1308 1216
f 1216 1303 1217
f 1211 1212 1294
f 1209 1302 1301
f 1302 1209 1210
f 1307 1208 1301
f 1301 1208 1209
f 1207 1307 1300
f 1300 1299 1207
f 1208 1307 1207
f 1206 1299 1298
f 1299 1206 1207
f 1205 1403 1402
f 1204 1402 1401
f 1402 1204 1205
f 1203 1401 1400
f 1401 1203 1204
f 1202 1400 1475
f 1400 1202 1203
f 1201 1475 237
f 237 279 1201
f 1475 1201 1202
f 1214 1200 1215
f 1302 1198 1297
f 1210 1198 1302
f 1197 1298 1296
f 1298 1197 1206
f 1289 1403 1196
f 1196 1403 1205
f 1295 1294 1195
f 1195 1294 1212
f 1212 1213 1195
f 1194 1294 1293
f 1294 1194 1211
f 1192 190 47
f 259 1297 1198
f 1198 1199 259
f 1192 259 190
f 172 1296 1290
f 1296 172 1197
f 1295 1191 1283
f 1191 1295 1195
f 1293 1190 1194
f 1193 1194 1190
f 1189 1192 1193
f 1189 259 1199
f 1192 1189 259
f 1190 1189 1193
f 1297 1188 189
f 1188 1297 259
f 259 1189 1188
f 1290 69 172
f 289 1289 290
f 1196 290 1289
f 1284 71 1290
f 69 1290 71
f 1187 1186 69
f 71 69 1186
f 1283 1191 1185
f 1280 1184 1293
f 1184 1280 1274
f 1190 1293 1184
f 1189 1190 1183
f 1184 1183 1190
f 1182 188 189
f 189 1188 1182
f 1188 1189 1182
f 1183 1182 1189
f 1284 1278 268
f 268 71 1284
f 289 1181 290
f 290 1181 1187
f 1186 1187 1181
f 1277 1283 1180
f 1185 1180 1283
f 1274 1179 1184
f 1183 1184 1179
f 1182 1183 1178
f 1179 1178 1183
f 1177 1272 188
f 188 1182 1177
f 1178 1177 1182
f 1271 1176 1278
f 268 1278 1176
f 289 288 1175
f 1181 289 1175
f 1174 1179 1274
f 1272 1177 1173
f 1268 1269 1172
f 1172 1267 1268
f 1271 1267 1171
f 1171 1176 1271
f 1267 1172 1171
f 287 1170 288
f 1175 288 1170
f 286 1169 287
f 1170 287 1169
f 285 1168 286
f 1169 286 1168
f 210 1167 285
f 1168 285 1167
f 1450 1166 210
f 1166 1450 1266
f 1167 210 1166
f 1276 1277 1164
f 1164 1264 1276
f 1274 1275 1163
f 1263 1163 1275
f 1174 1274 1163
f 1162 255 186
f 255 1161 1270
f 1161 1262 1270
f 1262 1160 1269
f 1172 1269 1160
f 228 63 171
f 1355 63 171
f 261 63 228
f 261 171 63
f 1354 1159 1355
f 1265 1159 1354
f 63 1355 1159
f 1158 1265 1259
f 1159 1265 1158
f 1258 1157 1259
f 1157 1258 1257
f 1259 1157 1158
f 1156 1165 1155
f 1163 1154 1174
f 255 1162 1153
f 1153 1161 255
f 1152 1262 1161
f 1161 1153 1152
f 1151 1257 1256
f 1257 1151 1157
f 1150 1256 1255
f 1256 1150 1151
f 1149 260 1253
f 1149 1253 184
f 1149 170 260
f 1155 1148 1156
f 1252 1147 1343
f 1147 1251 1343
f 1147 1252 1250
f 1254 1146 1255
f 1255 1146 1150
f 1145 1254 170
f 1146 1254 1145
f 1144 1250 1244
f 1250 1144 1147
f 1248 152 164
f 152 169 164
f 169 262 152
f 1248 1141 152
f 1247 1140 1248
f 1140 1247 183
f 1141 1248 1140
f 1246 263 183
f 51 49 168
f 51 49 52
f 167 170 149
f 167 49 52
f 52 53 167
f 1142 1138 1143
f 1139 1143 1138
f 1137 164 169
f 180 48 1246
f 48 180 166
f 48 180 50
f 166 48 50
f 263 1246 48
f 54 168 166
f 50 166 54
f 54 50 168
f 54 51 168
f 166 48 54
f 50 48 54
f 168 49 55
f 52 49 55
f 52 168 55
f 55 49 53
f 55 52 53
f 168 55 50
f 51 49 55
f 168 51 55
f 52 55 51
f 52 167 55
f 55 167 53
f 54 166 55
f 168 54 55
f 54 50 55
f 54 51 55
f 55 1136 167
f 1135 1244 1240
f 1240 1239 1135
f 1244 1135 1144
f 1241 1249 1134
f 1134 1238 1241
f 1243 164 146
f 146 1242 1243
f 146 164 165
f 164 1137 146
f 146 163 165
f 163 146 1137
f 1133 37 1242
f 1242 146 1133
f 1337 1339 1132
f 37 1132 1339
f 1132 50 1337
f 37 1133 1132
f 165 163 162
f 165 162 146
f 146 163 162
f 1131 162 163
f 1234 1235 1130
f 41 56 1128
f 56 1233 1128
f 1129 1128 1233
f 1331 1328 1127
f 1330 1331 1126
f 1327 1330 1126
f 1127 1126 1331
f 1233 57 161
f 1129 1233 161
f 1232 1125 1328
f 1127 1328 1125
f 1325 1327 1124
f 1226 1325 1124
f 1126 1124 1327
f 1231 265 1121
f 159 65 264
f 1121 265 65
f 57 39 1120
f 161 57 144
f 1120 144 57
f 160 177 58
f 174 177 58
f 160 177 59
f 40 160 59
f 42 160 59
f 42 40 59
f 58 59 177
f 58 59 160
f 40 41 60
f 61 40 60
f 1128 60 41
f 1122 1123 1118
f 1121 1117 1231
f 1121 1122 1117
f 1118 1117 1122
f 159 67 264
f 1230 67 265
f 1229 67 159
f 1225 67 1230
f 65 264 67
f 65 265 67
f 65 159 67
f 1227 1116 1228
f 197 1115 1227
f 1116 1227 1115
f 174 158 197
f 58 174 158
f 58 144 158
f 1115 197 158
f 1115 158 144
f 58 174 1114
f 158 1114 174
f 158 58 1114
f 59 42 1113
f 42 61 62
f 46 61 62
f 46 42 62
f 60 61 62
f 1113 42 62
f 42 61 157
f 46 61 157
f 46 42 157
f 60 61 157
f 62 61 157
f 62 42 157
f 62 46 157
f 62 60 157
f 1223 1112 1232
f 1125 1232 1112
f 1317 1226 1111
f 1119 1110 1123
f 1110 1118 1123
f 1117 1109 1231
f 1230 1231 1108
f 1225 1230 1108
f 1109 1108 1231
f 1106 1112 1223
f 1312 1317 1105
f 1111 1105 1317
f 297 1104 298
f 298 297 1103
f 1119 298 1103
f 1110 1119 1103
f 1118 1110 1102
f 1117 1118 1101
f 1109 1117 1101
f 1102 1101 1118
f 1106 1098 1107
f 1219 1097 1223
f 1106 1223 1097
f 1212 1096 1213
f 1211 1096 1212
f 1096 1211 1095
f 1093 1205 1204
f 297 296 1203
f 296 1204 1203
f 296 1104 297
f 1204 296 1093
f 1103 1092 1110
f 1092 1102 1110
f 1311 280 1091
f 1310 1311 1090
f 1306 1310 1090
f 1091 1090 1311
f 1305 1306 68
f 1305 68 1218
f 1090 68 1306
f 1304 1218 156
f 1304 156 1217
f 68 156 1218
f 1222 1216 1089
f 1216 1217 1089
f 156 1089 1217
f 1099 1088 1214
f 1098 1106 1085
f 1085 1106 1097
f 1086 1098 1085
f 1194 1084 1211
f 1193 1084 1194
f 1095 1211 1084
f 1210 1083 1198
f 1198 1083 1199
f 1094 1083 1210
f 1094 1210 1082
f 1209 1081 1210
f 1082 1210 1081
f 1208 1080 1209
f 1081 1209 1080
f 1207 1079 1208
f 1080 1208 1079
f 1206 1078 1207
f 1079 1207 1078
f 1205 1077 1196
f 1196 1077 290
f 1077 1205 1093
f 1103 297 1076
f 1092 1103 1076
f 123 1201 279
f 279 1075 280
f 1091 280 1075
f 123 1075 279
f 1200 1074 1215
f 1200 1214 1073
f 1088 1073 1214
f 1073 1088 1072
f 1195 1213 1071
f 1192 1070 1193
f 1084 1193 1070
f 1189 1199 1069
f 1068 1199 1083
f 1069 1199 1068
f 1197 1067 1206
f 1078 1206 1067
f 1066 297 1203
f 1066 1203 1202
f 1076 297 1066
f 1074 1200 1065
f 1065 1200 1073
f 172 137 1197
f 69 172 137
f 1187 69 137
f 1067 1197 137
f 290 1187 291
f 137 291 1187
f 1191 1195 1064
f 1185 1191 1064
f 1071 1064 1195
f 1180 1185 1063
f 1064 1063 1185
f 71 268 155
f 1176 155 268
f 1186 1062 71
f 1181 1062 1186
f 1176 1171 1061
f 155 1176 1061
f 1167 1060 1168
f 1180 1058 1277
f 1164 1277 1058
f 1178 1179 1057
f 1177 1178 1056
f 1057 1056 1178
f 1173 1177 1055
f 1056 1055 1177
f 1055 1054 1173
f 1160 1053 1172
f 1171 1172 1052
f 1052 1061 1171
f 1053 1052 1172
f 1175 1051 1181
f 1170 1051 1175
f 1169 1051 1170
f 1168 1050 1169
f 1050 1168 1060
f 1051 1169 1050
f 1049 1050 1060
f 1166 1048 1167
f 1060 1167 1048
f 1266 1047 1166
f 1048 1166 1047
f 1261 1046 1266
f 1047 1266 1046
f 1156 1045 1165
f 1059 1165 1045
f 1155 1165 1044
f 1059 1044 1165
f 1179 1174 1042
f 1154 1042 1174
f 1057 1179 1042
f 1160 1262 1041
f 1053 1160 1041
f 1050 1040 1051
f 1049 1039 1050
f 1040 1050 1039
f 1060 1038 1049
f 1048 1038 1060
f 1260 1036 1261
f 1046 1261 1036
f 63 1035 261
f 1159 1035 63
f 1158 1034 1159
f 1035 1159 1034
f 1157 1033 1158
f 1034 1158 1033
f 1151 1032 1157
f 1033 1157 1032
f 1044 1031 1155
f 1043 1031 1044
f 1263 1264 1027
f 1264 1164 1027
f 1163 1263 1026
f 1154 1163 1026
f 1027 1026 1263
f 1153 1162 1025
f 1152 1153 1025
f 1262 1152 1024
f 1025 1024 1152
f 1039 1049 1023
f 1023 1049 1038
f 1038 1048 1022
f 1037 1022 1048
f 1148 1021 1156
f 1021 1148 1020
f 1148 1155 1019
f 1031 1019 1155
f 1020 1148 1019
f 1028 1017 1029
f 1018 1029 1017
f 1144 1016 1147
f 1017 1028 1016
f 1038 1015 1023
f 1022 1015 1038
f 1022 1037 1014
f 135 1014 1037
f 1015 1022 1014
f 153 154 135
f 1142 1143 1012
f 1013 1012 1143
f 152 262 134
f 1012 134 1142
f 1017 1010 1018
f 1016 1144 1010
f 1016 1010 1017
f 1011 1018 1010
f 1249 1251 1009
f 1134 1249 1009
f 1014 135 1008
f 154 1008 135
f 154 153 1007
f 1007 153 1013
f 1013 1006 1007
f 152 151 262
f 1141 151 152
f 1140 151 1141
f 134 262 151
f 134 151 152
f 183 1005 1140
f 151 1140 1005
f 263 64 183
f 1005 183 64
f 64 263 1004
f 54 51 1003
f 55 1002 51
f 1003 51 1002
f 149 150 167
f 1136 150 167
f 1002 167 150
f 1135 1001 1144
f 1010 1144 1001
f 1009 1000 1134
f 1008 154 999
f 1007 999 154
f 1138 998 1139
f 1006 1139 998
f 1006 998 1007
f 999 1007 998
f 163 1137 133
f 1131 163 133
f 998 1138 133
f 1133 146 997
f 1005 997 151
f 48 996 263
f 64 263 996
f 166 48 148
f 1003 148 54
f 1136 55 995
f 150 1136 995
f 150 995 1002
f 146 164 147
f 162 147 146
f 147 997 146
f 997 994 1133
f 55 54 269
f 269 995 55
f 1239 993 1135
f 1001 1135 993
f 1238 1134 270
f 1000 270 1134
f 133 992 1131
f 162 1131 991
f 147 162 991
f 992 991 1131
f 1132 1133 990
f 994 990 1133
f 54 50 989
f 50 1132 989
f 990 989 1132
f 1237 988 1239
f 993 1239 988
f 1236 1238 75
f 1236 75 1237
f 270 75 1238
f 988 1237 75
f 1130 271 987
f 1128 1129 986
f 1126 1127 985
f 264 145 1235
f 1130 1235 145
f 145 264 65
f 145 265 65
f 1130 145 271
f 39 1234 984
f 1130 984 1234
f 984 1120 39
f 987 984 1130
f 161 983 1129
f 144 983 161
f 986 1129 983
f 983 982 986
f 1125 981 1127
f 985 1127 981
f 1122 980 1123
f 980 1122 1121
f 979 1121 65
f 1121 979 980
f 65 145 76
f 145 271 76
f 65 76 979
f 978 1120 984
f 143 161 144
f 143 144 1120
f 143 1120 1116
f 144 143 1115
f 1116 1115 143
f 58 142 144
f 142 58 59
f 983 144 142
f 142 982 983
f 59 66 58
f 66 59 1113
f 142 58 66
f 59 66 142
f 982 142 66
f 266 60 1128
f 60 266 62
f 1113 62 266
f 986 266 1128
f 982 266 986
f 266 66 1113
f 66 266 982
f 141 60 62
f 141 60 157
f 62 141 157
f 60 266 141
f 141 266 62
f 977 1125 1112
f 977 981 1125
f 1124 976 1226
f 1124 1126 976
f 976 1111 1226
f 985 976 1126
f 1119 1123 300
f 1119 300 298
f 980 301 1123
f 300 1123 301
f 67 272 65
f 76 65 272
f 1116 1120 975
f 1120 978 975
f 1106 973 1112
f 973 1106 1107
f 973 977 1112
f 1107 974 973
f 298 1104 299
f 299 298 300
f 1228 139 1229
f 67 1229 139
f 67 1225 139
f 139 1225 68
f 68 139 156
f 272 67 139
f 1116 138 1228
f 975 138 1116
f 139 1228 138
f 173 1224 972
f 972 971 173
f 140 45 267
f 1220 140 267
f 970 267 45
f 267 969 140
f 1100 968 1099
f 967 1099 968
f 974 1107 966
f 1104 296 965
f 965 299 1104
f 1101 964 1109
f 1101 1102 964
f 1108 963 1225
f 963 68 1225
f 68 126 156
f 126 139 68
f 126 156 139
f 138 126 139
f 126 68 963
f 138 139 962
f 126 962 139
f 126 138 962
f 1221 1222 961
f 1089 961 1222
f 1221 960 1224
f 972 1224 960
f 961 960 1221
f 1100 959 968
f 1088 1099 958
f 958 1087 1088
f 1099 967 958
f 966 958 967
f 1105 1111 957
f 956 1095 1084
f 1084 1070 956
f 1094 955 1083
f 1094 954 955
f 953 1094 1082
f 1082 1081 953
f 954 1094 953
f 1081 1080 952
f 952 953 1081
f 1080 1079 951
f 951 952 1080
f 1077 1093 950
f 295 1093 296
f 295 965 296
f 1093 295 950
f 949 964 1102
f 1108 1109 948
f 964 948 1109
f 948 963 1108
f 1089 156 125
f 156 126 125
f 125 961 1089
f 1087 947 1088
f 947 1072 1088
f 946 1107 1098
f 1098 1086 946
f 1107 946 966
f 1087 958 946
f 958 966 946
f 947 1087 946
f 1097 1219 945
f 1312 944 1219
f 1105 944 1312
f 957 944 1105
f 945 1219 944
f 1096 943 1213
f 943 1071 1213
f 1070 1069 942
f 942 956 1070
f 1069 1068 941
f 941 942 1069
f 1068 940 941
f 1083 939 1068
f 1083 955 939
f 940 1068 939
f 1078 938 1079
f 1079 938 951
f 950 119 1077
f 1076 937 1092
f 1072 936 1073
f 1072 947 936
f 946 935 947
f 936 947 935
f 1097 934 1085
f 945 934 1097
f 933 1078 1067
f 938 1078 933
f 290 1077 932
f 291 290 932
f 119 932 1077
f 122 1202 1201
f 1201 123 122
f 1202 122 1066
f 1066 122 1076
f 937 1076 122
f 1065 931 1074
f 1073 930 1065
f 930 1073 936
f 931 1065 930
f 929 1064 1071
f 137 78 1067
f 1067 78 933
f 291 137 292
f 932 292 291
f 78 292 137
f 928 1063 1064
f 1064 929 928
f 69 70 172
f 71 69 70
f 137 172 70
f 137 69 70
f 70 71 155
f 78 137 70
f 1074 927 1215
f 931 927 1074
f 1063 928 926
f 73 155 1061
f 155 70 73
f 71 72 268
f 155 71 72
f 155 268 72
f 72 71 1062
f 70 71 72
f 155 70 72
f 73 155 72
f 73 70 72
f 1062 925 72
f 1063 924 1180
f 924 1058 1180
f 926 924 1063
f 923 1061 1052
f 923 73 1061
f 1062 1181 922
f 922 1181 1051
f 925 1062 922
f 921 1059 1045
f 920 1044 1059
f 921 920 1059
f 919 1055 1056
f 918 1054 1055
f 1055 919 918
f 1054 918 917
f 1052 1053 916
f 916 923 1052
f 1051 915 922
f 1047 914 1048
f 914 1037 1048
f 1037 914 135
f 1043 1044 913
f 1044 920 913
f 1058 911 1164
f 911 1027 1164
f 1056 1057 910
f 919 1056 910
f 1162 1173 909
f 1054 909 1173
f 909 1025 1162
f 917 909 1054
f 908 1025 909
f 907 1041 1262
f 1024 907 1262
f 1041 906 1053
f 916 1053 906
f 1041 907 906
f 1040 905 1051
f 915 1051 905
f 1039 904 1040
f 905 1040 904
f 135 136 153
f 135 154 136
f 153 136 154
f 136 135 914
f 261 903 1260
f 1036 1260 903
f 903 261 1035
f 1032 902 1033
f 1031 1043 901
f 1030 1031 901
f 913 901 1043
f 912 901 913
f 1029 1018 900
f 1018 1011 900
f 901 900 1030
f 901 912 900
f 1016 899 1147
f 1016 1028 899
f 1251 1147 898
f 898 1009 1251
f 899 898 1147
f 1042 1154 897
f 1042 897 1057
f 897 910 1057
f 1024 1025 896
f 1025 908 896
f 896 907 1024
f 1023 895 1039
f 904 1039 895
f 894 1013 153
f 153 136 894
f 1013 893 1012
f 893 1013 894
f 134 151 891
f 891 892 134
f 1150 890 1151
f 1032 1151 890
f 902 1032 890
f 1030 889 1031
f 1019 1031 889
f 889 1030 900
f 1009 888 1000
f 888 1009 898
f 1026 1027 887
f 1026 886 1154
f 897 1154 886
f 887 886 1026
f 1015 885 1023
f 895 1023 885
f 134 1012 132
f 134 892 132
f 884 891 151
f 891 884 892
f 132 892 884
f 1146 883 1150
f 890 1150 883
f 1145 882 1146
f 883 1146 882
f 882 1145 881
f 1020 880 1021
f 1021 879 149
f 881 149 879
f 880 879 1021
f 880 1020 878
f 1019 877 1020
f 878 1020 877
f 889 876 1019
f 877 1019 876
f 875 900 1011
f 900 875 889
f 876 889 875
f 1014 874 1015
f 885 1015 874
f 169 74 262
f 1138 1142 74
f 134 262 74
f 134 74 1142
f 74 133 1138
f 132 134 74
f 873 151 997
f 151 873 884
f 1011 872 875
f 1010 871 1011
f 871 1010 1001
f 872 1011 871
f 1008 870 1014
f 870 1008 999
f 874 1014 870
f 869 999 998
f 999 869 870
f 81 74 133
f 152 131 169
f 151 131 152
f 74 169 131
f 133 74 131
f 133 81 131
f 81 74 131
f 147 868 997
f 868 873 997
f 997 1005 867
f 867 994 997
f 64 866 1005
f 866 64 996
f 867 1005 866
f 994 867 866
f 54 130 48
f 996 48 130
f 130 148 48
f 130 54 148
f 996 130 866
f 148 128 130
f 1002 129 1003
f 148 1003 129
f 129 1002 995
f 269 129 995
f 128 148 129
f 129 269 128
f 865 1001 993
f 1001 865 871
f 864 270 1000
f 270 864 75
f 863 998 133
f 998 863 869
f 133 131 863
f 862 990 994
f 866 862 994
f 862 866 130
f 127 128 269
f 128 127 130
f 129 269 127
f 127 128 129
f 130 127 862
f 861 993 988
f 993 861 865
f 992 133 860
f 133 81 860
f 991 859 147
f 991 992 859
f 860 859 992
f 989 858 269
f 989 990 858
f 990 862 858
f 269 858 127
f 127 858 862
f 75 270 857
f 75 857 988
f 988 857 861
f 987 271 856
f 145 856 271
f 984 987 855
f 978 984 855
f 856 855 987
f 301 980 302
f 979 854 980
f 302 980 854
f 76 853 979
f 854 979 853
f 272 852 76
f 853 76 852
f 76 851 145
f 856 145 851
f 851 855 856
f 975 978 850
f 855 850 978
f 855 851 850
f 849 848 974
f 973 847 977
f 973 974 847
f 848 847 974
f 976 985 846
f 300 845 301
f 299 845 300
f 301 845 302
f 852 844 853
f 139 843 272
f 852 272 843
f 844 852 843
f 272 842 76
f 139 842 272
f 138 842 139
f 851 76 842
f 138 975 841
f 850 841 975
f 850 851 841
f 842 138 841
f 842 841 851
f 974 966 840
f 849 974 840
f 1111 976 839
f 957 1111 839
f 846 839 976
f 838 299 965
f 845 299 838
f 837 844 843
f 126 77 139
f 126 963 77
f 125 126 77
f 843 139 77
f 843 77 837
f 971 972 836
f 970 971 836
f 267 970 835
f 836 835 970
f 967 968 834
f 959 834 968
f 966 967 833
f 833 840 966
f 834 833 967
f 1095 831 1096
f 832 1096 831
f 956 830 1095
f 831 1095 830
f 965 295 829
f 838 965 829
f 964 949 828
f 77 827 837
f 828 827 964
f 828 837 827
f 961 125 826
f 960 961 825
f 826 825 961
f 960 824 972
f 836 972 824
f 825 824 960
f 969 267 823
f 959 1100 823
f 834 959 822
f 823 822 959
f 942 821 956
f 830 956 821
f 954 820 955
f 953 819 954
f 952 819 953
f 820 954 819
f 951 124 952
f 819 952 124
f 938 112 951
f 124 951 112
f 83 124 112
f 294 950 295
f 294 829 295
f 937 818 949
f 818 828 949
f 125 156 817
f 944 957 816
f 839 816 957
f 941 815 942
f 821 942 815
f 939 955 813
f 939 813 940
f 820 813 955
f 814 940 813
f 83 124 812
f 112 83 82
f 812 82 83
f 112 938 104
f 82 112 104
f 123 122 121
f 1075 123 120
f 123 122 120
f 937 122 120
f 818 937 120
f 121 120 123
f 121 122 120
f 1075 810 1091
f 120 810 1075
f 810 809 1091
f 68 1090 808
f 156 68 807
f 817 156 807
f 808 807 68
f 936 806 930
f 935 805 936
f 935 946 804
f 805 935 804
f 1085 803 1086
f 1086 803 946
f 804 946 803
f 934 802 1085
f 803 1085 802
f 934 945 801
f 802 934 801
f 944 800 945
f 816 800 944
f 801 945 800
f 1071 943 799
f 929 1071 799
f 933 798 938
f 104 938 798
f 950 85 119
f 85 932 119
f 932 85 292
f 85 950 294
f 85 811 119
f 927 931 797
f 930 796 931
f 796 930 806
f 797 931 796
f 78 795 933
f 798 933 795
f 928 929 794
f 926 928 794
f 70 78 118
f 795 78 118
f 793 795 118
f 70 78 79
f 72 70 79
f 118 78 79
f 118 79 70
f 292 78 293
f 293 292 85
f 79 293 78
f 72 73 80
f 79 72 80
f 79 80 118
f 73 70 117
f 72 70 117
f 72 73 117
f 79 70 117
f 79 72 117
f 80 73 117
f 80 72 117
f 80 79 117
f 925 116 72
f 79 72 116
f 293 79 116
f 117 116 72
f 117 79 116
f 923 792 73
f 118 792 793
f 792 80 73
f 792 118 80
f 922 791 925
f 116 925 791
f 116 791 293
f 924 926 790
f 923 916 789
f 792 923 789
f 915 788 922
f 791 922 788
f 921 927 787
f 920 921 786
f 787 786 921
f 1058 924 785
f 911 1058 785
f 790 785 924
f 917 918 783
f 784 783 918
f 108 789 916
f 905 782 915
f 788 915 782
f 1046 781 1047
f 914 1047 781
f 136 914 781
f 1036 780 1046
f 781 1046 780
f 780 1036 779
f 1034 778 1035
f 1033 777 1034
f 778 1034 777
f 913 920 776
f 786 776 920
f 912 913 775
f 900 912 774
f 775 774 912
f 1028 1029 773
f 1029 900 773
f 774 773 900
f 899 1028 772
f 773 772 1028
f 772 771 899
f 909 917 770
f 908 909 770
f 783 770 917
f 896 908 769
f 907 896 769
f 770 769 908
f 906 907 88
f 769 88 907
f 88 86 90
f 906 107 916
f 108 916 107
f 108 86 107
f 88 107 906
f 88 86 107
f 90 86 107
f 90 88 107
f 904 768 905
f 782 905 768
f 894 136 767
f 781 767 136
f 902 766 1033
f 777 1033 766
f 898 899 765
f 888 898 765
f 771 765 899
f 1027 911 764
f 887 1027 764
f 910 763 919
f 895 762 904
f 768 904 762
f 767 761 894
f 893 894 760
f 761 760 894
f 890 759 902
f 883 759 890
f 882 758 883
f 759 883 758
f 881 757 882
f 758 882 757
f 879 880 115
f 878 115 880
f 115 878 756
f 910 897 755
f 763 910 755
f 885 754 895
f 762 895 754
f 1012 893 753
f 132 1012 753
f 760 753 893
f 760 761 753
f 757 881 752
f 879 751 881
f 752 881 751
f 877 750 878
f 876 750 877
f 756 878 750
f 750 876 749
f 874 748 885
f 754 885 748
f 74 132 746
f 81 74 746
f 753 746 132
f 747 746 753
f 74 132 745
f 884 744 132
f 873 744 884
f 745 132 744
f 875 743 876
f 749 876 743
f 1000 888 742
f 864 1000 742
f 870 741 874
f 869 741 870
f 748 874 741
f 863 740 869
f 741 869 740
f 740 863 739
f 131 738 81
f 746 738 131
f 746 747 738
f 739 738 747
f 745 737 74
f 868 736 873
f 744 873 736
f 744 736 745
f 737 745 736
f 872 735 875
f 743 875 735
f 735 872 734
f 871 733 872
f 865 733 871
f 734 872 733
f 861 732 865
f 733 865 732
f 742 731 864
f 131 81 114
f 860 81 114
f 737 114 81
f 147 730 868
f 859 730 147
f 859 860 730
f 730 736 868
f 730 737 736
f 114 730 860
f 114 737 730
f 981 729 985
f 729 846 985
f 981 977 728
f 847 728 977
f 728 729 981
f 854 727 302
f 853 726 854
f 727 854 726
f 725 853 844
f 844 837 725
f 726 853 725
f 726 725 727
f 840 724 849
f 303 302 845
f 838 303 845
f 303 302 727
f 835 722 267
f 722 823 267
f 721 840 833
f 833 834 721
f 840 721 724
f 839 846 720
f 720 816 839
f 273 124 83
f 111 83 112
f 83 111 273
f 273 111 723
f 829 304 838
f 303 838 304
f 818 120 719
f 727 719 303
f 828 718 837
f 828 818 718
f 837 718 725
f 725 718 727
f 818 719 718
f 719 727 718
f 824 825 717
f 835 836 716
f 824 716 836
f 717 716 824
f 715 822 823
f 823 722 715
f 822 715 714
f 822 713 834
f 721 834 713
f 714 713 822
f 943 1096 712
f 832 712 1096
f 712 799 943
f 711 821 815
f 819 709 820
f 710 820 709
f 113 819 124
f 124 273 113
f 709 819 113
f 112 83 92
f 92 83 82
f 92 112 82
f 92 112 104
f 82 92 104
f 111 83 92
f 112 92 111
f 829 294 708
f 708 304 829
f 305 120 121
f 303 305 304
f 120 305 719
f 303 719 305
f 305 708 121
f 304 708 305
f 707 1091 809
f 963 948 706
f 707 706 948
f 706 705 963
f 704 825 826
f 703 717 825
f 825 704 703
f 702 714 715
f 701 713 714
f 714 702 701
f 815 700 711
f 940 699 941
f 815 941 699
f 699 940 814
f 700 815 699
f 813 820 698
f 813 698 814
f 710 698 820
f 812 124 105
f 105 104 92
f 82 812 84
f 84 82 104
f 82 92 84
f 84 92 104
f 105 84 812
f 84 105 104
f 85 697 294
f 708 294 697
f 807 696 817
f 826 125 695
f 817 695 125
f 704 826 695
f 696 695 817
f 693 797 796
f 701 702 693
f 797 693 694
f 694 693 702
f 806 692 796
f 796 692 693
f 806 936 691
f 805 691 936
f 804 690 805
f 691 805 690
f 799 689 929
f 689 794 929
f 811 85 110
f 110 697 85
f 697 110 688
f 687 120 121
f 121 708 687
f 697 687 708
f 688 687 697
f 686 810 120
f 120 687 686
f 685 809 810
f 810 686 685
f 809 684 707
f 809 685 684
f 683 807 808
f 797 682 927
f 797 694 682
f 681 794 689
f 293 680 85
f 110 85 680
f 688 110 680
f 682 679 927
f 794 681 678
f 798 677 104
f 677 798 795
f 795 793 677
f 680 293 676
f 679 675 927
f 794 674 926
f 674 790 926
f 678 674 794
f 673 793 792
f 792 789 673
f 108 673 789
f 793 673 677
f 791 672 293
f 672 791 788
f 676 293 672
f 675 671 927
f 670 785 790
f 790 674 670
f 782 669 788
f 788 669 672
f 669 668 672
f 781 780 666
f 780 779 665
f 665 666 780
f 664 665 779
f 778 777 663
f 787 927 662
f 671 662 927
f 918 919 661
f 661 784 918
f 783 784 660
f 94 86 108
f 86 102 94
f 87 86 108
f 87 86 107
f 108 87 107
f 94 86 87
f 87 94 108
f 108 94 103
f 108 87 103
f 87 94 103
f 659 782 768
f 669 782 659
f 668 669 659
f 659 667 668
f 666 658 781
f 658 666 667
f 667 659 658
f 657 777 766
f 656 766 902
f 656 902 759
f 656 657 766
f 662 655 787
f 786 787 654
f 655 654 787
f 776 786 653
f 654 653 786
f 776 652 913
f 775 913 652
f 774 775 651
f 652 651 775
f 785 650 911
f 650 764 911
f 763 649 919
f 661 919 649
f 770 783 648
f 660 648 783
f 769 770 647
f 648 647 770
f 109 86 88
f 109 88 769
f 86 109 102
f 647 109 769
f 107 108 89
f 108 87 89
f 107 87 89
f 103 108 89
f 103 87 89
f 646 768 762
f 768 646 659
f 658 659 646
f 645 767 781
f 781 658 645
f 646 645 658
f 903 644 1036
f 779 1036 644
f 779 644 664
f 1035 643 903
f 644 903 643
f 778 642 1035
f 643 1035 642
f 759 758 641
f 641 656 759
f 640 641 758
f 654 655 639
f 639 638 654
f 653 654 637
f 638 637 654
f 636 763 755
f 649 763 636
f 90 88 99
f 99 88 107
f 99 90 107
f 88 109 99
f 107 99 89
f 107 90 91
f 91 107 89
f 99 91 90
f 107 99 91
f 91 99 89
f 635 762 754
f 762 635 646
f 635 645 646
f 634 761 767
f 767 645 634
f 645 635 634
f 757 633 758
f 758 633 640
f 632 757 752
f 752 751 632
f 633 757 632
f 275 115 756
f 638 639 277
f 756 277 275
f 275 277 639
f 277 96 638
f 765 631 888
f 631 742 888
f 764 630 887
f 91 99 629
f 628 754 748
f 754 628 635
f 634 635 628
f 627 753 761
f 761 634 627
f 628 627 634
f 115 100 879
f 751 879 100
f 275 115 100
f 750 626 756
f 277 756 626
f 96 277 626
f 749 625 750
f 626 750 625
f 742 624 731
f 624 742 631
f 886 887 623
f 630 623 887
f 886 622 897
f 622 755 897
f 623 622 886
f 621 748 741
f 741 740 621
f 748 621 628
f 627 628 621
f 740 739 620
f 620 621 740
f 621 620 627
f 753 619 747
f 747 619 739
f 619 753 627
f 619 620 739
f 620 619 627
f 743 618 749
f 625 749 618
f 857 617 861
f 732 861 617
f 731 617 864
f 848 849 616
f 724 616 849
f 847 848 615
f 616 615 848
f 615 614 847
f 728 847 613
f 614 613 847
f 846 729 612
f 729 728 612
f 720 846 612
f 613 612 728
f 830 611 831
f 273 723 610
f 111 609 723
f 92 609 111
f 610 723 609
f 724 721 608
f 713 608 721
f 616 724 607
f 608 607 724
f 831 606 832
f 611 606 831
f 821 605 830
f 711 605 821
f 611 830 605
f 273 93 113
f 610 93 273
f 609 92 604
f 609 604 610
f 93 610 604
f 722 835 603
f 716 603 835
f 608 713 602
f 607 608 602
f 700 601 711
f 709 599 710
f 600 710 599
f 124 113 278
f 105 124 278
f 278 113 93
f 105 92 106
f 93 273 106
f 278 106 105
f 93 106 278
f 84 105 598
f 604 598 93
f 106 598 105
f 106 93 598
f 104 597 92
f 104 84 597
f 604 92 597
f 598 597 84
f 598 604 597
f 717 703 596
f 716 717 595
f 596 595 717
f 603 716 594
f 595 594 716
f 715 722 593
f 702 715 593
f 694 702 593
f 603 593 722
f 594 593 603
f 713 701 592
f 693 592 701
f 692 592 693
f 592 602 713
f 592 692 602
f 692 806 591
f 691 591 806
f 602 692 591
f 690 590 691
f 602 590 607
f 591 691 590
f 591 590 602
f 800 816 589
f 816 720 589
f 612 589 720
f 799 712 588
f 689 799 588
f 814 587 699
f 699 587 700
f 698 586 814
f 698 710 586
f 600 586 710
f 587 814 586
f 104 585 105
f 705 706 584
f 703 704 583
f 695 583 704
f 596 703 582
f 583 582 703
f 682 694 581
f 679 682 581
f 593 581 694
f 803 580 804
f 802 580 803
f 690 804 580
f 801 579 802
f 580 802 579
f 800 578 801
f 579 801 578
f 589 577 800
f 578 800 577
f 681 689 576
f 588 576 689
f 706 707 575
f 684 575 707
f 575 584 706
f 808 705 574
f 683 808 574
f 584 574 705
f 696 807 573
f 807 683 573
f 695 696 572
f 573 572 696
f 571 583 695
f 572 571 695
f 570 582 583
f 583 571 570
f 582 569 596
f 582 570 569
f 595 596 568
f 569 568 596
f 568 567 595
f 677 566 104
f 585 104 566
f 680 565 688
f 676 565 680
f 687 688 564
f 686 687 564
f 565 564 688
f 685 686 563
f 564 563 686
f 684 685 562
f 563 562 685
f 575 684 561
f 562 561 684
f 572 573 560
f 570 571 559
f 678 681 558
f 576 558 681
f 566 677 557
f 565 676 556
f 556 564 565
f 555 563 564
f 564 556 555
f 563 555 554
f 562 563 553
f 554 553 563
f 561 562 552
f 553 552 562
f 573 683 551
f 551 560 573
f 560 551 550
f 571 572 549
f 560 549 572
f 549 559 571
f 550 549 560
f 674 678 548
f 670 674 548
f 558 548 678
f 673 547 677
f 557 677 547
f 672 546 676
f 668 546 672
f 556 676 546
f 667 545 668
f 555 556 545
f 546 668 545
f 546 545 556
f 666 544 667
f 665 544 666
f 554 555 544
f 553 554 544
f 545 667 544
f 545 544 555
f 664 543 665
f 552 553 543
f 544 665 543
f 544 543 553
f 543 664 542
f 543 542 552
f 550 551 540
f 541 540 551
f 549 550 539
f 540 539 550
f 539 538 549
f 671 675 537
f 662 671 537
f 547 103 536
f 777 535 663
f 657 535 777
f 541 663 535
f 540 541 535
f 539 540 534
f 535 657 534
f 535 534 540
f 656 533 657
f 538 539 533
f 534 657 533
f 534 533 539
f 533 532 538
f 785 670 529
f 650 785 529
f 548 529 670
f 784 661 528
f 660 784 528
f 649 528 661
f 636 528 649
f 648 660 527
f 528 527 660
f 89 274 87
f 103 94 526
f 526 536 103
f 644 525 664
f 643 525 644
f 542 664 525
f 642 524 643
f 525 643 524
f 778 663 523
f 642 778 523
f 524 642 523
f 641 522 656
f 640 522 641
f 533 656 522
f 532 533 522
f 531 532 521
f 522 640 521
f 522 521 532
f 655 662 519
f 639 655 519
f 537 519 662
f 773 774 518
f 772 773 518
f 651 518 774
f 771 772 517
f 518 517 772
f 765 771 516
f 517 516 771
f 516 515 765
f 527 514 648
f 647 648 513
f 514 513 648
f 109 512 102
f 274 102 512
f 89 87 95
f 89 99 95
f 274 95 87
f 274 89 95
f 512 95 274
f 103 511 87
f 95 87 511
f 89 510 103
f 511 103 510
f 633 509 640
f 530 531 509
f 521 640 509
f 521 509 531
f 632 508 633
f 520 530 508
f 509 633 508
f 509 508 530
f 508 507 520
f 275 101 115
f 275 639 101
f 100 115 101
f 100 101 275
f 519 101 639
f 653 506 776
f 652 776 506
f 651 652 505
f 506 505 652
f 631 765 504
f 515 504 765
f 764 650 503
f 630 764 503
f 88 109 276
f 99 88 276
f 99 109 276
f 512 109 276
f 95 99 276
f 95 512 276
f 276 95 511
f 502 510 89
f 502 511 510
f 511 502 276
f 751 501 632
f 100 501 751
f 508 632 501
f 507 508 501
f 501 100 101
f 501 101 507
f 96 500 638
f 96 277 98
f 500 96 98
f 755 499 636
f 755 622 499
f 629 99 498
f 276 498 99
f 89 91 497
f 629 497 91
f 502 89 497
f 502 497 276
f 498 497 629
f 498 276 497
f 626 496 96
f 625 496 626
f 98 96 496
f 496 495 98
f 618 494 625
f 496 625 494
f 495 496 494
f 732 493 733
f 731 624 492
f 617 492 732
f 617 731 492
f 493 732 492
f 735 491 743
f 734 491 735
f 618 743 491
f 733 490 734
f 491 734 490
f 493 489 733
f 490 733 489
f 615 616 488
f 614 615 488
f 607 488 616
f 488 487 614
f 613 614 486
f 487 486 614
f 612 613 485
f 486 485 613
f 605 711 484
f 484 711 601
f 590 483 607
f 488 607 483
f 482 589 612
f 589 482 577
f 485 482 612
f 712 832 481
f 606 481 832
f 481 588 712
f 599 709 480
f 590 690 479
f 479 690 580
f 580 579 479
f 483 590 479
f 478 479 579
f 479 478 483
f 579 578 477
f 578 577 477
f 477 478 579
f 576 588 476
f 588 481 476
f 601 700 475
f 475 700 587
f 599 474 600
f 586 600 474
f 278 473 480
f 278 105 472
f 472 105 585
f 473 278 472
f 585 471 472
f 594 595 470
f 567 470 595
f 593 594 469
f 581 593 469
f 470 469 594
f 468 558 576
f 587 467 475
f 467 587 466
f 465 587 586
f 466 587 465
f 586 464 465
f 474 463 586
f 464 586 463
f 471 585 462
f 461 558 468
f 466 460 467
f 465 459 466
f 460 466 459
f 566 458 585
f 462 585 458
f 569 570 457
f 559 457 570
f 568 569 456
f 457 456 569
f 567 568 455
f 456 455 568
f 455 454 567
f 470 567 453
f 454 453 567
f 558 461 452
f 557 451 566
f 451 557 547
f 458 566 451
f 584 575 450
f 561 450 575
f 552 450 561
f 450 552 542
f 574 584 449
f 450 449 584
f 574 448 683
f 551 683 448
f 448 541 551
f 449 448 574
f 559 549 447
f 447 549 538
f 447 457 559
f 446 456 457
f 457 447 446
f 445 455 456
f 456 446 445
f 455 445 444
f 454 455 443
f 444 443 455
f 453 454 442
f 443 442 454
f 675 679 441
f 581 441 679
f 441 537 675
f 469 441 581
f 469 470 441
f 453 441 470
f 442 441 453
f 548 558 440
f 440 529 548
f 452 440 558
f 439 547 536
f 547 439 451
f 438 542 525
f 542 438 450
f 449 450 438
f 525 524 437
f 524 523 437
f 437 438 525
f 438 437 449
f 541 436 663
f 436 523 663
f 541 448 436
f 448 449 436
f 436 437 523
f 437 436 449
f 435 538 532
f 532 531 435
f 538 435 447
f 446 447 435
f 531 530 434
f 445 446 434
f 434 435 531
f 435 434 446
f 444 445 433
f 443 444 433
f 433 434 530
f 434 433 445
f 530 520 432
f 442 443 432
f 432 433 530
f 433 432 443
f 441 442 431
f 431 432 520
f 432 431 442
f 430 519 537
f 537 441 430
f 431 430 441
f 429 529 440
f 528 428 427
f 426 527 528
f 427 426 528
f 425 527 426
f 527 425 424
f 536 526 423
f 536 423 439
f 529 422 650
f 422 503 650
f 529 429 422
f 421 514 527
f 421 647 513
f 514 421 513
f 424 421 527
f 109 420 102
f 94 102 419
f 419 526 94
f 420 419 102
f 418 520 507
f 507 101 418
f 520 418 431
f 430 431 418
f 417 101 519
f 519 430 417
f 417 418 101
f 418 417 430
f 503 422 416
f 528 636 415
f 415 636 499
f 528 415 428
f 109 647 414
f 421 414 647
f 420 109 414
f 518 651 413
f 505 413 651
f 517 518 412
f 516 517 412
f 413 412 518
f 515 516 411
f 412 411 516
f 503 410 630
f 416 410 503
f 505 506 409
f 98 409 506
f 409 98 495
f 413 505 409
f 409 412 413
f 624 631 408
f 504 408 631
f 504 515 408
f 408 492 624
f 411 408 515
f 623 630 407
f 410 407 630
f 493 492 406
f 493 406 489
f 406 492 408
f 622 623 405
f 405 499 622
f 407 405 623
f 494 618 404
f 494 404 495
f 404 618 491
f 491 490 404
f 490 489 404
f 495 404 409
f 406 403 489
f 403 404 489
f 606 611 402
f 605 401 611
f 484 401 605
f 402 611 401
f 487 488 400
f 486 487 400
f 483 400 488
f 478 400 483
f 477 400 478
f 485 486 399
f 400 399 486
f 400 477 399
f 577 482 398
f 482 485 398
f 577 398 477
f 399 398 485
f 399 477 398
f 481 606 397
f 476 481 397
f 402 397 606
f 601 396 484
f 475 396 601
f 476 394 576
f 468 576 394
f 397 394 476
f 480 393 599
f 474 599 393
f 395 393 480
f 473 392 480
f 395 480 392
f 472 391 473
f 471 391 472
f 392 473 391
f 461 468 390
f 394 390 468
f 467 389 475
f 396 475 389
f 463 474 388
f 393 388 474
f 462 387 471
f 391 471 387
f 452 461 386
f 390 386 461
f 460 385 467
f 389 467 385
f 464 384 465
f 459 465 384
f 463 383 464
f 384 464 383
f 458 382 462
f 387 462 382
f 386 381 452
f 385 460 379
f 380 385 379
f 459 378 460
f 379 460 378
f 384 377 459
f 378 459 377
f 383 376 384
f 377 384 376
f 451 375 458
f 439 375 451
f 382 458 375
f 440 452 374
f 429 440 374
f 381 374 452
f 379 373 380
f 427 428 372
f 378 372 379
f 373 372 428
f 373 379 372
f 426 427 371
f 377 371 378
f 372 371 427
f 372 378 371
f 425 426 370
f 376 370 377
f 371 370 426
f 371 377 370
f 424 425 369
f 370 369 425
f 370 376 369
f 423 368 439
f 375 439 368
f 423 526 367
f 526 419 367
f 368 423 367
f 422 429 366
f 416 422 366
f 415 365 428
f 421 424 364
f 414 421 364
f 364 363 414
f 414 362 420
f 363 362 414
f 419 420 361
f 361 367 419
f 362 361 420
f 410 416 360
f 407 410 360
f 499 359 415
f 365 415 359
f 411 412 358
f 412 409 358
f 404 358 409
f 406 358 403
f 403 358 404
f 408 411 357
f 406 408 357
f 358 357 411
f 358 406 357
f 405 407 356
f 360 356 407
f 499 405 355
f 359 499 355
f 356 355 405
f 401 484 354
f 401 354 402
f 354 484 396
f 394 397 353
f 390 394 353
f 352 396 389
f 396 352 354
f 393 395 351
f 388 393 351
f 392 350 395
f 391 350 392
f 350 391 387
f 351 395 350
f 349 389 385
f 385 380 349
f 389 349 352
f 350 348 351
f 348 350 347
f 346 349 380
f 388 345 463
f 383 463 345
f 376 383 345
f 345 369 376
f 347 344 348
f 343 387 382
f 382 375 343
f 375 368 343
f 387 343 350
f 347 350 343
f 344 347 343
f 374 381 342
f 341 380 373
f 380 341 346
f 369 340 424
f 340 364 424
f 369 345 340
f 368 367 338
f 338 343 368
f 343 338 344
f 339 344 338
f 374 337 429
f 337 366 429
f 342 337 374
f 373 428 336
f 336 428 365
f 373 336 341
f 335 363 364
f 364 340 335
f 362 363 334
f 361 334 367
f 334 361 362
f 334 338 367
f 338 334 339
f 363 335 334
f 366 333 416
f 333 360 416
f 332 365 359
f 359 355 332
f 365 332 336
f 397 402 331
f 354 331 402
f 353 397 331
f 352 330 354
f 331 354 330
f 353 329 390
f 386 390 328
f 329 328 390
f 349 327 352
f 330 352 327
f 351 326 388
f 348 326 351
f 345 388 326
f 381 386 325
f 342 381 325
f 328 325 386
f 346 324 349
f 341 324 346
f 327 349 324
f 326 323 345
f 344 322 348
f 326 348 322
f 323 326 322
f 337 342 321
f 325 321 342
f 336 320 341
f 324 341 320
f 340 345 319
f 335 340 319
f 323 319 345
f 322 319 323
f 339 318 344
f 334 318 339
f 334 335 318
f 322 344 318
f 319 318 335
f 319 322 318
f 366 337 317
f 333 366 317
f 321 317 337
f 332 316 336
f 320 336 316
f 356 360 315
f 360 333 315
f 355 356 314
f 355 314 332
f 316 332 314
f 315 314 356
f 331 313 353
f 313 331 330
f 329 353 313
f 328 329 312
f 313 312 329
f 325 328 311
f 311 321 325
f 312 311 328
f 310 330 327
f 327 324 310
f 324 320 310
f 330 310 313
f 312 313 310
f 311 312 310
f 309 317 321
f 321 311 309
f 310 309 311
f 320 316 308
f 308 310 320
f 309 310 308
f 317 307 333
f 307 315 333
f 317 309 307
f 308 307 309
f 306 316 314
f 315 306 314
f 316 306 308
f 306 315 307
f 307 308 306

