# https://github.com/mikedh/trimesh
v 0.65950519 -0.14388020 -0.27408853
v 0.63736981 -0.16341145 -0.27799478
v 0.03190104 0.91080731 -0.12044271
v 0.66080731 -0.26106772 0.16210938
v 0.07226562 -0.58007812 0.57617188
v 0.07226562 -0.58007812 0.55273438
v 0.02929688 -0.38085938 0.57617188
v 0.02539062 -0.29882812 0.55273438
v -0.02929688 -0.41601562 0.57617188
v -0.07226562 -0.58007812 0.57617188
v 0.07226562 -0.58007812 0.56445312
v -0.13867188 -0.31054688 0.54492188
v -0.07226562 -0.56445312 0.55273438
v 0.02539062 0.61132812 0.55273438
v -0.15820312 -0.41601562 0.54492188
v 0.00585938 0.46679688 0.50195312
v 0.01757812 0.47460938 0.50195312
v -0.01757812 0.47460938 0.50195312
v -0.01757812 0.46679688 0.50195312
v 0.00585938 0.47460938 0.50195312
v -0.32617188 -0.27539062 0.44335938
v -0.25585938 -0.28320312 0.47851562
v 0.16992188 0.23632812 0.38867188
v -0.16992188 0.23632812 0.38867188
v -0.18945312 0.20898438 0.38867188
v -0.15820312 0.23632812 0.38867188
v -0.13867188 0.21679688 0.36914062
v 0.15820312 0.23632812 0.38085938
v 0.27539062 0.59570312 0.31445312
v -0.27539062 0.59570312 0.32617188
v 0.27539062 0.59570312 0.32617188
v 0.35351562 -0.51367188 0.33789062
v 0.45507812 -0.45507812 0.33789062
v 0.13867188 0.86132812 0.30273438
v 0.52148438 -0.43945312 0.26757812
v 0.45507812 -0.47460938 0.26757812
v 0.52148438 -0.43164062 0.23242188
v 0.52148438 -0.43945312 0.23242188
v 0.47460938 -0.47460938 0.28710938
v 0.28320312 0.27539062 0.24414062
v -0.52148438 -0.43164062 0.23242188
v -0.52148438 -0.43945312 0.23242188
v -0.52148438 -0.43945312 0.25585938
v 0.52148438 -0.41601562 0.24414062
v 0.52148438 -0.43945312 0.21289062
v 0.39648438 0.54882812 0.20898438
v 0.00195312 -0.72851562 0.26757812
v -0.52148438 -0.43945312 0.21289062
v 0.69335938 -0.26757812 0.15820312
v 0.66601562 -0.28320312 0.15820312
v 0.66601562 -0.28320312 0.16992188
v -0.54101562 -0.41601562 0.20898438
v -0.04492188 -0.74414062 0.18945312
v 0.66601562 -0.29101562 0.16992188
v -0.04492188 -0.72070312 0.15039062
v -0.18554688 0.89257812 0.16992188
v 0.32617188 0.75976562 0.08398438
v 0.31445312 0.79101562 0.10742188
v -0.32617188 0.79101562 0.10742188
v -0.30273438 0.79882812 0.08398438
v 0.48632812 -0.77929688 0.08398438
v 0.75585938 -0.43164062 0.09570312
v 0.38476562 0.96679688 0.03320312
v 0.34570312 0.96679688 0.08398438
v 0.38476562 0.97460938 0.08398438
v 0.34570312 0.97460938 0.08398438
v 0.27539062 0.96679688 0.08398438
v 0.23632812 0.93164062 0.08398438
v 0.27539062 0.96679688 0.03320312
v 0.30273438 0.96679688 0.08398438
v 0.26367188 0.93164062 0.03320312
v 0.02539062 0.92382812 0.08398438
v -0.02539062 0.96679688 0.08398438
v 0.00585938 0.95898438 0.03320312
v -0.31445312 0.96679688 0.08398438
v -0.23632812 0.93164062 0.08398438
v -0.26367188 0.93164062 0.08398438
v 0.38476562 0.66992188 0.08398438
v 0.34570312 0.65429688 0.03320312
v 0.34570312 0.98242188 0.03320312
v 0.38476562 0.96679688 0.02148438
v 0.41992188 0.93164062 0.01367188
v 0.38476562 0.96679688 0.01367188
v 0.38476562 0.95117188 0.01367188
v 0.39648438 0.97460938 0.03320312
v -0.04492188 0.93164062 0.01367188
v -0.27539062 0.93164062 0.01367188
v -0.26367188 0.93164062 0.03320312
v -0.38476562 0.96679688 0.03320312
v -0.41992188 0.94335938 0.01367188
v -0.34570312 0.96679688 0.01367188
v -0.38476562 0.96679688 0.01367188
v -0.38476562 0.95117188 0.01367188
v 0.41992188 0.51367188 -0.00976562
v -0.52929688 -0.72851562 -0.00976562
v 0.35742188 0.38085938 0.01367188
v -0.34570312 0.95117188 -0.00976562
v -0.45507812 -0.84179688 -0.03320312
v -0.48632812 -0.75976562 -0.03320312
v -0.80664062 -0.42382812 0.01367188
v 0.35742188 0.37304688 -0.04492188
v 0.08398438 0.91601562 -0.04492188
v -0.08398438 0.91601562 -0.04492188
v -0.09570312 0.91601562 -0.04492188
v -0.10742188 0.90820312 -0.08007812
v -0.04492188 0.91601562 -0.02929688
v -0.04492188 0.90820312 -0.09570312
v -0.09570312 0.93164062 -0.09570312
v -0.13867188 0.90039062 -0.08007812
v 0.08398438 0.90820312 -0.09570312
v -0.08398438 0.90820312 -0.09570312
v 0.78320312 -0.48242188 -0.09570312
v -0.04492188 0.90039062 -0.12695312
v -0.45507812 -0.75195312 -0.13867188
v -0.54101562 -0.41601562 -0.13867188
v -0.55664062 -0.41601562 -0.08007812
v 0.21289062 -0.99023438 -0.19335938
v 0.24023438 -0.98242188 -0.21289062
v -0.27539062 -0.95898438 -0.23242188
v 0.16992188 0.75976562 -0.24414062
v -0.62304688 -0.25195312 -0.24414062
v -0.62304688 -0.25195312 -0.25585938
v -0.61523438 -0.24414062 -0.24414062
v 0.08398438 0.86914062 -0.20507812
v 0.71289062 -0.15039062 -0.26757812
v 0.61523438 -0.18554688 -0.27929688
v 0.65039062 -0.16210938 -0.27929688
v 0.16992188 0.75976562 -0.26757812
v 0.16992188 0.72070312 -0.30273438
v -0.61523438 -0.24414062 -0.26757812
v -0.58789062 -0.24414062 -0.26757812
v 0.26367188 0.46679688 -0.30273438
v 0.45507812 -0.43164062 -0.32617188
v -0.41992188 -0.41601562 -0.33789062
v -0.38867188 -0.43945312 -0.34960938
v -0.41992188 -0.41601562 -0.32617188
v -0.41992188 -0.40039062 -0.33789062
v -0.37695312 -0.47460938 -0.38867188
v -0.44335938 -0.45507812 -0.33789062
v -0.36914062 -0.45507812 -0.38867188
v -0.37695312 -0.45507812 -0.40039062
v -0.37695312 -0.44726562 -0.40039062
v -0.37695312 -0.40039062 -0.38867188
v -0.38867188 -0.42382812 -0.38867188
v -0.36914062 -0.39257812 -0.38867188
v -0.32617188 -0.40820312 -0.41210938
v -0.32617188 -0.41601562 -0.43164062
v -0.32617188 -0.43164062 -0.43164062
v -0.32617188 -0.39257812 -0.44335938
v -0.26367188 -0.41601562 -0.45507812
v 0.27148438 -0.16992188 -0.49414062
v -0.26367188 -0.42382812 -0.49414062
v 0.18945312 -0.08789062 -0.49414062
v 0.23632812 -0.18554688 -0.52929688
v 0.23632812 -0.17773438 -0.52929688
v 0.23632812 -0.19335938 -0.54101562
v 0.19726562 -0.18554688 -0.54101562
v 0.20507812 -0.18554688 -0.54101562
v -0.13476562 -0.43164062 -0.52929688
v -0.19726562 -0.41601562 -0.51757812
v -0.19726562 -0.42382812 -0.52929688
v 0.23632812 -0.18554688 -0.54101562
v 0.20898438 -0.25195312 -0.55273438
v 0.20898438 -0.25195312 -0.54101562
v 0.18945312 -0.25195312 -0.55273438
v 0.13476562 -0.42382812 -0.52929688
v 0.19726562 -0.44726562 -0.54101562
v 0.13476562 -0.45507812 -0.54101562
v -0.19726562 -0.46679688 -0.52929688
v -0.13476562 -0.46679688 -0.55273438
v 0.08398438 -0.25195312 -0.57617188
v 0.08398438 -0.34960938 -0.58789062
v -0.02539062 -0.34960938 -0.59570312
v -0.02539062 -0.39257812 -0.59570312
v -0.04492188 -0.39257812 -0.57617188
v -0.08398438 -0.34960938 -0.59570312
v 0.04492188 -0.34960938 -0.59570312
v 0.00195312 -0.34960938 -0.61914062
v -0.04492188 -0.34179688 -0.59570312
v 0.00195312 -0.33398438 -0.59960938
v -0.04492188 -0.34960938 -0.59570312
v -0.08398438 -0.34960938 -0.57617188
v 0.08398438 -0.33398438 -0.59570312
v -0.15820312 -0.33398438 -0.56445312
v -0.08398438 -0.33398438 -0.57617188
v 0.08398438 -0.16992188 -0.55273438
v 0.15820312 -0.17773438 -0.54101562
v -0.18945312 -0.33398438 -0.55273438
v -0.13476562 -0.44726562 -0.55273438
v 0.19726562 -0.41601562 -0.51757812
v 0.18945312 -0.33398438 -0.55273438
v 0.20898438 -0.33398438 -0.55273438
v -0.13476562 -0.42382812 -0.54101562
v -0.13476562 -0.41601562 -0.54101562
v 0.13476562 -0.43164062 -0.51757812
v 0.13476562 -0.42382812 -0.54101562
v 0.15820312 -0.16992188 -0.54101562
v 0.20898438 -0.33398438 -0.54101562
v -0.19726562 -0.43945312 -0.52929688
v -0.26367188 -0.43945312 -0.50585938
v -0.26367188 -0.43945312 -0.49414062
v 0.19726562 -0.42382812 -0.49414062
v -0.26367188 -0.39257812 -0.47851562
v -0.26367188 -0.41601562 -0.47851562
v 0.32617188 -0.41601562 -0.43164062
v 0.26367188 -0.41601562 -0.47851562
v 0.32617188 -0.41601562 -0.41210938
v 0.08398438 0.06054688 -0.46679688
v 0.07226562 0.13476562 -0.43164062
v -0.37695312 -0.42382812 -0.40039062
v -0.38867188 -0.44726562 -0.38867188
v -0.37695312 -0.42382812 -0.38867188
v 0.39648438 -0.40039062 -0.36914062
v -0.36914062 -0.42382812 -0.38867188
v -0.34570312 -0.44726562 -0.36914062
v -0.34570312 -0.42382812 -0.38867188
v 0.39648438 -0.41601562 -0.38867188
v -0.34570312 -0.42382812 -0.36914062
v 0.45507812 -0.41601562 -0.33789062
v 0.49804688 -0.41601562 -0.27929688
v 0.44335938 -0.41601562 -0.32617188
v 0.45507812 -0.33398438 -0.32617188
v 0.44335938 -0.35742188 -0.32617188
v 0.49023438 -0.35742188 -0.27929688
v 0.25585938 0.50585938 -0.30273438
v 0.23632812 0.48242188 -0.27929688
v -0.58007812 -0.16992188 -0.30273438
v 0.13867188 0.75976562 -0.26757812
v 0.61523438 -0.16992188 -0.28710938
v 0.65039062 -0.15039062 -0.28710938
v 0.61523438 -0.19335938 -0.27929688
v 0.58007812 -0.21679688 -0.26757812
v 0.68164062 -0.12695312 -0.26757812
v 0.68164062 -0.13476562 -0.26757812
v -0.65039062 -0.34179688 -0.22460938
v 0.16992188 0.83398438 -0.18164062
v 0.21679688 0.79882812 -0.12695312
v 0.45507812 -0.08007812 -0.23242188
v 0.43945312 0.02148438 -0.22460938
v 0.45507812 -0.08007812 -0.24414062
v 0.08398438 0.83398438 -0.22460938
v -0.30273438 -0.95898438 -0.21289062
v -0.31835938 -0.95898438 -0.20507812
v 0.76367188 -0.48242188 -0.16992188
v 0.78320312 -0.42382812 -0.20507812
v 0.80664062 -0.42382812 -0.15820312
v 0.02539062 0.90039062 -0.16992188
v 0.02539062 0.91601562 -0.19726562
v 0.04492188 0.90039062 -0.12695312
v 0.02539062 0.93164062 -0.14648438
v -0.54101562 -0.40820312 -0.16992188
v -0.04492188 0.93164062 -0.14648438
v -0.02539062 0.90039062 -0.16992188
v -0.54101562 -0.41601562 -0.15039062
v 0.02539062 0.91601562 -0.09570312
v -0.13867188 0.90039062 -0.09570312
v -0.10742188 0.90039062 -0.12695312
v 0.72851562 -0.52148438 -0.10742188
v -0.02539062 0.91601562 -0.09570312
v 0.10742188 0.90820312 -0.08007812
v 0.71289062 -0.52929688 -0.08007812
v -0.50585938 -0.75976562 -0.04492188
v 0.09570312 0.91601562 -0.04492188
v 0.35742188 0.39257812 -0.04492188
v -0.50585938 -0.75976562 -0.00976562
v -0.38476562 0.95117188 -0.00976562
v 0.04492188 0.92382812 -0.00976562
v 0.39648438 0.57226562 -0.00976562
v -0.81445312 -0.34960938 0.01367188
v -0.81445312 -0.35742188 0.01367188
v -0.31445312 0.96679688 0.01367188
v -0.30273438 0.96679688 0.01367188
v 0.31445312 0.96679688 0.01367188
v 0.38476562 0.93164062 0.01367188
v 0.34570312 0.96679688 0.01367188
v 0.35742188 0.37304688 0.01367188
v -0.38476562 0.70507812 0.08398438
v -0.38476562 0.70507812 0.02148438
v -0.34570312 0.69726562 0.09570312
v -0.30273438 0.96679688 0.03320312
v -0.21679688 0.89257812 0.08398438
v -0.02539062 0.92382812 0.03320312
v 0.08398438 0.93164062 0.03320312
v 0.20507812 0.90039062 0.03320312
v 0.23632812 0.93164062 0.03320312
v 0.31445312 0.96679688 0.03320312
v 0.38476562 0.65429688 0.03320312
v 0.38476562 0.96679688 0.08398438
v 0.35742188 0.37304688 0.05664062
v 0.52929688 -0.73632812 0.08398438
v 0.48632812 -0.78710938 0.08398438
v 0.52929688 -0.73632812 0.06835938
v -0.32617188 0.75976562 0.08398438
v 0.21679688 0.89257812 0.08398438
v 0.31445312 0.79882812 0.08398438
v -0.02539062 -0.75195312 0.16992188
v 0.00195312 -0.72070312 0.12695312
v 0.65039062 -0.20898438 0.15820312
v 0.65820312 -0.25976562 0.15820312
v -0.15039062 0.90820312 0.16992188
v 0.00195312 -0.75195312 0.16992188
v 0.00195312 -0.75195312 0.18945312
v 0.15039062 0.88476562 0.23242188
v 0.43164062 0.54882812 0.16992188
v 0.41992188 0.52148438 0.16992188
v 0.41992188 0.52929688 0.18945312
v 0.23632812 0.27539062 0.23242188
v 0.30273438 0.31054688 0.20898438
v 0.54101562 -0.41601562 0.20898438
v -0.16992188 0.88476562 0.23242188
v 0.12695312 0.89257812 0.23242188
v 0.10742188 0.86914062 0.30273438
v 0.52148438 -0.31054688 0.24414062
v -0.31445312 0.59570312 0.30273438
v 0.20507812 0.42382812 0.30273438
v 0.23632812 0.66210938 0.32617188
v -0.27539062 0.60351562 0.32617188
v 0.32617188 -0.52929688 0.38867188
v 0.45507812 -0.41601562 0.33789062
v -0.16992188 0.23632812 0.38085938
v 0.13867188 0.21679688 0.36914062
v 0.18945312 0.20898438 0.38867188
v -0.32617188 -0.28320312 0.44335938
v -0.39648438 -0.28320312 0.40039062
v -0.32617188 -0.31054688 0.45507812
v 0.08398438 0.43945312 0.44335938
v -0.01757812 0.48242188 0.47851562
v 0.00585938 0.48242188 0.47851562
v 0.01757812 0.48242188 0.47851562
v 0.02539062 0.63085938 0.54492188
v -0.15820312 -0.55664062 0.52148438
v -0.15820312 -0.31054688 0.52929688
v -0.15820312 -0.31054688 0.54492188
v -0.15820312 -0.55664062 0.53320312
v 0.04492188 0.62304688 0.54492188
v -0.07226562 -0.55664062 0.55273438
v -0.07226562 -0.58007812 0.55273438
v 0.07226562 -0.41601562 0.56445312
v 0.07226562 -0.54882812 0.57617188
v 0.07226562 -0.56445312 0.55273438
v -0.07226562 -0.58007812 0.56445312
v -0.04492188 -0.59570312 0.57617188
v 0.00195312 -0.59570312 0.57617188
v 0.00195312 -0.59570312 0.59960938
v 0.02929688 -0.59570312 0.57617188
v 0.02929688 -0.41601562 0.57617188
v -0.02929688 -0.59570312 0.59960938
v 0.02929688 -0.59570312 0.58789062
v -0.02929688 -0.58007812 0.56445312
v -0.02929688 -0.38085938 0.57617188
v -0.07226562 -0.41601562 0.56445312
v -0.07226562 -0.54882812 0.57617188
v 0.04492188 0.63867188 0.50195312
v 0.06445312 0.43164062 0.46679688
v 0.15820312 0.23632812 0.38867188
v 0.28320312 0.52929688 0.32617188
v -0.27539062 0.52929688 0.33789062
v 0.31445312 0.59570312 0.30273438
v 0.36914062 -0.51367188 0.33789062
v -0.45507812 -0.46679688 0.26757812
v 0.13867188 0.90820312 0.16992188
v -0.02539062 -0.74414062 0.16992188
v 0.16992188 0.89257812 0.16992188
v 0.78320312 -0.42382812 0.06835938
v 0.02539062 0.92382812 0.03320312
v -0.09570312 0.93164062 0.03320312
v -0.41992188 0.93164062 0.01367188
v 0.37695312 0.57226562 -0.00976562
v 0.02539062 0.93164062 -0.04492188
v -0.47851562 -0.71289062 -0.12695312
v 0.22070312 -0.99023438 -0.18164062
v 0.22070312 -0.98242188 -0.21289062
v 0.16992188 0.79882812 -0.24414062
v 0.16992188 0.79101562 -0.22460938
v 0.41992188 0.01367188 -0.22460938
v 0.04492188 0.86914062 -0.27539062
v 0.08398438 0.20117188 -0.40039062
v 0.13476562 -0.41601562 -0.55273438
v 0.19726562 -0.45507812 -0.52929688
v 0.13476562 -0.44726562 -0.55273438
v 0.00195312 -0.43164062 -0.61914062
v 0.00195312 -0.39257812 -0.61914062
v 0.00195312 -0.46679688 -0.59960938
v 0.08398438 -0.34960938 -0.59570312
v -0.08398438 -0.39257812 -0.57617188
v -0.04492188 -0.41601562 -0.57617188
v 0.00195312 -0.49804688 -0.57617188
v 0.00195312 -0.25195312 -0.57617188
v 0.04492188 -0.41601562 -0.57617188
v 0.04492188 -0.40820312 -0.57617188
v 0.08398438 -0.39257812 -0.57617188
v 0.13476562 -0.34960938 -0.57617188
v -0.15820312 -0.34960938 -0.56445312
v -0.13476562 -0.39257812 -0.56445312
v -0.08398438 -0.25195312 -0.56445312
v -0.08007812 -0.41601562 -0.56445312
v -0.04492188 -0.43945312 -0.56445312
v -0.04492188 -0.42382812 -0.56445312
v -0.02929688 -0.43945312 -0.56445312
v 0.00195312 -0.52929688 -0.56445312
v 0.04492188 -0.43945312 -0.56445312
v 0.04492188 -0.42382812 -0.56445312
v 0.08007812 -0.41601562 -0.56445312
v 0.13476562 -0.39257812 -0.56445312
v 0.15820312 -0.34960938 -0.56445312
v 0.15820312 -0.33398438 -0.56445312
v -0.15820312 -0.39257812 -0.55273438
v -0.15820312 -0.34960938 -0.55273438
v -0.15820312 -0.33398438 -0.55273438
v -0.08007812 -0.42382812 -0.55273438
v -0.04492188 -0.43945312 -0.55273438
v -0.02929688 -0.52929688 -0.55273438
v -0.02929688 -0.47460938 -0.55273438
v 0.00585938 -0.16992188 -0.55273438
v 0.02929688 -0.52929688 -0.55273438
v 0.02929688 -0.47460938 -0.55273438
v 0.04492188 -0.43945312 -0.55273438
v 0.08007812 -0.43945312 -0.55273438
v 0.08007812 -0.42382812 -0.55273438
v 0.15820312 -0.39257812 -0.55273438
v 0.15820312 -0.25195312 -0.55273438
v -0.19726562 -0.34960938 -0.54101562
v -0.18945312 -0.25195312 -0.54101562
v -0.13476562 -0.45507812 -0.54101562
v -0.08398438 -0.16992188 -0.54101562
v -0.08007812 -0.46679688 -0.54101562
v -0.08007812 -0.43945312 -0.54101562
v -0.04492188 -0.52929688 -0.54101562
v -0.04492188 -0.47460938 -0.54101562
v 0.04492188 -0.52929688 -0.54101562
v 0.04492188 -0.47460938 -0.54101562
v 0.08007812 -0.43945312 -0.54101562
v 0.19726562 -0.34960938 -0.54101562
v 0.00585938 -0.08789062 -0.53710938
v -0.19726562 -0.39257812 -0.52929688
v -0.19726562 -0.36523438 -0.52929688
v -0.08007812 -0.47460938 -0.52929688
v -0.08007812 -0.45507812 -0.52929688
v -0.07226562 -0.47460938 -0.52929688
v 0.07226562 -0.47460938 -0.52929688
v 0.08007812 -0.47460938 -0.52929688
v 0.08398438 -0.08789062 -0.52929688
v 0.13476562 -0.44726562 -0.52929688
v 0.19726562 -0.42382812 -0.52929688
v 0.19726562 -0.39257812 -0.52929688
v 0.19726562 -0.36523438 -0.52929688
v -0.26367188 -0.33398438 -0.51757812
v -0.19726562 -0.46679688 -0.51757812
v -0.18945312 -0.16992188 -0.51757812
v -0.13476562 -0.43164062 -0.51757812
v -0.08398438 -0.08789062 -0.51757812
v -0.07226562 -0.52929688 -0.51757812
v 0.00195312 -0.58007812 -0.51757812
v 0.07226562 -0.52929688 -0.51757812
v 0.08007812 -0.46679688 -0.51757812
v 0.19726562 -0.44726562 -0.51757812
v 0.26367188 -0.45507812 -0.51757812
v 0.26367188 -0.33398438 -0.51757812
v -0.26367188 -0.46679688 -0.50585938
v -0.26367188 -0.36523438 -0.50585938
v -0.26367188 -0.25195312 -0.50585938
v -0.19726562 -0.45507812 -0.50585938
v 0.00585938 -0.01367188 -0.50585938
v 0.02929688 -0.58007812 -0.50585938
v 0.08398438 -0.01367188 -0.50585938
v 0.26367188 -0.36523438 -0.50585938
v -0.26367188 -0.36523438 -0.49414062
v -0.19726562 -0.43164062 -0.49414062
v -0.19726562 -0.42382812 -0.49414062
v -0.18945312 -0.08789062 -0.49414062
v -0.13476562 -0.44726562 -0.49414062
v -0.08398438 -0.01367188 -0.49414062
v -0.07226562 -0.52929688 -0.49414062
v -0.02929688 -0.58007812 -0.49414062
v 0.07226562 -0.52929688 -0.49414062
v 0.19726562 -0.43164062 -0.49414062
v 0.26367188 -0.46679688 -0.49414062
v 0.26367188 -0.42382812 -0.49414062
v 0.26367188 -0.36523438 -0.49414062
v 0.26367188 -0.25195312 -0.49414062
v -0.26367188 -0.47460938 -0.47851562
v -0.26367188 -0.16992188 -0.47851562
v -0.13476562 -0.46679688 -0.47851562
v -0.04492188 -0.58007812 -0.47851562
v 0.00585938 0.06054688 -0.47851562
v 0.04492188 -0.58007812 -0.47851562
v 0.08007812 -0.52929688 -0.47851562
v 0.13476562 -0.46679688 -0.47851562
v 0.18945312 -0.01367188 -0.47851562
v 0.26367188 -0.47460938 -0.47851562
v 0.26367188 -0.46679688 -0.47851562
v 0.26367188 -0.39257812 -0.47851562
v -0.26367188 -0.46679688 -0.46679688
v -0.26367188 -0.43164062 -0.46679688
v -0.19726562 -0.43945312 -0.46679688
v -0.18945312 -0.01367188 -0.46679688
v -0.08398438 0.06054688 -0.46679688
v 0.19726562 -0.43945312 -0.46679688
v 0.26367188 -0.43164062 -0.46679688
v 0.27148438 -0.08789062 -0.46679688
v 0.32617188 -0.46679688 -0.46679688
v -0.34570312 -0.33398438 -0.45507812
v -0.32617188 -0.46679688 -0.45507812
v -0.32617188 -0.43945312 -0.45507812
v -0.26367188 -0.08789062 -0.45507812
v -0.10742188 -0.52148438 -0.45507812
v -0.02929688 -0.63085938 -0.45507812
v 0.00195312 -0.63085938 -0.45507812
v 0.04492188 -0.58007812 -0.45507812
v 0.10742188 -0.52148438 -0.45507812
v 0.26367188 -0.41601562 -0.45507812
v 0.32617188 -0.46679688 -0.45507812
v 0.32617188 -0.43945312 -0.45507812
v 0.32617188 -0.42382812 -0.45507812
v 0.34570312 -0.33398438 -0.45507812
v 0.34570312 -0.25195312 -0.45507812
v -0.34570312 -0.25195312 -0.44335938
v -0.32617188 -0.47460938 -0.44335938
v -0.32617188 -0.42382812 -0.44335938
v -0.32617188 -0.36523438 -0.44335938
v -0.19726562 -0.46679688 -0.44335938
v -0.18945312 0.06054688 -0.44335938
v -0.07226562 -0.58007812 -0.44335938
v 0.02929688 -0.63085938 -0.44335938
v 0.18945312 0.06054688 -0.44335938
v 0.19726562 -0.46679688 -0.44335938
v 0.26367188 -0.01367188 -0.44335938
v 0.32617188 -0.47460938 -0.44335938
v 0.32617188 -0.42382812 -0.44335938
v 0.34570312 -0.36523438 -0.44335938
v 0.34570312 -0.16992188 -0.44335938
v -0.32617188 -0.46679688 -0.43164062
v -0.27539062 -0.43164062 -0.43164062
v -0.26367188 -0.01367188 -0.43164062
v -0.15820312 -0.52148438 -0.43164062
v -0.08398438 0.13476562 -0.43164062
v -0.02929688 -0.63085938 -0.43164062
v 0.00585938 0.13476562 -0.43164062
v 0.07226562 -0.58007812 -0.43164062
v 0.08398438 0.13476562 -0.43164062
v 0.15820312 -0.52148438 -0.43164062
v 0.27539062 -0.43164062 -0.43164062
v 0.32617188 -0.46679688 -0.43164062
v 0.32617188 -0.43164062 -0.43164062
v 0.34570312 -0.39257812 -0.43164062
v -0.34570312 -0.16992188 -0.42382812
v 0.02929688 -0.63085938 -0.42382812
v 0.34570312 -0.08789062 -0.42382812
v -0.34570312 -0.40039062 -0.41210938
v -0.27539062 -0.45507812 -0.41210938
v -0.02929688 -0.63085938 -0.41210938
v 0.26367188 0.06054688 -0.41210938
v 0.27539062 -0.45507812 -0.41210938
v -0.37695312 -0.43945312 -0.40039062
v -0.37695312 -0.36523438 -0.40039062
v -0.37695312 -0.33398438 -0.40039062
v -0.34570312 -0.08789062 -0.40039062
v -0.26367188 0.06054688 -0.40039062
v -0.21289062 -0.52148438 -0.40039062
v -0.18945312 0.13476562 -0.40039062
v -0.10742188 -0.58007812 -0.40039062
v -0.08398438 0.20117188 -0.40039062
v 0.00585938 0.20898438 -0.40039062
v 0.00585938 0.29101562 -0.40039062
v 0.10742188 -0.58007812 -0.40039062
v 0.18945312 0.13476562 -0.40039062
v 0.21289062 -0.52148438 -0.40039062
v 0.32617188 -0.00585938 -0.40039062
v 0.38867188 -0.46679688 -0.40039062
v 0.39648438 -0.44726562 -0.40039062
v 0.39648438 -0.43945312 -0.40039062
v -0.37695312 -0.36523438 -0.38867188
v -0.32617188 -0.00585938 -0.38867188
v -0.16992188 0.20117188 -0.38867188
v -0.10742188 0.49023438 -0.38867188
v -0.10742188 0.58789062 -0.38867188
v -0.08398438 0.29101562 -0.38867188
v -0.07226562 0.25195312 -0.38867188
v -0.04492188 -0.63085938 -0.38867188
v -0.02929688 -0.66210938 -0.38867188
v 0.00195312 -0.66210938 -0.38867188
v 0.00585938 0.25195312 -0.38867188
v 0.00585938 0.33398438 -0.38867188
v 0.00585938 0.49023438 -0.38867188
v 0.02539062 0.37304688 -0.38867188
v 0.02929688 -0.66210938 -0.38867188
v 0.04492188 -0.63085938 -0.38867188
v 0.04492188 0.49023438 -0.38867188
v 0.07226562 0.25195312 -0.38867188
v 0.08398438 0.29101562 -0.38867188
v 0.08398438 0.49023438 -0.38867188
v 0.08398438 0.58789062 -0.38867188
v 0.16992188 0.20117188 -0.38867188
v 0.34570312 -0.42382812 -0.38867188
v 0.36914062 -0.46679688 -0.38867188
v 0.36914062 -0.43164062 -0.38867188
v 0.38867188 -0.41601562 -0.38867188
v 0.39648438 -0.47460938 -0.38867188
v 0.39648438 -0.45507812 -0.38867188
v 0.39648438 -0.43164062 -0.38867188
v 0.39648438 -0.39257812 -0.38867188
v 0.39648438 -0.36523438 -0.38867188
v 0.41992188 -0.37304688 -0.38867188
v 0.41992188 -0.33398438 -0.38867188
v 0.41992188 -0.16992188 -0.38867188
v 0.00585938 0.29101562 -0.38085938
v -0.37695312 -0.46679688 -0.36914062
v -0.27539062 -0.51367188 -0.36914062
v -0.26367188 0.12695312 -0.36914062
v -0.15820312 -0.58007812 -0.36914062
v -0.12695312 0.49023438 -0.36914062
v -0.10742188 0.29101562 -0.36914062
v -0.10742188 0.58789062 -0.36914062
v -0.08398438 0.33398438 -0.36914062
v -0.08398438 0.49023438 -0.36914062
v -0.08398438 0.58789062 -0.36914062
v -0.04492188 0.49023438 -0.36914062
v -0.02929688 0.37304688 -0.36914062
v 0.02539062 0.42382812 -0.36914062
v 0.02539062 0.46679688 -0.36914062
v 0.04492188 0.58789062 -0.36914062
v 0.07226562 0.37304688 -0.36914062
v 0.08398438 0.33398438 -0.36914062
v 0.08398438 0.49023438 -0.36914062
v 0.13085938 0.49023438 -0.36914062
v 0.15039062 0.49804688 -0.36914062
v 0.15820312 -0.58007812 -0.36914062
v 0.26367188 0.12695312 -0.36914062
v 0.27539062 -0.51367188 -0.36914062
v 0.34570312 -0.44726562 -0.36914062
v 0.38867188 -0.43164062 -0.36914062
v 0.38867188 -0.40820312 -0.36914062
v 0.38867188 -0.08789062 -0.36914062
v 0.39648438 -0.46679688 -0.36914062
v 0.41992188 -0.25195312 -0.36914062
v -0.41992188 -0.25195312 -0.36132812
v -0.15820312 0.29101562 -0.36132812
v -0.13867188 0.25195312 -0.36132812
v -0.08398438 0.29101562 -0.36132812
v -0.08398438 0.37304688 -0.36132812
v -0.04492188 0.58789062 -0.36132812
v -0.02539062 0.42382812 -0.36132812
v -0.02539062 0.46679688 -0.36132812
v 0.00585938 0.31054688 -0.36132812
v 0.00585938 0.58789062 -0.36132812
v 0.08398438 0.29101562 -0.36132812
v 0.08398438 0.37304688 -0.36132812
v 0.08398438 0.42382812 -0.36132812
v 0.08398438 0.46679688 -0.36132812
v 0.10742188 0.58789062 -0.36132812
v 0.13867188 0.25195312 -0.36132812
v 0.13867188 0.29101562 -0.36132812
v 0.32226562 0.06054688 -0.36132812
v -0.41992188 -0.33398438 -0.34960938
v -0.41992188 -0.16992188 -0.34960938
v -0.32226562 0.06054688 -0.34960938
v -0.23632812 0.19335938 -0.34960938
v -0.15820312 0.33398438 -0.34960938
v -0.13867188 0.49023438 -0.34960938
v -0.13867188 0.58789062 -0.34960938
v -0.10742188 0.29882812 -0.34960938
v -0.10742188 0.37304688 -0.34960938
v -0.10742188 0.42382812 -0.34960938
v -0.10742188 0.46679688 -0.34960938
v -0.08398438 -0.63085938 -0.34960938
v -0.08398438 0.31054688 -0.34960938
v -0.08398438 0.42382812 -0.34960938
v -0.08398438 0.46679688 -0.34960938
v -0.08398438 0.66210938 -0.34960938
v 0.04492188 0.66210938 -0.34960938
v 0.08007812 -0.63085938 -0.34960938
v 0.08398438 0.31054688 -0.34960938
v 0.08398438 0.42382812 -0.34960938
v 0.08398438 0.46679688 -0.34960938
v 0.08398438 0.58789062 -0.34960938
v 0.08398438 0.66210938 -0.34960938
v 0.13867188 0.31054688 -0.34960938
v 0.13867188 0.33398438 -0.34960938
v 0.13867188 0.37304688 -0.34960938
v 0.13867188 0.42382812 -0.34960938
v 0.13867188 0.46679688 -0.34960938
v 0.13867188 0.58789062 -0.34960938
v 0.23632812 0.19335938 -0.34960938
v -0.44335938 -0.43164062 -0.33789062
v -0.44335938 -0.41601562 -0.33789062
v -0.41992188 -0.36523438 -0.33789062
v -0.38867188 -0.08007812 -0.33789062
v -0.34570312 -0.49804688 -0.33789062
v -0.32226562 0.11914062 -0.33789062
v -0.21289062 -0.58007812 -0.33789062
v -0.20507812 0.24414062 -0.33789062
v -0.20507812 0.29101562 -0.33789062
v -0.16210938 0.49023438 -0.33789062
v -0.15820312 0.29101562 -0.33789062
v -0.15820312 0.37304688 -0.33789062
v -0.08398438 0.66210938 -0.33789062
v -0.04492188 0.66210938 -0.33789062
v -0.02929688 -0.67773438 -0.33789062
v -0.00976562 -0.67773438 -0.33789062
v 0.00195312 -0.67773438 -0.33789062
v 0.00585938 0.66210938 -0.33789062
v 0.00976562 -0.67773438 -0.33789062
v 0.02929688 -0.67773438 -0.33789062
v 0.12695312 -0.63085938 -0.33789062
v 0.15820312 0.37304688 -0.33789062
v 0.16992188 0.49804688 -0.33789062
v 0.18945312 0.31054688 -0.33789062
v 0.20507812 0.24414062 -0.33789062
v 0.20507812 0.29882812 -0.33789062
v 0.21289062 -0.58007812 -0.33789062
v 0.25585938 0.54101562 -0.33789062
v 0.32226562 0.11914062 -0.33789062
v 0.34570312 -0.49804688 -0.33789062
v 0.45507812 -0.45507812 -0.33789062
v 0.45507812 -0.43945312 -0.33789062
v -0.43554688 -0.45507812 -0.32617188
v -0.30273438 0.18554688 -0.32617188
v -0.20507812 0.33398438 -0.32617188
v -0.16992188 0.31054688 -0.32617188
v -0.16210938 0.58789062 -0.32617188
v -0.15820312 0.42382812 -0.32617188
v -0.15039062 -0.63085938 -0.32617188
v -0.13867188 0.46679688 -0.32617188
v -0.08398438 0.72070312 -0.32617188
v -0.04492188 -0.66992188 -0.32617188
v 0.04492188 -0.66992188 -0.32617188
v 0.04492188 0.72070312 -0.32617188
v 0.08398438 0.72070312 -0.32617188
v 0.15820312 0.42382812 -0.32617188
v 0.15820312 0.47460938 -0.32617188
v 0.15820312 0.58789062 -0.32617188
v 0.16992188 0.31054688 -0.32617188
v 0.16992188 0.66210938 -0.32617188
v 0.20507812 0.33398438 -0.32617188
v 0.30273438 0.18554688 -0.32617188
v 0.41992188 -0.42382812 -0.32617188
v 0.41992188 -0.08007812 -0.32617188
v 0.45507812 -0.45507812 -0.32617188
v 0.45507812 -0.39257812 -0.32617188
v 0.45507812 -0.35742188 -0.32617188
v 0.45507812 -0.25195312 -0.32617188
v 0.45507812 -0.16992188 -0.32617188
v -0.43554688 -0.43945312 -0.31445312
v -0.37695312 -0.00585938 -0.31445312
v -0.27539062 -0.58007812 -0.31445312
v -0.26367188 0.46679688 -0.31445312
v -0.23632812 0.49804688 -0.31445312
v -0.20507812 0.29882812 -0.31445312
v -0.20507812 0.49804688 -0.31445312
v -0.10742188 0.66210938 -0.31445312
v -0.04492188 0.72070312 -0.31445312
v 0.00585938 0.72070312 -0.31445312
v 0.08398438 0.66210938 -0.31445312
v 0.13085938 0.66210938 -0.31445312
v 0.20507812 0.31054688 -0.31445312
v 0.20507812 0.49804688 -0.31445312
v 0.25585938 0.46679688 -0.31445312
v 0.37695312 -0.00585938 -0.31445312
v -0.65039062 -0.04492188 -0.30273438
v -0.62304688 -0.03710938 -0.30273438
v -0.61523438 -0.09570312 -0.30273438
v -0.58789062 -0.08789062 -0.30273438
v -0.55664062 -0.16992188 -0.30273438
v -0.45507812 -0.25195312 -0.30273438
v -0.35742188 0.06835938 -0.30273438
v -0.35742188 0.11914062 -0.30273438
v -0.26367188 0.24414062 -0.30273438
v -0.26367188 0.29101562 -0.30273438
v -0.23632812 0.49804688 -0.30273438
v -0.20507812 0.37304688 -0.30273438
v -0.20507812 0.58789062 -0.30273438
v -0.16992188 0.66210938 -0.30273438
v -0.13867188 0.66210938 -0.30273438
v -0.08398438 0.72070312 -0.30273438
v -0.08398438 0.75976562 -0.30273438
v -0.07226562 -0.66992188 -0.30273438
v 0.02539062 0.73632812 -0.30273438
v 0.04492188 0.75976562 -0.30273438
v 0.07226562 -0.66992188 -0.30273438
v 0.15820312 -0.63085938 -0.30273438
v 0.20507812 0.37304688 -0.30273438
v 0.20507812 0.58789062 -0.30273438
v 0.26367188 0.24414062 -0.30273438
v 0.26367188 0.29882812 -0.30273438
v 0.27539062 -0.58007812 -0.30273438
v 0.35742188 0.06835938 -0.30273438
v 0.35742188 0.11914062 -0.30273438
v 0.41992188 -0.43945312 -0.30273438
v 0.58789062 -0.08789062 -0.30273438
v 0.61523438 -0.09570312 -0.30273438
v 0.62304688 -0.03710938 -0.30273438
v 0.65039062 -0.04492188 -0.30273438
v -0.65039062 -0.14257812 -0.28710938
v -0.61523438 -0.16992188 -0.28710938
v -0.61523438 -0.03710938 -0.28710938
v -0.58789062 -0.16992188 -0.28710938
v -0.56835938 -0.08789062 -0.28710938
v -0.54101562 -0.16992188 -0.28710938
v -0.48632812 -0.45507812 -0.28710938
v -0.48632812 -0.43945312 -0.28710938
v -0.47460938 -0.41601562 -0.28710938
v -0.45507812 -0.40820312 -0.28710938
v -0.45507812 -0.39257812 -0.28710938
v -0.45507812 -0.35742188 -0.28710938
v -0.45507812 -0.33398438 -0.28710938
v -0.45507812 -0.16992188 -0.28710938
v -0.34570312 -0.58007812 -0.28710938
v -0.34570312 0.18554688 -0.28710938
v -0.30273438 0.45507812 -0.28710938
v -0.26367188 -0.63867188 -0.28710938
v -0.26367188 0.33398438 -0.28710938
v -0.25585938 0.29882812 -0.28710938
v -0.25585938 0.50585938 -0.28710938
v -0.25585938 0.58789062 -0.28710938
v -0.23632812 0.31054688 -0.28710938
v -0.23632812 0.48242188 -0.28710938
v -0.20507812 -0.63085938 -0.28710938
v -0.20507812 0.42382812 -0.28710938
v -0.20507812 0.46679688 -0.28710938
v -0.18554688 0.66210938 -0.28710938
v -0.16992188 0.72070312 -0.28710938
v -0.13867188 0.72070312 -0.28710938
v -0.10742188 0.72070312 -0.28710938
v -0.04492188 0.75976562 -0.28710938
v 0.00585938 0.75976562 -0.28710938
v 0.02539062 0.75976562 -0.28710938
v 0.08398438 0.72070312 -0.28710938
v 0.08398438 0.75976562 -0.28710938
v 0.13867188 0.72070312 -0.28710938
v 0.15039062 0.74414062 -0.28710938
v 0.16992188 0.66210938 -0.28710938
v 0.20507812 -0.63085938 -0.28710938
v 0.20507812 0.42382812 -0.28710938
v 0.20507812 0.46679688 -0.28710938
v 0.23632812 0.31054688 -0.28710938
v 0.23632812 0.50585938 -0.28710938
v 0.25585938 0.31054688 -0.28710938
v 0.25585938 0.33398438 -0.28710938
v 0.25585938 0.50585938 -0.28710938
v 0.25585938 0.59570312 -0.28710938
v 0.26367188 -0.63867188 -0.28710938
v 0.30273438 0.45507812 -0.28710938
v 0.34570312 -0.58007812 -0.28710938
v 0.34570312 0.18554688 -0.28710938
v 0.45507812 -0.42382812 -0.28710938
v 0.52148438 -0.20117188 -0.28710938
v 0.55664062 -0.20898438 -0.28710938
v 0.55664062 -0.16210938 -0.28710938
v 0.56835938 -0.08789062 -0.28710938
v 0.58007812 -0.16992188 -0.28710938
v 0.61523438 -0.03710938 -0.28710938
v -0.67382812 -0.09570312 -0.27929688
v -0.65039062 -0.16210938 -0.27929688
v -0.65039062 -0.09570312 -0.27929688
v -0.65039062 -0.05273438 -0.27929688
v -0.62304688 -0.09570312 -0.27929688
v -0.61523438 -0.17773438 -0.27929688
v -0.54101562 -0.08789062 -0.27929688
v -0.47460938 -0.45507812 -0.27929688
v -0.45507812 -0.43945312 -0.27929688
v -0.32226562 0.28320312 -0.27929688
v -0.31835938 -0.71289062 -0.27929688
v -0.31835938 -0.67773438 -0.27929688
v -0.31835938 -0.64648438 -0.27929688
v -0.29882812 -0.70507812 -0.27929688
v -0.27539062 -0.72851562 -0.27929688
v -0.26367188 -0.70507812 -0.27929688
v -0.25585938 -0.72070312 -0.27929688
v -0.25585938 0.37304688 -0.27929688
v -0.23632812 -0.70507812 -0.27929688
v -0.23632812 0.48242188 -0.27929688
v -0.23632812 0.58789062 -0.27929688
v -0.10742188 -0.66992188 -0.27929688
v 0.00195312 -0.71289062 -0.27929688
v 0.00976562 -0.71289062 -0.27929688
v 0.10742188 -0.66992188 -0.27929688
v 0.23632812 -0.70507812 -0.27929688
v 0.23632812 0.58789062 -0.27929688
v 0.24804688 -0.72851562 -0.27929688
v 0.26367188 -0.72851562 -0.27929688
v 0.26367188 -0.70507812 -0.27929688
v 0.31835938 -0.71289062 -0.27929688
v 0.31835938 -0.67773438 -0.27929688
v 0.49023438 -0.39257812 -0.27929688
v 0.49804688 -0.43945312 -0.27929688
v 0.51367188 -0.45507812 -0.27929688
v 0.51367188 -0.43164062 -0.27929688
v 0.52148438 -0.16210938 -0.27929688
v 0.54101562 -0.16210938 -0.27929688
v 0.54101562 -0.08007812 -0.27929688
v 0.62304688 -0.09570312 -0.27929688
v 0.65039062 -0.09570312 -0.27929688
v 0.65039062 -0.05273438 -0.27929688
v 0.68164062 -0.09570312 -0.27929688
v -0.71289062 -0.14257812 -0.26757812
v -0.69335938 -0.22460938 -0.26757812
v -0.69335938 -0.13476562 -0.26757812
v -0.68164062 -0.13476562 -0.26757812
v -0.68164062 0.00585938 -0.26757812
v -0.66601562 0.02148438 -0.26757812
v -0.65039062 -0.24414062 -0.26757812
v -0.58789062 -0.03710938 -0.26757812
v -0.58007812 -0.25195312 -0.26757812
v -0.55664062 -0.01367188 -0.26757812
v -0.54101562 -0.21679688 -0.26757812
v -0.52148438 -0.16992188 -0.26757812
v -0.43554688 -0.47460938 -0.26757812
v -0.38867188 0.10351562 -0.26757812
v -0.37695312 0.18554688 -0.26757812
v -0.35351562 -0.71289062 -0.26757812
v -0.32617188 -0.71289062 -0.26757812
v -0.32617188 0.24414062 -0.26757812
v -0.30273438 -0.75195312 -0.26757812
v -0.30273438 0.32617188 -0.26757812
v -0.30273438 0.55664062 -0.26757812
v -0.29882812 -0.67773438 -0.26757812
v -0.28320312 0.50585938 -0.26757812
v -0.28320312 0.59570312 -0.26757812
v -0.27539062 -0.83398438 -0.26757812
v -0.27539062 -0.75195312 -0.26757812
v -0.27539062 -0.72070312 -0.26757812
v -0.26367188 -0.83398438 -0.26757812
v -0.26367188 -0.66992188 -0.26757812
v -0.26367188 0.63867188 -0.26757812
v -0.25585938 -0.75195312 -0.26757812
v -0.24023438 -0.82617188 -0.26757812
v -0.23632812 -0.74414062 -0.26757812
v -0.23632812 -0.66992188 -0.26757812
v -0.22070312 -0.82617188 -0.26757812
v -0.21679688 0.66210938 -0.26757812
v -0.21289062 -0.73632812 -0.26757812
v -0.21289062 -0.66992188 -0.26757812
v -0.20507812 -0.82617188 -0.26757812
v -0.16992188 0.72070312 -0.26757812
v -0.16992188 0.75976562 -0.26757812
v -0.15820312 -0.66992188 -0.26757812
v -0.13867188 0.75976562 -0.26757812
v -0.08398438 0.75976562 -0.26757812
v -0.08398438 0.79882812 -0.26757812
v -0.04492188 0.80664062 -0.26757812
v -0.02929688 -0.70507812 -0.26757812
v -0.00976562 -0.70507812 -0.26757812
v 0.02539062 0.80664062 -0.26757812
v 0.02929688 -0.70507812 -0.26757812
v 0.08398438 0.79882812 -0.26757812
v 0.15820312 -0.66992188 -0.26757812
v 0.16992188 0.72070312 -0.26757812
v 0.20507812 -0.82617188 -0.26757812
v 0.20507812 -0.66992188 -0.26757812
v 0.20507812 0.66210938 -0.26757812
v 0.21289062 -0.73632812 -0.26757812
v 0.22070312 -0.82617188 -0.26757812
v 0.23632812 -0.74414062 -0.26757812
v 0.23632812 -0.66992188 -0.26757812
v 0.24023438 -0.82617188 -0.26757812
v 0.24804688 -0.75195312 -0.26757812
v 0.25585938 0.37304688 -0.26757812
v 0.26367188 -0.83398438 -0.26757812
v 0.26367188 -0.66992188 -0.26757812
v 0.26367188 0.63867188 -0.26757812
v 0.27539062 -0.83398438 -0.26757812
v 0.27539062 -0.75195312 -0.26757812
v 0.28320312 0.50585938 -0.26757812
v 0.28320312 0.55664062 -0.26757812
v 0.28320312 0.59570312 -0.26757812
v 0.30273438 -0.75195312 -0.26757812
v 0.30273438 -0.72070312 -0.26757812
v 0.30273438 -0.67773438 -0.26757812
v 0.30273438 -0.66210938 -0.26757812
v 0.32226562 0.24414062 -0.26757812
v 0.32226562 0.29882812 -0.26757812
v 0.32617188 -0.71289062 -0.26757812
v 0.35351562 -0.71289062 -0.26757812
v 0.37695312 0.17773438 -0.26757812
v 0.38867188 0.11132812 -0.26757812
v 0.43554688 -0.47460938 -0.26757812
v 0.45507812 -0.43945312 -0.26757812
v 0.49023438 -0.16992188 -0.26757812
v 0.49804688 -0.45507812 -0.26757812
v 0.50585938 -0.25195312 -0.26757812
v 0.50585938 -0.16992188 -0.26757812
v 0.55664062 -0.01367188 -0.26757812
v 0.58789062 -0.03710938 -0.26757812
v 0.65039062 -0.24414062 -0.26757812
v 0.66601562 0.02148438 -0.26757812
v 0.68164062 0.00585938 -0.26757812
v 0.69335938 -0.23632812 -0.26757812
v -0.49804688 -0.16992188 -0.25585938
v -0.30273438 0.29882812 -0.25585938
v -0.27539062 0.37304688 -0.25585938
v 0.30273438 0.31054688 -0.25585938
v 0.30273438 0.33398438 -0.25585938
v -0.76367188 -0.36523438 -0.24414062
v -0.76367188 -0.32617188 -0.24414062
v -0.76367188 -0.31835938 -0.24414062
v -0.74023438 -0.19335938 -0.24414062
v -0.72851562 -0.42382812 -0.24414062
v -0.72851562 -0.36523438 -0.24414062
v -0.72851562 -0.34179688 -0.24414062
v -0.69335938 -0.42382812 -0.24414062
v -0.68164062 -0.36523438 -0.24414062
v -0.68164062 -0.34960938 -0.24414062
v -0.68164062 -0.01367188 -0.24414062
v -0.67382812 -0.04492188 -0.24414062
v -0.66601562 -0.36523438 -0.24414062
v -0.65039062 0.01367188 -0.24414062
v -0.50585938 -0.25195312 -0.24414062
v -0.49804688 -0.33398438 -0.24414062
v -0.49023438 -0.06835938 -0.24414062
v -0.49023438 0.06054688 -0.24414062
v -0.45507812 -0.08007812 -0.24414062
v -0.44335938 0.11914062 -0.24414062
v -0.41992188 -0.58007812 -0.24414062
v -0.35351562 -0.75195312 -0.24414062
v -0.32617188 -0.75195312 -0.24414062
v -0.32226562 0.45507812 -0.24414062
v -0.31835938 -0.90820312 -0.24414062
v -0.31835938 -0.83398438 -0.24414062
v -0.30273438 0.29882812 -0.24414062
v -0.27539062 -0.90820312 -0.24414062
v -0.26367188 -0.90820312 -0.24414062
v -0.26367188 0.42382812 -0.24414062
v -0.26367188 0.46679688 -0.24414062
v -0.26367188 0.47460938 -0.24414062
v -0.26367188 0.66992188 -0.24414062
v -0.24804688 -0.95898438 -0.24414062
v -0.24023438 -0.90039062 -0.24414062
v -0.23632812 0.66210938 -0.24414062
v -0.22070312 -0.90039062 -0.24414062
v -0.21289062 -0.90039062 -0.24414062
v -0.20507812 0.72070312 -0.24414062
v -0.16992188 0.75976562 -0.24414062
v -0.16992188 0.79882812 -0.24414062
v -0.15820312 -0.81835938 -0.24414062
v -0.15820312 -0.73632812 -0.24414062
v -0.13867188 0.79882812 -0.24414062
v -0.10742188 0.75976562 -0.24414062
v -0.10742188 0.79882812 -0.24414062
v -0.04492188 -0.70507812 -0.24414062
v 0.00585938 0.79882812 -0.24414062
v 0.04492188 -0.70507812 -0.24414062
v 0.04492188 0.87695312 -0.24414062
v 0.10351562 0.75976562 -0.24414062
v 0.10351562 0.79101562 -0.24414062
v 0.13867188 0.79882812 -0.24414062
v 0.15820312 -0.81835938 -0.24414062
v 0.15820312 -0.73632812 -0.24414062
v 0.20507812 0.72070312 -0.24414062
v 0.21289062 -0.90039062 -0.24414062
v 0.22070312 -0.90039062 -0.24414062
v 0.23632812 0.66210938 -0.24414062
v 0.24023438 -0.90039062 -0.24414062
v 0.24804688 -0.95898438 -0.24414062
v 0.25585938 0.66210938 -0.24414062
v 0.26367188 -0.90820312 -0.24414062
v 0.26367188 0.42382812 -0.24414062
v 0.26367188 0.46679688 -0.24414062
v 0.26367188 0.47460938 -0.24414062
v 0.27539062 -0.90820312 -0.24414062
v 0.28320312 0.37304688 -0.24414062
v 0.30273438 0.31054688 -0.24414062
v 0.31835938 -0.90820312 -0.24414062
v 0.32226562 0.45507812 -0.24414062
v 0.32617188 -0.84179688 -0.24414062
v 0.32617188 -0.75195312 -0.24414062
v 0.35351562 -0.75195312 -0.24414062
v 0.41992188 -0.58007812 -0.24414062
v 0.44335938 0.11914062 -0.24414062
v 0.45507812 0.02148438 -0.24414062
v 0.49023438 -0.06835938 -0.24414062
v 0.49023438 0.06054688 -0.24414062
v 0.50585938 -0.33398438 -0.24414062
v 0.61523438 -0.24414062 -0.24414062
v 0.65039062 0.01367188 -0.24414062
v 0.66601562 -0.36523438 -0.24414062
v 0.67382812 -0.04492188 -0.24414062
v 0.68164062 -0.36523438 -0.24414062
v 0.68164062 -0.34960938 -0.24414062
v 0.68164062 -0.01367188 -0.24414062
v 0.69335938 -0.42382812 -0.24414062
v 0.72851562 -0.42382812 -0.24414062
v 0.72851562 -0.36523438 -0.24414062
v 0.72851562 -0.34179688 -0.24414062
v 0.74023438 -0.23632812 -0.24414062
v 0.76367188 -0.35742188 -0.24414062
v 0.76367188 -0.31835938 -0.24414062
v -0.68164062 -0.42382812 -0.23242188
v -0.45507812 -0.08007812 -0.23242188
v -0.35351562 -0.84179688 -0.23242188
v -0.26367188 -0.95898438 -0.23242188
v -0.24804688 -0.95898438 -0.23242188
v -0.23632812 -0.95898438 -0.23242188
v -0.22070312 -0.95898438 -0.23242188
v -0.17773438 -0.90039062 -0.23242188
v 0.17773438 -0.90039062 -0.23242188
v 0.22070312 -0.95898438 -0.23242188
v 0.23632812 -0.95898438 -0.23242188
v 0.24804688 -0.95898438 -0.23242188
v 0.26367188 -0.95898438 -0.23242188
v 0.35351562 -0.84179688 -0.23242188
v 0.68164062 -0.42382812 -0.23242188
v -0.76367188 -0.42382812 -0.22460938
v -0.76367188 -0.16210938 -0.22460938
v -0.72851562 -0.09570312 -0.22460938
v -0.71289062 0.01367188 -0.22460938
v -0.70507812 -0.04492188 -0.22460938
v -0.69335938 -0.48242188 -0.22460938
v -0.63085938 0.01367188 -0.22460938
v -0.58789062 0.03710938 -0.22460938
v -0.52148438 -0.43945312 -0.22460938
v -0.52148438 -0.41601562 -0.22460938
v -0.52148438 0.10351562 -0.22460938
v -0.50585938 -0.43945312 -0.22460938
v -0.50585938 -0.40820312 -0.22460938
v -0.50585938 -0.39257812 -0.22460938
v -0.49804688 -0.34960938 -0.22460938
v -0.45507812 0.16210938 -0.22460938
v -0.44335938 0.02148438 -0.22460938
v -0.41992188 0.01367188 -0.22460938
v -0.38476562 0.23632812 -0.22460938
v -0.34570312 0.29101562 -0.22460938
v -0.32617188 0.33398438 -0.22460938
v -0.30273438 0.50585938 -0.22460938
v -0.30273438 0.56445312 -0.22460938
v -0.08398438 0.83398438 -0.22460938
v -0.07226562 -0.70507812 -0.22460938
v -0.02539062 0.79882812 -0.22460938
v -0.02539062 0.83398438 -0.22460938
v 0.02539062 0.83398438 -0.22460938
v 0.07226562 -0.70507812 -0.22460938
v 0.27539062 0.68554688 -0.22460938
v 0.30273438 0.50585938 -0.22460938
v 0.30273438 0.56445312 -0.22460938
v 0.32617188 0.34179688 -0.22460938
v 0.34570312 0.29882812 -0.22460938
v 0.37695312 0.24414062 -0.22460938
v 0.45507812 0.16210938 -0.22460938
v 0.49804688 -0.34960938 -0.22460938
v 0.50585938 -0.39257812 -0.22460938
v 0.52148438 -0.43164062 -0.22460938
v 0.52148438 -0.41601562 -0.22460938
v 0.52148438 -0.40820312 -0.22460938
v 0.52148438 0.10351562 -0.22460938
v 0.52929688 -0.44726562 -0.22460938
v 0.58789062 0.03710938 -0.22460938
v 0.63085938 0.01367188 -0.22460938
v 0.65039062 -0.34179688 -0.22460938
v 0.69335938 -0.48242188 -0.22460938
v 0.70507812 -0.04492188 -0.22460938
v 0.71289062 0.01367188 -0.22460938
v 0.72851562 -0.09570312 -0.22460938
v 0.76367188 -0.42382812 -0.22460938
v 0.76367188 -0.14257812 -0.22460938
v -0.78320312 -0.35742188 -0.21289062
v -0.78320312 -0.29882812 -0.21289062
v -0.78320312 -0.28320312 -0.21289062
v -0.72851562 -0.48242188 -0.21289062
v -0.68164062 -0.47460938 -0.21289062
v -0.65039062 -0.36523438 -0.21289062
v -0.40820312 -0.71289062 -0.21289062
v -0.34570312 -0.90820312 -0.21289062
v -0.24023438 -0.98242188 -0.21289062
v -0.22070312 -0.98242188 -0.21289062
v -0.21289062 -0.98242188 -0.21289062
v -0.10742188 -0.70507812 -0.21289062
v 0.10742188 -0.70507812 -0.21289062
v 0.21289062 -0.98242188 -0.21289062
v 0.30273438 -0.95898438 -0.21289062
v 0.34570312 -0.90820312 -0.21289062
v 0.40820312 -0.71289062 -0.21289062
v 0.52148438 -0.44726562 -0.21289062
v 0.65039062 -0.36523438 -0.21289062
v 0.68164062 -0.47460938 -0.21289062
v 0.72851562 -0.48242188 -0.21289062
v 0.78320312 -0.29882812 -0.21289062
v 0.78320312 -0.25976562 -0.21289062
v 0.79101562 -0.35742188 -0.21289062
v -0.70507812 0.03710938 -0.20507812
v -0.69335938 -0.00585938 -0.20507812
v -0.68164062 0.05273438 -0.20507812
v -0.67382812 -0.42382812 -0.20507812
v -0.58007812 -0.24414062 -0.20507812
v -0.50585938 -0.43945312 -0.20507812
v -0.39648438 -0.75195312 -0.20507812
v -0.38867188 -0.84179688 -0.20507812
v -0.34570312 0.29882812 -0.20507812
v -0.32617188 0.60351562 -0.20507812
v -0.30273438 0.37304688 -0.20507812
v -0.30273438 0.42382812 -0.20507812
v -0.30273438 0.46679688 -0.20507812
v -0.30273438 0.62304688 -0.20507812
v -0.30273438 0.65429688 -0.20507812
v -0.30273438 0.66992188 -0.20507812
v -0.28320312 0.68554688 -0.20507812
v -0.26367188 -0.98242188 -0.20507812
v -0.26367188 0.72070312 -0.20507812
v -0.23632812 0.72070312 -0.20507812
v -0.20507812 -0.98242188 -0.20507812
v -0.20507812 0.75976562 -0.20507812
v -0.16992188 0.81835938 -0.20507812
v -0.16210938 -0.95898438 -0.20507812
v -0.13867188 0.83398438 -0.20507812
v -0.12695312 -0.81835938 -0.20507812
v -0.12695312 -0.74414062 -0.20507812
v -0.10742188 0.83398438 -0.20507812
v -0.02929688 -0.72070312 -0.20507812
v -0.02539062 0.86914062 -0.20507812
v -0.00976562 -0.72070312 -0.20507812
v 0.00195312 -0.72070312 -0.20507812
v 0.00585938 0.90820312 -0.20507812
v 0.00976562 -0.72070312 -0.20507812
v 0.02539062 0.86914062 -0.20507812
v 0.02929688 -0.72070312 -0.20507812
v 0.10742188 0.83398438 -0.20507812
v 0.12695312 -0.81835938 -0.20507812
v 0.12695312 -0.74414062 -0.20507812
v 0.13476562 -0.90039062 -0.20507812
v 0.13867188 0.83398438 -0.20507812
v 0.16210938 -0.95898438 -0.20507812
v 0.20507812 -0.98242188 -0.20507812
v 0.20507812 0.75976562 -0.20507812
v 0.23632812 0.72070312 -0.20507812
v 0.26367188 -0.98242188 -0.20507812
v 0.26367188 0.72070312 -0.20507812
v 0.26367188 0.78320312 -0.20507812
v 0.26367188 0.79101562 -0.20507812
v 0.30273438 0.42382812 -0.20507812
v 0.30273438 0.46679688 -0.20507812
v 0.30273438 0.62304688 -0.20507812
v 0.30273438 0.65429688 -0.20507812
v 0.30273438 0.66992188 -0.20507812
v 0.31445312 0.37304688 -0.20507812
v 0.31445312 0.65429688 -0.20507812
v 0.31835938 -0.95898438 -0.20507812
v 0.32226562 0.60351562 -0.20507812
v 0.34570312 0.31054688 -0.20507812
v 0.38867188 -0.84179688 -0.20507812
v 0.39648438 -0.75195312 -0.20507812
v 0.50585938 -0.42382812 -0.20507812
v 0.52148438 -0.42382812 -0.20507812
v 0.58007812 -0.23632812 -0.20507812
v 0.67382812 -0.42382812 -0.20507812
v 0.69335938 -0.00585938 -0.20507812
v 0.69335938 0.05273438 -0.20507812
v 0.70507812 0.03710938 -0.20507812
v -0.78320312 -0.42382812 -0.19335938
v -0.74023438 -0.48242188 -0.19335938
v -0.67382812 -0.46679688 -0.19335938
v -0.54101562 -0.25195312 -0.19335938
v -0.27539062 -0.98242188 -0.19335938
v -0.21289062 -0.99023438 -0.19335938
v -0.20507812 -0.99023438 -0.19335938
v -0.12695312 -0.90039062 -0.19335938
v 0.20507812 -0.99023438 -0.19335938
v 0.27539062 -0.98242188 -0.19335938
v 0.54101562 -0.25195312 -0.19335938
v 0.67382812 -0.46679688 -0.19335938
v 0.75585938 -0.48242188 -0.19335938
v 0.78320312 -0.42382812 -0.19335938
v -0.50585938 -0.46679688 -0.18164062
v -0.47460938 -0.58007812 -0.18164062
v -0.36914062 -0.90820312 -0.18164062
v -0.32617188 -0.95898438 -0.18164062
v -0.32617188 0.60351562 -0.18164062
v -0.22070312 -0.99023438 -0.18164062
v -0.16992188 0.83398438 -0.18164062
v 0.32226562 0.60351562 -0.18164062
v 0.32617188 -0.95898438 -0.18164062
v 0.36914062 -0.90820312 -0.18164062
v 0.47460938 -0.58007812 -0.18164062
v 0.50585938 -0.46679688 -0.18164062
v 0.50585938 -0.43945312 -0.18164062
v 0.72851562 0.02929688 -0.18164062
v -0.76367188 -0.48242188 -0.16992188
v -0.72851562 0.02148438 -0.16992188
v -0.71289062 0.04492188 -0.16992188
v -0.69335938 -0.52929688 -0.16992188
v -0.69335938 -0.52148438 -0.16992188
v -0.68164062 -0.51367188 -0.16992188
v -0.68164062 -0.49023438 -0.16992188
v -0.68164062 -0.43945312 -0.16992188
v -0.68164062 0.05273438 -0.16992188
v -0.67382812 -0.40820312 -0.16992188
v -0.65039062 -0.37304688 -0.16992188
v -0.65039062 0.06835938 -0.16992188
v -0.61523438 -0.33398438 -0.16992188
v -0.61523438 0.08007812 -0.16992188
v -0.55664062 0.13476562 -0.16992188
v -0.54101562 -0.39257812 -0.16992188
v -0.52148438 -0.34960938 -0.16992188
v -0.52148438 -0.33398438 -0.16992188
v -0.49804688 0.20117188 -0.16992188
v -0.44335938 -0.71289062 -0.16992188
v -0.43554688 -0.75195312 -0.16992188
v -0.41992188 0.25976562 -0.16992188
v -0.38476562 0.29101562 -0.16992188
v -0.38476562 0.29882812 -0.16992188
v -0.35742188 0.34179688 -0.16992188
v -0.35742188 0.45507812 -0.16992188
v -0.34570312 0.50585938 -0.16992188
v -0.34570312 0.56445312 -0.16992188
v -0.34570312 0.60351562 -0.16992188
v -0.34570312 0.62304688 -0.16992188
v -0.32617188 0.62304688 -0.16992188
v -0.32617188 0.65429688 -0.16992188
v -0.32617188 0.66992188 -0.16992188
v -0.30273438 -0.98242188 -0.16992188
v -0.30273438 0.66992188 -0.16992188
v -0.30273438 0.69726562 -0.16992188
v -0.28320312 0.72851562 -0.16992188
v -0.26367188 0.75976562 -0.16992188
v -0.26367188 0.79882812 -0.16992188
v -0.24804688 -0.99023438 -0.16992188
v -0.23632812 0.75976562 -0.16992188
v -0.21289062 -0.99804688 -0.16992188
v -0.19726562 -0.99804688 -0.16992188
v -0.16992188 -0.99023438 -0.16992188
v -0.16992188 0.80664062 -0.16992188
v -0.10742188 0.86914062 -0.16992188
v -0.08398438 0.86914062 -0.16992188
v -0.07226562 -0.72070312 -0.16992188
v -0.04492188 -0.72070312 -0.16992188
v -0.04492188 0.86914062 -0.16992188
v -0.02539062 -0.72070312 -0.16992188
v -0.00976562 -0.72070312 -0.16992188
v 0.00195312 -0.72070312 -0.16992188
v 0.00585938 0.90039062 -0.16992188
v 0.00976562 -0.72070312 -0.16992188
v 0.02929688 -0.72070312 -0.16992188
v 0.04492188 -0.72070312 -0.16992188
v 0.04492188 0.86914062 -0.16992188
v 0.07226562 -0.72070312 -0.16992188
v 0.08398438 0.86914062 -0.16992188
v 0.10742188 0.86914062 -0.16992188
v 0.16992188 -0.99023438 -0.16992188
v 0.19726562 -0.99804688 -0.16992188
v 0.21289062 -0.99804688 -0.16992188
v 0.23632812 0.75976562 -0.16992188
v 0.24804688 -0.99023438 -0.16992188
v 0.26367188 0.75976562 -0.16992188
v 0.26367188 0.80664062 -0.16992188
v 0.28320312 0.72851562 -0.16992188
v 0.30273438 -0.98242188 -0.16992188
v 0.30273438 0.66992188 -0.16992188
v 0.30273438 0.69726562 -0.16992188
v 0.32226562 0.66992188 -0.16992188
v 0.32617188 0.62304688 -0.16992188
v 0.32617188 0.65429688 -0.16992188
v 0.34570312 0.50585938 -0.16992188
v 0.34570312 0.56445312 -0.16992188
v 0.34570312 0.62304688 -0.16992188
v 0.35742188 0.45507812 -0.16992188
v 0.35742188 0.60351562 -0.16992188
v 0.36523438 0.34179688 -0.16992188
v 0.38476562 0.29101562 -0.16992188
v 0.38476562 0.31054688 -0.16992188
v 0.41992188 0.25976562 -0.16992188
v 0.43554688 -0.75195312 -0.16992188
v 0.44335938 -0.71289062 -0.16992188
v 0.49804688 0.20117188 -0.16992188
v 0.52148438 -0.34960938 -0.16992188
v 0.52148438 -0.33398438 -0.16992188
v 0.54101562 -0.43164062 -0.16992188
v 0.54101562 -0.41601562 -0.16992188
v 0.54101562 -0.40820312 -0.16992188
v 0.54101562 -0.39257812 -0.16992188
v 0.55664062 0.13476562 -0.16992188
v 0.61523438 -0.33398438 -0.16992188
v 0.63085938 0.08007812 -0.16992188
v 0.65039062 -0.37304688 -0.16992188
v 0.65039062 0.06835938 -0.16992188
v 0.67382812 -0.40820312 -0.16992188
v 0.68164062 -0.51367188 -0.16992188
v 0.68164062 -0.49023438 -0.16992188
v 0.68164062 -0.44726562 -0.16992188
v 0.68164062 0.05273438 -0.16992188
v 0.69335938 -0.52148438 -0.16992188
v 0.70507812 0.06054688 -0.16992188
v 0.72851562 0.02148438 -0.16992188
v -0.80664062 -0.42382812 -0.15820312
v -0.80664062 -0.35742188 -0.15820312
v -0.80664062 -0.29101562 -0.15820312
v -0.80664062 -0.27539062 -0.15820312
v -0.78320312 -0.15039062 -0.15820312
v -0.75585938 -0.08789062 -0.15820312
v -0.71289062 -0.52148438 -0.15820312
v -0.71289062 -0.02929688 -0.15820312
v -0.70507812 0.00585938 -0.15820312
v -0.49804688 -0.58007812 -0.15820312
v -0.41992188 -0.84179688 -0.15820312
v -0.34570312 0.37304688 -0.15820312
v -0.26367188 -0.99023438 -0.15820312
v -0.09179688 -0.82617188 -0.15820312
v -0.08398438 -0.75195312 -0.15820312
v 0.08398438 -0.75195312 -0.15820312
v 0.09179688 -0.82617188 -0.15820312
v 0.26367188 -0.99023438 -0.15820312
v 0.34570312 0.37304688 -0.15820312
v 0.41992188 -0.84179688 -0.15820312
v 0.49804688 -0.58007812 -0.15820312
v 0.70507812 0.00585938 -0.15820312
v 0.71289062 -0.52148438 -0.15820312
v 0.71289062 -0.02929688 -0.15820312
v 0.75585938 -0.08007812 -0.15820312
v 0.78320312 -0.13476562 -0.15820312
v 0.80664062 -0.25976562 -0.15820312
v 0.81445312 -0.35742188 -0.15820312
v 0.81445312 -0.29101562 -0.15820312
v -0.69335938 -0.46679688 -0.15039062
v -0.39648438 -0.90820312 -0.15039062
v -0.35351562 -0.95898438 -0.15039062
v -0.21289062 -0.99804688 -0.15039062
v -0.17773438 -0.99804688 -0.15039062
v -0.12695312 -0.95898438 -0.15039062
v -0.10742188 -0.90039062 -0.15039062
v 0.10742188 -0.90039062 -0.15039062
v 0.12695312 -0.95898438 -0.15039062
v 0.17773438 -0.99804688 -0.15039062
v 0.21289062 -0.99804688 -0.15039062
v 0.35351562 -0.95898438 -0.15039062
v 0.39648438 -0.90820312 -0.15039062
v 0.54101562 -0.43164062 -0.15039062
v 0.69335938 -0.44726562 -0.15039062
v -0.32617188 0.42382812 -0.14648438
v -0.32617188 0.46679688 -0.14648438
v -0.13867188 0.86914062 -0.14648438
v -0.08398438 0.93164062 -0.14648438
v 0.00585938 0.93164062 -0.14648438
v 0.08398438 0.93164062 -0.14648438
v 0.13867188 0.86914062 -0.14648438
v 0.32617188 0.42382812 -0.14648438
v 0.32617188 0.46679688 -0.14648438
v -0.76367188 -0.48242188 -0.13867188
v -0.72851562 -0.52148438 -0.13867188
v -0.69335938 -0.52148438 -0.13867188
v -0.69335938 -0.49023438 -0.13867188
v -0.68164062 -0.43945312 -0.13867188
v -0.54101562 -0.43945312 -0.13867188
v -0.47460938 -0.71289062 -0.13867188
v -0.43554688 -0.85351562 -0.13867188
v -0.31835938 -0.98242188 -0.13867188
v -0.16210938 -0.99023438 -0.13867188
v 0.16210938 -0.99023438 -0.13867188
v 0.31835938 -0.98242188 -0.13867188
v 0.43554688 -0.85351562 -0.13867188
v 0.45507812 -0.75195312 -0.13867188
v 0.47460938 -0.71289062 -0.13867188
v 0.54101562 -0.43164062 -0.13867188
v 0.69335938 -0.51367188 -0.13867188
v 0.69335938 -0.48242188 -0.13867188
v 0.72851562 -0.52148438 -0.13867188
v 0.78320312 -0.48242188 -0.13867188
v -0.55664062 -0.25195312 -0.12695312
v -0.54101562 -0.45507812 -0.12695312
v -0.40820312 -0.90820312 -0.12695312
v -0.36914062 -0.95898438 -0.12695312
v -0.27539062 -0.99023438 -0.12695312
v -0.21679688 0.79882812 -0.12695312
v -0.21679688 0.82617188 -0.12695312
v -0.21289062 -0.99804688 -0.12695312
v -0.08398438 0.90039062 -0.12695312
v 0.08398438 0.90039062 -0.12695312
v 0.10742188 0.90039062 -0.12695312
v 0.21289062 -0.99804688 -0.12695312
v 0.21679688 0.82617188 -0.12695312
v 0.27539062 -0.99023438 -0.12695312
v 0.36914062 -0.95898438 -0.12695312
v 0.37695312 0.60351562 -0.12695312
v 0.40820312 -0.90820312 -0.12695312
v 0.54101562 -0.45507812 -0.12695312
v 0.55664062 -0.25195312 -0.12695312
v 0.69335938 -0.45507812 -0.12695312
v -0.69335938 -0.46679688 -0.11914062
v -0.17773438 -0.99804688 -0.11914062
v -0.16992188 0.86914062 -0.11914062
v -0.06835938 -0.82617188 -0.11914062
v -0.06054688 -0.75195312 -0.11914062
v -0.04492188 -0.72851562 -0.11914062
v -0.02539062 -0.72070312 -0.11914062
v -0.00976562 -0.72070312 -0.11914062
v 0.00195312 -0.72070312 -0.11914062
v 0.00976562 -0.72070312 -0.11914062
v 0.02929688 -0.72070312 -0.11914062
v 0.04492188 -0.72851562 -0.11914062
v 0.06054688 -0.75195312 -0.11914062
v 0.06835938 -0.82617188 -0.11914062
v 0.16992188 0.86914062 -0.11914062
v 0.17773438 -0.99804688 -0.11914062
v -0.72851562 -0.52929688 -0.10742188
v -0.70507812 -0.49023438 -0.10742188
v -0.69335938 -0.52929688 -0.10742188
v -0.52929688 -0.58007812 -0.10742188
v -0.45507812 -0.85351562 -0.10742188
v -0.32617188 -0.98242188 -0.10742188
v -0.27539062 -0.99023438 -0.10742188
v -0.21289062 -0.99804688 -0.10742188
v -0.15039062 -0.99023438 -0.10742188
v -0.10742188 -0.95898438 -0.10742188
v -0.06835938 -0.90820312 -0.10742188
v 0.07226562 -0.90820312 -0.10742188
v 0.10742188 -0.95898438 -0.10742188
v 0.15039062 -0.99023438 -0.10742188
v 0.21289062 -0.99804688 -0.10742188
v 0.27539062 -0.99023438 -0.10742188
v 0.32617188 -0.98242188 -0.10742188
v 0.45507812 -0.85351562 -0.10742188
v 0.52929688 -0.58007812 -0.10742188
v 0.70507812 -0.52148438 -0.10742188
v 0.70507812 -0.49023438 -0.10742188
v -0.83398438 -0.34960938 -0.09570312
v -0.83398438 -0.28320312 -0.09570312
v -0.83398438 -0.26757812 -0.09570312
v -0.82226562 -0.42382812 -0.09570312
v -0.79101562 -0.14257812 -0.09570312
v -0.78320312 -0.48242188 -0.09570312
v -0.76367188 -0.08007812 -0.09570312
v -0.72851562 -0.02148438 -0.09570312
v -0.72851562 0.02929688 -0.09570312
v -0.72851562 0.05273438 -0.09570312
v -0.70507812 0.01367188 -0.09570312
v -0.70507812 0.08007812 -0.09570312
v -0.68164062 -0.41601562 -0.09570312
v -0.68164062 0.08789062 -0.09570312
v -0.65039062 -0.39257812 -0.09570312
v -0.65039062 0.08007812 -0.09570312
v -0.65039062 0.08789062 -0.09570312
v -0.59179688 -0.34179688 -0.09570312
v -0.58007812 0.15039062 -0.09570312
v -0.55664062 -0.39257812 -0.09570312
v -0.54101562 -0.34960938 -0.09570312
v -0.54101562 -0.33398438 -0.09570312
v -0.52929688 -0.72070312 -0.09570312
v -0.52148438 0.21679688 -0.09570312
v -0.50585938 -0.75976562 -0.09570312
v -0.50585938 -0.71289062 -0.09570312
v -0.48632812 -0.75976562 -0.09570312
v -0.47460938 -0.85351562 -0.09570312
v -0.45507812 0.27539062 -0.09570312
v -0.41992188 -0.90820312 -0.09570312
v -0.41992188 0.31054688 -0.09570312
v -0.38476562 0.34179688 -0.09570312
v -0.37695312 -0.95898438 -0.09570312
v -0.37695312 0.45507812 -0.09570312
v -0.37695312 0.50585938 -0.09570312
v -0.37695312 0.56445312 -0.09570312
v -0.37695312 0.60351562 -0.09570312
v -0.36523438 0.35742188 -0.09570312
v -0.35742188 0.37304688 -0.09570312
v -0.35742188 0.62304688 -0.09570312
v -0.34570312 0.42382812 -0.09570312
v -0.34570312 0.46679688 -0.09570312
v -0.34570312 0.62304688 -0.09570312
v -0.34570312 0.64648438 -0.09570312
v -0.32617188 -0.98242188 -0.09570312
v -0.32617188 0.65429688 -0.09570312
v -0.32617188 0.67773438 -0.09570312
v -0.31445312 0.71289062 -0.09570312
v -0.30273438 0.74414062 -0.09570312
v -0.27539062 -0.99023438 -0.09570312
v -0.27539062 0.79101562 -0.09570312
v -0.23632812 0.82617188 -0.09570312
v -0.21289062 -0.99804688 -0.09570312
v -0.16210938 -0.99804688 -0.09570312
v -0.16210938 -0.99023438 -0.09570312
v -0.10742188 0.93164062 -0.09570312
v -0.04492188 -0.72851562 -0.09570312
v 0.00585938 0.91601562 -0.09570312
v 0.04492188 0.91601562 -0.09570312
v 0.09570312 0.93164062 -0.09570312
v 0.13085938 0.90039062 -0.09570312
v 0.16210938 -0.99804688 -0.09570312
v 0.21289062 -0.99804688 -0.09570312
v 0.23632812 0.83398438 -0.09570312
v 0.26367188 0.79882812 -0.09570312
v 0.27539062 -0.99023438 -0.09570312
v 0.28320312 0.75976562 -0.09570312
v 0.30273438 0.72851562 -0.09570312
v 0.31445312 0.69726562 -0.09570312
v 0.32226562 0.66992188 -0.09570312
v 0.32617188 -0.98242188 -0.09570312
v 0.32617188 0.65429688 -0.09570312
v 0.34570312 0.42382812 -0.09570312
v 0.34570312 0.46679688 -0.09570312
v 0.34570312 0.62304688 -0.09570312
v 0.34570312 0.64648438 -0.09570312
v 0.35742188 0.37304688 -0.09570312
v 0.35742188 0.62304688 -0.09570312
v 0.37695312 -0.95898438 -0.09570312
v 0.37695312 0.35742188 -0.09570312
v 0.37695312 0.45507812 -0.09570312
v 0.37695312 0.50585938 -0.09570312
v 0.37695312 0.56445312 -0.09570312
v 0.37695312 0.60351562 -0.09570312
v 0.38476562 0.34179688 -0.09570312
v 0.41992188 -0.90820312 -0.09570312
v 0.41992188 0.31054688 -0.09570312
v 0.45507812 0.27539062 -0.09570312
v 0.47460938 -0.85351562 -0.09570312
v 0.48632812 -0.75976562 -0.09570312
v 0.50585938 -0.77148438 -0.09570312
v 0.50585938 -0.71289062 -0.09570312
v 0.52148438 0.21679688 -0.09570312
v 0.52929688 -0.72070312 -0.09570312
v 0.54101562 -0.34960938 -0.09570312
v 0.54101562 -0.33398438 -0.09570312
v 0.55664062 -0.39257812 -0.09570312
v 0.58007812 0.15039062 -0.09570312
v 0.58789062 -0.34179688 -0.09570312
v 0.65039062 -0.39257812 -0.09570312
v 0.65039062 0.06835938 -0.09570312
v 0.65039062 0.08007812 -0.09570312
v 0.68164062 -0.41601562 -0.09570312
v 0.68164062 0.08789062 -0.09570312
v 0.70507812 0.01367188 -0.09570312
v 0.70507812 0.08007812 -0.09570312
v 0.72851562 -0.02148438 -0.09570312
v 0.72851562 0.02929688 -0.09570312
v 0.72851562 0.05273438 -0.09570312
v 0.76367188 -0.08007812 -0.09570312
v 0.79101562 -0.13476562 -0.09570312
v 0.82226562 -0.42382812 -0.09570312
v 0.83398438 -0.25976562 -0.09570312
v 0.84179688 -0.35742188 -0.09570312
v 0.84179688 -0.28320312 -0.09570312
v -0.72851562 -0.52929688 -0.08007812
v -0.72851562 -0.52148438 -0.08007812
v -0.71289062 -0.49023438 -0.08007812
v -0.70507812 -0.47460938 -0.08007812
v -0.55664062 -0.45507812 -0.08007812
v -0.52929688 -0.72851562 -0.08007812
v -0.50585938 -0.77148438 -0.08007812
v -0.47460938 -0.85351562 -0.08007812
v -0.41992188 -0.90820312 -0.08007812
v -0.37695312 -0.95898438 -0.08007812
v -0.32617188 -0.98242188 -0.08007812
v -0.27539062 -0.99023438 -0.08007812
v -0.21289062 -0.99804688 -0.08007812
v -0.18554688 0.86914062 -0.08007812
v -0.12695312 -0.98242188 -0.08007812
v -0.08398438 -0.95898438 -0.08007812
v -0.06054688 -0.90820312 -0.08007812
v -0.04492188 -0.82617188 -0.08007812
v -0.04492188 -0.75195312 -0.08007812
v -0.02539062 -0.72070312 -0.08007812
v -0.00976562 -0.72070312 -0.08007812
v 0.00195312 -0.72070312 -0.08007812
v 0.00585938 0.93164062 -0.08007812
v 0.00976562 -0.72070312 -0.08007812
v 0.02539062 0.92382812 -0.08007812
v 0.02929688 -0.72851562 -0.08007812
v 0.04492188 -0.82617188 -0.08007812
v 0.04492188 -0.75195312 -0.08007812
v 0.06054688 -0.90820312 -0.08007812
v 0.08398438 -0.95898438 -0.08007812
v 0.12695312 -0.98242188 -0.08007812
v 0.13867188 0.90039062 -0.08007812
v 0.15039062 -0.99804688 -0.08007812
v 0.18554688 0.86914062 -0.08007812
v 0.21289062 -0.99804688 -0.08007812
v 0.27539062 -0.99023438 -0.08007812
v 0.32617188 -0.98242188 -0.08007812
v 0.37695312 -0.95898438 -0.08007812
v 0.41992188 -0.90820312 -0.08007812
v 0.47460938 -0.85351562 -0.08007812
v 0.50585938 -0.77148438 -0.08007812
v 0.52929688 -0.72851562 -0.08007812
v 0.55664062 -0.45507812 -0.08007812
v 0.55664062 -0.41601562 -0.08007812
v 0.69335938 -0.52148438 -0.08007812
v 0.69335938 -0.46679688 -0.08007812
v 0.70507812 -0.49023438 -0.08007812
v -0.38476562 0.84179688 -0.07617188
v -0.38476562 0.90039062 -0.07617188
v -0.34570312 0.84179688 -0.07617188
v -0.34570312 0.90039062 -0.07617188
v -0.32617188 0.90039062 -0.07617188
v -0.02539062 0.93164062 -0.07617188
v 0.32617188 0.84179688 -0.07617188
v 0.32617188 0.90039062 -0.07617188
v 0.34570312 0.84179688 -0.07617188
v 0.34570312 0.90039062 -0.07617188
v 0.38476562 0.84179688 -0.07617188
v 0.38476562 0.90039062 -0.07617188
v -0.55664062 -0.25195312 -0.06835938
v 0.55664062 -0.25195312 -0.06835938
v -0.54101562 -0.58007812 -0.05664062
v -0.45507812 -0.84179688 -0.05664062
v -0.31445312 0.84179688 -0.05664062
v -0.30273438 0.90039062 -0.05664062
v 0.30273438 0.84179688 -0.05664062
v 0.30273438 0.90039062 -0.05664062
v 0.45507812 -0.84179688 -0.05664062
v 0.54101562 -0.58007812 -0.05664062
v -0.83398438 -0.34960938 -0.04492188
v -0.83398438 -0.28320312 -0.04492188
v -0.82226562 -0.42382812 -0.04492188
v -0.82226562 -0.25976562 -0.04492188
v -0.79101562 -0.48242188 -0.04492188
v -0.78320312 -0.14257812 -0.04492188
v -0.75585938 -0.08007812 -0.04492188
v -0.72851562 -0.52929688 -0.04492188
v -0.72851562 -0.52148438 -0.04492188
v -0.72851562 0.02929688 -0.04492188
v -0.72851562 0.05273438 -0.04492188
v -0.71289062 -0.49023438 -0.04492188
v -0.71289062 -0.02148438 -0.04492188
v -0.70507812 -0.47460938 -0.04492188
v -0.70507812 0.01367188 -0.04492188
v -0.70507812 0.08007812 -0.04492188
v -0.68164062 -0.41601562 -0.04492188
v -0.68164062 0.08789062 -0.04492188
v -0.65039062 -0.39257812 -0.04492188
v -0.65039062 0.08007812 -0.04492188
v -0.65039062 0.08789062 -0.04492188
v -0.59179688 -0.34179688 -0.04492188
v -0.58789062 0.15039062 -0.04492188
v -0.52929688 -0.72851562 -0.04492188
v -0.52929688 -0.72070312 -0.04492188
v -0.52148438 -0.71289062 -0.04492188
v -0.52148438 0.21679688 -0.04492188
v -0.45507812 0.27539062 -0.04492188
v -0.41992188 0.31054688 -0.04492188
v -0.41992188 0.84179688 -0.04492188
v -0.41992188 0.90039062 -0.04492188
v -0.38476562 0.34179688 -0.04492188
v -0.38476562 0.45507812 -0.04492188
v -0.38476562 0.50585938 -0.04492188
v -0.38476562 0.56445312 -0.04492188
v -0.38476562 0.60351562 -0.04492188
v -0.38476562 0.75976562 -0.04492188
v -0.38476562 0.78320312 -0.04492188
v -0.38476562 0.93164062 -0.04492188
v -0.37695312 0.36523438 -0.04492188
v -0.37695312 0.62304688 -0.04492188
v -0.35742188 0.37304688 -0.04492188
v -0.35742188 0.42382812 -0.04492188
v -0.35742188 0.46679688 -0.04492188
v -0.34570312 0.39257812 -0.04492188
v -0.34570312 0.62304688 -0.04492188
v -0.34570312 0.63867188 -0.04492188
v -0.34570312 0.65429688 -0.04492188
v -0.34570312 0.68554688 -0.04492188
v -0.34570312 0.75195312 -0.04492188
v -0.34570312 0.78320312 -0.04492188
v -0.34570312 0.93164062 -0.04492188
v -0.32617188 0.72070312 -0.04492188
v -0.32617188 0.73632812 -0.04492188
v -0.31445312 0.77539062 -0.04492188
v -0.31445312 0.93164062 -0.04492188
v -0.30273438 0.75976562 -0.04492188
v -0.26367188 0.79882812 -0.04492188
v -0.26367188 0.85351562 -0.04492188
v -0.26367188 0.90039062 -0.04492188
v -0.23632812 0.83398438 -0.04492188
v -0.21679688 0.86914062 -0.04492188
v -0.18945312 0.86914062 -0.04492188
v -0.15039062 0.90039062 -0.04492188
v -0.02539062 -0.72070312 -0.04492188
v -0.02539062 0.93164062 -0.04492188
v -0.00976562 -0.72070312 -0.04492188
v 0.00195312 -0.72070312 -0.04492188
v 0.00585938 0.93164062 -0.04492188
v 0.00976562 -0.72070312 -0.04492188
v 0.15039062 0.90039062 -0.04492188
v 0.18945312 0.86914062 -0.04492188
v 0.21679688 0.87695312 -0.04492188
v 0.23632812 0.83398438 -0.04492188
v 0.26367188 0.79882812 -0.04492188
v 0.26367188 0.85351562 -0.04492188
v 0.26367188 0.90039062 -0.04492188
v 0.30273438 0.75976562 -0.04492188
v 0.31445312 0.72070312 -0.04492188
v 0.31445312 0.93164062 -0.04492188
v 0.32617188 0.68554688 -0.04492188
v 0.32617188 0.72851562 -0.04492188
v 0.32617188 0.78320312 -0.04492188
v 0.34570312 0.63867188 -0.04492188
v 0.34570312 0.65429688 -0.04492188
v 0.34570312 0.75195312 -0.04492188
v 0.34570312 0.77539062 -0.04492188
v 0.34570312 0.93164062 -0.04492188
v 0.35742188 0.42382812 -0.04492188
v 0.35742188 0.46679688 -0.04492188
v 0.35742188 0.62304688 -0.04492188
v 0.37695312 0.36523438 -0.04492188
v 0.37695312 0.62304688 -0.04492188
v 0.38476562 0.45507812 -0.04492188
v 0.38476562 0.50585938 -0.04492188
v 0.38476562 0.56445312 -0.04492188
v 0.38476562 0.60351562 -0.04492188
v 0.38476562 0.75976562 -0.04492188
v 0.38476562 0.78320312 -0.04492188
v 0.38476562 0.93164062 -0.04492188
v 0.39648438 0.34179688 -0.04492188
v 0.41992188 0.31054688 -0.04492188
v 0.41992188 0.84179688 -0.04492188
v 0.41992188 0.90039062 -0.04492188
v 0.45507812 0.27539062 -0.04492188
v 0.49023438 -0.75976562 -0.04492188
v 0.52148438 -0.71289062 -0.04492188
v 0.52148438 0.21679688 -0.04492188
v 0.52929688 -0.72851562 -0.04492188
v 0.52929688 -0.72070312 -0.04492188
v 0.58789062 -0.34179688 -0.04492188
v 0.58789062 0.15039062 -0.04492188
v 0.65039062 -0.39257812 -0.04492188
v 0.65039062 0.08007812 -0.04492188
v 0.65039062 0.08789062 -0.04492188
v 0.68164062 -0.41601562 -0.04492188
v 0.68164062 0.08789062 -0.04492188
v 0.70507812 -0.47460938 -0.04492188
v 0.70507812 0.01367188 -0.04492188
v 0.70507812 0.08007812 -0.04492188
v 0.71289062 -0.49023438 -0.04492188
v 0.71289062 -0.02148438 -0.04492188
v 0.72851562 -0.52929688 -0.04492188
v 0.72851562 0.02929688 -0.04492188
v 0.72851562 0.05273438 -0.04492188
v 0.75585938 -0.08007812 -0.04492188
v 0.78320312 -0.13476562 -0.04492188
v 0.79101562 -0.48242188 -0.04492188
v 0.82226562 -0.42382812 -0.04492188
v 0.83398438 -0.35742188 -0.04492188
v 0.83398438 -0.25976562 -0.04492188
v 0.84179688 -0.28320312 -0.04492188
v -0.41992188 -0.90820312 -0.03320312
v -0.37695312 -0.95898438 -0.03320312
v -0.37695312 0.52148438 -0.03320312
v -0.32617188 -0.98242188 -0.03320312
v -0.27539062 -0.99023438 -0.03320312
v -0.21289062 -0.99804688 -0.03320312
v -0.16210938 -0.99804688 -0.03320312
v -0.10742188 -0.98242188 -0.03320312
v -0.04492188 -0.90820312 -0.03320312
v -0.04492188 -0.82617188 -0.03320312
v -0.04492188 -0.75195312 -0.03320312
v -0.02539062 -0.72851562 -0.03320312
v 0.02929688 -0.72851562 -0.03320312
v 0.04492188 -0.90820312 -0.03320312
v 0.04492188 -0.82617188 -0.03320312
v 0.04492188 -0.75195312 -0.03320312
v 0.10742188 -0.98242188 -0.03320312
v 0.16210938 -0.99804688 -0.03320312
v 0.21289062 -0.99804688 -0.03320312
v 0.27539062 -0.99023438 -0.03320312
v 0.32617188 -0.98242188 -0.03320312
v 0.37695312 -0.95898438 -0.03320312
v 0.37695312 0.52148438 -0.03320312
v 0.41992188 -0.90820312 -0.03320312
v 0.45507812 -0.84179688 -0.03320312
v 0.50585938 -0.75976562 -0.03320312
v 0.06445312 0.91601562 -0.02929688
v -0.50585938 -0.74414062 -0.02539062
v -0.07226562 -0.95898438 -0.02539062
v 0.07226562 -0.95898438 -0.02539062
v 0.69335938 -0.52148438 -0.02539062
v -0.72851562 -0.52929688 -0.00976562
v -0.71289062 -0.49023438 -0.00976562
v -0.70507812 -0.46679688 -0.00976562
v -0.69335938 -0.52929688 -0.00976562
v -0.58007812 -0.41601562 -0.00976562
v -0.55664062 -0.45507812 -0.00976562
v -0.55664062 -0.34960938 -0.00976562
v -0.55664062 -0.33398438 -0.00976562
v -0.55664062 -0.25195312 -0.00976562
v -0.45507812 -0.84179688 -0.00976562
v -0.45507812 0.81054688 -0.00976562
v -0.45507812 0.84179688 -0.00976562
v -0.45507812 0.90039062 -0.00976562
v -0.43945312 0.92382812 -0.00976562
v -0.41992188 -0.90820312 -0.00976562
v -0.41992188 0.51367188 -0.00976562
v -0.41992188 0.74414062 -0.00976562
v -0.41992188 0.77539062 -0.00976562
v -0.41992188 0.93164062 -0.00976562
v -0.39648438 0.46679688 -0.00976562
v -0.39648438 0.57226562 -0.00976562
v -0.38476562 0.72851562 -0.00976562
v -0.37695312 -0.95898438 -0.00976562
v -0.37695312 0.57226562 -0.00976562
v -0.36523438 0.46679688 -0.00976562
v -0.34570312 0.72851562 -0.00976562
v -0.32617188 -0.98242188 -0.00976562
v -0.31445312 0.71289062 -0.00976562
v -0.31445312 0.95117188 -0.00976562
v -0.30273438 0.96679688 -0.00976562
v -0.27539062 -0.99023438 -0.00976562
v -0.26367188 0.93164062 -0.00976562
v -0.21289062 -0.99804688 -0.00976562
v -0.20507812 0.89257812 -0.00976562
v -0.16210938 -0.99804688 -0.00976562
v -0.15039062 0.91601562 -0.00976562
v -0.10742188 -0.98242188 -0.00976562
v -0.09570312 0.92382812 -0.00976562
v -0.08007812 -0.95898438 -0.00976562
v -0.06054688 -0.90820312 -0.00976562
v -0.04492188 -0.82617188 -0.00976562
v -0.04492188 -0.75195312 -0.00976562
v -0.04492188 0.92382812 -0.00976562
v -0.02539062 -0.72851562 -0.00976562
v -0.02539062 -0.72070312 -0.00976562
v -0.02539062 0.93164062 -0.00976562
v -0.00976562 -0.72070312 -0.00976562
v 0.00195312 -0.72070312 -0.00976562
v 0.00585938 0.93164062 -0.00976562
v 0.00976562 -0.72070312 -0.00976562
v 0.02539062 0.93164062 -0.00976562
v 0.02929688 -0.72851562 -0.00976562
v 0.04492188 -0.82617188 -0.00976562
v 0.04492188 -0.75195312 -0.00976562
v 0.06054688 -0.90820312 -0.00976562
v 0.08007812 -0.95898438 -0.00976562
v 0.08398438 0.92382812 -0.00976562
v 0.10742188 -0.98242188 -0.00976562
v 0.15039062 0.91601562 -0.00976562
v 0.16210938 -0.99804688 -0.00976562
v 0.20507812 0.89257812 -0.00976562
v 0.21289062 -0.99804688 -0.00976562
v 0.26367188 0.93164062 -0.00976562
v 0.27539062 -0.99023438 -0.00976562
v 0.30273438 0.96679688 -0.00976562
v 0.31445312 0.71289062 -0.00976562
v 0.31445312 0.95117188 -0.00976562
v 0.32617188 -0.98242188 -0.00976562
v 0.34570312 0.72851562 -0.00976562
v 0.34570312 0.95117188 -0.00976562
v 0.37695312 -0.95898438 -0.00976562
v 0.37695312 0.46679688 -0.00976562
v 0.38476562 0.72851562 -0.00976562
v 0.38476562 0.95117188 -0.00976562
v 0.39648438 0.46679688 -0.00976562
v 0.41992188 -0.90820312 -0.00976562
v 0.41992188 0.74414062 -0.00976562
v 0.41992188 0.77539062 -0.00976562
v 0.41992188 0.93164062 -0.00976562
v 0.43945312 0.92382812 -0.00976562
v 0.45507812 -0.84179688 -0.00976562
v 0.45507812 0.81054688 -0.00976562
v 0.45507812 0.84179688 -0.00976562
v 0.45507812 0.90039062 -0.00976562
v 0.46679688 0.90039062 -0.00976562
v 0.50585938 -0.75976562 -0.00976562
v 0.52929688 -0.72851562 -0.00976562
v 0.55664062 -0.45507812 -0.00976562
v 0.55664062 -0.34960938 -0.00976562
v 0.55664062 -0.33398438 -0.00976562
v 0.55664062 -0.25195312 -0.00976562
v 0.58007812 -0.41601562 -0.00976562
v 0.69335938 -0.52929688 -0.00976562
v 0.70507812 -0.46679688 -0.00976562
v 0.71289062 -0.49023438 -0.00976562
v 0.72851562 -0.52929688 -0.00976562
v -0.81445312 -0.28320312 0.01367188
v -0.81445312 -0.25976562 0.01367188
v -0.78320312 -0.48242188 0.01367188
v -0.76367188 -0.14257812 0.01367188
v -0.72851562 -0.52148438 0.01367188
v -0.72851562 -0.08007812 0.01367188
v -0.71289062 -0.49023438 0.01367188
v -0.71289062 0.02148438 0.01367188
v -0.70507812 -0.46679688 0.01367188
v -0.70507812 -0.02929688 0.01367188
v -0.70507812 -0.00585938 0.01367188
v -0.69335938 -0.52148438 0.01367188
v -0.68164062 -0.42382812 0.01367188
v -0.68164062 0.08007812 0.01367188
v -0.65039062 -0.39257812 0.01367188
v -0.65039062 0.08007812 0.01367188
v -0.65039062 0.08789062 0.01367188
v -0.58007812 -0.34179688 0.01367188
v -0.58007812 0.15039062 0.01367188
v -0.54101562 -0.58007812 0.01367188
v -0.52148438 -0.71289062 0.01367188
v -0.52148438 0.21679688 0.01367188
v -0.45507812 -0.84179688 0.01367188
v -0.45507812 0.27539062 0.01367188
v -0.45507812 0.90039062 0.01367188
v -0.43945312 0.84179688 0.01367188
v -0.43945312 0.86914062 0.01367188
v -0.43945312 0.90039062 0.01367188
v -0.43945312 0.92382812 0.01367188
v -0.41992188 -0.90820312 0.01367188
v -0.41992188 0.31054688 0.01367188
v -0.41992188 0.55664062 0.01367188
v -0.41992188 0.73632812 0.01367188
v -0.41992188 0.77539062 0.01367188
v -0.41992188 0.86914062 0.01367188
v -0.41992188 0.90039062 0.01367188
v -0.38476562 0.34179688 0.01367188
v -0.38476562 0.49804688 0.01367188
v -0.38476562 0.52929688 0.01367188
v -0.38476562 0.65429688 0.01367188
v -0.38476562 0.71289062 0.01367188
v -0.38476562 0.84179688 0.01367188
v -0.38476562 0.86914062 0.01367188
v -0.38476562 0.90039062 0.01367188
v -0.37695312 -0.95898438 0.01367188
v -0.37695312 0.36523438 0.01367188
v -0.37695312 0.42382812 0.01367188
v -0.37695312 0.61132812 0.01367188
v -0.37695312 0.66210938 0.01367188
v -0.35742188 0.37304688 0.01367188
v -0.34570312 0.39257812 0.01367188
v -0.34570312 0.66992188 0.01367188
v -0.34570312 0.70507812 0.01367188
v -0.34570312 0.86914062 0.01367188
v -0.34570312 0.90039062 0.01367188
v -0.34570312 0.93164062 0.01367188
v -0.32617188 -0.98242188 0.01367188
v -0.31445312 0.90039062 0.01367188
v -0.31445312 0.93164062 0.01367188
v -0.27539062 -0.99023438 0.01367188
v -0.23632812 0.93164062 0.01367188
v -0.21289062 -0.99804688 0.01367188
v -0.20507812 0.90039062 0.01367188
v -0.16210938 -0.99804688 0.01367188
v -0.15039062 0.92382812 0.01367188
v -0.12695312 -0.98242188 0.01367188
v -0.09570312 0.93164062 0.01367188
v -0.08398438 0.92382812 0.01367188
v -0.02539062 0.92382812 0.01367188
v 0.00585938 0.92382812 0.01367188
v 0.02539062 0.93164062 0.01367188
v 0.04492188 0.92382812 0.01367188
v 0.08398438 0.92382812 0.01367188
v 0.08398438 0.93164062 0.01367188
v 0.12695312 -0.98242188 0.01367188
v 0.15039062 0.92382812 0.01367188
v 0.16210938 -0.99804688 0.01367188
v 0.20507812 0.90039062 0.01367188
v 0.21289062 -0.99804688 0.01367188
v 0.26367188 0.93164062 0.01367188
v 0.27539062 -0.99023438 0.01367188
v 0.30273438 0.96679688 0.01367188
v 0.31445312 0.90039062 0.01367188
v 0.32617188 -0.98242188 0.01367188
v 0.34570312 0.65429688 0.01367188
v 0.34570312 0.70507812 0.01367188
v 0.34570312 0.86914062 0.01367188
v 0.34570312 0.90039062 0.01367188
v 0.34570312 0.93164062 0.01367188
v 0.37695312 -0.95898438 0.01367188
v 0.37695312 0.36523438 0.01367188
v 0.37695312 0.38085938 0.01367188
v 0.37695312 0.41601562 0.01367188
v 0.37695312 0.61132812 0.01367188
v 0.37695312 0.65429688 0.01367188
v 0.37695312 0.66992188 0.01367188
v 0.38476562 0.34179688 0.01367188
v 0.38476562 0.49804688 0.01367188
v 0.38476562 0.52929688 0.01367188
v 0.38476562 0.69726562 0.01367188
v 0.38476562 0.71289062 0.01367188
v 0.38476562 0.84179688 0.01367188
v 0.38476562 0.86914062 0.01367188
v 0.38476562 0.90039062 0.01367188
v 0.41992188 -0.90820312 0.01367188
v 0.41992188 0.31054688 0.01367188
v 0.41992188 0.55664062 0.01367188
v 0.41992188 0.73632812 0.01367188
v 0.41992188 0.77539062 0.01367188
v 0.41992188 0.86914062 0.01367188
v 0.43945312 0.84179688 0.01367188
v 0.43945312 0.90039062 0.01367188
v 0.43945312 0.91601562 0.01367188
v 0.43945312 0.93164062 0.01367188
v 0.45507812 -0.84179688 0.01367188
v 0.45507812 0.27539062 0.01367188
v 0.45507812 0.90039062 0.01367188
v 0.52148438 -0.71289062 0.01367188
v 0.52148438 0.21679688 0.01367188
v 0.54101562 -0.58007812 0.01367188
v 0.58007812 -0.34179688 0.01367188
v 0.58007812 0.15039062 0.01367188
v 0.65039062 -0.39257812 0.01367188
v 0.65039062 0.06835938 0.01367188
v 0.65039062 0.08007812 0.01367188
v 0.68164062 -0.42382812 0.01367188
v 0.68164062 0.08007812 0.01367188
v 0.69335938 -0.52148438 0.01367188
v 0.70507812 -0.46679688 0.01367188
v 0.70507812 -0.02929688 0.01367188
v 0.70507812 -0.00585938 0.01367188
v 0.71289062 -0.49023438 0.01367188
v 0.71289062 0.02148438 0.01367188
v 0.72851562 -0.52148438 0.01367188
v 0.72851562 -0.08007812 0.01367188
v 0.76367188 -0.13476562 0.01367188
v 0.78320312 -0.48242188 0.01367188
v 0.80664062 -0.42382812 0.01367188
v 0.81445312 -0.25976562 0.01367188
v 0.82226562 -0.35742188 0.01367188
v 0.82226562 -0.28320312 0.01367188
v -0.72851562 -0.52929688 0.02539062
v -0.50585938 -0.77148438 0.02539062
v -0.09179688 -0.95117188 0.02539062
v -0.07226562 -0.90820312 0.02539062
v -0.06054688 -0.82617188 0.02539062
v 0.06054688 -0.82617188 0.02539062
v 0.07226562 -0.90820312 0.02539062
v 0.09179688 -0.95117188 0.02539062
v 0.50585938 -0.77148438 0.02539062
v 0.52929688 -0.72851562 0.02539062
v -0.72851562 0.03710938 0.03320312
v -0.71289062 -0.52929688 0.03320312
v -0.71289062 0.06054688 0.03320312
v -0.70507812 -0.49023438 0.03320312
v -0.54101562 -0.73632812 0.03320312
v -0.45507812 -0.84179688 0.03320312
v -0.45507812 0.55664062 0.03320312
v -0.44335938 -0.89257812 0.03320312
v -0.43554688 -0.88476562 0.03320312
v -0.41992188 0.49023438 0.03320312
v -0.41992188 0.52929688 0.03320312
v -0.41992188 0.58789062 0.03320312
v -0.41992188 0.62304688 0.03320312
v -0.38476562 0.45507812 0.03320312
v -0.38476562 0.66210938 0.03320312
v -0.38476562 0.72851562 0.03320312
v -0.38476562 0.75976562 0.03320312
v -0.38476562 0.79101562 0.03320312
v -0.34570312 0.66210938 0.03320312
v -0.34570312 0.69726562 0.03320312
v -0.34570312 0.75976562 0.03320312
v -0.34570312 0.79101562 0.03320312
v -0.34570312 0.81835938 0.03320312
v -0.34570312 0.97460938 0.03320312
v -0.31445312 0.86914062 0.03320312
v -0.30273438 0.86132812 0.03320312
v -0.26367188 0.90039062 0.03320312
v -0.20507812 0.90039062 0.03320312
v -0.15039062 0.92382812 0.03320312
v -0.06445312 0.95898438 0.03320312
v -0.04492188 -0.75195312 0.03320312
v -0.04492188 -0.72851562 0.03320312
v -0.02539062 -0.72070312 0.03320312
v -0.02539062 0.96679688 0.03320312
v -0.00976562 -0.72070312 0.03320312
v 0.00195312 -0.72070312 0.03320312
v 0.00585938 0.92382812 0.03320312
v 0.00976562 -0.72070312 0.03320312
v 0.02929688 -0.72851562 0.03320312
v 0.04492188 -0.75195312 0.03320312
v 0.04492188 0.95898438 0.03320312
v 0.15039062 0.92382812 0.03320312
v 0.26367188 0.90039062 0.03320312
v 0.27539062 0.93164062 0.03320312
v 0.30273438 0.86132812 0.03320312
v 0.31445312 0.86914062 0.03320312
v 0.34570312 0.70507812 0.03320312
v 0.34570312 0.75976562 0.03320312
v 0.34570312 0.79101562 0.03320312
v 0.34570312 0.81835938 0.03320312
v 0.38476562 0.45507812 0.03320312
v 0.38476562 0.72851562 0.03320312
v 0.38476562 0.75976562 0.03320312
v 0.38476562 0.79101562 0.03320312
v 0.41992188 0.49023438 0.03320312
v 0.41992188 0.52929688 0.03320312
v 0.41992188 0.58789062 0.03320312
v 0.41992188 0.62304688 0.03320312
v 0.43554688 -0.88476562 0.03320312
v 0.44335938 -0.89257812 0.03320312
v 0.45507812 -0.84179688 0.03320312
v 0.45507812 0.55664062 0.03320312
v 0.52929688 -0.72851562 0.03320312
v 0.71289062 -0.52929688 0.03320312
v 0.71289062 0.06054688 0.03320312
v 0.72851562 0.03710938 0.03320312
v -0.76367188 -0.48242188 0.04492188
v -0.70507812 -0.52929688 0.04492188
v -0.69335938 -0.52148438 0.04492188
v -0.69335938 -0.47460938 0.04492188
v -0.68164062 -0.43164062 0.04492188
v -0.55664062 -0.25195312 0.04492188
v -0.52929688 -0.73632812 0.04492188
v -0.50585938 -0.77929688 0.04492188
v -0.45507812 -0.85351562 0.04492188
v -0.44335938 -0.84179688 0.04492188
v -0.37695312 0.41601562 0.04492188
v 0.44335938 -0.84179688 0.04492188
v 0.45507812 -0.85351562 0.04492188
v 0.50585938 -0.77929688 0.04492188
v 0.69335938 -0.52148438 0.04492188
v 0.69335938 -0.47460938 0.04492188
v 0.70507812 -0.52929688 0.04492188
v 0.70507812 -0.49023438 0.04492188
v 0.76367188 -0.48242188 0.04492188
v -0.52148438 -0.73632812 0.05664062
v -0.52148438 -0.72070312 0.05664062
v -0.48632812 -0.78710938 0.05664062
v -0.48632812 -0.77929688 0.05664062
v -0.35742188 0.35742188 0.05664062
v -0.35742188 0.37304688 0.05664062
v -0.34570312 0.38085938 0.05664062
v 0.37695312 0.35742188 0.05664062
v 0.37695312 0.40039062 0.05664062
v 0.48632812 -0.78710938 0.05664062
v 0.48632812 -0.77929688 0.05664062
v 0.52148438 -0.73632812 0.05664062
v 0.52148438 -0.72070312 0.05664062
v 0.52929688 -0.73632812 0.05664062
v 0.55664062 -0.25195312 0.05664062
v -0.78320312 -0.42382812 0.06835938
v -0.75585938 -0.49804688 0.06835938
v -0.52929688 -0.73632812 0.06835938
v -0.52148438 -0.72070312 0.06835938
v -0.41992188 0.31054688 0.06835938
v -0.38476562 0.34179688 0.06835938
v 0.38476562 0.34179688 0.06835938
v 0.41992188 0.31054688 0.06835938
v 0.52148438 -0.72851562 0.06835938
v 0.75585938 -0.49804688 0.06835938
v 0.79101562 -0.42382812 0.06835938
v -0.10742188 -0.90039062 0.08007812
v 0.10742188 -0.90039062 0.08007812
v -0.78320312 -0.35742188 0.08398438
v -0.78320312 -0.29101562 0.08398438
v -0.76367188 -0.25195312 0.08398438
v -0.75585938 -0.15039062 0.08398438
v -0.74023438 -0.50585938 0.08398438
v -0.72851562 -0.50585938 0.08398438
v -0.71289062 -0.08789062 0.08398438
v -0.70507812 -0.00585938 0.08398438
v -0.69335938 -0.47460938 0.08398438
v -0.68164062 -0.02148438 0.08398438
v -0.65039062 -0.41601562 0.08398438
v -0.65039062 0.04492188 0.08398438
v -0.65039062 0.06054688 0.08398438
v -0.58789062 0.11132812 0.08398438
v -0.55664062 -0.45507812 0.08398438
v -0.55664062 -0.41601562 0.08398438
v -0.55664062 -0.34960938 0.08398438
v -0.55664062 -0.33398438 0.08398438
v -0.54101562 -0.58007812 0.08398438
v -0.54101562 0.16992188 0.08398438
v -0.52929688 -0.73632812 0.08398438
v -0.50585938 0.21679688 0.08398438
v -0.48632812 -0.78710938 0.08398438
v -0.45507812 -0.85351562 0.08398438
v -0.45507812 0.27539062 0.08398438
v -0.43554688 0.55664062 0.08398438
v -0.43554688 0.62304688 0.08398438
v -0.41992188 -0.94335938 0.08398438
v -0.41992188 -0.90820312 0.08398438
v -0.41992188 -0.89257812 0.08398438
v -0.41992188 0.49023438 0.08398438
v -0.41992188 0.52929688 0.08398438
v -0.41992188 0.65429688 0.08398438
v -0.39648438 -0.99804688 0.08398438
v -0.38476562 0.66992188 0.08398438
v -0.38476562 0.68554688 0.08398438
v -0.37695312 0.41601562 0.08398438
v -0.34570312 0.66210938 0.08398438
v -0.34570312 0.72851562 0.08398438
v -0.33789062 -0.99804688 0.08398438
v -0.31445312 0.79101562 0.08398438
v -0.31445312 0.79882812 0.08398438
v -0.30273438 0.96679688 0.08398438
v -0.27539062 -0.99804688 0.08398438
v -0.26367188 0.84179688 0.08398438
v -0.21289062 -0.99804688 0.08398438
v -0.16210938 -0.99804688 0.08398438
v -0.13476562 -0.99804688 0.08398438
v -0.10742188 -0.95117188 0.08398438
v -0.08398438 -0.81835938 0.08398438
v -0.07226562 -0.73632812 0.08398438
v -0.06054688 -0.72070312 0.08398438
v -0.04492188 -0.72070312 0.08398438
v -0.02539062 -0.72070312 0.08398438
v -0.02539062 0.92382812 0.08398438
v 0.00195312 -0.72070312 0.08398438
v 0.00585938 0.92382812 0.08398438
v 0.02929688 -0.72070312 0.08398438
v 0.06054688 -0.72070312 0.08398438
v 0.07226562 -0.73632812 0.08398438
v 0.08398438 -0.81835938 0.08398438
v 0.10742188 -0.95117188 0.08398438
v 0.13476562 -0.99804688 0.08398438
v 0.16210938 -0.99804688 0.08398438
v 0.21289062 -0.99804688 0.08398438
v 0.26367188 0.84179688 0.08398438
v 0.26367188 0.93164062 0.08398438
v 0.27539062 -0.99804688 0.08398438
v 0.31445312 0.79101562 0.08398438
v 0.33789062 -0.99804688 0.08398438
v 0.34570312 0.65429688 0.08398438
v 0.34570312 0.72851562 0.08398438
v 0.37695312 0.42382812 0.08398438
v 0.38476562 0.68554688 0.08398438
v 0.38476562 0.71289062 0.08398438
v 0.39648438 -0.99804688 0.08398438
v 0.41992188 -0.94335938 0.08398438
v 0.41992188 -0.90820312 0.08398438
v 0.41992188 -0.89257812 0.08398438
v 0.41992188 0.49023438 0.08398438
v 0.41992188 0.52929688 0.08398438
v 0.41992188 0.65429688 0.08398438
v 0.43164062 0.62304688 0.08398438
v 0.45507812 -0.85351562 0.08398438
v 0.45507812 0.27539062 0.08398438
v 0.45507812 0.55664062 0.08398438
v 0.45507812 0.58789062 0.08398438
v 0.50585938 0.21679688 0.08398438
v 0.54101562 -0.58007812 0.08398438
v 0.54101562 0.16992188 0.08398438
v 0.55664062 -0.45507812 0.08398438
v 0.55664062 -0.41601562 0.08398438
v 0.55664062 -0.34960938 0.08398438
v 0.55664062 -0.33398438 0.08398438
v 0.58789062 0.11132812 0.08398438
v 0.65039062 -0.41601562 0.08398438
v 0.65039062 0.04492188 0.08398438
v 0.65039062 0.05273438 0.08398438
v 0.68164062 -0.02148438 0.08398438
v 0.69335938 -0.47460938 0.08398438
v 0.70507812 -0.00585938 0.08398438
v 0.71289062 -0.08789062 0.08398438
v 0.72851562 -0.50585938 0.08398438
v 0.74023438 -0.50585938 0.08398438
v 0.75585938 -0.15039062 0.08398438
v 0.78320312 -0.35742188 0.08398438
v 0.78320312 -0.29101562 0.08398438
v 0.78320312 -0.25195312 0.08398438
v -0.75585938 -0.43164062 0.09570312
v -0.71289062 0.01367188 0.09570312
v -0.68164062 -0.04492188 0.09570312
v -0.68164062 0.04492188 0.09570312
v -0.62304688 -0.37304688 0.09570312
v -0.55664062 -0.22460938 0.09570312
v 0.34570312 0.69726562 0.09570312
v 0.62304688 -0.37304688 0.09570312
v 0.68164062 -0.04492188 0.09570312
v 0.68164062 0.04492188 0.09570312
v 0.71289062 0.01367188 0.09570312
v -0.72851562 -0.44726562 0.10742188
v -0.70507812 -0.46679688 0.10742188
v -0.70507812 0.02929688 0.10742188
v -0.58789062 -0.32617188 0.10742188
v -0.56835938 -0.25195312 0.10742188
v -0.54101562 -0.25195312 0.10742188
v -0.45507812 0.55664062 0.10742188
v -0.41992188 0.44726562 0.10742188
v -0.41992188 0.48242188 0.10742188
v -0.41992188 0.52148438 0.10742188
v -0.41992188 0.58789062 0.10742188
v -0.41992188 0.62304688 0.10742188
v -0.38476562 0.65429688 0.10742188
v -0.35742188 0.34179688 0.10742188
v -0.35742188 0.40039062 0.10742188
v -0.34570312 0.35742188 0.10742188
v -0.34570312 0.37304688 0.10742188
v -0.34570312 0.69726562 0.10742188
v -0.34570312 0.73632812 0.10742188
v -0.31445312 0.79101562 0.10742188
v -0.26367188 0.84179688 0.10742188
v -0.20507812 0.89257812 0.10742188
v -0.15039062 0.91601562 0.10742188
v -0.09570312 0.92382812 0.10742188
v -0.06445312 0.92382812 0.10742188
v -0.02539062 0.91601562 0.10742188
v 0.00585938 0.91601562 0.10742188
v 0.02539062 0.91601562 0.10742188
v 0.04492188 0.92382812 0.10742188
v 0.09570312 0.92382812 0.10742188
v 0.15039062 0.91601562 0.10742188
v 0.20507812 0.89257812 0.10742188
v 0.26367188 0.84179688 0.10742188
v 0.34570312 0.35742188 0.10742188
v 0.34570312 0.37304688 0.10742188
v 0.34570312 0.69726562 0.10742188
v 0.34570312 0.73632812 0.10742188
v 0.35742188 0.34179688 0.10742188
v 0.35742188 0.40039062 0.10742188
v 0.38476562 0.65429688 0.10742188
v 0.41992188 0.44726562 0.10742188
v 0.41992188 0.48242188 0.10742188
v 0.41992188 0.52148438 0.10742188
v 0.41992188 0.58789062 0.10742188
v 0.41992188 0.62304688 0.10742188
v 0.45507812 0.55664062 0.10742188
v 0.55664062 -0.25195312 0.10742188
v 0.55664062 -0.22460938 0.10742188
v 0.56835938 -0.25195312 0.10742188
v 0.58789062 -0.32617188 0.10742188
v 0.70507812 -0.46679688 0.10742188
v 0.70507812 0.02929688 0.10742188
v 0.72851562 -0.44726562 0.10742188
v -0.67382812 -0.40820312 0.11914062
v -0.66601562 -0.04492188 0.11914062
v -0.50585938 -0.71289062 0.11914062
v -0.38476562 0.31054688 0.11914062
v -0.38476562 0.42382812 0.11914062
v 0.38476562 0.31054688 0.11914062
v 0.38476562 0.42382812 0.11914062
v 0.50585938 -0.71289062 0.11914062
v 0.66601562 -0.04492188 0.11914062
v 0.67382812 -0.40820312 0.11914062
v -0.74023438 -0.36523438 0.12695312
v -0.45507812 0.20898438 0.12695312
v -0.43554688 -0.85351562 0.12695312
v -0.41992188 0.26757812 0.12695312
v -0.39648438 -0.94335938 0.12695312
v -0.39648438 -0.90820312 0.12695312
v -0.39648438 -0.89257812 0.12695312
v -0.15039062 -0.89257812 0.12695312
v -0.04492188 -0.72070312 0.12695312
v -0.02539062 -0.72070312 0.12695312
v 0.04492188 -0.72070312 0.12695312
v 0.15039062 -0.89257812 0.12695312
v 0.39648438 -0.94335938 0.12695312
v 0.39648438 -0.90820312 0.12695312
v 0.39648438 -0.88476562 0.12695312
v 0.41992188 0.26757812 0.12695312
v 0.43554688 -0.85351562 0.12695312
v 0.74023438 -0.36523438 0.12695312
v -0.74023438 -0.31054688 0.13867188
v -0.74023438 -0.29882812 0.13867188
v -0.72851562 -0.25976562 0.13867188
v -0.71289062 -0.16992188 0.13867188
v -0.70507812 -0.39257812 0.13867188
v -0.68164062 -0.10351562 0.13867188
v -0.68164062 -0.03710938 0.13867188
v -0.65039062 -0.08007812 0.13867188
v -0.62304688 -0.00585938 0.13867188
v -0.61523438 0.02148438 0.13867188
v -0.58789062 -0.23632812 0.13867188
v -0.55664062 -0.32617188 0.13867188
v -0.55664062 0.08007812 0.13867188
v -0.52148438 -0.20898438 0.13867188
v -0.52148438 -0.17773438 0.13867188
v -0.49804688 0.15039062 0.13867188
v -0.49414062 -0.11914062 0.13867188
v -0.45507812 0.54882812 0.13867188
v -0.41992188 0.52148438 0.13867188
v -0.41992188 0.58789062 0.13867188
v -0.40429688 -0.99804688 0.13867188
v -0.38476562 0.43945312 0.13867188
v -0.33789062 -0.99804688 0.13867188
v -0.32617188 0.34179688 0.13867188
v -0.27539062 -0.99804688 0.13867188
v -0.07226562 -0.71289062 0.13867188
v 0.07226562 -0.71289062 0.13867188
v 0.33789062 -0.99804688 0.13867188
v 0.38476562 0.43945312 0.13867188
v 0.40429688 -0.99804688 0.13867188
v 0.41992188 0.52148438 0.13867188
v 0.41992188 0.58789062 0.13867188
v 0.45507812 0.20898438 0.13867188
v 0.45507812 0.54882812 0.13867188
v 0.49804688 -0.11914062 0.13867188
v 0.49804688 0.15039062 0.13867188
v 0.52148438 -0.20898438 0.13867188
v 0.52148438 -0.17773438 0.13867188
v 0.55664062 -0.32617188 0.13867188
v 0.55664062 0.08007812 0.13867188
v 0.58007812 -0.19335938 0.13867188
v 0.58789062 -0.23632812 0.13867188
v 0.61523438 0.02148438 0.13867188
v 0.62304688 -0.00585938 0.13867188
v 0.65039062 -0.08007812 0.13867188
v 0.68164062 -0.10351562 0.13867188
v 0.68164062 -0.03710938 0.13867188
v 0.70507812 -0.39257812 0.13867188
v 0.71289062 -0.16992188 0.13867188
v 0.72851562 -0.25976562 0.13867188
v 0.74023438 -0.29882812 0.13867188
v -0.41992188 0.61132812 0.14648438
v -0.32226562 0.36523438 0.14648438
v 0.32226562 0.34179688 0.14648438
v 0.32226562 0.36523438 0.14648438
v 0.41992188 0.61132812 0.14648438
v -0.68164062 -0.02148438 0.15039062
v -0.66601562 -0.00585938 0.15039062
v -0.65039062 -0.35742188 0.15039062
v -0.65039062 -0.06835938 0.15039062
v -0.62304688 -0.29882812 0.15039062
v -0.55664062 -0.34179688 0.15039062
v -0.55664062 -0.18554688 0.15039062
v -0.52148438 -0.58007812 0.15039062
v -0.49804688 -0.05273438 0.15039062
v -0.34570312 -0.90820312 0.15039062
v -0.34570312 -0.89257812 0.15039062
v -0.31835938 -0.99804688 0.15039062
v -0.31835938 -0.89257812 0.15039062
v -0.30273438 -0.91601562 0.15039062
v -0.27539062 -0.89257812 0.15039062
v -0.22070312 -0.99804688 0.15039062
v -0.22070312 -0.90820312 0.15039062
v -0.21289062 -0.88476562 0.15039062
v -0.16992188 -0.99804688 0.15039062
v -0.15820312 -0.90820312 0.15039062
v -0.15039062 -0.99804688 0.15039062
v -0.15039062 -0.94335938 0.15039062
v -0.09179688 -0.71289062 0.15039062
v 0.04492188 -0.72070312 0.15039062
v 0.09179688 -0.71289062 0.15039062
v 0.15039062 -0.99804688 0.15039062
v 0.15039062 -0.94335938 0.15039062
v 0.15820312 -0.90820312 0.15039062
v 0.16210938 -0.99804688 0.15039062
v 0.21289062 -0.88476562 0.15039062
v 0.22070312 -0.99804688 0.15039062
v 0.22070312 -0.90820312 0.15039062
v 0.27539062 -0.99804688 0.15039062
v 0.27539062 -0.89257812 0.15039062
v 0.30273438 -0.91601562 0.15039062
v 0.31835938 -0.99804688 0.15039062
v 0.31835938 -0.89257812 0.15039062
v 0.34570312 -0.90820312 0.15039062
v 0.34570312 -0.89257812 0.15039062
v 0.49804688 -0.06054688 0.15039062
v 0.52148438 -0.58007812 0.15039062
v 0.55664062 -0.34179688 0.15039062
v 0.55664062 -0.17773438 0.15039062
v 0.55664062 -0.16992188 0.15039062
v 0.61523438 -0.31054688 0.15039062
v 0.64257812 -0.06835938 0.15039062
v 0.65039062 -0.35742188 0.15039062
v 0.66601562 -0.00585938 0.15039062
v 0.68164062 -0.02148438 0.15039062
v 0.74023438 -0.29882812 0.15039062
v -0.71289062 -0.31835938 0.15820312
v -0.69335938 -0.26757812 0.15820312
v -0.67382812 -0.18554688 0.15820312
v -0.62304688 -0.20898438 0.15820312
v -0.58789062 -0.17773438 0.15820312
v -0.58007812 -0.16210938 0.15820312
v -0.55664062 -0.41601562 0.15820312
v -0.54101562 -0.25195312 0.15820312
v -0.52148438 -0.11132812 0.15820312
v -0.52148438 -0.06054688 0.15820312
v -0.49023438 0.04492188 0.15820312
v -0.45507812 -0.06835938 0.15820312
v -0.34570312 0.31054688 0.15820312
v -0.34570312 0.33398438 0.15820312
v -0.30273438 -0.94335938 0.15820312
v -0.27539062 -0.90820312 0.15820312
v -0.22070312 -0.95117188 0.15820312
v -0.22070312 -0.93554688 0.15820312
v -0.13476562 -0.79492188 0.15820312
v -0.07226562 -0.71289062 0.15820312
v 0.08007812 -0.71289062 0.15820312
v 0.13476562 -0.80273438 0.15820312
v 0.22070312 -0.95117188 0.15820312
v 0.22070312 -0.92773438 0.15820312
v 0.27539062 -0.90820312 0.15820312
v 0.30273438 -0.94335938 0.15820312
v 0.34570312 0.31054688 0.15820312
v 0.34570312 0.33398438 0.15820312
v 0.44335938 -0.80273438 0.15820312
v 0.45507812 -0.06835938 0.15820312
v 0.49023438 0.04492188 0.15820312
v 0.49804688 0.03710938 0.15820312
v 0.52148438 -0.10351562 0.15820312
v 0.54101562 -0.25195312 0.15820312
v 0.55664062 -0.41601562 0.15820312
v 0.62304688 -0.16210938 0.15820312
v 0.67382812 -0.18554688 0.15820312
v 0.71289062 -0.32617188 0.15820312
v -0.68164062 -0.34960938 0.16992188
v -0.65039062 -0.28320312 0.16992188
v -0.65039062 -0.13476562 0.16992188
v -0.65039062 -0.06054688 0.16992188
v -0.62304688 -0.11914062 0.16992188
v -0.61523438 -0.11132812 0.16992188
v -0.58007812 -0.15039062 0.16992188
v -0.58007812 -0.05273438 0.16992188
v -0.55664062 -0.14257812 0.16992188
v -0.55664062 -0.02929688 0.16992188
v -0.52148438 -0.45507812 0.16992188
v -0.45507812 0.04492188 0.16992188
v -0.45507812 0.14257812 0.16992188
v -0.43554688 0.54882812 0.16992188
v -0.41992188 0.20117188 0.16992188
v -0.41992188 0.48242188 0.16992188
v -0.41992188 0.52148438 0.16992188
v -0.41992188 0.57226562 0.16992188
v -0.38476562 0.63867188 0.16992188
v -0.37695312 0.25976562 0.16992188
v -0.34570312 0.40039062 0.16992188
v -0.34570312 0.40820312 0.16992188
v -0.34570312 0.67773438 0.16992188
v -0.32617188 0.72851562 0.16992188
v -0.30273438 0.78320312 0.16992188
v -0.23632812 0.84179688 0.16992188
v -0.18554688 0.90039062 0.16992188
v -0.15820312 -0.93554688 0.16992188
v -0.09570312 0.91601562 0.16992188
v -0.06445312 0.91601562 0.16992188
v -0.04492188 -0.75195312 0.16992188
v -0.02539062 0.90820312 0.16992188
v 0.00195312 -0.74414062 0.16992188
v 0.00585938 0.90820312 0.16992188
v 0.02539062 0.90820312 0.16992188
v 0.02929688 -0.75195312 0.16992188
v 0.04492188 -0.75195312 0.16992188
v 0.04492188 0.91601562 0.16992188
v 0.09570312 0.91601562 0.16992188
v 0.15820312 -0.93554688 0.16992188
v 0.16992188 0.90039062 0.16992188
v 0.23632812 0.84179688 0.16992188
v 0.30273438 0.79101562 0.16992188
v 0.32617188 0.72851562 0.16992188
v 0.34570312 0.40039062 0.16992188
v 0.34570312 0.40820312 0.16992188
v 0.34570312 0.67773438 0.16992188
v 0.37695312 0.25976562 0.16992188
v 0.38476562 0.63867188 0.16992188
v 0.41992188 0.20117188 0.16992188
v 0.41992188 0.48242188 0.16992188
v 0.41992188 0.57226562 0.16992188
v 0.44335938 -0.80273438 0.16992188
v 0.45507812 0.04492188 0.16992188
v 0.45507812 0.14257812 0.16992188
v 0.52148438 -0.45507812 0.16992188
v 0.55664062 -0.13476562 0.16992188
v 0.55664062 -0.02929688 0.16992188
v 0.58007812 -0.06054688 0.16992188
v 0.61523438 -0.12695312 0.16992188
v 0.61523438 -0.10351562 0.16992188
v 0.65039062 -0.13476562 0.16992188
v 0.65039062 -0.06054688 0.16992188
v 0.68164062 -0.34179688 0.16992188
v -0.44335938 -0.79492188 0.18164062
v -0.35742188 0.42382812 0.18164062
v -0.34570312 -0.99804688 0.18164062
v -0.34570312 -0.94335938 0.18164062
v 0.34570312 -0.99804688 0.18164062
v 0.34570312 -0.94335938 0.18164062
v 0.63085938 -0.05273438 0.18164062
v -0.64257812 -0.05273438 0.18945312
v -0.61523438 -0.11132812 0.18945312
v -0.59179688 -0.08789062 0.18945312
v -0.54101562 -0.33398438 0.18945312
v -0.54101562 -0.31835938 0.18945312
v -0.41992188 0.52929688 0.18945312
v -0.40820312 0.58007812 0.18945312
v -0.27539062 -0.94335938 0.18945312
v 0.27539062 -0.94335938 0.18945312
v 0.35742188 0.42382812 0.18945312
v 0.40820312 0.58007812 0.18945312
v 0.54101562 -0.33398438 0.18945312
v 0.54101562 -0.31835938 0.18945312
v 0.59570312 -0.08789062 0.18945312
v 0.60742188 -0.08789062 0.18945312
v 0.60742188 -0.08789062 0.20117188
v -0.52148438 -0.25195312 0.20898438
v -0.49023438 -0.15039062 0.20898438
v -0.40820312 0.54882812 0.20898438
v -0.37695312 0.45507812 0.20898438
v -0.32226562 0.29101562 0.20898438
v -0.30273438 0.31054688 0.20898438
v -0.30273438 0.36523438 0.20898438
v -0.27539062 -0.99804688 0.20898438
v -0.26367188 0.32617188 0.20898438
v -0.15039062 -0.69726562 0.20898438
v -0.13476562 -0.69726562 0.20898438
v 0.13476562 -0.69726562 0.20898438
v 0.15039062 -0.69726562 0.20898438
v 0.26367188 0.32617188 0.20898438
v 0.27539062 -0.99804688 0.20898438
v 0.30273438 0.36523438 0.20898438
v 0.32226562 0.29101562 0.20898438
v 0.37695312 0.45507812 0.20898438
v 0.49023438 -0.15039062 0.20898438
v 0.52148438 -0.25195312 0.20898438
v 0.21289062 -0.78710938 0.21289062
v -0.38867188 -0.80273438 0.22070312
v -0.37695312 -0.80273438 0.22070312
v -0.35351562 -0.80273438 0.22070312
v -0.34570312 -0.80273438 0.22070312
v -0.21289062 -0.77929688 0.22070312
v 0.34570312 -0.80273438 0.22070312
v 0.35351562 -0.80273438 0.22070312
v 0.36914062 -0.80273438 0.22070312
v 0.37695312 -0.80273438 0.22070312
v -0.52148438 -0.29101562 0.23242188
v -0.44335938 -0.71289062 0.23242188
v -0.37695312 0.16210938 0.23242188
v -0.37695312 0.59570312 0.23242188
v -0.32617188 0.66992188 0.23242188
v -0.32226562 0.25195312 0.23242188
v -0.31835938 -0.80273438 0.23242188
v -0.30273438 0.72851562 0.23242188
v -0.27539062 -0.79492188 0.23242188
v -0.26367188 0.29101562 0.23242188
v -0.26367188 0.34960938 0.23242188
v -0.26367188 0.78320312 0.23242188
v -0.23632812 0.27539062 0.23242188
v -0.21679688 0.83398438 0.23242188
v -0.13085938 0.89257812 0.23242188
v -0.08398438 0.90039062 0.23242188
v -0.04492188 0.89257812 0.23242188
v -0.02539062 0.89257812 0.23242188
v 0.00585938 0.88476562 0.23242188
v 0.02539062 0.88476562 0.23242188
v 0.04492188 0.89257812 0.23242188
v 0.08398438 0.90039062 0.23242188
v 0.21679688 0.83398438 0.23242188
v 0.26367188 0.29101562 0.23242188
v 0.26367188 0.34960938 0.23242188
v 0.26367188 0.78320312 0.23242188
v 0.27539062 -0.79492188 0.23242188
v 0.30273438 0.72851562 0.23242188
v 0.31835938 -0.80273438 0.23242188
v 0.32226562 0.25195312 0.23242188
v 0.32617188 0.66992188 0.23242188
v 0.37695312 0.16210938 0.23242188
v 0.37695312 0.59570312 0.23242188
v 0.44335938 -0.71289062 0.23242188
v 0.52148438 -0.29101562 0.23242188
v -0.52148438 -0.41601562 0.24414062
v -0.52148438 -0.31054688 0.24414062
v -0.38476562 0.52929688 0.24414062
v -0.37695312 0.03710938 0.24414062
v -0.32226562 0.40039062 0.24414062
v -0.28320312 0.27539062 0.24414062
v -0.25585938 0.29882812 0.24414062
v -0.20507812 0.31054688 0.24414062
v -0.20507812 0.33398438 0.24414062
v 0.20507812 0.31054688 0.24414062
v 0.20507812 0.33398438 0.24414062
v 0.25585938 0.29882812 0.24414062
v 0.32226562 0.40039062 0.24414062
v 0.37695312 0.03710938 0.24414062
v 0.38476562 0.52929688 0.24414062
v 0.52148438 -0.40820312 0.24414062
v -0.44335938 -0.58007812 0.25585938
v -0.13867188 0.29882812 0.25585938
v -0.08398438 0.27539062 0.25585938
v -0.08398438 0.29882812 0.25585938
v -0.04492188 0.24414062 0.25585938
v -0.04492188 0.27539062 0.25585938
v 0.04492188 0.24414062 0.25585938
v 0.04492188 0.27539062 0.25585938
v 0.08398438 0.27539062 0.25585938
v 0.08398438 0.29882812 0.25585938
v 0.13867188 0.29882812 0.25585938
v 0.44335938 -0.58789062 0.25585938
v 0.44335938 -0.58007812 0.25585938
v -0.44335938 -0.50585938 0.26757812
v -0.38867188 0.03710938 0.26757812
v -0.37695312 -0.70507812 0.26757812
v -0.36914062 -0.70507812 0.26757812
v -0.35351562 -0.70507812 0.26757812
v -0.34570312 -0.70507812 0.26757812
v -0.32226562 0.44726562 0.26757812
v -0.26367188 0.39257812 0.26757812
v -0.21289062 -0.66210938 0.26757812
v -0.20507812 -0.66210938 0.26757812
v -0.20507812 0.26757812 0.26757812
v -0.20507812 0.29101562 0.26757812
v -0.15820312 -0.67773438 0.26757812
v -0.13867188 0.25976562 0.26757812
v -0.13867188 0.28320312 0.26757812
v -0.13867188 0.32617188 0.26757812
v -0.08398438 0.24414062 0.26757812
v -0.04492188 -0.72851562 0.26757812
v -0.02539062 -0.72070312 0.26757812
v 0.00585938 0.24414062 0.26757812
v 0.00585938 0.27539062 0.26757812
v 0.02929688 -0.72070312 0.26757812
v 0.04492188 -0.72851562 0.26757812
v 0.08398438 0.24414062 0.26757812
v 0.13867188 0.25976562 0.26757812
v 0.13867188 0.28320312 0.26757812
v 0.13867188 0.32617188 0.26757812
v 0.15820312 -0.66992188 0.26757812
v 0.20507812 -0.66210938 0.26757812
v 0.20507812 0.26757812 0.26757812
v 0.20507812 0.29101562 0.26757812
v 0.21289062 -0.66210938 0.26757812
v 0.26367188 0.39257812 0.26757812
v 0.32226562 0.44726562 0.26757812
v 0.35351562 -0.70507812 0.26757812
v 0.36914062 -0.70507812 0.26757812
v 0.37695312 -0.70507812 0.26757812
v 0.38476562 0.03710938 0.26757812
v 0.44335938 -0.51367188 0.26757812
v 0.44335938 -0.50585938 0.26757812
v -0.47460938 -0.46679688 0.27539062
v -0.38867188 -0.58007812 0.27539062
v -0.37695312 -0.58007812 0.27539062
v -0.35351562 -0.58007812 0.27539062
v -0.04492188 0.29882812 0.27539062
v 0.06445312 0.29882812 0.27539062
v 0.35351562 -0.58007812 0.27539062
v 0.36914062 -0.58007812 0.27539062
v 0.37695312 -0.71289062 0.27539062
v 0.37695312 -0.58007812 0.27539062
v 0.38867188 -0.58007812 0.27539062
v -0.45507812 -0.22460938 0.28710938
v -0.41992188 0.04492188 0.28710938
v -0.39648438 -0.01367188 0.28710938
v -0.32617188 -0.70507812 0.28710938
v -0.32617188 -0.58789062 0.28710938
v -0.27539062 -0.69726562 0.28710938
v -0.27539062 0.66210938 0.28710938
v -0.20507812 0.37304688 0.28710938
v -0.10351562 0.32617188 0.28710938
v -0.04492188 0.20117188 0.28710938
v 0.00585938 0.29101562 0.28710938
v 0.04492188 0.20117188 0.28710938
v 0.10351562 0.32617188 0.28710938
v 0.10351562 0.33398438 0.28710938
v 0.20507812 0.37304688 0.28710938
v 0.27539062 -0.69726562 0.28710938
v 0.27539062 0.66210938 0.28710938
v 0.32617188 -0.70507812 0.28710938
v 0.32617188 -0.58789062 0.28710938
v 0.39648438 -0.02148438 0.28710938
v 0.41992188 0.04492188 0.28710938
v 0.45507812 -0.22460938 0.28710938
v 0.25585938 0.17773438 0.29101562
v 0.28320312 0.46679688 0.29101562
v -0.41992188 -0.00585938 0.30273438
v -0.39648438 -0.06835938 0.30273438
v -0.38867188 -0.50585938 0.30273438
v -0.34570312 0.04492188 0.30273438
v -0.32617188 0.52148438 0.30273438
v -0.32226562 0.11132812 0.30273438
v -0.30273438 0.17773438 0.30273438
v -0.26367188 -0.62304688 0.30273438
v -0.26367188 0.20117188 0.30273438
v -0.26367188 0.45507812 0.30273438
v -0.26367188 0.72070312 0.30273438
v -0.25585938 0.16210938 0.30273438
v -0.25585938 0.16992188 0.30273438
v -0.23632812 0.16210938 0.30273438
v -0.23632812 0.17773438 0.30273438
v -0.23632812 0.22460938 0.30273438
v -0.23632812 0.78320312 0.30273438
v -0.20507812 0.24414062 0.30273438
v -0.18945312 0.83398438 0.30273438
v -0.16992188 0.16992188 0.30273438
v -0.16992188 0.20898438 0.30273438
v -0.16210938 0.71289062 0.30273438
v -0.13867188 0.16210938 0.30273438
v -0.13867188 0.19335938 0.30273438
v -0.13867188 0.22460938 0.30273438
v -0.13867188 0.36523438 0.30273438
v -0.13867188 0.86132812 0.30273438
v -0.13476562 0.65429688 0.30273438
v -0.10742188 0.71289062 0.30273438
v -0.10742188 0.86914062 0.30273438
v -0.08398438 0.20117188 0.30273438
v -0.08398438 0.86914062 0.30273438
v -0.07226562 0.32617188 0.30273438
v -0.06445312 0.32617188 0.30273438
v -0.04492188 0.86914062 0.30273438
v -0.02539062 0.86132812 0.30273438
v 0.00585938 0.86132812 0.30273438
v 0.02539062 0.86132812 0.30273438
v 0.04492188 0.86914062 0.30273438
v 0.07226562 0.32617188 0.30273438
v 0.08398438 0.20117188 0.30273438
v 0.08398438 0.86914062 0.30273438
v 0.10742188 0.71289062 0.30273438
v 0.12695312 0.64648438 0.30273438
v 0.12695312 0.65429688 0.30273438
v 0.13867188 0.16210938 0.30273438
v 0.13867188 0.22460938 0.30273438
v 0.13867188 0.36523438 0.30273438
v 0.15820312 0.71289062 0.30273438
v 0.16992188 0.16992188 0.30273438
v 0.16992188 0.20117188 0.30273438
v 0.18945312 0.41601562 0.30273438
v 0.18945312 0.83398438 0.30273438
v 0.20507812 0.24414062 0.30273438
v 0.20507812 0.41601562 0.30273438
v 0.23632812 0.16992188 0.30273438
v 0.23632812 0.17773438 0.30273438
v 0.23632812 0.22460938 0.30273438
v 0.23632812 0.78320312 0.30273438
v 0.25585938 0.16210938 0.30273438
v 0.25585938 0.17773438 0.30273438
v 0.26367188 -0.62304688 0.30273438
v 0.26367188 0.20117188 0.30273438
v 0.26367188 0.43945312 0.30273438
v 0.26367188 0.46679688 0.30273438
v 0.26367188 0.47460938 0.30273438
v 0.26367188 0.72070312 0.30273438
v 0.30273438 0.17773438 0.30273438
v 0.32226562 0.11132812 0.30273438
v 0.32226562 0.52148438 0.30273438
v 0.34570312 0.04492188 0.30273438
v 0.38867188 -0.50585938 0.30273438
v 0.39648438 -0.06835938 0.30273438
v 0.41992188 -0.01367188 0.30273438
v -0.25585938 -0.62304688 0.31054688
v -0.20507812 0.41601562 0.31054688
v -0.02539062 0.31054688 0.31054688
v 0.00585938 0.31054688 0.31054688
v 0.02539062 0.31054688 0.31054688
v 0.25585938 -0.62304688 0.31054688
v -0.41992188 -0.00585938 0.31445312
v -0.32226562 0.04492188 0.31445312
v -0.25585938 0.11132812 0.31445312
v -0.21679688 0.66210938 0.31445312
v -0.16210938 0.65429688 0.31445312
v -0.13476562 0.64648438 0.31445312
v -0.08398438 0.15039062 0.31445312
v 0.08398438 0.15039062 0.31445312
v 0.15820312 0.65429688 0.31445312
v 0.21679688 0.66210938 0.31445312
v 0.24804688 0.66210938 0.31445312
v 0.25585938 0.11132812 0.31445312
v 0.32226562 0.04492188 0.31445312
v 0.41992188 -0.01367188 0.31445312
v -0.45507812 -0.28320312 0.32617188
v -0.41992188 -0.06835938 0.32617188
v -0.36914062 -0.51367188 0.32617188
v -0.35742188 0.04492188 0.32617188
v -0.24804688 0.66210938 0.32617188
v -0.20507812 0.72851562 0.32617188
v -0.16992188 0.11132812 0.32617188
v -0.13867188 0.76757812 0.32617188
v -0.10742188 0.11132812 0.32617188
v -0.10742188 0.36523438 0.32617188
v 0.00585938 0.16210938 0.32617188
v 0.04492188 0.33398438 0.32617188
v 0.10742188 0.37304688 0.32617188
v 0.13867188 0.11132812 0.32617188
v 0.13867188 0.76757812 0.32617188
v 0.16992188 0.11132812 0.32617188
v 0.20507812 0.72851562 0.32617188
v 0.23632812 0.48242188 0.32617188
v 0.25585938 0.58789062 0.32617188
v 0.35742188 0.04492188 0.32617188
v 0.41992188 -0.06835938 0.32617188
v 0.45507812 -0.29101562 0.32617188
v -0.45507812 -0.46679688 0.33789062
v -0.45507812 -0.45507812 0.33789062
v -0.45507812 -0.41601562 0.33789062
v -0.45507812 -0.31054688 0.33789062
v -0.40820312 -0.06054688 0.33789062
v -0.39648438 -0.49023438 0.33789062
v -0.39648438 -0.13476562 0.33789062
v -0.37695312 0.04492188 0.33789062
v -0.32617188 0.04492188 0.33789062
v -0.26367188 0.14257812 0.33789062
v -0.25585938 0.04492188 0.33789062
v -0.25585938 0.18554688 0.33789062
v -0.23632812 0.13476562 0.33789062
v -0.23632812 0.72070312 0.33789062
v -0.23632812 0.72851562 0.33789062
v -0.21679688 0.59570312 0.33789062
v -0.21679688 0.78320312 0.33789062
v -0.20507812 0.24414062 0.33789062
v -0.20507812 0.48242188 0.33789062
v -0.20507812 0.78320312 0.33789062
v -0.18554688 0.18554688 0.33789062
v -0.16992188 0.82617188 0.33789062
v -0.15820312 0.42382812 0.33789062
v -0.13867188 0.24414062 0.33789062
v -0.13867188 0.63867188 0.33789062
v -0.13867188 0.86132812 0.33789062
v -0.13476562 0.63867188 0.33789062
v -0.10742188 0.86914062 0.33789062
v -0.10351562 0.20117188 0.33789062
v -0.08398438 0.22460938 0.33789062
v -0.08398438 0.68554688 0.33789062
v -0.04492188 0.11132812 0.33789062
v -0.04492188 0.16210938 0.33789062
v -0.04492188 0.33398438 0.33789062
v -0.04492188 0.34179688 0.33789062
v -0.04492188 0.86132812 0.33789062
v -0.02539062 0.85351562 0.33789062
v 0.00585938 0.85351562 0.33789062
v 0.02539062 0.85351562 0.33789062
v 0.04492188 0.16210938 0.33789062
v 0.04492188 0.34179688 0.33789062
v 0.04492188 0.86132812 0.33789062
v 0.06445312 0.11132812 0.33789062
v 0.08398438 0.22460938 0.33789062
v 0.08398438 0.68554688 0.33789062
v 0.08398438 0.86914062 0.33789062
v 0.10351562 0.20117188 0.33789062
v 0.13085938 0.63867188 0.33789062
v 0.13867188 0.24414062 0.33789062
v 0.13867188 0.63867188 0.33789062
v 0.13867188 0.86132812 0.33789062
v 0.15820312 0.43164062 0.33789062
v 0.16992188 0.82617188 0.33789062
v 0.18945312 0.18554688 0.33789062
v 0.20507812 0.24414062 0.33789062
v 0.20507812 0.49023438 0.33789062
v 0.20507812 0.59570312 0.33789062
v 0.21679688 0.78320312 0.33789062
v 0.23632812 0.13476562 0.33789062
v 0.23632812 0.72070312 0.33789062
v 0.23632812 0.72851562 0.33789062
v 0.25585938 0.04492188 0.33789062
v 0.25585938 0.18554688 0.33789062
v 0.25585938 0.54882812 0.33789062
v 0.26367188 0.14257812 0.33789062
v 0.32617188 0.04492188 0.33789062
v 0.37695312 0.04492188 0.33789062
v 0.39648438 -0.49023438 0.33789062
v 0.39648438 -0.13476562 0.33789062
v 0.40820312 -0.06054688 0.33789062
v 0.45507812 -0.46679688 0.33789062
v 0.45507812 -0.31054688 0.33789062
v -0.40820312 -0.49804688 0.34960938
v -0.38867188 -0.11914062 0.34960938
v -0.38476562 -0.03710938 0.34960938
v -0.32617188 0.05273438 0.34960938
v -0.25585938 0.04492188 0.34960938
v -0.23632812 0.20898438 0.34960938
v -0.21679688 0.54882812 0.34960938
v -0.20507812 0.04492188 0.34960938
v -0.16992188 0.59570312 0.34960938
v -0.15820312 -0.64648438 0.34960938
v -0.15820312 0.04492188 0.34960938
v -0.15820312 0.81054688 0.34960938
v -0.13867188 0.84179688 0.34960938
v -0.08398438 0.36523438 0.34960938
v -0.08398438 0.81054688 0.34960938
v -0.06445312 0.16210938 0.34960938
v -0.01757812 0.33398438 0.34960938
v 0.00585938 0.33398438 0.34960938
v 0.00585938 0.83398438 0.34960938
v 0.01757812 0.33398438 0.34960938
v 0.06445312 0.16210938 0.34960938
v 0.08398438 0.36523438 0.34960938
v 0.08398438 0.81054688 0.34960938
v 0.13867188 0.84179688 0.34960938
v 0.15820312 -0.64648438 0.34960938
v 0.15820312 0.04492188 0.34960938
v 0.15820312 0.59570312 0.34960938
v 0.15820312 0.81054688 0.34960938
v 0.20507812 0.04492188 0.34960938
v 0.20507812 0.54882812 0.34960938
v 0.23632812 0.20898438 0.34960938
v 0.25585938 0.04492188 0.34960938
v 0.32617188 0.05273438 0.34960938
v 0.38867188 -0.11914062 0.34960938
v 0.38867188 -0.03710938 0.34960938
v 0.40820312 -0.49804688 0.34960938
v -0.38476562 -0.21679688 0.36132812
v -0.25585938 0.04492188 0.36132812
v -0.16992188 0.49023438 0.36132812
v -0.16992188 0.54882812 0.36132812
v -0.13867188 0.43164062 0.36132812
v -0.12695312 0.63867188 0.36132812
v -0.10742188 0.81835938 0.36132812
v -0.08398438 0.22460938 0.36132812
v -0.08398438 0.84179688 0.36132812
v -0.06445312 0.73632812 0.36132812
v -0.04492188 0.81054688 0.36132812
v -0.02929688 0.11132812 0.36132812
v -0.02539062 0.81054688 0.36132812
v -0.02539062 0.84179688 0.36132812
v 0.00585938 0.81054688 0.36132812
v 0.02539062 0.81054688 0.36132812
v 0.02539062 0.84179688 0.36132812
v 0.04492188 0.11132812 0.36132812
v 0.04492188 0.81054688 0.36132812
v 0.06445312 0.73632812 0.36132812
v 0.08398438 0.22460938 0.36132812
v 0.08398438 0.86132812 0.36132812
v 0.09570312 0.84179688 0.36132812
v 0.10742188 0.63867188 0.36132812
v 0.10742188 0.81835938 0.36132812
v 0.10742188 0.82617188 0.36132812
v 0.13867188 0.43164062 0.36132812
v 0.16992188 0.49023438 0.36132812
v 0.16992188 0.54882812 0.36132812
v 0.25585938 0.04492188 0.36132812
v 0.38476562 -0.21679688 0.36132812
v -0.34570312 -0.03710938 0.36914062
v -0.32617188 -0.54101562 0.36914062
v -0.23632812 0.18554688 0.36914062
v -0.13867188 0.24414062 0.36914062
v -0.08398438 0.04492188 0.36914062
v -0.04492188 0.16992188 0.36914062
v 0.01757812 0.11132812 0.36914062
v 0.04492188 0.16992188 0.36914062
v 0.08398438 0.04492188 0.36914062
v 0.13867188 0.58789062 0.36914062
v 0.23632812 0.18554688 0.36914062
v 0.32617188 -0.54101562 0.36914062
v 0.34570312 -0.03710938 0.36914062
v -0.13867188 0.49023438 0.38085938
v -0.13867188 0.59570312 0.38085938
v -0.02539062 0.74414062 0.38085938
v 0.00585938 0.74414062 0.38085938
v 0.02539062 0.74414062 0.38085938
v -0.34570312 -0.11132812 0.38867188
v -0.32617188 -0.52929688 0.38867188
v -0.32617188 -0.12695312 0.38867188
v -0.25585938 0.13476562 0.38867188
v -0.23632812 0.16992188 0.38867188
v -0.20507812 -0.04492188 0.38867188
v -0.16992188 0.19335938 0.38867188
v -0.13867188 0.49023438 0.38867188
v -0.13867188 0.54882812 0.38867188
v -0.07226562 -0.66210938 0.38867188
v -0.04492188 0.36523438 0.38867188
v -0.02539062 0.04492188 0.38867188
v -0.02539062 0.11132812 0.38867188
v 0.00585938 0.11132812 0.38867188
v 0.04492188 0.04492188 0.38867188
v 0.04492188 0.11132812 0.38867188
v 0.04492188 0.36523438 0.38867188
v 0.07226562 -0.66210938 0.38867188
v 0.13867188 0.49023438 0.38867188
v 0.13867188 0.54882812 0.38867188
v 0.16992188 0.19335938 0.38867188
v 0.20507812 -0.04492188 0.38867188
v 0.23632812 0.16992188 0.38867188
v 0.25585938 0.13476562 0.38867188
v 0.32617188 -0.12695312 0.38867188
v 0.34570312 -0.11132812 0.38867188
v -0.39648438 -0.49023438 0.40039062
v -0.39648438 -0.47460938 0.40039062
v -0.39648438 -0.41601562 0.40039062
v -0.39648438 -0.31054688 0.40039062
v -0.32617188 -0.20898438 0.40039062
v -0.26367188 -0.03710938 0.40039062
v -0.25585938 -0.12695312 0.40039062
v -0.23632812 0.12695312 0.40039062
v -0.20507812 0.16210938 0.40039062
v -0.15820312 -0.04492188 0.40039062
v -0.10742188 0.41601562 0.40039062
v -0.08398438 0.65429688 0.40039062
v -0.04492188 -0.66210938 0.40039062
v -0.04492188 0.68554688 0.40039062
v -0.02539062 0.36523438 0.40039062
v 0.00195312 -0.66210938 0.40039062
v 0.00585938 0.35742188 0.40039062
v 0.02539062 0.35742188 0.40039062
v 0.04492188 -0.66210938 0.40039062
v 0.04492188 0.68554688 0.40039062
v 0.08398438 0.65429688 0.40039062
v 0.10742188 0.41601562 0.40039062
v 0.15820312 -0.04492188 0.40039062
v 0.20507812 0.16210938 0.40039062
v 0.23632812 0.12695312 0.40039062
v 0.25585938 -0.12695312 0.40039062
v 0.26367188 -0.03710938 0.40039062
v 0.32617188 -0.20898438 0.40039062
v 0.39648438 -0.49023438 0.40039062
v 0.39648438 -0.47460938 0.40039062
v 0.39648438 -0.41601562 0.40039062
v 0.39648438 -0.31054688 0.40039062
v 0.39648438 -0.28320312 0.40039062
v -0.32617188 -0.52148438 0.41210938
v -0.26367188 -0.11132812 0.41210938
v -0.20507812 -0.11132812 0.41210938
v -0.10742188 0.63085938 0.41210938
v 0.10742188 0.63085938 0.41210938
v 0.20507812 -0.11132812 0.41210938
v 0.26367188 -0.11132812 0.41210938
v 0.32617188 -0.52148438 0.41210938
v -0.33789062 -0.52929688 0.42382812
v -0.25585938 -0.56445312 0.42382812
v -0.12695312 0.57226562 0.42382812
v -0.12695312 0.59570312 0.42382812
v -0.08398438 -0.04492188 0.42382812
v -0.01757812 0.04492188 0.42382812
v 0.00585938 0.04492188 0.42382812
v 0.04492188 0.04492188 0.42382812
v 0.08398438 -0.04492188 0.42382812
v 0.10742188 0.45507812 0.42382812
v 0.10742188 0.60351562 0.42382812
v 0.12695312 0.57226562 0.42382812
v 0.26367188 -0.56445312 0.42382812
v 0.33789062 -0.52929688 0.42382812
v -0.16992188 -0.11914062 0.43164062
v -0.12695312 0.52929688 0.43164062
v -0.10742188 0.45507812 0.43164062
v -0.07226562 0.40039062 0.43164062
v 0.07226562 0.40039062 0.43164062
v 0.12695312 0.52929688 0.43164062
v 0.16992188 -0.11914062 0.43164062
v -0.34570312 -0.26757812 0.44335938
v -0.32617188 -0.51367188 0.44335938
v -0.32617188 -0.50585938 0.44335938
v -0.25585938 -0.20898438 0.44335938
v -0.08398438 0.43945312 0.44335938
v -0.01757812 -0.03710938 0.44335938
v -0.01757812 0.68554688 0.44335938
v 0.00585938 0.05273438 0.44335938
v 0.00585938 0.68554688 0.44335938
v 0.01757812 0.68554688 0.44335938
v 0.02929688 -0.03710938 0.44335938
v 0.08398438 0.44726562 0.44335938
v 0.25585938 -0.20898438 0.44335938
v 0.32617188 -0.51367188 0.44335938
v 0.32617188 -0.50585938 0.44335938
v 0.32617188 -0.28320312 0.44335938
v 0.08398438 0.44726562 0.45117188
v -0.32617188 -0.48242188 0.45507812
v -0.32617188 -0.41601562 0.45507812
v -0.25585938 -0.54101562 0.45507812
v -0.10742188 0.49804688 0.45507812
v -0.08398438 -0.11132812 0.45507812
v -0.04492188 0.39257812 0.45507812
v -0.04492188 0.65429688 0.45507812
v 0.00195312 -0.04492188 0.45507812
v 0.00585938 0.39257812 0.45507812
v 0.01757812 -0.04492188 0.45507812
v 0.04492188 0.39257812 0.45507812
v 0.04492188 0.65429688 0.45507812
v 0.07226562 0.43164062 0.45507812
v 0.08398438 -0.11132812 0.45507812
v 0.10351562 0.49804688 0.45507812
v 0.25585938 -0.54101562 0.45507812
v 0.32617188 -0.48242188 0.45507812
v 0.32617188 -0.41601562 0.45507812
v 0.32617188 -0.31054688 0.45507812
v -0.26367188 -0.54101562 0.46679688
v -0.10742188 0.61132812 0.46679688
v -0.08398438 0.46679688 0.46679688
v -0.08398438 0.63867188 0.46679688
v -0.06445312 0.43164062 0.46679688
v -0.01757812 -0.01367188 0.46679688
v -0.00195312 -0.03710938 0.46679688
v 0.00195312 -0.04492188 0.46679688
v 0.02539062 -0.03710938 0.46679688
v 0.04492188 -0.02148438 0.46679688
v 0.06445312 0.63867188 0.46679688
v 0.07226562 0.43164062 0.46679688
v 0.07226562 0.46679688 0.46679688
v 0.26367188 -0.54101562 0.46679688
v -0.26367188 -0.55664062 0.47851562
v -0.26367188 -0.54101562 0.47851562
v -0.16992188 -0.20117188 0.47851562
v -0.15820312 -0.58007812 0.47851562
v -0.10742188 0.52148438 0.47851562
v -0.10742188 0.55664062 0.47851562
v -0.10742188 0.58789062 0.47851562
v -0.07226562 0.49804688 0.47851562
v -0.04492188 0.49023438 0.47851562
v -0.02539062 -0.10351562 0.47851562
v -0.01757812 -0.10351562 0.47851562
v 0.00195312 -0.02929688 0.47851562
v 0.00585938 0.45507812 0.47851562
v 0.02539062 -0.10351562 0.47851562
v 0.02929688 -0.10351562 0.47851562
v 0.02929688 0.43164062 0.47851562
v 0.02929688 0.45507812 0.47851562
v 0.04492188 0.49023438 0.47851562
v 0.07226562 0.49804688 0.47851562
v 0.08398438 0.61132812 0.47851562
v 0.10351562 0.52148438 0.47851562
v 0.10351562 0.55664062 0.47851562
v 0.10351562 0.58789062 0.47851562
v 0.15820312 -0.58007812 0.47851562
v 0.16992188 -0.20117188 0.47851562
v 0.25585938 -0.28320312 0.47851562
v 0.26367188 -0.55664062 0.47851562
v 0.26367188 -0.54101562 0.47851562
v -0.26367188 -0.54882812 0.49023438
v -0.26367188 -0.52929688 0.49023438
v -0.26367188 -0.49023438 0.49023438
v -0.25585938 -0.31054688 0.49023438
v -0.08398438 0.49804688 0.49023438
v -0.04492188 0.43164062 0.49023438
v -0.02929688 0.45507812 0.49023438
v 0.00195312 -0.10351562 0.49023438
v 0.00585938 0.43164062 0.49023438
v 0.01757812 -0.10351562 0.49023438
v 0.08398438 0.49804688 0.49023438
v 0.25585938 -0.31054688 0.49023438
v 0.26367188 -0.54882812 0.49023438
v 0.26367188 -0.52929688 0.49023438
v 0.26367188 -0.49023438 0.49023438
v 0.00585938 0.00585938 0.49804688
v -0.25585938 -0.41601562 0.50195312
v -0.08398438 -0.19335938 0.50195312
v -0.08398438 0.52148438 0.50195312
v -0.06445312 0.62304688 0.50195312
v -0.04492188 0.48242188 0.50195312
v -0.04492188 0.63867188 0.50195312
v -0.02539062 0.64648438 0.50195312
v 0.00195312 -0.10351562 0.50195312
v 0.00585938 0.65429688 0.50195312
v 0.01757812 0.46679688 0.50195312
v 0.02539062 0.64648438 0.50195312
v 0.04492188 0.48242188 0.50195312
v 0.08398438 -0.19335938 0.50195312
v 0.08398438 0.52148438 0.50195312
v 0.25585938 -0.41601562 0.50195312
v -0.15820312 -0.28320312 0.52148438
v -0.08398438 0.57226562 0.52148438
v -0.08398438 0.60351562 0.52148438
v -0.07226562 -0.59570312 0.52148438
v -0.04492188 0.51367188 0.52148438
v -0.01757812 -0.19335938 0.52148438
v 0.01757812 -0.19335938 0.52148438
v 0.02539062 0.63085938 0.52148438
v 0.04492188 0.51367188 0.52148438
v 0.06445312 0.62304688 0.52148438
v 0.07226562 -0.59570312 0.52148438
v 0.08398438 0.57226562 0.52148438
v 0.08398438 0.59570312 0.52148438
v 0.15820312 -0.55664062 0.52148438
v 0.15820312 -0.28320312 0.52148438
v -0.13867188 -0.41601562 0.52929688
v -0.15820312 -0.57226562 0.53320312
v 0.00195312 -0.58789062 0.53320312
v 0.15820312 -0.57226562 0.53320312
v 0.15820312 -0.55664062 0.53320312
v 0.15820312 -0.31054688 0.53320312
v -0.15820312 -0.56445312 0.54492188
v -0.15820312 -0.54101562 0.54492188
v -0.15820312 -0.49023438 0.54492188
v -0.15820312 -0.29882812 0.54492188
v -0.07226562 -0.28320312 0.54492188
v -0.04492188 0.62304688 0.54492188
v -0.01757812 -0.24414062 0.54492188
v -0.01757812 0.51367188 0.54492188
v 0.00195312 -0.18554688 0.54492188
v 0.00585938 0.51367188 0.54492188
v 0.01757812 -0.24414062 0.54492188
v 0.01757812 0.51367188 0.54492188
v 0.07226562 -0.28320312 0.54492188
v 0.15820312 -0.56445312 0.54492188
v 0.15820312 -0.54101562 0.54492188
v 0.15820312 -0.49023438 0.54492188
v 0.15820312 -0.41601562 0.54492188
v -0.07226562 -0.29882812 0.55273438
v -0.06445312 0.58007812 0.55273438
v -0.04492188 0.60351562 0.55273438
v -0.02539062 0.61132812 0.55273438
v -0.02539062 0.63085938 0.55273438
v -0.01757812 -0.29882812 0.55273438
v -0.01757812 -0.28320312 0.55273438
v 0.00195312 -0.24414062 0.55273438
v 0.00585938 0.61132812 0.55273438
v 0.00585938 0.63085938 0.55273438
v 0.01757812 -0.28320312 0.55273438
v 0.04492188 0.58007812 0.55273438
v 0.04492188 0.60351562 0.55273438
v 0.07226562 -0.29882812 0.55273438
v -0.07226562 -0.58789062 0.56445312
v -0.07226562 -0.49023438 0.56445312
v -0.07226562 -0.39257812 0.56445312
v -0.02539062 0.58007812 0.56445312
v 0.00195312 -0.56445312 0.56445312
v 0.00195312 -0.27539062 0.56445312
v 0.00585938 0.58007812 0.56445312
v 0.02539062 0.58007812 0.56445312
v 0.07226562 -0.39257812 0.56445312
v -0.07226562 -0.49023438 0.57617188
v -0.02929688 -0.59570312 0.57617188
v -0.01757812 -0.28320312 0.57617188
v 0.00195312 -0.28320312 0.57617188
v 0.01757812 -0.28320312 0.57617188
v 0.07226562 -0.49023438 0.57617188
v -0.04492188 -0.59570312 0.58789062
v -0.04492188 -0.49023438 0.58789062
v -0.02929688 -0.60351562 0.58789062
v -0.01757812 -0.38085938 0.58789062
v 0.00195312 -0.38085938 0.58789062
v 0.01757812 -0.38085938 0.58789062
v 0.02929688 -0.58789062 0.58789062
v 0.04492188 -0.49023438 0.58789062
v -0.04492188 -0.54882812 0.59960938
v -0.02929688 -0.49023438 0.59960938
v -0.02929688 -0.41601562 0.59960938
v -0.01757812 -0.37304688 0.59960938
v 0.00195312 -0.41601562 0.59960938
v 0.00195312 -0.37304688 0.59960938
v 0.01757812 -0.37304688 0.59960938
v 0.02929688 -0.59570312 0.59960938
v 0.02929688 -0.49023438 0.59960938
v 0.02929688 -0.41601562 0.59960938
v 0.04492188 -0.54882812 0.59960938
v -0.02929688 -0.54882812 0.61132812
v 0.00195312 -0.49023438 0.61132812
v 0.02929688 -0.54882812 0.61132812
v 0.00195312 -0.54882812 0.61914062
f 6 11 340
f 6 5 11
f 338 7 346
f 338 8 7
f 332 12 333
f 330 353 14
f 20 19 328
f 20 16 19
f 17 16 328
f 16 19 328
f 16 18 19
f 17 20 16
f 327 16 18
f 18 19 327
f 17 18 328
f 17 16 18
f 328 327 16
f 16 18 19
f 16 19 328
f 327 18 328
f 18 19 328
f 329 327 20
f 329 328 327
f 20 328 327
f 329 328 20
f 329 20 16
f 327 20 19
f 16 20 16
f 20 16 16
f 20 16 19
f 323 324 22
f 22 21 323
f 22 325 21
f 325 21 22
f 21 324 22
f 321 23 28
f 24 25 320
f 320 27 24
f 26 25 320
f 26 24 25
f 320 26 24
f 320 27 26
f 355 321 23
f 321 322 23
f 356 29 358
f 29 31 358
f 314 30 357
f 314 317 30
f 44 33 313
f 38 309 37
f 309 39 35
f 309 35 37
f 39 35 45
f 35 37 35
f 38 45 35
f 38 35 35
f 309 38 45
f 309 35 38
f 36 38 39
f 309 38 45
f 309 39 38
f 35 45 39
f 35 38 45
f 45 309 39
f 35 37 38
f 48 41 42
f 48 52 43
f 48 43 41
f 52 43 48
f 43 42 48
f 304 306 46
f 304 305 306
f 302 301 47
f 299 51 49
f 51 54 49
f 51 299 298
f 50 51 54
f 49 50 54
f 50 298 49
f 49 298 298
f 51 50 299
f 298 298 299
f 299 298 51
f 51 54 49
f 50 51 49
f 50 299 51
f 49 299 51
f 299 298 51
f 296 55 53
f 290 61 292
f 63 80 84
f 84 274 275
f 84 275 85
f 80 63 80
f 80 65 63
f 63 85 80
f 286 66 80
f 64 63 65
f 63 84 85
f 80 80 286
f 286 64 80
f 286 66 64
f 286 66 80
f 66 64 80
f 69 71 67
f 71 285 67
f 67 68 70
f 285 68 71
f 285 70 68
f 67 69 70
f 69 71 70
f 69 71 285
f 285 68 69
f 285 284 68
f 68 71 70
f 68 71 68
f 68 68 69
f 280 77 75
f 75 88 280
f 88 77 75
f 88 280 76
f 88 76 77
f 77 75 88
f 88 280 77
f 79 78 287
f 85 80 84
f 84 275 85
f 83 63 80
f 84 63 83
f 275 275 85
f 275 64 275
f 275 81 274
f 63 275 64
f 84 275 63
f 275 85 81
f 81 82 274
f 84 81 82
f 84 274 63
f 84 63 81
f 274 85 82
f 85 63 82
f 80 274 63
f 80 83 274
f 80 83 85
f 83 274 85
f 275 63 274
f 63 83 274
f 275 63 274
f 63 81 274
f 275 83 84
f 275 85 83
f 87 272 88
f 272 271 88
f 92 93 89
f 93 266 89
f 91 92 93
f 90 89 91
f 93 90 91
f 89 93 92
f 91 92 266
f 93 89 367
f 92 93 266
f 91 266 97
f 89 92 266
f 368 94 268
f 95 98 262
f 264 101 96
f 252 107 113
f 105 107 108
f 107 252 259
f 107 259 107
f 106 103 108
f 103 105 108
f 107 108 107
f 106 103 104
f 108 106 108
f 108 106 104
f 108 104 108
f 104 105 103
f 105 111 103
f 105 111 256
f 104 105 106
f 105 108 106
f 104 105 103
f 108 105 107
f 108 103 105
f 105 107 108
f 108 103 105
f 103 108 106
f 103 105 107
f 103 107 108
f 115 254 116
f 254 251 116
f 115 251 116
f 115 254 251
f 372 117 118
f 117 371 118
f 130 121 131
f 121 122 131
f 121 122 123
f 130 122 131
f 130 123 122
f 127 230 229
f 2 126 229
f 233 1 127
f 231 127 231
f 125 233 127
f 127 127 1
f 127 2 229
f 231 229 126
f 2 127 126
f 231 230 127
f 127 127 2
f 234 1 233
f 234 127 1
f 231 231 126
f 232 127 229
f 229 231 230
f 126 229 127
f 126 231 229
f 231 229 232
f 126 231 127
f 231 232 127
f 128 228 129
f 225 226 132
f 133 221 219
f 219 220 133
f 135 218 134
f 218 216 134
f 135 137 134
f 136 135 215
f 136 137 135
f 135 137 134
f 135 216 137
f 135 215 216
f 134 215 137
f 215 216 137
f 138 142 139
f 142 141 139
f 204 149 203
f 149 149 147
f 143 146 149
f 140 210 141
f 149 150 203
f 143 144 146
f 212 212 214
f 144 143 212
f 146 149 149
f 144 212 212
f 210 214 212
f 210 212 210
f 141 210 210
f 141 210 141
f 138 141 141
f 149 204 147
f 139 138 141
f 142 141 211
f 141 140 211
f 142 140 211
f 142 141 140
f 147 145 144
f 145 143 144
f 144 146 147
f 149 143 147
f 143 146 147
f 146 146 147
f 148 144 146
f 147 146 146
f 145 143 146
f 145 146 147
f 146 147 148
f 146 148 144
f 146 147 148
f 149 150 147
f 204 150 203
f 204 147 150
f 204 149 150
f 204 147 149
f 197 187 157
f 187 187 197
f 151 153 155
f 154 162 156
f 156 157 154
f 191 164 165
f 162 154 155
f 155 154 151
f 187 157 197
f 164 157 157
f 156 157 187
f 157 165 164
f 154 187 153
f 157 187 154
f 187 197 187
f 186 171 187
f 187 156 187
f 187 187 186
f 157 187 157
f 194 193 159
f 159 161 199
f 170 199 194
f 189 159 199
f 193 160 159
f 199 170 169
f 161 199 152
f 194 159 189
f 194 199 161
f 194 189 170
f 154 157 187
f 154 156 157
f 187 155 154
f 187 153 155
f 155 154 162
f 157 162 156
f 157 187 162
f 162 187 155
f 156 157 154
f 154 162 156
f 159 194 160
f 194 193 160
f 163 165 157
f 165 191 157
f 191 164 198
f 163 165 164
f 165 191 164
f 164 157 163
f 163 165 157
f 191 164 157
f 165 191 157
f 166 196 190
f 167 168 380
f 167 379 168
f 169 189 170
f 169 199 189
f 171 187 186
f 183 177 172
f 176 182 181
f 181 181 181
f 181 176 181
f 179 181 173
f 181 181 179
f 179 173 174
f 176 182 181
f 179 181 179
f 173 181 175
f 176 181 181
f 185 184 185
f 179 181 185
f 188 184 185
f 181 181 181
f 179 185 185
f 179 180 179
f 179 178 180
f 181 181 179
f 181 174 179
f 181 175 174
f 175 173 174
f 180 179 178
f 174 181 175
f 174 179 181
f 174 179 173
f 179 181 173
f 183 177 172
f 157 187 158
f 157 197 187
f 170 199 189
f 170 169 199
f 190 195 202
f 195 166 202
f 196 190 195
f 192 164 191
f 164 163 191
f 161 194 159
f 194 193 159
f 193 160 159
f 195 166 190
f 166 196 190
f 162 157 154
f 157 155 154
f 154 151 155
f 151 153 155
f 151 153 154
f 153 155 154
f 199 152 200
f 199 201 152
f 161 194 160
f 160 159 161
f 143 147 145
f 143 144 147
f 141 139 138
f 138 142 141
f 140 211 141
f 211 142 141
f 216 137 215
f 137 218 215
f 216 134 215
f 216 137 134
f 135 218 215
f 215 136 134
f 215 134 135
f 135 215 134
f 137 134 216
f 134 215 216
f 215 136 218
f 136 137 218
f 137 135 218
f 137 135 136
f 135 218 136
f 137 218 136
f 218 215 136
f 219 133 221
f 219 220 133
f 219 220 221
f 220 133 221
f 223 224 222
f 228 129 128
f 126 229 232
f 126 230 229
f 126 231 230
f 232 127 229
f 127 230 229
f 127 126 230
f 230 234 127
f 230 233 234
f 233 127 125
f 233 234 127
f 121 130 123
f 131 130 122
f 130 121 122
f 121 122 123
f 122 131 123
f 236 373 237
f 375 240 239
f 240 238 239
f 246 245 244
f 247 249 250
f 249 3 249
f 1568 255 3
f 249 247 249
f 255 249 3
f 249 1568 3
f 249 250 247
f 107 113 259
f 113 252 259
f 104 111 103
f 104 107 111
f 111 104 105
f 111 103 104
f 106 103 107
f 103 104 107
f 105 107 104
f 107 106 104
f 369 102 267
f 260 110 102
f 102 260 102
f 102 102 267
f 251 115 254
f 251 116 115
f 98 262 95
f 90 89 92
f 89 91 92
f 92 93 90
f 90 89 93
f 89 91 93
f 91 92 93
f 272 271 87
f 271 88 87
f 63 274 275
f 63 82 274
f 82 84 81
f 274 275 81
f 275 63 81
f 84 274 81
f 63 275 85
f 63 274 275
f 84 63 83
f 84 274 63
f 84 85 83
f 63 80 83
f 275 85 84
f 83 85 63
f 63 65 288
f 83 63 63
f 63 288 63
f 63 83 85
f 83 84 85
f 274 85 84
f 85 80 84
f 80 83 84
f 274 63 82
f 274 85 63
f 275 81 274
f 275 85 81
f 82 84 274
f 274 85 82
f 81 82 84
f 84 85 63
f 84 63 81
f 279 278 277
f 65 63 80
f 65 85 63
f 88 280 77
f 280 76 77
f 77 75 88
f 88 76 77
f 282 73 74
f 365 283 72
f 68 69 284
f 69 285 284
f 71 70 68
f 68 69 71
f 68 285 67
f 68 71 285
f 285 70 67
f 285 67 69
f 285 70 67
f 69 70 68
f 70 67 68
f 80 288 63
f 80 65 288
f 288 63 65
f 301 296 297
f 296 55 53
f 298 51 4
f 50 299 4
f 4 51 54
f 54 50 4
f 299 298 4
f 51 49 50
f 50 299 51
f 302 301 47
f 305 46 304
f 305 306 46
f 52 42 48
f 41 42 43
f 42 52 43
f 360 48 42
f 43 41 52
f 41 48 52
f 48 41 42
f 308 40 307
f 36 309 39
f 45 309 38
f 309 36 38
f 35 37 39
f 37 45 39
f 311 34 303
f 311 312 34
f 44 319 313
f 44 33 319
f 31 316 29
f 313 44 33
f 26 25 27
f 25 320 27
f 320 26 24
f 320 27 26
f 24 25 320
f 325 323 22
f 325 21 323
f 328 20 329
f 20 16 329
f 328 17 20
f 327 16 19
f 327 20 16
f 11 6 5
f 11 340 6
f 6 11 340
f 6 345 11
f 11 11 6
f 11 340 11
f 6 5 11
f 349 343 342
f 345 343 348
f 347 344 343
f 343 348 343
f 344 343 343
f 305 306 304
f 306 46 304
f 290 61 292
f 92 266 91
f 226 132 225
f 223 224 222
f 200 199 152
f 3375 3376 3374
f 3374 3376 3373
f 3374 3370 3375
f 3372 3375 3370
f 3375 3369 3376
f 3370 3374 3366
f 3370 3366 3371
f 3369 344 3376
f 3373 3363 3374
f 3366 3374 3363
f 3364 3366 3363
f 3373 3376 347
f 344 347 3376
f 3363 3373 3362
f 3370 3361 3372
f 3370 3371 3361
f 3372 3360 3375
f 3369 3375 3360
f 3367 3368 3359
f 3366 3358 3371
f 3364 3358 3366
f 3359 3371 3358
f 3359 3358 3367
f 3365 3367 3357
f 3358 3357 3367
f 3358 3364 3357
f 347 3356 344
f 3363 3355 3364
f 3362 3355 3363
f 347 3354 3373
f 3362 3373 3354
f 3361 339 3372
f 3353 339 3361
f 3360 3372 5
f 3360 5 3369
f 339 5 3372
f 3359 3368 7
f 3361 3371 346
f 3359 346 3371
f 3353 3361 346
f 7 346 3359
f 344 3369 345
f 5 345 3369
f 5 345 348
f 7 3368 3352
f 3367 3351 3368
f 3365 3351 3367
f 3352 3368 3351
f 347 344 343
f 3356 343 344
f 3356 347 343
f 3354 347 343
f 345 343 344
f 345 348 343
f 3351 3365 3350
f 3357 350 3365
f 3350 3365 350
f 3357 3364 9
f 3355 9 3364
f 350 3357 9
f 343 342 3354
f 3349 342 343
f 9 3355 3348
f 3355 3362 352
f 3348 3355 352
f 3354 10 3362
f 342 10 3354
f 352 3362 10
f 346 338 3353
f 346 7 338
f 3347 7 338
f 5 348 11
f 5 339 11
f 345 11 348
f 345 5 11
f 3351 3344 3352
f 3350 3344 3351
f 343 345 3343
f 3349 343 349
f 342 343 349
f 342 3349 349
f 3343 349 343
f 9 3341 350
f 9 350 351
f 3348 351 9
f 3341 351 350
f 3341 9 351
f 352 3340 3348
f 351 3348 3340
f 10 352 341
f 10 342 3339
f 341 10 3339
f 5 340 339
f 11 339 340
f 11 5 340
f 345 5 6
f 11 5 6
f 11 345 6
f 3343 345 6
f 340 5 6
f 340 11 6
f 340 3343 6
f 3337 3336 3346
f 3337 3346 14
f 346 7 8
f 3352 8 7
f 338 7 8
f 338 346 8
f 3338 338 8
f 3344 3335 3352
f 8 3352 3335
f 8 3335 3338
f 3345 3333 3346
f 3342 3333 3345
f 14 3346 3333
f 3335 3344 3332
f 3344 3350 3331
f 3332 3344 3331
f 350 3330 3350
f 9 3330 350
f 3331 3350 3330
f 3333 3329 3334
f 3333 3342 3328
f 3329 3333 3328
f 3328 3342 3327
f 3327 3342 3326
f 351 3325 9
f 3330 9 3325
f 3330 3325 3331
f 349 3343 13
f 349 337 342
f 3339 342 337
f 3339 337 341
f 13 337 349
f 13 341 337
f 13 336 337
f 3338 3324 338
f 338 3323 3353
f 3324 3323 338
f 339 3353 3322
f 3323 3322 3353
f 5 339 3321
f 3322 3321 339
f 3335 3320 3338
f 14 335 3337
f 3333 330 14
f 3333 3334 330
f 335 14 330
f 3336 3319 3346
f 3332 3318 3335
f 3320 3335 3318
f 3345 3346 3317
f 3342 3345 3317
f 3319 3317 3346
f 3318 3332 3316
f 3326 3342 3315
f 3317 3315 3342
f 3331 3314 3332
f 3316 3332 3314
f 3328 3313 3329
f 3327 3313 3328
f 3325 3312 3331
f 3314 3331 3312
f 3311 333 12
f 3325 351 15
f 333 15 12
f 3340 3310 351
f 15 351 3310
f 3340 352 3309
f 3310 3340 3309
f 10 3308 352
f 3309 352 3308
f 3324 3338 3307
f 3320 3307 3338
f 340 11 3306
f 11 5 3305
f 3321 3305 5
f 3306 11 3305
f 340 3304 3343
f 13 3343 3304
f 13 336 334
f 341 3303 10
f 13 3303 341
f 3308 10 3303
f 334 3303 13
f 3312 3325 332
f 3311 12 332
f 333 12 332
f 333 3311 332
f 15 332 3325
f 15 332 12
f 15 333 332
f 3302 15 332
f 3307 3320 3301
f 3306 3300 340
f 3336 3337 3299
f 3299 3298 3336
f 3304 340 3297
f 3300 3297 340
f 335 3296 3337
f 3299 3337 3296
f 3319 3336 3295
f 3298 3295 3336
f 335 3294 14
f 3316 3293 3318
f 3314 3292 3316
f 3315 3291 3326
f 3304 3290 13
f 3326 3289 3327
f 3291 3288 3326
f 3289 3326 3288
f 332 3287 3312
f 13 331 336
f 334 336 331
f 334 13 331
f 3290 331 13
f 3323 3324 3286
f 3307 3286 3324
f 3295 3298 3285
f 3318 3284 3320
f 3301 3320 3284
f 3293 3284 3318
f 335 14 353
f 330 14 353
f 330 353 335
f 3296 335 353
f 3294 353 14
f 3294 335 353
f 3285 3283 3295
f 330 3334 3282
f 353 330 3282
f 3317 3319 17
f 3295 17 3319
f 3283 17 3295
f 3282 3334 3280
f 17 20 3317
f 20 17 16
f 3315 3317 18
f 3291 3315 18
f 20 18 3317
f 16 20 18
f 16 20 19
f 18 20 19
f 18 16 19
f 3329 3278 3334
f 3280 3334 3278
f 3313 3277 3329
f 3278 3329 3277
f 18 3276 3291
f 3313 3327 3275
f 3289 3275 3327
f 3277 3313 3275
f 3288 3291 3274
f 3276 3274 3291
f 3312 3273 3314
f 3292 3314 3273
f 3287 3273 3312
f 3310 3272 15
f 3286 3270 3323
f 3322 3323 3269
f 3270 3269 3323
f 3321 3322 3268
f 3305 3321 3268
f 3269 3268 3322
f 3301 3267 3307
f 3286 3307 3267
f 3283 3285 3266
f 3293 3316 3265
f 3279 3265 3316
f 3292 3263 3316
f 3279 3316 3263
f 3262 3264 3261
f 3274 3276 3260
f 332 15 3259
f 3287 332 3259
f 3272 3259 15
f 3272 3310 3258
f 3309 3257 3310
f 3258 3310 3257
f 3308 3256 3309
f 3303 3256 3308
f 3257 3309 3256
f 3300 3306 3255
f 3305 3254 3306
f 3268 3254 3305
f 3255 3306 3254
f 3267 3301 3253
f 3284 3252 3301
f 3253 3301 3252
f 3297 3300 3251
f 3298 3299 3250
f 3285 3298 3249
f 3250 3249 3298
f 3266 3285 3248
f 3249 3248 3285
f 3296 3247 3299
f 3250 3299 3247
f 3266 3246 3283
f 3248 3246 3266
f 17 3283 3245
f 3246 3245 3283
f 3244 3243 3264
f 3284 3293 3242
f 3265 3241 3293
f 3242 3293 3241
f 20 17 329
f 16 17 329
f 16 329 3281
f 16 20 329
f 3245 329 17
f 3244 3281 329
f 3244 329 3245
f 20 17 328
f 16 17 328
f 16 20 328
f 18 20 328
f 18 16 328
f 19 20 328
f 19 16 328
f 19 18 328
f 329 17 328
f 329 20 328
f 329 16 328
f 16 3281 3240
f 19 16 3240
f 3262 19 3240
f 3262 3240 3264
f 3244 3240 3281
f 3244 3264 3240
f 16 20 327
f 18 20 327
f 18 16 327
f 19 20 327
f 19 16 327
f 19 18 327
f 3262 327 19
f 328 20 327
f 328 16 327
f 328 18 327
f 328 19 327
f 3263 3292 3238
f 3273 3237 3292
f 3238 3292 3237
f 3276 18 3236
f 327 3236 18
f 327 3262 3236
f 3260 3276 3235
f 3236 3235 3276
f 3288 3234 3289
f 3274 3233 3288
f 3234 3288 3233
f 3260 3232 3274
f 3233 3274 3232
f 331 3290 3231
f 3273 3287 3230
f 3259 22 3287
f 3230 3287 22
f 331 3229 334
f 3303 334 3228
f 3256 3303 3228
f 3229 3228 334
f 3255 3227 3300
f 3245 3246 3226
f 3244 3245 3226
f 3243 3244 3226
f 353 3224 3296
f 3247 3296 3224
f 3226 354 3243
f 3239 3271 3223
f 3223 3222 3239
f 3222 3221 3239
f 3221 3279 3220
f 3221 3220 3239
f 3239 3219 3271
f 3220 3219 3239
f 3261 3218 3262
f 3275 3217 3277
f 3236 3262 3216
f 3235 3216 3260
f 3235 3236 3216
f 3218 3216 3262
f 3275 3289 3215
f 3234 3215 3289
f 3217 3275 3215
f 3229 331 3214
f 3253 3213 3267
f 3270 3286 3212
f 3267 3212 3286
f 3213 3212 3267
f 3212 3211 3270
f 3251 3300 3210
f 3227 3210 3300
f 3246 3248 3209
f 3226 3246 3209
f 3252 3284 3208
f 3242 3208 3284
f 354 3225 3207
f 3282 3206 353
f 3224 353 3206
f 354 3205 3243
f 3265 3279 3204
f 3222 3223 3204
f 3221 3204 3279
f 3221 3222 3204
f 3261 3264 3203
f 3243 3203 3264
f 3205 3203 3243
f 3263 3202 3279
f 3220 3279 3202
f 3219 3220 3202
f 3277 3201 3278
f 3217 3201 3277
f 3218 3261 3200
f 3203 3200 3261
f 3237 3273 3199
f 3230 3199 3273
f 3232 3260 3198
f 3216 3198 3260
f 3231 3197 331
f 3214 331 3197
f 22 3259 325
f 3259 3272 3196
f 3258 3196 3272
f 325 3259 3196
f 3196 3258 3195
f 3207 3225 3194
f 3213 3253 3193
f 3269 3270 3192
f 3211 3192 3270
f 3268 3269 3191
f 3254 3268 3191
f 3192 3191 3269
f 3252 3190 3253
f 3193 3253 3190
f 3207 3189 354
f 3194 3189 3207
f 354 3226 326
f 354 326 3225
f 3209 326 3226
f 3194 3225 326
f 3189 326 354
f 3189 3194 326
f 3241 3265 3188
f 3241 3188 3242
f 3204 3188 3265
f 3204 3223 3188
f 3280 3187 3282
f 3206 3282 3187
f 3187 3280 3186
f 3223 3271 3185
f 3219 3185 3271
f 3278 3184 3280
f 3201 3184 3278
f 3186 3280 3184
f 3238 3183 3263
f 3237 3183 3238
f 3202 3263 3183
f 3202 3183 3219
f 3216 3218 3182
f 3198 3216 3182
f 22 3181 3230
f 325 22 21
f 325 22 323
f 3181 22 323
f 21 22 323
f 21 325 323
f 3257 3180 3258
f 3195 3258 3180
f 3256 3179 3257
f 3228 3179 3256
f 3180 3257 3179
f 323 3178 21
f 3208 3177 3252
f 3190 3252 3177
f 3248 3249 3176
f 3209 3248 3176
f 3205 354 3175
f 326 3175 354
f 3200 3174 3218
f 3182 3218 3174
f 3182 3173 3198
f 3232 3172 3233
f 3198 3172 3232
f 3173 3172 3198
f 3199 3230 3171
f 3181 3171 3230
f 3254 3170 3255
f 3191 3170 3254
f 3210 3169 3251
f 3249 3250 3168
f 3176 3249 3168
f 3247 3167 3250
f 3168 3250 3167
f 326 3209 3166
f 3176 3166 3209
f 3208 3242 3165
f 3188 3165 3242
f 3177 3208 3165
f 3188 3223 3164
f 3185 3164 3223
f 3164 3185 3163
f 3185 3219 3162
f 3183 3162 3219
f 3163 3185 3162
f 3199 3161 3237
f 3183 3237 3161
f 3171 3161 3199
f 3215 3234 3160
f 3233 3159 3234
f 3172 3159 3233
f 3160 3234 3159
f 3197 3231 3158
f 3228 3229 3157
f 3179 3228 3157
f 3227 3255 3156
f 3170 3156 3255
f 3224 3153 3247
f 3167 3247 3153
f 3215 3152 3217
f 3160 3152 3215
f 3214 3149 3229
f 3157 3229 3149
f 3193 3147 3213
f 3148 3147 3193
f 3212 3213 3146
f 3211 3212 3146
f 3147 3146 3213
f 3146 3145 3211
f 3192 3211 3144
f 3191 3192 3144
f 3170 3191 3144
f 3145 3144 3211
f 3190 3143 3193
f 3148 3193 3143
f 3177 3141 3190
f 3154 3141 3177
f 3154 3155 3141
f 3143 3190 3141
f 3165 3138 3177
f 3154 3177 3138
f 3175 326 3137
f 3166 3137 326
f 3206 3136 3224
f 3153 3224 3136
f 3187 3135 3206
f 3136 3206 3135
f 3297 3134 3304
f 3203 3205 3133
f 3175 3133 3205
f 3133 3132 3203
f 3134 3131 3304
f 3200 3203 3130
f 3132 3130 3203
f 3184 3201 3129
f 3290 3304 3128
f 3131 3128 3304
f 3201 3217 3127
f 3152 3127 3217
f 3129 3201 3127
f 3174 3126 3182
f 3173 3182 3126
f 3161 3171 3125
f 3151 3125 3171
f 3171 3181 3122
f 3151 3171 3122
f 3150 3151 3122
f 323 3120 3181
f 3122 3181 3120
f 325 22 324
f 21 22 324
f 21 325 324
f 323 22 324
f 323 325 324
f 323 21 324
f 3178 324 21
f 3178 323 324
f 3120 323 324
f 3196 3119 325
f 324 325 3119
f 3119 3196 3118
f 3195 3117 3196
f 3118 3196 3117
f 3180 3116 3195
f 3179 3116 3180
f 3157 3116 3179
f 3117 3195 3116
f 3141 3155 3114
f 3141 3114 3143
f 3115 3114 3155
f 3169 3210 318
f 3139 3112 3140
f 3113 3140 3112
f 3154 3111 3155
f 3142 3155 3111
f 3138 3111 3154
f 3112 3139 322
f 322 3139 3110
f 23 322 355
f 3168 3109 3176
f 3166 3176 3108
f 3137 3166 3108
f 3109 3108 3176
f 3251 3107 3297
f 3134 3297 3107
f 3137 3106 3175
f 3133 3175 3106
f 3163 3105 3164
f 3165 3188 3104
f 3164 3104 3188
f 3105 3104 3164
f 3162 3102 3163
f 3103 3163 3102
f 3162 3183 3101
f 3161 3101 3183
f 3102 3162 3101
f 3174 3200 3100
f 3130 3100 3200
f 3126 3174 3100
f 3231 3290 3099
f 3128 3099 3290
f 3159 3172 3098
f 3172 3173 3097
f 3126 3097 3173
f 3098 3172 3097
f 24 26 25
f 3096 3124 25
f 3150 3095 3151
f 3125 3151 3095
f 3121 3095 3150
f 3123 3094 3124
f 25 3124 3094
f 3094 3123 3093
f 3122 3092 3150
f 3120 3092 3122
f 3158 3091 3197
f 3092 3090 3150
f 355 28 23
f 3186 3089 3187
f 3135 3187 3089
f 3089 3186 3088
f 3184 3087 3186
f 3129 3087 3184
f 3088 3186 3087
f 3159 3086 3160
f 3152 3160 3086
f 3098 3086 3159
f 3097 3085 3098
f 24 26 320
f 25 26 320
f 25 24 320
f 3142 3084 3155
f 3115 3155 3084
f 318 3083 3169
f 322 3082 3112
f 3167 3081 3168
f 3109 3168 3081
f 23 322 321
f 3110 321 322
f 355 322 321
f 355 23 321
f 28 23 321
f 28 355 321
f 3138 3165 3080
f 3104 3080 3165
f 3105 3163 3078
f 3103 3078 3163
f 3079 3105 3078
f 3102 3077 3103
f 3125 3076 3161
f 3101 3161 3076
f 24 26 27
f 25 26 27
f 25 24 27
f 25 27 3096
f 320 26 27
f 320 24 27
f 320 25 27
f 3075 27 320
f 3094 3074 25
f 3091 3158 3073
f 3121 3150 3072
f 3090 3072 3150
f 3143 3071 3148
f 3114 3071 3143
f 3081 3069 3109
f 3108 3109 3068
f 3069 3068 3109
f 3108 3067 3137
f 3068 3067 3108
f 3153 3064 3167
f 3136 3064 3153
f 3081 3167 3064
f 3065 3063 3066
f 321 3061 28
f 3089 3060 3135
f 3060 3089 3059
f 3104 3105 3058
f 3062 3063 3057
f 3059 3057 3063
f 3088 3056 3089
f 3059 3089 3056
f 3057 3059 3056
f 3056 3088 3055
f 3087 3053 3088
f 3055 3088 3053
f 3101 3052 3102
f 3077 3102 3052
f 3053 3087 3051
f 3053 3051 3054
f 3087 3129 3050
f 3051 3087 3050
f 3051 3049 3054
f 27 3075 3048
f 3127 3152 3046
f 3086 3046 3152
f 3097 3126 3045
f 3085 3097 3045
f 3086 3098 3044
f 3085 3043 3098
f 3045 3043 3085
f 3044 3098 3043
f 324 3041 3120
f 3092 3120 3041
f 3144 3040 3170
f 3114 3115 3038
f 3084 3038 3115
f 3039 3038 3084
f 3084 3142 3037
f 3070 3037 3142
f 3037 3070 3036
f 23 3035 322
f 3082 322 3035
f 3068 3069 3034
f 3111 3033 3142
f 3070 3142 3033
f 3036 3070 3033
f 3069 3081 3031
f 3111 3138 3030
f 3080 3030 3138
f 3033 3111 3030
f 3169 3029 3251
f 3107 3251 3029
f 3063 3028 3066
f 3062 3028 3063
f 3032 3066 3028
f 3063 3065 3027
f 3059 3063 3027
f 3059 3027 3060
f 3106 3137 3026
f 3067 3026 3137
f 3079 3025 3105
f 3061 3025 3079
f 3058 3105 3025
f 3106 3024 3133
f 3056 3023 3057
f 3055 3023 3056
f 3053 3023 3055
f 3053 3054 3023
f 3132 3133 3022
f 3130 3132 3022
f 3024 3022 3133
f 3100 3130 3021
f 3022 3021 3130
f 3052 3020 3077
f 3048 3077 3020
f 3050 3019 3051
f 3049 3051 3019
f 3047 3049 3019
f 3100 3018 3126
f 3045 3126 3018
f 3047 3017 3049
f 3017 3047 3016
f 3095 3015 3125
f 3076 3125 3015
f 3158 3231 3014
f 3099 3014 3231
f 3044 3013 3086
f 3095 3121 3012
f 3042 3012 3121
f 3015 3095 3012
f 3043 3011 3044
f 320 25 3010
f 3074 3010 25
f 3012 3042 3009
f 3072 3008 3121
f 3042 3121 3008
f 3009 3042 3008
f 3090 3092 3006
f 3072 3090 3006
f 3007 3072 3006
f 3116 3157 3005
f 3147 3148 3004
f 3146 3147 3004
f 3004 319 3146
f 3145 3146 33
f 319 33 3146
f 3144 3145 3003
f 3040 3144 3003
f 33 3003 3145
f 3038 3039 3002
f 3071 3114 3001
f 3038 3001 3114
f 3156 3170 3000
f 3040 3000 3170
f 3039 3084 2999
f 3037 2999 3084
f 3156 359 3227
f 3000 359 3156
f 3210 3227 32
f 318 3210 32
f 3083 318 32
f 359 32 3227
f 359 318 32
f 3036 2998 3037
f 3112 2997 3113
f 3082 2995 3112
f 3035 2995 3082
f 2997 3112 2995
f 3033 2994 3036
f 2998 3036 2994
f 3139 3140 2991
f 3113 2991 3140
f 2997 2991 3113
f 2992 2990 2993
f 3034 3069 2989
f 3031 2989 3069
f 3034 2988 3068
f 2996 2988 3034
f 28 2987 23
f 3035 23 2987
f 3110 3139 2986
f 2991 2986 3139
f 3028 2985 3032
f 2990 3032 2985
f 3067 3068 2984
f 2988 2984 3068
f 3028 3062 2983
f 2985 3028 2983
f 3031 3081 2982
f 3061 2981 28
f 2987 28 2981
f 3064 2980 3081
f 2982 3081 2980
f 3061 321 2979
f 3025 3061 2979
f 2983 3062 2978
f 3135 2977 3136
f 3064 3136 2977
f 3060 2977 3135
f 3061 3079 2976
f 2981 3061 2976
f 3080 3104 2975
f 3058 2975 3104
f 3057 2974 3062
f 2978 3062 2974
f 3026 2973 3106
f 3024 3106 2973
f 3078 3103 2972
f 3078 2972 3079
f 2976 3079 2972
f 2974 3057 2971
f 3023 2970 3057
f 3023 3054 2970
f 2971 3057 2970
f 2970 3054 2969
f 3049 2968 3054
f 2969 3054 2968
f 3021 2967 3100
f 3018 3100 2967
f 2967 2966 3018
f 3076 2964 3101
f 3052 3101 2964
f 3020 3052 2964
f 3127 2963 3129
f 3050 3129 2963
f 3046 2963 3127
f 3048 2962 3077
f 2965 3077 2962
f 3048 2961 27
f 3020 2961 3048
f 2968 3049 2960
f 3046 3086 2959
f 3017 2958 3049
f 2960 3049 2958
f 3013 2957 3086
f 2959 3086 2957
f 3048 3075 2956
f 2962 3048 2956
f 3043 3045 2955
f 3016 2954 3017
f 2958 3017 2954
f 3096 2953 3124
f 27 2953 3096
f 2954 3016 2952
f 3011 3043 2951
f 2955 2951 3043
f 3075 320 2950
f 3010 2950 320
f 2956 3075 2950
f 2952 2949 2954
f 3013 3044 2948
f 3011 2948 3044
f 2949 2952 2946
f 2947 2949 2946
f 3123 3124 2945
f 3093 3123 2945
f 2953 2945 3124
f 3074 3094 2944
f 3010 3074 2944
f 3009 2943 3012
f 3093 2942 3094
f 2945 2942 3093
f 2944 3094 2942
f 2951 357 3011
f 3008 2941 3009
f 2943 3009 2941
f 3008 3072 2940
f 3007 2940 3072
f 3041 2939 3092
f 3006 3092 2939
f 3149 2938 3157
f 3005 3157 2938
f 3006 2937 3007
f 3119 2936 324
f 3118 2936 3119
f 2936 3118 2935
f 3117 2934 3118
f 2935 3118 2934
f 3116 2933 3117
f 3005 2933 3116
f 2934 3117 2933
f 3071 2932 3148
f 3004 3148 2932
f 3002 2931 3038
f 3001 3038 2931
f 2999 3037 2930
f 2998 2930 3037
f 2996 3034 2929
f 2989 2929 3034
f 2988 2996 2928
f 356 2928 2996
f 2990 2927 3032
f 2990 2992 2927
f 3030 2926 3033
f 3065 3066 2925
f 3032 2925 3066
f 3027 3065 2925
f 2927 2925 3032
f 3030 3080 2924
f 2975 2924 3080
f 2926 3030 2924
f 3026 3067 2923
f 2984 2923 3067
f 2973 3026 2922
f 3077 2921 3103
f 2972 3103 2921
f 2965 2921 3077
f 3018 2920 3045
f 2955 3045 2920
f 3015 2919 3076
f 2964 3076 2919
f 3019 2918 3047
f 3016 3047 2918
f 3012 2917 3015
f 2919 3015 2917
f 2952 3016 2916
f 2946 2952 2916
f 2918 2916 3016
f 2948 3011 30
f 357 30 3011
f 317 30 357
f 317 2915 30
f 2941 3008 2914
f 2940 2914 3008
f 3197 2913 3214
f 3149 3214 2913
f 3091 2913 3197
f 3073 2913 3091
f 2938 3149 2913
f 2939 2912 3006
f 2937 3006 2912
f 3041 324 2911
f 2936 2911 324
f 3002 3039 2910
f 2999 2910 3039
f 2930 2910 2999
f 2994 2909 2998
f 356 2996 29
f 31 29 356
f 2929 29 2996
f 316 31 29
f 316 29 2929
f 2994 3033 2908
f 2926 2908 3033
f 316 31 2907
f 29 2907 31
f 29 316 2907
f 2929 2989 2906
f 316 2906 2992
f 316 2929 2906
f 2927 2992 2906
f 2989 3031 2905
f 2982 2905 3031
f 2980 2905 2982
f 2906 2989 2905
f 3025 2904 3058
f 2979 2904 3025
f 2975 3058 2904
f 2924 2975 2904
f 2964 2903 3020
f 2961 3020 2903
f 2919 2903 2964
f 2963 3046 2902
f 2959 2902 3046
f 2957 3013 2901
f 2957 2901 2959
f 2948 2901 3013
f 2902 2959 2901
f 2916 2900 2946
f 2915 2946 2900
f 30 2900 2948
f 30 2915 2900
f 2901 2948 2900
f 2943 2899 3012
f 2917 3012 2899
f 2941 2898 2943
f 2899 2943 2898
f 2940 3007 2897
f 2937 2897 3007
f 2914 2940 2897
f 3083 2896 3169
f 3029 3169 2896
f 2973 2895 3024
f 2922 2895 2973
f 3022 3024 2894
f 3021 3022 2894
f 2895 2894 3024
f 2967 3021 2893
f 2966 2967 2893
f 2894 2893 3021
f 2951 2955 2892
f 3073 3158 2891
f 3014 2891 3158
f 2931 3002 2890
f 2910 2890 3002
f 2931 2889 3001
f 359 3000 2888
f 2930 2998 2887
f 2909 2887 2998
f 2909 2994 2885
f 2908 2885 2994
f 2887 2909 2885
f 31 356 358
f 29 358 356
f 29 31 358
f 2886 356 358
f 2995 2884 2997
f 2992 2993 2883
f 316 2992 2883
f 2928 356 2881
f 2886 2881 356
f 2882 2881 2886
f 2884 2995 2879
f 2991 2997 2877
f 2884 2877 2997
f 2885 2908 2876
f 2884 2885 2876
f 2990 2875 2993
f 2883 2993 2875
f 2995 3035 2874
f 2987 2874 3035
f 2879 2995 2874
f 2986 2991 2873
f 2877 2873 2991
f 2908 2926 2872
f 2876 2908 2872
f 2984 2988 315
f 2928 315 2988
f 2881 315 2928
f 2881 2882 315
f 2981 2870 2987
f 2874 2987 2870
f 2985 2869 2990
f 2983 2869 2985
f 2875 2990 2869
f 2871 315 2868
f 321 3110 2867
f 2986 2867 3110
f 2979 321 2867
f 2873 2867 2986
f 2872 2926 2866
f 2872 2866 2873
f 2867 2873 2866
f 2925 2927 2865
f 2906 2865 2927
f 2905 2865 2906
f 2978 34 2983
f 2869 2983 34
f 2923 2984 2864
f 315 2864 2984
f 2976 2863 2981
f 2870 2981 2863
f 2924 2862 2926
f 2904 2979 2862
f 2904 2862 2924
f 2867 2862 2979
f 2866 2926 2862
f 2866 2862 2867
f 2865 2905 2861
f 2980 3064 2860
f 2977 2860 3064
f 2905 2980 2860
f 2861 2860 2977
f 2861 2905 2860
f 34 2978 312
f 3027 2859 3060
f 2977 3060 2859
f 2925 2859 3027
f 2865 2859 2925
f 2861 2977 2859
f 2861 2859 2865
f 2974 2858 2978
f 312 2978 2858
f 2972 2857 2976
f 2863 2976 2857
f 2923 2856 3026
f 2922 3026 2856
f 2895 2922 2856
f 2858 2974 2855
f 2971 2854 2974
f 2855 2974 2854
f 2970 2853 2971
f 2969 2853 2970
f 2854 2971 2853
f 2968 2852 2969
f 2853 2969 2852
f 2960 2851 2968
f 2852 2968 2851
f 2966 2850 3018
f 2920 3018 2850
f 2893 2850 2966
f 2850 2849 2920
f 2851 2960 2848
f 2962 2847 2965
f 2958 2846 2960
f 2848 2960 2846
f 3019 3050 2845
f 2963 2845 3050
f 2918 3019 2845
f 2902 2844 2963
f 2901 2844 2902
f 2845 2963 2844
f 2846 2958 2843
f 2920 2842 2955
f 2892 2955 2842
f 2956 2841 2962
f 2847 2962 2841
f 2903 2840 2961
f 2917 2839 2919
f 2903 2919 2839
f 2840 2903 2839
f 2916 2918 2838
f 2900 2916 2838
f 2900 2838 2901
f 2845 2838 2918
f 2844 2901 2838
f 2844 2838 2845
f 2961 2837 27
f 2953 27 2837
f 2840 2837 2961
f 2839 2917 2836
f 2839 2836 2840
f 2837 2840 2836
f 2954 2835 2958
f 2949 2835 2954
f 2843 2958 2835
f 2950 2834 2956
f 2841 2956 2834
f 2947 2833 2949
f 2835 2949 2833
f 2950 3010 2832
f 2834 2950 2832
f 2945 2953 2831
f 2942 2945 2831
f 2837 2831 2953
f 2836 2831 2837
f 2899 2830 2917
f 2836 2917 2830
f 2831 2836 2830
f 2831 2829 2942
f 2830 2829 2831
f 2830 2899 2828
f 2829 2830 2828
f 2946 2827 2947
f 2915 2827 2946
f 2833 2947 2827
f 357 2951 2826
f 2892 2826 2951
f 2944 2825 3010
f 2832 3010 2825
f 2942 2823 2944
f 2829 2823 2942
f 2828 2823 2829
f 2825 2944 2823
f 317 357 314
f 30 314 357
f 30 317 314
f 2898 2822 2899
f 2828 2899 2822
f 2823 2828 2822
f 2826 2821 357
f 314 357 2821
f 2914 2820 2941
f 2898 2941 2820
f 2822 2898 2820
f 2913 2819 2938
f 2912 2939 2818
f 2912 2817 2937
f 2897 2937 2817
f 2882 2886 2816
f 2880 2816 2886
f 315 2882 2816
f 315 2816 2880
f 2877 2884 2815
f 2876 2815 2884
f 2873 2877 2815
f 2872 2815 2876
f 2872 2873 2815
f 3003 39 3040
f 3001 2814 3071
f 2932 3071 2814
f 2910 2930 2813
f 2890 2910 2813
f 2887 2813 2930
f 2890 2812 2931
f 2889 2931 2812
f 32 2811 3083
f 2896 3083 2811
f 2878 2896 2811
f 316 2809 31
f 358 31 2809
f 2883 2809 316
f 2811 2808 2878
f 2810 2808 2811
f 2864 315 2807
f 2856 2923 2806
f 2864 2805 2923
f 2806 2923 2805
f 2921 2804 2972
f 2857 2972 2804
f 2894 2895 2803
f 2893 2894 2803
f 2921 2965 2802
f 2847 2802 2965
f 2804 2921 2802
f 2849 2801 2920
f 2842 2920 2801
f 2842 2800 2892
f 317 2799 2915
f 2827 2915 2799
f 314 2799 317
f 2913 3073 2797
f 2891 2797 3073
f 2824 2797 2891
f 2798 2797 2824
f 2797 2798 2796
f 2818 2795 2912
f 2817 2912 2795
f 2897 2794 2914
f 2820 2914 2794
f 2817 2794 2897
f 2939 3041 2793
f 2911 2793 3041
f 2792 2791 2888
f 2888 2789 359
f 2791 2789 2888
f 32 359 2788
f 2811 32 2788
f 2810 2811 2788
f 2789 2788 359
f 2856 2787 2895
f 2806 2787 2856
f 2805 2787 2806
f 2803 2895 2787
f 2850 2893 2786
f 2849 2850 2786
f 2803 2786 2893
f 2801 2849 2786
f 2819 2913 2785
f 2797 2785 2913
f 2796 2785 2797
f 2785 2784 2819
f 2784 2783 2819
f 2933 3005 2782
f 3003 33 35
f 39 3003 35
f 3000 3040 36
f 2888 3000 36
f 39 36 3040
f 2792 2888 2781
f 36 2781 2888
f 2781 36 2780
f 2813 2779 2890
f 2813 2887 2779
f 2812 2890 2779
f 2791 2792 2778
f 2790 2778 2792
f 2789 2791 2777
f 2778 2777 2791
f 2788 2776 2810
f 2788 2789 2776
f 2777 2776 2789
f 2880 2886 2775
f 315 2880 2774
f 2807 315 2774
f 2775 2774 2880
f 2878 2773 2896
f 2808 2773 2878
f 2773 2770 2896
f 2896 2769 3029
f 2770 2769 2896
f 2807 2768 2864
f 2805 2864 2768
f 2771 2767 2772
f 2863 2766 2870
f 2771 2870 2766
f 2767 2771 2766
f 2857 2765 2863
f 2804 2765 2857
f 2766 2863 2765
f 3029 2764 3107
f 2769 2764 3029
f 3131 3134 2763
f 3107 2763 3134
f 2764 2763 3107
f 2786 2803 2762
f 2802 2761 2804
f 2763 47 3131
f 3128 3131 2760
f 3099 3128 2760
f 47 2760 3131
f 3014 3099 2759
f 2760 2759 3099
f 2841 2758 2847
f 2802 2847 2758
f 2801 2757 2842
f 2800 2842 2757
f 2834 2755 2841
f 2758 2841 2755
f 2891 3014 2754
f 2759 2754 3014
f 2755 2834 2752
f 2755 2752 2756
f 2753 2756 2752
f 2754 2751 2891
f 2824 2891 2750
f 2798 2824 2750
f 2751 2750 2891
f 2826 2892 2749
f 2800 2749 2892
f 2821 2826 2748
f 2749 2748 2826
f 2785 2796 2747
f 2784 2785 2746
f 2747 2746 2785
f 2783 2784 2745
f 2746 2745 2784
f 2745 2744 2783
f 2795 2743 2817
f 2794 2743 2820
f 2794 2817 2743
f 2783 2742 2819
f 2938 360 3005
f 2819 360 2938
f 2782 3005 360
f 2742 360 2819
f 2790 2792 2740
f 2781 2740 2792
f 2780 2740 2781
f 2741 2740 2780
f 2768 2739 2805
f 2767 2739 2772
f 2787 2805 2738
f 2739 2738 2805
f 2739 2767 2738
f 2766 2737 2767
f 2765 2737 2766
f 2738 2767 2737
f 2787 2736 2803
f 2762 2803 2736
f 2738 2736 2787
f 2737 2736 2738
f 2765 2804 2735
f 2761 2735 2804
f 2761 2762 2735
f 2737 2765 2735
f 2736 2735 2762
f 2736 2737 2735
f 2762 2734 2786
f 2761 2802 2733
f 2761 2733 2762
f 2758 2733 2802
f 2734 2762 2733
f 2786 2732 2801
f 2757 2801 2732
f 2734 2732 2786
f 2755 2731 2758
f 2755 2756 2731
f 2733 2758 2731
f 2733 2731 2734
f 2732 2731 2756
f 2732 2734 2731
f 2753 2730 2756
f 2732 2730 2757
f 2732 2756 2730
f 2744 2729 2783
f 2742 2783 2729
f 2934 43 2935
f 2933 43 2934
f 2782 43 2933
f 319 3004 313
f 33 319 313
f 2932 313 3004
f 313 33 2728
f 33 44 319
f 35 33 44
f 313 319 44
f 313 33 44
f 2728 33 44
f 2728 44 313
f 358 2727 2886
f 2885 2726 2887
f 2812 2726 2889
f 2779 2887 2726
f 2779 2726 2812
f 2774 2775 2725
f 2874 40 2879
f 2768 2807 2723
f 2739 2768 2723
f 2739 2722 2772
f 2724 2772 2722
f 2723 2722 2739
f 2757 2721 2800
f 2730 2721 2757
f 2730 2753 2720
f 2721 2730 2720
f 2720 2753 2719
f 2825 2718 2832
f 2748 2749 2717
f 2820 2716 2822
f 2795 2818 2716
f 2743 2716 2820
f 2743 2795 2716
f 2821 2715 314
f 2935 2714 2936
f 2911 2936 2714
f 43 2713 2935
f 2714 2935 2713
f 2814 2712 2932
f 313 2932 2712
f 35 39 38
f 36 39 38
f 37 35 38
f 2740 2711 2790
f 2740 2741 2711
f 2727 358 2710
f 2884 2709 2885
f 2726 2885 2709
f 2809 2708 358
f 2710 358 2708
f 2879 2707 2884
f 2709 2884 2707
f 2776 2706 2810
f 2809 2883 2705
f 2708 2809 2705
f 2808 2810 2704
f 2706 2704 2810
f 2875 2703 2883
f 2705 2883 2703
f 2774 2702 2807
f 2725 2702 2774
f 2723 2807 2702
f 2870 307 2874
f 2771 307 2870
f 2771 2772 307
f 40 2874 307
f 2724 307 2772
f 2701 40 307
f 2869 2700 2875
f 34 2700 2869
f 2703 2875 2700
f 312 303 34
f 2700 34 303
f 312 311 34
f 303 34 311
f 303 312 311
f 2858 2699 312
f 311 312 2699
f 2855 2698 2858
f 2699 2858 2698
f 2854 2697 2855
f 2698 2855 2697
f 2853 2696 2854
f 2852 2696 2853
f 2697 2854 2696
f 2851 2695 2852
f 2696 2852 2695
f 2848 2694 2851
f 2695 2851 2694
f 2846 2693 2848
f 2694 2848 2693
f 2843 2692 2846
f 2693 2846 2692
f 2692 2843 310
f 2835 2691 2843
f 2833 2691 2835
f 310 2843 2691
f 2832 2690 2834
f 2752 2834 2690
f 2752 2690 2753
f 2719 2753 2690
f 2718 2690 2832
f 2827 2689 2833
f 2691 2833 2689
f 2749 2800 2688
f 2721 2688 2800
f 2717 2749 2688
f 2690 2687 2719
f 2690 2718 2687
f 2796 2798 2686
f 2799 2685 2827
f 2689 2827 2685
f 2747 2796 2684
f 2686 2684 2796
f 2823 2683 2825
f 2799 314 2682
f 2685 2799 2682
f 2715 2681 314
f 2682 314 2681
f 2822 2680 2823
f 2716 2680 2822
f 2683 2823 2680
f 2729 2744 2679
f 2793 2911 2678
f 2714 2678 2911
f 360 42 2782
f 43 2782 42
f 41 43 42
f 2778 2790 2677
f 2711 2677 2790
f 2777 2778 2676
f 2677 2676 2778
f 2676 2675 2777
f 2776 2777 2674
f 2706 2776 2674
f 2675 2674 2777
f 2750 2673 2798
f 2686 2798 2673
f 2746 2747 2672
f 2745 2746 2672
f 2684 2672 2747
f 2744 2745 2671
f 2672 2671 2745
f 2671 2670 2744
f 2679 2744 2669
f 2670 2669 2744
f 35 39 45
f 36 39 45
f 37 35 45
f 38 39 45
f 38 35 45
f 38 36 45
f 38 37 45
f 2773 2808 2668
f 2704 2668 2808
f 41 43 48
f 42 360 48
f 42 43 48
f 42 41 48
f 35 39 309
f 36 39 309
f 44 309 35
f 37 35 309
f 38 39 309
f 38 35 309
f 38 36 309
f 38 37 309
f 45 39 309
f 45 35 309
f 45 36 309
f 45 37 309
f 45 38 309
f 2712 2814 2667
f 2889 2666 3001
f 2814 3001 2666
f 2667 2814 2666
f 2710 46 2727
f 2775 2886 2665
f 2727 2665 2886
f 2725 2775 2665
f 40 2664 2879
f 2707 2879 2664
f 2702 2725 2663
f 2701 308 40
f 307 40 308
f 307 2724 308
f 307 308 2701
f 2664 40 308
f 2722 2661 2724
f 2722 2723 2661
f 2702 2661 2723
f 2663 2661 2702
f 308 2724 2661
f 2770 2773 2660
f 2668 2660 2773
f 2769 2770 2659
f 2660 2659 2770
f 2751 2754 2658
f 2750 2751 2657
f 2673 2750 2657
f 2658 2657 2751
f 2720 2656 2721
f 2719 2656 2720
f 2688 2721 2656
f 2688 2654 2717
f 2656 2654 2688
f 2687 2653 2719
f 2687 2718 2653
f 2656 2719 2653
f 2718 2825 2652
f 2683 2652 2825
f 2653 2718 2652
f 2748 2651 2821
f 2717 2651 2748
f 2715 2821 2651
f 2681 2715 2650
f 2818 2939 2649
f 2793 2649 2939
f 2678 2648 2793
f 2649 2793 2648
f 2713 43 52
f 41 43 52
f 42 52 360
f 42 43 52
f 42 41 52
f 48 360 52
f 48 43 52
f 48 41 52
f 48 42 52
f 2667 2644 2712
f 44 313 2643
f 2712 2643 313
f 309 44 2643
f 2644 2643 2712
f 46 306 2727
f 46 2710 2642
f 2665 2641 2725
f 47 2763 302
f 2650 2638 2681
f 2650 2715 2637
f 2648 2678 2636
f 2713 2635 2714
f 2678 2714 2635
f 52 2635 2713
f 2636 2678 2635
f 2633 2632 2634
f 2646 2647 2631
f 2645 2631 2647
f 2651 2717 2626
f 2669 2625 2679
f 2631 2623 2646
f 2623 2621 2646
f 2631 2645 2619
f 2646 2617 2647
f 2645 2647 2617
f 2621 2617 2646
f 2780 36 2616
f 45 2616 36
f 2709 2615 2726
f 2615 2614 2726
f 2677 2711 2613
f 306 304 46
f 2642 2612 46
f 304 46 2612
f 306 305 46
f 304 46 305
f 304 306 305
f 2665 2727 2611
f 306 2611 2727
f 305 2611 306
f 2707 2610 2709
f 2615 2709 2610
f 2642 2710 2609
f 2610 2707 2608
f 2708 2607 2710
f 2609 2710 2607
f 2663 2725 2606
f 2641 2606 2725
f 2606 2605 2663
f 2705 2604 2708
f 2607 2708 2604
f 2703 2603 2705
f 2604 2705 2603
f 2700 2602 2703
f 2603 2703 2602
f 303 363 2700
f 2602 2700 363
f 2601 363 303
f 311 361 303
f 2601 303 361
f 363 303 361
f 363 2601 361
f 2699 2599 311
f 361 311 2599
f 2698 2598 2699
f 2599 2699 2598
f 2764 2769 2597
f 2659 2597 2769
f 2763 2764 2596
f 302 2763 2596
f 2597 2596 2764
f 2697 2595 2698
f 2598 2698 2595
f 2696 2594 2697
f 2695 2594 2696
f 2595 2697 2594
f 302 47 2593
f 2760 47 301
f 302 47 301
f 2596 301 302
f 2593 47 301
f 2593 301 302
f 2694 2592 2695
f 2594 2695 2592
f 2759 2760 296
f 301 296 2760
f 362 296 53
f 362 296 301
f 2754 2759 2591
f 2658 2754 2591
f 296 2591 2759
f 296 53 2591
f 2693 2590 2694
f 2592 2694 2590
f 2692 2589 2693
f 2590 2693 2589
f 310 300 2692
f 2589 2692 300
f 300 310 2587
f 2691 56 310
f 300 310 56
f 2587 310 56
f 2587 56 300
f 2689 2586 2691
f 56 2691 2586
f 2685 2585 2689
f 2586 2689 2585
f 2682 2584 2685
f 2585 2685 2584
f 2681 2583 2682
f 2584 2682 2583
f 2654 2582 2717
f 2626 2717 2582
f 2582 2654 2581
f 2638 2579 2681
f 2583 2681 2579
f 2638 2650 2578
f 2637 2577 2650
f 2651 2576 2715
f 2637 2715 2576
f 2577 2637 2576
f 2680 2575 2683
f 2580 2683 2575
f 2578 2650 2574
f 2577 2574 2650
f 2680 2716 2573
f 2575 2680 2573
f 2573 2716 2572
f 360 2742 2571
f 48 360 2571
f 2633 2634 2569
f 2632 2568 2634
f 2569 2567 2633
f 2567 2566 2633
f 2632 2633 2564
f 2566 2564 2633
f 54 2560 2624
f 54 51 49
f 2560 54 49
f 54 51 50
f 49 51 50
f 49 54 50
f 54 51 299
f 49 51 299
f 49 54 299
f 50 51 299
f 50 54 299
f 50 49 299
f 54 51 298
f 49 51 298
f 49 54 298
f 2559 49 298
f 50 51 298
f 50 54 298
f 50 49 298
f 299 51 298
f 299 54 298
f 299 49 298
f 299 50 298
f 2620 2622 2558
f 2559 2558 2622
f 298 2558 2559
f 309 2557 45
f 2616 45 2557
f 2644 2667 2556
f 2619 2645 2555
f 2618 2619 2555
f 2617 2555 2645
f 2614 2615 2553
f 2554 2553 2615
f 2726 2552 2889
f 2666 2889 2552
f 2614 2552 2726
f 2613 2711 2551
f 308 2550 2664
f 2664 2549 2707
f 2608 2707 2549
f 2550 2549 2664
f 2640 2548 2662
f 2548 2640 2547
f 2547 2640 2546
f 2640 2662 2545
f 2546 2640 2545
f 2546 2545 2600
f 2660 2668 2544
f 2597 2659 2543
f 2591 2542 2658
f 2591 53 2542
f 2657 2541 2673
f 2639 2539 2655
f 2540 2539 2639
f 2540 2588 2539
f 2540 2639 2538
f 2639 2655 2537
f 2627 2628 2537
f 2538 2639 2537
f 2652 2536 2653
f 2652 2683 2535
f 2580 2535 2683
f 2536 2652 2535
f 2716 2818 2534
f 2649 2534 2818
f 2572 2716 2534
f 2572 2533 2573
f 2568 2570 2532
f 2533 2532 2570
f 2569 2634 2531
f 2568 2531 2634
f 2532 2531 2568
f 2648 2530 2649
f 2636 2530 2648
f 52 48 2529
f 2571 2529 48
f 2566 2567 2528
f 2565 2566 2528
f 2563 2565 2527
f 2528 2527 2565
f 2527 2526 2563
f 2526 2525 2563
f 2526 2562 2525
f 2561 2524 2562
f 2525 2562 2524
f 2524 2561 2523
f 49 2522 2560
f 2623 2631 2521
f 2619 2520 2631
f 2521 2631 2520
f 2621 2623 2518
f 2620 2621 2518
f 54 2624 2517
f 2519 2517 2624
f 2620 2516 2621
f 2617 2621 2516
f 2558 2515 2620
f 2516 2620 2515
f 2643 2514 309
f 2643 2644 2514
f 2557 309 2514
f 2741 2780 2513
f 2711 2741 2513
f 2616 2513 2780
f 2555 2512 2618
f 2554 2618 2512
f 2553 2512 2614
f 2553 2554 2512
f 2552 2614 2512
f 2675 2676 2511
f 2674 2675 2511
f 2674 2509 2706
f 2511 2509 2674
f 2510 2509 2511
f 2629 2508 2630
f 2548 2508 2662
f 2548 2630 2508
f 2548 2507 2630
f 2547 2507 2548
f 2510 2630 2507
f 2509 2507 2547
f 2509 2510 2507
f 2704 2706 2506
f 2509 2506 2706
f 2509 2547 2506
f 2508 2505 2662
f 2546 2504 2547
f 2506 2547 2504
f 2545 2662 2503
f 2505 2503 2662
f 2668 2704 2502
f 2544 2668 2502
f 2506 2502 2704
f 2504 2502 2506
f 2545 2501 2600
f 2503 2501 2545
f 2546 2600 2500
f 2504 2546 2500
f 2502 2504 2500
f 2501 2499 2600
f 2500 2600 2499
f 2499 2501 2498
f 2659 2660 2497
f 2544 2497 2660
f 2543 2659 2497
f 2596 2597 2496
f 2543 2496 2597
f 362 53 55
f 296 53 55
f 296 362 55
f 2542 53 55
f 2657 2658 2495
f 2542 2495 2658
f 2541 2657 2495
f 2494 2588 2492
f 2539 2588 2491
f 2494 2491 2588
f 2493 2491 2494
f 2673 2490 2686
f 2541 2490 2673
f 2540 2489 2588
f 2538 2489 2540
f 2492 2588 2489
f 2490 2492 2489
f 2539 2488 2655
f 2491 2488 2539
f 2684 2686 2487
f 2490 2487 2686
f 2489 2538 2487
f 2489 2487 2490
f 2537 2628 2486
f 2537 2486 2538
f 2672 2684 2485
f 2487 2485 2684
f 2487 2538 2485
f 2486 2485 2538
f 2537 2655 2484
f 2537 2484 2627
f 2671 2672 2483
f 2670 2671 2483
f 2485 2483 2672
f 2486 2628 2482
f 2485 2486 2482
f 2483 2485 2482
f 2534 2481 2572
f 2533 2572 2481
f 2532 2533 2481
f 2729 2480 2742
f 2679 2480 2729
f 2571 2742 2480
f 2567 2569 2479
f 2528 2567 2479
f 2635 52 2478
f 2635 2478 2636
f 2529 2478 52
f 2565 2476 2566
f 2564 2566 2476
f 2561 2562 2475
f 2477 2475 2562
f 2568 2632 2474
f 2564 2473 2632
f 2474 2632 2473
f 2612 2642 2472
f 2609 2472 2642
f 2661 2663 2471
f 2605 2471 2663
f 2661 2470 308
f 2550 308 2470
f 2471 2470 2661
f 2654 2656 2469
f 2581 2654 2469
f 2579 2638 2468
f 2578 2468 2638
f 2522 49 2467
f 2559 2466 49
f 2467 49 2466
f 2466 2559 2465
f 2560 2464 2624
f 2519 2624 2464
f 2521 2463 2623
f 2518 2623 2463
f 2559 2622 2462
f 2465 2559 2462
f 2620 2461 2622
f 2518 2461 2620
f 2462 2622 2461
f 2520 2619 2460
f 2618 2459 2619
f 2460 2619 2459
f 298 54 2458
f 2517 2458 54
f 2558 298 2457
f 2515 2558 2457
f 2458 2457 298
f 2554 2456 2618
f 2459 2618 2456
f 2556 2455 2644
f 2514 2644 2455
f 2555 2617 2454
f 2516 2454 2617
f 2666 2453 2667
f 2556 2667 2453
f 2454 2453 2666
f 2554 2615 2452
f 2456 2554 2452
f 2552 2451 2666
f 2512 2555 2451
f 2512 2451 2552
f 2454 2666 2451
f 2454 2451 2555
f 2610 2449 2615
f 2452 2615 2449
f 2612 2448 304
f 2472 2448 2612
f 2450 304 2448
f 305 304 2447
f 2611 305 2447
f 2450 2447 304
f 2629 2630 2446
f 2641 2665 2445
f 2611 2445 2665
f 2606 2641 2445
f 2508 2629 2444
f 2505 2508 2444
f 2446 2444 2629
f 2497 2443 2543
f 2496 2543 2443
f 55 2442 2542
f 2495 2542 2442
f 2488 2441 2655
f 2484 2655 2441
f 2653 2440 2656
f 2536 2440 2653
f 2469 2656 2440
f 2484 2439 2627
f 2441 2439 2484
f 2626 2438 2651
f 2582 2438 2626
f 2576 2651 2438
f 2627 2437 2628
f 2439 2437 2627
f 2574 2436 2578
f 2468 2578 2436
f 2576 2435 2577
f 2574 2577 2435
f 2436 2574 2434
f 2435 2434 2574
f 2534 2649 2433
f 2531 2532 2433
f 2481 2534 2433
f 2481 2433 2532
f 2533 2432 2573
f 2531 2431 2569
f 2479 2569 2431
f 2433 2649 2431
f 2433 2431 2531
f 2530 2430 2649
f 2431 2649 2430
f 2533 2570 2429
f 2432 2533 2429
f 2530 2636 2428
f 2478 2428 2636
f 2526 2427 2562
f 2526 2527 2427
f 2477 2562 2427
f 2568 2426 2570
f 2429 2570 2426
f 2474 2425 2568
f 2426 2568 2425
f 2563 2424 2565
f 2476 2565 2424
f 2476 2423 2564
f 2473 2564 2423
f 2525 2422 2563
f 2424 2563 2422
f 2523 2561 2421
f 2475 2421 2561
f 2524 2420 2525
f 2422 2525 2420
f 2420 2524 2419
f 2523 2417 2524
f 2419 2524 2417
f 2418 2419 2417
f 2522 2416 2560
f 2467 2416 2522
f 2464 2560 2416
f 2613 2415 2677
f 2551 2415 2613
f 2608 2414 2610
f 2449 2610 2414
f 2676 2677 2413
f 2511 2676 2413
f 2415 2413 2677
f 2510 2511 2412
f 2413 2412 2511
f 2510 2411 2630
f 2446 2630 2411
f 2412 2411 2510
f 2502 2410 2544
f 2500 2410 2502
f 2499 2410 2500
f 2496 2409 2596
f 2443 2409 2496
f 301 2596 297
f 362 301 297
f 296 301 297
f 296 362 297
f 2409 297 2596
f 55 296 2408
f 297 2408 296
f 2442 55 2407
f 2408 2407 55
f 2492 2406 2494
f 2490 2541 2406
f 2490 2406 2492
f 2669 2670 2405
f 2483 2405 2670
f 2482 2404 2483
f 2405 2483 2404
f 2482 2628 2403
f 2437 2403 2628
f 2404 2482 2403
f 2575 2402 2580
f 2625 2669 2401
f 2405 2401 2669
f 2573 2400 2575
f 2432 2400 2573
f 2402 2575 2400
f 2421 2399 2523
f 2417 2523 2399
f 2417 2399 2418
f 2464 2398 2519
f 2463 2397 2518
f 2461 2518 2397
f 2551 2711 2396
f 2513 2396 2711
f 2605 2606 2395
f 2445 2395 2606
f 2549 2394 2608
f 2414 2608 2394
f 2581 2393 2582
f 2438 2582 2393
f 2535 2580 2392
f 2402 2392 2580
f 2625 2391 2679
f 2480 2679 2391
f 2424 2390 2476
f 2423 2476 2390
f 2421 2475 2389
f 2398 2464 2388
f 2520 2387 2521
f 2388 2386 2398
f 2517 2519 2385
f 2458 2517 2384
f 2385 2384 2517
f 2515 2383 2516
f 2457 2383 2515
f 2457 2458 2383
f 2454 2516 2383
f 2453 2454 2383
f 2384 2383 2458
f 2455 2556 2382
f 2453 2382 2556
f 2383 2382 2453
f 2447 2450 2381
f 2448 2472 2380
f 2448 2379 2450
f 2381 2450 2379
f 2380 2379 2448
f 2381 2378 2447
f 2447 2377 2611
f 2378 2377 2447
f 2445 2611 2376
f 2395 2445 2376
f 2377 2376 2611
f 2472 2609 2375
f 2380 2472 2375
f 2471 2605 2374
f 2395 2374 2605
f 2549 2550 2373
f 2394 2549 2373
f 2604 2372 2607
f 2607 2371 2609
f 2375 2609 2371
f 2372 2371 2607
f 2470 2471 2370
f 2374 2370 2471
f 2470 2369 2550
f 2373 2550 2369
f 2370 2369 2470
f 2603 58 2604
f 2372 2604 58
f 2602 2368 2603
f 58 2603 2368
f 363 2367 2602
f 2368 2602 2367
f 361 2366 363
f 2367 363 2366
f 2599 2365 361
f 2366 361 2365
f 2598 2364 2599
f 2365 2599 2364
f 2595 2363 2598
f 2364 2598 2363
f 2594 2362 2595
f 2592 2362 2594
f 2363 2595 2362
f 2590 2361 2592
f 2362 2592 2361
f 2589 2360 2590
f 2361 2590 2360
f 300 2359 2589
f 2360 2589 2359
f 56 2358 300
f 2359 300 2358
f 2586 2357 56
f 2358 56 2357
f 2585 2356 2586
f 2357 2586 2356
f 2584 2355 2585
f 2356 2585 2355
f 2355 59 2356
f 2583 2354 2584
f 2355 2584 2354
f 59 2355 2354
f 2579 2353 2583
f 2354 2583 2353
f 2440 2352 2469
f 2440 2536 2351
f 2352 2440 2351
f 2469 2350 2581
f 2393 2581 2350
f 2352 2350 2469
f 2535 2349 2536
f 2392 2349 2535
f 2351 2536 2349
f 2468 2348 2579
f 2353 2579 2348
f 2436 2347 2468
f 2348 2468 2347
f 2434 2346 2436
f 2347 2436 2346
f 2435 2576 2344
f 2345 2435 2344
f 2438 2343 2576
f 2393 2343 2438
f 2344 2576 2343
f 2434 2435 2342
f 2346 2434 2342
f 2345 2342 2435
f 2430 2530 2341
f 2428 2341 2530
f 2427 2340 2477
f 2475 2477 2339
f 2340 2339 2477
f 2473 2338 2474
f 2389 2336 2421
f 2337 2336 2389
f 2416 62 2464
f 2388 2464 62
f 2463 2521 2335
f 2387 2335 2521
f 2460 2334 2520
f 2387 2520 2334
f 2461 2333 2462
f 2397 2333 2461
f 2398 2332 2519
f 2385 2519 2332
f 2353 279 2354
f 2527 2528 2330
f 2479 2330 2528
f 2431 2330 2479
f 2430 2330 2431
f 2427 2527 2330
f 2341 2330 2430
f 2340 2427 2330
f 2389 2475 2329
f 2339 2329 2475
f 2425 2474 2328
f 2338 2328 2474
f 2422 2327 2424
f 2390 2424 2327
f 2423 2326 2473
f 2338 2473 2326
f 2399 2421 2325
f 2336 2325 2421
f 2465 2324 2466
f 2466 2323 2467
f 2324 2323 2466
f 2416 2467 2322
f 2323 2322 2467
f 2324 2465 2321
f 2386 2388 2320
f 2320 2319 2386
f 2462 2318 2465
f 2333 2318 2462
f 2321 2465 2318
f 2397 2463 2317
f 2335 2317 2463
f 2319 2316 2386
f 2333 2397 2315
f 2317 2315 2397
f 2459 2313 2460
f 2334 2460 2313
f 2314 2313 2459
f 2386 2312 2398
f 2332 2398 2312
f 2316 2312 2386
f 2456 2311 2459
f 2314 2459 2311
f 2382 2310 2455
f 2514 2309 2557
f 2455 2309 2514
f 2310 2309 2455
f 2309 2308 2557
f 2557 2307 2616
f 2513 2616 2307
f 2308 2307 2557
f 2452 2306 2456
f 2449 2306 2452
f 2311 2456 2306
f 2396 2513 2305
f 2307 2305 2513
f 2306 2449 2304
f 2396 291 2551
f 290 291 2396
f 61 290 291
f 2379 2303 2381
f 2378 2381 2302
f 2303 2302 2381
f 2414 2301 2449
f 2304 2449 2301
f 2415 2551 2300
f 291 2300 2551
f 2379 2380 2299
f 2303 2379 2299
f 2375 2298 2380
f 2299 2380 2298
f 2302 2297 2378
f 2377 2378 2296
f 2376 2377 2296
f 2297 2296 2378
f 2413 2415 2295
f 2300 2295 2415
f 2412 2413 2294
f 2411 2412 2294
f 2295 2294 2413
f 2411 2293 2446
f 2294 2293 2411
f 2293 2292 2446
f 2371 78 2375
f 2331 78 2371
f 2298 2375 78
f 2290 78 2331
f 2376 2289 2395
f 2374 2395 2289
f 288 65 64
f 66 64 65
f 2371 2372 2288
f 2331 2371 2288
f 2291 2331 2288
f 2444 2446 2286
f 2292 2286 2446
f 58 57 2372
f 2288 2372 57
f 57 58 295
f 57 58 2285
f 295 2285 58
f 295 57 2285
f 64 66 67
f 70 64 67
f 2444 2284 2505
f 2286 2284 2444
f 2368 2282 58
f 295 58 2282
f 67 70 68
f 2283 68 70
f 2367 294 2368
f 2282 2368 294
f 68 2283 294
f 2503 2505 2281
f 2284 2281 2505
f 2501 2503 2280
f 2281 2280 2503
f 2498 2501 2279
f 2280 2279 2501
f 2498 2278 2499
f 2279 2278 2498
f 2410 2277 2544
f 2497 2544 2276
f 2443 2497 2276
f 2277 2276 2544
f 2409 2443 2275
f 2276 2275 2443
f 2275 2274 2409
f 2364 72 2365
f 2363 72 2364
f 2362 2273 2363
f 2361 2273 2362
f 72 2363 2273
f 297 2409 2272
f 2408 297 2272
f 2274 2272 2409
f 2360 2271 2361
f 2273 2361 2271
f 73 2273 2271
f 2407 2408 2270
f 2272 2270 2408
f 2270 2269 2407
f 2407 2268 2442
f 2269 2268 2407
f 2495 2267 2541
f 2442 2267 2495
f 2268 2267 2442
f 2406 2541 2266
f 2267 2266 2541
f 2493 2494 2265
f 2491 2493 2264
f 2265 2264 2493
f 2488 2491 2263
f 2264 2263 2491
f 2441 2488 2262
f 2263 2262 2488
f 2356 281 2357
f 76 281 77
f 281 2356 2261
f 2439 2441 2260
f 2262 2260 2441
f 59 60 2356
f 2261 2356 60
f 77 76 75
f 2259 75 77
f 60 2258 2261
f 60 59 2257
f 2354 293 59
f 60 59 293
f 2258 60 293
f 2257 59 293
f 2257 293 60
f 2437 2439 2256
f 2260 2256 2439
f 279 2255 2354
f 293 2354 2255
f 2350 2253 2393
f 2350 2352 2253
f 2343 2393 2253
f 2255 279 277
f 277 2252 279
f 2348 2251 2353
f 279 2353 2251
f 2254 279 2251
f 2256 2250 2437
f 2347 2249 2348
f 2251 2348 2249
f 2342 2345 2248
f 2344 2247 2345
f 2343 2247 2344
f 2248 2345 2247
f 2401 2405 2246
f 2404 2245 2405
f 2403 2245 2404
f 2246 2405 2245
f 2403 2437 2244
f 2250 2244 2437
f 2245 2403 2244
f 2346 2243 2347
f 2249 2347 2243
f 2342 2242 2346
f 2248 2242 2342
f 2400 2241 2402
f 2401 2240 2625
f 2246 2240 2401
f 2391 2625 2239
f 2240 2239 2625
f 2241 2400 2238
f 2239 2237 2391
f 2429 2236 2432
f 2400 2432 2236
f 2238 2400 2236
f 2480 2235 2571
f 2391 2235 2480
f 2341 2428 2234
f 2428 2478 2233
f 2234 2428 2233
f 2478 2529 2232
f 2233 2478 2232
f 2529 2571 2231
f 2235 2231 2571
f 2232 2529 2231
f 2426 2230 2429
f 2236 2429 2230
f 2230 2426 2229
f 2425 2228 2426
f 2328 2228 2425
f 2229 2426 2228
f 2337 2389 2227
f 2329 2227 2389
f 2327 2226 2390
f 2227 2225 2337
f 2390 2224 2423
f 2326 2423 2224
f 2226 2224 2390
f 2420 2223 2422
f 2327 2422 2223
f 2225 2222 2337
f 2336 2337 2221
f 2222 2221 2337
f 2419 2220 2420
f 2223 2420 2220
f 2220 2419 2219
f 2418 2218 2419
f 2219 2419 2218
f 2399 2217 2418
f 2218 2418 2217
f 2410 2499 2216
f 2216 2499 2278
f 2216 2277 2410
f 2406 2215 2494
f 2266 2215 2406
f 2215 2265 2494
f 62 2416 364
f 2322 364 2416
f 2214 62 364
f 62 2213 2388
f 2320 2388 2213
f 61 290 292
f 291 290 292
f 291 292 61
f 61 290 2212
f 292 2212 290
f 292 61 2212
f 2394 2211 2414
f 2301 2414 2211
f 2373 2210 2394
f 2211 2394 2210
f 2349 2392 2209
f 2392 2402 2208
f 2241 2208 2402
f 2209 2392 2208
f 2237 2239 2206
f 2207 2237 2206
f 2325 2336 2205
f 2221 2205 2336
f 2325 2204 2399
f 2217 2399 2204
f 2384 2385 2203
f 2383 2384 2203
f 2382 2383 2203
f 2310 2382 2203
f 2305 2201 2396
f 290 2396 2201
f 291 290 2200
f 2201 2200 290
f 2201 2202 2200
f 2300 291 2198
f 2200 2198 291
f 2199 2198 2200
f 2370 2374 2197
f 2289 2197 2374
f 2369 2196 2373
f 2210 2373 2196
f 2369 2370 289
f 2197 289 2370
f 2196 2369 289
f 2351 2195 2352
f 2253 2352 2195
f 2195 2351 2194
f 2349 2193 2351
f 2209 2193 2349
f 2194 2351 2193
f 2239 2240 2191
f 2206 2239 2191
f 2237 2190 2391
f 2235 2391 2190
f 2207 2190 2237
f 2206 2189 2207
f 2191 2189 2206
f 2191 2192 2189
f 2190 2207 2189
f 364 2188 62
f 2213 62 2188
f 2319 2320 2186
f 2312 2316 2185
f 2187 2185 2316
f 2316 2319 2184
f 2187 2316 2184
f 2186 2184 2319
f 2200 2202 2183
f 2199 2200 2183
f 2198 2182 2300
f 2198 2199 2181
f 2182 2198 2181
f 2195 2180 2253
f 2191 2179 2192
f 2191 2240 2178
f 2179 2191 2178
f 2189 2192 2177
f 2177 2176 2189
f 2339 2340 2175
f 2330 2341 2175
f 2330 2175 2340
f 2234 2175 2341
f 2225 2227 2174
f 2174 2173 2225
f 2222 2225 2172
f 2172 2171 2222
f 2205 2170 2325
f 2204 2325 2170
f 2335 2387 2169
f 2334 2168 2387
f 2169 2387 2168
f 2213 2167 2320
f 2186 2320 2167
f 2297 2302 2165
f 2183 2164 2199
f 2181 2199 2164
f 2295 2300 2163
f 2182 2163 2300
f 2294 2295 2162
f 2181 2162 2182
f 2164 2162 2181
f 2163 2162 2295
f 2163 2182 2162
f 2298 2161 2299
f 2302 2303 2160
f 2299 2160 2303
f 2165 2302 2160
f 2161 2160 2299
f 2165 2159 2297
f 2160 2159 2165
f 2296 2297 2158
f 2159 2158 2297
f 288 65 85
f 288 65 63
f 64 65 63
f 64 63 288
f 85 65 63
f 85 63 288
f 2288 2155 2291
f 78 287 2298
f 2287 287 78
f 2161 2298 287
f 2296 2154 2376
f 2289 2376 2154
f 2197 2289 2154
f 2158 2154 2296
f 66 65 80
f 64 65 80
f 64 66 80
f 85 65 80
f 63 65 80
f 63 64 80
f 63 85 80
f 2282 2153 295
f 295 2152 57
f 2156 2152 2157
f 2153 2152 295
f 2153 2157 2152
f 57 2151 2288
f 2155 2288 2151
f 2155 2151 2156
f 2152 2151 57
f 2152 2156 2151
f 2291 2150 2331
f 2287 78 79
f 287 78 79
f 287 2287 79
f 64 66 286
f 70 286 64
f 80 66 286
f 80 64 286
f 2153 2282 2148
f 2149 2153 2148
f 67 66 69
f 67 70 69
f 68 70 69
f 68 67 69
f 286 69 66
f 286 70 69
f 2283 70 2147
f 67 70 71
f 68 70 71
f 68 67 71
f 69 70 71
f 69 67 71
f 69 68 71
f 294 2283 2146
f 294 2146 2282
f 2148 2282 2146
f 2148 2146 2149
f 2147 2146 2283
f 67 70 285
f 68 70 285
f 68 67 285
f 294 285 68
f 69 70 285
f 69 67 285
f 69 68 285
f 71 70 285
f 71 67 285
f 71 68 285
f 71 69 285
f 294 2367 284
f 294 68 284
f 71 68 284
f 285 68 284
f 285 294 284
f 285 71 284
f 2366 2145 2367
f 284 2367 2145
f 2365 283 2366
f 72 283 2365
f 2145 2366 283
f 283 2144 72
f 2276 2277 2143
f 2275 2276 2143
f 2274 2275 2142
f 2143 2142 2275
f 2273 365 72
f 283 72 365
f 2144 365 72
f 2144 283 365
f 2142 2141 2274
f 73 74 2273
f 365 2273 2140
f 74 2140 2273
f 2272 2274 2139
f 2270 2272 2139
f 2141 2139 2274
f 2139 2138 2270
f 74 73 2137
f 2271 282 73
f 74 73 282
f 2140 74 282
f 2137 73 282
f 2137 282 74
f 2269 2270 2136
f 2138 2136 2270
f 2268 2269 2135
f 2136 2135 2269
f 2267 2268 2134
f 2266 2267 2134
f 2135 2134 2268
f 2359 366 2360
f 2358 366 2359
f 366 2358 2132
f 2357 2131 2358
f 281 2131 2357
f 2132 2358 2131
f 76 88 281
f 77 281 88
f 77 76 88
f 75 76 88
f 75 77 88
f 2131 281 88
f 2261 2130 281
f 88 281 2130
f 77 76 280
f 2259 77 280
f 75 76 280
f 75 77 280
f 75 2259 280
f 88 76 280
f 88 77 280
f 88 75 280
f 2130 2261 2129
f 2129 2128 2130
f 2258 2126 2261
f 2129 2261 2126
f 2128 2129 2126
f 293 2125 2258
f 2126 2258 2125
f 2255 2124 293
f 2125 293 2124
f 2254 2122 279
f 2123 279 2122
f 2125 2121 2126
f 2124 2121 2125
f 2121 2124 2120
f 277 2119 2255
f 2124 2255 2119
f 2120 2124 2119
f 2251 2118 2254
f 2122 2254 2118
f 2253 2117 2343
f 2247 2343 2117
f 2180 2117 2253
f 2243 2116 2249
f 2243 2346 2115
f 2116 2243 2115
f 2247 2113 2248
f 2117 2113 2247
f 2114 2248 2113
f 2245 2112 2246
f 2178 2112 2179
f 2240 2246 2111
f 2178 2240 2111
f 2112 2111 2246
f 2112 2178 2111
f 2242 2110 2346
f 2242 2248 2110
f 2115 2346 2110
f 2114 2110 2248
f 2114 2115 2110
f 2179 2109 2192
f 2177 2192 2109
f 2112 2109 2179
f 2189 2108 2190
f 2176 2108 2189
f 2173 2107 2225
f 2172 2225 2107
f 2328 2338 2106
f 2221 2222 2105
f 2171 2105 2222
f 2326 2104 2338
f 2106 2338 2104
f 2201 2103 2202
f 2166 2202 2103
f 2183 2202 2102
f 2166 2102 2202
f 2278 2279 2101
f 2278 2100 2216
f 2101 2100 2278
f 2277 2216 2099
f 2143 2277 2099
f 2100 2099 2216
f 2215 2266 2098
f 2134 2098 2266
f 2265 2215 2097
f 2098 2097 2215
f 2264 2265 2096
f 2097 2096 2265
f 2176 2177 2095
f 2108 2176 2095
f 2205 2221 2094
f 2105 2094 2221
f 63 85 81
f 277 279 278
f 2252 278 279
f 2252 277 278
f 2123 278 279
f 2323 2324 2093
f 2322 2323 2092
f 2093 2092 2323
f 2093 2324 2091
f 364 2322 2090
f 2092 2090 2322
f 2188 364 2089
f 2090 2089 364
f 2321 2088 2324
f 2091 2324 2088
f 2318 2087 2321
f 2088 2321 2087
f 2188 2086 2213
f 2167 2213 2086
f 2317 2335 2085
f 2169 2085 2335
f 2185 2187 2084
f 2315 2317 2083
f 2085 2083 2317
f 2318 2333 2082
f 2315 2082 2333
f 2087 2318 2082
f 2083 2082 2315
f 2084 2081 2185
f 2184 2080 2187
f 2184 2186 2080
f 2167 2080 2186
f 2086 2080 2167
f 2084 2187 2080
f 2313 2079 2334
f 2168 2334 2079
f 2185 2078 2312
f 2081 2078 2185
f 2313 2314 2077
f 2311 2077 2314
f 2079 2313 2076
f 2077 2076 2313
f 2312 2075 2332
f 2078 2075 2312
f 2306 2074 2311
f 2304 2074 2306
f 2077 2311 2074
f 2332 2073 2385
f 2203 2385 2073
f 2075 2073 2332
f 2305 2307 2072
f 2301 2071 2304
f 2074 2304 2071
f 2201 2305 2070
f 2103 2201 2070
f 2103 2070 2166
f 2072 2070 2305
f 2211 2068 2301
f 2071 2301 2068
f 2164 2183 2067
f 2162 2164 2067
f 2102 2067 2183
f 2065 2069 2064
f 2064 2069 2063
f 63 85 82
f 81 85 82
f 81 63 82
f 2066 82 85
f 2064 82 2065
f 2063 2062 2064
f 2156 2157 2061
f 2155 2156 2060
f 2061 2060 2156
f 2159 2160 2059
f 2068 2211 2058
f 2293 2294 2057
f 2162 2057 2294
f 2067 2057 2162
f 63 85 83
f 80 85 83
f 80 63 83
f 63 85 84
f 80 85 84
f 80 63 84
f 2066 85 84
f 82 85 84
f 82 63 84
f 82 2066 84
f 83 85 84
f 83 63 84
f 83 80 84
f 63 85 274
f 80 85 274
f 80 63 274
f 81 85 274
f 81 63 274
f 82 85 274
f 82 63 274
f 82 81 274
f 83 85 274
f 83 63 274
f 83 80 274
f 84 85 274
f 84 63 274
f 84 80 274
f 84 82 274
f 84 83 274
f 82 2064 2056
f 2062 2056 2064
f 274 82 2056
f 2056 2062 2055
f 2153 2054 2157
f 2062 2063 2054
f 2061 2157 2054
f 2061 2054 2063
f 2055 2062 2054
f 2155 2053 2291
f 2150 2291 2053
f 2060 2053 2155
f 2290 2331 2052
f 2150 2052 2331
f 2059 2051 2159
f 2158 2159 2050
f 2154 2158 2050
f 2051 2050 2159
f 2210 2049 2211
f 2196 2049 2210
f 2058 2211 2049
f 78 2290 2048
f 79 78 2048
f 2052 2048 2290
f 287 2047 2161
f 79 2047 287
f 2160 2161 2046
f 2059 2160 2046
f 2047 2046 2161
f 2154 2045 2197
f 289 2044 2196
f 2049 2196 2043
f 2044 2043 2196
f 2292 2293 2042
f 2057 2042 2293
f 289 2197 96
f 2045 96 2197
f 2044 289 96
f 96 289 276
f 63 64 275
f 63 85 275
f 80 64 275
f 80 85 275
f 80 63 275
f 286 275 64
f 286 80 275
f 81 85 275
f 81 63 275
f 82 85 275
f 82 63 275
f 82 81 275
f 83 85 275
f 83 63 275
f 83 80 275
f 84 85 275
f 84 63 275
f 84 80 275
f 84 82 275
f 84 83 275
f 274 85 275
f 274 63 275
f 274 80 275
f 274 81 275
f 274 82 275
f 274 83 275
f 274 84 275
f 2056 2041 274
f 275 274 2041
f 2055 2040 2056
f 2041 2056 2040
f 2149 2039 2153
f 2054 2153 2039
f 2054 2039 2055
f 2040 2055 2039
f 2053 2038 2150
f 2052 2150 2038
f 2048 2052 2038
f 2048 2037 79
f 2047 79 2037
f 2286 2292 2036
f 2042 2036 2292
f 80 85 273
f 2147 70 273
f 71 273 70
f 275 273 85
f 275 80 273
f 2041 273 275
f 2146 2035 2149
f 2146 2147 2035
f 2040 2035 2041
f 2039 2149 2035
f 2039 2035 2040
f 273 2035 2147
f 273 2041 2035
f 273 71 2034
f 2284 2286 2033
f 2036 2033 2286
f 285 2032 71
f 2034 71 2032
f 2281 2284 2031
f 2033 2031 2284
f 284 2030 285
f 2032 285 2030
f 2280 2281 2029
f 2031 2029 2281
f 2145 2028 284
f 2030 284 2028
f 2279 2280 2027
f 2101 2279 2027
f 2029 2027 2280
f 283 2026 2145
f 2028 2145 2026
f 365 2025 283
f 2026 283 2025
f 2025 365 2024
f 2140 2023 365
f 2024 365 2023
f 2023 2140 2022
f 282 2021 2140
f 2022 2140 2021
f 2271 2360 86
f 282 2271 86
f 366 86 2360
f 366 2133 86
f 2021 282 86
f 86 366 2020
f 2132 2019 366
f 2020 366 2019
f 2263 2264 2018
f 2096 2018 2264
f 2131 2017 2132
f 2019 2132 2017
f 2262 2263 2016
f 2018 2016 2263
f 2017 2131 2015
f 2260 2262 2014
f 2016 2014 2262
f 88 2013 2131
f 2015 2131 2013
f 2130 87 88
f 2256 2260 2012
f 2014 2012 2260
f 2013 88 272
f 87 88 272
f 88 75 271
f 280 271 75
f 280 88 271
f 87 88 271
f 272 88 271
f 272 2127 271
f 272 87 271
f 272 2011 2127
f 272 87 2011
f 2128 2010 2130
f 87 2130 2010
f 2011 2010 2127
f 2011 87 2010
f 2250 2256 2009
f 2012 2009 2256
f 271 2127 91
f 271 91 89
f 2010 2008 2127
f 91 2127 2008
f 2008 2010 2007
f 2126 2006 2128
f 2010 2128 2006
f 2007 2010 2006
f 2122 2005 2123
f 2118 2004 2122
f 2005 2122 2004
f 2194 2003 2195
f 2180 2195 2003
f 2193 2002 2194
f 2003 2194 2002
f 2004 2118 2001
f 2115 2000 2116
f 2117 2180 1999
f 2003 1999 2180
f 2002 2193 1998
f 2244 2250 1997
f 2009 1997 2250
f 271 89 92
f 91 89 92
f 91 271 92
f 91 89 93
f 92 89 93
f 92 91 93
f 91 1996 89
f 2008 1996 91
f 2007 1996 2008
f 2006 1996 2007
f 1996 2006 1995
f 2121 1994 2126
f 2006 2126 1994
f 1995 2006 1994
f 2119 277 1993
f 278 1993 277
f 278 2123 1993
f 2005 1993 2123
f 2249 1992 2251
f 2118 2251 1992
f 2116 1992 2249
f 2001 2118 1992
f 2000 1992 2116
f 2000 2001 1992
f 2113 2117 1990
f 2113 1990 2114
f 1991 2114 1990
f 2208 1989 2209
f 2193 2209 1989
f 1998 2193 1989
f 92 89 90
f 93 89 90
f 93 92 90
f 93 89 367
f 1996 367 89
f 90 367 89
f 90 93 367
f 1995 1988 1996
f 367 1996 1988
f 1994 1987 1995
f 1988 1995 1987
f 2120 1986 2121
f 1994 2121 1986
f 2119 1985 2120
f 1993 1985 2119
f 1986 2120 1985
f 2114 1984 2115
f 2000 2115 1984
f 1991 1984 2114
f 1989 2208 1983
f 2244 1982 2245
f 2112 2245 1982
f 1997 1982 2244
f 1988 1980 367
f 1981 367 1980
f 1987 1979 1988
f 1980 1988 1979
f 1987 1994 1978
f 1986 1978 1994
f 1979 1987 1978
f 1979 1978 1980
f 1980 1977 1981
f 1978 1977 1980
f 2208 2241 1976
f 1983 2208 1976
f 2109 1975 2177
f 2109 2112 1975
f 2095 2177 1975
f 1982 1975 2112
f 2238 1974 2241
f 2236 1974 2238
f 1976 2241 1974
f 2190 1973 2235
f 2108 1973 2190
f 2231 2235 1972
f 1973 1972 2235
f 2230 1971 2236
f 1974 2236 1971
f 2329 2339 1970
f 2175 1970 2339
f 2229 1969 2230
f 1971 2230 1969
f 2228 1968 2229
f 1969 2229 1968
f 2227 2329 1967
f 1970 1967 2329
f 2228 2328 1966
f 2106 1966 2328
f 1968 2228 1966
f 2174 2227 1965
f 1967 1965 2227
f 2171 2172 1964
f 2107 1964 2172
f 2105 2171 1964
f 2094 2105 1964
f 2224 2226 1963
f 2226 2327 1962
f 2223 1962 2327
f 1963 2226 1962
f 2173 2174 1961
f 1965 1961 2174
f 2224 1960 2326
f 2104 2326 1960
f 1963 1960 2224
f 2107 2173 1959
f 1964 2107 1959
f 1961 1959 2173
f 2220 1958 2223
f 1962 2223 1958
f 2170 2205 1957
f 2094 1957 2205
f 1964 1957 2094
f 2219 1956 2220
f 1958 2220 1956
f 2170 1955 2204
f 2204 100 2217
f 1955 100 2204
f 1956 2219 1954
f 2218 1953 2219
f 1954 2219 1953
f 2217 270 2218
f 100 270 2217
f 1953 2218 270
f 269 100 270
f 269 1953 270
f 2089 1952 2188
f 2086 2188 1952
f 2081 2084 1951
f 2078 2081 1950
f 1951 1950 2081
f 2080 2086 1949
f 2080 1949 2084
f 1952 1949 2086
f 1951 2084 1949
f 2308 2309 1948
f 2203 1947 2310
f 2073 1947 2203
f 1947 1946 2310
f 2309 2310 1945
f 1948 2309 1945
f 1946 1945 2310
f 2307 2308 1944
f 2072 2307 1944
f 1948 1944 2308
f 2070 1943 2166
f 2102 2166 1942
f 1943 1942 2166
f 2063 2069 1939
f 1941 1939 2069
f 1940 1939 1941
f 2061 2063 1938
f 1939 1938 2063
f 2067 2102 1937
f 2057 2067 1937
f 1942 1937 2102
f 2065 1936 2069
f 1941 2069 1936
f 1940 1941 1936
f 82 1935 2065
f 84 1935 82
f 1936 2065 1935
f 1938 1934 2061
f 2060 2061 1933
f 2053 2060 1933
f 1934 1933 2061
f 2051 2059 94
f 2042 2057 1932
f 1937 1932 2057
f 2050 2051 1931
f 94 1931 2051
f 84 83 1930
f 1935 84 1930
f 1933 1929 2053
f 1933 1934 1929
f 2046 368 2059
f 94 2059 368
f 268 94 368
f 2050 1928 2154
f 2045 2154 1928
f 1931 1928 2050
f 1932 1927 2042
f 275 1926 83
f 273 1926 275
f 1930 83 1926
f 2038 2053 1925
f 1929 1925 2053
f 2036 2042 1924
f 1927 1924 2042
f 2034 1923 273
f 1926 273 1923
f 2038 1922 2048
f 1925 1922 2038
f 2032 1921 2034
f 1923 2034 1921
f 2033 2036 1920
f 1924 1920 2036
f 1921 2032 1919
f 1921 1919 1923
f 2031 2033 1918
f 1920 1918 2033
f 2030 1917 2032
f 1919 2032 1917
f 2029 2031 1916
f 1918 1916 2031
f 2028 1915 2030
f 1917 2030 1915
f 2027 2029 1914
f 1916 1914 2029
f 2026 1913 2028
f 2025 1913 2026
f 2024 1913 2025
f 1915 2028 1913
f 2027 1912 2101
f 1914 1912 2027
f 2100 2101 1911
f 1912 1911 2101
f 2023 267 2024
f 1913 2024 267
f 2142 2143 1910
f 2099 1910 2143
f 2099 2100 1909
f 1911 1909 2100
f 1910 2099 1909
f 2141 2142 1908
f 1910 1908 2142
f 2022 1907 2023
f 267 2023 1907
f 2139 2141 1906
f 1908 1906 2141
f 1907 2022 1905
f 1906 1904 2139
f 2138 2139 1903
f 1904 1903 2139
f 2021 1902 2022
f 1905 2022 1902
f 2136 2138 1901
f 1903 1901 2138
f 2135 2136 1900
f 1901 1900 2136
f 86 1899 2021
f 2020 1899 86
f 1902 2021 1899
f 2134 2135 1898
f 2098 2134 1898
f 1900 1898 2135
f 2097 2098 1897
f 1898 1897 2098
f 2096 2097 1896
f 1897 1896 2097
f 2018 2096 1895
f 1896 1895 2096
f 2019 1894 2020
f 2017 1894 2019
f 1899 2020 1894
f 2016 2018 1893
f 1895 1893 2018
f 2015 1892 2017
f 1894 2017 1892
f 2014 2016 1891
f 1893 1891 2016
f 2013 1890 2015
f 1892 2015 1890
f 2012 2014 1889
f 1891 1889 2014
f 272 1888 2013
f 1890 2013 1888
f 2009 2012 1887
f 1889 1887 2012
f 271 1886 272
f 1888 272 1886
f 91 1885 271
f 1886 271 1885
f 1886 1885 1888
f 2004 1884 2005
f 1997 2009 1883
f 1887 1883 2009
f 92 91 97
f 1885 91 97
f 1993 2005 1882
f 1999 1881 2117
f 1990 2117 1881
f 1984 1880 2000
f 1883 1879 1997
f 91 89 266
f 92 89 266
f 92 91 266
f 93 89 266
f 93 91 266
f 93 92 266
f 97 91 266
f 97 266 92
f 1882 1878 1993
f 1990 1876 1991
f 1881 1876 1990
f 367 1875 93
f 266 93 1875
f 1985 1993 1873
f 1985 1873 1986
f 1878 1873 1993
f 1874 1986 1873
f 1874 1873 1878
f 1877 1880 1872
f 1982 1997 1871
f 1879 1871 1997
f 1981 1870 367
f 1977 1870 1981
f 1875 367 1870
f 1870 1977 1869
f 1870 1869 1875
f 1977 1978 1868
f 1869 1977 1868
f 1978 1986 1867
f 1874 1867 1986
f 1868 1978 1867
f 1975 1866 2095
f 1975 1982 1866
f 1871 1866 1982
f 2095 265 2108
f 1866 265 2095
f 1973 2108 95
f 265 95 2108
f 2175 2234 1865
f 1970 2175 1865
f 1865 2234 1864
f 2233 1863 2234
f 1864 2234 1863
f 2231 1862 2232
f 1972 1862 2231
f 2232 1861 2233
f 1863 2233 1861
f 1862 1861 2232
f 1959 1860 1964
f 1957 1964 1860
f 1961 1965 1859
f 1959 1961 1858
f 1860 1959 1858
f 1859 1858 1961
f 1957 1857 2170
f 1955 2170 1857
f 1860 1857 1957
f 1949 1952 1856
f 1949 1856 1951
f 1912 1914 1855
f 1893 1895 1854
f 1899 106 1902
f 1942 1943 1851
f 1937 1942 1850
f 1851 1850 1942
f 1932 1937 1849
f 1850 1849 1937
f 268 94 1848
f 368 1848 94
f 368 268 1848
f 1927 1932 1847
f 1849 1847 1932
f 1924 1927 1846
f 1847 1846 1927
f 1920 1924 1845
f 1846 1845 1924
f 1918 1920 1844
f 1845 1844 1920
f 1916 1918 1843
f 1844 1843 1918
f 1914 1916 1842
f 1855 1914 1842
f 1843 1842 1916
f 1909 1841 1910
f 1908 1910 1841
f 1909 1911 1840
f 1841 1909 1840
f 1911 1912 1839
f 1855 1839 1912
f 1840 1911 1839
f 1906 1908 1838
f 1841 1838 1908
f 1900 1901 1837
f 1898 1900 1836
f 1897 1898 1836
f 1837 1836 1900
f 1896 1897 1835
f 1836 1835 1897
f 1895 1896 1834
f 1854 1895 1834
f 1835 1834 1896
f 1891 1893 1833
f 1854 1833 1893
f 1889 1891 1832
f 1833 1832 1891
f 1887 1889 1831
f 1832 1831 1889
f 1883 1887 1830
f 1831 1830 1887
f 1879 1883 1829
f 1830 1829 1883
f 1984 1991 1828
f 1880 1984 1828
f 1876 1828 1991
f 1872 1880 1828
f 1872 1828 1876
f 1871 1879 1827
f 1829 1827 1879
f 1866 1871 1826
f 1827 1826 1871
f 265 1866 98
f 95 265 98
f 1853 98 95
f 1826 98 1866
f 95 265 99
f 1853 95 99
f 98 99 265
f 98 95 99
f 98 1853 99
f 2092 2093 1825
f 2091 1824 2093
f 2088 1824 2091
f 1825 2093 1824
f 1825 1823 2092
f 2090 2092 1822
f 1823 1822 2092
f 2089 2090 1821
f 1822 1821 2090
f 1824 2088 1820
f 2087 1819 2088
f 2082 1819 2087
f 1820 2088 1819
f 2168 1818 2169
f 2085 2169 1817
f 1818 1817 2169
f 1952 2089 1816
f 1856 1952 1816
f 1821 1816 2089
f 2082 2083 1815
f 1819 2082 1815
f 1950 1951 1814
f 1856 1814 1951
f 2079 1813 2168
f 1818 2168 1813
f 2083 2085 1812
f 1817 1812 2085
f 1815 2083 1812
f 1814 1811 1950
f 2076 1810 2079
f 1813 2079 1810
f 2075 2078 1809
f 1950 1809 2078
f 1811 1809 1950
f 2074 1808 2077
f 2076 2077 1807
f 1810 2076 1807
f 1808 1807 2077
f 2073 2075 1806
f 1809 1806 2075
f 2071 1805 2074
f 1808 2074 1805
f 1947 2073 1804
f 1806 1804 2073
f 1851 1943 1802
f 1803 1802 1943
f 2068 1801 2071
f 1805 2071 1801
f 2070 2072 1800
f 1943 2070 1800
f 1803 1943 1800
f 1850 1851 1799
f 1802 1799 1851
f 2058 1798 2068
f 1801 2068 1798
f 1936 1797 1940
f 1935 1797 1936
f 1939 1940 1796
f 1797 1796 1940
f 2049 1795 2058
f 1798 2058 1795
f 2043 1794 2049
f 1795 2049 1794
f 1930 1793 1935
f 1797 1935 1793
f 1938 1939 1792
f 1934 1938 1792
f 1796 1792 1939
f 1929 1934 1791
f 1925 1929 1791
f 1792 1791 1934
f 268 1789 94
f 1790 1789 268
f 1789 1788 94
f 1931 94 1787
f 1788 1787 94
f 368 1786 268
f 1790 268 1786
f 1794 2043 1785
f 368 2046 1784
f 1786 368 1784
f 1928 1931 1783
f 1787 1783 1931
f 1928 1782 2045
f 1783 1782 1928
f 2043 2044 264
f 96 2045 264
f 96 264 2044
f 276 264 96
f 1782 264 2045
f 96 101 289
f 276 289 101
f 276 96 101
f 1785 2043 101
f 264 101 2043
f 264 96 101
f 264 276 101
f 1926 1781 1930
f 1793 1930 1781
f 1791 1792 1780
f 1791 1779 1925
f 1780 1779 1791
f 2037 1778 2047
f 2046 2047 1777
f 1784 2046 1777
f 1778 1777 2047
f 1779 1780 1776
f 1922 1925 1775
f 1779 1775 1925
f 1776 1775 1779
f 2037 2048 1774
f 1922 1774 2048
f 1778 2037 1774
f 1923 1773 1926
f 1919 1773 1923
f 1781 1926 1773
f 1775 1772 1922
f 1774 1922 1772
f 1775 1776 1771
f 1772 1775 1771
f 1768 1769 1767
f 1917 1766 1919
f 1770 1919 1766
f 1769 1770 1766
f 1767 1769 1766
f 1766 1917 1765
f 1766 1765 1767
f 1915 1764 1917
f 1765 1917 1764
f 1913 263 1915
f 1764 1915 263
f 267 102 1913
f 1852 267 102
f 263 1913 102
f 1907 369 267
f 1905 369 1907
f 1852 369 267
f 102 267 369
f 102 369 1852
f 1838 1763 1906
f 369 1905 1762
f 1904 1906 1761
f 1903 1904 1761
f 1763 1761 1906
f 1761 1760 1903
f 1902 1759 1905
f 106 1759 1902
f 1762 1905 1759
f 1901 1903 1758
f 1837 1901 1758
f 1760 1758 1903
f 1894 103 1899
f 106 1899 103
f 1892 104 1894
f 103 1894 104
f 103 106 104
f 104 1892 1757
f 1890 1756 1892
f 1757 1892 1756
f 1756 1890 1755
f 1755 1754 1756
f 1888 1753 1890
f 1755 1890 1753
f 1754 1755 1753
f 1753 1752 1754
f 1752 1751 1754
f 1885 1749 1888
f 97 1749 1885
f 1751 1752 1748
f 1750 1751 1748
f 1884 1747 2005
f 1882 2005 1747
f 1748 1746 1750
f 1747 1884 1746
f 1747 1746 1748
f 1749 97 1745
f 1747 1743 1882
f 1747 1748 1743
f 1744 1743 1748
f 2001 1742 2004
f 1884 2004 1742
f 1746 1884 1742
f 1742 2001 1741
f 2000 1740 2001
f 1741 2001 1740
f 1880 1739 2000
f 1740 2000 1739
f 2002 1738 2003
f 1999 2003 1738
f 1876 1881 1737
f 1881 1999 1736
f 1738 1736 1999
f 1737 1881 1736
f 1998 1735 2002
f 1738 2002 1735
f 1877 1734 1880
f 1739 1880 1734
f 1735 1998 1733
f 266 1732 97
f 1875 1732 266
f 1745 97 1732
f 1867 1874 1731
f 1878 1882 1730
f 1874 1878 1730
f 1743 1730 1882
f 1743 1744 1730
f 1731 1874 1730
f 1731 1730 1744
f 1734 1877 1729
f 1872 1728 1877
f 1729 1877 1728
f 1728 1872 1727
f 1872 1876 1726
f 1737 1726 1876
f 1727 1872 1726
f 1989 1725 1998
f 1733 1998 1725
f 1869 1724 1875
f 1868 1724 1869
f 1732 1875 1724
f 1867 1723 1868
f 1731 1723 1867
f 1724 1868 1723
f 1983 1722 1989
f 1725 1989 1722
f 1976 1721 1983
f 1722 1983 1721
f 98 95 262
f 99 95 262
f 99 262 98
f 1974 1720 1976
f 1721 1976 1720
f 1972 1973 1719
f 95 1719 1973
f 1719 95 1718
f 262 1717 95
f 1718 95 1717
f 1971 1716 1974
f 1720 1974 1716
f 1865 1715 1970
f 1969 1714 1971
f 1716 1971 1714
f 1968 1713 1969
f 1714 1969 1713
f 1967 1970 1712
f 1715 1712 1970
f 1966 1711 1968
f 1713 1968 1711
f 1965 1967 1710
f 1859 1965 1710
f 1712 1710 1967
f 1966 2106 1709
f 1711 1966 1709
f 1960 1963 1708
f 1710 1707 1859
f 1962 1706 1963
f 1708 1963 1706
f 1858 1859 1705
f 1707 1705 1859
f 2104 1704 2106
f 1709 2106 1704
f 1960 1703 2104
f 1708 1703 1960
f 1704 2104 1703
f 1858 1702 1860
f 1705 1702 1858
f 1857 1701 1955
f 1857 1860 1701
f 1702 1701 1860
f 1958 1700 1962
f 1956 1700 1958
f 1706 1962 1700
f 1700 1956 1699
f 100 1955 1698
f 1701 1698 1955
f 1954 1697 1956
f 1953 1697 1954
f 1699 1956 1697
f 270 100 1696
f 1698 1696 100
f 269 1695 1953
f 1697 1953 1695
f 270 1694 269
f 1696 1694 270
f 1695 269 1694
f 1944 1693 2072
f 1800 2072 1693
f 1799 1692 1850
f 1773 1919 1691
f 1770 1691 1919
f 1769 1691 1770
f 1771 1776 1690
f 1768 1771 1690
f 1768 1690 1769
f 1691 1769 1690
f 1753 1888 1689
f 1752 1753 1689
f 1749 1689 1888
f 1748 1752 1688
f 1744 1748 1688
f 1689 1688 1752
f 262 98 1687
f 1862 1972 1686
f 1719 1686 1972
f 1946 1947 1685
f 1804 1685 1947
f 1864 1684 1865
f 1715 1865 1684
f 1793 1683 1797
f 1781 1683 1793
f 1796 1797 1682
f 1792 1796 1682
f 1683 1682 1797
f 1683 1781 1681
f 1780 1792 1680
f 1682 1680 1792
f 1682 1683 1680
f 1681 1680 1683
f 1773 1679 1781
f 1691 1679 1773
f 1690 1679 1691
f 1681 1781 1679
f 1776 1780 1678
f 1690 1776 1678
f 1680 1678 1780
f 1680 1681 1678
f 1679 1690 1678
f 1679 1678 1681
f 1745 1676 1749
f 1689 1749 1676
f 1688 1689 1676
f 1732 1675 1745
f 1676 1745 1675
f 1731 1744 1674
f 1688 1674 1744
f 1676 1674 1688
f 1675 1674 1676
f 1724 1673 1732
f 1675 1732 1673
f 1723 1731 1672
f 1723 1672 1724
f 1674 1672 1731
f 1674 1675 1672
f 1673 1724 1672
f 1673 1672 1675
f 1811 1814 1671
f 1809 1811 1670
f 1671 1670 1811
f 1816 1669 1856
f 1814 1856 1669
f 261 1669 1816
f 1671 1814 1669
f 1944 1948 1668
f 1693 1944 1667
f 1668 1667 1944
f 1802 1803 1666
f 1799 1802 1665
f 1692 1799 1665
f 1666 1665 1802
f 1665 1664 1692
f 1849 1850 1663
f 1692 1663 1850
f 1664 1663 1692
f 1847 1849 1662
f 1663 1662 1849
f 1846 1847 1661
f 1662 1661 1847
f 1845 1846 1660
f 1844 1845 1660
f 1661 1660 1846
f 1660 1659 1844
f 1764 1658 1765
f 1843 1844 1657
f 1659 1657 1844
f 263 1656 1764
f 1658 1764 1656
f 1842 1843 1655
f 1657 1655 1843
f 102 263 260
f 1656 263 260
f 1842 1654 1855
f 1655 1654 1842
f 1839 1855 1653
f 1839 1653 1840
f 1654 1653 1855
f 1838 1841 1652
f 1840 1651 1841
f 1653 1651 1840
f 1652 1841 1651
f 1763 1838 1650
f 1652 1650 1838
f 369 1649 102
f 1650 1648 1763
f 1762 1647 369
f 1759 1647 1762
f 1677 1647 1759
f 1649 369 1647
f 1761 1763 1646
f 1760 1761 1646
f 1648 1646 1763
f 1646 1645 1760
f 1758 1644 1837
f 1758 1760 1644
f 1645 1644 1760
f 1836 1837 1643
f 1835 1836 1642
f 1643 1642 1836
f 1834 1641 1854
f 1834 1835 1641
f 1642 1641 1835
f 1833 1854 1640
f 1641 1640 1854
f 103 106 105
f 104 106 105
f 104 103 105
f 1832 1833 1639
f 1640 1639 1833
f 1757 109 104
f 105 104 109
f 1756 1638 1757
f 109 1757 1638
f 1831 1832 1637
f 1830 1831 1636
f 1637 1636 1831
f 1829 1830 1635
f 1827 1829 1635
f 1636 1635 1830
f 1826 1827 1634
f 1635 1634 1827
f 98 1826 1633
f 1687 98 1633
f 1634 1633 1826
f 1633 1632 1687
f 1717 262 1631
f 1687 1631 262
f 1632 1631 1687
f 1717 1630 1718
f 1631 1630 1717
f 1861 116 1863
f 1861 1862 1629
f 1686 1629 1862
f 116 1861 1629
f 1705 1707 1627
f 1628 1627 1707
f 1702 1705 1626
f 1701 1702 1626
f 1627 1626 1705
f 1698 1701 1625
f 1626 1625 1701
f 1823 1825 1624
f 1624 1623 1823
f 1824 1622 1825
f 1624 1825 1622
f 1822 1823 1621
f 1821 1822 1621
f 1623 1621 1823
f 1820 1620 1824
f 1622 1824 1620
f 1816 1821 112
f 261 1816 112
f 1621 112 1821
f 1819 1619 1820
f 1815 1619 1819
f 1620 1820 1619
f 1813 1618 1818
f 1817 1818 1617
f 1618 1617 1818
f 1812 1616 1815
f 1619 1815 1616
f 1810 1615 1813
f 1618 1813 1615
f 1812 1817 1614
f 1617 1614 1817
f 1616 1812 1614
f 1807 1613 1810
f 1615 1810 1613
f 1806 1809 1612
f 1670 1612 1809
f 1805 1611 1808
f 1807 1808 1610
f 1613 1807 1610
f 1611 1610 1808
f 1804 1806 1609
f 1612 1609 1806
f 1685 1804 1608
f 1609 1608 1804
f 1801 1607 1805
f 1611 1805 1607
f 1945 1606 1948
f 1668 1948 1606
f 1685 1605 1946
f 1945 1946 1604
f 1606 1945 1604
f 1605 1604 1946
f 1800 1603 1803
f 1666 1803 1603
f 1798 1602 1801
f 1607 1801 1602
f 1693 1601 1800
f 1603 1800 1601
f 1665 1666 1600
f 1664 1665 1600
f 1603 1600 1666
f 1601 1600 1603
f 1600 1601 1599
f 1663 1664 1598
f 1600 1598 1664
f 1795 1597 1798
f 1602 1798 1597
f 1794 1596 1795
f 1597 1795 1596
f 1662 1663 1595
f 1598 1595 1663
f 1785 1594 1794
f 1596 1794 1594
f 1789 1790 1593
f 1788 1789 1592
f 1593 1592 1789
f 1592 1591 1788
f 1787 1788 1590
f 1783 1787 1590
f 1591 1590 1788
f 1594 1785 1589
f 1661 1662 1588
f 1595 1588 1662
f 1786 1587 1790
f 1593 1790 1587
f 101 1586 1785
f 1589 1785 1586
f 1777 1585 1784
f 1784 1584 1786
f 1587 1786 1584
f 1585 1584 1784
f 1782 1783 1583
f 1590 1583 1783
f 264 1782 1582
f 101 264 1582
f 1586 101 1582
f 1583 1582 1782
f 1777 1778 1581
f 1585 1777 1581
f 1660 1661 1580
f 1588 1580 1661
f 1774 1579 1778
f 1579 1581 1778
f 1772 1578 1774
f 1579 1774 1578
f 1771 1577 1772
f 1578 1772 1577
f 1768 1576 1771
f 1577 1771 1576
f 1659 1660 1575
f 1580 1575 1660
f 1767 1574 1768
f 1576 1768 1574
f 1765 1573 1767
f 1658 1573 1765
f 1574 1767 1573
f 1575 1572 1659
f 1657 1659 1571
f 1572 1571 1659
f 260 1570 1656
f 260 102 1569
f 102 110 263
f 260 263 110
f 260 102 110
f 1649 110 102
f 1569 102 110
f 1569 110 260
f 110 1649 1568
f 1647 255 1649
f 1568 1649 255
f 255 1647 1567
f 1647 1677 259
f 1567 1647 259
f 1759 106 107
f 103 106 107
f 104 106 107
f 104 103 107
f 1677 1759 107
f 105 106 107
f 105 103 107
f 105 104 107
f 259 1677 107
f 1644 1566 1837
f 1643 1837 1566
f 104 103 111
f 105 103 111
f 105 104 111
f 107 103 111
f 107 104 111
f 107 105 111
f 103 106 108
f 104 106 108
f 104 103 108
f 105 106 108
f 105 103 108
f 105 104 108
f 109 108 104
f 109 105 108
f 107 106 108
f 107 103 108
f 107 104 108
f 107 105 108
f 111 105 1565
f 109 256 105
f 111 105 256
f 1565 105 256
f 1565 256 111
f 1639 1564 1832
f 1637 1832 1564
f 1564 1563 1637
f 1563 1562 1637
f 1754 1561 1756
f 1751 1561 1754
f 1638 1756 1561
f 1750 1560 1751
f 1561 1751 1560
f 1636 1637 1559
f 1562 1559 1637
f 1746 1558 1750
f 1560 1750 1558
f 1742 1557 1746
f 1558 1746 1557
f 1741 1556 1742
f 1557 1742 1556
f 1740 1555 1741
f 1556 1741 1555
f 1635 1636 1554
f 1559 1554 1636
f 1739 1553 1740
f 1555 1740 1553
f 1553 1739 1552
f 1736 1551 1737
f 1726 1737 1551
f 1736 1738 1550
f 1551 1736 1550
f 1734 1549 1739
f 1552 1739 1549
f 1735 1548 1738
f 1733 1548 1735
f 1550 1738 1548
f 1548 1733 1547
f 1729 1546 1734
f 1549 1734 1546
f 1728 1545 1729
f 1546 1729 1545
f 1727 1544 1728
f 1545 1728 1544
f 1726 1543 1727
f 1551 1543 1726
f 1544 1727 1543
f 1634 1635 1542
f 1554 1542 1635
f 1725 1541 1733
f 1547 1733 1541
f 1722 1540 1725
f 1541 1725 1540
f 1633 1634 1539
f 1542 1539 1634
f 1721 1538 1722
f 1540 1722 1538
f 1632 1633 1537
f 1631 1632 1537
f 1539 1537 1633
f 1686 1719 1535
f 1630 1631 1534
f 1537 1534 1631
f 1535 1534 1536
f 1720 1533 1721
f 1716 1533 1720
f 1538 1721 1533
f 1718 1532 1719
f 1630 1532 1718
f 1535 1719 1532
f 1534 1532 1630
f 1534 1535 1532
f 1684 1864 1531
f 1863 1530 1864
f 1531 1864 1530
f 116 1529 1863
f 1530 1863 1529
f 1533 1716 1528
f 1684 1527 1715
f 1714 1526 1716
f 1528 1716 1526
f 1713 1525 1714
f 1526 1714 1525
f 1712 1715 1524
f 1527 1524 1715
f 1711 1523 1713
f 1525 1713 1523
f 1710 1712 1522
f 1707 1710 1522
f 1628 1707 1522
f 1524 1522 1712
f 1709 1521 1711
f 1523 1711 1521
f 1703 1708 1520
f 1704 1519 1709
f 1521 1709 1519
f 1703 1518 1704
f 1520 1518 1703
f 1519 1704 1518
f 1706 1517 1708
f 1520 1708 1517
f 1700 1516 1706
f 1699 1516 1700
f 1517 1706 1516
f 1696 1698 1515
f 1625 1515 1698
f 1516 1699 1514
f 1694 1696 1513
f 1515 1513 1696
f 1697 1512 1699
f 1695 1512 1697
f 1514 1699 1512
f 1694 1511 1695
f 1512 1695 1511
f 1513 1510 1694
f 1511 1694 1510
f 112 261 258
f 1670 1671 1509
f 1669 261 1508
f 1669 1508 1671
f 258 1508 261
f 1509 1671 1508
f 1667 1507 1693
f 1601 1693 1507
f 1599 1506 1600
f 1598 1600 1506
f 1595 1598 1506
f 1575 1580 1505
f 1572 1575 1504
f 1505 1504 1575
f 1571 1572 1503
f 1504 1503 1572
f 1655 1657 1502
f 1571 1502 1657
f 1654 1655 1501
f 1502 1501 1655
f 1653 1654 1500
f 1651 1653 1500
f 1501 1500 1654
f 1641 1642 1499
f 1640 1641 1499
f 1639 1640 1498
f 1499 1498 1640
f 1564 1639 1497
f 1563 1564 1497
f 1498 1497 1639
f 1562 1563 1496
f 1559 1562 1495
f 1496 1495 1562
f 1554 1559 1494
f 1495 1494 1559
f 1537 1539 1493
f 1534 1537 1493
f 1534 1493 1536
f 1629 1686 1492
f 1535 1492 1686
f 1626 1627 1491
f 1625 1626 1491
f 1627 1628 1490
f 1491 1627 1490
f 1515 1625 1489
f 1491 1489 1625
f 1503 1488 1571
f 1502 1571 1488
f 1656 1487 1658
f 1570 1487 1656
f 1651 1486 1652
f 1500 1486 1651
f 1650 1652 1485
f 1486 1485 1652
f 1485 1484 1650
f 1648 1650 1483
f 1484 1483 1650
f 1483 1482 1648
f 1646 1648 1481
f 1645 1646 1481
f 1482 1481 1648
f 1644 1645 1480
f 1481 1480 1645
f 1566 1644 1479
f 1480 1479 1644
f 1479 1478 1566
f 1566 1477 1643
f 1478 1477 1566
f 1642 1643 1476
f 1499 1642 1476
f 1477 1476 1643
f 1638 1475 109
f 256 109 1475
f 1497 1474 1563
f 1496 1563 1474
f 1522 1473 1628
f 1490 1628 1473
f 1612 1670 1472
f 1509 1472 1670
f 1608 1471 1685
f 1605 1685 1471
f 1667 1668 1470
f 1507 1667 1470
f 1588 1595 1469
f 1506 1469 1595
f 1592 1593 1468
f 1580 1588 1467
f 1505 1580 1467
f 1469 1467 1588
f 1503 1504 1466
f 1573 1658 1465
f 1487 1465 1658
f 1488 1503 1464
f 1466 1464 1503
f 1570 260 1463
f 110 1463 260
f 1463 110 1462
f 255 1568 249
f 107 259 113
f 111 105 257
f 256 257 105
f 256 111 257
f 1461 111 257
f 1474 1460 1496
f 1561 1459 1638
f 1475 1638 1459
f 1495 1496 1457
f 1460 1457 1496
f 1542 1554 1456
f 1494 1456 1554
f 1539 1542 1455
f 1493 1539 1455
f 1456 1455 1542
f 1535 1536 370
f 1492 1535 370
f 1629 1454 116
f 1492 1454 1629
f 1531 1453 1684
f 1527 1684 1453
f 112 1452 261
f 112 1621 1452
f 258 261 1451
f 1472 1509 1450
f 1508 258 1449
f 1508 1449 1509
f 1451 1449 258
f 1450 1509 1449
f 1470 1668 1448
f 1507 1447 1601
f 1599 1601 1446
f 1447 1446 1601
f 1506 1599 1445
f 1469 1506 1445
f 1446 1445 1599
f 1504 1505 1444
f 1466 1504 1444
f 1488 1443 1502
f 1474 1497 1442
f 1494 1495 1441
f 1457 1441 1495
f 1493 1440 1536
f 1455 1440 1493
f 370 1536 114
f 1440 114 1536
f 114 370 1439
f 1454 1438 116
f 115 116 1438
f 1473 1522 1437
f 1473 1436 1490
f 1490 1435 1491
f 1489 1491 1435
f 1436 1435 1490
f 1435 1434 1489
f 1513 1515 1433
f 1489 1433 1515
f 1582 1583 1432
f 1582 1431 1586
f 1432 1431 1582
f 1487 1570 1430
f 1463 1430 1570
f 1568 1429 110
f 1462 110 1429
f 249 1429 1568
f 249 1462 1429
f 255 250 1568
f 1567 250 255
f 249 1568 250
f 249 255 250
f 259 1428 1567
f 250 1567 1428
f 107 259 252
f 113 259 252
f 113 107 252
f 1428 259 252
f 111 1427 107
f 113 107 1427
f 1461 1427 111
f 1461 113 1427
f 1475 1426 256
f 257 256 1426
f 1543 1551 1425
f 1550 1424 1551
f 1425 1551 1424
f 1472 1423 1612
f 1450 1423 1472
f 1448 1668 1422
f 1467 1469 1421
f 1445 1421 1469
f 1467 1420 1505
f 1444 1505 1420
f 1421 1420 1467
f 1464 1418 1488
f 1443 1488 1418
f 1419 1418 1464
f 1501 1502 1417
f 1443 1417 1502
f 1500 1501 1416
f 1486 1500 1416
f 1417 1416 1501
f 1498 1499 1415
f 1476 1415 1499
f 1497 1498 1414
f 1442 1497 1414
f 1415 1414 1498
f 1460 1474 1413
f 1442 1413 1474
f 1413 1412 1460
f 1456 1494 1411
f 1441 1411 1494
f 1455 1456 1410
f 1440 1455 1410
f 1411 1410 1456
f 115 116 254
f 1437 1409 1473
f 1436 1473 1409
f 1623 1624 1408
f 1621 1623 1407
f 1408 1407 1623
f 1622 1406 1624
f 1408 1624 1406
f 1452 1621 246
f 1407 246 1621
f 1620 1405 1622
f 1406 1622 1405
f 1619 1404 1620
f 1616 1404 1619
f 1405 1620 1404
f 1614 1403 1616
f 1404 1616 1403
f 1449 1451 1402
f 1614 1617 1401
f 1403 1614 1401
f 1470 1400 1507
f 1447 1507 1400
f 1445 1446 1399
f 1421 1445 1399
f 1431 1398 1586
f 1464 1466 1397
f 1419 1464 1397
f 1485 1486 1396
f 1416 1396 1486
f 1484 1485 1395
f 1396 1395 1485
f 1477 1478 1394
f 1476 1477 1393
f 1415 1476 1393
f 1394 1393 1477
f 1457 1460 1392
f 1412 1392 1460
f 1548 1391 1550
f 1424 1550 1391
f 114 1440 1390
f 1410 1390 1440
f 370 1389 1492
f 1454 1492 1389
f 1518 1520 1388
f 1517 1387 1520
f 1388 1520 1387
f 1434 1435 1386
f 1516 1385 1517
f 1514 1385 1516
f 1387 1517 1385
f 1512 1384 1514
f 1385 1514 1384
f 1511 1383 1512
f 1384 1512 1383
f 1510 1382 1511
f 1383 1511 1382
f 1382 1510 1381
f 1510 1513 1380
f 1433 1380 1513
f 1381 1510 1380
f 1452 244 261
f 1451 261 244
f 246 244 1452
f 1617 1618 1379
f 1401 1617 1379
f 1613 1378 1615
f 1402 1377 1449
f 1610 1376 1613
f 1378 1613 1376
f 1423 1450 1375
f 1449 1374 1450
f 1375 1450 1374
f 1377 1373 1449
f 1374 1449 1373
f 1609 1612 1372
f 1423 1372 1612
f 1375 1372 1423
f 1610 1611 1371
f 1376 1610 1371
f 1608 1609 1370
f 1372 1370 1609
f 1607 1369 1611
f 1371 1611 1369
f 1471 1608 1368
f 1370 1368 1608
f 1602 1367 1607
f 1369 1607 1367
f 1604 1366 1606
f 1606 1365 1668
f 1366 1365 1606
f 1422 1668 1364
f 1365 1364 1668
f 1422 1363 1448
f 1471 1362 1605
f 1604 1605 1361
f 1366 1604 1361
f 1362 1361 1605
f 1597 1360 1602
f 1367 1602 1360
f 1400 1359 1447
f 1446 1447 1358
f 1399 1446 1358
f 1359 1358 1447
f 1596 1357 1597
f 1360 1597 1357
f 1589 1356 1594
f 1594 1355 1596
f 1357 1596 1355
f 1356 1355 1594
f 1586 1354 1589
f 1398 1354 1586
f 1356 1589 1354
f 1468 1593 1353
f 1590 1591 1352
f 1583 1590 1352
f 1432 1583 1352
f 1587 1351 1593
f 1353 1593 1351
f 1468 1350 1592
f 1353 1350 1468
f 1591 1592 1349
f 1352 1591 1349
f 1350 1349 1592
f 1584 1585 1348
f 1581 1348 1585
f 1584 1347 1587
f 1351 1587 1347
f 1348 1347 1584
f 1581 1579 1346
f 1346 1348 1581
f 1577 1345 1578
f 1578 1344 1579
f 1346 1579 1344
f 1345 1344 1578
f 1444 1343 1466
f 1397 1466 1343
f 1576 1342 1577
f 1345 1577 1342
f 1573 1341 1574
f 1465 1341 1573
f 1574 1340 1576
f 1342 1576 1340
f 1341 1340 1574
f 1397 1339 1419
f 1339 1337 1419
f 1418 1419 1336
f 1337 1336 1419
f 1418 1335 1443
f 1417 1443 1335
f 1336 1335 1418
f 1462 1334 1463
f 1430 1463 1334
f 1334 1462 1333
f 1395 1332 1484
f 1483 1484 1330
f 1332 1330 1484
f 1482 1483 1329
f 1330 1329 1483
f 249 247 255
f 250 255 247
f 250 249 247
f 1331 249 247
f 1329 1328 1482
f 252 1327 1428
f 1481 1482 1326
f 1480 1481 1326
f 1328 1326 1482
f 1326 1325 1480
f 113 253 259
f 252 259 253
f 252 113 253
f 1327 252 253
f 1479 1480 1324
f 1325 1324 1480
f 1461 1323 113
f 1478 1479 1322
f 1324 1322 1479
f 1394 1478 1321
f 1322 1321 1478
f 1323 1461 1320
f 257 1319 1461
f 1426 1319 257
f 1320 1461 1319
f 1458 1318 1459
f 1414 1317 1442
f 1413 1442 1317
f 1412 1413 1316
f 1317 1316 1413
f 1316 1315 1412
f 1392 1412 1313
f 1315 1313 1412
f 1560 1312 1561
f 1459 1561 1312
f 1458 1459 1312
f 1314 1458 1312
f 1558 1311 1560
f 1312 1560 1311
f 1312 1311 1314
f 1557 1310 1558
f 1311 1558 1310
f 1556 1309 1557
f 1310 1557 1309
f 1555 1308 1556
f 1309 1556 1308
f 1441 1457 1307
f 1392 1307 1457
f 1553 1306 1555
f 1308 1555 1306
f 1552 1305 1553
f 1306 1553 1305
f 1305 1552 1304
f 1549 1303 1552
f 1304 1552 1303
f 1546 1302 1549
f 1303 1549 1302
f 1545 1301 1546
f 1302 1546 1301
f 1544 1300 1545
f 1301 1545 1300
f 1543 1299 1544
f 1425 1299 1543
f 1300 1544 1299
f 1547 1298 1548
f 1391 1548 1298
f 1541 1297 1547
f 1298 1547 1297
f 1540 1296 1541
f 1297 1541 1296
f 1538 1295 1540
f 1296 1540 1295
f 114 1294 370
f 1390 1294 114
f 1389 370 1293
f 1294 1293 370
f 1533 1292 1538
f 1295 1538 1292
f 1453 1531 1291
f 1530 1290 1531
f 1291 1531 1290
f 1529 1289 1530
f 1290 1530 1289
f 1529 116 251
f 115 116 251
f 254 116 251
f 254 115 251
f 1289 1529 251
f 1528 1288 1533
f 1292 1533 1288
f 1526 1287 1528
f 1288 1528 1287
f 1453 1286 1527
f 1525 1285 1526
f 1523 1285 1525
f 1287 1526 1285
f 1524 1527 1284
f 1286 1284 1527
f 1522 1524 1283
f 1437 1522 1283
f 1284 1283 1524
f 1521 1282 1523
f 1285 1523 1282
f 1409 1437 1281
f 1283 1281 1437
f 1409 1280 1436
f 1435 1436 1279
f 1280 1279 1436
f 1279 1278 1435
f 1386 1435 1277
f 1278 1277 1435
f 1519 1276 1521
f 1518 1275 1519
f 1388 1275 1518
f 1276 1519 1275
f 1434 1274 1489
f 1433 1489 1274
f 1380 1433 1274
f 1615 1273 1618
f 1379 1618 1273
f 1448 1271 1470
f 1400 1470 1271
f 1272 1271 1448
f 1359 1400 1270
f 1271 1270 1400
f 1420 1421 1269
f 1399 1269 1421
f 1420 1268 1444
f 1343 1444 1268
f 1269 1268 1420
f 1351 1267 1353
f 1337 1339 371
f 1465 1487 236
f 237 1465 236
f 1430 236 1487
f 1459 1266 1475
f 1426 1475 1266
f 1318 1266 1459
f 1313 1315 1265
f 1302 1264 1303
f 1411 1441 1263
f 1307 1263 1441
f 1410 1411 1262
f 1390 1410 1262
f 1263 1262 1411
f 1293 1261 1389
f 1438 1454 1260
f 1389 1260 1454
f 1261 1260 1389
f 244 1259 246
f 1402 1451 1258
f 244 1258 1451
f 1374 1257 1375
f 1362 1471 1256
f 1343 1255 1397
f 1339 1397 1255
f 371 117 1337
f 1336 1337 1254
f 117 1254 1337
f 1414 1415 1253
f 1393 1253 1415
f 1315 1316 1252
f 1265 1315 1251
f 1252 1251 1315
f 1313 1250 1392
f 1307 1392 1250
f 1291 1249 1453
f 1281 1248 1409
f 1280 1409 1248
f 1386 1247 1434
f 1274 1434 1247
f 1380 1246 1381
f 1274 1246 1380
f 1247 1246 1274
f 250 248 249
f 1428 248 250
f 247 249 248
f 247 250 248
f 1327 248 1428
f 1327 247 248
f 244 246 245
f 1259 245 246
f 1259 244 245
f 1258 244 245
f 1378 1245 1615
f 1273 1615 1245
f 1376 1244 1378
f 1245 1378 1244
f 1379 1243 1401
f 1372 1375 1242
f 1370 1372 1242
f 1257 1242 1375
f 1368 1241 1471
f 1256 1471 1241
f 1363 1240 1448
f 1272 1448 1239
f 1240 1239 1448
f 1358 1359 1238
f 1358 1237 1399
f 1269 1399 1237
f 1238 1237 1358
f 1355 1356 1236
f 1347 1235 1351
f 1267 1351 1235
f 1268 1234 1343
f 1255 1343 1234
f 1347 1348 1233
f 1398 1431 1232
f 1344 1345 1231
f 1348 1346 1230
f 1344 1230 1346
f 1233 1348 1230
f 1231 1230 1344
f 1235 1347 1229
f 1233 1229 1347
f 1230 1229 1233
f 1431 1432 1228
f 1232 1431 1227
f 1228 1227 1431
f 237 1226 1465
f 1341 1465 1226
f 1340 1341 1225
f 1338 1225 237
f 1338 1340 1225
f 1226 237 1225
f 1226 1225 1341
f 1340 1224 1342
f 1338 1224 1340
f 371 1339 1223
f 1255 1223 1339
f 1224 1338 1222
f 1338 237 1221
f 1222 1338 1221
f 1335 1336 1220
f 1254 1220 1336
f 1254 117 1220
f 1335 1219 1417
f 1334 1218 1430
f 236 1430 1218
f 1416 1417 1217
f 1396 1416 1217
f 1219 1217 1417
f 1332 1395 1216
f 1395 1396 1215
f 1217 1215 1396
f 1216 1395 1215
f 1333 1214 1334
f 1218 1334 1214
f 249 124 1462
f 1333 1462 124
f 1331 124 249
f 1328 1329 1213
f 247 1212 1331
f 124 1331 1212
f 1213 1211 1328
f 1327 1210 247
f 253 1210 1327
f 1212 247 1210
f 1212 1210 253
f 1326 1328 1209
f 1325 1326 1209
f 1211 1209 1328
f 1209 1208 1325
f 253 113 1207
f 1323 1207 113
f 1324 1325 1206
f 1208 1206 1325
f 1319 1205 1320
f 1321 1204 1394
f 1393 1394 1203
f 1253 1393 1203
f 1204 1203 1394
f 1319 1426 1202
f 1266 1202 1426
f 1205 1319 1202
f 1317 1414 1201
f 1253 1201 1414
f 1266 1318 1200
f 1318 1458 1199
f 1314 1199 1458
f 1316 1317 1198
f 1252 1316 1198
f 1251 1252 1198
f 1311 1196 1314
f 1310 1196 1311
f 1197 1314 1196
f 1265 1195 1313
f 1250 1313 1195
f 1309 1194 1310
f 1196 1310 1194
f 1308 1193 1309
f 1194 1309 1193
f 1306 1192 1308
f 1305 1192 1306
f 1193 1308 1192
f 1304 1191 1305
f 1192 1305 1191
f 1424 1190 1425
f 1299 1425 1190
f 1391 1189 1424
f 1190 1424 1189
f 1189 1391 1188
f 1263 1307 243
f 1250 243 1307
f 1303 1187 1304
f 1264 1187 1303
f 1191 1304 1187
f 1296 1186 1297
f 1294 1390 1185
f 1262 1185 1390
f 1293 1294 1184
f 1185 1184 1294
f 1438 1183 115
f 1260 1183 1438
f 1286 1453 1182
f 1249 1182 1453
f 1283 1284 1181
f 1281 1283 1181
f 1248 1281 1181
f 1282 1521 1180
f 1276 1180 1521
f 1275 1388 1179
f 1275 1178 1276
f 1180 1276 1178
f 246 1407 1177
f 245 246 1177
f 1406 1176 1408
f 1407 1408 1175
f 1177 1407 1175
f 1176 1175 1408
f 1377 1402 1174
f 1258 1174 1402
f 1373 1173 1374
f 1257 1374 1173
f 1368 1370 1172
f 1242 1172 1370
f 1363 1422 1171
f 1270 1170 1359
f 1238 1359 1170
f 1268 1269 1169
f 1237 1169 1269
f 1234 1268 1169
f 1234 1168 1255
f 1223 1255 1168
f 1169 1168 1234
f 117 371 118
f 1223 118 371
f 117 372 371
f 1220 117 372
f 118 371 372
f 118 372 117
f 1220 1167 1335
f 1219 1335 1167
f 372 1167 1220
f 1216 1166 1332
f 1204 1321 1165
f 1201 1164 1317
f 1198 1317 1164
f 1251 1163 1265
f 1198 1163 1251
f 1164 1163 1198
f 1195 1265 1162
f 1163 1162 1265
f 1195 242 1250
f 243 1250 242
f 1262 1263 1161
f 243 1161 1263
f 1185 1262 1161
f 242 1161 243
f 1261 1293 1160
f 1184 1160 1293
f 1284 1286 1159
f 1181 1284 1159
f 1279 1280 1158
f 1278 1279 1158
f 1248 1158 1280
f 1277 1157 1386
f 1247 1386 1157
f 1382 1156 1383
f 1381 1155 1382
f 1156 1382 1155
f 1246 1154 1381
f 1155 1381 1154
f 1405 1153 1406
f 1404 1153 1405
f 1176 1406 1153
f 245 1152 1258
f 1174 1258 1152
f 1403 1151 1404
f 1153 1404 1151
f 1273 1150 1379
f 1245 1150 1273
f 1243 1379 1150
f 1401 1149 1403
f 1243 1149 1401
f 1151 1403 1149
f 1373 1377 1148
f 1174 1148 1377
f 1173 1373 1148
f 1241 1368 1147
f 1172 1147 1368
f 1371 1146 1376
f 1369 1145 1371
f 1146 1371 1145
f 1364 1144 1422
f 1171 1422 1144
f 1367 1143 1369
f 1145 1369 1143
f 1365 1366 1142
f 1364 1365 1141
f 1144 1364 1141
f 1142 1141 1365
f 1240 1363 1140
f 1171 1140 1363
f 1361 1139 1366
f 1142 1366 1139
f 1361 1362 1138
f 1139 1361 1138
f 1360 1137 1367
f 1143 1367 1137
f 1357 1136 1360
f 1355 1136 1357
f 1236 1136 1355
f 1137 1360 1136
f 1354 1135 1356
f 1236 1356 1135
f 1354 1398 1134
f 1232 1134 1398
f 1135 1354 1134
f 1350 1353 1133
f 1267 1133 1353
f 1349 1350 1132
f 1133 1132 1350
f 1342 1131 1345
f 1231 1345 1131
f 1224 1131 1342
f 236 374 237
f 1214 1333 241
f 124 241 1333
f 1330 1332 1130
f 1166 1130 1332
f 1212 253 1129
f 1207 1129 253
f 1320 1128 1323
f 1207 1323 1128
f 1321 1322 1126
f 1165 1321 1126
f 1205 1125 1320
f 1128 1320 1125
f 1301 1124 1302
f 1264 1302 1124
f 1300 1123 1301
f 1124 1301 1123
f 1298 1122 1391
f 1188 1391 1122
f 1297 1121 1298
f 1186 1121 1297
f 1122 1298 1121
f 1295 1120 1296
f 1292 1120 1295
f 1186 1296 1120
f 1288 1117 1292
f 1120 1292 1117
f 1290 1116 1291
f 1289 1115 1290
f 1116 1290 1115
f 251 1114 1289
f 1115 1289 1114
f 254 115 1113
f 1183 1113 115
f 1287 1112 1288
f 1117 1288 1112
f 251 254 1111
f 1114 251 1111
f 1113 1110 254
f 1111 254 1110
f 1285 1109 1287
f 1112 1287 1109
f 1282 1108 1285
f 1109 1285 1108
f 1182 235 1286
f 1159 1286 235
f 1277 1278 1107
f 1158 1107 1278
f 1157 1277 1107
f 1387 1106 1388
f 1179 1388 1106
f 1179 1105 1275
f 1178 1275 1105
f 1385 1104 1387
f 1106 1387 1104
f 1384 1103 1385
f 1383 1103 1384
f 1156 1103 1383
f 1104 1385 1103
f 1246 1247 1102
f 1157 1102 1247
f 1154 1246 1102
f 1242 1257 1101
f 1173 1101 1257
f 1172 1242 1101
f 375 239 238
f 1237 1238 1100
f 1169 1237 1100
f 1168 1099 1223
f 118 1223 1099
f 1098 1097 372
f 1167 1096 1219
f 1167 372 1096
f 1097 1096 372
f 1217 1219 1095
f 1215 1217 1095
f 1096 1095 1219
f 1203 1094 1253
f 1201 1253 1094
f 1164 1201 1093
f 1163 1164 1093
f 1094 1093 1201
f 1093 1092 1163
f 1092 1091 1163
f 1162 1090 1195
f 242 1195 119
f 242 243 119
f 1090 119 1195
f 1184 1185 1089
f 1161 1089 1185
f 1118 1088 1119
f 1181 1087 1248
f 1159 1087 1181
f 1158 1248 1087
f 1175 1086 1177
f 1177 1085 245
f 1152 245 1085
f 1086 1085 1177
f 1175 1176 1084
f 1086 1175 1084
f 1085 1086 1083
f 1085 1082 1152
f 1083 1082 1085
f 1152 1081 1174
f 1148 1174 1081
f 1082 1081 1152
f 1148 1080 1173
f 1101 1173 1080
f 1081 1080 1148
f 1150 1079 1243
f 1082 1083 1078
f 1081 1082 1077
f 1080 1081 1077
f 1078 1077 1082
f 1149 1243 1076
f 1079 1076 1243
f 1147 1172 1075
f 1101 1075 1172
f 1080 1075 1101
f 1078 1147 1075
f 1077 1075 1080
f 1077 1078 1075
f 1244 1376 1074
f 1146 1074 1376
f 1147 1073 1241
f 1078 1073 1147
f 1256 1072 1362
f 1138 1362 1072
f 1137 1071 1143
f 238 1069 239
f 1070 1069 238
f 1070 1071 1069
f 375 240 239
f 238 239 240
f 238 240 375
f 1071 1137 1068
f 1069 1068 239
f 1069 1071 1068
f 1270 1271 1067
f 1170 1270 1067
f 1170 1066 1238
f 1100 1238 1066
f 1066 1064 1100
f 1065 1064 1066
f 1352 1063 1432
f 1349 1063 1352
f 1228 1432 1063
f 1132 1063 1349
f 1168 1169 1062
f 1100 1062 1169
f 1099 1168 1062
f 1064 1062 1100
f 1227 1060 1232
f 1062 1059 1099
f 1062 1064 1059
f 1227 1228 1057
f 1058 1057 1228
f 1060 1227 1056
f 1057 1056 1227
f 1131 1224 1054
f 372 118 1053
f 1099 1053 118
f 1098 372 1053
f 1059 1053 1099
f 1055 1098 1053
f 1055 1053 1059
f 1097 1098 1052
f 1055 1052 1098
f 1222 1051 1224
f 1054 1224 1051
f 1052 1050 1097
f 1096 1097 1049
f 1095 1096 1049
f 1050 1049 1097
f 1221 1048 1222
f 1051 1222 1048
f 236 237 373
f 1221 237 373
f 1218 373 236
f 374 373 237
f 374 236 373
f 1048 1221 120
f 373 120 1221
f 373 374 120
f 1166 1216 1047
f 1215 1046 1216
f 1095 1046 1215
f 1049 1046 1095
f 1047 1216 1046
f 1214 1045 1218
f 373 1218 1045
f 1045 1214 1044
f 241 124 1042
f 1329 1330 1041
f 1213 1329 1041
f 1130 1041 1330
f 1322 1324 1039
f 1206 1039 1324
f 1126 1322 1039
f 1202 1266 1036
f 1202 1036 1205
f 1038 1205 1036
f 1165 1035 1204
f 1203 1204 1034
f 1094 1203 1034
f 1035 1034 1204
f 1200 1033 1266
f 1036 1266 1033
f 1200 1318 1032
f 1199 1032 1318
f 1033 1200 1032
f 1199 1314 1031
f 1197 1031 1314
f 1093 1094 1030
f 1092 1093 1030
f 1034 1030 1094
f 1030 1029 1092
f 1031 1197 1028
f 1091 1092 1027
f 1029 1027 1092
f 1162 1163 1026
f 1091 1026 1163
f 1090 1162 1026
f 1196 1025 1197
f 1194 1025 1196
f 1028 1197 1025
f 1189 1023 1190
f 1024 1190 1023
f 1188 1022 1189
f 1023 1189 1022
f 1027 1021 1091
f 1026 1091 1021
f 119 1090 1020
f 1026 1020 1090
f 1021 1020 1026
f 1161 242 1017
f 119 1017 242
f 1089 1161 1017
f 1020 1017 119
f 1018 1089 1017
f 1018 1017 1020
f 1299 1016 1300
f 1190 1016 1299
f 1123 1300 1016
f 1024 1016 1190
f 1160 1184 1014
f 1089 1014 1184
f 1018 1014 1089
f 1015 1014 1018
f 1260 1261 1013
f 1160 1013 1261
f 1088 1011 1119
f 1112 1010 1117
f 1012 1010 1118
f 1012 1117 1010
f 1088 1118 1009
f 1010 1009 1118
f 1249 1291 1008
f 1116 1008 1291
f 1008 1007 1249
f 123 235 121
f 1180 1006 1282
f 1108 1282 1006
f 235 1005 1159
f 1087 1159 1005
f 1106 1004 1179
f 1105 1179 1003
f 1004 1003 1179
f 123 1002 235
f 1005 235 1002
f 1002 1001 1005
f 1107 1158 1000
f 1087 1000 1158
f 1005 1000 1087
f 1001 1000 1005
f 1001 1002 998
f 999 998 1002
f 1107 997 1157
f 1102 1157 997
f 1000 997 1107
f 1000 1001 997
f 998 1102 997
f 998 997 1001
f 1103 1156 996
f 1155 995 1156
f 996 1156 995
f 1154 994 1155
f 995 1155 994
f 995 994 999
f 1102 993 1154
f 998 993 1102
f 998 999 993
f 994 1154 993
f 994 993 999
f 1134 1232 992
f 1060 992 1232
f 1135 991 1236
f 1061 1236 991
f 1022 1188 990
f 1121 1186 989
f 1019 989 1186
f 1011 1088 988
f 235 1182 122
f 123 235 122
f 121 235 122
f 121 123 122
f 1153 125 1176
f 1151 125 1153
f 1084 1176 125
f 1084 987 1086
f 1083 1086 987
f 1150 1245 986
f 1079 1150 986
f 125 1151 233
f 233 125 234
f 1244 985 1245
f 1074 985 1244
f 986 1245 985
f 1078 1083 984
f 1073 1078 984
f 987 984 1083
f 1145 983 1146
f 1073 232 1241
f 1143 982 1145
f 1071 982 1143
f 1070 982 1071
f 983 1145 982
f 1070 238 981
f 1072 1256 980
f 1144 979 1171
f 1140 1171 979
f 240 978 238
f 981 238 978
f 1239 977 1272
f 1271 1272 976
f 1067 1271 976
f 977 976 1272
f 375 239 975
f 1068 975 239
f 1136 974 1137
f 1068 1137 974
f 975 1068 974
f 1067 973 1170
f 1066 1170 973
f 1065 1066 973
f 973 972 1065
f 1134 971 1135
f 992 971 1134
f 991 1135 971
f 1136 1236 970
f 1061 970 1236
f 974 1136 970
f 972 973 969
f 972 966 1065
f 1229 1230 965
f 1235 964 1267
f 1229 964 1235
f 1133 1267 964
f 965 964 1229
f 1132 1133 963
f 964 963 1133
f 966 967 962
f 1064 1065 961
f 1059 1064 961
f 1055 1059 961
f 966 961 1065
f 1230 1231 960
f 1131 960 1231
f 1054 960 1131
f 965 1230 960
f 968 969 959
f 1052 1055 958
f 962 958 966
f 961 958 1055
f 961 966 958
f 1056 957 1060
f 992 1060 957
f 1050 1052 955
f 958 955 1052
f 958 962 955
f 956 955 962
f 955 952 1050
f 955 956 952
f 953 952 956
f 952 953 951
f 1048 950 1051
f 1049 1050 948
f 1046 1049 948
f 1046 948 1047
f 952 948 1050
f 951 1047 948
f 951 948 952
f 120 373 128
f 1045 128 373
f 120 947 1048
f 950 1048 947
f 128 947 120
f 1047 946 1166
f 951 946 1047
f 949 946 951
f 1044 228 1045
f 1043 228 1044
f 128 1045 228
f 241 945 1214
f 1044 1214 945
f 1043 1044 945
f 1211 1213 944
f 1041 944 1213
f 1129 1207 943
f 1129 943 241
f 945 241 943
f 1206 1208 941
f 1039 1206 941
f 942 941 1208
f 1128 940 1207
f 1125 940 1128
f 1040 940 1127
f 943 1207 940
f 943 940 1040
f 1125 1205 939
f 1038 939 1205
f 940 1125 939
f 1037 938 1038
f 939 1038 938
f 1037 1038 937
f 1036 937 1038
f 1035 1165 936
f 1033 935 1036
f 1032 935 1033
f 937 1036 935
f 1032 1199 934
f 1031 934 1199
f 1034 1035 933
f 1030 1034 933
f 1029 1030 933
f 936 931 1035
f 933 1035 931
f 932 931 936
f 1028 930 1031
f 934 1031 930
f 933 929 1029
f 931 929 933
f 929 931 927
f 1027 1029 926
f 929 926 1029
f 927 925 929
f 926 929 925
f 1193 924 1194
f 1192 924 1193
f 1025 1194 924
f 1021 1027 922
f 926 922 1027
f 925 920 926
f 922 926 920
f 1020 1021 919
f 1018 1020 919
f 1015 1018 919
f 922 919 1021
f 1191 918 1192
f 924 1192 918
f 1123 917 1124
f 1187 1264 915
f 1187 915 1191
f 1124 915 1264
f 918 1191 915
f 917 915 1124
f 1122 914 1188
f 990 1188 914
f 920 913 922
f 920 921 913
f 919 913 1015
f 919 922 913
f 1120 912 1186
f 1019 1186 912
f 913 911 1015
f 1014 910 1160
f 1014 1015 910
f 1013 1160 910
f 911 910 1015
f 1117 909 1120
f 1012 909 1117
f 912 1120 909
f 1118 1119 908
f 1012 1118 908
f 909 1012 908
f 1183 1260 907
f 1013 907 1260
f 1009 906 1088
f 988 1088 906
f 1007 905 1249
f 988 905 1007
f 906 905 988
f 1109 904 1112
f 1010 1112 904
f 1009 1010 904
f 1182 1249 903
f 905 903 1249
f 1108 902 1109
f 904 1109 902
f 121 123 131
f 122 1182 131
f 122 123 131
f 122 121 131
f 903 131 1182
f 121 123 130
f 122 123 130
f 122 121 130
f 131 123 130
f 131 121 130
f 131 122 130
f 1002 123 901
f 999 1002 901
f 1178 900 1180
f 1006 1180 900
f 1105 899 1178
f 1003 899 1105
f 900 1178 899
f 995 999 896
f 995 896 996
f 901 896 999
f 1103 895 1104
f 996 895 1103
f 897 1104 895
f 897 895 898
f 1212 376 124
f 241 124 376
f 1129 376 1212
f 1129 241 376
f 1042 124 376
f 1042 376 241
f 1149 894 1151
f 233 1151 894
f 1076 1079 893
f 1076 892 1149
f 894 1149 892
f 125 127 1084
f 987 1084 127
f 233 125 127
f 234 125 127
f 234 233 127
f 984 987 127
f 893 891 1076
f 892 1076 891
f 127 232 126
f 984 231 1073
f 232 1073 231
f 127 231 984
f 127 232 231
f 126 232 231
f 126 127 231
f 982 1070 890
f 982 890 983
f 981 888 1070
f 890 1070 888
f 889 890 888
f 1141 887 1144
f 979 1144 886
f 887 886 1144
f 1141 1142 220
f 887 1141 220
f 1239 1240 885
f 1140 885 1240
f 979 885 1140
f 220 1239 885
f 1138 224 1139
f 1072 224 1138
f 1139 884 1142
f 220 1142 884
f 224 884 1139
f 969 883 972
f 968 883 969
f 967 882 968
f 966 972 882
f 966 882 967
f 883 882 972
f 883 968 882
f 967 968 881
f 959 881 968
f 962 967 880
f 956 962 880
f 881 880 967
f 953 956 879
f 880 879 956
f 880 881 879
f 950 878 1051
f 954 877 959
f 951 953 877
f 949 877 954
f 949 951 877
f 881 959 877
f 879 877 953
f 879 881 877
f 1130 1166 876
f 946 876 1166
f 944 875 1211
f 1209 1211 874
f 1208 1209 874
f 942 1208 874
f 875 874 1211
f 1126 873 1165
f 936 1165 873
f 930 1028 872
f 1023 871 1024
f 931 932 870
f 928 870 932
f 927 931 870
f 990 869 1022
f 925 927 868
f 870 868 927
f 923 867 928
f 870 928 867
f 868 870 867
f 920 925 866
f 920 866 921
f 868 866 925
f 867 866 868
f 916 865 923
f 916 921 865
f 867 923 865
f 866 865 921
f 866 867 865
f 910 911 864
f 916 863 921
f 864 863 916
f 864 911 863
f 913 921 862
f 911 913 862
f 863 862 921
f 863 911 862
f 1121 861 1122
f 989 861 1121
f 914 1122 861
f 1113 1183 860
f 907 860 1183
f 1110 1113 859
f 860 859 1113
f 906 1009 858
f 904 858 1009
f 902 858 904
f 131 857 123
f 901 123 857
f 1003 1004 855
f 855 1004 854
f 855 854 856
f 896 853 996
f 896 901 853
f 895 996 853
f 895 853 898
f 857 853 901
f 1104 852 1106
f 1004 1106 852
f 897 852 1104
f 854 1004 852
f 234 233 230
f 894 230 233
f 127 233 230
f 127 234 230
f 126 127 230
f 231 127 230
f 231 126 230
f 1074 1146 851
f 983 851 1146
f 892 229 894
f 127 232 229
f 891 229 892
f 126 232 229
f 126 127 229
f 231 232 229
f 231 127 229
f 231 126 229
f 230 894 229
f 230 127 229
f 230 126 229
f 230 231 229
f 229 850 232
f 229 891 850
f 890 849 983
f 889 849 890
f 851 983 849
f 232 848 1241
f 850 848 232
f 849 889 848
f 1241 847 1256
f 888 981 847
f 888 847 889
f 848 847 1241
f 848 889 847
f 980 1256 846
f 978 846 981
f 978 980 846
f 847 846 1256
f 847 981 846
f 977 1239 845
f 220 845 1239
f 970 844 974
f 976 843 1067
f 973 1067 843
f 969 973 843
f 1063 842 1228
f 1063 1132 842
f 1058 1228 842
f 963 842 1132
f 959 969 841
f 954 959 841
f 843 841 969
f 1051 840 1054
f 960 1054 840
f 960 840 965
f 878 840 1051
f 964 965 839
f 963 964 839
f 840 839 965
f 957 838 992
f 971 837 991
f 991 835 1061
f 837 835 991
f 1057 1058 834
f 226 834 1058
f 1056 1057 833
f 957 1056 833
f 834 833 1057
f 949 954 832
f 946 949 832
f 841 832 954
f 947 831 950
f 228 128 830
f 228 1043 829
f 945 828 1043
f 943 828 945
f 829 1043 827
f 828 827 1043
f 943 1040 826
f 1040 1127 825
f 826 1040 825
f 940 824 1127
f 825 1127 824
f 937 823 1037
f 935 822 937
f 823 937 822
f 935 1032 821
f 934 821 1032
f 822 935 821
f 930 820 934
f 821 934 820
f 1022 819 1023
f 871 1023 819
f 869 818 1022
f 819 1022 818
f 932 936 817
f 928 932 817
f 871 816 1024
f 1025 814 1028
f 924 814 1025
f 918 814 924
f 872 1028 814
f 915 813 918
f 915 917 813
f 816 871 813
f 814 918 813
f 989 1019 812
f 815 812 1019
f 914 811 990
f 869 990 811
f 923 928 810
f 916 923 810
f 864 916 810
f 817 810 928
f 1016 809 1123
f 1016 1024 809
f 917 1123 809
f 816 809 1024
f 909 808 912
f 910 807 1013
f 907 1013 807
f 864 807 910
f 810 807 864
f 988 806 1011
f 988 1007 806
f 1008 1116 805
f 1115 804 1116
f 805 1116 804
f 804 1115 803
f 1114 802 1115
f 803 1115 802
f 802 1114 801
f 1111 800 1114
f 801 1114 800
f 1110 799 1111
f 859 799 1110
f 800 1111 799
f 905 906 798
f 903 905 798
f 858 798 906
f 858 902 797
f 798 858 797
f 1006 795 1108
f 902 1108 795
f 797 902 795
f 857 131 794
f 854 794 856
f 853 857 794
f 852 794 854
f 796 794 131
f 796 856 794
f 897 898 793
f 853 793 898
f 852 897 793
f 794 793 853
f 794 852 793
f 986 792 1079
f 985 792 986
f 893 1079 792
f 985 1074 791
f 851 791 1074
f 792 985 791
f 891 893 790
f 850 891 790
f 848 850 790
f 792 790 893
f 791 790 792
f 849 789 851
f 848 789 849
f 791 851 789
f 790 789 848
f 790 791 789
f 976 977 788
f 974 787 975
f 844 787 974
f 975 786 375
f 787 786 975
f 841 843 785
f 832 841 785
f 226 1058 132
f 842 132 1058
f 842 963 132
f 839 132 963
f 971 992 784
f 838 784 992
f 837 971 784
f 970 1061 783
f 844 970 783
f 835 783 1061
f 839 840 225
f 836 226 225
f 132 226 225
f 132 839 225
f 878 950 782
f 836 878 782
f 831 782 950
f 838 957 781
f 833 781 957
f 947 128 129
f 228 128 129
f 831 947 129
f 830 128 129
f 830 129 228
f 829 129 228
f 876 946 780
f 832 780 946
f 1041 1130 779
f 944 1041 779
f 876 779 1130
f 828 943 778
f 826 778 943
f 825 777 826
f 778 826 777
f 1039 776 1126
f 941 776 1039
f 873 1126 776
f 939 775 940
f 938 775 939
f 824 940 775
f 938 1037 774
f 823 774 1037
f 822 773 823
f 821 772 822
f 820 772 821
f 773 822 772
f 872 771 930
f 820 930 771
f 818 869 770
f 811 770 869
f 813 871 769
f 813 769 814
f 861 989 768
f 861 768 914
f 812 768 989
f 811 914 768
f 912 767 1019
f 815 1019 767
f 908 766 909
f 808 909 766
f 908 1119 765
f 766 908 765
f 1007 1008 764
f 806 1007 764
f 805 764 1008
f 131 903 763
f 798 763 903
f 797 763 798
f 130 131 227
f 796 131 227
f 763 227 131
f 795 762 797
f 763 797 762
f 227 763 762
f 855 856 761
f 796 761 856
f 227 761 796
f 762 761 227
f 900 760 1006
f 795 1006 760
f 762 795 760
f 761 762 760
f 899 1003 759
f 899 759 900
f 855 759 1003
f 761 759 855
f 760 900 759
f 760 759 761
f 240 375 758
f 786 758 375
f 132 226 757
f 225 757 226
f 225 132 757
f 836 756 226
f 834 226 756
f 782 756 836
f 835 837 755
f 827 754 829
f 754 827 753
f 824 752 825
f 777 825 752
f 775 751 824
f 752 824 751
f 773 750 823
f 771 872 749
f 812 815 748
f 819 747 871
f 814 747 872
f 769 871 747
f 769 747 814
f 749 872 747
f 749 747 819
f 813 917 746
f 813 746 816
f 809 746 917
f 809 816 746
f 810 817 745
f 807 810 745
f 1011 744 1119
f 765 1119 744
f 978 742 980
f 742 741 980
f 980 222 1072
f 224 1072 222
f 741 222 980
f 222 224 740
f 884 224 739
f 885 133 220
f 885 979 738
f 133 885 738
f 222 224 223
f 740 224 223
f 740 223 222
f 739 224 223
f 133 220 221
f 738 221 133
f 978 240 737
f 758 737 240
f 742 978 737
f 845 736 977
f 788 977 736
f 783 735 844
f 781 734 838
f 129 733 831
f 129 829 733
f 754 733 829
f 755 732 835
f 782 831 731
f 756 782 731
f 733 731 831
f 833 834 729
f 781 833 729
f 730 729 834
f 827 828 728
f 778 728 828
f 753 827 728
f 777 727 778
f 752 727 777
f 728 778 727
f 875 944 726
f 779 726 944
f 941 942 725
f 776 941 725
f 775 938 724
f 774 724 938
f 751 775 724
f 749 819 723
f 873 722 936
f 817 936 722
f 776 722 873
f 818 721 819
f 770 721 818
f 723 819 721
f 772 820 720
f 771 720 820
f 748 815 719
f 770 811 718
f 768 718 811
f 808 717 912
f 767 912 717
f 859 860 716
f 743 716 860
f 884 219 220
f 845 220 219
f 739 219 884
f 133 220 219
f 221 220 219
f 221 133 219
f 736 845 219
f 220 715 887
f 219 715 220
f 886 714 979
f 886 887 714
f 738 979 714
f 715 714 887
f 843 976 713
f 788 713 976
f 785 843 713
f 787 844 712
f 786 787 712
f 735 712 844
f 840 878 711
f 836 711 878
f 225 840 711
f 225 711 836
f 785 710 832
f 780 832 710
f 784 838 709
f 784 709 837
f 755 837 709
f 734 709 838
f 783 835 708
f 732 708 835
f 732 755 707
f 709 707 755
f 756 706 834
f 731 706 756
f 734 781 705
f 729 705 781
f 780 704 876
f 779 876 704
f 726 703 875
f 703 702 875
f 874 700 942
f 874 875 700
f 702 700 875
f 700 699 942
f 725 942 698
f 699 698 942
f 751 697 752
f 724 697 751
f 701 752 697
f 774 823 696
f 750 696 823
f 721 770 695
f 718 695 770
f 719 694 748
f 749 693 771
f 723 693 749
f 720 771 693
f 768 812 692
f 748 692 812
f 718 768 692
f 767 691 815
f 719 815 691
f 745 817 690
f 722 690 817
f 766 689 808
f 765 689 766
f 717 808 689
f 807 688 907
f 745 688 807
f 806 687 1011
f 744 1011 687
f 804 686 805
f 803 686 804
f 802 137 803
f 686 803 137
f 137 136 134
f 801 685 802
f 137 802 685
f 800 684 801
f 685 801 684
f 799 859 139
f 799 139 800
f 716 139 859
f 684 800 139
f 735 783 683
f 708 683 783
f 733 754 682
f 731 733 682
f 706 731 682
f 730 834 681
f 706 681 834
f 729 730 680
f 681 680 730
f 705 729 679
f 680 679 729
f 709 734 678
f 705 678 734
f 679 678 705
f 707 677 732
f 728 676 753
f 727 676 728
f 676 675 753
f 680 681 674
f 679 680 673
f 674 673 680
f 726 779 671
f 704 671 779
f 727 752 670
f 701 670 752
f 676 727 670
f 724 774 669
f 697 724 669
f 696 669 774
f 694 719 666
f 725 665 776
f 722 776 665
f 667 668 664
f 721 663 723
f 664 723 663
f 664 663 667
f 695 662 721
f 663 721 662
f 666 661 694
f 772 660 773
f 720 660 772
f 693 723 659
f 693 659 720
f 664 659 723
f 660 720 659
f 695 718 658
f 692 658 718
f 662 695 658
f 717 657 767
f 691 767 657
f 744 656 765
f 689 765 656
f 860 907 135
f 743 860 135
f 688 135 907
f 137 136 135
f 134 136 135
f 134 137 135
f 764 655 806
f 687 806 655
f 764 805 654
f 686 654 805
f 758 786 653
f 712 653 786
f 707 709 652
f 678 652 709
f 677 707 652
f 708 732 651
f 677 651 732
f 672 651 677
f 753 650 754
f 682 754 650
f 675 650 753
f 673 674 649
f 649 648 673
f 678 679 647
f 673 647 679
f 648 647 673
f 672 677 646
f 652 646 677
f 646 644 672
f 667 642 668
f 643 668 642
f 697 641 701
f 669 641 697
f 645 701 641
f 663 640 667
f 662 640 663
f 642 667 640
f 661 666 639
f 644 639 666
f 691 638 719
f 666 719 638
f 694 637 748
f 692 748 637
f 658 692 637
f 655 764 636
f 654 636 764
f 219 739 213
f 219 221 213
f 715 219 213
f 714 634 738
f 737 758 633
f 737 633 742
f 219 632 736
f 213 632 219
f 221 738 631
f 213 221 631
f 634 631 738
f 736 630 788
f 713 788 630
f 713 629 785
f 710 785 629
f 630 629 713
f 712 735 628
f 683 628 735
f 653 712 628
f 710 627 780
f 704 780 627
f 682 626 706
f 681 706 626
f 650 626 682
f 650 675 625
f 626 625 681
f 626 650 625
f 674 681 624
f 625 624 681
f 625 675 624
f 652 678 623
f 647 623 678
f 647 648 622
f 623 647 622
f 670 701 621
f 645 621 701
f 648 649 620
f 642 620 643
f 622 648 619
f 620 619 648
f 620 642 619
f 640 618 642
f 619 642 618
f 641 617 645
f 669 696 616
f 641 669 616
f 617 641 616
f 643 615 668
f 617 615 643
f 616 615 617
f 658 614 662
f 640 662 614
f 637 614 658
f 618 640 614
f 750 773 613
f 660 613 773
f 661 612 694
f 637 694 612
f 614 637 612
f 659 664 611
f 659 611 660
f 613 660 611
f 690 722 610
f 665 610 722
f 689 609 717
f 657 717 609
f 656 609 689
f 690 608 745
f 688 745 608
f 137 136 218
f 135 136 218
f 135 137 218
f 137 136 215
f 134 136 215
f 134 137 215
f 135 136 215
f 135 688 215
f 135 137 215
f 135 134 215
f 608 215 688
f 218 136 215
f 218 137 215
f 218 135 215
f 716 743 607
f 135 607 743
f 135 134 607
f 644 646 606
f 639 644 606
f 741 742 605
f 635 741 605
f 633 605 742
f 222 741 604
f 223 222 604
f 635 604 741
f 604 603 223
f 223 602 739
f 603 602 223
f 213 739 601
f 602 601 739
f 213 219 217
f 634 714 598
f 217 597 213
f 600 597 217
f 631 596 213
f 631 634 596
f 598 595 634
f 596 634 595
f 632 594 736
f 630 736 594
f 683 708 593
f 651 593 708
f 675 676 592
f 670 592 676
f 624 675 592
f 621 592 670
f 649 674 591
f 624 591 674
f 620 649 591
f 592 591 624
f 592 621 591
f 646 652 590
f 623 590 652
f 651 672 589
f 644 589 672
f 621 645 588
f 591 621 588
f 591 588 620
f 703 726 587
f 671 587 726
f 702 703 586
f 622 585 623
f 619 585 622
f 618 585 619
f 620 584 643
f 617 584 645
f 617 643 584
f 588 645 584
f 588 584 620
f 614 583 618
f 590 623 583
f 585 583 623
f 585 618 583
f 589 644 582
f 700 702 581
f 699 700 581
f 586 581 702
f 698 699 580
f 581 580 699
f 698 579 725
f 665 725 579
f 644 666 578
f 638 578 666
f 582 644 578
f 639 577 661
f 612 661 577
f 612 577 614
f 583 614 577
f 696 750 576
f 616 696 576
f 615 616 576
f 613 576 750
f 664 668 575
f 615 575 668
f 611 664 575
f 611 575 613
f 576 575 615
f 576 613 575
f 657 574 691
f 638 691 574
f 687 573 744
f 656 744 573
f 134 137 216
f 135 137 216
f 135 134 216
f 218 137 216
f 218 135 216
f 215 137 216
f 215 134 216
f 215 135 216
f 215 218 216
f 137 145 686
f 216 145 137
f 607 134 214
f 214 140 607
f 145 143 686
f 572 686 143
f 134 137 212
f 685 212 137
f 145 137 212
f 214 134 212
f 143 145 212
f 143 214 212
f 139 716 138
f 607 138 716
f 140 138 607
f 145 144 137
f 143 145 144
f 212 137 144
f 212 145 144
f 212 143 144
f 213 571 715
f 597 571 213
f 714 715 570
f 599 570 600
f 598 714 570
f 597 600 570
f 571 570 715
f 571 597 570
f 595 598 569
f 570 599 569
f 570 569 598
f 653 568 758
f 633 758 568
f 629 567 710
f 627 710 567
f 628 683 566
f 593 566 683
f 671 704 565
f 627 565 704
f 593 651 377
f 589 377 651
f 606 646 564
f 606 564 639
f 590 564 646
f 583 564 590
f 577 639 564
f 577 564 583
f 582 563 589
f 578 563 582
f 377 589 563
f 578 638 562
f 574 562 638
f 563 578 562
f 610 665 561
f 579 561 665
f 609 560 657
f 574 657 560
f 610 559 690
f 608 690 559
f 609 656 558
f 573 558 656
f 560 609 558
f 655 557 687
f 573 687 557
f 636 654 556
f 654 686 555
f 572 555 686
f 556 654 555
f 140 214 210
f 143 210 214
f 212 214 210
f 212 210 143
f 684 554 685
f 212 685 554
f 210 212 554
f 138 139 142
f 138 140 142
f 211 140 142
f 210 142 140
f 139 141 684
f 138 139 141
f 138 140 141
f 211 140 141
f 210 140 141
f 554 684 141
f 554 141 210
f 142 139 141
f 142 140 141
f 142 138 141
f 142 211 141
f 142 210 141
f 632 213 207
f 596 207 213
f 594 632 207
f 629 630 553
f 594 553 630
f 567 629 553
f 628 552 653
f 568 653 552
f 566 552 628
f 579 698 551
f 215 608 550
f 216 215 550
f 559 550 608
f 145 216 146
f 143 145 146
f 144 145 146
f 144 143 146
f 212 549 143
f 605 633 548
f 568 548 633
f 587 547 703
f 586 703 547
f 636 546 655
f 557 655 546
f 601 602 545
f 601 205 213
f 217 213 205
f 207 205 213
f 545 205 601
f 595 544 596
f 207 596 544
f 544 595 543
f 207 542 594
f 553 594 542
f 567 541 627
f 565 627 541
f 566 593 209
f 377 209 593
f 540 209 377
f 587 671 539
f 565 539 671
f 563 538 377
f 562 538 563
f 209 377 538
f 580 537 698
f 551 698 537
f 562 574 536
f 560 536 574
f 538 562 536
f 561 535 610
f 559 610 535
f 558 573 534
f 557 534 573
f 550 533 216
f 146 216 533
f 143 145 147
f 144 145 147
f 144 143 147
f 146 145 147
f 146 143 147
f 146 144 147
f 549 147 143
f 144 148 212
f 146 144 148
f 549 212 148
f 147 144 148
f 147 146 148
f 147 549 148
f 211 140 532
f 211 532 144
f 148 144 532
f 605 531 635
f 548 531 605
f 603 604 530
f 602 603 530
f 545 602 530
f 600 217 529
f 205 529 217
f 569 528 595
f 543 595 528
f 552 527 568
f 548 568 527
f 553 526 567
f 542 526 553
f 541 567 526
f 552 566 525
f 209 525 566
f 527 552 525
f 547 524 586
f 561 579 523
f 551 523 579
f 558 522 560
f 536 560 522
f 534 522 558
f 550 559 521
f 535 521 559
f 533 550 521
f 555 572 520
f 555 520 556
f 143 149 572
f 146 143 149
f 147 143 149
f 147 146 149
f 520 572 149
f 142 518 140
f 532 140 518
f 556 517 636
f 546 636 517
f 604 635 516
f 531 516 635
f 530 604 515
f 516 515 604
f 529 205 514
f 599 600 513
f 529 513 600
f 514 513 529
f 569 599 512
f 528 569 512
f 513 512 599
f 542 207 511
f 541 510 565
f 539 565 510
f 547 587 509
f 539 509 587
f 581 586 508
f 580 581 508
f 524 508 586
f 537 580 507
f 508 507 580
f 535 561 506
f 523 506 561
f 546 505 557
f 534 557 505
f 533 150 146
f 147 146 150
f 149 146 150
f 149 147 150
f 211 144 504
f 147 504 144
f 519 504 147
f 142 211 503
f 518 142 503
f 504 503 211
f 520 502 556
f 517 556 502
f 512 513 501
f 531 548 500
f 527 500 548
f 526 542 498
f 540 377 208
f 209 208 377
f 209 540 208
f 525 209 208
f 522 497 536
f 522 534 496
f 505 496 534
f 497 522 496
f 521 495 533
f 532 493 148
f 494 148 493
f 205 545 492
f 207 213 206
f 205 206 213
f 205 207 206
f 544 206 207
f 514 205 206
f 511 207 206
f 499 206 544
f 492 206 205
f 543 491 544
f 499 544 491
f 528 490 543
f 512 490 528
f 491 543 490
f 525 489 527
f 500 527 489
f 208 489 525
f 526 488 541
f 510 541 488
f 498 488 526
f 510 487 539
f 509 539 487
f 524 547 486
f 509 486 547
f 538 485 209
f 536 485 538
f 208 209 485
f 497 485 536
f 537 484 551
f 523 551 484
f 521 535 483
f 506 483 535
f 495 521 483
f 517 482 546
f 505 546 482
f 149 147 203
f 149 203 520
f 150 147 203
f 150 149 203
f 148 204 147
f 149 147 204
f 150 147 204
f 150 149 204
f 494 204 148
f 203 147 204
f 203 149 204
f 203 150 204
f 518 481 532
f 503 481 518
f 493 532 481
f 516 531 151
f 500 151 531
f 151 480 516
f 530 479 545
f 492 545 479
f 513 514 478
f 206 478 514
f 501 477 512
f 490 512 477
f 511 202 542
f 498 542 202
f 206 499 476
f 491 476 499
f 489 153 500
f 151 500 153
f 487 475 509
f 486 509 475
f 507 474 537
f 484 537 474
f 506 523 473
f 484 473 523
f 496 472 497
f 485 497 472
f 483 471 495
f 496 505 470
f 482 470 505
f 472 496 470
f 150 533 469
f 495 469 533
f 204 494 468
f 203 467 520
f 519 147 152
f 204 152 147
f 504 519 201
f 152 201 519
f 515 466 530
f 479 530 466
f 489 208 465
f 153 489 465
f 508 524 464
f 486 464 524
f 485 463 208
f 472 463 485
f 465 208 463
f 493 462 494
f 468 494 462
f 482 517 461
f 502 520 460
f 467 460 520
f 201 200 152
f 503 504 459
f 481 503 459
f 201 459 504
f 515 516 458
f 480 458 516
f 466 515 458
f 501 513 457
f 478 457 513
f 477 501 457
f 206 190 511
f 202 511 190
f 476 190 206
f 476 491 456
f 488 498 195
f 190 476 195
f 456 195 476
f 488 455 510
f 487 510 455
f 475 454 486
f 464 486 454
f 507 508 453
f 474 507 453
f 464 453 508
f 474 452 484
f 473 484 452
f 470 451 472
f 463 472 451
f 471 450 495
f 469 495 450
f 470 482 449
f 451 470 449
f 204 150 160
f 469 160 150
f 468 160 204
f 481 448 493
f 462 493 448
f 459 448 481
f 502 447 517
f 461 517 447
f 460 447 502
f 153 151 155
f 480 151 154
f 153 151 154
f 155 151 154
f 155 153 154
f 479 446 492
f 206 492 445
f 190 206 445
f 446 445 492
f 478 206 444
f 190 444 206
f 490 379 491
f 477 379 490
f 456 491 379
f 202 166 498
f 190 202 166
f 195 498 166
f 195 190 166
f 195 456 443
f 465 442 153
f 463 442 465
f 475 487 441
f 455 441 487
f 454 475 440
f 441 440 475
f 452 439 473
f 471 483 437
f 438 471 437
f 160 468 159
f 467 203 436
f 204 435 203
f 160 435 204
f 436 203 435
f 152 204 161
f 200 152 161
f 160 161 204
f 159 160 161
f 201 152 199
f 200 152 199
f 200 201 199
f 161 152 199
f 161 199 200
f 459 201 169
f 448 459 169
f 199 169 201
f 451 434 463
f 442 463 434
f 154 155 162
f 154 155 156
f 162 155 156
f 162 154 156
f 458 480 164
f 154 164 480
f 458 198 466
f 164 198 458
f 155 153 157
f 154 153 157
f 154 155 157
f 162 155 157
f 162 154 157
f 156 155 157
f 156 154 157
f 156 162 157
f 164 154 157
f 158 157 156
f 466 433 479
f 446 479 433
f 198 433 466
f 457 478 167
f 457 167 477
f 444 167 478
f 379 477 167
f 157 153 197
f 157 158 197
f 155 153 187
f 442 187 153
f 156 155 187
f 158 156 187
f 157 153 187
f 157 155 187
f 157 156 187
f 157 158 187
f 197 153 187
f 197 158 187
f 197 157 187
f 195 190 196
f 444 190 196
f 166 190 196
f 166 195 196
f 379 168 456
f 443 456 168
f 167 168 379
f 195 432 488
f 455 488 432
f 166 432 195
f 441 455 432
f 440 431 454
f 454 430 464
f 453 464 430
f 431 430 454
f 439 452 429
f 453 428 474
f 452 474 428
f 429 452 428
f 450 471 427
f 438 427 471
f 483 506 426
f 473 426 506
f 439 426 473
f 437 483 426
f 437 426 438
f 427 426 439
f 427 438 426
f 449 425 451
f 450 194 469
f 160 469 194
f 159 160 194
f 435 160 194
f 161 160 194
f 161 159 194
f 159 160 193
f 161 160 193
f 161 159 193
f 199 161 193
f 194 160 193
f 194 159 193
f 194 161 193
f 462 424 468
f 159 468 424
f 193 159 424
f 461 423 482
f 449 482 423
f 447 423 461
f 425 449 423
f 460 467 422
f 447 460 422
f 436 422 467
f 157 162 163
f 157 164 163
f 198 164 192
f 163 164 192
f 157 164 165
f 163 164 165
f 163 157 165
f 198 164 191
f 157 164 191
f 433 198 191
f 163 164 191
f 163 157 191
f 192 164 191
f 192 191 198
f 192 191 163
f 165 164 191
f 165 157 191
f 165 163 191
f 187 421 157
f 165 157 421
f 445 446 420
f 190 378 202
f 445 378 190
f 166 202 378
f 166 190 378
f 196 378 190
f 196 166 378
f 420 378 445
f 443 380 195
f 167 444 380
f 167 380 379
f 196 195 380
f 196 380 444
f 168 379 380
f 168 380 443
f 168 167 380
f 187 442 186
f 187 197 186
f 432 166 419
f 378 419 166
f 440 441 418
f 432 418 441
f 419 418 432
f 431 440 417
f 418 417 440
f 430 431 416
f 430 415 453
f 416 415 430
f 434 451 414
f 434 414 442
f 425 414 451
f 186 442 414
f 428 413 429
f 428 453 412
f 413 428 412
f 429 411 439
f 427 439 411
f 427 410 450
f 194 450 410
f 411 410 427
f 169 189 199
f 193 189 199
f 424 189 193
f 448 170 462
f 169 170 448
f 169 170 199
f 424 462 170
f 189 199 170
f 189 169 170
f 189 424 170
f 422 436 408
f 435 407 436
f 194 407 435
f 408 436 407
f 423 447 188
f 422 188 447
f 191 165 406
f 421 406 165
f 433 405 446
f 191 405 433
f 420 446 405
f 406 405 191
f 378 420 404
f 405 404 420
f 419 378 403
f 404 403 378
f 418 419 402
f 417 418 402
f 417 401 431
f 416 431 401
f 402 401 417
f 415 400 453
f 412 453 400
f 410 411 398
f 413 397 429
f 411 429 397
f 399 397 413
f 398 411 397
f 410 396 194
f 398 396 410
f 423 395 425
f 188 395 423
f 407 194 394
f 396 394 194
f 188 184 409
f 408 393 422
f 407 393 408
f 188 422 393
f 394 393 407
f 184 188 393
f 405 406 392
f 404 405 392
f 187 171 197
f 421 187 171
f 186 197 171
f 186 187 171
f 406 421 171
f 403 404 391
f 392 391 404
f 391 390 403
f 403 389 419
f 402 419 389
f 390 389 403
f 414 425 388
f 414 388 186
f 395 388 425
f 171 186 388
f 415 416 387
f 412 387 413
f 400 415 387
f 400 387 412
f 396 398 386
f 188 409 185
f 395 188 185
f 184 185 409
f 184 188 185
f 388 395 185
f 394 396 385
f 386 385 396
f 386 175 385
f 182 385 175
f 391 392 172
f 392 406 183
f 171 183 406
f 388 183 171
f 172 392 183
f 183 172 384
f 390 391 177
f 389 390 177
f 172 177 391
f 183 172 177
f 384 172 177
f 384 177 183
f 397 399 174
f 397 174 398
f 386 398 174
f 386 174 175
f 173 175 174
f 173 175 179
f 174 175 179
f 174 173 179
f 182 175 181
f 182 185 181
f 173 175 181
f 174 175 181
f 174 173 181
f 179 175 181
f 179 185 181
f 179 173 181
f 179 174 181
f 393 394 176
f 393 176 184
f 185 184 176
f 182 176 185
f 385 176 394
f 385 182 176
f 179 185 176
f 181 185 176
f 181 182 176
f 181 179 176
f 185 180 388
f 183 388 180
f 177 183 180
f 180 185 179
f 173 179 180
f 401 383 416
f 399 413 383
f 387 416 383
f 387 383 413
f 174 173 178
f 179 173 178
f 179 174 178
f 180 178 177
f 173 180 178
f 179 180 178
f 177 382 389
f 178 382 177
f 178 174 382
f 401 402 381
f 389 381 402
f 174 399 381
f 383 401 381
f 383 381 399
f 382 381 389
f 382 174 381

