# https://github.com/mikedh/trimesh
v -0.12174479 0.61263019 0.71549481
v 0.00195312 0.19075520 -0.01497396
v 0.00585938 0.19466145 -0.01236979
v 0.12565105 0.43294272 0.58789062
v 0.09830729 0.62955731 0.75325519
v -0.01497396 0.23893230 0.80013019
v 0.00585938 0.89257812 0.99023438
v 0.00585938 0.90039062 0.99023438
v -0.00585938 0.73632812 0.89257812
v 0.03710938 0.74414062 0.86914062
v 0.03710938 0.73632812 0.88476562
v -0.02539062 0.73632812 0.88476562
v 0.04492188 0.71679688 0.85351562
v 0.02539062 0.21289062 0.81835938
v 0.00585938 0.20507812 0.85351562
v 0.00585938 0.65039062 0.82617188
v -0.02539062 0.68554688 0.80273438
v 0.06445312 0.60742188 0.81054688
v 0.02539062 0.65820312 0.80273438
v 0.03710938 0.65039062 0.81835938
v 0.00585938 0.68554688 0.80273438
v 0.02539062 0.68554688 0.78710938
v 0.00585938 0.21289062 0.81835938
v -0.02539062 0.21289062 0.81835938
v 0.00585938 0.24804688 0.79492188
v 0.02539062 0.24804688 0.78710938
v 0.00585938 0.27929688 0.79492188
v 0.00585938 0.22460938 0.78710938
v -0.02539062 0.24804688 0.78710938
v -0.02539062 0.27929688 0.79492188
v -0.03710938 0.20507812 0.85351562
v -0.04492188 0.24804688 0.81835938
v -0.02539062 0.21289062 0.77929688
v 0.03710938 0.66992188 0.79492188
v 0.03710938 0.62695312 0.82617188
v 0.04492188 0.27929688 0.77929688
v 0.02539062 0.21289062 0.77929688
v 0.08398438 0.63867188 0.78710938
v 0.05664062 0.62695312 0.81054688
v 0.10742188 0.60742188 0.77929688
v 0.10351562 0.58007812 0.77929688
v 0.10351562 0.62695312 0.77148438
v 0.08398438 0.61914062 0.79492188
v 0.06445312 0.66992188 0.75976562
v 0.04492188 0.59960938 0.75976562
v 0.10742188 0.62695312 0.73632812
v 0.12695312 0.59960938 0.75195312
v 0.13867188 0.59960938 0.72851562
v 0.12695312 0.58007812 0.72851562
v 0.08398438 0.65039062 0.72070312
v 0.12695312 0.60742188 0.71289062
v -0.12695312 0.59960938 0.75976562
v -0.11914062 0.60742188 0.73632812
v -0.13867188 0.58789062 0.73632812
v -0.13867188 0.58007812 0.72851562
v -0.10351562 0.61914062 0.77148438
v -0.11523438 0.61914062 0.72070312
v -0.13867188 0.58007812 0.72070312
v -0.08007812 0.66992188 0.70507812
v -0.12695312 0.60742188 0.70507812
v -0.13867188 0.58007812 0.70507812
v -0.14648438 0.56835938 0.70507812
v -0.10742188 0.63867188 0.70507812
v 0.10351562 0.45507812 0.59570312
v 0.16992188 0.38867188 0.56445312
v 0.23242188 0.40820312 0.52929688
v 0.23242188 0.40820312 0.54101562
v 0.22070312 0.46679688 0.54101562
v 0.12695312 0.33007812 0.54101562
v 0.19726562 -0.07226562 0.43945312
v -0.10351562 0.20507812 0.45507812
v -0.18554688 0.01757812 0.45507812
v 0.23242188 0.27929688 0.40820312
v 0.22070312 0.32226562 0.43164062
v 0.20898438 0.27929688 0.38085938
v 0.20898438 0.32226562 0.39257812
v -0.20898438 -0.07226562 0.39257812
v -0.20898438 -0.09960938 0.36523438
v -0.20898438 -0.15820312 0.34179688
v 0.06445312 0.60742188 0.31835938
v -0.08007812 -0.75976562 0.33398438
v -0.10742188 -0.73632812 0.31835938
v -0.08007812 -0.72460938 0.31835938
v 0.04492188 -0.47460938 0.29882812
v 0.12695312 -0.33007812 0.28320312
v 0.10742188 0.40820312 0.27539062
v 0.05664062 -0.53320312 0.26757812
v -0.10742188 -0.67382812 0.27539062
v -0.13867188 0.17382812 0.16992188
v -0.11914062 0.23242188 0.16210938
v -0.10742188 0.20507812 0.11132812
v 0.00585938 0.19335938 0.01367188
v -0.00585938 0.19335938 0.01367188
v 0.00585938 0.19335938 -0.01367188
v 0.00585938 0.19335938 -0.00585938
v 0.00585938 0.18554688 -0.00585938
v 0.03710938 0.18554688 -0.00585938
v 0.00585938 0.18554688 -0.02929688
v -0.13867188 -0.15429688 -0.09570312
v 0.13867188 0.13085938 -0.13476562
v 0.10742188 -0.22460938 -0.23632812
v -0.14648438 0.18554688 -0.26757812
v -0.13867188 0.18554688 -0.25976562
v 0.15820312 0.17382812 -0.26757812
v 0.00585938 0.24023438 -0.34179688
v -0.08007812 -0.55664062 -0.37304688
v -0.10351562 -0.53320312 -0.38085938
v -0.10351562 -0.49414062 -0.39257812
v -0.12695312 -0.49414062 -0.40039062
v -0.10742188 -0.56445312 -0.36523438
v 0.05664062 0.19335938 -0.43164062
v 0.10351562 0.16210938 -0.44726562
v 0.18554688 -0.25195312 -0.45507812
v -0.14648438 -0.36132812 -0.48242188
v -0.08007812 0.16210938 -0.63867188
v -0.10351562 -0.39257812 -0.64648438
v -0.04882812 -0.07226562 -0.66992188
v -0.06835938 -0.34960938 -0.65429688
v -0.13867188 -0.40429688 -0.64648438
v -0.06835938 -0.42773438 -0.65429688
v -0.12695312 -0.42773438 -0.68554688
v -0.10742188 -0.45507812 -0.65429688
v -0.06835938 -0.38476562 -0.68554688
v -0.10742188 -0.49414062 -0.68554688
v -0.06835938 -0.47460938 -0.71289062
v -0.04492188 0.19335938 -0.64648438
v -0.10742188 -0.47460938 -0.71289062
v -0.13867188 -0.45507812 -0.65429688
v -0.08007812 0.10742188 -0.66992188
v -0.13867188 -0.47070312 -0.71289062
v -0.06835938 -0.51367188 -0.72070312
v -0.04882812 -0.61523438 -0.70507812
v -0.10742188 -0.53320312 -0.72070312
v -0.06835938 -0.60351562 -0.73632812
v 0.22070312 -0.02539062 -0.72070312
v -0.12695312 -0.45507812 -0.73632812
v -0.10742188 -0.59570312 -0.72851562
v -0.08007812 -0.58398438 -0.71289062
v -0.10742188 -0.51367188 -0.73632812
v -0.06835938 -0.54492188 -0.75195312
v -0.10351562 -0.50585938 -0.75976562
v -0.10351562 -0.63476562 -0.77148438
v -0.08007812 -0.56445312 -0.77148438
v -0.06835938 -0.60351562 -0.80273438
v 0.16992188 -0.47070312 -0.96679688
v 0.19726562 -0.44335938 -0.98242188
v 0.13867188 -0.50585938 -0.95117188
v 0.15820312 -0.53320312 -0.94335938
v 0.15820312 -0.51367188 -0.99023438
v 0.14648438 -0.56445312 -0.99804688
v 0.19726562 -0.47070312 -0.99804688
v 0.15820312 -0.47070312 -0.99023438
v 0.18554688 -0.44335938 -0.99023438
v 0.19726562 -0.51367188 -0.98242188
v 0.19726562 -0.54492188 -0.96679688
v 0.19726562 -0.58398438 -0.93554688
v 0.16992188 -0.56445312 -0.90820312
v -0.10742188 -0.61523438 -0.77929688
v -0.06835938 -0.63476562 -0.77929688
v 0.23242188 -0.02539062 -0.75976562
v -0.10742188 -0.45507812 -0.72851562
v -0.06835938 -0.42773438 -0.71289062
v -0.06835938 -0.47460938 -0.65429688
v -0.12695312 -0.39257812 -0.66992188
v -0.08007812 0.12304688 -0.67773438
v -0.06835938 -0.09960938 -0.65429688
v -0.10742188 -0.34960938 -0.65429688
v -0.12695312 -0.34960938 -0.64648438
v -0.10351562 -0.31054688 -0.63867188
v -0.04882812 0.19335938 -0.57226562
v -0.14648438 -0.37304688 -0.48242188
v -0.15820312 -0.33007812 -0.49804688
v -0.14648438 -0.36132812 -0.47460938
v -0.06835938 -0.36132812 -0.49023438
v -0.06835938 -0.45507812 -0.43945312
v -0.06835938 -0.39257812 -0.45507812
v -0.06835938 -0.40429688 -0.46679688
v -0.06835938 -0.39257812 -0.46679688
v -0.18554688 -0.02539062 -0.45507812
v 0.18554688 -0.21289062 -0.45507812
v 0.19726562 -0.26367188 -0.43164062
v 0.08398438 0.20507812 -0.40039062
v -0.10742188 -0.34179688 -0.35742188
v 0.04492188 0.23242188 -0.33398438
v 0.00585938 0.24804688 -0.34179688
v -0.13867188 -0.68554688 -0.29882812
v -0.14648438 -0.68554688 -0.32617188
v -0.14648438 -0.73632812 -0.29101562
v -0.08007812 0.22460938 -0.28320312
v -0.08007812 0.21289062 -0.27539062
v -0.13867188 -0.73632812 -0.26757812
v 0.14648438 -0.22460938 -0.24414062
v 0.14648438 -0.22460938 -0.23632812
v -0.03710938 0.20507812 -0.15039062
v -0.15820312 -0.13476562 -0.08789062
v 0.00585938 0.19335938 -0.02929688
v -0.00585938 0.18554688 -0.02929688
v -0.00585938 0.19335938 -0.01367188
v 0.00585938 0.20507812 0.02148438
v -0.00585938 0.18554688 -0.00585938
v 0.00585938 0.18554688 0.01367188
v 0.00585938 0.21289062 0.02929688
v -0.10742188 0.20507812 0.11914062
v -0.11914062 0.23242188 0.16992188
v -0.11914062 0.22460938 0.16992188
v 0.08398438 -0.84570312 0.25195312
v 0.10351562 0.40039062 0.25195312
v 0.10351562 0.45507812 0.26757812
v -0.05664062 -0.67382812 0.26757812
v 0.10351562 0.45507812 0.29101562
v -0.06835938 -0.67382812 0.29101562
v -0.10351562 -0.67382812 0.29882812
v 0.06445312 0.65039062 0.29101562
v 0.06445312 0.66992188 0.29101562
v -0.10351562 -0.72460938 0.31054688
v 0.06445312 0.66992188 0.29882812
v 0.08398438 0.66992188 0.29882812
v -0.23242188 -0.09960938 0.31835938
v -0.10351562 -0.41601562 0.31835938
v -0.08007812 -0.41601562 0.31835938
v 0.04492188 0.61914062 0.31835938
v 0.08398438 -0.41601562 0.31835938
v 0.10351562 -0.41601562 0.31835938
v 0.09179688 -0.41601562 0.32617188
v 0.24023438 0.30664062 0.38085938
v -0.20898438 -0.06054688 0.43945312
v -0.22070312 -0.03320312 0.40820312
v 0.19726562 -0.03320312 0.44726562
v 0.20898438 0.45507812 0.52148438
v 0.23242188 0.46679688 0.52148438
v 0.20898438 0.38867188 0.52929688
v 0.15820312 0.33007812 0.54101562
v 0.12695312 0.36914062 0.55664062
v 0.12695312 0.36914062 0.56445312
v 0.12695312 0.40039062 0.57226562
v 0.12695312 0.40820312 0.57226562
v 0.08398438 0.42773438 0.59570312
v 0.10351562 0.45507812 0.60351562
v 0.00585938 0.34960938 0.66210938
v 0.04492188 0.35742188 0.66992188
v -0.08007812 0.70507812 0.69726562
v -0.06835938 0.68554688 0.69726562
v -0.14648438 0.58007812 0.70507812
v -0.06835938 0.65039062 0.72070312
v 0.10742188 0.63867188 0.71289062
v 0.02539062 0.20507812 0.77148438
v -0.06835938 0.32226562 0.78710938
v -0.04492188 0.27929688 0.77929688
v -0.03710938 0.27929688 0.78710938
v -0.03710938 0.24804688 0.77929688
v 0.03710938 0.27929688 0.78710938
v 0.06445312 0.32226562 0.79492188
v -0.05664062 0.32226562 0.79492188
v 0.06445312 0.32226562 0.80273438
v 0.08398438 0.35742188 0.80273438
v 0.00585938 0.76367188 0.85351562
v 0.02539062 0.74414062 0.82617188
v 0.02539062 0.75585938 0.85351562
v 0.00585938 0.73632812 0.90039062
v 0.02539062 0.73632812 0.88476562
v 0.00585938 0.88085938 0.98242188
v 0.00585938 0.90429688 0.99804688
v -0.02539062 0.74414062 0.86914062
v -0.00585938 0.66992188 0.81835938
v 0.04492188 0.68554688 0.80273438
v 0.09179688 0.35742188 0.79492188
v 0.04492188 0.69335938 0.73632812
v 0.06445312 0.38867188 0.63867188
v 0.00585938 0.36914062 0.63085938
v -0.08007812 0.14257812 0.49804688
v 0.18554688 -0.07226562 0.49023438
v 0.20898438 -0.09179688 0.44726562
v -0.11914062 0.13085938 0.45507812
v -0.14648438 0.06835938 0.45507812
v -0.20898438 -0.01367188 0.36523438
v -0.09179688 -0.41601562 0.32617188
v -0.23242188 -0.15820312 0.32617188
v 0.06445312 0.62695312 0.31835938
v 0.05664062 -0.53320312 0.29882812
v 0.11523438 -0.41601562 0.29101562
v 0.10742188 0.42773438 0.29882812
v 0.04492188 -0.47070312 0.27539062
v 0.03710938 0.18554688 -0.02929688
v -0.08007812 -0.14257812 -0.16210938
v 0.08398438 0.18554688 -0.15039062
v 0.16992188 -0.15429688 -0.20898438
v 0.10351562 0.21289062 -0.27539062
v 0.04492188 0.23242188 -0.34179688
v 0.20898438 -0.21289062 -0.41601562
v -0.04882812 -0.07226562 -0.67773438
v -0.05664062 -0.09960938 -0.67773438
v -0.08007812 0.09960938 -0.62304688
v -0.08007812 0.09960938 -0.72070312
v 0.20898438 0.02539062 -0.73632812
v -0.05664062 -0.57617188 -0.80273438
v 0.10742188 -0.59570312 -0.99804688
v 0.19726562 -0.44335938 -0.99804688
v 0.13867188 -0.59570312 -0.99023438
v 0.08398438 -0.59570312 -0.98242188
v 0.10742188 -0.56445312 -0.98242188
v 0.10351562 -0.63476562 -0.97460938
v 0.04882812 -0.60351562 -0.96679688
v 0.12695312 -0.63476562 -0.96679688
v 0.16992188 -0.59570312 -0.96679688
v 0.04882812 -0.64257812 -0.95117188
v 0.08398438 -0.65429688 -0.95117188
v 0.01367188 -0.63476562 -0.93554688
v 0.10742188 -0.52539062 -0.93554688
v 0.15820312 -0.63476562 -0.93554688
v 0.08398438 -0.57617188 -0.92773438
v 0.10742188 -0.66601562 -0.92773438
v 0.04882812 -0.59570312 -0.91601562
v 0.12695312 -0.50585938 -0.91601562
v 0.18554688 -0.62304688 -0.90820312
v 0.00585938 -0.67382812 -0.90039062
v 0.01367188 -0.60351562 -0.90039062
v 0.04882812 -0.68554688 -0.90039062
v 0.08398438 -0.53320312 -0.90039062
v 0.10351562 -0.13476562 -0.90039062
v 0.13867188 -0.66601562 -0.90039062
v 0.05664062 -0.13476562 -0.89257812
v 0.05664062 -0.06054688 -0.89257812
v 0.08398438 -0.21289062 -0.89257812
v 0.08398438 -0.05273438 -0.89257812
v 0.10742188 -0.49414062 -0.89257812
v 0.10742188 -0.21289062 -0.89257812
v 0.10742188 -0.09179688 -0.89257812
v 0.13867188 -0.53320312 -0.89257812
v -0.02539062 -0.65429688 -0.88476562
v -0.02539062 -0.60351562 -0.88476562
v 0.08398438 -0.68554688 -0.88476562
v 0.08398438 -0.30273438 -0.88476562
v 0.10742188 -0.29101562 -0.88476562
v 0.10742188 -0.05273438 -0.88476562
v 0.16992188 -0.59570312 -0.88476562
v 0.00585938 -0.13476562 -0.86914062
v 0.00585938 -0.07226562 -0.86914062
v 0.02539062 -0.21289062 -0.86914062
v 0.04492188 -0.30273438 -0.86914062
v 0.04492188 0.00585938 -0.86914062
v 0.04882812 -0.56445312 -0.86914062
v 0.05664062 -0.53320312 -0.86914062
v 0.08398438 -0.50585938 -0.86914062
v 0.08398438 -0.45507812 -0.86914062
v 0.08398438 -0.38476562 -0.86914062
v 0.08398438 0.01757812 -0.86914062
v 0.10351562 -0.38476562 -0.86914062
v 0.10742188 -0.67382812 -0.86914062
v 0.15820312 -0.64257812 -0.86914062
v 0.16992188 -0.11132812 -0.86914062
v -0.02539062 -0.06054688 -0.86132812
v 0.00585938 -0.00585938 -0.86132812
v 0.01367188 -0.57617188 -0.86132812
v 0.04882812 -0.47070312 -0.86132812
v 0.04882812 -0.38476562 -0.86132812
v 0.09179688 -0.50585938 -0.86132812
v 0.10351562 -0.45507812 -0.86132812
v 0.10742188 0.01757812 -0.86132812
v 0.13867188 -0.57617188 -0.86132812
v 0.16992188 -0.06054688 -0.86132812
v 0.19726562 -0.20117188 -0.86132812
v -0.04882812 -0.61523438 -0.85351562
v -0.02539062 -0.67382812 -0.85351562
v -0.02539062 -0.21289062 -0.85351562
v -0.01757812 -0.57617188 -0.85351562
v -0.01757812 -0.30273438 -0.85351562
v 0.00585938 -0.69335938 -0.85351562
v 0.04882812 -0.69335938 -0.85351562
v 0.16992188 -0.29101562 -0.85351562
v -0.04882812 -0.09179688 -0.84179688
v -0.04492188 -0.14257812 -0.84179688
v 0.00585938 -0.45507812 -0.84179688
v 0.00585938 -0.38476562 -0.84179688
v 0.02539062 -0.53320312 -0.84179688
v 0.03710938 0.08007812 -0.84179688
v 0.06445312 -0.69335938 -0.84179688
v 0.12695312 -0.37304688 -0.84179688
v 0.14648438 -0.61523438 -0.84179688
v 0.15820312 0.00585938 -0.84179688
v 0.19726562 -0.11132812 -0.84179688
v -0.04882812 -0.57617188 -0.83398438
v -0.01757812 -0.53320312 -0.83398438
v 0.00585938 -0.53320312 -0.83398438
v 0.00585938 -0.50585938 -0.83398438
v 0.00585938 0.06835938 -0.83398438
v 0.06445312 0.08789062 -0.83398438
v 0.08789062 -0.68554688 -0.83398438
v 0.10742188 -0.45507812 -0.83398438
v 0.12695312 -0.65429688 -0.83398438
v -0.04882812 -0.65429688 -0.82617188
v -0.04882812 -0.01367188 -0.82617188
v -0.02539062 -0.47460938 -0.82617188
v -0.02539062 -0.42773438 -0.82617188
v -0.02539062 -0.38476562 -0.82617188
v -0.02539062 0.03710938 -0.82617188
v -0.01757812 -0.50585938 -0.82617188
v -0.00585938 -0.47070312 -0.82617188
v 0.10351562 -0.50585938 -0.82617188
v 0.10742188 -0.54492188 -0.82617188
v 0.10742188 0.08007812 -0.82617188
v -0.06835938 -0.25195312 -0.81835938
v -0.05664062 -0.30273438 -0.81835938
v 0.00585938 -0.49414062 -0.81835938
v -0.08007812 -0.21289062 -0.81054688
v -0.05664062 -0.37304688 -0.81054688
v -0.04492188 -0.53320312 -0.81054688
v 0.10742188 -0.57617188 -0.81054688
v 0.15820312 -0.38476562 -0.81054688
v 0.15820312 0.06835938 -0.81054688
v 0.19726562 -0.30273438 -0.81054688
v 0.20898438 -0.11132812 -0.81054688
v 0.20898438 -0.02539062 -0.81054688
v 0.22070312 -0.21289062 -0.81054688
v -0.08007812 -0.15429688 -0.80273438
v -0.08007812 -0.09179688 -0.80273438
v -0.05664062 -0.42773438 -0.80273438
v -0.04882812 -0.47460938 -0.80273438
v -0.04492188 -0.50585938 -0.80273438
v -0.02539062 -0.67382812 -0.80273438
v 0.12695312 -0.45507812 -0.80273438
v -0.08007812 -0.30273438 -0.79492188
v -0.08007812 -0.02539062 -0.79492188
v 0.00585938 -0.68554688 -0.79492188
v 0.03710938 0.14257812 -0.79492188
v 0.10742188 -0.61523438 -0.79492188
v 0.10742188 -0.50585938 -0.79492188
v -0.06835938 -0.38476562 -0.78710938
v -0.05664062 -0.53320312 -0.78710938
v -0.04882812 0.06835938 -0.78710938
v -0.02539062 0.11132812 -0.78710938
v 0.00585938 0.13085938 -0.78710938
v 0.04882812 -0.68554688 -0.78710938
v 0.06445312 0.14257812 -0.78710938
v 0.08398438 -0.67382812 -0.78710938
v 0.10351562 -0.64257812 -0.78710938
v -0.09179688 -0.25195312 -0.77929688
v -0.06835938 0.02539062 -0.77929688
v -0.05664062 -0.50585938 -0.77929688
v 0.10742188 0.13085938 -0.77929688
v 0.15820312 -0.38476562 -0.77929688
v 0.19726562 0.03710938 -0.77929688
v -0.10351562 -0.21289062 -0.77148438
v -0.06835938 -0.42773438 -0.77148438
v -0.06835938 -0.34179688 -0.77148438
v -0.05664062 -0.47460938 -0.77148438
v 0.10351562 -0.54492188 -0.77148438
v 0.11523438 -0.45507812 -0.77148438
v -0.10351562 -0.15429688 -0.75976562
v -0.08007812 -0.30273438 -0.75976562
v -0.05664062 -0.38476562 -0.75976562
v 0.10351562 -0.59570312 -0.75976562
v 0.10351562 -0.50585938 -0.75976562
v 0.14648438 0.11132812 -0.75976562
v 0.20898438 -0.31054688 -0.75976562
v 0.24023438 -0.21289062 -0.75976562
v 0.24023438 -0.11132812 -0.75976562
v -0.10742188 -0.09179688 -0.75195312
v -0.05664062 -0.34179688 -0.75195312
v -0.04882812 -0.65429688 -0.75195312
v -0.10742188 -0.09179688 -0.74414062
v -0.10351562 -0.02539062 -0.74414062
v -0.08007812 -0.25195312 -0.74414062
v -0.05664062 -0.50585938 -0.74414062
v 0.14648438 -0.38476562 -0.74414062
v -0.09179688 0.03710938 -0.73632812
v -0.08007812 -0.21289062 -0.73632812
v -0.05664062 -0.47460938 -0.73632812
v -0.05664062 -0.42773438 -0.73632812
v -0.05664062 -0.38476562 -0.73632812
v -0.05664062 -0.34960938 -0.73632812
v -0.05664062 -0.30273438 -0.73632812
v -0.02539062 -0.66601562 -0.73632812
v 0.08398438 -0.63476562 -0.73632812
v 0.08398438 -0.55664062 -0.73632812
v 0.10742188 -0.45507812 -0.73632812
v -0.08007812 -0.15429688 -0.72851562
v -0.05664062 -0.25195312 -0.72851562
v -0.04882812 0.14257812 -0.72851562
v -0.02539062 0.16210938 -0.72851562
v 0.00585938 0.17382812 -0.72851562
v 0.01367188 -0.66601562 -0.72851562
v 0.04882812 -0.66601562 -0.72851562
v 0.05664062 0.17382812 -0.72851562
v 0.06445312 -0.65429688 -0.72851562
v 0.08398438 -0.50585938 -0.72851562
v 0.19726562 0.06835938 -0.72851562
v 0.10351562 0.16210938 -0.72070312
v 0.20898438 -0.31054688 -0.72070312
v 0.23242188 -0.21289062 -0.72070312
v 0.23242188 -0.11132812 -0.72070312
v 0.23242188 -0.02539062 -0.72070312
v -0.09179688 -0.09179688 -0.71289062
v -0.06835938 -0.38476562 -0.71289062
v -0.06835938 -0.34960938 -0.71289062
v -0.06835938 -0.30273438 -0.71289062
v -0.05664062 -0.21289062 -0.71289062
v 0.08398438 -0.58398438 -0.71289062
v 0.10351562 -0.45507812 -0.71289062
v 0.12695312 -0.38476562 -0.71289062
v -0.10351562 -0.02539062 -0.70507812
v -0.05664062 -0.25195312 -0.70507812
v 0.12695312 0.14257812 -0.70507812
v -0.06835938 -0.15429688 -0.69726562
v 0.08398438 -0.52539062 -0.69726562
v -0.10351562 0.03710938 -0.68554688
v -0.08007812 -0.34960938 -0.68554688
v -0.02539062 -0.62304688 -0.68554688
v 0.06445312 -0.60351562 -0.68554688
v 0.18554688 -0.32226562 -0.68554688
v 0.20898438 -0.22460938 -0.68554688
v -0.12695312 -0.50585938 -0.67773438
v -0.10351562 -0.50585938 -0.67773438
v -0.04492188 -0.07226562 -0.67773438
v 0.01367188 -0.62304688 -0.67773438
v 0.04882812 -0.61523438 -0.67773438
v 0.08398438 -0.45507812 -0.67773438
v 0.10742188 -0.38476562 -0.67773438
v 0.15820312 0.11132812 -0.67773438
v 0.19726562 -0.02539062 -0.67773438
v 0.19726562 0.04492188 -0.67773438
v 0.20898438 -0.12304688 -0.67773438
v -0.08007812 -0.26367188 -0.66992188
v -0.08007812 -0.15429688 -0.66992188
v -0.08007812 -0.09179688 -0.66992188
v -0.08007812 0.11132812 -0.66992188
v -0.05664062 -0.21289062 -0.66992188
v -0.04492188 -0.09960938 -0.66992188
v -0.08007812 -0.21289062 -0.66210938
v -0.05664062 -0.15429688 -0.66210938
v -0.04882812 -0.55664062 -0.66210938
v 0.06445312 -0.54492188 -0.66210938
v -0.09179688 -0.02539062 -0.65429688
v 0.14648438 -0.32226562 -0.65429688
v 0.18554688 -0.22460938 -0.65429688
v -0.08007812 -0.15429688 -0.64648438
v -0.08007812 0.17382812 -0.64648438
v -0.05664062 -0.32226562 -0.64648438
v -0.05664062 -0.27148438 -0.64648438
v -0.05664062 -0.15429688 -0.64648438
v -0.05664062 -0.09960938 -0.64648438
v -0.03710938 -0.09960938 -0.64648438
v -0.02539062 -0.56445312 -0.64648438
v -0.00585938 0.20507812 -0.64648438
v 0.03710938 0.20507812 -0.64648438
v 0.04882812 -0.55664062 -0.64648438
v 0.06445312 -0.47070312 -0.64648438
v 0.08398438 -0.38476562 -0.64648438
v 0.08398438 0.18554688 -0.64648438
v 0.18554688 -0.12304688 -0.64648438
v -0.09179688 -0.21289062 -0.63867188
v -0.09179688 0.03710938 -0.63867188
v -0.06835938 -0.09179688 -0.63867188
v -0.05664062 -0.21289062 -0.63867188
v -0.04882812 -0.15429688 -0.63867188
v -0.00585938 0.20507812 -0.63867188
v 0.01367188 -0.56445312 -0.63867188
v 0.10351562 0.16210938 -0.63867188
v 0.16992188 -0.03320312 -0.63867188
v -0.08007812 -0.26367188 -0.63085938
v -0.06835938 -0.15429688 -0.63085938
v 0.10742188 -0.32226562 -0.63085938
v 0.13867188 -0.22460938 -0.63085938
v -0.08007812 -0.21289062 -0.62304688
v -0.06835938 -0.02539062 -0.62304688
v -0.04882812 -0.48242188 -0.62304688
v -0.04882812 -0.39257812 -0.62304688
v 0.04882812 -0.48242188 -0.62304688
v 0.13867188 -0.13476562 -0.62304688
v 0.13867188 0.09960938 -0.62304688
v 0.15820312 0.03710938 -0.62304688
v -0.08007812 0.02539062 -0.61132812
v -0.04882812 -0.31054688 -0.61132812
v -0.04882812 -0.15429688 -0.61132812
v -0.04492188 -0.09179688 -0.61132812
v 0.05664062 -0.39257812 -0.61132812
v 0.06445312 -0.31054688 -0.61132812
v 0.10742188 0.15429688 -0.61132812
v 0.12695312 0.01757812 -0.61132812
v 0.13867188 -0.05273438 -0.61132812
v -0.04882812 -0.22460938 -0.60351562
v -0.04492188 -0.02539062 -0.60351562
v -0.02539062 -0.48242188 -0.60351562
v -0.02539062 -0.39257812 -0.60351562
v -0.02539062 -0.09179688 -0.60351562
v -0.02539062 -0.02539062 -0.60351562
v 0.00585938 -0.09179688 -0.60351562
v 0.00585938 -0.02539062 -0.60351562
v 0.02539062 -0.48242188 -0.60351562
v 0.02539062 -0.39257812 -0.60351562
v 0.03710938 -0.02539062 -0.60351562
v 0.04492188 -0.09179688 -0.60351562
v 0.06445312 -0.01367188 -0.60351562
v 0.08398438 -0.22460938 -0.60351562
v 0.08398438 -0.13476562 -0.60351562
v 0.08398438 -0.07226562 -0.60351562
v 0.08398438 0.00585938 -0.60351562
v -0.06835938 0.08789062 -0.59570312
v -0.06835938 0.15429688 -0.59570312
v -0.03710938 0.01757812 -0.59570312
v -0.02539062 -0.31054688 -0.59570312
v -0.02539062 -0.14257812 -0.59570312
v -0.02539062 0.01757812 -0.59570312
v 0.00585938 0.02539062 -0.59570312
v 0.03710938 -0.31054688 -0.59570312
v 0.03710938 0.02539062 -0.59570312
v 0.04492188 -0.21289062 -0.59570312
v 0.04492188 -0.14257812 -0.59570312
v 0.10742188 0.08789062 -0.59570312
v -0.02539062 -0.22460938 -0.58789062
v 0.06445312 0.05664062 -0.58789062
v 0.10351562 -0.34960938 -0.58789062
v 0.12695312 -0.34960938 -0.58789062
v -0.05664062 0.14257812 -0.58007812
v -0.02539062 0.05664062 -0.58007812
v 0.04882812 0.05664062 -0.58007812
v 0.08398438 0.14257812 -0.58007812
v 0.10351562 -0.38476562 -0.58007812
v 0.12695312 -0.38476562 -0.58007812
v -0.02539062 0.05664062 -0.57226562
v -0.02539062 0.21289062 -0.57226562
v 0.00585938 0.06835938 -0.57226562
v 0.02539062 0.06835938 -0.57226562
v 0.02539062 0.21289062 -0.57226562
v 0.04882812 0.20507812 -0.57226562
v 0.06445312 0.17382812 -0.57226562
v 0.09179688 -0.34960938 -0.57226562
v 0.14648438 -0.34960938 -0.57226562
v -0.04492188 0.12304688 -0.56445312
v 0.06445312 0.12304688 -0.56445312
v 0.08398438 -0.38476562 -0.56445312
v 0.10351562 -0.44335938 -0.56445312
v 0.10351562 -0.32226562 -0.56445312
v 0.12695312 -0.44335938 -0.56445312
v 0.13867188 -0.32226562 -0.56445312
v 0.14648438 -0.38476562 -0.56445312
v -0.02539062 0.08789062 -0.55664062
v 0.04492188 0.11132812 -0.55664062
v 0.08398438 -0.34960938 -0.55664062
v 0.10351562 -0.65429688 -0.55664062
v 0.10351562 -0.58398438 -0.55664062
v 0.10351562 -0.50585938 -0.55664062
v 0.11523438 -0.50585938 -0.55664062
v 0.12695312 -0.50585938 -0.55664062
v 0.15820312 -0.34960938 -0.55664062
v 0.08398438 -0.44335938 -0.54882812
v 0.08398438 -0.38476562 -0.54882812
v 0.09179688 -0.58398438 -0.54882812
v 0.12695312 -0.58398438 -0.54882812
v 0.14648438 -0.44335938 -0.54882812
v 0.15820312 -0.38476562 -0.54882812
v 0.08398438 -0.65429688 -0.54101562
v 0.08398438 -0.50585938 -0.54101562
v 0.10351562 -0.71289062 -0.54101562
v 0.12695312 -0.65429688 -0.54101562
v 0.14648438 -0.50585938 -0.54101562
v -0.11914062 -0.36132812 -0.52929688
v -0.10351562 -0.36132812 -0.52929688
v -0.04492188 0.18554688 -0.52929688
v -0.02539062 0.11132812 -0.52929688
v 0.00585938 0.12304688 -0.52929688
v 0.02539062 0.12304688 -0.52929688
v 0.08398438 -0.71289062 -0.52929688
v 0.08398438 -0.58398438 -0.52929688
v 0.08398438 -0.49414062 -0.52929688
v 0.08398438 -0.42773438 -0.52929688
v 0.10742188 -0.31054688 -0.52929688
v 0.12695312 -0.71289062 -0.52929688
v 0.13867188 -0.31054688 -0.52929688
v 0.14648438 -0.42773438 -0.52929688
v -0.13867188 -0.32226562 -0.52148438
v -0.10351562 -0.32226562 -0.52148438
v -0.04882812 -0.06054688 -0.52148438
v -0.03710938 0.15429688 -0.52148438
v -0.02539062 0.00585938 -0.52148438
v -0.02539062 0.11132812 -0.52148438
v -0.02539062 0.21289062 -0.52148438
v 0.00585938 0.21289062 -0.52148438
v 0.03710938 0.00585938 -0.52148438
v 0.03710938 0.20507812 -0.52148438
v 0.04492188 0.15429688 -0.52148438
v 0.04882812 -0.06054688 -0.52148438
v 0.04882812 0.17382812 -0.52148438
v 0.06445312 -0.36132812 -0.52148438
v 0.08398438 -0.64257812 -0.52148438
v 0.08398438 -0.49414062 -0.52148438
v 0.08398438 -0.32226562 -0.52148438
v 0.13867188 -0.49414062 -0.52148438
v 0.14648438 -0.58398438 -0.52148438
v 0.16992188 -0.36132812 -0.52148438
v 0.16992188 -0.32226562 -0.52148438
v -0.13867188 -0.36132812 -0.50585938
v -0.11914062 -0.40429688 -0.50585938
v -0.10351562 -0.40429688 -0.50585938
v -0.08007812 -0.36132812 -0.50585938
v -0.08007812 -0.06054688 -0.50585938
v -0.05664062 -0.00585938 -0.50585938
v -0.05664062 0.05664062 -0.50585938
v -0.03710938 -0.05273438 -0.50585938
v -0.02539062 0.06835938 -0.50585938
v 0.00585938 -0.03320312 -0.50585938
v 0.00585938 0.01757812 -0.50585938
v 0.00585938 0.06835938 -0.50585938
v 0.02539062 0.06835938 -0.50585938
v 0.03710938 -0.05273438 -0.50585938
v 0.08398438 -0.75976562 -0.50585938
v 0.08398438 -0.57617188 -0.50585938
v 0.08398438 -0.06054688 -0.50585938
v 0.08398438 -0.00585938 -0.50585938
v 0.08398438 0.05664062 -0.50585938
v 0.10351562 -0.75976562 -0.50585938
v 0.12695312 -0.49414062 -0.50585938
v 0.13867188 -0.42773438 -0.50585938
v 0.14648438 -0.64257812 -0.50585938
v -0.15820312 -0.34179688 -0.49804688
v -0.12695312 -0.06054688 -0.49804688
v -0.10351562 -0.00585938 -0.49804688
v -0.08007812 -0.32226562 -0.49804688
v -0.08007812 -0.11132812 -0.49804688
v -0.08007812 0.04492188 -0.49804688
v -0.02539062 0.12304688 -0.49804688
v -0.02539062 0.13085938 -0.49804688
v 0.00585938 0.13085938 -0.49804688
v 0.02539062 0.13085938 -0.49804688
v 0.06835938 -0.69335938 -0.49804688
v 0.08398438 -0.63476562 -0.49804688
v 0.08398438 -0.39257812 -0.49804688
v 0.08398438 -0.11132812 -0.49804688
v 0.09179688 -0.49414062 -0.49804688
v 0.10351562 -0.57226562 -0.49804688
v 0.10351562 -0.49414062 -0.49804688
v 0.10351562 -0.42773438 -0.49804688
v 0.10742188 -0.89648438 -0.49804688
v 0.10742188 -0.84570312 -0.49804688
v 0.10742188 -0.49414062 -0.49804688
v 0.12695312 -0.75976562 -0.49804688
v 0.12695312 -0.57617188 -0.49804688
v 0.12695312 -0.04101562 -0.49804688
v 0.12695312 -0.00585938 -0.49804688
v 0.14648438 -0.39257812 -0.49804688
v 0.15820312 -0.70507812 -0.49804688
v -0.15820312 -0.33007812 -0.49023438
v -0.13867188 -0.40429688 -0.49023438
v -0.13867188 -0.09960938 -0.49023438
v -0.13867188 -0.05273438 -0.49023438
v -0.13867188 -0.01367188 -0.49023438
v -0.08007812 -0.40429688 -0.49023438
v -0.05664062 0.11132812 -0.49023438
v -0.04882812 -0.13476562 -0.49023438
v 0.04882812 -0.13476562 -0.49023438
v 0.06445312 -0.33007812 -0.49023438
v 0.08398438 0.11132812 -0.49023438
v 0.10742188 -0.57226562 -0.49023438
v 0.10742188 -0.42773438 -0.49023438
v 0.10742188 -0.29101562 -0.49023438
v 0.12695312 -0.09960938 -0.49023438
v 0.12695312 0.04492188 -0.49023438
v 0.13867188 -0.89648438 -0.49023438
v 0.13867188 -0.84570312 -0.49023438
v 0.13867188 -0.63476562 -0.49023438
v 0.15820312 -0.29101562 -0.49023438
v 0.18554688 -0.33007812 -0.49023438
v -0.14648438 -0.30273438 -0.48242188
v -0.12695312 0.03710938 -0.48242188
v -0.10742188 -0.30273438 -0.48242188
v -0.10351562 -0.15820312 -0.48242188
v -0.08007812 0.10742188 -0.48242188
v -0.02539062 0.20507812 -0.48242188
v 0.00585938 0.21289062 -0.48242188
v 0.02539062 0.20507812 -0.48242188
v 0.08398438 -0.89648438 -0.48242188
v 0.08398438 -0.84570312 -0.48242188
v 0.08398438 -0.16992188 -0.48242188
v 0.10351562 -0.41601562 -0.48242188
v 0.10742188 -0.80664062 -0.48242188
v 0.10742188 -0.63476562 -0.48242188
v 0.10742188 0.10742188 -0.48242188
v 0.12695312 -0.40429688 -0.48242188
v 0.13867188 -0.15820312 -0.48242188
v 0.15820312 -0.37304688 -0.48242188
v -0.14648438 -0.15820312 -0.47460938
v -0.11914062 -0.45507812 -0.47460938
v -0.10742188 0.08789062 -0.47460938
v -0.10351562 -0.45507812 -0.47460938
v -0.02539062 0.17382812 -0.47460938
v 0.02539062 0.17382812 -0.47460938
v 0.05664062 0.15429688 -0.47460938
v 0.06445312 -0.74804688 -0.47460938
v 0.08007812 -0.69335938 -0.47460938
v 0.08398438 -0.80664062 -0.47460938
v 0.08398438 -0.37304688 -0.47460938
v 0.13867188 -0.80664062 -0.47460938
v 0.13867188 -0.25195312 -0.47460938
v 0.13867188 -0.21289062 -0.47460938
v 0.14648438 -0.21289062 -0.47460938
v 0.15820312 -0.84570312 -0.47460938
v 0.15820312 -0.69335938 -0.47460938
v 0.16992188 -0.89648438 -0.47460938
v 0.18554688 -0.30273438 -0.47460938
v -0.14648438 -0.25195312 -0.46679688
v -0.14648438 -0.21289062 -0.46679688
v -0.10351562 -0.25195312 -0.46679688
v -0.10351562 -0.21289062 -0.46679688
v -0.08007812 -0.45507812 -0.46679688
v -0.08007812 -0.30273438 -0.46679688
v -0.08007812 0.15429688 -0.46679688
v -0.06835938 -0.34960938 -0.46679688
v -0.06835938 -0.16992188 -0.46679688
v -0.02539062 0.17382812 -0.46679688
v 0.05664062 -0.16992188 -0.46679688
v 0.08398438 -0.30273438 -0.46679688
v 0.08398438 0.15429688 -0.46679688
v 0.10351562 -0.25195312 -0.46679688
v 0.10351562 -0.21289062 -0.46679688
v 0.15820312 -0.75976562 -0.46679688
v 0.16992188 0.03710938 -0.46679688
v 0.18554688 -0.09179688 -0.46679688
v 0.18554688 -0.02539062 -0.46679688
v -0.18554688 -0.09179688 -0.45507812
v -0.14648438 -0.39257812 -0.45507812
v -0.13867188 -0.45507812 -0.45507812
v -0.10351562 -0.52539062 -0.45507812
v -0.10351562 -0.21289062 -0.45507812
v -0.10351562 0.14257812 -0.45507812
v -0.06835938 -0.22460938 -0.45507812
v 0.08398438 -0.77929688 -0.45507812
v 0.08398438 -0.22460938 -0.45507812
v 0.10351562 -0.38476562 -0.45507812
v 0.10351562 0.17382812 -0.45507812
v 0.10742188 -0.68554688 -0.45507812
v 0.13867188 -0.68554688 -0.45507812
v 0.13867188 -0.38476562 -0.45507812
v 0.18554688 -0.15429688 -0.45507812
v -0.18554688 -0.27148438 -0.44726562
v -0.18554688 -0.21289062 -0.44726562
v -0.18554688 -0.15429688 -0.44726562
v -0.18554688 -0.02539062 -0.44726562
v -0.18554688 -0.01367188 -0.44726562
v -0.16601562 0.03710938 -0.44726562
v -0.11914062 -0.52539062 -0.44726562
v -0.08007812 -0.52539062 -0.44726562
v -0.08007812 -0.24414062 -0.44726562
v -0.02539062 0.20507812 -0.44726562
v 0.08398438 -0.73632812 -0.44726562
v 0.08398438 -0.24414062 -0.44726562
v 0.13867188 0.10742188 -0.44726562
v 0.18554688 -0.21289062 -0.44726562
v -0.15820312 -0.34960938 -0.43945312
v -0.03710938 -0.15820312 -0.43945312
v 0.00585938 -0.13476562 -0.43945312
v 0.00585938 0.20507812 -0.43945312
v 0.06445312 -0.89648438 -0.43945312
v 0.06445312 -0.84570312 -0.43945312
v 0.08398438 -0.34960938 -0.43945312
v 0.15820312 -0.74804688 -0.43945312
v 0.15820312 -0.35351562 -0.43945312
v 0.18554688 -0.84570312 -0.43945312
v 0.19726562 -0.89648438 -0.43945312
v -0.13867188 0.10742188 -0.43164062
v -0.12695312 -0.52539062 -0.43164062
v -0.12695312 -0.44335938 -0.43164062
v -0.08007812 -0.38476562 -0.43164062
v -0.08007812 0.17382812 -0.43164062
v -0.05664062 -0.21289062 -0.43164062
v -0.05664062 0.19335938 -0.43164062
v -0.04492188 -0.20117188 -0.43164062
v -0.02539062 0.20507812 -0.43164062
v 0.00585938 0.20507812 -0.43164062
v 0.02539062 -0.15820312 -0.43164062
v 0.02539062 0.20507812 -0.43164062
v 0.04492188 -0.21289062 -0.43164062
v 0.05664062 -0.21289062 -0.43164062
v 0.10351562 -0.36132812 -0.43164062
v 0.10742188 -0.73632812 -0.43164062
v 0.13867188 -0.73632812 -0.43164062
v 0.13867188 -0.36132812 -0.43164062
v -0.14648438 -0.36132812 -0.42382812
v -0.13867188 -0.38476562 -0.42382812
v -0.10351562 -0.65429688 -0.42382812
v -0.10351562 -0.58398438 -0.42382812
v -0.10351562 -0.38476562 -0.42382812
v -0.10351562 0.17382812 -0.42382812
v -0.08007812 -0.44335938 -0.42382812
v -0.08007812 -0.34960938 -0.42382812
v -0.06835938 -0.27148438 -0.42382812
v 0.06445312 -0.31054688 -0.42382812
v 0.06445312 -0.26367188 -0.42382812
v 0.08398438 -0.76757812 -0.42382812
v 0.19726562 -0.31054688 -0.42382812
v -0.18554688 -0.30273438 -0.41601562
v -0.12695312 -0.51367188 -0.41601562
v -0.11523438 -0.58398438 -0.41601562
v -0.10351562 -0.44335938 -0.41601562
v -0.08007812 -0.65429688 -0.41601562
v -0.08007812 -0.58398438 -0.41601562
v -0.06835938 -0.52539062 -0.41601562
v 0.16992188 -0.80664062 -0.41601562
v -0.20898438 -0.22460938 -0.40820312
v -0.11523438 -0.65429688 -0.40820312
v 0.05664062 -0.84570312 -0.40820312
v 0.19726562 -0.84570312 -0.40820312
v 0.20898438 0.04492188 -0.40820312
v 0.22070312 -0.14257812 -0.40820312
v 0.22070312 -0.02539062 -0.40820312
v 0.23242188 -0.09179688 -0.40820312
v -0.23242188 -0.09179688 -0.40039062
v -0.22070312 -0.15429688 -0.40039062
v -0.22070312 -0.02539062 -0.40039062
v -0.20898438 0.04492188 -0.40039062
v -0.13867188 -0.36132812 -0.40039062
v -0.12695312 -0.58398438 -0.40039062
v -0.10351562 -0.36132812 -0.40039062
v -0.08007812 0.20507812 -0.40039062
v -0.06835938 -0.58398438 -0.40039062
v -0.02539062 -0.15820312 -0.40039062
v -0.02539062 -0.15429688 -0.40039062
v -0.02539062 0.23242188 -0.40039062
v 0.00585938 -0.15429688 -0.40039062
v 0.02539062 -0.15820312 -0.40039062
v 0.02539062 -0.15429688 -0.40039062
v 0.02539062 0.23242188 -0.40039062
v 0.05664062 -0.89648438 -0.40039062
v 0.08398438 -0.80664062 -0.40039062
v 0.10742188 -0.76757812 -0.40039062
v 0.10742188 -0.36132812 -0.40039062
v 0.12695312 0.17382812 -0.40039062
v 0.13867188 -0.76757812 -0.40039062
v 0.13867188 -0.36132812 -0.40039062
v 0.18554688 0.12304688 -0.40039062
v 0.20898438 -0.89648438 -0.40039062
v -0.16601562 0.12304688 -0.39257812
v -0.10742188 0.18554688 -0.39257812
v -0.10351562 -0.70507812 -0.39257812
v -0.06835938 -0.65429688 -0.39257812
v -0.04882812 -0.21289062 -0.39257812
v 0.00585938 0.23242188 -0.39257812
v 0.04882812 -0.21289062 -0.39257812
v 0.18554688 -0.33007812 -0.39257812
v -0.20898438 -0.27148438 -0.38085938
v -0.18554688 -0.33007812 -0.38085938
v -0.13867188 -0.64257812 -0.38085938
v -0.12695312 -0.70507812 -0.38085938
v -0.12695312 -0.57617188 -0.38085938
v -0.08007812 -0.70507812 -0.38085938
v -0.08007812 -0.32226562 -0.38085938
v -0.05664062 -0.27148438 -0.38085938
v 0.05664062 -0.27148438 -0.38085938
v 0.08398438 -0.33007812 -0.38085938
v 0.14648438 -0.80664062 -0.38085938
v 0.20898438 -0.27148438 -0.38085938
v -0.06835938 -0.59570312 -0.37304688
v 0.06445312 -0.84570312 -0.37304688
v 0.10351562 -0.80664062 -0.37304688
v 0.18554688 -0.84570312 -0.37304688
v -0.10351562 -0.74804688 -0.36523438
v -0.05664062 -0.66601562 -0.36523438
v 0.05664062 -0.89648438 -0.36523438
v 0.13867188 -0.80664062 -0.36523438
v 0.19726562 -0.89648438 -0.36523438
v -0.14648438 -0.63476562 -0.35742188
v -0.14648438 -0.34960938 -0.35742188
v -0.12695312 -0.74804688 -0.35742188
v -0.10742188 -0.33007812 -0.35742188
v -0.08007812 -0.74804688 -0.35742188
v 0.10742188 -0.34179688 -0.35742188
v 0.14648438 -0.34960938 -0.35742188
v 0.23242188 -0.22460938 -0.35742188
v -0.21679688 -0.22460938 -0.34960938
v -0.14648438 -0.69335938 -0.34960938
v -0.10742188 -0.33007812 -0.34960938
v -0.08007812 0.21289062 -0.34960938
v -0.05664062 -0.62304688 -0.34960938
v 0.08398438 -0.84570312 -0.34960938
v 0.15820312 -0.84570312 -0.34960938
v -0.13867188 -0.89648438 -0.34179688
v -0.13867188 -0.84570312 -0.34179688
v -0.13867188 -0.62304688 -0.34179688
v -0.10351562 -0.89648438 -0.34179688
v -0.10351562 -0.84570312 -0.34179688
v -0.10351562 -0.77929688 -0.34179688
v -0.08007812 0.21289062 -0.34179688
v -0.04882812 -0.69335938 -0.34179688
v -0.03710938 -0.15820312 -0.34179688
v -0.02539062 -0.15429688 -0.34179688
v -0.02539062 0.23242188 -0.34179688
v 0.00585938 -0.15429688 -0.34179688
v 0.02539062 -0.15820312 -0.34179688
v 0.02539062 -0.15429688 -0.34179688
v 0.10351562 0.21289062 -0.34179688
v 0.10742188 -0.84570312 -0.34179688
v 0.13867188 -0.84570312 -0.34179688
v 0.15820312 0.18554688 -0.34179688
v 0.16992188 -0.89648438 -0.34179688
v 0.20898438 0.12304688 -0.34179688
v 0.23242188 0.04492188 -0.34179688
v 0.24414062 -0.15429688 -0.34179688
v 0.24414062 -0.09179688 -0.34179688
v 0.24414062 -0.02539062 -0.34179688
v -0.24414062 -0.09179688 -0.33398438
v -0.23242188 -0.15429688 -0.33398438
v -0.23242188 -0.02539062 -0.33398438
v -0.22070312 0.04492188 -0.33398438
v -0.19726562 -0.28320312 -0.33398438
v -0.19726562 0.12304688 -0.33398438
v -0.15820312 -0.89648438 -0.33398438
v -0.15820312 -0.84570312 -0.33398438
v -0.14648438 0.18554688 -0.33398438
v -0.13867188 -0.77929688 -0.33398438
v -0.10351562 -0.61523438 -0.33398438
v -0.08007812 -0.89648438 -0.33398438
v -0.08007812 -0.84570312 -0.33398438
v -0.08007812 -0.77929688 -0.33398438
v -0.05664062 -0.65429688 -0.33398438
v -0.05664062 -0.21289062 -0.33398438
v 0.00585938 0.24804688 -0.33398438
v 0.03710938 0.23242188 -0.33398438
v 0.05664062 -0.21289062 -0.33398438
v 0.08398438 -0.89648438 -0.33398438
v 0.19726562 -0.28320312 -0.33398438
v -0.14648438 -0.80664062 -0.32617188
v -0.14648438 -0.73632812 -0.32617188
v -0.10351562 -0.80664062 -0.32617188
v -0.08007812 -0.28320312 -0.32617188
v -0.05664062 -0.73632812 -0.32617188
v 0.08398438 -0.28320312 -0.32617188
v 0.10742188 -0.89648438 -0.32617188
v 0.13867188 -0.89648438 -0.32617188
v -0.18554688 -0.89648438 -0.31835938
v -0.18554688 -0.84570312 -0.31835938
v -0.06835938 -0.89648438 -0.31835938
v -0.06835938 -0.84570312 -0.31835938
v -0.10742188 -0.64257812 -0.31054688
v -0.08007812 -0.64257812 -0.31054688
v -0.06835938 -0.76757812 -0.31054688
v -0.05664062 -0.68554688 -0.31054688
v -0.15820312 -0.76757812 -0.29882812
v -0.15820312 -0.30273438 -0.29882812
v -0.12695312 -0.30273438 -0.29882812
v 0.10742188 -0.30273438 -0.29882812
v 0.14648438 -0.30273438 -0.29882812
v -0.20898438 -0.22460938 -0.29101562
v 0.20898438 -0.22460938 -0.29101562
v -0.05664062 -0.72460938 -0.28320312
v -0.02539062 0.23242188 -0.28320312
v -0.20898438 -0.89648438 -0.27539062
v -0.19726562 -0.84570312 -0.27539062
v -0.18554688 -0.80664062 -0.27539062
v -0.10351562 -0.68554688 -0.27539062
v -0.08007812 -0.22460938 -0.27539062
v -0.06835938 -0.80664062 -0.27539062
v -0.06835938 -0.75976562 -0.27539062
v -0.05664062 -0.89648438 -0.27539062
v -0.05664062 -0.84570312 -0.27539062
v -0.04882812 -0.15820312 -0.27539062
v -0.02539062 -0.14257812 -0.27539062
v 0.00585938 -0.14257812 -0.27539062
v 0.00585938 0.23242188 -0.27539062
v 0.02539062 -0.14257812 -0.27539062
v 0.04492188 0.23242188 -0.27539062
v 0.04882812 -0.15820312 -0.27539062
v 0.08398438 -0.22460938 -0.27539062
v 0.16992188 0.17382812 -0.27539062
v 0.20898438 0.11132812 -0.27539062
v 0.23242188 -0.15429688 -0.27539062
v 0.23242188 0.04492188 -0.27539062
v 0.24414062 -0.09179688 -0.27539062
v 0.24414062 -0.02539062 -0.27539062
v -0.23242188 -0.09179688 -0.26757812
v -0.23242188 -0.02539062 -0.26757812
v -0.22070312 -0.15429688 -0.26757812
v -0.22070312 0.04492188 -0.26757812
v -0.19726562 0.13085938 -0.26757812
v -0.15820312 -0.76757812 -0.26757812
v -0.10351562 -0.73632812 -0.25976562
v -0.08007812 -0.74804688 -0.25976562
v -0.08007812 -0.73632812 -0.25976562
v -0.08007812 0.21289062 -0.25976562
v -0.08007812 -0.74804688 -0.25195312
v -0.20898438 -0.84570312 -0.24414062
v -0.14648438 -0.22460938 -0.24414062
v -0.13867188 -0.76757812 -0.24414062
v -0.12695312 -0.22460938 -0.24414062
v -0.06835938 -0.84570312 -0.24414062
v -0.21679688 -0.89648438 -0.23632812
v -0.18554688 -0.80664062 -0.23632812
v -0.10351562 -0.76757812 -0.23632812
v -0.08007812 -0.80664062 -0.23632812
v -0.05664062 -0.89648438 -0.23632812
v -0.18554688 -0.84570312 -0.21679688
v -0.14648438 -0.80664062 -0.21679688
v -0.10742188 -0.80664062 -0.21679688
v -0.08007812 -0.84570312 -0.21679688
v -0.08007812 0.20507812 -0.21679688
v -0.06835938 -0.15429688 -0.21679688
v -0.03710938 -0.13476562 -0.21679688
v -0.02539062 0.21289062 -0.21679688
v 0.00585938 -0.13476562 -0.21679688
v 0.00585938 0.22460938 -0.21679688
v 0.03710938 -0.13476562 -0.21679688
v 0.04492188 0.22460938 -0.21679688
v 0.06445312 -0.14257812 -0.21679688
v 0.10351562 0.20507812 -0.21679688
v -0.20898438 -0.89648438 -0.20898438
v -0.16601562 -0.15429688 -0.20898438
v -0.14648438 0.17382812 -0.20898438
v -0.07226562 -0.89648438 -0.20898438
v -0.20898438 -0.09179688 -0.20117188
v -0.20898438 -0.02539062 -0.20117188
v -0.15820312 -0.84570312 -0.20117188
v -0.14648438 0.16210938 -0.20117188
v -0.10351562 -0.84570312 -0.20117188
v 0.15820312 0.16210938 -0.20117188
v 0.19726562 0.10742188 -0.20117188
v 0.20898438 -0.09179688 -0.20117188
v 0.20898438 0.03710938 -0.20117188
v 0.22070312 -0.02539062 -0.20117188
v -0.20898438 0.03710938 -0.19335938
v -0.19726562 0.10742188 -0.19335938
v -0.13867188 -0.84570312 -0.19335938
v -0.16601562 -0.89648438 -0.18554688
v -0.10351562 -0.89648438 -0.18554688
v -0.13867188 -0.89648438 -0.17773438
v -0.14648438 -0.09179688 -0.16210938
v -0.04882812 -0.15429688 -0.16210938
v -0.03710938 0.22460938 -0.16210938
v 0.00585938 -0.15820312 -0.16210938
v 0.04882812 -0.15429688 -0.16210938
v 0.08398438 -0.14257812 -0.16210938
v 0.14648438 -0.09179688 -0.16210938
v -0.18554688 -0.02539062 -0.15039062
v -0.08007812 0.18554688 -0.15039062
v -0.03710938 0.22460938 -0.15039062
v 0.00585938 0.20507812 -0.15039062
v 0.03710938 0.20507812 -0.15039062
v 0.18554688 -0.02539062 -0.15039062
v -0.16601562 0.02539062 -0.14257812
v 0.12695312 0.14257812 -0.14257812
v 0.18554688 0.02539062 -0.14257812
v -0.14648438 0.08007812 -0.13476562
v -0.12695312 0.13085938 -0.13476562
v 0.15820312 0.08007812 -0.13476562
v -0.19726562 -0.05273438 -0.09570312
v -0.19726562 -0.02539062 -0.09570312
v -0.16601562 -0.09960938 -0.09570312
v -0.12695312 -0.15429688 -0.09570312
v -0.09179688 -0.18164062 -0.09570312
v -0.04882812 -0.20117188 -0.09570312
v 0.00585938 -0.20117188 -0.09570312
v 0.05664062 -0.20117188 -0.09570312
v 0.09179688 -0.18164062 -0.09570312
v 0.13867188 -0.15429688 -0.09570312
v 0.16992188 -0.11132812 -0.09570312
v 0.19726562 -0.06054688 -0.09570312
v 0.20898438 -0.02539062 -0.09570312
v -0.18554688 0.01757812 -0.08789062
v -0.08007812 0.16210938 -0.08789062
v -0.03710938 0.19335938 -0.08789062
v 0.00585938 0.19335938 -0.08789062
v 0.03710938 0.19335938 -0.08789062
v 0.09179688 0.16210938 -0.08789062
v 0.19726562 0.01757812 -0.08789062
v -0.14648438 0.06835938 -0.08007812
v -0.13867188 0.10742188 -0.08007812
v 0.15820312 0.06835938 -0.08007812
v -0.14648438 0.10742188 -0.06835938
v 0.14648438 0.11132812 -0.06835938
v 0.20898438 -0.03320312 -0.06054688
v 0.00585938 0.18554688 -0.03710938
v -0.08007812 0.15429688 -0.02929688
v -0.03320312 0.17382812 -0.02929688
v 0.08398438 0.15429688 -0.02929688
v -0.20898438 -0.09960938 -0.02148438
v -0.20898438 -0.03320312 -0.02148438
v -0.19726562 0.01757812 -0.02148438
v -0.18554688 -0.14257812 -0.02148438
v -0.16601562 0.06835938 -0.02148438
v -0.14648438 -0.18945312 -0.02148438
v -0.13867188 0.11132812 -0.02148438
v -0.10351562 -0.22460938 -0.02148438
v -0.05664062 -0.23242188 -0.02148438
v 0.00585938 -0.23242188 -0.02148438
v 0.05664062 -0.23242188 -0.02148438
v 0.10351562 -0.22460938 -0.02148438
v 0.13867188 0.11132812 -0.02148438
v 0.14648438 -0.18945312 -0.02148438
v 0.18554688 -0.13476562 -0.02148438
v 0.18554688 0.06835938 -0.02148438
v 0.20898438 -0.09179688 -0.02148438
v 0.20898438 0.01757812 -0.02148438
v 0.22070312 -0.03320312 -0.02148438
v -0.03320312 0.17382812 0.01367188
v -0.00585938 0.18554688 0.01367188
v 0.03710938 0.17382812 0.01367188
v -0.08007812 0.15429688 0.02929688
v -0.00585938 0.21289062 0.02929688
v 0.08398438 0.15429688 0.02929688
v -0.03710938 0.20507812 0.03710938
v 0.03710938 0.21289062 0.03710938
v 0.08398438 0.18554688 0.03710938
v 0.10742188 0.15429688 0.03710938
v -0.12695312 0.12304688 0.04492188
v -0.08007812 0.17382812 0.04492188
v -0.00585938 0.23242188 0.04492188
v 0.00585938 0.23242188 0.04492188
v 0.00585938 0.24804688 0.04492188
v 0.06445312 0.21289062 0.04492188
v 0.13867188 0.12304688 0.04492188
v -0.10742188 0.15429688 0.05273438
v -0.23242188 -0.03320312 0.06054688
v -0.21679688 -0.09960938 0.06054688
v -0.20898438 0.01757812 0.06054688
v -0.19726562 -0.15429688 0.06054688
v -0.18554688 0.08007812 0.06054688
v -0.15820312 -0.20117188 0.06054688
v -0.13867188 -0.22460938 0.06054688
v -0.10742188 -0.23242188 0.06054688
v -0.05664062 -0.24414062 0.06054688
v 0.00585938 -0.25195312 0.06054688
v 0.06445312 -0.24414062 0.06054688
v 0.10742188 -0.23242188 0.06054688
v 0.12695312 0.15429688 0.06054688
v 0.15820312 -0.20117188 0.06054688
v 0.18554688 0.08007812 0.06054688
v 0.19726562 -0.15429688 0.06054688
v 0.22070312 -0.09960938 0.06054688
v 0.22070312 0.01757812 0.06054688
v 0.23242188 -0.03320312 0.06054688
v 0.03710938 0.24804688 0.06835938
v 0.08398438 0.21289062 0.06835938
v 0.10742188 0.18554688 0.06835938
v -0.12695312 0.14257812 0.08007812
v -0.10742188 0.18554688 0.08007812
v -0.08007812 0.21289062 0.08007812
v -0.02539062 0.24804688 0.08007812
v 0.00585938 0.24804688 0.08007812
v -0.14648438 0.11132812 0.08789062
v 0.14648438 0.11132812 0.08789062
v 0.00585938 0.26757812 0.09570312
v 0.03710938 0.25585938 0.09570312
v 0.08398438 0.24804688 0.09570312
v 0.12695312 0.15429688 0.09570312
v 0.10351562 0.21289062 0.10351562
v -0.10742188 0.21289062 0.11914062
v 0.03710938 0.27929688 0.11914062
v 0.06445312 0.27929688 0.11914062
v -0.12695312 0.15429688 0.12695312
v -0.08007812 0.24804688 0.12695312
v 0.03710938 0.26757812 0.12695312
v 0.08398438 0.26757812 0.12695312
v -0.14648438 0.08789062 0.13476562
v -0.03710938 0.26757812 0.13476562
v -0.19726562 0.02539062 0.14257812
v 0.00585938 0.32226562 0.14257812
v 0.04492188 0.32226562 0.14257812
v 0.10742188 0.22460938 0.14257812
v 0.12695312 0.15429688 0.14257812
v 0.15820312 0.08789062 0.14257812
v 0.20898438 0.02539062 0.14257812
v -0.20898438 -0.09960938 0.15039062
v -0.20898438 -0.03320312 0.15039062
v -0.18554688 -0.15429688 0.15039062
v -0.15820312 -0.18945312 0.15039062
v -0.13867188 -0.21289062 0.15039062
v -0.10742188 -0.23242188 0.15039062
v -0.05664062 -0.24414062 0.15039062
v 0.00585938 -0.25195312 0.15039062
v 0.06445312 -0.24414062 0.15039062
v 0.08398438 0.30664062 0.15039062
v 0.10742188 -0.23242188 0.15039062
v 0.15820312 -0.20117188 0.15039062
v 0.19726562 -0.15429688 0.15039062
v 0.20898438 -0.09960938 0.15039062
v 0.20898438 -0.03320312 0.15039062
v 0.10351562 0.26757812 0.16210938
v -0.08007812 0.26757812 0.17773438
v -0.04492188 0.30664062 0.17773438
v 0.06445312 0.33007812 0.17773438
v 0.18554688 0.16210938 0.17773438
v 0.00585938 0.33007812 0.18554688
v 0.13867188 0.23242188 0.18554688
v -0.18554688 0.09960938 0.19335938
v 0.20898438 0.09960938 0.19335938
v 0.08398438 -0.75976562 0.20117188
v 0.10351562 0.27929688 0.20117188
v -0.13867188 0.20507812 0.20898438
v -0.11914062 0.24804688 0.20898438
v -0.10351562 -0.75976562 0.20898438
v -0.05664062 -0.75976562 0.20898438
v 0.04882812 -0.75976562 0.20898438
v 0.08398438 -0.72460938 0.20898438
v 0.10351562 -0.75976562 0.20898438
v -0.18554688 0.14257812 0.21679688
v -0.10351562 -0.23242188 0.21679688
v -0.08007812 -0.72460938 0.21679688
v 0.06445312 0.34179688 0.21679688
v 0.08398438 -0.77929688 0.21679688
v 0.08398438 0.31054688 0.21679688
v 0.10742188 -0.23242188 0.21679688
v 0.12695312 -0.21289062 0.21679688
v 0.18554688 0.16210938 0.21679688
v 0.22070312 -0.03320312 0.21679688
v -0.18554688 -0.09179688 0.22460938
v -0.18554688 0.02539062 0.22460938
v -0.13867188 -0.18164062 0.22460938
v -0.10742188 -0.76757812 0.22460938
v -0.10351562 -0.25195312 0.22460938
v -0.08007812 -0.77929688 0.22460938
v -0.08007812 -0.67382812 0.22460938
v -0.08007812 -0.47070312 0.22460938
v -0.08007812 0.30664062 0.22460938
v -0.05664062 -0.72460938 0.22460938
v 0.00585938 0.34179688 0.22460938
v 0.03710938 0.34179688 0.22460938
v 0.04492188 0.38867188 0.22460938
v 0.05664062 -0.72460938 0.22460938
v 0.05664062 0.45507812 0.22460938
v 0.06445312 0.38867188 0.22460938
v 0.06445312 0.45507812 0.22460938
v 0.08398438 -0.67382812 0.22460938
v 0.08398438 -0.44335938 0.22460938
v 0.08398438 0.37695312 0.22460938
v 0.10351562 -0.72460938 0.22460938
v 0.10351562 -0.47460938 0.22460938
v 0.10742188 -0.25195312 0.22460938
v 0.12695312 -0.22460938 0.22460938
v 0.12695312 0.20507812 0.22460938
v 0.18554688 -0.15429688 0.22460938
v 0.19726562 0.02539062 0.22460938
v 0.20898438 -0.09179688 0.22460938
v -0.18554688 -0.03320312 0.23632812
v -0.16601562 -0.09179688 0.23632812
v -0.15820312 -0.14257812 0.23632812
v -0.10742188 -0.72460938 0.23632812
v -0.08007812 -0.25195312 0.23632812
v -0.08007812 -0.23242188 0.23632812
v -0.06835938 -0.67382812 0.23632812
v -0.04882812 -0.75976562 0.23632812
v -0.04492188 0.33007812 0.23632812
v 0.00585938 0.38867188 0.23632812
v 0.04492188 0.38867188 0.23632812
v 0.04882812 -0.75976562 0.23632812
v 0.06445312 -0.67382812 0.23632812
v 0.06445312 -0.47460938 0.23632812
v 0.06445312 0.51757812 0.23632812
v 0.08398438 -0.25195312 0.23632812
v 0.08398438 -0.23242188 0.23632812
v 0.08398438 0.43554688 0.23632812
v 0.10742188 -0.76757812 0.23632812
v 0.16992188 -0.15429688 0.23632812
v 0.19726562 -0.09179688 0.23632812
v 0.20898438 -0.03320312 0.23632812
v -0.20898438 0.08007812 0.24414062
v -0.11523438 -0.47070312 0.24414062
v -0.11523438 -0.44335938 0.24414062
v -0.10742188 -0.67382812 0.24414062
v -0.10351562 -0.33007812 0.24414062
v -0.09179688 -0.33007812 0.24414062
v -0.08007812 -0.62304688 0.24414062
v -0.08007812 -0.42773438 0.24414062
v -0.06835938 -0.62304688 0.24414062
v -0.05664062 -0.47070312 0.24414062
v -0.05664062 -0.24414062 0.24414062
v -0.04882812 -0.72460938 0.24414062
v 0.00585938 -0.25195312 0.24414062
v 0.00585938 0.45507812 0.24414062
v 0.04882812 -0.72460938 0.24414062
v 0.04882812 0.45507812 0.24414062
v 0.05664062 -0.25195312 0.24414062
v 0.06445312 -0.53320312 0.24414062
v 0.08398438 -0.62304688 0.24414062
v 0.08398438 -0.53320312 0.24414062
v 0.08398438 0.36914062 0.24414062
v 0.09179688 -0.33007812 0.24414062
v 0.10742188 -0.33007812 0.24414062
v 0.11914062 -0.47070312 0.24414062
v 0.20898438 0.08007812 0.24414062
v -0.12695312 -0.76757812 0.25195312
v -0.10351562 -0.89648438 0.25195312
v -0.10351562 -0.84570312 0.25195312
v -0.10351562 -0.76757812 0.25195312
v -0.08007812 -0.89648438 0.25195312
v -0.08007812 -0.84570312 0.25195312
v -0.08007812 -0.53320312 0.25195312
v -0.06835938 -0.53320312 0.25195312
v 0.04492188 0.50585938 0.25195312
v 0.05664062 -0.47070312 0.25195312
v 0.06445312 -0.62304688 0.25195312
v 0.08398438 -0.89648438 0.25195312
v 0.08398438 0.48632812 0.25195312
v 0.09179688 -0.84570312 0.25195312
v 0.10351562 -0.53320312 0.25195312
v 0.10351562 0.27929688 0.25195312
v 0.10742188 -0.89648438 0.25195312
v 0.10742188 -0.84570312 0.25195312
v 0.10742188 -0.72460938 0.25195312
v 0.10742188 -0.67382812 0.25195312
v 0.11523438 -0.44335938 0.25195312
v 0.12695312 0.41992188 0.25195312
v 0.12695312 0.42773438 0.25195312
v 0.14648438 -0.23242188 0.25195312
v -0.20898438 0.01757812 0.25976562
v -0.16601562 0.15429688 0.25976562
v -0.14648438 -0.23242188 0.25976562
v -0.12695312 -0.89648438 0.25976562
v -0.12695312 -0.84570312 0.25976562
v -0.12695312 -0.33007812 0.25976562
v -0.12695312 0.21289062 0.25976562
v -0.10742188 -0.72460938 0.25976562
v -0.10351562 -0.62304688 0.25976562
v -0.10351562 -0.53320312 0.25976562
v -0.10351562 -0.41601562 0.25976562
v -0.08007812 -0.41601562 0.25976562
v -0.08007812 0.33007812 0.25976562
v -0.06835938 -0.61523438 0.25976562
v -0.06835938 -0.33007812 0.25976562
v -0.05664062 -0.44335938 0.25976562
v -0.03710938 0.38867188 0.25976562
v 0.04882812 -0.75976562 0.25976562
v 0.05664062 -0.44335938 0.25976562
v 0.06445312 -0.33007812 0.25976562
v 0.06445312 0.55664062 0.25976562
v 0.08398438 -0.84570312 0.25976562
v 0.08398438 -0.76757812 0.25976562
v 0.08398438 -0.41601562 0.25976562
v 0.10351562 -0.62304688 0.25976562
v 0.10351562 0.32226562 0.25976562
v 0.10742188 -0.76757812 0.25976562
v 0.12695312 -0.89648438 0.25976562
v 0.12695312 -0.84570312 0.25976562
v 0.12695312 -0.76757812 0.25976562
v 0.12695312 -0.33007812 0.25976562
v 0.12695312 0.44726562 0.25976562
v 0.13867188 0.40820312 0.25976562
v 0.13867188 0.42773438 0.25976562
v 0.16992188 -0.15820312 0.25976562
v 0.20898438 0.01757812 0.25976562
v -0.19726562 -0.03320312 0.26757812
v -0.16601562 -0.15820312 0.26757812
v -0.10742188 0.27929688 0.26757812
v -0.10351562 -0.80664062 0.26757812
v -0.06835938 -0.89648438 0.26757812
v -0.06835938 -0.84570312 0.26757812
v -0.05664062 -0.75976562 0.26757812
v -0.05664062 -0.72460938 0.26757812
v -0.05664062 -0.53320312 0.26757812
v -0.04882812 -0.23242188 0.26757812
v -0.04492188 -0.47070312 0.26757812
v 0.00585938 0.51757812 0.26757812
v 0.04492188 0.54492188 0.26757812
v 0.04882812 -0.72460938 0.26757812
v 0.04882812 -0.23242188 0.26757812
v 0.05664062 -0.89648438 0.26757812
v 0.05664062 -0.84570312 0.26757812
v 0.05664062 -0.67382812 0.26757812
v 0.05664062 -0.63476562 0.26757812
v 0.06445312 0.54492188 0.26757812
v 0.10351562 -0.80664062 0.26757812
v 0.10351562 -0.41601562 0.26757812
v 0.10742188 0.37695312 0.26757812
v 0.11523438 -0.72460938 0.26757812
v 0.13867188 0.20507812 0.26757812
v 0.13867188 0.42773438 0.26757812
v 0.16992188 0.15429688 0.26757812
v 0.18554688 -0.09179688 0.26757812
v 0.19726562 -0.03320312 0.26757812
v -0.18554688 -0.09179688 0.27539062
v -0.14648438 -0.89648438 0.27539062
v -0.14648438 -0.84570312 0.27539062
v -0.13867188 -0.75976562 0.27539062
v -0.13867188 -0.47460938 0.27539062
v -0.12695312 -0.44335938 0.27539062
v -0.11523438 -0.41601562 0.27539062
v -0.10742188 -0.62304688 0.27539062
v -0.10742188 -0.53320312 0.27539062
v -0.06835938 -0.41601562 0.27539062
v -0.02539062 0.45507812 0.27539062
v 0.00585938 -0.24414062 0.27539062
v 0.06445312 -0.76757812 0.27539062
v 0.06445312 -0.41601562 0.27539062
v 0.08398438 0.50585938 0.27539062
v 0.10351562 -0.62304688 0.27539062
v 0.10742188 -0.53320312 0.27539062
v 0.13867188 -0.47460938 0.27539062
v 0.13867188 -0.44335938 0.27539062
v 0.14648438 -0.89648438 0.27539062
v 0.14648438 -0.84570312 0.27539062
v -0.20898438 0.08789062 0.28320312
v -0.13867188 -0.33007812 0.28320312
v -0.10351562 0.32226562 0.28320312
v -0.05664062 -0.62304688 0.28320312
v -0.05664062 -0.33007812 0.28320312
v 0.05664062 -0.67382812 0.28320312
v 0.05664062 -0.62304688 0.28320312
v 0.05664062 -0.33007812 0.28320312
v 0.06445312 0.58789062 0.28320312
v 0.10742188 -0.67382812 0.28320312
v 0.11523438 -0.40820312 0.28320312
v 0.12695312 0.27929688 0.28320312
v -0.11523438 -0.41601562 0.29101562
v -0.06835938 0.38867188 0.29101562
v -0.05664062 -0.75976562 0.29101562
v -0.05664062 -0.72460938 0.29101562
v 0.04492188 0.58007812 0.29101562
v 0.05664062 -0.75976562 0.29101562
v 0.05664062 -0.72460938 0.29101562
v 0.11523438 -0.40820312 0.29101562
v 0.12695312 -0.75976562 0.29101562
v 0.12695312 0.32226562 0.29101562
v 0.16992188 -0.23242188 0.29101562
v 0.20898438 0.08007812 0.29101562
v -0.22070312 0.02539062 0.29882812
v -0.15820312 -0.23242188 0.29882812
v -0.12695312 -0.75976562 0.29882812
v -0.10351562 -0.62304688 0.29882812
v -0.10351562 -0.53320312 0.29882812
v -0.06835938 -0.77929688 0.29882812
v -0.05664062 -0.53320312 0.29882812
v -0.05664062 -0.42773438 0.29882812
v -0.04882812 -0.89648438 0.29882812
v -0.04882812 -0.84570312 0.29882812
v -0.04882812 -0.47460938 0.29882812
v -0.04492188 0.45507812 0.29882812
v -0.03710938 -0.23242188 0.29882812
v -0.02539062 0.52539062 0.29882812
v 0.00585938 -0.23242188 0.29882812
v 0.00585938 0.56835938 0.29882812
v 0.02539062 -0.23242188 0.29882812
v 0.04492188 -0.89648438 0.29882812
v 0.04882812 -0.84570312 0.29882812
v 0.05664062 -0.80664062 0.29882812
v 0.05664062 -0.76757812 0.29882812
v 0.05664062 -0.41601562 0.29882812
v 0.06445312 0.56835938 0.29882812
v 0.08398438 -0.67382812 0.29882812
v 0.08398438 -0.62304688 0.29882812
v 0.10351562 -0.53320312 0.29882812
v 0.10351562 0.51757812 0.29882812
v 0.18554688 -0.15820312 0.29882812
v 0.18554688 0.21289062 0.29882812
v 0.19726562 0.15429688 0.29882812
v 0.20898438 -0.03320312 0.29882812
v 0.22070312 0.01757812 0.29882812
v -0.20898438 -0.03320312 0.31054688
v -0.18554688 -0.15820312 0.31054688
v -0.16601562 -0.89648438 0.31054688
v -0.16601562 0.15429688 0.31054688
v -0.15820312 -0.84570312 0.31054688
v -0.14648438 -0.33007812 0.31054688
v -0.13867188 -0.80664062 0.31054688
v -0.12695312 -0.44335938 0.31054688
v -0.12695312 0.21289062 0.31054688
v -0.11523438 -0.41601562 0.31054688
v -0.11523438 0.27929688 0.31054688
v -0.06835938 -0.75976562 0.31054688
v -0.06835938 -0.73632812 0.31054688
v -0.04882812 -0.33007812 0.31054688
v 0.04882812 -0.33007812 0.31054688
v 0.06445312 -0.73632812 0.31054688
v 0.06445312 0.61914062 0.31054688
v 0.06445312 0.62695312 0.31054688
v 0.08398438 -0.72460938 0.31054688
v 0.10351562 -0.73632812 0.31054688
v 0.11523438 -0.41601562 0.31054688
v 0.12695312 -0.44335938 0.31054688
v 0.12695312 0.38867188 0.31054688
v 0.13867188 -0.80664062 0.31054688
v 0.14648438 -0.33007812 0.31054688
v 0.15820312 -0.84570312 0.31054688
v 0.16992188 -0.89648438 0.31054688
v 0.19726562 -0.09179688 0.31054688
v -0.23242188 -0.03320312 0.31835938
v -0.19726562 -0.09179688 0.31835938
v -0.08007812 -0.53320312 0.31835938
v 0.08398438 -0.53320312 0.31835938
v 0.16992188 0.27929688 0.31835938
v -0.20898438 0.08789062 0.32617188
v -0.11523438 -0.47460938 0.32617188
v -0.10742188 0.32226562 0.32617188
v -0.09179688 0.38867188 0.32617188
v -0.06835938 0.45507812 0.32617188
v -0.05664062 -0.47460938 0.32617188
v -0.05664062 -0.44335938 0.32617188
v -0.04492188 0.52539062 0.32617188
v 0.02539062 0.60742188 0.32617188
v 0.05664062 -0.47460938 0.32617188
v 0.05664062 -0.44335938 0.32617188
v 0.08398438 -0.75976562 0.32617188
v 0.08398438 -0.74804688 0.32617188
v 0.11523438 -0.47070312 0.32617188
v 0.18554688 -0.23242188 0.32617188
v -0.24414062 -0.03320312 0.33398438
v -0.23242188 0.02539062 0.33398438
v -0.16601562 -0.23242188 0.33398438
v -0.15820312 -0.84570312 0.33398438
v -0.13867188 -0.80664062 0.33398438
v -0.13867188 -0.33007812 0.33398438
v -0.11523438 -0.44335938 0.33398438
v -0.06835938 -0.33007812 0.33398438
v -0.04882812 -0.84570312 0.33398438
v -0.04492188 -0.89648438 0.33398438
v -0.03710938 -0.23242188 0.33398438
v 0.02539062 -0.89648438 0.33398438
v 0.03710938 -0.23242188 0.33398438
v 0.04492188 -0.84570312 0.33398438
v 0.04492188 0.63867188 0.33398438
v 0.05664062 0.65039062 0.33398438
v 0.06445312 -0.33007812 0.33398438
v 0.06445312 0.65039062 0.33398438
v 0.10742188 0.45507812 0.33398438
v 0.11523438 -0.44335938 0.33398438
v 0.13867188 -0.80664062 0.33398438
v 0.13867188 -0.33007812 0.33398438
v 0.15820312 -0.84570312 0.33398438
v 0.16992188 0.32226562 0.33398438
v 0.19726562 -0.15820312 0.33398438
v -0.18554688 -0.89648438 0.34179688
v -0.08007812 -0.47460938 0.34179688
v -0.08007812 -0.43164062 0.34179688
v -0.05664062 -0.80664062 0.34179688
v -0.00585938 0.59960938 0.34179688
v 0.05664062 -0.80664062 0.34179688
v 0.08398438 -0.47460938 0.34179688
v 0.08398438 -0.43164062 0.34179688
v 0.08398438 0.58789062 0.34179688
v 0.10351562 0.52539062 0.34179688
v 0.16992188 -0.89648438 0.34179688
v 0.20898438 0.15429688 0.34179688
v 0.20898438 0.21289062 0.34179688
v 0.22070312 -0.03320312 0.34179688
v 0.22070312 0.01757812 0.34179688
v 0.22070312 0.08007812 0.34179688
v -0.23242188 -0.16992188 0.34960938
v -0.18554688 -0.15820312 0.34960938
v -0.12695312 -0.33007812 0.34960938
v -0.09179688 -0.33007812 0.34960938
v -0.08007812 0.45507812 0.34960938
v 0.00585938 -0.24414062 0.34960938
v 0.06445312 0.61914062 0.34960938
v 0.09179688 -0.33007812 0.34960938
v 0.12695312 -0.33007812 0.34960938
v 0.15820312 0.38867188 0.34960938
v 0.20898438 -0.09179688 0.34960938
v -0.27148438 -0.09960938 0.35742188
v -0.15429688 -0.84570312 0.35742188
v -0.14648438 0.15429688 0.35742188
v -0.12695312 -0.80664062 0.35742188
v -0.12695312 0.21289062 0.35742188
v -0.10351562 -0.33007812 0.35742188
v -0.05664062 0.53710938 0.35742188
v -0.04882812 -0.84570312 0.35742188
v 0.04492188 -0.84570312 0.35742188
v 0.10351562 -0.33007812 0.35742188
v 0.12695312 -0.80664062 0.35742188
v 0.12695312 0.45507812 0.35742188
v 0.15429688 -0.84570312 0.35742188
v 0.16992188 -0.23242188 0.35742188
v 0.19726562 0.27929688 0.35742188
v 0.24414062 0.17382812 0.35742188
v -0.19726562 0.08789062 0.36523438
v -0.14648438 -0.23242188 0.36523438
v -0.10742188 0.27929688 0.36523438
v -0.10742188 0.38867188 0.36523438
v -0.10351562 -0.80664062 0.36523438
v -0.08007812 -0.80664062 0.36523438
v -0.05664062 -0.23242188 0.36523438
v -0.04882812 -0.89648438 0.36523438
v -0.03710938 0.59960938 0.36523438
v 0.04492188 -0.89648438 0.36523438
v 0.04882812 -0.23242188 0.36523438
v 0.08398438 -0.80664062 0.36523438
v 0.10742188 -0.80664062 0.36523438
v 0.19726562 -0.15820312 0.36523438
v 0.19726562 0.32226562 0.36523438
v 0.24414062 0.12304688 0.36523438
v -0.25195312 -0.03320312 0.37304688
v -0.23242188 0.02539062 0.37304688
v -0.16601562 -0.89648438 0.37304688
v -0.10742188 0.32226562 0.37304688
v -0.05664062 -0.84570312 0.37304688
v 0.00585938 0.65039062 0.37304688
v 0.05664062 -0.84570312 0.37304688
v 0.11914062 0.53710938 0.37304688
v 0.15820312 -0.23242188 0.37304688
v 0.16992188 -0.89648438 0.37304688
v 0.22070312 0.21289062 0.37304688
v 0.26367188 0.17382812 0.37304688
v -0.25195312 -0.09960938 0.38085938
v -0.18554688 -0.15820312 0.38085938
v -0.14648438 -0.84570312 0.38085938
v -0.09179688 0.45507812 0.38085938
v 0.03710938 0.66992188 0.38085938
v 0.05664062 0.67773438 0.38085938
v 0.06445312 0.66992188 0.38085938
v 0.06445312 0.67773438 0.38085938
v 0.14648438 -0.84570312 0.38085938
v 0.15820312 0.45507812 0.38085938
v 0.19726562 0.38867188 0.38085938
v 0.20898438 -0.09179688 0.38085938
v 0.23242188 0.15429688 0.38085938
v 0.24414062 0.01757812 0.38085938
v 0.24414062 0.08007812 0.38085938
v -0.12695312 -0.84570312 0.39257812
v -0.12695312 -0.23242188 0.39257812
v -0.08007812 0.53710938 0.39257812
v -0.07226562 -0.84570312 0.39257812
v -0.06835938 0.60742188 0.39257812
v -0.04882812 -0.89648438 0.39257812
v 0.04882812 -0.89648438 0.39257812
v 0.06445312 0.63867188 0.39257812
v 0.07617188 -0.84570312 0.39257812
v 0.12695312 -0.84570312 0.39257812
v 0.12695312 -0.23242188 0.39257812
v 0.18554688 -0.15820312 0.39257812
v 0.20898438 -0.03320312 0.39257812
v 0.22070312 0.21289062 0.39257812
v 0.26367188 0.12304688 0.39257812
v -0.23242188 -0.12304688 0.40039062
v -0.15820312 -0.89648438 0.40039062
v -0.10351562 -0.84570312 0.40039062
v -0.10351562 -0.23242188 0.40039062
v -0.08007812 -0.84570312 0.40039062
v -0.02539062 0.65039062 0.40039062
v 0.00585938 -0.23242188 0.40039062
v 0.08398438 -0.84570312 0.40039062
v 0.10351562 -0.23242188 0.40039062
v 0.10742188 -0.84570312 0.40039062
v 0.10742188 0.60742188 0.40039062
v 0.13867188 0.53710938 0.40039062
v 0.15820312 -0.89648438 0.40039062
v 0.18554688 0.45507812 0.40039062
v 0.24414062 0.17382812 0.40039062
v -0.18554688 0.08007812 0.40820312
v -0.13867188 0.14257812 0.40820312
v -0.10742188 0.20507812 0.40820312
v -0.10742188 0.38867188 0.40820312
v -0.05664062 -0.22460938 0.40820312
v 0.03710938 0.70507812 0.40820312
v 0.05664062 -0.22460938 0.40820312
v 0.05664062 0.71679688 0.40820312
v 0.23242188 -0.03320312 0.40820312
v 0.26367188 0.08007812 0.40820312
v -0.20898438 0.01757812 0.41601562
v -0.19726562 -0.11132812 0.41601562
v -0.14648438 -0.18164062 0.41601562
v -0.10742188 0.27929688 0.41601562
v -0.10742188 0.45507812 0.41601562
v -0.06835938 -0.89648438 0.41601562
v 0.00585938 0.70507812 0.41601562
v 0.06445312 -0.89648438 0.41601562
v 0.06445312 0.70507812 0.41601562
v 0.14648438 -0.18164062 0.41601562
v 0.19726562 -0.09960938 0.41601562
v -0.13867188 -0.89648438 0.42382812
v -0.10742188 0.32226562 0.42382812
v -0.10351562 0.53710938 0.42382812
v -0.08007812 -0.89648438 0.42382812
v 0.06445312 0.69335938 0.42382812
v 0.08398438 -0.89648438 0.42382812
v 0.13867188 -0.89648438 0.42382812
v 0.19726562 0.45507812 0.42382812
v 0.20898438 0.38867188 0.42382812
v 0.26367188 0.02539062 0.42382812
v -0.22070312 -0.06054688 0.43164062
v -0.20898438 -0.06054688 0.43164062
v -0.10351562 -0.89648438 0.43164062
v -0.10351562 -0.20117188 0.43164062
v -0.08007812 0.60742188 0.43164062
v -0.05664062 0.65039062 0.43164062
v 0.10351562 -0.20117188 0.43164062
v 0.10742188 -0.89648438 0.43164062
v 0.12695312 0.60742188 0.43164062
v 0.16992188 0.53710938 0.43164062
v 0.20898438 0.05664062 0.43164062
v 0.20898438 0.21289062 0.43164062
v 0.23242188 0.15429688 0.43164062
v 0.24023438 0.12304688 0.43164062
v -0.20898438 -0.09179688 0.43945312
v -0.05664062 -0.21289062 0.43945312
v 0.00585938 -0.22460938 0.43945312
v 0.05664062 -0.21289062 0.43945312
v 0.08398438 0.66992188 0.43945312
v 0.10742188 -0.89648438 0.43945312
v 0.19726562 0.01757812 0.43945312
v 0.24414062 -0.03320312 0.43945312
v -0.14648438 0.08007812 0.44726562
v -0.11523438 0.14257812 0.44726562
v -0.02539062 0.70507812 0.44726562
v 0.03710938 0.73632812 0.44726562
v 0.05664062 0.73632812 0.44726562
v 0.22070312 0.02539062 0.44726562
v 0.24023438 0.08007812 0.44726562
v -0.10742188 0.38867188 0.45507812
v -0.10742188 0.45507812 0.45507812
v 0.00585938 0.73632812 0.45507812
v 0.06445312 0.73632812 0.45507812
v 0.18554688 0.01757812 0.45507812
v 0.19726562 0.06835938 0.45507812
v 0.20898438 0.02539062 0.45507812
v 0.20898438 0.27929688 0.45507812
v -0.19726562 -0.03320312 0.46679688
v -0.16601562 -0.13476562 0.46679688
v -0.11914062 0.53710938 0.46679688
v -0.10351562 0.27929688 0.46679688
v 0.06445312 0.70507812 0.46679688
v 0.16992188 -0.13476562 0.46679688
v 0.18554688 -0.02539062 0.46679688
v 0.20898438 -0.09179688 0.46679688
v 0.20898438 0.15429688 0.46679688
v 0.20898438 0.21289062 0.46679688
v 0.22070312 0.38867188 0.46679688
v 0.22070312 0.45507812 0.46679688
v 0.23242188 0.01757812 0.46679688
v -0.10742188 0.60742188 0.47460938
v -0.10351562 0.32226562 0.47460938
v -0.08007812 0.66992188 0.47460938
v 0.10742188 0.66992188 0.47460938
v 0.15820312 0.61914062 0.47460938
v 0.18554688 0.06835938 0.47460938
v 0.19726562 0.53710938 0.47460938
v 0.18554688 0.09960938 0.48242188
v 0.20898438 -0.03320312 0.48242188
v 0.20898438 0.33007812 0.48242188
v -0.18554688 -0.09960938 0.49023438
v -0.18554688 -0.07226562 0.49023438
v -0.18554688 -0.04101562 0.49023438
v 0.18554688 -0.09960938 0.49023438
v 0.18554688 -0.04101562 0.49023438
v 0.19726562 0.15429688 0.49023438
v -0.13867188 0.02539062 0.49804688
v -0.10742188 -0.15820312 0.49804688
v -0.08007812 0.20507812 0.49804688
v -0.03710938 0.72460938 0.49804688
v -0.00585938 0.74414062 0.49804688
v 0.00585938 -0.16992188 0.49804688
v 0.00585938 0.75585938 0.49804688
v 0.03710938 0.75585938 0.49804688
v 0.05664062 0.75585938 0.49804688
v 0.06445312 0.74414062 0.49804688
v 0.06445312 0.75585938 0.49804688
v 0.10742188 -0.15820312 0.49804688
v 0.10742188 0.21289062 0.49804688
v 0.11523438 0.15429688 0.49804688
v 0.12695312 0.10742188 0.49804688
v 0.13867188 0.02539062 0.49804688
v 0.13867188 0.21289062 0.49804688
v 0.18554688 0.21289062 0.49804688
v -0.12695312 0.52539062 0.50585938
v -0.10742188 0.08007812 0.50585938
v -0.10742188 0.45507812 0.50585938
v -0.10351562 0.38867188 0.50585938
v -0.10351562 0.66992188 0.50585938
v -0.08007812 0.27929688 0.50585938
v -0.04882812 -0.15820312 0.50585938
v 0.06445312 -0.15820312 0.50585938
v 0.08398438 0.70507812 0.50585938
v 0.12695312 0.67773438 0.50585938
v 0.13867188 0.08007812 0.50585938
v 0.13867188 0.15429688 0.50585938
v 0.19726562 0.27929688 0.50585938
v 0.20898438 0.52539062 0.50585938
v 0.12695312 0.27929688 0.51367188
v -0.13867188 -0.03320312 0.52148438
v -0.12695312 0.60742188 0.52148438
v -0.08007812 0.33007812 0.52148438
v -0.06835938 0.69335938 0.52148438
v 0.10351562 0.15429688 0.52148438
v 0.10742188 0.10742188 0.52148438
v 0.13867188 -0.03320312 0.52148438
v 0.15820312 0.27929688 0.52148438
v 0.19726562 0.33007812 0.52148438
v 0.19726562 0.61914062 0.52148438
v -0.12695312 -0.11132812 0.52929688
v 0.10351562 0.21289062 0.52929688
v 0.11523438 -0.11132812 0.52929688
v -0.13867188 -0.07226562 0.54101562
v -0.13867188 0.50585938 0.54101562
v -0.11914062 0.45507812 0.54101562
v -0.08007812 -0.11132812 0.54101562
v -0.08007812 0.02539062 0.54101562
v -0.08007812 0.08007812 0.54101562
v -0.08007812 0.14257812 0.54101562
v -0.08007812 0.20507812 0.54101562
v -0.04492188 -0.11132812 0.54101562
v 0.00585938 -0.12304688 0.54101562
v 0.06445312 -0.11132812 0.54101562
v 0.10351562 0.27929688 0.54101562
v 0.12695312 -0.07226562 0.54101562
v 0.20898438 0.36914062 0.54101562
v 0.23242188 0.51757812 0.54101562
v -0.10351562 0.66992188 0.54882812
v -0.08007812 -0.07226562 0.54882812
v -0.08007812 -0.02539062 0.54882812
v -0.08007812 0.26757812 0.54882812
v -0.08007812 0.38867188 0.54882812
v -0.04492188 -0.07226562 0.54882812
v -0.04492188 0.72460938 0.54882812
v -0.01757812 0.75585938 0.54882812
v 0.00585938 -0.07226562 0.54882812
v 0.00585938 0.76367188 0.54882812
v 0.03710938 0.76367188 0.54882812
v 0.05664062 0.76367188 0.54882812
v 0.06445312 -0.07226562 0.54882812
v 0.06445312 -0.02539062 0.54882812
v 0.06445312 0.02539062 0.54882812
v 0.06445312 0.76367188 0.54882812
v 0.08398438 0.73632812 0.54882812
v 0.10351562 0.33007812 0.54882812
v 0.10351562 0.71679688 0.54882812
v -0.10742188 0.45507812 0.55664062
v -0.08007812 0.32226562 0.55664062
v -0.04492188 -0.02539062 0.55664062
v -0.04492188 0.02539062 0.55664062
v 0.00585938 -0.02539062 0.55664062
v 0.00585938 0.02539062 0.55664062
v 0.06445312 0.08789062 0.55664062
v 0.06445312 0.14257812 0.55664062
v 0.10742188 0.37695312 0.55664062
v 0.13867188 0.67773438 0.55664062
v -0.06835938 0.69335938 0.56445312
v -0.04492188 0.08007812 0.56445312
v 0.20898438 0.40820312 0.56445312
v 0.20898438 0.46679688 0.56445312
v -0.11914062 0.60742188 0.57226562
v -0.10742188 0.50585938 0.57226562
v -0.08007812 0.37695312 0.57226562
v -0.08007812 0.43554688 0.57226562
v -0.04492188 0.14257812 0.57226562
v 0.00585938 0.08007812 0.57226562
v 0.06445312 0.20507812 0.57226562
v 0.08398438 0.37695312 0.57226562
v 0.18554688 0.61914062 0.57226562
v 0.20898438 0.50585938 0.57226562
v -0.04492188 0.20507812 0.58007812
v 0.06445312 0.26757812 0.58007812
v -0.08007812 0.49804688 0.58789062
v -0.04492188 0.26757812 0.58789062
v -0.04492188 0.32226562 0.58789062
v 0.00585938 0.14257812 0.58789062
v 0.06445312 0.32226562 0.58789062
v -0.10351562 0.56835938 0.59570312
v -0.08007812 0.63867188 0.59570312
v -0.06835938 0.45507812 0.59570312
v -0.05664062 0.42773438 0.59570312
v -0.04492188 0.72460938 0.59570312
v -0.03710938 0.36914062 0.59570312
v -0.02539062 0.75585938 0.59570312
v 0.00585938 0.20507812 0.59570312
v 0.00585938 0.76367188 0.59570312
v 0.03710938 0.76367188 0.59570312
v 0.04492188 0.36914062 0.59570312
v 0.06445312 0.77148438 0.59570312
v 0.06445312 0.77929688 0.59570312
v 0.08398438 0.73632812 0.59570312
v 0.10742188 0.71679688 0.59570312
v 0.12695312 0.45507812 0.59570312
v 0.16992188 0.45507812 0.59570312
v -0.08007812 0.49804688 0.60351562
v -0.06835938 0.54492188 0.60351562
v -0.06835938 0.69335938 0.60351562
v -0.02539062 0.40039062 0.60351562
v 0.00585938 0.26757812 0.60351562
v 0.00585938 0.32226562 0.60351562
v 0.04492188 0.40039062 0.60351562
v 0.13867188 0.65039062 0.60351562
v 0.16992188 0.50585938 0.60351562
v 0.18554688 0.58789062 0.60351562
v 0.00585938 0.36914062 0.61132812
v -0.08007812 0.54492188 0.62304688
v 0.00585938 0.38867188 0.62304688
v 0.11914062 0.50585938 0.62304688
v 0.12695312 0.69335938 0.62304688
v 0.15820312 0.56835938 0.62304688
v -0.10742188 0.48632812 0.63085938
v -0.10351562 0.60742188 0.63085938
v -0.08007812 0.65039062 0.63085938
v 0.10742188 0.49804688 0.63085938
v 0.11914062 0.65039062 0.63085938
v 0.12695312 0.55664062 0.63085938
v 0.12695312 0.61914062 0.63085938
v -0.12695312 0.68554688 0.63867188
v -0.10742188 0.53710938 0.63867188
v -0.10742188 0.58007812 0.63867188
v -0.10742188 0.65039062 0.63867188
v -0.06835938 0.72460938 0.63867188
v -0.04492188 0.38867188 0.63867188
v -0.04492188 0.72460938 0.63867188
v -0.02539062 0.75585938 0.63867188
v 0.00585938 0.76367188 0.63867188
v 0.03710938 0.76367188 0.63867188
v 0.06445312 0.77148438 0.63867188
v 0.10351562 0.73632812 0.63867188
v -0.13867188 0.72460938 0.64648438
v -0.12695312 0.74414062 0.64648438
v -0.10742188 0.43554688 0.64648438
v -0.08007812 0.40039062 0.64648438
v 0.08398438 0.40039062 0.64648438
v 0.10742188 0.43554688 0.64648438
v 0.12695312 0.54492188 0.64648438
v 0.12695312 0.58789062 0.64648438
v 0.13867188 0.68554688 0.64648438
v 0.13867188 0.72460938 0.64648438
v -0.13867188 0.67773438 0.65429688
v -0.10351562 0.63867188 0.65429688
v -0.13867188 0.77148438 0.66210938
v -0.10742188 0.61914062 0.66210938
v -0.10351562 0.66992188 0.66210938
v 0.10742188 0.65039062 0.66210938
v 0.13867188 0.77148438 0.66210938
v 0.14648438 0.70507812 0.66210938
v -0.14648438 0.70507812 0.66992188
v -0.13867188 0.48632812 0.66992188
v -0.11914062 0.66992188 0.66992188
v -0.10351562 0.79101562 0.66992188
v -0.08007812 0.80273438 0.66992188
v -0.06835938 0.72460938 0.66992188
v -0.04492188 0.35742188 0.66992188
v -0.04492188 0.73632812 0.66992188
v -0.02539062 0.76367188 0.66992188
v 0.00585938 0.76367188 0.66992188
v 0.02539062 0.76367188 0.66992188
v 0.06445312 0.75585938 0.66992188
v 0.10351562 0.73632812 0.66992188
v 0.10742188 0.67773438 0.66992188
v 0.10742188 0.79101562 0.66992188
v 0.12695312 0.48632812 0.66992188
v 0.12695312 0.61914062 0.66992188
v -0.14648438 0.76367188 0.67773438
v 0.14648438 0.76367188 0.67773438
v -0.13867188 0.53710938 0.68554688
v -0.11914062 0.70507812 0.68554688
v -0.10351562 0.38867188 0.68554688
v -0.08007812 0.36914062 0.68554688
v 0.08398438 0.36914062 0.68554688
v 0.10351562 0.38867188 0.68554688
v 0.11914062 0.70507812 0.68554688
v 0.13867188 0.53710938 0.68554688
v -0.11914062 0.74414062 0.69726562
v -0.11914062 0.82226562 0.69726562
v -0.08007812 0.73632812 0.69726562
v -0.08007812 0.79101562 0.69726562
v -0.02539062 0.32226562 0.69726562
v 0.00585938 0.32226562 0.69726562
v 0.02539062 0.32226562 0.69726562
v 0.08398438 0.74414062 0.69726562
v 0.08398438 0.79101562 0.69726562
v 0.11914062 0.74414062 0.69726562
v 0.11914062 0.82226562 0.69726562
v -0.13867188 0.48632812 0.70507812
v -0.12695312 0.43554688 0.70507812
v -0.10742188 0.80273438 0.70507812
v -0.06835938 0.71679688 0.70507812
v -0.04492188 0.73632812 0.70507812
v -0.02539062 0.76367188 0.70507812
v 0.00585938 0.76367188 0.70507812
v 0.03710938 0.76367188 0.70507812
v 0.06445312 0.72460938 0.70507812
v 0.08398438 0.70507812 0.70507812
v 0.10742188 0.80273438 0.70507812
v 0.11914062 0.42773438 0.70507812
v 0.12695312 0.48632812 0.70507812
v 0.13867188 0.58007812 0.70507812
v -0.13867188 0.53710938 0.71289062
v -0.10351562 0.71679688 0.71289062
v -0.04492188 0.32226562 0.71289062
v -0.02539062 0.27929688 0.71289062
v 0.00585938 0.27929688 0.71289062
v 0.02539062 0.27929688 0.71289062
v 0.04492188 0.32226562 0.71289062
v 0.13867188 0.53710938 0.71289062
v -0.12695312 0.48632812 0.72070312
v 0.11914062 0.48632812 0.72070312
v -0.12695312 0.53710938 0.72851562
v -0.10351562 0.62695312 0.72851562
v -0.08007812 0.36914062 0.72851562
v -0.04492188 0.67773438 0.72851562
v 0.00585938 0.23242188 0.72851562
v 0.08398438 0.36914062 0.72851562
v 0.11914062 0.53710938 0.72851562
v -0.10351562 0.38867188 0.73632812
v -0.04492188 0.27929688 0.73632812
v -0.04492188 0.71679688 0.73632812
v -0.02539062 0.24804688 0.73632812
v -0.02539062 0.74414062 0.73632812
v 0.00585938 0.74414062 0.73632812
v 0.02539062 0.24804688 0.73632812
v 0.03710938 0.74414062 0.73632812
v 0.04492188 0.27929688 0.73632812
v 0.10742188 0.38867188 0.73632812
v 0.11914062 0.60742188 0.73632812
v -0.04492188 0.32226562 0.74414062
v 0.04492188 0.32226562 0.74414062
v -0.10742188 0.43554688 0.75976562
v -0.06835938 0.65039062 0.75976562
v 0.00585938 0.20507812 0.75976562
v 0.10742188 0.43554688 0.75976562
v -0.08007812 0.36914062 0.77148438
v -0.08007812 0.49804688 0.77148438
v -0.08007812 0.53710938 0.77148438
v -0.04492188 0.24804688 0.77148438
v -0.03710938 0.67773438 0.77148438
v -0.02539062 0.20507812 0.77148438
v 0.04492188 0.24804688 0.77148438
v 0.08398438 0.36914062 0.77148438
v 0.08398438 0.49804688 0.77148438
v 0.08398438 0.53710938 0.77148438
v -0.10742188 0.60742188 0.77929688
v -0.10351562 0.37695312 0.77929688
v -0.10351562 0.58007812 0.77929688
v -0.03710938 0.71679688 0.77929688
v -0.02539062 0.16210938 0.77929688
v -0.02539062 0.74414062 0.77929688
v 0.00585938 0.16210938 0.77929688
v 0.00585938 0.74414062 0.77929688
v 0.02539062 0.16210938 0.77929688
v 0.02539062 0.74414062 0.77929688
v 0.04492188 0.71679688 0.77929688
v 0.10351562 0.37695312 0.77929688
v -0.06835938 0.62695312 0.78710938
v 0.06445312 0.32226562 0.78710938
v -0.10351562 0.38867188 0.79492188
v -0.09179688 0.36914062 0.79492188
v -0.08007812 0.46679688 0.79492188
v -0.08007812 0.61914062 0.79492188
v -0.04492188 0.65039062 0.79492188
v 0.08398438 0.35742188 0.79492188
v 0.08398438 0.46679688 0.79492188
v 0.10742188 0.38867188 0.79492188
v -0.08007812 0.35742188 0.80273438
v -0.06835938 0.32226562 0.80273438
v -0.05664062 0.59960938 0.80273438
v -0.04492188 0.16210938 0.80273438
v -0.04492188 0.53710938 0.80273438
v -0.03710938 0.62695312 0.80273438
v -0.02539062 0.74414062 0.80273438
v 0.00585938 0.74414062 0.80273438
v 0.02539062 0.74414062 0.80273438
v 0.03710938 0.53710938 0.80273438
v 0.04492188 0.16210938 0.80273438
v 0.06445312 0.59960938 0.80273438
v -0.04492188 0.62695312 0.81054688
v -0.02539062 0.16210938 0.81054688
v 0.00585938 0.16210938 0.81054688
v 0.02539062 0.16210938 0.81054688
v -0.10351562 0.36914062 0.81835938
v -0.08007812 0.42773438 0.81835938
v -0.05664062 0.27929688 0.81835938
v -0.04492188 0.60742188 0.81835938
v -0.02539062 0.53710938 0.81835938
v -0.02539062 0.63867188 0.81835938
v 0.02539062 0.53710938 0.81835938
v 0.04492188 0.24804688 0.81835938
v 0.06445312 0.27929688 0.81835938
v 0.08398438 0.42773438 0.81835938
v 0.10742188 0.36914062 0.81835938
v -0.08007812 0.33007812 0.82617188
v -0.04492188 0.17382812 0.82617188
v -0.03710938 0.49804688 0.82617188
v -0.02539062 0.58007812 0.82617188
v -0.02539062 0.62695312 0.82617188
v -0.02539062 0.74414062 0.82617188
v 0.00585938 0.53710938 0.82617188
v 0.00585938 0.73632812 0.82617188
v 0.02539062 0.49804688 0.82617188
v 0.02539062 0.58007812 0.82617188
v 0.04492188 0.17382812 0.82617188
v 0.08398438 0.33007812 0.82617188
v -0.02539062 0.16210938 0.83398438
v -0.02539062 0.60742188 0.83398438
v 0.00585938 0.16210938 0.83398438
v 0.00585938 0.49804688 0.83398438
v 0.00585938 0.58007812 0.83398438
v 0.02539062 0.16210938 0.83398438
v 0.03710938 0.60742188 0.83398438
v 0.00585938 0.63867188 0.84179688
v -0.03710938 0.45507812 0.85351562
v -0.02539062 0.18554688 0.85351562
v -0.02539062 0.71679688 0.85351562
v -0.00585938 0.75585938 0.85351562
v 0.00585938 0.18554688 0.85351562
v 0.00585938 0.61914062 0.85351562
v 0.02539062 0.18554688 0.85351562
v 0.03710938 0.45507812 0.85351562
v -0.10351562 0.33007812 0.86132812
v -0.09179688 0.27929688 0.86132812
v -0.08007812 0.23242188 0.86132812
v -0.02539062 0.69335938 0.86132812
v 0.03710938 0.69335938 0.86132812
v 0.08398438 0.23242188 0.86132812
v 0.10351562 0.27929688 0.86132812
v 0.10742188 0.33007812 0.86132812
v -0.08007812 0.37695312 0.86914062
v -0.00585938 0.68554688 0.86914062
v 0.00585938 0.46679688 0.86914062
v 0.00585938 0.68554688 0.86914062
v 0.02539062 0.68554688 0.86914062
v 0.08398438 0.37695312 0.86914062
v 0.00585938 0.80273438 0.87695312
v -0.00585938 0.71679688 0.88476562
v -0.00585938 0.80273438 0.88476562
v 0.01367188 0.80273438 0.88476562
v 0.02539062 0.71679688 0.88476562
v -0.03710938 0.19335938 0.89257812
v 0.00585938 0.71679688 0.89257812
v -0.06835938 0.23242188 0.90039062
v -0.04492188 0.38867188 0.90039062
v -0.01757812 0.79101562 0.90039062
v 0.02539062 0.79101562 0.90039062
v 0.04492188 0.38867188 0.90039062
v 0.06445312 0.23242188 0.90039062
v -0.08007812 0.27929688 0.90820312
v -0.08007812 0.33007812 0.90820312
v 0.00585938 0.19335938 0.90820312
v 0.00585938 0.83789062 0.90820312
v 0.08398438 0.27929688 0.90820312
v 0.08398438 0.33007812 0.90820312
v -0.03710938 0.21289062 0.91601562
v -0.00585938 0.79101562 0.91601562
v -0.00585938 0.83789062 0.91601562
v 0.00585938 0.38867188 0.91601562
v 0.01367188 0.83789062 0.91601562
v 0.02539062 0.79101562 0.91601562
v -0.03320312 0.23242188 0.92773438
v 0.00585938 0.20507812 0.92773438
v 0.00585938 0.79101562 0.92773438
v 0.03710938 0.23242188 0.92773438
v -0.04492188 0.27929688 0.93554688
v -0.04492188 0.33007812 0.93554688
v -0.02539062 0.83789062 0.93554688
v 0.00585938 0.23242188 0.93554688
v 0.02539062 0.83789062 0.93554688
v 0.04492188 0.27929688 0.93554688
v 0.04492188 0.33007812 0.93554688
v -0.00585938 0.83789062 0.95117188
v -0.00585938 0.87304688 0.95117188
v 0.00585938 0.27929688 0.95117188
v 0.00585938 0.33007812 0.95117188
v 0.00585938 0.87304688 0.95117188
v 0.00585938 0.88085938 0.95117188
v 0.01367188 0.83789062 0.95117188
v -0.01367188 0.87304688 0.95898438
v 0.00585938 0.83789062 0.95898438
v 0.01367188 0.87304688 0.95898438
v -0.00585938 0.88085938 0.98242188
v -0.00585938 0.90039062 0.99023438
f 8 7 262
f 8 261 7
f 261 262 8
f 261 7 262
f 13 11 10
f 9 12 259
f 259 9 259
f 260 259 259
f 260 259 11
f 11 260 11
f 11 11 10
f 10 11 10
f 10 10 258
f 257 10 258
f 256 257 258
f 257 10 256
f 10 258 256
f 14 25 28
f 25 26 28
f 19 38 16
f 38 35 16
f 16 17 264
f 16 19 22
f 19 34 22
f 19 21 34
f 18 39 35
f 39 38 35
f 19 21 16
f 21 22 16
f 38 50 34
f 38 49 50
f 44 38 22
f 44 49 38
f 42 35 34
f 35 20 34
f 34 38 42
f 28 29 25
f 25 23 24
f 14 25 29
f 14 23 25
f 28 29 25
f 23 250 31
f 23 25 250
f 250 29 33
f 250 25 29
f 27 25 29
f 25 26 29
f 24 25 33
f 25 29 33
f 14 24 15
f 14 23 14
f 25 14 23
f 29 25 26
f 29 14 25
f 14 24 14
f 28 23 25
f 28 14 23
f 28 29 14
f 28 250 24
f 28 29 250
f 25 30 29
f 250 31 24
f 24 29 14
f 24 29 24
f 24 25 29
f 250 24 29
f 24 24 29
f 33 28 29
f 33 250 24
f 24 25 28
f 24 28 33
f 25 26 28
f 250 31 33
f 32 33 24
f 33 31 24
f 24 29 250
f 24 28 29
f 29 33 250
f 44 34 22
f 44 19 34
f 42 39 43
f 18 39 35
f 39 42 35
f 36 252 251
f 252 254 251
f 42 39 41
f 42 45 39
f 45 20 39
f 38 39 34
f 38 41 39
f 20 38 35
f 38 42 35
f 44 19 38
f 19 34 38
f 45 20 38
f 20 39 38
f 45 34 42
f 45 39 34
f 42 35 38
f 35 34 38
f 35 39 34
f 43 34 45
f 45 39 43
f 50 34 42
f 42 45 50
f 41 46 34
f 41 47 46
f 40 41 38
f 41 34 38
f 41 45 40
f 38 45 39
f 38 40 45
f 39 43 38
f 41 49 38
f 41 46 48
f 41 48 49
f 46 43 42
f 43 38 42
f 41 42 40
f 42 38 40
f 18 39 38
f 38 41 46
f 38 43 38
f 34 22 44
f 38 46 43
f 46 49 38
f 38 34 44
f 38 38 38
f 46 44 50
f 38 35 34
f 38 39 38
f 38 44 46
f 20 34 35
f 20 35 16
f 38 44 38
f 46 50 51
f 45 46 43
f 42 43 34
f 42 45 43
f 44 38 22
f 44 49 38
f 42 45 38
f 45 49 38
f 46 34 42
f 46 50 34
f 38 44 50
f 38 22 44
f 46 41 42
f 46 49 41
f 45 46 42
f 49 41 42
f 46 49 42
f 245 41 49
f 41 45 49
f 245 46 50
f 245 47 46
f 42 45 46
f 46 50 42
f 47 46 48
f 48 51 47
f 245 47 50
f 49 47 48
f 49 50 47
f 47 46 41
f 49 51 46
f 245 41 46
f 51 245 46
f 49 50 46
f 50 245 46
f 245 45 46
f 49 51 47
f 47 48 49
f 46 50 45
f 50 245 45
f 41 47 49
f 51 245 50
f 49 245 41
f 245 49 50
f 47 46 49
f 50 51 245
f 47 49 50
f 245 47 50
f 50 46 38
f 50 245 47
f 38 22 50
f 38 46 49
f 22 44 50
f 47 46 50
f 46 51 245
f 46 48 51
f 57 57 52
f 55 57 60
f 60 57 57
f 60 57 58
f 57 59 52
f 243 55 60
f 53 57 56
f 57 59 56
f 56 52 53
f 57 58 53
f 58 61 53
f 54 59 61
f 61 53 54
f 55 59 52
f 52 53 55
f 52 57 59
f 55 57 52
f 55 52 54
f 52 53 54
f 60 62 54
f 60 61 62
f 54 55 1
f 59 61 1
f 54 1 61
f 54 61 243
f 1 55 57
f 59 1 57
f 53 60 61
f 53 59 60
f 53 55 59
f 243 55 60
f 243 54 55
f 54 54 55
f 55 62 54
f 243 62 61
f 62 55 61
f 52 54 55
f 56 57 59
f 54 55 54
f 52 55 57
f 56 52 57
f 62 58 61
f 62 55 58
f 58 60 62
f 60 61 62
f 55 60 61
f 55 59 60
f 61 243 55
f 62 54 243
f 61 54 59
f 61 243 54
f 58 60 243
f 243 55 57
f 243 57 58
f 58 61 57
f 61 243 57
f 59 61 54
f 61 62 54
f 59 60 61
f 55 60 62
f 55 58 60
f 242 241 59
f 230 229 66
f 229 67 66
f 67 68 66
f 229 67 230
f 66 67 68
f 66 230 67
f 69 233 232
f 233 234 232
f 71 270 273
f 74 73 76
f 76 75 74
f 225 75 76
f 75 73 76
f 75 74 73
f 277 78 79
f 277 218 78
f 82 212 211
f 211 88 82
f 82 215 83
f 215 212 83
f 279 84 87
f 84 282 87
f 203 204 89
f 204 205 89
f 91 90 203
f 2 92 93
f 94 196 98
f 94 2 196
f 2 94 92
f 93 95 2
f 95 196 2
f 92 93 95
f 98 201 96
f 197 95 196
f 94 95 95
f 94 92 95
f 196 95 95
f 196 98 94
f 196 98 98
f 94 95 196
f 96 98 98
f 95 3 93
f 199 93 3
f 98 94 3
f 94 199 3
f 95 196 3
f 3 196 98
f 199 92 93
f 98 96 97
f 98 201 96
f 197 95 196
f 286 193 101
f 286 192 193
f 102 190 103
f 190 189 103
f 103 102 190
f 190 189 103
f 109 110 108
f 110 107 108
f 109 107 108
f 109 110 106
f 109 106 107
f 111 112 182
f 170 115 126
f 162 120 163
f 162 116 120
f 163 123 162
f 119 122 121
f 122 128 121
f 119 120 128
f 128 121 119
f 121 125 128
f 127 122 128
f 122 127 120
f 125 127 128
f 162 119 123
f 163 123 120
f 123 119 120
f 162 116 124
f 116 120 124
f 119 122 116
f 122 162 116
f 122 125 163
f 122 162 125
f 120 162 116
f 120 122 124
f 120 124 162
f 122 125 120
f 122 162 125
f 161 125 127
f 161 122 125
f 161 120 122
f 120 128 116
f 128 127 116
f 133 127 131
f 133 124 127
f 128 127 120
f 128 124 127
f 130 122 124
f 122 128 124
f 121 139 122
f 121 130 133
f 121 133 139
f 161 121 130
f 161 128 121
f 124 122 128
f 124 127 161
f 124 161 122
f 121 127 128
f 127 161 128
f 121 125 164
f 122 131 133
f 122 164 131
f 125 131 164
f 121 130 122
f 161 136 161
f 161 122 130
f 127 161 136
f 161 161 130
f 161 127 130
f 161 139 136
f 131 139 125
f 131 133 139
f 125 127 131
f 125 125 125
f 125 125 120
f 120 123 125
f 134 159 144
f 122 125 120
f 122 125 131
f 131 139 133
f 127 131 125
f 131 125 131
f 125 125 127
f 162 125 124
f 120 163 122
f 125 122 124
f 134 133 139
f 122 125 125
f 140 131 133
f 134 139 132
f 131 139 131
f 134 144 133
f 133 162 125
f 122 162 139
f 162 133 139
f 134 127 133
f 136 127 139
f 127 134 139
f 127 139 136
f 130 133 139
f 133 134 139
f 139 127 130
f 139 122 161
f 122 127 161
f 133 134 139
f 139 138 133
f 139 144 133
f 139 143 144
f 143 131 137
f 131 133 137
f 144 134 159
f 144 133 134
f 143 138 141
f 138 137 141
f 134 141 144
f 134 139 141
f 139 140 141
f 133 143 144
f 133 139 140
f 133 140 143
f 140 141 143
f 133 140 138
f 140 143 138
f 137 143 158
f 137 139 143
f 158 144 137
f 137 134 139
f 140 143 137
f 143 158 137
f 137 134 140
f 133 141 133
f 141 144 133
f 139 133 137
f 133 133 139
f 133 139 136
f 144 134 143
f 144 137 134
f 159 137 134
f 133 137 144
f 137 159 144
f 151 153 152
f 151 146 153
f 153 145 152
f 149 145 152
f 149 151 145
f 147 150 148
f 147 150 148
f 145 149 151
f 153 151 146
f 156 148 157
f 134 142 144
f 142 158 144
f 140 134 139
f 158 144 143
f 144 141 143
f 140 141 144
f 134 140 144
f 137 134 144
f 137 134 158
f 134 142 158
f 158 144 137
f 137 143 138
f 137 139 141
f 137 141 143
f 139 143 131
f 139 141 143
f 134 143 137
f 143 133 137
f 143 138 133
f 140 132 134
f 139 132 140
f 139 140 141
f 133 139 131
f 139 141 131
f 143 133 137
f 137 141 143
f 131 139 141
f 131 133 137
f 141 139 140
f 137 139 131
f 143 139 140
f 143 131 139
f 139 136 131
f 136 127 131
f 139 124 133
f 139 122 124
f 131 124 127
f 131 133 124
f 130 161 121
f 128 121 122
f 121 139 122
f 161 139 121
f 121 127 130
f 120 130 161
f 124 130 128
f 130 120 128
f 122 127 120
f 122 124 127
f 127 161 120
f 124 127 130
f 130 133 124
f 124 125 127
f 164 161 120
f 164 121 161
f 130 139 127
f 130 133 139
f 139 122 127
f 121 133 122
f 121 127 133
f 133 122 127
f 122 128 127
f 133 122 130
f 122 128 130
f 128 124 130
f 133 125 131
f 133 122 125
f 124 161 122
f 124 125 161
f 130 161 127
f 161 125 127
f 127 122 124
f 127 116 122
f 122 124 120
f 124 125 120
f 119 162 116
f 122 162 120
f 122 124 162
f 162 119 120
f 127 120 124
f 124 125 127
f 120 122 119
f 122 121 119
f 122 164 121
f 122 164 163
f 163 164 120
f 164 119 120
f 164 116 119
f 116 119 122
f 122 164 116
f 128 119 122
f 119 120 122
f 178 177 176
f 106 107 110
f 107 108 110
f 189 102 190
f 189 103 102
f 95 94 93
f 94 199 93
f 93 202 92
f 91 90 203
f 203 205 89
f 203 204 205
f 214 213 216
f 216 217 214
f 215 83 82
f 83 81 82
f 82 212 83
f 82 215 212
f 78 226 77
f 77 275 78
f 74 76 75
f 76 225 75
f 73 76 75
f 75 73 75
f 75 75 225
f 78 226 275
f 230 229 68
f 229 67 68
f 230 67 68
f 68 66 230
f 234 69 233
f 234 232 69
f 232 69 234
f 69 233 234
f 236 4 236
f 238 64 4
f 236 65 236
f 236 235 65
f 64 236 4
f 236 238 4
f 237 238 236
f 238 64 236
f 55 60 62
f 55 59 60
f 61 243 62
f 55 62 54
f 62 59 61
f 55 59 62
f 58 243 57
f 61 58 60
f 61 243 58
f 243 59 60
f 62 55 243
f 57 59 243
f 55 57 243
f 59 61 53
f 53 54 59
f 55 53 54
f 55 52 53
f 55 59 52
f 52 59 56
f 52 57 59
f 52 55 57
f 52 59 56
f 52 55 59
f 52 53 55
f 42 47 46
f 46 49 245
f 42 46 245
f 41 42 245
f 49 51 47
f 49 50 51
f 52 53 56
f 57 53 55
f 57 56 53
f 46 42 47
f 38 46 50
f 46 49 50
f 46 48 49
f 46 38 42
f 50 34 49
f 34 22 49
f 45 49 41
f 50 38 41
f 49 50 41
f 45 46 42
f 46 50 38
f 50 34 38
f 46 38 42
f 38 44 34
f 44 50 34
f 46 43 45
f 43 38 45
f 47 46 5
f 38 42 5
f 50 5 46
f 50 38 5
f 42 47 5
f 34 46 43
f 45 46 42
f 46 34 42
f 40 41 42
f 46 43 40
f 42 46 40
f 42 45 38
f 20 39 38
f 38 45 20
f 39 43 38
f 45 39 43
f 45 20 39
f 43 38 45
f 16 38 22
f 16 20 38
f 20 42 35
f 34 20 39
f 34 42 20
f 247 253 248
f 253 249 248
f 250 32 33
f 250 24 32
f 250 31 24
f 33 31 23
f 32 33 24
f 33 23 24
f 25 30 29
f 29 27 25
f 27 25 30
f 25 6 25
f 25 27 25
f 26 28 25
f 6 28 23
f 6 25 28
f 23 24 6
f 251 26 25
f 23 28 14
f 25 6 24
f 14 23 28
f 23 24 28
f 22 20 34
f 22 16 20
f 35 43 34
f 34 38 35
f 22 19 21
f 38 22 34
f 22 21 34
f 35 39 34
f 39 43 34
f 35 16 38
f 34 16 20
f 34 38 16
f 16 21 35
f 21 34 35
f 24 15 31
f 31 23 24
f 10 259 11
f 257 258 256
f 257 10 258
f 260 10 11
f 10 13 11
f 10 259 11
f 11 260 10
f 259 11 260
f 260 10 259
f 261 7 8
f 7 262 8
f 268 269 240
f 269 239 240
f 82 215 83
f 215 212 83
f 210 86 208
f 89 204 205
f 191 186 188
f 186 187 188
f 111 112 182
f 176 178 177
f 126 170 115
f 290 291 117
f 291 166 117
f 8 262 7
f 8 262 261
f 7 261 262
f 7 261 8
f 7 2242 262
f 2243 262 2242
f 261 8 2241
f 261 2240 7
f 2242 7 2240
f 2242 2239 2243
f 2241 2238 261
f 2240 261 2238
f 8 262 2237
f 2243 2237 262
f 2241 8 2236
f 2237 2236 8
f 2239 2233 2243
f 2237 2243 2233
f 2240 2232 2242
f 2239 2242 2232
f 2234 2235 2231
f 2231 2230 2234
f 2238 2241 2229
f 2236 2229 2241
f 2230 2228 2234
f 2233 2239 2227
f 2232 2227 2239
f 2234 2226 2235
f 2228 2225 2234
f 2226 2234 2225
f 2228 2230 2224
f 2238 2223 2240
f 2232 2240 2223
f 2224 2222 2228
f 2225 2228 2221
f 2222 2221 2228
f 2229 2220 2238
f 2223 2238 2220
f 2229 2236 2219
f 2231 2235 2218
f 2226 2218 2235
f 2227 2217 2233
f 2227 2232 2216
f 2223 2216 2232
f 2221 2222 2215
f 2230 2231 2214
f 2224 2230 2213
f 2214 2213 2230
f 2236 2237 2212
f 2233 2212 2237
f 2219 2236 2212
f 2217 2212 2233
f 2222 2224 2211
f 2215 2222 2211
f 2225 2210 2226
f 2221 2209 2225
f 2210 2225 2209
f 2213 2208 2224
f 2211 2224 2208
f 2218 2207 2231
f 2214 2231 2207
f 2220 2229 2206
f 2219 2206 2229
f 2220 259 2223
f 2216 2223 259
f 2217 2227 2205
f 2216 2205 2227
f 2218 2226 2204
f 2210 2204 2226
f 2215 2203 2221
f 2209 2221 2203
f 2202 9 259
f 2211 2201 2215
f 2203 2215 2201
f 2206 11 2220
f 259 2220 11
f 2202 259 260
f 11 259 260
f 260 2200 2202
f 260 11 2200
f 2206 2219 2199
f 2205 2198 2217
f 9 2202 2197
f 259 12 2216
f 2205 2216 12
f 9 259 12
f 2197 12 9
f 2212 2196 2219
f 2212 2217 2196
f 2199 2219 2196
f 2198 2196 2217
f 2207 2195 2214
f 11 2206 10
f 11 259 10
f 260 259 10
f 260 11 10
f 2200 2193 2202
f 2197 2202 2193
f 2194 2193 2200
f 2207 2218 2192
f 2204 2192 2218
f 2193 2191 2197
f 9 263 259
f 2198 2205 263
f 12 259 263
f 12 263 2205
f 12 263 9
f 2204 2210 2190
f 2195 2189 2214
f 2213 2214 2188
f 2189 2188 2214
f 2208 2213 2187
f 2188 2187 2213
f 2200 11 2186
f 2194 2200 2186
f 12 2197 2185
f 2191 2185 2197
f 2201 2184 2203
f 2203 2183 2209
f 2184 2183 2203
f 2209 2182 2210
f 2190 2210 2182
f 2183 2182 2209
f 260 11 13
f 10 11 13
f 10 260 13
f 2186 11 13
f 2195 2207 2181
f 2192 2181 2207
f 2199 258 2206
f 10 2206 258
f 11 259 256
f 2196 256 2199
f 2196 2198 256
f 10 256 259
f 10 11 256
f 258 2199 256
f 258 10 256
f 2208 15 2211
f 2201 2211 15
f 2187 15 2208
f 15 2180 2178
f 263 2177 2198
f 256 2198 2177
f 263 12 2176
f 2185 2176 12
f 2178 2175 15
f 2192 2204 2174
f 2190 2174 2204
f 2184 2201 31
f 15 31 2201
f 2175 31 15
f 2173 2172 2179
f 2178 2180 2171
f 2181 2192 2169
f 2174 2169 2192
f 2171 2168 2178
f 2173 2179 2167
f 2175 2178 2166
f 2168 2166 2178
f 2188 2189 2165
f 2171 2180 2164
f 2172 2173 35
f 13 10 257
f 258 10 257
f 256 10 257
f 256 258 257
f 2172 2163 2179
f 2170 2179 2163
f 2169 2162 2181
f 257 256 2161
f 2193 2194 16
f 2191 2193 16
f 35 2173 16
f 2162 2169 2160
f 2177 263 2159
f 2177 2159 256
f 2176 2159 263
f 2161 256 2159
f 2167 2158 2173
f 16 2173 2158
f 2170 2157 2179
f 2167 2179 2157
f 2169 2174 2156
f 2160 2169 2156
f 31 2175 2155
f 2166 2155 2175
f 2182 2183 2154
f 2189 2195 2153
f 2165 2189 2153
f 2181 2152 2195
f 2162 2152 2181
f 2153 2195 2152
f 2187 2188 2151
f 2165 2151 2188
f 15 2187 2150
f 2151 2150 2187
f 2186 20 2194
f 16 2194 20
f 16 35 20
f 2163 2149 2170
f 2160 2170 2149
f 2160 2149 2162
f 15 14 2180
f 2164 2180 14
f 31 15 23
f 2150 23 15
f 14 15 23
f 2185 2191 264
f 16 264 2191
f 2158 2148 16
f 2160 2147 2170
f 2157 2170 2147
f 2156 2147 2160
f 31 15 24
f 14 15 24
f 23 15 24
f 23 31 24
f 23 14 24
f 2158 2167 2146
f 2157 2146 2167
f 31 32 2184
f 24 31 32
f 2183 2184 2145
f 2154 2183 2145
f 32 2145 2184
f 2174 2190 2144
f 2156 2174 2144
f 2182 2143 2190
f 2154 2143 2182
f 2144 2190 2143
f 35 18 2172
f 2163 2172 18
f 20 35 39
f 18 35 39
f 2168 2171 2142
f 2142 2141 2168
f 2166 2168 2140
f 2141 2140 2168
f 2148 2158 2139
f 2146 2139 2158
f 2153 255 2165
f 18 2138 2163
f 2151 2165 254
f 255 254 2165
f 13 265 2186
f 20 2186 265
f 2164 2137 2171
f 2142 2171 2137
f 2149 2163 2136
f 2149 2136 2162
f 16 35 19
f 2161 2134 257
f 2159 2134 2161
f 2135 257 2134
f 264 21 16
f 19 16 21
f 2159 2176 2133
f 2134 2159 2133
f 2176 2185 17
f 264 17 2185
f 264 16 17
f 2148 17 16
f 21 17 16
f 21 264 17
f 2147 2131 2157
f 2147 2156 2131
f 2155 2166 2130
f 2140 2130 2166
f 2146 2157 2129
f 2145 2128 2154
f 2143 2154 2127
f 2128 2127 2154
f 2152 2126 2153
f 255 2153 266
f 254 255 266
f 2126 266 2153
f 18 35 43
f 39 35 43
f 39 18 43
f 2138 18 43
f 2152 2162 2125
f 2136 2125 2162
f 2126 2152 2125
f 254 255 252
f 2124 252 255
f 16 35 34
f 20 35 34
f 20 16 34
f 39 35 34
f 39 20 34
f 265 34 20
f 19 35 34
f 19 16 34
f 21 16 34
f 21 19 34
f 43 35 34
f 43 39 34
f 23 14 25
f 24 14 25
f 24 23 25
f 25 27 30
f 2139 2123 2148
f 17 2148 2123
f 2127 2128 253
f 2139 2146 2122
f 2129 2122 2146
f 2144 2121 2156
f 2131 2156 2121
f 2127 2120 2143
f 2143 2119 2144
f 2121 2144 2119
f 2120 2119 2143
f 20 35 38
f 18 35 38
f 39 35 38
f 39 20 38
f 39 18 38
f 19 35 38
f 43 35 38
f 43 18 38
f 43 39 38
f 34 35 38
f 34 20 38
f 34 39 38
f 34 19 38
f 34 43 38
f 252 2124 2118
f 2150 2151 251
f 254 251 2151
f 252 251 254
f 25 27 251
f 30 251 27
f 30 25 251
f 20 16 22
f 265 20 22
f 19 16 22
f 21 16 22
f 21 19 22
f 34 16 22
f 34 20 22
f 34 265 22
f 34 19 22
f 34 21 22
f 38 20 22
f 38 19 22
f 38 34 22
f 23 2150 26
f 23 14 26
f 25 14 26
f 25 23 26
f 25 27 26
f 251 26 2150
f 251 27 26
f 251 25 26
f 23 14 28
f 24 14 28
f 24 23 28
f 25 14 28
f 25 23 28
f 25 24 28
f 26 14 28
f 26 23 28
f 26 25 28
f 23 31 29
f 23 14 29
f 24 31 29
f 24 14 29
f 24 23 29
f 25 14 29
f 25 23 29
f 25 24 29
f 25 27 29
f 30 27 29
f 30 25 29
f 26 14 29
f 26 23 29
f 26 27 29
f 26 25 29
f 28 14 29
f 28 23 29
f 28 24 29
f 28 25 29
f 28 26 29
f 2145 32 249
f 2128 2145 249
f 253 2128 249
f 29 249 30
f 2123 2139 2117
f 2122 2117 2139
f 253 247 2127
f 249 253 247
f 38 43 40
f 2138 41 2163
f 2136 2163 41
f 43 41 2138
f 38 43 41
f 40 43 41
f 40 38 41
f 266 2116 255
f 266 2126 2116
f 2124 255 2116
f 257 2115 13
f 265 13 2115
f 2135 2115 257
f 22 265 2115
f 252 36 254
f 2118 36 252
f 251 254 36
f 251 252 36
f 2115 2135 2114
f 14 37 2164
f 2137 2164 37
f 26 37 14
f 2141 2142 2113
f 2137 2113 2142
f 2134 2112 2135
f 2133 2112 2134
f 2114 2135 2112
f 2113 2111 2141
f 2112 2133 2110
f 2155 33 31
f 24 31 33
f 32 31 33
f 32 24 33
f 2130 33 2155
f 28 24 33
f 29 31 33
f 29 24 33
f 29 28 33
f 2140 2141 2109
f 2130 2140 2109
f 2111 2109 2141
f 2133 2176 2108
f 17 2108 2176
f 2110 2133 2108
f 24 31 250
f 32 31 250
f 32 24 250
f 25 24 250
f 30 25 250
f 29 31 250
f 29 24 250
f 29 25 250
f 29 30 250
f 249 32 250
f 249 250 30
f 249 29 250
f 33 31 250
f 33 24 250
f 33 32 250
f 33 29 250
f 249 248 253
f 247 253 248
f 247 248 249
f 250 248 249
f 2131 2107 2157
f 2129 2157 2107
f 2122 2129 2107
f 2120 2127 2106
f 2119 2120 2106
f 2117 2122 2105
f 2105 2122 2107
f 20 35 42
f 39 35 42
f 39 20 42
f 2132 42 20
f 43 35 42
f 43 39 42
f 34 35 42
f 34 20 42
f 34 39 42
f 34 43 42
f 38 35 42
f 38 20 42
f 38 39 42
f 38 43 42
f 38 34 42
f 41 43 42
f 41 38 42
f 41 2104 2136
f 2125 2136 2103
f 2104 2103 2136
f 2118 2124 2102
f 2116 2102 2124
f 26 251 2101
f 36 2101 251
f 37 26 2101
f 37 14 246
f 37 246 2137
f 2113 2137 246
f 2101 246 37
f 33 2130 2100
f 2109 2100 2130
f 2123 2099 17
f 2108 17 2099
f 250 33 2098
f 248 250 2098
f 2100 2098 33
f 2107 2131 2097
f 2121 2096 2131
f 2097 2131 2096
f 247 2095 2127
f 2106 2127 2095
f 2105 56 2117
f 2125 2094 2126
f 2116 2126 2094
f 2103 2094 2125
f 34 19 44
f 38 19 44
f 38 34 44
f 22 19 44
f 22 34 44
f 22 38 44
f 39 20 45
f 2132 20 45
f 43 39 45
f 34 20 45
f 34 39 45
f 34 43 45
f 38 20 45
f 38 39 45
f 38 43 45
f 38 34 45
f 41 43 45
f 41 38 45
f 42 20 45
f 42 39 45
f 42 2132 45
f 42 43 45
f 42 34 45
f 42 38 45
f 42 41 45
f 2111 2113 2093
f 2109 2111 2093
f 246 2093 2113
f 2100 2109 2093
f 2117 2092 2123
f 2099 2123 2092
f 56 2092 2117
f 2119 2091 2121
f 2106 2091 2119
f 2096 2121 2091
f 2107 52 2105
f 56 2105 52
f 41 40 47
f 42 41 47
f 36 2118 2090
f 2102 2090 2118
f 248 2089 247
f 2095 247 2089
f 34 43 46
f 38 43 46
f 38 34 46
f 40 43 46
f 40 38 46
f 41 43 46
f 41 38 46
f 41 40 46
f 42 43 46
f 42 34 46
f 42 38 46
f 42 41 46
f 45 43 46
f 45 34 46
f 45 38 46
f 45 41 46
f 45 42 46
f 47 40 46
f 47 41 46
f 47 42 46
f 2088 46 47
f 2102 2116 2087
f 2094 2087 2116
f 2115 267 22
f 44 22 267
f 2101 36 2086
f 2090 2086 36
f 2114 2085 2115
f 267 2115 2085
f 246 2101 2084
f 2093 246 2084
f 2086 2084 2101
f 2112 2083 2114
f 2110 2083 2112
f 2085 2114 2083
f 2083 2110 2082
f 2098 2100 2081
f 2093 2081 2100
f 2108 2080 2110
f 2099 2080 2108
f 2082 2110 2080
f 2098 2079 248
f 2089 248 2079
f 2081 2079 2098
f 2095 2078 2106
f 2091 2106 2078
f 52 56 53
f 53 52 54
f 46 47 48
f 22 38 49
f 41 38 49
f 42 38 49
f 42 41 49
f 44 38 49
f 44 22 49
f 45 38 49
f 45 41 49
f 45 42 49
f 47 41 49
f 47 42 49
f 2088 47 49
f 46 38 49
f 46 41 49
f 46 42 49
f 46 45 49
f 46 47 49
f 46 2088 49
f 48 47 49
f 48 46 49
f 2104 41 2077
f 49 2077 41
f 2090 2102 2076
f 2087 2076 2102
f 2084 2075 2093
f 2081 2093 2075
f 2092 2074 2099
f 2080 2099 2074
f 2089 2073 2095
f 2078 2095 2073
f 53 52 2072
f 2097 2071 2107
f 52 2107 55
f 52 56 55
f 53 56 55
f 53 52 55
f 54 52 55
f 54 53 55
f 2071 55 2107
f 2103 2104 2070
f 2094 2103 2070
f 2077 2070 2104
f 38 34 50
f 22 34 50
f 22 38 50
f 42 34 50
f 42 38 50
f 44 34 50
f 44 38 50
f 44 22 50
f 45 34 50
f 45 38 50
f 45 42 50
f 47 42 50
f 46 34 50
f 46 38 50
f 46 42 50
f 46 45 50
f 46 47 50
f 267 22 50
f 267 50 44
f 49 38 50
f 49 22 50
f 49 42 50
f 49 44 50
f 49 45 50
f 49 47 50
f 49 46 50
f 2074 2092 244
f 52 56 57
f 53 56 57
f 53 52 57
f 55 56 57
f 55 52 57
f 55 53 57
f 2096 2069 2097
f 2091 2069 2096
f 2071 2097 2069
f 55 58 52
f 57 52 58
f 57 55 58
f 2077 49 2068
f 2070 2077 2068
f 46 47 51
f 48 47 51
f 48 46 51
f 49 47 51
f 49 46 51
f 49 48 51
f 50 47 51
f 50 46 51
f 50 49 51
f 45 41 245
f 47 41 245
f 46 41 245
f 46 45 245
f 46 47 245
f 48 47 245
f 48 46 245
f 49 41 245
f 49 245 44
f 49 45 245
f 49 47 245
f 49 46 245
f 49 48 245
f 50 44 245
f 50 45 245
f 50 47 245
f 50 46 245
f 50 49 245
f 51 47 245
f 51 46 245
f 51 48 245
f 51 49 245
f 51 50 245
f 2086 2090 2067
f 2076 2067 2090
f 2084 2086 2066
f 2067 2066 2086
f 2075 2084 2065
f 2075 2065 2081
f 2066 2065 2084
f 2079 2081 2064
f 2065 2064 2081
f 2079 2063 2089
f 2073 2089 2063
f 2064 2063 2079
f 55 2071 2061
f 2069 2061 2071
f 2068 49 2060
f 51 2060 49
f 2068 2059 2070
f 2087 2094 2058
f 2070 2058 2094
f 2059 2058 2070
f 50 267 2056
f 2085 2055 267
f 2056 267 2055
f 2083 2054 2085
f 2055 2085 2054
f 2054 2083 2053
f 2082 2052 2083
f 2053 2083 2052
f 2080 2051 2082
f 2052 2082 2051
f 2074 2050 2080
f 2051 2080 2050
f 2092 56 59
f 52 56 59
f 53 56 59
f 53 52 59
f 54 52 59
f 54 53 59
f 2072 52 59
f 2072 59 53
f 55 56 59
f 55 52 59
f 55 53 59
f 55 54 59
f 244 2092 59
f 57 56 59
f 57 52 59
f 57 53 59
f 57 55 59
f 59 63 244
f 55 54 60
f 57 55 60
f 58 55 60
f 58 57 60
f 59 54 60
f 59 55 60
f 59 57 60
f 63 59 60
f 2078 2048 2091
f 2069 2091 2048
f 54 53 61
f 55 53 61
f 55 54 61
f 57 53 61
f 57 55 61
f 58 55 61
f 58 57 61
f 2061 61 55
f 59 53 61
f 59 54 61
f 59 55 61
f 59 57 61
f 60 54 61
f 60 55 61
f 60 57 61
f 60 58 61
f 60 59 61
f 2061 2069 2047
f 2048 2047 2069
f 55 54 243
f 57 55 243
f 58 55 243
f 58 57 243
f 59 54 243
f 59 55 243
f 59 57 243
f 60 54 243
f 60 55 243
f 60 57 243
f 60 58 243
f 60 59 243
f 61 54 243
f 61 55 243
f 61 57 243
f 61 58 243
f 61 59 243
f 61 60 243
f 55 54 62
f 58 55 62
f 59 54 62
f 59 55 62
f 60 54 62
f 60 55 62
f 60 58 62
f 60 59 62
f 61 54 62
f 61 55 62
f 61 58 62
f 61 59 62
f 61 60 62
f 243 54 62
f 243 55 62
f 243 58 62
f 243 59 62
f 243 60 62
f 243 61 62
f 2046 2057 2044
f 2045 2043 2057
f 2045 2056 2043
f 2044 2057 2043
f 2066 2067 2042
f 2065 2066 2042
f 2042 2041 2065
f 2064 2065 2040
f 2063 2064 2040
f 2041 2040 2065
f 244 242 2074
f 2050 2074 242
f 59 244 242
f 59 2062 242
f 63 242 244
f 63 59 242
f 2039 2038 2049
f 59 241 2062
f 242 2062 241
f 242 59 241
f 2039 2049 2037
f 2038 2036 2049
f 2060 2035 2068
f 2059 2068 2035
f 2056 2034 50
f 2045 2034 2056
f 2076 2087 2033
f 2058 2033 2087
f 2067 2076 2032
f 2033 2032 2076
f 2063 2031 2073
f 2073 2030 2078
f 2048 2078 2030
f 2031 2030 2073
f 241 59 2029
f 241 2029 2038
f 2036 2038 2029
f 61 2061 2028
f 2047 2028 2061
f 2046 2027 2057
f 2045 2057 2027
f 2034 2045 2027
f 2037 2049 2026
f 2036 2026 2049
f 2029 2026 2036
f 245 2025 51
f 2060 51 2025
f 2058 2059 2024
f 2035 2024 2059
f 2044 2023 2046
f 2034 2022 50
f 2055 2021 2056
f 2043 2056 2021
f 2043 2021 2044
f 2023 2044 2021
f 2054 2020 2055
f 2021 2055 2020
f 2042 2067 240
f 2032 240 2067
f 2020 2054 2019
f 2053 2018 2054
f 2052 2018 2053
f 2019 2054 2018
f 2018 2052 2017
f 2051 2016 2052
f 2050 2016 2051
f 2017 2052 2016
f 2040 2015 2063
f 2031 2063 2015
f 242 2014 2050
f 2038 2039 2014
f 241 2014 242
f 241 2038 2014
f 2016 2050 2014
f 2037 2012 2039
f 2014 2039 2012
f 2013 2012 2037
f 2029 59 2011
f 2047 2048 2010
f 2028 2047 2010
f 2026 2029 2009
f 2011 2009 2029
f 2027 2008 2034
f 2022 2034 2008
f 2027 2046 2007
f 2023 2007 2046
f 245 50 2006
f 2025 245 2006
f 2022 2006 50
f 2041 2042 239
f 2040 2041 239
f 240 239 2042
f 2015 2040 239
f 60 2004 63
f 61 2004 60
f 2026 2003 2037
f 2013 2037 2003
f 63 2002 59
f 2004 2002 63
f 2009 2011 2001
f 2008 2027 2000
f 2007 2000 2027
f 2008 1999 2022
f 2000 1999 2008
f 2035 2060 1998
f 2025 1998 2060
f 2024 2035 1997
f 1998 1997 2035
f 2033 2058 1996
f 2024 1996 2058
f 2032 2033 1995
f 1996 1995 2033
f 2030 2031 1994
f 2015 1994 2031
f 2030 1993 2048
f 2010 2048 1993
f 1994 1993 2030
f 2012 2013 1992
f 2003 1992 2013
f 2009 1991 2026
f 2003 2026 1991
f 2001 1991 2009
f 1992 2003 1991
f 2021 1990 2023
f 2020 1990 2021
f 2007 2023 1990
f 2000 2007 1990
f 2019 1989 2020
f 1990 2020 1989
f 240 2032 268
f 239 240 268
f 1995 268 2032
f 1989 2019 1988
f 2018 1987 2019
f 2017 1987 2018
f 1988 2019 1987
f 1987 2017 1986
f 2016 1985 2017
f 1986 2017 1985
f 239 1984 2015
f 1994 2015 1984
f 2014 1983 2016
f 2012 1983 2014
f 1992 1983 2012
f 1985 2016 1983
f 2011 59 1982
f 2002 1982 59
f 2002 2005 1982
f 2001 2011 1982
f 1983 1982 2005
f 2028 1981 61
f 2004 61 1981
f 2010 1980 2028
f 1981 2028 1980
f 1991 2001 1979
f 1991 1979 1992
f 1983 1992 1979
f 1982 1979 2001
f 1982 1983 1979
f 2006 1978 2025
f 1998 2025 1978
f 1997 1998 1977
f 2006 2022 1976
f 1999 1976 2022
f 1978 2006 1976
f 1997 1975 2024
f 1996 2024 1975
f 239 269 240
f 268 240 269
f 268 269 239
f 1984 239 269
f 2002 1974 2005
f 2002 2004 1973
f 1981 1973 2004
f 1974 2002 1973
f 1993 1972 2010
f 1980 2010 1972
f 1978 1971 1998
f 1977 1998 1971
f 1999 2000 1970
f 1990 1970 2000
f 1976 1999 1970
f 1977 1969 1997
f 1975 1997 1969
f 1980 1967 1981
f 1971 1978 1965
f 1971 1964 1977
f 1969 1977 1964
f 1976 1963 1978
f 1970 1963 1976
f 1965 1978 1963
f 1975 238 1996
f 268 1995 1962
f 269 268 1962
f 1968 269 1962
f 269 1959 1984
f 1968 1959 269
f 1983 2005 1958
f 1983 1958 1985
f 1974 1958 2005
f 1972 1956 1980
f 1967 1980 1956
f 1957 1967 1956
f 1964 1955 1969
f 1955 1954 1969
f 1970 1990 1953
f 1963 1970 1953
f 1969 64 1975
f 238 1975 64
f 1954 64 1969
f 1989 1952 1990
f 1953 1990 1952
f 1995 1996 237
f 238 237 1996
f 1962 1995 237
f 64 238 237
f 1952 1989 1951
f 1988 1950 1989
f 1951 1989 1950
f 1966 1968 1949
f 1962 1949 1968
f 1961 1966 1949
f 1950 1988 1948
f 1987 1947 1988
f 1986 1947 1987
f 1948 1988 1947
f 1947 1986 1945
f 1966 1944 1968
f 1959 1968 1944
f 1985 1943 1986
f 1958 1943 1985
f 1945 1986 1943
f 1984 1942 1994
f 1959 1942 1984
f 1993 1994 1941
f 1972 1993 1941
f 1956 1972 1941
f 1942 1941 1994
f 1973 1940 1974
f 1958 1974 1940
f 1973 1981 1939
f 1967 1939 1981
f 1957 1939 1967
f 1940 1973 1939
f 1949 1938 1961
f 1961 1936 1966
f 1944 1966 1936
f 1960 1935 1961
f 1936 1961 1935
f 1956 1934 1957
f 1941 1934 1956
f 1960 1961 1933
f 1946 1960 1933
f 1938 1933 1961
f 1946 1932 1960
f 1935 1960 1932
f 1965 1931 1971
f 1964 1971 1931
f 1963 1930 1965
f 64 238 236
f 237 238 236
f 237 236 64
f 64 235 238
f 64 1954 235
f 236 238 235
f 236 64 235
f 237 1929 1962
f 1949 1962 1929
f 1938 1949 1929
f 1937 1946 1928
f 1933 1928 1946
f 1937 1926 1946
f 1932 1946 1926
f 1941 1942 1925
f 1934 1941 1925
f 1944 1924 1959
f 1942 1959 1924
f 1936 1924 1944
f 1925 1942 1924
f 1939 1957 1923
f 1934 1923 1957
f 1939 1922 1940
f 1955 1964 1921
f 1931 1921 1964
f 1921 1920 1955
f 1954 1955 65
f 235 1954 65
f 235 236 65
f 1920 65 1955
f 65 234 235
f 1927 1919 1937
f 1926 1937 1919
f 1943 1958 1918
f 1940 1918 1958
f 1953 1917 1963
f 1930 1963 1917
f 235 233 236
f 234 233 235
f 236 1916 237
f 1929 237 1916
f 233 1916 236
f 1928 1915 1937
f 1927 1937 1915
f 1915 1914 1927
f 1919 1927 1911
f 1913 1911 1927
f 1912 1910 1913
f 1911 1913 1910
f 1935 1909 1936
f 1924 1936 1909
f 1925 1908 1934
f 1923 1934 1908
f 1952 1907 1953
f 1917 1953 1907
f 1929 1906 1938
f 1916 1906 1929
f 1951 1905 1952
f 1907 1952 1905
f 1950 1904 1951
f 1905 1951 1904
f 1914 1903 1927
f 1913 1927 1903
f 1912 1913 1902
f 1903 1902 1913
f 1902 1901 1912
f 1948 1900 1950
f 1904 1950 1900
f 1900 1948 1899
f 1947 1898 1948
f 1945 1898 1947
f 1899 1948 1898
f 1901 1897 1912
f 1898 1945 1896
f 1943 1895 1945
f 1918 1895 1943
f 1896 1945 1895
f 1910 1912 1894
f 1897 1894 1912
f 1924 1893 1925
f 1909 1893 1924
f 1908 1925 1893
f 1932 1892 1935
f 1909 1935 1892
f 1910 1891 1911
f 1894 1890 1910
f 1891 1910 1890
f 1922 1889 1940
f 1918 1940 1889
f 1931 1965 1888
f 1930 1888 1965
f 1920 1921 67
f 1921 1931 68
f 1888 68 1931
f 67 1921 68
f 65 1920 1887
f 234 65 232
f 233 232 234
f 1887 232 65
f 233 69 234
f 1916 233 69
f 1906 1916 69
f 232 234 69
f 232 233 69
f 1901 1902 1886
f 1933 1938 1885
f 1906 1885 1938
f 1897 1901 1884
f 1884 1883 1897
f 1894 1897 1882
f 1883 1882 1897
f 1926 1881 1932
f 1892 1932 1881
f 1919 1880 1926
f 1881 1926 1880
f 1911 1879 1919
f 1880 1919 1879
f 1891 1878 1911
f 1879 1911 1878
f 1890 1894 1877
f 1882 1877 1894
f 1908 1876 1923
f 1893 1876 1908
f 1923 1875 1939
f 1922 1939 1875
f 1876 1875 1923
f 1890 1874 1891
f 68 67 66
f 67 231 1920
f 1887 1920 231
f 66 231 67
f 1886 1873 1901
f 1884 1901 1873
f 1928 1933 1872
f 1915 1928 1872
f 1885 1872 1933
f 1877 1871 1890
f 1874 1890 1871
f 68 67 230
f 66 67 230
f 66 68 230
f 68 1888 229
f 68 67 229
f 66 67 229
f 66 68 229
f 231 67 229
f 231 66 229
f 230 67 229
f 230 68 229
f 230 66 229
f 1917 1870 1930
f 232 1887 1869
f 231 1869 1887
f 69 232 1868
f 1902 1903 1867
f 1886 1902 1867
f 1914 1915 1865
f 1872 1865 1915
f 1865 1866 1914
f 1895 1918 1864
f 1889 1864 1918
f 1893 1909 1863
f 1892 1863 1909
f 1889 1922 1862
f 1878 1891 1861
f 1874 1861 1891
f 69 1860 1906
f 1885 1906 1860
f 1868 1860 69
f 1888 1930 1859
f 229 1888 1859
f 1870 1859 1930
f 1869 1858 232
f 1868 232 1858
f 1866 1856 1914
f 1907 1855 1917
f 1870 1917 1855
f 1905 1854 1907
f 1855 1907 1854
f 1883 1884 1853
f 1873 1853 1884
f 1882 1883 1852
f 1877 1882 1852
f 1881 1851 1892
f 1863 1892 1851
f 1864 1889 1850
f 1862 1850 1889
f 1876 1893 1849
f 1863 1849 1893
f 1875 1876 1848
f 1848 1876 1849
f 1878 1847 1879
f 1875 1846 1922
f 1862 1922 1846
f 1848 1846 1875
f 1858 1845 1868
f 1860 1868 1844
f 1845 1844 1868
f 1845 1857 1844
f 1903 1914 1843
f 1867 1903 1843
f 1856 1843 1914
f 1856 1866 1842
f 1866 1865 1841
f 1844 1857 1841
f 1842 1866 1841
f 1842 1841 1857
f 1872 1885 1840
f 1865 1872 1840
f 1860 1840 1885
f 1844 1840 1860
f 1841 1865 1840
f 1841 1840 1844
f 1853 1873 1839
f 1904 1838 1905
f 1854 1905 1838
f 1900 1837 1904
f 1838 1904 1837
f 1899 1836 1900
f 1837 1900 1836
f 1836 1899 1835
f 1898 1834 1899
f 1896 1834 1898
f 1835 1899 1834
f 1853 1833 1883
f 1852 1883 1833
f 1834 1896 1832
f 1895 1831 1896
f 1864 1831 1895
f 1832 1896 1831
f 1880 1830 1881
f 1851 1881 1830
f 1879 270 1880
f 1847 270 1879
f 1830 1880 270
f 1871 1877 1829
f 1852 1829 1877
f 1861 1828 1878
f 1847 1878 1828
f 1845 1827 1857
f 1867 1826 1886
f 1873 1886 271
f 1826 271 1886
f 1839 1873 1825
f 271 1825 1873
f 1861 1874 1824
f 1871 1823 1874
f 1824 1874 1823
f 1829 1822 1871
f 1823 1871 1822
f 1869 231 1821
f 1858 1869 1821
f 1842 1857 1819
f 1827 1819 1857
f 1859 1870 1818
f 1842 1817 1856
f 1819 1817 1842
f 1855 1816 1870
f 1818 1870 1816
f 1854 1815 1855
f 1816 1855 1815
f 1850 1814 1864
f 1831 1864 1814
f 1851 1813 1863
f 1849 1863 1813
f 1850 1862 1812
f 1814 1850 1812
f 1859 1810 229
f 1818 1810 1859
f 229 1809 231
f 1821 231 1809
f 1810 1809 229
f 1845 1858 1808
f 1827 1845 1808
f 1819 1827 1807
f 1808 1807 1827
f 1843 1805 1867
f 1826 1867 1805
f 1825 1804 1839
f 1838 1803 1854
f 1815 1854 1803
f 1830 1802 1851
f 1813 1851 1802
f 1846 1801 1862
f 1812 1862 1801
f 1822 1829 1800
f 1828 1861 1799
f 1824 1799 1861
f 1821 1798 1858
f 1808 1858 1798
f 1811 1820 1797
f 1817 1819 1796
f 1807 1796 1819
f 1843 1856 1795
f 1817 1795 1856
f 1805 1843 1795
f 1837 1794 1838
f 1836 1794 1837
f 1803 1838 1794
f 1834 1793 1835
f 1832 1793 1834
f 270 71 1830
f 1802 1830 71
f 1846 1848 1792
f 1801 1846 1792
f 1849 1791 1848
f 1813 1791 1849
f 1792 1848 1791
f 270 1847 273
f 71 270 273
f 1828 274 1847
f 273 1847 274
f 1799 72 1828
f 274 1828 72
f 1797 1790 1811
f 1790 1797 1789
f 271 1826 228
f 1805 228 1826
f 1797 1820 228
f 272 271 228
f 1835 1788 1836
f 1794 1836 1788
f 1793 1787 1835
f 1788 1835 1787
f 1831 1786 1832
f 1793 1832 1786
f 71 1785 270
f 273 270 1785
f 273 1785 71
f 72 274 1784
f 1811 1783 1820
f 1806 1820 1783
f 272 1806 1783
f 1796 1782 1817
f 1795 1817 1782
f 1795 1782 1805
f 1789 1797 1782
f 228 1805 1782
f 228 1782 1797
f 1825 271 70
f 1806 70 1820
f 1804 1825 70
f 272 70 271
f 272 70 1806
f 228 271 70
f 228 1820 70
f 228 70 272
f 1803 1780 1815
f 1839 1779 1853
f 1833 1853 1779
f 1779 1778 1833
f 1833 1777 1852
f 1829 1852 1777
f 1778 1777 1833
f 1823 226 1824
f 1799 1824 226
f 1822 1776 1823
f 1800 1776 1822
f 226 1823 1776
f 1789 1775 1790
f 1796 1807 1774
f 1809 74 1821
f 1798 1821 74
f 1807 1808 1773
f 1798 1773 1808
f 1774 1807 1773
f 1782 1796 1772
f 1782 1772 1789
f 1775 1789 1772
f 1774 1772 1796
f 1774 1775 1772
f 1816 1771 1818
f 1815 1770 1816
f 1780 1770 1815
f 1771 1816 1770
f 1804 1768 1839
f 1779 1839 1768
f 1814 1767 1831
f 1786 1831 1767
f 1812 1766 1814
f 1767 1814 1766
f 1800 1829 1765
f 1777 1765 1829
f 1763 1762 226
f 1790 1761 1811
f 1783 1811 1761
f 1809 1810 1760
f 74 1809 1760
f 1810 1818 1759
f 1771 1759 1818
f 1760 1810 1759
f 1769 1758 1781
f 1769 1781 1757
f 1794 1756 1803
f 1780 1803 1756
f 1801 1754 1812
f 1766 1812 1754
f 1802 1753 1813
f 1791 1813 1753
f 1755 1752 1764
f 70 1751 1804
f 1768 1804 1750
f 1751 1750 1804
f 1788 1749 1794
f 1756 1794 1749
f 1758 1748 1781
f 1757 1781 1748
f 1787 1793 1747
f 1786 1747 1793
f 1752 1755 1746
f 1792 1745 1801
f 1754 1801 1745
f 71 1744 1802
f 1753 1802 1744
f 1765 1743 1800
f 1776 1800 1742
f 1743 1742 1800
f 72 1799 1741
f 1775 1740 1790
f 1761 1790 1740
f 74 73 1798
f 1773 1798 73
f 1783 1739 272
f 70 272 1739
f 1761 1739 1783
f 1787 1738 1788
f 1749 1788 1738
f 1778 1779 1737
f 1768 1737 1779
f 1747 1736 1787
f 1738 1787 1736
f 1777 1778 1735
f 1765 1777 1735
f 1791 1734 1792
f 1753 1734 1791
f 1745 1792 1734
f 273 1733 71
f 1744 71 1733
f 274 1732 273
f 1733 273 1732
f 72 1731 274
f 1741 1731 72
f 1732 274 1731
f 226 227 1799
f 1762 227 226
f 1741 1799 227
f 1774 1730 1775
f 1759 1771 1729
f 1748 1758 1728
f 1770 1727 1771
f 1729 1771 1727
f 1770 1780 1726
f 1727 1770 1726
f 1757 1725 1769
f 1750 1724 1768
f 1737 1768 1724
f 1748 1723 1757
f 1725 1757 1723
f 1737 1722 1778
f 1735 1778 1722
f 1767 1721 1786
f 1747 1786 1721
f 1746 1755 1720
f 1743 1765 1719
f 1735 1719 1765
f 1755 1764 1718
f 1720 1755 1718
f 1746 1717 1752
f 1762 1763 1716
f 1740 1775 1715
f 1730 1715 1775
f 1773 1714 1774
f 73 1714 1773
f 1730 1774 1714
f 1760 76 74
f 73 74 76
f 1751 70 1713
f 1739 1713 70
f 1750 1751 1712
f 1724 1750 1711
f 1712 1711 1750
f 1758 1769 1710
f 1728 1758 1710
f 1725 1710 1769
f 1723 1748 1709
f 1756 1708 1780
f 1726 1780 1708
f 1728 1707 1748
f 1709 1748 1707
f 1717 1746 1706
f 1766 1705 1767
f 1721 1767 1705
f 1720 1704 1746
f 1706 1746 1704
f 1754 1703 1766
f 1705 1766 1703
f 1719 1702 1743
f 1752 1701 1764
f 1718 1764 1701
f 1776 77 226
f 1742 77 1776
f 227 226 77
f 1715 1700 1740
f 1740 1699 1761
f 1739 1761 1699
f 1713 1739 1699
f 1700 1699 1740
f 73 74 225
f 76 74 225
f 76 73 225
f 73 74 75
f 1714 73 75
f 76 74 75
f 76 73 75
f 225 74 75
f 225 73 75
f 225 76 75
f 1713 1697 1751
f 1712 1751 1697
f 1759 1696 1760
f 1729 1696 1759
f 76 1760 1696
f 1727 1695 1729
f 1696 1729 1695
f 1710 1694 1728
f 1738 1693 1749
f 1749 1692 1756
f 1708 1756 1692
f 1693 1692 1749
f 1736 1691 1738
f 1693 1738 1691
f 1691 1736 1690
f 1745 1689 1754
f 1703 1754 1689
f 1717 1688 1752
f 1701 1752 1688
f 1742 1743 1687
f 1702 1687 1743
f 227 1762 1686
f 1716 1686 1762
f 1715 1730 1685
f 1714 1684 1730
f 75 1684 1714
f 1685 1730 1684
f 1707 1728 1683
f 1694 1683 1728
f 1711 1712 1682
f 1726 1681 1727
f 1695 1727 1681
f 1707 1680 1709
f 1736 1747 1679
f 1721 1679 1747
f 1690 1736 1679
f 1704 1678 1706
f 1744 1677 1753
f 1734 1753 1677
f 1706 1676 1717
f 227 1675 1741
f 1686 1674 227
f 1675 227 1674
f 1700 1715 1673
f 1698 1700 1673
f 1685 1673 1715
f 75 76 1672
f 1696 1672 76
f 1697 1671 1712
f 1682 1712 1671
f 1723 1670 1725
f 1710 1725 1670
f 1709 1669 1723
f 1680 1669 1709
f 1670 1723 1669
f 1724 1668 1737
f 1722 1737 1668
f 1683 1667 1707
f 1680 1707 1667
f 1705 1666 1721
f 1679 1721 1666
f 1678 1665 1706
f 1676 1706 1665
f 1722 1664 1735
f 1719 1735 1664
f 1704 1720 1663
f 1678 1704 1663
f 1718 1662 1720
f 1663 1720 1662
f 1734 1661 1745
f 1689 1745 1661
f 1677 1661 1734
f 1733 1660 1744
f 1677 1744 1660
f 1687 1702 1659
f 1731 1741 1658
f 1675 1658 1741
f 227 275 226
f 77 226 275
f 77 275 227
f 1763 226 78
f 1716 1763 78
f 77 226 78
f 77 1742 78
f 275 226 78
f 275 77 78
f 1684 1698 1657
f 1684 1657 1685
f 1673 1657 1698
f 1673 1685 1657
f 1684 75 1656
f 1672 1656 75
f 1671 1655 1682
f 1683 1694 1654
f 1681 1653 1695
f 1694 1710 1652
f 1670 1652 1710
f 1654 1694 1652
f 1711 1651 1724
f 1667 1650 1680
f 1665 1678 1649
f 1703 1648 1705
f 1666 1705 1648
f 1702 1719 1647
f 1732 1646 1733
f 1660 1733 1646
f 1701 1645 1718
f 1688 1645 1701
f 1662 1718 1645
f 1731 1644 1732
f 1658 1644 1731
f 1646 1732 1644
f 1688 1717 1643
f 1676 1643 1717
f 1674 1686 1642
f 1671 1697 1641
f 1695 1640 1696
f 1672 1696 1640
f 1653 1640 1695
f 1682 1639 1711
f 1651 1711 1639
f 1668 1724 1638
f 1651 1638 1724
f 1692 1637 1708
f 1668 1636 1722
f 1664 1722 1636
f 1689 1635 1703
f 1648 1703 1635
f 1664 1634 1719
f 1647 1719 1634
f 1659 1702 1633
f 1647 1633 1702
f 1687 1632 1742
f 1659 1632 1687
f 78 1742 1632
f 1686 1716 1631
f 1642 1686 1631
f 1699 1700 1630
f 1699 1629 1713
f 1630 1629 1699
f 1697 1713 1628
f 1641 1697 1628
f 1629 1628 1713
f 1656 1627 1684
f 1698 1626 1700
f 1684 1626 1698
f 1630 1700 1626
f 1627 1626 1684
f 1667 1683 1625
f 1654 1625 1683
f 1653 1681 1624
f 1708 1623 1726
f 1681 1726 1623
f 1637 1623 1708
f 1624 1681 1623
f 1669 1680 1620
f 1650 1620 1680
f 1666 1619 1679
f 1663 1618 1678
f 1649 1678 1618
f 1665 1615 1676
f 78 79 1716
f 1631 1716 79
f 1655 1671 1614
f 1641 1614 1671
f 1656 1672 1613
f 1640 1613 1672
f 1625 1654 1612
f 1655 1611 1682
f 1639 1682 1611
f 1652 1610 1654
f 1612 1654 1610
f 1621 1622 1609
f 1640 1653 1608
f 1624 1608 1653
f 1692 1693 1607
f 1691 1607 1693
f 1637 1692 1607
f 1638 1606 1668
f 1690 1605 1691
f 1607 1691 1605
f 1679 1604 1690
f 1605 1690 1604
f 1650 1667 1603
f 1620 1650 1603
f 1636 1668 1602
f 1606 1602 1668
f 1625 1601 1667
f 1603 1667 1601
f 1636 1600 1664
f 1615 1665 1599
f 1649 1598 1665
f 1618 1598 1649
f 1599 1665 1598
f 1634 1664 1597
f 1600 1597 1664
f 1662 81 1663
f 1618 1663 81
f 1616 1596 1617
f 1633 1595 1659
f 1645 1688 1594
f 1643 1594 1688
f 1643 1676 1593
f 1615 1593 1676
f 1632 1659 1592
f 1595 1592 1659
f 1674 1591 1675
f 1642 1590 1674
f 1591 1674 1590
f 1614 1589 1655
f 1611 1655 1589
f 1609 1588 1621
f 1638 1651 224
f 1669 1586 1670
f 1652 1670 1586
f 1620 1586 1669
f 1610 1652 1586
f 1621 1585 1622
f 224 1622 1585
f 1585 1621 1584
f 1619 1583 1679
f 1604 1679 1583
f 1648 1582 1666
f 1619 1666 1582
f 1616 1617 1581
f 1581 1580 1616
f 1635 1579 1648
f 1582 1648 1579
f 1661 1578 1689
f 1635 1689 1578
f 1579 1635 1578
f 1634 276 1647
f 1581 1617 276
f 1661 1677 1577
f 1660 1577 1677
f 1578 1661 1577
f 1596 1616 1576
f 1658 1675 1575
f 1591 1575 1675
f 1631 277 1642
f 79 78 277
f 79 277 1631
f 1627 1656 1574
f 1613 1574 1656
f 1639 223 1651
f 1609 1622 223
f 224 1651 223
f 224 223 1622
f 1606 1638 222
f 224 222 1638
f 1585 222 224
f 223 224 222
f 1584 1621 1573
f 1607 278 1637
f 1623 1637 80
f 278 80 1637
f 1583 221 1604
f 80 278 221
f 1597 220 1634
f 276 1634 220
f 276 220 1581
f 1580 1572 1616
f 1633 1647 219
f 1596 219 1617
f 276 219 1647
f 276 1617 219
f 220 276 219
f 1645 82 1662
f 81 1662 82
f 83 81 82
f 1632 1571 78
f 275 226 218
f 78 218 226
f 78 275 218
f 79 78 218
f 1590 1642 218
f 277 78 218
f 277 218 1642
f 277 79 218
f 1570 218 78
f 1570 1590 218
f 1614 1641 1569
f 1612 1568 1625
f 1601 1625 1568
f 1568 1612 1567
f 1589 1566 1611
f 1610 1565 1612
f 1567 1612 1565
f 1613 1640 1564
f 1608 1564 1640
f 1588 1609 1563
f 223 1563 1609
f 1611 1562 1639
f 223 1639 1562
f 1566 1562 1611
f 1563 223 1562
f 1586 1561 1610
f 1586 1587 1561
f 1561 1587 1560
f 221 1559 1604
f 221 80 1559
f 80 278 1558
f 1559 80 1558
f 1586 1557 1587
f 1560 1587 1557
f 1602 1606 1556
f 222 1556 1606
f 1597 1600 1555
f 220 1597 1555
f 83 1554 81
f 81 1553 1618
f 1554 1553 81
f 83 215 81
f 82 81 215
f 82 83 215
f 1646 1552 1660
f 1577 1660 1552
f 1595 1633 1551
f 219 1551 1633
f 1644 1550 1646
f 1552 1646 1550
f 1576 1549 1596
f 219 1596 1549
f 1551 219 1549
f 1594 1643 1548
f 1593 1548 1643
f 1592 1595 1547
f 1551 1547 1595
f 1593 1615 1546
f 1548 1593 1546
f 1644 1658 1545
f 1575 1545 1658
f 1550 1644 1545
f 1599 1544 1615
f 1546 1615 1544
f 1592 1543 1632
f 1571 1632 1543
f 1571 1542 78
f 1570 78 1542
f 1628 1629 1541
f 1628 1540 1641
f 1569 1641 1540
f 1541 1540 1628
f 1626 1539 1630
f 1626 1627 1539
f 1574 1538 1627
f 1539 1627 1538
f 1589 1614 1537
f 1569 1537 1614
f 1608 1624 1536
f 1588 1535 1621
f 1573 1621 1535
f 1605 217 1607
f 1535 1534 1573
f 1557 1533 1560
f 278 1607 216
f 217 216 1607
f 1623 1532 1624
f 80 1532 1623
f 1536 1624 1532
f 222 1585 1531
f 1556 222 1531
f 1573 279 1584
f 1534 279 1573
f 1586 1620 1530
f 1603 1529 1620
f 1530 1620 1529
f 1601 1528 1603
f 1529 1603 1528
f 1584 84 1585
f 1531 1585 84
f 279 84 1584
f 1568 1527 1601
f 1528 1601 1527
f 1556 1526 1602
f 1583 1619 1525
f 1602 1524 1636
f 1600 1636 1524
f 1526 1524 1602
f 1582 1523 1619
f 1525 1619 1523
f 1555 1600 1522
f 1524 1522 1600
f 1579 1521 1582
f 1523 1582 1521
f 1580 1581 1520
f 1598 1519 1599
f 1544 1599 1518
f 1519 1518 1599
f 220 1517 1581
f 1555 1517 220
f 1520 1581 1517
f 1572 1580 1516
f 1520 1516 1580
f 1598 1618 1515
f 1519 1598 1515
f 1576 1616 1514
f 1572 1514 1616
f 1516 1513 1572
f 1514 1572 1513
f 82 83 212
f 215 83 212
f 215 82 212
f 1594 1512 1645
f 82 1645 1512
f 1547 1511 1592
f 1543 1592 1511
f 1590 1510 1591
f 1570 1510 1590
f 1542 1510 1570
f 1629 1630 1509
f 1541 1629 1509
f 1539 1509 1630
f 1566 1589 1508
f 1537 1508 1589
f 1574 1613 1507
f 1564 1507 1613
f 1565 1610 1506
f 1561 1506 1610
f 1562 1566 280
f 1562 280 1563
f 1564 1608 210
f 1536 210 1608
f 1604 214 1605
f 1559 214 1604
f 217 1605 214
f 216 217 214
f 1558 278 213
f 1558 213 1559
f 216 213 278
f 216 213 217
f 214 1559 213
f 214 217 213
f 214 213 216
f 1533 1557 1504
f 1504 1557 1503
f 221 1583 1502
f 1525 1502 1583
f 1553 1500 1618
f 1553 1554 1500
f 1515 1618 1500
f 1501 1500 1554
f 1578 1499 1579
f 1521 1579 1499
f 1554 83 211
f 212 211 83
f 212 1513 211
f 1501 1554 211
f 1549 1498 1551
f 1547 1551 1498
f 1538 1574 1497
f 1507 1497 1574
f 1508 85 1566
f 280 1566 85
f 280 85 1505
f 280 1505 1496
f 85 1496 1505
f 85 280 1496
f 1560 1495 1561
f 1533 1495 1560
f 1533 1534 1495
f 221 1494 80
f 1532 80 1494
f 1502 1494 221
f 1531 1493 1556
f 1526 1556 1493
f 279 1534 1492
f 1533 1491 1534
f 1504 1491 1533
f 1492 1534 1491
f 1522 1490 1555
f 1517 1555 1490
f 1513 1516 1489
f 211 1513 1489
f 1577 1488 1578
f 1552 1488 1577
f 1499 1578 1488
f 1511 1547 1487
f 1498 1487 1547
f 1575 1591 1486
f 1510 1486 1591
f 1567 1485 1568
f 1565 1485 1567
f 1527 1568 1484
f 1485 1484 1568
f 280 1483 1563
f 1563 1482 1588
f 1535 1588 1482
f 1483 1482 1563
f 210 86 1564
f 210 281 86
f 1482 1481 1535
f 1534 1535 1480
f 1495 1534 1480
f 1481 1480 1535
f 210 1536 1479
f 84 1478 1531
f 1493 1531 1478
f 1557 1586 1477
f 1530 1477 1586
f 1529 1477 1530
f 1503 1557 1477
f 84 279 282
f 1524 1526 1476
f 1522 1524 1476
f 1521 1475 1523
f 1499 1475 1521
f 1517 1474 1520
f 1490 1474 1517
f 1513 1472 1514
f 212 1472 1513
f 1473 1514 1472
f 215 82 88
f 212 82 88
f 212 215 88
f 1512 88 82
f 211 212 88
f 211 88 1501
f 1489 88 211
f 1472 212 88
f 1487 1498 1471
f 1498 1549 1470
f 1471 1498 1470
f 1549 1576 1469
f 1514 1469 1576
f 1473 1469 1514
f 1470 1549 1469
f 1548 1468 1594
f 1512 1594 1468
f 1546 1467 1548
f 1544 1467 1546
f 1518 1466 1544
f 1467 1544 1466
f 1543 1465 1571
f 1540 1464 1569
f 1537 1569 1463
f 1464 1463 1569
f 1538 1462 1539
f 1509 1539 1462
f 210 1461 281
f 1497 1460 1538
f 1462 1538 1460
f 1506 1561 1459
f 1495 1459 1561
f 1507 1564 1458
f 86 1458 1564
f 86 210 208
f 1479 208 210
f 1483 280 1457
f 1528 1456 1529
f 1485 1565 1456
f 1532 1455 1536
f 1479 1536 1455
f 84 279 87
f 1492 87 279
f 282 279 87
f 282 84 87
f 87 1492 1454
f 1491 1453 1492
f 1454 1492 1453
f 1527 1452 1528
f 1456 1528 1452
f 1484 1451 1527
f 1452 1527 1451
f 1493 1450 1526
f 1476 1526 1450
f 1491 1504 1449
f 1453 1491 1449
f 1502 1525 1448
f 1523 1447 1525
f 1475 1447 1523
f 1448 1525 1447
f 1516 1520 1446
f 1490 1522 1445
f 1476 1445 1522
f 1489 1516 1444
f 88 1489 1444
f 1446 1444 1516
f 211 212 209
f 88 209 212
f 88 211 209
f 88 1443 1501
f 209 1443 88
f 1500 1442 1515
f 1500 1501 1442
f 1443 1442 1501
f 1518 1519 1441
f 1515 1441 1519
f 1466 1518 1440
f 1441 1440 1518
f 1467 1439 1548
f 1441 1515 1439
f 1550 1438 1552
f 1488 1552 1438
f 1511 1437 1543
f 1465 1543 1437
f 1542 1571 1436
f 1465 1436 1571
f 1540 1541 1435
f 1509 1435 1541
f 1464 1540 1435
f 1508 1537 1434
f 1463 1434 1537
f 86 281 1432
f 1461 1432 281
f 1461 210 1431
f 208 1431 210
f 1433 1461 1431
f 85 1430 280
f 1457 280 1430
f 1459 1429 1506
f 1484 1485 1428
f 1456 1428 1485
f 1451 1484 1427
f 1428 1427 1484
f 1506 1426 1565
f 1456 1565 1426
f 1429 1426 1506
f 1497 1507 1425
f 1458 1425 1507
f 1480 1481 1424
f 1477 1529 1422
f 1456 1422 1529
f 1426 1422 1456
f 1494 1420 1532
f 1494 1502 1420
f 1455 1532 1420
f 1448 1420 1502
f 1478 1419 1493
f 1450 1493 1419
f 1423 1419 1478
f 1478 84 1418
f 282 1418 84
f 1423 1478 1418
f 1503 1417 1504
f 1477 1417 1503
f 1449 1504 1417
f 1422 1417 1477
f 1475 1499 1416
f 1474 1415 1520
f 1446 1520 1415
f 1474 1490 1414
f 1445 1414 1490
f 1444 1413 88
f 1488 1412 1499
f 1438 1412 1488
f 1416 1499 1412
f 1415 1474 1411
f 1414 1411 1474
f 1472 1408 1473
f 1409 1473 1408
f 88 1512 1407
f 1468 1407 1512
f 1545 1406 1550
f 1438 1550 1406
f 1471 1405 1487
f 1410 1405 1471
f 1466 1404 1467
f 1439 1467 1404
f 1440 1403 1466
f 1404 1466 1403
f 1487 1402 1511
f 1437 1511 1402
f 1405 1402 1487
f 1545 1575 1401
f 1486 1401 1575
f 1406 1545 1401
f 1510 1542 1400
f 1486 1510 1400
f 1436 1400 1542
f 85 1508 1399
f 1434 1399 1508
f 1430 85 1399
f 208 86 1398
f 1431 208 1398
f 1431 1398 1433
f 1433 1397 1461
f 1432 1397 86
f 1432 1461 1397
f 1398 86 1397
f 1398 1397 1433
f 1457 1396 1483
f 1423 1396 1457
f 1480 1395 1495
f 1424 1395 1480
f 1459 1495 1394
f 1429 1459 1394
f 1395 1394 1495
f 1428 1456 1393
f 1427 1428 1393
f 1393 1392 1427
f 86 281 207
f 1458 86 207
f 208 207 86
f 1460 1497 1391
f 1425 1391 1497
f 1424 1481 1390
f 208 1479 1388
f 1452 206 1456
f 1451 206 1452
f 1393 1456 206
f 1392 1393 206
f 1389 1421 206
f 1427 1387 1451
f 1392 1387 1427
f 206 1451 1387
f 206 1387 1392
f 1454 1386 87
f 87 1385 282
f 1418 282 1385
f 1447 1384 1448
f 1413 1444 1383
f 1440 1441 1381
f 1439 1381 1441
f 1403 1440 1380
f 1381 1380 1440
f 1442 1379 1515
f 1439 1379 1548
f 1439 1515 1379
f 1404 1378 1439
f 1403 1378 1404
f 1381 1439 1378
f 1380 1377 1403
f 1380 1381 1377
f 1378 1403 1377
f 1378 1377 1381
f 1468 1548 1376
f 1407 1468 1376
f 1379 1376 1548
f 1462 1375 1509
f 1435 1509 1375
f 1482 1483 1374
f 1481 1482 1374
f 1396 1374 1483
f 1390 1481 1374
f 1430 1373 1457
f 1423 1457 1373
f 1419 1423 1372
f 1373 1372 1423
f 1425 1458 1371
f 207 1371 1458
f 1395 1424 1369
f 1390 1369 1424
f 1370 1369 1390
f 1386 1368 87
f 1385 87 1368
f 1369 1368 1386
f 1369 1370 1368
f 1449 1365 1453
f 1417 1365 1449
f 1447 1475 1364
f 1416 1364 1475
f 1384 1447 1364
f 1366 1384 1364
f 1450 1363 1476
f 1445 1476 1363
f 1367 1363 1450
f 1443 209 1362
f 1442 1443 1362
f 1363 1361 1445
f 1444 1446 1360
f 1415 1360 1446
f 1383 1444 1360
f 1413 1359 88
f 1383 1359 1413
f 1382 1359 1383
f 1411 1358 1415
f 1408 1357 1409
f 1382 1409 1357
f 1359 1382 1357
f 1411 1414 1356
f 1405 1410 1355
f 1358 1411 1355
f 1358 1355 1410
f 1356 1355 1411
f 88 1354 1472
f 1408 1472 1354
f 1470 1353 1471
f 1410 1471 1353
f 1469 1473 1352
f 1469 1352 1470
f 1409 1352 1473
f 1382 1352 1409
f 1353 1470 1352
f 1401 1486 1351
f 1400 1351 1486
f 1426 1429 1347
f 1422 1426 1347
f 1394 1347 1429
f 207 208 1346
f 1388 1346 208
f 1419 1344 1450
f 1372 1344 1419
f 1372 1373 1344
f 1367 1450 1344
f 1345 1367 1344
f 1455 1343 1479
f 1420 1343 1455
f 1420 1448 1343
f 1388 1479 1343
f 1384 1343 1448
f 1385 1342 1418
f 1368 1342 1385
f 1368 1370 1342
f 1453 1341 1454
f 1386 1454 1341
f 1365 1341 1453
f 1417 1422 1340
f 1365 1417 1340
f 1364 1416 1338
f 1364 1338 1366
f 1339 1366 1338
f 1412 1337 1416
f 1338 1416 1337
f 1362 1336 1442
f 209 88 1335
f 1362 209 1335
f 1359 1335 88
f 1357 1335 1359
f 1361 1334 1445
f 1414 1445 1333
f 1356 1414 1333
f 1355 1356 1333
f 1334 1333 1445
f 1407 1332 88
f 1354 88 1332
f 1437 1331 1465
f 1400 1436 1329
f 1463 1464 1328
f 1350 1328 1464
f 1349 1328 1350
f 1375 1327 1435
f 1434 1463 1326
f 1348 1326 1349
f 1328 1326 1463
f 1328 1349 1326
f 1460 1325 1462
f 1391 1325 1460
f 1326 1324 1434
f 1326 1348 1324
f 1399 1323 1430
f 1373 1430 1323
f 1344 1373 1323
f 1344 1323 1345
f 1374 1396 1322
f 1374 1322 1390
f 1370 1390 1322
f 1342 1370 1322
f 1394 1395 1321
f 1347 1394 1321
f 1371 207 1320
f 1346 1320 207
f 1418 1319 1423
f 1396 1423 1319
f 1342 1319 1418
f 1322 1396 1319
f 1322 1319 1342
f 1369 1318 1395
f 1369 1386 1318
f 1341 1318 1386
f 1321 1395 1318
f 1346 1388 1317
f 1343 1317 1388
f 1320 1346 1316
f 1317 1316 1346
f 1366 1315 1384
f 1343 1384 1315
f 1317 1343 1315
f 1341 1365 1314
f 1340 1314 1365
f 1339 1313 1366
f 1316 1317 1313
f 1315 1366 1313
f 1315 1313 1317
f 1313 1339 1312
f 1313 1312 1316
f 1338 1311 1339
f 1337 1311 1338
f 1312 1339 1311
f 1336 1362 1310
f 1335 1310 1362
f 1412 1438 1309
f 1337 1412 1309
f 1382 1383 1308
f 1360 1415 1308
f 1360 1308 1383
f 1358 1308 1415
f 1358 1410 1308
f 1353 1308 1410
f 1352 1382 1308
f 1352 1308 1353
f 1357 1408 1307
f 1354 1307 1408
f 1335 1357 1307
f 1310 1335 1307
f 1379 1442 1306
f 1336 1306 1442
f 1402 1405 1305
f 1355 1305 1405
f 1333 1305 1355
f 1333 1334 1305
f 1376 1304 1407
f 1376 1379 1304
f 1332 1407 1304
f 1306 1304 1379
f 1402 1303 1437
f 1331 1437 1303
f 1351 1400 1302
f 1329 1302 1400
f 1436 1465 1301
f 1331 1301 1465
f 1330 1301 1331
f 1329 1436 1301
f 1329 1301 1330
f 1435 1300 1464
f 1350 1464 1300
f 1327 1300 1435
f 1327 1350 1300
f 1375 1462 1299
f 1325 1299 1462
f 1399 1434 1298
f 1324 1298 1434
f 1323 1399 1298
f 1323 1297 1345
f 1298 1324 1297
f 1298 1297 1323
f 1391 1425 1296
f 1371 1296 1425
f 1347 1295 1422
f 1340 1422 1295
f 1320 1294 1371
f 1316 1294 1320
f 1312 1294 1316
f 1296 1371 1294
f 1332 1293 1354
f 1307 1354 1293
f 1307 1293 1310
f 1334 1361 1292
f 1305 1292 1402
f 1305 1334 1292
f 1303 1402 1292
f 1351 1291 1401
f 1321 1290 1347
f 1295 1347 1290
f 1318 1341 1289
f 1318 1289 1321
f 1314 1289 1341
f 1290 1321 1289
f 1314 1340 1288
f 1295 1288 1340
f 1289 1314 1288
f 1310 1287 1336
f 1306 1336 1287
f 1293 1287 1310
f 1304 1286 1332
f 1304 1306 1286
f 1293 1332 1286
f 1287 1286 1306
f 1287 1293 1286
f 1406 1285 1438
f 1309 1438 1285
f 1401 1284 1406
f 1291 1284 1401
f 1285 1406 1284
f 1325 1391 1283
f 1296 1283 1391
f 1290 1282 1295
f 1289 1282 1290
f 1288 1295 1282
f 1288 1282 1289
f 1327 1375 1281
f 1299 1281 1375
f 1302 1280 1351
f 1291 1351 1280
f 1299 1325 1279
f 1283 1279 1325
f 1311 1337 1278
f 1311 1278 1312
f 1281 1299 1277
f 1279 1277 1299
f 1294 1312 1276
f 1278 1276 1312
f 1309 1275 1337
f 1278 1337 1275
f 1285 1274 1309
f 1275 1309 1274
f 1284 205 1285
f 1274 1285 205
f 204 1274 205
f 1284 1291 89
f 1280 89 1291
f 205 1284 89
f 205 204 89
f 1279 1283 1273
f 204 90 1274
f 89 90 204
f 1349 1350 1272
f 1348 1349 1271
f 1272 1271 1349
f 1324 1348 1270
f 1271 1270 1348
f 1297 1324 1269
f 1270 1269 1324
f 1297 1268 1345
f 1269 1268 1297
f 1294 1267 1296
f 1283 1296 1267
f 1276 1267 1294
f 1273 1283 1267
f 1345 1266 1367
f 1268 1266 1345
f 1363 1367 1265
f 1361 1363 1265
f 1266 1265 1367
f 1292 1361 1264
f 1265 1264 1361
f 1292 1263 1303
f 1264 1263 1292
f 1263 1262 1303
f 1262 1261 1303
f 1303 1260 1331
f 1261 1260 1303
f 1329 1330 1259
f 1330 1331 1258
f 1260 1258 1331
f 1259 1330 1258
f 1327 1257 1350
f 1272 1350 1257
f 1281 1256 1327
f 1257 1327 1256
f 1277 1255 1281
f 1256 1281 1255
f 1277 1279 1254
f 1273 1254 1279
f 1255 1277 1254
f 1276 1278 1253
f 1267 1276 1253
f 1275 1252 1278
f 1253 1278 1252
f 1302 1329 1251
f 1259 1251 1329
f 1274 1250 1275
f 1252 1275 1250
f 1280 1302 1249
f 1251 1249 1302
f 1267 1248 1273
f 1254 1273 1248
f 90 1246 1274
f 1250 1274 1246
f 89 1280 1245
f 1249 1245 1280
f 1248 1267 1244
f 1253 1243 1267
f 1252 1243 1253
f 1250 1243 1252
f 1244 1267 1243
f 1244 1243 1247
f 1246 90 1242
f 205 204 203
f 89 204 203
f 89 205 203
f 90 204 203
f 90 89 203
f 1245 203 89
f 90 91 204
f 1242 90 91
f 203 204 91
f 203 90 91
f 1254 1241 1255
f 1248 1241 1254
f 1255 1240 1256
f 1241 1240 1255
f 1244 1239 1248
f 1244 1247 1239
f 1241 1248 1239
f 1239 1247 1238
f 1243 1237 1247
f 1240 1236 1256
f 1238 1247 1234
f 1237 1234 1247
f 1246 1233 1250
f 1243 1250 1233
f 1237 1243 1233
f 1242 1232 1246
f 91 1232 1242
f 1233 1246 1232
f 203 1245 1231
f 91 203 1231
f 1232 91 1231
f 1245 1249 1230
f 1235 1230 1249
f 1231 1245 1230
f 1240 1241 1229
f 1239 1228 1241
f 1229 1241 1228
f 1238 1227 1239
f 1234 1227 1238
f 1228 1239 1227
f 1271 1272 1226
f 1257 1225 1272
f 1226 1272 1225
f 1270 1271 1224
f 1226 1224 1271
f 1269 1270 1223
f 1224 1223 1270
f 1256 1222 1257
f 1236 1222 1256
f 1225 1257 1222
f 1268 1269 1221
f 1223 1221 1269
f 1236 1240 1220
f 1229 1220 1240
f 1266 1268 1219
f 1221 1219 1268
f 1265 1266 1218
f 1219 1218 1266
f 1264 1265 1217
f 1218 1217 1265
f 1263 1264 1216
f 1217 1216 1264
f 1262 1263 1215
f 1216 1215 1263
f 1215 1214 1262
f 1261 1262 1213
f 1214 1213 1262
f 1249 1251 1212
f 1235 1249 1212
f 1260 1261 1211
f 1213 1211 1261
f 1251 1259 1210
f 1212 1251 1210
f 1258 1260 1209
f 1211 1209 1260
f 1258 1208 1259
f 1210 1259 1208
f 1209 1208 1258
f 1230 1207 1231
f 1222 1236 1206
f 1220 1206 1236
f 1227 1205 1228
f 1234 1237 1203
f 1204 1203 1237
f 1233 1202 1237
f 1204 1237 1202
f 1231 1201 1232
f 1207 1201 1231
f 1230 1235 1200
f 1212 1200 1235
f 1207 1230 1200
f 1220 1229 1199
f 1206 1220 1199
f 1228 1198 1229
f 1205 1198 1228
f 1199 1229 1198
f 1227 1234 1197
f 1205 1227 1197
f 1203 1197 1234
f 1198 1205 1197
f 1232 1196 1233
f 1202 1233 1196
f 1201 1196 1232
f 1199 1195 1206
f 1198 1195 1199
f 1197 1203 202
f 1203 1204 1194
f 1202 1194 1204
f 1196 1194 1202
f 202 1203 1194
f 1201 1207 1193
f 1200 1193 1207
f 1197 1192 1198
f 1195 1198 1192
f 199 92 202
f 202 201 1197
f 1192 1197 201
f 92 201 202
f 1194 93 202
f 199 202 93
f 92 202 93
f 92 199 93
f 1194 1196 1191
f 93 1194 1191
f 1196 1201 1190
f 1193 1190 1201
f 1191 1196 1190
f 92 199 95
f 93 199 95
f 93 92 95
f 201 92 96
f 97 96 201
f 1191 200 93
f 95 93 200
f 92 199 94
f 93 199 94
f 93 92 94
f 95 199 94
f 95 92 94
f 95 93 94
f 96 92 94
f 93 199 198
f 95 198 199
f 95 93 198
f 1225 1188 1226
f 1189 1226 1188
f 1224 1226 1187
f 1189 1187 1226
f 1222 1186 1225
f 1188 1225 1186
f 1223 1224 1185
f 1187 1185 1224
f 1221 1223 1184
f 1185 1184 1223
f 1206 1183 1222
f 1195 1183 1206
f 1186 1222 1183
f 1219 1221 1182
f 1184 1182 1221
f 1218 1219 1181
f 1217 1218 1181
f 1182 1181 1219
f 1181 1180 1217
f 1216 1217 1179
f 1215 1216 1179
f 1180 1179 1217
f 1214 1215 1178
f 1179 1178 1215
f 1200 1212 1177
f 1193 1200 1177
f 1213 1214 1176
f 1211 1213 1176
f 1178 1176 1214
f 1210 1175 1212
f 1177 1212 1175
f 1209 1211 1174
f 1176 1174 1211
f 1208 1173 1210
f 1175 1210 1173
f 1173 1208 1172
f 1208 1209 1171
f 1174 1171 1209
f 1172 1208 1171
f 1192 1170 1195
f 1183 1195 1170
f 96 283 97
f 1170 1192 283
f 200 196 95
f 94 196 95
f 198 196 95
f 201 98 1192
f 97 201 98
f 96 201 98
f 96 97 98
f 94 98 95
f 94 98 96
f 283 1192 98
f 283 98 97
f 283 96 98
f 196 95 98
f 196 94 98
f 200 1191 197
f 200 95 197
f 198 95 197
f 196 95 197
f 196 200 197
f 196 198 197
f 1190 1169 1191
f 197 1191 1169
f 1190 1193 1168
f 1177 1168 1193
f 1169 1190 1168
f 98 196 1167
f 197 1167 196
f 1188 1166 1189
f 1187 1189 1166
f 1170 1165 1183
f 1168 1177 1164
f 1183 1163 1186
f 1165 1163 1183
f 1164 1162 1168
f 1175 1161 1177
f 1164 1177 1161
f 1186 1160 1188
f 1166 1188 1160
f 1163 1160 1186
f 283 1159 1170
f 1165 1170 1159
f 1159 283 1158
f 98 1157 283
f 1169 1157 197
f 1167 1157 98
f 1167 197 1157
f 1158 283 1157
f 1157 1169 1156
f 1168 1155 1169
f 1162 1155 1168
f 1156 1169 1155
f 1171 1174 195
f 1173 1154 1175
f 1172 1154 1173
f 1161 1175 1154
f 1160 1153 1166
f 1166 1152 1187
f 1153 1152 1166
f 1185 1187 1151
f 1152 1151 1187
f 1184 1185 1150
f 1151 1150 1185
f 1182 1184 1149
f 1150 1149 1184
f 1181 1182 1148
f 1149 1148 1182
f 1180 1181 1147
f 1179 1180 1147
f 1148 1147 1181
f 1178 1179 1146
f 1147 1146 1179
f 1176 1178 1145
f 1146 1145 1178
f 1174 1176 99
f 195 1174 99
f 1145 99 1176
f 1144 195 99
f 1171 1143 1172
f 195 1143 1171
f 99 1143 195
f 1154 1172 1142
f 1143 1141 1172
f 1142 1172 1141
f 1163 1165 1140
f 1159 100 1165
f 1140 1165 100
f 1162 1164 1139
f 1155 1162 1139
f 1161 1138 1164
f 1139 1164 1138
f 1160 1163 1137
f 1153 1160 1137
f 1140 1137 1163
f 1154 1135 1161
f 1142 1135 1154
f 1138 1161 1135
f 1152 1153 1134
f 1137 1134 1153
f 1158 285 1159
f 100 1159 285
f 1136 100 285
f 285 1158 1133
f 1157 1132 1158
f 1156 1132 1157
f 1133 1158 1132
f 1132 1156 194
f 1155 1130 1156
f 1139 1130 1155
f 194 1156 1130
f 1141 1129 1142
f 1135 1142 1129
f 1151 1152 1128
f 1150 1151 1128
f 1134 1128 1152
f 1149 1150 1127
f 1128 1127 1150
f 1148 1149 1126
f 1127 1126 1149
f 1147 1148 1125
f 1146 1147 1125
f 1126 1125 1148
f 194 1131 1124
f 1145 1146 1123
f 1125 1123 1146
f 1144 284 195
f 99 195 284
f 99 1145 284
f 99 284 1144
f 1123 284 1145
f 1143 99 1122
f 1141 1143 1122
f 1129 1141 1122
f 284 1122 99
f 1120 1119 1121
f 1120 1121 1118
f 1138 1117 1139
f 1135 1116 1138
f 1117 1138 1116
f 1134 1137 1115
f 1137 1140 1114
f 1115 1137 1114
f 1128 1134 1113
f 1115 1113 1134
f 100 1112 1140
f 1114 1140 1112
f 285 1111 100
f 1112 100 1111
f 1118 1110 1120
f 1130 1139 1109
f 1117 1109 1139
f 1119 1108 1121
f 1118 1121 1108
f 1129 1107 1135
f 1116 1135 1107
f 1122 1106 1129
f 1107 1129 1106
f 1127 1128 286
f 1113 286 1128
f 1119 1120 1105
f 1110 1105 1120
f 1109 1104 1130
f 1122 284 1103
f 1106 1122 1103
f 1105 1102 1119
f 1133 1101 285
f 1111 285 1101
f 1101 1133 1099
f 1126 1127 1098
f 1100 1098 1127
f 1132 1097 1133
f 194 1097 1132
f 1099 1133 1097
f 1125 1126 1096
f 1123 1125 1096
f 1098 1096 1126
f 1097 194 1095
f 284 1123 1094
f 1096 1094 1123
f 1103 284 1093
f 1094 1093 284
f 1130 1092 194
f 1104 1092 1130
f 1095 194 1092
f 1105 1110 1091
f 1110 1118 1090
f 1108 1089 1118
f 1090 1118 1089
f 1108 1119 1088
f 1102 1088 1119
f 286 101 1127
f 1100 1127 101
f 193 101 286
f 1102 1105 1087
f 1091 1110 1086
f 1090 1086 1110
f 1089 1085 1090
f 1086 1090 1085
f 1089 1108 1084
f 1088 1084 1108
f 1088 1102 1083
f 1087 1083 1102
f 193 286 192
f 101 192 286
f 101 193 192
f 1091 1082 1105
f 1087 1105 1082
f 1086 1082 1091
f 1093 1081 1103
f 1085 1089 1080
f 1084 1080 1089
f 1081 1079 1103
f 1084 1088 1078
f 1083 1078 1088
f 1092 1076 1095
f 1075 1077 1074
f 1085 1073 1086
f 1080 1073 1085
f 1074 1086 1073
f 1074 1073 1075
f 1092 1104 103
f 1076 1092 103
f 1101 104 1111
f 1073 1080 191
f 1104 1109 102
f 103 1104 102
f 1080 1084 1072
f 191 1080 1072
f 1109 1117 1071
f 102 1109 1071
f 1116 1070 1117
f 1071 1117 1070
f 1103 1069 1106
f 1107 1068 1116
f 1070 1116 1068
f 1106 1067 1107
f 1069 1067 1106
f 1068 1107 1067
f 1114 1066 1115
f 1113 1115 1065
f 1066 1065 1115
f 1112 1064 1114
f 1066 1114 1064
f 286 1113 1063
f 1065 1063 1113
f 1111 1062 1112
f 104 1062 1111
f 1064 1112 1062
f 1099 287 1101
f 104 1101 287
f 1061 104 287
f 101 1060 1100
f 1060 1059 1100
f 287 1099 1058
f 1098 1100 1057
f 1059 1057 1100
f 1097 1056 1099
f 1095 1056 1097
f 1058 1099 1056
f 1096 1098 1055
f 1094 1096 1055
f 1057 1055 1098
f 1093 1094 1054
f 1055 1054 1094
f 1054 1053 1093
f 1082 1052 1087
f 1083 1087 1051
f 1052 1051 1087
f 1074 1050 1086
f 1074 1077 1050
f 1082 1086 1049
f 1052 1082 1049
f 1050 1049 1086
f 102 103 190
f 1081 1093 1048
f 1053 1048 1093
f 1073 1047 1075
f 191 1047 1073
f 1078 1046 1084
f 1072 1084 1046
f 1046 1078 1045
f 1078 1083 1044
f 1051 1044 1083
f 1045 1078 1044
f 1076 1043 1095
f 1056 1095 1043
f 1075 1042 1077
f 1050 1077 1042
f 1047 1042 1075
f 103 189 1076
f 102 103 189
f 190 103 189
f 190 102 189
f 1043 1076 189
f 192 286 1041
f 1063 1041 286
f 1072 188 191
f 1079 1040 1103
f 1069 1103 1040
f 192 1039 193
f 1041 1039 192
f 101 193 1038
f 1060 101 1038
f 1039 1038 193
f 1048 1037 1081
f 1047 191 186
f 188 186 191
f 1079 1081 1036
f 1040 1079 1036
f 1037 1036 1081
f 1046 1035 1072
f 188 1072 1035
f 1042 1047 1034
f 1049 1050 1033
f 1042 1033 1050
f 1034 1047 1032
f 186 1031 1047
f 1032 1047 1031
f 1051 1052 1030
f 1049 1030 1052
f 1044 1051 1029
f 1030 1029 1051
f 1045 1028 1046
f 1044 1028 1045
f 1029 1027 1044
f 1028 1044 1027
f 1038 1024 1060
f 1034 1023 1042
f 1033 1042 1023
f 1037 1048 1022
f 1033 1021 1049
f 1030 1049 1021
f 188 187 191
f 186 191 187
f 186 188 187
f 1035 1020 188
f 1035 1046 1019
f 1028 1019 1046
f 1039 1041 1018
f 1025 1026 1017
f 1059 1060 1016
f 1024 1016 1060
f 1015 184 1014
f 1048 1053 1013
f 1022 1048 1013
f 1032 1012 1034
f 1023 1011 1033
f 1021 1033 1011
f 1029 1030 1010
f 1021 1010 1030
f 1027 1029 1009
f 1010 1009 1029
f 1031 1008 1032
f 1012 1032 1008
f 1020 1035 1007
f 1019 1007 1035
f 190 102 1006
f 1027 1005 1028
f 1019 1028 1005
f 1009 1004 1027
f 1005 1027 1004
f 1071 1003 102
f 1006 102 1003
f 1036 1002 1040
f 1070 1001 1071
f 1003 1071 1001
f 1068 1000 1070
f 1001 1070 1000
f 1067 1069 999
f 1067 998 1068
f 1000 1068 998
f 999 998 1067
f 1064 997 1066
f 1065 1066 996
f 997 996 1066
f 1063 1065 995
f 996 995 1065
f 1062 994 1064
f 997 1064 994
f 1062 104 993
f 994 1062 993
f 1017 1026 992
f 287 991 104
f 993 104 991
f 1025 990 1026
f 1017 989 1025
f 990 1025 989
f 1058 988 287
f 991 287 988
f 988 1058 288
f 1057 1059 987
f 1016 986 1059
f 987 1059 986
f 1015 185 184
f 1014 184 185
f 1014 185 1015
f 288 184 185
f 1056 105 1058
f 1043 105 1056
f 288 1058 105
f 288 105 184
f 185 184 105
f 185 105 288
f 1055 1057 985
f 1054 1055 985
f 987 985 1057
f 105 1043 984
f 1053 1054 983
f 985 983 1054
f 1013 1053 982
f 983 982 1053
f 1023 1034 981
f 1012 981 1034
f 189 190 980
f 1006 980 190
f 1019 1021 979
f 1011 979 1021
f 1007 1019 979
f 1010 1021 978
f 1009 1010 978
f 1004 1009 977
f 978 977 1009
f 1031 186 976
f 1008 1031 976
f 1019 975 1021
f 1005 975 1019
f 1004 975 1005
f 978 1021 975
f 977 974 1004
f 977 978 974
f 975 1004 974
f 975 974 978
f 992 1026 973
f 990 973 1026
f 989 1017 972
f 1008 971 1012
f 189 970 1043
f 984 1043 970
f 980 970 189
f 187 188 968
f 1020 968 188
f 1040 967 1069
f 1002 967 1040
f 999 1069 967
f 1041 1063 966
f 1018 1041 966
f 995 966 1063
f 1018 965 1039
f 1038 1039 964
f 1024 1038 964
f 965 964 1039
f 1011 1023 963
f 981 963 1023
f 979 1011 963
f 1022 183 1037
f 962 969 183
f 1007 961 1020
f 968 1020 961
f 1036 1037 960
f 1002 1036 960
f 183 960 1037
f 187 959 186
f 976 186 959
f 989 957 990
f 992 956 1017
f 972 1017 956
f 958 956 992
f 981 1012 955
f 971 955 1012
f 979 954 1007
f 963 954 979
f 961 1007 954
f 976 110 1008
f 973 953 992
f 958 992 953
f 972 952 989
f 957 989 952
f 956 951 972
f 952 972 951
f 971 1008 950
f 955 971 950
f 110 106 1008
f 950 1008 106
f 966 949 1018
f 973 990 948
f 957 948 990
f 953 973 948
f 964 947 1024
f 1016 1024 946
f 947 946 1024
f 1013 945 1022
f 183 1022 944
f 945 944 1022
f 963 981 943
f 955 943 981
f 954 963 943
f 106 110 107
f 959 942 976
f 110 976 942
f 961 941 968
f 954 941 961
f 968 940 187
f 959 187 940
f 941 940 968
f 960 939 1002
f 967 1002 938
f 939 938 1002
f 965 1018 937
f 949 937 1018
f 986 1016 936
f 946 936 1016
f 105 935 288
f 984 935 105
f 982 934 1013
f 945 1013 934
f 950 933 955
f 943 955 933
f 106 110 108
f 107 110 108
f 107 106 108
f 943 932 954
f 941 954 932
f 980 1006 931
f 970 980 931
f 1003 930 1006
f 931 1006 930
f 956 958 929
f 991 928 993
f 937 927 965
f 952 926 957
f 948 957 926
f 988 925 991
f 928 991 925
f 964 965 924
f 947 964 924
f 927 924 965
f 926 952 923
f 288 182 988
f 925 988 182
f 951 922 952
f 923 952 922
f 951 956 921
f 929 921 956
f 935 920 288
f 182 288 920
f 986 919 987
f 936 918 986
f 919 986 918
f 985 987 917
f 983 985 917
f 919 917 987
f 935 984 916
f 982 983 915
f 917 915 983
f 934 982 914
f 915 914 982
f 933 950 913
f 970 912 984
f 931 912 970
f 916 984 912
f 960 183 911
f 944 911 183
f 106 110 109
f 107 110 109
f 107 106 109
f 108 110 109
f 108 106 109
f 108 107 109
f 942 959 910
f 940 910 959
f 939 960 909
f 911 909 960
f 1001 908 1003
f 930 1003 908
f 1000 907 1001
f 908 1001 907
f 998 999 906
f 998 905 1000
f 907 1000 905
f 906 905 998
f 996 997 904
f 994 903 997
f 904 997 903
f 995 996 902
f 904 902 996
f 993 901 994
f 928 901 993
f 903 994 901
f 953 900 958
f 929 958 900
f 922 951 899
f 921 899 951
f 940 941 898
f 932 898 941
f 967 897 999
f 938 897 967
f 906 999 897
f 966 995 289
f 949 966 289
f 902 289 995
f 948 896 953
f 926 896 948
f 900 953 896
f 106 895 950
f 913 950 895
f 933 893 943
f 932 943 893
f 913 893 933
f 894 893 913
f 109 892 108
f 910 940 891
f 898 891 940
f 942 890 110
f 109 110 890
f 910 890 942
f 892 109 890
f 938 939 889
f 897 938 889
f 937 949 888
f 922 887 923
f 936 946 886
f 946 947 885
f 886 946 885
f 934 884 945
f 944 945 883
f 911 944 883
f 884 883 945
f 108 882 106
f 895 106 882
f 892 882 108
f 912 931 881
f 909 911 880
f 883 880 911
f 891 898 879
f 898 932 878
f 893 878 932
f 893 894 878
f 879 898 878
f 879 878 894
f 880 877 909
f 880 892 877
f 909 876 939
f 877 876 909
f 289 181 949
f 888 949 181
f 927 937 875
f 924 927 875
f 896 926 874
f 923 873 926
f 887 873 923
f 874 926 873
f 924 872 947
f 875 872 924
f 920 111 182
f 886 871 936
f 918 936 870
f 871 870 936
f 111 920 869
f 918 868 919
f 870 868 918
f 920 935 867
f 916 867 935
f 869 920 867
f 867 916 866
f 914 865 934
f 912 864 916
f 866 916 864
f 884 934 863
f 865 863 934
f 881 862 912
f 864 912 862
f 882 892 861
f 880 861 892
f 880 883 861
f 890 860 892
f 877 892 860
f 891 859 910
f 890 910 859
f 930 858 931
f 881 931 858
f 921 929 857
f 900 856 929
f 896 856 900
f 857 929 856
f 888 855 937
f 875 937 855
f 874 854 896
f 885 947 853
f 872 853 947
f 899 852 922
f 899 921 851
f 857 851 921
f 852 899 851
f 867 850 869
f 866 850 867
f 917 919 849
f 915 917 849
f 868 849 919
f 914 915 848
f 865 914 848
f 849 848 915
f 882 175 895
f 889 939 847
f 876 847 939
f 925 845 928
f 182 112 925
f 111 182 112
f 845 925 112
f 871 886 844
f 873 887 843
f 850 866 842
f 863 841 884
f 895 840 913
f 894 913 840
f 879 839 891
f 859 891 839
f 908 838 930
f 858 930 838
f 905 906 835
f 897 834 906
f 835 906 834
f 889 833 897
f 847 833 889
f 834 897 833
f 289 902 832
f 181 289 180
f 846 289 180
f 832 180 289
f 181 289 113
f 846 113 289
f 180 289 113
f 180 113 181
f 180 113 846
f 872 875 831
f 855 831 875
f 854 874 830
f 873 829 874
f 843 829 873
f 830 874 829
f 111 182 828
f 112 828 182
f 112 111 828
f 853 872 827
f 831 827 872
f 870 871 826
f 844 826 871
f 887 922 825
f 843 887 825
f 863 865 824
f 862 881 823
f 858 823 881
f 841 863 822
f 879 894 821
f 840 821 894
f 839 879 821
f 860 890 820
f 859 820 890
f 876 877 819
f 860 819 877
f 847 876 819
f 820 819 860
f 907 179 908
f 838 908 179
f 836 837 179
f 905 818 907
f 835 818 905
f 179 907 818
f 903 817 904
f 901 817 903
f 902 904 816
f 832 902 816
f 817 816 904
f 901 928 815
f 845 815 928
f 817 901 815
f 854 814 896
f 826 844 813
f 813 844 812
f 112 111 811
f 885 810 886
f 853 810 885
f 844 886 810
f 812 844 810
f 868 870 809
f 849 868 809
f 826 809 870
f 813 809 826
f 864 808 866
f 842 866 808
f 848 807 865
f 824 865 807
f 861 883 806
f 176 175 178
f 861 177 882
f 175 882 177
f 176 177 175
f 806 177 861
f 178 175 177
f 178 176 177
f 862 805 864
f 823 805 862
f 808 864 805
f 883 884 804
f 841 804 884
f 806 883 804
f 175 803 895
f 840 895 803
f 177 803 175
f 824 802 863
f 822 863 802
f 822 801 841
f 804 841 801
f 802 801 822
f 834 800 835
f 801 802 800
f 833 799 834
f 800 834 799
f 800 799 801
f 181 798 888
f 855 888 798
f 113 798 181
f 851 857 797
f 830 796 854
f 856 795 857
f 797 857 795
f 113 180 794
f 113 180 793
f 812 792 813
f 793 792 113
f 793 813 792
f 856 896 791
f 814 791 896
f 795 856 791
f 827 790 853
f 852 789 922
f 825 922 789
f 829 843 788
f 825 787 843
f 789 787 825
f 788 843 787
f 869 786 111
f 811 111 786
f 850 785 869
f 786 869 785
f 808 784 842
f 821 840 783
f 803 783 840
f 823 858 782
f 839 781 859
f 821 781 839
f 820 859 781
f 783 781 821
f 818 835 780
f 800 780 835
f 800 802 780
f 831 855 779
f 180 832 778
f 793 180 778
f 827 831 777
f 112 776 845
f 811 776 112
f 829 775 830
f 790 827 773
f 777 773 827
f 809 813 772
f 793 772 813
f 778 772 793
f 789 852 771
f 851 770 852
f 797 770 851
f 771 852 770
f 785 850 769
f 842 768 850
f 769 850 768
f 784 767 842
f 768 842 767
f 805 823 766
f 782 766 823
f 807 765 824
f 802 824 765
f 780 802 765
f 801 764 804
f 799 764 801
f 838 763 858
f 782 858 763
f 833 847 762
f 799 833 762
f 764 799 762
f 819 171 847
f 114 171 173
f 798 761 855
f 779 855 761
f 798 113 760
f 792 760 113
f 796 830 759
f 775 759 830
f 795 758 797
f 791 758 795
f 774 758 791
f 770 797 757
f 758 757 797
f 815 845 756
f 776 756 845
f 816 755 832
f 778 832 755
f 810 754 812
f 792 812 754
f 760 792 754
f 773 777 753
f 759 775 752
f 786 751 811
f 776 811 751
f 810 853 750
f 790 750 853
f 809 749 849
f 772 749 809
f 848 849 748
f 807 848 748
f 805 747 808
f 766 747 805
f 178 176 174
f 177 174 176
f 177 806 174
f 177 178 174
f 803 177 746
f 783 803 746
f 174 746 177
f 179 745 838
f 763 838 745
f 818 744 179
f 745 179 744
f 780 743 818
f 765 743 780
f 744 818 743
f 819 820 742
f 781 742 820
f 171 819 742
f 114 173 741
f 814 854 740
f 796 740 854
f 779 739 831
f 777 831 739
f 815 738 817
f 756 738 815
f 816 817 737
f 755 816 737
f 738 737 817
f 752 736 759
f 791 814 735
f 774 789 733
f 771 733 789
f 758 774 733
f 757 758 733
f 770 732 771
f 757 732 770
f 733 771 732
f 733 732 757
f 753 731 773
f 734 730 753
f 734 752 730
f 731 753 730
f 752 775 729
f 730 752 729
f 730 728 731
f 729 728 730
f 772 778 727
f 755 727 778
f 749 772 727
f 773 726 790
f 750 790 726
f 731 726 773
f 788 725 829
f 775 829 725
f 729 775 725
f 787 724 788
f 725 788 724
f 785 723 786
f 751 786 723
f 784 808 721
f 747 720 808
f 721 808 720
f 766 782 719
f 763 719 782
f 765 807 718
f 748 718 807
f 743 765 718
f 804 717 806
f 764 717 804
f 174 806 717
f 745 716 763
f 719 763 716
f 744 715 745
f 743 715 744
f 718 715 743
f 716 745 715
f 114 173 172
f 171 172 173
f 171 114 172
f 741 173 172
f 741 172 114
f 762 847 714
f 171 714 847
f 759 713 796
f 740 796 713
f 753 777 712
f 739 712 777
f 734 753 712
f 736 752 711
f 734 711 752
f 712 711 734
f 774 791 710
f 735 710 791
f 756 776 709
f 751 709 776
f 738 756 708
f 737 738 708
f 709 708 756
f 737 707 755
f 727 755 707
f 708 707 737
f 725 706 729
f 787 789 705
f 774 705 789
f 710 705 774
f 723 703 751
f 709 751 703
f 722 702 723
f 720 702 722
f 703 723 702
f 702 701 703
f 749 700 849
f 748 849 700
f 704 700 749
f 720 747 699
f 702 720 699
f 701 702 699
f 700 698 748
f 747 766 697
f 719 697 766
f 699 747 697
f 716 696 719
f 697 719 696
f 715 718 695
f 715 695 716
f 696 716 695
f 746 174 694
f 717 694 174
f 746 693 783
f 694 693 746
f 781 783 692
f 742 781 692
f 693 692 783
f 742 691 171
f 714 171 691
f 692 691 742
f 761 798 690
f 760 690 798
f 761 689 779
f 739 779 689
f 690 689 761
f 736 688 759
f 713 759 688
f 711 687 736
f 688 736 687
f 754 810 686
f 750 686 810
f 728 685 731
f 728 729 685
f 706 685 729
f 724 684 725
f 706 725 684
f 726 683 750
f 686 750 683
f 769 682 785
f 727 681 749
f 707 681 727
f 707 708 681
f 704 749 681
f 704 681 708
f 723 785 680
f 682 680 785
f 768 679 769
f 682 769 679
f 708 709 678
f 704 708 678
f 703 678 709
f 701 678 703
f 700 704 678
f 700 678 701
f 679 768 677
f 767 676 768
f 677 768 676
f 720 675 721
f 700 701 674
f 699 674 701
f 698 700 674
f 697 674 699
f 696 698 674
f 696 674 697
f 721 673 784
f 718 748 672
f 698 672 748
f 696 672 698
f 695 718 672
f 695 672 696
f 762 671 764
f 717 764 671
f 694 717 671
f 714 670 762
f 691 670 714
f 671 762 670
f 712 739 669
f 711 712 669
f 689 669 739
f 687 711 669
f 690 760 668
f 740 667 814
f 735 814 667
f 754 666 760
f 686 666 754
f 668 760 666
f 726 731 665
f 685 665 731
f 683 726 665
f 685 706 664
f 665 685 664
f 684 663 706
f 664 706 663
f 724 787 662
f 705 662 787
f 705 710 662
f 684 724 662
f 722 723 661
f 720 722 660
f 675 720 660
f 661 660 722
f 675 659 721
f 673 721 659
f 767 784 658
f 676 767 658
f 673 658 784
f 693 694 657
f 671 657 694
f 692 693 656
f 691 692 656
f 670 691 656
f 670 656 671
f 657 656 693
f 657 671 656
f 687 655 688
f 713 654 740
f 667 740 654
f 710 735 653
f 667 653 735
f 662 710 653
f 663 652 664
f 663 684 651
f 662 651 684
f 653 651 662
f 669 689 650
f 669 649 687
f 655 687 649
f 650 649 669
f 688 648 713
f 655 648 688
f 654 713 648
f 652 663 647
f 651 647 663
f 665 646 683
f 664 645 665
f 652 645 664
f 646 665 645
f 689 690 644
f 650 689 644
f 649 643 655
f 648 655 643
f 647 641 652
f 645 652 641
f 648 640 654
f 643 640 648
f 642 640 643
f 641 647 640
f 641 640 642
f 654 639 667
f 653 667 639
f 651 653 639
f 647 651 639
f 640 639 654
f 640 647 639
f 683 638 686
f 646 638 683
f 680 637 723
f 661 723 637
f 659 675 636
f 659 636 673
f 649 650 635
f 644 635 650
f 668 634 690
f 644 690 634
f 643 649 633
f 642 643 633
f 635 633 649
f 666 686 632
f 666 632 668
f 638 632 686
f 634 668 632
f 641 631 645
f 641 642 631
f 633 631 642
f 645 630 646
f 638 646 630
f 631 630 645
f 680 682 629
f 637 680 629
f 658 673 628
f 636 628 673
f 635 644 627
f 634 627 644
f 632 638 626
f 630 626 638
f 679 625 682
f 677 624 679
f 625 679 624
f 676 623 677
f 624 677 623
f 660 661 622
f 660 621 675
f 622 621 660
f 623 676 620
f 636 675 619
f 621 619 675
f 658 170 676
f 620 676 170
f 633 635 618
f 631 633 618
f 627 618 635
f 630 631 617
f 626 630 617
f 618 617 631
f 629 682 616
f 625 616 682
f 637 615 661
f 622 661 615
f 628 636 614
f 619 614 636
f 628 613 658
f 627 634 612
f 618 627 612
f 617 618 612
f 632 611 634
f 626 611 632
f 617 611 626
f 612 634 611
f 612 611 617
f 629 610 637
f 615 637 610
f 616 608 629
f 610 629 608
f 621 622 605
f 615 605 622
f 606 604 609
f 619 621 603
f 605 603 621
f 614 619 602
f 603 602 619
f 606 609 601
f 606 601 607
f 604 600 609
f 602 599 614
f 170 658 598
f 613 598 658
f 614 597 628
f 613 628 597
f 610 596 615
f 606 607 593
f 594 593 607
f 605 615 592
f 596 592 615
f 595 592 596
f 594 607 591
f 594 591 595
f 603 605 590
f 592 590 605
f 592 595 590
f 591 590 595
f 600 604 589
f 602 603 587
f 590 587 603
f 590 591 587
f 601 586 607
f 591 607 586
f 587 591 586
f 587 585 602
f 586 601 584
f 586 584 587
f 585 587 584
f 589 583 600
f 588 583 589
f 583 588 582
f 599 602 581
f 585 581 602
f 600 580 609
f 595 596 579
f 608 578 610
f 596 610 578
f 579 596 578
f 616 625 577
f 604 606 576
f 593 576 606
f 589 604 575
f 576 575 604
f 584 574 585
f 581 585 574
f 601 609 573
f 584 601 573
f 580 573 609
f 574 584 573
f 583 572 600
f 580 600 572
f 599 571 614
f 597 614 571
f 578 608 570
f 608 616 569
f 577 569 616
f 570 608 569
f 594 595 568
f 579 568 595
f 588 589 567
f 575 567 589
f 582 566 583
f 572 583 566
f 566 582 565
f 581 564 599
f 571 599 564
f 598 613 292
f 597 292 613
f 593 594 562
f 568 562 594
f 576 593 561
f 562 561 593
f 578 558 579
f 570 558 578
f 624 557 625
f 577 625 557
f 582 588 556
f 560 554 563
f 572 553 580
f 559 563 553
f 554 553 563
f 574 552 581
f 564 581 552
f 598 115 170
f 571 551 597
f 292 597 551
f 560 563 550
f 559 550 563
f 568 579 549
f 558 549 579
f 623 548 624
f 557 624 548
f 575 576 547
f 561 547 576
f 567 575 546
f 547 546 575
f 567 545 588
f 556 588 545
f 620 544 623
f 555 544 620
f 548 623 544
f 544 555 543
f 565 582 542
f 556 542 582
f 554 560 541
f 170 126 620
f 555 620 126
f 115 170 126
f 543 555 126
f 541 560 540
f 573 580 539
f 573 539 574
f 553 539 580
f 552 574 539
f 553 572 538
f 553 538 559
f 169 559 538
f 538 572 537
f 538 537 169
f 115 170 536
f 126 536 170
f 126 115 536
f 550 535 560
f 540 560 535
f 168 119 116
f 562 568 534
f 549 534 568
f 561 562 533
f 534 533 562
f 535 166 540
f 566 118 572
f 537 572 118
f 537 118 169
f 119 116 120
f 565 163 566
f 564 532 571
f 551 571 532
f 168 169 167
f 118 167 169
f 119 116 122
f 120 116 122
f 120 119 122
f 163 120 122
f 120 119 128
f 122 119 128
f 122 120 128
f 546 531 567
f 545 567 531
f 542 530 565
f 163 565 530
f 553 554 529
f 535 550 528
f 541 527 554
f 529 554 527
f 166 117 540
f 539 553 526
f 529 526 553
f 292 129 598
f 115 598 129
f 552 524 564
f 532 564 524
f 166 535 523
f 528 523 535
f 526 529 523
f 526 523 528
f 550 559 522
f 169 522 559
f 528 550 522
f 526 528 522
f 168 116 164
f 119 116 164
f 119 168 164
f 120 116 164
f 120 119 164
f 122 116 164
f 122 119 164
f 122 120 164
f 549 558 521
f 569 520 570
f 558 570 519
f 521 558 519
f 520 519 570
f 569 577 518
f 557 518 577
f 520 569 518
f 547 561 517
f 533 517 561
f 546 547 516
f 517 516 547
f 545 515 556
f 542 556 514
f 515 514 556
f 540 513 541
f 527 541 513
f 117 513 540
f 117 166 290
f 513 290 527
f 513 117 290
f 527 291 529
f 117 166 291
f 523 291 166
f 523 529 291
f 290 166 291
f 290 291 527
f 290 117 291
f 129 292 165
f 129 165 525
f 128 122 512
f 512 511 128
f 534 549 510
f 521 510 549
f 533 534 509
f 510 509 534
f 531 508 545
f 515 545 508
f 530 542 507
f 514 507 542
f 118 566 123
f 120 116 123
f 120 118 123
f 163 123 566
f 163 120 123
f 167 118 123
f 167 506 169
f 522 169 506
f 123 506 167
f 551 505 292
f 129 292 505
f 120 116 124
f 122 116 124
f 122 120 124
f 128 120 124
f 128 122 124
f 120 119 121
f 122 119 121
f 122 120 121
f 128 119 121
f 128 120 121
f 128 122 121
f 164 119 121
f 164 120 121
f 164 122 121
f 531 546 504
f 516 504 546
f 539 503 552
f 524 552 503
f 548 502 557
f 518 557 502
f 507 132 530
f 522 501 526
f 532 500 551
f 505 551 500
f 517 533 499
f 509 499 533
f 516 517 498
f 499 498 517
f 508 531 497
f 504 497 531
f 526 496 539
f 503 539 496
f 501 496 526
f 501 522 495
f 506 494 522
f 495 522 494
f 506 123 493
f 494 506 493
f 119 116 162
f 120 116 162
f 120 119 162
f 163 120 162
f 122 116 162
f 122 119 162
f 122 120 162
f 122 163 162
f 123 116 162
f 123 120 162
f 123 163 162
f 124 116 162
f 124 120 162
f 124 122 162
f 493 123 162
f 163 120 125
f 122 120 125
f 122 163 125
f 530 125 163
f 123 120 125
f 123 163 125
f 124 120 125
f 124 122 125
f 121 120 125
f 121 122 125
f 162 120 125
f 162 163 125
f 162 122 125
f 162 123 125
f 162 124 125
f 524 492 532
f 500 532 492
f 120 116 127
f 122 116 127
f 122 120 127
f 128 120 127
f 128 122 127
f 511 127 128
f 124 116 127
f 124 120 127
f 124 122 127
f 124 128 127
f 121 120 127
f 121 122 127
f 121 128 127
f 125 120 127
f 125 122 127
f 125 124 127
f 125 121 127
f 128 122 130
f 124 122 130
f 124 128 130
f 121 122 130
f 121 128 130
f 127 122 130
f 127 128 130
f 127 124 130
f 127 121 130
f 519 490 521
f 510 521 489
f 490 489 521
f 519 520 135
f 490 519 135
f 509 510 488
f 489 488 510
f 544 487 548
f 502 548 487
f 124 122 131
f 125 122 131
f 125 124 131
f 127 122 131
f 127 124 131
f 127 125 131
f 129 293 115
f 129 525 293
f 165 293 525
f 165 129 293
f 512 122 133
f 511 512 133
f 124 122 133
f 125 122 133
f 125 124 133
f 127 122 133
f 127 511 133
f 127 124 133
f 127 125 133
f 130 122 133
f 130 124 133
f 130 127 133
f 131 122 133
f 131 124 133
f 131 125 133
f 131 127 133
f 518 486 520
f 502 486 518
f 504 516 485
f 498 485 516
f 508 484 515
f 543 483 544
f 487 544 483
f 514 515 482
f 484 482 515
f 507 514 481
f 482 481 514
f 483 543 480
f 126 479 543
f 480 543 479
f 126 115 478
f 293 478 115
f 479 126 478
f 496 501 477
f 503 476 524
f 492 524 476
f 122 120 161
f 128 120 161
f 128 122 161
f 124 120 161
f 124 122 161
f 124 128 161
f 121 120 161
f 121 122 161
f 121 128 161
f 127 120 161
f 127 122 161
f 127 128 161
f 127 124 161
f 127 121 161
f 130 122 161
f 130 128 161
f 130 124 161
f 130 121 161
f 130 127 161
f 133 138 137
f 135 520 294
f 135 294 491
f 486 294 520
f 498 499 475
f 485 498 475
f 497 504 474
f 485 474 504
f 497 473 508
f 484 508 473
f 132 507 472
f 481 472 507
f 495 471 501
f 477 501 471
f 494 470 495
f 471 495 470
f 493 469 494
f 470 494 469
f 162 468 493
f 469 493 468
f 125 467 162
f 468 162 467
f 133 134 132
f 133 138 134
f 137 138 134
f 137 133 134
f 496 466 503
f 477 466 496
f 476 503 466
f 505 465 129
f 293 129 465
f 132 139 530
f 125 122 139
f 125 530 139
f 127 122 139
f 127 125 139
f 130 122 139
f 130 127 139
f 131 122 139
f 131 125 139
f 131 127 139
f 133 122 139
f 133 132 139
f 133 125 139
f 133 138 139
f 133 127 139
f 133 130 139
f 133 131 139
f 161 122 139
f 161 127 139
f 161 130 139
f 137 138 139
f 137 133 139
f 134 132 139
f 134 138 139
f 134 133 139
f 134 137 139
f 127 136 121
f 130 121 136
f 130 127 136
f 133 127 136
f 133 130 136
f 134 133 136
f 139 127 136
f 139 130 136
f 139 133 136
f 139 134 136
f 499 509 464
f 488 464 509
f 475 499 464
f 131 463 125
f 467 125 463
f 471 462 477
f 466 477 462
f 500 461 505
f 465 505 461
f 492 460 500
f 476 460 492
f 461 500 460
f 472 459 132
f 134 132 459
f 470 458 471
f 133 131 140
f 134 133 140
f 139 131 140
f 139 133 140
f 139 134 140
f 463 131 140
f 460 457 461
f 135 456 490
f 489 490 455
f 456 455 490
f 135 491 160
f 294 160 491
f 294 135 160
f 456 135 160
f 488 489 454
f 455 454 489
f 487 453 502
f 486 502 453
f 475 452 485
f 474 451 497
f 473 497 451
f 469 450 470
f 458 470 450
f 462 471 449
f 458 449 471
f 460 476 448
f 457 460 448
f 133 131 141
f 137 133 141
f 139 131 141
f 139 133 141
f 139 137 141
f 136 141 133
f 136 139 141
f 140 131 141
f 140 133 141
f 140 139 141
f 464 447 475
f 452 475 447
f 474 485 446
f 452 446 485
f 451 474 446
f 467 445 468
f 450 444 458
f 449 458 444
f 468 443 469
f 450 469 443
f 445 443 468
f 133 138 143
f 133 131 143
f 137 138 143
f 137 133 143
f 134 138 143
f 134 133 143
f 134 137 143
f 139 138 143
f 139 131 143
f 139 133 143
f 139 137 143
f 139 134 143
f 140 131 143
f 140 133 143
f 140 134 143
f 140 139 143
f 141 131 143
f 141 133 143
f 141 137 143
f 141 139 143
f 141 140 143
f 466 442 476
f 448 476 442
f 134 137 142
f 294 486 441
f 453 441 486
f 464 488 440
f 454 440 488
f 447 464 440
f 483 439 487
f 453 487 439
f 463 438 467
f 445 467 438
f 465 437 293
f 134 133 159
f 459 159 134
f 142 159 134
f 462 436 466
f 449 436 462
f 442 466 436
f 134 137 158
f 143 137 158
f 143 134 158
f 142 137 158
f 142 134 158
f 473 435 484
f 451 435 473
f 482 484 434
f 435 434 484
f 480 433 483
f 439 483 433
f 481 482 432
f 434 432 482
f 479 431 480
f 478 430 479
f 431 479 430
f 478 293 429
f 437 429 293
f 430 478 429
f 140 428 463
f 438 463 428
f 444 450 427
f 443 427 450
f 447 426 452
f 446 452 426
f 435 451 425
f 433 480 424
f 431 424 480
f 472 481 423
f 432 423 481
f 461 422 465
f 437 465 422
f 444 421 449
f 436 449 421
f 427 421 444
f 440 420 447
f 426 447 420
f 459 472 419
f 423 419 472
f 438 418 445
f 443 445 417
f 418 417 445
f 427 443 416
f 417 416 443
f 143 295 140
f 428 140 295
f 137 133 144
f 134 133 144
f 134 137 144
f 140 133 144
f 140 134 144
f 141 133 144
f 141 137 144
f 141 140 144
f 143 133 144
f 143 137 144
f 143 134 144
f 143 140 144
f 143 141 144
f 142 137 144
f 142 134 144
f 159 133 144
f 159 134 144
f 159 142 144
f 158 137 144
f 158 134 144
f 158 143 144
f 158 142 144
f 295 140 144
f 295 143 144
f 457 415 461
f 422 461 415
f 448 414 457
f 415 457 414
f 455 456 413
f 160 294 412
f 441 412 294
f 160 411 456
f 413 456 411
f 412 411 160
f 454 455 410
f 413 410 455
f 441 453 409
f 439 409 453
f 412 441 409
f 440 454 408
f 420 440 408
f 410 408 454
f 446 407 451
f 425 451 407
f 428 406 438
f 418 438 406
f 421 427 405
f 416 405 427
f 442 404 448
f 414 448 404
f 436 401 442
f 421 401 436
f 404 442 401
f 402 401 421
f 433 400 439
f 409 439 400
f 426 399 446
f 407 446 399
f 420 398 426
f 398 399 426
f 417 418 396
f 429 395 430
f 405 394 421
f 402 421 394
f 405 416 393
f 397 393 403
f 394 405 393
f 416 417 392
f 396 392 417
f 396 403 392
f 393 416 392
f 393 392 403
f 429 437 391
f 422 391 437
f 395 429 391
f 159 459 390
f 419 390 459
f 144 159 390
f 425 389 435
f 408 388 420
f 398 420 388
f 434 435 387
f 389 387 435
f 424 386 433
f 400 433 386
f 430 385 431
f 395 385 430
f 397 403 384
f 396 383 403
f 406 382 418
f 396 418 382
f 383 396 382
f 295 381 428
f 406 428 381
f 411 412 380
f 409 379 412
f 400 379 409
f 407 378 425
f 389 425 378
f 408 410 377
f 388 408 377
f 432 434 376
f 387 376 434
f 424 431 375
f 386 424 375
f 385 375 431
f 384 403 374
f 383 374 403
f 394 373 402
f 393 397 372
f 393 372 394
f 384 372 397
f 373 394 372
f 414 371 415
f 415 370 422
f 371 370 415
f 410 413 369
f 377 410 369
f 423 432 368
f 376 368 432
f 419 423 367
f 368 367 423
f 401 402 366
f 373 366 402
f 382 406 365
f 381 365 406
f 404 364 414
f 401 364 404
f 371 414 364
f 366 364 401
f 390 419 363
f 367 363 419
f 144 362 295
f 390 362 144
f 381 295 362
f 411 361 413
f 380 361 411
f 369 413 361
f 380 412 360
f 379 360 412
f 399 359 407
f 378 407 359
f 386 358 400
f 379 400 358
f 360 379 358
f 388 357 398
f 399 398 356
f 357 356 398
f 366 373 355
f 372 354 373
f 355 373 354
f 382 353 383
f 365 353 382
f 391 352 395
f 385 395 352
f 391 422 351
f 370 351 422
f 352 391 351
f 361 380 350
f 360 350 380
f 378 349 389
f 387 389 348
f 377 347 388
f 357 388 347
f 375 346 386
f 358 386 346
f 347 345 357
f 356 357 344
f 354 344 355
f 345 344 357
f 345 355 344
f 344 343 356
f 344 354 343
f 374 342 384
f 372 384 342
f 354 372 342
f 343 354 342
f 374 383 341
f 353 341 383
f 342 374 341
f 375 385 340
f 352 340 385
f 351 340 352
f 346 375 340
f 364 366 339
f 355 339 366
f 345 339 355
f 364 338 371
f 339 338 364
f 351 370 337
f 340 351 337
f 370 371 336
f 338 336 371
f 337 370 336
f 359 335 378
f 358 334 360
f 350 360 334
f 346 334 358
f 369 333 377
f 347 377 333
f 345 347 332
f 339 345 332
f 338 339 332
f 333 332 347
f 376 387 331
f 348 331 387
f 365 381 330
f 362 330 381
f 363 329 390
f 362 390 329
f 330 362 329
f 359 399 328
f 334 327 350
f 361 326 369
f 333 369 326
f 356 325 399
f 343 325 356
f 328 399 325
f 334 346 324
f 327 334 324
f 336 338 323
f 332 323 338
f 332 333 323
f 326 323 333
f 340 322 346
f 337 322 340
f 324 346 322
f 336 321 337
f 323 321 336
f 323 326 321
f 322 337 321
f 349 320 389
f 348 389 320
f 350 319 361
f 327 319 350
f 326 361 319
f 324 319 327
f 322 319 324
f 321 326 319
f 321 319 322
f 342 318 343
f 368 376 317
f 367 368 317
f 331 317 376
f 353 365 316
f 330 316 365
f 363 367 315
f 329 363 315
f 317 315 367
f 349 378 314
f 335 314 378
f 335 359 157
f 328 157 359
f 325 313 328
f 341 353 312
f 316 312 353
f 331 348 311
f 320 311 348
f 341 310 342
f 318 342 310
f 312 310 341
f 314 335 156
f 157 156 335
f 320 349 309
f 314 309 349
f 325 343 308
f 318 308 343
f 313 325 308
f 329 307 330
f 316 330 307
f 315 307 329
f 157 328 148
f 313 148 328
f 156 148 314
f 156 157 148
f 308 147 313
f 148 313 147
f 317 331 306
f 311 306 331
f 315 317 305
f 307 315 305
f 306 305 317
f 156 157 155
f 148 155 157
f 148 156 155
f 309 314 304
f 148 304 314
f 311 320 303
f 309 303 320
f 312 316 302
f 307 302 316
f 305 302 307
f 306 311 301
f 303 301 311
f 155 154 148
f 310 300 318
f 308 318 300
f 310 312 299
f 305 306 299
f 302 299 312
f 302 305 299
f 301 299 306
f 300 310 299
f 146 145 153
f 145 152 147
f 153 152 145
f 147 148 149
f 155 148 149
f 145 147 149
f 154 149 148
f 154 155 149
f 154 149 145
f 152 149 147
f 152 145 149
f 304 298 309
f 303 309 298
f 153 146 297
f 146 151 145
f 154 145 151
f 153 145 151
f 153 146 151
f 152 145 151
f 152 153 151
f 149 145 151
f 149 154 151
f 149 152 151
f 297 146 151
f 297 151 153
f 147 308 150
f 147 148 150
f 304 148 150
f 300 150 308
f 149 148 150
f 149 150 147
f 298 304 150
f 298 150 300
f 301 303 296
f 299 301 296
f 299 296 300
f 298 296 303
f 298 300 296

