# https://github.com/mikedh/trimesh
v 0.00455729 0.14908855 0.20898438
v -0.01888021 0.82226562 0.00065104
v -0.58658856 0.02408854 -0.03320312
v 0.56445312 0.06054688 -0.12434896
v -0.61914062 0.00716146 -0.00716146
v 0.00195312 0.30664062 0.41210938
v -0.00976562 -0.59179688 0.28320312
v -0.03320312 -0.52148438 0.30664062
v -0.03320312 -0.49804688 0.29882812
v -0.04492188 -0.51757812 0.32226562
v -0.04882812 -0.54492188 0.31835938
v 0.10351562 0.24804688 0.24023438
v -0.07226562 0.15429688 0.22070312
v -0.07617188 0.15429688 0.22851562
v 0.02539062 0.10742188 0.23632812
v -0.04882812 0.14648438 0.22851562
v -0.02148438 0.09960938 0.24414062
v -0.11914062 0.16992188 0.22070312
v 0.02929688 0.15429688 0.22070312
v 0.04492188 0.15820312 0.22460938
v -0.02148438 0.06835938 0.21679688
v -0.06835938 0.11132812 0.23632812
v -0.02148438 0.11914062 0.19726562
v 0.04492188 0.10742188 0.21289062
v 0.03320312 0.12304688 0.19335938
v -0.02148438 0.08007812 0.19335938
v -0.08398438 0.11132812 0.21289062
v -0.07226562 0.12304688 0.19335938
v -0.02148438 -0.30664062 0.18945312
v -0.05664062 -0.29882812 0.19335938
v -0.05664062 -0.31835938 0.14257812
v -0.02148438 -0.32226562 0.14257812
v -0.06054688 0.46289062 0.13476562
v -0.04101562 0.43945312 0.11132812
v -0.06054688 0.40820312 0.11132812
v -0.04492188 0.43554688 0.11132812
v -0.06445312 0.41210938 0.11914062
v 0.04492188 0.61914062 0.09960938
v -0.04882812 0.61914062 0.11523438
v -0.04882812 0.64648438 0.11132812
v -0.05273438 0.55273438 0.10351562
v -0.09960938 0.56054688 0.08398438
v -0.15039062 -0.02148438 0.05273438
v -0.15039062 -0.00976562 0.05664062
v -0.39648438 -0.96679688 0.08398438
v 0.16601562 0.84570312 0.03710938
v -0.00585938 0.92773438 0.03710938
v -0.35742188 -0.88085938 0.06445312
v 0.34960938 -0.84960938 0.01757812
v 0.00976562 0.91601562 0.03320312
v 0.02539062 0.91210938 0.01757812
v -0.67382812 -0.01757812 0.01757812
v -0.66601562 -0.04101562 0.02148438
v 0.17382812 -0.36914062 0.04882812
v 0.05664062 -0.11132812 0.02539062
v 0.01367188 0.80664062 -0.01367188
v 0.00976562 0.85351562 0.00195312
v -0.01367188 0.85351562 0.02148438
v 0.00195312 0.83007812 0.00195312
v -0.01367188 0.80273438 0.00195312
v 0.00195312 0.91601562 0.00195312
v 0.00195312 0.85742188 -0.01367188
v -0.64257812 0.00976562 0.00585938
v -0.66210938 0.03320312 0.01757812
v -0.15039062 0.82617188 0.02148438
v -0.02539062 0.81054688 -0.02539062
v -0.02929688 0.86523438 -0.00976562
v -0.02929688 0.75585938 -0.00585938
v 0.00585938 0.70898438 -0.01757812
v 0.00585938 0.75585938 -0.00585938
v -0.00585938 0.80664062 -0.01367188
v -0.61132812 0.00195312 -0.00585938
v -0.62304688 0.01367188 0.00195312
v -0.63867188 -0.04492188 -0.00195312
v -0.60742188 -0.01757812 -0.00976562
v -0.62695312 0.04492188 -0.02929688
v -0.64257812 -0.02148438 0.00976562
v -0.59960938 0.07226562 -0.02929688
v -0.63085938 0.02929688 -0.00195312
v -0.67773438 0.00976562 -0.00976562
v -0.60742188 0.02929688 -0.01757812
v -0.66992188 0.02929688 -0.01757812
v -0.64648438 0.00195312 -0.02929688
v -0.65039062 -0.04492188 -0.02929688
v -0.66992188 0.00585938 0.00976562
v -0.06835938 0.77539062 -0.01757812
v -0.02929688 0.76367188 -0.02929688
v 0.34960938 -0.84960938 -0.04492188
v -0.05664062 0.71289062 -0.02539062
v -0.02539062 0.70898438 -0.01757812
v 0.00585938 0.76367188 -0.02929688
v -0.07226562 0.77929688 -0.04101562
v -0.60351562 -0.03320312 -0.02929688
v -0.63867188 0.01757812 -0.03710938
v -0.33789062 -0.12304688 -0.03710938
v -0.26367188 -0.15820312 -0.04882812
v -0.27539062 -0.17382812 -0.03710938
v -0.48632812 0.08789062 -0.03710938
v -0.54882812 0.04101562 -0.03320312
v -0.57226562 0.01757812 -0.05273438
v -0.58007812 0.02539062 -0.02539062
v -0.60742188 -0.02539062 -0.04492188
v -0.59960938 0.02539062 -0.04882812
v -0.60351562 0.00195312 -0.04882812
v -0.56835938 -0.00195312 -0.05664062
v -0.56835938 -0.02148438 -0.05273438
v -0.53710938 -0.01757812 -0.05664062
v -0.33398438 -0.10742188 -0.05273438
v -0.47460938 0.11914062 -0.07226562
v 0.34570312 -0.10351562 -0.07226562
v 0.62304688 0.18945312 -0.06835938
v 0.56835938 0.08789062 -0.09570312
v 0.34179688 -0.08398438 -0.08398438
v 0.26757812 -0.11914062 -0.08398438
v 0.64648438 0.09960938 -0.09179688
v 0.59570312 0.08398438 -0.09570312
v 0.62695312 0.12304688 -0.08398438
v 0.18554688 -0.36523438 -0.06054688
v 0.60742188 -0.02148438 -0.09179688
v 0.60742188 0.19726562 -0.10351562
v 0.60742188 0.04492188 -0.09570312
v 0.59179688 0.06445312 -0.09570312
v 0.60742188 0.11523438 -0.10742188
v 0.62695312 0.06054688 -0.11914062
v 0.56835938 0.04101562 -0.09570312
v 0.63085938 0.11523438 -0.11523438
v 0.60351562 0.07226562 -0.12304688
v 0.59179688 0.13476562 -0.10742188
v 0.59179688 0.11132812 -0.12695312
v 0.56445312 0.09179688 -0.10351562
v 0.56445312 0.08789062 -0.12695312
v 0.56835938 0.06445312 -0.12304688
v 0.53320312 0.04882812 -0.12695312
v 0.53320312 0.04882812 -0.09960938
v 0.53320312 0.07226562 -0.12695312
v 0.53320312 0.07226562 -0.09960938
v 0.50585938 0.05273438 -0.09960938
v 0.48632812 -0.02929688 -0.10351562
v 0.50195312 -0.01757812 -0.09960938
v -0.14257812 0.19335938 -0.10742188
v 0.60351562 0.02929688 -0.12695312
v 0.18554688 -0.36914062 -0.16601562
v 0.17773438 -0.36914062 -0.20507812
v 0.20117188 -0.37695312 -0.21679688
v -0.16601562 -0.52148438 -0.43945312
v -0.13867188 -0.37695312 -0.33007812
v -0.17773438 -0.37695312 -0.31054688
v 0.15429688 -0.36523438 -0.22460938
v 0.20117188 -0.36914062 -0.16210938
v 0.16992188 -0.36914062 -0.18554688
v 0.51757812 0.00976562 -0.13867188
v 0.56835938 -0.02539062 -0.11523438
v 0.56445312 0.03710938 -0.13085938
v 0.45898438 -0.02929688 -0.10351562
v 0.50195312 -0.02539062 -0.12695312
v 0.50195312 0.06054688 -0.12695312
v 0.60742188 0.14257812 -0.12695312
v 0.64648438 0.00195312 -0.12304688
v 0.60351562 0.02929688 -0.09960938
v 0.59570312 0.08398438 -0.12304688
v 0.64257812 0.06835938 -0.09570312
v 0.62695312 0.15429688 -0.12304688
v 0.60742188 0.15429688 -0.09179688
v 0.60742188 0.17382812 -0.12304688
v 0.60351562 -0.02539062 -0.11914062
v 0.63476562 -0.04101562 -0.09960938
v 0.63476562 -0.02929688 -0.12304688
v 0.65429688 0.06835938 -0.12304688
v -0.01757812 0.08789062 -0.11914062
v -0.06054688 0.08398438 -0.10742188
v 0.10351562 0.16210938 -0.11132812
v 0.09960938 0.19335938 -0.11523438
v -0.14648438 0.15820312 -0.09570312
v 0.39257812 -0.07226562 -0.08789062
v 0.34179688 -0.08007812 -0.10742188
v 0.48632812 0.01757812 -0.09960938
v -0.18164062 0.22851562 -0.06835938
v 0.62695312 0.01757812 -0.09570312
v 0.63867188 -0.02148438 -0.08398438
v -0.06054688 0.03320312 -0.06054688
v -0.02929688 0.04882812 -0.08789062
v 0.13867188 0.23632812 -0.08007812
v 0.27148438 -0.13476562 -0.06445312
v -0.48632812 0.09179688 -0.06835938
v -0.54101562 0.00195312 -0.06054688
v 0.18554688 -0.36914062 0.00195312
v -0.53320312 -0.00585938 -0.03710938
v -0.54882812 0.04101562 -0.05664062
v -0.50976562 -0.03320312 -0.05664062
v -0.48242188 0.11132812 -0.02929688
v -0.27148438 -0.15429688 -0.05273438
v 0.30664062 -0.83007812 -0.05273438
v 0.32226562 -0.83398438 0.00195312
v -0.64257812 -0.01757812 -0.04492188
v -0.33789062 -0.12695312 -0.03710938
v -0.34960938 -0.13867188 -0.04492188
v -0.29101562 -0.19726562 -0.04882812
v 0.00585938 0.71289062 -0.04492188
v -0.02539062 0.71289062 -0.04492188
v 0.36914062 -0.85742188 -0.02539062
v -0.62695312 0.17382812 -0.01757812
v -0.52148438 0.06445312 -0.04101562
v -0.50976562 0.09570312 -0.04101562
v -0.50585938 0.11914062 -0.02929688
v -0.09960938 0.80664062 -0.02148438
v -0.67773438 -0.00976562 -0.02929688
v -0.63476562 0.11132812 -0.03710938
v -0.64257812 0.11132812 -0.00585938
v -0.65429688 0.06835938 -0.02929688
v -0.63476562 0.06445312 -0.00585938
v -0.05273438 0.82226562 -0.02539062
v -0.03710938 0.80664062 -0.01367188
v -0.02929688 0.80273438 0.00195312
v -0.66210938 0.14648438 -0.02539062
v -0.01367188 0.85742188 -0.01367188
v -0.11914062 0.81445312 -0.00195312
v -0.11132812 0.81835938 0.01757812
v -0.03710938 0.86523438 0.00585938
v 0.30273438 -0.83789062 -0.00195312
v 0.18945312 -0.36914062 0.00195312
v 0.08007812 0.85351562 0.02929688
v -0.40039062 -0.92773438 0.02148438
v -0.01367188 0.93554688 0.02148438
v 0.11523438 0.85742188 0.03320312
v 0.16210938 0.85742188 0.05273438
v -0.32226562 -0.84570312 0.04101562
v -0.29492188 -0.84570312 0.06054688
v -0.31445312 -0.84179688 0.03710938
v -0.14257812 0.82617188 0.04101562
v -0.36523438 -0.91601562 0.04882812
v -0.08789062 -0.06054688 0.09570312
v -0.18164062 0.00976562 0.05664062
v -0.16210938 0.00195312 0.05664062
v -0.17382812 0.01757812 0.06054688
v -0.29882812 -0.84570312 0.06445312
v 0.19726562 0.30664062 0.13085938
v -0.22851562 0.29882812 0.08007812
v -0.22851562 0.32617188 0.07226562
v -0.38476562 -0.92773438 0.07617188
v -0.07617188 0.59570312 0.09570312
v -0.02929688 0.67773438 0.08398438
v -0.07617188 -0.09570312 0.09570312
v 0.04882812 0.61914062 0.11523438
v 0.05273438 0.64648438 0.11132812
v 0.04882812 0.64648438 0.09570312
v -0.12304688 0.65039062 0.10351562
v -0.02539062 0.59179688 0.09960938
v -0.36132812 -0.92773438 0.11132812
v -0.06054688 0.43554688 0.12695312
v 0.04492188 0.39648438 0.11914062
v 0.04101562 0.40820312 0.11132812
v 0.00976562 0.40820312 0.13085938
v -0.23242188 0.27539062 0.11914062
v -0.17382812 0.22070312 0.12695312
v -0.12304688 0.21679688 0.12304688
v -0.07226562 0.22070312 0.12695312
v -0.11914062 0.20507812 0.16992188
v -0.05273438 0.45898438 0.12695312
v -0.05273438 0.49414062 0.13476562
v -0.05273438 0.46289062 0.12695312
v -0.08789062 -0.29882812 0.15039062
v 0.01757812 -0.30273438 0.16601562
v -0.07226562 0.21289062 0.17773438
v -0.06835938 0.08007812 0.21289062
v -0.11523438 0.18945312 0.19726562
v -0.07226562 0.17773438 0.20507812
v 0.02929688 0.17773438 0.20507812
v -0.01367188 0.10742188 0.23242188
v 0.07226562 0.25195312 0.24804688
v -0.15429688 -0.60351562 0.25976562
v -0.01757812 -0.52148438 0.26757812
v -0.02539062 -0.55664062 0.27148438
v -0.07617188 0.15820312 0.27148438
v -0.04492188 -0.60351562 0.32226562
v -0.01757812 0.29492188 0.38085938
v -0.04492188 0.30664062 0.38085938
v -0.02148438 0.29882812 0.40820312
v -0.02929688 0.29882812 0.40429688
v -0.00976562 -0.59960938 0.32617188
v -0.04101562 -0.59179688 0.28320312
v 0.05273438 0.26367188 0.25585938
v -0.16992188 -0.65039062 0.27148438
v -0.15429688 0.19335938 0.17382812
v -0.04492188 0.61914062 0.09960938
v -0.11914062 0.61914062 0.10742188
v -0.04882812 0.64648438 0.09570312
v 0.19726562 0.27929688 0.11523438
v 0.19335938 0.32617188 0.06835938
v -0.10351562 -0.07617188 0.04882812
v -0.10742188 -0.09960938 0.07226562
v 0.14257812 0.84960938 0.03710938
v 0.31445312 -0.84570312 0.05664062
v 0.14257812 0.85351562 0.01757812
v 0.08789062 0.84570312 0.00195312
v 0.07617188 -0.11132812 -0.00976562
v 0.01757812 0.91601562 -0.00195312
v -0.63085938 0.15429688 -0.04101562
v 0.37695312 -0.88867188 -0.02929688
v 0.19335938 -0.36914062 -0.05273438
v -0.47460938 0.08789062 -0.05273438
v 0.53320312 -0.01757812 -0.13085938
v -0.17773438 -0.36914062 -0.31445312
v -0.05273438 -0.65039062 -0.49414062
v -0.04882812 -0.71679688 -0.49414062
v 0.00976562 -0.65039062 -0.49414062
v 0.01367188 -0.71679688 -0.49414062
v -0.04882812 -0.76757812 -0.49023438
v 0.01367188 -0.76757812 -0.49023438
v -0.11523438 -0.71679688 -0.48632812
v -0.11523438 -0.65039062 -0.48632812
v 0.08007812 -0.71679688 -0.48632812
v -0.11132812 -0.76757812 -0.48242188
v -0.05273438 -0.58398438 -0.48242188
v 0.07617188 -0.65039062 -0.48242188
v -0.04492188 -0.80273438 -0.47851562
v 0.00976562 -0.58398438 -0.47851562
v 0.01367188 -0.80273438 -0.47851562
v 0.08007812 -0.76757812 -0.47851562
v -0.11132812 -0.58398438 -0.47460938
v -0.10742188 -0.80273438 -0.47070312
v 0.07226562 -0.58398438 -0.47070312
v -0.17773438 -0.71679688 -0.46679688
v -0.17773438 -0.65039062 -0.46679688
v 0.08007812 -0.80273438 -0.46679688
v 0.13867188 -0.65039062 -0.46679688
v 0.14257812 -0.71679688 -0.46679688
v -0.17382812 -0.76757812 -0.46289062
v -0.17382812 -0.58398438 -0.45898438
v -0.04882812 -0.52148438 -0.45898438
v -0.04492188 -0.83007812 -0.45898438
v 0.00585938 -0.52148438 -0.45898438
v 0.01367188 -0.82617188 -0.45898438
v 0.14257812 -0.76757812 -0.45898438
v -0.16992188 -0.80273438 -0.45507812
v -0.10742188 -0.52148438 -0.45507812
v -0.10351562 -0.82617188 -0.45507812
v 0.06445312 -0.52148438 -0.45507812
v 0.13085938 -0.58398438 -0.45507812
v 0.07617188 -0.82617188 -0.44726562
v 0.14257812 -0.80273438 -0.44726562
v -0.16601562 -0.82617188 -0.43945312
v 0.12304688 -0.52148438 -0.43945312
v -0.24023438 -0.71679688 -0.43554688
v -0.23632812 -0.65039062 -0.43554688
v -0.04882812 -0.46679688 -0.43554688
v -0.04492188 -0.84570312 -0.43554688
v 0.00585938 -0.46679688 -0.43554688
v 0.20117188 -0.65039062 -0.43554688
v -0.23632812 -0.76757812 -0.43164062
v -0.10351562 -0.84570312 -0.43164062
v -0.10351562 -0.46679688 -0.43164062
v 0.01367188 -0.84570312 -0.43164062
v 0.20507812 -0.71679688 -0.43164062
v -0.23242188 -0.58398438 -0.42773438
v 0.06054688 -0.46679688 -0.42773438
v 0.13867188 -0.82617188 -0.42773438
v 0.19335938 -0.58398438 -0.42773438
v -0.22851562 -0.80273438 -0.42382812
v 0.07226562 -0.84179688 -0.42382812
v 0.20507812 -0.76757812 -0.42382812
v -0.15820312 -0.84179688 -0.41992188
v -0.15820312 -0.47070312 -0.41601562
v 0.11523438 -0.46679688 -0.41601562
v -0.22460938 -0.52539062 -0.41210938
v -0.22460938 -0.52148438 -0.41210938
v -0.22070312 -0.82226562 -0.41210938
v 0.18164062 -0.52148438 -0.41210938
v 0.20117188 -0.80273438 -0.41210938
v -0.22851562 -0.52148438 -0.40820312
v -0.04492188 -0.42773438 -0.40820312
v -0.09960938 -0.42773438 -0.40429688
v 0.00585938 -0.42773438 -0.40429688
v 0.13085938 -0.84179688 -0.40429688
v 0.05664062 -0.42382812 -0.40039062
v -0.21289062 -0.47070312 -0.39648438
v -0.20898438 -0.83789062 -0.39648438
v -0.09960938 -0.85742188 -0.39648438
v -0.04492188 -0.86132812 -0.39648438
v 0.01367188 -0.85742188 -0.39648438
v 0.19726562 -0.82226562 -0.39648438
v -0.29492188 -0.71679688 -0.39257812
v -0.29492188 -0.65039062 -0.39257812
v -0.15039062 -0.42773438 -0.39257812
v 0.06835938 -0.85351562 -0.39257812
v 0.16992188 -0.46679688 -0.39257812
v 0.25585938 -0.65039062 -0.39257812
v -0.28710938 -0.76757812 -0.38867188
v -0.15429688 -0.84960938 -0.38867188
v 0.24414062 -0.58398438 -0.38867188
v 0.25976562 -0.71679688 -0.38867188
v -0.28710938 -0.58398438 -0.38476562
v -0.27929688 -0.80273438 -0.38476562
v 0.10742188 -0.42382812 -0.38476562
v -0.27539062 -0.52148438 -0.37695312
v -0.19335938 -0.84570312 -0.37695312
v -0.04492188 -0.39648438 -0.37695312
v 0.12304688 -0.85351562 -0.37695312
v 0.23242188 -0.52148438 -0.37695312
v -0.26367188 -0.82617188 -0.37304688
v -0.09570312 -0.39648438 -0.37304688
v -0.02539062 0.26757812 -0.37304688
v -0.02539062 0.33007812 -0.37304688
v 0.00195312 -0.39648438 -0.37304688
v 0.03710938 0.26757812 -0.37304688
v 0.04101562 0.33007812 -0.37304688
v 0.18945312 -0.84179688 -0.37304688
v 0.26367188 -0.76757812 -0.37304688
v -0.20117188 -0.42773438 -0.36914062
v -0.04101562 -0.30273438 -0.36914062
v -0.09960938 -0.30273438 -0.36523438
v -0.09179688 0.26757812 -0.36523438
v -0.09179688 0.33007812 -0.36523438
v -0.04101562 -0.25585938 -0.36523438
v -0.02539062 0.20507812 -0.36523438
v 0.03710938 0.20507812 -0.36523438
v 0.05273438 -0.39648438 -0.36523438
v 0.15429688 -0.85351562 -0.36523438
v 0.15820312 -0.42382812 -0.36523438
v 0.25976562 -0.79492188 -0.36523438
v -0.09960938 -0.34179688 -0.36132812
v -0.09960938 -0.25585938 -0.36132812
v -0.04101562 -0.34179688 -0.36132812
v 0.09960938 0.26757812 -0.36132812
v 0.10351562 0.33007812 -0.36132812
v -0.26757812 -0.46679688 -0.35742188
v -0.24414062 -0.84179688 -0.35742188
v -0.14257812 -0.39648438 -0.35742188
v -0.08789062 0.20507812 -0.35742188
v -0.02148438 0.39648438 -0.35742188
v 0.01757812 -0.30273438 -0.35742188
v 0.01757812 -0.25585938 -0.35742188
v 0.04101562 0.39648438 -0.35742188
v 0.21679688 -0.46679688 -0.35742188
v -0.15429688 -0.30273438 -0.35351562
v -0.04101562 -0.20898438 -0.35351562
v -0.02539062 0.14648438 -0.35351562
v 0.01757812 -0.34179688 -0.35351562
v 0.25195312 -0.81835938 -0.35351562
v -0.15429688 -0.25585938 -0.34960938
v -0.14648438 -0.34570312 -0.34960938
v -0.09960938 -0.20898438 -0.34960938
v -0.08789062 0.39648438 -0.34960938
v -0.04492188 -0.38085938 -0.34960938
v -0.04101562 -0.36523438 -0.34960938
v 0.03320312 0.14648438 -0.34960938
v 0.09570312 0.20507812 -0.34960938
v 0.09960938 -0.39648438 -0.34960938
v -0.15039062 0.26757812 -0.34570312
v -0.15039062 0.33007812 -0.34570312
v -0.13867188 -0.36523438 -0.34570312
v -0.09570312 -0.36523438 -0.34570312
v -0.09179688 -0.38085938 -0.34570312
v 0.00195312 -0.38085938 -0.34570312
v 0.01757812 -0.20898438 -0.34570312
v 0.10351562 0.39648438 -0.34570312
v -0.21679688 -0.84960938 -0.34179688
v -0.09960938 -0.87695312 -0.34179688
v -0.08398438 0.14648438 -0.34179688
v -0.04101562 -0.88085938 -0.34179688
v -0.04101562 -0.36914062 -0.34179688
v 0.01367188 -0.87695312 -0.34179688
v 0.01367188 -0.36523438 -0.34179688
v -0.18554688 -0.39648438 -0.33789062
v -0.09179688 -0.36914062 -0.33789062
v 0.06835938 -0.87304688 -0.33789062
v 0.07226562 -0.25585938 -0.33789062
v 0.15429688 0.26757812 -0.33789062
v 0.15820312 0.33007812 -0.33789062
v 0.29882812 -0.65039062 -0.33789062
v -0.34570312 -0.71679688 -0.33398438
v -0.33789062 -0.76757812 -0.33398438
v -0.24804688 -0.42382812 -0.33398438
v -0.19726562 -0.30273438 -0.33398438
v -0.15429688 -0.86523438 -0.33398438
v -0.15429688 -0.20898438 -0.33398438
v -0.14648438 0.20507812 -0.33398438
v -0.14648438 0.39648438 -0.33398438
v -0.13867188 -0.36914062 -0.33398438
v -0.04101562 -0.16601562 -0.33398438
v -0.02148438 0.45507812 -0.33398438
v 0.00585938 -0.36914062 -0.33398438
v 0.04101562 0.45507812 -0.33398438
v 0.04882812 -0.37695312 -0.33398438
v 0.06835938 -0.34179688 -0.33398438
v 0.08789062 0.14648438 -0.33398438
v 0.20117188 -0.42382812 -0.33398438
v 0.24023438 -0.83398438 -0.33398438
v 0.29101562 -0.58398438 -0.33398438
v 0.30273438 -0.71679688 -0.33398438
v -0.34570312 -0.65039062 -0.33007812
v -0.32617188 -0.80273438 -0.33007812
v -0.18554688 -0.34570312 -0.33007812
v -0.09570312 -0.16601562 -0.33007812
v -0.02539062 0.08007812 -0.33007812
v 0.02929688 0.08007812 -0.33007812
v 0.12304688 -0.87695312 -0.33007812
v 0.14648438 -0.39648438 -0.33007812
v 0.17773438 -0.85742188 -0.33007812
v -0.33789062 -0.58398438 -0.32617188
v -0.20117188 -0.25585938 -0.32617188
v -0.08398438 0.45507812 -0.32617188
v 0.01367188 -0.16601562 -0.32617188
v 0.07226562 -0.20898438 -0.32617188
v 0.14648438 0.20507812 -0.32617188
v 0.15820312 0.39648438 -0.32617188
v 0.27539062 -0.52148438 -0.32617188
v -0.13867188 0.14648438 -0.32226562
v -0.08007812 0.08007812 -0.32226562
v 0.06445312 -0.36523438 -0.32226562
v -0.32617188 -0.52148438 -0.31835938
v -0.30664062 -0.82617188 -0.31835938
v -0.20117188 -0.85351562 -0.31835938
v 0.05273438 -0.36914062 -0.31835938
v 0.09179688 -0.37695312 -0.31835938
v 0.10351562 -0.30273438 -0.31835938
v 0.10351562 0.45507812 -0.31835938
v -0.20117188 0.33007812 -0.31445312
v 0.08007812 0.08007812 -0.31445312
v 0.10742188 -0.25585938 -0.31445312
v 0.30273438 -0.77929688 -0.31445312
v -0.20117188 0.26757812 -0.31054688
v -0.19726562 -0.20898438 -0.31054688
v -0.15039062 -0.16601562 -0.31054688
v 0.13867188 0.14648438 -0.31054688
v 0.25976562 -0.46679688 -0.31054688
v -0.31445312 -0.46679688 -0.30664062
v -0.23242188 -0.39648438 -0.30664062
v -0.14257812 0.45507812 -0.30664062
v -0.02539062 0.02148438 -0.30664062
v 0.10742188 -0.34179688 -0.30664062
v 0.22851562 -0.84570312 -0.30664062
v -0.35742188 -0.76757812 -0.30273438
v -0.28710938 -0.84179688 -0.30273438
v -0.23632812 -0.30273438 -0.30273438
v -0.22851562 -0.34179688 -0.30273438
v -0.19335938 0.20507812 -0.30273438
v -0.13085938 0.08007812 -0.30273438
v -0.01757812 0.50976562 -0.30273438
v 0.02539062 0.02148438 -0.30273438
v 0.04101562 0.50976562 -0.30273438
v 0.07226562 -0.16601562 -0.30273438
v 0.10351562 -0.20898438 -0.30273438
v 0.18554688 -0.39648438 -0.30273438
v 0.20507812 0.33007812 -0.30273438
v 0.29492188 -0.81445312 -0.30273438
v -0.25195312 -0.84570312 -0.29882812
v -0.07617188 0.02148438 -0.29882812
v -0.04101562 -0.13085938 -0.29882812
v 0.08789062 -0.36914062 -0.29882812
v 0.20117188 0.26757812 -0.29882812
v -0.34960938 -0.79882812 -0.29492188
v -0.23632812 -0.25585938 -0.29492188
v -0.22460938 -0.36523438 -0.29492188
v -0.19335938 0.42382812 -0.29492188
v -0.08789062 -0.13085938 -0.29492188
v -0.07617188 0.50976562 -0.29492188
v 0.00976562 -0.13085938 -0.29492188
v 0.09960938 -0.36523438 -0.29492188
v 0.13476562 -0.37695312 -0.29492188
v -0.29882812 -0.42773438 -0.29101562
v -0.18554688 0.14648438 -0.29101562
v 0.07226562 0.02148438 -0.29101562
v 0.12695312 0.08007812 -0.29101562
v 0.16601562 0.45117188 -0.29101562
v 0.19335938 0.20507812 -0.29101562
v 0.19726562 0.39648438 -0.29101562
v 0.23632812 -0.42773438 -0.29101562
v 0.28320312 -0.82617188 -0.29101562
v -0.33398438 -0.82226562 -0.28710938
v -0.22070312 -0.37695312 -0.28710938
v -0.21679688 -0.36914062 -0.28710938
v 0.09570312 -0.36914062 -0.28710938
v 0.10351562 0.50585938 -0.28710938
v -0.23632812 0.33007812 -0.28320312
v -0.23242188 -0.20898438 -0.27929688
v -0.20117188 -0.16601562 -0.27929688
v -0.13476562 -0.13085938 -0.27929688
v -0.12304688 0.02148438 -0.27929688
v -0.09570312 -0.88476562 -0.27929688
v -0.04101562 -0.89648438 -0.27929688
v 0.01367188 -0.89257812 -0.27929688
v 0.06835938 -0.88867188 -0.27929688
v 0.14648438 -0.30273438 -0.27929688
v -0.31835938 -0.83398438 -0.27539062
v -0.15039062 -0.87304688 -0.27539062
v -0.02539062 -0.03710938 -0.27539062
v 0.01757812 -0.03710938 -0.27539062
v 0.12304688 -0.88085938 -0.27539062
v 0.12695312 -0.36914062 -0.27539062
v 0.14257812 -0.25585938 -0.27539062
v 0.18164062 0.14648438 -0.27539062
v 0.33789062 -0.65039062 -0.27539062
v -0.27539062 -0.39648438 -0.27148438
v -0.24414062 0.26757812 -0.27148438
v -0.17382812 0.08007812 -0.27148438
v -0.13476562 0.50976562 -0.27148438
v 0.05664062 -0.13085938 -0.27148438
v 0.14257812 -0.34179688 -0.27148438
v 0.17382812 -0.86914062 -0.27148438
v 0.26757812 -0.83789062 -0.27148438
v 0.32617188 -0.58398438 -0.27148438
v 0.34179688 -0.71679688 -0.27148438
v -0.20507812 -0.85742188 -0.26757812
v -0.07226562 -0.03710938 -0.26757812
v -0.01757812 0.57617188 -0.26757812
v 0.11523438 0.02148438 -0.26757812
v 0.13867188 -0.20898438 -0.26757812
v 0.21289062 -0.39648438 -0.26757812
v -0.38476562 -0.71679688 -0.26367188
v -0.38476562 -0.65039062 -0.26367188
v -0.23632812 0.20507812 -0.26367188
v 0.04492188 0.57617188 -0.26367188
v 0.06054688 -0.03710938 -0.26367188
v 0.17382812 -0.37695312 -0.26367188
v 0.22070312 -0.85351562 -0.26367188
v 0.31054688 -0.52148438 -0.26367188
v -0.37304688 -0.58398438 -0.25976562
v -0.27148438 -0.30273438 -0.25976562
v -0.26757812 -0.34179688 -0.25976562
v -0.07226562 0.57617188 -0.25976562
v 0.11914062 -0.16601562 -0.25976562
v 0.13476562 -0.36523438 -0.25976562
v 0.15820312 0.49804688 -0.25976562
v 0.16992188 0.08007812 -0.25976562
v 0.33789062 -0.76757812 -0.25976562
v -0.36132812 -0.52148438 -0.25585938
v -0.25976562 -0.37695312 -0.25585938
v -0.25976562 -0.36523438 -0.25585938
v -0.23242188 0.41992188 -0.25585938
v 0.29101562 -0.47070312 -0.25585938
v 0.33398438 -0.79101562 -0.25585938
v -0.35351562 -0.48242188 -0.25195312
v -0.27148438 -0.25585938 -0.25195312
v -0.26367188 0.33007812 -0.25195312
v -0.25195312 -0.84570312 -0.25195312
v -0.25195312 -0.36914062 -0.25195312
v -0.22460938 0.14648438 -0.25195312
v -0.17773438 -0.13085938 -0.25195312
v -0.15820312 0.02148438 -0.25195312
v -0.11523438 -0.03710938 -0.25195312
v 0.24414062 0.26757812 -0.25195312
v 0.24414062 0.33007812 -0.25195312
v 0.13476562 -0.36914062 -0.24804688
v 0.25195312 -0.84570312 -0.24804688
v -0.38867188 -0.76757812 -0.24414062
v -0.34179688 -0.44726562 -0.24414062
v 0.09960938 -0.03710938 -0.24414062
v 0.10351562 0.57617188 -0.24414062
v 0.15820312 -0.36914062 -0.24414062
v 0.23242188 0.20507812 -0.24414062
v 0.23242188 0.39648438 -0.24414062
v 0.26757812 -0.42773438 -0.24414062
v 0.33007812 -0.80273438 -0.24414062
v -0.26367188 -0.20898438 -0.24023438
v -0.17773438 0.50585938 -0.24023438
v 0.09570312 -0.13085938 -0.24023438
v 0.15039062 0.02148438 -0.24023438
v -0.37695312 -0.80273438 -0.23632812
v -0.33398438 -0.42773438 -0.23632812
v -0.27929688 -0.96679688 -0.23632812
v -0.27539062 -0.93164062 -0.23632812
v -0.20898438 0.08007812 -0.23632812
v -0.12304688 0.57617188 -0.23632812
v -0.27929688 -0.84570312 -0.23242188
v -0.24023438 -0.16601562 -0.23242188
v -0.22070312 -0.96679688 -0.23242188
v -0.02929688 -0.09179688 -0.23242188
v 0.16601562 -0.34570312 -0.23242188
v 0.20898438 0.45117188 -0.23242188
v 0.22070312 0.14648438 -0.23242188
v 0.31445312 -0.82617188 -0.23242188
v -0.36132812 -0.82617188 -0.22851562
v -0.27929688 -0.99023438 -0.22851562
v -0.21679688 -0.92773438 -0.22851562
v -0.14648438 -0.03710938 -0.22851562
v -0.06054688 -0.09179688 -0.22851562
v -0.03320312 -0.10351562 -0.22851562
v -0.01367188 0.63085938 -0.22851562
v 0.00585938 -0.09179688 -0.22851562
v 0.22460938 -0.96679688 -0.22851562
v 0.23632812 -0.39648438 -0.22851562
v 0.27929688 -0.96679688 -0.22851562
v -0.31445312 -0.40039062 -0.22460938
v -0.27148438 -0.89257812 -0.22460938
v -0.22070312 -0.99023438 -0.22460938
v -0.06835938 -0.10351562 -0.22460938
v 0.00195312 -0.10351562 -0.22460938
v 0.03710938 0.63085938 -0.22460938
v 0.17773438 -0.25585938 -0.22460938
v 0.18164062 -0.30273438 -0.22460938
v 0.22070312 -0.93164062 -0.22460938
v 0.22851562 -0.99023438 -0.22460938
v 0.27539062 -0.92773438 -0.22460938
v 0.27929688 -0.99023438 -0.22460938
v -0.32226562 -0.93164062 -0.22070312
v -0.27539062 0.26757812 -0.22070312
v -0.19726562 -0.86523438 -0.22070312
v -0.11132812 -0.09179688 -0.22070312
v -0.06054688 0.63085938 -0.22070312
v 0.16601562 -0.20898438 -0.22070312
v 0.18164062 -0.36523438 -0.22070312
v -0.33398438 -0.84179688 -0.21679688
v -0.32617188 -0.99023438 -0.21679688
v -0.32617188 -0.97070312 -0.21679688
v -0.28320312 0.33007812 -0.21679688
v -0.21289062 -0.88476562 -0.21679688
v -0.18945312 0.02148438 -0.21679688
v -0.09179688 -0.89648438 -0.21679688
v -0.04101562 -0.90820312 -0.21679688
v 0.01367188 -0.90429688 -0.21679688
v 0.04101562 -0.09570312 -0.21679688
v 0.06445312 -0.89648438 -0.21679688
v 0.11523438 -0.88867188 -0.21679688
v 0.13085938 -0.03710938 -0.21679688
v 0.20507812 0.08398438 -0.21679688
v 0.29101562 -0.83789062 -0.21679688
v -0.29101562 -0.38085938 -0.21289062
v -0.26367188 0.20507812 -0.21289062
v -0.23632812 -0.84570312 -0.21289062
v -0.20898438 -0.13085938 -0.21289062
v -0.14648438 -0.88476562 -0.21289062
v -0.11132812 -0.10351562 -0.21289062
v 0.03710938 -0.10351562 -0.21289062
v 0.15039062 -0.16601562 -0.21289062
v 0.20898438 -0.85742188 -0.21289062
v 0.22070312 -0.89257812 -0.21289062
v 0.22851562 -0.99804688 -0.21289062
v 0.27929688 -0.99804688 -0.21289062
v -0.32617188 -0.99414062 -0.20898438
v -0.27929688 -0.36914062 -0.20898438
v -0.26367188 0.41210938 -0.20898438
v -0.15820312 0.57617188 -0.20898438
v 0.08007812 -0.09179688 -0.20898438
v 0.08789062 0.63085938 -0.20898438
v 0.16210938 -0.87695312 -0.20898438
v 0.17382812 -0.96679688 -0.20898438
v 0.17773438 -0.99023438 -0.20898438
v 0.19335938 0.49804688 -0.20898438
v 0.25585938 -0.84570312 -0.20898438
v -0.29492188 -0.34179688 -0.20507812
v -0.28710938 -0.36523438 -0.20507812
v -0.27539062 -0.99804688 -0.20507812
v -0.24804688 0.14648438 -0.20507812
v -0.22460938 -0.99804688 -0.20507812
v -0.10742188 0.63085938 -0.20507812
v 0.18554688 -0.90820312 -0.20507812
v 0.31835938 -0.99023438 -0.20507812
v 0.31835938 -0.96679688 -0.20507812
v -0.30664062 -0.84570312 -0.20117188
v -0.29882812 -0.30273438 -0.20117188
v -0.25976562 -0.84570312 -0.20117188
v -0.20898438 0.50195312 -0.20117188
v -0.16992188 -0.96679688 -0.20117188
v 0.12304688 -0.13085938 -0.20117188
v 0.15039062 0.57226562 -0.20117188
v 0.18164062 0.02148438 -0.20117188
v 0.27148438 -0.88476562 -0.20117188
v 0.31054688 -0.92773438 -0.20117188
v 0.34960938 -0.58398438 -0.20117188
v 0.36132812 -0.65039062 -0.20117188
v -0.31835938 -0.88867188 -0.19726562
v -0.17382812 -0.03710938 -0.19726562
v -0.16992188 -0.99023438 -0.19726562
v -0.16601562 -0.92773438 -0.19726562
v -0.13867188 -0.09179688 -0.19726562
v -0.01757812 0.66601562 -0.19726562
v 0.06445312 -0.10351562 -0.19726562
v 0.31445312 -0.99414062 -0.19726562
v 0.33398438 -0.52148438 -0.19726562
v 0.36523438 -0.71679688 -0.19726562
v -0.36523438 -0.96679688 -0.19335938
v -0.35742188 -0.92773438 -0.19335938
v -0.31835938 -0.99804688 -0.19335938
v -0.29882812 -0.25585938 -0.19335938
v -0.23632812 0.08007812 -0.19335938
v -0.16210938 -0.89257812 -0.19335938
v -0.13867188 -0.10351562 -0.19335938
v 0.03320312 0.66601562 -0.19335938
v 0.15820312 -0.93164062 -0.19335938
v 0.18164062 -0.99804688 -0.19335938
v 0.27539062 0.26757812 -0.19335938
v 0.27539062 0.33007812 -0.19335938
v 0.31054688 -0.47070312 -0.19335938
v -0.36523438 -0.99023438 -0.18945312
v -0.17773438 -0.99804688 -0.18945312
v 0.10742188 -0.09179688 -0.18945312
v 0.17773438 -0.35742188 -0.18945312
v 0.27539062 -0.99804688 -0.18945312
v 0.35742188 -0.76757812 -0.18945312
v -0.36132812 -0.99414062 -0.18554688
v -0.28710938 -0.20898438 -0.18554688
v -0.06445312 0.66601562 -0.18554688
v 0.18945312 -0.33789062 -0.18554688
v 0.23242188 -0.99804688 -0.18554688
v 0.26367188 0.20507812 -0.18554688
v 0.26367188 0.39648438 -0.18554688
v 0.28710938 -0.42773438 -0.18554688
v -0.41210938 -0.71679688 -0.18164062
v -0.41210938 -0.65039062 -0.18164062
v -0.40039062 -0.58398438 -0.18164062
v -0.13867188 0.63085938 -0.18164062
v 0.13867188 -0.96679688 -0.18164062
v 0.15429688 -0.03710938 -0.18164062
v 0.34960938 -0.80273438 -0.18164062
v -0.38476562 -0.52148438 -0.17773438
v -0.37695312 -0.47460938 -0.17773438
v -0.34179688 -0.99804688 -0.17773438
v -0.28320312 -0.84570312 -0.17773438
v -0.26367188 -0.16601562 -0.17773438
v -0.21289062 0.02148438 -0.17773438
v -0.18554688 0.57226562 -0.17773438
v 0.07617188 0.66601562 -0.17773438
v 0.13867188 -0.99023438 -0.17773438
v 0.16210938 -0.88476562 -0.17773438
v 0.20898438 -0.86132812 -0.17773438
v 0.25195312 0.14648438 -0.17773438
v 0.31445312 -0.99804688 -0.17773438
v -0.40820312 -0.76757812 -0.17382812
v -0.36132812 -0.43554688 -0.17382812
v 0.08789062 -0.10742188 -0.17382812
v 0.12304688 0.63085938 -0.17382812
v 0.25585938 -0.39648438 -0.17382812
v 0.33007812 -0.82617188 -0.17382812
v -0.39648438 -0.80273438 -0.16992188
v -0.15820312 -0.10351562 -0.16992188
v -0.15820312 -0.09570312 -0.16992188
v -0.11132812 0.66601562 -0.16992188
v 0.14257812 -0.99804688 -0.16992188
v 0.18554688 -0.20898438 -0.16992188
v 0.18945312 -0.99804688 -0.16992188
v 0.19726562 -0.25585938 -0.16992188
v 0.34570312 -0.99023438 -0.16992188
v 0.34960938 -0.96679688 -0.16992188
v -0.37304688 -0.82617188 -0.16601562
v -0.33398438 -0.40429688 -0.16601562
v -0.30273438 0.33007812 -0.16601562
v -0.29882812 0.26757812 -0.16601562
v -0.27148438 -0.99804688 -0.16601562
v -0.23242188 -0.13085938 -0.16601562
v 0.16601562 -0.16601562 -0.16601562
v 0.22460938 -0.37695312 -0.16601562
v 0.23242188 0.08789062 -0.16601562
v 0.24023438 0.45117188 -0.16601562
v 0.30273438 -0.83789062 -0.16601562
v 0.31054688 -0.88476562 -0.16601562
v 0.33789062 -0.92773438 -0.16601562
v -0.35351562 -0.83789062 -0.16210938
v -0.30664062 -0.38085938 -0.16210938
v -0.28710938 0.20507812 -0.16210938
v -0.28710938 0.40429688 -0.16210938
v -0.22460938 -0.99804688 -0.16210938
v -0.19335938 -0.03710938 -0.16210938
v 0.12695312 -0.09179688 -0.16210938
v 0.25585938 -0.84570312 -0.16210938
v 0.33789062 -0.99804688 -0.16210938
v -0.39257812 -0.96679688 -0.15820312
v -0.31835938 -0.99804688 -0.15820312
v -0.29492188 -0.36914062 -0.15820312
v 0.10742188 -0.89648438 -0.15820312
v 0.15039062 -0.99804688 -0.15820312
v -0.39257812 -0.99023438 -0.15429688
v -0.38085938 -0.92773438 -0.15429688
v -0.35351562 -0.88476562 -0.15429688
v -0.32617188 -0.84179688 -0.15429688
v -0.30664062 -0.34179688 -0.15429688
v -0.29882812 -0.36523438 -0.15429688
v -0.26757812 0.14648438 -0.15429688
v -0.17773438 -0.99804688 -0.15429688
v -0.16601562 0.62695312 -0.15429688
v -0.13867188 -0.99023438 -0.15429688
v -0.13476562 -0.96679688 -0.15429688
v -0.08789062 -0.90429688 -0.15429688
v -0.04101562 -0.91210938 -0.15429688
v 0.01367188 -0.91210938 -0.15429688
v 0.06054688 -0.90429688 -0.15429688
v 0.13867188 -0.13085938 -0.15429688
v 0.20507812 0.02539062 -0.15429688
v -0.38476562 -0.99804688 -0.15039062
v -0.23242188 0.49804688 -0.15039062
v -0.13476562 -0.93164062 -0.15039062
v -0.12304688 -0.90039062 -0.15039062
v -0.01757812 0.69726562 -0.15039062
v 0.21289062 0.49804688 -0.15039062
v -0.35742188 -0.99804688 -0.14648438
v -0.31054688 -0.30273438 -0.14648438
v -0.15039062 -0.99804688 -0.14648438
v -0.05273438 0.69726562 -0.14648438
v 0.01757812 0.69726562 -0.14648438
v 0.10351562 -0.11132812 -0.14648438
v 0.11132812 0.66601562 -0.14648438
v 0.11914062 -0.89648438 -0.14648438
v 0.18164062 0.56445312 -0.14648438
v 0.31054688 -0.99804688 -0.14648438
v -0.30664062 -0.25585938 -0.14257812
v -0.30273438 -0.84570312 -0.14257812
v -0.24804688 0.08398438 -0.14257812
v -0.16992188 -0.10351562 -0.14257812
v -0.16992188 -0.09179688 -0.14257812
v 0.11523438 -0.92773438 -0.14257812
v 0.27148438 -0.99804688 -0.14257812
v 0.43164062 -0.09570312 -0.14257812
v -0.26367188 0.45507812 -0.13867188
v -0.20507812 0.56445312 -0.13867188
v -0.02148438 0.13085938 -0.13867188
v 0.05273438 0.69726562 -0.13867188
v 0.10742188 -0.96679688 -0.13867188
v 0.17773438 -0.03320312 -0.13867188
v 0.18554688 -0.20898438 -0.13867188
v 0.20507812 -0.30273438 -0.13867188
v 0.22460938 -0.99804688 -0.13867188
v 0.39257812 -0.10351562 -0.13867188
v 0.44726562 -0.10742188 -0.13867188
v 0.45898438 -0.08007812 -0.13867188
v 0.56445312 0.00585938 -0.13867188
v -0.29492188 -0.20898438 -0.13476562
v -0.22851562 0.02148438 -0.13476562
v -0.08398438 0.69726562 -0.13476562
v -0.02148438 0.17382812 -0.13476562
v 0.10742188 -0.99023438 -0.13476562
v 0.20117188 -0.25195312 -0.13476562
v 0.27148438 -0.15429688 -0.13476562
v 0.29882812 0.26757812 -0.13476562
v 0.33007812 -0.12695312 -0.13476562
v 0.35351562 -0.11523438 -0.13476562
v 0.47851562 -0.00976562 -0.13476562
v 0.60351562 0.00195312 -0.13476562
v -0.27148438 -0.16601562 -0.13085938
v -0.14648438 0.66992188 -0.13085938
v 0.04492188 0.13476562 -0.13085938
v 0.04492188 0.17773438 -0.13085938
v 0.17773438 -0.17382812 -0.13085938
v 0.19335938 -0.20117188 -0.13085938
v 0.27148438 -0.16992188 -0.13085938
v 0.29882812 0.33007812 -0.13085938
v 0.33398438 -0.15039062 -0.13085938
v 0.39257812 -0.07226562 -0.13085938
v 0.39648438 -0.13476562 -0.13085938
v 0.43164062 -0.05664062 -0.13085938
v 0.43554688 -0.12695312 -0.13085938
v 0.45898438 -0.03710938 -0.13085938
v 0.48242188 0.02539062 -0.13085938
v 0.48242188 0.15429688 -0.13085938
v 0.56835938 -0.01757812 -0.13085938
v 0.63085938 0.08789062 -0.13085938
v -0.18945312 0.61914062 -0.12695312
v -0.08789062 0.17773438 -0.12695312
v 0.14257812 -0.09179688 -0.12695312
v 0.15429688 0.62695312 -0.12695312
v 0.18945312 -0.17773438 -0.12695312
v 0.19726562 -0.34179688 -0.12695312
v 0.19726562 -0.22460938 -0.12695312
v 0.26757812 -0.13085938 -0.12695312
v 0.27929688 0.20507812 -0.12695312
v 0.28710938 -0.84570312 -0.12695312
v 0.32617188 -0.47070312 -0.12695312
v 0.33398438 -0.09960938 -0.12695312
v 0.34570312 -0.52148438 -0.12695312
v 0.35351562 -0.13867188 -0.12695312
v 0.35351562 -0.08789062 -0.12695312
v 0.36523438 -0.58398438 -0.12695312
v 0.37695312 -0.65039062 -0.12695312
v 0.47851562 -0.05273438 -0.12695312
v 0.47851562 0.09179688 -0.12695312
v 0.48632812 0.06054688 -0.12695312
v 0.50195312 0.15429688 -0.12695312
v 0.63476562 0.03320312 -0.12695312
v -0.20507812 -0.03710938 -0.12304688
v -0.08398438 0.13085938 -0.12304688
v 0.12695312 -0.99804688 -0.12304688
v 0.17382812 -0.99804688 -0.12304688
v 0.27929688 0.39648438 -0.12304688
v 0.33789062 -0.88085938 -0.12304688
v 0.36914062 -0.99023438 -0.12304688
v 0.37304688 -0.97070312 -0.12304688
v 0.37695312 -0.71679688 -0.12304688
v 0.45898438 -0.11132812 -0.12304688
v 0.46679688 0.13867188 -0.12304688
v 0.47070312 -0.08789062 -0.12304688
v 0.47460938 0.11523438 -0.12304688
v 0.50195312 0.09179688 -0.12304688
v 0.50585938 0.13476562 -0.12304688
v 0.65039062 0.19335938 -0.12304688
v 0.69335938 0.04882812 -0.12304688
v 0.69335938 0.08789062 -0.12304688
v -0.24023438 -0.13085938 -0.11914062
v 0.18164062 -0.36523438 -0.11914062
v 0.26757812 0.15039062 -0.11914062
v 0.29882812 -0.42773438 -0.11914062
v 0.30664062 -0.16992188 -0.11914062
v 0.36523438 -0.92773438 -0.11914062
v 0.36914062 -0.76757812 -0.11914062
v 0.49023438 0.16992188 -0.11914062
v 0.50195312 0.11523438 -0.11914062
v 0.62695312 0.20117188 -0.11914062
v -0.17382812 0.65039062 -0.11523438
v 0.04492188 0.09570312 -0.11523438
v 0.07617188 0.69726562 -0.11523438
v 0.11523438 -0.11132812 -0.11523438
v 0.35742188 -0.99804688 -0.11523438
v 0.35742188 -0.80273438 -0.11523438
v 0.42773438 -0.14257812 -0.11523438
v 0.43164062 -0.04492188 -0.11523438
v 0.44726562 -0.13085938 -0.11523438
v 0.47460938 0.01757812 -0.11523438
v 0.65039062 -0.03320312 -0.11523438
v 0.65429688 0.03320312 -0.11523438
v 0.65429688 0.09960938 -0.11523438
v 0.71289062 0.06835938 -0.11523438
v -0.10742188 0.69726562 -0.11132812
v 0.13867188 0.65429688 -0.11132812
v 0.14257812 -0.13085938 -0.11132812
v 0.19335938 -0.36914062 -0.11132812
v 0.26757812 -0.39648438 -0.11132812
v 0.33789062 -0.82617188 -0.11132812
v 0.39257812 -0.06054688 -0.11132812
v 0.47460938 0.16210938 -0.11132812
v 0.47851562 0.05664062 -0.11132812
v 0.66210938 0.17382812 -0.11132812
v -0.42773438 -0.71679688 -0.10742188
v -0.42382812 -0.65039062 -0.10742188
v -0.41210938 -0.58398438 -0.10742188
v -0.31835938 0.33007812 -0.10742188
v -0.31445312 0.26757812 -0.10742188
v -0.27539062 -0.99804688 -0.10742188
v -0.18164062 -0.09179688 -0.10742188
v -0.17773438 -0.10351562 -0.10742188
v 0.20117188 -0.23632812 -0.10742188
v 0.20507812 -0.37304688 -0.10742188
v 0.20898438 -0.26757812 -0.10742188
v 0.23242188 -0.38085938 -0.10742188
v 0.25195312 0.09179688 -0.10742188
v 0.26757812 -0.11914062 -0.10742188
v 0.27148438 -0.18945312 -0.10742188
v 0.31054688 -0.83789062 -0.10742188
v 0.34179688 -0.99804688 -0.10742188
v 0.47460938 -0.05273438 -0.10742188
v 0.47460938 0.08789062 -0.10742188
v 0.50585938 0.16210938 -0.10742188
v 0.51367188 0.14257812 -0.10742188
v 0.53320312 -0.02539062 -0.10742188
v -0.41992188 -0.76757812 -0.10351562
v -0.41210938 -0.96679688 -0.10351562
v -0.40820312 -0.99023438 -0.10351562
v -0.40820312 -0.80273438 -0.10351562
v -0.39648438 -0.92773438 -0.10351562
v -0.39648438 -0.52148438 -0.10351562
v -0.38476562 -0.82617188 -0.10351562
v -0.38476562 -0.47460938 -0.10351562
v -0.36914062 -0.88085938 -0.10351562
v -0.36914062 -0.43554688 -0.10351562
v -0.36132812 -0.83789062 -0.10351562
v -0.33789062 -0.40429688 -0.10351562
v -0.33398438 -0.84179688 -0.10351562
v -0.32617188 -0.99804688 -0.10351562
v -0.31054688 -0.38085938 -0.10351562
v -0.30664062 -0.34179688 -0.10351562
v -0.30273438 0.40429688 -0.10351562
v -0.29882812 -0.36523438 -0.10351562
v -0.29882812 0.20507812 -0.10351562
v -0.29492188 -0.36914062 -0.10351562
v -0.22460938 -0.99804688 -0.10351562
v -0.02148438 0.22460938 -0.10351562
v 0.17382812 -0.15820312 -0.10351562
v 0.18945312 -0.16601562 -0.10351562
v 0.39257812 -0.14648438 -0.10351562
v 0.46289062 0.14257812 -0.10351562
v 0.46679688 -0.08789062 -0.10351562
v 0.47070312 0.11523438 -0.10351562
v 0.65039062 0.21289062 -0.10351562
v 0.71679688 0.08789062 -0.10351562
v -0.39648438 -0.99804688 -0.09960938
v -0.31054688 -0.84570312 -0.09960938
v -0.31054688 -0.30273438 -0.09960938
v -0.30664062 -0.25585938 -0.09960938
v -0.29101562 -0.20898438 -0.09960938
v -0.17382812 -0.99804688 -0.09960938
v -0.12304688 -0.99023438 -0.09960938
v -0.11914062 -0.96679688 -0.09960938
v -0.08789062 0.22851562 -0.09960938
v 0.04492188 0.22851562 -0.09960938
v 0.09570312 0.12695312 -0.09960938
v 0.33007812 -0.16210938 -0.09960938
v 0.45117188 -0.11523438 -0.09960938
v 0.49023438 0.05664062 -0.09960938
v 0.50195312 0.11523438 -0.09960938
v 0.65429688 -0.01367188 -0.09960938
v 0.69335938 0.10742188 -0.09960938
v 0.71679688 0.06054688 -0.09960938
v -0.36914062 -0.99804688 -0.09570312
v -0.28320312 0.14648438 -0.09570312
v -0.27148438 -0.17382812 -0.09570312
v -0.13867188 -0.99804688 -0.09570312
v -0.11914062 -0.93164062 -0.09570312
v -0.11132812 -0.90820312 -0.09570312
v 0.31054688 -0.99804688 -0.09570312
v 0.43164062 -0.13085938 -0.09570312
v 0.43554688 -0.05664062 -0.09570312
v 0.49023438 0.08789062 -0.09570312
v 0.49023438 0.16601562 -0.09570312
v 0.56835938 -0.02148438 -0.09570312
v 0.60351562 0.17773438 -0.09570312
v 0.65039062 -0.03320312 -0.09570312
v 0.66601562 0.19335938 -0.09570312
v 0.68945312 0.03320312 -0.09570312
v -0.41210938 -0.08789062 -0.09179688
v -0.40039062 -0.07617188 -0.09179688
v -0.34960938 -0.13867188 -0.09179688
v -0.33789062 -0.12695312 -0.09179688
v -0.29101562 -0.19335938 -0.09179688
v -0.27929688 -0.16992188 -0.09179688
v -0.08398438 -0.91210938 -0.09179688
v 0.05664062 -0.91210938 -0.09179688
v 0.11523438 0.68164062 -0.09179688
v 0.13085938 0.19335938 -0.09179688
v 0.22460938 0.03320312 -0.09179688
v 0.24804688 0.45117188 -0.09179688
v 0.35742188 -0.14648438 -0.09179688
v 0.48632812 0.11523438 -0.09179688
v 0.53320312 0.01757812 -0.09179688
v 0.53710938 -0.00976562 -0.09179688
v 0.64648438 0.00585938 -0.09179688
v 0.64648438 0.02929688 -0.09179688
v 0.71289062 0.04882812 -0.09179688
v -0.45117188 -0.08007812 -0.08789062
v -0.25976562 0.08789062 -0.08789062
v -0.04101562 -0.91992188 -0.08789062
v -0.01757812 0.70898438 -0.08789062
v 0.00195312 0.05273438 -0.08789062
v 0.00976562 -0.91601562 -0.08789062
v 0.09179688 -0.90429688 -0.08789062
v 0.09570312 0.24414062 -0.08789062
v 0.21679688 0.49414062 -0.08789062
v 0.26757812 -0.99804688 -0.08789062
v 0.39648438 -0.13476562 -0.08789062
v 0.43554688 -0.09570312 -0.08789062
v 0.47851562 0.14648438 -0.08789062
v 0.50195312 0.14648438 -0.08789062
v 0.62695312 0.21289062 -0.08789062
v -0.27148438 0.45507812 -0.08398438
v -0.24023438 0.49804688 -0.08398438
v -0.23632812 0.02539062 -0.08398438
v -0.14257812 0.24414062 -0.08398438
v -0.08789062 0.07226562 -0.08398438
v 0.02148438 0.71289062 -0.08398438
v 0.04882812 0.06445312 -0.08398438
v 0.08789062 -0.93164062 -0.08398438
v 0.18554688 -0.02929688 -0.08398438
v 0.19335938 0.56054688 -0.08398438
v 0.27148438 -0.19335938 -0.08398438
v 0.34179688 -0.85742188 -0.08398438
v 0.58007812 0.00585938 -0.08398438
v 0.65039062 0.15429688 -0.08398438
v 0.71289062 0.09179688 -0.08398438
v -0.48632812 -0.01757812 -0.08007812
v -0.45898438 -0.04101562 -0.08007812
v -0.41210938 -0.10742188 -0.08007812
v -0.21679688 0.56054688 -0.08007812
v -0.20898438 -0.03710938 -0.08007812
v -0.17382812 0.18554688 -0.08007812
v -0.12304688 0.10351562 -0.08007812
v -0.11523438 0.70507812 -0.08007812
v -0.05664062 0.71289062 -0.08007812
v 0.08007812 0.70507812 -0.08007812
v 0.08398438 -0.96679688 -0.08007812
v 0.08789062 -0.99023438 -0.08007812
v 0.22070312 -0.99804688 -0.08007812
v 0.39648438 -0.10351562 -0.08007812
v -0.50195312 0.15039062 -0.07617188
v -0.48242188 -0.05273438 -0.07617188
v -0.47460938 -0.08789062 -0.07617188
v -0.47460938 0.15039062 -0.07617188
v -0.45898438 -0.10742188 -0.07617188
v -0.29882812 -0.20898438 -0.07617188
v -0.27148438 -0.15429688 -0.07617188
v -0.26367188 -0.15820312 -0.07617188
v -0.24023438 -0.13085938 -0.07617188
v -0.18554688 -0.10351562 -0.07617188
v -0.18164062 -0.09570312 -0.07617188
v 0.08789062 0.09570312 -0.07617188
v 0.10351562 -0.99804688 -0.07617188
v 0.11132812 -0.11132812 -0.07617188
v 0.14257812 -0.09179688 -0.07617188
v 0.14257812 0.20507812 -0.07617188
v 0.16992188 0.61914062 -0.07617188
v 0.18945312 -0.16992188 -0.07617188
v 0.20117188 -0.23632812 -0.07617188
v 0.33398438 -0.15429688 -0.07617188
v 0.35742188 -0.13085938 -0.07617188
v 0.36523438 -0.88476562 -0.07617188
v 0.65039062 0.20117188 -0.07617188
v 0.71679688 0.07226562 -0.07617188
v -0.50976562 -0.02148438 -0.07226562
v -0.50976562 0.01757812 -0.07226562
v -0.50195312 0.11914062 -0.07226562
v -0.49023438 0.01757812 -0.07226562
v -0.48632812 0.16992188 -0.07226562
v -0.47070312 -0.01367188 -0.07226562
v -0.42773438 -0.04492188 -0.07226562
v -0.39648438 -0.06054688 -0.07226562
v -0.37304688 -0.12304688 -0.07226562
v -0.34960938 -0.15820312 -0.07226562
v -0.33398438 -0.10742188 -0.07226562
v -0.31054688 -0.25585938 -0.07226562
v -0.19726562 0.61523438 -0.07226562
v 0.15429688 -0.99804688 -0.07226562
v 0.20898438 -0.26757812 -0.07226562
v 0.29101562 0.20898438 -0.07226562
v 0.30664062 0.27148438 -0.07226562
v -0.49023438 0.05664062 -0.06835938
v -0.17773438 0.65429688 -0.06835938
v -0.15429688 0.68164062 -0.06835938
v 0.13867188 -0.13085938 -0.06835938
v 0.28320312 0.40039062 -0.06835938
v 0.30273438 0.33007812 -0.06835938
v 0.38867188 -0.99023438 -0.06835938
v 0.39257812 -0.96679688 -0.06835938
v 0.68945312 0.05664062 -0.06835938
v 0.68945312 0.08789062 -0.06835938
v -0.51367188 0.05664062 -0.06445312
v -0.50585938 0.09179688 -0.06445312
v 0.13476562 0.16601562 -0.06445312
v 0.14648438 0.65429688 -0.06445312
v 0.20117188 -0.34179688 -0.06445312
v 0.20898438 -0.30273438 -0.06445312
v 0.33398438 -0.13085938 -0.06445312
v 0.37304688 -0.99804688 -0.06445312
v 0.38476562 -0.92773438 -0.06445312
v -0.50585938 0.16992188 -0.06054688
v -0.47070312 0.16992188 -0.06054688
v -0.46289062 -0.11132812 -0.06054688
v -0.30273438 -0.34179688 -0.06054688
v -0.29492188 -0.36523438 -0.06054688
v -0.01757812 0.02929688 -0.06054688
v 0.13085938 0.27539062 -0.06054688
v 0.16601562 -0.15820312 -0.06054688
v 0.27148438 -0.18945312 -0.06054688
v -0.49023438 -0.05664062 -0.05664062
v -0.48242188 -0.09179688 -0.05664062
v -0.46289062 0.11914062 -0.05664062
v -0.45507812 -0.03320312 -0.05664062
v -0.17773438 0.27148438 -0.05664062
v 0.11914062 0.68554688 -0.05664062
v 0.27148438 -0.16992188 -0.05664062
v 0.27148438 -0.15429688 -0.05664062
v 0.30273438 -0.43164062 -0.05664062
v 0.33007812 -0.47070312 -0.05664062
v 0.34960938 -0.52148438 -0.05664062
v 0.35351562 -0.99804688 -0.05664062
v -0.60351562 0.12695312 -0.05273438
v -0.51757812 0.15039062 -0.05273438
v -0.51367188 0.11914062 -0.05273438
v -0.48242188 0.05664062 -0.05273438
v -0.47851562 0.01757812 -0.05273438
v -0.45898438 0.15039062 -0.05273438
v -0.42773438 -0.04882812 -0.05273438
v -0.40429688 -0.11132812 -0.05273438
v -0.39648438 -0.06445312 -0.05273438
v -0.32617188 0.33007812 -0.05273438
v -0.32226562 -0.84570312 -0.05273438
v -0.29101562 -0.36914062 -0.05273438
v -0.02148438 0.27929688 -0.05273438
v 0.18945312 -0.18164062 -0.05273438
v 0.19726562 -0.20117188 -0.05273438
v 0.20117188 -0.22851562 -0.05273438
v 0.27148438 -0.40039062 -0.05273438
v 0.27539062 0.15429688 -0.05273438
v 0.36914062 -0.58398438 -0.05273438
v 0.37695312 -0.65039062 -0.05273438
v -0.48632812 0.17773438 -0.04882812
v -0.36132812 -0.83789062 -0.04882812
v -0.32226562 0.27148438 -0.04882812
v -0.30664062 -0.38085938 -0.04882812
v -0.30664062 0.40429688 -0.04882812
v -0.30273438 0.20898438 -0.04882812
v -0.14648438 0.11132812 -0.04882812
v -0.11523438 0.70507812 -0.04882812
v -0.09960938 0.04492188 -0.04882812
v -0.08789062 0.28320312 -0.04882812
v 0.04492188 0.28320312 -0.04882812
v 0.08007812 0.70507812 -0.04882812
v 0.11132812 0.11132812 -0.04882812
v 0.20898438 -0.37695312 -0.04882812
v 0.23632812 -0.38085938 -0.04882812
v 0.33789062 -0.82617188 -0.04882812
v 0.35742188 -0.80273438 -0.04882812
v 0.36914062 -0.76757812 -0.04882812
v 0.38085938 -0.71679688 -0.04882812
v -0.61914062 0.11132812 -0.04492188
v -0.45898438 -0.10742188 -0.04492188
v -0.38476562 -0.82617188 -0.04492188
v -0.37304688 -0.88085938 -0.04492188
v -0.33398438 -0.40039062 -0.04492188
v -0.28320312 0.15039062 -0.04492188
v -0.27539062 -0.99804688 -0.04492188
v -0.22460938 -0.99804688 -0.04492188
v -0.18164062 -0.10351562 -0.04492188
v -0.17773438 -0.09570312 -0.04492188
v -0.06445312 0.74414062 -0.04492188
v 0.18554688 -0.19335938 -0.04492188
v 0.20898438 -0.26757812 -0.04492188
v 0.25585938 0.09570312 -0.04492188
v -0.49023438 0.01757812 -0.04101562
v -0.49023438 0.05664062 -0.04101562
v -0.48242188 -0.05273438 -0.04101562
v -0.47851562 -0.01757812 -0.04101562
v -0.47460938 -0.08789062 -0.04101562
v -0.47070312 0.16992188 -0.04101562
v -0.45898438 -0.04492188 -0.04101562
v -0.41601562 -0.96679688 -0.04101562
v -0.40429688 -0.92773438 -0.04101562
v -0.40429688 -0.80273438 -0.04101562
v -0.36523438 -0.43554688 -0.04101562
v -0.32617188 -0.99804688 -0.04101562
v -0.31054688 -0.25585938 -0.04101562
v -0.17382812 -0.99804688 -0.04101562
v -0.14648438 0.29101562 -0.04101562
v 0.00976562 0.02148438 -0.04101562
v 0.08007812 0.06054688 -0.04101562
v 0.09570312 -0.11132812 -0.04101562
v 0.09960938 0.29101562 -0.04101562
v 0.16210938 0.24023438 -0.04101562
v 0.31835938 -0.99804688 -0.04101562
v -0.59179688 0.13867188 -0.03710938
v -0.50976562 0.01757812 -0.03710938
v -0.50585938 0.16992188 -0.03710938
v -0.50195312 -0.02148438 -0.03710938
v -0.46289062 0.12695312 -0.03710938
v -0.43164062 -0.06445312 -0.03710938
v -0.41992188 -0.76757812 -0.03710938
v -0.41601562 -0.99023438 -0.03710938
v -0.40039062 -0.99804688 -0.03710938
v -0.40039062 -0.09960938 -0.03710938
v -0.39648438 -0.52148438 -0.03710938
v -0.39648438 -0.08007812 -0.03710938
v -0.38476562 -0.47460938 -0.03710938
v -0.37304688 -0.99804688 -0.03710938
v -0.25976562 0.09179688 -0.03710938
v -0.24023438 -0.13085938 -0.03710938
v -0.13867188 -0.99804688 -0.03710938
v -0.12304688 -0.99023438 -0.03710938
v 0.00585938 0.72460938 -0.03710938
v 0.15820312 0.28320312 -0.03710938
v -0.65820312 0.19335938 -0.03320312
v -0.53710938 0.01757812 -0.03320312
v -0.44726562 -0.08398438 -0.03320312
v -0.42382812 -0.71679688 -0.03320312
v -0.42382812 -0.65039062 -0.03320312
v -0.41210938 -0.58398438 -0.03320312
v -0.29101562 -0.36523438 -0.03320312
v -0.23632812 0.02929688 -0.03320312
v -0.20507812 -0.02929688 -0.03320312
v -0.20117188 0.27929688 -0.03320312
v -0.12304688 -0.92773438 -0.03320312
v -0.12304688 0.05664062 -0.03320312
v -0.11523438 -0.96679688 -0.03320312
v -0.11523438 -0.90820312 -0.03320312
v -0.47460938 0.12304688 -0.02929688
v -0.30664062 -0.30273438 -0.02929688
v -0.30273438 -0.34179688 -0.02929688
v -0.23242188 0.49023438 -0.02929688
v -0.21679688 0.55273438 -0.02929688
v -0.08398438 -0.91210938 -0.02929688
v -0.07617188 0.81835938 -0.02929688
v -0.04492188 0.00976562 -0.02929688
v 0.02929688 0.79492188 -0.02929688
v 0.05664062 -0.91210938 -0.02929688
v 0.06054688 0.81054688 -0.02929688
v 0.08398438 -0.90820312 -0.02929688
v 0.12695312 -0.13085938 -0.02929688
v 0.19335938 0.55273438 -0.02929688
v 0.21289062 0.49023438 -0.02929688
v 0.24023438 0.44726562 -0.02929688
v 0.27148438 -0.99804688 -0.02929688
v -0.69335938 -0.03320312 -0.02539062
v -0.68164062 0.18945312 -0.02539062
v -0.50976562 0.15039062 -0.02539062
v -0.26757812 0.45507812 -0.02539062
v -0.20117188 0.61132812 -0.02539062
v -0.04101562 -0.91601562 -0.02539062
v 0.00976562 -0.91601562 -0.02539062
v 0.04882812 0.82617188 -0.02539062
v 0.13476562 -0.09179688 -0.02539062
v 0.16992188 0.61523438 -0.02539062
v 0.18554688 -0.02148438 -0.02539062
v 0.29101562 0.21289062 -0.02539062
v -0.69726562 0.06054688 -0.02148438
v -0.48242188 0.12304688 -0.02148438
v -0.47070312 0.15039062 -0.02148438
v -0.27148438 -0.16992188 -0.02148438
v -0.19726562 0.24023438 -0.02148438
v -0.17773438 0.18164062 -0.02148438
v -0.17773438 0.65429688 -0.02148438
v 0.04101562 0.02148438 -0.02148438
v 0.08398438 -0.93164062 -0.02148438
v 0.14648438 0.65429688 -0.02148438
v 0.14648438 0.97851562 -0.02148438
v 0.15039062 0.18164062 -0.02148438
v 0.22460938 -0.99804688 -0.02148438
v 0.30664062 0.27539062 -0.02148438
v 0.30664062 0.33007812 -0.02148438
v -0.59960938 0.12695312 -0.01757812
v -0.17382812 -0.10351562 -0.01757812
v -0.15429688 0.68554688 -0.01757812
v -0.11523438 0.70507812 -0.01757812
v 0.06445312 0.79882812 -0.01757812
v 0.08007812 -0.96679688 -0.01757812
v 0.08007812 0.70507812 -0.01757812
v 0.08398438 -0.99023438 -0.01757812
v 0.09960938 -0.99804688 -0.01757812
v 0.11914062 0.68554688 -0.01757812
v 0.12695312 -0.99804688 -0.01757812
v 0.15039062 0.96289062 -0.01757812
v 0.15429688 -0.15820312 -0.01757812
v 0.17382812 -0.99804688 -0.01757812
v 0.27929688 0.40429688 -0.01757812
v 0.37695312 -0.84570312 -0.01757812
v -0.70117188 -0.00976562 -0.01367188
v -0.69726562 -0.05664062 -0.01367188
v -0.66992188 0.20898438 -0.01367188
v -0.49023438 0.15039062 -0.01367188
v -0.32617188 0.33007812 -0.01367188
v -0.29492188 -0.20507812 -0.01367188
v -0.18554688 0.30664062 -0.01367188
v -0.15820312 0.11523438 -0.01367188
v -0.11523438 0.83007812 -0.01367188
v -0.08007812 0.00976562 -0.01367188
v 0.04101562 0.84179688 -0.01367188
v 0.09179688 0.85742188 -0.01367188
v 0.12304688 0.11523438 -0.01367188
v 0.14257812 0.31054688 -0.01367188
v 0.16601562 0.24414062 -0.01367188
v 0.18554688 0.97460938 -0.01367188
v -0.69335938 0.08789062 -0.00976562
v -0.68554688 0.15429688 -0.00976562
v -0.64648438 0.20507812 -0.00976562
v -0.62304688 0.11523438 -0.00976562
v -0.30664062 -0.25195312 -0.00976562
v -0.06835938 0.83007812 -0.00976562
v -0.02148438 0.30273438 -0.00976562
v 0.08007812 -0.11132812 -0.00976562
v 0.09570312 0.98242188 -0.00976562
v 0.09960938 0.96679688 -0.00976562
v 0.15039062 0.99023438 -0.00976562
v 0.17773438 -0.18945312 -0.00976562
v -0.69335938 0.17773438 -0.00585938
v -0.68164062 -0.06835938 -0.00585938
v -0.13867188 0.06054688 -0.00585938
v -0.08789062 0.29882812 -0.00585938
v 0.04492188 0.29882812 -0.00585938
v 0.07226562 0.03320312 -0.00585938
v 0.08789062 0.87304688 -0.00585938
v 0.09960938 0.06054688 -0.00585938
v 0.17773438 -0.36523438 -0.00585938
v 0.18945312 -0.33789062 -0.00585938
v 0.18945312 -0.22460938 -0.00585938
v 0.38085938 -0.99804688 -0.00585938
v 0.39257812 -0.92773438 -0.00585938
v 0.39648438 -0.99023438 -0.00585938
v 0.40039062 -0.96679688 -0.00585938
v -0.71289062 0.04882812 -0.00195312
v -0.70898438 -0.03710938 -0.00195312
v -0.32617188 -0.84570312 -0.00195312
v -0.31054688 0.40429688 -0.00195312
v -0.29882812 0.21289062 -0.00195312
v -0.14257812 -0.08789062 -0.00195312
v -0.11132812 0.02539062 -0.00195312
v -0.07226562 0.81054688 -0.00195312
v 0.05273438 0.95507812 -0.00195312
v 0.05664062 0.79492188 -0.00195312
v 0.08789062 0.83398438 -0.00195312
v 0.19726562 -0.30273438 -0.00195312
v 0.19726562 -0.25585938 -0.00195312
v 0.36132812 -0.99804688 -0.00195312
v -0.71289062 0.07617188 0.00195312
v -0.31835938 0.27539062 0.00195312
v -0.28320312 -0.36914062 0.00195312
v -0.22851562 -0.13085938 0.00195312
v -0.16601562 -0.06054688 0.00195312
v -0.14648438 0.30273438 0.00195312
v -0.11132812 0.84960938 0.00195312
v -0.09570312 0.81054688 0.00195312
v -0.01757812 -0.00585938 0.00195312
v 0.02148438 0.79882812 0.00195312
v 0.04101562 0.97460938 0.00195312
v 0.09960938 0.30273438 0.00195312
v 0.15039062 0.95898438 0.00195312
v 0.19726562 -0.27539062 0.00195312
v 0.27148438 -0.40429688 0.00195312
v -0.68554688 0.19726562 0.00585938
v -0.67382812 0.09179688 0.00585938
v -0.27539062 0.15820312 0.00585938
v -0.00585938 0.92773438 0.00585938
v 0.06054688 0.87695312 0.00585938
v 0.09570312 0.99804688 0.00585938
v 0.15429688 0.98632812 0.00585938
v 0.29492188 -0.43945312 0.00585938
v -0.69726562 -0.05664062 0.00976562
v -0.69726562 -0.00976562 0.00976562
v -0.66601562 0.14257812 0.00976562
v -0.35351562 -0.83398438 0.00976562
v -0.29492188 -0.38085938 0.00976562
v -0.27148438 -0.99804688 0.00976562
v -0.25195312 0.09570312 0.00976562
v -0.22070312 -0.99804688 0.00976562
v -0.19726562 -0.01757812 0.00976562
v -0.15820312 -0.10351562 0.00976562
v -0.10742188 0.70507812 0.00976562
v -0.00195312 -0.10351562 0.00976562
v 0.03710938 0.83789062 0.00976562
v 0.07226562 0.70507812 0.00976562
v 0.08398438 0.88476562 0.00976562
v 0.09960938 0.96289062 0.00976562
v 0.11132812 -0.13085938 0.00976562
v 0.15429688 0.97070312 0.00976562
v 0.20117188 -0.37695312 0.00976562
v 0.31835938 -0.47460938 0.00976562
v -0.68554688 0.16601562 0.01367188
v -0.67773438 -0.06054688 0.01367188
v -0.66210938 0.20507812 0.01367188
v -0.64648438 0.15429688 0.01367188
v -0.64257812 0.18945312 0.01367188
v -0.36914062 -0.87695312 0.01367188
v -0.25976562 -0.16210938 0.01367188
v -0.22851562 0.03710938 0.01367188
v -0.20898438 0.29492188 0.01367188
v -0.17773438 -0.99804688 0.01367188
v -0.15429688 0.84179688 0.01367188
v 0.05664062 0.95117188 0.01367188
v 0.08398438 0.83007812 0.01367188
v 0.13867188 0.87304688 0.01367188
v 0.17382812 0.29492188 0.01367188
v 0.33007812 -0.82617188 0.01367188
v -0.70117188 0.03320312 0.01757812
v -0.37304688 -0.82226562 0.01757812
v -0.35351562 -0.43945312 0.01757812
v -0.32617188 0.33007812 0.01757812
v -0.32226562 -0.99804688 0.01757812
v -0.32226562 -0.40039062 0.01757812
v -0.24804688 0.44726562 0.01757812
v -0.21679688 0.47851562 0.01757812
v -0.20898438 0.54492188 0.01757812
v -0.19726562 0.24804688 0.01757812
v -0.19726562 0.60742188 0.01757812
v -0.17773438 0.65039062 0.01757812
v -0.10351562 0.84960938 0.01757812
v 0.01367188 -0.00195312 0.01757812
v 0.03710938 0.98632812 0.01757812
v 0.04882812 0.82617188 0.01757812
v 0.14257812 0.65039062 0.01757812
v 0.16601562 0.60742188 0.01757812
v 0.16992188 0.24804688 0.01757812
v 0.18945312 0.54492188 0.01757812
v 0.19726562 0.47851562 0.01757812
v 0.22460938 0.43945312 0.01757812
v 0.29492188 0.36914062 0.01757812
v 0.32226562 -0.99804688 0.01757812
v 0.33789062 -0.52148438 0.01757812
v -0.70117188 0.08789062 0.02148438
v -0.69335938 -0.03710938 0.02148438
v -0.36914062 -0.99804688 0.02148438
v -0.18164062 0.18554688 0.02148438
v -0.15039062 -0.99804688 0.02148438
v -0.14257812 -0.90039062 0.02148438
v -0.02929688 0.86132812 0.02148438
v 0.09960938 0.99414062 0.02148438
v 0.11132812 0.68164062 0.02148438
v 0.15820312 0.18554688 0.02148438
v 0.23632812 -0.39257812 0.02148438
v 0.25976562 0.15820312 0.02148438
v 0.27929688 -0.99804688 0.02148438
v 0.28320312 0.22070312 0.02148438
v 0.34570312 -0.80273438 0.02148438
v 0.35742188 -0.58398438 0.02148438
v 0.37695312 -0.88476562 0.02148438
v -0.71289062 0.06054688 0.02539062
v -0.66992188 0.07226562 0.02539062
v -0.66601562 0.17773438 0.02539062
v -0.41210938 -0.99023438 0.02539062
v -0.41210938 -0.96679688 0.02539062
v -0.39648438 -0.99804688 0.02539062
v -0.39257812 -0.79882812 0.02539062
v -0.37304688 -0.47070312 0.02539062
v -0.28710938 0.42382812 0.02539062
v -0.28320312 -0.19726562 0.02539062
v -0.16601562 0.11523438 0.02539062
v -0.14648438 0.68164062 0.02539062
v -0.13867188 -0.93164062 0.02539062
v -0.13476562 -0.99023438 0.02539062
v -0.12304688 -0.08398438 0.02539062
v -0.09179688 -0.00585938 0.02539062
v 0.09960938 0.97851562 0.02539062
v 0.13085938 0.11523438 0.02539062
v 0.13867188 -0.15820312 0.02539062
v 0.17382812 0.32226562 0.02539062
v 0.22460938 0.08007812 0.02539062
v 0.29882812 0.27929688 0.02539062
v 0.35742188 -0.76757812 0.02539062
v 0.36914062 -0.65039062 0.02539062
v -0.38867188 -0.52148438 0.02929688
v -0.31835938 0.38085938 0.02929688
v -0.14257812 0.04882812 0.02929688
v -0.13085938 -0.96679688 0.02929688
v -0.12304688 -0.90039062 0.02929688
v -0.10351562 0.83398438 0.02929688
v -0.05273438 -0.01757812 0.02929688
v 0.05273438 0.00585938 0.02929688
v 0.05273438 0.70507812 0.02929688
v 0.05273438 0.96289062 0.02929688
v 0.07617188 0.87304688 0.02929688
v 0.10351562 0.05273438 0.02929688
v 0.11523438 -0.08789062 0.02929688
v 0.13476562 0.88085938 0.02929688
v 0.15820312 0.31054688 0.02929688
v 0.16601562 -0.01757812 0.02929688
v 0.29882812 0.33007812 0.02929688
v 0.36523438 -0.71679688 0.02929688
v -0.40820312 -0.76757812 0.03320312
v -0.40429688 -0.58398438 0.03320312
v -0.29101562 -0.31054688 0.03320312
v -0.29101562 -0.24023438 0.03320312
v -0.28710938 -0.33789062 0.03320312
v -0.27539062 -0.36132812 0.03320312
v -0.19726562 0.31054688 0.03320312
v -0.19726562 0.82617188 0.03320312
v -0.15429688 -0.04492188 0.03320312
v -0.14648438 0.86132812 0.03320312
v -0.08789062 -0.90429688 0.03320312
v -0.08398438 0.70507812 0.03320312
v -0.08007812 0.26757812 0.03320312
v -0.02148438 0.26757812 0.03320312
v 0.04101562 0.97851562 0.03320312
v 0.05664062 -0.90039062 0.03320312
v 0.09179688 -0.90039062 0.03320312
v 0.15820312 -0.18945312 0.03320312
v 0.22851562 -0.99804688 0.03320312
v 0.26757812 0.40039062 0.03320312
v -0.69726562 0.04882812 0.03710938
v -0.69335938 0.06835938 0.03710938
v -0.41210938 -0.71679688 0.03710938
v -0.41210938 -0.65039062 0.03710938
v -0.29492188 -0.27539062 0.03710938
v -0.04101562 -0.90820312 0.03710938
v 0.00976562 -0.90820312 0.03710938
v 0.03710938 0.26757812 0.03710938
v 0.13085938 -0.99804688 0.03710938
v 0.16992188 -0.22460938 0.03710938
v 0.16992188 0.86523438 0.03710938
v -0.28710938 0.22070312 0.04101562
v -0.20898438 -0.13085938 0.04101562
v -0.20117188 0.84179688 0.04101562
v -0.18945312 -0.00195312 0.04101562
v -0.18945312 0.81054688 0.04101562
v -0.13476562 -0.10351562 0.04101562
v -0.13476562 0.27148438 0.04101562
v -0.05664062 0.70507812 0.04101562
v 0.02929688 0.70507812 0.04101562
v 0.09570312 -0.92773438 0.04101562
v 0.10351562 -0.99804688 0.04101562
v 0.16210938 -0.36523438 0.04101562
v 0.16992188 -0.33789062 0.04101562
v 0.17382812 -0.30273438 0.04101562
v 0.17382812 -0.25976562 0.04101562
v 0.17773438 -0.99804688 0.04101562
v 0.28710938 -0.84570312 0.04101562
v -0.30664062 0.27929688 0.04492188
v -0.26367188 0.16601562 0.04492188
v 0.08789062 -0.96679688 0.04492188
v 0.08789062 0.27148438 0.04492188
v 0.09179688 -0.99023438 0.04492188
v 0.12695312 0.29882812 0.04492188
v 0.26757812 -0.41992188 0.04492188
v 0.36132812 -0.99804688 0.04492188
v -0.31835938 0.33007812 0.04882812
v -0.31835938 0.36132812 0.04882812
v -0.25585938 -0.36914062 0.04882812
v -0.24023438 0.10351562 0.04882812
v -0.24023438 0.41992188 0.04882812
v -0.22070312 0.32226562 0.04882812
v -0.21679688 0.04492188 0.04882812
v -0.20507812 0.54492188 0.04882812
v -0.19726562 0.60742188 0.04882812
v -0.14257812 0.85742188 0.04882812
v -0.11523438 -0.00195312 0.04882812
v -0.02929688 0.70507812 0.04882812
v -0.00195312 -0.02148438 0.04882812
v 0.00195312 0.70507812 0.04882812
v 0.08789062 -0.13085938 0.04882812
v 0.13085938 0.87304688 0.04882812
v 0.16210938 0.60351562 0.04882812
v 0.17382812 0.53710938 0.04882812
v 0.18945312 0.41992188 0.04882812
v -0.33789062 -0.43164062 0.05273438
v -0.29492188 0.40039062 0.05273438
v -0.24023438 -0.15820312 0.05273438
v -0.21289062 0.29882812 0.05273438
v -0.20117188 0.24804688 0.05273438
v -0.19335938 0.45507812 0.05273438
v -0.18554688 0.18554688 0.05273438
v -0.17773438 0.27929688 0.05273438
v -0.17382812 0.64648438 0.05273438
v 0.13867188 0.64648438 0.05273438
v 0.16210938 0.18554688 0.05273438
v 0.16601562 0.46289062 0.05273438
v 0.17382812 0.24804688 0.05273438
v 0.17773438 0.29882812 0.05273438
v 0.27539062 0.37304688 0.05273438
v 0.38085938 -0.99804688 0.05273438
v -0.33398438 -0.83007812 0.05664062
v -0.26367188 -0.37695312 0.05664062
v -0.20117188 -0.99804688 0.05664062
v -0.17382812 0.11523438 0.05664062
v -0.15429688 0.02929688 0.05664062
v -0.13867188 0.84179688 0.05664062
v 0.04492188 -0.01757812 0.05664062
v 0.14257812 0.11523438 0.05664062
v 0.17773438 0.32226562 0.05664062
v 0.28320312 0.28710938 0.05664062
v 0.38867188 -0.92773438 0.05664062
v 0.39257812 -0.99023438 0.05664062
v 0.39648438 -0.96679688 0.05664062
v -0.25585938 -0.19335938 0.06054688
v -0.24804688 -0.99804688 0.06054688
v -0.24023438 0.81445312 0.06054688
v -0.23242188 0.79882812 0.06054688
v -0.18164062 0.80664062 0.06054688
v -0.13867188 -0.00195312 0.06054688
v -0.12304688 -0.01367188 0.06054688
v 0.02929688 -0.11132812 0.06054688
v 0.08398438 0.00585938 0.06054688
v 0.11523438 0.04882812 0.06054688
v 0.16992188 0.30273438 0.06054688
v 0.18945312 -0.37695312 0.06054688
v 0.22460938 0.38867188 0.06054688
v 0.25976562 0.23242188 0.06054688
v 0.29101562 -0.99804688 0.06054688
v 0.29882812 -0.83007812 0.06054688
v -0.25585938 -0.36132812 0.06445312
v -0.21289062 0.38867188 0.06445312
v -0.18164062 0.54882812 0.06445312
v -0.17382812 -0.89257812 0.06445312
v -0.14648438 0.66601562 0.06445312
v 0.11523438 -0.16210938 0.06445312
v 0.13867188 0.40429688 0.06445312
v 0.20507812 0.09179688 0.06445312
v 0.23632812 0.16992188 0.06445312
v 0.27539062 0.34179688 0.06445312
v 0.29492188 -0.46679688 0.06445312
v 0.32617188 -0.83398438 0.06445312
v 0.36132812 -0.88085938 0.06445312
v -0.30664062 -0.99804688 0.06835938
v -0.29882812 0.37304688 0.06835938
v -0.26367188 0.22851562 0.06835938
v -0.26367188 0.39257812 0.06835938
v -0.24414062 0.16992188 0.06835938
v -0.22460938 0.11132812 0.06835938
v -0.20117188 0.05273438 0.06835938
v -0.19335938 0.86132812 0.06835938
v -0.08789062 -0.03320312 0.06835938
v 0.13476562 -0.18945312 0.06835938
v 0.14648438 0.53710938 0.06835938
v 0.15429688 -0.00195312 0.06835938
v 0.17773438 0.54882812 0.06835938
v -0.35742188 -0.99804688 0.07226562
v -0.35351562 -0.47070312 0.07226562
v -0.28320312 0.28320312 0.07226562
v -0.26367188 -0.23242188 0.07226562
v -0.25976562 -0.33789062 0.07226562
v -0.24023438 0.83007812 0.07226562
v -0.20898438 0.55273438 0.07226562
v -0.20507812 0.79492188 0.07226562
v -0.18164062 0.06054688 0.07226562
v -0.17773438 -0.99804688 0.07226562
v -0.16601562 -0.88867188 0.07226562
v -0.15820312 0.39648438 0.07226562
v -0.10351562 0.68164062 0.07226562
v -0.05273438 -0.05273438 0.07226562
v -0.00976562 -0.05664062 0.07226562
v 0.09960938 0.66992188 0.07226562
v 0.13867188 -0.36523438 0.07226562
v 0.14257812 -0.22460938 0.07226562
v 0.18164062 0.18164062 0.07226562
v 0.19335938 0.24804688 0.07226562
v 0.19335938 0.29882812 0.07226562
v 0.22460938 0.34179688 0.07226562
v 0.25976562 0.29882812 0.07226562
v 0.26757812 -0.84570312 0.07226562
v 0.33007812 -0.99804688 0.07226562
v -0.35351562 -0.81835938 0.07617188
v -0.29101562 0.33398438 0.07617188
v -0.27929688 -0.39648438 0.07617188
v -0.27148438 -0.84960938 0.07617188
v -0.26367188 -0.30664062 0.07617188
v -0.26367188 -0.27148438 0.07617188
v -0.22851562 0.29882812 0.07617188
v -0.21679688 0.24414062 0.07617188
v -0.20117188 0.18164062 0.07617188
v -0.20117188 0.60742188 0.07617188
v -0.18554688 0.11914062 0.07617188
v -0.18554688 0.81054688 0.07617188
v -0.16992188 -0.92773438 0.07617188
v 0.04492188 -0.04882812 0.07617188
v 0.04882812 -0.10742188 0.07617188
v 0.06445312 -0.13085938 0.07617188
v 0.09570312 -0.01757812 0.07617188
v 0.10742188 -0.07226562 0.07617188
v 0.13085938 0.04101562 0.07617188
v 0.14257812 -0.33789062 0.07617188
v 0.14648438 -0.30273438 0.07617188
v 0.14648438 -0.25976562 0.07617188
v 0.16210938 0.11132812 0.07617188
v 0.16601562 0.60351562 0.07617188
v 0.17382812 0.37304688 0.07617188
v 0.19726562 0.34960938 0.07617188
v 0.20898438 -0.39257812 0.07617188
v 0.31445312 -0.81445312 0.07617188
v -0.38476562 -0.99804688 0.08007812
v -0.25195312 0.36523438 0.08007812
v -0.23632812 0.24023438 0.08007812
v -0.22070312 -0.36914062 0.08007812
v -0.22070312 0.17773438 0.08007812
v -0.21679688 -0.15820312 0.08007812
v -0.20507812 0.11914062 0.08007812
v -0.17382812 0.64648438 0.08007812
v -0.16601562 -0.99023438 0.08007812
v -0.15820312 0.53320312 0.08007812
v -0.14257812 0.59179688 0.08007812
v -0.13085938 0.24023438 0.08007812
v -0.07617188 0.23632812 0.08007812
v -0.02148438 0.23632812 0.08007812
v 0.13867188 0.64648438 0.08007812
v 0.14257812 -0.36914062 0.08007812
v 0.18554688 0.10351562 0.08007812
v 0.20898438 0.17773438 0.08007812
v 0.22460938 0.24414062 0.08007812
v 0.22460938 0.29882812 0.08007812
v 0.31445312 -0.52148438 0.08007812
v -0.26757812 0.79882812 0.08398438
v -0.25976562 0.78320312 0.08398438
v -0.25195312 0.29492188 0.08398438
v -0.23632812 0.34179688 0.08398438
v -0.19335938 0.56054688 0.08398438
v -0.18164062 -0.13085938 0.08398438
v -0.18164062 0.84960938 0.08398438
v -0.17773438 0.83007812 0.08398438
v -0.16992188 0.59570312 0.08398438
v -0.16210938 -0.96679688 0.08398438
v -0.11523438 0.59179688 0.08398438
v 0.02539062 0.67773438 0.08398438
v 0.02929688 0.23632812 0.08398438
v 0.09570312 0.58789062 0.08398438
v 0.14257812 0.29101562 0.08398438
v 0.14648438 0.01757812 0.08398438
v 0.15820312 0.55273438 0.08398438
v 0.24414062 -0.99804688 0.08398438
v -0.39648438 -0.99023438 0.08789062
v -0.36914062 -0.79882812 0.08789062
v -0.36914062 -0.52148438 0.08789062
v -0.23242188 0.30273438 0.08789062
v -0.23242188 0.30664062 0.08789062
v -0.18554688 0.61132812 0.08789062
v -0.17773438 0.24804688 0.08789062
v -0.13867188 -0.88867188 0.08789062
v -0.01367188 -0.10742188 0.08789062
v 0.08007812 0.24804688 0.08789062
v 0.09960938 -0.88867188 0.08789062
v 0.10351562 0.53710938 0.08789062
v 0.11914062 -0.89257812 0.08789062
v 0.12695312 0.50976562 0.08789062
v 0.13085938 0.59179688 0.08789062
v 0.13867188 0.46679688 0.08789062
v 0.14257812 -0.99804688 0.08789062
v 0.19726562 0.31054688 0.08789062
v 0.32617188 -0.79492188 0.08789062
v -0.24414062 0.77539062 0.09179688
v -0.22851562 -0.99804688 0.09179688
v -0.22070312 -0.37695312 0.09179688
v -0.21679688 -0.87695312 0.09179688
v -0.21679688 0.35742188 0.09179688
v -0.20117188 0.80273438 0.09179688
v -0.18164062 0.46289062 0.09179688
v -0.14648438 0.65820312 0.09179688
v 0.03320312 -0.13085938 0.09179688
v 0.10742188 0.39648438 0.09179688
v 0.12695312 0.42382812 0.09179688
v 0.15039062 0.60351562 0.09179688
v 0.31835938 -0.85742188 0.09179688
v 0.33007812 -0.58398438 0.09179688
v -0.33789062 -0.99804688 0.09570312
v -0.22460938 -0.18945312 0.09570312
v -0.16601562 0.41992188 0.09570312
v -0.14648438 0.61914062 0.09570312
v -0.14648438 0.65429688 0.09570312
v -0.11523438 0.38476562 0.09570312
v -0.09179688 -0.89257812 0.09570312
v -0.07617188 0.56054688 0.09570312
v -0.04492188 -0.10351562 0.09570312
v -0.00976562 -0.09960938 0.09570312
v 0.04492188 -0.08789062 0.09570312
v 0.06054688 -0.88867188 0.09570312
v 0.06835938 0.54882812 0.09570312
v 0.08007812 -0.16210938 0.09570312
v 0.09960938 -0.05273438 0.09570312
v 0.11523438 0.27148438 0.09570312
v 0.11914062 -0.36523438 0.09570312
v 0.12304688 -0.99804688 0.09570312
v 0.12304688 0.64257812 0.09570312
v 0.15429688 -0.37695312 0.09570312
v 0.19335938 -0.99804688 0.09570312
v 0.24414062 -0.84960938 0.09570312
v 0.28710938 -0.84960938 0.09570312
v 0.33398438 -0.76757812 0.09570312
v 0.33789062 -0.65039062 0.09570312
v 0.34960938 -0.99804688 0.09570312
v -0.38085938 -0.76757812 0.09960938
v -0.38085938 -0.58398438 0.09960938
v -0.29882812 -0.83789062 0.09960938
v -0.29882812 -0.42382812 0.09960938
v -0.26367188 0.81445312 0.09960938
v -0.24804688 -0.85351562 0.09960938
v -0.23632812 0.83398438 0.09960938
v -0.22070312 -0.36132812 0.09960938
v -0.21289062 0.25976562 0.09960938
v -0.18164062 0.36914062 0.09960938
v -0.17773438 0.50585938 0.09960938
v -0.11523438 0.61914062 0.09960938
v -0.04101562 -0.89648438 0.09960938
v -0.02148438 0.64648438 0.09960938
v 0.01367188 -0.89257812 0.09960938
v 0.01757812 0.64648438 0.09960938
v 0.02539062 0.59179688 0.09960938
v 0.04101562 0.55273438 0.09960938
v 0.08789062 0.65039062 0.09960938
v 0.11523438 0.61914062 0.09960938
v 0.11914062 -0.92773438 0.09960938
v 0.11914062 -0.34179688 0.09960938
v 0.23632812 -0.42382812 0.09960938
v 0.33789062 -0.71679688 0.09960938
v -0.38867188 -0.71679688 0.10351562
v -0.38867188 -0.65039062 0.10351562
v -0.31835938 -0.88476562 0.10351562
v -0.26757812 -0.99804688 0.10351562
v -0.22460938 -0.22851562 0.10351562
v -0.13867188 0.39648438 0.10351562
v -0.11523438 0.61914062 0.10351562
v -0.04492188 -0.09570312 0.10351562
v -0.02539062 0.59179688 0.10351562
v -0.02148438 0.59179688 0.10351562
v 0.01757812 0.54882812 0.10351562
v 0.08007812 0.38867188 0.10351562
v 0.11132812 -0.99023438 0.10351562
v 0.11132812 -0.96679688 0.10351562
v 0.11523438 -0.30273438 0.10351562
v 0.11523438 -0.22460938 0.10351562
v 0.12695312 -0.36914062 0.10351562
v 0.12695312 0.38085938 0.10351562
v 0.30273438 -0.99804688 0.10351562
v 0.34179688 -0.88476562 0.10351562
v 0.36523438 -0.99804688 0.10351562
v -0.34960938 -0.99804688 0.10742188
v -0.26757812 -0.88476562 0.10742188
v -0.22460938 -0.33789062 0.10742188
v -0.21679688 -0.99804688 0.10742188
v -0.18164062 -0.36914062 0.10742188
v -0.13476562 0.54882812 0.10742188
v -0.08789062 0.65039062 0.10742188
v -0.02148438 0.61914062 0.10742188
v -0.00976562 -0.13085938 0.10742188
v 0.01757812 0.61914062 0.10742188
v 0.08789062 0.61914062 0.10742188
v 0.17382812 0.26367188 0.10742188
v 0.21289062 -0.85351562 0.10742188
v 0.26367188 -0.83789062 0.10742188
v -0.31445312 -0.99804688 0.11132812
v -0.27539062 0.79101562 0.11132812
v -0.22460938 -0.30273438 0.11132812
v -0.22460938 -0.26757812 0.11132812
v -0.22460938 0.82226562 0.11132812
v -0.13476562 -0.12304688 0.11132812
v -0.11132812 0.39257812 0.11132812
v -0.10351562 0.55664062 0.11132812
v -0.08398438 0.39257812 0.11132812
v -0.07226562 0.54492188 0.11132812
v -0.04101562 0.52148438 0.11132812
v -0.03320312 0.46289062 0.11132812
v -0.02929688 0.49023438 0.11132812
v -0.02148438 0.55273438 0.11132812
v 0.00585938 0.49023438 0.11132812
v 0.00976562 0.46289062 0.11132812
v 0.01757812 0.43554688 0.11132812
v 0.07226562 0.39648438 0.11132812
v 0.10742188 0.52929688 0.11132812
v 0.12304688 0.51367188 0.11132812
v 0.36523438 -0.92773438 0.11132812
v -0.26367188 0.77148438 0.11523438
v -0.23242188 -0.39257812 0.11523438
v -0.21289062 -0.92773438 0.11523438
v -0.17773438 -0.37304688 0.11523438
v -0.17773438 0.49414062 0.11523438
v -0.16210938 0.52929688 0.11523438
v -0.08398438 0.61914062 0.11523438
v 0.01367188 0.52148438 0.11523438
v 0.03320312 0.40039062 0.11523438
v 0.03710938 -0.16601562 0.11523438
v 0.04101562 0.54101562 0.11523438
v 0.07617188 -0.19726562 0.11523438
v 0.07617188 0.54101562 0.11523438
v 0.13085938 0.49414062 0.11523438
v 0.37695312 -0.99023438 0.11523438
v 0.37695312 -0.96679688 0.11523438
v -0.36132812 -0.99414062 0.11914062
v -0.24023438 0.77929688 0.11914062
v -0.18164062 -0.17773438 0.11914062
v -0.13476562 0.37695312 0.11914062
v -0.07617188 0.38867188 0.11914062
v -0.05664062 0.39648438 0.11914062
v -0.04882812 -0.12695312 0.11914062
v -0.03710938 0.49023438 0.11914062
v 0.07226562 -0.36132812 0.11914062
v 0.07226562 -0.34570312 0.11914062
v 0.09179688 -0.26367188 0.11914062
v 0.09960938 0.41210938 0.11914062
v 0.11914062 0.43164062 0.11914062
v 0.13085938 0.46679688 0.11914062
v 0.16601562 -0.99804688 0.11914062
v 0.17382812 -0.39648438 0.11914062
v 0.17773438 -0.86523438 0.11914062
v -0.31835938 -0.82617188 0.12304688
v -0.31835938 -0.46679688 0.12304688
v -0.26367188 0.80664062 0.12304688
v -0.20898438 -0.99023438 0.12304688
v -0.20898438 -0.96679688 0.12304688
v -0.19726562 -0.86914062 0.12304688
v -0.17773438 0.46679688 0.12304688
v -0.16210938 0.43164062 0.12304688
v -0.13476562 -0.36914062 0.12304688
v -0.07617188 -0.36132812 0.12304688
v 0.00585938 -0.36132812 0.12304688
v 0.03320312 -0.34179688 0.12304688
v 0.03710938 0.42773438 0.12304688
v 0.04492188 -0.19726562 0.12304688
v 0.07226562 -0.30273438 0.12304688
v 0.07226562 -0.23242188 0.12304688
v 0.25976562 -0.46679688 0.12304688
v 0.31445312 -0.99804688 0.12304688
v -0.36914062 -0.96679688 0.12695312
v -0.36523438 -0.99023438 0.12695312
v -0.18164062 -0.36132812 0.12695312
v -0.14257812 0.41601562 0.12695312
v -0.13867188 0.53710938 0.12695312
v -0.09179688 -0.13085938 0.12695312
v -0.08789062 0.40820312 0.12695312
v -0.04882812 0.51367188 0.12695312
v -0.03320312 -0.36132812 0.12695312
v -0.02148438 0.46289062 0.12695312
v -0.01757812 0.52148438 0.12695312
v 0.00195312 0.46289062 0.12695312
v 0.01757812 0.49414062 0.12695312
v 0.02148438 0.51367188 0.12695312
v 0.03320312 -0.35742188 0.12695312
v 0.06835938 -0.26757812 0.12695312
v 0.07617188 -0.36914062 0.12695312
v 0.10742188 0.51757812 0.12695312
v 0.12695312 -0.38085938 0.12695312
v 0.13867188 -0.87695312 0.12695312
v 0.14648438 0.26757812 0.12695312
v 0.15429688 -0.89257812 0.12695312
v 0.25976562 -0.99804688 0.12695312
v 0.27539062 -0.82226562 0.12695312
v -0.31835938 -0.99804688 0.13085938
v -0.26757812 -0.99804688 0.13085938
v -0.26367188 0.78320312 0.13085938
v -0.18164062 -0.22070312 0.13085938
v -0.16210938 0.50976562 0.13085938
v -0.13867188 -0.16601562 0.13085938
v -0.11914062 0.41210938 0.13085938
v -0.10742188 0.54101562 0.13085938
v -0.08789062 -0.36523438 0.13085938
v -0.07226562 0.52929688 0.13085938
v -0.03320312 0.40820312 0.13085938
v -0.02148438 0.22070312 0.13085938
v -0.00976562 -0.15820312 0.13085938
v 0.02929688 0.22460938 0.13085938
v 0.03710938 -0.30273438 0.13085938
v 0.04492188 -0.23242188 0.13085938
v 0.04492188 0.52539062 0.13085938
v 0.06835938 0.41992188 0.13085938
v 0.07617188 0.52539062 0.13085938
v 0.11132812 0.50195312 0.13085938
v 0.20898438 -0.99804688 0.13085938
v 0.31054688 -0.88476562 0.13085938
v -0.32226562 -0.92773438 0.13476562
v -0.26757812 -0.92773438 0.13476562
v -0.25976562 -0.84570312 0.13476562
v -0.24804688 0.79492188 0.13476562
v -0.18164062 -0.33789062 0.13476562
v -0.17773438 -0.25976562 0.13476562
v -0.13476562 -0.37695312 0.13476562
v -0.09960938 -0.16601562 0.13476562
v 0.01367188 -0.36914062 0.13476562
v 0.01757812 -0.32617188 0.13476562
v 0.04101562 -0.20117188 0.13476562
v 0.04882812 0.46289062 0.13476562
v 0.07617188 0.23632812 0.13476562
v 0.08398438 0.38085938 0.13476562
v 0.09960938 0.44335938 0.13476562
v 0.11523438 0.25195312 0.13476562
v 0.11523438 0.47460938 0.13476562
v 0.15429688 -0.99804688 0.13476562
v -0.23242188 0.29882812 0.13867188
v -0.16210938 0.48242188 0.13867188
v -0.14257812 0.44726562 0.13867188
v -0.13867188 -0.20117188 0.13867188
v -0.13867188 0.51757812 0.13867188
v -0.09960938 -0.19726562 0.13867188
v -0.09570312 0.45117188 0.13867188
v -0.08789062 -0.16992188 0.13867188
v 0.04882812 0.50585938 0.13867188
v 0.08007812 0.50585938 0.13867188
v 0.08789062 0.47460938 0.13867188
v 0.10742188 -0.87695312 0.13867188
v 0.17773438 0.33007812 0.13867188
v 0.22460938 -0.84179688 0.13867188
v 0.27929688 -0.52148438 0.13867188
v 0.32617188 -0.99804688 0.13867188
v -0.33007812 -0.80273438 0.14257812
v -0.33007812 -0.52148438 0.14257812
v -0.26367188 -0.99023438 0.14257812
v -0.20507812 0.22460938 0.14257812
v -0.18164062 -0.39257812 0.14257812
v -0.15039062 -0.87695312 0.14257812
v -0.13867188 -0.34570312 0.14257812
v -0.13867188 -0.23242188 0.14257812
v -0.10742188 0.52148438 0.14257812
v -0.09960938 -0.23242188 0.14257812
v -0.08789062 -0.33789062 0.14257812
v -0.07617188 0.49804688 0.14257812
v -0.03710938 -0.36914062 0.14257812
v 0.01757812 -0.36914062 0.14257812
v 0.04101562 -0.26757812 0.14257812
v 0.15820312 -0.92773438 0.14257812
v 0.20898438 -0.88476562 0.14257812
v 0.26367188 -0.88476562 0.14257812
v 0.28320312 -0.80664062 0.14257812
v 0.35351562 -0.97851562 0.14257812
v -0.32226562 -0.99023438 0.14648438
v -0.26367188 -0.96679688 0.14648438
v -0.24804688 -0.42382812 0.14648438
v -0.13867188 -0.26757812 0.14648438
v -0.13867188 0.49023438 0.14648438
v -0.10742188 0.49414062 0.14648438
v -0.09179688 0.37304688 0.14648438
v 0.02539062 -0.17382812 0.14648438
v 0.08007812 -0.38085938 0.14648438
v 0.15039062 -0.99023438 0.14648438
v 0.19726562 -0.42382812 0.14648438
v -0.32617188 -0.97070312 0.15039062
v -0.21679688 0.31835938 0.15039062
v -0.14648438 -0.30273438 0.15039062
v -0.10351562 -0.26757812 0.15039062
v -0.06054688 -0.16992188 0.15039062
v 0.04492188 0.38867188 0.15039062
v 0.13867188 -0.39648438 0.15039062
v 0.15429688 -0.96679688 0.15039062
v 0.16992188 0.23242188 0.15039062
v 0.28320312 -0.79882812 0.15039062
v 0.29492188 -0.58398438 0.15039062
v 0.32617188 -0.92773438 0.15039062
v -0.09570312 -0.88085938 0.15429688
v -0.09179688 -0.38085938 0.15429688
v -0.05664062 0.38867188 0.15429688
v 0.06445312 -0.87695312 0.15429688
v 0.20898438 -0.99804688 0.15429688
v 0.26757812 -0.99804688 0.15429688
v 0.29492188 -0.76757812 0.15429688
v 0.33398438 -0.99023438 0.15429688
v -0.34179688 -0.76757812 0.15820312
v -0.34179688 -0.58398438 0.15820312
v -0.06054688 -0.30664062 0.15820312
v -0.04101562 -0.88085938 0.15820312
v -0.02539062 0.39648438 0.15820312
v -0.01367188 -0.31054688 0.15820312
v -0.01367188 -0.16601562 0.15820312
v 0.00976562 0.39648438 0.15820312
v 0.01367188 -0.88085938 0.15820312
v 0.13476562 0.33789062 0.15820312
v 0.29882812 -0.71679688 0.15820312
v 0.29882812 -0.65039062 0.15820312
v 0.33398438 -0.96679688 0.15820312
v -0.27148438 -0.83398438 0.16210938
v -0.22460938 0.23632812 0.16210938
v -0.18164062 0.32617188 0.16210938
v -0.13476562 -0.39257812 0.16210938
v 0.02148438 -0.38085938 0.16210938
v 0.18945312 0.24414062 0.16210938
v 0.23242188 -0.83007812 0.16210938
v -0.34960938 -0.71679688 0.16601562
v -0.34960938 -0.65039062 0.16601562
v -0.20898438 -0.85742188 0.16601562
v -0.12304688 0.33789062 0.16601562
v -0.09179688 -0.22070312 0.16601562
v -0.03710938 -0.38085938 0.16601562
v 0.04492188 -0.22070312 0.16601562
v 0.14257812 0.24414062 0.16601562
v 0.17382812 -0.85351562 0.16601562
v 0.21289062 -0.92773438 0.16601562
v 0.27148438 -0.92773438 0.16601562
v -0.09960938 -0.26367188 0.16992188
v 0.08007812 0.35351562 0.16992188
v 0.11523438 -0.86523438 0.16992188
v 0.11523438 0.22851562 0.16992188
v 0.20898438 -0.99023438 0.16992188
v 0.21679688 -0.46679688 0.16992188
v 0.27148438 -0.99023438 0.16992188
v -0.26757812 -0.46679688 0.17382812
v 0.09179688 -0.40039062 0.17382812
v 0.20898438 -0.96679688 0.17382812
v 0.27539062 -0.96679688 0.17382812
v -0.19335938 -0.41992188 0.17773438
v 0.02148438 -0.18164062 0.17773438
v 0.07617188 0.21679688 0.17773438
v 0.15429688 -0.42773438 0.17773438
v 0.18945312 0.26757812 0.17773438
v -0.22460938 0.25976562 0.18164062
v -0.02148438 0.21679688 0.18164062
v 0.02929688 0.21679688 0.18164062
v 0.04492188 0.36914062 0.18164062
v 0.24023438 -0.81445312 0.18164062
v -0.27929688 -0.81445312 0.18554688
v -0.05273438 0.36914062 0.18554688
v 0.17382812 0.29101562 0.18554688
v -0.18554688 0.19335938 0.18945312
v -0.15820312 -0.86132812 0.18945312
v -0.07617188 -0.20117188 0.18945312
v -0.07617188 0.34570312 0.18945312
v -0.06835938 0.09179688 0.18945312
v -0.02148438 0.38085938 0.18945312
v -0.01367188 -0.17773438 0.18945312
v 0.00976562 0.37695312 0.18945312
v 0.02539062 -0.40039062 0.18945312
v 0.02539062 0.09179688 0.18945312
v 0.13867188 0.20898438 0.18945312
v 0.23242188 -0.52148438 0.18945312
v -0.27929688 -0.52148438 0.19335938
v -0.20898438 0.27929688 0.19335938
v -0.14257812 0.29882812 0.19335938
v -0.04492188 -0.18164062 0.19335938
v 0.02148438 -0.20117188 0.19335938
v 0.11132812 0.18945312 0.19335938
v 0.11914062 -0.86132812 0.19335938
v 0.18164062 -0.83789062 0.19335938
v -0.21679688 -0.84179688 0.19726562
v -0.13867188 -0.41992188 0.19726562
v -0.09179688 -0.40820312 0.19726562
v -0.08398438 -0.23242188 0.19726562
v -0.03710938 -0.40039062 0.19726562
v 0.00585938 -0.29101562 0.19726562
v 0.02539062 -0.26367188 0.19726562
v 0.24414062 -0.77929688 0.19726562
v -0.28320312 -0.79492188 0.20117188
v -0.08789062 0.31445312 0.20117188
v -0.08398438 -0.26757812 0.20117188
v 0.02539062 -0.23242188 0.20117188
v 0.07226562 0.17773438 0.20117188
v 0.07226562 0.33007812 0.20117188
v 0.10351562 0.30664062 0.20117188
v 0.10742188 -0.43164062 0.20117188
v 0.15429688 0.21679688 0.20117188
v 0.16992188 -0.46679688 0.20117188
v 0.24414062 -0.58398438 0.20117188
v -0.20117188 -0.46679688 0.20507812
v -0.20117188 0.20507812 0.20507812
v -0.14257812 0.17773438 0.20507812
v -0.09960938 -0.86523438 0.20507812
v -0.07226562 0.18164062 0.20507812
v 0.06445312 -0.86523438 0.20507812
v -0.28710938 -0.58398438 0.20898438
v -0.14648438 0.18164062 0.20898438
v -0.04492188 -0.86523438 0.20898438
v -0.02148438 0.17773438 0.20898438
v -0.01367188 -0.20117188 0.20898438
v 0.01367188 -0.86523438 0.20898438
v 0.25195312 -0.71679688 0.20898438
v 0.25195312 -0.65039062 0.20898438
v -0.28710938 -0.76757812 0.21289062
v -0.14648438 0.18164062 0.21289062
v -0.13476562 -0.45117188 0.21289062
v -0.09960938 0.28320312 0.21289062
v -0.07226562 0.18164062 0.21289062
v -0.05664062 -0.23242188 0.21289062
v -0.01757812 -0.26757812 0.21289062
v 0.02539062 0.08007812 0.21289062
v 0.04101562 0.34570312 0.21289062
v 0.11523438 -0.44726562 0.21289062
v 0.15039062 0.19726562 0.21289062
v 0.18554688 -0.81835938 0.21289062
v -0.22070312 -0.82226562 0.21679688
v -0.16210938 -0.84570312 0.21679688
v -0.16210938 -0.48242188 0.21679688
v -0.08789062 -0.43554688 0.21679688
v -0.02148438 0.36914062 0.21679688
v -0.01757812 -0.23242188 0.21679688
v 0.03320312 -0.42773438 0.21679688
v 0.12304688 -0.84570312 0.21679688
v 0.15820312 0.23632812 0.21679688
v 0.18554688 -0.52148438 0.21679688
v -0.29101562 -0.71679688 0.22070312
v -0.29101562 -0.65039062 0.22070312
v -0.20507812 0.22851562 0.22070312
v -0.16210938 0.17382812 0.22070312
v -0.05273438 0.36132812 0.22070312
v -0.03710938 -0.42773438 0.22070312
v -0.02148438 0.15429688 0.22070312
v 0.00976562 0.36132812 0.22070312
v 0.05273438 0.31445312 0.22070312
v 0.11132812 0.17382812 0.22070312
v -0.22070312 -0.52148438 0.22460938
v -0.17382812 0.25976562 0.22460938
v -0.11523438 -0.47460938 0.22460938
v -0.08398438 -0.45898438 0.22460938
v 0.07617188 0.16210938 0.22460938
v 0.12695312 -0.47460938 0.22460938
v 0.14257812 0.25976562 0.22460938
v 0.18945312 -0.79492188 0.22460938
v -0.19726562 0.24804688 0.22851562
v -0.17773438 -0.52148438 0.22851562
v -0.13867188 -0.49804688 0.22851562
v -0.13476562 0.24804688 0.22851562
v -0.07226562 0.28320312 0.22851562
v -0.07226562 0.33007812 0.22851562
v -0.04101562 -0.45507812 0.22851562
v 0.05664062 -0.44335938 0.22851562
v 0.00976562 -0.45507812 0.23242188
v 0.13085938 -0.82617188 0.23242188
v 0.15429688 0.22460938 0.23242188
v -0.22460938 -0.79882812 0.23632812
v -0.10351562 -0.84960938 0.23632812
v 0.06835938 -0.84960938 0.23632812
v 0.13085938 0.18164062 0.23632812
v 0.19335938 -0.76757812 0.23632812
v 0.19335938 -0.58398438 0.23632812
v -0.22460938 -0.58398438 0.24023438
v -0.17773438 0.18945312 0.24023438
v -0.16210938 -0.82617188 0.24023438
v -0.15039062 -0.52539062 0.24023438
v -0.08789062 0.24023438 0.24023438
v -0.04492188 -0.85351562 0.24023438
v 0.01367188 -0.84960938 0.24023438
v 0.04492188 0.29101562 0.24023438
v -0.17382812 -0.56445312 0.24414062
v -0.13867188 0.16601562 0.24414062
v -0.05273438 0.35742188 0.24414062
v -0.02148438 0.36523438 0.24414062
v 0.00976562 0.35742188 0.24414062
v 0.04101562 0.33007812 0.24414062
v 0.06445312 -0.47460938 0.24414062
v 0.13085938 -0.52148438 0.24414062
v 0.13867188 0.24414062 0.24414062
v 0.19726562 -0.71679688 0.24414062
v 0.19726562 -0.65039062 0.24414062
v -0.18164062 0.21289062 0.24804688
v -0.06054688 0.25195312 0.24804688
v 0.10742188 0.16992188 0.24804688
v 0.13476562 -0.80273438 0.24804688
v -0.22851562 -0.76757812 0.25195312
v -0.22851562 -0.65039062 0.25195312
v -0.17773438 0.23632812 0.25195312
v -0.15039062 -0.55664062 0.25195312
v -0.08398438 -0.45898438 0.25195312
v 0.00976562 -0.47851562 0.25195312
v 0.07226562 -0.83007812 0.25195312
v 0.13476562 0.20117188 0.25195312
v -0.22851562 -0.71679688 0.25585938
v -0.16601562 -0.80273438 0.25585938
v -0.11523438 -0.47070312 0.25585938
v -0.10351562 -0.83007812 0.25585938
v -0.05273438 0.26367188 0.25585938
v -0.04492188 -0.46289062 0.25585938
v -0.04492188 0.24804688 0.25585938
v 0.07226562 0.16210938 0.25585938
v 0.07226562 0.25585938 0.25585938
v -0.14257812 0.23632812 0.25976562
v -0.11132812 0.16210938 0.25976562
v -0.06835938 0.29101562 0.25976562
v 0.01367188 -0.83007812 0.25976562
v 0.03320312 0.27929688 0.25976562
v 0.07226562 -0.52148438 0.25976562
v 0.10351562 0.24414062 0.25976562
v 0.13476562 -0.58398438 0.25976562
v -0.15039062 0.18164062 0.26367188
v -0.12695312 -0.58398438 0.26367188
v -0.04492188 -0.83007812 0.26367188
v -0.02148438 -0.48632812 0.26367188
v 0.12695312 0.22460938 0.26367188
v 0.13476562 -0.76757812 0.26367188
v -0.13867188 -0.49023438 0.26757812
v -0.09960938 0.23632812 0.26757812
v -0.07226562 0.33398438 0.26757812
v -0.02148438 0.36914062 0.26757812
v 0.00976562 0.36132812 0.26757812
v 0.01367188 -0.52148438 0.26757812
v 0.03710938 0.15820312 0.26757812
v 0.07226562 -0.80273438 0.26757812
v 0.10742188 0.18554688 0.26757812
v -0.16601562 -0.76757812 0.27148438
v -0.16210938 -0.65429688 0.27148438
v -0.15039062 0.21289062 0.27148438
v -0.10351562 -0.80273438 0.27148438
v -0.09960938 -0.59960938 0.27148438
v -0.05273438 0.36132812 0.27148438
v -0.02148438 0.26367188 0.27148438
v 0.00976562 0.26367188 0.27148438
v 0.13867188 -0.71679688 0.27148438
v 0.13867188 -0.65039062 0.27148438
v -0.16992188 -0.71679688 0.27539062
v -0.16210938 -0.65039062 0.27539062
v -0.07226562 -0.59960938 0.27539062
v -0.06054688 0.24414062 0.27539062
v -0.04882812 0.15429688 0.27539062
v -0.04492188 -0.80273438 0.27539062
v 0.00195312 0.15429688 0.27539062
v 0.01367188 -0.80273438 0.27539062
v 0.06835938 0.24414062 0.27539062
v 0.07617188 -0.58398438 0.27539062
v -0.15039062 -0.51757812 0.27929688
v -0.11132812 0.18164062 0.27929688
v -0.10742188 0.21289062 0.27929688
v -0.02539062 0.15039062 0.27929688
v -0.02148438 0.24414062 0.27929688
v 0.02148438 -0.58398438 0.27929688
v 0.03320312 0.33007812 0.27929688
v 0.03710938 0.24414062 0.27929688
v 0.07226562 -0.76757812 0.27929688
v 0.07226562 0.18164062 0.27929688
v 0.09960938 0.21289062 0.27929688
v -0.12304688 -0.57617188 0.28320312
v -0.10742188 -0.65039062 0.28320312
v -0.10351562 -0.76757812 0.28320312
v -0.06835938 0.30664062 0.28320312
v 0.00976562 0.24414062 0.28320312
v 0.00976562 0.29101562 0.28320312
v 0.07617188 -0.65039062 0.28320312
v -0.10351562 -0.71679688 0.28710938
v -0.04492188 -0.76757812 0.28710938
v -0.02929688 0.28710938 0.28710938
v -0.02539062 0.37695312 0.28710938
v 0.00195312 0.37304688 0.28710938
v 0.01367188 -0.76757812 0.28710938
v 0.07226562 -0.71679688 0.28710938
v -0.08007812 -0.65039062 0.29101562
v -0.06054688 -0.61914062 0.29101562
v 0.01367188 -0.72460938 0.29101562
v 0.02148438 -0.61132812 0.29101562
v 0.04882812 -0.69335938 0.29101562
v 0.05273438 -0.65039062 0.29101562
v -0.09570312 -0.47070312 0.29492188
v -0.07617188 -0.69335938 0.29492188
v -0.07226562 0.18164062 0.29492188
v -0.06835938 0.21289062 0.29492188
v -0.06054688 -0.57617188 0.29492188
v -0.05273438 -0.47460938 0.29492188
v -0.04492188 -0.72460938 0.29492188
v 0.02929688 0.18164062 0.29492188
v -0.14648438 -0.54101562 0.29882812
v -0.02148438 0.18164062 0.29882812
v -0.02148438 0.21289062 0.29882812
v 0.03320312 0.21289062 0.29882812
v 0.04492188 -0.68554688 0.29882812
v 0.04492188 -0.65039062 0.29882812
v -0.13085938 -0.49804688 0.30273438
v -0.05664062 0.36523438 0.30273438
v -0.01367188 -0.71679688 0.30273438
v 0.02148438 -0.70898438 0.30273438
v 0.02148438 0.36132812 0.30273438
v -0.09570312 -0.57617188 0.30664062
v -0.07617188 -0.65039062 0.30664062
v -0.07226562 -0.68554688 0.30664062
v -0.07226562 0.34179688 0.30664062
v -0.04882812 -0.70898438 0.30664062
v -0.12304688 -0.56054688 0.31054688
v -0.06835938 0.31445312 0.31054688
v -0.02929688 0.38085938 0.31054688
v 0.00195312 0.37695312 0.31054688
v 0.04101562 -0.68945312 0.31054688
v 0.00976562 0.31054688 0.31445312
v -0.01757812 0.29882812 0.31835938
v -0.12304688 -0.51757812 0.32226562
v -0.06835938 -0.62695312 0.32226562
v -0.05664062 -0.53710938 0.32226562
v -0.05273438 -0.53320312 0.32226562
v -0.11523438 -0.54492188 0.32617188
v -0.09570312 -0.49804688 0.32617188
v -0.06835938 -0.49804688 0.32617188
v 0.02539062 -0.61914062 0.32617188
v -0.01367188 -0.71679688 0.33007812
v 0.02539062 -0.70117188 0.33007812
v -0.08398438 -0.54101562 0.33398438
v 0.04101562 -0.65429688 0.33398438
v -0.04882812 -0.70117188 0.33789062
v 0.02148438 0.36132812 0.33789062
v -0.06835938 -0.65039062 0.34179688
v -0.06835938 0.33789062 0.34179688
v -0.06445312 -0.67773438 0.34179688
v -0.02539062 0.38085938 0.34179688
v 0.00195312 0.37695312 0.34179688
v -0.05273438 0.36523438 0.34570312
v -0.04492188 0.30664062 0.34570312
v 0.02539062 0.33789062 0.34570312
v -0.01757812 0.29882812 0.34960938
v 0.00195312 -0.70117188 0.34960938
v 0.00976562 0.31054688 0.34960938
v 0.02148438 -0.63085938 0.34960938
v -0.00976562 -0.61523438 0.35351562
v -0.04882812 -0.62695312 0.35742188
v -0.02539062 -0.69726562 0.35742188
v 0.01367188 -0.67382812 0.36132812
v 0.00976562 -0.64648438 0.36523438
v -0.06054688 0.32617188 0.36914062
v -0.05273438 0.35742188 0.36914062
v -0.02929688 -0.66992188 0.36914062
v -0.01757812 -0.63867188 0.36914062
v 0.00585938 0.36523438 0.36914062
v -0.02539062 0.37304688 0.37304688
v 0.00976562 0.30664062 0.38085938
v 0.01757812 0.33398438 0.39257812
v -0.05273438 0.34960938 0.39648438
v 0.00585938 0.35742188 0.39648438
v -0.02539062 0.36523438 0.40429688
v -0.05273438 0.31445312 0.41601562
v -0.05273438 0.34179688 0.42382812
v 0.00195312 0.35351562 0.42382812
v -0.01757812 0.29492188 0.43945312
v -0.03710938 0.29882812 0.44335938
v 0.01367188 0.32617188 0.44335938
v -0.02929688 0.35742188 0.44726562
v 0.00195312 0.30273438 0.44726562
v -0.04492188 0.34179688 0.45117188
v -0.00976562 0.35351562 0.45507812
v -0.04492188 0.31835938 0.46289062
v 0.00195312 0.34179688 0.46289062
v -0.02148438 0.30273438 0.47460938
v -0.00195312 0.31835938 0.47851562
v -0.02148438 0.33789062 0.48242188
v -0.02148438 0.31835938 0.48632812
f 280 274 7
f 274 279 7
f 272 8 271
f 8 9 271
f 11 8 10
f 8 272 10
f 11 272 10
f 271 272 11
f 11 8 9
f 271 11 9
f 8 272 10
f 8 271 272
f 10 11 8
f 17 22 23
f 22 13 23
f 21 17 16
f 28 17 22
f 26 16 23
f 28 22 27
f 22 22 16
f 16 22 23
f 17 22 16
f 27 22 22
f 17 16 23
f 16 13 23
f 23 26 17
f 20 20 19
f 17 26 17
f 17 17 15
f 15 20 19
f 19 267 20
f 19 17 15
f 20 20 19
f 15 19 23
f 15 20 19
f 23 25 15
f 28 22 13
f 23 28 17
f 13 23 16
f 23 17 16
f 28 13 23
f 28 22 13
f 17 13 23
f 17 16 13
f 23 268 16
f 268 17 15
f 268 23 26
f 268 26 17
f 28 17 13
f 17 22 13
f 19 267 20
f 23 15 1
f 1 15 268
f 19 20 25
f 16 23 1
f 1 15 19
f 16 1 268
f 17 23 26
f 1 25 15
f 1 19 25
f 17 15 23
f 31 30 261
f 37 36 249
f 37 34 36
f 244 38 243
f 244 245 38
f 284 40 39
f 41 240 42
f 44 232 43
f 44 234 232
f 44 233 234
f 232 43 233
f 43 44 233
f 233 234 232
f 44 233 43
f 233 232 43
f 45 48 222
f 45 239 48
f 91 57 56
f 61 57 58
f 57 91 58
f 51 61 50
f 51 57 61
f 87 56 71
f 215 66 71
f 87 71 91
f 87 66 87
f 87 87 91
f 87 58 71
f 218 212 67
f 58 57 62
f 66 87 66
f 212 66 66
f 212 66 67
f 57 57 62
f 51 57 50
f 71 66 87
f 62 71 58
f 51 57 57
f 85 80 52
f 80 206 52
f 296 57 61
f 296 51 58
f 296 58 57
f 58 57 51
f 57 62 51
f 58 60 215
f 60 71 215
f 59 58 57
f 59 60 58
f 57 215 71
f 57 62 215
f 215 66 60
f 215 60 71
f 63 75 52
f 52 77 63
f 83 84 94
f 85 63 80
f 85 94 85
f 94 81 83
f 79 81 81
f 82 94 85
f 82 85 63
f 85 82 64
f 81 104 75
f 85 80 85
f 81 94 79
f 79 94 85
f 81 81 78
f 81 78 99
f 103 81 99
f 64 79 85
f 82 63 79
f 94 82 83
f 103 104 81
f 85 80 82
f 229 217 65
f 60 66 87
f 71 60 68
f 60 215 66
f 71 215 60
f 66 67 212
f 67 218 212
f 68 71 2
f 58 59 2
f 215 2 71
f 215 58 2
f 2 59 60
f 68 2 60
f 199 68 69
f 69 91 199
f 87 58 71
f 58 59 71
f 59 60 71
f 87 215 66
f 87 60 215
f 87 58 66
f 56 212 66
f 66 58 57
f 66 57 56
f 77 81 52
f 77 72 81
f 206 52 83
f 206 83 84
f 81 83 52
f 79 82 73
f 82 83 73
f 75 83 74
f 83 206 74
f 206 77 74
f 75 83 73
f 73 63 75
f 84 77 93
f 77 206 52
f 75 77 74
f 93 77 75
f 84 206 77
f 100 185 105
f 106 107 105
f 81 99 188
f 81 101 101
f 81 101 78
f 101 100 101
f 105 101 100
f 105 185 106
f 81 78 99
f 99 202 188
f 99 100 101
f 52 75 84
f 74 75 77
f 75 52 77
f 83 80 82
f 83 94 63
f 83 63 80
f 84 94 83
f 84 206 94
f 85 63 94
f 79 81 94
f 63 79 94
f 94 81 83
f 103 72 78
f 72 81 78
f 82 94 63
f 82 83 94
f 83 104 72
f 104 105 72
f 83 102 104
f 83 84 102
f 85 84 94
f 85 83 84
f 72 83 104
f 83 94 104
f 89 92 68
f 87 68 86
f 87 89 68
f 86 87 92
f 92 68 86
f 88 49 200
f 68 90 91
f 91 199 68
f 91 68 71
f 91 198 91
f 91 91 87
f 68 91 87
f 87 89 92
f 91 198 199
f 68 199 199
f 199 198 199
f 199 69 198
f 92 68 87
f 87 68 71
f 87 89 68
f 89 92 68
f 199 68 198
f 87 68 90
f 87 198 68
f 199 91 87
f 199 71 91
f 87 198 91
f 198 199 68
f 198 68 69
f 198 69 91
f 69 90 91
f 75 93 72
f 102 106 104
f 93 102 104
f 93 104 72
f 101 84 75
f 84 74 75
f 84 102 74
f 103 81 83
f 83 94 103
f 75 81 103
f 75 103 105
f 105 72 75
f 81 100 75
f 81 101 100
f 100 103 75
f 75 102 103
f 106 100 102
f 84 102 75
f 100 103 102
f 75 93 84
f 103 104 75
f 81 194 104
f 194 84 206
f 194 81 83
f 105 93 102
f 84 83 84
f 93 84 84
f 93 84 102
f 102 104 105
f 194 83 84
f 206 94 194
f 81 72 75
f 104 81 101
f 102 104 101
f 101 84 102
f 81 104 72
f 102 101 84
f 102 104 81
f 102 81 101
f 94 104 84
f 94 103 104
f 104 75 84
f 188 94 103
f 188 81 94
f 95 191 108
f 95 96 191
f 191 95 96
f 191 108 95
f 95 96 191
f 95 96 95
f 108 95 95
f 191 108 95
f 197 97 196
f 95 108 97
f 97 95 97
f 197 97 97
f 188 99 202
f 188 78 99
f 188 78 202
f 78 99 202
f 100 81 99
f 100 103 81
f 103 188 81
f 99 100 188
f 100 103 188
f 99 100 3
f 81 101 3
f 72 81 104
f 3 100 104
f 81 3 104
f 101 99 3
f 72 104 105
f 72 101 102
f 72 102 104
f 105 93 107
f 106 93 102
f 106 107 93
f 106 101 102
f 106 105 101
f 106 107 105
f 105 93 106
f 93 102 106
f 106 107 105
f 78 104 101
f 104 105 101
f 78 103 104
f 97 95 191
f 191 108 97
f 113 175 110
f 113 114 174
f 113 174 175
f 116 116 124
f 116 124 161
f 117 116 123
f 127 161 124
f 112 116 122
f 123 116 112
f 116 116 122
f 124 116 126
f 123 126 117
f 120 111 163
f 123 163 123
f 126 123 123
f 163 123 162
f 163 162 164
f 163 164 163
f 163 163 120
f 121 112 127
f 112 123 127
f 127 160 121
f 174 175 113
f 110 113 114
f 110 113 113
f 114 183 110
f 175 113 113
f 174 175 110
f 110 113 114
f 110 114 174
f 115 116 117
f 116 123 117
f 116 112 123
f 116 127 116
f 125 132 133
f 125 141 132
f 132 153 133
f 116 124 127
f 127 127 132
f 153 121 132
f 133 134 153
f 161 116 127
f 132 121 127
f 126 127 123
f 115 116 126
f 127 127 124
f 116 127 161
f 141 127 127
f 127 127 127
f 127 116 123
f 127 121 124
f 116 161 126
f 132 141 153
f 141 153 127
f 156 134 133
f 116 116 127
f 153 134 127
f 161 117 115
f 126 117 116
f 117 161 116
f 121 116 122
f 122 160 121
f 124 122 125
f 124 160 122
f 116 122 121
f 123 126 127
f 122 123 127
f 121 122 127
f 161 121 127
f 116 127 129
f 127 125 124
f 125 127 116
f 129 127 160
f 121 112 153
f 127 132 134
f 116 112 121
f 112 134 132
f 112 132 153
f 124 132 126
f 132 116 126
f 132 121 127
f 127 112 125
f 127 121 116
f 127 116 112
f 163 128 162
f 163 123 128
f 124 116 126
f 124 132 116
f 141 124 132
f 141 121 124
f 127 121 124
f 127 141 121
f 127 132 141
f 112 123 127
f 123 126 127
f 127 116 112
f 127 132 116
f 135 133 4
f 124 132 4
f 133 125 4
f 125 124 4
f 132 135 4
f 121 127 132
f 121 123 127
f 112 123 127
f 123 126 127
f 129 112 160
f 112 127 160
f 122 112 129
f 128 157 129
f 162 128 128
f 128 112 128
f 123 128 163
f 163 128 162
f 112 128 129
f 164 163 162
f 129 116 122
f 136 131 133
f 136 130 131
f 130 132 131
f 136 130 156
f 130 135 156
f 130 131 135
f 128 131 123
f 128 132 131
f 127 132 123
f 132 131 123
f 130 131 135
f 135 112 123
f 131 130 132
f 123 130 135
f 132 135 134
f 135 133 134
f 133 136 134
f 112 134 132
f 132 135 112
f 112 136 131
f 136 134 131
f 131 135 112
f 133 125 137
f 125 134 137
f 133 156 134
f 134 135 133
f 156 136 135
f 136 134 135
f 135 133 156
f 156 136 133
f 136 134 133
f 134 137 133
f 153 127 141
f 153 125 127
f 153 133 125
f 135 127 131
f 133 136 134
f 135 133 134
f 135 134 127
f 134 132 136
f 135 156 136
f 136 132 131
f 156 135 133
f 131 135 136
f 127 141 121
f 141 153 121
f 125 153 133
f 125 141 153
f 125 132 141
f 132 121 116
f 132 141 121
f 127 116 124
f 127 132 116
f 142 143 149
f 143 144 149
f 153 133 132
f 133 134 132
f 141 153 124
f 125 124 121
f 124 153 121
f 153 134 127
f 153 125 134
f 155 139 138
f 176 154 138
f 139 176 138
f 134 112 125
f 134 135 112
f 123 128 132
f 135 112 123
f 132 135 123
f 112 123 130
f 116 123 157
f 116 130 131
f 116 131 123
f 157 129 116
f 130 116 112
f 112 132 131
f 112 136 132
f 136 130 132
f 134 132 136
f 132 112 136
f 132 131 112
f 131 112 132
f 112 128 132
f 157 129 128
f 129 116 128
f 129 116 128
f 116 123 128
f 130 132 112
f 112 123 130
f 126 132 116
f 126 127 132
f 132 121 112
f 132 141 121
f 112 125 132
f 125 127 132
f 132 121 125
f 125 134 127
f 121 112 125
f 116 123 132
f 123 128 132
f 134 132 125
f 132 116 125
f 125 134 121
f 134 132 121
f 125 160 121
f 125 127 160
f 116 124 160
f 124 127 160
f 124 116 125
f 116 112 125
f 124 127 116
f 116 122 112
f 161 123 127
f 161 116 123
f 116 161 121
f 116 127 161
f 116 123 127
f 127 161 122
f 122 123 127
f 125 127 112
f 127 116 112
f 161 116 124
f 123 126 124
f 116 123 124
f 128 162 164
f 164 163 123
f 164 123 128
f 166 165 119
f 166 167 165
f 170 180 181
f 126 124 116
f 124 121 116
f 124 160 121
f 140 177 173
f 140 177 173
f 114 175 110
f 114 174 175
f 112 123 116
f 121 116 161
f 116 115 161
f 123 115 116
f 115 123 117
f 115 116 123
f 111 163 120
f 183 110 114
f 110 113 114
f 103 106 100
f 103 105 106
f 105 101 187
f 105 72 101
f 72 75 101
f 101 104 105
f 101 103 104
f 104 105 100
f 105 106 100
f 81 78 103
f 103 188 81
f 103 104 101
f 104 72 101
f 72 81 101
f 101 100 103
f 99 103 78
f 103 81 78
f 94 75 81
f 94 104 75
f 98 190 203
f 190 204 203
f 99 103 75
f 103 104 75
f 75 101 99
f 75 94 104
f 75 206 94
f 75 83 206
f 94 85 206
f 85 80 206
f 206 94 84
f 94 194 84
f 103 75 101
f 103 72 75
f 97 196 197
f 93 84 102
f 102 74 93
f 75 94 72
f 75 84 94
f 75 102 74
f 75 93 102
f 87 89 199
f 199 90 87
f 90 87 199
f 90 91 87
f 199 68 90
f 199 87 89
f 199 68 87
f 198 90 87
f 69 90 199
f 90 198 199
f 90 91 87
f 88 49 200
f 201 297 214
f 65 205 217
f 65 216 205
f 94 63 81
f 63 72 81
f 94 63 82
f 94 85 63
f 81 94 72
f 94 63 72
f 63 72 94
f 72 75 94
f 94 79 82
f 94 63 79
f 209 208 78
f 208 207 78
f 63 83 77
f 83 84 77
f 75 83 72
f 83 63 72
f 85 80 206
f 85 52 85
f 85 63 85
f 85 52 52
f 74 53 52
f 84 52 85
f 53 52 52
f 85 63 80
f 210 78 76
f 210 81 101
f 210 101 78
f 101 77 72
f 101 84 77
f 77 75 83
f 75 81 83
f 77 63 75
f 73 75 83
f 73 72 75
f 81 83 79
f 83 63 79
f 83 73 63
f 63 72 5
f 81 73 5
f 75 81 5
f 73 63 5
f 72 75 5
f 76 81 78
f 81 101 78
f 76 210 81
f 57 87 58
f 91 87 71
f 59 71 57
f 71 87 57
f 87 211 71
f 71 66 87
f 218 66 67
f 218 212 66
f 68 71 70
f 71 91 70
f 60 69 87
f 69 90 87
f 60 68 69
f 87 89 68
f 68 86 87
f 68 90 91
f 68 69 90
f 91 70 68
f 57 56 58
f 56 71 58
f 205 65 217
f 65 229 217
f 217 216 205
f 64 63 82
f 63 79 82
f 63 79 73
f 79 81 73
f 57 60 215
f 60 71 215
f 62 71 215
f 215 58 62
f 57 59 215
f 59 60 215
f 57 87 58
f 57 71 87
f 57 60 71
f 57 51 58
f 57 61 50
f 57 50 51
f 74 52 77
f 74 53 52
f 51 61 50
f 51 57 61
f 46 224 225
f 46 224 225
f 235 228 226
f 235 227 228
f 45 239 248
f 239 48 248
f 45 48 248
f 45 239 48
f 233 43 44
f 232 43 233
f 232 233 234
f 238 253 237
f 238 253 237
f 42 41 240
f 244 245 243
f 245 38 243
f 244 38 243
f 244 245 38
f 37 34 249
f 34 36 249
f 33 258 259
f 249 33 258
f 33 260 33
f 33 33 260
f 249 258 249
f 36 249 249
f 33 260 258
f 249 37 36
f 33 260 258
f 251 252 250
f 257 256 255
f 257 263 256
f 258 259 33
f 33 260 258
f 262 32 29
f 28 16 13
f 28 17 16
f 17 15 23
f 15 19 23
f 266 273 13
f 15 16 21
f 15 268 16
f 272 8 9
f 272 10 8
f 277 276 6
f 275 6 276
f 6 277 276
f 31 30 261
f 283 254 257
f 254 255 257
f 251 252 250
f 242 290 231
f 290 289 231
f 154 139 176
f 155 139 138
f 139 154 138
f 181 170 180
f 2541 2542 2543
f 2541 2543 2540
f 2542 2541 2539
f 2542 2538 2543
f 2540 2543 2538
f 2539 2537 2542
f 2538 2542 2536
f 2540 2535 2541
f 2537 2534 2542
f 2534 2536 2542
f 2539 2541 2533
f 2535 2533 2541
f 2538 2532 2540
f 2535 2540 2531
f 2531 2540 2532
f 2537 2539 2530
f 2534 2537 2530
f 2533 2530 2539
f 2536 2529 2538
f 2532 2538 2528
f 2529 2528 2538
f 2533 2535 6
f 2531 6 2535
f 2536 2534 2527
f 2530 2527 2534
f 2529 2536 2527
f 2532 278 2531
f 2528 278 2532
f 6 2531 278
f 277 6 278
f 2527 2530 2526
f 2528 2529 2525
f 2527 2525 2529
f 2530 2533 2524
f 6 2524 2533
f 2524 2526 2530
f 2524 6 2523
f 277 6 275
f 2523 6 275
f 277 6 276
f 278 2528 276
f 278 6 276
f 278 276 277
f 275 6 276
f 275 276 277
f 2526 2522 2527
f 2526 2524 2521
f 2521 2522 2526
f 2525 2527 2518
f 2522 2518 2527
f 2525 2517 2528
f 276 2528 2517
f 2518 2517 2525
f 2519 2516 2520
f 2516 2519 2515
f 2515 2519 2514
f 2519 2520 2513
f 2516 2512 2520
f 2512 2513 2520
f 2512 2516 2511
f 2523 2510 2524
f 2514 2509 2515
f 275 2508 2523
f 2510 2523 2508
f 2521 2524 2507
f 2507 2524 2510
f 276 2506 275
f 2517 2506 276
f 2508 275 2506
f 2518 2522 2505
f 2522 2521 2504
f 2505 2522 2503
f 2504 2503 2522
f 2517 2518 2501
f 2505 2501 2518
f 2513 2500 2519
f 2500 2502 2519
f 2507 2499 2521
f 2499 2504 2521
f 2514 2519 2498
f 2498 2519 2502
f 2515 2497 2516
f 2511 2516 2497
f 2509 2495 2515
f 2497 2515 2495
f 2509 2514 2494
f 2498 2494 2514
f 2495 2509 2494
f 2511 2493 2512
f 2497 2493 2511
f 2493 279 2512
f 2492 2491 2496
f 10 2492 2496
f 2513 2512 274
f 279 274 2512
f 2500 2513 2487
f 274 2487 2513
f 2491 2486 2496
f 2490 2496 2486
f 2508 2485 2510
f 2506 2485 2508
f 10 2496 11
f 2488 2489 11
f 2510 2484 2507
f 2484 2510 2485
f 2495 2483 2497
f 2503 2504 2482
f 2504 2499 2482
f 2503 2481 2505
f 2482 2481 2503
f 2506 2517 2480
f 2501 2480 2517
f 11 10 8
f 2494 2498 2478
f 2501 2505 2477
f 2480 2501 2477
f 2502 2476 2498
f 2478 2498 2476
f 2502 2500 2475
f 2487 2475 2500
f 2475 2476 2502
f 2490 2474 2496
f 2474 2490 2479
f 2499 2507 2473
f 2482 2499 2473
f 2494 2472 2495
f 2483 2495 2472
f 2478 2471 2494
f 2472 2494 2471
f 2481 2470 2505
f 2477 2505 2470
f 2486 2491 2469
f 2493 2497 2468
f 2483 2467 2497
f 2467 2483 2472
f 2468 2497 2467
f 2492 10 9
f 8 10 9
f 2486 2463 2490
f 2479 2490 2463
f 2469 2463 2486
f 2465 2462 2466
f 2464 2462 2465
f 2471 2478 2461
f 9 2460 2492
f 11 2496 2459
f 2474 2459 2496
f 2464 2465 2458
f 2458 2457 2464
f 2476 2456 2478
f 2461 2478 2456
f 2491 2492 2455
f 2469 2491 2455
f 2460 2455 2492
f 2467 2454 2468
f 2472 2453 2467
f 2454 2467 2453
f 279 2493 2452
f 2468 2452 2493
f 2454 2452 2468
f 2471 2451 2472
f 2451 2471 2461
f 2453 2472 2451
f 2487 274 2450
f 2475 2487 2450
f 2476 2475 2449
f 2456 2476 2449
f 2450 2449 2475
f 2451 2448 2453
f 2448 2451 2447
f 2473 2446 2482
f 2481 2482 2445
f 2470 2481 2445
f 2446 2445 2482
f 2485 2506 2444
f 2485 2444 2484
f 2480 2444 2506
f 2461 2443 2451
f 2447 2451 2443
f 2456 2442 2461
f 2443 2461 2442
f 2453 2441 2454
f 2441 2453 2448
f 2440 2484 2444
f 2465 2466 2439
f 274 279 7
f 2452 7 279
f 274 280 279
f 2450 274 280
f 7 279 280
f 7 280 274
f 2477 2438 2480
f 2444 2480 2438
f 2442 2437 2443
f 2449 2436 2456
f 2436 2442 2456
f 2479 2435 2474
f 2463 2435 2479
f 2462 2433 2466
f 2434 2466 2433
f 2447 2432 2448
f 2439 2466 2431
f 2484 2430 2507
f 2473 2507 2430
f 2440 2430 2484
f 2452 2454 2429
f 2441 2429 2454
f 7 2452 2429
f 2439 2428 2465
f 2457 2458 2426
f 2426 2425 2457
f 2463 2469 2424
f 2423 2429 2441
f 2434 2422 2466
f 2422 2431 2466
f 2432 2447 2421
f 2462 2464 2420
f 2420 2464 2427
f 2443 2419 2447
f 2437 2419 2443
f 2421 2447 2419
f 2427 2464 2418
f 2458 2465 2417
f 2428 2417 2465
f 2459 2474 2416
f 2449 2450 2416
f 280 2459 2416
f 280 2416 2450
f 2436 2449 2416
f 2437 2442 2414
f 2448 2413 2441
f 2423 2441 2413
f 2413 2448 2412
f 2431 2411 2439
f 2428 2439 2411
f 2444 2410 2440
f 2411 2440 2410
f 2411 2410 2428
f 11 10 272
f 8 10 272
f 8 11 272
f 9 10 272
f 9 8 272
f 2459 272 11
f 280 272 2459
f 280 7 272
f 2429 272 7
f 2470 2409 2477
f 2445 2409 2470
f 2457 273 2464
f 2425 273 2457
f 2418 2464 273
f 2435 2408 2474
f 2416 2474 2408
f 2416 2408 2436
f 2419 2437 2407
f 2425 2426 2406
f 2414 2404 2437
f 2407 2437 2404
f 2442 2436 282
f 2414 2442 282
f 2405 282 2415
f 2433 2403 2434
f 2421 2402 2432
f 2433 2462 2401
f 2420 2401 2462
f 2400 272 2429
f 2446 2473 2399
f 2430 2399 2473
f 11 10 271
f 8 10 271
f 8 11 271
f 9 10 271
f 9 8 271
f 271 10 272
f 271 11 272
f 271 8 272
f 271 9 272
f 271 272 2400
f 2445 2446 2398
f 2398 2409 2445
f 2399 2398 2446
f 2438 2477 2397
f 2409 2397 2477
f 2426 2458 2396
f 2417 2396 2458
f 2455 2395 2469
f 2424 2469 2395
f 2432 2394 2448
f 2412 2448 2394
f 2402 2394 2432
f 2460 9 2392
f 271 2392 9
f 271 2400 2392
f 2419 2391 2421
f 2407 2391 2419
f 2408 2435 2390
f 2406 2389 2425
f 2413 2388 2423
f 2422 2434 2387
f 2393 2387 2434
f 2429 2423 2386
f 2400 2429 2386
f 2388 2386 2423
f 2430 2440 2385
f 2411 2385 2440
f 2411 2431 2385
f 2402 2421 2384
f 2384 2421 2391
f 2438 2383 2444
f 2397 2383 2438
f 273 2425 2382
f 2382 2425 2389
f 2406 2426 2381
f 2396 2381 2426
f 2408 270 2436
f 2405 2415 270
f 282 2436 270
f 282 270 2415
f 282 2405 270
f 2390 270 2408
f 2387 2380 2422
f 2403 2433 2379
f 2401 2379 2433
f 2431 2422 281
f 2385 2431 281
f 2380 281 2422
f 2417 2428 2378
f 2410 2378 2428
f 2455 2460 2377
f 2392 2377 2460
f 2410 2444 2376
f 2383 2376 2444
f 2378 2410 2376
f 2391 2407 2375
f 2395 2455 2374
f 2404 2373 2407
f 2375 2407 2373
f 2403 2371 2434
f 2393 2434 2371
f 2384 2370 2402
f 2392 2400 2369
f 2386 2369 2400
f 2369 2377 2392
f 2377 2368 2455
f 2368 2374 2455
f 2435 2463 2367
f 2424 2367 2463
f 2390 2435 2367
f 2381 2366 2406
f 282 2365 2414
f 2365 2372 2414
f 2404 2414 2364
f 2373 2404 2364
f 2372 2364 2414
f 2394 2402 2363
f 2370 2363 2402
f 2379 2362 2403
f 2380 2387 269
f 281 2380 269
f 2376 2361 2378
f 2389 2406 2360
f 2366 2360 2406
f 2412 2359 2413
f 2359 2412 2358
f 2387 2393 2357
f 2386 2388 2356
f 2369 2386 2355
f 2385 2354 2430
f 2399 2430 2353
f 2354 2353 2430
f 2398 2399 2352
f 2353 2352 2399
f 2427 17 2420
f 2409 2398 2351
f 2397 2409 2351
f 2352 2351 2398
f 2389 2350 2382
f 270 2390 2349
f 2367 2349 2390
f 269 2387 12
f 269 281 12
f 2357 12 2387
f 281 2348 2385
f 269 2348 281
f 2354 2385 2348
f 2391 2347 2384
f 2347 2391 2346
f 2396 2417 2345
f 2378 2345 2417
f 2361 2345 2378
f 2395 2344 2424
f 2367 2424 2344
f 2349 2367 2344
f 2373 2343 2375
f 2360 2342 2389
f 270 2341 282
f 2365 282 2341
f 2349 2341 270
f 2388 2413 2340
f 2359 2340 2413
f 2356 2388 2340
f 2394 2339 2412
f 2363 2339 2394
f 2358 2412 2339
f 2371 2403 2338
f 2362 2338 2403
f 2370 2384 2337
f 2337 2384 2347
f 2375 2336 2391
f 2346 2391 2336
f 2336 2375 2343
f 2364 2335 2373
f 2343 2373 2335
f 2371 2334 2393
f 2357 2393 2334
f 2363 2370 2333
f 2377 2369 2332
f 2355 2332 2369
f 2331 2332 2355
f 2368 2377 2330
f 2332 2330 2377
f 2418 16 2427
f 17 2427 16
f 15 17 16
f 268 15 16
f 2383 2397 2329
f 2351 2329 2397
f 2376 2383 2328
f 2361 2376 2328
f 2345 2361 2328
f 2329 2328 2383
f 2381 2396 2327
f 2345 2327 2396
f 2374 2326 2395
f 2344 2395 2326
f 2344 2325 2349
f 2326 2325 2344
f 2339 2363 2323
f 2333 2323 2363
f 12 2357 2322
f 2334 2322 2357
f 2356 2321 2386
f 2355 2386 2321
f 2362 2379 2320
f 2379 2401 20
f 2320 2379 20
f 2330 2319 2368
f 2374 2368 2318
f 2326 2374 2318
f 2319 2318 2368
f 2366 2381 2317
f 2327 2317 2381
f 2324 2366 2317
f 2341 2349 2316
f 2325 2316 2349
f 2338 2362 2315
f 2315 2362 2320
f 12 2314 269
f 2348 269 2314
f 2348 2314 2354
f 2401 2420 19
f 17 19 2420
f 15 17 19
f 20 2401 19
f 20 15 19
f 2353 2354 2313
f 2330 2332 2311
f 2351 2352 2310
f 2329 2351 2310
f 273 13 2418
f 22 17 13
f 16 2418 13
f 16 17 13
f 14 13 273
f 13 14 18
f 2350 2389 2309
f 2342 2309 2389
f 2360 2366 2308
f 2324 2308 2366
f 2341 2307 2365
f 2372 2365 2306
f 2364 2372 2306
f 2307 2306 2365
f 2340 2305 2356
f 2321 2356 2305
f 2322 2334 2304
f 2337 2303 2370
f 2333 2370 2303
f 2332 2331 2302
f 2311 2332 2302
f 2352 2353 2300
f 2313 2300 2353
f 2310 2352 2300
f 15 17 21
f 268 15 21
f 16 17 21
f 16 15 21
f 16 268 21
f 2319 2330 2299
f 2311 2299 2330
f 2325 2326 2298
f 2318 2298 2326
f 2316 2325 2298
f 2343 2297 2336
f 2335 2296 2343
f 2323 2333 2295
f 2338 2294 2371
f 2334 2371 2294
f 2315 2294 2338
f 2331 2355 2293
f 2321 2293 2355
f 20 15 24
f 2314 2292 2354
f 2313 2354 2292
f 2291 15 21
f 24 15 2291
f 2290 2301 2289
f 22 17 264
f 21 264 17
f 13 22 27
f 264 27 22
f 2328 2287 2345
f 2327 2345 2287
f 2318 2319 2286
f 2299 2286 2319
f 2286 2298 2318
f 2335 2364 2284
f 2306 2284 2364
f 2340 2359 2283
f 2358 2282 2359
f 2339 2282 2358
f 2283 2359 2282
f 2346 2281 2347
f 2289 2301 2280
f 2281 2346 2278
f 2285 18 2277
f 2316 2276 2341
f 2307 2341 2276
f 2347 2275 2337
f 2275 2347 2281
f 20 267 15
f 19 15 267
f 19 20 267
f 2312 267 19
f 267 2312 2279
f 2382 266 273
f 2350 266 2382
f 14 273 266
f 13 273 266
f 13 14 266
f 13 266 2312
f 18 266 2350
f 18 14 266
f 18 266 13
f 2279 2312 266
f 2274 266 2288
f 2336 2273 2346
f 2297 2273 2336
f 2278 2346 2273
f 18 2350 2272
f 2309 2272 2350
f 2342 2360 2271
f 2308 2271 2360
f 2298 2270 2316
f 2298 2286 2270
f 2305 2340 2269
f 2283 2269 2340
f 2305 2268 2321
f 2293 2321 2268
f 2304 2334 2267
f 2294 2267 2334
f 2302 2331 2266
f 2293 2266 2331
f 2268 2266 2293
f 2322 2265 12
f 2314 12 2265
f 2292 2314 2264
f 2265 2264 2314
f 20 2263 2320
f 2320 2263 2315
f 267 2263 20
f 2280 2301 2262
f 2328 2329 2260
f 2287 2328 2260
f 2296 2335 2259
f 2284 2259 2335
f 2323 2258 2339
f 2295 2258 2323
f 2282 2339 2258
f 2290 2257 2301
f 2262 2301 2257
f 2257 2290 2256
f 15 17 23
f 22 17 23
f 268 15 23
f 16 17 23
f 16 15 23
f 16 268 23
f 19 17 23
f 19 15 23
f 2312 19 23
f 13 17 23
f 13 22 23
f 13 16 23
f 13 2312 23
f 2299 2311 2255
f 2254 2261 2289
f 2286 2299 2253
f 2255 2253 2299
f 2285 265 18
f 2277 18 265
f 2277 265 2285
f 2274 2288 265
f 266 18 265
f 266 265 2288
f 266 2274 265
f 2272 265 18
f 2270 2286 2252
f 2253 2252 2286
f 2297 2343 2251
f 2296 2251 2343
f 2303 2250 2333
f 2295 2333 2250
f 2303 2337 2249
f 2275 2249 2337
f 2294 2315 2248
f 2263 2248 2315
f 20 15 25
f 19 15 25
f 19 20 25
f 24 15 25
f 24 25 20
f 23 15 25
f 23 19 25
f 2262 2247 2280
f 16 17 26
f 21 17 26
f 21 16 26
f 21 26 2291
f 264 17 26
f 264 21 26
f 23 17 26
f 23 16 26
f 2280 2246 2289
f 2289 30 2290
f 2261 30 2289
f 22 17 28
f 16 17 28
f 13 17 28
f 13 22 28
f 13 16 28
f 27 22 28
f 27 28 13
f 23 17 28
f 23 22 28
f 23 16 28
f 23 13 28
f 2317 2327 2245
f 2287 2245 2327
f 2317 2244 2324
f 2276 2316 2243
f 2269 2242 2305
f 2267 2294 2241
f 2241 2294 2248
f 2291 2240 24
f 25 24 2240
f 25 2240 23
f 2240 2291 26
f 2240 26 23
f 2302 2239 2311
f 2255 2311 2239
f 2300 2313 2238
f 2292 2238 2313
f 2247 2237 2280
f 2237 2246 2280
f 2300 2236 2310
f 2238 2236 2300
f 2256 2290 29
f 29 2290 30
f 27 264 2235
f 26 2235 264
f 26 23 2235
f 2235 28 27
f 2235 23 28
f 2310 2234 2329
f 2260 2329 2234
f 2254 2289 2233
f 2273 2297 2232
f 2309 2342 2231
f 2271 2231 2342
f 2304 2230 2322
f 2236 2229 2310
f 2234 2310 2229
f 2259 2228 2296
f 2251 2296 2228
f 2258 2295 2227
f 2250 2227 2295
f 2264 2226 2292
f 2238 2292 2226
f 2279 2225 267
f 2263 267 2225
f 2225 2279 2224
f 2308 2324 2223
f 2244 2223 2324
f 2267 2222 2304
f 2230 2304 2222
f 2266 2268 2221
f 2248 2263 2220
f 2225 2220 2263
f 2237 2247 2219
f 266 263 2279
f 265 263 266
f 2224 2279 263
f 2252 2218 2270
f 2266 2215 2302
f 2239 2302 2215
f 2272 2309 283
f 265 2272 283
f 2231 283 2309
f 2270 2214 2316
f 2243 2316 2214
f 2218 2214 2270
f 2216 2213 2217
f 2268 2305 2212
f 2242 2212 2305
f 2221 2268 2212
f 2213 2216 2211
f 2248 2210 2241
f 2220 2210 2248
f 2249 2275 2209
f 2264 2265 2208
f 2226 2264 2208
f 263 265 257
f 283 257 265
f 2216 2217 2205
f 2206 2205 2217
f 2250 2303 2204
f 2249 2204 2303
f 2204 2249 2209
f 2203 2241 2210
f 2257 2202 2262
f 2247 2262 2202
f 2219 2247 2202
f 2256 262 2257
f 29 262 2256
f 2253 2255 2201
f 2261 2254 2200
f 2233 2200 2254
f 2200 2207 2261
f 2260 2199 2287
f 2245 2287 2199
f 2234 2199 2260
f 2251 2198 2297
f 2232 2297 2198
f 2306 2307 2197
f 2276 2197 2307
f 2197 2196 2306
f 2227 2250 2195
f 2204 2195 2250
f 2241 2194 2267
f 2222 2267 2194
f 2239 2193 2255
f 2201 2255 2193
f 2218 2252 2192
f 2245 2191 2317
f 2244 2317 2191
f 2199 2191 2245
f 2271 2308 2190
f 2231 2271 2190
f 2223 2190 2308
f 2228 2189 2251
f 2198 2251 2189
f 2206 2217 2188
f 2282 2187 2283
f 2269 2283 2187
f 2187 2282 2186
f 2265 2322 2185
f 2230 2185 2322
f 2208 2265 2185
f 2281 2184 2275
f 2236 2238 2183
f 2226 2183 2238
f 2246 2237 2182
f 2219 2182 2237
f 262 29 2181
f 2229 2236 2180
f 2183 2180 2236
f 2278 2179 2281
f 2273 2179 2278
f 2184 2281 2179
f 2197 2276 2177
f 2284 2306 2176
f 2259 2284 2176
f 2196 2176 2306
f 2213 2175 2217
f 2188 2217 2175
f 2258 2174 2282
f 2186 2282 2174
f 2211 2173 2213
f 2173 2211 2172
f 2209 2275 2171
f 2184 2171 2275
f 2180 2170 2229
f 2252 2253 2169
f 2201 2169 2253
f 2192 2252 2169
f 2232 2168 2273
f 2179 2273 2168
f 2188 2167 2206
f 2187 2166 2269
f 2227 2165 2258
f 2174 2258 2165
f 2203 2164 2241
f 2194 2241 2164
f 2211 2216 2163
f 2221 2162 2266
f 2215 2266 2162
f 2208 2161 2226
f 2183 2226 2161
f 2246 2160 2289
f 2233 2289 2160
f 2200 2233 2160
f 2182 2160 2246
f 30 2261 261
f 2207 261 2261
f 2178 261 30
f 261 2207 2159
f 2159 2158 261
f 2191 2157 2244
f 2212 2155 2221
f 2172 2211 2154
f 2163 2154 2211
f 2215 2153 2239
f 2193 2239 2153
f 2202 2152 2219
f 2182 2219 2152
f 2229 2151 2234
f 2199 2234 2151
f 2170 2151 2229
f 2158 2159 2148
f 2214 2218 2147
f 2146 2156 2145
f 2175 2144 2188
f 2165 2227 2143
f 2165 2143 2174
f 2205 2206 2142
f 2142 2141 2205
f 2205 2140 2216
f 2163 2216 2140
f 2141 2140 2205
f 2202 2257 2139
f 262 2139 2257
f 2193 2138 2201
f 2153 2138 2193
f 30 32 29
f 262 29 32
f 2181 29 32
f 2181 32 262
f 2138 2137 2201
f 2178 30 31
f 261 30 31
f 261 2178 31
f 32 30 31
f 2158 2135 261
f 31 261 2135
f 2207 2200 2134
f 2159 2207 2134
f 2134 2148 2159
f 2133 2150 2136
f 2132 2148 2134
f 2135 2158 2131
f 2198 2130 2232
f 2168 2232 2130
f 2192 2129 2218
f 2190 2128 2231
f 2127 2146 2145
f 2243 2126 2276
f 2214 2126 2243
f 2177 2276 2126
f 2228 2259 2125
f 2189 2228 2125
f 2176 2125 2259
f 2175 2213 2124
f 2173 2124 2213
f 2242 2269 2123
f 2212 2242 2123
f 2166 2123 2269
f 2195 2204 2122
f 2185 2230 2121
f 2171 2120 2209
f 2160 2116 2200
f 2149 2115 2150
f 2150 2115 2136
f 2134 2200 2114
f 2132 2134 2114
f 2116 2114 2200
f 2149 2150 2113
f 2150 2133 2113
f 2114 2112 2132
f 2115 2149 2111
f 2111 2149 2110
f 2223 2244 2109
f 2157 2109 2244
f 2154 2108 2172
f 2105 2107 2119
f 2185 2104 2208
f 2161 2208 2104
f 2220 2225 2103
f 2210 2220 2103
f 2106 2210 2103
f 2118 2102 2119
f 2117 2102 2118
f 2119 2102 2105
f 2152 2202 2101
f 32 2100 262
f 2137 2138 2099
f 33 2136 2115
f 259 2136 33
f 2098 2114 2116
f 2114 2098 2112
f 2169 2097 2192
f 2129 2192 2097
f 2148 2096 2158
f 2148 2132 2096
f 2131 2158 2095
f 2189 2093 2198
f 2146 2091 2156
f 2092 2091 2146
f 2167 2090 2206
f 2142 2206 2090
f 2108 2089 2172
f 2222 236 2230
f 2121 2230 236
f 2118 2119 2088
f 2119 2107 2088
f 2117 2118 2087
f 2102 2086 2105
f 2087 2085 2117
f 2139 2084 2202
f 2101 2202 2084
f 2139 262 2083
f 2100 2083 262
f 2224 2082 2225
f 2103 2225 2082
f 2180 2183 252
f 2161 252 2183
f 2160 2182 2081
f 2152 2081 2182
f 2082 2224 2080
f 2170 2180 2079
f 252 2079 2180
f 2133 2136 2078
f 259 2078 2136
f 2169 2201 2077
f 2137 2077 2201
f 2131 2077 2135
f 2078 2076 2133
f 2111 2075 2115
f 2112 2098 2074
f 2113 2073 2149
f 2110 2149 2073
f 2112 2072 2132
f 2096 2132 2072
f 2145 2069 2127
f 2070 2127 2069
f 2195 2068 2227
f 2143 2227 2068
f 2122 2068 2195
f 2172 2067 2173
f 2067 2172 2089
f 2140 2141 2066
f 2210 2065 2203
f 2164 2203 2065
f 2106 2065 2210
f 2209 2064 2204
f 2120 2064 2209
f 2162 2063 2215
f 2153 2215 2063
f 2088 2062 2118
f 2062 2087 2118
f 2138 2153 2061
f 2099 2138 2061
f 2063 2061 2153
f 2060 2084 2139
f 2060 2139 2083
f 2061 2059 2099
f 2085 2058 2117
f 2102 2117 2057
f 2058 2057 2117
f 2056 2079 252
f 2054 2079 2056
f 2055 2054 2056
f 31 2053 32
f 2099 2053 2137
f 2052 2078 259
f 33 259 260
f 33 259 258
f 260 259 258
f 260 33 258
f 2115 249 33
f 260 33 249
f 258 33 249
f 258 260 249
f 263 256 2224
f 257 256 263
f 2080 2224 256
f 2051 2115 2075
f 249 2115 2051
f 2116 2160 2050
f 2098 2116 2050
f 2050 2074 2098
f 2113 2133 2049
f 2076 2049 2133
f 2075 2111 2048
f 283 2231 254
f 257 283 254
f 2128 254 2231
f 2095 2047 2131
f 2145 2156 2046
f 2091 2045 2156
f 2046 2156 2045
f 2124 2173 2044
f 2067 2044 2173
f 2123 2043 2212
f 2084 2060 2042
f 2083 2041 2060
f 2084 2040 2101
f 2042 2040 2084
f 2086 2102 2039
f 2083 2100 2038
f 2041 2083 2038
f 2100 32 2037
f 2059 2037 2099
f 2053 2037 32
f 2053 2099 2037
f 2038 2100 2037
f 2038 2037 2059
f 2135 2036 31
f 2077 2137 2036
f 2077 2036 2135
f 2053 2036 2137
f 2053 31 2036
f 257 255 263
f 257 255 283
f 256 263 255
f 256 257 255
f 254 283 255
f 254 255 257
f 2097 2169 2035
f 2077 2035 2169
f 2077 2131 2035
f 2047 2035 2131
f 2048 2111 2034
f 2110 2033 2111
f 2034 2111 2033
f 2130 2198 2032
f 2093 2032 2198
f 2127 2031 2146
f 2070 2030 2127
f 2031 2127 2030
f 2071 2029 2094
f 2126 2214 2028
f 2125 2027 2189
f 2093 2189 2027
f 2122 2204 2026
f 2066 2141 2026
f 2064 2026 2204
f 2064 2066 2026
f 2162 2221 2025
f 2155 2025 2221
f 2089 2108 2024
f 2105 2023 2107
f 2023 2105 2022
f 2086 2021 2105
f 2022 2105 2021
f 2020 2042 2060
f 2020 2060 2041
f 2019 2041 2038
f 2059 2061 2018
f 2018 2038 2059
f 2018 2019 2038
f 2104 250 2161
f 252 2161 250
f 2052 259 2017
f 258 2017 259
f 2081 2016 2160
f 2050 2160 2016
f 2051 37 249
f 2151 2170 2014
f 2079 2014 2170
f 2015 2014 2079
f 2191 2199 2013
f 2151 2013 2199
f 2074 2012 2112
f 2072 2112 2012
f 2190 2223 253
f 2109 253 2223
f 2071 2094 2011
f 2069 2145 2010
f 2046 2010 2145
f 2144 2009 2188
f 2144 2175 2008
f 2009 2144 2008
f 2194 287 2222
f 236 2222 287
f 2088 2107 2007
f 2023 2007 2107
f 2085 2087 2006
f 2040 2042 2005
f 2006 2004 2085
f 2101 2003 2152
f 2081 2152 2003
f 2040 2003 2101
f 2005 2003 2040
f 250 252 2002
f 2058 2085 2001
f 2055 2056 2001
f 2004 2001 2085
f 2073 2113 1999
f 2049 1999 2113
f 2073 1998 2110
f 2033 2110 1998
f 2097 1997 2129
f 2092 2146 1996
f 2031 1996 2146
f 2147 2218 1995
f 2129 1995 2218
f 2011 1994 2071
f 2167 2188 1993
f 2009 1993 2188
f 2062 2088 1992
f 2007 1992 2088
f 2087 2062 1991
f 1991 2006 2087
f 1992 1991 2062
f 2021 2086 1990
f 2039 251 2086
f 250 252 251
f 251 2002 252
f 251 250 2002
f 1990 2086 251
f 1990 251 250
f 2056 252 1989
f 2039 2102 1989
f 251 1989 252
f 251 2039 1989
f 2057 1988 2102
f 1989 2102 1988
f 1989 1988 2056
f 2057 2058 1987
f 2001 1987 2058
f 2001 2056 1987
f 1988 2057 1987
f 1988 1987 2056
f 2017 258 1984
f 1985 1984 2054
f 1985 2017 1984
f 2054 2055 1983
f 2078 2052 1983
f 2017 1983 2052
f 1986 1983 2055
f 1985 2054 1983
f 1985 1983 2017
f 2079 2054 34
f 37 249 34
f 1984 34 2054
f 249 36 258
f 37 249 36
f 1984 258 36
f 34 249 36
f 34 37 36
f 34 1984 36
f 39 40 2000
f 2015 2079 35
f 34 35 2079
f 34 37 35
f 36 37 35
f 36 35 34
f 2076 2078 1982
f 1983 1982 2078
f 37 2051 1981
f 2014 2015 1981
f 35 1981 2015
f 35 37 1981
f 1982 1980 2076
f 2075 1979 2051
f 1981 2051 1979
f 2074 2050 1978
f 2029 1977 2094
f 2096 1976 2158
f 2095 2158 1975
f 1976 1975 2158
f 2029 2071 1974
f 1994 1974 2071
f 2069 1973 2070
f 2045 2091 248
f 2068 2122 1972
f 2026 2141 1971
f 2026 1971 2122
f 1972 2122 1971
f 2164 1970 2194
f 2065 1970 2164
f 287 2194 1970
f 243 1969 244
f 2016 2081 1967
f 2003 1967 2081
f 2000 40 1965
f 1965 285 2000
f 2049 2076 1964
f 1999 2049 1964
f 1980 1964 2076
f 2035 1963 2097
f 2035 2047 1963
f 1997 2097 1963
f 2030 2070 1962
f 2047 2095 1961
f 1975 1961 2095
f 1996 1960 2092
f 2010 1959 2069
f 1973 2069 1959
f 2124 1958 2175
f 2008 2175 1958
f 2090 2167 1957
f 1993 1957 2167
f 2044 2067 1956
f 2121 1955 2185
f 2104 2185 1955
f 2061 2063 1954
f 2018 2061 1954
f 2042 2020 1953
f 2005 2042 1953
f 2041 1952 2020
f 2019 1952 2041
f 1953 2020 1952
f 2154 2163 1951
f 1951 1950 2154
f 250 2104 1949
f 1990 250 1949
f 1955 1949 2104
f 2001 1948 2055
f 2001 2004 1948
f 1986 2055 1948
f 1983 1986 41
f 1982 1983 41
f 246 285 1965
f 246 1944 285
f 2048 1943 2075
f 1979 2075 1943
f 2072 1942 2096
f 1976 2096 1942
f 1973 1941 2070
f 1962 2070 1941
f 2091 2092 1940
f 248 2091 1940
f 1960 1940 2092
f 2196 2197 1938
f 2176 2196 1938
f 1939 1938 2197
f 2186 1937 2187
f 2174 1937 2186
f 2155 2212 1936
f 2043 1936 2212
f 1952 2019 1935
f 2140 1934 2163
f 2066 1934 2140
f 1951 2163 1934
f 1969 1932 244
f 1933 1932 1969
f 243 38 244
f 1948 2004 1931
f 1948 1930 1986
f 38 1930 243
f 38 1968 1930
f 1931 1930 1948
f 1966 1968 1929
f 38 1929 1968
f 2171 2184 1928
f 1929 1927 1966
f 1966 247 1968
f 1946 1947 247
f 41 1986 247
f 1930 247 1986
f 1930 1968 247
f 2179 1926 2184
f 2168 1926 2179
f 1928 2184 1926
f 39 40 284
f 1927 40 284
f 1927 284 1966
f 247 1966 284
f 285 1944 1925
f 285 1925 246
f 246 1925 1944
f 1999 1924 2073
f 1998 2073 1924
f 2157 2191 1923
f 2013 1923 2191
f 2128 2190 1922
f 253 1922 2190
f 1963 2047 1921
f 1961 1921 2047
f 1977 2029 1920
f 2032 2093 1919
f 1974 1918 2029
f 1920 2029 1918
f 2147 1917 2214
f 2028 2214 1917
f 2027 1916 2093
f 1919 2093 1916
f 2177 1915 2197
f 2126 1915 2177
f 1939 2197 1915
f 2125 2176 1914
f 1938 1914 2176
f 2044 1913 2124
f 1958 2124 1913
f 1912 2187 1937
f 2143 1911 2174
f 1937 2174 1911
f 2090 1910 2142
f 2141 2142 1909
f 1971 2141 1909
f 1971 1909 1972
f 1910 1909 2142
f 2024 1908 2089
f 2063 2162 1907
f 2025 1907 2162
f 1933 1906 1932
f 2108 2154 1905
f 1950 1905 2154
f 2018 1904 2019
f 1954 1904 2018
f 1935 2019 1904
f 2103 1903 2106
f 2065 2106 1903
f 2003 2005 1901
f 1953 1901 2005
f 2004 2006 1900
f 1900 1931 2004
f 1931 1900 1930
f 2120 2171 1899
f 1899 2171 1928
f 243 245 244
f 245 243 38
f 245 244 38
f 38 245 1929
f 1967 1896 2016
f 1897 1945 1896
f 39 286 40
f 284 286 39
f 284 40 286
f 2000 240 39
f 285 240 2000
f 247 240 41
f 284 39 240
f 284 240 247
f 240 41 1895
f 2016 242 2050
f 1978 2050 242
f 1896 242 2016
f 1896 1945 242
f 242 1945 231
f 2130 1894 2168
f 1926 2168 1894
f 2014 1893 2151
f 2013 2151 1893
f 1981 1893 2014
f 1979 1893 1981
f 1943 1893 1979
f 285 246 1891
f 2034 1890 2048
f 1943 2048 1890
f 2012 1889 2072
f 1942 2072 1889
f 1959 1888 1973
f 2166 2187 1887
f 2123 2166 1887
f 1912 1887 2187
f 1957 1886 2090
f 1910 2090 1886
f 1933 1885 1906
f 2021 1884 2022
f 1990 1883 2021
f 1949 1883 1990
f 1949 1955 1883
f 1884 2021 1883
f 1967 2003 1882
f 1901 1882 2003
f 1892 1881 246
f 1891 246 1881
f 2033 1880 2034
f 1998 1880 2033
f 1924 1880 1998
f 1890 2034 1880
f 2011 2094 1879
f 1977 1879 2094
f 2109 2157 1878
f 1923 1878 2157
f 1960 1996 1877
f 1919 1877 2032
f 1997 1876 2129
f 1995 2129 1876
f 1941 1875 1962
f 1994 2011 1874
f 2068 1873 2143
f 1911 2143 1873
f 287 1872 236
f 2024 2108 1871
f 1908 2024 1871
f 1905 1871 2108
f 2022 1870 2023
f 2007 2023 1870
f 1870 2022 1884
f 1885 1933 1869
f 1992 2007 1868
f 1991 1992 1868
f 1870 1868 2007
f 2064 1867 2066
f 1934 2066 1867
f 2006 1991 1866
f 1900 2006 1866
f 1868 1866 1991
f 2064 2120 1865
f 1899 1865 2120
f 1867 2064 1865
f 1903 2103 1864
f 1896 1967 1863
f 1896 1863 1897
f 1882 1863 1967
f 2032 1862 2130
f 1894 2130 1862
f 254 2128 1861
f 255 254 1861
f 1922 1861 2128
f 1881 1860 1891
f 1915 2126 1857
f 2027 2125 1856
f 1914 1856 2125
f 2045 1855 2046
f 2089 1854 2067
f 1956 2067 1854
f 1908 1854 2089
f 1869 1853 1885
f 1970 2065 1851
f 1903 1851 2065
f 1969 243 1850
f 1933 1969 1850
f 1930 1850 243
f 1930 1900 1850
f 1869 1933 1850
f 1866 1850 1900
f 2082 1849 2103
f 2080 1849 2082
f 1864 2103 1849
f 1932 1848 244
f 1927 1929 1848
f 245 244 1848
f 1929 245 1848
f 1965 40 241
f 1927 241 40
f 286 40 241
f 1848 241 1927
f 1980 1982 42
f 1964 1980 42
f 41 42 1982
f 240 41 42
f 1895 41 42
f 1895 42 240
f 240 285 1847
f 42 240 1847
f 1996 2031 1846
f 1860 1845 1891
f 1879 1977 1844
f 1920 1843 1977
f 1844 1977 1843
f 2012 2074 1842
f 1978 1842 2074
f 1845 1860 1841
f 1878 1840 2109
f 1974 1994 1838
f 1874 1838 1994
f 1918 1974 1837
f 1838 1837 1974
f 248 45 2045
f 1855 2045 45
f 1887 1836 2123
f 1954 2063 1831
f 1907 1831 2063
f 1885 1830 1906
f 1849 2080 1829
f 256 1828 2080
f 1829 2080 1828
f 255 1827 256
f 1861 1827 255
f 1828 256 1827
f 1891 1826 285
f 1847 285 1826
f 1826 1891 1845
f 1964 1825 1999
f 1924 1999 1825
f 1880 1924 1825
f 42 1825 1964
f 1847 1825 42
f 1826 1825 1847
f 2030 1824 2031
f 1846 2031 1824
f 1881 1892 1823
f 1860 1881 1823
f 1889 2012 1821
f 1842 1821 2012
f 1963 1819 1997
f 1921 1819 1963
f 1876 1997 1819
f 1922 253 237
f 1859 237 253
f 1858 237 253
f 1840 1878 1817
f 2010 2046 1816
f 1855 1816 2046
f 1972 1815 2068
f 1873 2068 1815
f 2025 2155 1814
f 1936 1814 2155
f 236 1813 2121
f 1955 2121 1812
f 1813 1812 2121
f 1830 1885 1811
f 1852 1832 1810
f 1952 1809 1953
f 1935 1808 1952
f 1809 1952 1808
f 1904 1807 1935
f 1808 1935 1807
f 1810 1806 1852
f 1898 1805 1902
f 1852 1804 1902
f 1806 1804 1852
f 1882 1901 1803
f 1897 1802 1898
f 1805 1898 1802
f 1898 1902 1801
f 1804 1801 1902
f 1877 1996 1800
f 1846 1800 1996
f 1844 1799 1879
f 1823 1797 1860
f 1820 1822 1796
f 1798 1796 1822
f 1818 1820 1795
f 1796 1795 1820
f 1839 1818 1794
f 1795 1794 1818
f 1975 1976 1793
f 1961 1975 1792
f 1793 1792 1975
f 1916 1791 1919
f 1877 1791 1960
f 1877 1919 1791
f 1995 1790 2147
f 1917 2147 1790
f 1839 1840 1789
f 1817 1789 1840
f 1916 2027 1788
f 1856 1788 2027
f 45 248 239
f 1956 1787 2044
f 1913 2044 1787
f 1909 1786 1972
f 1909 1910 1786
f 1834 1785 1835
f 1785 1784 1835
f 1834 1835 1783
f 1784 1783 1835
f 1833 1834 1782
f 1783 1782 1834
f 1832 1833 1781
f 1781 1810 1832
f 1782 1781 1833
f 1780 1953 1809
f 1904 1954 1779
f 1831 1779 1954
f 1807 1904 1779
f 1932 1906 1778
f 1848 1932 1778
f 1830 1778 1906
f 1897 1777 1945
f 1897 1898 1777
f 1801 1777 1898
f 231 1945 1776
f 1777 1776 1945
f 246 1965 1775
f 1892 246 1775
f 241 1775 1965
f 242 290 1978
f 231 290 242
f 1923 2013 1774
f 1893 1774 2013
f 1893 1943 1774
f 1890 1774 1943
f 1877 1773 2032
f 1862 2032 1773
f 1962 1772 2030
f 1824 2030 1772
f 1798 1822 1771
f 1879 1770 2011
f 1874 2011 1770
f 1799 1770 1879
f 1841 1860 1769
f 1797 1769 1860
f 253 2109 238
f 1859 253 238
f 1858 253 238
f 1840 238 2109
f 1839 238 1840
f 237 253 238
f 237 1859 238
f 237 1858 238
f 238 1839 1794
f 1918 1768 1920
f 1921 1961 1767
f 1792 1767 1961
f 1942 1766 1976
f 1766 1793 1976
f 1765 1839 1789
f 2028 1764 2126
f 1857 2126 1764
f 1959 2010 1763
f 1888 1959 1763
f 1816 1763 2010
f 287 236 288
f 1872 288 236
f 1872 287 288
f 1813 236 288
f 1813 288 1784
f 1783 1784 288
f 1853 1762 1885
f 1811 1885 1762
f 1852 1902 1761
f 1805 1761 1902
f 1868 1870 1760
f 1866 1868 1760
f 1853 1869 1760
f 1850 1760 1869
f 1850 1866 1760
f 1762 1853 1760
f 1780 1759 1953
f 1776 1758 231
f 1843 1920 1757
f 1768 1757 1920
f 1771 1822 1756
f 1820 1755 1822
f 1756 1822 1755
f 1818 1754 1820
f 1755 1820 1754
f 1839 1752 1818
f 1765 1752 1839
f 1754 1818 1752
f 1789 1817 1751
f 1753 1751 1817
f 1941 1973 1750
f 1888 1750 1973
f 1763 1750 1888
f 1957 1993 1749
f 1886 1957 1749
f 2043 2123 1747
f 1836 1747 2123
f 1784 1785 1746
f 1833 1745 1834
f 1852 1744 1832
f 1832 1744 1833
f 1744 1852 1761
f 1745 1833 1744
f 1883 1955 1743
f 1883 1743 1884
f 1884 1743 1870
f 1812 1743 1955
f 1901 1953 1742
f 1759 1742 1953
f 1823 1892 1741
f 1775 1741 1892
f 1800 1740 1877
f 1773 1877 1740
f 1841 1739 1845
f 1845 1739 1826
f 1825 1826 1739
f 1769 1739 1841
f 1878 1923 1738
f 1817 1878 1738
f 1774 1738 1923
f 1738 1753 1817
f 1819 1921 1737
f 1767 1737 1921
f 1940 1960 235
f 1791 235 1960
f 1940 48 248
f 45 248 48
f 239 248 48
f 239 45 48
f 1815 1972 1736
f 1786 1736 1972
f 1854 1735 1956
f 1787 1956 1735
f 1785 1834 1734
f 1745 1734 1834
f 1812 1813 1733
f 1813 1784 1733
f 1907 2025 1732
f 1814 1732 2025
f 1851 1731 1970
f 1804 1806 1729
f 1730 1729 1806
f 1863 1728 1897
f 1863 1882 1728
f 1803 1728 1882
f 1802 1897 1728
f 1758 1727 231
f 1756 234 1771
f 1799 1844 1725
f 1770 1799 1725
f 1838 1874 1724
f 1837 1838 1724
f 1837 1723 1918
f 1768 1918 1723
f 1724 1723 1837
f 1875 1941 1722
f 1750 1722 1941
f 1889 1721 1942
f 1766 1942 1721
f 1791 1916 227
f 235 1791 227
f 2008 1720 2009
f 1958 1719 2008
f 1720 2008 1719
f 1993 2009 1718
f 1749 1993 1718
f 1720 1718 2009
f 1886 292 1910
f 1786 1910 292
f 1749 292 1886
f 1717 1785 1734
f 1970 1716 287
f 288 287 1716
f 1716 1970 1731
f 1806 1810 1715
f 1715 1730 1806
f 1801 1804 1714
f 1777 1801 1714
f 1729 1714 1804
f 1843 1713 1844
f 1726 44 1727
f 1771 1712 1798
f 1726 1727 1712
f 1712 1771 234
f 44 1726 233
f 233 44 234
f 1712 233 1726
f 233 1712 234
f 1712 1711 1798
f 234 1756 232
f 234 44 232
f 234 233 232
f 233 44 232
f 1875 1710 1962
f 1772 1962 1710
f 1710 1875 1722
f 1876 1709 1995
f 1790 1995 1709
f 1788 1708 1916
f 227 1916 1708
f 1913 1707 1958
f 1719 1958 1707
f 1746 1706 1784
f 1733 1784 1706
f 1782 1783 1705
f 288 1705 1783
f 1716 1705 288
f 1781 1782 1704
f 1705 1704 1782
f 1760 1870 1703
f 1743 1703 1870
f 1810 1781 1702
f 1715 1810 1702
f 1704 1702 1781
f 1811 1701 1830
f 1778 1830 1701
f 44 43 1727
f 234 44 43
f 234 233 43
f 233 44 43
f 232 234 43
f 232 44 43
f 232 233 43
f 1741 1700 1823
f 1861 1922 1699
f 1827 1861 1699
f 1796 1798 1698
f 1711 1698 1798
f 1880 1697 1890
f 1825 1697 1880
f 1774 1890 1697
f 1739 1697 1825
f 1738 1774 1697
f 1795 1796 1696
f 1698 1696 1796
f 1794 1795 1695
f 1794 1695 238
f 1696 1695 1795
f 1821 1694 1889
f 1721 1889 1694
f 1751 1753 1693
f 1917 1692 2028
f 1764 2028 1692
f 1743 1812 1691
f 1733 1691 1812
f 1691 1703 1743
f 1762 1690 1811
f 1760 1690 1762
f 1690 1760 1703
f 1831 1907 54
f 1732 54 1907
f 1689 1701 1811
f 1690 1689 1811
f 1803 1901 1687
f 1742 1687 1901
f 241 1848 1686
f 1714 1685 1777
f 1686 1684 241
f 231 289 242
f 290 242 289
f 290 231 289
f 1727 289 231
f 289 1727 43
f 1727 1758 1683
f 1757 1682 1843
f 1713 1843 1682
f 1797 1823 1681
f 1700 1681 1823
f 1769 1797 1680
f 1739 1769 1680
f 1697 1739 1680
f 1681 1680 1797
f 1755 1679 1756
f 232 1756 1679
f 238 1678 237
f 1695 1678 238
f 1753 1738 1677
f 1697 1677 1738
f 1677 1693 1753
f 1754 1676 1755
f 1679 1755 1676
f 1819 1675 1876
f 1737 1675 1819
f 1709 1876 1675
f 1693 1674 1751
f 1751 1673 1789
f 1674 1673 1751
f 45 248 230
f 48 230 248
f 48 45 230
f 1787 1672 1913
f 1707 1913 1672
f 1936 2043 1671
f 1747 1671 2043
f 1851 1903 1670
f 1731 1851 1670
f 1905 1950 1669
f 1864 1668 1903
f 1849 1668 1864
f 1670 1903 1668
f 1950 1951 1667
f 1667 1669 1950
f 1752 1666 1754
f 1676 1754 1666
f 1789 1665 1765
f 1673 1665 1789
f 1736 1786 1664
f 292 1664 1786
f 1871 1663 1908
f 1808 1662 1809
f 1662 1808 1661
f 1807 1660 1808
f 1661 1808 1660
f 1779 1831 1659
f 1779 1659 1807
f 54 1659 1831
f 1660 1807 1659
f 1871 1905 1658
f 1658 1905 1669
f 1934 1657 1951
f 1867 1657 1934
f 1657 1667 1951
f 1686 1848 1656
f 1684 1655 241
f 1827 1654 1828
f 1699 1654 1827
f 1842 1978 1653
f 290 1653 1978
f 1725 1844 229
f 1713 229 1844
f 1770 1652 1874
f 1725 1652 1770
f 1724 1874 1652
f 43 232 1651
f 1679 1651 232
f 1757 1768 1650
f 1723 1650 1768
f 1821 1842 1649
f 1694 1821 1649
f 1752 1765 1648
f 1666 1752 1648
f 1648 1765 1665
f 235 226 1940
f 48 1940 226
f 227 226 235
f 1688 1647 225
f 1809 1646 1780
f 1662 1646 1809
f 1647 46 225
f 46 225 291
f 1663 1871 1645
f 1658 1645 1871
f 1668 1849 1644
f 1928 1643 1899
f 1926 1642 1928
f 1894 1642 1926
f 1643 1928 1642
f 1792 1793 1641
f 227 235 228
f 1708 228 227
f 226 228 235
f 226 227 228
f 1938 1939 1640
f 1915 1640 1939
f 1640 1639 1938
f 1706 1636 1733
f 1854 1908 1635
f 1663 1635 1908
f 1759 1780 1634
f 1646 1634 1780
f 46 225 224
f 291 225 224
f 291 224 46
f 1865 1633 1867
f 1657 1867 1633
f 1865 1899 1632
f 1632 1899 1643
f 1633 1865 1632
f 50 47 1631
f 1829 1630 1849
f 1828 1630 1829
f 1644 1849 1630
f 1654 1629 1828
f 1630 1828 1629
f 1775 241 1628
f 1655 1628 241
f 1862 1627 1894
f 1642 1894 1627
f 1682 1757 1626
f 1650 1626 1757
f 43 1625 289
f 1651 1625 43
f 1723 1724 1624
f 1652 1624 1724
f 1650 1723 1624
f 237 1623 1922
f 1699 1922 1623
f 1678 1623 237
f 1675 1737 1622
f 1737 1767 1621
f 1622 1737 1621
f 1793 1766 1620
f 1620 1641 1793
f 1767 1792 1619
f 1641 1619 1792
f 1621 1767 1619
f 1618 1640 1915
f 1914 1938 1617
f 1856 1914 1617
f 1639 1617 1938
f 1746 1785 1615
f 1717 1615 1785
f 1706 1746 1615
f 1761 1805 1614
f 1761 1614 1744
f 1731 1613 1716
f 1670 1613 1731
f 1647 1688 1612
f 1802 1611 1805
f 1614 1805 1611
f 1729 1730 1610
f 1688 225 1609
f 224 1609 225
f 221 1609 224
f 50 1631 1608
f 1778 1607 1848
f 1656 1848 1607
f 1714 1729 1606
f 1685 1714 1606
f 1610 1606 1729
f 1776 1777 1605
f 1758 1776 1605
f 1685 1605 1777
f 229 1713 1604
f 1773 1603 1862
f 1627 1862 1603
f 1800 1846 1602
f 1712 1727 1601
f 1683 1601 1727
f 1674 1693 1600
f 1857 1599 1915
f 1764 1599 1857
f 1618 1915 1599
f 1937 1598 1912
f 1887 1912 1598
f 1598 1937 1616
f 1911 1597 1937
f 1873 1597 1911
f 1616 1937 1597
f 1734 1596 1717
f 1615 1717 1596
f 1744 1595 1745
f 1595 1744 1614
f 1705 1716 1594
f 1594 1716 1613
f 1742 1759 1593
f 1634 1593 1759
f 1730 1715 1592
f 1592 1610 1730
f 1728 1803 55
f 1728 55 1802
f 1687 55 1803
f 1611 1802 55
f 1683 1758 1590
f 1605 1590 1758
f 289 1589 290
f 1653 290 1589
f 1625 1589 289
f 1824 1588 1846
f 1602 1846 1588
f 1740 1800 1587
f 1602 1587 1800
f 1741 1775 1586
f 1700 1741 1586
f 1711 1712 1585
f 1601 1585 1712
f 1721 1584 1766
f 1620 1766 1584
f 1693 1677 1583
f 1583 1600 1693
f 1582 1599 1764
f 1788 1856 1581
f 1617 1581 1856
f 1763 1816 1580
f 45 1579 1855
f 1816 1855 1578
f 1580 1816 1578
f 1579 1578 1855
f 1637 1575 1638
f 1718 1574 1749
f 1598 1573 1887
f 1815 1572 1873
f 1597 1873 1572
f 1596 1734 1571
f 1735 1854 1570
f 1635 1570 1854
f 1734 1745 1569
f 1595 1569 1745
f 1571 1734 1569
f 1814 1936 1568
f 1671 1568 1936
f 1702 1567 1715
f 1592 1715 1567
f 1701 1566 1778
f 1608 1631 1565
f 1608 1565 1591
f 47 50 223
f 47 50 58
f 223 47 1564
f 58 1564 47
f 1740 1563 1773
f 1603 1773 1563
f 1587 1563 1740
f 229 65 1725
f 1652 1725 65
f 1624 1652 65
f 1772 1562 1824
f 1588 1824 1562
f 1698 1711 1561
f 1585 1561 1711
f 1580 1560 1763
f 239 45 222
f 48 45 222
f 48 239 222
f 230 222 45
f 230 48 222
f 1579 45 222
f 1576 1638 1558
f 1575 1558 1638
f 292 1749 49
f 292 1748 49
f 1574 49 1749
f 1836 1887 1557
f 1573 1557 1887
f 1735 1556 1787
f 1672 1787 1556
f 1556 1735 1570
f 1636 1706 1555
f 1615 1555 1706
f 1691 1733 1554
f 1636 1554 1733
f 1703 1691 1553
f 1703 1553 1690
f 1554 1553 1691
f 1689 1690 1552
f 1553 1552 1690
f 1702 1704 1551
f 1551 1567 1702
f 1701 1689 1550
f 1552 1550 1689
f 46 1647 293
f 291 46 293
f 1549 1566 1701
f 1550 1549 1701
f 1609 221 1548
f 47 1547 1631
f 1547 47 223
f 1608 51 50
f 51 50 58
f 1606 1546 1685
f 1682 1545 1713
f 1626 1545 1682
f 1604 1713 1545
f 1604 217 229
f 217 229 65
f 1586 1544 1700
f 1681 1700 1543
f 1544 1543 1700
f 1696 1698 1542
f 1561 1542 1698
f 1680 1681 1541
f 1543 1541 1681
f 1680 1540 1697
f 1541 1540 1680
f 1677 1697 1539
f 1583 1677 1539
f 1540 1539 1697
f 1790 1538 1917
f 1692 1917 1538
f 1750 1763 1537
f 1537 1763 1560
f 1673 1674 1536
f 1665 1673 1536
f 1600 1536 1674
f 1692 1535 1764
f 1582 1764 1535
f 1538 1535 1692
f 1708 1788 1534
f 1581 1534 1788
f 1637 1638 64
f 1576 64 1638
f 52 53 1559
f 1575 1637 1533
f 64 1533 1637
f 1736 1532 1815
f 1572 1815 1532
f 1704 1705 1531
f 1594 1531 1705
f 1551 1704 1531
f 1612 1530 1647
f 293 1647 1530
f 221 224 1529
f 1548 221 1529
f 1608 1591 1528
f 51 1608 1528
f 1626 1650 1527
f 1624 1527 1650
f 65 1527 1624
f 1710 1526 1772
f 1562 1772 1526
f 1695 1696 1525
f 1678 1695 1525
f 1623 1678 1525
f 1542 1525 1696
f 1676 1524 1679
f 1651 1679 1524
f 1694 1523 1721
f 1584 1721 1523
f 226 1522 48
f 222 48 1522
f 1521 1577 1520
f 1521 1519 1577
f 1559 53 1518
f 1747 1836 1516
f 1557 1516 1836
f 1732 1814 1515
f 1568 1515 1814
f 1687 1742 1513
f 1593 1513 1742
f 1512 1528 1591
f 1514 1512 1591
f 1612 1688 1511
f 1609 1511 1688
f 1607 1778 1510
f 1566 1510 1778
f 1548 1509 1609
f 1628 1507 1775
f 1586 1775 1507
f 1653 1506 1842
f 1649 1842 1506
f 1625 1651 1505
f 1505 1651 1524
f 1722 1504 1710
f 1526 1710 1504
f 1666 1503 1676
f 1524 1676 1503
f 1722 1750 1502
f 1537 1502 1750
f 1504 1722 1502
f 1709 1501 1790
f 1538 1790 1501
f 228 1708 1500
f 1534 1500 1708
f 52 53 77
f 1520 1577 1499
f 1499 1577 1517
f 1559 1498 52
f 85 52 1498
f 1518 1497 1559
f 1671 1747 1496
f 1516 1496 1747
f 1565 1495 1591
f 1514 1591 1495
f 1565 1631 1494
f 1547 1494 1631
f 1511 1609 1493
f 1509 1493 1609
f 1564 218 223
f 1492 223 218
f 1648 1491 1666
f 1503 1666 1491
f 85 64 63
f 1558 1490 1576
f 1519 1489 1577
f 1517 1577 1489
f 1664 292 193
f 49 193 292
f 1568 1671 1488
f 1496 1488 1671
f 1661 1487 1662
f 54 1732 186
f 1515 186 1732
f 220 54 186
f 1512 1514 1486
f 1668 1485 1670
f 224 46 294
f 221 224 294
f 293 294 46
f 223 1484 1547
f 1484 223 1492
f 1509 1548 1483
f 58 50 57
f 51 50 57
f 58 51 57
f 58 50 61
f 51 50 61
f 58 51 61
f 57 50 61
f 57 58 61
f 57 51 61
f 57 58 59
f 57 58 60
f 59 58 60
f 59 57 60
f 1605 1685 1482
f 1546 1482 1685
f 1564 58 213
f 60 58 213
f 217 1604 1481
f 1545 1626 1480
f 1527 1480 1626
f 1654 1699 1479
f 1623 1479 1699
f 1589 1625 1478
f 1505 1478 1625
f 1649 1477 1694
f 1523 1694 1477
f 1675 1476 1709
f 1622 1476 1675
f 1501 1709 1476
f 1665 1475 1648
f 1536 1475 1665
f 1558 1575 1474
f 1556 1473 1672
f 1664 219 1736
f 1532 1736 219
f 193 219 1664
f 193 1532 219
f 1487 1472 1662
f 1660 1471 1661
f 1487 1661 1471
f 1529 224 1470
f 294 1470 224
f 1529 1469 1548
f 1483 1548 1469
f 1528 1512 1468
f 1492 1468 1484
f 1528 296 51
f 61 51 296
f 1492 61 296
f 1468 296 1528
f 1468 1492 296
f 1481 1604 1467
f 1601 1683 1466
f 1590 1466 1683
f 65 216 229
f 217 229 216
f 65 217 216
f 1589 1465 1653
f 1506 1653 1465
f 1478 1465 1589
f 1491 1648 1464
f 1475 1464 1648
f 1600 1583 1463
f 228 1462 226
f 1522 226 1462
f 1500 1462 228
f 64 1576 79
f 63 64 79
f 63 73 79
f 52 53 74
f 1518 53 74
f 77 53 74
f 77 52 74
f 1498 1559 1461
f 1497 1461 1559
f 1533 1460 1575
f 1474 1575 1460
f 1719 1459 1720
f 1707 1458 1719
f 1459 1719 1458
f 1718 1720 1457
f 1574 1718 1457
f 1459 1457 1720
f 1672 1456 1707
f 1456 1672 1473
f 1458 1707 1456
f 1646 1662 1455
f 1472 1455 1662
f 1659 1454 1660
f 1471 1660 1454
f 1659 54 1453
f 186 1453 54
f 1454 1659 1453
f 1610 1592 1452
f 1530 1612 1451
f 1511 1451 1612
f 1493 1451 1511
f 1606 1610 1450
f 1452 1450 1610
f 1644 1449 1668
f 1485 1668 1449
f 1469 70 1483
f 213 68 60
f 1629 1654 1448
f 1479 1448 1654
f 1585 1601 1447
f 1466 1447 1601
f 63 77 72
f 63 73 72
f 1490 210 1576
f 79 1576 210
f 1497 1518 1446
f 1489 1445 1517
f 1634 1646 1444
f 1455 1444 1646
f 1495 1565 1443
f 1494 1443 1565
f 1486 1442 1512
f 1468 1512 1442
f 1468 1442 1484
f 1494 1547 1441
f 1484 1441 1547
f 1441 1484 1442
f 55 1440 1611
f 55 1687 295
f 1513 295 1687
f 1508 55 295
f 1440 55 295
f 1630 1439 1644
f 1629 1439 1630
f 1449 1644 1439
f 1448 1439 1629
f 218 67 1492
f 1492 67 61
f 1545 1438 1604
f 1480 1438 1545
f 1467 1604 1438
f 1467 1438 68
f 1641 1620 1437
f 77 52 75
f 63 77 75
f 74 52 75
f 74 77 75
f 72 77 75
f 72 63 75
f 1519 1521 1435
f 1498 80 85
f 63 85 80
f 1517 1434 1499
f 1445 1434 1517
f 1490 1558 1433
f 1474 1433 1558
f 1495 1432 1514
f 1486 1514 1432
f 1432 1495 1443
f 1567 1551 1431
f 1531 1431 1551
f 1613 1670 1430
f 1613 1430 1594
f 1531 1594 1430
f 1485 1430 1670
f 1567 1429 1592
f 1452 1592 1429
f 1530 1428 293
f 294 293 1428
f 1451 1428 1530
f 1493 1509 1427
f 1451 1493 1427
f 1428 1451 1427
f 58 56 51
f 1483 56 1509
f 57 58 56
f 57 51 56
f 1427 1509 56
f 58 51 62
f 57 58 62
f 57 51 62
f 296 62 51
f 57 58 71
f 59 58 71
f 59 57 71
f 60 58 71
f 60 57 71
f 60 59 71
f 68 60 71
f 71 68 1438
f 56 58 71
f 56 57 71
f 62 58 71
f 62 57 71
f 57 58 215
f 61 58 215
f 61 57 215
f 59 58 215
f 59 57 215
f 60 58 215
f 60 57 215
f 60 59 215
f 296 61 215
f 215 61 67
f 62 58 215
f 62 57 215
f 62 296 215
f 71 58 215
f 71 57 215
f 71 59 215
f 71 60 215
f 71 62 215
f 218 1564 212
f 213 212 1564
f 67 212 218
f 1590 1605 1426
f 1466 1590 1426
f 1527 65 1425
f 1480 1527 1425
f 1561 1585 1424
f 1447 1424 1585
f 1525 1423 1623
f 1479 1623 1423
f 1584 1422 1620
f 1422 1437 1620
f 1536 1600 1421
f 1475 1536 1421
f 1463 1421 1600
f 1489 1519 1419
f 1435 1419 1519
f 1461 1497 1418
f 1446 1418 1497
f 1461 1417 1498
f 80 1498 1417
f 1555 1415 1636
f 1554 1636 1415
f 1645 1414 1663
f 1635 1663 1414
f 1593 1634 1413
f 1513 1593 1413
f 1444 1413 1634
f 1442 1486 1412
f 1442 1412 1441
f 1432 1412 1486
f 1414 1645 1411
f 1566 1549 1410
f 1645 1658 1409
f 1411 1645 1409
f 1669 1408 1658
f 1409 1658 1408
f 1510 1566 1407
f 1410 1407 1566
f 1669 1667 1406
f 1406 1408 1669
f 1470 1405 1529
f 1469 1529 1405
f 70 1469 1405
f 1656 69 1686
f 1607 69 1656
f 1510 69 1607
f 68 70 69
f 1407 69 1510
f 1684 1686 90
f 1655 1684 90
f 68 70 90
f 69 90 1686
f 69 70 90
f 69 68 90
f 1507 1404 1586
f 1544 1586 1403
f 1404 1403 1586
f 1506 1402 1649
f 1477 1649 1402
f 1465 1402 1506
f 63 73 81
f 79 63 81
f 79 73 81
f 72 63 81
f 72 73 81
f 210 81 79
f 75 63 81
f 75 72 81
f 1520 201 1521
f 1435 1521 201
f 1533 64 82
f 85 82 64
f 63 64 82
f 63 85 82
f 79 64 82
f 79 63 82
f 1460 1533 82
f 80 85 82
f 80 63 82
f 1555 1615 1400
f 1400 1415 1555
f 1596 1399 1615
f 1571 1399 1596
f 1400 1615 1399
f 1398 1635 1414
f 1431 1397 1567
f 1429 1567 1397
f 1443 1494 1396
f 1441 1396 1494
f 1443 1396 1432
f 1412 1396 1441
f 1412 1432 1396
f 1395 1410 1549
f 1667 1657 1394
f 1394 1406 1667
f 1546 1606 1393
f 1450 1393 1606
f 65 217 205
f 1481 205 217
f 1467 205 1481
f 216 65 205
f 216 217 205
f 1425 65 205
f 86 216 205
f 1403 1392 1544
f 1424 1391 1561
f 1542 1561 1390
f 1525 1542 1390
f 1391 1390 1561
f 1523 1389 1584
f 1477 1389 1523
f 1422 1584 1389
f 1388 1420 1387
f 1460 1386 1474
f 1433 1474 1386
f 82 1386 1460
f 1416 200 49
f 1569 1385 1571
f 1399 1571 1385
f 1614 1384 1595
f 1549 1550 1383
f 1395 1549 1383
f 1611 1382 1614
f 1440 1382 1611
f 1384 1614 1382
f 1428 1381 294
f 1427 1381 1428
f 56 1381 1427
f 1643 1380 1632
f 67 66 218
f 71 60 66
f 71 56 66
f 71 66 62
f 215 60 66
f 67 66 215
f 215 62 66
f 215 71 66
f 212 218 66
f 212 67 66
f 212 56 66
f 1642 1379 1643
f 1627 1379 1642
f 1380 1643 1379
f 1438 211 71
f 66 71 211
f 1628 1655 89
f 1507 1628 89
f 90 89 1655
f 90 68 89
f 86 68 89
f 1404 1507 89
f 1543 1544 1378
f 1392 1378 1544
f 1539 1377 1583
f 1463 1583 1377
f 75 72 101
f 81 72 101
f 81 210 101
f 81 75 101
f 1436 214 208
f 1434 214 1499
f 1401 214 1436
f 201 214 1401
f 1445 1489 1375
f 1434 1445 1375
f 1419 1375 1489
f 214 1434 1375
f 1418 1374 1461
f 1417 1461 1374
f 49 1574 298
f 1457 298 1574
f 298 200 49
f 1570 1635 1373
f 1570 1373 1556
f 1398 1373 1635
f 1415 1372 1554
f 1553 1554 1371
f 1552 1553 1371
f 1372 1371 1554
f 1550 1552 1370
f 1370 1383 1550
f 1371 1370 1552
f 295 1513 1369
f 1413 1369 1513
f 1633 1368 1657
f 1394 1657 1368
f 1470 294 1367
f 1405 1470 1367
f 1367 294 1381
f 1632 1366 1633
f 1366 1632 1380
f 1368 1633 1366
f 1405 1365 70
f 1381 56 1365
f 1367 1365 1405
f 1381 1365 1367
f 70 91 1483
f 68 70 91
f 56 58 91
f 56 1483 91
f 71 58 91
f 71 68 91
f 71 56 91
f 212 91 56
f 69 70 91
f 69 68 91
f 90 70 91
f 90 68 91
f 90 69 91
f 1365 91 70
f 1365 56 91
f 60 58 87
f 213 58 87
f 213 60 87
f 68 60 87
f 68 213 87
f 56 58 87
f 71 58 87
f 71 60 87
f 71 68 87
f 71 56 87
f 212 213 87
f 212 56 87
f 90 68 87
f 86 68 87
f 66 60 87
f 66 56 87
f 66 71 87
f 66 212 87
f 87 71 211
f 87 66 211
f 87 68 89
f 87 90 89
f 87 86 89
f 91 58 87
f 91 68 87
f 91 56 87
f 91 71 87
f 91 212 87
f 91 90 87
f 1482 1364 1605
f 1426 1605 1364
f 1438 1480 1363
f 1425 1363 1480
f 205 1363 1425
f 211 1438 1363
f 211 1363 87
f 1603 1362 1627
f 1379 1627 1362
f 1541 1543 1361
f 1378 1361 1543
f 1540 1541 1360
f 1539 1540 1360
f 1360 1377 1539
f 1361 1360 1541
f 1621 1359 1622
f 1619 1641 1358
f 1619 1358 1621
f 1437 1358 1641
f 1359 1621 1358
f 1387 1420 204
f 204 1420 1376
f 1357 1387 204
f 190 1357 204
f 208 78 210
f 1436 208 78
f 81 210 78
f 101 210 78
f 101 81 78
f 75 74 93
f 81 210 76
f 78 210 76
f 78 81 76
f 63 77 83
f 63 85 83
f 63 73 83
f 79 63 83
f 79 73 83
f 72 77 83
f 72 63 83
f 72 73 83
f 75 77 83
f 75 63 83
f 75 72 83
f 81 63 83
f 81 73 83
f 81 79 83
f 81 72 83
f 81 75 83
f 82 85 83
f 82 63 83
f 82 79 83
f 77 52 84
f 85 52 84
f 74 52 84
f 74 84 1518
f 74 77 84
f 72 77 84
f 1446 1518 84
f 75 52 84
f 75 77 84
f 75 74 84
f 75 72 84
f 1418 1446 84
f 101 72 84
f 101 75 84
f 84 1374 1418
f 93 74 84
f 93 75 84
f 83 77 84
f 83 85 84
f 83 72 84
f 83 75 84
f 210 1490 209
f 208 210 209
f 1433 209 1490
f 1386 209 1433
f 1386 82 209
f 78 210 209
f 78 208 209
f 76 209 210
f 76 78 209
f 77 52 206
f 85 52 206
f 80 85 206
f 1417 206 80
f 206 1417 1374
f 83 77 206
f 83 85 206
f 84 52 206
f 84 77 206
f 84 85 206
f 206 1374 84
f 84 83 206
f 1563 1356 1603
f 1362 1603 1356
f 1587 1602 1355
f 1447 1466 1354
f 1424 1447 1354
f 1563 1587 1353
f 1356 1563 1353
f 1355 1353 1587
f 1423 1525 1352
f 1390 1352 1525
f 1478 1505 1351
f 1524 1350 1505
f 1503 1350 1524
f 1351 1505 1350
f 1476 1622 1349
f 1359 1349 1622
f 1640 1618 1348
f 1599 1348 1618
f 1348 1347 1640
f 1639 1640 1346
f 1617 1639 1346
f 1347 1346 1640
f 101 81 99
f 78 81 99
f 78 101 99
f 1344 99 101
f 1419 1435 1343
f 201 1343 1435
f 214 1343 201
f 1375 1419 1343
f 1375 1343 214
f 1430 1342 1531
f 91 1341 69
f 1588 1340 1602
f 1562 1340 1588
f 1355 1602 1340
f 1526 1339 1562
f 1340 1562 1339
f 1389 1477 1338
f 1491 1337 1503
f 1350 1503 1337
f 1389 97 1422
f 1599 1582 1335
f 1535 1335 1582
f 1333 1348 1599
f 1335 1333 1599
f 1560 1580 1331
f 1336 1560 1331
f 1578 1330 1580
f 1331 1580 1330
f 1329 1617 1346
f 1328 1345 1332
f 1332 1334 1328
f 1387 1327 1388
f 1357 1327 1387
f 190 1327 1357
f 204 190 98
f 1376 1420 1325
f 1344 1324 99
f 1344 101 187
f 1344 187 1324
f 1324 187 1326
f 201 1401 1323
f 78 208 207
f 209 207 208
f 209 78 207
f 63 85 94
f 79 63 94
f 72 63 94
f 75 63 94
f 75 72 94
f 80 85 94
f 80 63 94
f 81 63 94
f 81 79 94
f 81 72 94
f 81 75 94
f 82 85 94
f 82 63 94
f 82 79 94
f 82 80 94
f 83 85 94
f 83 63 94
f 83 79 94
f 83 72 94
f 83 75 94
f 83 81 94
f 83 82 94
f 84 85 94
f 84 72 94
f 84 75 94
f 84 83 94
f 209 82 94
f 206 85 94
f 206 80 94
f 206 83 94
f 206 84 94
f 1473 1556 1322
f 1373 1322 1556
f 1431 1531 1321
f 1397 1431 1321
f 1342 1321 1531
f 1449 1320 1485
f 1430 1485 1320
f 295 1319 1440
f 1382 1440 1319
f 1369 1319 295
f 1450 1452 1318
f 1429 1318 1452
f 1393 1450 1318
f 1482 1546 1317
f 1393 1317 1546
f 1467 68 92
f 86 92 216
f 86 68 92
f 205 1467 92
f 205 216 92
f 205 92 86
f 89 68 92
f 89 86 92
f 87 68 92
f 87 86 92
f 89 87 92
f 1363 205 92
f 1363 92 87
f 1448 1479 1316
f 1423 1316 1479
f 1504 1315 1526
f 1339 1526 1315
f 1358 1437 1314
f 1560 1313 1537
f 1336 1313 1560
f 1535 1538 1312
f 1335 1535 1312
f 1581 1617 1311
f 1329 1311 1617
f 222 1310 1579
f 1522 1310 222
f 1578 1579 1309
f 1330 1578 1309
f 1310 1309 1579
f 1345 1328 1308
f 1308 1304 1345
f 1306 1345 1304
f 1305 1326 1304
f 1305 1304 1308
f 1324 1326 1302
f 1305 1302 1326
f 1303 1324 1302
f 204 203 190
f 98 190 203
f 98 203 204
f 99 78 202
f 99 1324 202
f 1303 98 202
f 1303 202 1324
f 203 202 98
f 1499 297 1520
f 201 1520 297
f 214 297 1499
f 214 297 208
f 214 201 297
f 1323 297 201
f 207 208 297
f 193 49 88
f 1416 49 88
f 200 49 88
f 200 1416 88
f 298 49 88
f 200 298 88
f 1569 1595 1301
f 1384 1301 1595
f 1472 1487 1300
f 1471 1300 1487
f 1455 1472 1300
f 1444 1455 1299
f 1413 1444 1299
f 69 1407 198
f 90 69 198
f 91 69 198
f 91 90 198
f 87 90 198
f 87 91 198
f 1341 198 69
f 1341 91 198
f 71 68 199
f 69 68 199
f 90 68 199
f 90 69 199
f 89 68 199
f 89 90 199
f 91 68 199
f 91 71 199
f 91 69 199
f 91 90 199
f 87 68 199
f 87 71 199
f 87 90 199
f 89 87 199
f 87 91 199
f 198 69 199
f 198 90 199
f 198 91 199
f 198 87 199
f 89 87 1298
f 1298 92 89
f 1298 87 92
f 1465 1478 1297
f 1402 1465 1297
f 1351 1297 1478
f 1402 1296 1477
f 1338 1477 1296
f 1297 1296 1402
f 1315 1504 1295
f 1502 1537 1294
f 1502 1294 1504
f 1294 1537 1313
f 1295 1504 1294
f 1464 1293 1491
f 1337 1491 1293
f 1501 1292 1538
f 1292 1312 1538
f 95 196 97
f 195 196 97
f 1334 196 95
f 1332 196 1334
f 1462 1291 1522
f 1291 1310 1522
f 1534 1581 1290
f 1500 1534 1290
f 1290 1581 1311
f 1289 1345 1306
f 75 74 102
f 75 72 102
f 101 72 102
f 101 75 102
f 93 74 102
f 93 75 102
f 84 74 102
f 84 72 102
f 84 75 102
f 84 101 102
f 84 93 102
f 1401 1436 1288
f 78 1288 1436
f 207 1288 78
f 1288 207 297
f 206 84 194
f 94 84 194
f 94 206 194
f 102 84 194
f 1616 1287 1598
f 1597 1287 1616
f 1572 1286 1597
f 1287 1597 1286
f 1532 1285 1572
f 1286 1572 1285
f 193 1284 1532
f 1285 1532 1284
f 1515 1568 1282
f 1283 1282 1568
f 1397 1281 1429
f 1318 1429 1281
f 1407 1410 1280
f 198 1407 1280
f 1439 1279 1449
f 1320 1449 1279
f 1439 1448 1278
f 1316 1278 1448
f 1426 1277 1466
f 1354 1466 1277
f 1403 1404 1276
f 89 1276 1404
f 1391 1424 1275
f 1354 1275 1424
f 1277 1275 1354
f 1338 96 1389
f 97 1389 96
f 95 97 96
f 1437 1422 197
f 97 197 1422
f 195 97 197
f 1314 1437 197
f 196 97 197
f 196 195 197
f 1293 1464 1274
f 1421 1463 1273
f 1377 1273 1463
f 1476 1272 1501
f 1292 1501 1272
f 1464 1475 1271
f 1421 1271 1475
f 1274 1464 1271
f 1462 1500 1270
f 1290 1270 1500
f 1388 1269 1420
f 1325 1420 1269
f 1307 1269 1388
f 75 72 103
f 81 72 103
f 81 75 103
f 101 72 103
f 101 75 103
f 101 81 103
f 78 81 103
f 78 101 103
f 209 103 78
f 99 81 103
f 99 101 103
f 99 78 103
f 94 72 103
f 94 75 103
f 94 81 103
f 94 103 209
f 75 72 104
f 81 72 104
f 81 75 104
f 101 72 104
f 101 75 104
f 101 81 104
f 93 75 104
f 83 72 104
f 83 75 104
f 83 81 104
f 84 72 104
f 84 75 104
f 84 101 104
f 84 93 104
f 84 83 104
f 94 72 104
f 94 75 104
f 94 81 104
f 94 83 104
f 94 84 104
f 102 72 104
f 102 75 104
f 102 101 104
f 102 93 104
f 102 84 104
f 194 84 104
f 194 94 104
f 194 104 102
f 103 72 104
f 103 75 104
f 103 81 104
f 103 101 104
f 103 94 104
f 1268 1598 1287
f 1573 1598 1267
f 1557 1573 1267
f 1268 1267 1598
f 219 193 192
f 88 192 193
f 1284 193 192
f 1385 1569 1266
f 1301 1266 1569
f 1488 1265 1568
f 1265 1283 1568
f 1300 1264 1455
f 1299 1455 1264
f 1263 1299 1264
f 186 1515 299
f 186 299 220
f 1282 299 1515
f 1299 1262 1413
f 1263 1262 1299
f 1279 1439 1261
f 1261 1439 1278
f 95 97 191
f 96 97 191
f 96 95 191
f 1349 1260 1476
f 1260 1272 1476
f 1291 1462 1259
f 1259 1462 1270
f 1273 1258 1421
f 1258 1271 1421
f 95 97 108
f 195 97 108
f 1334 95 108
f 96 97 108
f 96 95 108
f 191 97 108
f 191 95 108
f 191 96 108
f 1328 1334 1257
f 108 1257 1334
f 1345 1256 1332
f 196 1332 1256
f 1289 1256 1345
f 1308 1328 1255
f 1257 1255 1328
f 1327 1254 1388
f 1307 1388 1254
f 1327 190 300
f 98 300 190
f 1302 1305 1253
f 1302 1253 1303
f 1303 1252 98
f 300 98 1252
f 1252 1303 1253
f 1376 1251 204
f 203 204 1251
f 1325 1250 1376
f 1251 1376 1250
f 102 75 106
f 106 75 104
f 106 102 104
f 101 81 100
f 99 81 100
f 99 101 100
f 187 101 100
f 100 81 103
f 100 101 103
f 100 99 103
f 100 81 104
f 100 101 104
f 103 100 104
f 100 106 104
f 1323 1401 1249
f 297 1323 1249
f 1288 1249 1401
f 297 1249 1288
f 1473 1248 1456
f 1322 1248 1473
f 1516 1557 1247
f 1267 1247 1557
f 1247 1246 1516
f 1496 1516 1245
f 1488 1496 1245
f 1265 1488 1245
f 1246 1245 1516
f 1262 1263 1244
f 1264 1243 1263
f 1244 1263 1243
f 1410 1395 1242
f 1280 1410 1242
f 1352 1241 1423
f 1316 1423 1241
f 1305 1308 1240
f 1255 1240 1308
f 1253 1305 1240
f 1254 1327 1239
f 300 1239 1327
f 1306 1238 1289
f 1304 1237 1306
f 1238 1306 1237
f 187 189 1326
f 1304 1326 189
f 106 102 189
f 1237 1304 189
f 102 93 107
f 106 102 107
f 189 187 107
f 189 102 107
f 189 107 106
f 78 81 188
f 99 81 188
f 99 78 188
f 202 78 188
f 202 99 188
f 103 81 188
f 103 78 188
f 103 99 188
f 100 81 188
f 100 99 188
f 103 100 188
f 101 72 105
f 187 101 105
f 102 72 105
f 102 101 105
f 102 93 105
f 103 72 105
f 103 101 105
f 104 72 105
f 104 101 105
f 104 93 105
f 104 102 105
f 104 103 105
f 106 102 105
f 104 106 105
f 100 101 105
f 100 105 187
f 103 100 105
f 104 100 105
f 100 106 105
f 107 93 105
f 107 187 105
f 107 102 105
f 107 106 105
f 1243 1264 1236
f 186 220 118
f 1453 186 118
f 299 118 220
f 299 186 118
f 1369 1413 1235
f 1342 1430 1234
f 1320 1234 1430
f 1364 1482 1233
f 1317 1233 1482
f 1364 180 1426
f 1277 1426 180
f 1260 1349 1232
f 1358 1231 1359
f 1349 1359 1231
f 1232 1349 1231
f 1256 1289 1230
f 1230 1289 1238
f 1269 1307 1229
f 1254 1229 1307
f 1269 1228 1325
f 1250 1325 1228
f 104 185 106
f 104 100 185
f 100 106 185
f 107 106 185
f 185 100 188
f 298 1457 1227
f 1456 1226 1458
f 1248 1226 1456
f 1243 1225 1244
f 1244 183 1262
f 1225 183 1244
f 1300 1471 1224
f 1454 1223 1471
f 1453 1223 1454
f 118 1223 1453
f 1224 1471 1223
f 1383 1222 1395
f 1242 1395 1222
f 1321 1221 1397
f 1281 1397 1221
f 202 203 1220
f 1251 1220 203
f 188 202 1219
f 1220 1219 202
f 1457 1459 1216
f 1216 1227 1457
f 1458 1215 1459
f 1215 1458 1226
f 1216 1459 1215
f 1399 1214 1400
f 1415 1400 1213
f 1214 1213 1400
f 1319 1369 1212
f 1235 1212 1369
f 1392 1403 1211
f 1276 1211 1403
f 1378 1392 1210
f 1211 1210 1392
f 1390 1391 177
f 1352 1390 177
f 1241 1352 177
f 300 184 190
f 1252 1209 300
f 1220 1209 1219
f 184 300 1209
f 1209 1220 184
f 183 1225 110
f 1385 1208 1399
f 1214 1399 1208
f 1266 1207 1385
f 1208 1385 1207
f 1264 1300 1206
f 1224 1206 1300
f 1411 1205 1414
f 1409 1205 1411
f 1414 1205 1398
f 1210 1204 1378
f 1314 1203 1358
f 108 191 1202
f 1257 108 1202
f 197 196 1201
f 1256 1200 196
f 1201 196 1200
f 1255 1257 1199
f 1202 1199 1257
f 1240 1255 1198
f 1199 1198 1255
f 1240 1197 1253
f 300 190 109
f 1239 109 1254
f 1239 300 109
f 184 109 190
f 184 300 109
f 1229 1196 1269
f 1228 1269 1196
f 1253 1195 1252
f 1209 1252 1195
f 1219 1209 1195
f 1197 1195 1253
f 1250 1194 1251
f 1220 1251 1194
f 1220 1194 184
f 109 184 1194
f 188 1193 185
f 1219 1193 188
f 1195 1193 1219
f 107 1192 189
f 185 1192 107
f 1193 1192 185
f 1217 1191 1218
f 88 298 1189
f 1227 1189 298
f 1188 110 1225
f 1236 1187 1243
f 1225 1243 1187
f 1188 1225 1187
f 1236 1264 1186
f 1206 1186 1264
f 1262 1185 1413
f 183 1185 1262
f 1222 1383 1184
f 1321 1342 1183
f 1221 1321 1183
f 1319 1182 1382
f 1212 1181 1319
f 1182 1319 1181
f 1205 1409 1180
f 1281 1179 1318
f 1221 1179 1281
f 1296 1297 1178
f 1296 1177 1338
f 1178 1177 1296
f 96 1338 1176
f 1177 1176 1338
f 191 96 1175
f 1176 1175 96
f 1174 1202 191
f 1175 1174 191
f 197 1173 1314
f 1173 1203 1314
f 1173 197 1201
f 1238 1172 1230
f 1229 1254 1171
f 1171 1254 109
f 1171 1196 1229
f 1237 1170 1238
f 1172 1238 1170
f 189 1169 1237
f 1169 189 1192
f 1170 1237 1169
f 1228 1168 1250
f 1196 1168 1228
f 1168 1194 1250
f 1168 109 1194
f 109 1168 1171
f 1196 1171 1168
f 110 1188 1167
f 1373 1398 1166
f 1205 1166 1398
f 1234 182 1342
f 1183 1342 182
f 1408 1165 1409
f 1180 1409 1165
f 1408 1406 1164
f 1165 1408 1164
f 1242 1163 1280
f 199 1162 89
f 1276 89 1162
f 1211 1276 1161
f 1162 1161 1276
f 1275 1277 1160
f 1297 1351 1158
f 1178 1297 1158
f 1361 1378 1157
f 1204 1157 1378
f 1230 1156 1256
f 1200 1256 1156
f 1172 1156 1230
f 1198 1155 1240
f 1197 1240 1155
f 1195 1197 1155
f 1193 1195 1154
f 1192 1193 1154
f 1192 1154 1169
f 1155 1154 1195
f 1155 1169 1154
f 1191 1153 1218
f 1190 1152 111
f 1152 117 111
f 110 183 113
f 192 88 1150
f 1189 1150 88
f 1187 1236 1149
f 1186 1149 1236
f 110 183 114
f 1185 183 114
f 113 183 114
f 113 110 114
f 1383 1370 1148
f 1184 1383 1148
f 1382 1147 1384
f 1182 1147 1382
f 1406 1394 1146
f 1146 1164 1406
f 1318 1145 1393
f 1317 1393 1145
f 1179 1145 1318
f 199 198 1144
f 1280 1144 198
f 1163 1144 1280
f 180 1143 1277
f 1143 1160 1277
f 1278 1316 1142
f 1241 1142 1316
f 177 1142 1241
f 1350 1141 1351
f 1337 1141 1350
f 1158 1351 1141
f 1377 1360 1140
f 1360 1361 1140
f 1157 1140 1361
f 1273 1377 1139
f 1140 1139 1377
f 1190 111 1138
f 1167 1188 1134
f 1135 1167 1134
f 1167 174 110
f 113 110 174
f 114 110 174
f 114 113 174
f 1135 174 1167
f 1166 1133 1373
f 1371 1372 1132
f 1370 1371 1132
f 1148 1370 1132
f 1279 1131 1320
f 1234 1320 1131
f 182 1234 1131
f 1368 1130 1394
f 1146 1394 1130
f 1379 1129 1380
f 1380 1129 1366
f 1233 1317 1128
f 1145 1128 1317
f 1162 199 1127
f 1144 1127 199
f 1233 181 1364
f 180 1364 181
f 1362 1126 1379
f 1129 1379 1126
f 1293 1125 1337
f 1141 1337 1125
f 1170 1124 1172
f 1169 1124 1170
f 1156 1172 1124
f 1155 1124 1169
f 1191 1217 1123
f 117 163 111
f 1119 1120 1151
f 1118 1137 1136
f 1187 1117 1188
f 1134 1188 1117
f 1372 1415 1116
f 1213 1116 1415
f 1116 1132 1372
f 1301 1384 1115
f 1147 1115 1384
f 1222 1113 1242
f 1163 1242 1113
f 1366 1112 1368
f 1130 1368 1112
f 1112 1366 1129
f 1356 1111 1362
f 1126 1362 1111
f 1202 1174 1110
f 1199 1202 1108
f 1110 1108 1202
f 1109 1108 1110
f 1200 1107 1201
f 1201 1107 1173
f 1156 1107 1200
f 1109 1173 1107
f 1108 1109 1107
f 1198 1199 1106
f 1108 1106 1199
f 1107 1106 1108
f 1155 1198 1105
f 1105 1156 1124
f 1105 1124 1155
f 1107 1156 1105
f 1106 1105 1198
f 1106 1107 1105
f 1123 1217 1104
f 1122 1104 1217
f 1152 1190 1103
f 1217 1218 161
f 115 161 1218
f 1122 1217 161
f 1122 1151 178
f 1121 178 179
f 119 179 178
f 119 178 1151
f 1122 121 1151
f 161 121 1122
f 163 111 1101
f 115 117 116
f 161 115 116
f 121 161 116
f 116 161 122
f 116 115 112
f 116 121 112
f 122 116 112
f 1119 1151 125
f 121 125 1151
f 116 121 125
f 122 116 125
f 112 121 125
f 112 116 125
f 112 122 125
f 119 1151 1100
f 1120 1100 1151
f 1136 1137 1099
f 174 1135 1097
f 1134 1096 1135
f 1322 1373 1095
f 1133 1095 1373
f 1353 1094 1356
f 1111 1356 1094
f 1353 1355 1093
f 1094 1353 1093
f 1315 1092 1339
f 1275 173 1391
f 177 1391 173
f 1160 173 1275
f 1159 173 177
f 1174 1175 1091
f 1110 1174 1091
f 1109 1110 1091
f 1125 1293 1090
f 1331 1089 1336
f 1313 1336 1089
f 1123 1088 1191
f 1153 1087 1218
f 115 1218 1087
f 1121 179 1086
f 1086 179 1102
f 119 179 166
f 1102 179 166
f 159 125 121
f 112 116 134
f 125 134 1119
f 125 116 134
f 125 112 134
f 136 112 134
f 134 137 1119
f 134 136 137
f 1118 1085 1137
f 1085 1118 1098
f 1120 1119 139
f 137 176 1119
f 139 1119 176
f 1084 176 137
f 1083 1135 1096
f 1149 1082 1187
f 1117 1187 1082
f 1183 1081 1221
f 1179 1221 1081
f 1145 1179 1081
f 1261 1080 1279
f 1131 1279 1080
f 1278 1079 1261
f 1142 1079 1278
f 1340 1078 1355
f 1093 1355 1078
f 1339 1077 1340
f 1077 1339 1092
f 1078 1340 1077
f 1092 1315 1076
f 1203 1173 1075
f 1109 1075 1173
f 1091 1075 1109
f 1075 1074 1203
f 1231 1358 1073
f 1203 1073 1358
f 1074 1073 1203
f 1259 1072 1291
f 1330 1071 1331
f 1089 1331 1071
f 1153 1191 1070
f 1088 1070 1191
f 1087 1153 1070
f 1138 1069 1190
f 1103 1190 1069
f 1138 111 120
f 163 111 120
f 1101 111 120
f 1101 120 163
f 136 112 130
f 176 139 138
f 1136 1068 1118
f 1083 1067 1135
f 1068 1136 1066
f 176 139 154
f 138 139 154
f 138 154 176
f 1117 1065 1134
f 1096 1134 1065
f 1235 1413 1063
f 1212 1235 1063
f 1185 1063 1413
f 1064 1063 1185
f 1080 1261 1062
f 1079 1062 1261
f 1295 1061 1315
f 1294 1061 1295
f 1076 1315 1061
f 1232 1060 1260
f 1274 1059 1293
f 1090 1293 1059
f 1060 1232 1058
f 1258 1273 1057
f 1139 1057 1273
f 1231 1056 1232
f 1073 1056 1231
f 1058 1232 1056
f 1272 1260 1055
f 1060 1055 1260
f 1313 1054 1294
f 1089 1054 1313
f 1270 1053 1259
f 1072 1259 1053
f 1272 1052 1292
f 1055 1052 1272
f 1270 1290 1051
f 1053 1270 1051
f 1312 1050 1335
f 1312 1292 1050
f 1052 1050 1292
f 1310 1291 1049
f 1072 1049 1291
f 1050 1048 1335
f 1051 1290 1047
f 1348 1333 1046
f 1333 1335 1046
f 1048 1046 1335
f 1049 1045 1310
f 1311 1044 1290
f 1047 1290 1044
f 1309 1043 1330
f 1071 1330 1043
f 1309 1310 1042
f 1045 1042 1310
f 1042 1043 1309
f 1311 1329 1041
f 1044 1311 1041
f 115 117 123
f 163 117 123
f 161 115 123
f 121 161 123
f 116 117 123
f 116 115 123
f 116 161 123
f 116 121 123
f 122 161 123
f 122 116 123
f 112 115 123
f 112 121 123
f 112 116 123
f 112 122 123
f 123 112 130
f 112 116 128
f 136 128 112
f 123 163 128
f 123 116 128
f 123 112 128
f 1100 1120 1040
f 139 1040 1120
f 1085 1039 1137
f 1099 1137 1038
f 1039 1038 1137
f 1098 1118 1037
f 1068 1037 1118
f 1097 1135 1036
f 1036 1135 1067
f 1036 154 1097
f 1036 138 154
f 113 110 175
f 114 110 175
f 114 113 175
f 174 110 175
f 174 113 175
f 174 114 175
f 1248 1322 1035
f 1095 1035 1322
f 192 1034 1284
f 1082 1149 1033
f 114 1032 1185
f 1032 1064 1185
f 175 1032 114
f 1115 1031 1301
f 1282 1283 1030
f 1186 1206 1029
f 299 1282 1028
f 1030 1028 1282
f 1149 1186 1027
f 1033 1149 1027
f 1029 1027 1186
f 1143 180 170
f 1128 170 1233
f 181 1233 170
f 181 180 170
f 1159 177 140
f 1142 177 140
f 173 177 140
f 173 1159 140
f 1079 1142 140
f 1176 1177 1026
f 1177 1178 1025
f 1026 1177 1025
f 1061 1294 1024
f 1024 1294 1054
f 1271 1023 1274
f 1059 1274 1023
f 1271 1258 1022
f 1057 1022 1258
f 1022 1023 1271
f 1046 1021 1348
f 1347 1348 1020
f 1346 1347 1020
f 1021 1020 1348
f 1346 1019 1329
f 1041 1329 1019
f 1020 1019 1346
f 1103 1018 1152
f 1084 1098 1017
f 1037 1017 1098
f 1099 1016 1136
f 1066 1136 1016
f 1097 1015 174
f 175 174 1015
f 1284 1014 1285
f 1034 1014 1284
f 1283 1265 1013
f 1030 1283 1013
f 1028 1012 299
f 1181 1212 1011
f 1063 1011 1212
f 1184 1010 1222
f 1113 1222 1010
f 182 171 1183
f 1114 171 182
f 1081 1183 171
f 1161 1162 1009
f 1088 1123 1008
f 1070 1088 1008
f 1087 1007 115
f 1104 1122 1006
f 178 1006 1122
f 1102 1005 1086
f 166 1005 1102
f 117 1152 126
f 115 117 126
f 161 115 126
f 116 117 126
f 116 115 126
f 116 161 126
f 123 117 126
f 123 115 126
f 123 161 126
f 123 116 126
f 1007 126 115
f 1040 152 1100
f 176 1084 1004
f 154 176 1004
f 1017 1004 1084
f 1096 1003 1083
f 154 1002 1097
f 1002 1015 1097
f 1065 1001 1096
f 1003 1096 1001
f 1285 1000 1286
f 1000 1285 1014
f 1226 1248 999
f 1035 999 1248
f 1181 998 1182
f 1011 998 1181
f 1131 172 182
f 1114 182 172
f 1080 172 1131
f 171 182 172
f 171 1114 172
f 1144 1163 997
f 1113 997 1163
f 1128 1145 996
f 1081 996 1145
f 171 996 1081
f 1210 1211 995
f 1204 1210 995
f 1069 1138 994
f 120 994 1138
f 121 161 124
f 116 161 124
f 116 121 124
f 125 121 124
f 125 116 124
f 126 161 124
f 126 116 124
f 1100 165 119
f 166 119 165
f 152 165 1100
f 1039 1085 993
f 1038 992 1099
f 1016 1099 992
f 1286 991 1287
f 1000 991 1286
f 1227 1216 990
f 1189 1227 990
f 1150 1189 990
f 1033 989 1082
f 1245 988 1265
f 1013 1265 988
f 1266 1301 987
f 1207 1266 987
f 1031 987 1301
f 118 299 986
f 1012 986 299
f 181 180 169
f 170 169 180
f 170 1128 169
f 170 181 169
f 996 169 1128
f 1175 1176 985
f 1091 1175 985
f 1026 985 1176
f 1070 984 1087
f 1008 984 1070
f 1007 1087 984
f 1104 983 1123
f 1008 1123 983
f 1006 983 1104
f 984 1008 983
f 168 124 161
f 168 1006 124
f 984 168 1007
f 983 1006 168
f 983 168 984
f 1069 982 1103
f 1018 1103 982
f 982 1069 994
f 178 1121 158
f 1086 158 1121
f 159 158 178
f 1006 178 158
f 1005 158 1086
f 119 167 179
f 166 179 167
f 166 119 167
f 1005 166 167
f 167 119 165
f 167 166 165
f 158 1005 167
f 167 165 158
f 123 163 162
f 128 163 162
f 128 123 162
f 1018 162 1152
f 126 1152 162
f 126 162 123
f 982 162 1018
f 120 163 164
f 128 163 164
f 994 120 164
f 994 164 982
f 162 163 164
f 162 128 164
f 162 982 164
f 121 161 127
f 116 161 127
f 116 121 127
f 122 161 127
f 122 116 127
f 125 121 127
f 125 116 127
f 125 122 127
f 134 116 127
f 134 125 127
f 123 161 127
f 123 121 127
f 123 116 127
f 123 122 127
f 126 161 127
f 126 116 127
f 126 123 127
f 124 161 127
f 124 121 127
f 124 116 127
f 124 125 127
f 124 126 127
f 168 161 127
f 124 168 127
f 116 121 160
f 112 121 160
f 112 116 160
f 123 121 160
f 123 116 160
f 123 112 160
f 126 116 160
f 126 123 160
f 124 121 160
f 124 116 160
f 124 126 160
f 127 121 160
f 127 116 160
f 127 123 160
f 127 126 160
f 127 124 160
f 116 121 132
f 112 121 132
f 112 116 132
f 125 121 132
f 125 116 132
f 125 112 132
f 136 112 132
f 134 116 132
f 134 112 132
f 134 125 132
f 134 136 132
f 130 112 132
f 130 136 132
f 123 121 132
f 123 116 132
f 123 112 132
f 130 123 132
f 128 116 132
f 128 112 132
f 128 136 132
f 128 123 132
f 126 116 132
f 126 123 132
f 124 121 132
f 124 116 132
f 124 125 132
f 124 126 132
f 127 121 132
f 127 116 132
f 127 125 132
f 127 134 132
f 127 123 132
f 127 126 132
f 127 124 132
f 981 1039 993
f 1098 980 1085
f 1084 980 1098
f 993 1085 980
f 1066 979 1068
f 980 979 993
f 1067 978 1036
f 1016 977 1066
f 993 977 981
f 979 1066 977
f 979 977 993
f 1067 1083 976
f 1003 976 1083
f 978 1067 976
f 975 1287 991
f 1215 974 1216
f 974 990 1216
f 1226 973 1215
f 999 973 1226
f 974 1215 973
f 990 972 1150
f 1213 1214 971
f 1116 1213 971
f 1166 1205 970
f 1180 969 1205
f 1165 969 1180
f 970 1205 969
f 1160 1143 968
f 173 1160 968
f 170 968 1143
f 1158 967 1178
f 1025 1178 967
f 124 1006 966
f 158 966 1006
f 123 163 157
f 123 116 157
f 128 157 163
f 128 116 157
f 128 123 157
f 125 121 141
f 159 178 141
f 159 121 141
f 125 159 141
f 124 121 141
f 124 125 141
f 158 141 178
f 158 159 141
f 127 121 141
f 127 125 141
f 127 124 141
f 132 121 141
f 132 125 141
f 132 124 141
f 132 127 141
f 966 141 124
f 966 158 141
f 112 116 129
f 123 116 129
f 123 112 129
f 128 116 129
f 128 112 129
f 128 123 129
f 160 116 129
f 160 112 129
f 160 123 129
f 157 116 129
f 157 123 129
f 157 128 129
f 136 112 131
f 134 112 131
f 134 136 131
f 130 112 131
f 130 136 131
f 123 112 131
f 130 123 131
f 127 134 131
f 127 123 131
f 132 112 131
f 132 136 131
f 132 134 131
f 132 130 131
f 132 123 131
f 132 127 131
f 129 131 112
f 129 123 131
f 125 112 135
f 136 112 135
f 134 112 135
f 134 125 135
f 134 136 135
f 132 112 135
f 132 125 135
f 132 136 135
f 132 134 135
f 131 112 135
f 131 136 135
f 131 134 135
f 131 132 135
f 134 125 133
f 134 136 133
f 137 136 133
f 137 134 133
f 132 125 133
f 132 136 133
f 132 134 133
f 141 125 133
f 141 132 133
f 131 136 133
f 131 134 133
f 131 132 133
f 135 125 133
f 135 136 133
f 135 134 133
f 135 132 133
f 135 131 133
f 1038 1039 965
f 992 1038 965
f 981 965 1039
f 134 136 156
f 137 136 156
f 137 134 156
f 1084 137 156
f 980 1084 156
f 135 136 156
f 135 134 156
f 133 136 156
f 133 134 156
f 133 137 156
f 133 135 156
f 138 139 155
f 154 139 155
f 154 155 138
f 1040 139 155
f 1017 1037 964
f 1037 1068 963
f 979 963 1068
f 979 980 963
f 156 963 980
f 964 1037 963
f 964 963 156
f 1036 962 138
f 978 962 1036
f 155 138 962
f 1287 961 1268
f 975 961 1287
f 1267 1268 960
f 1247 1267 960
f 961 960 1268
f 1015 959 175
f 1082 958 1117
f 1065 1117 958
f 960 957 1247
f 1032 175 956
f 959 956 175
f 1246 1247 955
f 1245 1246 955
f 988 1245 955
f 957 955 1247
f 1150 954 192
f 1034 192 954
f 972 954 1150
f 1207 953 1208
f 987 953 1207
f 1064 1032 952
f 956 952 1032
f 1027 951 1033
f 1223 118 950
f 986 950 118
f 1063 1064 949
f 952 949 1064
f 1010 1184 948
f 1147 1182 947
f 998 947 1182
f 1062 1079 946
f 140 173 946
f 140 946 1079
f 968 946 173
f 995 945 1204
f 126 1007 944
f 168 944 1007
f 127 126 944
f 127 944 168
f 165 152 943
f 125 121 153
f 134 125 153
f 127 121 153
f 127 125 153
f 127 134 153
f 132 121 153
f 132 125 153
f 132 134 153
f 132 127 153
f 141 121 153
f 141 125 153
f 141 127 153
f 141 132 153
f 153 125 133
f 153 134 133
f 153 132 133
f 153 141 133
f 152 1040 301
f 301 1040 155
f 943 152 301
f 992 942 1016
f 977 1016 942
f 977 942 981
f 965 942 992
f 965 981 942
f 1004 1017 941
f 964 941 1017
f 964 156 941
f 1004 940 154
f 1002 154 940
f 1001 939 1003
f 976 1003 939
f 940 938 1002
f 1001 1065 937
f 937 1065 958
f 939 1001 937
f 1015 1002 936
f 936 959 1015
f 938 936 1002
f 989 935 1082
f 958 1082 935
f 1208 934 1214
f 971 1214 934
f 989 1033 933
f 933 1033 951
f 935 989 933
f 951 932 933
f 949 931 1063
f 932 931 949
f 1062 930 1080
f 172 1080 930
f 172 930 171
f 996 171 929
f 169 996 929
f 930 929 171
f 1161 928 1211
f 1009 928 1161
f 995 1211 928
f 1075 1091 927
f 985 927 1091
f 165 926 158
f 141 158 926
f 943 926 165
f 962 925 155
f 941 925 1004
f 940 1004 925
f 940 925 962
f 959 936 924
f 935 924 958
f 956 959 923
f 952 956 923
f 924 923 959
f 924 935 923
f 953 922 1208
f 934 1208 922
f 949 952 921
f 933 921 935
f 932 949 921
f 932 921 933
f 923 921 952
f 923 935 921
f 1027 1029 920
f 951 1027 920
f 969 1165 919
f 946 918 1062
f 946 968 918
f 930 1062 918
f 929 930 918
f 1009 1162 917
f 1141 916 1158
f 967 1158 916
f 1074 1075 915
f 927 915 1075
f 153 141 914
f 301 914 943
f 926 914 141
f 926 943 914
f 156 133 151
f 133 153 151
f 301 152 151
f 155 151 301
f 941 156 151
f 151 155 925
f 151 925 941
f 914 151 153
f 914 301 151
f 976 913 978
f 962 978 913
f 940 962 913
f 939 912 976
f 913 976 912
f 958 911 937
f 911 958 924
f 911 924 936
f 1133 1166 910
f 970 910 1166
f 1223 909 1224
f 1206 1224 909
f 1029 1206 909
f 950 909 1223
f 909 920 1029
f 932 951 908
f 931 932 908
f 920 908 951
f 947 907 1147
f 1164 906 1165
f 906 919 1165
f 997 905 1144
f 169 904 170
f 968 170 904
f 929 904 169
f 918 968 904
f 918 904 929
f 1157 1204 903
f 945 903 1204
f 1139 1140 902
f 1057 1139 902
f 938 940 901
f 937 901 939
f 936 938 901
f 913 901 940
f 912 939 901
f 912 901 913
f 911 901 937
f 911 936 901
f 910 900 1133
f 1164 1146 899
f 906 1164 899
f 1025 898 1026
f 985 1026 897
f 898 897 1026
f 1125 896 1141
f 916 1141 896
f 1053 895 1072
f 1073 1074 894
f 915 894 1074
f 1095 1133 893
f 1035 1095 893
f 893 1133 900
f 1148 892 1184
f 948 1184 892
f 1130 891 1146
f 891 899 1146
f 1010 890 1113
f 997 1113 890
f 948 890 1010
f 905 997 890
f 998 1011 889
f 1127 1144 888
f 905 888 1144
f 1127 887 1162
f 917 1162 887
f 1092 886 1077
f 1056 1073 885
f 894 885 1073
f 1054 1089 884
f 1132 883 1148
f 1132 1116 883
f 892 1148 883
f 888 882 1127
f 887 1127 882
f 1094 881 1111
f 1093 880 1094
f 881 1094 880
f 1140 1157 879
f 903 879 1157
f 902 1140 879
f 1071 878 1089
f 1043 878 1071
f 884 1089 878
f 1115 1147 877
f 1031 1115 877
f 907 877 1147
f 1011 1063 876
f 931 876 1063
f 889 1011 876
f 1129 875 1112
f 1126 874 1129
f 875 1129 874
f 874 1126 873
f 1111 872 1126
f 872 1111 881
f 873 1126 872
f 1078 871 1093
f 880 1093 871
f 1077 870 1078
f 886 870 1077
f 871 1078 870
f 945 995 869
f 928 869 995
f 1076 868 1092
f 1061 868 1076
f 886 1092 868
f 1090 867 1125
f 1059 867 1090
f 896 1125 867
f 1056 865 1058
f 885 865 1056
f 866 1058 865
f 1051 864 1053
f 895 1053 864
f 1049 1072 863
f 895 863 1072
f 1045 1049 862
f 863 862 1049
f 1043 1042 861
f 878 1043 861
f 969 860 970
f 1112 859 1130
f 891 1130 859
f 875 859 1112
f 1058 858 1060
f 866 858 1058
f 1054 857 1024
f 884 857 1054
f 1042 1045 856
f 862 856 1045
f 861 1042 856
f 999 1035 855
f 973 999 855
f 893 855 1035
f 954 854 1034
f 1028 1030 149
f 947 998 853
f 889 853 998
f 967 852 1025
f 898 1025 852
f 1024 851 1061
f 868 1061 851
f 902 850 1057
f 879 850 902
f 1023 849 1059
f 867 1059 849
f 1055 1060 848
f 858 848 1060
f 1047 847 1051
f 864 1051 847
f 972 990 846
f 954 972 845
f 854 954 845
f 846 845 972
f 1014 1034 844
f 854 844 1034
f 971 843 1116
f 883 1116 843
f 987 1031 842
f 877 842 1031
f 1013 841 1030
f 149 1030 841
f 1012 1028 142
f 149 142 1028
f 908 840 931
f 876 931 840
f 927 985 839
f 897 839 985
f 857 838 1024
f 851 1024 838
f 849 1023 837
f 1022 1057 836
f 1023 1022 836
f 850 836 1057
f 836 837 1023
f 1052 1055 835
f 848 835 1055
f 847 1047 834
f 990 974 833
f 833 846 990
f 973 832 974
f 855 832 973
f 833 974 832
f 920 909 831
f 910 970 830
f 860 830 970
f 908 920 829
f 829 840 908
f 831 829 920
f 919 828 969
f 860 969 828
f 928 1009 827
f 917 827 1009
f 897 898 826
f 825 839 897
f 826 825 897
f 1044 824 1047
f 834 1047 824
f 1014 823 1000
f 844 823 1014
f 988 822 1013
f 841 1013 822
f 890 948 821
f 876 820 889
f 1050 1052 819
f 835 819 1052
f 1041 818 1044
f 1019 818 1041
f 824 1044 818
f 855 893 817
f 953 987 816
f 842 816 987
f 899 891 814
f 919 906 813
f 828 919 813
f 890 812 905
f 821 812 890
f 903 945 811
f 869 811 945
f 916 810 967
f 852 967 810
f 915 927 809
f 839 809 927
f 864 808 895
f 1048 1050 806
f 1046 1048 806
f 819 806 1050
f 806 805 1046
f 991 1000 804
f 823 804 1000
f 907 947 803
f 853 803 947
f 899 802 906
f 813 906 802
f 869 928 801
f 827 801 928
f 1021 1046 800
f 1020 1021 800
f 805 800 1046
f 800 799 1020
f 1019 1020 798
f 818 1019 798
f 799 798 1020
f 955 797 988
f 822 988 797
f 934 796 971
f 843 971 796
f 922 953 795
f 816 795 953
f 900 910 794
f 830 794 910
f 909 950 793
f 986 1012 150
f 142 150 1012
f 887 792 917
f 827 917 792
f 894 915 791
f 809 791 915
f 878 790 884
f 861 790 878
f 807 884 790
f 991 789 975
f 804 789 991
f 900 788 893
f 817 893 788
f 794 788 900
f 950 986 787
f 793 950 787
f 150 787 986
f 853 889 786
f 820 786 889
f 870 886 785
f 868 785 886
f 856 784 861
f 790 861 784
f 797 955 783
f 922 782 934
f 796 934 782
f 795 781 922
f 782 922 781
f 830 860 780
f 828 780 860
f 814 779 899
f 802 899 779
f 888 905 778
f 812 778 905
f 896 775 916
f 810 916 775
f 885 894 774
f 791 774 894
f 857 884 773
f 838 857 773
f 807 773 884
f 862 863 772
f 856 862 771
f 771 784 856
f 772 771 862
f 961 975 770
f 789 770 975
f 957 960 769
f 955 957 769
f 783 955 769
f 832 855 768
f 817 768 855
f 882 888 766
f 882 766 887
f 792 887 766
f 778 766 888
f 825 826 765
f 777 825 765
f 880 764 881
f 776 881 764
f 870 763 871
f 785 763 870
f 852 762 898
f 826 898 762
f 863 895 761
f 808 761 895
f 772 863 761
f 960 961 760
f 760 961 770
f 759 769 960
f 760 759 960
f 845 846 758
f 845 757 854
f 815 854 757
f 758 757 845
f 877 907 756
f 803 756 907
f 892 755 948
f 821 948 755
f 840 754 876
f 820 876 754
f 754 767 820
f 871 753 880
f 764 880 753
f 753 871 763
f 879 903 752
f 811 752 903
f 865 885 750
f 774 750 885
f 847 749 864
f 808 864 749
f 751 808 749
f 846 833 748
f 758 846 748
f 832 747 833
f 768 747 832
f 748 833 747
f 779 814 746
f 142 149 143
f 150 142 143
f 801 827 745
f 792 745 827
f 851 744 868
f 785 868 744
f 867 743 896
f 775 896 743
f 838 742 851
f 773 742 838
f 744 851 742
f 865 740 866
f 750 740 865
f 741 866 740
f 844 854 739
f 815 739 854
f 883 738 892
f 843 738 883
f 755 892 738
f 813 737 828
f 780 828 737
f 802 736 813
f 779 736 802
f 736 737 813
f 859 735 891
f 814 891 735
f 812 821 734
f 786 820 733
f 767 733 820
f 811 869 732
f 801 732 869
f 850 879 731
f 752 731 879
f 858 866 730
f 730 866 741
f 790 729 807
f 773 807 729
f 742 773 729
f 788 728 817
f 768 817 728
f 794 830 727
f 788 794 727
f 780 727 830
f 728 788 727
f 814 815 726
f 757 726 815
f 746 814 726
f 814 725 815
f 739 815 725
f 735 725 814
f 840 829 724
f 754 840 724
f 881 721 872
f 776 721 881
f 839 825 720
f 809 839 720
f 777 720 825
f 849 718 867
f 743 867 718
f 848 858 717
f 730 717 858
f 823 844 716
f 739 716 844
f 842 877 715
f 756 715 877
f 841 144 149
f 142 149 144
f 143 149 144
f 143 142 144
f 803 853 714
f 786 714 853
f 859 875 713
f 735 859 713
f 874 712 875
f 713 875 712
f 733 767 711
f 711 767 723
f 873 710 874
f 712 874 710
f 710 873 709
f 872 708 873
f 708 872 721
f 709 873 708
f 810 707 852
f 762 852 707
f 764 706 776
f 706 751 719
f 836 850 705
f 837 836 705
f 731 705 850
f 784 771 704
f 784 703 790
f 729 790 703
f 704 703 784
f 834 702 847
f 749 847 702
f 143 149 701
f 144 701 149
f 144 143 701
f 829 831 700
f 724 829 700
f 766 699 792
f 745 792 699
f 765 698 777
f 722 777 698
f 721 776 697
f 706 697 776
f 719 697 706
f 837 696 849
f 718 849 696
f 705 696 837
f 771 772 695
f 761 695 772
f 704 771 695
f 747 768 694
f 728 694 768
f 757 758 693
f 748 693 758
f 726 757 693
f 737 692 780
f 727 780 692
f 727 692 728
f 694 728 692
f 746 691 779
f 736 779 691
f 726 691 746
f 693 691 726
f 793 690 909
f 831 909 689
f 689 700 831
f 690 689 909
f 150 142 148
f 778 812 688
f 734 688 812
f 723 687 711
f 686 722 698
f 763 785 685
f 744 685 785
f 761 808 684
f 751 684 808
f 706 684 751
f 684 695 761
f 835 848 683
f 717 683 848
f 747 682 748
f 694 682 747
f 693 748 682
f 691 693 682
f 822 681 841
f 797 681 822
f 144 841 681
f 737 736 680
f 692 737 680
f 692 680 694
f 691 680 736
f 682 694 680
f 682 680 691
f 687 679 711
f 766 778 678
f 699 766 678
f 688 678 778
f 698 676 686
f 677 686 676
f 765 826 675
f 762 675 826
f 753 674 764
f 706 764 674
f 684 706 674
f 742 673 744
f 729 673 742
f 703 673 729
f 685 744 673
f 824 672 834
f 702 834 672
f 804 823 671
f 716 671 823
f 816 842 670
f 795 816 670
f 715 670 842
f 738 843 669
f 787 668 793
f 787 150 668
f 690 793 668
f 148 668 150
f 679 687 667
f 667 687 677
f 677 676 667
f 763 666 753
f 685 666 763
f 674 753 666
f 720 665 809
f 749 664 751
f 719 751 664
f 702 664 749
f 745 663 801
f 732 801 663
f 775 662 810
f 707 810 662
f 695 661 704
f 695 684 661
f 674 661 684
f 666 661 674
f 703 704 660
f 673 703 660
f 673 660 685
f 666 685 660
f 661 660 704
f 661 666 660
f 819 835 659
f 683 659 835
f 818 658 824
f 672 824 658
f 756 803 657
f 714 657 803
f 767 754 656
f 724 656 754
f 723 767 656
f 752 811 655
f 732 655 811
f 791 809 654
f 774 791 654
f 665 654 809
f 789 804 653
f 671 653 804
f 783 652 797
f 681 797 652
f 796 651 843
f 782 651 796
f 669 843 651
f 781 795 650
f 670 650 795
f 755 648 821
f 734 821 648
f 733 647 786
f 714 786 647
f 657 714 647
f 806 819 646
f 659 646 819
f 798 645 818
f 658 818 645
f 725 644 739
f 716 739 644
f 143 643 150
f 148 150 643
f 649 643 143
f 651 782 642
f 781 641 782
f 650 641 781
f 642 782 641
f 698 765 640
f 676 698 640
f 675 640 765
f 707 639 762
f 675 762 639
f 662 639 707
f 722 638 777
f 720 777 638
f 665 720 638
f 743 637 775
f 662 775 637
f 741 636 730
f 697 719 635
f 664 635 719
f 705 731 634
f 696 705 634
f 750 774 633
f 654 633 774
f 646 632 806
f 653 631 789
f 769 630 783
f 652 783 630
f 731 752 629
f 655 629 752
f 629 634 731
f 636 741 628
f 717 730 627
f 636 627 730
f 805 806 626
f 800 805 626
f 632 626 806
f 770 789 625
f 631 625 789
f 715 756 624
f 670 715 624
f 657 624 756
f 738 623 755
f 669 623 738
f 648 755 623
f 643 622 148
f 700 621 724
f 656 724 621
f 699 620 745
f 663 745 620
f 740 619 741
f 628 741 619
f 740 750 618
f 633 618 750
f 618 619 740
f 626 617 800
f 630 769 616
f 725 735 615
f 644 725 615
f 144 614 143
f 649 143 614
f 711 613 733
f 679 613 711
f 647 733 613
f 688 734 612
f 678 688 612
f 648 612 734
f 718 611 743
f 696 611 718
f 637 743 611
f 799 800 610
f 798 799 610
f 617 610 800
f 645 798 609
f 610 609 798
f 681 608 144
f 614 144 608
f 700 689 607
f 621 700 607
f 647 606 657
f 624 657 606
f 613 606 647
f 678 605 699
f 620 699 605
f 612 605 678
f 676 604 667
f 640 604 676
f 697 603 721
f 635 603 697
f 625 602 770
f 769 759 601
f 616 769 601
f 671 716 600
f 644 600 716
f 615 600 644
f 713 599 735
f 615 735 599
f 668 148 598
f 622 598 148
f 687 723 597
f 656 597 723
f 621 597 656
f 663 596 732
f 655 732 596
f 639 662 595
f 637 595 662
f 634 594 696
f 611 696 594
f 683 717 593
f 627 593 717
f 770 592 760
f 759 760 592
f 602 592 770
f 601 759 592
f 624 591 670
f 689 690 590
f 607 689 590
f 643 649 589
f 712 588 713
f 599 713 588
f 667 587 679
f 613 679 587
f 604 586 667
f 587 667 586
f 721 585 708
f 603 585 721
f 672 584 702
f 668 583 690
f 598 583 668
f 590 690 583
f 710 582 712
f 588 712 582
f 709 581 710
f 582 710 581
f 581 709 580
f 708 579 709
f 579 708 585
f 580 709 579
f 640 675 578
f 639 578 675
f 604 640 578
f 595 578 639
f 686 577 722
f 638 722 577
f 638 576 665
f 577 576 638
f 654 665 575
f 633 654 575
f 576 575 665
f 634 629 574
f 594 634 574
f 623 573 648
f 612 648 573
f 622 643 572
f 589 572 643
f 628 571 636
f 627 636 571
f 593 627 570
f 571 570 627
f 658 569 672
f 584 672 569
f 653 671 568
f 600 568 671
f 652 567 681
f 608 681 567
f 651 566 669
f 642 566 651
f 650 670 565
f 641 650 565
f 591 565 670
f 623 669 564
f 573 623 564
f 566 564 669
f 606 563 624
f 591 624 563
f 606 613 562
f 587 562 613
f 563 606 562
f 611 561 637
f 595 637 561
f 659 683 560
f 593 560 683
f 614 559 649
f 589 649 559
f 598 622 558
f 572 558 622
f 677 687 557
f 597 557 687
f 620 556 663
f 605 556 620
f 596 663 556
f 677 555 686
f 577 686 555
f 629 655 554
f 596 554 655
f 574 629 554
f 619 553 628
f 571 628 553
f 575 552 633
f 645 551 658
f 569 658 551
f 641 550 642
f 565 550 641
f 572 589 549
f 557 548 677
f 555 677 548
f 586 604 547
f 578 547 604
f 603 635 546
f 631 653 545
f 568 545 653
f 566 642 544
f 544 642 550
f 608 543 614
f 607 542 621
f 590 542 607
f 597 621 541
f 557 597 541
f 542 541 621
f 605 612 540
f 573 540 612
f 586 539 587
f 562 587 539
f 556 605 538
f 540 538 605
f 578 595 537
f 547 578 537
f 594 536 611
f 561 611 536
f 619 618 535
f 553 619 535
f 618 633 534
f 552 534 633
f 535 618 534
f 664 702 533
f 635 664 533
f 584 533 702
f 546 635 533
f 609 532 645
f 551 645 532
f 600 615 531
f 599 531 615
f 568 600 531
f 583 598 530
f 558 530 598
f 547 529 586
f 539 586 529
f 556 528 596
f 554 596 528
f 570 527 593
f 646 659 526
f 632 646 526
f 626 632 526
f 560 526 659
f 630 525 652
f 567 652 525
f 565 591 524
f 563 524 591
f 576 577 523
f 555 523 577
f 570 571 147
f 147 527 570
f 575 576 522
f 552 575 522
f 523 522 576
f 574 521 594
f 536 594 521
f 625 631 520
f 602 625 520
f 545 520 631
f 542 590 519
f 562 518 563
f 539 518 562
f 524 563 518
f 553 302 571
f 147 571 302
f 554 517 574
f 521 574 517
f 564 516 573
f 540 573 516
f 583 515 590
f 530 515 583
f 519 590 515
f 559 514 589
f 549 589 514
f 558 572 513
f 549 513 572
f 585 603 512
f 546 512 603
f 569 511 584
f 533 584 511
f 526 510 626
f 530 558 509
f 513 509 558
f 537 508 547
f 529 547 508
f 561 507 595
f 537 595 507
f 616 506 630
f 601 506 616
f 525 630 506
f 564 566 505
f 544 505 566
f 516 564 505
f 524 504 565
f 541 542 503
f 519 503 542
f 548 557 502
f 541 502 557
f 503 502 541
f 538 501 556
f 528 556 501
f 534 552 500
f 522 500 552
f 617 626 499
f 610 617 499
f 510 499 626
f 588 498 599
f 531 599 498
f 559 614 497
f 543 497 614
f 582 496 588
f 498 588 496
f 529 495 539
f 518 539 495
f 508 494 529
f 495 529 494
f 548 493 555
f 523 555 493
f 302 147 146
f 535 492 553
f 302 553 492
f 551 491 569
f 511 569 491
f 499 490 610
f 592 602 489
f 520 489 602
f 592 488 601
f 506 601 488
f 545 568 487
f 531 487 568
f 487 531 498
f 567 486 608
f 543 608 486
f 518 485 524
f 504 524 485
f 515 530 484
f 509 484 530
f 514 483 549
f 513 549 483
f 538 540 482
f 516 482 540
f 509 513 481
f 501 538 480
f 482 480 538
f 502 479 548
f 479 493 548
f 478 146 302
f 478 302 492
f 528 477 554
f 517 554 477
f 501 477 528
f 536 476 561
f 507 561 476
f 522 523 475
f 500 522 475
f 493 475 523
f 585 474 579
f 512 474 585
f 534 473 535
f 500 473 534
f 492 535 473
f 560 593 472
f 527 472 593
f 532 471 551
f 491 551 471
f 609 610 470
f 532 609 470
f 490 470 610
f 471 532 470
f 489 469 592
f 488 592 469
f 550 468 544
f 505 544 468
f 550 565 467
f 504 467 565
f 468 550 467
f 515 466 519
f 503 519 466
f 581 465 582
f 496 582 465
f 146 478 464
f 527 147 463
f 146 463 147
f 472 527 463
f 484 509 462
f 481 462 509
f 580 461 581
f 465 581 461
f 462 481 460
f 461 580 459
f 508 537 458
f 507 458 537
f 494 508 458
f 476 458 507
f 579 457 580
f 474 457 579
f 459 580 457
f 533 456 546
f 512 546 456
f 474 512 456
f 505 455 516
f 482 516 455
f 468 455 505
f 502 503 454
f 479 502 454
f 466 454 503
f 483 453 513
f 481 513 453
f 464 452 146
f 464 478 451
f 464 451 460
f 302 450 147
f 146 147 450
f 146 450 302
f 477 449 517
f 521 448 536
f 517 448 521
f 476 536 448
f 449 448 517
f 514 559 447
f 497 447 559
f 485 446 504
f 467 504 446
f 495 445 518
f 494 445 495
f 485 518 445
f 460 444 462
f 444 460 451
f 460 481 443
f 464 460 443
f 453 443 481
f 443 452 464
f 480 442 501
f 477 501 442
f 442 449 477
f 493 479 441
f 475 493 441
f 492 440 478
f 473 440 492
f 451 478 440
f 475 439 500
f 441 439 475
f 520 545 438
f 487 438 545
f 484 437 515
f 462 437 484
f 444 437 462
f 458 436 494
f 445 494 436
f 454 435 479
f 441 479 435
f 473 500 434
f 440 473 434
f 439 434 500
f 525 433 567
f 506 433 525
f 486 567 433
f 455 432 482
f 454 466 431
f 431 435 454
f 466 515 430
f 430 515 437
f 431 466 430
f 480 482 429
f 442 480 429
f 432 429 482
f 458 476 428
f 436 458 428
f 463 146 427
f 452 427 146
f 511 426 533
f 456 533 426
f 526 560 425
f 510 526 425
f 472 425 560
f 467 424 468
f 455 468 424
f 446 423 467
f 424 467 423
f 437 444 422
f 437 422 430
f 439 441 421
f 435 421 441
f 451 420 444
f 440 420 451
f 434 420 440
f 422 444 420
f 438 419 520
f 497 543 418
f 486 418 543
f 496 417 498
f 483 514 416
f 447 416 514
f 446 485 415
f 445 415 485
f 436 415 445
f 428 414 436
f 415 436 414
f 435 431 413
f 413 421 435
f 449 442 412
f 448 411 476
f 448 449 411
f 428 476 411
f 412 411 449
f 434 439 410
f 421 410 439
f 410 420 434
f 410 422 420
f 430 409 431
f 422 409 430
f 413 431 409
f 421 413 409
f 410 409 422
f 410 421 409
f 463 408 472
f 427 408 463
f 425 472 408
f 489 520 407
f 419 407 520
f 498 406 487
f 438 487 406
f 417 406 498
f 432 455 405
f 424 405 455
f 423 405 424
f 423 446 404
f 415 404 446
f 405 423 404
f 453 483 403
f 416 403 483
f 429 402 442
f 429 432 402
f 412 442 402
f 405 402 432
f 404 402 405
f 414 428 401
f 414 401 415
f 411 401 428
f 411 412 401
f 404 415 401
f 402 401 412
f 402 404 401
f 452 443 400
f 427 452 400
f 491 399 511
f 426 511 399
f 488 398 506
f 433 506 398
f 465 397 496
f 417 496 397
f 443 453 396
f 403 396 453
f 400 443 396
f 456 395 474
f 426 395 456
f 499 510 394
f 425 394 510
f 447 497 393
f 418 393 497
f 471 392 491
f 399 491 392
f 394 391 499
f 407 390 489
f 398 488 389
f 457 474 388
f 395 388 474
f 470 387 471
f 392 471 387
f 469 489 386
f 469 386 488
f 390 386 489
f 389 488 386
f 433 385 486
f 418 486 385
f 398 385 433
f 393 418 385
f 461 384 465
f 397 465 384
f 408 427 383
f 400 383 427
f 490 499 382
f 470 490 382
f 391 382 499
f 387 470 381
f 382 381 470
f 419 438 380
f 406 380 438
f 384 461 379
f 459 378 461
f 457 378 459
f 379 461 378
f 388 377 457
f 378 457 377
f 399 376 426
f 395 426 376
f 408 375 425
f 394 425 375
f 383 375 408
f 416 447 374
f 403 416 374
f 393 374 447
f 406 417 373
f 397 373 417
f 380 406 373
f 374 372 403
f 396 371 400
f 383 400 371
f 396 403 370
f 372 370 403
f 371 396 370
f 407 419 368
f 380 368 419
f 385 398 367
f 392 366 399
f 376 399 366
f 375 364 394
f 385 363 393
f 375 383 362
f 388 395 361
f 376 361 395
f 390 407 360
f 368 360 407
f 384 359 397
f 373 397 359
f 387 358 392
f 366 392 358
f 389 357 398
f 386 357 389
f 367 398 357
f 373 356 380
f 368 380 356
f 356 373 359
f 374 393 355
f 372 374 355
f 363 355 393
f 391 394 354
f 382 391 354
f 364 354 394
f 386 390 353
f 360 353 390
f 379 352 384
f 378 352 379
f 359 384 352
f 371 351 383
f 370 351 371
f 362 383 351
f 377 388 350
f 361 350 388
f 358 387 349
f 357 386 348
f 353 348 386
f 355 347 372
f 377 346 378
f 352 378 346
f 346 377 350
f 370 372 345
f 345 351 370
f 347 345 372
f 354 344 382
f 381 343 387
f 381 382 343
f 343 349 387
f 344 343 382
f 367 342 385
f 363 385 342
f 355 363 342
f 369 365 145
f 364 375 145
f 362 145 375
f 351 145 362
f 366 341 376
f 361 376 341
f 360 368 340
f 356 340 368
f 359 339 356
f 340 356 339
f 357 338 367
f 342 367 338
f 342 337 355
f 350 361 336
f 341 336 361
f 351 345 335
f 145 351 335
f 358 334 366
f 341 366 334
f 353 360 333
f 340 333 360
f 352 332 359
f 346 332 352
f 339 359 332
f 347 355 331
f 345 347 331
f 337 331 355
f 350 330 346
f 330 350 336
f 332 346 330
f 329 335 345
f 331 329 345
f 354 364 328
f 344 354 328
f 145 328 364
f 349 327 358
f 349 343 327
f 334 358 327
f 348 353 326
f 333 326 353
f 348 325 357
f 338 357 325
f 326 325 348
f 339 324 340
f 333 340 324
f 332 324 339
f 343 344 323
f 328 323 344
f 322 327 343
f 323 322 343
f 338 321 342
f 337 342 321
f 331 337 321
f 325 321 338
f 336 341 320
f 334 320 341
f 335 319 145
f 335 329 319
f 328 145 319
f 324 318 333
f 330 317 332
f 324 332 317
f 318 324 317
f 321 316 331
f 336 315 330
f 320 315 336
f 317 330 315
f 321 325 314
f 329 331 313
f 319 329 313
f 316 313 331
f 327 312 334
f 320 334 312
f 326 333 311
f 325 326 311
f 318 311 333
f 314 325 311
f 323 328 310
f 322 323 310
f 319 310 328
f 313 310 319
f 327 322 309
f 312 327 309
f 310 309 322
f 317 308 318
f 315 308 317
f 311 318 308
f 315 320 307
f 312 307 320
f 308 315 307
f 308 306 311
f 316 321 305
f 314 305 321
f 313 316 305
f 311 305 314
f 305 311 306
f 309 304 312
f 309 310 304
f 307 312 304
f 307 304 308
f 306 308 304
f 306 304 305
f 310 313 303
f 305 303 313
f 303 304 310
f 303 305 304

