# https://github.com/mikedh/trimesh
v -0.03580729 -0.67513019 0.21028645
v -0.22721355 -0.19726562 0.15690105
v 0.15950520 -0.09960938 0.09830729
v 0.15950520 -0.12434896 0.10742188
v 0.40429688 -0.11132812 -0.23632812
v 0.40820312 -0.11914062 -0.22591145
v 0.40820312 -0.09049479 -0.23893230
v -0.29231772 0.46809897 -0.38346353
v -0.02799479 0.07486979 -0.49934897
v -0.04882812 -0.06445312 0.16731770
v -0.60351562 0.75976562 0.71679688
v -0.58398438 0.76757812 0.69726562
v -0.58007812 0.74804688 0.70117188
v -0.58398438 0.70117188 0.70117188
v -0.58007812 0.75195312 0.71289062
v -0.57226562 0.71679688 0.67382812
v -0.59179688 0.69726562 0.68945312
v -0.60351562 0.70117188 0.68945312
v -0.57226562 0.63867188 0.61132812
v -0.36523438 0.91601562 0.61132812
v -0.35742188 0.84179688 0.57226562
v -0.38476562 0.59179688 0.49804688
v -0.40429688 0.57617188 0.51757812
v -0.36132812 0.56445312 0.49414062
v -0.36914062 0.56445312 0.47851562
v -0.35351562 0.59570312 0.47070312
v -0.28710938 0.24414062 0.44726562
v -0.29492188 0.24804688 0.42773438
v -0.28710938 0.22851562 0.36132812
v -0.34179688 0.23632812 0.37304688
v -0.30664062 0.21679688 0.36523438
v -0.29492188 0.19726562 0.37695312
v -0.28320312 0.16601562 0.36523438
v -0.32226562 0.17382812 0.35351562
v -0.27929688 0.15039062 0.34570312
v -0.28710938 0.20507812 0.34570312
v -0.30664062 0.14257812 0.33007812
v -0.29492188 0.16601562 0.30664062
v -0.28320312 -0.00195312 0.29101562
v -0.12304688 -0.65429688 0.26757812
v -0.11523438 -0.56445312 0.27148438
v -0.11523438 -0.65820312 0.29101562
v -0.14648438 -0.56835938 0.27148438
v -0.10742188 -0.59179688 0.26757812
v -0.09179688 -0.66601562 0.25585938
v -0.06835938 -0.68164062 0.23632812
v -0.21679688 -0.75195312 0.21679688
v -0.24023438 -0.74414062 0.21289062
v -0.25976562 -0.06054688 0.25585938
v -0.22851562 -0.16601562 0.18945312
v -0.24023438 -0.75195312 0.20507812
v -0.24023438 -0.72460938 0.20117188
v -0.24023438 -0.73632812 0.18164062
v -0.25585938 -0.74023438 0.19335938
v -0.00976562 -0.67382812 0.20507812
v -0.01367188 -0.68945312 0.20507812
v -0.02929688 -0.66992188 0.18945312
v -0.01757812 -0.65429688 0.18164062
v -0.16992188 -0.51757812 0.22070312
v -0.16601562 -0.49023438 0.20117188
v -0.25195312 -0.75976562 0.18945312
v -0.18554688 -0.50195312 0.18164062
v -0.09570312 -0.11914062 0.18554688
v -0.04492188 -0.66210938 0.22070312
v 0.00195312 -0.06445312 0.16992188
v -0.04492188 -0.06445312 0.15820312
v -0.02929688 -0.06054688 0.18554688
v 0.01757812 -0.02929688 0.17773438
v -0.00195312 -0.01757812 0.15820312
v -0.06054688 -0.09179688 0.18945312
v -0.24023438 -0.16601562 0.20507812
v 0.03710938 0.01757812 0.15039062
v 0.03320312 -0.03710938 0.14257812
v -0.00976562 -0.69335938 0.17773438
v 0.00195312 -0.67382812 0.17382812
v -0.01367188 -0.68554688 0.15039062
v -0.16992188 -0.49804688 0.17382812
v 0.00195312 -0.00195312 0.14257812
v -0.13085938 -0.12695312 0.15429688
v -0.12695312 -0.12304688 0.14257812
v -0.25585938 -0.72460938 0.16992188
v -0.26367188 -0.72070312 0.14648438
v -0.25976562 -0.74023438 0.17382812
v 0.05664062 0.00195312 0.16210938
v 0.08007812 0.01367188 0.13867188
v -0.22851562 -0.55273438 0.15039062
v -0.01757812 -0.66210938 0.13476562
v -0.23242188 -0.15820312 0.18554688
v -0.22851562 -0.15429688 0.18164062
v -0.25585938 -0.17382812 0.21289062
v 0.15039062 -0.12695312 0.12695312
v 0.17773438 -0.15429688 0.11132812
v 0.10742188 -0.10742188 0.12304688
v 0.10351562 -0.15039062 0.10351562
v 0.06445312 0.05273438 0.12695312
v -0.04101562 -0.02148438 0.14257812
v -0.06445312 -0.04882812 0.14257812
v -0.09179688 -0.05273438 0.10351562
v -0.22460938 -0.19335938 0.16601562
v 0.13867188 -0.13476562 0.11914062
v 0.15820312 -0.16601562 0.11132812
v 0.15039062 -0.10742188 0.11523438
v 0.14648438 -0.09960938 0.10742188
v 0.12695312 -0.09570312 0.12695312
v 0.09960938 -0.04101562 0.11914062
v -0.14648438 -0.17773438 0.14257812
v 0.12695312 -0.14648438 0.10351562
v -0.11132812 -0.10351562 0.15039062
v -0.08789062 -0.10351562 0.12304688
v 0.17382812 -0.13476562 0.09960938
v 0.10742188 0.04492188 0.12695312
v 0.15039062 0.03320312 0.12695312
v 0.15820312 0.03710938 0.08398438
v 0.00195312 -0.65039062 0.11914062
v 0.14257812 -0.05273438 0.09960938
v 0.08007812 -0.10351562 0.13867188
v 0.09960938 -0.09960938 0.08007812
v 0.18554688 -0.09960938 0.08007812
v 0.11132812 -0.06445312 0.10742188
v -0.06835938 -0.00585938 0.11132812
v -0.11914062 -0.13085938 0.13085938
v -0.10742188 -0.15429688 0.11914062
v -0.08398438 -0.08398438 0.15429688
v 0.19335938 -0.09960938 0.08789062
v 0.16601562 -0.02539062 0.07617188
v 0.18945312 -0.05664062 0.07226562
v 0.18554688 -0.05664062 0.06054688
v 0.21679688 -0.08789062 0.05273438
v -0.27929688 -0.29101562 0.12304688
v -0.21679688 -0.28320312 0.11523438
v -0.11523438 -0.09960938 0.07226562
v 0.19726562 -0.01757812 0.04882812
v -0.15429688 -0.20507812 0.09960938
v -0.14648438 -0.20117188 0.05664062
v -0.23242188 -0.24804688 0.12304688
v -0.24414062 -0.25195312 0.12695312
v -0.26367188 -0.27539062 0.09570312
v -0.24804688 -0.40429688 0.02929688
v -0.22460938 -0.40429688 0.03320312
v 0.04492188 0.50585938 0.08789062
v -0.09570312 0.36914062 0.04882812
v 0.00195312 0.49414062 0.02148438
v -0.20898438 -0.40820312 0.04101562
v 0.25195312 0.12304688 0.00585938
v 0.20117188 0.15820312 0.00976562
v 0.21679688 0.14648438 0.01757812
v 0.26757812 0.36523438 -0.00585938
v 0.25585938 -0.04492188 0.01367188
v 0.28710938 0.35742188 -0.00976562
v 0.02148438 0.51757812 0.01367188
v -0.00585938 0.52539062 0.00585938
v 0.03320312 0.52539062 0.00195312
v 0.01757812 0.52148438 -0.02148438
v 0.21289062 0.14257812 -0.00585938
v 0.22851562 0.40429688 -0.01367188
v -0.06054688 0.51757812 0.00976562
v -0.04101562 0.52539062 0.02929688
v -0.16210938 -0.20898438 0.03320312
v 0.25195312 0.38085938 -0.00585938
v 0.27148438 0.37695312 -0.02148438
v 0.26757812 0.00976562 -0.01757812
v 0.28320312 -0.01757812 -0.02148438
v 0.29492188 0.02539062 -0.02539062
v 0.28710938 0.00585938 -0.01367188
v 0.10351562 -0.13867188 0.00195312
v 0.09570312 -0.14257812 -0.00195312
v 0.08398438 -0.15820312 0.00976562
v 0.12695312 -0.14648438 -0.02148438
v 0.26367188 0.04101562 -0.01367188
v -0.09960938 0.54492188 -0.05664062
v 0.12695312 0.50976562 -0.07226562
v -0.09179688 -0.12304688 -0.06054688
v -0.08398438 -0.15820312 -0.06835938
v -0.08789062 0.58789062 -0.08398438
v -0.09570312 0.53320312 -0.09570312
v 0.24023438 0.50195312 -0.09179688
v -0.09179688 -0.09179688 -0.06445312
v -0.08007812 -0.04882812 -0.09570312
v -0.06054688 -0.08789062 -0.11523438
v 0.08398438 -0.13867188 -0.09570312
v 0.03710938 -0.14257812 -0.07617188
v 0.30273438 -0.05273438 -0.09179688
v 0.31835938 -0.09570312 -0.09960938
v 0.33398438 -0.08398438 -0.10742188
v 0.32617188 -0.01367188 -0.09960938
v -0.01757812 -0.12695312 -0.12304688
v -0.04882812 -0.10742188 -0.12304688
v 0.31445312 -0.05273438 -0.12304688
v 0.14257812 0.50585938 -0.10742188
v 0.15820312 0.48242188 -0.10742188
v -0.04492188 -0.09570312 -0.10742188
v -0.06054688 -0.16601562 -0.10351562
v -0.13085938 0.49023438 -0.12304688
v -0.13867188 0.49023438 -0.11132812
v 0.33398438 -0.05664062 -0.13476562
v 0.20507812 0.50585938 -0.11523438
v 0.18945312 0.54492188 -0.11914062
v -0.04492188 -0.05273438 -0.13476562
v 0.32226562 -0.01757812 -0.14257812
v 0.04882812 -0.11132812 -0.12304688
v 0.32617188 -0.04492188 -0.08398438
v 0.19335938 0.58398438 -0.09960938
v 0.20898438 0.53320312 -0.11523438
v 0.21289062 0.54492188 -0.09570312
v 0.19726562 0.52929688 -0.14257812
v -0.03710938 -0.08789062 -0.13476562
v -0.02929688 -0.15820312 -0.13476562
v -0.02539062 -0.09570312 -0.14648438
v -0.06054688 -0.15429688 -0.09179688
v 0.00585938 -0.12695312 -0.15429688
v 0.00585938 -0.23632812 -0.12304688
v 0.00195312 -0.18554688 -0.12304688
v 0.17382812 0.50585938 -0.11523438
v 0.15820312 0.52929688 -0.12304688
v 0.15820312 0.52539062 -0.13867188
v 0.02929688 -0.16992188 -0.15820312
v 0.32226562 -0.09960938 -0.13476562
v -0.02148438 -0.20507812 -0.13867188
v -0.00585938 -0.13085938 -0.15429688
v -0.01757812 -0.08007812 -0.15820312
v -0.00195312 -0.13085938 -0.13867188
v 0.00195312 -0.05273438 -0.16992188
v 0.04101562 -0.22460938 -0.15429688
v 0.22070312 0.45507812 -0.16210938
v 0.34960938 -0.12695312 -0.13867188
v 0.34179688 -0.10742188 -0.15429688
v 0.32617188 -0.08398438 -0.16992188
v 0.29101562 -0.09179688 -0.17382812
v 0.33398438 -0.14648438 -0.13476562
v 0.33789062 -0.13867188 -0.16601562
v 0.00585938 -0.13867188 -0.16601562
v -0.00195312 -0.02929688 -0.16601562
v 0.00195312 -0.09570312 -0.16992188
v 0.03320312 -0.06054688 -0.19335938
v 0.03710938 -0.10742188 -0.18945312
v 0.31445312 -0.04882812 -0.16992188
v 0.31445312 -0.10351562 -0.18554688
v 0.03320312 -0.25195312 -0.17773438
v 0.38867188 -0.63476562 -0.16601562
v 0.23632812 0.49023438 -0.18164062
v 0.38867188 -0.56445312 -0.18945312
v 0.32226562 -0.15429688 -0.18554688
v 0.29492188 -0.01757812 -0.18164062
v 0.33789062 -0.06445312 -0.20117188
v 0.21289062 0.55273438 -0.22460938
v 0.20117188 0.58007812 -0.20898438
v 0.37304688 -0.62304688 -0.17773438
v 0.36132812 -0.01367188 -0.22460938
v 0.26367188 -0.17773438 -0.22851562
v 0.25195312 0.55664062 -0.20117188
v 0.20507812 0.54492188 -0.15429688
v 0.20117188 0.57617188 -0.15429688
v 0.37695312 -0.08398438 -0.20507812
v 0.36523438 -0.09960938 -0.22460938
v 0.27929688 -0.10351562 -0.21679688
v 0.29492188 -0.13867188 -0.23242188
v 0.22070312 0.54882812 -0.22851562
v 0.17382812 0.56835938 -0.21289062
v 0.37695312 -0.13867188 -0.21679688
v 0.32226562 -0.09570312 -0.22460938
v 0.29101562 -0.04882812 -0.22851562
v 0.35351562 -0.04882812 -0.23242188
v 0.31445312 -0.05273438 -0.21289062
v 0.22070312 -0.09960938 -0.23242188
v 0.34570312 -0.10742188 -0.24804688
v 0.22460938 -0.03320312 -0.23242188
v 0.31054688 0.63085938 -0.20898438
v 0.35351562 0.58398438 -0.24023438
v 0.30664062 0.59960938 -0.20117188
v 0.23632812 0.52539062 -0.23242188
v 0.21679688 0.53710938 -0.24414062
v 0.15820312 0.52148438 -0.24804688
v 0.14257812 0.50976562 -0.23632812
v 0.38867188 -0.08398438 -0.23242188
v 0.26757812 0.48632812 -0.23632812
v 0.25585938 0.50195312 -0.23632812
v 0.24804688 0.50585938 -0.23632812
v 0.39648438 -0.01757812 -0.22070312
v 0.38476562 -0.04882812 -0.22851562
v 0.18164062 0.53320312 -0.25195312
v 0.24804688 0.50585938 -0.25585938
v 0.45117188 -0.05273438 -0.23632812
v 0.25195312 0.50195312 -0.25585938
v 0.22851562 0.52539062 -0.25195312
v 0.20507812 0.53710938 -0.25195312
v 0.20507812 0.52929688 -0.25976562
v 0.22460938 0.51757812 -0.26367188
v 0.15039062 0.52929688 -0.23242188
v 0.18164062 0.52539062 -0.25585938
v 0.18164062 0.54492188 -0.24414062
v -0.15820312 -0.86914062 -0.26367188
v 0.43945312 -0.08789062 -0.26367188
v 0.04101562 -0.20117188 -0.22070312
v 0.25585938 -0.13085938 -0.22851562
v 0.17773438 0.51367188 -0.25585938
v 0.20117188 0.51757812 -0.26367188
v 0.16992188 0.50976562 -0.26367188
v 0.25585938 0.49023438 -0.26367188
v 0.23632812 0.51367188 -0.24804688
v 0.22851562 0.50585938 -0.27148438
v -0.18554688 -0.85351562 -0.24804688
v 0.39648438 -0.08398438 -0.25585938
v 0.30664062 -0.09960938 -0.24414062
v 0.27929688 -0.09179688 -0.24804688
v 0.25976562 -0.04882812 -0.24804688
v 0.22851562 -0.12304688 -0.25976562
v 0.27148438 -0.09570312 -0.27929688
v 0.26757812 -0.13476562 -0.27148438
v 0.19726562 0.50585938 -0.27148438
v -0.18164062 0.29101562 -0.26367188
v 0.36914062 -0.62304688 -0.27929688
v 0.22460938 -0.16601562 -0.27539062
v 0.40820312 -0.06054688 -0.25976562
v 0.47070312 -0.09570312 -0.26757812
v 0.39257812 -0.09179688 -0.24804688
v 0.18945312 0.49023438 -0.27929688
v 0.22851562 -0.20898438 -0.27929688
v 0.36132812 0.61914062 -0.24804688
v 0.35742188 0.61523438 -0.25195312
v 0.37695312 0.59179688 -0.26757812
v 0.40820312 0.56445312 -0.28320312
v 0.41601562 0.59570312 -0.29492188
v 0.36132812 -0.06054688 -0.26367188
v 0.22460938 -0.13476562 -0.28710938
v 0.39648438 -0.11523438 -0.27929688
v 0.37304688 -0.05664062 -0.29492188
v -0.27148438 0.42773438 -0.28710938
v 0.38476562 -0.61132812 -0.28710938
v 0.19335938 -0.65039062 -0.27929688
v 0.34570312 0.63476562 -0.28710938
v -0.09960938 0.59179688 -0.28710938
v -0.15429688 0.56054688 -0.31835938
v -0.14648438 0.54101562 -0.29882812
v 0.41992188 0.56835938 -0.31054688
v 0.39257812 0.57617188 -0.32226562
v -0.12304688 0.20117188 -0.34179688
v -0.11914062 0.56445312 -0.32226562
v -0.26757812 0.48242188 -0.35351562
v -0.32226562 0.45898438 -0.37304688
v -0.12304688 0.18554688 -0.37304688
v -0.11914062 0.15429688 -0.34179688
v -0.31054688 0.47851562 -0.34960938
v -0.23242188 0.49804688 -0.37695312
v -0.15429688 0.54882812 -0.35742188
v -0.18164062 0.52539062 -0.38476562
v -0.26757812 0.49023438 -0.38867188
v -0.27148438 0.45898438 -0.38867188
v -0.20117188 0.52929688 -0.35742188
v 0.42382812 0.56835938 -0.38476562
v -0.32617188 0.45117188 -0.38867188
v 0.40820312 0.54101562 -0.36523438
v -0.10351562 0.15039062 -0.39648438
v -0.10742188 0.11914062 -0.37304688
v -0.22851562 0.48632812 -0.37304688
v -0.09179688 0.10742188 -0.41601562
v -0.09179688 0.18554688 -0.42773438
v -0.32617188 0.45898438 -0.41601562
v -0.31054688 0.43164062 -0.39648438
v -0.23242188 0.48632812 -0.40429688
v -0.30664062 0.42382812 -0.41992188
v -0.27929688 0.45507812 -0.42773438
v 0.13085938 0.04101562 -0.44335938
v -0.09570312 0.10742188 -0.41601562
v -0.08398438 0.15039062 -0.43945312
v -0.34179688 0.40039062 -0.42773438
v -0.35742188 0.41601562 -0.42773438
v -0.33398438 0.42382812 -0.43164062
v -0.32226562 0.45507812 -0.44335938
v -0.30664062 0.43554688 -0.45117188
v -0.34179688 0.39648438 -0.45898438
v -0.35742188 0.41210938 -0.45898438
v -0.34179688 0.43554688 -0.38867188
v -0.34179688 0.43164062 -0.46679688
v 0.44726562 0.51367188 -0.41210938
v 0.15039062 0.03320312 -0.43164062
v 0.16992188 0.02929688 -0.45117188
v 0.21289062 0.01367188 -0.46289062
v 0.41601562 0.51757812 -0.41601562
v 0.27929688 -0.02539062 -0.45898438
v 0.14257812 0.00976562 -0.42773438
v 0.24414062 -0.00195312 -0.45898438
v 0.25195312 -0.02148438 -0.47460938
v 0.27148438 0.00976562 -0.45507812
v 0.23632812 0.01757812 -0.49023438
v -0.04492188 0.21289062 -0.47460938
v -0.06054688 0.18164062 -0.47851562
v -0.08398438 0.22460938 -0.43164062
v -0.06835938 0.20898438 -0.48242188
v 0.01757812 0.11914062 -0.47460938
v 0.00976562 0.07226562 -0.48242188
v -0.01367188 0.11523438 -0.48632812
v 0.00976562 0.12304688 -0.49804688
v 0.00195312 0.03710938 -0.49804688
v -0.04101562 0.17773438 -0.50585938
v -0.04492188 0.09179688 -0.50585938
v 0.43164062 0.47070312 -0.48242188
v 0.25585938 0.05273438 -0.48632812
v 0.24414062 0.06445312 -0.52539062
v 0.03710938 -0.02929688 -0.47851562
v -0.02148438 0.15039062 -0.52929688
v -0.04101562 0.09570312 -0.49414062
v -0.01757812 0.08398438 -0.49804688
v -0.02539062 0.08007812 -0.52929688
v 0.16601562 -0.00976562 -0.51757812
v 0.01757812 -0.07226562 -0.50976562
v 0.01757812 -0.01367188 -0.51367188
v -0.02929688 -0.06054688 -0.54101562
v 0.17382812 0.02539062 -0.54101562
v 0.00976562 0.09179688 -0.56835938
v -0.06054688 -0.01757812 -0.54492188
v 0.01757812 0.02148438 -0.52539062
v 0.02539062 0.04492188 -0.52929688
v 0.03710938 -0.01367188 -0.54492188
v -0.04492188 0.01367188 -0.54492188
v 0.03710938 0.01367188 -0.55273438
v -0.06835938 0.00976562 -0.56835938
v 0.00976562 0.00195312 -0.58789062
v 0.03320312 -0.04882812 -0.52929688
v -0.03320312 0.00585938 -0.58007812
v 0.38085938 0.04492188 -0.58398438
v 0.34570312 0.04492188 -0.56445312
v 0.14257812 0.05664062 -0.56445312
v -0.02539062 0.45898438 -0.53710938
v 0.02929688 0.00976562 -0.57617188
v 0.01757812 0.04882812 -0.58398438
v 0.03320312 0.03710938 -0.59570312
v 0.34570312 0.07617188 -0.58007812
v 0.36132812 0.08007812 -0.59179688
v 0.36132812 0.11523438 -0.59570312
v -0.16992188 0.14648438 -0.58398438
v -0.14257812 0.10742188 -0.58398438
v 0.47851562 0.11132812 -0.58789062
v -0.15429688 0.08007812 -0.59960938
v -0.16601562 0.11523438 -0.60742188
v -0.19726562 0.12695312 -0.62304688
v 0.40820312 0.03710938 -0.59570312
v -0.01757812 0.00585938 -0.59960938
v 0.38476562 0.08398438 -0.60742188
v 0.38476562 0.08789062 -0.60351562
v 0.42382812 0.07226562 -0.62695312
v 0.41210938 0.06835938 -0.59570312
v 0.50195312 0.10351562 -0.61132812
v 0.40820312 0.11132812 -0.63476562
v 0.38476562 0.12695312 -0.62695312
v 0.31445312 0.18554688 -0.62695312
v 0.31054688 0.15429688 -0.63476562
v -0.03320312 0.06445312 -0.62695312
v -0.14648438 0.08007812 -0.62695312
v -0.04492188 0.48632812 -0.60351562
v -0.03710938 0.45898438 -0.59179688
v 0.33398438 0.20117188 -0.63867188
v 0.27929688 0.35351562 -0.63085938
v 0.30273438 0.33398438 -0.65429688
v -0.02539062 0.18554688 -0.62695312
v -0.01367188 0.17382812 -0.65429688
v 0.45507812 0.15429688 -0.63476562
v 0.40820312 0.06835938 -0.63476562
v 0.43945312 0.10742188 -0.65429688
v 0.44335938 0.19335938 -0.64648438
v 0.42382812 0.10351562 -0.66210938
v 0.44726562 0.15039062 -0.66992188
v -0.09570312 0.47070312 -0.64648438
v -0.13867188 0.46679688 -0.63867188
v -0.24023438 0.36523438 -0.67382812
v -0.20117188 0.39257812 -0.67773438
v -0.22851562 0.38867188 -0.68554688
v 0.58007812 0.41992188 -0.65039062
v -0.18554688 0.41992188 -0.65820312
v -0.17382812 0.42773438 -0.70898438
v -0.15429688 0.35351562 -0.65820312
v -0.23632812 0.33789062 -0.67773438
v -0.22851562 0.40429688 -0.71679688
v 0.58398438 0.45117188 -0.71289062
v -0.17773438 0.36132812 -0.70898438
v -0.22851562 0.32617188 -0.70898438
v -0.23242188 0.34960938 -0.74804688
v -0.28710938 0.33789062 -0.75585938
v -0.07617188 0.09570312 -0.51757812
v -0.06835938 0.14257812 -0.48242188
v -0.02539062 0.34960938 -0.35742188
v -0.17773438 0.29492188 0.18945312
v -0.17382812 0.30664062 0.22460938
v -0.25976562 0.25195312 0.31835938
v -0.28320312 0.15429688 0.31445312
v -0.24804688 0.37695312 -0.74804688
v -0.24804688 0.37304688 -0.75195312
v -0.28710938 0.29882812 -0.72851562
v -0.21289062 0.40039062 -0.74023438
v -0.18945312 0.38476562 -0.73242188
v -0.17773438 0.38867188 -0.72851562
v -0.18554688 0.43554688 -0.68164062
v 0.42382812 0.20898438 -0.70898438
v 0.61523438 0.42773438 -0.68554688
v -0.12304688 0.43554688 -0.68164062
v -0.13867188 0.45507812 -0.67382812
v 0.38476562 0.22851562 -0.68554688
v 0.58789062 0.43945312 -0.68554688
v 0.56054688 0.44335938 -0.70117188
v 0.54101562 0.41992188 -0.67382812
v -0.18554688 0.34179688 -0.68554688
v -0.14648438 0.37695312 -0.68554688
v 0.40039062 0.18945312 -0.67382812
v -0.11523438 0.39648438 -0.65429688
v -0.20507812 0.34960938 -0.66210938
v 0.42382812 0.15039062 -0.67773438
v -0.09179688 0.46679688 -0.63867188
v 0.44335938 0.11132812 -0.63085938
v 0.35351562 0.23242188 -0.66601562
v 0.29492188 0.38476562 -0.65429688
v 0.28710938 0.33398438 -0.63476562
v 0.36523438 0.19335938 -0.65429688
v 0.28710938 0.22460938 -0.62695312
v 0.31835938 0.25195312 -0.65039062
v 0.31835938 0.23632812 -0.62695312
v -0.04101562 0.17773438 -0.64648438
v -0.02929688 0.10742188 -0.63867188
v -0.15039062 0.23242188 -0.62304688
v -0.15039062 0.17382812 -0.63476562
v -0.16992188 0.16992188 -0.61914062
v 0.29101562 0.27539062 -0.63476562
v 0.37695312 0.11523438 -0.61132812
v 0.36523438 0.15039062 -0.61523438
v -0.09960938 0.49023438 -0.58007812
v -0.02929688 0.27929688 -0.60351562
v -0.02148438 0.33398438 -0.59960938
v -0.20117188 0.16601562 -0.61523438
v -0.15429688 0.06445312 -0.61914062
v 0.28320312 0.33398438 -0.61523438
v -0.15429688 0.45117188 -0.61523438
v -0.04101562 0.00976562 -0.61523438
v -0.16992188 0.22851562 -0.61132812
v -0.16210938 0.11523438 -0.60742188
v 0.41992188 0.04101562 -0.57617188
v -0.20898438 0.15039062 -0.59179688
v -0.13867188 0.14257812 -0.59179688
v -0.13476562 0.19726562 -0.59179688
v -0.14648438 0.27148438 -0.58007812
v -0.05273438 0.43164062 -0.55664062
v 0.00976562 -0.03710938 -0.57226562
v 0.02929688 -0.01757812 -0.56835938
v 0.15429688 0.09179688 -0.58789062
v 0.01367188 0.05664062 -0.57226562
v 0.38476562 0.04101562 -0.55664062
v -0.04492188 0.43554688 -0.57617188
v 0.25585938 0.38476562 -0.54101562
v 0.28320312 0.38085938 -0.56445312
v -0.12304688 0.44726562 -0.53710938
v -0.01757812 0.00195312 -0.56054688
v -0.01757812 -0.03710938 -0.51757812
v 0.14257812 0.02929688 -0.52929688
v 0.34570312 0.02148438 -0.53710938
v 0.05273438 0.00976562 -0.53320312
v 0.34570312 -0.00195312 -0.51757812
v 0.34179688 -0.02148438 -0.53320312
v 0.33398438 -0.05664062 -0.51367188
v -0.13085938 0.44726562 -0.52929688
v 0.00195312 0.15039062 -0.49804688
v -0.01757812 0.17773438 -0.49414062
v -0.03320312 0.13867188 -0.49023438
v -0.01757812 -0.06445312 -0.52539062
v 0.25976562 0.03710938 -0.51367188
v 0.24804688 -0.02929688 -0.49804688
v 0.25195312 -0.01757812 -0.52539062
v 0.25195312 0.08789062 -0.52539062
v 0.22851562 0.40429688 -0.52148438
v 0.14257812 -0.00585938 -0.50585938
v 0.17382812 0.00585938 -0.50585938
v -0.02929688 0.06054688 -0.49414062
v -0.06445312 0.16992188 -0.49023438
v 0.22070312 -0.01367188 -0.48632812
v 0.00976562 0.09570312 -0.50195312
v -0.01367188 0.24023438 -0.49804688
v 0.00585938 -0.07617188 -0.49804688
v 0.20898438 0.04101562 -0.48242188
v 0.14257812 0.01367188 -0.47851562
v 0.16601562 -0.01367188 -0.48242188
v 0.14257812 -0.02539062 -0.44726562
v 0.45507812 0.46679688 -0.47070312
v 0.39257812 0.52148438 -0.42773438
v 0.03710938 0.02929688 -0.47070312
v 0.19335938 -0.00195312 -0.47460938
v 0.14257812 -0.03710938 -0.47070312
v 0.47070312 0.46679688 -0.45507812
v -0.32617188 0.41601562 -0.46679688
v -0.08007812 0.11523438 -0.45898438
v -0.07617188 0.11523438 -0.45507812
v 0.10351562 -0.03320312 -0.45898438
v 0.06445312 -0.02929688 -0.45507812
v 0.04101562 0.16992188 -0.44726562
v 0.14257812 -0.06054688 -0.43554688
v 0.11523438 0.04882812 -0.43554688
v 0.34179688 0.57617188 -0.37695312
v -0.27929688 0.47460938 -0.40820312
v 0.36914062 0.56835938 -0.33789062
v -0.30273438 0.45898438 -0.33398438
v -0.27929688 0.48242188 -0.37304688
v -0.11132812 0.55664062 -0.38476562
v -0.10742188 0.57226562 -0.34960938
v 0.41210938 0.54882812 -0.37695312
v -0.11132812 0.11914062 -0.37304688
v 0.45117188 0.53710938 -0.33007812
v 0.46289062 0.56835938 -0.34179688
v -0.19726562 0.49414062 -0.31054688
v -0.20117188 0.51757812 -0.33007812
v 0.39648438 0.61132812 -0.32617188
v -0.27929688 0.45507812 -0.31054688
v -0.27929688 0.48242188 -0.27148438
v 0.23632812 -0.63476562 -0.29101562
v 0.26757812 -0.62304688 -0.30664062
v 0.40820312 -0.09570312 -0.29101562
v 0.45117188 -0.12304688 -0.30273438
v 0.20507812 -0.65820312 -0.26367188
v 0.22851562 -0.63476562 -0.29882812
v 0.22460938 -0.09570312 -0.29492188
v 0.21679688 -0.04882812 -0.27539062
v -0.27929688 0.43554688 -0.29101562
v 0.44335938 -0.09570312 -0.28710938
v -0.12304688 0.59960938 -0.27148438
v 0.48632812 -0.17382812 -0.26367188
v 0.46289062 -0.18164062 -0.28320312
v 0.43945312 -0.18554688 -0.23242188
v 0.16992188 -0.16992188 -0.27929688
v 0.22070312 -0.09179688 -0.26757812
v 0.24804688 -0.04882812 -0.26367188
v 0.26757812 -0.16601562 -0.26367188
v 0.22851562 0.49414062 -0.27539062
v -0.27148438 0.45507812 -0.24804688
v -0.20117188 -0.93945312 -0.24804688
v -0.20117188 -0.95898438 -0.27148438
v -0.18164062 -0.96679688 -0.24023438
v 0.15429688 0.32226562 -0.26757812
v -0.15820312 -0.86132812 -0.26367188
v -0.13476562 -0.86523438 -0.25585938
v -0.12695312 -0.86132812 -0.24804688
v -0.11914062 -0.88476562 -0.26367188
v 0.15039062 0.50976562 -0.25195312
v 0.34570312 -0.10742188 -0.26367188
v 0.38085938 -0.58789062 -0.25976562
v 0.42773438 -0.03320312 -0.22070312
v -0.21679688 0.27539062 -0.25976562
v 0.16601562 -0.13085938 -0.25976562
v 0.21289062 0.49414062 -0.25585938
v -0.11523438 -0.87695312 -0.24804688
v 0.15820312 -0.04492188 -0.25195312
v 0.24414062 0.48632812 -0.25585938
v 0.25195312 0.50195312 -0.21679688
v 0.25195312 0.50195312 -0.22070312
v 0.25976562 -0.04882812 -0.25585938
v 0.37695312 -0.10742188 -0.23632812
v -0.19726562 0.28320312 -0.24804688
v 0.35742188 -0.12695312 -0.24804688
v 0.20507812 0.03320312 -0.22070312
v 0.17382812 -0.00195312 -0.24414062
v 0.24414062 0.03710938 -0.22070312
v 0.25585938 0.49023438 -0.20507812
v 0.37695312 -0.12304688 -0.19335938
v 0.18945312 0.33398438 -0.23242188
v 0.16210938 -0.09960938 -0.22070312
v 0.22070312 -0.06445312 -0.23242188
v 0.37695312 -0.60742188 -0.20117188
v 0.36132812 -0.65820312 -0.23242188
v 0.49023438 -0.17382812 -0.22460938
v 0.15820312 -0.04882812 -0.22460938
v 0.15429688 0.01367188 -0.21679688
v 0.18554688 0.57226562 -0.22070312
v 0.25976562 -0.01757812 -0.20898438
v 0.11132812 -0.03320312 -0.20898438
v 0.22070312 0.52539062 -0.18554688
v 0.10351562 -0.07226562 -0.21289062
v 0.10351562 0.05664062 -0.20507812
v 0.13476562 -0.09570312 -0.20117188
v 0.15039062 0.56445312 -0.19335938
v 0.32226562 -0.13867188 -0.19335938
v 0.10742188 0.22851562 -0.18164062
v 0.00976562 -0.18164062 -0.16992188
v 0.03320312 -0.25976562 -0.14257812
v 0.10742188 -0.09960938 -0.17382812
v -0.03710938 -0.00195312 -0.13867188
v 0.16992188 0.54492188 -0.16601562
v 0.14648438 0.54492188 -0.15429688
v 0.36132812 -0.59570312 -0.16601562
v 0.03710938 -0.21679688 -0.16210938
v 0.08007812 -0.10742188 -0.15039062
v 0.07617188 -0.11132812 -0.13867188
v 0.09960938 -0.13085938 -0.13867188
v 0.31445312 0.02929688 -0.10742188
v -0.14648438 0.48632812 -0.13867188
v -0.06054688 -0.20117188 -0.09570312
v 0.10742188 -0.15820312 -0.13476562
v 0.16210938 0.56445312 -0.13867188
v -0.13085938 0.46289062 -0.12304688
v -0.09570312 0.49414062 -0.13476562
v -0.06054688 -0.05273438 -0.12304688
v 0.29882812 -0.05664062 -0.13085938
v 0.31054688 -0.01367188 -0.09960938
v 0.23242188 0.31445312 -0.13085938
v -0.04492188 -0.12695312 -0.11523438
v 0.17382812 0.56835938 -0.11914062
v -0.06054688 -0.14648438 -0.10742188
v 0.11914062 0.50195312 -0.09570312
v 0.15039062 0.51757812 -0.08007812
v 0.29492188 0.00976562 -0.07226562
v 0.22851562 0.47851562 -0.09960938
v 0.24023438 0.34570312 -0.09960938
v -0.12304688 0.57226562 -0.09570312
v -0.09179688 0.56054688 -0.08398438
v -0.03710938 0.56054688 -0.08398438
v -0.04882812 0.54882812 -0.05664062
v -0.04882812 0.52929688 -0.09179688
v -0.04101562 0.52929688 -0.02929688
v 0.22070312 0.44726562 -0.08398438
v 0.29492188 -0.02929688 -0.04492188
v 0.28710938 0.06054688 -0.06835938
v -0.13085938 -0.13085938 -0.02148438
v -0.11523438 -0.09179688 -0.01757812
v -0.09960938 -0.13085938 -0.06054688
v -0.07226562 0.53710938 -0.02148438
v 0.17773438 0.47460938 -0.04492188
v 0.20507812 0.44726562 -0.05664062
v 0.20507812 0.43164062 -0.02929688
v 0.09570312 -0.14648438 -0.05273438
v 0.06445312 -0.14648438 -0.02929688
v 0.02539062 -0.16601562 -0.03320312
v 0.14257812 0.49804688 -0.03710938
v 0.20117188 0.44726562 -0.01367188
v 0.31445312 -0.01757812 -0.03710938
v -0.01757812 0.57617188 -0.02148438
v 0.00976562 0.55664062 -0.00976562
v -0.02148438 0.52539062 -0.01367188
v 0.05664062 0.47460938 0.02929688
v 0.29492188 0.37695312 -0.02148438
v -0.02929688 0.54882812 0.00585938
v 0.22851562 0.41210938 0.00195312
v 0.25195312 0.11132812 -0.00585938
v 0.25195312 0.38476562 0.01367188
v 0.24414062 0.12304688 0.02539062
v 0.25195312 -0.08789062 0.02148438
v 0.22460938 -0.04492188 0.04101562
v -0.17773438 0.35742188 0.01757812
v -0.14257812 0.33789062 0.02148438
v 0.19335938 0.14257812 0.01757812
v 0.00976562 0.51757812 0.04492188
v 0.25195312 -0.08398438 0.03320312
v -0.22070312 -0.27929688 0.10351562
v -0.11523438 -0.09179688 0.09179688
v -0.27148438 -0.29492188 0.13476562
v 0.24023438 -0.13085938 0.05273438
v -0.25195312 -0.41992188 0.05664062
v 0.15039062 -0.07226562 0.07226562
v 0.03320312 0.49023438 0.06445312
v -0.24023438 -0.31835938 0.07226562
v 0.10351562 -0.13085938 0.09179688
v 0.08007812 -0.06835938 0.12695312
v 0.07226562 0.47851562 0.09570312
v 0.14648438 -0.11132812 0.10351562
v 0.10351562 0.49023438 0.09179688
v 0.16601562 -0.08007812 0.09179688
v -0.24414062 -0.27929688 0.09570312
v -0.15039062 -0.17773438 0.09570312
v 0.15429688 0.06835938 0.09570312
v 0.18945312 0.03710938 0.10742188
v -0.02539062 -0.64257812 0.09960938
v 0.12695312 -0.02148438 0.09960938
v 0.14648438 -0.08398438 0.10742188
v -0.23632812 -0.12304688 0.20507812
v -0.07617188 -0.04101562 0.11132812
v -0.04492188 -0.03320312 0.11914062
v 0.16210938 -0.12304688 0.10742188
v 0.10742188 0.45898438 0.11914062
v 0.09570312 0.45898438 0.11132812
v 0.08398438 0.45898438 0.13085938
v 0.10351562 -0.05664062 0.13085938
v -0.21679688 -0.50976562 0.12304688
v -0.01367188 -0.66601562 0.12304688
v 0.07617188 -0.00585938 0.12304688
v -0.25195312 -0.70898438 0.12695312
v -0.25585938 -0.74023438 0.12695312
v -0.25585938 -0.57226562 0.12695312
v -0.24023438 -0.53710938 0.13867188
v -0.25195312 -0.68945312 0.14257812
v -0.14257812 -0.15429688 0.12695312
v -0.21679688 -0.52929688 0.13085938
v 0.00585938 -0.66210938 0.14648438
v -0.14648438 -0.16210938 0.13867188
v -0.04492188 -0.08789062 0.14257812
v -0.24804688 -0.55664062 0.15039062
v -0.25585938 -0.54101562 0.14648438
v -0.10742188 -0.10742188 0.16992188
v -0.13085938 -0.14257812 0.17382812
v -0.27929688 -0.15429688 0.17382812
v -0.24023438 -0.70117188 0.17773438
v -0.23632812 -0.76367188 0.22070312
v -0.21289062 -0.77929688 0.21289062
v -0.22851562 -0.49804688 0.18945312
v -0.30273438 -0.04492188 0.25195312
v -0.22851562 -0.52148438 0.20117188
v -0.24023438 -0.50195312 0.19726562
v -0.24804688 -0.09179688 0.23632812
v -0.20507812 -0.48632812 0.21289062
v -0.02148438 -0.54882812 0.22460938
v -0.02539062 -0.59179688 0.21289062
v -0.04882812 -0.59179688 0.24414062
v -0.20898438 -0.50976562 0.21679688
v -0.21679688 -0.48632812 0.22460938
v -0.07226562 -0.65039062 0.24804688
v -0.18554688 -0.51757812 0.23632812
v -0.08789062 -0.66992188 0.27929688
v -0.08007812 -0.65820312 0.27929688
v -0.17773438 -0.49414062 0.24023438
v -0.18945312 -0.49804688 0.24804688
v -0.13867188 -0.57617188 0.25195312
v -0.12304688 -0.58789062 0.25976562
v -0.14257812 -0.59960938 0.26367188
v -0.14257812 -0.66601562 0.27539062
v -0.06054688 -0.55273438 0.26757812
v -0.11914062 -0.56835938 0.28320312
v -0.31054688 0.24414062 0.35351562
v -0.33398438 0.28320312 0.37695312
v -0.29492188 0.23632812 0.39257812
v -0.33007812 0.21289062 0.36132812
v -0.31835938 0.19726562 0.38085938
v -0.31054688 0.17382812 0.37695312
v -0.27539062 0.15039062 0.38085938
v -0.24804688 0.14648438 0.38867188
v -0.26757812 0.11523438 0.39257812
v -0.30664062 0.27929688 0.38476562
v -0.35351562 0.27929688 0.40429688
v -0.28710938 0.26367188 0.40429688
v -0.27929688 0.26367188 0.43945312
v -0.33398438 0.27539062 0.43164062
v -0.34570312 0.64257812 0.46289062
v -0.37695312 0.63867188 0.49804688
v -0.38476562 0.54492188 0.49804688
v -0.33007812 0.58789062 0.49414062
v -0.34179688 0.58789062 0.52148438
v -0.35742188 0.54882812 0.50585938
v -0.52539062 0.59570312 0.57226562
v -0.33789062 0.84570312 0.58398438
v -0.54882812 0.61523438 0.59570312
v -0.56445312 0.66601562 0.64648438
v -0.58398438 0.66210938 0.64257812
v -0.58789062 0.71289062 0.66210938
v -0.59179688 0.72070312 0.68554688
v -0.56835938 0.70898438 0.69335938
v -0.57226562 0.80273438 0.73242188
v -0.60742188 0.77539062 0.70117188
v -0.58398438 0.81054688 0.74023438
v -0.29492188 0.04492188 0.33398438
v -0.14257812 -0.54492188 0.27929688
v -0.15820312 -0.56835938 0.24804688
v -0.19726562 0.13476562 0.13476562
v -0.22070312 0.13867188 0.12304688
v -0.10351562 -0.04492188 0.03710938
v -0.23242188 -0.40039062 0.02148438
v -0.09570312 0.31445312 0.05664062
v 0.27148438 0.36523438 0.01367188
v 0.05664062 0.49414062 -0.00195312
v -0.15039062 -0.22070312 0.03710938
v 0.25195312 0.39257812 -0.03320312
v 0.22851562 0.41601562 -0.04882812
v -0.12304688 0.52929688 -0.08398438
v 0.04492188 -0.10742188 -0.12695312
v 0.09570312 -0.16601562 -0.09960938
v 0.25195312 0.45898438 -0.17382812
v 0.14257812 0.24023438 -0.18554688
v 0.39257812 -0.61132812 -0.16992188
v 0.06835938 0.09179688 -0.18945312
v 0.36132812 -0.53320312 -0.20898438
v 0.36132812 -0.58007812 -0.20117188
v 0.18164062 0.27148438 -0.18164062
v 0.22070312 0.08007812 -0.20898438
v 0.01757812 -0.22460938 -0.17773438
v 0.18554688 -0.02929688 -0.22851562
v -0.21679688 0.31445312 -0.24023438
v 0.03710938 -0.15820312 -0.21679688
v 0.25195312 -0.19726562 -0.28320312
v 0.18554688 -0.65429688 -0.28320312
v 0.14648438 0.36914062 -0.29101562
v -0.34960938 0.43554688 -0.41210938
v 0.14257812 -0.06445312 -0.45117188
v 0.11914062 -0.01367188 -0.48242188
v -0.02148438 0.19726562 -0.51367188
v 0.22460938 0.00195312 -0.50585938
v 0.22460938 -0.00976562 -0.51757812
v -0.01367188 0.00585938 -0.52539062
v 0.14257812 0.09179688 -0.58789062
v -0.11523438 0.19726562 -0.57617188
v 0.45117188 0.08007812 -0.60742188
v 0.45507812 0.07226562 -0.59570312
v -0.04101562 0.33398438 -0.58789062
v -0.10742188 0.46679688 -0.62304688
v -0.02148438 0.28320312 -0.62304688
v 0.25585938 0.38476562 -0.62304688
v -0.15039062 0.40429688 -0.70898438
v 0.39648438 0.24414062 -0.70898438
v 0.44726562 0.21679688 -0.71679688
v -0.27929688 0.36132812 -0.68945312
v 0.60351562 0.43945312 -0.71679688
v -0.20507812 0.37304688 -0.74414062
v 0.13476562 0.41992188 -0.29492188
v -0.06835938 0.23632812 -0.64648438
v -0.09570312 0.23632812 -0.65039062
v -0.09960938 0.17773438 -0.66210938
v -0.06835938 0.11914062 -0.65820312
v -0.06445312 0.06054688 -0.64257812
v -0.06835938 0.00976562 -0.61914062
v -0.09179688 0.00976562 -0.60742188
v -0.09179688 0.01757812 -0.58789062
v -0.09179688 0.04101562 -0.56054688
v -0.08398438 0.07226562 -0.54882812
v -0.06835938 0.10742188 -0.49804688
v 0.10742188 0.08398438 -0.44335938
v 0.08398438 0.12304688 -0.44335938
v 0.02539062 0.22851562 -0.47460938
v -0.04492188 0.25195312 -0.40820312
v -0.03320312 0.28320312 -0.38867188
v -0.02929688 0.31054688 -0.37304688
v -0.06054688 0.34960938 -0.31054688
v -0.10351562 0.34570312 -0.26367188
v -0.15039062 0.30273438 -0.27148438
v -0.16210938 0.26757812 -0.30273438
v -0.18945312 0.25976562 -0.27929688
v -0.21679688 0.24804688 -0.27539062
v -0.24023438 0.27929688 -0.27929688
v -0.24804688 0.29882812 -0.31054688
v -0.24804688 0.34960938 -0.28710938
v -0.24804688 0.38476562 -0.30664062
v -0.24023438 0.46289062 -0.31054688
v -0.24023438 0.41992188 -0.32617188
v -0.22070312 0.45507812 -0.34179688
v -0.20117188 0.50976562 -0.32617188
v -0.18945312 0.49023438 -0.32226562
v -0.16210938 0.48632812 -0.33398438
v -0.13867188 0.48632812 -0.36523438
v -0.12304688 0.49414062 -0.40039062
v -0.11523438 0.51757812 -0.41992188
v -0.10351562 0.54101562 -0.43554688
v -0.09179688 0.57617188 -0.40429688
v -0.07226562 0.58789062 -0.41601562
v -0.04882812 0.58789062 -0.42773438
v -0.02148438 0.58007812 -0.44335938
v 0.00585938 0.58398438 -0.45898438
v 0.02539062 0.59179688 -0.47070312
v 0.04882812 0.59960938 -0.47851562
v 0.07617188 0.58398438 -0.52148438
v 0.09960938 0.55664062 -0.55664062
v 0.12695312 0.50976562 -0.58398438
v 0.13476562 0.46289062 -0.59960938
v 0.13476562 0.41992188 -0.62304688
v 0.13085938 0.36132812 -0.67382812
v 0.15820312 0.35351562 -0.65039062
v 0.18554688 0.35742188 -0.66992188
v 0.20507812 0.36132812 -0.70117188
v 0.23242188 0.36523438 -0.72070312
v 0.23242188 0.29492188 -0.73242188
v 0.20507812 0.22851562 -0.70507812
v 0.20507812 0.16992188 -0.68945312
v 0.22851562 0.16210938 -0.71289062
v 0.25585938 0.16210938 -0.71679688
v 0.28710938 0.16992188 -0.70117188
v 0.29882812 0.22851562 -0.70117188
v 0.29882812 0.29492188 -0.70117188
v 0.29492188 0.36132812 -0.68554688
v 0.26367188 0.43164062 -0.65429688
v 0.24023438 0.46679688 -0.60742188
v 0.21679688 0.49023438 -0.56835938
v 0.18945312 0.52148438 -0.56445312
v 0.15820312 0.57226562 -0.53320312
v 0.14648438 0.56445312 -0.53320312
v 0.12695312 0.59179688 -0.49804688
v 0.09960938 0.61132812 -0.45507812
v 0.08007812 0.62695312 -0.40820312
v 0.05273438 0.64648438 -0.35742188
v 0.02539062 0.64257812 -0.34570312
v 0.00195312 0.63867188 -0.33398438
v -0.02148438 0.63867188 -0.31835938
v -0.04101562 0.63476562 -0.29882812
v -0.06054688 0.63085938 -0.27539062
v -0.08398438 0.62695312 -0.24804688
v -0.11132812 0.63085938 -0.22460938
v -0.13867188 0.63085938 -0.20898438
v -0.15429688 0.62304688 -0.19726562
v -0.16601562 0.61132812 -0.18554688
v -0.17382812 0.59570312 -0.17382812
v -0.17773438 0.57226562 -0.15820312
v -0.17773438 0.54101562 -0.14648438
v -0.17382812 0.51367188 -0.13476562
v -0.16601562 0.49023438 -0.13085938
v -0.13867188 0.51367188 -0.10742188
v -0.16210938 0.47070312 -0.08007812
v -0.13085938 0.51757812 -0.08007812
v -0.15820312 0.50585938 -0.05664062
v -0.18554688 0.44726562 -0.04101562
v -0.18164062 0.49414062 -0.03320312
v -0.20117188 0.47460938 -0.00585938
v -0.17382812 0.39648438 -0.04492188
v -0.18554688 0.38085938 -0.01367188
v -0.20507812 0.41601562 -0.00195312
v -0.20117188 0.38867188 0.02929688
v -0.17382812 0.33007812 0.04101562
v -0.19335938 0.35742188 0.05664062
v -0.18945312 0.33398438 0.10351562
v -0.16992188 0.27929688 0.04492188
v -0.19335938 0.30664062 0.06054688
v -0.21289062 0.24414062 0.04882812
v -0.20507812 0.27929688 0.05273438
v -0.22851562 0.27929688 0.07226562
v -0.24023438 0.20898438 0.06445312
v -0.24023438 0.24804688 0.06445312
v -0.25976562 0.23632812 0.08007812
v -0.29101562 0.21679688 0.11132812
v -0.20898438 0.18945312 0.06835938
v -0.27539062 0.17773438 0.10351562
v -0.17773438 0.17382812 0.08789062
v -0.24804688 0.15039062 0.10742188
v -0.12695312 0.22460938 0.09570312
v -0.14257812 0.17773438 0.11914062
v -0.11132812 0.23632812 0.13085938
v -0.11914062 0.19335938 0.15039062
v -0.11523438 0.20898438 0.19726562
v -0.09570312 0.29882812 0.13867188
v -0.11523438 0.25195312 0.18164062
v -0.11523438 0.32226562 0.15429688
v -0.13476562 0.29101562 0.18554688
v -0.15039062 0.33398438 0.15820312
v -0.20117188 0.31445312 0.16992188
v -0.15820312 0.31054688 0.17773438
v -0.22070312 0.30664062 0.19335938
v -0.23632812 0.28710938 0.22851562
v -0.23632812 0.26367188 0.26367188
v -0.20117188 0.29101562 0.26367188
v -0.22851562 0.26757812 0.30273438
v -0.25585938 0.24804688 0.26757812
v -0.27929688 0.23632812 0.29492188
v -0.25195312 0.26367188 0.29101562
v -0.24023438 0.25585938 0.33007812
v -0.20898438 0.25195312 0.32226562
v -0.16601562 0.24023438 0.29492188
v -0.16210938 0.20507812 0.29882812
v -0.18164062 0.16601562 0.29492188
v -0.23242188 0.14648438 0.28710938
v 0.06835938 0.22851562 -0.75585938
v 0.07226562 0.30273438 -0.75585938
v 0.10351562 0.29882812 -0.75195312
v -0.32226562 0.30273438 -0.74804688
v -0.33007812 0.32617188 -0.74414062
v 0.09960938 0.22851562 -0.74414062
v 0.57226562 0.43164062 -0.74414062
v -0.34570312 0.29882812 -0.74023438
v 0.57226562 0.45117188 -0.73632812
v -0.34960938 0.31835938 -0.73242188
v -0.33007812 0.28710938 -0.73242188
v 0.03710938 0.22851562 -0.73242188
v 0.04492188 0.29882812 -0.73242188
v 0.55273438 0.41992188 -0.73242188
v 0.57226562 0.40039062 -0.73242188
v 0.58789062 0.44335938 -0.73242188
v 0.59179688 0.41992188 -0.73242188
v 0.06445312 0.16601562 -0.72851562
v 0.22851562 0.22851562 -0.72851562
v 0.54882812 0.43945312 -0.72851562
v -0.34960938 0.29882812 -0.72460938
v -0.29492188 0.36914062 -0.72460938
v 0.26367188 0.22851562 -0.72460938
v 0.26757812 0.29492188 -0.72460938
v -0.33398438 0.33789062 -0.72070312
v 0.03710938 0.16992188 -0.71679688
v 0.09570312 0.16992188 -0.71679688
v 0.12304688 0.29492188 -0.71679688
v 0.42382812 0.25976562 -0.71679688
v 0.58007812 0.37304688 -0.71679688
v 0.08007812 0.37695312 -0.71289062
v 0.11914062 0.22851562 -0.71289062
v 0.26757812 0.36523438 -0.71289062
v -0.34179688 0.31835938 -0.70898438
v -0.33007812 0.29882812 -0.70898438
v 0.11132812 0.37695312 -0.70898438
v 0.20507812 0.29492188 -0.70898438
v 0.39648438 0.31054688 -0.70898438
v 0.53710938 0.39257812 -0.70898438
v 0.36914062 0.29101562 -0.70507812
v 0.55664062 0.36914062 -0.70507812
v 0.60742188 0.40039062 -0.70507812
v 0.43164062 0.18164062 -0.70117188
v 0.45507812 0.27148438 -0.70117188
v 0.47460938 0.22460938 -0.70117188
v 0.52148438 0.41210938 -0.70117188
v -0.28320312 0.31445312 -0.69726562
v 0.02539062 0.22851562 -0.69726562
v 0.45117188 0.18164062 -0.69726562
v -0.31054688 0.33789062 -0.69335938
v -0.30664062 0.31054688 -0.69335938
v 0.03320312 0.29492188 -0.69335938
v 0.05273438 0.36914062 -0.69335938
v 0.34960938 0.34570312 -0.69335938
v 0.37695312 0.36132812 -0.69335938
v 0.42773438 0.32226562 -0.69335938
v 0.14257812 0.29101562 -0.68945312
v 0.02539062 0.16210938 -0.68554688
v 0.06445312 0.11523438 -0.68554688
v 0.11523438 0.17382812 -0.68554688
v 0.47460938 0.18945312 -0.68554688
v 0.59570312 0.35742188 -0.68554688
v -0.27148438 0.33398438 -0.68164062
v 0.03710938 0.11914062 -0.68164062
v 0.13476562 0.22851562 -0.68164062
v 0.25195312 0.10351562 -0.68164062
v 0.34960938 0.27929688 -0.68164062
v 0.18554688 0.29492188 -0.67773438
v 0.27929688 0.11132812 -0.67773438
v 0.32617188 0.33398438 -0.67773438
v 0.40429688 0.36914062 -0.67773438
v 0.54492188 0.35351562 -0.67773438
v 0.09179688 0.11914062 -0.67382812
v 0.18945312 0.23242188 -0.67382812
v 0.22460938 0.10742188 -0.67382812
v 0.23632812 0.43554688 -0.67382812
v 0.30664062 0.17773438 -0.67382812
v 0.33789062 0.40429688 -0.67382812
v 0.48632812 0.15039062 -0.67382812
v 0.00976562 0.22851562 -0.66992188
v 0.30664062 0.22851562 -0.66992188
v 0.36914062 0.41601562 -0.66992188
v 0.47460938 0.27539062 -0.66992188
v 0.49804688 0.22460938 -0.66992188
v 0.50585938 0.38085938 -0.66992188
v 0.30664062 0.29101562 -0.66601562
v 0.31445312 0.39257812 -0.66601562
v 0.48242188 0.10742188 -0.66601562
v -0.09960938 0.12304688 -0.66210938
v -0.01367188 0.22851562 -0.66210938
v 0.20898438 0.43164062 -0.66210938
v 0.30664062 0.12695312 -0.66210938
v 0.44726562 0.32617188 -0.66210938
v -0.16992188 0.38867188 -0.65820312
v -0.06835938 0.17773438 -0.65820312
v 0.00976562 0.16601562 -0.65820312
v 0.01367188 0.29101562 -0.65820312
v 0.04101562 0.35742188 -0.65820312
v 0.14648438 0.23242188 -0.65820312
v 0.18945312 0.17382812 -0.65820312
v -0.12695312 0.12304688 -0.65429688
v -0.12695312 0.17773438 -0.65429688
v -0.09960938 0.08007812 -0.65429688
v 0.08398438 0.43945312 -0.65429688
v 0.15820312 0.29101562 -0.65429688
v 0.16210938 0.23242188 -0.65429688
v 0.20507812 0.11914062 -0.65429688
v 0.45117188 0.07617188 -0.65429688
v 0.51367188 0.17382812 -0.65429688
v -0.19726562 0.37695312 -0.65039062
v 0.00195312 0.22851562 -0.65039062
v 0.11132812 0.12695312 -0.65039062
v 0.11523438 0.43945312 -0.65039062
v 0.12695312 0.17773438 -0.65039062
v 0.34960938 0.27929688 -0.65039062
v 0.39648438 0.41992188 -0.65039062
v 0.42382812 0.36914062 -0.65039062
v 0.51367188 0.13476562 -0.65039062
v 0.61523438 0.40039062 -0.65039062
v 0.31445312 0.44726562 -0.64648438
v 0.42382812 0.22460938 -0.64648438
v 0.50195312 0.09960938 -0.64648438
v 0.53710938 0.33398438 -0.64648438
v 0.57226562 0.32226562 -0.64648438
v 0.60351562 0.34179688 -0.64648438
v -0.17773438 0.09960938 -0.64257812
v -0.12695312 0.08007812 -0.64257812
v -0.04101562 0.12304688 -0.64257812
v -0.02148438 0.22851562 -0.64257812
v -0.01367188 0.28710938 -0.64257812
v 0.03320312 0.07617188 -0.64257812
v 0.05664062 0.42773438 -0.64257812
v 0.06445312 0.06835938 -0.64257812
v 0.29101562 0.43945312 -0.64257812
v 0.29882812 0.07226562 -0.64257812
v 0.33789062 0.45507812 -0.64257812
v 0.38085938 0.17773438 -0.64257812
v 0.39648438 0.25195312 -0.64257812
v 0.53710938 0.40039062 -0.64257812
v -0.12304688 0.23632812 -0.63867188
v 0.00195312 0.16992188 -0.63867188
v 0.16210938 0.17773438 -0.63867188
v 0.27148438 0.06445312 -0.63867188
v 0.35351562 0.21289062 -0.63867188
v 0.38476562 0.15429688 -0.63867188
v 0.39648438 0.14257812 -0.63867188
v 0.45898438 0.06835938 -0.63867188
v 0.48632812 0.27929688 -0.63867188
v 0.51367188 0.34570312 -0.63867188
v -0.18554688 0.40039062 -0.63476562
v -0.17773438 0.36523438 -0.63476562
v -0.15039062 0.11914062 -0.63476562
v -0.09960938 0.03710938 -0.63476562
v -0.04492188 0.23632812 -0.63476562
v 0.00585938 0.29101562 -0.63476562
v 0.09570312 0.07226562 -0.63476562
v 0.14257812 0.17773438 -0.63476562
v 0.18945312 0.41992188 -0.63476562
v 0.27148438 0.43164062 -0.63476562
v 0.36132812 0.46289062 -0.63476562
v 0.45117188 0.32226562 -0.63476562
v 0.50976562 0.22851562 -0.63476562
v 0.18554688 0.12695312 -0.63085938
v 0.24414062 0.05664062 -0.63085938
v -0.12304688 0.37304688 -0.62695312
v -0.09960938 0.29492188 -0.62695312
v -0.08398438 0.42382812 -0.62695312
v -0.02148438 0.12695312 -0.62695312
v 0.01367188 0.10351562 -0.62695312
v 0.02539062 0.34960938 -0.62695312
v 0.04101562 0.41210938 -0.62695312
v 0.21679688 0.47070312 -0.62695312
v 0.25585938 0.38085938 -0.62695312
v 0.28320312 0.28320312 -0.62695312
v 0.31835938 0.08789062 -0.62695312
v 0.37695312 0.29101562 -0.62695312
v -0.18945312 0.09570312 -0.62304688
v -0.11914062 0.03710938 -0.62304688
v -0.09570312 0.42773438 -0.62304688
v -0.06835938 0.29101562 -0.62304688
v -0.03320312 0.23632812 -0.62304688
v 0.12304688 0.13085938 -0.62304688
v 0.22070312 0.06054688 -0.62304688
v 0.33398438 0.20507812 -0.62304688
v 0.35351562 0.17773438 -0.62304688
v 0.41210938 0.41601562 -0.62304688
v 0.43554688 0.36523438 -0.62304688
v 0.49414062 0.25976562 -0.62304688
v 0.51367188 0.18164062 -0.62304688
v 0.51757812 0.36132812 -0.62304688
v 0.16210938 0.41601562 -0.61914062
v 0.32617188 0.33398438 -0.61914062
v 0.38476562 0.46289062 -0.61914062
v 0.43164062 0.04492188 -0.61914062
v 0.60351562 0.36914062 -0.61914062
v -0.13476562 0.29101562 -0.61523438
v -0.01367188 0.33789062 -0.61523438
v 0.08789062 0.47460938 -0.61523438
v 0.11523438 0.08398438 -0.61523438
v 0.11914062 0.47460938 -0.61523438
v 0.16210938 0.13085938 -0.61523438
v 0.28710938 0.48242188 -0.61523438
v 0.31054688 0.49023438 -0.61523438
v 0.50195312 0.25195312 -0.61523438
v 0.51367188 0.14257812 -0.61523438
v 0.53710938 0.37695312 -0.61523438
v 0.54101562 0.31445312 -0.61523438
v 0.56835938 0.30664062 -0.61523438
v 0.57226562 0.38867188 -0.61523438
v 0.58789062 0.31445312 -0.61523438
v -0.16992188 0.39257812 -0.61132812
v -0.04492188 0.28710938 -0.61132812
v 0.00585938 0.11132812 -0.61132812
v 0.14257812 0.13476562 -0.61132812
v 0.19726562 0.08007812 -0.61132812
v 0.26367188 0.47460938 -0.61132812
v 0.41992188 0.25976562 -0.61132812
v 0.44335938 0.22851562 -0.61132812
v 0.44726562 0.30664062 -0.61132812
v 0.46679688 0.20117188 -0.61132812
v 0.00976562 0.34570312 -0.60742188
v 0.06054688 0.46289062 -0.60742188
v 0.28320312 0.15429688 -0.60742188
v 0.31054688 0.17382812 -0.60742188
v 0.33398438 0.49414062 -0.60742188
v 0.39648438 0.29492188 -0.60742188
v 0.47460938 0.26757812 -0.60742188
v 0.49414062 0.22070312 -0.60742188
v -0.20507812 0.22070312 -0.60351562
v -0.14648438 0.38476562 -0.60351562
v -0.00976562 0.13867188 -0.60351562
v -0.00585938 0.08007812 -0.60351562
v 0.02929688 0.40429688 -0.60351562
v 0.25195312 0.22460938 -0.60351562
v 0.25195312 0.28320312 -0.60351562
v 0.35742188 0.33789062 -0.60351562
v 0.36132812 0.13476562 -0.60351562
v 0.40429688 0.46289062 -0.60351562
v 0.42773438 0.41210938 -0.60351562
v 0.43945312 0.35742188 -0.60351562
v 0.46679688 0.15429688 -0.60351562
v 0.49023438 0.18554688 -0.60351562
v -0.16210938 0.28710938 -0.59960938
v -0.13085938 0.03710938 -0.59960938
v -0.10351562 0.34179688 -0.59960938
v 0.19335938 0.46679688 -0.59960938
v 0.29882812 0.03320312 -0.59960938
v 0.31445312 0.11132812 -0.59960938
v 0.32617188 0.04492188 -0.59960938
v 0.44726562 0.27148438 -0.59960938
v 0.47070312 0.24414062 -0.59960938
v 0.53320312 0.33007812 -0.59960938
v -0.18554688 0.10742188 -0.59570312
v -0.16210938 0.42382812 -0.59570312
v -0.12304688 0.04882812 -0.59570312
v -0.09570312 0.40039062 -0.59570312
v -0.08007812 -0.00976562 -0.59570312
v -0.06835938 0.33789062 -0.59570312
v -0.04492188 -0.02539062 -0.59570312
v 0.04492188 0.44335938 -0.59570312
v 0.06445312 0.03320312 -0.59570312
v 0.16601562 0.46289062 -0.59570312
v 0.17382812 0.08789062 -0.59570312
v 0.25585938 0.17382812 -0.59570312
v 0.35742188 0.49804688 -0.59570312
v 0.42382812 0.29882812 -0.59570312
v 0.43945312 0.04882812 -0.59570312
v 0.45117188 0.11523438 -0.59570312
v 0.59179688 0.33007812 -0.59570312
v -0.14257812 0.33789062 -0.59179688
v -0.07617188 0.49414062 -0.59179688
v -0.01367188 -0.02148438 -0.59179688
v 0.04882812 0.46289062 -0.59179688
v 0.09179688 0.03710938 -0.59179688
v 0.12695312 0.09179688 -0.59179688
v 0.27148438 0.02929688 -0.59179688
v 0.49023438 0.15039062 -0.59179688
v 0.55273438 0.31054688 -0.59179688
v 0.57617188 0.31054688 -0.59179688
v -0.11523438 0.17382812 -0.58789062
v -0.01367188 0.37304688 -0.58789062
v 0.25585938 0.33398438 -0.58789062
v 0.26367188 0.51367188 -0.58789062
v 0.28710938 0.36132812 -0.58789062
v 0.28710938 0.52148438 -0.58789062
v 0.31445312 0.36914062 -0.58789062
v 0.38085938 0.33789062 -0.58789062
v 0.41601562 0.45898438 -0.58789062
v 0.54101562 0.35351562 -0.58789062
v -0.10742188 0.14257812 -0.58398438
v -0.09960938 0.37304688 -0.58398438
v 0.09570312 0.50585938 -0.58398438
v 0.11523438 0.04492188 -0.58398438
v 0.22070312 0.22460938 -0.58398438
v 0.31054688 0.52539062 -0.58398438
v 0.34179688 0.06445312 -0.58398438
v 0.38085938 0.49804688 -0.58398438
v 0.43945312 0.40429688 -0.58398438
v 0.44726562 0.35742188 -0.58398438
v 0.56835938 0.36132812 -0.58398438
v 0.59179688 0.34960938 -0.58398438
v -0.20117188 0.27539062 -0.58007812
v -0.12304688 0.23632812 -0.58007812
v -0.06445312 -0.03320312 -0.58007812
v 0.00976562 0.40820312 -0.58007812
v 0.15039062 0.48632812 -0.58007812
v 0.19335938 0.05273438 -0.58007812
v 0.22070312 0.28320312 -0.58007812
v 0.24023438 0.50195312 -0.58007812
v 0.24414062 0.02539062 -0.58007812
v 0.25585938 0.14257812 -0.58007812
v -0.22460938 0.20898438 -0.57617188
v -0.16992188 0.33398438 -0.57617188
v -0.11914062 0.07226562 -0.57617188
v -0.11914062 0.40820312 -0.57617188
v -0.11132812 0.10742188 -0.57617188
v -0.08398438 -0.00585938 -0.57617188
v -0.07617188 0.39257812 -0.57617188
v 0.03320312 0.44335938 -0.57617188
v 0.06835938 0.49804688 -0.57617188
v 0.23242188 0.17382812 -0.57617188
v 0.28320312 0.11914062 -0.57617188
v 0.34179688 0.11132812 -0.57617188
v 0.40429688 0.33789062 -0.57617188
v -0.13476562 0.37304688 -0.57226562
v 0.33398438 0.52929688 -0.57226562
v 0.34179688 0.37304688 -0.57226562
v 0.39648438 0.49414062 -0.57226562
v 0.42773438 0.45507812 -0.57226562
v -0.11914062 0.48242188 -0.56835938
v -0.04101562 0.38867188 -0.56835938
v -0.01757812 -0.05664062 -0.56835938
v 0.12695312 0.05273438 -0.56835938
v 0.16601562 0.05273438 -0.56835938
v 0.16601562 0.52148438 -0.56835938
v 0.42382812 0.33789062 -0.56835938
v 0.44335938 0.34179688 -0.56835938
v 0.04882812 0.48632812 -0.56445312
v 0.22460938 0.33398438 -0.56445312
v 0.25976562 0.55273438 -0.56445312
v 0.30664062 0.00195312 -0.56445312
v 0.33007812 0.01367188 -0.56445312
v -0.13867188 0.42773438 -0.56054688
v -0.12304688 0.40429688 -0.56054688
v -0.08789062 0.15429688 -0.56054688
v -0.06835938 -0.02929688 -0.56054688
v -0.02539062 0.49804688 -0.56054688
v -0.02148438 0.41992188 -0.56054688
v 0.15429688 0.52539062 -0.56054688
v 0.21289062 0.02539062 -0.56054688
v 0.21289062 0.16992188 -0.56054688
v 0.23632812 0.13867188 -0.56054688
v 0.23632812 0.54492188 -0.56054688
v 0.25976562 0.36132812 -0.56054688
v 0.31835938 0.08789062 -0.56054688
v 0.35351562 0.52929688 -0.56054688
v 0.43945312 0.44335938 -0.56054688
v -0.19726562 0.16992188 -0.55664062
v -0.10742188 0.44726562 -0.55664062
v -0.07617188 0.42773438 -0.55664062
v -0.04492188 0.50976562 -0.55664062
v 0.18945312 0.22460938 -0.55664062
v 0.28320312 0.56054688 -0.55664062
v 0.36914062 0.37695312 -0.55664062
v 0.41210938 0.49023438 -0.55664062
v 0.45117188 0.39257812 -0.55664062
v 0.54101562 0.32226562 -0.55664062
v 0.54101562 0.34179688 -0.55664062
v -0.19726562 0.32226562 -0.55273438
v -0.16210938 0.37304688 -0.55273438
v -0.15429688 0.20117188 -0.55273438
v -0.12695312 0.46289062 -0.55273438
v -0.10742188 0.19335938 -0.55273438
v -0.08398438 0.11132812 -0.55273438
v -0.06835938 0.00976562 -0.55273438
v -0.02539062 0.48632812 -0.55273438
v 0.07617188 0.54492188 -0.55273438
v 0.18945312 0.28320312 -0.55273438
v 0.25585938 0.11523438 -0.55273438
v 0.27929688 -0.00195312 -0.55273438
v -0.22460938 0.25976562 -0.54882812
v -0.07226562 0.51367188 -0.54882812
v 0.00976562 0.44726562 -0.54882812
v 0.03320312 0.47460938 -0.54882812
v 0.08398438 0.01757812 -0.54882812
v 0.10742188 0.02148438 -0.54882812
v 0.12695312 0.56445312 -0.54882812
v 0.14648438 0.52148438 -0.54882812
v 0.37304688 0.52929688 -0.54882812
v 0.56445312 0.32226562 -0.54882812
v 0.56835938 0.34570312 -0.54882812
v -0.21679688 0.20117188 -0.54492188
v 0.05273438 0.52929688 -0.54492188
v 0.18945312 0.16992188 -0.54492188
v 0.21289062 0.52929688 -0.54492188
v 0.24804688 -0.00195312 -0.54492188
v 0.28710938 0.09179688 -0.54492188
v 0.29492188 0.39648438 -0.54492188
v 0.30664062 0.56054688 -0.54492188
v 0.42382812 0.48242188 -0.54492188
v -0.15039062 0.40820312 -0.54101562
v 0.12304688 0.02539062 -0.54101562
v 0.19726562 0.33789062 -0.54101562
v 0.25976562 0.38867188 -0.54101562
v 0.39648438 0.37304688 -0.54101562
v -0.09570312 0.50585938 -0.53710938
v 0.22851562 0.36914062 -0.53710938
v 0.44335938 0.37304688 -0.53710938
v -0.20117188 0.19726562 -0.53320312
v 0.03320312 0.51757812 -0.53320312
v 0.23632812 0.58398438 -0.53320312
v 0.31445312 -0.02929688 -0.53320312
v 0.32617188 0.40429688 -0.53320312
v 0.37695312 -0.05273438 -0.53320312
v 0.38867188 0.52539062 -0.53320312
v 0.42382812 0.36914062 -0.53320312
v 0.50195312 0.42773438 -0.53320312
v -0.18945312 0.36523438 -0.52929688
v 0.01367188 0.47460938 -0.52929688
v 0.01757812 0.06445312 -0.52929688
v 0.15820312 0.22460938 -0.52929688
v 0.16210938 0.28320312 -0.52929688
v 0.21289062 0.57617188 -0.52929688
v 0.21679688 0.12695312 -0.52929688
v 0.25585938 0.58789062 -0.52929688
v 0.31835938 0.05664062 -0.52929688
v 0.32617188 0.56054688 -0.52929688
v 0.40820312 -0.04882812 -0.52929688
v 0.43554688 0.46289062 -0.52929688
v 0.51757812 0.37695312 -0.52929688
v -0.17382812 0.22070312 -0.52539062
v -0.12304688 0.23242188 -0.52539062
v -0.11132812 0.49414062 -0.52539062
v -0.08789062 0.21289062 -0.52539062
v 0.05664062 0.57617188 -0.52539062
v 0.13476562 0.49804688 -0.52539062
v -0.21679688 0.24414062 -0.52148438
v -0.21679688 0.30664062 -0.52148438
v -0.07617188 0.12695312 -0.52148438
v -0.07617188 0.16601562 -0.52148438
v -0.03710938 0.11523438 -0.52148438
v 0.14257812 0.55273438 -0.52148438
v 0.16210938 0.16992188 -0.52148438
v 0.18554688 0.56835938 -0.52148438
v 0.29101562 -0.03320312 -0.52148438
v 0.35742188 0.40429688 -0.52148438
v 0.38476562 -0.02148438 -0.52148438
v 0.40039062 0.52148438 -0.52148438
v 0.40820312 -0.06835938 -0.52148438
v 0.51367188 0.35351562 -0.52148438
v 0.54492188 0.36914062 -0.52148438
v -0.06054688 0.07226562 -0.51757812
v -0.03710938 0.11523438 -0.51757812
v -0.01367188 0.48632812 -0.51757812
v 0.03710938 0.56445312 -0.51757812
v 0.16992188 0.33789062 -0.51757812
v 0.19335938 0.12304688 -0.51757812
v 0.25195312 0.41992188 -0.51757812
v 0.34570312 0.56054688 -0.51757812
v 0.43945312 0.43164062 -0.51757812
v -0.17382812 0.40039062 -0.51367188
v -0.11914062 0.48242188 -0.51367188
v -0.04492188 0.54101562 -0.51367188
v -0.01757812 0.51367188 -0.51367188
v 0.00585938 0.14648438 -0.51367188
v 0.01367188 0.50585938 -0.51367188
v 0.27539062 0.58789062 -0.51367188
v 0.47070312 0.41992188 -0.51367188
v -0.19335938 0.22851562 -0.50976562
v -0.04492188 0.14257812 -0.50976562
v 0.00195312 0.07226562 -0.50976562
v 0.10351562 0.59179688 -0.50976562
v 0.18945312 0.38867188 -0.50976562
v 0.27929688 0.43164062 -0.50976562
v 0.29101562 0.06054688 -0.50976562
v 0.32226562 0.02929688 -0.50976562
v 0.37695312 -0.08007812 -0.50976562
v 0.39257812 0.40429688 -0.50976562
v 0.41601562 0.51367188 -0.50976562
v 0.41992188 -0.03320312 -0.50976562
v 0.53710938 0.34960938 -0.50976562
v -0.15429688 0.24414062 -0.50585938
v -0.07226562 0.53710938 -0.50585938
v 0.01757812 0.55273438 -0.50585938
v 0.36132812 0.56054688 -0.50585938
v 0.42382812 0.40429688 -0.50585938
v 0.42773438 -0.05273438 -0.50585938
v 0.48242188 0.41601562 -0.50585938
v -0.15429688 0.43554688 -0.50195312
v 0.13085938 0.22460938 -0.50195312
v 0.19726562 0.41992188 -0.50195312
v 0.29492188 0.58789062 -0.50195312
v 0.40820312 -0.08007812 -0.50195312
v 0.42382812 -0.06835938 -0.50195312
v 0.46679688 0.49804688 -0.50195312
v -0.20507812 0.34570312 -0.49804688
v -0.12304688 0.47070312 -0.49804688
v -0.10742188 0.26757812 -0.49804688
v -0.08007812 0.24804688 -0.49804688
v -0.05664062 0.11523438 -0.49804688
v 0.00195312 0.20898438 -0.49804688
v 0.02148438 0.00976562 -0.49804688
v 0.13085938 0.52539062 -0.49804688
v 0.13476562 0.28320312 -0.49804688
v 0.16992188 0.12304688 -0.49804688
v 0.19726562 0.08789062 -0.49804688
v 0.24023438 0.07617188 -0.49804688
v 0.31445312 0.43164062 -0.49804688
v 0.39648438 -0.01367188 -0.49804688
v 0.52539062 0.41992188 -0.49804688
v -0.20507812 0.28320312 -0.49414062
v -0.09179688 0.52929688 -0.49414062
v -0.06835938 0.13867188 -0.49414062
v -0.05664062 0.16210938 -0.49414062
v 0.13476562 0.16992188 -0.49414062
v 0.20898438 0.44335938 -0.49414062
v 0.33789062 0.00976562 -0.49414062
v 0.36914062 -0.00195312 -0.49414062
v 0.37304688 0.56054688 -0.49414062
v 0.42382812 0.49804688 -0.49414062
v 0.49023438 0.40820312 -0.49414062
v -0.13867188 0.26757812 -0.49023438
v 0.00585938 0.25976562 -0.49023438
v 0.14257812 0.33789062 -0.49023438
v 0.35351562 -0.07617188 -0.49023438
v -0.17773438 0.25976562 -0.48632812
v 0.00195312 0.54101562 -0.48632812
v 0.15429688 0.59960938 -0.48632812
v 0.20507812 0.60351562 -0.48632812
v 0.23242188 0.45507812 -0.48632812
v 0.28710938 -0.04101562 -0.48632812
v 0.29882812 0.02929688 -0.48632812
v 0.31054688 0.58789062 -0.48632812
v 0.34570312 0.43164062 -0.48632812
v -0.18945312 0.38085938 -0.48242188
v -0.10742188 0.51757812 -0.48242188
v -0.00585938 0.27929688 -0.48242188
v 0.13085938 0.60351562 -0.48242188
v 0.17773438 0.59960938 -0.48242188
v 0.22851562 0.60742188 -0.48242188
v 0.38476562 -0.08007812 -0.48242188
v 0.38476562 0.55664062 -0.48242188
v 0.41601562 -0.07226562 -0.48242188
v 0.41992188 -0.03320312 -0.48242188
v 0.49804688 0.49804688 -0.48242188
v -0.13867188 0.45898438 -0.47851562
v 0.02148438 0.16992188 -0.47851562
v 0.03710938 -0.08007812 -0.47851562
v 0.14257812 0.12304688 -0.47851562
v 0.15820312 0.38867188 -0.47851562
v 0.38085938 0.43164062 -0.47851562
v 0.41601562 0.43554688 -0.47851562
v 0.42382812 -0.05273438 -0.47851562
v 0.16601562 0.42382812 -0.47460938
v 0.26757812 0.45898438 -0.47460938
v 0.38867188 -0.01367188 -0.47460938
v 0.40820312 0.43164062 -0.47460938
v 0.51367188 0.40429688 -0.47460938
v -0.17382812 0.41601562 -0.47070312
v -0.11523438 0.50195312 -0.47070312
v -0.05273438 0.56445312 -0.47070312
v 0.02148438 -0.06054688 -0.47070312
v 0.06054688 -0.06054688 -0.47070312
v 0.10742188 0.16992188 -0.47070312
v 0.10742188 0.22460938 -0.47070312
v 0.31835938 0.00976562 -0.47070312
v 0.32617188 0.58789062 -0.47070312
v 0.34960938 0.00195312 -0.47070312
v 0.39648438 0.55273438 -0.47070312
v -0.18945312 0.32226562 -0.46679688
v -0.11132812 0.30664062 -0.46679688
v -0.08398438 0.27929688 -0.46679688
v 0.02148438 -0.08007812 -0.46679688
v 0.07617188 0.60742188 -0.46679688
v 0.11132812 0.28320312 -0.46679688
v 0.24804688 0.60742188 -0.46679688
v -0.15429688 0.29882812 -0.46289062
v -0.07617188 0.56445312 -0.46289062
v 0.15429688 0.08007812 -0.46289062
v 0.17382812 0.45507812 -0.46289062
v 0.29882812 0.45898438 -0.46289062
v 0.34570312 -0.06054688 -0.46289062
v 0.39648438 -0.06054688 -0.46289062
v 0.11523438 0.12304688 -0.45898438
v 0.33789062 0.58789062 -0.45898438
v 0.40039062 -0.03710938 -0.45898438
v 0.40820312 0.48242188 -0.45898438
v -0.15429688 0.43945312 -0.45507812
v -0.07617188 0.24804688 -0.45507812
v 0.07226562 0.01367188 -0.45507812
v 0.10351562 0.00976562 -0.45507812
v 0.11914062 0.33789062 -0.45507812
v 0.18945312 0.47460938 -0.45507812
v 0.33007812 0.45898438 -0.45507812
v -0.29882812 0.45507812 -0.45117188
v -0.17773438 0.35742188 -0.45117188
v -0.12304688 0.48632812 -0.45117188
v -0.09179688 0.55664062 -0.45117188
v 0.07617188 0.16992188 -0.45117188
v 0.15429688 -0.06445312 -0.45117188
v 0.26367188 0.60742188 -0.45117188
v 0.31835938 -0.01757812 -0.45117188
v 0.36132812 -0.03320312 -0.45117188
v 0.40429688 0.54101562 -0.45117188
v 0.51367188 0.47851562 -0.45117188
v -0.15039062 0.33398438 -0.44726562
v -0.03320312 0.24414062 -0.44726562
v 0.03320312 0.29101562 -0.44726562
v 0.04492188 0.10742188 -0.44726562
v 0.07617188 0.22460938 -0.44726562
v 0.21679688 0.48632812 -0.44726562
v 0.34570312 0.58789062 -0.44726562
v 0.36132812 0.45898438 -0.44726562
v -0.17382812 0.38476562 -0.44335938
v 0.06445312 -0.08789062 -0.44335938
v 0.13085938 0.38867188 -0.44335938
v 0.14648438 -0.06835938 -0.44335938
v 0.25195312 0.48632812 -0.44335938
v 0.39257812 0.46289062 -0.44335938
v 0.04101562 0.22460938 -0.43945312
v 0.07617188 0.06054688 -0.43945312
v 0.11132812 -0.07617188 -0.43945312
v -0.13085938 0.46679688 -0.43554688
v -0.11523438 0.32226562 -0.43554688
v -0.10742188 0.29101562 -0.43554688
v -0.01757812 0.27929688 -0.43554688
v 0.05273438 -0.05273438 -0.43554688
v 0.08007812 0.28320312 -0.43554688
v 0.11914062 -0.04492188 -0.43554688
v 0.13476562 -0.07226562 -0.43554688
v 0.13476562 0.42382812 -0.43554688
v 0.27929688 0.60742188 -0.43554688
v 0.35742188 0.58398438 -0.43554688
v 0.44726562 0.56445312 -0.43554688
v 0.04882812 -0.08007812 -0.43164062
v 0.18945312 0.62304688 -0.43164062
v 0.28710938 0.48632812 -0.43164062
v -0.15820312 0.40429688 -0.42773438
v -0.15039062 0.35742188 -0.42773438
v -0.10351562 0.25976562 -0.42773438
v -0.01367188 0.31445312 -0.42773438
v 0.08398438 -0.04492188 -0.42773438
v 0.16210938 0.62304688 -0.42773438
v 0.49414062 0.45507812 -0.42773438
v 0.04492188 0.28320312 -0.42382812
v 0.13085938 -0.01367188 -0.42382812
v 0.24414062 0.50585938 -0.42382812
v 0.28710938 0.60742188 -0.42382812
v 0.31835938 0.48632812 -0.42382812
v 0.39257812 0.51757812 -0.42382812
v -0.13476562 0.27929688 -0.41992188
v 0.04101562 0.34570312 -0.41992188
v 0.08398438 -0.08789062 -0.41992188
v 0.08789062 0.33789062 -0.41992188
v 0.11523438 -0.08007812 -0.41992188
v 0.13085938 0.62695312 -0.41992188
v 0.13867188 0.45507812 -0.41992188
v 0.36523438 0.58007812 -0.41992188
v -0.16601562 0.38476562 -0.41601562
v -0.15429688 0.33007812 -0.41601562
v 0.04882812 0.61914062 -0.41601562
v 0.20507812 0.62304688 -0.41601562
v 0.27148438 0.13476562 -0.41601562
v 0.34960938 0.49023438 -0.41601562
v 0.48242188 0.55664062 -0.41601562
v -0.16601562 0.30273438 -0.41210938
v -0.01757812 0.32617188 -0.41210938
v 0.10351562 0.62695312 -0.41210938
v 0.11523438 -0.06445312 -0.41210938
v 0.29882812 0.60742188 -0.41210938
v 0.30273438 0.08398438 -0.41210938
v 0.30664062 0.15039062 -0.41210938
v 0.33398438 0.10351562 -0.41210938
v 0.37695312 0.49804688 -0.41210938
v -0.32226562 0.47070312 -0.40820312
v -0.16992188 0.36132812 -0.40820312
v -0.13476562 0.45117188 -0.40820312
v 0.02539062 0.61523438 -0.40820312
v 0.08007812 -0.07226562 -0.40820312
v 0.09960938 0.38867188 -0.40820312
v 0.09960938 0.42382812 -0.40820312
v 0.27539062 0.50976562 -0.40820312
v 0.37695312 0.56445312 -0.40820312
v -0.18945312 0.38476562 -0.40429688
v -0.13867188 0.24804688 -0.40429688
v -0.09960938 0.18554688 -0.40429688
v 0.05664062 0.33789062 -0.40429688
v 0.05664062 0.39648438 -0.40429688
v 0.36914062 -0.99804688 -0.40429688
v -0.19726562 0.35742188 -0.40039062
v -0.11914062 0.21289062 -0.40039062
v -0.01367188 0.35742188 -0.40039062
v 0.22070312 0.62304688 -0.40039062
v 0.30273438 0.60742188 -0.40039062
v 0.30664062 0.50976562 -0.40039062
v 0.33007812 -0.99804688 -0.40039062
v 0.36523438 -0.96679688 -0.40039062
v -0.33398438 0.46679688 -0.39648438
v -0.17773438 0.38867188 -0.39648438
v -0.17382812 0.27148438 -0.39648438
v -0.16210938 0.40820312 -0.39648438
v 0.00195312 0.61132812 -0.39648438
v 0.25585938 0.18554688 -0.39648438
v 0.28710938 0.19726562 -0.39648438
v 0.33007812 -0.97070312 -0.39648438
v 0.35742188 0.11914062 -0.39648438
v -0.00585938 0.39648438 -0.39257812
v 0.06835938 0.38867188 -0.39257812
v 0.24804688 0.11914062 -0.39257812
v 0.30273438 0.51757812 -0.39257812
v 0.33789062 0.16210938 -0.39257812
v 0.35742188 0.06445312 -0.39257812
v 0.39257812 -0.99804688 -0.39257812
v 0.45898438 0.48242188 -0.39257812
v -0.28710938 0.50976562 -0.38867188
v -0.20898438 0.32617188 -0.38867188
v 0.27929688 0.06835938 -0.38867188
v 0.33398438 0.51757812 -0.38867188
v 0.33789062 0.04101562 -0.38867188
v 0.37304688 -0.99804688 -0.38867188
v 0.39257812 -0.96679688 -0.38867188
v 0.49804688 0.52929688 -0.38867188
v -0.15039062 0.22460938 -0.38476562
v -0.09960938 0.20898438 -0.38476562
v 0.22851562 0.62695312 -0.38476562
v 0.29882812 -0.96679688 -0.38476562
v 0.30273438 -0.99804688 -0.38476562
v 0.31054688 0.60351562 -0.38476562
v 0.33789062 -0.99804688 -0.38476562
v 0.35351562 0.53320312 -0.38476562
v -0.21679688 0.41992188 -0.38085938
v -0.02148438 0.60742188 -0.38085938
v 0.16210938 0.64257812 -0.38085938
v 0.31445312 0.20507812 -0.38085938
v -0.17773438 0.24414062 -0.37695312
v -0.15039062 0.44726562 -0.37695312
v -0.07617188 0.24414062 -0.37695312
v 0.23242188 0.17382812 -0.37695312
v 0.31835938 -0.89648438 -0.37695312
v 0.35351562 -0.88867188 -0.37695312
v 0.37304688 0.12695312 -0.37695312
v 0.38085938 0.08007812 -0.37695312
v -0.21289062 0.29492188 -0.37304688
v -0.18554688 0.41601562 -0.37304688
v 0.23242188 0.62695312 -0.37304688
v 0.31445312 -0.99804688 -0.37304688
v 0.47851562 0.49804688 -0.37304688
v -0.22851562 0.38867188 -0.36914062
v -0.20507812 0.42382812 -0.36914062
v -0.04101562 0.60351562 -0.36914062
v 0.12304688 0.65039062 -0.36914062
v 0.24414062 0.23242188 -0.36914062
v 0.27148438 0.24023438 -0.36914062
v 0.30273438 -0.83007812 -0.36914062
v 0.31445312 0.02929688 -0.36914062
v 0.37304688 0.12304688 -0.36914062
v 0.43945312 0.59179688 -0.36914062
v -0.30664062 0.50195312 -0.36523438
v -0.14648438 0.20898438 -0.36523438
v -0.12304688 0.52929688 -0.36523438
v 0.28710938 -0.90429688 -0.36523438
v 0.31054688 0.59960938 -0.36523438
v 0.34570312 -0.99804688 -0.36523438
v 0.34570312 -0.82226562 -0.36523438
v 0.38867188 -0.88867188 -0.36523438
v 0.40429688 -0.99804688 -0.36523438
v 0.08789062 0.65039062 -0.36132812
v 0.23632812 0.11132812 -0.36132812
v 0.27929688 -0.96289062 -0.36132812
v 0.28320312 -0.99414062 -0.36132812
v 0.36132812 0.16992188 -0.36132812
v 0.37304688 0.01757812 -0.36132812
v 0.38085938 -0.99804688 -0.36132812
v 0.40820312 -0.96679688 -0.36132812
v -0.06445312 0.27539062 -0.35742188
v -0.05664062 0.59960938 -0.35742188
v 0.17382812 0.65039062 -0.35742188
v 0.24023438 0.62695312 -0.35742188
v 0.26757812 -0.84570312 -0.35742188
v 0.26757812 0.06445312 -0.35742188
v 0.28710938 -0.77539062 -0.35742188
v 0.29882812 0.24414062 -0.35742188
v 0.33789062 -0.76757812 -0.35742188
v 0.41210938 0.52929688 -0.35742188
v -0.24023438 0.35351562 -0.35351562
v -0.23242188 0.55273438 -0.35351562
v -0.17382812 0.22851562 -0.35351562
v 0.21679688 0.22460938 -0.35351562
v 0.33789062 0.21289062 -0.35351562
v 0.34960938 0.56835938 -0.35351562
v 0.38867188 0.12304688 -0.35351562
v 0.39648438 0.08789062 -0.35351562
v -0.21679688 0.26757812 -0.34960938
v -0.17773438 0.44726562 -0.34960938
v -0.02148438 0.38867188 -0.34960938
v 0.22070312 0.16210938 -0.34960938
v 0.26757812 -0.91992188 -0.34960938
v 0.27539062 -0.67773438 -0.34960938
v 0.33007812 -0.71679688 -0.34960938
v 0.33007812 -0.66992188 -0.34960938
v 0.34179688 0.00976562 -0.34960938
v 0.38867188 -0.82226562 -0.34960938
v 0.40039062 0.02929688 -0.34960938
v -0.13476562 0.21679688 -0.34570312
v -0.10742188 0.24023438 -0.34570312
v 0.23242188 0.27929688 -0.34570312
v 0.25976562 0.28320312 -0.34570312
v 0.27148438 -0.72851562 -0.34570312
v 0.29882812 -0.64648438 -0.34570312
v 0.30273438 -0.99804688 -0.34570312
v 0.43945312 0.51367188 -0.34570312
v -0.11523438 0.15429688 -0.34179688
v -0.07226562 0.59570312 -0.34179688
v 0.24804688 -0.79492188 -0.34179688
v 0.25195312 0.62695312 -0.34179688
v 0.25976562 -0.65039062 -0.34179688
v 0.29882812 0.03320312 -0.34179688
v 0.37695312 0.59570312 -0.34179688
v 0.34179688 -0.64257812 -0.33789062
v 0.40820312 -0.89648438 -0.33789062
v -0.26757812 0.55273438 -0.33398438
v -0.24414062 0.32226562 -0.33398438
v -0.06054688 0.31054688 -0.33398438
v 0.18164062 0.65820312 -0.33398438
v 0.24414062 -0.86523438 -0.33398438
v 0.25976562 -0.63085938 -0.33398438
v 0.26757812 -0.93554688 -0.33398438
v 0.29882812 -0.62304688 -0.33398438
v 0.29882812 0.59570312 -0.33398438
v 0.31835938 0.24804688 -0.33398438
v 0.34179688 -0.99804688 -0.33398438
v 0.38085938 -0.99804688 -0.33398438
v 0.38476562 -0.76367188 -0.33398438
v 0.40429688 -0.99804688 -0.33398438
v -0.23632812 0.24804688 -0.33007812
v -0.15039062 0.24023438 -0.33007812
v 0.20507812 0.21289062 -0.33007812
v 0.22851562 0.32617188 -0.33007812
v 0.23632812 -0.69335938 -0.33007812
v 0.25585938 0.33007812 -0.33007812
v 0.28710938 0.28710938 -0.33007812
v 0.38476562 -0.02539062 -0.33007812
v 0.40429688 -0.97070312 -0.33007812
v 0.40429688 0.09179688 -0.33007812
v -0.20117188 0.25195312 -0.32617188
v -0.15039062 0.52539062 -0.32617188
v 0.13085938 0.68164062 -0.32617188
v 0.20898438 0.27539062 -0.32617188
v 0.22851562 -0.66601562 -0.32617188
v 0.22851562 0.10742188 -0.32617188
v 0.25976562 -0.61914062 -0.32617188
v 0.30273438 -0.61132812 -0.32617188
v 0.32617188 0.00585938 -0.32617188
v 0.34179688 -0.62695312 -0.32617188
v 0.37695312 -0.66210938 -0.32617188
v 0.38085938 -0.71289062 -0.32617188
v -0.10742188 0.27148438 -0.32226562
v 0.21289062 0.15820312 -0.32226562
v 0.22460938 0.36914062 -0.32226562
v 0.22851562 -0.75195312 -0.32226562
v 0.25585938 0.06445312 -0.32226562
v 0.34570312 0.21679688 -0.32226562
v 0.37304688 0.18164062 -0.32226562
v 0.39257812 0.14257812 -0.32226562
v 0.41992188 -0.01757812 -0.32226562
v 0.42382812 0.03710938 -0.32226562
v 0.09570312 0.68554688 -0.31835938
v 0.22460938 -0.64648438 -0.31835938
v 0.25585938 0.62695312 -0.31835938
v 0.26367188 -0.61523438 -0.31835938
v 0.27539062 -0.96289062 -0.31835938
v 0.34179688 -0.61523438 -0.31835938
v 0.36523438 0.54882812 -0.31835938
v 0.41210938 -0.83007812 -0.31835938
v 0.19335938 0.41210938 -0.31445312
v 0.20507812 0.66210938 -0.31445312
v 0.22070312 -0.63085938 -0.31445312
v 0.22851562 -0.81835938 -0.31445312
v 0.22851562 0.41601562 -0.31445312
v 0.25585938 0.37304688 -0.31445312
v 0.35351562 -0.02148438 -0.31445312
v 0.36914062 -0.63476562 -0.31445312
v -0.27929688 0.52929688 -0.31054688
v -0.14648438 -0.96679688 -0.31054688
v -0.08398438 0.59570312 -0.31054688
v 0.06054688 0.68554688 -0.31054688
v 0.19335938 0.32226562 -0.31054688
v 0.19335938 0.36523438 -0.31054688
v 0.28320312 0.33007812 -0.31054688
v 0.28710938 0.03320312 -0.31054688
v 0.30664062 -0.61523438 -0.31054688
v 0.31054688 -0.99414062 -0.31054688
v 0.32617188 0.25195312 -0.31054688
v 0.36914062 0.54101562 -0.31054688
v -0.16992188 0.57617188 -0.30664062
v 0.20117188 0.20507812 -0.30664062
v 0.24023438 -0.88867188 -0.30664062
v 0.30664062 0.28320312 -0.30664062
v 0.30664062 0.59570312 -0.30664062
v 0.39257812 -0.99414062 -0.30664062
v 0.40039062 -0.06054688 -0.30664062
v 0.41210938 -0.90820312 -0.30664062
v -0.22460938 0.23242188 -0.30273438
v -0.20117188 0.58789062 -0.30273438
v -0.15429688 -0.93164062 -0.30273438
v 0.15820312 0.40820312 -0.30273438
v 0.21289062 -0.71289062 -0.30273438
v 0.25976562 0.41601562 -0.30273438
v 0.39648438 -0.96679688 -0.30273438
v 0.41601562 -0.14257812 -0.30273438
v 0.43554688 -0.05664062 -0.30273438
v 0.43945312 -0.00585938 -0.30273438
v 0.45507812 -0.16210938 -0.30273438
v -0.05273438 0.38476562 -0.29882812
v 0.34570312 -0.99414062 -0.29882812
v 0.34570312 -0.61523438 -0.29882812
v 0.41210938 -0.77148438 -0.29882812
v -0.10351562 0.30664062 -0.29492188
v 0.01757812 0.68554688 -0.29492188
v 0.18554688 0.45507812 -0.29492188
v 0.18945312 0.27539062 -0.29492188
v 0.22460938 -0.20117188 -0.29492188
v 0.22851562 0.10742188 -0.29492188
v 0.28710938 0.36914062 -0.29492188
v 0.31835938 0.00585938 -0.29492188
v 0.32226562 0.57617188 -0.29492188
v 0.36914062 -0.99414062 -0.29492188
v 0.39257812 -0.63867188 -0.29492188
v -0.28320312 0.50585938 -0.29101562
v -0.13476562 -0.90820312 -0.29101562
v -0.12304688 -0.99804688 -0.29101562
v 0.16992188 -0.09179688 -0.29101562
v 0.17382812 -0.13085938 -0.29101562
v 0.21289062 -0.77148438 -0.29101562
v 0.21289062 0.15429688 -0.29101562
v 0.22460938 -0.22070312 -0.29101562
v 0.22851562 0.46289062 -0.29101562
v 0.25976562 0.62695312 -0.29101562
v 0.40820312 0.09960938 -0.29101562
v 0.43164062 0.04492188 -0.29101562
v -0.11132812 -0.91601562 -0.28710938
v 0.11914062 0.72070312 -0.28710938
v 0.14648438 0.71289062 -0.28710938
v 0.17382812 -0.21289062 -0.28710938
v 0.19726562 -0.68945312 -0.28710938
v 0.22070312 0.66601562 -0.28710938
v 0.25195312 -0.91210938 -0.28710938
v 0.25585938 0.06445312 -0.28710938
v 0.32226562 0.60351562 -0.28710938
v 0.33789062 0.22851562 -0.28710938
v 0.36914062 -0.59960938 -0.28710938
v 0.36914062 0.18945312 -0.28710938
v 0.38867188 0.54101562 -0.28710938
v 0.39257812 0.14648438 -0.28710938
v 0.22460938 -0.83789062 -0.28320312
v 0.26757812 -0.56835938 -0.28320312
v 0.29882812 0.32226562 -0.28320312
v 0.34570312 -0.02539062 -0.28320312
v 0.41210938 -0.71679688 -0.28320312
v 0.41601562 -0.84570312 -0.28320312
v -0.26367188 0.40039062 -0.27929688
v -0.23242188 0.58789062 -0.27929688
v -0.18164062 -0.97460938 -0.27929688
v -0.15429688 -0.99804688 -0.27929688
v 0.09179688 0.72851562 -0.27929688
v 0.09570312 0.37304688 -0.27929688
v 0.12695312 0.45898438 -0.27929688
v 0.16992188 -0.04882812 -0.27929688
v 0.17382812 0.70507812 -0.27929688
v 0.19335938 -0.66992188 -0.27929688
v 0.20117188 0.20117188 -0.27929688
v 0.25976562 -0.65429688 -0.27929688
v 0.28710938 0.41210938 -0.27929688
v 0.30273438 -0.56054688 -0.27929688
v 0.31054688 0.26757812 -0.27929688
v 0.40039062 -0.92382812 -0.27929688
v 0.40820312 -0.66992188 -0.27929688
v 0.46289062 -0.04492188 -0.27929688
v 0.48632812 -0.13867188 -0.27929688
v -0.18164062 -0.90429688 -0.27539062
v -0.13867188 -0.88867188 -0.27539062
v -0.11523438 -0.90820312 -0.27539062
v 0.08789062 0.42382812 -0.27539062
v 0.13867188 0.41601562 -0.27539062
v 0.14648438 0.45117188 -0.27539062
v 0.19335938 0.25585938 -0.27539062
v 0.28710938 0.03710938 -0.27539062
v 0.37304688 -0.09179688 -0.27539062
v 0.41992188 -0.17773438 -0.27539062
v 0.45117188 0.00195312 -0.27539062
v 0.06054688 0.73242188 -0.27148438
v 0.17382812 -0.22851562 -0.27148438
v 0.26367188 0.45898438 -0.27148438
v 0.28710938 -0.94335938 -0.27148438
v 0.31835938 0.54882812 -0.27148438
v 0.33789062 -0.56054688 -0.27148438
v 0.38867188 -0.94335938 -0.27148438
v 0.39257812 -0.61914062 -0.27148438
v -0.25585938 0.36914062 -0.26757812
v -0.09570312 -0.95507812 -0.26757812
v -0.01757812 0.68164062 -0.26757812
v 0.10351562 -0.17773438 -0.26757812
v 0.10351562 -0.13476562 -0.26757812
v 0.10742188 -0.09179688 -0.26757812
v 0.15429688 0.48632812 -0.26757812
v 0.23632812 -0.58007812 -0.26757812
v 0.27148438 0.63476562 -0.26757812
v 0.38867188 -0.13867188 -0.26757812
v 0.40429688 -0.63867188 -0.26757812
v -0.24414062 0.57226562 -0.26367188
v -0.20117188 -0.93164062 -0.26367188
v -0.15429688 0.61132812 -0.26367188
v -0.09960938 -0.98242188 -0.26367188
v 0.08789062 0.46289062 -0.26367188
v 0.10351562 -0.21289062 -0.26367188
v 0.10351562 0.32617188 -0.26367188
v 0.15820312 0.36523438 -0.26367188
v 0.17382812 0.00195312 -0.26367188
v 0.19726562 -0.73632812 -0.26367188
v 0.20898438 -0.64257812 -0.26367188
v 0.22070312 0.15429688 -0.26367188
v 0.23242188 0.10742188 -0.26367188
v 0.30273438 0.36132812 -0.26367188
v 0.31835938 0.00976562 -0.26367188
v 0.34960938 -0.12695312 -0.26367188
v 0.36132812 -0.65429688 -0.26367188
v 0.36523438 -0.57617188 -0.26367188
v -0.12695312 -0.85742188 -0.25976562
v 0.02539062 0.73242188 -0.25976562
v 0.11523438 -0.04882812 -0.25976562
v 0.12695312 0.49023438 -0.25976562
v 0.16601562 -0.16210938 -0.25976562
v 0.17382812 -0.19726562 -0.25976562
v 0.18945312 0.29882812 -0.25976562
v 0.19335938 -0.70117188 -0.25976562
v 0.22070312 0.00585938 -0.25976562
v 0.22851562 0.66210938 -0.25976562
v 0.25976562 0.07226562 -0.25976562
v 0.30273438 0.24804688 -0.25976562
v 0.32617188 -0.94726562 -0.25976562
v 0.32617188 0.21679688 -0.25976562
v 0.41992188 -0.78320312 -0.25976562
v -0.24023438 0.33398438 -0.25585938
v -0.20507812 -0.95898438 -0.25585938
v -0.15820312 -0.83789062 -0.25585938
v -0.10351562 -0.91992188 -0.25585938
v 0.14648438 0.40820312 -0.25585938
v 0.16210938 -0.09570312 -0.25585938
v 0.17773438 -0.69726562 -0.25585938
v 0.19335938 0.70507812 -0.25585938
v 0.20898438 -0.79101562 -0.25585938
v 0.20898438 -0.04882812 -0.25585938
v 0.20898438 0.20117188 -0.25585938
v 0.23632812 -0.86132812 -0.25585938
v 0.26367188 -0.53320312 -0.25585938
v 0.30273438 0.30664062 -0.25585938
v 0.35351562 0.18554688 -0.25585938
v 0.35742188 -0.94726562 -0.25585938
v 0.38085938 0.14648438 -0.25585938
v -0.16210938 -0.84570312 -0.25195312
v -0.13085938 -0.99804688 -0.25195312
v -0.10351562 -0.95898438 -0.25195312
v -0.09570312 0.38476562 -0.25195312
v 0.12695312 -0.00195312 -0.25195312
v 0.17382812 -0.68164062 -0.25195312
v 0.20507812 0.25195312 -0.25195312
v 0.30273438 0.64648438 -0.25195312
v 0.40429688 0.09960938 -0.25195312
v 0.40820312 -0.86132812 -0.25195312
v 0.42382812 -0.06445312 -0.25195312
v 0.42773438 0.04492188 -0.25195312
v 0.45507812 -0.00585938 -0.25195312
v -0.24804688 0.54882812 -0.24804688
v -0.20507812 -0.90820312 -0.24804688
v -0.18554688 0.61523438 -0.24804688
v -0.13085938 -0.83398438 -0.24804688
v 0.11914062 0.75976562 -0.24804688
v 0.14257812 0.48632812 -0.24804688
v 0.17382812 -0.66992188 -0.24804688
v 0.22070312 -0.13476562 -0.24804688
v 0.25195312 -0.66601562 -0.24804688
v 0.27539062 0.25585938 -0.24804688
v 0.27929688 0.64257812 -0.24804688
v 0.29101562 0.04882812 -0.24804688
v 0.29882812 -0.52148438 -0.24804688
v 0.33398438 0.55664062 -0.24804688
v 0.34570312 -0.02148438 -0.24804688
v 0.38867188 -0.15429688 -0.24804688
v 0.46679688 -0.04492188 -0.24804688
v 0.49414062 -0.11523438 -0.24804688
v -0.12304688 -0.86523438 -0.24414062
v -0.10742188 -0.90039062 -0.24414062
v -0.04101562 0.67773438 -0.24414062
v 0.09179688 0.49414062 -0.24414062
v 0.15039062 0.74804688 -0.24414062
v 0.23242188 0.15820312 -0.24414062
v 0.28710938 0.23632812 -0.24414062
v 0.29882812 0.40429688 -0.24414062
v 0.38085938 -0.07617188 -0.24414062
v 0.39257812 -0.59960938 -0.24414062
v 0.41210938 -0.64257812 -0.24414062
v -0.15820312 0.33007812 -0.24023438
v -0.11523438 -0.97070312 -0.24023438
v -0.10742188 -0.86132812 -0.24023438
v -0.00195312 0.73242188 -0.24023438
v 0.08398438 0.76757812 -0.24023438
v 0.11132812 -0.20507812 -0.24023438
v 0.16992188 0.04882812 -0.24023438
v 0.19726562 -0.64648438 -0.24023438
v 0.20898438 -0.58789062 -0.24023438
v 0.22070312 0.20117188 -0.24023438
v 0.24414062 0.11523438 -0.24023438
v 0.24414062 0.66992188 -0.24023438
v 0.25585938 0.00195312 -0.24023438
v 0.40429688 -0.61914062 -0.24023438
v 0.41601562 -0.72851562 -0.24023438
v 0.48242188 -0.08398438 -0.24023438
v -0.10742188 -0.93164062 -0.23632812
v 0.04101562 0.38476562 -0.23632812
v 0.11914062 0.02929688 -0.23632812
v 0.14257812 0.45507812 -0.23632812
v 0.20898438 0.04882812 -0.23632812
v 0.24023438 0.51367188 -0.23632812
v 0.25195312 0.48632812 -0.23632812
v 0.26757812 0.08007812 -0.23632812
v 0.27148438 -0.88867188 -0.23632812
v 0.28320312 0.27929688 -0.23632812
v 0.31054688 0.20507812 -0.23632812
v 0.32226562 0.02148438 -0.23632812
v 0.33007812 -0.52148438 -0.23632812
v -0.26367188 0.42382812 -0.23242188
v -0.24804688 0.52148438 -0.23242188
v -0.20117188 -0.91601562 -0.23242188
v -0.20117188 0.60742188 -0.23242188
v -0.14257812 -0.97460938 -0.23242188
v -0.13867188 -0.80664062 -0.23242188
v 0.05273438 0.33398438 -0.23242188
v 0.10351562 -0.13867188 -0.23242188
v 0.10742188 -0.16992188 -0.23242188
v 0.11523438 0.28320312 -0.23242188
v 0.13085938 0.04101562 -0.23242188
v 0.15429688 -0.09179688 -0.23242188
v 0.15820312 0.50976562 -0.23242188
v 0.17382812 0.38476562 -0.23242188
v 0.18945312 -0.71289062 -0.23242188
v 0.22460938 0.24804688 -0.23242188
v 0.22851562 -0.00976562 -0.23242188
v 0.23242188 -0.53710938 -0.23242188
v 0.23632812 0.20898438 -0.23242188
v 0.25195312 -0.24414062 -0.23242188
v 0.25195312 0.25585938 -0.23242188
v 0.25195312 0.52929688 -0.23242188
v 0.25585938 -0.29882812 -0.23242188
v 0.30273438 0.34570312 -0.23242188
v 0.33789062 0.17382812 -0.23242188
v 0.36132812 -0.54101562 -0.23242188
v 0.37695312 -0.56054688 -0.23242188
v 0.38476562 -0.88085938 -0.23242188
v 0.49804688 -0.13867188 -0.23242188
v -0.20898438 -0.88085938 -0.22851562
v -0.17773438 -0.94726562 -0.22851562
v -0.14257812 0.36132812 -0.22851562
v -0.11523438 -0.83398438 -0.22851562
v 0.03710938 0.42773438 -0.22851562
v 0.09570312 -0.10351562 -0.22851562
v 0.19335938 0.49804688 -0.22851562
v 0.19726562 -0.75195312 -0.22851562
v 0.20117188 0.70117188 -0.22851562
v 0.22070312 0.30273438 -0.22851562
v 0.23242188 0.49023438 -0.22851562
v 0.24804688 0.16601562 -0.22851562
v 0.26367188 -0.35351562 -0.22851562
v 0.26367188 0.22070312 -0.22851562
v 0.28710938 -0.23632812 -0.22851562
v 0.29492188 -0.29101562 -0.22851562
v 0.29882812 0.06445312 -0.22851562
v 0.36523438 0.13867188 -0.22851562
v 0.40820312 -0.80273438 -0.22851562
v 0.44726562 -0.01367188 -0.22851562
v -0.12304688 -0.94726562 -0.22460938
v 0.03710938 0.77539062 -0.22460938
v 0.04882812 -0.14257812 -0.22460938
v 0.05664062 -0.09960938 -0.22460938
v 0.06835938 -0.05273438 -0.22460938
v 0.08007812 -0.00976562 -0.22460938
v 0.09179688 -0.05273438 -0.22460938
v 0.09570312 0.02148438 -0.22460938
v 0.15820312 0.03320312 -0.22460938
v 0.15820312 0.42773438 -0.22460938
v 0.16992188 -0.70898438 -0.22460938
v 0.17382812 0.74023438 -0.22460938
v 0.18164062 0.31835938 -0.22460938
v 0.19335938 -0.67382812 -0.22460938
v 0.20898438 -0.25195312 -0.22460938
v 0.21289062 -0.30664062 -0.22460938
v 0.22460938 -0.81054688 -0.22460938
v 0.26367188 0.12304688 -0.22460938
v 0.27929688 0.45117188 -0.22460938
v 0.28710938 0.18945312 -0.22460938
v 0.29882812 -0.34960938 -0.22460938
v 0.31445312 -0.89257812 -0.22460938
v 0.38867188 0.09179688 -0.22460938
v 0.40039062 -0.16210938 -0.22460938
v 0.41601562 -0.67773438 -0.22460938
v 0.41601562 0.03710938 -0.22460938
v -0.24804688 0.39648438 -0.22070312
v -0.20898438 -0.85351562 -0.22070312
v -0.20898438 0.59570312 -0.22070312
v -0.17773438 -0.79882812 -0.22070312
v 0.09960938 -0.09960938 -0.22070312
v 0.15039062 0.49023438 -0.22070312
v 0.16601562 -0.69335938 -0.22070312
v 0.19335938 0.35351562 -0.22070312
v 0.20507812 -0.18945312 -0.22070312
v 0.22460938 -0.36132812 -0.22070312
v 0.26367188 -0.49804688 -0.22070312
v 0.26757812 0.17773438 -0.22070312
v 0.28710938 0.09179688 -0.22070312
v 0.29101562 -0.49414062 -0.22070312
v 0.33789062 -0.51367188 -0.22070312
v 0.35351562 -0.89257812 -0.22070312
v -0.24414062 0.49023438 -0.21679688
v -0.14257812 -0.95117188 -0.21679688
v -0.12304688 -0.80664062 -0.21679688
v -0.10742188 -0.90820312 -0.21679688
v -0.06445312 0.67382812 -0.21679688
v -0.02929688 0.72851562 -0.21679688
v 0.04882812 -0.23242188 -0.21679688
v 0.09179688 0.02539062 -0.21679688
v 0.15429688 0.27929688 -0.21679688
v 0.15820312 -0.06054688 -0.21679688
v 0.16601562 -0.68164062 -0.21679688
v 0.20507812 -0.13867188 -0.21679688
v 0.22070312 0.70507812 -0.21679688
v 0.26367188 0.65429688 -0.21679688
v 0.27148438 -0.41210938 -0.21679688
v 0.28710938 0.00195312 -0.21679688
v 0.30273438 -0.40820312 -0.21679688
v 0.31445312 0.15429688 -0.21679688
v 0.33398438 0.03710938 -0.21679688
v 0.38085938 -0.54492188 -0.21679688
v -0.22460938 0.36523438 -0.21289062
v -0.20898438 -0.88867188 -0.21289062
v -0.19726562 0.34570312 -0.21289062
v -0.17773438 -0.92773438 -0.21289062
v -0.14648438 -0.79101562 -0.21289062
v -0.14257812 0.39648438 -0.21289062
v 0.04492188 0.46289062 -0.21289062
v 0.15429688 0.06445312 -0.21289062
v 0.19726562 -0.65429688 -0.21289062
v 0.23632812 -0.41601562 -0.21289062
v 0.27929688 -0.45898438 -0.21289062
v 0.28710938 0.13476562 -0.21289062
v 0.31445312 0.09960938 -0.21289062
v 0.34179688 0.12695312 -0.21289062
v 0.48632812 -0.09570312 -0.21289062
v -0.21289062 0.58007812 -0.20898438
v -0.20898438 -0.82226562 -0.20898438
v 0.06445312 0.28710938 -0.20898438
v 0.13476562 0.78320312 -0.20898438
v 0.24804688 0.03320312 -0.20898438
v 0.28320312 0.33007812 -0.20898438
v 0.29492188 0.38867188 -0.20898438
v 0.29882812 0.57226562 -0.20898438
v 0.31835938 -0.49414062 -0.20898438
v 0.31835938 -0.22460938 -0.20898438
v 0.32617188 -0.28710938 -0.20898438
v 0.33007812 -0.34179688 -0.20898438
v 0.34570312 0.06445312 -0.20898438
v 0.36914062 0.08007812 -0.20898438
v 0.37304688 0.01757812 -0.20898438
v 0.38476562 -0.58398438 -0.20898438
v 0.39648438 0.02539062 -0.20898438
v -0.17382812 0.37304688 -0.20507812
v -0.12304688 -0.93164062 -0.20507812
v 0.00585938 0.77539062 -0.20507812
v 0.17382812 0.49804688 -0.20507812
v 0.19335938 -0.72070312 -0.20507812
v 0.20507812 -0.59570312 -0.20507812
v 0.22070312 0.33789062 -0.20507812
v 0.25976562 -0.83007812 -0.20507812
v 0.39648438 -0.60351562 -0.20507812
v 0.40429688 -0.74804688 -0.20507812
v -0.23632812 0.45898438 -0.20117188
v -0.20898438 -0.86132812 -0.20117188
v -0.19726562 -0.89648438 -0.20117188
v -0.14257812 -0.93554688 -0.20117188
v -0.13476562 -0.79101562 -0.20117188
v -0.10742188 -0.84960938 -0.20117188
v 0.04882812 0.49414062 -0.20117188
v 0.05273438 -0.08789062 -0.20117188
v 0.05664062 -0.20117188 -0.20117188
v 0.09960938 0.80273438 -0.20117188
v 0.10742188 0.09570312 -0.20117188
v 0.15039062 0.10351562 -0.20117188
v 0.16601562 -0.25585938 -0.20117188
v 0.17382812 -0.31054688 -0.20117188
v 0.18164062 0.73632812 -0.20117188
v 0.21289062 -0.54492188 -0.20117188
v 0.21289062 0.49804688 -0.20117188
v 0.23242188 -0.50195312 -0.20117188
v 0.24414062 0.68164062 -0.20117188
v 0.25585938 0.31054688 -0.20117188
v 0.32617188 -0.45898438 -0.20117188
v 0.33007812 -0.40429688 -0.20117188
v 0.38085938 -0.81835938 -0.20117188
v 0.40820312 -0.63867188 -0.20117188
v -0.21289062 0.55273438 -0.19726562
v -0.20507812 -0.79492188 -0.19726562
v 0.04101562 -0.01757812 -0.19726562
v 0.04882812 0.01757812 -0.19726562
v 0.08007812 0.02539062 -0.19726562
v 0.11523438 0.24804688 -0.19726562
v 0.15820312 -0.14648438 -0.19726562
v 0.16210938 -0.19726562 -0.19726562
v 0.18945312 -0.36132812 -0.19726562
v 0.18945312 0.11132812 -0.19726562
v 0.20507812 0.38085938 -0.19726562
v 0.21289062 -0.76757812 -0.19726562
v 0.24804688 -0.48632812 -0.19726562
v -0.21289062 -0.83007812 -0.19335938
v -0.08007812 0.66210938 -0.19335938
v 0.05273438 -0.15820312 -0.19335938
v 0.05273438 -0.04882812 -0.19335938
v 0.05273438 0.05664062 -0.19335938
v 0.05664062 -0.00976562 -0.19335938
v 0.17382812 0.47070312 -0.19335938
v 0.20507812 0.73242188 -0.19335938
v 0.20898438 -0.41601562 -0.19335938
v 0.23632812 -0.46289062 -0.19335938
v 0.33789062 -0.49414062 -0.19335938
v -0.22460938 0.43164062 -0.18945312
v -0.18164062 -0.90429688 -0.18945312
v -0.12304688 -0.90820312 -0.18945312
v -0.04882812 0.72460938 -0.18945312
v 0.10742188 0.13085938 -0.18945312
v 0.15039062 0.13085938 -0.18945312
v 0.17773438 -0.71679688 -0.18945312
v 0.19335938 0.42773438 -0.18945312
v 0.30273438 -0.83398438 -0.18945312
v 0.34570312 -0.83007812 -0.18945312
v 0.40820312 -0.69726562 -0.18945312
v -0.19726562 -0.86914062 -0.18554688
v -0.17773438 0.40820312 -0.18554688
v -0.15039062 -0.78710938 -0.18554688
v -0.11523438 -0.81054688 -0.18554688
v 0.04882812 0.81054688 -0.18554688
v 0.15820312 0.77929688 -0.18554688
v 0.17382812 -0.70507812 -0.18554688
v 0.20117188 -0.68554688 -0.18554688
v 0.24804688 0.08789062 -0.18554688
v 0.27539062 0.03710938 -0.18554688
v 0.27539062 0.42773438 -0.18554688
v 0.41210938 -0.15039062 -0.18554688
v 0.46289062 -0.16992188 -0.18554688
v 0.48632812 -0.14257812 -0.18554688
v -0.21289062 0.52148438 -0.18164062
v -0.20898438 -0.80273438 -0.18164062
v -0.20117188 0.40429688 -0.18164062
v -0.14648438 -0.91210938 -0.18164062
v -0.02148438 0.77148438 -0.18164062
v 0.07226562 0.24804688 -0.18164062
v 0.14257812 0.13085938 -0.18164062
v 0.14257812 0.14257812 -0.18164062
v 0.14257812 0.15820312 -0.18164062
v 0.14257812 0.24023438 -0.18164062
v 0.14257812 0.24414062 -0.18164062
v 0.15039062 0.20117188 -0.18164062
v 0.15429688 0.78320312 -0.18164062
v 0.17382812 -0.68945312 -0.18164062
v 0.18554688 0.49804688 -0.18164062
v 0.20507812 -0.66210938 -0.18164062
v 0.26367188 0.63867188 -0.18164062
v 0.27148438 0.36914062 -0.18164062
v -0.19726562 -0.75976562 -0.17773438
v -0.18164062 -0.88085938 -0.17773438
v -0.17773438 -0.75976562 -0.17773438
v -0.12695312 -0.79882812 -0.17773438
v -0.12304688 -0.88085938 -0.17773438
v -0.01757812 0.39257812 -0.17773438
v -0.00585938 0.34570312 -0.17773438
v 0.04492188 0.03710938 -0.17773438
v 0.06835938 0.12695312 -0.17773438
v 0.09960938 0.13085938 -0.17773438
v 0.09960938 0.19726562 -0.17773438
v 0.10351562 0.14257812 -0.17773438
v 0.10351562 0.15820312 -0.17773438
v 0.14257812 0.24023438 -0.17773438
v 0.20898438 -0.73242188 -0.17773438
v 0.20898438 -0.59960938 -0.17773438
v 0.21289062 0.11914062 -0.17773438
v 0.24804688 -0.77929688 -0.17773438
v 0.25585938 0.58398438 -0.17773438
v 0.34179688 -0.21679688 -0.17773438
v 0.34960938 -0.33789062 -0.17773438
v 0.34960938 -0.27929688 -0.17773438
v 0.37695312 -0.76367188 -0.17773438
v -0.20117188 -0.83789062 -0.17382812
v 0.11914062 0.81445312 -0.17382812
v 0.20898438 0.31054688 -0.17382812
v 0.23632812 -0.48632812 -0.17382812
v 0.24414062 0.36132812 -0.17382812
v 0.26367188 0.61132812 -0.17382812
v 0.35351562 -0.40039062 -0.17382812
v 0.36523438 -0.50976562 -0.17382812
v -0.20898438 0.49023438 -0.16992188
v -0.14257812 -0.88476562 -0.16992188
v -0.12304688 -0.85351562 -0.16992188
v -0.12304688 -0.81835938 -0.16992188
v -0.09570312 0.65039062 -0.16992188
v -0.01757812 0.43164062 -0.16992188
v 0.00585938 0.01757812 -0.16992188
v 0.00585938 0.45507812 -0.16992188
v 0.00976562 -0.01367188 -0.16992188
v 0.01367188 0.81054688 -0.16992188
v 0.01757812 0.01757812 -0.16992188
v 0.03320312 0.09570312 -0.16992188
v 0.12695312 -0.20507812 -0.16992188
v 0.12695312 -0.15429688 -0.16992188
v 0.13085938 -0.25976562 -0.16992188
v 0.14257812 -0.31054688 -0.16992188
v 0.16601562 -0.35742188 -0.16992188
v 0.17382812 0.24023438 -0.16992188
v 0.18164062 0.14257812 -0.16992188
v 0.18164062 0.15429688 -0.16992188
v 0.18554688 0.13476562 -0.16992188
v 0.18945312 0.75585938 -0.16992188
v 0.20507812 0.48632812 -0.16992188
v 0.22070312 -0.50585938 -0.16992188
v 0.22460938 0.70898438 -0.16992188
v 0.35742188 -0.47070312 -0.16992188
v 0.38085938 -0.59960938 -0.16992188
v 0.45117188 -0.06835938 -0.16992188
v -0.20507812 -0.76757812 -0.16601562
v -0.20117188 -0.80664062 -0.16601562
v -0.17773438 -0.84960938 -0.16601562
v -0.16601562 -0.76367188 -0.16601562
v -0.06835938 0.71679688 -0.16601562
v 0.00976562 0.06445312 -0.16601562
v 0.00976562 0.29492188 -0.16601562
v 0.00976562 0.45898438 -0.16601562
v 0.00976562 0.46289062 -0.16601562
v 0.18945312 -0.40820312 -0.16601562
v 0.22851562 0.40820312 -0.16601562
v 0.25195312 0.41601562 -0.16601562
v 0.35351562 -0.49414062 -0.16601562
v 0.38085938 -0.10351562 -0.16601562
v 0.40429688 -0.07617188 -0.16601562
v -0.18164062 0.45117188 -0.16210938
v -0.15039062 -0.80273438 -0.16210938
v -0.14257812 -0.85742188 -0.16210938
v -0.10742188 0.63867188 -0.16210938
v -0.02929688 0.77148438 -0.16210938
v 0.06445312 0.22851562 -0.16210938
v 0.25195312 0.41210938 -0.16210938
v 0.29492188 -0.77929688 -0.16210938
v 0.33789062 -0.77539062 -0.16210938
v 0.47460938 -0.10742188 -0.16210938
v -0.19726562 -0.71289062 -0.15820312
v -0.19726562 0.46289062 -0.15820312
v -0.18554688 0.45117188 -0.15820312
v -0.18164062 -0.71289062 -0.15820312
v -0.14648438 -0.82617188 -0.15820312
v 0.06445312 0.14257812 -0.15820312
v 0.06445312 0.15429688 -0.15820312
v 0.13476562 0.58007812 -0.15820312
v 0.15039062 0.80664062 -0.15820312
v 0.38085938 -0.71289062 -0.15820312
v -0.11523438 0.63085938 -0.15429688
v -0.04101562 0.76757812 -0.15429688
v -0.02929688 0.46679688 -0.15429688
v -0.00585938 0.02929688 -0.15429688
v 0.01367188 0.49414062 -0.15429688
v 0.01757812 -0.27539062 -0.15429688
v 0.02929688 0.12695312 -0.15429688
v 0.04492188 0.13085938 -0.15429688
v 0.06054688 0.19726562 -0.15429688
v 0.13476562 0.58007812 -0.15429688
v 0.13867188 0.81445312 -0.15429688
v 0.16992188 0.78320312 -0.15429688
v 0.20898438 -0.44726562 -0.15429688
v 0.22070312 0.34179688 -0.15429688
v 0.22460938 -0.71679688 -0.15429688
v 0.22460938 0.65429688 -0.15429688
v 0.24414062 -0.74023438 -0.15429688
v 0.38476562 -0.66992188 -0.15429688
v 0.38476562 -0.58007812 -0.15429688
v -0.20117188 -0.77148438 -0.15039062
v -0.16601562 -0.77148438 -0.15039062
v -0.00195312 -0.24804688 -0.15039062
v 0.00976562 0.50195312 -0.15039062
v 0.20898438 0.27539062 -0.15039062
v 0.22070312 -0.55664062 -0.15039062
v 0.22070312 0.60351562 -0.15039062
v 0.22460938 0.63085938 -0.15039062
v 0.22851562 -0.69335938 -0.15039062
v 0.22851562 -0.67773438 -0.15039062
v 0.27148438 0.09179688 -0.15039062
v 0.30273438 0.03710938 -0.15039062
v 0.36523438 -0.54492188 -0.15039062
v 0.45117188 -0.13867188 -0.15039062
v -0.20898438 -0.71679688 -0.14648438
v -0.16992188 -0.72070312 -0.14648438
v -0.12304688 0.61914062 -0.14648438
v -0.02929688 0.49804688 -0.14648438
v -0.00976562 0.80273438 -0.14648438
v 0.05664062 0.83398438 -0.14648438
v 0.22070312 -0.70117188 -0.14648438
v 0.22851562 -0.64648438 -0.14648438
v 0.22851562 -0.59960938 -0.14648438
v 0.23632812 -0.49023438 -0.14648438
v 0.23632812 0.12695312 -0.14648438
v -0.18164062 -0.77929688 -0.14257812
v 0.01757812 0.25195312 -0.14257812
v 0.08789062 0.84179688 -0.14257812
v 0.20117188 0.19726562 -0.14257812
v 0.20507812 0.24023438 -0.14257812
v 0.20507812 0.73632812 -0.14257812
v 0.35742188 -0.27539062 -0.14257812
v 0.36132812 -0.33398438 -0.14257812
v 0.37695312 -0.63476562 -0.14257812
v 0.43945312 -0.09570312 -0.14257812
v -0.09179688 0.46289062 -0.13867188
v -0.08789062 0.43164062 -0.13867188
v -0.08398438 0.71289062 -0.13867188
v -0.02539062 0.04882812 -0.13867188
v -0.00585938 0.09570312 -0.13867188
v 0.20898438 0.14257812 -0.13867188
v 0.20898438 0.15820312 -0.13867188
v 0.29101562 -0.73632812 -0.13867188
v 0.33789062 -0.72851562 -0.13867188
v 0.34960938 -0.21289062 -0.13867188
v 0.36523438 -0.39648438 -0.13867188
v 0.41210938 -0.11523438 -0.13867188
v -0.20898438 -0.72460938 -0.13476562
v -0.13085938 0.59570312 -0.13476562
v -0.06835938 0.34179688 -0.13476562
v -0.03710938 -0.12695312 -0.13476562
v 0.10351562 -0.20898438 -0.13476562
v 0.11132812 -0.26367188 -0.13476562
v 0.15429688 -0.35742188 -0.13476562
v 0.18554688 -0.40820312 -0.13476562
v 0.25976562 -0.71679688 -0.13476562
v 0.34570312 -0.69726562 -0.13476562
v 0.34570312 -0.59570312 -0.13476562
v 0.36132812 -0.61523438 -0.13476562
v -0.19726562 -0.65039062 -0.13085938
v -0.18164062 -0.65039062 -0.13085938
v -0.16992188 -0.72851562 -0.13085938
v -0.10351562 0.66992188 -0.13085938
v -0.09179688 0.38476562 -0.13085938
v 0.02539062 0.83398438 -0.13085938
v 0.11914062 0.84179688 -0.13085938
v 0.13085938 -0.31054688 -0.13085938
v 0.22460938 -0.51367188 -0.13085938
v 0.36132812 -0.48632812 -0.13085938
v 0.36914062 -0.50585938 -0.13085938
v 0.36914062 -0.46289062 -0.13085938
v 0.38085938 -0.64648438 -0.13085938
v -0.04101562 0.29492188 -0.12695312
v -0.02929688 0.79882812 -0.12695312
v -0.01757812 -0.27539062 -0.12695312
v 0.02148438 0.22851562 -0.12695312
v 0.16601562 0.49023438 -0.12695312
v 0.20507812 0.61914062 -0.12695312
v 0.20898438 0.64257812 -0.12695312
v 0.20898438 0.66210938 -0.12695312
v 0.25585938 -0.70117188 -0.12695312
v 0.25585938 -0.59960938 -0.12695312
v 0.30273438 -0.71289062 -0.12695312
v 0.34570312 -0.64648438 -0.12695312
v 0.34960938 -0.65820312 -0.12695312
v -0.19726562 -0.72851562 -0.12304688
v -0.18164062 -0.73242188 -0.12304688
v -0.16601562 -0.65429688 -0.12304688
v -0.12304688 0.43945312 -0.12304688
v -0.03320312 0.81054688 -0.12304688
v -0.00976562 -0.29492188 -0.12304688
v 0.00976562 -0.27539062 -0.12304688
v 0.02539062 0.19726562 -0.12304688
v 0.15039062 0.82617188 -0.12304688
v 0.19726562 0.60351562 -0.12304688
v 0.24414062 -0.49023438 -0.12304688
v 0.25195312 -0.69335938 -0.12304688
v 0.25195312 -0.67773438 -0.12304688
v 0.25195312 -0.64648438 -0.12304688
v 0.35351562 -0.67773438 -0.12304688
v 0.36132812 -0.59179688 -0.12304688
v -0.21289062 -0.65429688 -0.11914062
v -0.13476562 0.56835938 -0.11914062
v -0.11914062 0.65820312 -0.11914062
v -0.02929688 -0.24804688 -0.11914062
v -0.00976562 0.12304688 -0.11914062
v 0.03320312 0.15820312 -0.11914062
v 0.31445312 -0.66601562 -0.11914062
v 0.00195312 0.13085938 -0.11523438
v 0.00585938 0.14648438 -0.11523438
v 0.22851562 0.27929688 -0.11523438
v 0.27929688 -0.67382812 -0.11523438
v 0.31835938 -0.63867188 -0.11523438
v 0.32226562 -0.59960938 -0.11523438
v -0.12304688 0.63476562 -0.11132812
v -0.07226562 0.75976562 -0.11132812
v -0.06445312 -0.09179688 -0.11132812
v -0.02929688 -0.11523438 -0.11132812
v 0.22460938 -0.44726562 -0.11132812
v 0.24804688 -0.70117188 -0.11132812
v 0.27148438 0.73242188 -0.11132812
v 0.28320312 -0.64257812 -0.11132812
v 0.28710938 -0.59960938 -0.11132812
v 0.28710938 0.74414062 -0.11132812
v 0.29882812 0.72851562 -0.11132812
v 0.34960938 -0.66601562 -0.11132812
v -0.16210938 -0.66210938 -0.10742188
v -0.13867188 0.53710938 -0.10742188
v -0.13085938 0.40429688 -0.10742188
v -0.12304688 0.60742188 -0.10742188
v -0.06445312 -0.00195312 -0.10742188
v -0.05273438 0.04492188 -0.10742188
v -0.02929688 -0.25195312 -0.10742188
v 0.00195312 0.82617188 -0.10742188
v 0.18164062 0.78710938 -0.10742188
v 0.18945312 0.62695312 -0.10742188
v 0.19335938 0.71679688 -0.10742188
v 0.22460938 0.24023438 -0.10742188
v 0.24804688 0.12695312 -0.10742188
v 0.28320312 -0.68945312 -0.10742188
v 0.28710938 0.08789062 -0.10742188
v 0.29101562 -0.70898438 -0.10742188
v 0.31445312 -0.67382812 -0.10742188
v 0.31835938 -0.69335938 -0.10742188
v 0.34570312 -0.55273438 -0.10742188
v -0.21289062 -0.66210938 -0.10351562
v -0.09179688 0.71289062 -0.10351562
v 0.15820312 0.48242188 -0.10351562
v 0.19726562 -0.40429688 -0.10351562
v 0.25976562 0.74804688 -0.10351562
v 0.34570312 -0.20898438 -0.10351562
v 0.35351562 -0.33007812 -0.10351562
v 0.35351562 -0.27148438 -0.10351562
v 0.35742188 -0.39257812 -0.10351562
v -0.03320312 0.25585938 -0.09960938
v -0.02929688 -0.29492188 -0.09960938
v -0.01367188 0.83398438 -0.09960938
v 0.04101562 0.84960938 -0.09960938
v 0.09960938 -0.21289062 -0.09960938
v 0.16601562 -0.35742188 -0.09960938
v 0.18945312 0.65039062 -0.09960938
v 0.18945312 0.66992188 -0.09960938
v 0.22460938 0.14648438 -0.09960938
v 0.22460938 0.15820312 -0.09960938
v 0.23632812 0.73242188 -0.09960938
v 0.25195312 -0.51367188 -0.09960938
v 0.25976562 -0.49023438 -0.09960938
v 0.27929688 -0.55664062 -0.09960938
v 0.31445312 0.73242188 -0.09960938
v 0.33398438 -0.14648438 -0.09960938
v 0.35742188 -0.48242188 -0.09960938
v 0.36132812 -0.50585938 -0.09960938
v 0.36132812 -0.45898438 -0.09960938
v -0.16992188 -0.66992188 -0.09570312
v -0.04101562 0.09179688 -0.09570312
v 0.07226562 0.86132812 -0.09570312
v 0.11523438 -0.26367188 -0.09570312
v 0.11914062 0.49804688 -0.09570312
v 0.13867188 -0.31054688 -0.09570312
v 0.22460938 0.20117188 -0.09570312
v 0.22851562 0.74804688 -0.09570312
v 0.28320312 -0.69726562 -0.09570312
v 0.31054688 0.74414062 -0.09570312
v 0.31835938 -0.68164062 -0.09570312
v -0.20507812 -0.58398438 -0.09179688
v -0.20117188 -0.66992188 -0.09179688
v -0.15820312 0.42773438 -0.09179688
v -0.05664062 -0.24414062 -0.09179688
v -0.05664062 0.79882812 -0.09179688
v -0.04882812 -0.27929688 -0.09179688
v 0.04101562 -0.13476562 -0.09179688
v 0.10742188 0.86132812 -0.09179688
v 0.19335938 0.47851562 -0.09179688
v 0.24414062 0.34179688 -0.09179688
v 0.25195312 -0.46289062 -0.09179688
v 0.25585938 0.72070312 -0.09179688
v 0.28710938 0.75585938 -0.09179688
v -0.18554688 -0.66992188 -0.08789062
v -0.18554688 -0.58007812 -0.08789062
v -0.08789062 0.29492188 -0.08789062
v -0.08007812 -0.12695312 -0.08789062
v -0.01757812 0.22851562 -0.08789062
v 0.18164062 0.75976562 -0.08789062
v -0.22070312 -0.58789062 -0.08398438
v -0.11132812 0.68945312 -0.08398438
v -0.07226562 -0.13085938 -0.08398438
v -0.00976562 0.19726562 -0.08398438
v 0.13867188 0.84570312 -0.08398438
v 0.17773438 0.45898438 -0.08398438
v 0.18945312 0.61914062 -0.08398438
v 0.20117188 0.74023438 -0.08398438
v 0.24414062 -0.43554688 -0.08398438
v 0.25585938 0.76367188 -0.08398438
v 0.31445312 0.72851562 -0.08398438
v -0.16992188 -0.58789062 -0.08007812
v -0.11914062 0.33398438 -0.08007812
v 0.28320312 -0.51367188 -0.08007812
v 0.28320312 -0.48632812 -0.08007812
v 0.31445312 0.74023438 -0.08007812
v 0.33789062 -0.50976562 -0.08007812
v -0.11132812 0.65429688 -0.07617188
v -0.10742188 0.62695312 -0.07617188
v -0.09179688 -0.17773438 -0.07617188
v -0.07617188 0.75585938 -0.07617188
v -0.03320312 0.12304688 -0.07617188
v -0.02539062 0.15039062 -0.07617188
v 0.00195312 0.15429688 -0.07617188
v 0.17773438 0.74023438 -0.07617188
v 0.22070312 -0.40039062 -0.07617188
v 0.23242188 0.27929688 -0.07617188
v 0.25195312 0.43554688 -0.07617188
v 0.26367188 0.45117188 -0.07617188
v 0.27929688 0.72070312 -0.07617188
v 0.29101562 0.75585938 -0.07617188
v 0.33398438 -0.39257812 -0.07617188
v 0.33398438 -0.33007812 -0.07617188
v 0.33789062 -0.48242188 -0.07617188
v 0.33789062 -0.43164062 -0.07617188
v -0.22851562 -0.59570312 -0.07226562
v -0.03320312 0.83789062 -0.07226562
v -0.02929688 0.12695312 -0.07226562
v 0.15039062 0.48632812 -0.07226562
v 0.16992188 0.81835938 -0.07226562
v 0.18554688 0.64648438 -0.07226562
v 0.22070312 0.77148438 -0.07226562
v 0.23242188 0.24023438 -0.07226562
v 0.25976562 0.10742188 -0.07226562
v 0.31054688 -0.50976562 -0.07226562
v 0.31054688 -0.48632812 -0.07226562
v 0.33398438 -0.27148438 -0.07226562
v 0.33398438 -0.20898438 -0.07226562
v -0.08398438 -0.18945312 -0.06835938
v -0.08398438 -0.00195312 -0.06835938
v -0.06835938 0.04492188 -0.06835938
v -0.06054688 0.58789062 -0.06835938
v 0.01367188 0.84570312 -0.06835938
v 0.18164062 0.71289062 -0.06835938
v 0.18554688 0.66601562 -0.06835938
v 0.18945312 -0.35351562 -0.06835938
v 0.19335938 0.77929688 -0.06835938
v 0.20898438 0.72460938 -0.06835938
v 0.23632812 0.13476562 -0.06835938
v 0.24414062 0.41992188 -0.06835938
v 0.26757812 -0.43554688 -0.06835938
v 0.31445312 0.01757812 -0.06835938
v 0.32226562 -0.14648438 -0.06835938
v -0.16601562 -0.59570312 -0.06445312
v 0.10742188 -0.16992188 -0.06445312
v 0.11523438 -0.21289062 -0.06445312
v 0.13476562 -0.25976562 -0.06445312
v 0.16210938 -0.30664062 -0.06445312
v 0.20507812 0.43554688 -0.06445312
v 0.23242188 0.15039062 -0.06445312
v 0.24414062 0.52148438 -0.06445312
v 0.25195312 0.36914062 -0.06445312
v 0.27148438 0.47070312 -0.06445312
v 0.30664062 -0.09960938 -0.06445312
v 0.31445312 -0.43164062 -0.06445312
v 0.31445312 -0.39257812 -0.06445312
v -0.14648438 0.36132812 -0.06054688
v 0.19726562 0.57226562 -0.06054688
v 0.25976562 0.76757812 -0.06054688
v 0.29101562 -0.43164062 -0.06054688
v 0.29492188 0.74804688 -0.06054688
v -0.22460938 -0.60351562 -0.05664062
v -0.07617188 0.61523438 -0.05664062
v 0.25195312 -0.39648438 -0.05664062
v 0.28710938 0.72460938 -0.05664062
v 0.31054688 -0.33398438 -0.05664062
v -0.16992188 -0.60351562 -0.05273438
v -0.09179688 0.72070312 -0.05273438
v -0.06054688 0.79101562 -0.05273438
v 0.02929688 0.85351562 -0.05273438
v 0.06445312 0.86914062 -0.05273438
v 0.18945312 0.60351562 -0.05273438
v 0.23242188 0.71679688 -0.05273438
v 0.27539062 -0.39648438 -0.05273438
v 0.29101562 0.73632812 -0.05273438
v 0.29492188 -0.39257812 -0.05273438
v 0.31445312 -0.27539062 -0.05273438
v 0.31835938 0.00195312 -0.05273438
v 0.02929688 -0.14257812 -0.04882812
v 0.09960938 0.87304688 -0.04882812
v 0.18164062 0.73242188 -0.04882812
v 0.31445312 -0.21289062 -0.04882812
v -0.20898438 -0.60742188 -0.04492188
v -0.18945312 -0.60742188 -0.04492188
v -0.08007812 0.26367188 -0.04492188
v -0.00195312 0.86523438 -0.04492188
v 0.13867188 0.52539062 -0.04492188
v 0.15820312 0.50585938 -0.04492188
v 0.22070312 -0.34570312 -0.04492188
v 0.22070312 0.77929688 -0.04492188
v 0.29101562 -0.33398438 -0.04492188
v -0.04882812 0.60742188 -0.04101562
v 0.12695312 0.51757812 -0.04101562
v 0.13085938 0.86523438 -0.04101562
v 0.18554688 0.63476562 -0.04101562
v 0.25195312 0.71289062 -0.04101562
v 0.25976562 0.75976562 -0.04101562
v 0.27148438 0.49023438 -0.04101562
v 0.29492188 -0.07617188 -0.04101562
v 0.29882812 -0.15429688 -0.04101562
v -0.07617188 0.65039062 -0.03710938
v -0.03710938 0.84960938 -0.03710938
v 0.13867188 -0.16601562 -0.03710938
v 0.14257812 -0.20507812 -0.03710938
v 0.18554688 0.65429688 -0.03710938
v 0.19335938 -0.29882812 -0.03710938
v 0.23632812 0.13476562 -0.03710938
v 0.24023438 0.12304688 -0.03710938
v 0.24804688 -0.34179688 -0.03710938
v 0.26367188 0.08789062 -0.03710938
v 0.27148438 -0.33789062 -0.03710938
v 0.27929688 0.40429688 -0.03710938
v 0.29492188 -0.27929688 -0.03710938
v -0.22070312 -0.49804688 -0.03320312
v -0.07226562 0.74023438 -0.03320312
v -0.04492188 0.23242188 -0.03320312
v -0.01367188 -0.16210938 -0.03320312
v 0.16601562 -0.25195312 -0.03320312
v 0.21679688 0.54101562 -0.03320312
v 0.24414062 0.30664062 -0.03320312
v 0.29492188 -0.21679688 -0.03320312
v -0.23242188 -0.49804688 -0.02929688
v -0.20117188 -0.49804688 -0.02929688
v -0.13867188 0.53320312 -0.02929688
v -0.13085938 -0.20117188 -0.02929688
v -0.13085938 0.70898438 -0.02929688
v -0.12304688 0.29882812 -0.02929688
v -0.09570312 0.70507812 -0.02929688
v -0.09179688 -0.03710938 -0.02929688
v -0.06835938 0.79882812 -0.02929688
v -0.06054688 0.09179688 -0.02929688
v -0.04101562 0.12304688 -0.02929688
v -0.00976562 -0.20117188 -0.02929688
v 0.00195312 0.56445312 -0.02929688
v 0.02929688 -0.20117188 -0.02929688
v 0.16601562 0.50585938 -0.02929688
v 0.16601562 0.84179688 -0.02929688
v 0.18945312 0.79882812 -0.02929688
v 0.21679688 0.15820312 -0.02929688
v 0.21679688 0.19726562 -0.02929688
v 0.22851562 0.27539062 -0.02929688
v 0.27148438 -0.28320312 -0.02929688
v 0.28320312 -0.11132812 -0.02929688
v 0.29101562 0.43945312 -0.02929688
v -0.16601562 0.68554688 -0.02539062
v -0.13476562 -0.16601562 -0.02539062
v -0.13476562 0.67773438 -0.02539062
v -0.09570312 0.54492188 -0.02539062
v -0.04492188 -0.19726562 -0.02539062
v -0.04492188 0.12695312 -0.02539062
v -0.04101562 0.15039062 -0.02539062
v -0.03710938 0.20117188 -0.02539062
v 0.17382812 0.70507812 -0.02539062
v 0.18164062 0.58789062 -0.02539062
v 0.22460938 -0.29101562 -0.02539062
v 0.22851562 0.24023438 -0.02539062
v 0.24804688 -0.28710938 -0.02539062
v 0.24804688 0.33789062 -0.02539062
v 0.25585938 0.72460938 -0.02539062
v 0.25976562 0.74414062 -0.02539062
v 0.26757812 -0.22460938 -0.02539062
v -0.18554688 -0.50195312 -0.02148438
v -0.16992188 0.67382812 -0.02148438
v -0.11914062 -0.21289062 -0.02148438
v -0.11523438 -0.18164062 -0.02148438
v -0.11132812 -0.04882812 -0.02148438
v -0.09960938 -0.00195312 -0.02148438
v -0.09570312 0.75976562 -0.02148438
v -0.08007812 0.04492188 -0.02148438
v -0.06835938 0.68554688 -0.02148438
v -0.06835938 0.82617188 -0.02148438
v 0.17382812 -0.19726562 -0.02148438
v 0.19335938 0.72460938 -0.02148438
v 0.19726562 0.48632812 -0.02148438
v 0.24804688 0.36914062 -0.02148438
v 0.25585938 0.49804688 -0.02148438
v 0.26757812 -0.16992188 -0.02148438
v -0.24023438 -0.50976562 -0.01757812
v -0.15820312 0.69726562 -0.01757812
v -0.11523438 -0.13867188 -0.01757812
v -0.03320312 0.60742188 -0.01757812
v -0.00195312 -0.25195312 -0.01757812
v 0.02929688 0.87304688 -0.01757812
v 0.05664062 -0.16601562 -0.01757812
v 0.16992188 -0.16210938 -0.01757812
v 0.18945312 0.52539062 -0.01757812
v 0.20898438 -0.24023438 -0.01757812
v 0.22460938 0.77148438 -0.01757812
v 0.24414062 -0.22851562 -0.01757812
v 0.30664062 0.40039062 -0.01757812
v -0.16992188 0.35742188 -0.01367188
v -0.13867188 0.71679688 -0.01367188
v -0.11523438 -0.09179688 -0.01367188
v -0.09960938 0.66992188 -0.01367188
v -0.03710938 0.63085938 -0.01367188
v -0.03320312 0.15820312 -0.01367188
v -0.02929688 -0.24804688 -0.01367188
v 0.03320312 -0.24804688 -0.01367188
v 0.16210938 0.61132812 -0.01367188
v 0.19335938 0.56835938 -0.01367188
v 0.22070312 0.71679688 -0.01367188
v 0.22460938 0.50195312 -0.01367188
v 0.23632812 -0.17773438 -0.01367188
v 0.25585938 -0.13476562 -0.01367188
v 0.27929688 -0.04882812 -0.01367188
v -0.16992188 0.66210938 -0.00976562
v -0.16992188 0.67773438 -0.00976562
v -0.14648438 0.33398438 -0.00976562
v -0.13476562 0.65820312 -0.00976562
v -0.08007812 0.81054688 -0.00976562
v -0.04882812 0.85742188 -0.00976562
v -0.03710938 0.65039062 -0.00976562
v 0.06054688 -0.19726562 -0.00976562
v 0.11132812 0.49023438 -0.00976562
v 0.15429688 0.46289062 -0.00976562
v 0.16210938 0.64257812 -0.00976562
v 0.16601562 0.73632812 -0.00976562
v 0.20898438 -0.18945312 -0.00976562
v 0.30664062 0.36132812 -0.00976562
v 0.31054688 0.38085938 -0.00976562
v -0.17773438 -0.50976562 -0.00585938
v -0.11523438 0.74804688 -0.00585938
v -0.06054688 -0.25195312 -0.00585938
v -0.00585938 0.88476562 -0.00585938
v 0.06445312 0.87304688 -0.00585938
v 0.09570312 0.88085938 -0.00585938
v 0.16210938 0.66601562 -0.00585938
v 0.20117188 -0.15429688 -0.00585938
v 0.22851562 -0.14648438 -0.00585938
v 0.22851562 0.11914062 -0.00585938
v 0.28710938 0.45507812 -0.00585938
v -0.23632812 -0.51757812 -0.00195312
v -0.16601562 0.52148438 -0.00195312
v -0.15429688 0.69726562 -0.00195312
v 0.03710938 0.86523438 -0.00195312
v 0.12695312 0.87304688 -0.00195312
v 0.22460938 0.75195312 -0.00195312
v 0.25976562 0.07617188 -0.00195312
v -0.16601562 0.66601562 0.00195312
v -0.14648438 -0.74414062 0.00195312
v -0.11523438 0.54101562 0.00195312
v 0.13867188 0.49804688 0.00195312
v 0.15820312 -0.14257812 0.00195312
v 0.22070312 0.73242188 0.00195312
v 0.25976562 -0.12695312 0.00195312
v 0.25976562 -0.01367188 0.00195312
v 0.30664062 0.41210938 0.00195312
v -0.18554688 -0.52148438 0.00585938
v 0.00195312 -0.30664062 0.00585938
v 0.06445312 -0.24414062 0.00585938
v 0.06445312 0.49414062 0.00585938
v 0.20507812 0.27539062 0.00585938
v 0.31445312 0.38476562 0.00585938
v -0.22460938 -0.52539062 0.00976562
v -0.17773438 -0.81445312 0.00976562
v -0.15039062 0.37695312 0.00976562
v -0.15039062 0.67773438 0.00976562
v -0.13867188 -0.71289062 0.00976562
v -0.13867188 0.66210938 0.00976562
v -0.10742188 0.66210938 0.00976562
v -0.08789062 0.26367188 0.00976562
v -0.07617188 0.66992188 0.00976562
v -0.04882812 0.23632812 0.00976562
v -0.04882812 0.60351562 0.00976562
v -0.02929688 0.49804688 0.00976562
v -0.02539062 -0.30664062 0.00976562
v 0.15429688 0.85742188 0.00976562
v 0.16992188 0.52148438 0.00976562
v 0.19726562 0.19726562 0.00976562
v 0.19726562 0.79101562 0.00976562
v 0.21289062 0.30664062 0.00976562
v 0.23632812 0.44726562 0.00976562
v 0.26367188 0.45507812 0.00976562
v 0.29101562 0.35351562 0.00976562
v 0.30664062 0.36132812 0.00976562
v -0.20507812 -0.52539062 0.01367188
v -0.18554688 -0.84179688 0.01367188
v -0.17382812 -0.77539062 0.01367188
v -0.16992188 -0.72460938 0.01367188
v -0.14648438 -0.85351562 0.01367188
v -0.13867188 -0.82226562 0.01367188
v -0.12304688 -0.73632812 0.01367188
v -0.12304688 0.72851562 0.01367188
v -0.08789062 -0.24414062 0.01367188
v -0.08789062 0.52929688 0.01367188
v -0.04492188 0.62695312 0.01367188
v 0.16992188 0.58398438 0.01367188
v 0.20507812 0.24023438 0.01367188
v -0.12304688 -0.21289062 0.01757812
v -0.11914062 -0.71289062 0.01757812
v -0.11523438 0.29101562 0.01757812
v -0.08398438 0.79101562 0.01757812
v -0.04882812 -0.30664062 0.01757812
v -0.04492188 0.64257812 0.01757812
v -0.02539062 0.88085938 0.01757812
v 0.02539062 0.89257812 0.01757812
v 0.03710938 -0.30273438 0.01757812
v 0.08789062 -0.18945312 0.01757812
v 0.13476562 0.61132812 0.01757812
v 0.13476562 0.64257812 0.01757812
v 0.13867188 0.66210938 0.01757812
v 0.13867188 0.70507812 0.01757812
v 0.14257812 0.73632812 0.01757812
v 0.16992188 0.42773438 0.01757812
v 0.19335938 -0.13867188 0.01757812
v 0.19335938 0.73242188 0.01757812
v 0.21289062 0.33789062 0.01757812
v 0.21289062 0.36914062 0.01757812
v 0.22851562 -0.13085938 0.01757812
v 0.22851562 0.02148438 0.01757812
v -0.13476562 -0.77929688 0.02148438
v -0.08398438 0.04492188 0.02148438
v -0.06445312 0.08789062 0.02148438
v -0.06054688 0.84179688 0.02148438
v -0.04492188 0.66210938 0.02148438
v -0.04101562 0.12695312 0.02148438
v -0.03710938 0.12304688 0.02148438
v -0.03710938 0.15039062 0.02148438
v 0.11914062 0.46289062 0.02148438
v 0.14648438 0.76367188 0.02148438
v 0.26367188 0.40429688 0.02148438
v 0.28710938 0.41210938 0.02148438
v 0.29492188 0.36132812 0.02148438
v 0.29882812 0.38085938 0.02148438
v -0.22070312 -0.40039062 0.02539062
v -0.19726562 -0.90039062 0.02539062
v -0.18945312 0.49804688 0.02539062
v -0.13867188 0.53320312 0.02539062
v -0.13476562 -0.75195312 0.02539062
v -0.13085938 -0.73632812 0.02539062
v -0.12304688 0.31835938 0.02539062
v -0.11914062 0.70507812 0.02539062
v -0.11523438 -0.16992188 0.02539062
v -0.10351562 -0.66992188 0.02539062
v -0.10351562 -0.00195312 0.02539062
v -0.06054688 -0.30664062 0.02539062
v -0.01757812 0.15429688 0.02539062
v 0.12695312 -0.13476562 0.02539062
v 0.16601562 0.74804688 0.02539062
v 0.17773438 0.54882812 0.02539062
v 0.27929688 0.38085938 0.02539062
v -0.21679688 -0.83007812 0.02929688
v -0.21289062 0.44335938 0.02929688
v -0.16992188 -0.91210938 0.02929688
v -0.14648438 -0.65429688 0.02929688
v -0.12304688 -0.09960938 0.02929688
v -0.11914062 -0.05273438 0.02929688
v -0.11132812 0.68164062 0.02929688
v -0.10742188 -0.63476562 0.02929688
v -0.05664062 0.68554688 0.02929688
v 0.19726562 0.74804688 0.02929688
v 0.20117188 0.76757812 0.02929688
v 0.22070312 0.05664062 0.02929688
v 0.22851562 -0.00976562 0.02929688
v 0.25585938 0.09179688 0.02929688
v -0.24414062 -0.99023438 0.03320312
v -0.21289062 -0.77539062 0.03320312
v -0.20898438 -0.99414062 0.03320312
v -0.20117188 -0.97070312 0.03320312
v -0.10742188 -0.61132812 0.03320312
v -0.10351562 -0.83007812 0.03320312
v -0.08007812 0.68164062 0.03320312
v -0.06835938 -0.62695312 0.03320312
v -0.06835938 -0.61132812 0.03320312
v 0.13085938 0.50195312 0.03320312
v 0.16210938 0.33789062 0.03320312
v 0.16992188 0.27539062 0.03320312
v -0.23632812 -0.96679688 0.03710938
v -0.22851562 -0.89648438 0.03710938
v -0.20898438 -0.72851562 0.03710938
v -0.15820312 -0.16992188 0.03710938
v -0.11914062 -0.86523438 0.03710938
v -0.08398438 0.76757812 0.03710938
v -0.07617188 -0.64648438 0.03710938
v -0.05664062 0.47460938 0.03710938
v -0.04882812 0.56445312 0.03710938
v -0.02148438 0.60351562 0.03710938
v 0.04492188 0.88085938 0.03710938
v 0.06445312 -0.29492188 0.03710938
v 0.09179688 -0.23242188 0.03710938
v 0.09570312 0.69726562 0.03710938
v 0.09960938 0.87695312 0.03710938
v 0.10351562 0.60742188 0.03710938
v 0.10351562 0.63867188 0.03710938
v 0.10351562 0.65820312 0.03710938
v 0.10742188 0.73242188 0.03710938
v 0.11132812 0.76367188 0.03710938
v 0.12695312 0.86914062 0.03710938
v 0.16601562 0.14257812 0.03710938
v 0.16992188 0.30664062 0.03710938
v 0.16992188 0.40039062 0.03710938
v -0.20507812 -0.69335938 0.04101562
v -0.15039062 -0.13085938 0.04101562
v -0.13476562 0.30664062 0.04101562
v -0.12695312 -0.08789062 0.04101562
v -0.10351562 -0.79882812 0.04101562
v -0.09960938 0.52148438 0.04101562
v -0.09570312 -0.72070312 0.04101562
v 0.06835938 0.87304688 0.04101562
v 0.11914062 0.79101562 0.04101562
v 0.15429688 0.51757812 0.04101562
v 0.16601562 0.83789062 0.04101562
v -0.25585938 -0.41210938 0.04492188
v -0.22070312 -0.99023438 0.04492188
v -0.18164062 -0.65429688 0.04492188
v -0.10742188 -0.59960938 0.04492188
v -0.08789062 -0.30273438 0.04492188
v -0.02929688 0.20507812 0.04492188
v -0.02148438 0.63476562 0.04492188
v -0.01757812 0.45507812 0.04492188
v 0.00195312 0.89257812 0.04492188
v 0.00585938 -0.35742188 0.04492188
v 0.04882812 0.86523438 0.04492188
v 0.09960938 -0.12695312 0.04492188
v 0.14257812 0.58007812 0.04492188
v 0.16601562 0.36914062 0.04492188
v 0.17382812 0.12304688 0.04492188
v 0.21679688 0.14257812 0.04492188
v 0.25585938 -0.24023438 0.04492188
v 0.25976562 -0.20507812 0.04492188
v -0.14648438 -0.92773438 0.04882812
v -0.14257812 -0.60351562 0.04882812
v -0.11523438 -0.23632812 0.04882812
v -0.09960938 -0.72070312 0.04882812
v -0.07226562 -0.60742188 0.04882812
v -0.06054688 0.82226562 0.04882812
v -0.03710938 0.24023438 0.04882812
v -0.03710938 0.86523438 0.04882812
v -0.02539062 0.65429688 0.04882812
v -0.02148438 -0.36132812 0.04882812
v 0.07226562 0.63476562 0.04882812
v 0.07226562 0.65429688 0.04882812
v 0.07226562 0.77929688 0.04882812
v 0.07617188 0.73242188 0.04882812
v 0.10351562 -0.15429688 0.04882812
v 0.11914062 0.43554688 0.04882812
v 0.15820312 0.19726562 0.04882812
v 0.16210938 0.15820312 0.04882812
v 0.17382812 0.75976562 0.04882812
v 0.17773438 -0.11132812 0.04882812
v 0.18945312 0.15039062 0.04882812
v 0.19726562 0.01367188 0.04882812
v 0.25585938 -0.16601562 0.04882812
v -0.26367188 -0.99023438 0.05273438
v -0.19726562 -0.41210938 0.05273438
v -0.16601562 0.50976562 0.05273438
v -0.09960938 -0.75585938 0.05273438
v -0.09960938 0.33789062 0.05273438
v -0.08007812 0.74414062 0.05273438
v -0.06054688 -0.66992188 0.05273438
v -0.06054688 0.27539062 0.05273438
v -0.04492188 -0.36132812 0.05273438
v -0.03710938 -0.63085938 0.05273438
v -0.03320312 -0.61914062 0.05273438
v -0.02929688 0.15820312 0.05273438
v 0.03320312 -0.35351562 0.05273438
v 0.04882812 0.68945312 0.05273438
v 0.06835938 0.60742188 0.05273438
v 0.14257812 -0.11523438 0.05273438
v 0.16210938 0.24023438 0.05273438
v 0.18554688 0.77929688 0.05273438
v -0.25976562 -0.96679688 0.05664062
v -0.24804688 -0.99023438 0.05664062
v -0.20898438 0.40820312 0.05664062
v -0.18554688 0.23242188 0.05664062
v -0.17382812 -0.99414062 0.05664062
v -0.13867188 0.27148438 0.05664062
v -0.07226562 -0.59570312 0.05664062
v -0.06835938 0.72070312 0.05664062
v -0.04492188 -0.64648438 0.05664062
v 0.01367188 0.60742188 0.05664062
v 0.01367188 0.64257812 0.05664062
v 0.01367188 0.66601562 0.05664062
v 0.04882812 0.75976562 0.05664062
v 0.12695312 0.27539062 0.05664062
v 0.14257812 0.79101562 0.05664062
v 0.23632812 -0.26367188 0.05664062
v 0.24023438 -0.22851562 0.05664062
v 0.24023438 0.11523438 0.05664062
v 0.24414062 -0.12304688 0.05664062
v -0.25195312 -0.89257812 0.06054688
v -0.24804688 -0.83007812 0.06054688
v -0.21679688 -0.99023438 0.06054688
v -0.20117188 0.46289062 0.06054688
v -0.07617188 0.48242188 0.06054688
v -0.05664062 -0.35742188 0.06054688
v -0.02539062 0.68945312 0.06054688
v 0.00195312 0.72070312 0.06054688
v 0.04882812 0.64257812 0.06054688
v 0.04882812 0.72851562 0.06054688
v 0.05273438 0.44726562 0.06054688
v 0.23632812 0.08007812 0.06054688
v 0.24023438 -0.18945312 0.06054688
v -0.24804688 -0.42382812 0.06445312
v -0.21679688 -0.65429688 0.06445312
v -0.17773438 -0.60351562 0.06445312
v -0.14257812 -0.56835938 0.06445312
v -0.10742188 -0.56835938 0.06445312
v -0.08398438 -0.84179688 0.06445312
v -0.07226562 0.04492188 0.06445312
v -0.05664062 -0.69726562 0.06445312
v -0.04492188 0.52929688 0.06445312
v -0.02539062 0.57226562 0.06445312
v -0.02148438 0.12304688 0.06445312
v -0.01367188 0.15039062 0.06445312
v 0.01367188 0.74804688 0.06445312
v 0.02929688 0.77929688 0.06445312
v 0.04882812 0.60742188 0.06445312
v 0.08398438 -0.28710938 0.06445312
v 0.10351562 0.86914062 0.06445312
v 0.10742188 0.57617188 0.06445312
v 0.13085938 0.85351562 0.06445312
v 0.13867188 0.50585938 0.06445312
v 0.14257812 0.54492188 0.06445312
v 0.14648438 0.13476562 0.06445312
v 0.15820312 0.82226562 0.06445312
v 0.18945312 0.03710938 0.06445312
v 0.22851562 -0.10351562 0.06445312
v 0.22851562 -0.08398438 0.06445312
v 0.24023438 -0.22851562 0.06445312
v -0.24414062 -0.77929688 0.06835938
v -0.19726562 -0.41992188 0.06835938
v -0.18554688 -0.99023438 0.06835938
v -0.10351562 -0.87695312 0.06835938
v -0.10351562 0.30664062 0.06835938
v -0.04492188 -0.61914062 0.06835938
v 0.02148438 0.89257812 0.06835938
v 0.11523438 0.33789062 0.06835938
v 0.12695312 0.30664062 0.06835938
v 0.15820312 0.79882812 0.06835938
v -0.24023438 -0.73242188 0.07226562
v -0.17382812 -0.57226562 0.07226562
v -0.15429688 0.22460938 0.07226562
v -0.13476562 -0.93554688 0.07226562
v -0.13476562 0.50976562 0.07226562
v -0.11132812 -0.29492188 0.07226562
v -0.08789062 -0.00195312 0.07226562
v -0.08398438 -0.81054688 0.07226562
v -0.07226562 -0.56835938 0.07226562
v -0.06835938 -0.72070312 0.07226562
v -0.06054688 0.43554688 0.07226562
v -0.05664062 0.79882812 0.07226562
v -0.04101562 0.84179688 0.07226562
v -0.03320312 0.41601562 0.07226562
v -0.02539062 0.47460938 0.07226562
v -0.01367188 0.88085938 0.07226562
v 0.00195312 0.24023438 0.07226562
v 0.05273438 -0.34570312 0.07226562
v 0.05664062 0.63476562 0.07226562
v 0.05664062 0.65820312 0.07226562
v 0.07617188 0.57617188 0.07226562
v 0.07617188 0.86132812 0.07226562
v 0.09960938 0.83007812 0.07226562
v 0.10351562 -0.21289062 0.07226562
v 0.11132812 0.14648438 0.07226562
v 0.11914062 0.40429688 0.07226562
v 0.12695312 0.47851562 0.07226562
v 0.16210938 0.00976562 0.07226562
v 0.21679688 -0.27539062 0.07226562
v -0.24023438 -0.42773438 0.07617188
v -0.23632812 -0.69335938 0.07617188
v -0.11523438 -0.16210938 0.07617188
v -0.08398438 -0.35351562 0.07617188
v -0.04492188 -0.60742188 0.07617188
v -0.04101562 0.09179688 0.07617188
v -0.04101562 0.73242188 0.07617188
v -0.01367188 0.27929688 0.07617188
v 0.00195312 0.75195312 0.07617188
v 0.13085938 0.47851562 0.07617188
v 0.13085938 0.83007812 0.07617188
v 0.16210938 0.13867188 0.07617188
v 0.19335938 0.15429688 0.07617188
v 0.22851562 -0.18554688 0.07617188
v -0.27539062 -0.99023438 0.08007812
v -0.21679688 0.31054688 0.08007812
v -0.21289062 -0.59570312 0.08007812
v -0.20898438 -0.42382812 0.08007812
v -0.20117188 0.36523438 0.08007812
v -0.16601562 -0.99414062 0.08007812
v -0.11132812 0.27148438 0.08007812
v -0.10351562 0.49414062 0.08007812
v -0.07617188 -0.72070312 0.08007812
v -0.07617188 0.34960938 0.08007812
v -0.05664062 0.40039062 0.08007812
v -0.05273438 0.76757812 0.08007812
v -0.02148438 0.72460938 0.08007812
v 0.00976562 0.57226562 0.08007812
v 0.03710938 0.88867188 0.08007812
v 0.08398438 0.27539062 0.08007812
v 0.09570312 0.24023438 0.08007812
v 0.09960938 0.19726562 0.08007812
v 0.10351562 0.15820312 0.08007812
v 0.10351562 0.85351562 0.08007812
v 0.11914062 0.36914062 0.08007812
v 0.12304688 0.51757812 0.08007812
v 0.21679688 0.13476562 0.08007812
v 0.22070312 -0.25195312 0.08007812
v -0.27148438 -0.97070312 0.08398438
v -0.25585938 -0.99023438 0.08398438
v -0.22460938 -0.42773438 0.08398438
v -0.11914062 -0.22460938 0.08398438
v -0.08007812 -0.76367188 0.08398438
v -0.02929688 0.36914062 0.08398438
v -0.02539062 0.32617188 0.08398438
v -0.01757812 -0.65039062 0.08398438
v -0.01367188 -0.63476562 0.08398438
v 0.04882812 0.56835938 0.08398438
v 0.05273438 0.85351562 0.08398438
v 0.09570312 0.54101562 0.08398438
v 0.19335938 -0.26757812 0.08398438
v 0.20117188 -0.23242188 0.08398438
v 0.21289062 -0.14257812 0.08398438
v -0.24804688 -0.27148438 0.08789062
v -0.17773438 0.47460938 0.08789062
v -0.11132812 -0.53320312 0.08789062
v -0.06054688 0.37304688 0.08789062
v -0.02148438 -0.40429688 0.08789062
v -0.02148438 0.53710938 0.08789062
v 0.00976562 -0.40039062 0.08789062
v 0.01757812 0.12304688 0.08789062
v 0.02929688 0.14648438 0.08789062
v 0.02929688 0.20117188 0.08789062
v 0.04101562 0.27539062 0.08789062
v 0.04492188 0.41210938 0.08789062
v 0.04882812 0.15429688 0.08789062
v 0.04882812 0.24023438 0.08789062
v 0.04882812 0.87304688 0.08789062
v 0.12695312 0.13867188 0.08789062
v 0.14648438 0.10742188 0.08789062
v 0.18554688 0.02929688 0.08789062
v 0.20507812 0.06835938 0.08789062
v -0.26367188 -0.89648438 0.09179688
v -0.24414062 -0.64257812 0.09179688
v -0.23242188 -0.27148438 0.09179688
v -0.22460938 -0.99023438 0.09179688
v -0.20117188 0.42382812 0.09179688
v -0.14648438 -0.53320312 0.09179688
v -0.01757812 0.86132812 0.09179688
v 0.01367188 0.53320312 0.09179688
v 0.03320312 0.12695312 0.09179688
v 0.04882812 0.52929688 0.09179688
v 0.08007812 0.30664062 0.09179688
v 0.12695312 -0.09570312 0.09179688
v 0.22070312 0.10351562 0.09179688
v -0.25585938 0.27148438 0.09570312
v -0.24414062 -0.66601562 0.09570312
v -0.14257812 -0.13085938 0.09570312
v -0.08398438 0.31835938 0.09570312
v -0.08007812 0.45117188 0.09570312
v -0.07617188 -0.52929688 0.09570312
v -0.05273438 0.37695312 0.09570312
v -0.03710938 -0.69726562 0.09570312
v -0.03710938 -0.58007812 0.09570312
v -0.02929688 -0.65820312 0.09570312
v -0.02929688 0.49023438 0.09570312
v 0.00976562 0.88085938 0.09570312
v 0.02148438 0.80664062 0.09570312
v 0.03710938 0.15039062 0.09570312
v 0.06835938 -0.33789062 0.09570312
v 0.06835938 0.33789062 0.09570312
v 0.08007812 0.14257812 0.09570312
v 0.08007812 0.50585938 0.09570312
v 0.10742188 0.12304688 0.09570312
v 0.12304688 0.00195312 0.09570312
v 0.17773438 -0.23242188 0.09570312
v 0.18945312 -0.16992188 0.09570312
v 0.20507812 -0.20117188 0.09570312
v -0.23632812 0.30273438 0.09960938
v -0.18554688 -0.99023438 0.09960938
v -0.17773438 -0.53710938 0.09960938
v -0.16210938 -0.19726562 0.09960938
v -0.15820312 -0.16601562 0.09960938
v -0.05273438 0.04492188 0.09960938
v -0.04882812 -0.40429688 0.09960938
v 0.03320312 0.30664062 0.09960938
v 0.07617188 0.12304688 0.09960938
v 0.17382812 -0.20117188 0.09960938
v 0.18945312 -0.21679688 0.09960938
v -0.25976562 -0.83398438 0.10351562
v -0.24804688 -0.60351562 0.10351562
v -0.16992188 -0.99414062 0.10351562
v -0.13085938 -0.94335938 0.10351562
v -0.10742188 -0.34570312 0.10351562
v -0.09570312 -0.88867188 0.10351562
v -0.07617188 -0.85351562 0.10351562
v -0.07226562 0.37304688 0.10351562
v -0.06054688 -0.40429688 0.10351562
v -0.05273438 -0.72851562 0.10351562
v -0.01367188 0.75585938 0.10351562
v 0.00195312 0.43945312 0.10351562
v 0.00195312 0.77148438 0.10351562
v 0.02929688 0.33789062 0.10351562
v 0.04492188 0.36914062 0.10351562
v 0.06054688 0.11914062 0.10351562
v 0.09179688 -0.27148438 0.10351562
v 0.09570312 0.08789062 0.10351562
v 0.12695312 0.02148438 0.10351562
v 0.17382812 0.15039062 0.10351562
v -0.27539062 -0.28320312 0.10742188
v -0.25585938 -0.99023438 0.10742188
v -0.14648438 0.47460938 0.10742188
v -0.11914062 -0.28320312 0.10742188
v -0.07617188 -0.82617188 0.10742188
v -0.02539062 -0.62304688 0.10742188
v -0.02539062 0.77929688 0.10742188
v -0.02148438 0.83007812 0.10742188
v -0.00585938 0.08789062 0.10742188
v 0.03710938 -0.39648438 0.10742188
v 0.11132812 0.44726562 0.10742188
v 0.15820312 -0.10742188 0.10742188
v 0.19726562 0.13476562 0.10742188
v -0.26757812 -0.99023438 0.11132812
v -0.25195312 -0.68164062 0.11132812
v -0.25195312 -0.63476562 0.11132812
v -0.24023438 -0.56835938 0.11132812
v -0.20507812 -0.54101562 0.11132812
v -0.19335938 0.37304688 0.11132812
v -0.11132812 0.46289062 0.11132812
v -0.09570312 0.27929688 0.11132812
v -0.06054688 -0.72851562 0.11132812
v -0.03710938 -0.53710938 0.11132812
v -0.26367188 -0.96679688 0.11523438
v -0.25585938 -0.78320312 0.11523438
v -0.21679688 0.32617188 0.11523438
v -0.19726562 -0.49804688 0.11523438
v -0.08398438 -0.39648438 0.11523438
v -0.07226562 -0.77539062 0.11523438
v -0.02148438 -0.42773438 0.11523438
v 0.00585938 0.85742188 0.11523438
v 0.02539062 0.84179688 0.11523438
v 0.09960938 -0.19335938 0.11523438
v -0.25976562 -0.60351562 0.11914062
v -0.24804688 -0.66210938 0.11914062
v -0.23632812 -0.99023438 0.11914062
v -0.18164062 0.42773438 0.11914062
v -0.11523438 -0.50585938 0.11914062
v -0.00585938 0.50195312 0.11914062
v 0.00195312 0.79882812 0.11914062
v 0.00195312 0.82617188 0.11914062
v 0.00585938 -0.42773438 0.11914062
v 0.02929688 0.86914062 0.11914062
v 0.03320312 0.41210938 0.11914062
v 0.09960938 0.46679688 0.11914062
v 0.16601562 0.12304688 0.11914062
v 0.19335938 0.09960938 0.11914062
v -0.24804688 -0.60742188 0.12304688
v -0.20507812 -0.99023438 0.12304688
v -0.11523438 -0.21679688 0.12304688
v -0.08398438 0.40039062 0.12304688
v -0.08007812 -0.09179688 0.12304688
v -0.08007812 0.33789062 0.12304688
v -0.02148438 0.04101562 0.12304688
v 0.02539062 0.50195312 0.12304688
v 0.03320312 0.08007812 0.12304688
v 0.06054688 0.48242188 0.12304688
v 0.06445312 0.39648438 0.12304688
v -0.28710938 0.25976562 0.12695312
v -0.25976562 -0.63085938 0.12695312
v -0.18164062 -0.99414062 0.12695312
v -0.15039062 -0.50585938 0.12695312
v -0.08789062 -0.49804688 0.12695312
v -0.05664062 -0.49804688 0.12695312
v -0.02539062 -0.70117188 0.12695312
v 0.00195312 0.45507812 0.12695312
v 0.08007812 -0.03320312 0.12695312
v -0.25976562 -0.60351562 0.13085938
v -0.25585938 -0.90039062 0.13085938
v -0.23632812 0.31054688 0.13085938
v -0.21679688 -0.29101562 0.13085938
v -0.13867188 -0.94726562 0.13085938
v -0.04101562 -0.43945312 0.13085938
v -0.02148438 -0.59570312 0.13085938
v 0.04882812 -0.38867188 0.13085938
v 0.07617188 -0.32226562 0.13085938
v 0.09179688 -0.13085938 0.13085938
v 0.09960938 0.41992188 0.13085938
v -0.25585938 -0.65820312 0.13476562
v -0.24804688 -0.63085938 0.13476562
v -0.24414062 -0.99023438 0.13476562
v -0.20898438 -0.99414062 0.13476562
v -0.20117188 -0.49023438 0.13476562
v -0.17773438 -0.97460938 0.13476562
v -0.17773438 -0.50976562 0.13476562
v -0.11523438 -0.33789062 0.13476562
v -0.10351562 -0.38476562 0.13476562
v -0.04492188 -0.74023438 0.13476562
v 0.02929688 -0.42382812 0.13476562
v -0.26367188 0.29492188 0.13867188
v -0.24023438 -0.96679688 0.13867188
v -0.21679688 0.15039062 0.13867188
v -0.20507812 -0.97851562 0.13867188
v -0.17773438 0.37304688 0.13867188
v -0.15039062 0.42773438 0.13867188
v -0.11523438 0.41601562 0.13867188
v -0.10351562 -0.90039062 0.13867188
v -0.09179688 0.35742188 0.13867188
v -0.08398438 -0.86523438 0.13867188
v -0.08398438 -0.42773438 0.13867188
v 0.00976562 0.03710938 0.13867188
v 0.03320312 0.42382812 0.13867188
v -0.24804688 -0.65820312 0.14257812
v -0.23242188 -0.20898438 0.14257812
v -0.22851562 -0.29882812 0.14257812
v -0.19726562 -0.51367188 0.14257812
v -0.19726562 0.33398438 0.14257812
v -0.11523438 -0.49414062 0.14257812
v -0.11523438 -0.27539062 0.14257812
v -0.08007812 -0.83789062 0.14257812
v -0.08007812 -0.47460938 0.14257812
v -0.05664062 -0.74023438 0.14257812
v -0.02929688 -0.50195312 0.14257812
v -0.01757812 -0.64257812 0.14257812
v 0.00195312 -0.45117188 0.14257812
v 0.01757812 0.47070312 0.14257812
v 0.06835938 0.40429688 0.14257812
v 0.08398438 -0.25195312 0.14257812
v 0.09570312 0.43554688 0.14257812
v -0.25976562 -0.30273438 0.14648438
v -0.22460938 -0.22070312 0.14648438
v -0.07226562 -0.78710938 0.14648438
v -0.04882812 -0.48242188 0.14648438
v 0.05273438 0.46679688 0.14648438
v -0.24804688 -0.84570312 0.15039062
v -0.24414062 -0.30273438 0.15039062
v -0.15039062 -0.94726562 0.15039062
v -0.11914062 0.36914062 0.15039062
v -0.10351562 -0.20898438 0.15039062
v -0.08398438 -0.14257812 0.15039062
v -0.01757812 -0.54492188 0.15039062
v -0.01367188 -0.09179688 0.15039062
v 0.08398438 -0.16992188 0.15039062
v -0.30664062 0.20507812 0.15429688
v -0.29492188 0.16601562 0.15429688
v -0.23632812 -0.59179688 0.15429688
v -0.15039062 0.37304688 0.15429688
v 0.01757812 -0.09570312 0.15429688
v 0.04101562 0.43945312 0.15429688
v 0.04882812 -0.09570312 0.15429688
v 0.07226562 0.44335938 0.15429688
v -0.23632812 0.29882812 0.15820312
v -0.14257812 -0.49804688 0.15820312
v -0.11132812 -0.37304688 0.15820312
v -0.07226562 -0.07617188 0.15820312
v 0.06835938 0.41992188 0.15820312
v -0.26757812 0.13476562 0.16210938
v -0.22851562 -0.91210938 0.16210938
v -0.21289062 -0.51757812 0.16210938
v -0.16992188 -0.93945312 0.16210938
v -0.16210938 0.14257812 0.16210938
v -0.01757812 -0.71289062 0.16210938
v -0.00976562 -0.47851562 0.16210938
v 0.02539062 -0.44726562 0.16210938
v 0.05664062 -0.37695312 0.16210938
v -0.30273438 0.24804688 0.16601562
v -0.25976562 -0.15039062 0.16601562
v -0.24804688 -0.79882812 0.16601562
v -0.24804688 -0.71289062 0.16601562
v -0.24804688 0.31445312 0.16601562
v -0.22851562 -0.18554688 0.16601562
v -0.12304688 -0.90429688 0.16601562
v -0.11132812 -0.46679688 0.16601562
v -0.11132812 -0.33007812 0.16601562
v -0.05273438 -0.14257812 0.16601562
v -0.03710938 -0.75976562 0.16601562
v -0.01757812 -0.50585938 0.16601562
v -0.24414062 -0.15039062 0.16992188
v -0.24023438 -0.62304688 0.16992188
v -0.19726562 -0.92773438 0.16992188
v -0.12304688 -0.15429688 0.16992188
v -0.02148438 -0.50195312 0.16992188
v 0.06445312 -0.15820312 0.16992188
v -0.27539062 0.29882812 0.17382812
v -0.23242188 0.12304688 0.17382812
v -0.10742188 -0.40820312 0.17382812
v -0.10742188 -0.27148438 0.17382812
v -0.10351562 -0.87304688 0.17382812
v -0.09570312 -0.84570312 0.17382812
v -0.08398438 -0.79101562 0.17382812
v -0.06054688 -0.75195312 0.17382812
v -0.02539062 -0.14648438 0.17382812
v -0.01757812 -0.59179688 0.17382812
v 0.06835938 -0.30273438 0.17382812
v -0.24023438 -0.65820312 0.17773438
v -0.08398438 -0.20507812 0.17773438
v 0.04492188 -0.40429688 0.17773438
v 0.06835938 -0.23242188 0.17773438
v -0.29101562 -0.16210938 0.18164062
v -0.25976562 -0.72070312 0.18164062
v -0.21679688 0.11523438 0.18164062
v 0.00585938 -0.14648438 0.18164062
v 0.03320312 -0.15039062 0.18164062
v -0.22070312 0.12695312 0.18554688
v -0.14648438 -0.89257812 0.18554688
v -0.13867188 -0.49804688 0.18554688
v -0.10742188 -0.36523438 0.18554688
v -0.22070312 -0.86132812 0.18945312
v -0.13085938 0.16992188 0.18945312
v -0.04882812 -0.75585938 0.18945312
v -0.29492188 -0.16992188 0.19335938
v -0.24804688 0.31445312 0.19335938
v -0.11523438 -0.84179688 0.19335938
v -0.10351562 -0.32226562 0.19335938
v -0.09960938 -0.79101562 0.19335938
v -0.06054688 -0.20507812 0.19335938
v -0.01367188 -0.49023438 0.19335938
v -0.28710938 0.27539062 0.19726562
v -0.18164062 -0.87695312 0.19726562
v -0.12304688 -0.49414062 0.19726562
v -0.00976562 -0.51367188 0.19726562
v 0.04492188 -0.21679688 0.19726562
v -0.29492188 0.24414062 0.20117188
v -0.20507812 -0.54882812 0.20117188
v -0.13867188 -0.86132812 0.20117188
v -0.11523438 -0.45507812 0.20117188
v -0.09179688 -0.26757812 0.20117188
v -0.03320312 -0.20507812 0.20117188
v -0.02539062 -0.71679688 0.20117188
v 0.00585938 -0.45117188 0.20117188
v 0.04882812 -0.35742188 0.20117188
v -0.28710938 -0.17382812 0.20507812
v -0.21679688 -0.81835938 0.20507812
v -0.13867188 -0.83398438 0.20507812
v -0.11523438 -0.78710938 0.20507812
v -0.10742188 -0.39257812 0.20507812
v -0.00976562 -0.20507812 0.20507812
v 0.01757812 -0.20898438 0.20507812
v 0.05273438 -0.27929688 0.20507812
v -0.25976562 0.30273438 0.20898438
v -0.22851562 -0.13867188 0.20898438
v -0.21289062 -0.58398438 0.20898438
v -0.10351562 -0.35742188 0.20898438
v -0.07617188 -0.75585938 0.20898438
v -0.27148438 -0.17773438 0.21289062
v -0.18554688 0.13085938 0.21289062
v -0.17382812 -0.83007812 0.21289062
v -0.14648438 -0.52929688 0.21289062
v -0.13867188 -0.78320312 0.21679688
v -0.30664062 0.16992188 0.22070312
v -0.30273438 0.20898438 0.22070312
v -0.21679688 -0.61914062 0.22070312
v -0.17382812 -0.77929688 0.22070312
v -0.12695312 -0.53320312 0.22070312
v -0.06835938 -0.26757812 0.22070312
v 0.02929688 -0.27148438 0.22070312
v 0.03710938 -0.38476562 0.22070312
v -0.26367188 0.27539062 0.22460938
v -0.21679688 -0.70898438 0.22460938
v 0.02539062 -0.40820312 0.22460938
v -0.28320312 0.13867188 0.22851562
v -0.25195312 0.13476562 0.22851562
v -0.21679688 -0.66210938 0.22851562
v -0.11523438 -0.47070312 0.22851562
v -0.10351562 -0.75585938 0.22851562
v -0.10351562 -0.41992188 0.22851562
v -0.09960938 -0.38476562 0.22851562
v -0.09179688 -0.34960938 0.22851562
v -0.04882812 -0.71679688 0.22851562
v -0.04492188 -0.26757812 0.22851562
v -0.00976562 -0.46289062 0.22851562
v 0.00585938 -0.26757812 0.22851562
v 0.03710938 -0.34960938 0.22851562
v -0.27539062 -0.04882812 0.23242188
v -0.17773438 -0.75195312 0.23242188
v -0.01757812 -0.26757812 0.23242188
v -0.29101562 -0.04882812 0.23632812
v -0.26757812 0.24804688 0.23632812
v -0.18164062 -0.58007812 0.23632812
v -0.15039062 0.27929688 0.23632812
v -0.13867188 -0.75585938 0.23632812
v -0.12304688 -0.55273438 0.23632812
v -0.03320312 -0.68554688 0.23632812
v -0.02929688 -0.66601562 0.23632812
v 0.02539062 -0.31054688 0.23632812
v -0.26367188 -0.05273438 0.24023438
v -0.24804688 0.26367188 0.24023438
v -0.01757812 -0.50976562 0.24023438
v -0.01757812 -0.48632812 0.24023438
v -0.24804688 0.12695312 0.24414062
v -0.15039062 -0.54882812 0.24414062
v -0.15039062 0.16210938 0.24414062
v -0.13476562 0.24804688 0.24414062
v -0.11523438 -0.49023438 0.24414062
v -0.07226562 -0.34960938 0.24414062
v -0.04882812 -0.31445312 0.24414062
v 0.02148438 -0.34570312 0.24414062
v 0.02539062 -0.38085938 0.24414062
v -0.18164062 -0.71289062 0.24804688
v -0.18164062 -0.54101562 0.24804688
v -0.07617188 -0.71679688 0.24804688
v -0.02539062 -0.31445312 0.24804688
v -0.00585938 -0.41210938 0.24804688
v 0.00195312 -0.31054688 0.24804688
v -0.24804688 0.13867188 0.25195312
v -0.24804688 0.24414062 0.25195312
v -0.18554688 -0.61914062 0.25195312
v -0.16992188 -0.54882812 0.25195312
v -0.13476562 0.20507812 0.25195312
v -0.07617188 -0.38085938 0.25195312
v -0.27539062 0.22851562 0.25585938
v -0.18554688 -0.66210938 0.25585938
v -0.10351562 -0.55664062 0.25585938
v -0.10351562 -0.45117188 0.25585938
v -0.05273438 -0.34960938 0.25585938
v 0.00195312 -0.38476562 0.25585938
v 0.00195312 -0.34960938 0.25585938
v -0.21679688 0.13476562 0.25976562
v -0.16210938 -0.52148438 0.25976562
v -0.13867188 -0.71289062 0.25976562
v -0.10351562 -0.71679688 0.25976562
v -0.07617188 -0.59179688 0.25976562
v -0.05273438 -0.66992188 0.25976562
v -0.05273438 -0.65429688 0.25976562
v -0.02539062 -0.34960938 0.25976562
v -0.02148438 -0.45117188 0.25976562
v -0.30664062 -0.06054688 0.26367188
v -0.28710938 0.01367188 0.26367188
v -0.17773438 -0.52148438 0.26367188
v -0.15429688 -0.54882812 0.26367188
v -0.10742188 -0.63476562 0.26367188
v -0.06835938 -0.68554688 0.26367188
v -0.04882812 -0.38085938 0.26367188
v -0.02539062 -0.38085938 0.26367188
v -0.29882812 0.00976562 0.26757812
v -0.27929688 0.00976562 0.26757812
v -0.26757812 -0.06835938 0.26757812
v -0.10742188 -0.50585938 0.26757812
v -0.10351562 -0.48242188 0.26757812
v -0.02929688 -0.48242188 0.26757812
v -0.29882812 -0.06445312 0.27148438
v -0.29492188 0.16992188 0.27148438
v -0.14257812 -0.63085938 0.27148438
v -0.02929688 -0.50976562 0.27148438
v -0.29492188 0.20117188 0.27539062
v -0.28320312 -0.06835938 0.27539062
v -0.27148438 0.14648438 0.27539062
v -0.08007812 -0.41601562 0.27539062
v -0.04492188 -0.41210938 0.27539062
v -0.27539062 0.00195312 0.27929688
v -0.13867188 -0.64257812 0.27929688
v -0.30664062 -0.00195312 0.28320312
v -0.27929688 0.15429688 0.28320312
v -0.17773438 0.27148438 0.28320312
v -0.10351562 -0.67773438 0.28320312
v -0.29492188 0.06054688 0.28710938
v -0.08398438 -0.50585938 0.28710938
v -0.08398438 -0.47851562 0.28710938
v -0.05664062 -0.50585938 0.28710938
v -0.05273438 -0.47851562 0.28710938
v -0.29882812 -0.00585938 0.29101562
v -0.28710938 -0.00585938 0.29492188
v -0.31054688 0.04492188 0.29882812
v -0.27929688 0.06445312 0.30273438
v -0.31054688 0.09179688 0.31054688
v -0.28710938 0.09960938 0.32226562
v -0.27929688 0.05273438 0.32226562
v -0.31445312 0.04492188 0.32617188
v -0.24804688 0.15820312 0.32617188
v -0.21289062 0.18164062 0.33007812
v -0.33007812 0.11914062 0.33398438
v -0.19726562 0.22070312 0.33398438
v -0.33007812 0.08007812 0.34570312
v -0.28320312 0.08398438 0.34570312
v -0.26757812 0.23632812 0.34570312
v -0.34570312 0.14648438 0.35351562
v -0.34179688 0.11132812 0.35742188
v -0.24414062 0.23242188 0.35742188
v -0.33398438 0.25585938 0.36132812
v -0.30664062 0.07226562 0.36132812
v -0.24804688 0.17382812 0.36132812
v -0.35351562 0.16601562 0.36523438
v -0.23242188 0.20507812 0.36523438
v -0.33789062 0.18554688 0.36914062
v -0.27539062 0.11914062 0.36914062
v -0.28320312 0.25195312 0.37304688
v -0.35742188 0.13476562 0.37695312
v -0.35742188 0.16601562 0.38476562
v -0.26367188 0.26367188 0.38476562
v -0.24023438 0.24414062 0.38476562
v -0.34179688 0.09960938 0.38867188
v -0.23242188 0.17773438 0.38867188
v -0.31835938 0.24804688 0.39257812
v -0.28710938 0.09179688 0.39257812
v -0.34570312 0.34570312 0.39648438
v -0.35742188 0.19335938 0.40429688
v -0.31445312 0.08398438 0.40429688
v -0.23242188 0.20507812 0.40429688
v -0.24414062 0.26367188 0.40820312
v -0.36914062 0.33789062 0.41210938
v -0.35742188 0.13867188 0.41210938
v -0.24804688 0.11914062 0.41210938
v -0.32226562 0.35351562 0.41601562
v -0.26367188 0.27148438 0.41601562
v -0.23242188 0.15039062 0.41992188
v -0.23242188 0.23632812 0.41992188
v -0.34179688 0.10742188 0.42382812
v -0.26367188 0.09960938 0.42382812
v -0.37304688 0.40039062 0.42773438
v -0.34570312 0.41210938 0.42773438
v -0.24414062 0.25976562 0.43164062
v -0.31835938 0.09570312 0.43945312
v -0.29882812 0.30664062 0.43945312
v -0.29101562 0.09179688 0.43945312
v -0.23632812 0.17773438 0.43945312
v -0.33007812 0.23632812 0.44335938
v -0.25976562 0.26367188 0.44335938
v -0.24804688 0.11914062 0.44335938
v -0.24023438 0.20898438 0.44335938
v -0.38476562 0.38085938 0.44726562
v -0.37304688 0.34179688 0.44726562
v -0.31445312 0.36132812 0.44726562
v -0.33398438 0.12695312 0.45117188
v -0.32617188 0.41210938 0.45117188
v -0.24804688 0.24023438 0.45117188
v -0.24023438 0.15039062 0.45117188
v -0.38085938 0.46289062 0.45507812
v -0.34179688 0.16210938 0.45507812
v -0.35351562 0.46679688 0.45898438
v -0.30273438 0.11523438 0.45898438
v -0.27148438 0.11523438 0.45898438
v -0.26757812 0.24414062 0.45898438
v -0.33007812 0.19726562 0.46289062
v -0.33007812 0.69335938 0.46289062
v -0.27539062 0.20898438 0.46289062
v -0.25195312 0.17773438 0.46289062
v -0.32617188 0.34570312 0.46679688
v -0.25976562 0.14257812 0.46679688
v -0.29101562 0.15429688 0.47070312
v -0.39648438 0.44726562 0.47460938
v -0.35742188 0.35351562 0.47460938
v -0.32617188 0.74804688 0.47460938
v -0.38085938 0.50976562 0.48242188
v -0.33398438 0.46289062 0.48242188
v -0.32617188 0.39257812 0.48242188
v -0.36132812 0.68164062 0.48632812
v -0.31445312 0.63085938 0.48632812
v -0.30273438 0.68164062 0.48632812
v -0.35742188 0.51367188 0.49023438
v -0.35351562 0.74023438 0.49023438
v -0.40039062 0.50195312 0.49414062
v -0.33007812 0.81054688 0.49414062
v -0.38867188 0.43554688 0.49804688
v -0.34570312 0.37304688 0.49804688
v -0.30273438 0.74414062 0.49804688
v -0.37695312 0.59960938 0.50585938
v -0.35351562 0.79492188 0.50585938
v -0.34179688 0.44726562 0.50585938
v -0.41601562 0.61132812 0.50976562
v -0.34960938 0.67773438 0.51367188
v -0.30664062 0.80664062 0.51367188
v -0.30273438 0.67773438 0.51367188
v -0.40039062 0.49023438 0.51757812
v -0.38867188 0.63867188 0.51757812
v -0.36523438 0.43945312 0.51757812
v -0.34960938 0.72851562 0.51757812
v -0.34570312 0.50585938 0.51757812
v -0.32226562 0.63476562 0.51757812
v -0.42773438 0.65039062 0.52148438
v -0.40820312 0.53710938 0.52148438
v -0.30273438 0.72851562 0.52148438
v -0.45507812 0.60351562 0.52539062
v -0.33789062 0.87695312 0.52539062
v -0.38476562 0.49023438 0.52929688
v -0.35742188 0.85742188 0.52929688
v -0.45898438 0.64257812 0.53320312
v -0.43945312 0.68164062 0.53320312
v -0.40429688 0.67773438 0.53320312
v -0.32617188 0.72070312 0.53320312
v -0.30664062 0.76757812 0.53320312
v -0.36132812 0.49804688 0.53710938
v -0.35742188 0.54882812 0.53710938
v -0.35351562 0.77929688 0.53710938
v -0.46289062 0.67773438 0.54101562
v -0.40429688 0.52539062 0.54101562
v -0.36132812 0.62695312 0.54101562
v -0.34570312 0.90429688 0.54101562
v -0.31835938 0.87304688 0.54101562
v -0.31445312 0.79882812 0.54101562
v -0.44726562 0.71289062 0.54492188
v -0.43945312 0.57617188 0.54492188
v -0.49023438 0.59960938 0.54882812
v -0.46679688 0.70898438 0.54882812
v -0.36523438 0.84179688 0.54882812
v -0.36523438 0.88867188 0.54882812
v -0.49023438 0.63476562 0.55273438
v -0.42382812 0.71289062 0.55273438
v -0.38867188 0.52929688 0.55273438
v -0.37304688 0.53710938 0.55273438
v -0.33007812 0.78320312 0.55273438
v -0.41601562 0.55664062 0.55664062
v -0.38476562 0.66601562 0.55664062
v -0.36523438 0.59179688 0.55664062
v -0.48242188 0.67382812 0.56445312
v -0.48242188 0.74023438 0.56445312
v -0.46679688 0.75195312 0.56445312
v -0.36914062 0.86914062 0.56445312
v -0.33007812 0.92382812 0.56445312
v -0.49023438 0.71679688 0.56835938
v -0.40039062 0.56054688 0.56835938
v -0.38085938 0.56835938 0.56835938
v -0.31835938 0.86132812 0.56835938
v -0.52539062 0.62695312 0.57226562
v -0.44726562 0.75585938 0.57226562
v -0.40820312 0.70117188 0.57226562
v -0.36914062 0.62695312 0.57226562
v -0.47070312 0.58789062 0.58007812
v -0.38476562 0.61132812 0.58789062
v -0.38476562 0.65039062 0.58789062
v -0.48632812 0.73242188 0.59179688
v -0.43164062 0.75585938 0.59179688
v -0.41210938 0.58789062 0.59179688
v -0.35351562 0.86523438 0.59179688
v -0.33398438 0.91992188 0.59179688
v -0.54882812 0.60742188 0.59570312
v -0.48632812 0.64257812 0.59570312
v -0.48242188 0.80273438 0.59570312
v -0.49804688 0.61132812 0.59960938
v -0.46679688 0.80664062 0.59960938
v -0.41210938 0.68164062 0.59960938
v -0.50195312 0.80273438 0.60351562
v -0.35351562 0.98632812 0.60351562
v -0.50585938 0.58789062 0.60742188
v -0.47070312 0.83007812 0.60742188
v -0.52929688 0.59179688 0.61132812
v -0.49023438 0.82226562 0.61132812
v -0.45117188 0.81054688 0.61132812
v -0.43164062 0.74414062 0.61132812
v -0.41601562 0.63085938 0.61132812
v -0.35742188 0.93164062 0.61132812
v -0.57617188 0.61132812 0.61523438
v -0.47460938 0.72851562 0.61523438
v -0.43945312 0.66601562 0.61523438
v -0.49414062 0.79101562 0.61914062
v -0.48632812 0.88476562 0.61914062
v -0.45507812 0.59570312 0.61914062
v -0.36523438 0.99804688 0.61914062
v -0.56445312 0.58789062 0.62304688
v -0.50195312 0.87304688 0.62304688
v -0.45507812 0.83398438 0.62304688
v -0.47070312 0.88867188 0.62695312
v -0.46679688 0.62695312 0.62695312
v -0.45117188 0.73242188 0.62695312
v -0.35742188 0.93554688 0.62695312
v -0.58789062 0.60351562 0.63085938
v -0.49804688 0.81445312 0.63085938
v -0.54101562 0.62695312 0.63476562
v -0.45117188 0.80273438 0.63476562
v -0.49414062 0.59960938 0.63867188
v -0.48242188 0.78710938 0.63867188
v -0.55273438 0.58398438 0.64257812
v -0.52539062 0.59179688 0.64257812
v -0.50976562 0.86523438 0.64257812
v -0.45898438 0.83007812 0.64257812
v -0.60351562 0.64648438 0.64648438
v -0.48242188 0.81445312 0.64648438
v -0.46679688 0.79492188 0.64648438
v -0.46289062 0.88867188 0.64648438
v -0.50585938 0.92773438 0.65039062
v -0.57617188 0.59960938 0.65429688
v -0.49023438 0.86523438 0.66210938
v -0.55664062 0.60742188 0.66601562
v -0.60351562 0.70117188 0.66992188
v -0.59179688 0.63867188 0.66992188
v -0.55664062 0.65820312 0.66992188
v -0.51367188 0.92382812 0.66992188
v -0.59570312 0.75976562 0.68164062
v -0.57226562 0.64648438 0.68164062
v -0.49804688 0.92382812 0.68164062
v -0.48242188 0.92382812 0.68164062
v -0.60742188 0.74414062 0.68554688
v -0.49414062 0.98242188 0.68554688
v -0.49804688 0.99804688 0.69726562
v -0.57617188 0.81835938 0.72070312
v -0.59179688 0.82617188 0.72460938
v -0.59570312 0.81445312 0.73632812
v -0.56835938 0.87304688 0.75585938
v -0.57226562 0.87695312 0.75976562
f 845 11 12
f 13 843 16
f 13 16 15
f 11 13 15
f 11 12 11
f 11 11 15
f 11 12 846
f 18 16 15
f 17 18 15
f 11 17 15
f 11 15 11
f 846 11 11
f 12 16 11
f 12 13 16
f 11 16 15
f 844 16 14
f 16 11 14
f 842 16 16
f 16 842 840
f 16 18 16
f 16 15 18
f 15 14 18
f 842 841 840
f 17 843 14
f 843 11 14
f 843 11 13
f 11 12 13
f 843 16 11
f 16 11 17
f 11 14 17
f 16 17 843
f 16 841 17
f 841 14 17
f 18 841 14
f 14 17 18
f 21 20 838
f 23 25 26
f 23 833 25
f 22 833 24
f 833 23 24
f 24 26 24
f 24 25 26
f 24 834 24
f 25 24 833
f 23 24 26
f 835 834 24
f 26 831 25
f 22 831 832
f 22 25 831
f 834 24 835
f 26 832 22
f 833 835 24
f 24 22 22
f 24 22 833
f 832 26 831
f 22 26 22
f 832 22 26
f 22 25 26
f 26 831 832
f 28 828 27
f 817 819 29
f 820 30 817
f 29 31 820
f 29 820 817
f 817 819 31
f 819 29 31
f 32 817 36
f 32 29 817
f 817 36 820
f 36 32 820
f 32 31 820
f 38 37 484
f 36 37 34
f 37 38 34
f 34 36 37
f 484 38 34
f 37 484 34
f 850 41 43
f 41 849 43
f 43 812 41
f 41 43 812
f 813 811 44
f 64 57 74
f 55 1 64
f 87 783 783
f 1 64 64
f 74 75 75
f 64 64 46
f 64 1 57
f 783 87 774
f 75 74 57
f 46 64 805
f 55 57 1
f 808 45 805
f 807 808 807
f 46 805 805
f 808 807 45
f 45 42 807
f 814 40 42
f 42 807 42
f 40 42 42
f 45 807 807
f 58 75 57
f 74 75 58
f 74 55 75
f 58 75 55
f 56 55 74
f 76 87 75
f 87 76 783
f 75 76 75
f 783 783 87
f 805 45 805
f 46 45 805
f 46 808 45
f 53 47 61
f 47 51 61
f 53 48 61
f 53 47 48
f 90 50 88
f 88 99 130
f 88 130 90
f 54 81 48
f 54 83 81
f 54 61 83
f 53 51 61
f 53 48 51
f 81 52 53
f 81 48 52
f 83 61 53
f 83 54 61
f 83 54 53
f 83 51 54
f 51 53 47
f 51 54 53
f 47 48 51
f 58 74 55
f 58 75 74
f 57 74 55
f 76 64 55
f 74 76 55
f 74 57 58
f 74 64 57
f 77 60 62
f 60 59 62
f 83 51 54
f 54 61 53
f 54 53 83
f 61 83 51
f 52 54 61
f 51 52 61
f 793 792 47
f 793 61 792
f 51 54 53
f 51 52 54
f 48 51 53
f 48 53 81
f 54 61 53
f 59 77 60
f 59 62 77
f 123 97 66
f 97 98 66
f 63 66 67
f 66 98 67
f 75 76 57
f 87 76 783
f 87 57 76
f 76 58 75
f 76 64 58
f 64 57 58
f 78 67 66
f 67 65 73
f 67 73 785
f 67 785 66
f 67 68 65
f 760 113 111
f 775 84 85
f 68 73 66
f 97 98 67
f 73 85 84
f 66 73 785
f 68 69 73
f 68 66 67
f 67 66 97
f 69 66 73
f 69 66 66
f 68 73 73
f 69 66 66
f 69 66 78
f 84 69 78
f 84 78 111
f 111 84 111
f 111 111 760
f 73 84 73
f 84 66 73
f 65 84 68
f 84 78 68
f 73 78 84
f 66 96 67
f 68 69 66
f 67 68 66
f 70 66 96
f 70 63 66
f 63 70 67
f 97 70 96
f 99 90 50
f 90 71 50
f 50 88 99
f 69 73 68
f 73 85 68
f 84 78 95
f 84 69 78
f 69 72 78
f 78 72 73
f 78 111 72
f 58 74 783
f 58 75 74
f 87 774 783
f 114 87 87
f 87 76 87
f 57 58 75
f 74 76 75
f 76 57 75
f 57 76 87
f 87 114 774
f 67 66 78
f 67 63 66
f 89 89 88
f 88 71 50
f 88 50 89
f 765 89 99
f 765 89 89
f 99 130 765
f 84 73 85
f 85 68 84
f 111 95 85
f 78 85 72
f 85 95 72
f 65 84 78
f 84 72 78
f 68 78 85
f 68 65 78
f 82 53 81
f 82 776 53
f 53 83 81
f 82 53 81
f 777 82 776
f 53 83 81
f 777 53 82
f 777 82 776
f 777 82 777
f 777 777 53
f 793 61 47
f 83 82 777
f 83 777 61
f 61 83 61
f 61 61 53
f 61 53 47
f 83 82 53
f 82 776 53
f 83 81 82
f 85 69 72
f 85 68 69
f 85 775 68
f 775 84 73
f 84 72 73
f 73 84 72
f 111 84 85
f 84 73 85
f 72 85 84
f 72 73 78
f 84 85 111
f 78 85 72
f 782 773 86
f 86 779 782
f 123 745 131
f 122 745 108
f 122 108 79
f 123 108 745
f 79 121 122
f 99 130 90
f 89 99 90
f 71 50 89
f 89 90 71
f 88 130 2
f 89 88 2
f 744 2 130
f 744 765 2
f 765 89 2
f 765 50 89
f 139 130 143
f 136 130 139
f 136 89 130
f 744 136 135
f 50 136 744
f 89 136 50
f 744 765 50
f 768 91 92
f 91 100 92
f 110 100 3
f 100 93 3
f 118 3 124
f 115 119 115
f 110 3 118
f 119 115 103
f 107 93 102
f 119 3 93
f 119 115 3
f 3 115 124
f 115 115 119
f 104 103 115
f 93 103 102
f 104 102 103
f 104 100 102
f 98 96 766
f 98 66 96
f 123 98 66
f 123 97 98
f 99 744 765
f 88 99 765
f 88 765 89
f 99 130 744
f 89 99 744
f 130 744 130
f 89 88 99
f 130 135 130
f 130 744 99
f 130 136 135
f 130 143 136
f 130 744 143
f 115 124 4
f 101 110 4
f 4 124 92
f 92 101 4
f 110 115 4
f 101 102 92
f 100 92 110
f 92 102 110
f 100 92 102
f 102 110 100
f 124 103 110
f 124 102 103
f 105 115 772
f 784 781 106
f 79 122 108
f 122 745 108
f 131 109 745
f 121 109 123
f 109 131 123
f 102 110 124
f 102 755 110
f 110 115 124
f 118 103 110
f 757 110 115
f 757 118 110
f 110 102 755
f 110 101 102
f 92 110 124
f 92 101 110
f 124 92 102
f 102 768 124
f 113 111 760
f 110 124 103
f 124 118 103
f 117 116 119
f 93 116 753
f 93 119 116
f 757 749 115
f 757 118 125
f 757 125 749
f 125 127 115
f 118 126 125
f 115 118 125
f 749 119 125
f 119 115 125
f 122 745 121
f 123 121 131
f 121 745 131
f 121 109 122
f 126 115 124
f 127 126 749
f 127 115 126
f 115 126 749
f 118 126 124
f 126 115 124
f 125 127 115
f 115 118 125
f 118 126 124
f 126 127 124
f 118 128 124
f 127 128 126
f 128 118 126
f 738 125 128
f 738 126 125
f 738 127 132
f 738 125 127
f 738 126 128
f 126 749 128
f 749 127 128
f 128 132 738
f 738 126 128
f 126 125 128
f 738 126 132
f 128 132 127
f 132 126 127
f 748 746 129
f 748 143 746
f 130 130 744
f 130 744 135
f 50 88 130
f 751 139 136
f 50 130 130
f 135 744 135
f 136 135 135
f 136 135 137
f 136 137 751
f 135 744 137
f 143 135 744
f 139 130 143
f 139 135 130
f 128 738 737
f 128 132 738
f 738 743 737
f 125 128 738
f 738 743 125
f 751 139 136
f 136 758 751
f 135 130 136
f 744 758 130
f 751 138 139
f 138 137 139
f 758 136 130
f 137 751 136
f 751 139 136
f 744 137 751
f 744 758 137
f 138 137 139
f 137 854 139
f 128 738 743
f 128 132 738
f 743 737 128
f 751 139 137
f 139 138 137
f 739 141 740
f 152 153 150
f 142 153 730
f 142 150 153
f 146 145 154
f 146 741 145
f 159 149 160
f 160 147 159
f 150 152 730
f 142 152 151
f 153 151 728
f 153 730 151
f 151 730 142
f 727 728 153
f 728 153 153
f 142 150 153
f 152 151 153
f 153 151 728
f 152 150 150
f 150 730 150
f 152 153 150
f 153 153 150
f 729 153 151
f 150 151 153
f 153 730 150
f 710 732 729
f 729 710 729
f 729 729 710
f 710 157 732
f 156 710 708
f 156 729 710
f 158 134 858
f 158 133 134
f 149 159 159
f 147 149 731
f 735 159 159
f 735 159 856
f 147 159 149
f 731 160 147
f 147 149 160
f 149 731 160
f 163 726 161
f 162 726 712
f 162 161 726
f 161 164 162
f 161 163 164
f 163 712 164
f 702 163 713
f 702 169 163
f 713 702 163
f 163 163 163
f 702 163 163
f 162 163 726
f 163 713 163
f 163 163 161
f 162 726 712
f 161 163 162
f 163 712 164
f 712 163 163
f 163 713 702
f 161 163 702
f 161 163 163
f 702 169 161
f 166 722 167
f 722 721 167
f 167 165 166
f 166 168 165
f 168 721 165
f 163 712 164
f 162 161 163
f 164 162 163
f 700 189 171
f 177 699 172
f 172 173 177
f 174 175 705
f 178 179 198
f 179 187 198
f 187 693 198
f 178 179 177
f 179 693 177
f 179 187 693
f 180 200 181
f 200 862 181
f 685 684 683
f 181 200 862
f 683 180 685
f 181 180 180
f 181 180 200
f 180 685 180
f 201 185 184
f 188 195 201
f 184 188 201
f 184 188 185
f 188 694 185
f 195 201 184
f 195 217 201
f 201 185 184
f 206 198 187
f 198 179 187
f 210 219 187
f 187 693 198
f 187 198 210
f 198 208 210
f 198 179 693
f 179 187 693
f 184 188 217
f 217 185 184
f 679 189 215
f 213 214 215
f 189 213 215
f 685 684 180
f 684 683 180
f 186 191 697
f 691 692 194
f 692 193 194
f 185 217 201
f 185 188 217
f 195 217 236
f 236 182 195
f 196 197 203
f 197 205 251
f 197 251 252
f 197 252 204
f 197 204 203
f 202 205 204
f 202 197 205
f 199 237 188
f 199 227 237
f 180 862 181
f 180 200 862
f 237 217 226
f 225 217 188
f 217 237 188
f 201 184 188
f 217 188 225
f 217 201 188
f 203 205 204
f 202 203 204
f 205 252 204
f 205 203 197
f 204 202 203
f 205 203 197
f 205 204 203
f 204 197 205
f 202 203 196
f 202 196 197
f 204 202 197
f 250 270 205
f 252 250 205
f 252 205 251
f 250 245 270
f 208 210 219
f 207 208 221
f 208 216 221
f 219 216 208
f 198 208 187
f 208 219 187
f 207 210 212
f 210 216 212
f 207 231 221
f 207 216 231
f 192 207 688
f 219 212 207
f 207 212 218
f 192 207 207
f 216 212 219
f 207 219 207
f 213 214 189
f 679 189 215
f 189 214 215
f 215 214 690
f 215 679 213
f 215 213 214
f 231 219 233
f 207 221 218
f 219 221 210
f 219 231 221
f 221 207 210
f 236 188 227
f 188 195 227
f 236 694 217
f 236 188 694
f 219 216 210
f 231 210 233
f 210 216 233
f 231 221 210
f 210 219 216
f 210 216 231
f 231 234 220
f 220 233 231
f 235 216 234
f 232 234 222
f 234 216 222
f 238 223 682
f 238 676 223
f 195 227 244
f 195 217 227
f 227 236 244
f 228 229 217
f 228 242 229
f 217 236 237
f 225 217 188
f 217 237 188
f 230 237 217
f 237 188 217
f 188 225 217
f 237 195 242
f 195 217 242
f 217 226 225
f 226 237 225
f 237 188 227
f 188 199 227
f 188 195 199
f 226 230 225
f 230 237 225
f 217 228 188
f 228 237 188
f 229 230 237
f 229 217 226
f 229 226 230
f 234 216 233
f 233 231 234
f 232 235 222
f 232 234 235
f 234 235 233
f 235 216 233
f 235 233 234
f 222 233 220
f 233 235 220
f 235 216 233
f 244 199 227
f 227 236 244
f 244 217 236
f 236 237 244
f 303 227 261
f 227 236 261
f 236 263 261
f 244 195 227
f 195 199 227
f 244 217 227
f 244 195 217
f 217 227 195
f 227 244 195
f 255 261 237
f 261 236 237
f 682 238 223
f 238 676 223
f 241 681 868
f 242 256 249
f 242 255 256
f 257 668 245
f 257 205 252
f 257 252 668
f 265 666 255
f 265 243 666
f 279 649 248
f 244 649 656
f 244 248 649
f 244 261 236
f 244 263 261
f 243 261 303
f 303 261 265
f 236 243 227
f 243 303 227
f 244 261 243
f 247 660 239
f 274 248 279
f 248 274 253
f 274 302 253
f 274 649 302
f 315 313 262
f 253 279 244
f 253 254 279
f 254 262 279
f 262 313 278
f 262 278 248
f 278 313 639
f 248 279 262
f 249 242 255
f 242 237 255
f 255 256 249
f 252 257 251
f 257 245 270
f 257 252 668
f 257 668 245
f 250 245 257
f 252 250 257
f 252 257 205
f 205 251 252
f 252 245 205
f 245 257 205
f 285 257 281
f 285 245 257
f 257 271 281
f 252 257 205
f 252 270 257
f 252 270 205
f 205 251 252
f 279 649 244
f 244 254 279
f 666 255 243
f 304 305 261
f 265 243 255
f 304 261 255
f 266 304 255
f 261 265 255
f 261 236 255
f 236 243 255
f 255 237 244
f 303 255 261
f 303 242 255
f 255 242 237
f 265 237 260
f 237 255 260
f 260 256 265
f 270 257 284
f 285 245 270
f 284 285 270
f 290 258 257
f 254 279 248
f 279 278 248
f 279 262 278
f 244 303 237
f 256 303 260
f 303 244 260
f 303 227 256
f 227 244 256
f 265 304 256
f 260 256 255
f 237 255 304
f 255 256 304
f 303 244 265
f 260 244 263
f 260 265 244
f 244 255 256
f 256 265 243
f 256 243 244
f 261 265 260
f 303 244 263
f 263 260 303
f 260 265 303
f 279 262 639
f 262 313 639
f 639 278 279
f 237 263 303
f 237 244 263
f 263 265 303
f 263 260 227
f 260 265 227
f 255 265 237
f 255 260 265
f 304 260 256
f 304 244 260
f 261 265 244
f 244 260 261
f 264 304 294
f 256 255 260
f 256 308 255
f 308 256 294
f 304 308 294
f 307 255 308
f 308 255 256
f 264 306 308
f 256 294 264
f 256 264 308
f 261 304 263
f 304 244 263
f 637 254 265
f 255 261 265
f 308 307 255
f 265 308 255
f 265 303 308
f 304 255 294
f 237 244 255
f 304 237 255
f 255 256 294
f 255 659 304
f 255 266 659
f 318 322 267
f 330 322 321
f 322 318 321
f 318 319 321
f 268 322 267
f 268 320 322
f 271 647 270
f 271 646 647
f 284 287 283
f 284 285 287
f 287 257 283
f 287 277 298
f 287 286 270
f 287 270 277
f 281 277 271
f 281 298 277
f 245 277 285
f 277 281 285
f 245 270 277
f 272 289 636
f 297 288 272
f 636 297 272
f 273 295 636
f 273 272 295
f 649 656 274
f 279 274 253
f 244 253 656
f 253 274 656
f 253 254 279
f 313 323 313
f 323 262 313
f 279 313 253
f 279 313 313
f 262 265 254
f 265 637 254
f 277 298 275
f 281 298 283
f 298 277 283
f 281 270 276
f 270 281 286
f 283 281 276
f 281 284 286
f 271 298 277
f 275 276 277
f 298 275 277
f 271 283 298
f 645 277 281
f 287 300 281
f 283 287 281
f 281 277 283
f 283 298 287
f 276 646 275
f 276 277 646
f 277 281 646
f 313 279 315
f 313 278 279
f 279 262 315
f 302 279 649
f 313 253 254
f 313 254 279
f 302 313 279
f 313 253 302
f 253 254 302
f 254 279 302
f 286 297 289
f 297 290 272
f 280 289 272
f 289 297 272
f 276 281 275
f 276 271 281
f 313 314 292
f 6 649 5
f 656 6 7
f 279 7 313
f 313 639 279
f 314 282 292
f 313 292 313
f 313 302 292
f 325 610 302
f 7 6 5
f 259 6 656
f 313 302 313
f 639 278 279
f 279 656 7
f 649 259 254
f 314 282 292
f 313 7 302
f 649 302 5
f 325 617 610
f 302 7 5
f 302 610 292
f 313 313 279
f 292 611 314
f 248 262 279
f 279 313 639
f 292 313 313
f 292 313 610
f 313 323 610
f 248 279 278
f 279 262 313
f 259 649 6
f 611 292 610
f 646 271 281
f 646 276 271
f 646 270 276
f 298 287 281
f 271 287 257
f 271 281 287
f 271 283 281
f 276 283 298
f 283 281 298
f 245 283 285
f 245 257 283
f 276 277 298
f 277 271 298
f 300 626 299
f 286 300 299
f 286 299 271
f 271 298 286
f 286 281 285
f 283 281 271
f 281 286 271
f 284 280 283
f 284 285 280
f 280 286 283
f 287 271 284
f 287 257 271
f 283 287 277
f 287 286 277
f 286 277 284
f 277 283 284
f 284 287 286
f 300 626 271
f 271 285 286
f 271 286 300
f 271 281 285
f 300 285 287
f 300 309 285
f 281 284 277
f 284 287 277
f 296 289 286
f 296 285 280
f 296 280 289
f 285 287 286
f 286 296 285
f 288 290 272
f 272 289 288
f 289 290 280
f 297 289 636
f 297 290 289
f 297 288 636
f 289 636 272
f 272 636 288
f 290 272 288
f 272 289 297
f 272 280 289
f 288 295 297
f 288 290 295
f 290 272 295
f 285 289 286
f 286 296 285
f 875 872 293
f 875 675 872
f 256 264 308
f 308 255 256
f 296 309 285
f 289 295 296
f 285 289 296
f 295 285 289
f 309 285 296
f 285 295 296
f 283 285 300
f 285 286 300
f 285 287 286
f 286 300 289
f 300 309 289
f 285 287 286
f 284 285 286
f 281 284 271
f 284 286 277
f 284 277 271
f 299 283 286
f 283 298 286
f 287 300 281
f 283 300 626
f 283 281 300
f 281 287 283
f 287 300 283
f 296 626 271
f 286 296 271
f 283 281 287
f 296 309 626
f 271 283 287
f 271 287 286
f 286 626 271
f 271 298 287
f 271 287 286
f 298 286 626
f 271 283 298
f 298 626 299
f 271 298 299
f 298 626 283
f 298 300 626
f 626 283 287
f 283 298 287
f 271 286 299
f 271 285 286
f 286 626 299
f 285 287 286
f 291 301 632
f 292 610 302
f 292 325 610
f 256 304 255
f 304 307 255
f 304 624 307
f 255 305 307
f 305 624 307
f 304 255 265
f 304 305 255
f 261 265 624
f 265 304 624
f 260 261 265
f 307 255 304
f 307 304 624
f 304 255 260
f 265 304 260
f 307 256 265
f 305 623 307
f 265 305 307
f 265 304 305
f 294 307 256
f 306 294 264
f 306 307 294
f 306 308 307
f 261 303 307
f 261 265 303
f 264 304 294
f 256 294 308
f 294 304 308
f 309 626 316
f 623 307 306
f 615 648 307
f 307 307 648
f 306 307 324
f 623 307 307
f 617 313 325
f 617 302 313
f 302 292 313
f 610 302 325
f 302 313 325
f 325 617 610
f 315 292 325
f 325 610 315
f 314 610 611
f 314 617 610
f 610 315 292
f 292 313 610
f 610 302 325
f 313 302 292
f 313 325 302
f 314 617 292
f 617 610 292
f 322 319 330
f 318 319 268
f 319 322 268
f 335 319 330
f 335 268 319
f 267 268 322
f 320 268 318
f 268 330 322
f 330 268 320
f 330 320 321
f 319 320 268
f 320 321 268
f 268 318 319
f 322 321 330
f 322 601 321
f 322 335 601
f 269 267 319
f 322 605 321
f 330 322 321
f 605 335 321
f 335 321 321
f 268 319 321
f 268 319 319
f 321 335 268
f 318 319 319
f 334 601 321
f 321 321 334
f 322 334 321
f 267 318 319
f 323 610 326
f 610 302 314
f 302 313 314
f 622 324 312
f 622 641 324
f 876 317 312
f 312 876 312
f 312 312 324
f 616 607 327
f 612 613 877
f 613 329 877
f 268 320 335
f 335 320 322
f 319 320 268
f 320 321 322
f 337 331 332
f 322 335 321
f 335 601 321
f 332 604 333
f 332 603 604
f 335 602 321
f 321 334 335
f 322 334 321
f 602 321 335
f 321 334 335
f 336 341 340
f 341 353 340
f 598 597 337
f 347 348 339
f 348 338 339
f 339 339 350
f 8 339 346
f 595 339 350
f 8 338 339
f 350 339 339
f 338 346 359
f 359 348 338
f 339 339 8
f 339 339 339
f 372 339 350
f 346 338 8
f 595 342 339
f 339 350 360
f 595 338 339
f 595 339 339
f 339 347 350
f 350 372 360
f 339 347 339
f 353 336 341
f 353 340 336
f 341 353 352
f 353 600 352
f 346 347 359
f 359 338 346
f 339 346 596
f 359 596 347
f 596 346 347
f 345 350 354
f 345 347 350
f 345 354 343
f 361 354 350
f 359 348 346
f 354 343 348
f 346 348 345
f 348 343 345
f 348 343 344
f 343 359 344
f 345 347 348
f 348 354 345
f 354 345 346
f 359 346 347
f 359 344 346
f 346 344 354
f 348 350 359
f 338 339 350
f 350 348 338
f 339 346 350
f 359 343 345
f 354 359 348
f 354 343 359
f 339 347 360
f 347 593 360
f 363 600 352
f 363 353 600
f 355 353 352
f 353 600 352
f 355 363 353
f 360 361 350
f 361 347 350
f 369 346 368
f 359 361 368
f 359 346 350
f 359 368 346
f 347 354 346
f 361 354 359
f 354 347 359
f 346 347 593
f 593 360 368
f 593 368 346
f 360 361 368
f 364 586 355
f 586 585 355
f 569 364 386
f 569 356 364
f 373 357 366
f 366 368 373
f 369 365 366
f 369 358 365
f 358 360 365
f 359 361 346
f 361 369 346
f 366 360 365
f 358 360 350
f 360 366 350
f 368 346 361
f 347 350 372
f 347 372 361
f 346 347 361
f 369 350 365
f 350 358 365
f 369 360 365
f 369 350 360
f 363 586 355
f 363 364 586
f 586 585 355
f 364 585 363
f 364 586 585
f 366 367 360
f 367 584 373
f 584 367 370
f 360 367 372
f 373 372 367
f 361 369 360
f 369 584 360
f 368 373 372
f 368 369 373
f 372 361 368
f 584 373 368
f 365 366 360
f 366 368 373
f 372 360 366
f 372 366 373
f 373 366 370
f 366 373 357
f 584 373 370
f 370 371 584
f 371 360 366
f 371 373 360
f 360 368 373
f 360 361 368
f 368 370 373
f 370 584 373
f 366 368 373
f 368 584 373
f 373 372 366
f 372 365 366
f 373 357 368
f 370 371 373
f 368 370 373
f 367 357 366
f 367 368 357
f 366 370 360
f 370 584 360
f 373 370 584
f 365 368 369
f 370 373 365
f 370 365 369
f 365 373 372
f 369 370 368
f 365 370 371
f 365 368 370
f 371 373 365
f 367 369 373
f 367 368 369
f 366 368 373
f 369 370 373
f 368 369 373
f 584 366 369
f 584 373 366
f 374 583 351
f 583 578 351
f 377 581 376
f 581 375 376
f 575 376 576
f 376 375 376
f 375 376 376
f 575 375 376
f 375 362 380
f 377 581 575
f 362 376 377
f 362 377 575
f 362 575 380
f 380 376 576
f 380 375 376
f 576 575 380
f 375 362 376
f 375 362 380
f 362 575 380
f 362 575 375
f 362 376 377
f 362 377 575
f 578 396 583
f 396 378 583
f 574 381 377
f 574 379 381
f 574 384 377
f 381 384 383
f 381 377 384
f 384 383 382
f 383 381 382
f 381 574 570
f 574 384 570
f 384 381 377
f 384 383 381
f 570 381 384
f 381 377 384
f 364 385 387
f 385 388 387
f 364 386 479
f 364 385 386
f 387 386 356
f 386 388 356
f 364 388 479
f 364 386 388
f 386 387 364
f 364 385 386
f 386 569 387
f 569 356 364
f 364 385 388
f 364 388 569
f 356 387 364
f 388 394 385
f 569 388 479
f 569 394 388
f 569 387 479
f 364 385 387
f 388 479 387
f 385 388 387
f 385 386 388
f 364 386 479
f 479 569 364
f 559 557 391
f 557 389 391
f 389 390 571
f 402 571 390
f 391 392 402
f 402 390 391
f 571 389 391
f 391 402 571
f 403 402 395
f 571 403 393
f 403 571 402
f 389 390 391
f 402 401 395
f 391 393 402
f 402 571 389
f 402 389 391
f 558 391 557
f 391 392 557
f 558 400 391
f 403 391 393
f 393 400 403
f 395 391 401
f 402 391 393
f 402 401 391
f 570 883 384
f 569 385 386
f 569 394 385
f 561 398 384
f 398 397 384
f 397 384 398
f 384 561 398
f 403 402 401
f 403 392 402
f 403 392 395
f 392 402 395
f 395 403 9
f 401 395 9
f 9 403 393
f 393 402 9
f 402 401 9
f 403 391 400
f 391 392 400
f 403 391 393
f 393 402 403
f 391 559 400
f 559 557 400
f 400 403 391
f 408 404 550
f 407 405 560
f 416 419 407
f 419 417 407
f 407 414 416
f 411 409 412
f 409 425 412
f 409 542 425
f 413 415 426
f 542 425 426
f 415 542 426
f 426 411 413
f 413 417 418
f 413 540 417
f 418 539 418
f 413 540 418
f 417 418 539
f 418 418 413
f 417 414 548
f 425 413 415
f 418 413 417
f 413 425 417
f 437 530 419
f 530 447 419
f 420 428 421
f 420 427 428
f 424 426 415
f 424 417 426
f 424 425 417
f 426 415 417
f 415 424 417
f 440 457 441
f 438 420 427
f 439 438 438
f 441 438 440
f 438 441 438
f 438 427 439
f 458 443 457
f 457 440 457
f 420 441 533
f 458 507 443
f 458 456 443
f 507 457 443
f 457 441 440
f 438 440 441
f 440 443 507
f 502 456 461
f 443 457 440
f 457 457 440
f 443 457 458
f 457 443 440
f 443 458 507
f 461 505 459
f 459 505 502
f 428 438 420
f 420 438 441
f 461 505 461
f 461 461 456
f 458 461 456
f 428 441 438
f 428 429 438
f 443 428 521
f 428 438 521
f 429 443 428
f 429 438 440
f 429 440 443
f 526 534 430
f 534 435 430
f 431 433 434
f 430 435 430
f 431 430 430
f 431 430 433
f 433 431 433
f 433 433 527
f 433 527 448
f 448 433 527
f 434 431 430
f 434 430 535
f 430 532 519
f 532 433 433
f 433 433 527
f 430 430 532
f 531 518 517
f 430 433 532
f 535 430 430
f 519 430 519
f 519 519 518
f 531 519 518
f 430 434 519
f 430 433 434
f 420 441 436
f 436 533 420
f 438 443 443
f 443 443 443
f 443 459 505
f 508 502 511
f 438 428 441
f 438 443 428
f 443 505 443
f 459 461 505
f 461 456 458
f 438 438 439
f 458 443 443
f 439 438 521
f 428 438 438
f 461 502 456
f 511 502 502
f 458 456 443
f 502 502 461
f 521 429 439
f 521 429 429
f 444 429 522
f 429 429 522
f 438 443 439
f 443 429 439
f 441 507 457
f 507 440 457
f 457 441 443
f 441 438 443
f 451 446 512
f 446 445 512
f 447 437 530
f 447 419 437
f 449 506 450
f 506 462 450
f 453 452 510
f 452 893 510
f 460 461 458
f 457 458 443
f 458 505 443
f 461 505 458
f 459 505 456
f 459 461 505
f 507 443 458
f 443 457 458
f 458 461 507
f 505 502 461
f 502 459 461
f 460 461 443
f 461 456 443
f 443 457 460
f 461 507 456
f 457 456 443
f 456 461 505
f 456 457 458
f 460 461 458
f 461 456 458
f 469 463 468
f 468 495 494
f 468 494 469
f 464 504 465
f 464 471 504
f 471 466 504
f 465 466 468
f 465 464 466
f 466 472 468
f 474 468 469
f 468 491 469
f 474 472 468
f 465 463 468
f 465 469 463
f 485 476 476
f 485 472 476
f 477 476 486
f 476 476 486
f 487 476 475
f 476 486 477
f 476 485 486
f 469 463 468
f 463 529 468
f 468 491 469
f 897 465 464
f 468 465 472
f 465 897 472
f 466 504 464
f 464 471 466
f 496 492 895
f 492 896 895
f 473 898 497
f 898 493 497
f 498 467 497
f 498 499 467
f 466 504 465
f 465 464 466
f 443 502 456
f 505 502 459
f 502 443 459
f 456 458 507
f 460 461 507
f 458 460 507
f 512 513 514
f 462 449 506
f 462 450 449
f 451 445 512
f 451 446 445
f 446 512 451
f 446 445 512
f 507 440 441
f 440 457 441
f 440 443 457
f 443 438 521
f 443 439 438
f 444 429 522
f 430 433 519
f 433 532 519
f 892 525 524
f 525 890 524
f 430 434 519
f 430 535 434
f 438 428 439
f 439 428 429
f 420 427 428
f 420 428 438
f 428 441 427
f 441 438 427
f 438 428 429
f 438 427 428
f 421 420 427
f 427 428 421
f 434 519 535
f 519 430 535
f 410 407 414
f 415 542 411
f 542 412 411
f 407 405 560
f 567 566 404
f 567 550 566
f 395 391 568
f 391 402 568
f 390 402 571
f 392 403 391
f 392 401 403
f 403 391 402
f 395 402 401
f 395 403 402
f 559 557 391
f 557 400 391
f 391 392 400
f 391 400 391
f 391 391 392
f 559 557 400
f 557 558 400
f 384 561 397
f 561 398 397
f 397 377 383
f 570 377 397
f 377 574 379
f 383 377 379
f 397 384 570
f 392 571 391
f 392 402 571
f 388 479 569
f 356 387 388
f 569 356 388
f 387 364 388
f 392 390 391
f 392 571 390
f 571 391 402
f 571 389 391
f 390 391 389
f 391 559 389
f 570 377 384
f 386 387 385
f 386 388 387
f 364 386 356
f 386 388 356
f 581 575 377
f 575 375 377
f 378 583 374
f 578 351 374
f 583 578 374
f 371 584 373
f 373 360 361
f 368 370 373
f 368 373 361
f 373 370 371
f 370 366 368
f 370 365 366
f 370 373 365
f 365 373 360
f 365 369 373
f 366 368 372
f 369 584 373
f 368 369 373
f 368 373 372
f 366 360 365
f 369 370 373
f 360 366 369
f 373 360 369
f 366 360 365
f 370 360 369
f 360 366 369
f 369 370 361
f 370 360 361
f 372 361 350
f 369 361 368
f 369 350 361
f 584 366 368
f 584 372 366
f 365 368 372
f 584 368 370
f 584 372 368
f 369 584 366
f 584 365 366
f 584 372 365
f 372 367 584
f 360 367 372
f 584 367 371
f 360 366 367
f 366 367 372
f 350 367 368
f 350 372 367
f 364 585 363
f 364 586 585
f 585 355 363
f 360 368 350
f 368 369 350
f 369 350 360
f 350 372 360
f 360 368 369
f 360 365 368
f 357 369 350
f 357 368 369
f 369 346 350
f 369 360 361
f 369 372 360
f 369 360 361
f 369 350 372
f 369 372 360
f 373 360 369
f 373 372 360
f 359 369 346
f 346 350 359
f 368 358 366
f 368 350 358
f 358 360 366
f 365 350 360
f 365 368 350
f 350 372 360
f 352 356 364
f 356 387 364
f 340 363 353
f 355 363 352
f 363 340 352
f 369 357 366
f 369 350 357
f 354 345 361
f 346 361 345
f 346 359 361
f 346 347 359
f 360 339 358
f 339 347 350
f 339 350 358
f 347 350 347
f 339 347 593
f 595 342 347
f 347 347 593
f 595 347 350
f 350 343 347
f 348 343 359
f 343 350 359
f 378 351 374
f 378 594 351
f 349 594 599
f 346 350 359
f 359 339 346
f 359 338 346
f 346 350 359
f 347 359 339
f 359 596 339
f 339 359 338
f 339 346 359
f 354 345 359
f 359 344 348
f 359 348 354
f 347 345 346
f 347 348 345
f 344 354 345
f 354 343 345
f 344 348 354
f 597 337 598
f 337 331 332
f 332 337 332
f 332 332 618
f 332 618 331
f 337 332 337
f 337 337 598
f 334 602 322
f 334 601 602
f 602 321 322
f 602 335 601
f 602 322 335
f 322 334 335
f 334 602 321
f 334 601 602
f 334 335 601
f 606 327 607
f 327 616 607
f 307 614 308
f 306 614 264
f 306 308 614
f 304 614 264
f 304 623 614
f 306 623 614
f 615 614 623
f 615 623 307
f 614 264 306
f 256 264 308
f 308 307 256
f 330 268 318
f 321 330 320
f 330 318 320
f 322 268 321
f 319 268 318
f 319 321 268
f 268 319 267
f 322 319 320
f 322 267 319
f 319 320 318
f 268 320 322
f 268 318 320
f 313 610 315
f 313 325 610
f 620 662 619
f 620 621 662
f 256 307 255
f 308 307 304
f 307 256 304
f 304 305 261
f 624 307 261
f 305 624 261
f 265 624 256
f 624 307 256
f 637 651 265
f 328 638 311
f 281 626 299
f 642 297 309
f 626 642 309
f 281 642 626
f 299 283 281
f 642 286 297
f 299 271 283
f 300 626 283
f 281 298 283
f 283 626 271
f 283 298 300
f 298 286 300
f 284 626 281
f 284 286 626
f 628 629 630
f 309 285 295
f 295 296 309
f 284 286 300
f 284 285 286
f 300 283 284
f 303 308 261
f 308 255 261
f 261 265 303
f 256 264 255
f 308 255 304
f 255 264 304
f 244 659 304
f 659 264 304
f 244 255 659
f 320 268 319
f 320 267 268
f 292 278 302
f 292 313 278
f 291 301 632
f 633 643 634
f 634 635 633
f 280 297 272
f 280 636 297
f 272 295 273
f 272 289 295
f 295 636 273
f 270 285 286
f 270 290 285
f 271 286 270
f 271 285 287
f 271 287 286
f 270 277 271
f 271 286 277
f 287 286 285
f 286 271 285
f 271 284 285
f 277 284 287
f 277 271 284
f 281 287 277
f 281 285 287
f 287 283 284
f 287 277 283
f 287 257 298
f 257 271 298
f 281 270 257
f 257 271 281
f 281 286 270
f 281 298 286
f 298 275 283
f 277 271 283
f 275 277 283
f 282 313 639
f 313 649 639
f 278 279 313
f 649 313 274
f 313 279 274
f 278 292 639
f 292 278 302
f 278 279 302
f 278 248 279
f 640 650 874
f 271 642 286
f 271 281 642
f 289 286 280
f 286 290 285
f 286 285 280
f 257 286 270
f 257 285 286
f 257 290 285
f 271 645 277
f 271 281 645
f 248 649 253
f 274 254 279
f 248 254 649
f 649 302 253
f 254 274 649
f 290 286 297
f 290 285 286
f 285 289 286
f 281 286 277
f 286 285 289
f 286 281 284
f 286 284 285
f 283 642 271
f 283 645 642
f 283 281 645
f 276 281 646
f 281 276 283
f 275 276 646
f 276 277 283
f 284 285 270
f 270 276 281
f 270 281 284
f 276 271 281
f 271 270 257
f 271 281 270
f 281 646 270
f 270 283 285
f 270 276 283
f 276 277 283
f 281 647 276
f 281 646 647
f 283 647 271
f 647 275 271
f 646 647 276
f 276 283 281
f 276 281 646
f 270 284 245
f 270 283 284
f 270 271 283
f 270 283 647
f 277 283 276
f 283 270 276
f 275 283 647
f 271 283 276
f 283 275 276
f 302 279 649
f 302 313 279
f 313 639 279
f 265 253 254
f 254 253 248
f 304 244 253
f 304 253 265
f 271 284 285
f 285 270 271
f 257 290 270
f 290 285 270
f 284 245 277
f 245 270 277
f 319 267 318
f 319 269 267
f 304 305 264
f 261 236 255
f 659 264 305
f 266 659 305
f 255 266 305
f 255 305 261
f 236 237 255
f 237 244 265
f 265 255 237
f 244 262 265
f 256 237 260
f 237 255 260
f 256 304 237
f 265 307 255
f 244 253 262
f 253 254 262
f 265 304 307
f 304 237 261
f 237 260 261
f 255 249 304
f 249 294 304
f 304 255 261
f 304 237 255
f 261 303 263
f 261 265 303
f 237 303 227
f 237 256 303
f 237 260 256
f 265 227 261
f 227 237 261
f 261 303 244
f 260 244 255
f 260 261 244
f 237 265 227
f 263 260 244
f 260 237 244
f 260 265 237
f 254 262 265
f 227 244 254
f 265 227 254
f 244 260 237
f 260 261 236
f 260 236 237
f 261 227 236
f 318 267 268
f 318 269 267
f 652 653 654
f 275 276 647
f 271 646 647
f 276 271 647
f 277 271 646
f 646 275 277
f 646 647 275
f 276 277 270
f 655 646 270
f 277 655 270
f 242 237 256
f 256 303 242
f 237 255 256
f 255 303 244
f 255 256 265
f 255 265 303
f 237 303 242
f 237 244 303
f 217 228 673
f 261 237 255
f 237 673 228
f 227 237 303
f 237 261 303
f 237 237 228
f 237 255 237
f 303 244 261
f 303 237 244
f 303 244 255
f 255 260 303
f 270 277 271
f 271 646 270
f 277 647 270
f 277 655 647
f 277 655 270
f 655 647 270
f 277 646 275
f 277 655 646
f 254 279 649
f 649 244 254
f 253 248 254
f 262 253 279
f 253 254 279
f 279 656 244
f 254 279 253
f 279 244 253
f 658 667 669
f 658 264 873
f 658 873 667
f 264 2272 873
f 668 257 251
f 270 257 245
f 251 252 668
f 257 668 245
f 250 245 251
f 245 257 251
f 227 236 260
f 236 237 260
f 260 261 227
f 262 253 279
f 262 244 253
f 260 261 227
f 227 263 260
f 303 244 261
f 303 227 244
f 255 236 244
f 236 243 244
f 244 236 237
f 244 195 236
f 227 237 217
f 237 673 217
f 217 230 237
f 237 673 217
f 235 222 233
f 235 220 222
f 220 222 235
f 222 232 235
f 679 213 205
f 228 242 237
f 237 229 217
f 237 217 228
f 210 216 233
f 231 221 210
f 233 231 210
f 221 219 233
f 219 216 233
f 221 210 219
f 232 198 222
f 220 232 678
f 220 222 232
f 678 198 220
f 232 198 222
f 232 678 198
f 232 198 222
f 236 217 227
f 236 183 217
f 236 195 199
f 236 188 195
f 236 217 227
f 236 188 217
f 231 221 216
f 221 207 216
f 679 214 215
f 213 214 189
f 214 679 189
f 189 2605 215
f 189 213 2605
f 212 221 218
f 218 216 212
f 207 219 187
f 210 219 208
f 219 207 208
f 219 208 210
f 219 209 207
f 219 207 208
f 210 187 208
f 187 198 208
f 187 206 198
f 210 212 221
f 221 207 210
f 218 210 212
f 218 207 210
f 196 197 203
f 197 252 203
f 252 204 203
f 226 188 225
f 225 217 226
f 188 185 184
f 188 195 217
f 188 217 226
f 188 201 185
f 188 184 195
f 683 180 200
f 200 684 683
f 195 199 188
f 199 185 188
f 184 195 217
f 184 188 195
f 185 686 199
f 177 179 693
f 179 187 693
f 198 178 206
f 178 187 206
f 179 693 178
f 693 198 178
f 217 695 195
f 217 185 695
f 695 188 185
f 201 188 195
f 201 185 188
f 695 188 185
f 188 694 185
f 195 201 183
f 201 182 183
f 695 217 185
f 694 217 188
f 217 695 188
f 695 195 201
f 695 188 195
f 195 182 183
f 195 201 182
f 203 196 204
f 196 176 204
f 171 700 189
f 707 710 709
f 710 708 709
f 708 156 710
f 163 726 162
f 726 712 162
f 712 164 162
f 166 721 167
f 722 721 166
f 165 166 167
f 166 168 722
f 732 710 157
f 732 729 710
f 165 722 167
f 165 166 722
f 142 150 151
f 728 153 142
f 151 728 142
f 142 150 153
f 152 151 153
f 150 152 153
f 153 150 151
f 153 730 150
f 168 722 721
f 167 166 168
f 721 167 168
f 145 144 741
f 144 146 741
f 144 736 146
f 722 165 168
f 722 167 165
f 152 151 150
f 151 142 150
f 151 730 142
f 145 736 146
f 145 144 736
f 750 142 140
f 142 140 750
f 143 129 748
f 143 746 129
f 118 126 128
f 126 125 128
f 129 748 746
f 748 143 746
f 127 115 124
f 124 749 127
f 109 131 123
f 109 745 131
f 121 109 131
f 109 122 131
f 745 123 122
f 123 109 122
f 118 126 749
f 757 118 749
f 125 749 126
f 115 749 119
f 115 757 749
f 115 102 119
f 102 103 119
f 93 94 753
f 94 116 753
f 110 100 92
f 92 102 755
f 92 755 110
f 755 124 102
f 123 121 745
f 121 122 745
f 745 123 121
f 123 108 121
f 788 123 79
f 123 108 79
f 121 781 79
f 139 138 137
f 93 103 115
f 93 102 103
f 115 104 93
f 110 115 102
f 115 104 764
f 115 110 115
f 764 115 115
f 744 88 99
f 89 88 765
f 88 744 765
f 96 766 66
f 766 98 66
f 119 102 103
f 100 102 104
f 102 119 104
f 103 119 102
f 93 102 100
f 102 119 100
f 102 768 93
f 100 768 91
f 100 93 768
f 100 768 91
f 100 92 768
f 101 768 100
f 101 102 768
f 101 102 100
f 102 104 100
f 130 88 99
f 130 765 88
f 90 50 130
f 50 88 130
f 779 782 86
f 782 773 86
f 72 775 68
f 72 85 775
f 69 72 84
f 72 68 84
f 775 72 85
f 775 84 72
f 775 68 84
f 777 791 776
f 777 53 791
f 773 779 782
f 773 86 779
f 78 111 72
f 111 95 72
f 95 84 72
f 84 66 95
f 66 78 95
f 787 779 786
f 108 79 788
f 108 79 79
f 79 789 79
f 789 121 63
f 789 79 121
f 783 75 76
f 783 87 58
f 783 58 75
f 75 74 76
f 74 76 58
f 76 87 58
f 87 57 58
f 78 85 73
f 85 84 73
f 84 96 68
f 84 66 96
f 123 63 788
f 123 67 63
f 123 97 67
f 97 70 67
f 97 66 96
f 97 67 66
f 63 97 70
f 63 66 97
f 78 85 73
f 84 69 72
f 72 73 85
f 84 72 85
f 68 84 85
f 73 78 68
f 69 68 84
f 73 68 69
f 73 69 66
f 67 68 78
f 68 69 78
f 73 69 66
f 73 78 69
f 73 67 72
f 67 69 72
f 66 73 67
f 73 78 67
f 67 69 66
f 69 65 84
f 69 67 65
f 69 73 67
f 775 68 85
f 68 69 85
f 69 73 85
f 70 67 10
f 123 70 10
f 10 67 69
f 69 66 10
f 66 123 10
f 58 74 64
f 74 76 64
f 788 70 63
f 788 123 70
f 66 123 68
f 123 67 68
f 123 70 67
f 68 767 67
f 767 98 67
f 68 66 767
f 68 65 66
f 53 81 54
f 83 51 61
f 54 51 52
f 54 53 48
f 54 48 51
f 77 60 62
f 60 59 62
f 57 75 55
f 75 74 55
f 74 57 75
f 74 55 57
f 47 61 792
f 47 48 61
f 793 61 47
f 61 792 47
f 47 48 792
f 48 51 792
f 802 815 801
f 815 800 801
f 812 41 43
f 42 814 40
f 36 33 34
f 36 484 33
f 36 37 484
f 34 37 33
f 37 484 33
f 821 36 32
f 821 820 36
f 819 826 817
f 826 818 817
f 824 33 825
f 24 22 26
f 26 23 24
f 22 834 24
f 22 835 834
f 25 24 833
f 835 836 833
f 833 836 833
f 24 833 833
f 25 23 24
f 22 833 23
f 23 24 22
f 14 17 16
f 17 18 16
f 16 11 843
f 11 17 843
f 16 11 14
f 14 18 16
f 11 12 15
f 11 12 846
f 21 20 838
f 837 19 839
f 821 820 32
f 46 807 805
f 807 45 805
f 813 811 44
f 815 800 802
f 800 801 802
f 802 800 801
f 802 815 800
f 779 786 787
f 769 771 770
f 121 781 79
f 145 154 146
f 146 741 145
f 707 708 709
f 707 710 708
f 174 175 705
f 175 861 705
f 697 186 191
f 210 216 221
f 216 212 221
f 683 685 684
f 682 676 223
f 682 238 676
f 629 630 628
f 662 619 621
f 619 620 621
f 620 621 619
f 621 662 619
f 638 311 328
f 594 599 349
f 511 508 502
f 476 485 477
f 485 486 477
f 794 796 797
f 810 806 809
f 837 19 839
f 4026 847 4027
f 847 4025 4027
f 847 4026 845
f 4026 4027 4024
f 4025 4024 4027
f 845 4026 4023
f 4023 4026 4024
f 4025 847 11
f 845 847 11
f 15 845 11
f 11 845 13
f 11 15 14
f 4024 4025 846
f 4024 846 4023
f 11 846 4025
f 845 12 847
f 4023 12 845
f 11 847 12
f 11 845 12
f 15 12 845
f 11 15 12
f 12 13 845
f 12 11 13
f 12 4023 846
f 12 11 846
f 14 15 844
f 14 11 17
f 14 11 18
f 17 11 18
f 17 14 18
f 13 11 843
f 14 11 843
f 12 11 843
f 13 12 843
f 17 11 843
f 17 14 843
f 846 4020 11
f 4019 4021 4022
f 4019 4022 4018
f 844 4017 14
f 846 12 4016
f 4016 4020 846
f 11 15 16
f 13 11 16
f 14 11 16
f 14 15 16
f 12 11 16
f 12 15 16
f 13 12 16
f 844 15 16
f 844 14 16
f 17 11 16
f 17 14 16
f 18 11 16
f 18 14 16
f 18 17 16
f 843 11 16
f 843 13 16
f 843 14 16
f 843 12 16
f 843 17 16
f 4016 12 16
f 4021 4015 4022
f 4018 4022 4015
f 4017 844 4014
f 16 4014 844
f 18 14 4013
f 4017 4013 14
f 17 11 4012
f 4020 4012 11
f 4014 4011 4017
f 4018 4010 4019
f 4015 4010 4018
f 4020 4016 842
f 16 842 4016
f 4012 4020 842
f 4013 4017 4009
f 4011 4009 4017
f 4015 4021 4008
f 4021 4019 4007
f 4014 16 840
f 842 16 840
f 4013 4004 18
f 4010 4003 4019
f 4003 4007 4019
f 4003 4010 4005
f 4006 4003 4005
f 4010 4015 4002
f 4008 4002 4015
f 4005 4010 4002
f 4011 4014 4001
f 4009 4011 4000
f 4001 4000 4011
f 17 14 841
f 18 14 841
f 18 17 841
f 16 14 841
f 16 17 841
f 16 18 841
f 4012 841 17
f 842 16 841
f 842 841 4012
f 840 16 841
f 840 841 842
f 4005 3999 4006
f 4006 3997 4003
f 840 3996 4014
f 4001 4014 3996
f 4002 3995 4005
f 3999 4005 3995
f 4009 3994 4013
f 4004 4013 3994
f 3999 3992 4006
f 3997 4006 3992
f 4007 3990 4021
f 4007 4003 3989
f 3997 3989 4003
f 3990 4007 3989
f 4002 4008 3988
f 3995 4002 3988
f 4000 3987 4009
f 3994 4009 3987
f 3991 3998 3985
f 4008 4021 3984
f 3990 3984 4021
f 3984 3988 4008
f 3995 3983 3999
f 3992 3999 3981
f 3983 3981 3999
f 3982 3992 3981
f 3994 3980 4004
f 3979 3993 20
f 3979 20 3986
f 3985 3978 3991
f 3978 3982 3991
f 3992 3977 3997
f 3989 3997 3976
f 3977 3976 3997
f 3988 3975 3995
f 3988 3984 3975
f 3983 3995 3975
f 4000 4001 3974
f 3987 4000 3974
f 3987 3974 3994
f 3974 3980 3994
f 4004 19 18
f 841 18 19
f 841 19 840
f 3996 840 19
f 19 4004 3980
f 3989 3973 3990
f 3984 3990 3973
f 3976 3973 3989
f 3975 3984 3973
f 3998 4001 3972
f 3996 3972 4001
f 3985 3998 3972
f 3979 3986 3971
f 3982 3969 3992
f 3982 3978 3969
f 3977 3992 3969
f 3975 3968 3983
f 3973 3976 3968
f 3973 3968 3975
f 3970 3983 3968
f 3998 3967 4001
f 3991 3967 3998
f 3974 4001 3967
f 3968 3966 3970
f 3982 3965 3991
f 3965 3967 3991
f 3980 3974 839
f 19 841 839
f 3980 839 19
f 3967 839 3974
f 19 3964 3996
f 3972 3996 3964
f 3979 3963 3993
f 3971 3963 3979
f 3978 3985 3961
f 3976 3977 3960
f 3968 3976 3960
f 3981 3983 3959
f 3969 3978 3958
f 3957 3978 3961
f 3958 3978 3957
f 20 3993 838
f 3962 838 20
f 3972 3956 3985
f 3961 3985 3956
f 3962 20 21
f 838 20 21
f 838 3962 21
f 3957 3955 3958
f 3969 3954 3977
f 3960 3977 3954
f 3966 3968 3953
f 3960 3953 3968
f 3967 3965 3952
f 839 3967 3952
f 19 837 841
f 839 841 837
f 839 19 837
f 3964 19 837
f 3964 837 3972
f 3956 3972 837
f 3952 837 839
f 3963 3951 3993
f 838 3993 3951
f 3961 3950 3957
f 3950 3961 3949
f 3970 3948 3983
f 3959 3983 3948
f 3963 3971 3947
f 20 3946 3986
f 21 3946 20
f 3966 3945 3970
f 3953 3945 3966
f 3944 3948 3970
f 3945 3944 3970
f 3981 3943 3982
f 3965 3982 3943
f 3959 3943 3981
f 3943 3959 3948
f 3955 3957 3942
f 3950 3942 3957
f 3958 3941 3969
f 3954 3969 3941
f 3949 3961 3940
f 21 838 3939
f 3949 3938 3950
f 3940 3937 3949
f 3938 3949 3937
f 3954 3936 3960
f 3953 3960 3936
f 3952 3965 3935
f 3943 3935 3965
f 3971 3986 3934
f 3946 3934 3986
f 3946 21 3933
f 3934 3946 3933
f 3948 3944 3932
f 3944 3945 3932
f 837 3931 3956
f 837 3952 3931
f 3935 3931 3952
f 3956 3930 3961
f 3940 3961 3930
f 3931 3930 3956
f 3945 3953 3929
f 3936 3929 3953
f 3932 3945 3929
f 3951 3928 838
f 3939 838 3928
f 3951 3963 3927
f 3947 3927 3963
f 3947 3971 3926
f 3934 3926 3971
f 3955 3925 3958
f 3942 3925 3955
f 3941 3958 3925
f 3937 3940 3924
f 3948 3923 3943
f 3932 3923 3948
f 3939 3922 21
f 3933 21 3922
f 3925 3942 3921
f 3937 3920 3938
f 3921 3938 3920
f 3928 3919 3939
f 3918 3922 3939
f 3941 3917 3954
f 3936 3954 3917
f 3929 3936 3917
f 3929 3916 3932
f 3923 3932 3916
f 3917 3916 3929
f 3935 3943 3915
f 3923 3915 3943
f 3933 3914 3934
f 3926 3934 3914
f 3924 3913 3937
f 3920 3937 3913
f 3927 3947 3912
f 3926 3912 3947
f 3912 3926 3914
f 3931 3935 3911
f 3930 3931 3911
f 3915 3911 3935
f 3919 3910 3939
f 3918 3939 3910
f 3921 835 3925
f 3930 3909 3940
f 3924 3940 3909
f 3916 3908 3923
f 3916 3917 3908
f 3915 3923 3908
f 3920 3906 3921
f 3922 3918 3905
f 3913 3904 3920
f 3925 3903 3941
f 3917 3941 3903
f 3903 3908 3917
f 3913 3924 3902
f 3902 3924 3909
f 3942 3950 23
f 3938 23 3950
f 3921 3942 23
f 3921 23 3938
f 3911 23 3930
f 23 3909 3930
f 3910 3901 3918
f 3907 3918 3901
f 3928 3951 3900
f 3927 3900 3951
f 3907 3899 3918
f 3905 3918 3899
f 3911 3915 3898
f 3908 3898 3915
f 3908 3903 3898
f 23 3911 3898
f 3906 3920 3897
f 3904 3897 3920
f 3922 3896 3933
f 3914 3933 3896
f 3905 3896 3922
f 835 3921 836
f 3906 836 3921
f 835 3895 3925
f 3903 3925 3895
f 3898 3903 3895
f 3898 3895 23
f 3919 3928 3894
f 3910 3919 3894
f 3900 3894 3928
f 3897 3904 3893
f 835 832 3907
f 3899 3907 832
f 832 835 22
f 3909 23 833
f 836 835 833
f 22 835 833
f 22 23 833
f 3904 3913 3892
f 3902 3892 3913
f 3912 3891 3927
f 3914 3891 3912
f 3900 3927 3891
f 3896 3891 3914
f 835 3907 834
f 836 834 835
f 836 835 24
f 3895 835 24
f 3895 24 23
f 24 835 22
f 24 23 22
f 24 835 833
f 24 23 833
f 24 836 833
f 22 24 833
f 834 835 24
f 834 836 24
f 3909 3890 3902
f 833 3890 3909
f 3896 3905 3889
f 3891 3896 3889
f 836 3906 3888
f 833 836 3888
f 3901 3910 3887
f 3894 3887 3910
f 3901 3886 3907
f 834 3907 3886
f 3887 3886 3901
f 3899 3885 3905
f 832 3885 3899
f 3889 3905 3885
f 3893 3884 3897
f 3897 3883 3906
f 3888 3906 3883
f 3884 3883 3897
f 3890 833 3882
f 3888 3882 833
f 22 23 25
f 833 23 25
f 833 836 25
f 833 22 25
f 24 23 25
f 24 25 836
f 22 24 25
f 833 24 25
f 3894 3900 3881
f 3891 3881 3900
f 3889 3881 3891
f 3892 3880 3904
f 3892 3902 3879
f 3890 3879 3902
f 22 23 26
f 22 832 26
f 24 23 26
f 22 24 26
f 24 834 26
f 3886 26 834
f 25 23 26
f 25 22 26
f 25 24 26
f 3893 3904 3876
f 3884 3893 3876
f 3880 3876 3904
f 3875 3878 3877
f 3875 3874 3878
f 3887 3894 3873
f 3881 3873 3894
f 3874 3872 3878
f 22 832 831
f 3886 3887 831
f 3885 832 831
f 3885 831 3889
f 25 22 831
f 3881 3889 831
f 26 832 831
f 26 22 831
f 26 3886 831
f 26 25 831
f 3873 831 3887
f 3873 3881 831
f 3877 3878 3870
f 3870 3878 3869
f 3883 3868 3888
f 3882 3888 3868
f 3872 3867 3878
f 3882 3866 3890
f 3879 3890 3866
f 3868 3866 3882
f 3877 3865 3875
f 3871 3874 3864
f 3883 3884 3863
f 3868 3883 3863
f 3869 3878 3862
f 3867 3862 3878
f 3871 27 3874
f 3876 3861 3884
f 3861 3863 3884
f 3880 3892 3860
f 3879 3859 3892
f 3860 3892 3859
f 3874 3875 3858
f 3864 3874 3858
f 3870 3857 3877
f 3865 3877 3857
f 3864 3856 3871
f 3872 3874 3855
f 3865 3854 3875
f 3858 3875 3854
f 27 3871 829
f 3856 829 3871
f 3869 3853 3870
f 3861 3876 3852
f 3862 3851 3869
f 3853 3869 3851
f 3856 3864 3850
f 3876 3880 830
f 3860 830 3880
f 27 28 3874
f 3855 3874 28
f 829 28 27
f 830 3855 28
f 3866 3868 3849
f 3863 3849 3868
f 3866 3848 3879
f 3859 3879 3848
f 3849 3848 3866
f 3857 3870 3847
f 3853 3847 3870
f 3851 3862 3846
f 3858 3845 3864
f 3850 3864 3845
f 3857 3844 3865
f 3854 3865 3844
f 829 3856 3843
f 3850 3843 3856
f 3863 3861 3842
f 3852 3842 3861
f 3849 3863 3842
f 3847 3841 3857
f 3844 3857 3841
f 3862 3867 3840
f 3846 3862 3840
f 3859 3839 3860
f 3848 3839 3859
f 3845 3838 3850
f 3843 3850 3838
f 3854 3837 3858
f 3845 3858 3837
f 3844 3837 3854
f 829 27 828
f 3852 3876 828
f 830 828 3876
f 28 27 828
f 28 829 828
f 28 828 830
f 3843 828 829
f 3851 3836 3853
f 3846 3836 3851
f 830 3860 827
f 3839 827 3860
f 828 830 827
f 3867 3872 3835
f 3855 3835 3872
f 3840 3867 3835
f 3848 3849 3834
f 3842 3834 3849
f 3839 3848 3834
f 3841 3847 825
f 3847 3853 3833
f 3836 3833 3853
f 825 3847 3833
f 28 27 819
f 828 819 27
f 828 28 819
f 828 3832 830
f 827 830 3832
f 827 3832 828
f 3837 3844 3831
f 3841 824 3844
f 825 824 3841
f 3831 3844 824
f 3840 3830 3846
f 3836 3846 3830
f 3838 3845 3829
f 3837 3829 3845
f 3838 3828 3843
f 828 3843 3828
f 3829 3828 3838
f 3842 3852 826
f 828 826 3852
f 3834 3842 826
f 819 826 828
f 3835 3827 3840
f 824 825 823
f 822 821 32
f 827 3839 818
f 3834 818 3839
f 826 818 3834
f 826 819 818
f 3830 3840 3826
f 3827 3826 3840
f 819 828 3825
f 3828 3825 828
f 830 30 3855
f 827 30 830
f 3835 3855 30
f 3833 3824 825
f 3827 3835 3823
f 821 822 3823
f 3831 3822 3837
f 824 825 33
f 823 825 33
f 823 33 824
f 822 32 33
f 3824 33 825
f 32 819 31
f 821 32 31
f 3826 3827 3821
f 3823 3821 3827
f 824 3820 3831
f 3822 3831 3820
f 3820 824 33
f 32 29 819
f 3825 29 819
f 29 819 31
f 29 32 31
f 3833 3836 3819
f 821 32 820
f 30 820 3835
f 3823 3835 820
f 3823 820 821
f 31 820 821
f 31 32 820
f 31 30 820
f 818 3818 827
f 30 827 3818
f 3829 3837 3817
f 3822 3817 3837
f 3826 3816 3830
f 826 819 817
f 818 819 817
f 818 826 817
f 31 819 817
f 31 817 30
f 29 819 817
f 31 29 817
f 820 30 817
f 820 31 817
f 3818 818 817
f 3818 817 30
f 3823 822 34
f 33 822 34
f 3821 3815 3826
f 3821 3823 3815
f 3816 3826 3815
f 34 3815 3823
f 3828 3829 3814
f 3825 3828 3814
f 29 3825 3814
f 3817 3814 3829
f 33 823 35
f 33 3824 35
f 33 35 3820
f 3824 3833 3813
f 3819 3813 3833
f 33 32 36
f 31 32 36
f 29 32 36
f 31 29 36
f 820 32 36
f 820 31 36
f 817 31 36
f 817 29 36
f 817 820 36
f 34 33 36
f 3814 36 29
f 3830 3812 3836
f 3819 3836 3812
f 3816 3812 3830
f 3817 3822 3811
f 3813 3819 848
f 3815 3810 3816
f 3812 3816 3810
f 3820 3809 3822
f 3811 3822 3809
f 33 37 822
f 34 822 37
f 34 33 37
f 3815 34 37
f 35 33 37
f 36 33 37
f 36 34 37
f 37 3810 3815
f 35 3808 3820
f 3809 3820 3808
f 3812 3807 3819
f 848 3819 3807
f 3811 1037 3817
f 1036 3817 1037
f 848 3806 3813
f 35 3824 3805
f 3813 3805 3824
f 37 35 3805
f 3814 3817 483
f 1036 483 3817
f 34 33 484
f 35 33 484
f 36 33 484
f 36 34 484
f 37 33 484
f 37 34 484
f 37 35 484
f 37 36 484
f 3808 35 484
f 3810 3804 3812
f 3810 37 3804
f 3805 3804 37
f 36 34 38
f 37 34 38
f 37 36 38
f 484 34 38
f 484 36 38
f 484 37 38
f 1036 1032 1037
f 1032 1036 483
f 3806 3803 3813
f 3805 3813 3803
f 3807 3812 3802
f 3804 3802 3812
f 1037 3811 1038
f 1039 1038 3811
f 3809 1040 3811
f 1039 3811 1040
f 36 3814 1034
f 483 1034 3814
f 483 1035 1032
f 1035 1034 483
f 3806 848 39
f 39 848 3801
f 3807 3800 848
f 39 848 3800
f 3797 3799 3798
f 3798 3796 3797
f 3808 1041 3809
f 484 1041 3808
f 1040 3809 1041
f 3804 3805 3795
f 3803 3795 3805
f 3802 3804 3795
f 3793 1037 1032
f 1037 3793 1038
f 484 3792 38
f 3802 3791 3807
f 3800 3807 3791
f 42 807 3794
f 808 807 42
f 39 3789 3806
f 3787 3799 3797
f 3799 3787 3788
f 814 42 3794
f 3790 814 42
f 3786 484 1041
f 484 3786 3792
f 3800 3785 39
f 3784 36 38
f 36 3784 1034
f 3799 3783 3798
f 849 41 816
f 849 816 43
f 41 816 43
f 41 849 43
f 3781 38 3792
f 3781 3792 3786
f 38 3781 3784
f 3791 3780 3800
f 3785 3800 3780
f 3783 3799 3779
f 3798 815 3796
f 815 3798 3783
f 3778 3797 3796
f 3796 3777 3778
f 41 44 43
f 3790 42 40
f 814 42 40
f 814 3790 40
f 814 3782 40
f 1034 1035 1033
f 3785 3776 39
f 3803 3806 3775
f 3789 3775 3806
f 3795 3774 3802
f 3788 3772 3773
f 3771 3794 807
f 3770 40 3782
f 43 813 44
f 3782 813 3770
f 813 44 3770
f 41 3769 849
f 1032 1031 3793
f 1035 1032 1030
f 1033 1035 1030
f 1031 1030 1032
f 3795 3803 3767
f 3775 3767 3803
f 3774 3795 3767
f 3780 3791 3766
f 3765 3799 3788
f 3799 3765 3779
f 3772 3764 3773
f 3762 808 3763
f 3770 44 3761
f 3760 3794 3771
f 41 812 816
f 43 816 812
f 43 41 812
f 41 812 44
f 43 44 812
f 3794 3759 814
f 3759 3794 3760
f 3769 3758 849
f 3758 3769 3768
f 1040 3757 1041
f 3764 3756 3773
f 3755 3773 3756
f 3754 3764 3772
f 808 42 45
f 807 42 45
f 807 808 45
f 45 42 40
f 45 40 3770
f 3797 3753 3787
f 3753 3797 3778
f 3752 3796 815
f 3796 3752 3777
f 3752 815 3761
f 44 3752 3761
f 814 3751 3782
f 3789 39 49
f 3776 49 39
f 3750 1034 3784
f 1034 3750 1033
f 3749 3788 3787
f 3788 3749 3772
f 3772 3749 3754
f 3748 1039 1038
f 43 44 811
f 813 43 811
f 813 44 811
f 43 849 3747
f 3758 3747 849
f 3782 3746 813
f 3782 3751 3746
f 1033 3745 1030
f 1033 3750 3745
f 3744 1041 3757
f 3791 3802 795
f 3774 795 3802
f 3766 3791 795
f 3742 3788 3773
f 3788 3742 3765
f 3742 3773 3755
f 3764 3741 3756
f 3756 3741 3743
f 808 805 3763
f 3761 805 3770
f 45 808 805
f 3770 805 45
f 3771 3740 3760
f 43 41 850
f 3769 41 850
f 812 850 41
f 812 43 850
f 3747 850 43
f 3768 3769 3739
f 850 3739 3769
f 850 3747 3739
f 3738 814 3759
f 814 3738 3751
f 3739 810 3768
f 3756 3737 3755
f 3756 3743 3736
f 3756 3736 3737
f 3735 3764 3754
f 3764 3735 3741
f 815 802 3761
f 805 3761 802
f 3734 3754 3749
f 3754 3734 3735
f 3733 3778 3777
f 3778 3733 3753
f 3732 1038 3793
f 1038 3732 3748
f 1039 3731 1040
f 1040 3731 3757
f 3731 1039 3748
f 44 3730 3752
f 3730 44 811
f 3729 1041 3744
f 3728 3779 3765
f 3779 3727 3783
f 3727 3779 3728
f 3768 809 3758
f 810 809 3768
f 3726 1030 3745
f 3775 3789 3725
f 49 3725 3789
f 3724 3736 3743
f 3763 3723 3762
f 3762 3722 3771
f 3722 3762 3723
f 807 808 46
f 807 46 3771
f 46 808 3762
f 46 3762 3771
f 45 808 46
f 45 807 46
f 805 808 46
f 805 45 46
f 3721 3777 3752
f 3721 3752 3730
f 3760 3720 3759
f 3719 3793 1031
f 3793 3719 3732
f 813 3718 811
f 3718 813 3746
f 811 3718 3730
f 3747 3758 806
f 3739 3747 806
f 810 3739 806
f 809 806 3758
f 809 810 806
f 3717 3745 3750
f 3745 3717 3726
f 3767 3716 3774
f 795 3774 3716
f 3715 3743 3741
f 3759 3714 3738
f 3714 3759 3720
f 3767 3775 3713
f 3725 3713 3775
f 3716 3767 3713
f 3712 3737 3736
f 3712 3736 3724
f 3743 3711 3724
f 3743 3715 3711
f 3710 3765 3742
f 3765 3710 3728
f 3709 3741 3735
f 3741 3709 3715
f 3771 3708 3740
f 3708 3771 3722
f 3749 3707 3734
f 3749 3706 3707
f 3705 3787 3753
f 3787 3705 3749
f 3749 3705 3706
f 3704 3760 3740
f 3760 3704 3720
f 3703 3753 3733
f 3753 3703 3705
f 3702 3746 3751
f 1030 1031 1029
f 1029 1030 3726
f 3757 3701 3744
f 1041 3700 3786
f 3786 3700 3781
f 3700 1041 3729
f 3755 3699 3742
f 3699 3755 3737
f 3783 800 815
f 802 800 815
f 800 3783 3727
f 1031 482 3719
f 809 804 810
f 3698 3751 3738
f 3751 3698 3702
f 3697 3726 3717
f 3726 3697 1029
f 3696 3737 3712
f 3699 3737 3696
f 3695 3724 3711
f 64 3763 805
f 802 64 805
f 3763 64 3723
f 46 805 64
f 3694 3735 3734
f 3735 3694 3709
f 3694 3734 3707
f 3777 3693 3733
f 3693 3777 3721
f 3720 3692 3714
f 3746 3691 3718
f 3691 3746 3702
f 3784 3690 3750
f 3750 3690 3717
f 3689 3784 3781
f 3689 3781 3700
f 3784 3689 3690
f 3688 3720 3704
f 3720 3688 3692
f 806 810 803
f 804 803 810
f 47 3738 3714
f 3738 47 3698
f 802 801 815
f 800 815 801
f 800 802 801
f 802 801 64
f 3730 3687 3721
f 3721 3687 3693
f 3687 3730 59
f 3686 3692 3688
f 3685 3757 3731
f 3757 3685 3701
f 806 799 809
f 804 809 799
f 799 806 803
f 799 804 803
f 793 3714 3692
f 3714 793 47
f 47 792 793
f 47 792 48
f 3776 3785 90
f 3780 3684 3785
f 90 3785 3684
f 3683 3740 3708
f 3740 3683 3704
f 3682 3707 3706
f 3681 3718 3691
f 3679 1029 3697
f 3724 3678 3712
f 3678 3724 3695
f 3711 3677 3695
f 3676 3711 3715
f 3711 3676 3677
f 3723 55 3722
f 55 3723 64
f 56 3722 55
f 3675 3706 3705
f 3706 3675 3682
f 3704 3674 3688
f 3674 3704 3683
f 3688 3673 3686
f 3673 3688 3674
f 3672 3692 3686
f 3692 3672 793
f 798 765 795
f 3680 765 798
f 49 3776 71
f 798 49 71
f 798 795 71
f 90 71 3776
f 3680 798 71
f 47 792 51
f 48 792 51
f 48 47 51
f 3766 3671 3780
f 3684 3780 3671
f 3712 3670 3696
f 3670 3712 3678
f 3742 3669 3710
f 3669 3742 3699
f 3722 3668 3708
f 3668 3722 56
f 3667 3715 3709
f 3715 3667 3676
f 3707 3666 3694
f 3665 3705 3703
f 3664 3686 3673
f 59 60 3687
f 3663 3730 3718
f 3730 3663 59
f 3663 3718 3681
f 803 804 796
f 51 48 52
f 3717 3662 3697
f 3662 3717 3690
f 3661 3695 3677
f 3728 3660 3727
f 3727 3660 800
f 1020 3748 3732
f 3733 3659 3703
f 3659 3733 3693
f 3659 3693 3687
f 3703 3659 3665
f 3658 3686 3664
f 799 797 804
f 796 804 797
f 3697 3657 3679
f 3697 3662 3657
f 3656 3728 3710
f 3656 3710 3669
f 3728 3656 3660
f 3655 3709 3694
f 3709 3655 3667
f 3655 3694 3666
f 3683 3654 3674
f 3653 3707 3682
f 3707 3653 3666
f 3674 3652 3673
f 3673 3652 3664
f 3652 3674 3654
f 1029 1031 1028
f 482 1028 1031
f 3651 1029 3679
f 1029 3651 1028
f 51 48 54
f 52 48 54
f 52 51 54
f 3671 3766 3650
f 55 64 57
f 3708 3649 3683
f 3649 3708 3668
f 3748 3648 3731
f 3731 3648 3685
f 3648 3748 1020
f 481 1028 482
f 3686 3647 3672
f 3647 3686 3658
f 765 50 795
f 71 795 50
f 71 90 50
f 803 794 799
f 796 794 803
f 797 799 794
f 797 796 794
f 47 792 61
f 793 792 61
f 793 47 61
f 48 792 61
f 48 47 61
f 51 792 61
f 51 47 61
f 51 48 61
f 54 48 61
f 54 51 61
f 67 70 63
f 3646 3682 3675
f 3682 3646 3653
f 1024 3719 482
f 1024 482 481
f 3645 3687 60
f 3687 3645 3659
f 3664 3644 3658
f 3643 3701 3685
f 765 3680 88
f 71 88 49
f 71 90 88
f 71 88 3680
f 50 90 88
f 50 765 88
f 50 71 88
f 3677 3642 3661
f 3641 3677 3676
f 3677 3641 3642
f 58 64 801
f 55 64 58
f 57 64 58
f 57 55 58
f 1022 3732 3719
f 3732 1022 1020
f 3719 1024 1022
f 60 62 59
f 3744 3640 3729
f 3640 3744 3701
f 3701 3643 3640
f 50 765 89
f 89 765 88
f 89 50 88
f 53 3698 47
f 48 47 53
f 51 47 53
f 51 48 53
f 52 48 53
f 52 51 53
f 54 48 53
f 54 51 53
f 54 52 53
f 61 47 53
f 61 48 53
f 61 51 53
f 61 54 53
f 53 54 3639
f 795 3638 3766
f 3650 3766 3638
f 3695 3637 3678
f 3637 3695 3661
f 3696 3636 3699
f 3636 3696 3670
f 55 64 74
f 56 55 74
f 56 74 3668
f 57 64 74
f 57 55 74
f 58 64 74
f 58 55 74
f 58 57 74
f 3666 3635 3655
f 481 1027 1024
f 3702 3634 3691
f 791 3702 3698
f 791 3698 53
f 3702 791 3634
f 3678 3633 3670
f 56 75 55
f 57 55 75
f 58 55 75
f 58 57 75
f 75 55 74
f 75 56 74
f 75 57 74
f 75 58 74
f 800 3632 801
f 801 3632 58
f 3631 3676 3667
f 3631 3667 3655
f 3676 3631 3641
f 3630 3683 3649
f 3683 3629 3654
f 3629 3683 3630
f 3654 3628 3652
f 3628 3654 3629
f 3627 3664 3652
f 3664 3627 3644
f 3627 3652 3628
f 3626 3666 3653
f 3666 3626 3635
f 3705 3625 3675
f 3625 3705 3665
f 3675 3625 3646
f 60 77 59
f 60 77 3645
f 62 59 77
f 62 60 77
f 3729 3624 3700
f 3624 3729 3640
f 51 83 792
f 54 51 83
f 61 792 83
f 61 51 83
f 61 54 83
f 53 51 83
f 53 54 83
f 53 61 83
f 3639 54 83
f 3639 83 53
f 3623 3679 3657
f 3679 3623 3651
f 3716 790 795
f 3638 795 790
f 3622 3661 3642
f 68 67 65
f 63 70 788
f 789 63 788
f 789 63 3620
f 3619 3658 3644
f 1028 481 1026
f 1027 1026 481
f 3691 3618 3681
f 3618 3691 3634
f 3725 49 3617
f 88 3617 49
f 54 48 81
f 61 48 81
f 61 54 81
f 53 48 81
f 53 54 81
f 53 61 81
f 83 54 81
f 83 61 81
f 83 53 81
f 3616 3660 3656
f 3616 3656 3621
f 3668 3615 3649
f 3649 3615 3630
f 3614 3655 3635
f 3655 3614 3631
f 3613 3653 3646
f 3653 3613 3626
f 3612 3665 3659
f 3612 3659 3645
f 3665 3612 3625
f 3611 3644 3627
f 50 90 99
f 50 765 99
f 88 90 99
f 88 765 99
f 88 50 99
f 89 765 99
f 89 50 99
f 88 89 99
f 88 50 3610
f 3609 1028 3651
f 3609 3651 3623
f 83 3608 53
f 3608 81 53
f 3608 83 81
f 3607 793 3672
f 3607 3672 3647
f 793 3607 61
f 3713 3725 3606
f 3713 3606 3716
f 790 3716 3606
f 3617 3606 3725
f 3605 3657 3662
f 3657 3605 3623
f 65 68 84
f 3670 3604 3636
f 3699 3603 3669
f 3603 3699 3636
f 3669 3602 3656
f 3656 3602 3621
f 3602 3669 3603
f 3601 3668 74
f 3668 3601 3615
f 3600 3685 3648
f 3685 3600 3643
f 3644 3599 3619
f 3599 3644 3611
f 3598 59 3663
f 59 3598 62
f 3658 3597 3647
f 3597 3658 3619
f 3700 3596 3689
f 3596 3700 3624
f 68 67 69
f 84 68 69
f 67 70 66
f 63 70 66
f 63 67 66
f 68 67 66
f 65 67 66
f 65 68 66
f 84 68 66
f 84 65 66
f 69 67 66
f 69 68 66
f 69 84 66
f 63 67 3594
f 3593 3646 3625
f 3646 3593 3613
f 3592 3645 77
f 3645 3592 3612
f 1026 1027 1025
f 1028 3591 1026
f 3591 1028 3609
f 3642 3589 3622
f 3595 3588 3590
f 3587 3642 3641
f 3587 3641 3631
f 3642 3587 3589
f 67 70 123
f 63 70 123
f 63 67 123
f 788 70 123
f 788 63 123
f 66 70 123
f 66 67 123
f 66 63 123
f 1027 1024 1023
f 1025 1027 1023
f 789 63 79
f 788 63 79
f 788 79 789
f 3594 79 63
f 3585 3681 3618
f 3584 3690 3689
f 3584 3689 3596
f 3690 3583 3662
f 3662 3583 3605
f 3583 3690 3584
f 3661 3582 3637
f 3582 3661 3622
f 84 68 72
f 69 68 72
f 69 84 72
f 3581 3631 3614
f 3631 3581 3587
f 57 64 76
f 58 64 76
f 58 57 76
f 74 64 76
f 74 57 76
f 74 58 76
f 75 57 76
f 75 58 76
f 74 75 76
f 74 76 3601
f 3580 800 3660
f 800 3580 3632
f 3580 3660 3616
f 3635 3579 3614
f 3578 3635 3626
f 3635 3578 3579
f 123 788 108
f 108 788 79
f 1025 3577 1023
f 1025 3586 3577
f 1020 1019 3648
f 3648 1019 3600
f 3611 3576 3599
f 3681 86 3663
f 3663 86 3598
f 3681 3585 86
f 3684 3575 90
f 797 786 796
f 3647 3574 3607
f 3574 3647 3597
f 3573 3590 3588
f 74 58 783
f 75 58 783
f 74 75 783
f 76 58 783
f 76 74 783
f 76 75 783
f 3572 3621 3602
f 3630 3571 3629
f 3610 50 3570
f 794 787 797
f 786 797 787
f 3671 3569 3684
f 3575 3684 3569
f 81 83 82
f 3568 3595 3590
f 3567 3678 3637
f 3678 3567 3633
f 68 67 73
f 65 67 73
f 65 68 73
f 84 68 73
f 84 65 73
f 69 67 73
f 69 68 73
f 69 84 73
f 66 67 73
f 66 68 73
f 66 65 73
f 66 84 73
f 66 69 73
f 73 3589 3587
f 72 68 73
f 72 84 73
f 72 69 73
f 73 3587 3581
f 3588 3565 3573
f 63 67 78
f 68 67 78
f 84 68 78
f 69 67 78
f 69 68 78
f 69 84 78
f 66 67 78
f 66 63 78
f 66 68 78
f 66 84 78
f 66 69 78
f 72 68 78
f 72 84 78
f 72 69 78
f 73 67 78
f 73 68 78
f 73 84 78
f 73 69 78
f 73 66 78
f 73 72 78
f 3603 3564 3602
f 3563 58 3632
f 3621 3562 3616
f 3616 3562 3580
f 3621 3572 3562
f 68 67 96
f 69 67 96
f 69 68 96
f 66 67 96
f 66 68 96
f 66 69 96
f 66 785 65
f 3614 785 3581
f 785 3614 3579
f 73 65 785
f 73 66 785
f 3581 785 73
f 3561 3630 3615
f 3571 3630 3561
f 67 70 97
f 66 70 97
f 66 67 97
f 123 70 97
f 123 67 97
f 123 66 97
f 96 67 97
f 96 66 97
f 3629 3559 3628
f 3559 3629 3571
f 3558 3626 3613
f 3626 3558 3578
f 3557 3612 3592
f 3612 3557 3560
f 79 80 788
f 108 788 80
f 79 108 80
f 3620 106 789
f 1026 3556 1025
f 3555 62 3598
f 71 90 3554
f 3575 3554 90
f 3610 3553 88
f 3570 3553 3610
f 3634 3552 3618
f 780 3634 791
f 780 82 81
f 3634 780 3552
f 84 68 85
f 69 68 85
f 69 84 85
f 72 68 85
f 72 84 85
f 72 69 85
f 73 68 85
f 73 84 85
f 73 69 85
f 73 72 85
f 78 68 85
f 78 84 85
f 78 69 85
f 78 72 85
f 78 73 85
f 116 3622 3589
f 3622 116 3582
f 116 3589 73
f 3595 3551 3588
f 3551 3595 3566
f 69 3550 78
f 3550 69 96
f 3549 3625 3612
f 3549 3612 3560
f 3628 3548 3627
f 3548 3628 3559
f 3547 1023 3577
f 1024 1022 1021
f 1023 1024 1021
f 3627 3546 3611
f 3546 3627 3548
f 3545 3577 3586
f 106 3620 784
f 3586 3544 3545
f 1025 3543 3586
f 3586 3543 3544
f 3542 3619 3599
f 794 796 779
f 786 779 796
f 787 794 779
f 787 786 779
f 3619 3540 3597
f 3540 3619 3542
f 3623 3539 3609
f 3609 3539 3591
f 3636 3538 3603
f 58 57 87
f 74 57 87
f 74 58 87
f 75 57 87
f 75 58 87
f 74 75 87
f 76 57 87
f 76 58 87
f 76 74 87
f 76 75 87
f 783 58 87
f 783 74 87
f 783 75 87
f 783 76 87
f 87 58 3563
f 3537 3615 3601
f 3615 3537 3561
f 3625 3536 3593
f 3536 3625 3549
f 3535 3613 3593
f 3613 3535 3558
f 3535 3593 3536
f 62 3534 77
f 77 3534 3592
f 3534 62 3555
f 3533 3599 3576
f 3542 3599 3533
f 851 3640 3643
f 3640 851 3624
f 851 3643 3600
f 851 3541 3624
f 3598 3532 3555
f 3540 3542 3531
f 3531 3530 3540
f 3618 3529 3585
f 3529 3618 3552
f 3528 3552 780
f 3552 3528 3529
f 3569 3671 746
f 3527 3595 3568
f 3595 3527 3566
f 771 3590 3573
f 3590 771 3568
f 3525 3670 3633
f 3670 3525 3604
f 3524 3636 3604
f 3636 3524 3538
f 3523 3632 3580
f 3632 3523 3563
f 3602 3522 3572
f 3522 3602 3564
f 3572 3522 3560
f 3560 3522 3549
f 1022 1020 1018
f 1019 1018 1020
f 1021 1022 1018
f 3620 63 121
f 123 63 121
f 79 63 121
f 108 123 121
f 79 108 121
f 784 3620 121
f 784 121 79
f 3611 3521 3576
f 3521 3611 3546
f 3576 3521 3533
f 88 71 3520
f 3554 3520 71
f 779 86 782
f 3519 1026 3591
f 1026 3519 3556
f 3519 3591 3539
f 3597 3518 3574
f 3518 3597 3540
f 72 84 111
f 73 84 111
f 73 72 111
f 78 84 111
f 78 72 111
f 78 73 111
f 85 84 111
f 85 72 111
f 85 73 111
f 85 78 111
f 73 753 116
f 753 73 3516
f 72 84 95
f 78 84 95
f 78 72 95
f 95 78 3550
f 111 84 95
f 111 72 95
f 111 78 95
f 3588 3515 3565
f 3515 3588 3551
f 3514 3601 76
f 3514 76 87
f 3601 3514 3537
f 3513 3562 3572
f 3513 3572 3560
f 3512 3560 3557
f 3560 3512 3513
f 79 789 781
f 80 79 781
f 106 781 789
f 784 79 781
f 784 106 781
f 121 79 781
f 121 784 781
f 3592 3511 3557
f 3511 3592 3534
f 3533 3510 3542
f 3542 3510 3531
f 3510 3533 3521
f 791 53 776
f 83 53 776
f 81 53 776
f 81 83 776
f 82 83 776
f 82 81 776
f 791 776 780
f 780 81 776
f 82 780 776
f 778 86 3585
f 787 786 778
f 86 778 779
f 779 778 786
f 779 787 778
f 3585 3517 778
f 53 61 777
f 791 53 777
f 83 61 777
f 83 53 777
f 777 61 3607
f 82 83 777
f 776 53 777
f 776 791 777
f 776 83 777
f 776 82 777
f 3509 3529 3528
f 3508 3623 3605
f 3623 3508 3539
f 3526 93 116
f 772 93 104
f 753 116 93
f 753 93 772
f 84 68 775
f 72 68 775
f 72 84 775
f 73 68 775
f 73 84 775
f 73 72 775
f 85 68 775
f 85 84 775
f 85 72 775
f 85 73 775
f 73 775 3516
f 3573 3506 771
f 3550 3505 95
f 3504 3573 3565
f 3573 3504 3506
f 783 774 76
f 87 76 774
f 87 783 774
f 96 3503 3550
f 3550 3503 3505
f 3502 1023 3547
f 1023 3502 1021
f 3579 3501 785
f 3501 3579 121
f 3577 3500 3547
f 3500 3577 3545
f 121 123 109
f 3499 3578 3558
f 3498 3531 3510
f 773 3598 86
f 779 86 773
f 3598 773 3532
f 782 86 773
f 782 779 773
f 3624 852 3596
f 3541 852 3624
f 851 3624 852
f 3541 851 852
f 3553 3570 135
f 3497 3585 3529
f 3585 3497 3517
f 3497 3529 3509
f 3517 3497 3509
f 3650 129 3671
f 746 3671 129
f 104 91 100
f 100 104 93
f 769 3568 771
f 769 3494 771
f 753 772 105
f 3566 3493 3551
f 3493 3566 3507
f 3603 3491 3564
f 3491 3603 3538
f 87 783 114
f 114 783 774
f 114 87 774
f 3488 3565 3515
f 3565 3488 3504
f 66 69 767
f 78 767 69
f 78 66 767
f 767 66 785
f 97 66 767
f 785 3501 767
f 122 3579 3578
f 121 123 122
f 121 79 122
f 3579 122 121
f 781 122 79
f 781 121 122
f 109 123 122
f 109 121 122
f 3578 3499 122
f 3557 3487 3512
f 3487 3557 3511
f 1017 3600 1019
f 3600 1017 851
f 3486 3544 3543
f 3531 3485 3530
f 3485 3531 3498
f 780 3484 3528
f 3483 778 3517
f 3483 3517 3509
f 104 102 91
f 93 104 102
f 100 91 102
f 100 104 102
f 93 100 102
f 3482 3637 3582
f 3637 3482 3567
f 3490 3481 3489
f 3480 3492 3481
f 3490 3480 3481
f 3564 3479 3522
f 3479 3564 3491
f 3561 3478 3571
f 3549 3477 3536
f 3476 3555 3532
f 3555 3476 782
f 3476 3532 773
f 782 3476 773
f 3475 3556 3519
f 50 90 130
f 50 765 130
f 88 90 130
f 88 765 130
f 88 50 130
f 89 765 130
f 89 50 130
f 88 89 130
f 99 90 130
f 99 765 130
f 99 50 130
f 99 88 130
f 99 89 130
f 3570 50 130
f 3520 130 88
f 136 88 130
f 135 3570 130
f 135 136 130
f 3474 3607 3574
f 3607 3474 777
f 3473 3540 3530
f 3540 3473 3518
f 100 91 92
f 92 91 102
f 92 100 102
f 100 91 101
f 101 91 102
f 101 100 102
f 92 91 101
f 92 100 101
f 101 92 102
f 769 771 770
f 3494 770 771
f 3494 769 770
f 3472 3580 3562
f 3472 3562 3513
f 3471 3561 3537
f 3478 3561 3471
f 97 120 96
f 123 766 66
f 96 66 766
f 120 766 96
f 1021 3470 1018
f 3469 3545 3544
f 3543 3468 3486
f 3555 3467 3534
f 3467 3555 782
f 779 3466 782
f 3466 779 778
f 3466 778 3483
f 782 3466 3467
f 3528 3465 3509
f 3465 3528 3484
f 3464 780 776
f 780 3464 3484
f 3530 3463 3473
f 1011 3605 3583
f 3605 1011 3508
f 3462 3496 3495
f 111 112 761
f 100 91 768
f 102 91 768
f 102 100 768
f 92 91 768
f 92 100 768
f 102 92 768
f 100 3461 104
f 102 764 104
f 3461 764 104
f 93 104 103
f 100 104 103
f 93 100 103
f 102 104 103
f 102 93 103
f 102 100 103
f 3568 3460 3527
f 3460 3568 769
f 3460 769 770
f 3516 119 753
f 93 104 119
f 93 753 119
f 100 104 119
f 93 100 119
f 105 119 753
f 764 119 104
f 103 104 119
f 103 93 119
f 103 100 119
f 3459 3538 3524
f 3458 3505 3503
f 3490 3457 3480
f 3456 3490 3489
f 3490 3456 3457
f 3455 3563 3523
f 3571 3454 3559
f 3454 3571 3478
f 3453 3558 3535
f 3558 3453 3499
f 3452 3544 3486
f 3544 3452 3469
f 3596 1015 3584
f 1015 3596 852
f 3451 3530 3485
f 3530 3451 3463
f 3638 3450 3650
f 129 3650 3450
f 3495 3449 3462
f 768 755 102
f 3448 85 111
f 85 3448 775
f 93 107 100
f 102 93 107
f 102 100 107
f 3526 116 94
f 93 116 94
f 93 3526 94
f 107 94 93
f 3447 111 95
f 3447 95 3505
f 3446 3633 3567
f 3633 3446 3525
f 3505 3458 3445
f 3505 3445 3447
f 3551 3441 3515
f 3441 3551 3493
f 3456 3489 3440
f 3440 3489 3442
f 3439 3537 3514
f 3537 3439 3471
f 3438 3549 3522
f 3549 3438 3477
f 3547 3437 3502
f 3437 3547 3500
f 3559 3436 3548
f 3436 3559 3454
f 66 67 98
f 3594 67 98
f 123 67 98
f 123 66 98
f 96 67 98
f 96 66 98
f 97 67 98
f 97 66 98
f 97 123 98
f 97 96 98
f 109 123 98
f 767 66 98
f 767 98 97
f 98 767 3501
f 120 96 98
f 120 97 98
f 766 66 98
f 766 123 98
f 766 96 98
f 766 120 98
f 3548 3435 3546
f 3435 3548 3436
f 3536 3434 3535
f 3434 3536 3477
f 3453 3535 3434
f 3546 3433 3521
f 3433 3546 3435
f 3521 3432 3510
f 3432 3521 3433
f 1002 1025 3556
f 1025 1002 3543
f 1002 3556 3475
f 3543 1002 3468
f 88 765 744
f 89 765 744
f 88 89 744
f 99 765 744
f 99 88 744
f 99 89 744
f 3553 744 88
f 136 744 88
f 136 744 790
f 135 744 3553
f 135 136 744
f 130 765 744
f 130 88 744
f 130 89 744
f 130 99 744
f 130 136 744
f 130 135 744
f 3509 3431 3483
f 3483 3431 3466
f 3431 3509 3465
f 3430 3574 3518
f 3574 3430 3474
f 3584 1013 3583
f 3583 1013 1011
f 1013 3584 1015
f 101 92 3429
f 102 100 110
f 92 100 110
f 102 92 110
f 101 100 110
f 102 101 110
f 101 92 110
f 3461 100 110
f 103 100 110
f 103 102 110
f 755 102 110
f 101 3428 92
f 772 104 115
f 105 772 115
f 102 104 115
f 764 104 115
f 764 102 115
f 103 104 115
f 103 102 115
f 119 104 115
f 3516 115 119
f 119 105 115
f 119 764 115
f 119 103 115
f 755 102 115
f 110 102 115
f 110 103 115
f 110 755 115
f 105 772 763
f 115 763 772
f 3516 763 115
f 115 105 763
f 3563 762 87
f 774 87 762
f 114 87 762
f 774 762 114
f 762 3563 3455
f 3425 3522 3479
f 3522 3425 3438
f 96 3424 3503
f 3424 96 120
f 3503 3424 3458
f 3422 106 784
f 106 3422 133
f 3422 784 3423
f 3534 3421 3511
f 3421 3534 3467
f 3510 3420 3498
f 3420 3510 3432
f 3519 3419 3475
f 3418 3429 92
f 3417 110 92
f 3417 92 3428
f 3429 3416 101
f 3428 101 3416
f 111 112 760
f 3496 760 3495
f 761 112 760
f 761 760 111
f 760 111 3447
f 3415 3516 775
f 3415 775 3448
f 3516 3415 763
f 3414 3447 3445
f 3445 3427 3414
f 754 771 3506
f 771 754 770
f 3444 3411 3443
f 3426 3443 3411
f 3410 3604 3525
f 3604 3410 3524
f 3408 3489 3481
f 3489 3408 3442
f 3407 3492 3480
f 3515 3406 3488
f 87 3405 3514
f 3580 3404 3523
f 3404 3580 3472
f 3523 3404 3455
f 3514 3403 3439
f 3403 3514 3405
f 3401 3513 3512
f 3401 3512 3487
f 3513 3401 3472
f 3472 3401 3404
f 3545 3400 3500
f 3400 3545 3469
f 3399 1021 3502
f 1021 3399 3470
f 1018 1019 1016
f 1017 1016 1019
f 3398 784 121
f 3423 784 3398
f 784 106 759
f 781 759 106
f 781 784 759
f 106 133 759
f 744 135 758
f 3397 3484 3464
f 3539 3396 3519
f 3396 3539 3508
f 3519 3396 3419
f 790 137 3638
f 3606 137 790
f 136 790 137
f 3450 3638 137
f 744 137 790
f 744 136 137
f 758 744 137
f 3395 3496 3462
f 115 103 757
f 107 102 3394
f 115 3394 102
f 115 119 3394
f 756 770 754
f 3413 756 754
f 752 3582 116
f 753 752 116
f 3582 752 3482
f 94 752 116
f 94 107 752
f 3394 752 107
f 3411 3393 3426
f 3391 3412 3427
f 3389 3480 3457
f 3480 3389 3407
f 79 3594 745
f 108 123 745
f 79 108 745
f 121 123 745
f 121 79 745
f 121 108 745
f 109 123 745
f 109 121 745
f 122 123 745
f 122 79 745
f 122 121 745
f 122 109 745
f 98 745 3594
f 98 123 745
f 98 745 109
f 121 745 3398
f 3511 3388 3487
f 3388 3511 3421
f 3387 3486 3468
f 3498 3386 3485
f 3485 3386 3451
f 3386 3498 3420
f 3617 88 3385
f 744 3385 88
f 3484 3384 3465
f 3465 3384 3431
f 3384 3484 3397
f 3383 3518 3473
f 3518 3383 3430
f 3496 3382 760
f 3382 761 760
f 3382 3496 3395
f 102 92 124
f 768 102 124
f 768 92 124
f 755 102 124
f 755 768 124
f 110 102 124
f 110 92 124
f 110 755 124
f 115 102 124
f 115 755 124
f 115 110 124
f 761 3381 760
f 3380 3495 760
f 3447 3380 760
f 3380 3447 3414
f 3379 3414 3427
f 3412 3379 3427
f 3414 3379 3380
f 3492 3378 3481
f 140 3506 3504
f 3506 140 754
f 140 3413 754
f 3413 140 3392
f 3504 3390 140
f 3390 3392 140
f 3374 3426 3393
f 3409 3373 3376
f 3412 3372 3409
f 3372 3412 3391
f 3371 3445 3458
f 3445 3371 3427
f 3427 3371 3391
f 3538 3370 3491
f 3370 3538 3459
f 3369 3504 3488
f 3369 3488 3406
f 3504 3369 3390
f 3491 3368 3479
f 3479 3368 3425
f 3368 3491 3370
f 3487 3366 3401
f 3487 3388 3366
f 3486 3365 3452
f 3486 3387 3365
f 852 1014 851
f 1017 851 1014
f 1015 1014 852
f 1016 1017 1014
f 3606 3617 3364
f 137 3606 3364
f 3385 3364 3617
f 3418 92 3363
f 124 3363 92
f 3428 3362 3417
f 3416 3362 3428
f 3416 3429 3361
f 3362 3416 3361
f 111 113 112
f 111 113 3448
f 760 112 113
f 760 111 113
f 113 760 3381
f 3360 3413 3392
f 3481 3359 3408
f 3359 3481 3378
f 3392 3358 3360
f 3357 114 762
f 3356 87 114
f 87 3356 3405
f 3356 114 3357
f 3355 3443 3426
f 3354 3444 3443
f 3443 3355 3354
f 3471 3353 3478
f 3352 3499 3453
f 3569 3351 3575
f 3350 3451 3386
f 3349 3473 3463
f 3473 3349 3383
f 3429 3418 3348
f 3348 3361 3429
f 3462 3347 3395
f 764 3461 118
f 110 118 3461
f 110 103 118
f 115 764 118
f 115 103 118
f 115 110 118
f 110 3417 118
f 757 103 118
f 757 115 118
f 124 110 118
f 124 115 118
f 3413 3346 756
f 3413 3360 3346
f 3444 3345 3411
f 3342 3376 3373
f 3376 3342 3343
f 753 116 117
f 93 116 117
f 93 753 117
f 119 753 117
f 119 93 117
f 3394 119 117
f 752 116 117
f 752 753 117
f 752 3394 117
f 3377 3341 3373
f 3342 3373 3341
f 3393 3340 3374
f 3340 3377 3374
f 3377 3340 3341
f 3492 3339 3378
f 3338 3392 3390
f 3392 3338 3358
f 3442 3337 3440
f 3437 3335 3367
f 3335 3402 3367
f 3334 3502 3437
f 3502 3334 3399
f 3334 3437 3367
f 3402 3334 3367
f 3334 3402 3354
f 3333 3471 3439
f 3353 3471 3333
f 3332 3469 3452
f 3469 3332 3400
f 3331 1018 3470
f 1018 3331 1016
f 3433 3330 3432
f 3432 3330 3420
f 3329 3468 1002
f 3468 3329 3387
f 3554 3575 3328
f 3328 3575 3351
f 3327 3467 3466
f 3327 3466 3431
f 3467 3327 3421
f 3327 3431 3384
f 3475 3326 1002
f 3326 3475 3419
f 1010 3508 1011
f 3508 1010 3396
f 3325 3463 3451
f 3325 3451 3350
f 3463 3325 3349
f 3363 3324 3418
f 3323 3462 3449
f 3462 3323 3347
f 115 119 125
f 125 115 763
f 118 115 125
f 3495 3322 3449
f 3322 3495 3380
f 3322 3380 3379
f 3449 3322 3323
f 770 3320 3460
f 3320 770 756
f 3319 3442 3408
f 3442 3319 3337
f 3318 3426 3374
f 3426 3318 3355
f 3440 3317 3456
f 3317 3440 3337
f 3456 3317 3336
f 3316 3458 3424
f 3458 3316 3371
f 3315 3455 3404
f 3314 3477 3438
f 3477 3314 3434
f 3313 122 3499
f 3313 3499 3352
f 776 3312 3464
f 3464 3312 3397
f 746 3311 3569
f 3351 3569 3311
f 3361 3310 3362
f 3361 3348 3310
f 757 115 126
f 124 115 126
f 118 115 126
f 118 757 126
f 118 124 126
f 126 115 125
f 126 118 125
f 3448 3309 3415
f 3309 763 3415
f 3309 3448 113
f 763 3309 125
f 115 119 749
f 115 749 755
f 124 755 749
f 124 115 749
f 118 115 749
f 118 124 749
f 119 749 117
f 125 119 749
f 125 115 749
f 125 118 749
f 126 115 749
f 126 124 749
f 126 118 749
f 125 126 749
f 3307 3444 3375
f 3444 3307 3345
f 3306 3412 3409
f 3306 3409 3376
f 3306 3376 3343
f 3305 3567 3482
f 3567 3305 3446
f 3304 3344 3321
f 3359 3303 3304
f 3303 3344 3304
f 3302 3360 3358
f 3524 3299 3459
f 3299 3524 3410
f 3377 3298 3374
f 3298 3377 3373
f 3318 3374 3298
f 3297 3407 3389
f 3296 3515 3441
f 3515 3296 3406
f 3444 3295 3375
f 3295 3444 3354
f 3402 3295 3354
f 3295 3402 3335
f 3457 3294 3389
f 3293 3457 3456
f 3293 3456 3336
f 3457 3293 3294
f 3500 3292 3437
f 3292 3500 3400
f 3437 3292 3335
f 3335 3292 3295
f 3291 3439 3403
f 3439 3291 3333
f 3290 3404 3401
f 3290 3401 3366
f 3404 3290 3315
f 3478 3289 3454
f 3289 3478 3353
f 3288 120 98
f 3434 3287 3453
f 3453 3287 3352
f 3287 3434 3314
f 123 131 67
f 121 123 131
f 121 131 3501
f 122 123 131
f 122 121 131
f 98 67 131
f 98 123 131
f 3501 131 98
f 745 123 131
f 745 121 131
f 745 122 131
f 745 98 131
f 122 3313 131
f 3286 3452 3365
f 3452 3286 3332
f 3435 3285 3433
f 3433 3285 3330
f 1016 3284 1014
f 3284 1016 3331
f 3421 3283 3388
f 3283 3421 3327
f 1007 3419 3396
f 3419 1007 3326
f 758 744 751
f 137 744 751
f 137 758 751
f 3282 776 777
f 776 3282 3312
f 3393 3280 3340
f 3411 3279 3393
f 3279 3411 3345
f 3393 3279 3280
f 3278 3492 3407
f 3492 3278 3339
f 3455 3277 762
f 762 3277 3357
f 3277 3455 3315
f 3276 3470 3399
f 3470 3276 3331
f 3436 3275 3435
f 3435 3275 3285
f 3420 3274 3386
f 3274 3420 3330
f 3520 3554 3273
f 3328 3273 3554
f 1013 1012 1015
f 1014 1015 1012
f 1012 1014 3284
f 3272 777 3474
f 3272 3474 3430
f 777 3272 3282
f 3348 3418 3271
f 3324 3271 3418
f 126 3270 124
f 3268 761 3382
f 761 3268 3381
f 3381 3268 113
f 113 3268 3309
f 3281 3321 3267
f 3412 3266 3379
f 3379 3266 3322
f 3266 3412 3306
f 3265 3346 3360
f 3264 756 3346
f 756 3264 3320
f 756 3264 3308
f 3264 3346 3265
f 3344 3263 3321
f 3321 3263 3267
f 3262 3360 3302
f 3360 3262 3265
f 3261 3344 3303
f 3344 3261 3263
f 3260 3525 3446
f 3525 3260 3410
f 3358 3259 3302
f 140 754 750
f 3258 3408 3359
f 3408 3257 3319
f 3257 3408 3258
f 3391 3256 3372
f 3255 3391 3371
f 3255 3371 3316
f 3391 3255 3256
f 3254 3390 3369
f 3390 3254 3338
f 3406 3253 3369
f 3253 3406 3296
f 3405 3252 3403
f 3403 3252 3291
f 120 3251 3424
f 3424 3251 3316
f 3251 120 3288
f 3454 3250 3436
f 3250 3454 3289
f 3275 3436 3250
f 3366 3249 3290
f 3248 3366 3388
f 3248 3388 3283
f 3366 3248 3249
f 3327 3247 3283
f 3397 3246 3384
f 3384 3246 3327
f 3246 3397 3312
f 3327 3246 3247
f 1009 3396 1010
f 3396 1009 1007
f 1013 1011 1008
f 1010 1008 1011
f 1012 1013 1008
f 1009 1008 1010
f 3311 746 3245
f 3362 3244 3417
f 3395 3243 3382
f 124 115 127
f 118 115 127
f 118 124 127
f 125 115 127
f 125 118 127
f 126 115 127
f 126 124 127
f 126 118 127
f 125 126 127
f 749 115 127
f 749 124 127
f 749 118 127
f 749 125 127
f 749 126 127
f 3375 3242 3307
f 3240 3301 3300
f 3240 3300 3259
f 3239 3319 3257
f 3238 3337 3319
f 3238 3319 3239
f 3237 3438 3425
f 3438 3237 3314
f 3236 3400 3332
f 3400 3236 3292
f 1004 1002 3326
f 3235 3365 3387
f 3234 3386 3274
f 3233 3430 3383
f 3430 3233 3272
f 3232 3383 3349
f 3383 3232 3233
f 3363 124 3231
f 3270 3231 124
f 3230 3395 3347
f 3243 3395 3230
f 3310 3229 3362
f 3244 3362 3229
f 3310 3348 3228
f 3271 3228 3348
f 3229 3310 3228
f 3321 3227 3304
f 3227 3321 3281
f 3226 3341 3340
f 3226 3340 3280
f 3241 3258 3225
f 3224 3238 3239
f 3259 3223 3240
f 3240 3223 3224
f 3222 3358 3338
f 3358 3222 3259
f 3259 3222 3223
f 3221 3405 3356
f 3220 3336 3317
f 3219 3315 3290
f 3315 3219 3277
f 3219 3290 3249
f 855 3354 3355
f 3331 3218 3284
f 3218 3331 3276
f 133 759 134
f 3330 3217 3274
f 3284 3216 1012
f 1012 3216 1008
f 3216 3284 3218
f 1002 1001 3329
f 3215 3387 3329
f 3387 3215 3235
f 3215 3329 1001
f 3386 3214 3350
f 3350 3214 3325
f 3214 3386 3234
f 129 746 748
f 3213 3349 3325
f 3349 3213 3232
f 118 3417 747
f 3244 747 3417
f 124 110 128
f 118 128 110
f 118 124 128
f 125 118 128
f 126 124 128
f 126 118 128
f 125 126 128
f 127 124 128
f 127 118 128
f 127 125 128
f 127 126 128
f 747 128 118
f 3267 3212 3281
f 3341 3211 3342
f 3211 3341 3226
f 3210 117 749
f 3302 3209 3262
f 3209 3302 3259
f 3300 3209 3259
f 3258 3208 3257
f 3208 3258 3241
f 3208 3301 3240
f 3257 3208 3239
f 3208 3240 3224
f 3208 3224 3239
f 3459 3207 3370
f 3207 3459 3299
f 3409 3206 3373
f 3205 3357 3277
f 3357 3204 3356
f 3356 3204 3221
f 3204 3357 3205
f 3203 3425 3368
f 3425 3203 3237
f 3202 3355 3318
f 3355 3202 855
f 3405 3201 3252
f 3201 3405 3221
f 3336 3200 3293
f 3200 3336 3220
f 3199 3399 3334
f 3399 3199 3276
f 3333 3198 3353
f 3365 3197 3286
f 3197 3365 3235
f 130 3520 3196
f 3273 3196 3520
f 1006 3326 1007
f 3326 1006 1004
f 3195 3325 3214
f 3325 3195 3213
f 3324 3363 3194
f 3231 3194 3363
f 3194 747 3244
f 3194 3231 747
f 3193 3309 3268
f 125 126 132
f 132 125 3309
f 127 125 132
f 127 126 132
f 128 125 132
f 128 126 132
f 128 127 132
f 132 3309 3193
f 3192 3323 3322
f 3191 749 127
f 3191 127 128
f 3210 749 3191
f 3281 3190 3227
f 3190 3281 3212
f 3343 3189 3306
f 3188 3343 3342
f 3188 3342 3211
f 3189 3343 3188
f 3187 3307 3242
f 3186 3482 752
f 3482 3186 3305
f 3225 3185 3241
f 3184 3359 3304
f 3359 3184 3258
f 3258 3184 3225
f 3185 3225 3184
f 3301 3208 3183
f 3301 3182 3300
f 3209 3300 3182
f 3182 3301 3183
f 3370 3181 3368
f 3203 3368 3181
f 3224 3180 3238
f 3180 3224 3223
f 3389 3179 3297
f 3179 3389 3294
f 3298 3178 3318
f 3202 3318 3178
f 3177 3294 3293
f 3176 3277 3219
f 3277 3176 3205
f 3354 141 3334
f 141 3354 855
f 3199 3334 141
f 3175 3333 3291
f 3198 3333 3175
f 3352 3174 3313
f 3174 3352 3287
f 3283 3173 3248
f 3173 3283 3247
f 3172 3330 3285
f 3172 3285 3275
f 3330 3172 3217
f 1009 1007 1005
f 1008 1009 1005
f 1005 1008 3216
f 1006 1005 1007
f 3271 3324 3171
f 3229 3171 3244
f 3194 3171 3324
f 3194 3244 3171
f 3228 3271 3170
f 3228 3170 3229
f 3171 3170 3271
f 3171 3229 3170
f 3169 3347 3323
f 3347 3169 3230
f 3169 3323 3192
f 3168 3322 3266
f 3322 3168 3192
f 3167 3345 3307
f 3345 3167 3279
f 3166 3265 3262
f 3165 752 117
f 3165 117 3210
f 752 3165 3186
f 3378 3164 3359
f 750 140 742
f 3163 3370 3207
f 3370 3163 3181
f 3162 3407 3297
f 3407 3162 3278
f 3161 3375 3295
f 3375 3161 3242
f 3160 3223 3222
f 3223 3160 3180
f 3373 3159 3298
f 3159 3373 3206
f 3298 3159 3178
f 3314 3158 3287
f 3158 3314 3237
f 3287 3158 3174
f 3157 3249 3248
f 3249 3157 3219
f 3219 3157 3176
f 3157 3248 3173
f 3218 1003 3216
f 1006 1004 1003
f 3216 1003 1005
f 1005 1006 1003
f 3156 3247 3246
f 3274 3155 3234
f 3234 3155 3214
f 3450 3154 129
f 748 129 3154
f 125 126 738
f 3270 126 738
f 127 125 738
f 127 126 738
f 128 125 738
f 128 126 738
f 128 127 738
f 132 125 738
f 132 126 738
f 132 127 738
f 132 128 738
f 3153 3267 3263
f 3267 3153 3212
f 3265 3152 3264
f 3151 3304 3227
f 3304 3151 3184
f 3359 3150 3303
f 3359 3164 3150
f 3149 3291 3252
f 3149 3252 3201
f 3291 3149 3175
f 3148 3332 3286
f 3332 3148 3236
f 3353 3147 3289
f 3147 3353 3198
f 3146 3398 745
f 3276 3145 3218
f 3145 3276 3199
f 1003 3218 3145
f 3398 3144 3423
f 3144 3398 3146
f 1004 1002 1000
f 1001 1000 1002
f 1003 1004 1000
f 3312 3143 3246
f 3246 3143 3156
f 135 136 143
f 129 746 143
f 130 765 143
f 130 136 143
f 130 135 143
f 744 143 765
f 744 136 143
f 744 135 143
f 744 130 143
f 758 135 143
f 758 143 744
f 3385 744 143
f 3245 746 143
f 748 746 143
f 748 129 143
f 3196 143 130
f 3142 3307 3187
f 3307 3142 3167
f 3280 3141 3226
f 3306 3140 3266
f 3140 3306 3189
f 3266 3140 3168
f 3139 3263 3261
f 3263 3139 3153
f 3138 3184 3151
f 3184 3137 3185
f 3137 3184 3138
f 3183 3135 3182
f 3135 3183 3136
f 3134 3262 3209
f 3182 3134 3209
f 3262 3134 3166
f 3134 3182 3135
f 3303 3133 3261
f 3133 3303 3150
f 3261 3133 3139
f 3241 3132 3208
f 3132 3241 3185
f 3132 3183 3208
f 3132 3185 3137
f 3183 3132 3136
f 3131 3446 3305
f 3446 3131 3260
f 3410 3130 3299
f 3130 3410 3260
f 3130 3260 3131
f 3129 3378 3339
f 3378 3129 3164
f 3128 3338 3254
f 3338 3128 3222
f 3222 3128 3160
f 3369 3127 3254
f 3127 3369 3253
f 3254 3127 3128
f 3126 3295 3292
f 3126 3292 3236
f 3295 3126 3161
f 3126 3236 3148
f 3221 3125 3201
f 3124 3293 3200
f 745 98 853
f 131 853 98
f 131 745 853
f 745 853 3146
f 3250 3123 3275
f 3275 3123 3172
f 134 133 858
f 3122 3423 3144
f 3121 3312 3282
f 3312 3121 3143
f 3120 3232 3213
f 3119 3213 3195
f 3213 3119 3120
f 3231 3270 743
f 747 3231 743
f 128 125 743
f 128 3269 743
f 128 747 743
f 132 125 743
f 132 128 743
f 738 125 743
f 738 743 3270
f 738 128 743
f 738 132 743
f 3226 3118 3211
f 3118 3226 3141
f 3117 3280 3279
f 3117 3279 3167
f 3280 3117 3141
f 3116 3308 3264
f 3116 3264 3152
f 3205 3115 3204
f 3115 3205 3176
f 3115 3176 3157
f 3114 3221 3204
f 3125 3221 3114
f 3114 3204 3115
f 3289 3112 3250
f 3112 3289 3147
f 3123 3250 3112
f 3173 3111 3157
f 3157 3111 3115
f 3115 3111 3114
f 158 133 3422
f 3423 158 3422
f 133 158 759
f 134 133 158
f 134 759 158
f 858 133 158
f 858 134 158
f 158 3423 3122
f 3110 3217 3172
f 3109 3274 3217
f 3274 3109 3155
f 3109 3217 3110
f 3110 3119 3109
f 3108 3282 3272
f 3108 3272 3233
f 3282 3108 3121
f 135 136 139
f 744 136 139
f 744 135 139
f 137 136 139
f 137 744 139
f 751 744 139
f 751 137 139
f 143 136 139
f 143 135 139
f 143 744 139
f 3214 3107 3195
f 3107 3214 3155
f 3195 3107 3119
f 3107 3155 3109
f 3107 3109 3119
f 3230 3106 3243
f 3193 3105 132
f 132 3105 738
f 3382 3104 3268
f 3104 3382 3243
f 3268 3104 3193
f 3104 3243 3106
f 3212 3102 3190
f 3102 3212 3103
f 3296 157 3253
f 3253 157 3127
f 3337 3101 3317
f 3101 3337 3238
f 3317 3101 3220
f 3220 3101 3113
f 3114 3100 3125
f 3173 3100 3111
f 3100 3114 3111
f 3099 3220 3113
f 3098 98 131
f 131 3097 3098
f 3247 3096 3173
f 3096 3247 3156
f 3173 3096 3100
f 3095 3172 3123
f 3172 3095 3110
f 1001 999 3215
f 3094 3235 3215
f 3094 3215 999
f 3093 3233 3232
f 3093 3232 3120
f 3233 3093 3108
f 137 138 3450
f 137 138 758
f 751 758 138
f 751 137 138
f 3154 3450 138
f 139 137 138
f 139 751 138
f 736 3230 3169
f 3230 736 3106
f 3091 3265 3166
f 3265 3091 3152
f 3090 3227 3190
f 3210 3089 3165
f 3088 3409 3372
f 3088 3372 3256
f 3409 3088 3206
f 3087 3237 3203
f 3237 3087 3158
f 98 3086 3288
f 98 3098 3086
f 3201 3085 3149
f 3085 3201 3125
f 3085 3125 3100
f 3100 3096 3085
f 3084 131 3313
f 3084 3313 3174
f 3097 131 3084
f 3220 3083 3200
f 3083 3220 3099
f 3081 3175 3149
f 3175 3080 3198
f 3080 3175 3081
f 3079 3286 3197
f 3286 3079 3148
f 3235 3078 3197
f 3235 3094 3078
f 3077 3120 3119
f 3110 3077 3119
f 3077 3110 3095
f 3364 3385 3076
f 143 3076 3385
f 139 3076 143
f 3074 3092 3075
f 3092 3073 3075
f 3092 3072 3073
f 128 747 737
f 132 128 737
f 738 128 737
f 738 132 737
f 743 737 747
f 743 128 737
f 743 132 737
f 743 738 737
f 3227 3071 3151
f 3151 3071 3138
f 3071 3227 3090
f 3242 3070 3187
f 3070 3242 730
f 140 142 754
f 750 754 142
f 750 140 142
f 742 140 142
f 742 142 750
f 142 3242 3161
f 3242 142 730
f 3256 3069 3088
f 3316 3068 3255
f 3067 3256 3255
f 3256 3067 3069
f 3067 3255 3068
f 3066 3238 3180
f 3238 3066 3101
f 3294 3065 3179
f 3065 3294 3177
f 3064 3316 3251
f 3316 3064 3068
f 3288 3063 3251
f 3063 3288 3086
f 3251 3063 3064
f 3198 3062 3147
f 3062 3198 3080
f 141 855 740
f 141 740 3199
f 3199 740 3145
f 3145 740 1003
f 1003 740 1000
f 740 855 3082
f 3364 854 137
f 139 137 854
f 138 854 137
f 138 139 854
f 3076 854 3364
f 3076 139 854
f 3193 3061 3105
f 3061 3193 3104
f 3060 128 737
f 3192 146 3169
f 3169 146 736
f 3059 3167 3142
f 3167 3059 3117
f 3058 3141 3117
f 3058 3117 3059
f 3057 3190 3102
f 3190 3057 3090
f 741 3192 3168
f 741 3168 3140
f 3192 741 146
f 128 3056 3191
f 3056 128 3060
f 3187 3055 3142
f 3187 3070 3055
f 3142 3055 3059
f 3138 3054 3137
f 3054 3138 3071
f 3137 3053 3132
f 3053 3137 3054
f 3052 3136 3132
f 3052 3132 3053
f 3136 3051 3135
f 3051 3136 3052
f 3050 3166 3134
f 3135 3050 3134
f 3050 3135 3051
f 3049 3305 3186
f 3305 3049 3131
f 3299 3048 3207
f 3048 3299 3130
f 3047 3339 3278
f 3047 3278 3162
f 3339 3047 3129
f 3046 3297 3179
f 3297 3046 3162
f 3045 3180 3160
f 3180 3045 3066
f 3181 3044 3203
f 3203 3044 3087
f 3293 3043 3177
f 3043 3293 3124
f 3177 3043 3065
f 855 3042 3082
f 3041 3149 3085
f 3040 134 858
f 141 739 855
f 1000 1001 739
f 999 739 1001
f 740 855 739
f 740 141 739
f 739 1000 740
f 856 3092 3074
f 743 738 148
f 148 738 3105
f 737 738 148
f 737 743 148
f 3092 735 3072
f 735 3092 856
f 3211 3039 3188
f 3039 3211 3118
f 3166 3038 3091
f 3038 3166 3050
f 142 742 150
f 142 730 150
f 3037 3160 3128
f 3160 3037 3045
f 3035 3174 3158
f 3035 3158 3087
f 3174 3035 3084
f 3200 3034 3124
f 3034 3200 3083
f 3149 3033 3081
f 3033 3149 3041
f 3147 3032 3112
f 3032 3147 3062
f 3112 3031 3123
f 3123 3031 3095
f 3095 3031 3077
f 3031 3112 3032
f 3030 3156 3143
f 3030 3143 3121
f 3156 3030 3096
f 3081 3030 3080
f 3029 3121 3108
f 3029 3108 3093
f 3080 3029 3062
f 3121 3029 3030
f 3029 3080 3030
f 3120 3028 3093
f 3028 3120 3077
f 3028 3077 3031
f 3032 3028 3031
f 3351 3027 3328
f 3075 3026 3074
f 856 3074 3025
f 3025 3074 3026
f 3024 3073 3072
f 3072 3023 3024
f 3022 3141 3058
f 3189 145 3140
f 146 736 145
f 3140 145 741
f 741 146 145
f 3021 3212 3153
f 3212 3021 3103
f 3188 3020 3189
f 3020 3188 3039
f 145 3189 3020
f 3019 3152 3091
f 3018 3153 3139
f 167 3186 3165
f 3186 167 3049
f 3017 3181 3163
f 3181 3017 3044
f 3016 3161 3126
f 3161 3016 142
f 3015 3128 3127
f 3128 3015 3037
f 3178 3014 3202
f 3014 3178 3159
f 3148 156 3126
f 156 3148 157
f 3126 156 3016
f 3013 3113 3101
f 3012 855 3202
f 855 3012 3042
f 3012 3202 3014
f 3113 3011 3099
f 3011 3113 3013
f 3010 3099 3011
f 3009 3085 3096
f 3085 3009 3041
f 3041 3009 3033
f 3096 3030 3009
f 3099 3008 3083
f 3008 3099 3010
f 740 141 3007
f 739 3007 141
f 739 740 3007
f 3062 3006 3032
f 3093 3006 3029
f 3006 3062 3029
f 3093 3028 3006
f 3028 3032 3006
f 3311 3005 3351
f 3027 3351 3005
f 3075 3004 3026
f 146 736 144
f 145 736 144
f 145 146 144
f 3141 3003 3118
f 3118 3003 3039
f 3003 3141 3022
f 3131 3001 3130
f 3001 3131 3049
f 3130 3001 3048
f 3207 3000 3163
f 3000 3207 3048
f 3163 3000 3017
f 142 151 742
f 142 730 151
f 142 157 151
f 150 742 151
f 150 730 151
f 150 142 151
f 732 3127 157
f 156 732 157
f 151 732 157
f 3273 3328 2999
f 3027 2999 3328
f 2998 3075 3073
f 3075 2998 3004
f 2997 3105 3061
f 3105 2997 148
f 737 2996 3060
f 3103 2995 3102
f 3102 2995 3057
f 3191 2994 3210
f 3210 2994 3089
f 2994 3191 3056
f 3152 2993 3116
f 2993 3152 3019
f 165 3165 3089
f 3165 165 167
f 142 730 152
f 150 730 152
f 150 142 152
f 3002 730 152
f 152 730 151
f 152 142 151
f 152 150 151
f 2992 3148 3079
f 3148 2992 3036
f 2991 3081 3033
f 3081 2991 3030
f 2991 3033 3009
f 2991 3009 3030
f 3010 2990 3008
f 3106 2989 3104
f 2988 3103 3021
f 3103 2988 2995
f 2987 3139 3133
f 3139 2987 3018
f 165 167 166
f 150 730 857
f 2986 3164 3129
f 3083 2985 3034
f 2985 3083 3008
f 3197 2984 3079
f 2984 3197 3078
f 999 998 3094
f 3245 2983 3311
f 3154 2983 748
f 143 2983 3245
f 143 748 2983
f 3005 3311 2983
f 2982 3073 3024
f 3073 2982 2998
f 735 856 147
f 735 856 159
f 733 735 159
f 147 856 159
f 147 159 735
f 734 3106 736
f 145 736 734
f 144 734 736
f 144 145 734
f 3106 734 2989
f 2981 736 146
f 736 2981 734
f 3060 2980 3056
f 741 146 154
f 145 146 154
f 145 741 154
f 146 154 2981
f 3056 2979 2994
f 2979 3056 2980
f 3053 2978 3052
f 3150 2977 3133
f 3133 2977 2987
f 2976 3150 3164
f 3164 2986 2976
f 3150 2976 2977
f 3162 2975 3047
f 2975 3162 3046
f 2974 3087 3044
f 3087 2974 3035
f 3124 2973 3043
f 2973 3124 3034
f 3196 3273 2972
f 2999 2972 3273
f 995 3078 3094
f 3078 995 2984
f 3094 998 995
f 2971 3026 3004
f 3026 2970 3025
f 2970 3026 2971
f 3025 149 856
f 147 856 149
f 159 856 149
f 159 147 149
f 149 3025 2970
f 3090 2968 3071
f 3071 2968 3054
f 3052 2967 3051
f 2967 3052 2978
f 2966 3055 3070
f 730 2965 3070
f 2965 730 857
f 3070 2965 2966
f 3049 2964 3001
f 151 150 728
f 152 150 728
f 151 152 728
f 2963 3101 3066
f 2963 3066 3045
f 2962 3179 3065
f 3179 2962 3046
f 2961 3065 3043
f 3065 2961 2962
f 3011 2960 3010
f 3082 2959 740
f 2959 3082 3042
f 2958 3008 2990
f 3008 2958 2985
f 3010 2957 2990
f 2957 3010 2960
f 2990 2957 2958
f 2956 737 148
f 2956 148 2997
f 3104 169 3061
f 169 3104 2989
f 2955 3060 2996
f 3060 2955 2980
f 2980 2954 2979
f 2969 2979 2954
f 155 3059 3055
f 733 155 735
f 159 735 155
f 159 155 733
f 3055 2966 155
f 2953 3024 3023
f 2952 3057 2995
f 155 733 725
f 155 2966 725
f 2951 3091 3038
f 3051 2950 3050
f 3050 2950 3038
f 2950 3051 2967
f 2949 3048 3001
f 3048 2949 3000
f 2949 3001 2964
f 142 729 157
f 729 142 3016
f 156 157 729
f 729 3016 156
f 151 157 729
f 151 142 729
f 732 157 729
f 732 156 729
f 732 151 729
f 728 151 729
f 2948 3044 3017
f 3044 2948 2974
f 3206 2947 3159
f 2947 3206 3088
f 2946 3045 3037
f 3045 2946 2963
f 3013 2945 3011
f 2960 3011 2945
f 2944 3098 3097
f 2943 3034 2985
f 3034 2943 2973
f 740 2942 739
f 2942 740 2959
f 739 999 997
f 998 997 999
f 997 739 2942
f 2941 3004 2998
f 3004 2941 2971
f 3061 161 2997
f 161 3061 169
f 169 164 161
f 2954 2940 2969
f 3021 2939 2988
f 2938 2969 2940
f 3091 2937 3019
f 2936 2994 2979
f 2936 2979 2969
f 2935 3049 167
f 3049 2935 2964
f 2934 3129 3047
f 3129 2934 2986
f 2933 3017 3000
f 2933 3000 2949
f 3017 2933 2948
f 2932 3037 3015
f 3037 2932 2946
f 3146 715 3144
f 715 3146 853
f 3084 2931 3097
f 3097 2931 2944
f 2930 2985 2958
f 2985 2930 2943
f 138 2929 3154
f 2983 3154 2929
f 2971 731 2970
f 149 147 731
f 2970 731 149
f 731 2971 2941
f 2997 162 2956
f 2997 161 162
f 162 164 161
f 159 147 160
f 149 147 160
f 149 159 160
f 731 147 160
f 731 149 160
f 2928 2980 2955
f 2980 2928 2954
f 3024 2927 2982
f 2927 3024 2953
f 3059 2926 3058
f 2926 3059 155
f 3023 2925 2953
f 2937 2953 2925
f 2924 3090 3057
f 3090 2924 2968
f 2924 3057 2952
f 2923 2969 2938
f 2936 2969 2923
f 168 3089 2994
f 3089 168 165
f 166 165 168
f 168 2994 2936
f 142 730 153
f 150 730 153
f 150 142 153
f 3002 153 730
f 151 730 153
f 151 142 153
f 151 150 153
f 152 730 153
f 152 142 153
f 152 150 153
f 152 153 3002
f 151 152 153
f 857 730 153
f 857 153 150
f 728 150 153
f 728 151 153
f 728 152 153
f 729 142 153
f 729 151 153
f 729 153 728
f 3127 727 3015
f 727 3127 732
f 728 727 152
f 2932 3015 727
f 153 152 727
f 153 728 727
f 2922 2962 2961
f 3101 2921 3013
f 2921 3101 2963
f 3013 2921 2945
f 2920 3064 3063
f 2919 3043 2973
f 3043 2919 2961
f 2961 2919 2922
f 3086 2918 3063
f 3063 2918 2920
f 2917 3086 3098
f 2917 3098 2944
f 3086 2917 2918
f 2916 3084 3040
f 3084 2916 2931
f 858 2915 3040
f 3040 2915 2916
f 3144 714 3122
f 714 3144 715
f 2960 2914 2957
f 2914 2958 2957
f 143 3196 2913
f 2972 2913 3196
f 2989 163 169
f 169 163 164
f 161 164 163
f 161 169 163
f 162 164 163
f 161 162 163
f 2954 2912 2940
f 2912 2954 2928
f 2911 2995 2988
f 2995 2910 2952
f 2910 2995 2911
f 3058 2909 3022
f 2909 3058 2926
f 2940 2908 2938
f 2907 3039 3003
f 2906 2938 2908
f 3038 2905 2951
f 2905 3038 2950
f 3054 2904 3053
f 3053 2904 2978
f 2904 3054 2968
f 3159 2903 3014
f 2903 3159 2947
f 2902 3088 3069
f 2901 3069 3067
f 3069 2901 2902
f 2900 3035 2974
f 2900 2974 2948
f 2899 3036 2992
f 3036 2899 717
f 2945 2898 2960
f 2960 2898 2914
f 3122 2897 158
f 2897 3122 714
f 2958 2896 2930
f 2896 2958 2914
f 2896 2914 2898
f 2895 2998 2982
f 2998 2895 2941
f 737 2894 2996
f 2894 737 2956
f 2996 2894 2955
f 2893 2940 2912
f 2908 2940 2893
f 3022 2892 3003
f 2907 3003 2892
f 3039 2891 3020
f 2891 3039 2907
f 3020 2890 145
f 145 2890 154
f 2890 3020 2891
f 155 720 733
f 725 733 720
f 725 155 720
f 3153 2889 3021
f 3021 2889 2939
f 2888 3153 3018
f 2888 3018 2987
f 3153 2888 2889
f 3019 2887 2993
f 2887 3019 2937
f 2925 2887 2937
f 165 167 722
f 166 167 722
f 166 165 722
f 167 722 2935
f 168 165 722
f 168 166 722
f 2964 2886 2949
f 2886 2964 2935
f 2949 2886 2933
f 153 2885 728
f 727 728 2885
f 727 2885 153
f 2884 2948 2933
f 2900 2948 2884
f 2884 2933 2886
f 156 157 710
f 151 157 710
f 729 157 710
f 729 156 710
f 729 151 710
f 717 710 156
f 3068 2883 3067
f 3067 2883 2901
f 2882 3068 3064
f 2882 3064 2920
f 3068 2882 2883
f 2881 2922 2919
f 853 2880 715
f 2879 2945 2921
f 2898 2945 2879
f 2878 3042 3012
f 3042 2878 2959
f 2877 2973 2943
f 2877 2943 2930
f 2973 2877 2919
f 2930 2896 2877
f 2877 2896 2898
f 2919 2877 2879
f 2898 2879 2877
f 2876 858 158
f 858 2876 2915
f 158 2897 2876
f 3079 2875 2992
f 2875 3079 2984
f 2992 2875 2899
f 139 143 2874
f 2913 2874 143
f 2929 138 2873
f 2928 2872 2912
f 159 859 155
f 859 159 160
f 155 859 2926
f 2871 3022 2909
f 3022 2871 2892
f 2870 3091 2951
f 3091 2870 2937
f 2870 2953 2937
f 2953 2870 2927
f 2938 2869 2923
f 2935 723 2886
f 2886 723 2884
f 2884 2868 2900
f 2868 2884 723
f 3014 2867 3012
f 2867 3014 2903
f 2919 2866 2881
f 2921 2866 2879
f 2866 2919 2879
f 994 2984 995
f 138 139 2865
f 2874 2865 139
f 2873 138 2865
f 163 164 726
f 2912 2864 2893
f 2864 2912 2872
f 2941 2863 731
f 731 2863 160
f 2863 2941 2895
f 859 160 2863
f 2893 2862 2908
f 2861 2989 734
f 2989 2861 163
f 2908 2860 2906
f 2860 2908 2862
f 2859 734 2981
f 734 2859 2861
f 2858 2981 154
f 2858 154 2890
f 2859 2981 2858
f 2857 2938 2906
f 2869 2938 2857
f 2978 2856 2967
f 2856 2978 2904
f 724 2966 2965
f 2855 2923 2869
f 2923 2854 2936
f 2936 2854 168
f 2854 2923 2855
f 3046 2853 2975
f 2853 3046 2962
f 2853 2962 2922
f 2853 2922 2881
f 2963 2852 2921
f 2955 2851 2928
f 2851 2955 2894
f 2928 2851 2872
f 2956 2850 2894
f 2849 2982 2927
f 2982 2849 2895
f 2848 2988 2939
f 2988 2848 2911
f 2847 2952 2910
f 2967 2846 2950
f 2846 2967 2856
f 2845 2987 2977
f 2987 2845 2888
f 2843 2963 2946
f 2843 2946 2932
f 727 2843 2932
f 2843 727 710
f 2963 2843 2852
f 998 995 993
f 994 993 995
f 161 164 712
f 162 164 712
f 712 2956 162
f 161 162 712
f 163 164 712
f 163 161 712
f 163 162 712
f 726 164 712
f 726 163 712
f 2850 2956 712
f 2842 2893 2864
f 2893 2842 2862
f 2841 2939 2889
f 2840 2906 2860
f 2906 2840 2857
f 718 725 2966
f 720 725 718
f 718 2966 724
f 2839 724 718
f 2844 724 2838
f 2838 724 2839
f 2837 3047 2975
f 3047 2837 2934
f 2837 2975 2853
f 3012 2836 2878
f 2836 3012 2867
f 2959 996 2942
f 997 998 996
f 2942 996 997
f 996 998 993
f 2999 3027 2835
f 3005 2834 3027
f 2835 3027 2834
f 2833 2872 2851
f 155 860 720
f 860 155 859
f 2832 2968 2924
f 2968 2832 2904
f 2831 2977 2976
f 2977 2831 2845
f 2830 2935 722
f 2935 2830 723
f 723 2830 2868
f 163 2829 726
f 2872 2828 2864
f 2828 2872 2833
f 2827 2862 2842
f 2911 2826 2910
f 2862 2825 2860
f 2825 2862 2827
f 2952 2824 2924
f 2824 2952 2847
f 2950 2823 2905
f 2823 2950 2846
f 165 167 721
f 166 167 721
f 166 165 721
f 168 165 721
f 168 166 721
f 722 167 721
f 722 165 721
f 722 166 721
f 722 168 721
f 721 168 2854
f 2822 2976 2986
f 2976 2822 2831
f 2821 2986 2934
f 2986 2821 2822
f 2820 2881 2866
f 2881 2820 2853
f 2921 2819 2866
f 2819 2921 2852
f 2866 2819 2820
f 2972 2999 2818
f 2835 2818 2999
f 2864 2817 2842
f 2817 2864 2828
f 2910 2816 2847
f 2816 2910 2826
f 2860 2815 2840
f 2815 2860 2825
f 720 719 725
f 718 725 719
f 718 720 719
f 719 720 860
f 729 156 708
f 717 156 708
f 710 156 708
f 710 729 708
f 710 717 708
f 2814 2852 2843
f 170 717 2899
f 170 2899 2875
f 717 170 708
f 2984 992 2875
f 992 2984 994
f 2983 2813 3005
f 2834 3005 2813
f 2812 2911 2848
f 2911 2812 2826
f 2827 2811 2825
f 2939 2810 2848
f 2810 2939 2841
f 2809 2951 2905
f 2951 2809 2870
f 2809 2905 2823
f 715 172 714
f 714 715 716
f 714 716 2897
f 2808 2959 2878
f 2959 2808 996
f 2842 2807 2827
f 2807 2842 2817
f 2827 2806 2811
f 2806 2827 2807
f 2894 2805 2851
f 2805 2894 2850
f 712 2805 2850
f 2895 2804 2863
f 2804 2895 2849
f 2926 2803 2909
f 2802 2927 2870
f 2927 2802 2849
f 2849 2802 2804
f 2890 2801 2858
f 720 2800 860
f 2857 2799 2869
f 2869 2798 2855
f 2798 2869 2799
f 2797 2855 2798
f 2855 2796 2854
f 2854 2796 721
f 2796 2855 2797
f 177 2944 2931
f 2944 177 2917
f 715 177 172
f 2818 2795 2972
f 2851 2794 2833
f 2851 2805 2794
f 163 2793 2829
f 163 169 713
f 713 163 2861
f 2825 2792 2815
f 2792 2825 2811
f 2863 2791 859
f 859 2791 860
f 2858 2790 2859
f 2858 2801 2790
f 2924 2789 2832
f 2789 2924 2824
f 2788 2889 2888
f 2787 2857 2840
f 2799 2857 2787
f 2904 2786 2856
f 2785 2904 2832
f 2786 2904 2785
f 2784 2934 2837
f 2934 2784 2821
f 2843 2783 2814
f 2920 2782 2882
f 2781 2920 2918
f 2920 2781 2782
f 173 2931 2916
f 177 2931 173
f 173 172 177
f 2780 2916 2915
f 2916 2780 173
f 2779 2833 2794
f 2833 2778 2828
f 2778 2833 2779
f 161 169 702
f 163 169 702
f 163 161 702
f 712 702 161
f 712 163 702
f 163 702 2793
f 713 169 702
f 713 163 702
f 2775 2861 2859
f 2861 2775 713
f 2775 2859 2790
f 2892 2774 2907
f 2889 2773 2841
f 2773 2889 2788
f 2856 2772 2846
f 2772 2856 2786
f 2771 2888 2845
f 2888 2771 2788
f 724 2770 718
f 171 724 2844
f 724 171 2770
f 2769 2902 2901
f 2853 2768 2837
f 2929 2767 2983
f 2813 2983 2767
f 2807 2766 2806
f 2765 2811 2806
f 2777 2811 2765
f 2765 2806 2766
f 2828 2764 2817
f 2764 2828 2778
f 2817 2763 2807
f 2807 2763 2766
f 2763 2817 2764
f 2848 2762 2812
f 2762 2848 2810
f 2847 2761 2824
f 2761 2847 2816
f 2760 2863 2804
f 2863 2759 2791
f 2759 2863 2760
f 2758 2892 2871
f 2774 2892 2758
f 2757 2840 2815
f 2840 2757 2787
f 2832 2756 2785
f 181 723 2830
f 3088 2755 2947
f 2947 2755 2903
f 2755 3088 2902
f 2902 2769 2754
f 2902 2754 2755
f 2753 2901 2883
f 2901 2753 2769
f 2752 2820 2819
f 2751 2915 2876
f 2751 2876 2897
f 2751 2897 716
f 2915 2751 2780
f 2750 2852 2814
f 2852 2749 2819
f 2749 2852 2750
f 2777 2748 2776
f 2765 2748 2777
f 2826 2747 2816
f 2747 2826 2812
f 2811 2746 2792
f 2746 2811 2777
f 2746 2777 2776
f 2776 2745 2746
f 718 701 2839
f 2839 701 2838
f 2878 2744 2808
f 2875 991 170
f 991 2875 992
f 993 994 990
f 992 990 994
f 991 990 992
f 2913 2972 2743
f 2795 2743 2972
f 726 201 712
f 201 726 2829
f 2816 2742 2761
f 2742 2816 2747
f 2841 2741 2810
f 2741 2841 2773
f 2740 2815 2792
f 2815 2740 2757
f 860 711 719
f 711 860 2800
f 711 860 2791
f 711 2791 2759
f 2739 2832 2789
f 2832 2739 2756
f 2846 2738 2823
f 2738 2846 2772
f 2737 720 718
f 720 2737 2800
f 2737 718 2770
f 2800 2737 711
f 2736 2845 2831
f 2845 2736 2771
f 2903 2735 2867
f 2735 2903 2755
f 710 707 2843
f 708 710 707
f 2843 707 2783
f 177 173 2734
f 174 2814 2783
f 2814 174 2750
f 174 2783 707
f 2733 2819 2749
f 2873 2732 2929
f 2865 2732 2873
f 2767 2929 2732
f 2731 2788 2771
f 2788 2731 2739
f 2731 2756 2739
f 2867 2730 2836
f 2730 2867 2735
f 716 2729 2751
f 2728 2878 2836
f 2878 2728 2744
f 2874 2913 2727
f 2743 2727 2913
f 2834 2726 2835
f 712 182 2805
f 182 712 201
f 2810 2725 2762
f 2725 2810 2741
f 2824 2724 2789
f 2724 2824 2761
f 2723 2792 2746
f 2792 2723 2740
f 176 2804 2802
f 2804 176 2760
f 2721 718 719
f 718 2721 701
f 2721 719 711
f 2720 2831 2822
f 2831 2720 2736
f 708 710 709
f 709 708 170
f 707 709 710
f 707 709 708
f 2717 2853 2820
f 2853 2717 2768
f 996 2715 993
f 2715 996 2808
f 993 2715 990
f 2813 2714 2834
f 2726 2834 2714
f 2865 2874 2713
f 2732 2865 2713
f 2727 2713 2874
f 2711 2812 2762
f 2812 2711 2747
f 2711 2762 2725
f 2788 2709 2773
f 2709 2788 2739
f 2907 2708 2891
f 2891 2708 2890
f 2890 2708 2801
f 2708 2907 2774
f 204 2870 2809
f 2870 204 2802
f 2802 204 176
f 2799 2707 2798
f 701 700 171
f 700 171 2706
f 2798 2705 2797
f 2705 2798 2707
f 722 180 2830
f 180 722 721
f 180 721 2796
f 2830 180 181
f 2719 180 181
f 2704 2822 2821
f 2822 2704 2720
f 2703 2883 2882
f 2703 2882 2782
f 2883 2703 2753
f 173 172 688
f 688 173 2780
f 178 2918 2917
f 178 715 2880
f 715 178 177
f 178 2917 177
f 2918 178 2781
f 175 170 991
f 707 175 174
f 706 170 175
f 706 175 174
f 861 175 706
f 170 175 709
f 175 707 709
f 706 174 705
f 861 706 705
f 175 174 705
f 175 706 705
f 175 861 705
f 2818 2835 2702
f 2726 2702 2835
f 2766 2701 2765
f 2765 2700 2748
f 2699 2765 2701
f 2765 2699 2700
f 2794 2698 2779
f 185 2829 2793
f 185 2793 702
f 2829 185 201
f 183 2794 2805
f 183 2805 182
f 182 201 183
f 2794 183 2698
f 2697 2761 2742
f 2747 2697 2742
f 2747 2711 2697
f 185 702 695
f 185 201 695
f 2776 2696 2745
f 2695 2746 2745
f 2746 2695 2723
f 2694 2745 2696
f 2745 2694 2695
f 2909 704 2871
f 704 2909 2803
f 2871 704 2758
f 704 2803 2722
f 2789 2693 2739
f 2693 2789 2724
f 2709 2739 2693
f 2760 703 2759
f 2759 703 711
f 703 2760 176
f 711 703 2721
f 703 176 204
f 2692 2801 2708
f 2691 2790 2801
f 2691 2801 2692
f 2823 202 2809
f 202 2823 2738
f 2809 202 204
f 2785 2690 2786
f 2786 2689 2772
f 2689 2786 2690
f 2787 2688 2799
f 2707 2799 2688
f 2797 2687 2796
f 2687 2797 2705
f 180 2796 863
f 2796 2687 863
f 2686 2821 2784
f 2821 2686 2704
f 2837 2685 2784
f 2685 2837 2768
f 2683 2836 2730
f 2836 2683 2728
f 2682 2766 2763
f 2764 2682 2763
f 2766 2682 2701
f 2779 2681 2778
f 2778 2680 2764
f 2682 2764 2680
f 2680 2778 2681
f 2679 2779 2698
f 2779 2679 2681
f 2773 2678 2741
f 2678 2773 2709
f 2677 2787 2757
f 2787 2677 2688
f 2770 2676 2737
f 192 2780 2751
f 192 2751 2729
f 2780 192 688
f 2819 2675 2752
f 2675 2819 2733
f 2767 2674 2813
f 2714 2813 2674
f 2673 2776 2748
f 2673 2748 2700
f 2776 2673 2696
f 185 201 184
f 2712 2672 2710
f 713 686 702
f 185 702 686
f 695 702 686
f 695 686 185
f 2669 713 2775
f 713 2669 686
f 2668 2712 2710
f 2712 2668 2671
f 2790 2667 2775
f 2667 2790 2691
f 2775 2667 2669
f 2758 2666 2774
f 2774 2666 2708
f 2665 2785 2756
f 2665 2756 2731
f 2785 2665 2690
f 2772 2664 2738
f 2664 2772 2689
f 2663 2771 2736
f 2771 2663 2731
f 2731 2663 2665
f 189 2770 171
f 701 171 189
f 700 171 189
f 700 701 189
f 2706 171 189
f 2706 189 700
f 2770 189 2676
f 2662 2784 2685
f 2661 2718 2716
f 2661 2716 688
f 2718 2661 2684
f 2734 191 177
f 178 177 191
f 2782 2660 2703
f 699 714 172
f 714 699 716
f 177 172 699
f 173 172 699
f 177 173 699
f 716 699 2729
f 699 177 2729
f 688 172 699
f 688 699 173
f 2659 2782 2781
f 2659 2781 178
f 2782 2659 2660
f 2658 2750 174
f 2658 174 705
f 2657 2808 2744
f 2808 2657 2715
f 991 989 175
f 989 861 175
f 861 989 2656
f 2795 2818 2655
f 2702 2655 2818
f 2712 2654 2672
f 2654 2712 2671
f 2761 2653 2724
f 2653 2761 2697
f 2653 2697 2711
f 2741 2652 2725
f 2725 2652 2711
f 2652 2741 2678
f 2711 2652 2653
f 2724 2649 2693
f 2693 2649 2709
f 2709 2649 2678
f 2649 2724 2653
f 2678 2649 2652
f 2649 2653 2652
f 2647 2757 2740
f 2647 2740 2723
f 2757 2647 2677
f 177 2645 2729
f 2645 177 178
f 2644 2820 2752
f 2820 2644 2717
f 2750 2643 2749
f 2643 2750 2658
f 990 991 194
f 989 194 991
f 2642 2696 2673
f 2651 2696 2642
f 2641 2650 2651
f 2651 2642 2641
f 2640 2671 2668
f 2639 2758 704
f 2758 2639 2666
f 204 176 203
f 202 204 203
f 204 176 196
f 703 176 196
f 196 2721 703
f 204 196 703
f 203 176 196
f 203 204 196
f 213 701 2721
f 701 213 189
f 189 190 213
f 213 2721 196
f 2638 2755 2754
f 2637 2754 2769
f 2754 2637 2638
f 2734 173 697
f 191 2734 697
f 2646 697 191
f 178 177 179
f 699 179 177
f 2641 2636 2650
f 2636 2671 2640
f 2650 2636 2640
f 202 204 197
f 203 204 197
f 203 202 197
f 196 204 197
f 196 203 197
f 202 204 698
f 197 698 204
f 197 202 698
f 2755 2635 2735
f 2635 2755 2638
f 2634 2769 2753
f 2634 2753 2703
f 2769 2634 2637
f 2718 2633 2716
f 2716 2633 688
f 2749 2632 2733
f 2632 2749 2643
f 861 2631 705
f 2631 861 2656
f 2732 2630 2767
f 2674 2767 2630
f 2628 2672 2654
f 185 201 188
f 695 201 188
f 695 185 188
f 184 201 188
f 184 185 188
f 2627 2650 2640
f 2668 2626 2640
f 2640 2626 2627
f 2710 2625 2668
f 2625 2710 2648
f 2668 2625 2626
f 2624 2723 2695
f 2624 2695 2694
f 2723 2624 2647
f 2738 2623 202
f 2623 2738 2664
f 189 190 214
f 213 190 214
f 213 189 214
f 2622 2736 2720
f 2736 2622 2663
f 180 181 200
f 2735 2621 2730
f 2621 2735 2635
f 2620 2684 2661
f 2661 211 2620
f 2619 2684 2620
f 2646 191 186
f 697 191 186
f 697 2646 186
f 2618 2768 2717
f 2768 2618 2685
f 178 177 187
f 699 177 187
f 179 177 187
f 179 178 187
f 179 699 187
f 178 177 693
f 179 177 693
f 179 178 693
f 187 177 693
f 187 178 693
f 187 179 693
f 2617 2715 2657
f 691 990 2715
f 990 691 194
f 691 2715 2617
f 193 691 194
f 2743 2795 2616
f 2655 2616 2795
f 2714 2615 2726
f 2674 2614 2714
f 2615 2714 2614
f 2671 2613 2654
f 2613 2671 2636
f 2641 2612 2636
f 2613 2636 2612
f 2672 2611 2670
f 2610 2696 2651
f 2610 2651 2650
f 2610 2650 2627
f 2609 2710 2672
f 2609 2672 2670
f 2710 2609 2648
f 2608 2690 2665
f 2690 2607 2689
f 2607 2690 2608
f 2689 2606 2664
f 2664 2606 2623
f 2606 2689 2607
f 2719 181 862
f 180 181 862
f 180 2719 862
f 200 181 862
f 200 180 862
f 2730 2604 2683
f 2604 2730 2621
f 2603 2718 2684
f 2718 2603 2633
f 2603 2684 2619
f 2685 2602 2662
f 2602 2685 2618
f 2601 2728 2683
f 2654 2600 2628
f 2654 2613 2600
f 2599 2701 2682
f 2598 2700 2699
f 2701 2597 2699
f 2597 2701 2599
f 2699 2597 2598
f 695 185 694
f 184 185 694
f 188 185 694
f 188 695 694
f 188 184 694
f 2722 696 704
f 704 696 2639
f 2696 2596 2694
f 2694 2596 2624
f 2707 2595 2705
f 2594 2720 2704
f 2720 2594 2622
f 2784 2593 2686
f 2593 2784 2662
f 2744 2592 2657
f 2733 2591 2675
f 2591 2733 2632
f 2702 2726 2590
f 2615 2590 2726
f 2727 2743 2589
f 2616 2589 2743
f 2713 2588 2732
f 2713 2727 2588
f 2630 2732 2588
f 2589 2588 2727
f 2642 2587 2641
f 2587 2642 2629
f 2641 2587 2612
f 2673 2586 2642
f 2642 2586 2629
f 2585 2672 2628
f 2672 2585 2611
f 182 201 195
f 185 201 195
f 183 201 195
f 183 182 195
f 695 201 195
f 695 185 195
f 184 201 195
f 184 185 195
f 188 201 195
f 188 185 195
f 188 695 195
f 188 184 195
f 2698 229 2679
f 182 201 217
f 185 201 217
f 183 201 217
f 183 182 217
f 217 2698 183
f 184 201 217
f 184 185 217
f 188 201 217
f 188 185 217
f 188 184 217
f 694 185 217
f 694 184 217
f 694 188 217
f 195 201 217
f 195 182 217
f 195 185 217
f 195 183 217
f 195 184 217
f 195 188 217
f 2698 217 229
f 2584 2670 2611
f 2670 2584 2609
f 2583 2688 2677
f 2688 2582 2707
f 2707 2582 2595
f 2582 2688 2583
f 2705 2581 2687
f 2581 2705 2595
f 180 863 689
f 2580 863 2687
f 2580 2687 2581
f 863 2580 689
f 688 207 173
f 192 688 207
f 697 173 207
f 212 209 207
f 186 697 207
f 187 179 206
f 2729 2579 192
f 2579 2729 2645
f 192 2579 207
f 191 198 178
f 178 198 2659
f 178 198 2645
f 179 178 198
f 187 178 198
f 187 179 198
f 693 178 198
f 693 179 198
f 693 187 198
f 206 179 198
f 206 187 198
f 2578 2744 2728
f 2578 2728 2601
f 2744 2578 2592
f 193 194 692
f 691 194 692
f 691 193 692
f 705 2577 2658
f 2577 705 2631
f 987 2656 989
f 987 989 988
f 2630 2576 2674
f 2614 2674 2576
f 2682 2574 2599
f 188 184 225
f 225 184 217
f 225 188 217
f 2573 2681 2679
f 2679 229 2573
f 2572 2611 2585
f 2584 2611 2571
f 2571 2611 2572
f 2708 2570 2692
f 2692 2569 2691
f 2691 2569 2667
f 2569 2692 2570
f 214 690 698
f 189 215 190
f 213 189 215
f 214 190 215
f 214 189 215
f 214 213 215
f 214 698 215
f 2605 213 215
f 690 215 698
f 690 214 215
f 180 685 863
f 689 685 180
f 689 863 685
f 200 180 684
f 862 684 180
f 862 200 684
f 685 180 684
f 186 221 191
f 221 212 207
f 221 186 207
f 2703 2568 2634
f 192 688 218
f 688 218 2661
f 218 688 2633
f 2661 218 211
f 211 218 212
f 218 2633 2603
f 218 688 207
f 218 207 192
f 218 212 207
f 221 212 218
f 218 221 207
f 2567 2703 2660
f 2703 2567 2568
f 678 2660 2659
f 2659 198 678
f 2660 678 2567
f 2566 2752 2675
f 2752 2566 2644
f 2657 2565 2617
f 2565 2657 2592
f 2617 2564 691
f 692 691 2564
f 2617 2565 2564
f 194 989 687
f 193 687 194
f 988 687 989
f 692 194 687
f 692 687 193
f 2612 2562 2613
f 2562 2600 2613
f 2562 2612 2587
f 2680 2561 2682
f 2682 2561 2574
f 2681 2560 2680
f 2560 2681 2573
f 2680 2560 2561
f 185 199 702
f 686 702 199
f 686 185 199
f 188 185 199
f 195 185 199
f 195 188 199
f 2559 2665 2663
f 2558 2666 2639
f 2557 2708 2666
f 2708 2557 2570
f 2557 2666 2558
f 202 204 205
f 203 204 205
f 203 202 205
f 196 204 205
f 196 203 205
f 196 205 213
f 197 204 205
f 197 202 205
f 197 203 205
f 197 196 205
f 215 205 213
f 2556 2704 2686
f 2704 2556 2594
f 676 2620 211
f 2555 2683 2604
f 2683 2555 2601
f 2614 2554 2615
f 2553 2667 2569
f 2552 2647 2624
f 2552 2624 2596
f 2627 2551 2610
f 2550 2627 2626
f 2627 2550 2551
f 2549 2648 2609
f 2548 2686 2593
f 2686 2548 2556
f 2547 2662 2602
f 693 187 208
f 207 209 208
f 207 187 208
f 206 187 208
f 198 187 208
f 198 693 208
f 198 206 208
f 2564 2546 692
f 2658 2545 2643
f 2545 2658 2577
f 2655 2702 2544
f 2616 2655 2544
f 2590 2544 2702
f 2656 986 2631
f 986 2656 987
f 2576 2630 2543
f 2563 2542 2575
f 2700 2541 2673
f 2541 2700 2598
f 2540 686 2669
f 686 2540 199
f 2539 2669 2667
f 2539 2667 2553
f 2669 2539 2540
f 2538 2626 2625
f 2626 2538 2550
f 2648 2537 2625
f 2537 2648 2549
f 2625 2537 2538
f 2608 2536 2607
f 2607 2535 2606
f 2535 2607 2536
f 2534 2696 2610
f 2696 2534 2596
f 2534 2610 2551
f 2533 2639 696
f 2639 2533 2558
f 200 180 683
f 685 180 683
f 684 180 683
f 684 200 683
f 684 685 683
f 2619 2531 2603
f 2603 2531 218
f 2590 2615 2530
f 2554 2530 2615
f 2576 2529 2614
f 2554 2614 2529
f 2543 2529 2576
f 2629 2528 2587
f 2528 2629 2586
f 2527 2628 2600
f 2628 2527 2585
f 188 226 201
f 217 201 226
f 217 188 226
f 225 188 226
f 217 225 226
f 2571 2526 2584
f 2665 2525 2608
f 2525 2665 2559
f 2536 2608 2525
f 2524 2609 2584
f 2609 2524 2549
f 2524 2584 2526
f 704 2523 696
f 2522 2677 2647
f 2677 2522 2583
f 2522 2647 2552
f 202 204 252
f 203 204 252
f 203 202 252
f 197 204 252
f 197 202 252
f 197 203 252
f 252 202 2623
f 252 2623 2606
f 205 204 252
f 205 202 252
f 205 203 252
f 205 197 252
f 252 2606 2535
f 251 205 252
f 2521 2663 2622
f 2663 2521 2559
f 215 213 680
f 2520 2594 2556
f 2635 2518 2621
f 2621 2518 2604
f 2517 2638 2637
f 211 223 676
f 2516 2637 2634
f 2516 2634 2568
f 2637 2516 2517
f 2620 2515 2619
f 2515 2620 676
f 2531 2619 2515
f 2546 2514 2532
f 212 210 209
f 207 209 210
f 207 212 210
f 207 187 210
f 206 187 210
f 221 212 210
f 207 221 210
f 208 209 210
f 208 187 210
f 208 207 210
f 208 206 210
f 207 209 219
f 207 187 219
f 198 187 219
f 207 221 219
f 208 209 219
f 208 187 219
f 208 207 219
f 208 198 219
f 210 209 219
f 210 187 219
f 210 207 219
f 210 221 219
f 210 208 219
f 2512 2564 2565
f 2564 2512 2546
f 2546 2512 2514
f 2618 2511 2602
f 2643 2510 2632
f 2510 2643 2545
f 2585 2509 2572
f 2509 2585 2527
f 2508 2622 2594
f 2622 2508 2521
f 2508 2594 2520
f 2521 2508 2520
f 2519 680 2507
f 2635 2506 2518
f 2638 2505 2635
f 2505 2638 2517
f 2635 2505 2506
f 211 212 216
f 207 212 216
f 221 212 216
f 207 221 216
f 218 211 216
f 218 212 216
f 207 218 216
f 218 221 216
f 211 216 223
f 210 212 216
f 210 207 216
f 210 221 216
f 219 207 216
f 219 221 216
f 219 210 216
f 2645 220 2579
f 220 2645 198
f 2631 985 2577
f 985 2631 986
f 2589 2616 2503
f 2588 2589 2503
f 2544 2503 2616
f 987 2501 988
f 2502 988 2501
f 2588 2500 2630
f 2543 2630 2500
f 2503 2500 2588
f 2542 2563 2499
f 2572 2498 2571
f 2571 2497 2526
f 2497 2571 2498
f 2604 2495 2555
f 2495 2604 2518
f 223 676 682
f 682 212 216
f 223 216 682
f 2494 2717 2644
f 2717 2494 2618
f 2618 2494 2511
f 2632 2493 2591
f 2493 2632 2510
f 2530 2554 2491
f 2504 2491 2554
f 687 988 2490
f 2490 988 2502
f 2563 2575 2489
f 239 2600 2562
f 2600 239 2527
f 2489 2575 2488
f 2673 681 2586
f 681 2673 2541
f 2586 681 2528
f 2599 2487 2597
f 217 225 230
f 226 217 230
f 226 225 230
f 224 2485 2496
f 2583 2484 2582
f 2484 2583 2522
f 213 189 679
f 214 189 679
f 214 213 679
f 690 214 679
f 215 189 679
f 215 213 679
f 215 214 679
f 215 690 679
f 205 213 679
f 205 215 679
f 251 205 679
f 680 213 679
f 680 679 215
f 2483 2514 2512
f 2512 2482 2483
f 2481 2601 2555
f 2480 2568 2567
f 231 207 2579
f 207 221 231
f 207 218 231
f 218 221 231
f 210 207 231
f 210 221 231
f 219 207 231
f 219 221 231
f 219 210 231
f 216 207 231
f 216 221 231
f 216 218 231
f 216 210 231
f 216 219 231
f 198 232 178
f 198 678 232
f 208 198 232
f 220 198 232
f 2479 2644 2566
f 2644 2479 2494
f 2544 2590 2478
f 2530 2478 2590
f 2504 2554 2477
f 2492 2504 2477
f 2529 2476 2554
f 2529 2543 2475
f 2476 2529 2475
f 2499 2563 2474
f 2474 2563 2489
f 2587 866 2562
f 239 2562 866
f 2473 2587 2528
f 2587 2473 866
f 2472 2599 2574
f 2487 2599 2472
f 195 183 227
f 195 188 227
f 217 183 227
f 217 188 227
f 217 195 227
f 199 188 227
f 199 195 227
f 183 182 236
f 195 182 236
f 195 183 236
f 195 188 236
f 217 182 236
f 217 183 236
f 217 188 236
f 217 195 236
f 225 188 236
f 217 225 236
f 199 188 236
f 199 195 236
f 227 183 236
f 227 188 236
f 227 195 236
f 227 217 236
f 227 199 236
f 2559 2471 2525
f 2596 2470 2552
f 2470 2596 2534
f 2468 2559 2521
f 2559 2468 2471
f 2569 2467 2553
f 2466 2570 2557
f 2570 2465 2569
f 2467 2569 2465
f 2465 2570 2466
f 2464 2558 2533
f 2463 2595 2582
f 2463 2582 2484
f 2595 2462 2581
f 2462 2595 2463
f 2581 2461 2580
f 2461 2581 2462
f 2459 689 2580
f 2580 2461 2459
f 689 2459 2460
f 2568 2458 2516
f 2568 2480 2458
f 2662 2456 2593
f 2456 2662 2547
f 678 2455 2513
f 2513 2455 2457
f 675 218 2531
f 231 218 675
f 210 231 675
f 2512 2454 2482
f 2453 2567 678
f 2567 2453 2480
f 678 232 2453
f 198 178 222
f 198 678 222
f 208 222 198
f 220 198 222
f 222 178 232
f 222 198 232
f 222 678 232
f 222 208 232
f 222 220 232
f 678 222 2455
f 198 191 233
f 221 233 191
f 210 221 233
f 219 198 233
f 219 221 233
f 219 210 233
f 216 221 233
f 216 210 233
f 216 219 233
f 233 2579 220
f 220 198 233
f 231 2579 233
f 233 221 231
f 233 210 231
f 233 219 231
f 233 216 231
f 222 198 233
f 222 216 233
f 222 220 233
f 2592 2452 2565
f 2565 2452 2512
f 2512 2452 2454
f 2451 2675 2591
f 2675 2451 2566
f 2451 2591 2493
f 2491 2504 2450
f 2492 2449 2504
f 2450 2504 2449
f 2448 2492 2477
f 986 2447 987
f 2501 987 2447
f 2446 2598 2597
f 2598 2446 2541
f 2446 2597 2487
f 2574 2445 2472
f 217 694 228
f 217 229 228
f 227 228 217
f 2536 2444 2535
f 224 2496 864
f 2486 224 864
f 2443 2496 2485
f 2552 2442 2522
f 2442 2552 2470
f 696 2441 2533
f 2441 696 2523
f 2556 2440 2520
f 684 685 677
f 683 677 685
f 683 684 677
f 2577 984 2545
f 984 2577 985
f 2477 2554 2439
f 2476 2439 2554
f 2438 2572 2509
f 2572 2438 2498
f 239 247 866
f 2437 2561 2560
f 2436 2574 2561
f 2574 2436 2445
f 2436 2561 2437
f 2573 2435 2560
f 2560 2435 2437
f 2535 2434 252
f 2434 2535 2444
f 2433 2526 2497
f 2432 2553 2467
f 2431 2551 2550
f 2551 2431 2534
f 2526 2430 2524
f 2428 2506 2505
f 2505 2427 2428
f 2426 2518 2506
f 2518 2426 2495
f 2426 2506 2428
f 2517 2425 2505
f 2505 2425 2427
f 2424 2517 2516
f 2424 2516 2458
f 2517 2424 2425
f 2423 2513 2457
f 223 676 238
f 676 238 2515
f 682 676 238
f 682 223 238
f 2515 872 2531
f 2531 872 675
f 872 2515 238
f 2601 2422 2578
f 2422 2601 2481
f 2421 2592 2578
f 2592 2421 2452
f 2421 2578 2422
f 2449 2492 2420
f 2448 2420 2492
f 2450 2419 2491
f 2503 2544 2418
f 2500 2503 2418
f 2478 2418 2544
f 2477 2417 2448
f 2500 2416 2543
f 2475 2543 2416
f 2418 2416 2500
f 243 199 2540
f 236 199 243
f 2443 2415 2496
f 2525 2414 2536
f 2536 2414 2444
f 2469 224 240
f 864 240 224
f 2413 2550 2538
f 2413 2538 2537
f 2550 2413 2431
f 2533 870 2464
f 870 2533 2441
f 2410 2521 2520
f 2521 2410 2468
f 2558 2409 2557
f 2557 2409 2466
f 2409 2558 2464
f 2428 2409 2426
f 870 2408 2429
f 870 2429 2407
f 2406 2428 2427
f 2406 2466 2409
f 2428 2406 2409
f 2465 2405 2467
f 2466 2405 2465
f 2405 2466 2406
f 2427 2405 2406
f 2404 2427 2425
f 2404 2467 2405
f 2427 2404 2405
f 674 2495 2426
f 674 2426 2409
f 2408 674 2429
f 2407 2429 674
f 2403 2555 2495
f 2403 2495 674
f 2602 2402 2547
f 2402 2602 2511
f 2501 2400 2502
f 2502 2400 2490
f 2475 2399 2476
f 2439 2476 2399
f 985 2398 986
f 2447 986 2398
f 2499 2397 2542
f 2397 2396 2542
f 2542 2395 2575
f 2488 2575 2395
f 2396 2395 2542
f 217 229 242
f 242 2573 229
f 228 229 242
f 228 217 242
f 2573 242 2435
f 195 188 237
f 217 188 237
f 217 195 237
f 217 229 237
f 225 188 237
f 217 225 237
f 226 188 237
f 226 217 237
f 226 225 237
f 230 217 237
f 230 225 237
f 230 226 237
f 227 188 237
f 227 195 237
f 227 217 237
f 236 188 237
f 236 195 237
f 236 217 237
f 236 225 237
f 236 227 237
f 228 229 237
f 228 217 237
f 228 227 237
f 242 229 237
f 242 217 237
f 242 228 237
f 864 2496 2394
f 2394 2496 2415
f 2393 2540 2539
f 2540 2393 243
f 2553 2392 2539
f 2392 2553 2432
f 2539 2392 2393
f 251 205 668
f 252 205 668
f 252 251 668
f 2549 2391 2537
f 2537 2391 2413
f 2549 2411 2391
f 2390 2549 2524
f 2549 2390 2411
f 2389 2520 2440
f 2410 2520 2389
f 865 2464 870
f 2464 865 2409
f 2408 870 865
f 2407 865 870
f 674 2409 865
f 865 674 2408
f 865 2407 674
f 2593 2388 2548
f 2388 2593 2456
f 2419 2450 2387
f 2491 2386 2530
f 2478 2530 2386
f 2419 2386 2491
f 2418 2478 2386
f 2545 983 2510
f 983 2545 984
f 2385 2490 2400
f 2439 2384 2477
f 2417 2477 2384
f 2527 2383 2509
f 241 2528 681
f 2528 241 2473
f 2498 2382 2497
f 2381 2497 2382
f 2485 224 2380
f 2379 2524 2430
f 2524 2379 2390
f 2467 2378 2432
f 2378 2467 2404
f 2377 2425 2424
f 2425 2377 2404
f 2404 2377 2378
f 2458 867 2424
f 231 216 235
f 232 220 235
f 222 216 235
f 222 220 235
f 232 222 235
f 233 216 235
f 233 220 235
f 231 233 235
f 233 222 235
f 2376 2511 2494
f 2376 2494 2479
f 2511 2376 2402
f 2420 2448 2375
f 2401 2375 2448
f 2417 2374 2448
f 2401 2448 2374
f 2447 2373 2501
f 2400 2501 2373
f 2395 656 2488
f 2472 2372 2487
f 230 217 673
f 227 217 673
f 237 217 673
f 237 230 673
f 237 227 673
f 2371 2522 2442
f 2522 2370 2484
f 2370 2522 2371
f 2369 2471 2468
f 2369 2468 2410
f 2469 2368 224
f 2412 2368 2469
f 2380 224 2368
f 2519 672 680
f 2507 680 672
f 2507 672 2519
f 2367 2457 2455
f 2457 2367 2423
f 2366 2458 2480
f 2366 2480 2453
f 2458 2366 867
f 2365 2455 222
f 2455 2365 2367
f 2364 682 216
f 216 235 2364
f 231 216 234
f 232 220 234
f 222 216 234
f 222 220 234
f 232 222 234
f 233 216 234
f 233 220 234
f 231 233 234
f 233 222 234
f 234 216 235
f 234 220 235
f 234 231 235
f 234 232 235
f 234 222 235
f 234 233 235
f 2566 2363 2479
f 2363 2566 2451
f 2399 2362 2439
f 2442 2361 2371
f 2360 2526 2433
f 2526 2360 2430
f 2485 2359 2443
f 2359 2485 2380
f 2358 2432 2378
f 2484 2357 2463
f 2357 2484 2370
f 2356 2460 2459
f 2460 2356 2355
f 674 2354 2403
f 865 2354 674
f 2353 2423 2367
f 2453 2352 2366
f 2351 2453 232
f 2351 232 234
f 2453 2351 2352
f 2510 982 2493
f 982 2510 983
f 2416 2350 2475
f 2399 2475 2350
f 984 2349 985
f 2398 985 2349
f 2348 2527 239
f 2347 2498 2438
f 2498 2347 2382
f 239 866 660
f 247 239 660
f 247 660 866
f 241 869 681
f 660 241 869
f 217 195 244
f 199 195 244
f 227 195 244
f 227 217 244
f 227 199 244
f 236 195 244
f 236 217 244
f 236 199 244
f 236 227 244
f 243 199 244
f 243 236 244
f 237 195 244
f 237 217 244
f 237 227 244
f 237 236 244
f 2345 2472 2445
f 2472 2345 2372
f 2345 2445 2346
f 2444 269 2434
f 2415 2443 2344
f 252 251 250
f 250 252 2434
f 2343 2525 2471
f 2343 2471 2369
f 2470 2342 2442
f 2442 2342 2361
f 240 2341 2469
f 2412 2469 2341
f 2534 2340 2470
f 2470 2340 2342
f 2389 2339 2410
f 2410 2339 2369
f 2463 2338 2462
f 2462 2338 2461
f 2338 2463 2357
f 2337 2459 2461
f 2356 2459 2337
f 2337 2461 2338
f 2336 2378 2377
f 2378 2336 2358
f 2460 671 677
f 671 2460 2355
f 2424 2335 2377
f 2335 2424 867
f 2377 2335 2336
f 2334 2556 2548
f 2556 2334 2440
f 2334 2548 2388
f 682 2333 238
f 2333 682 2364
f 2332 222 233
f 222 2332 2365
f 2331 2514 2483
f 2449 2330 2450
f 2420 2330 2449
f 2387 2450 2330
f 2387 2329 2419
f 2386 2419 2329
f 2375 2401 2328
f 2384 2327 2417
f 2374 2417 2327
f 2384 2439 2326
f 2362 2326 2439
f 2398 2325 2447
f 2373 2447 2325
f 2509 2324 2438
f 2324 2509 2383
f 866 2323 239
f 2323 866 2473
f 239 2323 2348
f 2488 253 2489
f 656 253 2488
f 244 656 253
f 2497 2322 2433
f 2322 2497 2381
f 240 864 655
f 668 240 655
f 2341 240 655
f 2359 2321 2443
f 2344 2443 2321
f 2320 2534 2431
f 2534 2320 2340
f 2430 2319 2379
f 2368 2412 2318
f 2341 2318 2412
f 670 867 2366
f 670 867 2353
f 867 670 2335
f 2547 2317 2456
f 2317 2547 2402
f 2328 2316 2375
f 2400 2315 2385
f 2313 2473 241
f 2473 2313 2323
f 2311 2312 2314
f 2541 868 681
f 868 2541 2446
f 241 681 868
f 869 868 681
f 869 241 868
f 2312 2311 2310
f 2309 2445 2436
f 2445 2309 2346
f 2437 2308 2436
f 2436 2308 2309
f 2307 2437 2435
f 2307 2435 242
f 2437 2307 2308
f 2306 2372 2345
f 267 2444 2414
f 2444 267 269
f 2305 2434 269
f 2434 2305 250
f 2415 2304 2394
f 2344 2303 2415
f 2304 2415 2303
f 666 243 2393
f 2302 2393 2392
f 2393 2302 666
f 2432 871 2392
f 871 2432 2358
f 871 2358 2336
f 2392 871 2302
f 2440 2301 2389
f 2301 2440 2334
f 667 2367 2365
f 2367 667 2353
f 667 677 671
f 2555 2300 2481
f 2300 2555 2403
f 2493 981 2451
f 981 2493 982
f 2362 2399 2299
f 2350 2299 2399
f 983 2298 984
f 2349 984 2298
f 2474 2297 2499
f 2397 2499 2297
f 2310 2311 2296
f 2296 2295 2310
f 236 227 263
f 244 227 263
f 244 236 263
f 2293 2371 2361
f 2345 2293 2306
f 2371 2292 2370
f 2370 2292 2357
f 2292 2371 2293
f 2291 2431 2413
f 2291 2413 2391
f 2431 2291 2320
f 2290 2336 2335
f 2290 2335 670
f 2336 2290 871
f 669 2365 2332
f 2365 669 667
f 667 671 669
f 2289 2483 2482
f 2289 2482 2454
f 2289 2454 2452
f 2483 2289 2331
f 2315 2288 2385
f 2329 2287 2386
f 2374 2286 2401
f 2328 2401 2286
f 2327 2286 2374
f 2315 2400 2285
f 2327 2384 2284
f 2326 2284 2384
f 2373 2283 2400
f 2285 2400 2283
f 241 2282 2313
f 2282 241 868
f 656 2395 259
f 2310 2281 2312
f 2281 2310 2295
f 2280 2295 2296
f 2295 2280 2294
f 2346 2279 2345
f 2293 2345 2279
f 243 236 255
f 242 255 228
f 237 236 255
f 237 228 255
f 237 242 255
f 673 255 237
f 244 236 255
f 244 243 255
f 244 237 255
f 666 243 255
f 2292 2293 2277
f 2279 2277 2293
f 2525 2276 2414
f 2276 2525 2343
f 2414 2276 267
f 2369 2275 2343
f 2275 2369 2339
f 2273 2391 2411
f 667 2272 671
f 870 2271 865
f 865 2271 2354
f 2353 664 670
f 664 2353 667
f 670 664 2290
f 238 2269 872
f 2269 238 2333
f 875 210 675
f 872 875 675
f 2268 2402 2376
f 2479 2267 2376
f 2267 2479 2363
f 2375 2266 2420
f 2330 2420 2266
f 2316 2266 2375
f 2330 2265 2387
f 2329 2387 2265
f 2265 2287 2329
f 2316 2328 2264
f 2264 2328 2286
f 2349 2263 2398
f 2325 2398 2263
f 2489 639 2474
f 2297 2474 639
f 2312 278 2314
f 639 2314 278
f 2382 2262 2381
f 2487 2261 2446
f 2261 2487 2372
f 2446 2261 868
f 2261 2372 868
f 2260 2306 2293
f 2294 2259 2295
f 2257 2361 2342
f 2361 2257 2293
f 2293 2257 2260
f 646 655 647
f 871 654 2278
f 2357 2256 2338
f 2256 2357 2292
f 2277 2256 2292
f 652 2302 871
f 652 871 2290
f 652 2290 664
f 871 652 654
f 2255 2355 2356
f 2355 2255 2274
f 2523 2254 2441
f 2253 2411 2390
f 2411 2253 2273
f 669 671 658
f 2272 658 671
f 2318 2252 2368
f 872 675 293
f 293 872 2269
f 875 293 675
f 875 872 293
f 2416 2418 2250
f 2386 2250 2418
f 2350 2416 2250
f 2299 2350 2250
f 2287 2250 2386
f 2298 983 2249
f 2326 2362 2248
f 2299 2248 2362
f 2325 2247 2373
f 2283 2373 2247
f 2396 2397 662
f 639 2246 2314
f 2527 2245 2383
f 2245 2527 2348
f 259 2395 2244
f 2311 2314 2243
f 2246 2243 2314
f 244 656 254
f 253 656 254
f 253 244 254
f 259 656 254
f 253 244 248
f 2281 248 2312
f 278 2312 248
f 278 639 248
f 248 244 254
f 248 253 254
f 237 227 260
f 244 227 260
f 244 237 260
f 263 227 260
f 263 244 260
f 255 237 260
f 255 244 260
f 254 244 260
f 2242 2381 2262
f 2241 2346 2309
f 2346 2241 2279
f 2294 2280 2240
f 2240 2258 2294
f 2394 2239 864
f 655 864 2239
f 2304 2239 2394
f 2259 2294 2238
f 2258 2238 2294
f 2433 2237 2360
f 2237 2433 2322
f 251 205 245
f 252 205 245
f 252 251 245
f 679 205 245
f 679 245 251
f 668 205 245
f 668 251 245
f 668 252 245
f 250 251 245
f 250 252 245
f 246 245 252
f 258 252 245
f 2338 2236 2337
f 2236 2338 2256
f 2337 2235 2356
f 2356 2235 2255
f 2235 2337 2236
f 2391 2234 2291
f 2234 2391 2273
f 2441 2233 870
f 870 2233 2271
f 2233 2441 2254
f 2389 2232 2339
f 2232 2389 2301
f 2231 2390 2379
f 2390 2231 2253
f 2368 2230 2380
f 663 667 669
f 664 663 667
f 2228 2366 2352
f 2226 2352 2351
f 2352 2226 2228
f 2226 2270 2228
f 234 2225 2351
f 2351 2225 2226
f 2224 210 875
f 234 2224 2225
f 233 216 2223
f 235 2223 216
f 235 233 2223
f 2456 2222 2388
f 2222 2456 2317
f 2451 980 2363
f 980 2451 981
f 2264 2221 2316
f 2246 639 2220
f 2438 2219 2347
f 2219 2438 2324
f 244 656 279
f 253 279 2489
f 253 656 279
f 253 244 279
f 639 2489 279
f 278 639 279
f 254 656 279
f 254 244 279
f 254 253 279
f 248 244 279
f 248 253 279
f 248 639 279
f 248 278 279
f 254 248 279
f 2296 2311 2218
f 2243 2218 2311
f 2295 2217 2281
f 2259 2217 2295
f 2216 2309 2308
f 2309 2216 2241
f 236 227 261
f 243 236 261
f 237 227 261
f 237 236 261
f 244 227 261
f 244 236 261
f 244 243 261
f 244 237 261
f 666 243 261
f 263 227 261
f 263 236 261
f 263 244 261
f 261 263 2278
f 255 236 261
f 255 243 261
f 255 237 261
f 255 244 261
f 255 666 261
f 260 227 261
f 260 237 261
f 260 244 261
f 260 263 261
f 260 255 261
f 2215 2308 2307
f 2308 2215 2216
f 2258 2240 2214
f 242 249 2307
f 255 242 249
f 249 2274 2255
f 2307 249 2215
f 2279 2213 2277
f 2277 2213 2256
f 2213 2279 2241
f 2256 2213 2236
f 260 255 294
f 249 255 294
f 294 2274 249
f 2238 2258 2212
f 2214 2212 2258
f 655 2211 2341
f 251 205 257
f 252 205 257
f 252 251 257
f 250 251 257
f 250 252 257
f 246 252 257
f 258 257 252
f 665 246 257
f 665 257 258
f 245 205 257
f 245 251 257
f 245 252 257
f 245 250 257
f 245 246 257
f 245 257 258
f 2321 2210 2344
f 2339 2209 2275
f 2209 2339 2232
f 2208 2430 2360
f 2430 2208 2319
f 2318 2341 2207
f 2211 2207 2341
f 2272 667 873
f 664 667 873
f 663 873 667
f 663 664 873
f 2206 234 2227
f 2205 2452 2421
f 2452 2205 2289
f 2265 2330 2204
f 2288 2315 2203
f 2286 2202 2264
f 2284 2326 2201
f 2248 2201 2326
f 2297 2200 2397
f 662 2397 2200
f 2395 2396 621
f 662 621 2396
f 2244 2395 621
f 279 639 274
f 279 254 274
f 2199 2382 2347
f 2382 2199 2262
f 2198 2313 2282
f 868 2197 2282
f 2282 2197 2198
f 247 239 661
f 660 661 239
f 660 247 661
f 253 244 262
f 254 244 262
f 254 253 262
f 248 244 262
f 248 253 262
f 248 278 262
f 254 248 262
f 279 244 262
f 279 253 262
f 279 278 262
f 279 254 262
f 279 248 262
f 2280 2296 2196
f 2218 2196 2296
f 2303 2195 2304
f 237 242 256
f 673 237 256
f 244 237 256
f 255 242 256
f 255 237 256
f 255 673 256
f 255 244 256
f 260 237 256
f 260 244 256
f 260 255 256
f 256 242 249
f 256 255 249
f 256 255 294
f 256 260 294
f 249 256 294
f 2236 2194 2235
f 2194 2241 2216
f 2241 2194 2213
f 2194 2236 2213
f 257 250 2193
f 2191 2255 2235
f 2191 2216 2215
f 2255 2191 249
f 2191 2215 249
f 2235 2194 2191
f 2194 2216 2191
f 251 205 270
f 252 205 270
f 252 251 270
f 646 655 270
f 647 655 270
f 647 646 270
f 245 205 270
f 245 251 270
f 245 252 270
f 270 205 257
f 270 251 257
f 270 252 257
f 270 646 257
f 270 245 257
f 2212 2214 2190
f 2192 2190 2214
f 2189 2342 2340
f 2342 2189 2257
f 2188 2302 652
f 664 2188 652
f 664 873 2188
f 873 261 2188
f 2210 2187 2344
f 2192 2344 2187
f 2190 2192 2187
f 255 666 266
f 652 654 266
f 266 255 659
f 663 659 266
f 2274 264 658
f 658 2272 264
f 294 255 264
f 264 2274 294
f 256 255 264
f 294 256 264
f 659 255 264
f 2321 2359 657
f 2186 2379 2319
f 2379 2186 2231
f 2380 2185 2359
f 2185 2380 2230
f 2252 2318 2184
f 2207 2184 2318
f 2332 2183 669
f 2183 2332 2251
f 669 2183 663
f 663 2183 659
f 659 2183 264
f 258 288 672
f 2270 2182 2228
f 2181 2403 2354
f 2403 2181 2300
f 2181 2354 2271
f 2364 2180 2333
f 2179 2364 235
f 2180 2364 2179
f 2481 2178 2422
f 2178 2481 2300
f 2287 2265 2177
f 2250 2287 2177
f 2204 2177 2265
f 2221 2264 2176
f 2176 2264 2202
f 982 2175 983
f 2249 983 2175
f 2286 2327 2174
f 2284 2174 2327
f 2202 2286 2174
f 2298 2173 2349
f 2263 2349 2173
f 2263 2172 2325
f 2247 2325 2172
f 639 282 2297
f 278 282 639
f 2220 639 282
f 244 656 649
f 253 656 649
f 253 244 649
f 254 656 649
f 254 244 649
f 254 253 649
f 279 656 649
f 279 244 649
f 279 253 649
f 279 639 649
f 279 254 649
f 274 639 649
f 274 254 649
f 274 279 649
f 2372 2171 868
f 2171 2372 2306
f 2171 2306 2260
f 868 2171 2197
f 248 2281 2170
f 2217 2170 2281
f 2240 2280 2169
f 2214 2240 2169
f 2196 2169 2280
f 2303 2344 2168
f 2192 2168 2344
f 2381 2167 2322
f 2167 2381 2242
f 646 655 275
f 647 655 275
f 647 646 275
f 2239 275 655
f 2238 2166 2259
f 2217 2259 2166
f 647 646 276
f 270 646 276
f 270 647 276
f 275 646 276
f 275 647 276
f 2211 655 2165
f 646 655 277
f 647 655 277
f 647 646 277
f 270 655 277
f 270 646 277
f 270 647 277
f 275 655 277
f 275 646 277
f 275 647 277
f 276 646 277
f 276 647 277
f 276 270 277
f 276 275 277
f 2165 655 277
f 647 646 2164
f 2184 273 2252
f 2252 2162 2368
f 2230 2368 2162
f 2161 2366 2228
f 2229 2161 2228
f 2422 2160 2421
f 2421 2160 2205
f 2160 2422 2178
f 2266 2316 2159
f 2221 2159 2316
f 2158 2297 282
f 2383 2157 2324
f 2157 2383 2245
f 2156 2348 2323
f 267 269 268
f 269 268 2305
f 2155 2278 654
f 654 2163 2155
f 2154 2343 2275
f 2154 2275 2209
f 2212 2153 2238
f 2166 2238 2153
f 2187 2152 2190
f 2151 2340 2320
f 2340 2151 2189
f 2150 2320 2291
f 2150 2291 2234
f 2320 2150 2151
f 2333 2148 2269
f 2148 2333 2180
f 2388 2147 2334
f 2147 2388 2222
f 2402 2146 2317
f 2146 2402 2268
f 2266 2145 2330
f 2204 2330 2145
f 2176 2144 2221
f 2285 2143 2315
f 2203 2315 2143
f 2202 630 2176
f 2283 874 2285
f 2348 2142 2245
f 2142 2348 2156
f 2141 2323 2313
f 2141 2313 2198
f 2323 2141 2156
f 254 253 2140
f 279 2140 253
f 279 254 2140
f 237 227 303
f 237 242 303
f 244 227 303
f 244 237 303
f 263 227 303
f 263 244 303
f 255 242 303
f 255 237 303
f 255 244 303
f 255 303 666
f 260 227 303
f 260 237 303
f 260 244 303
f 260 263 303
f 260 255 303
f 261 227 303
f 261 237 303
f 261 244 303
f 261 666 303
f 261 263 303
f 261 255 303
f 261 260 303
f 256 242 303
f 256 237 303
f 256 244 303
f 256 255 303
f 256 260 303
f 2239 2304 2139
f 2195 2139 2304
f 2192 2214 2138
f 2169 2138 2214
f 2190 2137 2212
f 2153 2212 2137
f 2152 2137 2190
f 647 646 271
f 257 646 271
f 257 245 271
f 270 646 271
f 270 647 271
f 270 245 271
f 257 270 271
f 275 646 271
f 275 647 271
f 276 646 271
f 276 647 271
f 276 270 271
f 276 275 271
f 277 646 271
f 277 647 271
f 277 270 271
f 277 275 271
f 277 276 271
f 258 672 290
f 665 258 290
f 257 258 290
f 257 665 290
f 257 270 290
f 288 290 672
f 288 258 290
f 652 654 653
f 653 652 2229
f 653 2229 2228
f 266 654 653
f 266 653 652
f 653 2228 2182
f 654 653 2163
f 653 2182 2149
f 2163 653 2149
f 2334 2136 2301
f 2301 2136 2232
f 2135 2331 2289
f 2376 2134 2268
f 2134 2376 2267
f 2159 2133 2266
f 2145 2266 2133
f 2200 2297 2131
f 2158 2131 2297
f 282 2130 2220
f 279 315 244
f 262 244 315
f 262 279 315
f 259 2129 656
f 2244 2129 259
f 649 656 2129
f 267 269 318
f 268 269 318
f 268 267 318
f 262 248 2128
f 2170 2128 248
f 237 227 265
f 244 227 265
f 244 243 265
f 244 237 265
f 263 227 265
f 263 244 265
f 255 243 265
f 255 237 265
f 255 244 265
f 254 244 265
f 260 227 265
f 260 237 265
f 260 244 265
f 260 263 265
f 260 255 265
f 260 265 254
f 261 227 265
f 261 243 265
f 261 237 265
f 261 244 265
f 261 263 265
f 261 255 265
f 261 260 265
f 262 244 265
f 262 254 265
f 256 237 265
f 256 244 265
f 256 255 265
f 256 260 265
f 265 227 303
f 265 237 303
f 265 244 303
f 265 263 303
f 265 255 303
f 265 260 303
f 265 261 303
f 265 256 303
f 651 265 254
f 2127 250 2305
f 2127 2305 268
f 2126 2260 2257
f 2260 2126 2171
f 2170 2217 2125
f 2166 2125 2217
f 2343 2124 2276
f 2124 2343 2154
f 244 237 304
f 255 237 304
f 255 244 304
f 260 237 304
f 260 244 304
f 260 255 304
f 261 237 304
f 261 244 304
f 261 255 304
f 261 260 304
f 294 255 304
f 294 260 304
f 256 237 304
f 256 244 304
f 256 255 304
f 256 260 304
f 294 256 304
f 266 255 304
f 659 255 304
f 659 266 304
f 264 255 304
f 264 294 304
f 264 256 304
f 264 659 304
f 265 237 304
f 265 244 304
f 265 255 304
f 265 260 304
f 265 261 304
f 265 256 304
f 2168 2192 2123
f 2138 2123 2192
f 261 305 237
f 261 305 666
f 261 305 2188
f 266 666 305
f 304 237 305
f 304 261 305
f 304 266 305
f 658 2121 264
f 2121 256 264
f 2273 2120 2234
f 273 2184 272
f 273 288 272
f 290 288 272
f 273 2119 2252
f 2162 2252 2119
f 2118 2334 2147
f 2334 2118 2136
f 2363 979 2267
f 979 2363 980
f 2133 643 2145
f 2132 643 634
f 2177 2204 2117
f 2145 2117 2204
f 981 2116 982
f 2175 982 2116
f 2250 301 2299
f 2248 2299 301
f 2201 2248 301
f 2143 2285 650
f 874 650 2285
f 2174 628 2202
f 630 2202 628
f 2201 2115 2284
f 2174 2284 2115
f 2249 2114 2298
f 2173 2298 2114
f 2173 627 2263
f 2172 2263 627
f 2130 2113 2220
f 2220 2112 2246
f 2113 2112 2220
f 279 2111 639
f 2110 2347 2219
f 2347 2110 2199
f 2243 2246 2109
f 2112 2109 2246
f 267 269 319
f 268 269 319
f 268 267 319
f 318 269 319
f 318 267 319
f 318 268 319
f 2108 267 2276
f 267 2108 318
f 257 245 284
f 270 245 284
f 257 270 284
f 276 270 284
f 277 270 284
f 277 276 284
f 271 245 284
f 271 257 284
f 271 270 284
f 271 276 284
f 271 277 284
f 257 245 285
f 2193 285 257
f 270 245 285
f 257 270 285
f 277 270 285
f 271 245 285
f 271 257 285
f 271 270 285
f 271 277 285
f 290 257 285
f 290 270 285
f 290 288 285
f 284 245 285
f 284 257 285
f 284 270 285
f 284 277 285
f 284 271 285
f 2187 2210 2107
f 272 290 280
f 285 290 280
f 2106 2273 2253
f 2273 2106 2120
f 273 636 288
f 272 288 636
f 272 273 636
f 2119 273 636
f 280 272 636
f 2105 2270 2226
f 2270 2105 2182
f 2203 2104 2288
f 2159 2221 2103
f 2144 2103 2221
f 2144 2176 2102
f 278 639 302
f 254 253 302
f 279 253 302
f 279 639 302
f 279 278 302
f 279 254 302
f 274 639 302
f 274 254 302
f 274 279 302
f 649 253 302
f 649 639 302
f 649 254 302
f 649 279 302
f 649 274 302
f 2111 302 639
f 2111 279 302
f 2218 2243 2100
f 2109 2100 2243
f 2099 2262 2199
f 2196 2218 2098
f 2100 2098 2218
f 2195 2303 2097
f 2168 2097 2303
f 2096 2257 2189
f 2257 2096 2126
f 2278 648 261
f 648 2278 2155
f 275 647 283
f 276 647 283
f 276 275 283
f 277 647 283
f 277 275 283
f 277 276 283
f 2164 283 647
f 271 647 283
f 271 257 283
f 271 275 283
f 271 276 283
f 271 277 283
f 271 299 283
f 283 257 284
f 283 276 284
f 283 277 284
f 283 271 284
f 283 257 285
f 283 277 285
f 283 271 285
f 284 283 285
f 270 646 281
f 275 646 281
f 276 646 281
f 276 270 281
f 276 275 281
f 277 646 281
f 277 270 281
f 277 275 281
f 277 276 281
f 2164 646 281
f 271 646 281
f 271 270 281
f 271 275 281
f 271 276 281
f 271 277 281
f 281 270 284
f 281 276 284
f 281 277 284
f 281 271 284
f 281 270 285
f 281 277 285
f 281 271 285
f 284 281 285
f 283 275 281
f 283 276 281
f 283 277 281
f 283 2164 281
f 283 271 281
f 281 283 284
f 281 283 285
f 2165 645 2211
f 277 645 2165
f 283 277 645
f 281 277 645
f 281 283 645
f 2322 2095 2237
f 2095 2322 2167
f 2207 2211 642
f 283 271 642
f 281 271 642
f 281 283 642
f 645 642 2211
f 645 283 642
f 645 281 642
f 2152 2187 2094
f 2107 2094 2187
f 2093 2188 305
f 2092 2360 2237
f 2360 2092 2208
f 2232 2091 2209
f 2091 2232 2136
f 290 288 289
f 272 288 289
f 272 290 289
f 285 288 289
f 285 277 289
f 285 290 289
f 280 290 289
f 280 272 289
f 280 285 289
f 289 288 636
f 289 272 636
f 289 280 636
f 2184 2207 295
f 272 2184 295
f 295 272 636
f 642 295 2207
f 289 272 295
f 289 285 295
f 295 289 636
f 2090 2253 2231
f 2253 2090 2106
f 2227 2089 2206
f 2089 2227 644
f 2093 2089 644
f 2230 2088 2185
f 2162 2088 2230
f 2133 2159 2087
f 2087 2159 2103
f 643 633 2145
f 634 643 633
f 2177 2086 2250
f 2117 2086 2177
f 301 2250 2086
f 628 630 2085
f 2247 2084 2283
f 874 2283 2084
f 2324 2083 2219
f 2083 2324 2157
f 278 639 313
f 279 253 313
f 279 639 313
f 279 278 313
f 262 253 313
f 262 278 313
f 262 279 313
f 282 639 313
f 282 278 313
f 315 279 313
f 315 262 313
f 302 253 313
f 302 639 313
f 302 278 313
f 302 279 313
f 2198 638 2141
f 2169 2196 2082
f 2138 2169 2082
f 2098 2082 2196
f 2262 2081 2242
f 2081 2262 2099
f 2123 2080 2168
f 2123 2138 2080
f 2082 2080 2138
f 2153 2079 2166
f 2125 2166 2079
f 2209 2078 2154
f 2078 2209 2091
f 294 256 306
f 264 294 306
f 264 256 306
f 2077 2155 2163
f 2077 2163 2149
f 2155 2077 648
f 277 270 286
f 271 270 286
f 271 277 286
f 290 270 286
f 271 299 286
f 284 270 286
f 284 277 286
f 284 271 286
f 285 270 286
f 285 277 286
f 285 271 286
f 285 290 286
f 285 284 286
f 280 290 286
f 280 285 286
f 283 277 286
f 283 271 286
f 283 299 286
f 284 283 286
f 285 283 286
f 281 270 286
f 281 277 286
f 281 271 286
f 284 281 286
f 285 281 286
f 281 283 286
f 642 271 286
f 642 283 286
f 642 281 286
f 289 277 286
f 289 290 286
f 289 285 286
f 289 280 286
f 2076 2231 2186
f 2231 2076 2090
f 2180 2074 2148
f 641 2179 2206
f 658 641 2121
f 641 2206 2089
f 2179 2073 2180
f 2180 2073 2074
f 2073 2179 641
f 2071 2226 2225
f 2226 2071 2105
f 2317 2070 2222
f 2070 2317 2146
f 2117 2145 2069
f 633 2069 2145
f 2086 2117 2069
f 650 874 640
f 2200 619 662
f 621 619 662
f 282 639 292
f 302 639 292
f 292 639 313
f 292 282 313
f 292 315 313
f 292 302 313
f 2068 2198 2197
f 2198 2068 638
f 262 323 279
f 2128 323 262
f 313 279 323
f 313 262 323
f 661 660 2067
f 265 651 2066
f 262 254 637
f 651 254 637
f 265 254 637
f 265 262 637
f 265 651 637
f 637 2066 651
f 637 265 2066
f 2128 2170 2065
f 2125 2065 2170
f 2139 2195 2064
f 2097 2064 2195
f 625 256 2121
f 276 275 298
f 271 275 298
f 271 276 298
f 271 299 298
f 283 275 298
f 283 276 298
f 283 271 298
f 283 299 298
f 281 275 298
f 281 276 298
f 281 271 298
f 281 283 298
f 645 298 283
f 645 281 298
f 298 271 286
f 298 299 286
f 298 283 286
f 298 281 286
f 624 261 873
f 265 261 624
f 265 256 624
f 304 261 624
f 304 256 624
f 304 265 624
f 305 261 624
f 305 304 624
f 624 873 644
f 2137 2063 2153
f 2079 2153 2063
f 271 257 287
f 271 277 287
f 284 257 287
f 284 277 287
f 284 271 287
f 285 257 287
f 285 277 287
f 285 271 287
f 285 284 287
f 283 257 287
f 283 277 287
f 283 271 287
f 284 283 287
f 285 283 287
f 281 277 287
f 281 271 287
f 284 281 287
f 285 281 287
f 281 283 287
f 287 277 286
f 287 271 286
f 287 284 286
f 287 285 286
f 287 283 286
f 287 281 286
f 298 271 287
f 298 283 287
f 298 281 287
f 287 298 286
f 2137 2152 2062
f 2094 2062 2152
f 2063 2137 2062
f 2234 2061 2150
f 2061 2151 2150
f 612 2234 2120
f 2234 612 2061
f 289 285 296
f 295 285 296
f 295 289 296
f 286 285 296
f 286 289 296
f 287 285 296
f 286 287 296
f 2060 2319 2208
f 2319 2060 2186
f 2076 2186 2060
f 2182 2059 2149
f 2059 2182 2105
f 2149 2059 2077
f 290 288 297
f 272 288 297
f 272 290 297
f 280 290 297
f 280 272 297
f 636 288 297
f 636 272 297
f 636 280 297
f 289 288 297
f 289 290 297
f 289 272 297
f 289 280 297
f 636 289 297
f 295 272 297
f 636 295 297
f 295 289 297
f 286 290 297
f 286 280 297
f 286 289 297
f 2254 2058 2233
f 2058 2254 2185
f 2058 2185 2088
f 2057 2300 2181
f 2300 2057 2178
f 2269 2056 293
f 2056 2269 2148
f 2055 2289 2205
f 2289 2055 2135
f 2135 2055 2072
f 2103 2144 2054
f 2102 2054 2144
f 2143 919 2203
f 2104 2203 919
f 643 2133 635
f 2132 635 643
f 634 635 2132
f 634 643 635
f 633 643 635
f 633 635 634
f 980 2053 981
f 2116 981 2053
f 2101 632 301
f 2086 632 301
f 2069 633 632
f 2069 632 2086
f 2101 301 291
f 632 301 291
f 632 2101 291
f 632 633 291
f 650 310 2143
f 650 310 874
f 310 640 874
f 310 650 640
f 628 2174 2052
f 2115 2052 2174
f 2175 2051 2249
f 2114 2249 2051
f 282 314 2158
f 2131 2158 314
f 2130 282 314
f 313 282 314
f 292 282 314
f 313 292 314
f 2156 2050 2142
f 2129 2049 649
f 268 267 320
f 318 267 320
f 318 268 320
f 319 267 320
f 319 268 320
f 319 318 320
f 2154 2048 2124
f 2048 2154 2078
f 2047 2189 2151
f 2189 2047 2096
f 2047 2151 2061
f 304 264 623
f 305 304 623
f 305 623 2093
f 2093 623 2089
f 306 264 623
f 2089 623 641
f 636 2046 2119
f 297 2046 636
f 631 2271 2233
f 2271 631 2181
f 2075 657 631
f 631 2233 2058
f 2181 631 2057
f 2045 2225 2224
f 2225 2045 2071
f 875 2044 2224
f 2224 2044 2045
f 2043 875 293
f 2043 293 2056
f 875 2043 2044
f 2268 2042 2146
f 2042 2268 2134
f 2103 2041 2087
f 2054 2041 2103
f 2172 2040 2247
f 2084 2247 2040
f 2039 2156 2141
f 2039 2141 638
f 2156 2039 2050
f 2199 2038 2099
f 2037 2197 2171
f 2037 2171 2126
f 2197 2037 2068
f 250 2036 2193
f 2036 250 2127
f 2242 2035 2167
f 2035 2242 2081
f 294 255 308
f 256 255 308
f 294 256 308
f 264 255 308
f 264 294 308
f 264 256 308
f 303 255 308
f 303 256 308
f 304 255 308
f 304 294 308
f 304 256 308
f 304 264 308
f 306 294 308
f 306 256 308
f 306 264 308
f 308 256 625
f 275 2239 2034
f 298 275 2034
f 281 283 300
f 286 283 300
f 286 281 300
f 298 283 300
f 298 281 300
f 286 298 300
f 287 283 300
f 287 281 300
f 286 287 300
f 287 298 300
f 289 285 309
f 295 285 309
f 295 642 309
f 295 289 309
f 286 285 309
f 286 309 642
f 286 289 309
f 287 285 309
f 286 287 309
f 296 285 309
f 296 289 309
f 296 295 309
f 296 286 309
f 296 287 309
f 297 289 309
f 297 295 309
f 297 286 309
f 300 286 309
f 300 287 309
f 2033 2148 2074
f 2148 2033 2056
f 2222 2032 2147
f 2032 2222 2070
f 979 618 980
f 2053 980 618
f 919 2143 920
f 310 920 2143
f 628 630 629
f 2085 630 629
f 2085 629 628
f 2052 629 628
f 2114 607 2173
f 627 2173 607
f 2112 2113 2031
f 621 2030 2244
f 2129 2244 2030
f 2049 2129 2030
f 2079 2028 2125
f 2065 2125 2028
f 271 299 626
f 283 271 626
f 283 299 626
f 281 271 626
f 281 283 626
f 286 271 626
f 286 299 626
f 286 283 626
f 286 281 626
f 298 271 626
f 298 299 626
f 298 283 626
f 298 281 626
f 286 298 626
f 287 271 626
f 287 283 626
f 287 281 626
f 286 287 626
f 287 298 626
f 300 283 626
f 300 281 626
f 300 286 626
f 300 298 626
f 300 287 626
f 309 286 626
f 309 287 626
f 309 300 626
f 312 2121 641
f 312 2074 2073
f 641 312 2073
f 2121 312 625
f 625 312 308
f 615 648 2077
f 624 305 615
f 644 615 624
f 615 2077 2059
f 2107 2210 2027
f 2075 2027 2210
f 2119 2026 2162
f 2046 2026 2119
f 2088 2162 2025
f 2026 2025 2162
f 2024 2205 2160
f 2205 2024 2055
f 2267 978 2134
f 978 2267 979
f 2087 2023 2133
f 635 2133 2023
f 635 2022 633
f 291 633 2022
f 2023 2022 635
f 301 2021 2201
f 2115 2201 2021
f 291 2021 301
f 2052 2115 2021
f 629 2052 2021
f 2022 2021 291
f 640 923 650
f 2131 2020 2200
f 619 2200 2020
f 314 2020 2131
f 2113 2130 2019
f 314 2019 2130
f 2019 2031 2113
f 2018 2245 2142
f 2018 2142 2050
f 2017 2199 2110
f 2199 2017 2038
f 302 649 325
f 313 315 325
f 313 302 325
f 292 315 325
f 292 302 325
f 313 292 325
f 2049 325 649
f 661 311 660
f 311 638 2068
f 2067 660 311
f 2067 311 661
f 2097 2168 2016
f 2080 2016 2168
f 2015 2126 2096
f 2126 2015 2037
f 2139 2014 2239
f 2064 2014 2139
f 2034 2239 2014
f 261 255 307
f 256 255 307
f 264 255 307
f 264 256 307
f 303 255 307
f 303 261 307
f 303 256 307
f 265 255 307
f 265 261 307
f 265 256 307
f 303 265 307
f 304 255 307
f 304 261 307
f 304 256 307
f 304 264 307
f 304 265 307
f 305 261 307
f 305 304 307
f 307 261 648
f 306 256 307
f 306 264 307
f 624 261 307
f 624 256 307
f 624 265 307
f 624 304 307
f 624 305 307
f 623 264 307
f 623 304 307
f 623 305 307
f 623 306 307
f 308 255 307
f 308 256 307
f 308 264 307
f 308 303 307
f 308 304 307
f 308 306 307
f 307 264 615
f 307 615 305
f 307 648 615
f 307 624 615
f 2074 317 2033
f 2074 312 317
f 317 312 625
f 2094 2107 2012
f 2012 2107 2027
f 2046 297 316
f 309 316 297
f 309 316 300
f 626 300 316
f 626 309 316
f 2010 2136 2118
f 2136 2010 2091
f 2009 2105 2071
f 2105 2009 2059
f 2009 2071 2045
f 2059 2009 615
f 312 641 622
f 2008 2072 2055
f 2055 2024 2008
f 2178 2007 2160
f 2007 2178 2057
f 2024 2160 2007
f 2006 2147 2032
f 630 2004 2176
f 2102 2176 2004
f 629 2004 630
f 2021 2004 629
f 2005 2102 2004
f 310 650 922
f 922 650 923
f 2116 2003 2175
f 2051 2175 2003
f 2084 924 874
f 640 874 924
f 923 640 924
f 627 2002 2172
f 2040 2172 2002
f 621 620 662
f 619 662 620
f 619 621 620
f 2030 621 620
f 2219 2001 2110
f 2001 2219 2083
f 2245 2000 2157
f 2157 2000 2083
f 2000 2245 2018
f 318 268 321
f 319 268 321
f 319 318 321
f 320 268 321
f 320 318 321
f 320 319 321
f 323 2128 1999
f 2065 1999 2128
f 2064 2097 1998
f 2016 1998 2097
f 1997 2096 2047
f 2096 1997 2015
f 312 876 625
f 317 625 876
f 312 317 876
f 1996 2237 2095
f 2237 1996 2092
f 877 2120 2106
f 2120 877 612
f 329 612 877
f 877 2106 2011
f 329 877 2011
f 292 302 617
f 314 292 617
f 2019 314 617
f 325 302 617
f 325 292 617
f 2100 2109 1995
f 2098 2100 1995
f 268 1994 2127
f 1994 268 321
f 638 328 2039
f 311 638 328
f 1995 1993 2098
f 311 638 1992
f 328 1992 638
f 328 311 1992
f 318 268 330
f 330 2276 2124
f 319 268 330
f 319 318 330
f 2276 330 2108
f 330 318 2108
f 321 268 330
f 321 318 330
f 321 319 330
f 2082 2098 1991
f 2080 2082 1991
f 2016 2080 1991
f 1993 1991 2098
f 1990 2124 2048
f 2124 1990 330
f 2063 1989 2079
f 2028 2079 1989
f 2167 1988 2095
f 1988 2167 2035
f 623 306 324
f 324 641 623
f 308 306 324
f 312 641 324
f 324 308 312
f 307 306 324
f 307 623 324
f 307 308 324
f 622 324 641
f 622 312 324
f 2091 1987 2078
f 1987 2091 2010
f 1986 2106 2090
f 1986 2090 2076
f 2106 1986 2011
f 2056 1985 2043
f 1985 2056 2033
f 2043 1985 622
f 2147 1984 2118
f 2118 1984 2010
f 1983 2147 2006
f 2147 1983 1984
f 618 979 331
f 2041 1982 2087
f 2023 2087 1982
f 2040 926 2084
f 607 627 327
f 2002 627 327
f 2031 1981 2112
f 2109 2112 1980
f 1995 2109 1980
f 1981 1980 2112
f 313 315 610
f 313 302 610
f 292 315 610
f 292 302 610
f 313 292 610
f 323 313 610
f 314 313 610
f 314 292 610
f 2029 610 323
f 325 315 610
f 325 302 610
f 325 313 610
f 325 292 610
f 617 302 610
f 617 292 610
f 617 314 610
f 617 325 610
f 2078 1979 2048
f 1979 2078 1987
f 608 2061 612
f 2061 608 2047
f 2013 2122 608
f 2047 608 1997
f 2034 1978 298
f 626 298 1978
f 316 626 1978
f 1977 2033 317
f 1977 317 876
f 2033 1977 1985
f 2062 2094 1976
f 2012 1976 2094
f 1975 2208 2092
f 2208 1975 2060
f 658 1974 641
f 1974 2044 2043
f 641 1974 622
f 1974 2043 622
f 1973 2045 2044
f 2045 1973 2009
f 1973 615 2009
f 1973 2044 1974
f 2088 878 2058
f 2058 878 631
f 878 2057 631
f 878 2088 2025
f 2057 878 2007
f 2054 2102 1972
f 2041 2054 1972
f 2005 1972 2102
f 2022 2023 1971
f 2021 2022 1971
f 1982 1971 2023
f 607 616 627
f 327 627 616
f 327 607 616
f 2051 1970 2114
f 607 2114 1970
f 268 267 322
f 318 267 322
f 318 268 322
f 319 267 322
f 319 268 322
f 319 318 322
f 320 267 322
f 320 268 322
f 320 318 322
f 320 319 322
f 321 268 322
f 321 318 322
f 321 319 322
f 321 320 322
f 330 268 322
f 330 318 322
f 330 319 322
f 330 321 322
f 1969 2050 2039
f 2050 1969 2018
f 1969 2039 328
f 323 326 313
f 2029 323 326
f 1999 326 323
f 610 313 326
f 610 323 326
f 610 2029 326
f 1968 2099 2038
f 2028 1966 2065
f 1999 2065 1966
f 2014 2064 1965
f 1998 1965 2064
f 2062 1964 2063
f 1989 2063 1964
f 1964 2062 1976
f 614 658 264
f 623 264 614
f 615 264 614
f 615 614 648
f 307 264 614
f 307 648 614
f 307 623 614
f 615 307 614
f 324 614 623
f 324 307 614
f 1974 658 614
f 615 1973 614
f 614 1973 1974
f 1963 312 622
f 312 1963 876
f 1963 622 1985
f 1977 876 1963
f 1985 1977 1963
f 631 1962 2075
f 2027 2075 1962
f 2026 2046 1961
f 316 1961 2046
f 1978 1961 316
f 900 2008 2024
f 2007 900 2024
f 900 2007 878
f 2146 1960 2070
f 1960 2146 2042
f 919 1959 920
f 2083 1958 2001
f 1958 2083 2000
f 1957 2068 2037
f 2068 1957 311
f 1957 2037 2015
f 2099 1956 2081
f 1956 2099 1968
f 329 613 612
f 877 613 612
f 877 329 613
f 612 613 608
f 2134 977 2042
f 977 2134 978
f 2020 1954 619
f 620 619 1954
f 620 1954 2030
f 2020 314 611
f 617 314 611
f 610 314 611
f 610 617 611
f 1954 2020 611
f 2031 2019 1953
f 1981 2031 1953
f 617 1952 2019
f 610 1952 617
f 1953 2019 1952
f 2030 1951 2049
f 325 2049 1951
f 610 325 1951
f 1954 1951 2030
f 611 610 1951
f 611 1951 1954
f 1950 2038 2017
f 2014 1949 2034
f 1978 2034 1949
f 1965 1949 2014
f 2060 1948 2076
f 2076 1948 1986
f 1961 1947 2026
f 900 1947 878
f 2004 2021 1946
f 1971 1946 2021
f 1971 1982 1946
f 920 310 921
f 922 921 310
f 921 920 1959
f 2053 1945 2116
f 2003 2116 1945
f 922 1944 923
f 923 1944 924
f 1944 922 921
f 2110 1943 2017
f 1943 2110 2001
f 2017 1943 1950
f 326 1942 610
f 1952 610 1942
f 2038 1941 1968
f 1941 2038 1950
f 2048 1940 1990
f 1940 2048 1979
f 1998 2016 1939
f 2013 609 2122
f 608 2122 609
f 608 609 2013
f 609 1997 608
f 609 608 613
f 2095 1938 1996
f 1938 2095 1988
f 2027 1937 2012
f 618 1936 2053
f 1945 2053 1936
f 2002 927 2040
f 926 2040 927
f 322 321 334
f 2127 1935 2036
f 1935 2127 1994
f 1991 1934 2016
f 1934 1939 2016
f 2081 1933 2035
f 1933 2081 1956
f 1932 2015 1997
f 2015 1932 1957
f 1997 609 1932
f 1989 1931 2028
f 1966 2028 1931
f 1965 1998 1930
f 1939 1930 1998
f 1947 1929 878
f 878 1928 631
f 1962 631 1928
f 1929 1928 878
f 2070 1927 2032
f 1927 2070 1960
f 919 918 2104
f 919 918 1959
f 1955 2104 918
f 978 1926 979
f 331 979 1926
f 2004 1925 2005
f 1982 2041 1925
f 1972 1925 2041
f 1972 2005 1925
f 1946 1925 2004
f 1946 1982 1925
f 327 928 2002
f 928 927 2002
f 924 2084 925
f 926 925 2084
f 2003 1924 2051
f 1970 2051 1924
f 327 607 606
f 616 606 607
f 616 327 606
f 928 327 606
f 311 1923 328
f 328 1923 1969
f 326 1999 1922
f 1966 1922 1999
f 1949 1965 1921
f 1930 1921 1965
f 1961 1978 1920
f 1949 1920 1978
f 1921 1920 1949
f 1919 2092 1996
f 2092 1919 1975
f 329 1918 613
f 2010 1917 1987
f 1917 2010 1984
f 1947 1961 1916
f 1929 1947 1916
f 1920 1916 1961
f 1915 2001 1958
f 2001 1915 1943
f 1914 2036 1935
f 1913 311 1957
f 311 1913 1923
f 2035 1912 1988
f 1912 2035 1933
f 613 1911 609
f 1911 1932 609
f 1987 1910 1979
f 1987 1917 1910
f 1909 329 2011
f 329 1909 1918
f 2032 1908 2006
f 1908 2032 1927
f 2042 976 1960
f 976 2042 977
f 331 618 332
f 333 332 331
f 1936 618 332
f 603 332 333
f 1953 1907 1981
f 1952 1906 1953
f 1942 1906 1952
f 1907 1953 1906
f 321 268 335
f 330 268 335
f 330 321 335
f 335 330 1990
f 322 268 335
f 322 321 335
f 322 330 335
f 334 321 335
f 334 322 335
f 1993 1995 1905
f 1980 1905 1995
f 1905 1904 1993
f 1991 1993 1903
f 1934 1991 1903
f 1904 1903 1993
f 1964 1902 1989
f 1931 1989 1902
f 1901 2060 1975
f 2060 1901 1948
f 1920 1921 1900
f 1916 1900 1929
f 1916 1920 1900
f 1976 2012 1899
f 1937 1899 2012
f 1959 1898 921
f 331 337 618
f 333 331 337
f 1926 337 331
f 332 618 337
f 332 331 337
f 332 333 337
f 322 330 605
f 605 330 335
f 605 322 335
f 2018 1897 2000
f 2000 1897 1958
f 1896 2018 1969
f 1896 1969 1923
f 1897 2018 1896
f 1895 1923 1913
f 1931 1894 1966
f 1922 1966 1894
f 1893 1957 1932
f 1957 1893 1913
f 1893 1932 1911
f 1913 1893 1895
f 1892 613 1918
f 613 1892 1911
f 1911 1892 1893
f 1976 1891 1964
f 1902 1964 1891
f 1891 1976 1899
f 1890 2011 1986
f 2011 1890 1909
f 1928 1889 1962
f 2006 1888 1983
f 1888 2006 1908
f 337 1887 332
f 332 931 603
f 1887 931 332
f 932 931 1887
f 921 1886 1944
f 929 928 927
f 928 603 929
f 322 321 601
f 334 321 601
f 334 322 601
f 335 321 601
f 335 322 601
f 335 334 601
f 1980 1981 1885
f 1907 1885 1981
f 1905 1980 1885
f 1884 1950 1943
f 1950 1884 1941
f 1942 326 1883
f 1922 1883 326
f 1906 1942 1883
f 1930 1939 1882
f 1921 1930 1881
f 1900 1921 1881
f 1882 1881 1930
f 1880 1986 1948
f 1986 1880 1890
f 1928 1929 1879
f 1900 1879 1929
f 1881 1879 1900
f 1962 1878 2027
f 1937 2027 1878
f 1877 921 1898
f 921 1877 1886
f 603 333 604
f 928 604 603
f 332 333 604
f 332 603 604
f 337 604 333
f 337 332 604
f 1876 924 1944
f 924 1876 925
f 1876 1944 1886
f 1875 1941 1884
f 1958 1874 1915
f 1874 1958 1897
f 1968 1873 1956
f 1873 1968 1941
f 1873 1941 1875
f 1956 1872 1933
f 1872 1956 1873
f 1939 1934 1871
f 1903 1871 1934
f 1871 1882 1939
f 1979 1870 1940
f 1870 1979 1910
f 1869 1895 1893
f 1869 1893 1892
f 1988 1868 1938
f 1868 1988 1912
f 1867 1918 1909
f 1918 1867 1892
f 1892 1867 1869
f 1866 1996 1938
f 1996 1866 1919
f 1865 1984 1983
f 1984 1865 1917
f 1865 1983 1888
f 975 1960 976
f 1864 1959 918
f 1959 1864 1898
f 932 1887 933
f 926 1863 927
f 1863 926 925
f 1945 1862 2003
f 1924 2003 1862
f 1970 595 607
f 606 607 595
f 1861 1943 1915
f 1943 1861 1884
f 2036 594 1967
f 594 1990 1940
f 594 2036 1914
f 1990 594 335
f 594 605 335
f 1923 1860 1896
f 1860 1923 1895
f 1860 1895 1869
f 322 321 602
f 334 321 602
f 334 322 602
f 335 321 602
f 335 322 602
f 335 334 602
f 601 321 602
f 601 322 602
f 601 334 602
f 601 335 602
f 1902 1858 1931
f 1894 1931 1858
f 1857 1909 1890
f 1909 1857 1867
f 1856 1910 1917
f 1855 1975 1919
f 1975 1855 1901
f 977 1854 978
f 1926 978 1854
f 336 1853 341
f 931 930 603
f 930 932 931
f 929 603 930
f 321 1852 1994
f 1852 321 601
f 1933 1851 1912
f 1851 1933 1872
f 1850 1869 1867
f 1869 1850 1860
f 1850 1867 1857
f 1849 1948 1901
f 1948 1849 1880
f 1881 1882 1848
f 1879 1881 1848
f 1889 1928 1847
f 1879 1847 1928
f 1848 1847 1879
f 1960 974 1927
f 974 1960 975
f 1898 1846 1877
f 1845 1877 1846
f 336 1845 1846
f 1906 1844 1907
f 1883 1844 1906
f 1843 1915 1874
f 1915 1843 1861
f 1894 1842 1922
f 1883 1922 1842
f 1858 1842 1894
f 1896 1841 1897
f 1841 1896 1860
f 1860 1850 1841
f 1897 1840 1874
f 1840 1897 1841
f 1839 1890 1880
f 1890 1839 1857
f 1857 1839 1850
f 1880 1849 1839
f 1839 1841 1850
f 1849 1840 1839
f 1841 1839 1840
f 1838 1938 1868
f 1938 1838 1866
f 1899 1937 1837
f 1878 1837 1937
f 337 1926 598
f 1854 598 1926
f 932 1835 933
f 1835 932 930
f 1834 925 1876
f 1886 1834 1876
f 925 1834 1863
f 1924 342 1970
f 595 1970 342
f 1885 1907 1833
f 1844 1833 1907
f 1904 1905 1832
f 1885 1832 1905
f 1831 1940 1870
f 1940 1831 594
f 1903 1904 1830
f 1871 1903 1830
f 1889 1829 1962
f 1878 1962 1829
f 1828 1886 1877
f 1828 1877 1845
f 1886 1828 1834
f 1936 1827 1945
f 1862 1945 1827
f 927 1826 929
f 1826 927 1863
f 606 338 928
f 604 928 338
f 595 338 606
f 1994 1825 1935
f 1825 1994 1852
f 1874 1824 1843
f 1824 1874 1840
f 1824 1840 1849
f 1882 1871 1823
f 1848 1882 1823
f 1830 1823 1871
f 1822 1901 1855
f 1901 1822 1849
f 1849 1822 1824
f 1891 1821 1902
f 1858 1902 1821
f 1820 1919 1866
f 1919 1820 1855
f 1819 1917 1865
f 1917 1819 1856
f 1888 1818 1865
f 973 1927 974
f 918 480 1955
f 1836 1955 480
f 976 1817 977
f 1854 977 1817
f 1816 1898 1864
f 1898 1816 1846
f 337 332 344
f 598 337 344
f 332 348 1936
f 604 348 332
f 348 1827 1936
f 348 604 338
f 344 332 348
f 1884 1815 1875
f 1815 1884 1861
f 1875 1814 1873
f 1844 1883 1813
f 1842 1813 1883
f 1832 1812 1904
f 1830 1904 1812
f 1811 1912 1851
f 1912 1810 1868
f 1868 1810 1838
f 1810 1912 1811
f 1899 1809 1891
f 1837 1809 1899
f 1821 1891 1809
f 1927 1808 1908
f 1808 1927 973
f 1935 351 1914
f 1914 351 594
f 351 605 594
f 351 1935 1825
f 1807 1875 1815
f 1814 1875 1807
f 1806 1861 1843
f 1861 1806 1815
f 1805 1843 1824
f 1805 1824 1822
f 1843 1805 1806
f 1873 1804 1872
f 1804 1873 1814
f 1910 1803 1870
f 1803 1910 1856
f 1802 1866 1838
f 1866 1802 1820
f 1838 1810 1802
f 1887 337 1801
f 933 1887 934
f 1801 934 1887
f 1845 1800 1828
f 1862 1799 1924
f 342 1924 1799
f 1798 322 605
f 322 1798 602
f 1798 605 351
f 1833 1797 1885
f 1832 1885 1797
f 1812 1832 1797
f 1842 1858 1796
f 1821 1796 1858
f 1855 1795 1822
f 1795 1855 1820
f 1822 1795 1805
f 1847 1848 1794
f 1823 1794 1848
f 1847 1793 1889
f 1829 1889 1793
f 1794 1793 1847
f 1908 1792 1888
f 1792 1908 1808
f 1817 976 1791
f 929 1789 930
f 1789 929 1826
f 601 1788 1852
f 1872 1787 1851
f 1851 1787 1811
f 1787 1872 1804
f 1865 1786 1819
f 918 917 1864
f 917 918 480
f 341 1853 353
f 336 353 1853
f 341 336 353
f 353 341 600
f 341 336 340
f 336 340 1845
f 1845 340 1800
f 353 341 340
f 353 336 340
f 930 1785 1835
f 930 1790 1785
f 1784 1863 1834
f 1863 1784 1826
f 348 344 354
f 342 595 339
f 338 595 339
f 596 342 339
f 599 1967 594
f 594 1859 599
f 1833 1844 1783
f 1813 1783 1844
f 1797 1833 1782
f 1783 1782 1833
f 1781 1806 1805
f 1781 1805 1795
f 1870 592 1831
f 592 1870 1803
f 1780 1820 1802
f 1820 1780 1795
f 1795 1780 1781
f 1837 1878 1779
f 1829 1779 1878
f 1778 1846 1816
f 1777 933 1835
f 933 1777 934
f 1776 1834 1828
f 1834 1776 1784
f 354 348 343
f 1823 1830 1775
f 1794 1823 1775
f 1888 1774 1818
f 1774 1888 1792
f 975 1773 976
f 1791 976 1773
f 930 1772 1790
f 1772 930 1789
f 594 349 1859
f 599 594 349
f 599 1859 349
f 1804 1770 1787
f 1856 1769 1803
f 1768 1811 1787
f 1768 1787 1770
f 1811 1767 1810
f 1767 1802 1810
f 1802 1767 1780
f 1811 1768 1767
f 1766 1865 1818
f 1865 1766 1786
f 336 1765 341
f 1765 336 1846
f 1765 1846 1778
f 337 597 332
f 598 337 597
f 598 1854 597
f 348 332 597
f 1801 337 597
f 1764 1828 1800
f 1828 1764 1776
f 344 345 598
f 348 344 345
f 354 344 345
f 354 348 345
f 343 348 345
f 343 354 345
f 597 598 345
f 597 345 348
f 1763 601 602
f 601 1763 1788
f 1815 1762 1807
f 1762 1815 1806
f 1762 1806 1781
f 1807 1761 1814
f 1814 1761 1804
f 1770 1804 1761
f 1813 1842 1760
f 1796 1760 1842
f 1809 1758 1821
f 1796 1821 1758
f 1760 1796 1758
f 1864 916 1816
f 916 1864 917
f 1826 1757 1789
f 1757 1826 1784
f 1827 348 346
f 338 348 346
f 354 348 346
f 339 338 346
f 345 348 346
f 345 354 346
f 338 348 347
f 354 348 347
f 596 347 342
f 339 342 347
f 339 338 347
f 339 596 347
f 343 348 347
f 343 354 347
f 343 347 596
f 345 348 347
f 345 354 347
f 345 343 347
f 346 338 347
f 346 348 347
f 346 354 347
f 346 339 347
f 346 345 347
f 1827 1756 1862
f 1799 1862 1756
f 346 1756 1827
f 342 595 350
f 338 595 350
f 339 595 350
f 339 342 350
f 339 338 350
f 346 338 350
f 346 339 350
f 347 342 350
f 347 338 350
f 347 339 350
f 347 346 350
f 339 372 595
f 350 595 372
f 350 339 372
f 1755 1852 1788
f 1754 1807 1762
f 1807 1754 1761
f 1783 1813 1753
f 1760 1753 1813
f 1812 1752 1830
f 1797 1752 1812
f 1775 1830 1752
f 1809 1837 1750
f 1779 1750 1837
f 1758 1809 1750
f 1782 1747 1797
f 1782 1783 1747
f 1747 1752 1797
f 1746 1780 1767
f 1746 1767 1768
f 1793 1794 1745
f 1775 1745 1794
f 1752 1745 1775
f 1793 1744 1829
f 1779 1829 1744
f 1745 1744 1793
f 974 1743 975
f 1773 975 1743
f 353 341 352
f 600 341 352
f 600 353 352
f 340 341 352
f 340 353 352
f 352 341 1765
f 1742 1835 1785
f 1835 1742 1777
f 1741 1784 1776
f 1784 1741 1757
f 1740 1785 1790
f 350 347 358
f 1799 1739 342
f 350 342 1739
f 1738 1781 1780
f 1781 1738 1762
f 1762 1738 1754
f 1738 1780 1746
f 1770 1737 1768
f 1761 1737 1770
f 1768 1737 1746
f 1759 1736 1751
f 1735 1856 1819
f 1856 1735 1769
f 1734 1818 1774
f 1818 1734 1766
f 480 1733 1836
f 1748 1836 1733
f 1732 1800 340
f 1800 1732 1764
f 934 1801 935
f 1789 1731 1772
f 1731 1789 1757
f 1730 1761 1754
f 1754 1738 1730
f 1738 1746 1730
f 1737 1761 1730
f 1746 1737 1730
f 1749 1728 1729
f 1817 938 1854
f 597 1854 938
f 1726 1776 1764
f 1776 1726 1741
f 1726 1764 1732
f 1725 1790 1772
f 1790 1725 1740
f 1772 1731 1725
f 338 348 359
f 348 344 359
f 354 344 359
f 354 348 359
f 339 338 359
f 339 596 359
f 343 348 359
f 343 354 359
f 343 596 359
f 345 344 359
f 345 348 359
f 345 354 359
f 345 343 359
f 346 338 359
f 346 348 359
f 346 354 359
f 346 339 359
f 346 345 359
f 347 338 359
f 347 348 359
f 347 354 359
f 347 596 359
f 347 339 359
f 347 343 359
f 347 345 359
f 347 346 359
f 350 338 359
f 350 339 359
f 350 346 359
f 350 347 359
f 1723 1751 1736
f 1722 1749 1729
f 1721 1749 1722
f 973 972 1808
f 973 1719 974
f 1743 974 1719
f 1816 915 1778
f 915 1816 916
f 1718 934 1777
f 934 1718 935
f 1717 1740 1725
f 339 593 596
f 347 596 593
f 347 339 593
f 346 339 1716
f 1756 1716 1799
f 1756 346 1716
f 1739 1799 1716
f 1852 374 1825
f 351 594 374
f 1825 374 351
f 599 594 374
f 349 374 594
f 349 599 374
f 374 1852 1755
f 1771 1715 1759
f 1753 1714 1783
f 1747 1783 1714
f 1752 1747 1713
f 1745 1752 1713
f 1744 1745 1713
f 1714 1713 1747
f 1758 1712 1760
f 1753 1760 1712
f 1750 1712 1758
f 1714 1753 1712
f 1711 1819 1786
f 1819 1711 1735
f 1808 1709 1792
f 1808 972 1709
f 917 1708 480
f 1733 480 1708
f 1707 1757 1741
f 1757 1707 1731
f 350 339 879
f 372 879 339
f 372 350 879
f 1739 879 350
f 1716 339 879
f 1716 879 1739
f 1706 602 1798
f 602 1706 1763
f 378 594 1831
f 351 594 378
f 351 378 1798
f 374 594 378
f 374 351 378
f 1759 1705 1736
f 1705 1759 1715
f 1750 1779 1704
f 1744 1704 1779
f 1713 1704 1744
f 1713 1714 1704
f 1712 1750 1704
f 1712 1704 1714
f 1774 1703 1734
f 972 1702 973
f 1719 973 1702
f 1791 939 1817
f 938 1817 939
f 352 353 355
f 600 353 363
f 352 353 363
f 352 600 363
f 355 353 363
f 355 352 363
f 1701 1725 1731
f 1725 1701 1717
f 1701 1731 1707
f 1785 1700 1742
f 1700 1785 1740
f 350 346 357
f 1803 1699 592
f 1699 1803 1769
f 592 1699 1724
f 1697 1792 1709
f 1720 1710 1696
f 1749 1695 1728
f 1695 1749 1721
f 1696 1694 1720
f 1693 1729 1728
f 597 936 1801
f 935 1801 936
f 1692 1741 1726
f 1741 1692 1707
f 1701 1707 1692
f 347 339 360
f 350 339 360
f 350 347 360
f 372 339 360
f 372 350 360
f 358 347 360
f 358 350 360
f 593 339 360
f 593 347 360
f 592 1691 1771
f 1771 1691 1715
f 1736 1690 1723
f 1690 1736 1705
f 1689 1786 1766
f 1786 1689 1711
f 1728 1686 1693
f 1685 1788 1763
f 1788 1685 1755
f 579 1831 592
f 579 592 1724
f 1831 579 378
f 1792 1684 1774
f 1684 1792 1697
f 1720 1683 1710
f 1708 917 1682
f 1773 940 1791
f 939 1791 940
f 356 340 352
f 340 356 1732
f 1727 356 352
f 1726 1681 1692
f 1680 1740 1717
f 1680 1717 1701
f 1740 1680 1700
f 1679 1777 1742
f 1777 1679 1718
f 346 354 361
f 347 354 361
f 347 346 361
f 350 346 361
f 350 347 361
f 372 350 361
f 359 354 361
f 359 346 361
f 359 347 361
f 359 350 361
f 593 347 361
f 360 347 361
f 360 350 361
f 360 372 361
f 360 593 361
f 372 350 365
f 358 350 365
f 360 350 365
f 360 372 365
f 360 358 365
f 372 350 366
f 357 350 366
f 360 350 366
f 360 372 366
f 365 350 366
f 365 372 366
f 365 360 366
f 1678 1723 1690
f 1723 1678 1688
f 1774 1677 1703
f 1677 1774 1684
f 1694 1676 1720
f 1778 387 1765
f 1765 387 352
f 1727 352 387
f 1732 387 1726
f 387 1778 915
f 356 352 387
f 387 1732 356
f 356 1727 387
f 1726 387 1681
f 1798 1675 1706
f 1675 1798 378
f 1674 1769 1735
f 1769 1674 1699
f 1673 1766 1734
f 1766 1673 1689
f 1672 1722 1698
f 1696 1710 1671
f 590 1671 1710
f 1683 1670 1710
f 590 1710 1670
f 1669 1728 1695
f 1728 1669 1686
f 1683 1720 1668
f 1668 1720 1676
f 916 1667 917
f 915 1667 916
f 1682 917 1667
f 938 937 597
f 936 597 937
f 1692 1666 1701
f 1666 1692 1681
f 1701 1665 1680
f 1665 1701 1666
f 1664 935 1718
f 1694 1696 1663
f 1671 1663 1696
f 355 352 364
f 363 352 364
f 363 355 364
f 356 352 364
f 387 352 364
f 387 356 364
f 1715 1660 1705
f 1659 1688 1678
f 1722 1657 1721
f 1657 1722 1672
f 375 380 362
f 591 362 375
f 912 1662 591
f 591 912 362
f 1676 1694 1656
f 1663 1656 1694
f 1743 941 1773
f 940 1773 941
f 1655 1742 1700
f 1742 1655 1679
f 350 346 368
f 372 350 368
f 357 346 368
f 357 350 368
f 360 350 368
f 360 372 368
f 361 346 368
f 361 350 368
f 361 372 368
f 361 360 368
f 365 350 368
f 365 372 368
f 365 360 368
f 366 350 368
f 366 372 368
f 366 357 368
f 366 360 368
f 366 365 368
f 367 366 368
f 1705 1654 1690
f 1654 1705 1660
f 1653 1735 1711
f 1735 1653 1674
f 1652 1688 1659
f 1687 380 577
f 1651 1686 1669
f 1686 1651 1661
f 1662 912 1650
f 913 1650 912
f 589 1650 913
f 1649 1693 1686
f 1649 1686 1661
f 387 1648 915
f 1667 915 1648
f 1646 1763 1706
f 1763 1646 1685
f 1645 1724 1699
f 1724 1645 579
f 1642 1734 1703
f 1734 1642 1673
f 375 380 376
f 591 375 376
f 362 380 376
f 362 375 376
f 362 591 376
f 376 380 577
f 1658 590 1641
f 1671 590 880
f 1663 1671 880
f 1658 880 590
f 1641 590 880
f 1641 880 1658
f 1640 1661 1651
f 589 1661 1640
f 913 589 1640
f 938 1639 939
f 1639 938 937
f 935 1638 936
f 1638 935 1664
f 1637 1700 1680
f 1700 1637 1655
f 1637 1680 1647
f 368 361 1636
f 350 346 369
f 372 350 369
f 358 350 369
f 359 346 369
f 359 350 369
f 360 350 369
f 360 372 369
f 360 358 369
f 361 346 369
f 361 350 369
f 361 372 369
f 361 359 369
f 361 360 369
f 365 350 369
f 365 372 369
f 365 358 369
f 365 360 369
f 366 350 369
f 366 372 369
f 366 360 369
f 366 365 369
f 368 346 369
f 368 350 369
f 368 372 369
f 368 360 369
f 368 361 369
f 368 365 369
f 368 366 369
f 1636 361 369
f 1636 369 368
f 374 351 583
f 1755 583 374
f 378 351 583
f 378 374 583
f 583 1755 1685
f 1690 1635 1678
f 1635 1690 1654
f 1721 1633 1695
f 1633 1721 1657
f 1662 1632 591
f 362 591 1632
f 971 1709 972
f 1632 1662 1631
f 1668 588 1683
f 1630 1681 387
f 1681 1630 1666
f 363 355 586
f 364 355 586
f 364 363 586
f 1629 1718 1679
f 1718 1629 1664
f 1628 1715 1691
f 1715 1628 1660
f 1626 1711 1689
f 1711 1626 1653
f 383 1643 379
f 383 379 381
f 1625 912 913
f 1625 913 1640
f 1670 1683 587
f 1656 1663 587
f 587 1632 1631
f 587 1683 588
f 1631 588 587
f 1719 942 1743
f 941 1743 942
f 363 355 585
f 364 355 585
f 364 363 585
f 586 355 585
f 586 363 585
f 586 364 585
f 365 360 370
f 366 360 370
f 366 365 370
f 367 366 370
f 368 360 370
f 368 365 370
f 368 366 370
f 368 367 370
f 369 360 370
f 369 365 370
f 369 366 370
f 369 368 370
f 366 357 371
f 367 366 371
f 370 366 371
f 370 367 371
f 1624 1644 1627
f 1644 1623 1643
f 1643 1623 379
f 1623 1644 1624
f 1678 1622 1659
f 1622 1678 1635
f 376 375 377
f 383 379 377
f 381 383 377
f 381 379 377
f 1620 362 912
f 362 1620 376
f 1620 912 1625
f 939 1619 940
f 1619 939 1639
f 1647 1618 1637
f 1617 1703 1677
f 1703 1617 1642
f 1695 1616 1669
f 1616 1695 1633
f 1702 972 1615
f 971 1615 972
f 1656 1614 1676
f 1666 1613 1665
f 1613 1666 1630
f 1612 1680 1665
f 1680 1612 1647
f 1618 1647 1612
f 1612 1665 1613
f 1611 1637 1618
f 360 372 584
f 361 372 584
f 361 360 584
f 365 372 584
f 365 360 584
f 366 372 584
f 366 360 584
f 366 365 584
f 368 372 584
f 368 360 584
f 368 361 584
f 368 365 584
f 368 366 584
f 369 372 584
f 369 360 584
f 369 361 584
f 369 365 584
f 369 366 584
f 369 368 584
f 370 360 584
f 370 365 584
f 370 366 584
f 370 368 584
f 370 369 584
f 371 366 584
f 371 370 584
f 360 372 373
f 361 372 373
f 361 360 373
f 365 372 373
f 365 360 373
f 366 372 373
f 366 357 373
f 366 360 373
f 366 365 373
f 367 366 373
f 368 372 373
f 368 357 373
f 368 360 373
f 368 361 373
f 368 365 373
f 368 366 373
f 368 367 373
f 369 372 373
f 369 360 373
f 369 361 373
f 369 365 373
f 369 366 373
f 369 368 373
f 370 360 373
f 370 365 373
f 370 366 373
f 370 367 373
f 370 368 373
f 370 369 373
f 371 357 373
f 371 366 373
f 371 367 373
f 371 370 373
f 584 372 373
f 584 360 373
f 584 361 373
f 584 365 373
f 584 366 373
f 584 368 373
f 584 369 373
f 584 370 373
f 584 371 373
f 374 351 578
f 378 351 578
f 378 374 578
f 579 578 378
f 583 351 578
f 583 374 578
f 583 378 578
f 1610 1699 1674
f 1699 1610 1645
f 1609 1644 1643
f 1608 1689 1673
f 1689 1608 1626
f 1607 1643 383
f 1643 1607 1609
f 1670 582 590
f 880 590 582
f 880 582 1663
f 587 582 1670
f 587 1663 582
f 1669 1606 1651
f 1606 1669 1616
f 1651 1605 1640
f 1640 1605 1625
f 1605 1651 1606
f 587 1604 1656
f 588 1604 587
f 1650 580 1662
f 1631 1662 580
f 588 1631 580
f 1702 943 1719
f 942 1719 943
f 1676 1603 1668
f 1614 1603 1676
f 940 1602 941
f 1602 940 1619
f 936 1601 937
f 1601 936 1638
f 1600 1679 1655
f 1679 1600 1629
f 1599 1685 1646
f 1685 1599 583
f 1660 1598 1654
f 1644 1597 1627
f 1644 1609 1597
f 1659 1596 1652
f 1596 1659 1622
f 379 382 381
f 376 375 581
f 377 375 581
f 377 376 581
f 1698 1595 1672
f 1595 1698 1621
f 914 1661 589
f 1661 914 1649
f 364 387 385
f 1648 387 385
f 1627 1594 1624
f 1660 1593 1598
f 1654 1592 1635
f 1592 1654 1598
f 1672 1591 1657
f 1591 1672 1595
f 1625 1590 1620
f 1590 1625 1605
f 375 380 575
f 362 380 575
f 362 375 575
f 376 380 575
f 376 375 575
f 376 362 575
f 1632 575 362
f 377 375 575
f 377 376 575
f 581 375 575
f 581 376 575
f 581 377 575
f 1615 944 1702
f 943 1702 944
f 588 1668 399
f 580 399 588
f 1603 399 1668
f 1614 1656 1589
f 1604 1589 1656
f 1650 589 1588
f 914 1588 589
f 389 1650 1588
f 387 356 386
f 364 356 386
f 364 387 386
f 385 387 386
f 385 364 386
f 1664 1587 1638
f 1587 1664 1629
f 1586 1706 1675
f 1706 1586 1646
f 579 378 396
f 378 396 1675
f 396 579 1645
f 578 378 396
f 578 579 396
f 1585 1627 1597
f 1627 1585 1594
f 1584 1624 1594
f 1583 1674 1653
f 1674 1583 1610
f 1624 1582 1623
f 1582 1624 1584
f 1677 1581 1617
f 383 379 574
f 381 383 574
f 381 379 574
f 376 574 377
f 377 383 574
f 377 379 574
f 377 381 574
f 574 376 1620
f 1697 1580 1684
f 577 380 576
f 376 380 576
f 577 576 376
f 582 577 576
f 581 576 376
f 576 380 575
f 576 376 575
f 576 581 575
f 1709 1579 1697
f 1579 1709 971
f 587 881 1632
f 588 587 881
f 582 881 587
f 575 1632 881
f 580 1650 390
f 389 390 1650
f 1667 1578 1682
f 387 356 388
f 364 356 388
f 364 387 388
f 387 388 1630
f 385 387 388
f 385 364 388
f 386 356 388
f 386 387 388
f 386 364 388
f 386 385 388
f 586 364 479
f 585 479 364
f 585 586 479
f 385 364 479
f 386 364 479
f 386 385 479
f 388 364 479
f 388 385 479
f 388 386 479
f 937 1577 1639
f 1577 937 1601
f 1576 1655 1637
f 1655 1576 1600
f 1635 1575 1622
f 1575 1635 1592
f 1574 1673 1642
f 1673 1574 1608
f 383 1573 1607
f 1572 379 1623
f 379 1572 382
f 574 397 383
f 383 397 1573
f 1652 1571 1634
f 1571 1652 1596
f 377 381 570
f 382 381 570
f 581 377 570
f 1684 1570 1677
f 1677 1570 1581
f 1570 1684 1580
f 1697 1569 1580
f 1569 1697 1579
f 941 1568 942
f 390 389 391
f 1566 1623 1582
f 381 383 384
f 377 383 384
f 377 381 384
f 382 381 384
f 581 384 377
f 574 383 384
f 574 381 384
f 574 377 384
f 397 383 384
f 397 382 384
f 397 574 384
f 384 381 570
f 384 377 570
f 384 382 570
f 384 581 570
f 1657 1565 1633
f 1565 1657 1591
f 390 389 559
f 391 389 559
f 391 390 559
f 387 356 569
f 364 356 569
f 364 387 569
f 385 387 569
f 385 364 569
f 386 356 569
f 386 387 569
f 386 364 569
f 386 385 569
f 388 356 569
f 388 387 569
f 388 364 569
f 388 385 569
f 388 386 569
f 479 364 569
f 479 385 569
f 479 386 569
f 479 388 569
f 1567 1618 1563
f 583 1562 578
f 1562 583 1599
f 1561 1645 1610
f 1645 1561 396
f 1560 1653 1626
f 1653 1560 1583
f 1559 1597 1609
f 1558 1609 1607
f 1558 1607 1573
f 1609 1558 1559
f 1634 1557 1621
f 1557 1634 1571
f 1606 1556 1605
f 1605 1556 1590
f 559 401 391
f 479 1555 569
f 569 479 1554
f 1639 1553 1619
f 1553 1639 1577
f 1618 1552 1611
f 1552 1618 1567
f 1646 1551 1599
f 1551 1646 1586
f 1597 1550 1585
f 1597 1559 1550
f 1622 1549 1596
f 1549 1622 1575
f 562 382 1572
f 382 562 570
f 1620 1547 574
f 1546 1620 1590
f 1590 1556 1546
f 1620 1546 1547
f 1633 1545 1616
f 1545 1633 1565
f 971 970 1579
f 391 389 392
f 392 391 401
f 1603 1614 573
f 1589 573 1614
f 1588 914 1542
f 1542 385 558
f 1542 558 1588
f 1588 557 389
f 391 389 557
f 559 389 557
f 559 391 557
f 557 1588 558
f 557 559 558
f 392 389 557
f 392 391 557
f 390 393 580
f 391 390 393
f 393 568 390
f 1543 393 580
f 557 391 393
f 1648 572 1667
f 385 572 1648
f 1578 1667 572
f 1564 572 914
f 1564 1578 572
f 1542 914 572
f 1542 572 385
f 390 389 402
f 391 389 402
f 391 390 402
f 402 390 568
f 402 391 401
f 568 401 402
f 392 389 402
f 392 391 402
f 402 392 401
f 393 390 402
f 393 391 402
f 402 393 568
f 1554 479 911
f 479 911 1541
f 1630 1540 1613
f 1540 1630 388
f 1612 1539 1618
f 1613 1539 1612
f 1618 1539 1563
f 1539 1613 1540
f 1638 1538 1601
f 1538 1638 1587
f 1537 1637 1611
f 1637 1537 1576
f 1675 1536 1586
f 1536 1675 396
f 1594 1535 1584
f 1584 1534 1582
f 1534 1584 1535
f 1533 1642 1617
f 1642 1533 1574
f 1621 1532 1595
f 1532 1621 1557
f 1616 1531 1606
f 1606 1531 1556
f 1531 1616 1545
f 390 389 571
f 391 389 571
f 391 390 571
f 392 389 571
f 392 391 571
f 393 390 571
f 393 391 571
f 402 389 571
f 402 390 571
f 402 391 571
f 402 392 571
f 402 393 571
f 1530 1629 1600
f 1629 1530 1587
f 1529 578 1562
f 1528 1594 1585
f 1535 1594 1528
f 1598 1527 1592
f 1526 1626 1608
f 1626 1526 1560
f 570 883 377
f 384 377 883
f 570 384 883
f 575 567 576
f 881 582 566
f 881 566 575
f 942 1525 943
f 1525 942 1568
f 386 385 394
f 569 385 394
f 569 386 394
f 394 569 1555
f 559 391 395
f 401 391 395
f 401 559 395
f 401 568 395
f 393 391 395
f 568 393 395
f 402 391 395
f 568 402 395
f 401 402 395
f 402 393 395
f 1619 1524 1602
f 1524 1619 1553
f 1563 1523 1567
f 1521 1585 1550
f 1585 1521 1528
f 1520 1610 1583
f 1610 1520 1561
f 1592 1519 1575
f 1519 1592 1527
f 1582 1518 1566
f 1518 1582 1534
f 1573 1517 1558
f 1516 1573 397
f 1573 1516 1517
f 1596 1515 1571
f 1515 1596 1549
f 1595 1514 1591
f 1514 1595 1532
f 1615 971 1513
f 970 1513 971
f 573 405 1603
f 573 1589 405
f 402 390 1512
f 571 1512 390
f 571 402 1512
f 479 1511 1555
f 1511 479 1541
f 1555 1511 394
f 1510 1567 1523
f 578 1509 396
f 1509 578 1529
f 1623 555 1572
f 555 1623 1566
f 555 1566 1518
f 1508 1617 1581
f 1617 1508 1533
f 397 561 382
f 384 382 561
f 384 397 561
f 399 1603 406
f 1568 1507 1525
f 557 1506 392
f 1568 1505 1507
f 385 882 558
f 572 385 882
f 882 385 394
f 1504 941 1602
f 941 1504 1568
f 1504 1602 1524
f 1568 1504 1505
f 1601 1503 1577
f 1503 1601 1538
f 1502 1600 1576
f 1600 1502 1530
f 1501 1598 1593
f 1501 396 1561
f 1598 1501 1527
f 1500 1608 1574
f 1608 1500 1526
f 553 1559 1558
f 553 1558 1517
f 1571 1499 1557
f 1499 1571 1515
f 562 884 570
f 1498 1547 1546
f 1591 1497 1565
f 1497 1591 1514
f 576 404 582
f 567 404 576
f 566 582 404
f 943 1496 944
f 1496 943 1525
f 1495 1507 1505
f 405 549 1603
f 406 1603 549
f 1541 1494 395
f 1493 1541 911
f 911 478 1554
f 911 478 1493
f 1492 1599 1551
f 1599 1492 1522
f 1599 1491 1562
f 1491 1599 1522
f 1535 1490 1534
f 1528 1490 1535
f 1534 1490 1518
f 1489 1583 1560
f 1583 1489 1520
f 1488 1550 1559
f 1550 1488 1521
f 1559 553 1488
f 1575 1487 1549
f 1487 1575 1519
f 1572 1486 562
f 1486 1572 555
f 1557 565 1532
f 1532 565 1514
f 565 1557 1499
f 1485 1580 1569
f 1484 1546 1556
f 1484 1556 1531
f 1546 1484 1498
f 944 1615 945
f 1513 945 1615
f 1482 1541 395
f 1541 1482 1511
f 1481 388 569
f 1554 1480 569
f 1480 1554 478
f 569 1480 1481
f 1479 1611 1552
f 1611 1479 1537
f 1567 1478 1552
f 1478 1567 1510
f 1548 397 564
f 397 564 1516
f 561 397 564
f 570 384 563
f 562 570 563
f 883 570 563
f 883 563 384
f 884 563 570
f 884 562 563
f 563 562 1486
f 384 397 398
f 561 397 398
f 561 384 398
f 564 397 398
f 564 398 561
f 1483 1544 1477
f 1476 944 1496
f 944 1476 945
f 549 885 406
f 411 406 885
f 405 573 560
f 549 560 405
f 388 1475 1540
f 1540 1475 1539
f 1475 388 1481
f 1577 1474 1553
f 1474 1577 1503
f 1473 1563 1539
f 1563 1473 1523
f 1473 1539 1475
f 1523 1472 1510
f 1562 1471 1529
f 1529 1471 1509
f 1551 1471 1492
f 1471 1562 1491
f 1470 1561 1520
f 1561 1470 1501
f 1469 1528 1521
f 1528 1469 1490
f 1469 1521 1488
f 1468 1574 1533
f 1574 1468 1500
f 1467 1517 1516
f 1581 1466 1508
f 1465 1547 1498
f 1580 1464 1570
f 1464 1580 1485
f 1565 1463 1545
f 1463 1565 1497
f 1545 1462 1531
f 1531 1462 1484
f 1462 1545 1463
f 567 575 550
f 566 550 575
f 404 567 550
f 404 566 550
f 1604 588 418
f 399 418 588
f 1589 1604 418
f 405 1589 418
f 406 418 399
f 412 406 411
f 1460 1507 1495
f 559 391 400
f 558 559 400
f 392 391 400
f 557 391 400
f 557 559 400
f 558 557 400
f 557 392 400
f 393 391 400
f 393 400 557
f 400 394 1511
f 1506 400 392
f 1506 557 400
f 400 558 882
f 394 400 882
f 400 1511 1482
f 401 391 403
f 392 391 403
f 401 392 403
f 393 391 403
f 402 391 403
f 401 402 403
f 402 392 403
f 402 393 403
f 395 391 403
f 395 401 403
f 395 393 403
f 395 402 403
f 403 395 1494
f 393 403 885
f 400 391 403
f 400 392 403
f 400 393 403
f 1587 556 1538
f 556 1587 1530
f 1459 1576 1537
f 1576 1459 1502
f 1586 1458 1551
f 1458 1586 1536
f 396 1458 1536
f 1458 396 1509
f 1551 1458 1471
f 1458 1509 1471
f 1527 1457 1519
f 1456 1560 1526
f 1560 1456 1489
f 1518 1455 555
f 1455 1518 1490
f 1455 1490 1469
f 1488 1455 1469
f 553 555 554
f 554 1488 553
f 554 555 1455
f 1488 554 1455
f 1549 1454 1515
f 1454 1549 1487
f 555 1453 1486
f 1453 555 554
f 1452 1581 1570
f 1581 1452 1466
f 1452 1570 1464
f 1579 968 1569
f 968 1579 970
f 1569 968 1485
f 970 969 968
f 1543 580 552
f 393 552 580
f 393 1543 552
f 1451 1525 1507
f 1525 1451 1496
f 1450 1510 1472
f 1449 1527 1501
f 1457 1527 1449
f 1517 551 553
f 551 1517 1467
f 554 553 551
f 1448 1514 565
f 1495 423 1460
f 1553 1447 1524
f 1447 1553 1474
f 1538 547 1503
f 1519 1446 1487
f 1446 1519 1457
f 1499 545 565
f 565 545 1448
f 1445 565 545
f 1514 1444 1497
f 1444 1514 1448
f 404 408 567
f 404 408 566
f 550 567 408
f 550 566 408
f 550 404 408
f 405 407 573
f 549 405 407
f 560 573 407
f 560 405 407
f 560 549 407
f 418 407 405
f 1442 1530 1502
f 1530 1442 556
f 1441 1520 1489
f 1520 1441 1470
f 1440 1533 1508
f 1533 1440 1468
f 1515 1439 1499
f 1439 1515 1454
f 545 1499 1439
f 1438 1516 564
f 1516 1438 1467
f 1437 884 563
f 1485 1436 1464
f 1435 1498 1484
f 1498 1435 1465
f 1435 1484 1462
f 1496 1434 1476
f 1434 1496 1451
f 411 413 406
f 418 406 413
f 885 549 414
f 1493 414 403
f 414 885 403
f 407 549 414
f 407 418 414
f 407 410 549
f 414 549 410
f 414 407 410
f 1510 1433 1478
f 1433 1510 1450
f 1432 1522 1492
f 1431 1522 1432
f 1430 1526 1500
f 1526 1430 1456
f 1483 1429 1544
f 1477 1544 1429
f 1477 1429 1483
f 1513 970 1428
f 969 1428 970
f 1425 1507 1460
f 1507 1425 1451
f 1424 1460 423
f 1524 1423 1504
f 1423 1524 1447
f 910 1493 478
f 1493 910 414
f 1552 1422 1479
f 1422 1552 1478
f 1486 1421 563
f 1421 1486 1453
f 563 1421 1437
f 564 1420 1438
f 1497 1419 1463
f 1419 1497 1444
f 1418 945 1476
f 1418 1476 1434
f 411 412 415
f 413 411 415
f 413 418 415
f 1505 1417 1495
f 1495 1417 423
f 410 1416 414
f 478 1415 1480
f 1415 478 910
f 1475 1414 1473
f 1503 1413 1474
f 1413 1503 547
f 1412 1523 1473
f 1523 1412 1472
f 1472 1412 1450
f 1412 1473 1414
f 1411 1502 1459
f 1502 1411 1442
f 1410 1537 1479
f 1537 1410 1459
f 1409 1492 1471
f 1491 1409 1471
f 1492 1409 1432
f 1522 1408 1491
f 1408 1522 1431
f 1491 1408 1409
f 1407 1501 1470
f 1501 1407 1449
f 1406 1489 1456
f 1489 1406 1441
f 1487 1405 1454
f 1405 1487 1446
f 1404 1508 1466
f 1508 1404 1440
f 1463 1403 1462
f 1462 1403 1435
f 1403 1463 1419
f 945 1513 946
f 1428 946 1513
f 946 945 1418
f 1402 1505 1504
f 1402 1504 1423
f 1450 1399 1433
f 1399 1450 1412
f 1398 1470 1441
f 1470 1398 1407
f 1397 1500 1468
f 1500 1397 1430
f 1396 1467 1438
f 1395 1448 545
f 1464 1394 1452
f 1394 1464 1436
f 1393 397 1465
f 1392 1465 1435
f 1435 1403 1392
f 1465 1392 1393
f 1391 884 1437
f 1428 969 1390
f 885 548 411
f 414 548 885
f 414 407 548
f 423 1389 1424
f 423 538 1389
f 1505 1388 1417
f 1505 1402 1388
f 1387 407 410
f 1480 1386 1481
f 1481 1386 1475
f 1415 1386 1480
f 1475 1386 1414
f 909 414 910
f 1385 547 1442
f 547 1384 1413
f 1467 421 551
f 543 551 421
f 551 1383 554
f 1383 551 421
f 554 1382 1453
f 1453 1382 1421
f 1382 554 1383
f 1445 546 565
f 545 565 546
f 545 546 1445
f 1439 546 545
f 1381 1466 1452
f 1466 1381 1404
f 1381 1452 1394
f 1448 1380 1444
f 967 1485 968
f 1485 967 1436
f 1451 1379 1434
f 1379 1451 1425
f 1449 1378 1457
f 1378 1449 1407
f 1457 1377 1446
f 1377 1457 1378
f 1436 967 966
f 969 968 1376
f 1390 969 1376
f 967 1376 968
f 1375 550 408
f 422 550 1375
f 550 1374 1443
f 1374 550 422
f 413 418 540
f 411 412 409
f 411 1461 409
f 1373 418 407
f 1372 538 1401
f 1372 1389 538
f 410 414 416
f 1416 416 414
f 1416 410 416
f 548 414 416
f 416 414 909
f 1474 1371 1447
f 1371 1474 1413
f 1370 1441 1406
f 1441 1370 1398
f 1369 1456 1430
f 1456 1369 1406
f 1454 1368 1439
f 1368 1454 1405
f 1367 1468 1440
f 1468 1367 1397
f 411 412 542
f 415 411 542
f 415 412 542
f 409 411 542
f 409 412 542
f 540 539 418
f 539 418 1373
f 1366 1442 1411
f 1442 1366 1385
f 1446 1365 1405
f 1365 1446 1377
f 1363 1438 1420
f 1362 1393 1392
f 1434 1361 1418
f 1361 1434 1379
f 1460 1360 1425
f 1360 1460 1424
f 415 413 424
f 540 413 424
f 538 423 544
f 547 1359 1401
f 1359 547 1385
f 1401 1359 1372
f 410 1358 1387
f 1358 410 416
f 910 1357 1415
f 1414 887 1412
f 887 1414 1386
f 1356 556 1400
f 556 1356 1384
f 909 1355 910
f 1357 910 1355
f 1459 1354 1411
f 1354 1459 1410
f 1353 1478 1433
f 1478 1353 1422
f 427 1467 1396
f 1467 427 421
f 1352 1420 1393
f 1420 1352 1363
f 1351 1437 1421
f 1437 1351 1391
f 1436 1350 1394
f 1350 1436 966
f 1444 1349 1419
f 1349 1444 1380
f 1348 408 1391
f 408 1348 1375
f 1390 1347 1428
f 1376 1347 1390
f 1346 1424 1389
f 1424 1346 1360
f 410 414 419
f 416 414 419
f 416 410 419
f 1345 407 1387
f 407 1345 1373
f 1345 1387 1358
f 1447 523 1423
f 523 1447 1371
f 1410 537 1354
f 1344 537 887
f 1343 1479 1422
f 1479 1343 1410
f 1410 1343 537
f 1432 1342 1431
f 1341 1432 1409
f 1432 1341 1342
f 1407 1340 1378
f 1339 1407 1398
f 1339 1398 1370
f 1407 1339 1340
f 1338 1430 1397
f 1430 1338 1369
f 543 420 551
f 421 551 420
f 421 420 543
f 533 543 420
f 420 421 427
f 427 421 1337
f 1336 1440 1404
f 1440 1336 1367
f 1419 1335 1403
f 1335 1392 1403
f 1392 1335 1362
f 1335 1419 1349
f 946 1428 947
f 1347 947 1428
f 1443 1334 1427
f 1334 1443 1374
f 1418 1333 946
f 1333 1418 1361
f 946 1333 947
f 411 412 425
f 415 411 425
f 415 412 425
f 542 411 425
f 542 412 425
f 542 415 425
f 424 415 425
f 1332 1385 1366
f 1385 1332 1359
f 1386 1415 1331
f 1357 1331 1415
f 1355 431 1357
f 1412 430 1399
f 1330 1409 1408
f 1409 1330 1341
f 1406 1329 1370
f 1329 1406 1369
f 1405 1328 1368
f 1328 1405 1365
f 1439 1327 546
f 1327 1439 1368
f 1326 1404 1381
f 1404 1326 1336
f 545 1325 1395
f 1325 545 546
f 1325 546 1327
f 1394 1324 1381
f 1324 1394 1350
f 1381 1324 1326
f 1323 1448 1395
f 1448 1323 1380
f 1375 886 422
f 541 422 886
f 407 418 417
f 413 411 417
f 413 418 417
f 414 418 417
f 414 407 417
f 415 411 417
f 415 418 417
f 415 413 417
f 548 417 411
f 548 407 417
f 548 414 417
f 540 418 417
f 540 413 417
f 416 414 417
f 416 417 548
f 539 418 417
f 539 540 417
f 424 413 417
f 424 415 417
f 424 417 540
f 419 414 417
f 419 416 417
f 425 411 417
f 425 415 417
f 425 424 417
f 1322 1389 1372
f 1389 1322 1346
f 890 1372 1359
f 909 908 416
f 416 908 1358
f 887 1386 1321
f 1331 1321 1386
f 427 421 428
f 427 1364 428
f 420 421 428
f 427 420 428
f 1337 421 428
f 1337 428 427
f 1317 1421 1382
f 1421 1317 1351
f 422 1316 1374
f 1316 422 886
f 1427 1315 1426
f 1315 1427 1334
f 1425 1314 1379
f 1373 1313 539
f 539 1313 417
f 450 423 1417
f 538 423 450
f 544 423 450
f 544 538 450
f 1423 1312 1402
f 1312 1423 523
f 536 1412 887
f 1344 887 536
f 537 536 887
f 537 1344 536
f 1412 536 430
f 1321 536 887
f 1331 1357 535
f 431 535 1357
f 430 431 535
f 1321 1331 535
f 536 535 430
f 536 1321 535
f 1411 1311 1366
f 1311 1411 1354
f 534 1433 1399
f 1433 534 1353
f 534 1399 430
f 1310 1431 1342
f 1309 1318 432
f 1308 533 889
f 1377 1307 1365
f 533 441 543
f 420 543 441
f 420 533 441
f 428 420 441
f 533 441 889
f 420 533 436
f 436 533 1308
f 441 533 436
f 441 420 436
f 427 429 1364
f 428 1364 429
f 428 427 429
f 1306 1397 1367
f 1397 1306 1338
f 1305 1393 1362
f 1393 1305 1352
f 1304 1375 1348
f 1375 1304 886
f 1304 541 886
f 1347 1376 1303
f 1302 552 1426
f 1302 1426 1315
f 1301 1425 1360
f 1425 1301 1314
f 426 411 552
f 415 411 426
f 424 415 426
f 425 411 426
f 425 415 426
f 425 424 426
f 417 411 426
f 417 415 426
f 417 424 426
f 417 425 426
f 426 552 1302
f 1300 1373 1345
f 1373 1300 1313
f 1299 1359 1332
f 1359 1299 890
f 1358 1298 1345
f 1345 1298 1300
f 1297 538 544
f 1400 1297 1356
f 1355 909 1296
f 908 1296 909
f 1295 1413 1384
f 534 1294 430
f 1431 1293 1408
f 1408 1293 1330
f 1293 1320 1319
f 1293 1431 1310
f 1320 1293 1310
f 421 1290 1383
f 1290 421 427
f 1438 1289 1396
f 1289 1438 1363
f 1396 1289 427
f 1383 1288 1382
f 1382 1288 1317
f 1288 1383 1290
f 967 966 1287
f 1376 967 1287
f 1287 1303 1376
f 947 1347 948
f 437 419 417
f 437 417 1313
f 1372 525 1322
f 525 1372 890
f 1366 1286 1332
f 1286 1366 1311
f 1332 1286 1299
f 1296 908 1285
f 431 1355 433
f 430 431 433
f 1296 433 1355
f 433 430 1294
f 1284 1354 537
f 1354 1284 1311
f 1282 1318 1309
f 1318 1282 1283
f 1281 1378 1340
f 1281 1340 1339
f 1370 1280 1339
f 1280 1370 1329
f 1339 1280 1281
f 1279 1369 1338
f 1369 1279 1329
f 1329 1279 1280
f 427 420 439
f 429 427 439
f 1277 1368 1328
f 1368 1277 1327
f 1380 1276 1349
f 1276 1380 1323
f 1275 1362 1335
f 1349 1275 1335
f 1362 1275 1305
f 1275 1349 1276
f 1274 1360 1346
f 1273 409 542
f 1273 542 419
f 1272 409 1273
f 525 890 524
f 449 1417 1388
f 449 1388 1402
f 1417 449 450
f 449 1402 1312
f 1271 1384 1356
f 1384 1271 1295
f 1270 1422 1353
f 1422 1270 1343
f 1268 1292 1291
f 889 888 432
f 432 888 1309
f 889 888 1308
f 888 889 441
f 1309 888 441
f 1365 1267 1328
f 1267 1365 1307
f 1277 1328 1267
f 427 420 438
f 428 427 438
f 428 420 438
f 441 420 438
f 441 428 438
f 429 427 438
f 429 428 438
f 439 427 438
f 439 420 438
f 439 429 438
f 1266 1367 1336
f 1367 1266 1306
f 1264 1363 1352
f 1264 1352 1305
f 1363 1264 1289
f 966 965 1350
f 1379 1263 1361
f 1263 1379 1314
f 1263 1314 1301
f 1346 1262 1274
f 907 1358 908
f 1358 907 1298
f 1285 908 907
f 433 430 532
f 430 431 434
f 535 431 434
f 535 430 434
f 433 431 434
f 433 430 434
f 889 432 442
f 888 432 442
f 888 889 442
f 1261 1292 1269
f 1261 1269 1283
f 1378 1260 1377
f 1377 1260 1307
f 1260 1291 1307
f 1260 1378 1281
f 1291 1260 1268
f 1292 1259 1291
f 1259 1292 1261
f 1291 1258 1307
f 1307 1258 1267
f 1258 1291 1259
f 439 429 521
f 438 429 521
f 438 439 521
f 1350 1257 1324
f 1257 1350 965
f 1348 1256 1304
f 541 1255 886
f 886 1255 1316
f 1254 542 425
f 1253 890 1299
f 890 1253 524
f 1252 1295 1271
f 531 537 1343
f 537 531 1284
f 531 1343 1270
f 1251 1320 1310
f 1250 1341 1330
f 1320 1249 1319
f 1249 1320 1251
f 1319 1248 1293
f 1248 1319 1249
f 1330 1247 1250
f 1318 1246 432
f 442 432 1246
f 1292 1245 1269
f 1245 1292 1268
f 1278 522 429
f 521 522 429
f 1244 1336 1326
f 1336 1244 1266
f 1243 1326 1324
f 1324 1257 1243
f 1326 1243 1244
f 528 1395 1325
f 1395 528 1323
f 1255 541 1242
f 1241 947 1333
f 947 1241 948
f 1374 1240 1334
f 1240 1374 1316
f 1361 1239 1333
f 1239 1361 1263
f 1333 1239 1241
f 1238 1346 1322
f 1238 1322 525
f 1346 1238 1262
f 530 1313 1300
f 437 419 530
f 1313 530 437
f 1311 1237 1286
f 1237 1311 1284
f 1413 529 1371
f 529 1413 1295
f 526 1353 534
f 534 430 526
f 1353 526 1270
f 1236 1342 1341
f 1342 1236 1310
f 1236 1341 1250
f 1308 1235 436
f 1235 1308 888
f 1234 1338 1306
f 1338 1234 1279
f 1327 1233 1325
f 1233 1327 1277
f 1325 1233 528
f 1303 1232 1347
f 906 1300 1298
f 906 1298 907
f 1300 906 530
f 1285 527 1296
f 433 1296 527
f 1294 527 433
f 535 430 519
f 433 430 519
f 532 430 519
f 532 433 519
f 434 430 519
f 434 535 519
f 434 433 519
f 1270 519 531
f 430 519 526
f 519 1270 526
f 1231 1330 1293
f 1330 1231 1247
f 1230 1318 1283
f 1269 1230 1283
f 1318 1230 1246
f 1229 1268 1260
f 1229 1269 1245
f 1268 1229 1245
f 1228 1281 1280
f 1227 1280 1279
f 1279 1234 1227
f 1280 1227 1228
f 1224 1391 1351
f 1391 1224 1348
f 1348 1224 1256
f 948 1347 949
f 1232 949 1347
f 1223 1316 1255
f 1316 1223 1240
f 525 892 890
f 524 890 892
f 524 892 525
f 525 892 1238
f 1222 524 1253
f 1221 1299 1286
f 1299 1221 1253
f 538 1220 450
f 1220 538 1297
f 891 1400 523
f 523 891 1312
f 1400 891 1297
f 1297 891 1220
f 907 1219 1285
f 517 1284 531
f 1284 517 1237
f 517 519 531
f 1294 534 1218
f 527 1294 1218
f 534 430 435
f 434 435 430
f 526 430 435
f 526 435 534
f 1218 534 435
f 440 441 436
f 438 441 440
f 440 436 1235
f 1278 429 444
f 522 429 444
f 522 1278 444
f 1267 1217 1277
f 1217 1267 1258
f 1277 1217 1233
f 427 1216 1290
f 1216 427 1289
f 514 445 1225
f 512 1305 1275
f 1276 512 1275
f 1305 512 1264
f 445 514 512
f 1323 1215 1276
f 1215 1323 528
f 512 1276 1215
f 1287 966 1213
f 965 1213 966
f 1360 1212 1301
f 1212 1360 1274
f 1211 1274 1262
f 1210 425 426
f 425 1210 1254
f 1273 1209 1272
f 454 1272 1209
f 437 419 447
f 419 447 1273
f 530 419 447
f 530 437 447
f 1273 447 1209
f 1208 544 450
f 544 1208 1297
f 1207 1286 1237
f 1286 1207 1221
f 1206 1356 1297
f 1356 1206 1271
f 532 433 448
f 434 433 448
f 527 1285 448
f 527 433 448
f 1219 448 1285
f 507 1309 441
f 1309 507 1282
f 507 441 440
f 452 1214 893
f 1205 1351 1317
f 1351 1205 1224
f 1204 541 1304
f 541 1204 1242
f 1269 1203 1230
f 1203 1269 1229
f 456 1283 1282
f 1283 456 1261
f 456 1282 507
f 1281 1202 1260
f 1202 1281 1228
f 441 428 443
f 429 428 443
f 439 429 443
f 438 428 443
f 438 441 443
f 438 429 443
f 438 439 443
f 521 429 443
f 521 439 443
f 521 438 443
f 440 441 443
f 440 438 443
f 444 443 429
f 507 441 443
f 440 507 443
f 456 507 443
f 441 457 420
f 438 420 457
f 438 441 457
f 440 441 457
f 440 438 457
f 507 441 457
f 440 507 457
f 443 441 457
f 443 438 457
f 443 440 457
f 443 507 457
f 1201 1306 1266
f 1306 1201 1234
f 446 1289 1264
f 1289 446 1216
f 445 446 1265
f 446 1264 512
f 512 445 446
f 512 514 520
f 510 528 1233
f 528 510 1215
f 1214 510 893
f 510 1233 452
f 452 893 510
f 1214 452 510
f 520 528 510
f 965 1200 1257
f 1303 1287 1199
f 1232 1303 1199
f 1334 1197 1315
f 1197 1334 1240
f 1262 1196 1211
f 1253 1195 1222
f 1195 1253 1221
f 906 1194 907
f 1219 907 1194
f 519 518 531
f 517 531 518
f 519 517 518
f 519 532 1193
f 448 1193 532
f 518 519 1193
f 1271 1192 1252
f 1191 1295 1252
f 1191 1252 1192
f 1190 1293 1248
f 1293 1190 1231
f 1260 1189 1229
f 1229 1189 1203
f 1260 1202 1189
f 1188 888 442
f 888 1188 1235
f 522 521 1187
f 443 1187 521
f 1226 1186 522
f 444 522 1186
f 443 444 1186
f 1225 1226 1185
f 514 1225 1185
f 1225 451 1226
f 445 1265 451
f 445 451 1225
f 512 445 451
f 451 1265 446
f 451 445 446
f 451 512 446
f 1184 1317 1288
f 1317 1184 1205
f 1242 1183 1255
f 1183 1242 1204
f 1198 1255 1183
f 1182 1254 1210
f 542 516 419
f 516 542 1254
f 449 450 506
f 1312 506 449
f 506 450 1220
f 506 1312 891
f 506 1220 891
f 1181 1237 517
f 1371 463 523
f 463 1371 529
f 523 463 891
f 1180 1250 1247
f 1180 1247 1231
f 1258 1179 1217
f 1226 522 1178
f 1187 1178 522
f 1185 1226 1178
f 1177 1266 1244
f 1266 1177 1201
f 1290 1176 1288
f 1176 1290 1216
f 1288 1176 1184
f 1175 1243 1257
f 1175 1257 1200
f 1315 1174 1302
f 1174 1315 1197
f 1301 1173 1263
f 1173 1301 1212
f 1302 1172 426
f 426 1172 1210
f 1172 1302 1174
f 1171 1262 1238
f 1171 1238 892
f 1262 1171 1196
f 524 1170 892
f 1170 524 454
f 892 1170 1171
f 1209 1169 454
f 1169 1209 447
f 905 530 906
f 530 905 447
f 1194 906 905
f 448 1219 1168
f 1194 1168 1219
f 1193 448 1168
f 1218 1167 527
f 435 434 1167
f 435 1167 1218
f 448 1167 434
f 448 527 1167
f 1310 1166 1251
f 1166 1310 1236
f 1251 1165 1249
f 1249 1165 1248
f 1165 1251 1166
f 1248 1164 1190
f 1164 1248 1165
f 442 1163 1188
f 1261 459 1259
f 459 1261 456
f 443 456 459
f 1259 1162 1258
f 1179 1258 1162
f 1162 1259 459
f 1161 1244 1243
f 1244 1161 1177
f 1243 1175 1161
f 515 1222 1195
f 516 515 454
f 454 1169 515
f 901 1221 1207
f 1221 901 1195
f 1195 901 515
f 449 450 462
f 450 462 1208
f 506 450 462
f 506 449 462
f 1250 1160 1236
f 1236 1160 1166
f 467 1250 1180
f 1250 467 1160
f 1246 1159 442
f 442 1159 1163
f 1158 1228 1227
f 1157 1227 1234
f 1157 1234 1201
f 1227 1157 1158
f 1156 1233 1217
f 1233 1156 452
f 1156 1217 1179
f 512 514 513
f 520 514 513
f 520 513 512
f 451 512 513
f 1255 1155 1223
f 1155 1255 1198
f 1154 948 1241
f 1154 1241 1239
f 948 1154 949
f 1153 1240 1223
f 1240 1153 1197
f 1153 1223 1155
f 1237 902 1207
f 902 1237 1181
f 1207 902 901
f 1192 1151 1191
f 1150 1246 1230
f 1159 1246 1150
f 1235 1149 440
f 1149 507 440
f 1149 1235 1188
f 440 507 458
f 456 507 458
f 443 440 458
f 443 507 458
f 443 456 458
f 457 440 458
f 457 507 458
f 457 443 458
f 1186 1226 511
f 451 511 1226
f 452 453 893
f 510 893 453
f 453 1215 510
f 510 452 453
f 453 452 1156
f 510 452 509
f 1200 509 1175
f 453 509 452
f 453 510 509
f 965 964 1200
f 1200 964 509
f 1148 1304 1256
f 1148 1256 1224
f 1304 1148 1204
f 1183 1147 1198
f 1263 1145 1239
f 1145 1263 1173
f 1239 1145 1154
f 455 1254 1182
f 1254 455 516
f 516 454 455
f 454 455 1170
f 455 1222 515
f 515 454 455
f 515 516 455
f 455 1182 1152
f 905 1144 1194
f 1168 1194 1144
f 503 1297 1208
f 1297 503 1206
f 518 1143 517
f 1181 517 1143
f 1193 1142 518
f 1168 1142 1193
f 1144 1142 1168
f 1143 518 1142
f 1204 1141 1183
f 1141 1204 1148
f 1183 1141 1147
f 1198 1140 1155
f 1140 1198 1147
f 1146 1140 1147
f 1274 1139 1212
f 1139 1274 1211
f 1138 1211 1196
f 1138 1196 1152
f 1210 1137 1182
f 1136 515 1169
f 515 1136 901
f 901 1136 902
f 447 904 1169
f 904 447 905
f 1144 905 904
f 1169 904 1136
f 470 1271 1206
f 1271 470 1192
f 1295 468 529
f 468 1295 1191
f 463 529 468
f 1228 1134 1202
f 1134 1228 1158
f 457 443 460
f 458 443 460
f 458 457 460
f 1133 1216 446
f 1216 1133 1176
f 1213 1132 1287
f 1199 1287 1132
f 1131 1196 1171
f 1131 1171 1170
f 1196 1131 1152
f 1131 1170 455
f 1152 1131 455
f 902 1181 903
f 1143 903 1181
f 903 902 1136
f 903 1136 904
f 1142 1144 1130
f 1142 1130 1143
f 904 1130 1144
f 903 1143 1130
f 903 1130 904
f 1192 504 1151
f 1129 1188 1163
f 1129 1163 1159
f 1129 507 1149
f 1188 1129 1149
f 1185 508 514
f 513 514 508
f 513 508 451
f 511 451 508
f 1128 1161 1175
f 1128 1175 509
f 1215 1127 512
f 1127 1215 453
f 1126 1231 1190
f 1231 1126 1180
f 1125 1230 1203
f 1125 1203 1189
f 1230 1125 1150
f 1124 1189 1202
f 1124 1202 1134
f 1189 1124 1125
f 456 507 461
f 443 507 461
f 443 456 461
f 457 507 461
f 457 443 461
f 1186 461 443
f 459 456 461
f 459 443 461
f 458 507 461
f 458 456 461
f 458 443 461
f 458 457 461
f 460 443 461
f 460 457 461
f 460 458 461
f 1123 1201 1177
f 1201 1123 1157
f 512 1122 446
f 1122 512 1127
f 1199 952 1232
f 951 1232 952
f 1182 1121 1152
f 1152 1121 1138
f 1121 1182 1137
f 1180 499 467
f 499 1180 1126
f 1150 1120 1159
f 1120 507 1129
f 1159 1120 1129
f 1120 1150 1125
f 507 1120 461
f 1178 502 1185
f 459 456 502
f 459 502 1162
f 511 502 1186
f 508 1185 502
f 508 511 502
f 461 456 502
f 461 1186 502
f 461 459 502
f 1119 1177 1161
f 1119 1161 1128
f 1177 1119 1123
f 446 1118 1133
f 1118 446 1122
f 1213 965 1117
f 964 1117 965
f 1132 1213 1117
f 1116 1224 1205
f 1224 1116 1148
f 1115 1147 1141
f 949 1232 950
f 951 950 1232
f 1197 1114 1174
f 1114 1197 1153
f 891 495 506
f 495 891 463
f 462 506 495
f 468 463 495
f 1113 1190 1164
f 1165 1113 1164
f 1190 1113 1126
f 443 456 505
f 1187 443 505
f 1178 1187 505
f 459 456 505
f 459 443 505
f 460 443 505
f 461 456 505
f 461 443 505
f 461 459 505
f 461 460 505
f 505 456 502
f 505 502 1178
f 505 459 502
f 505 461 502
f 1112 1158 1157
f 1112 1157 1123
f 453 1111 509
f 509 1111 1128
f 1110 1184 1176
f 1110 1176 1133
f 1109 951 1146
f 1109 1146 1147
f 951 1109 952
f 1109 1147 1115
f 465 1191 1151
f 1135 465 470
f 1191 465 468
f 468 465 1135
f 465 1151 504
f 465 468 464
f 465 504 464
f 464 504 471
f 465 504 471
f 464 465 471
f 1156 1108 453
f 453 1108 1111
f 1107 1205 1184
f 1205 1107 1116
f 1107 1184 1110
f 1106 1155 1140
f 1174 1105 1172
f 494 1208 462
f 462 494 506
f 1208 494 503
f 495 506 494
f 495 494 462
f 495 468 494
f 463 491 529
f 468 529 491
f 468 463 491
f 465 468 491
f 471 1104 464
f 493 1160 467
f 1166 1103 1165
f 1103 1166 1160
f 1165 1103 1113
f 499 497 467
f 467 497 493
f 1125 1102 1120
f 1102 461 1120
f 1162 496 1179
f 1179 496 1156
f 508 511 496
f 496 1162 502
f 502 496 511
f 502 508 496
f 1108 1156 496
f 963 453 509
f 963 509 964
f 453 963 1127
f 1155 1101 1153
f 1153 1101 1114
f 1101 1155 1106
f 1100 1174 1114
f 1105 1174 1100
f 1099 1210 1172
f 1210 1099 1137
f 1099 1172 1105
f 501 1206 503
f 1206 501 470
f 1135 470 501
f 468 1135 501
f 494 503 501
f 494 468 501
f 500 1192 470
f 1192 500 504
f 465 470 500
f 465 504 500
f 464 504 466
f 465 504 466
f 464 465 466
f 471 504 466
f 471 464 466
f 471 465 466
f 1148 957 1141
f 957 1148 1116
f 951 1098 1146
f 1146 1098 1140
f 1140 1098 1106
f 1104 897 464
f 466 464 897
f 1158 1097 1134
f 1097 1158 1112
f 1096 1123 1119
f 1123 1096 1112
f 1112 1096 1097
f 1128 1095 1119
f 1095 1128 1111
f 1119 1095 1096
f 1212 1094 1173
f 1094 1212 1139
f 1211 1093 1139
f 1093 1211 1138
f 897 1104 1091
f 1091 1104 1092
f 461 1090 505
f 1090 461 1102
f 1089 1138 1121
f 1137 1089 1121
f 1089 1137 1099
f 1138 1089 1093
f 1092 1104 1088
f 499 498 467
f 497 467 498
f 497 499 498
f 1126 1087 499
f 499 1087 498
f 1086 1125 1124
f 1125 1086 1102
f 1134 1085 1124
f 1085 1134 1097
f 1124 1085 1086
f 505 1084 502
f 1084 505 1090
f 1127 962 1122
f 962 1127 963
f 1122 961 1118
f 961 1122 962
f 960 1133 1118
f 1133 960 1110
f 960 1118 961
f 1132 953 1199
f 952 1199 953
f 1083 1160 493
f 1160 1083 1103
f 1082 1113 1103
f 1081 1111 1108
f 1111 1081 1095
f 1141 956 1115
f 956 1141 957
f 1080 1126 1113
f 1126 1080 1087
f 1080 1113 1082
f 502 492 496
f 492 502 1084
f 1090 492 1084
f 1079 1097 1096
f 1079 1096 1095
f 1097 1079 1085
f 1095 1081 1079
f 496 895 1108
f 1081 1108 895
f 492 496 895
f 1078 952 1109
f 1115 1078 1109
f 952 1078 953
f 1115 956 1078
f 1077 949 1154
f 1077 1154 1145
f 949 1077 950
f 494 894 503
f 501 503 894
f 501 494 894
f 468 463 469
f 495 463 469
f 495 468 469
f 465 468 469
f 494 468 469
f 494 495 469
f 491 463 469
f 491 468 469
f 491 465 469
f 894 494 469
f 465 470 474
f 501 474 470
f 500 470 474
f 500 465 474
f 469 465 474
f 471 504 475
f 1104 471 475
f 500 475 504
f 1088 1104 475
f 1092 1076 1091
f 1076 1075 1091
f 497 493 473
f 473 497 498
f 1117 964 1074
f 963 1074 964
f 962 1074 963
f 1116 958 957
f 1106 1073 1101
f 1073 1106 1098
f 1173 1072 1145
f 1072 1173 1094
f 1145 1072 1077
f 497 898 493
f 493 898 1083
f 898 473 493
f 898 497 473
f 1071 1103 1083
f 1103 1071 1082
f 1082 1071 1080
f 1102 896 1090
f 896 1102 1086
f 896 1086 1085
f 492 896 496
f 1090 896 492
f 895 496 896
f 895 896 492
f 1070 1085 1079
f 1070 1079 1081
f 895 1070 1081
f 1085 1070 896
f 1070 895 896
f 959 1116 1107
f 1110 959 1107
f 959 1110 960
f 958 1116 959
f 1069 951 950
f 951 1069 1098
f 1073 1098 1069
f 1068 1114 1101
f 1114 1068 1100
f 1068 1101 1073
f 1105 1067 1099
f 464 468 472
f 465 468 472
f 464 465 472
f 491 468 472
f 491 465 472
f 466 464 472
f 466 465 472
f 897 464 472
f 897 472 466
f 469 468 472
f 469 465 472
f 469 491 472
f 474 465 472
f 474 469 472
f 1117 954 1132
f 953 1132 954
f 1074 954 1117
f 1075 1066 1091
f 961 1065 962
f 1074 962 1065
f 1065 954 1074
f 960 1064 961
f 959 1064 960
f 1065 961 1064
f 1091 1063 897
f 472 897 1063
f 1063 1091 1066
f 1075 1076 1062
f 1061 498 1087
f 498 1061 473
f 956 1060 957
f 958 957 1060
f 958 1060 959
f 1064 959 1060
f 1100 1059 1105
f 1059 1100 1068
f 1105 1059 1067
f 894 490 501
f 469 490 894
f 474 501 490
f 474 469 490
f 1088 487 1092
f 475 487 1088
f 1076 1092 487
f 472 487 475
f 1058 1083 898
f 1057 898 473
f 1058 898 1057
f 1083 1056 1071
f 1056 1080 1071
f 1056 1083 1058
f 1055 1087 1080
f 1087 1055 1061
f 1055 1080 1056
f 955 953 1078
f 955 1078 956
f 953 955 954
f 954 1065 955
f 1064 955 1065
f 955 1060 956
f 955 1064 1060
f 1139 1054 1094
f 1054 1139 1093
f 1099 1053 1089
f 1053 1093 1089
f 1053 1099 1067
f 1093 1053 1054
f 474 489 465
f 472 465 489
f 472 474 489
f 1062 1076 1052
f 487 1052 1076
f 1066 1075 1051
f 1062 1051 1075
f 1050 473 1061
f 473 1050 1057
f 472 488 469
f 490 469 488
f 489 488 472
f 1052 1049 1062
f 1051 1062 1049
f 1057 1048 1058
f 1058 1048 1056
f 1048 1061 1055
f 1056 1048 1055
f 1061 1048 1050
f 1048 1057 1050
f 1069 1047 1073
f 1073 1047 1068
f 1068 1047 1059
f 474 899 500
f 475 500 899
f 490 899 474
f 489 474 899
f 488 899 490
f 488 489 899
f 1066 1046 1063
f 1051 1046 1066
f 1049 1046 1051
f 472 476 474
f 472 475 476
f 487 475 476
f 487 472 476
f 899 474 476
f 899 476 475
f 488 472 485
f 476 472 485
f 1052 487 1045
f 1049 1052 1045
f 1045 1046 1049
f 1044 950 1077
f 1044 1077 1072
f 950 1044 1069
f 1069 1044 1047
f 1063 486 472
f 488 486 472
f 476 472 486
f 485 472 486
f 485 486 488
f 485 476 486
f 1094 1043 1072
f 1043 1094 1054
f 1072 1043 1044
f 1042 1067 1059
f 1067 1042 1053
f 1042 1054 1053
f 1042 1059 1047
f 1042 1047 1044
f 1054 1042 1043
f 1042 1044 1043
f 1046 477 1063
f 476 477 487
f 485 476 477
f 1045 487 477
f 1046 1045 477
f 486 1063 477
f 486 476 477
f 486 485 477

