# Blender 5.2.0 LTS
# www.blender.org
mtllib Camera_1040g34o31hmv1te73a2g48jtdvj4c5rbmo0217g_sr_256to512_depth9.mtl
o Camera_1040g34o31hmv1te73a2g48jtdvj4c5rbmo0217g_sr_256to512_depth9
v 0.159505 -0.119141 0.425130
v -0.223307 -0.128255 0.421224
v 0.081380 -0.498047 0.246745
v -0.026693 -0.718099 -0.517578
v -0.397786 -0.524089 0.005859
v -0.413411 -0.495443 0.009766
v -0.068359 0.255859 0.583984
v -0.103516 0.259766 0.560547
v 0.001953 0.150391 0.548828
v 0.033203 0.138672 0.548828
v 0.033203 0.173828 0.509766
v 0.080078 0.154297 0.525391
v 0.099609 -0.349609 0.494141
v 0.072266 -0.380859 0.482422
v 0.080078 -0.361328 0.501953
v 0.095703 -0.357422 0.462891
v -0.072266 -0.451172 0.458984
v 0.158203 -0.177734 0.474609
v 0.166016 -0.138672 0.466797
v 0.185547 -0.181641 0.482422
v 0.205078 -0.130859 0.455078
v 0.189453 -0.111328 0.455078
v 0.173828 -0.115234 0.466797
v 0.228516 -0.177734 0.443359
v 0.228516 -0.095703 0.466797
v -0.029297 -0.294922 0.451172
v -0.185547 -0.138672 0.466797
v -0.212891 -0.134766 0.451172
v 0.029297 -0.521484 0.447266
v -0.224609 -0.115234 0.447266
v -0.068359 -0.548828 0.423828
v -0.169922 -0.115234 0.451172
v 0.146484 -0.111328 0.451172
v 0.169922 -0.091797 0.447266
v 0.138672 -0.134766 0.443359
v 0.158203 -0.095703 0.431641
v 0.208984 -0.099609 0.443359
v 0.158203 -0.119141 0.416016
v 0.119141 -0.138672 0.416016
v 0.142578 -0.107422 0.408203
v -0.224609 -0.091797 0.447266
v -0.201172 -0.115234 0.458984
v 0.228516 -0.388672 0.427734
v 0.224609 -0.041016 0.431641
v -0.224609 -0.177734 0.447266
v -0.224609 -0.095703 0.412109
v -0.232422 -0.146484 0.439453
v -0.236328 -0.119141 0.427734
v 0.205078 -0.380859 0.408203
v -0.021484 -0.544922 0.443359
v 0.236328 -0.005859 0.427734
v -0.041016 -0.587891 0.396484
v 0.001953 0.349609 0.408203
v 0.240234 -0.041016 0.392578
v 0.123047 -0.103516 0.412109
v -0.056641 0.349609 0.388672
v -0.232422 -0.154297 0.400391
v 0.208984 0.283203 0.384766
v 0.166016 0.271484 0.384766
v 0.076172 0.357422 0.412109
v -0.212891 0.283203 0.384766
v -0.107422 0.322266 0.384766
v -0.251953 0.322266 0.369141
v 0.216797 -0.373047 0.361328
v 0.287109 -0.310547 0.357422
v -0.302734 0.126953 0.416016
v 0.275391 -0.341797 0.353516
v 0.044922 -0.580078 0.365234
v -0.220703 -0.373047 0.361328
v -0.255859 -0.416016 0.396484
v -0.205078 -0.365234 0.376953
v -0.240234 -0.384766 0.357422
v 0.322266 -0.376953 0.333984
v 0.330078 0.130859 0.373047
v 0.333984 -0.369141 0.330078
v 0.330078 -0.369141 0.330078
v -0.322266 -0.376953 0.333984
v -0.326172 -0.369141 0.330078
v -0.333984 -0.369141 0.326172
v 0.322266 -0.361328 0.333984
v 0.345703 -0.365234 0.322266
v 0.337891 -0.369141 0.326172
v -0.333984 -0.365234 0.326172
v -0.357422 -0.357422 0.310547
v 0.333984 -0.361328 0.330078
v 0.357422 -0.326172 0.302734
v -0.216797 0.435547 0.357422
v 0.173828 0.435547 0.365234
v -0.232422 0.462891 0.291016
v 0.001953 -0.509766 0.275391
v -0.029297 -0.533203 0.298828
v -0.033203 -0.509766 0.275391
v 0.279297 0.427734 0.322266
v 0.236328 0.466797 0.287109
v 0.001953 -0.517578 0.255859
v 0.064453 -0.537109 0.248047
v 0.037109 -0.501953 0.248047
v 0.001953 -0.505859 0.248047
v 0.037109 -0.517578 0.255859
v 0.037109 -0.490234 0.240234
v -0.037109 -0.537109 0.248047
v 0.123047 0.513672 0.271484
v 0.103516 -0.513672 0.248047
v 0.001953 -0.537109 0.248047
v -0.076172 -0.513672 0.255859
v -0.041016 -0.501953 0.248047
v -0.076172 -0.501953 0.248047
v -0.095703 -0.537109 0.248047
v -0.076172 -0.486328 0.236328
v 0.314453 0.416016 0.259766
v 0.267578 0.423828 0.291016
v 0.341797 0.419922 0.232422
v 0.134766 -0.478516 0.236328
v -0.037109 -0.490234 0.240234
v -0.134766 -0.478516 0.232422
v -0.279297 0.423828 0.283203
v -0.322266 0.365234 0.212891
v 0.318359 -0.935547 0.154297
v -0.333984 -0.951172 0.146484
v -0.318359 -0.935547 0.154297
v -0.318359 -0.970703 0.138672
v -0.349609 -0.966797 0.134766
v -0.345703 -0.943359 0.150391
v 0.369141 -0.931641 0.126953
v 0.349609 -0.927734 0.146484
v 0.345703 -0.919922 0.138672
v 0.330078 -0.951172 0.146484
v 0.353516 -0.931641 0.111328
v 0.345703 -0.962891 0.134766
v 0.369141 -0.951172 0.130859
v 0.333984 -0.939453 0.115234
v -0.369141 -0.947266 0.138672
v -0.341797 -0.931641 0.126953
v -0.369141 -0.927734 0.126953
v -0.365234 -0.935547 0.142578
v -0.376953 -0.955078 0.126953
v -0.376953 -0.939453 0.119141
v -0.365234 -0.939453 0.111328
v 0.251953 -0.009766 0.103516
v 0.302734 0.017578 0.130859
v 0.044922 0.607422 0.091797
v -0.376953 -0.951172 0.103516
v 0.201172 0.021484 0.080078
v 0.333984 -0.345703 0.048828
v -0.404297 -0.564453 0.017578
v 0.408203 -0.474609 0.025391
v 0.400391 -0.474609 0.009766
v 0.451172 -0.474609 0.017578
v 0.396484 -0.423828 0.009766
v 0.345703 -0.431641 0.009766
v 0.404297 -0.443359 0.017578
v 0.400391 -0.400391 -0.005859
v 0.361328 -0.427734 0.029297
v 0.455078 -0.419922 -0.017578
v 0.400391 -0.365234 -0.013672
v 0.501953 -0.486328 -0.009766
v 0.455078 -0.162109 0.001953
v -0.435547 -0.537109 0.021484
v -0.404297 -0.447266 0.013672
v -0.384766 -0.482422 -0.021484
v -0.408203 -0.474609 0.025391
v -0.501953 -0.478516 -0.005859
v -0.451172 -0.470703 0.017578
v 0.306641 -0.845703 0.017578
v 0.181641 0.599609 0.001953
v 0.169922 0.607422 0.021484
v 0.396484 -0.537109 0.017578
v 0.345703 -0.490234 0.001953
v 0.341797 -0.529297 0.033203
v -0.408203 -0.501953 0.029297
v -0.451172 -0.501953 0.021484
v -0.419922 -0.513672 -0.021484
v -0.369141 -0.533203 -0.029297
v -0.404297 -0.533203 0.033203
v -0.388672 -0.537109 -0.029297
v -0.380859 -0.505859 -0.029297
v 0.400391 -0.427734 -0.001953
v -0.400391 -0.427734 0.005859
v -0.400391 -0.400391 -0.005859
v 0.548828 -0.529297 -0.044922
v -0.498047 -0.490234 -0.009766
v -0.537109 -0.490234 -0.044922
v -0.455078 -0.400391 -0.037109
v 0.404297 -0.599609 -0.044922
v 0.541016 -0.486328 -0.048828
v -0.396484 -0.638672 -0.072266
v -0.541016 -0.486328 -0.048828
v -0.544922 -0.154297 -0.095703
v -0.501953 -0.181641 -0.068359
v 0.529297 -0.400391 -0.111328
v -0.380859 0.591797 -0.115234
v -0.087891 0.662109 -0.083984
v -0.529297 -0.357422 -0.123047
v 0.396484 -0.669922 -0.095703
v 0.392578 -0.630859 -0.111328
v 0.392578 -0.693359 -0.115234
v 0.439453 -0.705078 -0.091797
v 0.404297 -0.630859 -0.142578
v -0.384766 0.388672 -0.130859
v 0.529297 -0.361328 -0.123047
v 0.505859 -0.376953 -0.115234
v -0.384766 0.361328 -0.150391
v -0.373047 0.373047 -0.154297
v -0.388672 0.333984 -0.134766
v 0.095703 0.638672 -0.099609
v 0.396484 -0.705078 -0.134766
v -0.373047 0.591797 -0.146484
v 0.400391 -0.603516 -0.142578
v 0.384766 -0.673828 -0.142578
v -0.498047 -0.341797 -0.134766
v 0.345703 0.548828 -0.177734
v -0.220703 0.576172 -0.169922
v -0.205078 0.595703 -0.154297
v -0.388672 -0.705078 -0.146484
v -0.380859 -0.673828 -0.142578
v -0.228516 0.556641 -0.185547
v 0.392578 -0.708984 -0.169922
v 0.388672 -0.705078 -0.146484
v 0.380859 -0.681641 -0.189453
v 0.396484 -0.685547 -0.208984
v 0.494141 -0.337891 -0.185547
v 0.494141 -0.337891 -0.189453
v 0.521484 -0.361328 -0.154297
v 0.404297 -0.630859 -0.181641
v 0.392578 -0.705078 -0.197266
v 0.505859 -0.345703 -0.216797
v 0.427734 0.775391 -0.212891
v -0.240234 0.572266 -0.197266
v 0.408203 0.802734 -0.240234
v -0.166016 0.646484 -0.240234
v -0.427734 0.248047 -0.314453
v 0.548828 -0.533203 -0.306641
v 0.162109 0.666016 -0.287109
v -0.548828 -0.533203 -0.306641
v -0.478516 0.287109 -0.326172
v 0.384766 0.220703 -0.322266
v -0.142578 0.650391 -0.310547
v 0.365234 0.837891 -0.361328
v -0.361328 0.837891 -0.365234
v -0.587891 0.189453 -0.365234
v 0.001953 0.619141 -0.353516
v -0.525391 0.111328 -0.376953
v -0.216797 0.099609 -0.447266
v -0.248047 0.705078 -0.408203
v 0.212891 0.103516 -0.447266
v 0.013672 -0.025391 -0.435547
v 0.056641 -0.017578 -0.435547
v -0.240234 0.498047 -0.451172
v 0.189453 0.498047 -0.439453
v 0.208984 0.154297 -0.455078
v 0.185547 0.498047 -0.474609
v -0.232422 0.505859 -0.466797
v -0.044922 -0.681641 -0.498047
v -0.029297 -0.662109 -0.498047
v 0.001953 -0.724609 -0.533203
v -0.025391 -0.685547 -0.513672
v -0.037109 -0.748047 -0.521484
v -0.181641 -0.150391 0.388672
v -0.025391 -0.732422 -0.533203
v -0.009766 -0.751953 -0.537109
v -0.037109 -0.705078 -0.517578
v -0.232422 0.498047 -0.458984
v -0.224609 0.494141 -0.470703
v -0.056641 -0.021484 -0.435547
v -0.056641 0.033203 -0.458984
v 0.001953 -0.025391 -0.435547
v 0.001953 0.029297 -0.458984
v 0.208984 0.208984 -0.458984
v -0.248047 0.736328 -0.455078
v -0.259766 0.705078 -0.400391
v -0.240234 0.501953 -0.451172
v -0.248047 0.486328 -0.404297
v -0.228516 0.494141 -0.400391
v 0.173828 0.498047 -0.396484
v 0.193359 0.494141 -0.396484
v -0.052734 -0.025391 -0.435547
v -0.044922 -0.025391 -0.435547
v 0.017578 -0.025391 -0.435547
v 0.298828 0.107422 -0.400391
v 0.298828 0.044922 -0.384766
v 0.333984 0.869141 -0.388672
v -0.634766 0.154297 -0.384766
v -0.333984 0.826172 -0.380859
v -0.529297 0.083984 -0.373047
v 0.341797 0.880859 -0.369141
v 0.376953 0.814453 -0.373047
v 0.583984 0.197266 -0.345703
v 0.634766 0.154297 -0.373047
v 0.294922 -0.001953 -0.361328
v -0.478516 0.064453 -0.326172
v -0.611328 0.189453 -0.353516
v -0.595703 0.201172 -0.341797
v -0.591797 0.212891 -0.306641
v -0.509766 -0.537109 -0.337891
v -0.513672 -0.583984 -0.326172
v 0.509766 -0.537109 -0.337891
v 0.513672 -0.583984 -0.326172
v -0.064453 0.720703 -0.306641
v 0.537109 0.498047 -0.322266
v 0.548828 0.486328 -0.330078
v 0.533203 0.451172 -0.267578
v -0.458984 0.244141 -0.306641
v -0.443359 0.291016 -0.322266
v 0.396484 0.193359 -0.318359
v -0.138672 0.646484 -0.240234
v 0.587891 0.208984 -0.310547
v -0.060547 0.689453 -0.294922
v -0.158203 0.662109 -0.302734
v 0.126953 0.642578 -0.220703
v 0.333984 0.841797 -0.283203
v 0.330078 0.806641 -0.283203
v 0.369141 0.814453 -0.255859
v -0.396484 0.650391 -0.279297
v 0.517578 -0.017578 -0.224609
v 0.341797 0.466797 -0.224609
v 0.369141 0.466797 -0.263672
v 0.376953 0.482422 -0.220703
v 0.521484 0.474609 -0.259766
v -0.251953 0.560547 -0.248047
v 0.501953 -0.017578 -0.248047
v -0.341797 0.634766 -0.232422
v -0.240234 0.556641 -0.205078
v -0.240234 0.560547 -0.201172
v -0.263672 0.572266 -0.240234
v -0.228516 0.560547 -0.220703
v -0.216797 0.552734 -0.236328
v -0.224609 0.552734 -0.216797
v 0.169922 0.646484 -0.228516
v -0.416016 0.775391 -0.205078
v -0.392578 0.791016 -0.224609
v 0.251953 0.556641 -0.216797
v 0.240234 0.544922 -0.224609
v 0.228516 0.556641 -0.212891
v 0.259766 0.572266 -0.220703
v -0.224609 0.564453 -0.216797
v 0.525391 -0.365234 -0.197266
v 0.240234 0.560547 -0.201172
v 0.404297 0.775391 -0.205078
v 0.435547 0.740234 -0.169922
v -0.232422 0.548828 -0.205078
v 0.455078 0.619141 -0.205078
v 0.439453 -0.724609 -0.201172
v -0.220703 0.591797 -0.189453
v -0.376953 -0.693359 -0.193359
v -0.232422 0.591797 -0.177734
v 0.384766 -0.701172 -0.181641
v 0.333984 0.513672 -0.169922
v 0.404297 -0.595703 -0.177734
v -0.384766 0.744141 -0.169922
v -0.353516 0.630859 -0.154297
v -0.361328 0.611328 -0.173828
v 0.412109 0.751953 -0.173828
v 0.111328 0.638672 -0.154297
v 0.052734 0.642578 -0.107422
v 0.080078 0.642578 -0.162109
v -0.392578 0.302734 -0.154297
v 0.443359 0.587891 -0.150391
v 0.498047 -0.349609 -0.123047
v 0.509766 -0.376953 -0.138672
v -0.361328 0.423828 -0.150391
v -0.224609 0.603516 -0.150391
v -0.396484 -0.701172 -0.123047
v -0.373047 0.599609 -0.123047
v 0.048828 -0.802734 -0.142578
v 0.056641 -0.798828 -0.080078
v 0.388672 -0.666016 -0.095703
v -0.505859 -0.376953 -0.138672
v -0.501953 -0.376953 -0.115234
v -0.365234 0.439453 -0.126953
v 0.498047 -0.361328 -0.080078
v -0.365234 0.615234 -0.091797
v -0.533203 -0.181641 -0.107422
v -0.537109 -0.212891 -0.111328
v -0.505859 -0.220703 -0.072266
v -0.072266 0.701172 -0.111328
v -0.533203 -0.158203 -0.107422
v -0.373047 0.623047 -0.099609
v -0.498047 -0.361328 -0.080078
v -0.404297 -0.603516 -0.068359
v 0.392578 -0.638672 -0.072266
v 0.451172 -0.638672 -0.044922
v -0.451172 -0.634766 -0.044922
v 0.439453 -0.607422 -0.068359
v 0.443359 -0.615234 -0.060547
v -0.455078 -0.423828 -0.013672
v -0.400391 -0.365234 -0.013672
v 0.455078 -0.400391 -0.037109
v 0.451172 -0.607422 -0.033203
v -0.455078 -0.505859 -0.021484
v 0.376953 -0.513672 -0.029297
v 0.376953 -0.486328 -0.021484
v 0.408203 -0.501953 0.029297
v 0.068359 -0.802734 -0.025391
v 0.162109 0.611328 -0.025391
v 0.177734 0.607422 -0.025391
v 0.376953 -0.541016 -0.025391
v -0.345703 -0.490234 0.001953
v -0.353516 -0.576172 0.017578
v -0.357422 -0.564453 -0.017578
v 0.345703 -0.564453 -0.013672
v 0.451172 -0.501953 0.021484
v -0.423828 -0.486328 -0.001953
v -0.451172 -0.443359 0.001953
v 0.455078 -0.126953 0.017578
v 0.455078 -0.126953 0.044922
v 0.455078 -0.095703 0.052734
v -0.408203 -0.494141 0.013672
v 0.349609 -0.572266 0.017578
v 0.345703 -0.365234 0.017578
v 0.349609 -0.271484 0.025391
v -0.330078 -0.232422 0.029297
v -0.349609 -0.271484 0.025391
v -0.337891 -0.275391 0.052734
v 0.337891 -0.548828 0.052734
v 0.333984 -0.513672 0.044922
v 0.326172 -0.501953 0.072266
v -0.318359 -0.232422 0.056641
v 0.044922 0.619141 0.080078
v 0.236328 0.048828 0.103516
v 0.044922 0.619141 0.087891
v 0.314453 -0.533203 0.095703
v 0.248047 0.021484 0.099609
v 0.251953 -0.005859 0.099609
v 0.091797 0.611328 0.103516
v -0.376953 -0.923828 0.111328
v -0.341797 -0.943359 0.115234
v -0.349609 -0.935547 0.111328
v 0.353516 -0.939453 0.111328
v 0.345703 -0.943359 0.150391
v 0.333984 -0.927734 0.126953
v -0.326172 -0.966797 0.138672
v 0.318359 -0.966797 0.142578
v 0.376953 0.271484 0.189453
v 0.361328 0.298828 0.181641
v 0.337891 0.291016 0.224609
v 0.162109 -0.431641 0.228516
v -0.337891 0.337891 0.224609
v 0.357422 0.259766 0.236328
v -0.314453 0.416016 0.228516
v 0.169922 -0.416016 0.248047
v 0.287109 0.419922 0.244141
v -0.037109 -0.517578 0.255859
v 0.001953 -0.470703 0.236328
v 0.072266 -0.486328 0.236328
v -0.029297 -0.513672 0.275391
v 0.103516 -0.482422 0.240234
v 0.103516 -0.478516 0.244141
v 0.267578 0.490234 0.248047
v 0.240234 0.482422 0.251953
v 0.228516 0.486328 0.255859
v 0.279297 0.498047 0.259766
v 0.142578 -0.419922 0.267578
v 0.154297 -0.412109 0.283203
v 0.142578 -0.435547 0.310547
v -0.392578 -0.357422 0.294922
v -0.412109 -0.349609 0.271484
v 0.123047 0.525391 0.275391
v 0.130859 0.517578 0.275391
v 0.248047 0.435547 0.283203
v 0.193359 0.423828 0.357422
v 0.193359 0.470703 0.314453
v -0.396484 -0.392578 0.302734
v -0.384766 -0.365234 0.298828
v -0.384766 -0.376953 0.298828
v 0.115234 0.517578 0.298828
v 0.326172 -0.443359 0.326172
v 0.267578 -0.451172 0.306641
v 0.279297 -0.408203 0.333984
v -0.341797 -0.369141 0.322266
v -0.322266 -0.361328 0.333984
v 0.357422 -0.357422 0.310547
v -0.345703 -0.380859 0.322266
v 0.349609 0.146484 0.330078
v 0.349609 0.138672 0.326172
v -0.212891 -0.369141 0.349609
v -0.240234 -0.373047 0.345703
v -0.259766 -0.376953 0.353516
v 0.341797 0.142578 0.349609
v -0.181641 -0.115234 0.353516
v 0.287109 -0.345703 0.361328
v -0.138672 0.271484 0.361328
v -0.166016 0.263672 0.384766
v -0.119141 0.298828 0.361328
v -0.076172 0.353516 0.376953
v 0.255859 -0.412109 0.396484
v -0.224609 0.310547 0.369141
v -0.150391 0.244141 0.369141
v 0.119141 0.298828 0.369141
v 0.099609 0.322266 0.392578
v -0.330078 0.134766 0.376953
v -0.302734 0.119141 0.416016
v -0.330078 0.130859 0.373047
v -0.255859 -0.181641 0.412109
v -0.169922 -0.111328 0.376953
v 0.201172 0.302734 0.380859
v 0.099609 -0.123047 0.396484
v 0.119141 -0.107422 0.384766
v 0.181641 0.255859 0.388672
v -0.048828 0.337891 0.416016
v -0.154297 -0.111328 0.392578
v 0.021484 -0.591797 0.392578
v 0.310547 -0.349609 0.392578
v -0.111328 0.326172 0.396484
v -0.021484 -0.587891 0.423828
v -0.236328 -0.134766 0.408203
v 0.232422 0.001953 0.412109
v 0.251953 -0.009766 0.400391
v 0.228516 -0.400391 0.404297
v 0.263672 -0.392578 0.431641
v -0.193359 -0.357422 0.412109
v -0.232422 -0.388672 0.423828
v -0.208984 -0.380859 0.408203
v -0.205078 -0.169922 0.408203
v 0.146484 -0.138672 0.412109
v 0.197266 -0.095703 0.408203
v -0.208984 -0.095703 0.439453
v 0.138672 -0.099609 0.416016
v 0.001953 0.337891 0.423828
v -0.162109 -0.103516 0.423828
v -0.072266 -0.521484 0.439453
v -0.220703 -0.365234 0.435547
v 0.021484 -0.544922 0.435547
v -0.166016 -0.138672 0.439453
v -0.169922 -0.177734 0.474609
v -0.037109 -0.580078 0.439453
v 0.181641 -0.107422 0.439453
v 0.220703 -0.142578 0.439453
v 0.044922 -0.130859 0.443359
v 0.001953 -0.548828 0.451172
v 0.001953 -0.521484 0.455078
v 0.001953 -0.130859 0.455078
v 0.103516 -0.404297 0.455078
v -0.044922 -0.447266 0.466797
v 0.068359 -0.396484 0.462891
v 0.068359 -0.322266 0.478516
v 0.048828 -0.130859 0.482422
v 0.080078 -0.330078 0.525391
v 0.080078 0.173828 0.498047
v 0.033203 0.150391 0.548828
v 0.001953 0.154297 0.533203
v -0.033203 0.138672 0.548828
v 0.001953 0.138672 0.548828
v 0.001953 0.138672 0.552734
v -0.103516 0.279297 0.552734
v -0.083984 0.291016 0.564453
v 0.033203 0.154297 0.533203
v -0.095703 -0.408203 0.455078
v -0.029297 -0.345703 0.451172
v -0.056641 -0.345703 0.439453
v -0.185547 -0.091797 0.447266
v 0.099609 -0.169922 0.490234
v 0.107422 -0.095703 0.427734
v -0.232422 -0.037109 0.431641
v 0.142578 -0.150391 0.384766
v -0.240234 -0.181641 0.373047
v 0.041016 -0.583984 0.392578
v 0.021484 -0.583984 0.357422
v -0.283203 0.427734 0.322266
v 0.185547 0.474609 0.345703
v 0.349609 -0.130859 0.271484
v -0.376953 -0.357422 0.298828
v 0.326172 0.416016 0.291016
v -0.099609 -0.513672 0.248047
v -0.099609 -0.478516 0.236328
v 0.189453 -0.427734 0.216797
v -0.357422 0.341797 0.185547
v 0.193359 -0.412109 0.189453
v -0.333984 0.365234 0.181641
v 0.177734 0.044922 0.087891
v 0.345703 -0.333984 0.017578
v -0.458984 -0.533203 0.029297
v 0.451172 -0.447266 -0.001953
v 0.326172 -0.826172 0.001953
v 0.333984 -0.853516 -0.025391
v -0.548828 -0.529297 -0.044922
v 0.447266 0.603516 -0.123047
v -0.380859 0.333984 -0.154297
v -0.521484 -0.361328 -0.154297
v -0.404297 0.708984 -0.126953
v 0.341797 0.533203 -0.154297
v -0.376953 -0.705078 -0.169922
v 0.443359 0.591797 -0.189453
v -0.349609 0.634766 -0.244141
v 0.517578 -0.013672 -0.212891
v -0.021484 0.705078 -0.333984
v 0.185547 0.669922 -0.279297
v 0.458984 0.197266 -0.330078
v -0.466797 0.060547 -0.357422
v -0.373047 0.798828 -0.365234
v -0.009766 0.626953 -0.353516
v 0.001953 0.626953 -0.349609
v -0.216797 0.044922 -0.431641
v -0.236328 0.712891 -0.392578
v -0.224609 0.740234 -0.447266
v 0.216797 0.044922 -0.431641
v 0.205078 0.255859 -0.451172
v 0.185547 0.501953 -0.435547
v -0.236328 0.505859 -0.498047
v -0.244141 0.509766 -0.501953
v -0.056641 -0.728516 -0.498047
v -0.158203 -0.146484 0.392578
v -0.251953 0.482422 -0.591797
v -0.248047 0.462891 -0.591797
v -0.232422 0.443359 -0.583984
v -0.232422 0.470703 -0.583984
v -0.263672 0.474609 -0.580078
v -0.248047 0.494141 -0.580078
v -0.255859 0.451172 -0.576172
v -0.240234 0.435547 -0.576172
v -0.236328 0.486328 -0.576172
v -0.259766 0.490234 -0.572266
v 0.146484 0.505859 -0.568359
v 0.150391 0.513672 -0.568359
v -0.208984 0.439453 -0.564453
v 0.134766 0.505859 -0.564453
v 0.134766 0.517578 -0.564453
v -0.216797 0.412109 -0.560547
v 0.181641 0.736328 -0.560547
v -0.216797 0.755859 -0.556641
v -0.185547 0.755859 -0.556641
v 0.138672 0.529297 -0.556641
v 0.173828 0.755859 -0.556641
v -0.220703 0.732422 -0.552734
v -0.212891 0.466797 -0.552734
v -0.181641 0.736328 -0.552734
v 0.150391 0.529297 -0.552734
v -0.240234 0.408203 -0.548828
v 0.205078 0.744141 -0.548828
v -0.271484 0.455078 -0.544922
v -0.259766 0.427734 -0.544922
v 0.033203 0.611328 -0.544922
v 0.052734 0.611328 -0.544922
v 0.158203 0.732422 -0.544922
v 0.205078 0.720703 -0.544922
v -0.271484 0.478516 -0.541016
v -0.259766 0.494141 -0.541016
v -0.244141 0.498047 -0.541016
v -0.224609 0.486328 -0.541016
v -0.169922 0.751953 -0.537109
v 0.037109 0.630859 -0.537109
v 0.048828 0.630859 -0.537109
v 0.166016 0.521484 -0.537109
v -0.240234 0.736328 -0.533203
v 0.154297 0.751953 -0.533203
v 0.177734 0.470703 -0.533203
v 0.177734 0.501953 -0.533203
v 0.185547 0.705078 -0.533203
v -0.216797 0.771484 -0.529297
v 0.025391 0.580078 -0.529297
v 0.154297 0.462891 -0.529297
v 0.181641 0.775391 -0.529297
v 0.208984 0.763672 -0.529297
v -0.236328 0.712891 -0.525391
v -0.208984 0.708984 -0.525391
v -0.189453 0.775391 -0.525391
v 0.013672 -0.767578 -0.525391
v 0.017578 0.615234 -0.525391
v -0.009766 -0.783203 -0.521484
v 0.021484 0.630859 -0.521484
v 0.033203 -0.740234 -0.521484
v 0.064453 0.626953 -0.521484
v 0.072266 0.607422 -0.521484
v 0.181641 0.423828 -0.521484
v -0.181641 0.392578 -0.517578
v 0.001953 -0.685547 -0.517578
v 0.001953 0.591797 -0.517578
v 0.033203 0.638672 -0.517578
v 0.044922 0.638672 -0.517578
v 0.056641 0.634766 -0.517578
v 0.150391 0.423828 -0.517578
v -0.240234 0.751953 -0.513672
v -0.181641 0.724609 -0.513672
v 0.033203 -0.697266 -0.513672
v 0.048828 0.556641 -0.513672
v 0.134766 0.466797 -0.513672
v 0.228516 0.685547 -0.513672
v 0.236328 0.705078 -0.513672
v -0.177734 0.751953 -0.509766
v -0.173828 0.423828 -0.509766
v 0.068359 0.576172 -0.509766
v 0.162109 0.716797 -0.509766
v 0.240234 0.724609 -0.509766
v -0.201172 0.365234 -0.505859
v -0.037109 -0.779297 -0.505859
v -0.001953 -0.798828 -0.505859
v 0.033203 -0.779297 -0.505859
v 0.009766 0.537109 -0.501953
v 0.130859 0.490234 -0.501953
v 0.166016 0.751953 -0.501953
v 0.201172 0.666016 -0.501953
v 0.216797 0.666016 -0.501953
v 0.236328 0.744141 -0.501953
v -0.248047 0.505859 -0.498047
v -0.248047 0.517578 -0.498047
v -0.236328 0.369141 -0.498047
v -0.232422 0.759766 -0.498047
v -0.052734 0.201172 -0.498047
v 0.001953 -0.658203 -0.498047
v 0.001953 0.201172 -0.498047
v 0.056641 -0.728516 -0.498047
v 0.173828 0.384766 -0.498047
v 0.185547 0.677734 -0.498047
v -0.251953 0.509766 -0.494141
v -0.048828 0.251953 -0.494141
v -0.017578 0.556641 -0.494141
v 0.001953 0.251953 -0.494141
v 0.041016 -0.673828 -0.494141
v 0.048828 0.251953 -0.494141
v 0.052734 0.201172 -0.494141
v 0.146484 0.388672 -0.494141
v 0.216797 0.759766 -0.494141
v -0.259766 0.392578 -0.490234
v -0.212891 0.763672 -0.490234
v -0.193359 0.759766 -0.490234
v -0.181641 0.451172 -0.490234
v -0.111328 0.205078 -0.490234
v -0.056641 0.146484 -0.490234
v 0.001953 0.146484 -0.490234
v 0.111328 0.205078 -0.490234
v 0.138672 0.513672 -0.490234
v -0.271484 0.423828 -0.486328
v -0.107422 0.255859 -0.486328
v -0.048828 0.287109 -0.486328
v 0.001953 -0.466797 -0.486328
v 0.001953 0.287109 -0.486328
v 0.033203 0.279297 -0.486328
v 0.052734 0.146484 -0.486328
v 0.107422 0.255859 -0.486328
v 0.173828 0.517578 -0.486328
v 0.193359 0.759766 -0.486328
v -0.271484 0.455078 -0.482422
v -0.255859 0.685547 -0.482422
v -0.240234 0.669922 -0.482422
v -0.216797 0.673828 -0.482422
v -0.115234 0.150391 -0.482422
v -0.060547 -0.525391 -0.482422
v -0.060547 -0.466797 -0.482422
v -0.056641 -0.666016 -0.482422
v -0.001953 -0.814453 -0.482422
v 0.001953 -0.638672 -0.482422
v 0.001953 -0.583984 -0.482422
v 0.001953 -0.525391 -0.482422
v 0.048828 0.146484 -0.482422
v 0.060547 -0.525391 -0.482422
v 0.060547 -0.466797 -0.482422
v 0.111328 0.150391 -0.482422
v 0.126953 0.400391 -0.482422
v 0.154297 0.525391 -0.482422
v -0.263672 0.705078 -0.478516
v -0.259766 0.478516 -0.478516
v -0.244141 0.494141 -0.478516
v -0.103516 0.287109 -0.478516
v -0.060547 -0.755859 -0.478516
v -0.060547 -0.583984 -0.478516
v -0.048828 -0.638672 -0.478516
v -0.048828 0.322266 -0.478516
v -0.037109 -0.802734 -0.478516
v 0.001953 -0.400391 -0.478516
v 0.001953 0.091797 -0.478516
v 0.001953 0.322266 -0.478516
v 0.029297 0.318359 -0.478516
v 0.033203 -0.802734 -0.478516
v 0.060547 -0.755859 -0.478516
v 0.060547 -0.583984 -0.478516
v 0.103516 0.287109 -0.478516
v -0.201172 0.474609 -0.474609
v -0.193359 0.697266 -0.474609
v -0.166016 0.208984 -0.474609
v -0.146484 0.384766 -0.474609
v -0.060547 -0.400391 -0.474609
v -0.056641 0.091797 -0.474609
v 0.001953 -0.626953 -0.474609
v 0.048828 -0.658203 -0.474609
v 0.056641 0.091797 -0.474609
v 0.060547 -0.705078 -0.474609
v 0.060547 -0.400391 -0.474609
v 0.126953 0.435547 -0.474609
v 0.162109 0.208984 -0.474609
v 0.205078 0.466797 -0.474609
v 0.216797 0.427734 -0.474609
v -0.169922 0.158203 -0.470703
v -0.162109 0.361328 -0.470703
v -0.158203 0.255859 -0.470703
v -0.119141 -0.583984 -0.470703
v -0.119141 -0.525391 -0.470703
v -0.119141 -0.466797 -0.470703
v -0.115234 0.095703 -0.470703
v -0.103516 0.322266 -0.470703
v -0.068359 -0.654297 -0.470703
v -0.060547 -0.705078 -0.470703
v -0.060547 -0.630859 -0.470703
v 0.103516 0.322266 -0.470703
v 0.111328 0.095703 -0.470703
v 0.119141 -0.583984 -0.470703
v 0.119141 -0.525391 -0.470703
v 0.119141 -0.466797 -0.470703
v 0.158203 0.255859 -0.470703
v 0.162109 0.353516 -0.470703
v 0.166016 0.158203 -0.470703
v -0.259766 0.724609 -0.466797
v -0.119141 -0.400391 -0.466797
v -0.048828 0.357422 -0.466797
v -0.017578 0.603516 -0.466797
v 0.001953 0.357422 -0.466797
v 0.001953 0.498047 -0.466797
v 0.001953 0.619141 -0.466797
v 0.033203 0.357422 -0.466797
v 0.048828 0.513672 -0.466797
v 0.064453 -0.642578 -0.466797
v 0.119141 -0.400391 -0.466797
v 0.236328 0.654297 -0.466797
v 0.251953 0.669922 -0.466797
v -0.189453 0.720703 -0.462891
v -0.154297 0.287109 -0.462891
v -0.119141 -0.642578 -0.462891
v -0.091797 -0.642578 -0.462891
v -0.037109 0.521484 -0.462891
v 0.005859 0.630859 -0.462891
v 0.080078 0.541016 -0.462891
v 0.095703 -0.642578 -0.462891
v 0.103516 0.357422 -0.462891
v 0.119141 -0.642578 -0.462891
v 0.154297 0.287109 -0.462891
v 0.169922 0.697266 -0.462891
v 0.212891 0.384766 -0.462891
v 0.259766 0.689453 -0.462891
v -0.173828 -0.583984 -0.458984
v -0.173828 -0.525391 -0.458984
v -0.173828 -0.466797 -0.458984
v -0.169922 0.099609 -0.458984
v -0.138672 0.412109 -0.458984
v -0.103516 0.353516 -0.458984
v -0.048828 0.388672 -0.458984
v 0.001953 -0.330078 -0.458984
v 0.001953 0.388672 -0.458984
v 0.021484 0.638672 -0.458984
v 0.048828 0.392578 -0.458984
v 0.056641 0.033203 -0.458984
v 0.087891 0.599609 -0.458984
v 0.091797 0.572266 -0.458984
v 0.126953 0.357422 -0.458984
v 0.166016 0.099609 -0.458984
v 0.177734 0.669922 -0.458984
v 0.189453 0.650391 -0.458984
v -0.216797 0.154297 -0.455078
v -0.212891 0.208984 -0.455078
v -0.103516 0.384766 -0.455078
v -0.060547 -0.783203 -0.455078
v -0.060547 -0.330078 -0.455078
v -0.037109 0.583984 -0.455078
v 0.037109 0.638672 -0.455078
v 0.056641 -0.783203 -0.455078
v 0.056641 0.630859 -0.455078
v 0.060547 -0.330078 -0.455078
v 0.076172 0.619141 -0.455078
v 0.103516 0.388672 -0.455078
v 0.126953 0.466797 -0.455078
v 0.150391 0.322266 -0.455078
v 0.173828 0.720703 -0.455078
v 0.177734 -0.580078 -0.455078
v 0.177734 -0.525391 -0.455078
v 0.177734 -0.521484 -0.455078
v 0.177734 -0.466797 -0.455078
v 0.205078 0.638672 -0.455078
v 0.208984 0.208984 -0.455078
v 0.212891 0.154297 -0.455078
v 0.259766 0.708984 -0.455078
v 0.302734 0.974609 -0.455078
v -0.298828 0.947266 -0.451172
v -0.216797 0.740234 -0.451172
v -0.201172 0.736328 -0.451172
v -0.177734 -0.400391 -0.451172
v -0.150391 0.322266 -0.451172
v -0.119141 0.380859 -0.451172
v -0.115234 0.037109 -0.451172
v 0.111328 0.037109 -0.451172
v 0.287109 0.943359 -0.451172
v 0.291016 0.982422 -0.451172
v 0.298828 0.943359 -0.451172
v -0.310547 0.951172 -0.447266
v -0.205078 0.255859 -0.447266
v -0.197266 0.333984 -0.447266
v -0.169922 -0.646484 -0.447266
v -0.119141 -0.330078 -0.447266
v -0.068359 -0.732422 -0.447266
v -0.037109 -0.810547 -0.447266
v -0.001953 -0.822266 -0.447266
v 0.001953 0.419922 -0.447266
v 0.033203 -0.810547 -0.447266
v 0.064453 -0.732422 -0.447266
v 0.119141 -0.330078 -0.447266
v 0.173828 -0.642578 -0.447266
v 0.177734 -0.400391 -0.447266
v 0.185547 0.736328 -0.447266
v 0.201172 0.349609 -0.447266
v 0.251953 0.728516 -0.447266
v 0.310547 0.943359 -0.447266
v -0.294922 0.986328 -0.443359
v -0.283203 0.943359 -0.443359
v -0.169922 0.041016 -0.443359
v -0.138672 0.353516 -0.443359
v -0.048828 0.416016 -0.443359
v 0.166016 0.041016 -0.443359
v 0.197266 0.287109 -0.443359
v 0.216797 0.623047 -0.443359
v 0.236328 0.740234 -0.443359
v -0.306641 0.990234 -0.439453
v -0.236328 0.337891 -0.439453
v -0.107422 0.412109 -0.439453
v 0.064453 0.419922 -0.439453
v 0.208984 0.740234 -0.439453
v 0.271484 0.943359 -0.439453
v -0.326172 0.955078 -0.435547
v -0.298828 0.900391 -0.435547
v -0.259766 0.158203 -0.435547
v -0.259766 0.201172 -0.435547
v -0.255859 0.158203 -0.435547
v -0.255859 0.205078 -0.435547
v -0.224609 -0.583984 -0.435547
v -0.224609 -0.525391 -0.435547
v -0.224609 -0.470703 -0.435547
v -0.212891 0.642578 -0.435547
v -0.201172 0.287109 -0.435547
v -0.177734 -0.330078 -0.435547
v -0.166016 0.337891 -0.435547
v -0.154297 0.443359 -0.435547
v -0.119141 -0.708984 -0.435547
v -0.060547 0.560547 -0.435547
v 0.001953 -0.271484 -0.435547
v 0.001953 0.447266 -0.435547
v 0.001953 0.474609 -0.435547
v 0.099609 0.423828 -0.435547
v 0.119141 -0.708984 -0.435547
v 0.251953 0.212891 -0.435547
v 0.255859 0.158203 -0.435547
v 0.279297 0.900391 -0.435547
v 0.298828 0.900391 -0.435547
v 0.318359 0.986328 -0.435547
v 0.326172 0.951172 -0.435547
v -0.310547 0.904297 -0.431641
v -0.263672 0.361328 -0.431641
v -0.244141 0.638672 -0.431641
v -0.228516 -0.400391 -0.431641
v -0.216797 0.048828 -0.431641
v -0.115234 -0.009766 -0.431641
v -0.072266 -0.716797 -0.431641
v -0.060547 -0.271484 -0.431641
v -0.052734 0.498047 -0.431641
v 0.029297 0.447266 -0.431641
v 0.060547 -0.271484 -0.431641
v 0.072266 -0.716797 -0.431641
v 0.111328 -0.009766 -0.431641
v 0.177734 -0.330078 -0.431641
v 0.193359 0.318359 -0.431641
v 0.216797 0.048828 -0.431641
v 0.310547 0.900391 -0.431641
v -0.283203 0.896484 -0.427734
v -0.279297 0.396484 -0.427734
v -0.267578 0.943359 -0.427734
v -0.263672 0.103516 -0.427734
v -0.263672 0.650391 -0.427734
v -0.259766 0.103516 -0.427734
v -0.244141 0.255859 -0.427734
v -0.220703 -0.646484 -0.427734
v -0.185547 0.666016 -0.427734
v -0.166016 -0.708984 -0.427734
v -0.048828 0.447266 -0.427734
v 0.005859 0.865234 -0.427734
v 0.029297 0.841797 -0.427734
v 0.056641 0.486328 -0.427734
v 0.166016 -0.708984 -0.427734
v 0.232422 -0.576172 -0.427734
v 0.232422 -0.517578 -0.427734
v 0.232422 -0.462891 -0.427734
v 0.244141 0.255859 -0.427734
v 0.259766 0.103516 -0.427734
v 0.283203 0.896484 -0.427734
v -0.251953 0.712891 -0.423828
v -0.197266 0.318359 -0.423828
v -0.166016 -0.001953 -0.423828
v -0.119141 -0.271484 -0.423828
v -0.064453 -0.767578 -0.423828
v 0.001953 0.837891 -0.423828
v 0.087891 -0.708984 -0.423828
v 0.119141 -0.271484 -0.423828
v 0.166016 -0.001953 -0.423828
v 0.228516 -0.638672 -0.423828
v 0.232422 -0.400391 -0.423828
v -0.634766 0.087891 -0.419922
v -0.615234 0.060547 -0.419922
v -0.279297 0.431641 -0.419922
v -0.275391 0.669922 -0.419922
v -0.240234 0.287109 -0.419922
v -0.087891 -0.708984 -0.419922
v -0.060547 -0.248047 -0.419922
v -0.056641 -0.052734 -0.419922
v -0.052734 0.478516 -0.419922
v 0.001953 -0.248047 -0.419922
v 0.001953 -0.060547 -0.419922
v 0.009766 0.880859 -0.419922
v 0.021484 -0.060547 -0.419922
v 0.041016 0.794922 -0.419922
v 0.060547 -0.771484 -0.419922
v 0.060547 -0.248047 -0.419922
v 0.130859 0.490234 -0.419922
v 0.236328 0.287109 -0.419922
v 0.263672 0.951172 -0.419922
v 0.611328 0.056641 -0.419922
v 0.634766 0.087891 -0.419922
v -0.599609 0.087891 -0.416016
v -0.333984 0.962891 -0.416016
v -0.330078 0.912109 -0.416016
v -0.177734 0.693359 -0.416016
v -0.126953 0.443359 -0.416016
v -0.115234 -0.044922 -0.416016
v -0.099609 0.447266 -0.416016
v -0.009766 0.876953 -0.416016
v 0.021484 0.794922 -0.416016
v 0.087891 0.517578 -0.416016
v 0.111328 -0.048828 -0.416016
v 0.263672 0.896484 -0.416016
v 0.318359 0.994141 -0.416016
v 0.330078 0.908203 -0.416016
v 0.333984 0.955078 -0.416016
v 0.599609 0.087891 -0.416016
v -0.650391 0.056641 -0.412109
v -0.623047 0.123047 -0.412109
v -0.291016 0.212891 -0.412109
v -0.279297 0.255859 -0.412109
v -0.267578 0.462891 -0.412109
v -0.263672 0.951172 -0.412109
v -0.259766 0.044922 -0.412109
v -0.228516 -0.333984 -0.412109
v -0.216797 -0.705078 -0.412109
v -0.216797 0.001953 -0.412109
v -0.173828 -0.271484 -0.412109
v -0.119141 -0.248047 -0.412109
v -0.080078 0.537109 -0.412109
v -0.041016 -0.802734 -0.412109
v -0.013672 0.857422 -0.412109
v 0.029297 -0.802734 -0.412109
v 0.037109 0.869141 -0.412109
v 0.103516 0.458984 -0.412109
v 0.119141 -0.248047 -0.412109
v 0.173828 -0.271484 -0.412109
v 0.216797 0.001953 -0.412109
v 0.228516 -0.333984 -0.412109
v 0.236328 0.353516 -0.412109
v 0.244141 0.392578 -0.412109
v 0.259766 0.044922 -0.412109
v 0.291016 0.216797 -0.412109
v 0.619141 0.123047 -0.412109
v 0.646484 0.056641 -0.412109
v -0.298828 0.162109 -0.408203
v -0.275391 -0.400391 -0.408203
v -0.275391 0.689453 -0.408203
v -0.271484 -0.583984 -0.408203
v -0.271484 -0.525391 -0.408203
v -0.271484 -0.466797 -0.408203
v -0.259766 0.896484 -0.408203
v -0.236328 0.318359 -0.408203
v -0.005859 -0.814453 -0.408203
v 0.060547 -0.220703 -0.408203
v 0.064453 0.791016 -0.408203
v 0.166016 0.677734 -0.408203
v 0.220703 -0.705078 -0.408203
v 0.220703 0.615234 -0.408203
v 0.232422 0.318359 -0.408203
v 0.240234 0.623047 -0.408203
v 0.259766 0.638672 -0.408203
v 0.294922 0.162109 -0.408203
v 0.298828 0.162109 -0.408203
v 0.587891 0.119141 -0.408203
v -0.623047 0.029297 -0.404297
v -0.619141 -0.267578 -0.404297
v -0.587891 0.119141 -0.404297
v -0.583984 -0.244141 -0.404297
v -0.576172 -0.220703 -0.404297
v -0.306641 0.853516 -0.404297
v -0.306641 0.998047 -0.404297
v -0.232422 -0.478516 -0.404297
v -0.205078 0.494141 -0.404297
v -0.185547 0.712891 -0.404297
v -0.169922 0.478516 -0.404297
v -0.166016 -0.041016 -0.404297
v -0.162109 -0.759766 -0.404297
v -0.056641 -0.216797 -0.404297
v -0.056641 -0.080078 -0.404297
v -0.021484 0.615234 -0.404297
v -0.001953 0.806641 -0.404297
v 0.001953 -0.216797 -0.404297
v 0.001953 -0.087891 -0.404297
v 0.080078 0.462891 -0.404297
v 0.099609 0.560547 -0.404297
v 0.154297 0.505859 -0.404297
v 0.162109 -0.759766 -0.404297
v 0.166016 -0.044922 -0.404297
v 0.169922 0.650391 -0.404297
v 0.189453 0.630859 -0.404297
v 0.205078 0.619141 -0.404297
v 0.212891 0.478516 -0.404297
v 0.236328 0.439453 -0.404297
v 0.271484 0.658203 -0.404297
v 0.283203 0.259766 -0.404297
v 0.287109 0.849609 -0.404297
v 0.287109 0.990234 -0.404297
v 0.302734 0.849609 -0.404297
v 0.306641 0.998047 -0.404297
v 0.576172 -0.216797 -0.404297
v 0.583984 -0.248047 -0.404297
v 0.615234 -0.248047 -0.404297
v 0.623047 0.029297 -0.404297
v -0.666016 0.087891 -0.400391
v -0.611328 -0.240234 -0.400391
v -0.587891 -0.271484 -0.400391
v -0.583984 0.142578 -0.400391
v -0.572266 -0.181641 -0.400391
v -0.318359 0.857422 -0.400391
v -0.302734 0.107422 -0.400391
v -0.287109 0.845703 -0.400391
v -0.287109 0.990234 -0.400391
v -0.283203 0.283203 -0.400391
v -0.267578 -0.646484 -0.400391
v -0.115234 -0.759766 -0.400391
v -0.001953 0.626953 -0.400391
v 0.001953 0.619141 -0.400391
v 0.044922 -0.095703 -0.400391
v 0.076172 0.810547 -0.400391
v 0.115234 -0.759766 -0.400391
v 0.169922 0.701172 -0.400391
v 0.318359 0.857422 -0.400391
v 0.572266 -0.181641 -0.400391
v 0.580078 0.142578 -0.400391
v 0.587891 -0.275391 -0.400391
v 0.619141 -0.283203 -0.400391
v 0.666016 0.087891 -0.400391
v -0.654297 0.119141 -0.396484
v -0.615234 0.150391 -0.396484
v -0.599609 -0.216797 -0.396484
v -0.341797 0.919922 -0.396484
v -0.212891 0.720703 -0.396484
v -0.173828 -0.248047 -0.396484
v -0.115234 -0.216797 -0.396484
v -0.111328 -0.076172 -0.396484
v -0.099609 0.482422 -0.396484
v -0.068359 -0.755859 -0.396484
v -0.044922 0.603516 -0.396484
v -0.009766 0.884766 -0.396484
v 0.001953 -0.177734 -0.396484
v 0.009766 0.630859 -0.396484
v 0.060547 -0.177734 -0.396484
v 0.064453 -0.759766 -0.396484
v 0.091797 0.591797 -0.396484
v 0.111328 -0.083984 -0.396484
v 0.115234 -0.216797 -0.396484
v 0.173828 -0.248047 -0.396484
v 0.271484 0.681641 -0.396484
v 0.279297 0.283203 -0.396484
v 0.333984 0.962891 -0.396484
v 0.341797 0.919922 -0.396484
v 0.541016 0.486328 -0.396484
v 0.599609 -0.220703 -0.396484
v 0.654297 0.119141 -0.396484
v -0.595703 -0.177734 -0.392578
v -0.568359 -0.142578 -0.392578
v -0.541016 0.490234 -0.392578
v -0.541016 0.513672 -0.392578
v -0.333984 0.962891 -0.392578
v -0.271484 0.341797 -0.392578
v -0.259766 0.001953 -0.392578
v -0.224609 -0.271484 -0.392578
v -0.216797 -0.759766 -0.392578
v -0.056641 -0.177734 -0.392578
v -0.013672 0.830078 -0.392578
v 0.001953 -0.099609 -0.392578
v 0.029297 0.626953 -0.392578
v 0.216797 -0.759766 -0.392578
v 0.228516 -0.251953 -0.392578
v 0.251953 0.904297 -0.392578
v 0.259766 0.001953 -0.392578
v 0.267578 0.958984 -0.392578
v 0.283203 -0.572266 -0.392578
v 0.283203 -0.513672 -0.392578
v 0.283203 -0.462891 -0.392578
v 0.283203 -0.400391 -0.392578
v 0.541016 0.509766 -0.392578
v 0.568359 -0.146484 -0.392578
v 0.595703 -0.181641 -0.392578
v 0.623047 0.146484 -0.392578
v -0.654297 0.029297 -0.388672
v -0.642578 -0.279297 -0.388672
v -0.591797 -0.298828 -0.388672
v -0.576172 0.029297 -0.388672
v -0.552734 0.513672 -0.388672
v -0.333984 0.869141 -0.388672
v -0.275391 -0.333984 -0.388672
v -0.205078 0.611328 -0.388672
v -0.072266 0.587891 -0.388672
v -0.013672 0.873047 -0.388672
v 0.048828 0.748047 -0.388672
v 0.052734 0.619141 -0.388672
v 0.072266 0.607422 -0.388672
v 0.185547 0.716797 -0.388672
v 0.216797 -0.041016 -0.388672
v 0.224609 -0.271484 -0.388672
v 0.259766 0.701172 -0.388672
v 0.263672 0.849609 -0.388672
v 0.279297 -0.638672 -0.388672
v 0.283203 -0.517578 -0.388672
v 0.513672 0.466797 -0.388672
v 0.552734 0.486328 -0.388672
v 0.576172 0.021484 -0.388672
v 0.591797 -0.298828 -0.388672
v 0.654297 0.029297 -0.388672
v -0.673828 0.056641 -0.384766
v -0.646484 -0.259766 -0.384766
v -0.630859 -0.298828 -0.384766
v -0.591797 -0.142578 -0.384766
v -0.583984 0.166016 -0.384766
v -0.556641 0.490234 -0.384766
v -0.537109 0.525391 -0.384766
v -0.509766 0.462891 -0.384766
v -0.310547 0.259766 -0.384766
v -0.298828 0.044922 -0.384766
v -0.279297 0.322266 -0.384766
v -0.267578 0.958984 -0.384766
v -0.263672 -0.705078 -0.384766
v -0.263672 0.845703 -0.384766
v -0.251953 0.904297 -0.384766
v -0.216797 -0.041016 -0.384766
v -0.169922 0.638672 -0.384766
v -0.162109 -0.072266 -0.384766
v -0.134766 0.474609 -0.384766
v -0.111328 -0.177734 -0.384766
v -0.099609 0.517578 -0.384766
v -0.083984 -0.755859 -0.384766
v -0.052734 -0.103516 -0.384766
v 0.001953 0.888672 -0.384766
v 0.025391 0.751953 -0.384766
v 0.052734 -0.107422 -0.384766
v 0.072266 0.841797 -0.384766
v 0.080078 -0.755859 -0.384766
v 0.115234 -0.177734 -0.384766
v 0.166016 -0.080078 -0.384766
v 0.212891 0.720703 -0.384766
v 0.240234 0.716797 -0.384766
v 0.271484 0.322266 -0.384766
v 0.509766 0.490234 -0.384766
v 0.513672 0.435547 -0.384766
v 0.521484 0.126953 -0.384766
v 0.525391 0.095703 -0.384766
v 0.537109 0.517578 -0.384766
v 0.583984 0.169922 -0.384766
v 0.591797 -0.146484 -0.384766
v 0.646484 -0.271484 -0.384766
v 0.646484 -0.255859 -0.384766
v 0.673828 0.056641 -0.384766
v -0.634766 -0.240234 -0.380859
v -0.513672 0.435547 -0.380859
v -0.505859 0.486328 -0.380859
v -0.326172 0.220703 -0.380859
v 0.001953 -0.111328 -0.380859
v 0.017578 0.740234 -0.380859
v 0.021484 0.884766 -0.380859
v 0.279297 -0.333984 -0.380859
v 0.298828 0.044922 -0.380859
v 0.310547 0.259766 -0.380859
v 0.326172 0.220703 -0.380859
v 0.341797 0.826172 -0.380859
v 0.470703 0.412109 -0.380859
v 0.521484 0.150391 -0.380859
v 0.533203 0.431641 -0.380859
v 0.552734 0.505859 -0.380859
v 0.634766 -0.236328 -0.380859
v 0.642578 -0.291016 -0.380859
v -0.654297 -0.283203 -0.376953
v -0.564453 -0.111328 -0.376953
v -0.556641 0.513672 -0.376953
v -0.541016 0.529297 -0.376953
v -0.521484 0.142578 -0.376953
v -0.474609 0.396484 -0.376953
v -0.337891 0.166016 -0.376953
v -0.318359 0.974609 -0.376953
v -0.310547 -0.583984 -0.376953
v -0.310547 -0.525391 -0.376953
v -0.310547 -0.466797 -0.376953
v -0.310547 0.283203 -0.376953
v -0.306641 0.814453 -0.376953
v -0.287109 0.373047 -0.376953
v -0.248047 0.685547 -0.376953
v -0.224609 -0.248047 -0.376953
v -0.169922 -0.216797 -0.376953
v -0.162109 -0.806641 -0.376953
v -0.107422 -0.099609 -0.376953
v -0.091797 0.572266 -0.376953
v -0.041016 -0.791016 -0.376953
v -0.009766 -0.802734 -0.376953
v 0.021484 -0.791016 -0.376953
v 0.072266 0.744141 -0.376953
v 0.099609 0.498047 -0.376953
v 0.111328 -0.107422 -0.376953
v 0.169922 -0.208984 -0.376953
v 0.267578 -0.701172 -0.376953
v 0.271484 0.357422 -0.376953
v 0.298828 0.814453 -0.376953
v 0.310547 0.283203 -0.376953
v 0.318359 0.810547 -0.376953
v 0.322266 0.966797 -0.376953
v 0.337891 0.166016 -0.376953
v 0.509766 0.505859 -0.376953
v 0.564453 -0.111328 -0.376953
v -0.677734 0.083984 -0.373047
v -0.642578 0.154297 -0.373047
v -0.623047 -0.216797 -0.373047
v -0.623047 -0.177734 -0.373047
v -0.623047 0.009766 -0.373047
v -0.587891 -0.318359 -0.373047
v -0.564453 0.490234 -0.373047
v -0.529297 0.431641 -0.373047
v -0.501953 0.505859 -0.373047
v -0.494141 0.380859 -0.373047
v -0.466797 0.419922 -0.373047
v -0.337891 0.931641 -0.373047
v -0.009766 0.849609 -0.373047
v 0.001953 0.744141 -0.373047
v 0.001953 0.759766 -0.373047
v 0.056641 -0.119141 -0.373047
v 0.107422 0.486328 -0.373047
v 0.158203 -0.806641 -0.373047
v 0.337891 0.927734 -0.373047
v 0.373047 0.810547 -0.373047
v 0.462891 0.435547 -0.373047
v 0.466797 0.376953 -0.373047
v 0.525391 0.048828 -0.373047
v 0.541016 0.517578 -0.373047
v 0.548828 0.431641 -0.373047
v 0.560547 0.486328 -0.373047
v 0.587891 -0.318359 -0.373047
v 0.615234 -0.318359 -0.373047
v 0.623047 -0.216797 -0.373047
v 0.623047 -0.181641 -0.373047
v 0.623047 0.009766 -0.373047
v 0.677734 0.083984 -0.373047
v -0.615234 -0.322266 -0.369141
v -0.376953 0.806641 -0.369141
v -0.341797 0.111328 -0.369141
v -0.341797 0.880859 -0.369141
v -0.318359 -0.400391 -0.369141
v -0.306641 -0.646484 -0.369141
v -0.291016 0.412109 -0.369141
v -0.287109 -0.001953 -0.369141
v -0.259766 -0.755859 -0.369141
v -0.212891 -0.806641 -0.369141
v -0.162109 0.666016 -0.369141
v -0.052734 -0.119141 -0.369141
v 0.001953 -0.123047 -0.369141
v 0.212891 -0.806641 -0.369141
v 0.224609 -0.232422 -0.369141
v 0.279297 0.966797 -0.369141
v 0.337891 0.111328 -0.369141
v 0.439453 0.384766 -0.369141
v 0.490234 0.369141 -0.369141
v 0.623047 -0.154297 -0.369141
v -0.669922 0.037109 -0.365234
v -0.666016 0.119141 -0.365234
v -0.662109 -0.275391 -0.365234
v -0.623047 -0.138672 -0.365234
v -0.587891 -0.099609 -0.365234
v -0.556641 0.513672 -0.365234
v -0.544922 0.427734 -0.365234
v -0.544922 0.525391 -0.365234
v -0.541016 -0.279297 -0.365234
v -0.533203 -0.248047 -0.365234
v -0.525391 -0.212891 -0.365234
v -0.521484 0.173828 -0.365234
v -0.517578 -0.154297 -0.365234
v -0.439453 0.376953 -0.365234
v -0.251953 0.603516 -0.365234
v -0.212891 -0.072266 -0.365234
v 0.001953 0.869141 -0.365234
v 0.087891 0.748047 -0.365234
v 0.166016 -0.173828 -0.365234
v 0.169922 0.607422 -0.365234
v 0.216797 -0.076172 -0.365234
v 0.255859 0.853516 -0.365234
v 0.255859 0.916016 -0.365234
v 0.259766 -0.755859 -0.365234
v 0.259766 -0.041016 -0.365234
v 0.267578 0.404297 -0.365234
v 0.279297 0.814453 -0.365234
v 0.310547 0.970703 -0.365234
v 0.376953 0.806641 -0.365234
v 0.458984 0.458984 -0.365234
v 0.509766 0.513672 -0.365234
v 0.521484 0.181641 -0.365234
v 0.541016 -0.248047 -0.365234
v 0.544922 -0.279297 -0.365234
v 0.587891 -0.103516 -0.365234
v 0.662109 -0.275391 -0.365234
v 0.666016 0.037109 -0.365234
v 0.666016 0.115234 -0.365234
v -0.529297 0.052734 -0.361328
v -0.509766 0.369141 -0.361328
v -0.505859 0.517578 -0.361328
v -0.458984 0.447266 -0.361328
v -0.349609 0.783203 -0.361328
v -0.310547 0.326172 -0.361328
v -0.302734 0.970703 -0.361328
v -0.287109 0.814453 -0.361328
v -0.271484 0.615234 -0.361328
v -0.267578 -0.271484 -0.361328
v -0.259766 0.923828 -0.361328
v -0.166016 -0.181641 -0.361328
v -0.158203 -0.099609 -0.361328
v -0.150391 0.626953 -0.361328
v -0.009766 0.779297 -0.361328
v 0.025391 0.876953 -0.361328
v 0.048828 0.873047 -0.361328
v 0.056641 -0.130859 -0.361328
v 0.111328 0.552734 -0.361328
v 0.267578 -0.271484 -0.361328
v 0.306641 0.322266 -0.361328
v 0.365234 0.783203 -0.361328
v 0.529297 -0.201172 -0.361328
v 0.552734 0.505859 -0.361328
v 0.564453 0.435547 -0.361328
v 0.619141 -0.126953 -0.361328
v 0.642578 -0.314453 -0.361328
v -0.662109 -0.259766 -0.357422
v -0.642578 -0.318359 -0.357422
v -0.576172 0.009766 -0.357422
v -0.564453 0.490234 -0.357422
v -0.548828 -0.310547 -0.357422
v -0.513672 -0.103516 -0.357422
v -0.458984 0.095703 -0.357422
v -0.458984 0.353516 -0.357422
v -0.455078 0.130859 -0.357422
v -0.419922 0.392578 -0.357422
v -0.400391 0.779297 -0.357422
v -0.396484 0.814453 -0.357422
v -0.337891 0.259766 -0.357422
v -0.337891 0.279297 -0.357422
v -0.283203 0.447266 -0.357422
v -0.267578 -0.041016 -0.357422
v -0.255859 0.857422 -0.357422
v -0.173828 0.689453 -0.357422
v -0.169922 0.599609 -0.357422
v -0.138672 0.505859 -0.357422
v -0.111328 0.556641 -0.357422
v -0.107422 -0.806641 -0.357422
v -0.103516 -0.119141 -0.357422
v 0.001953 -0.142578 -0.357422
v 0.044922 0.869141 -0.357422
v 0.111328 -0.123047 -0.357422
v 0.146484 0.634766 -0.357422
v 0.166016 -0.103516 -0.357422
v 0.294922 0.970703 -0.357422
v 0.322266 -0.400391 -0.357422
v 0.416016 0.396484 -0.357422
v 0.455078 0.138672 -0.357422
v 0.458984 0.111328 -0.357422
v 0.513672 0.361328 -0.357422
v 0.521484 -0.150391 -0.357422
v 0.521484 -0.107422 -0.357422
v 0.521484 0.013672 -0.357422
v 0.541016 0.513672 -0.357422
v 0.552734 -0.310547 -0.357422
v 0.560547 0.486328 -0.357422
v 0.662109 -0.259766 -0.357422
v -0.658203 -0.298828 -0.353516
v -0.646484 0.013672 -0.353516
v -0.560547 0.431641 -0.353516
v -0.537109 -0.080078 -0.353516
v -0.333984 0.044922 -0.353516
v -0.322266 -0.337891 -0.353516
v -0.298828 -0.705078 -0.353516
v -0.279297 0.634766 -0.353516
v -0.279297 0.951172 -0.353516
v -0.220703 -0.216797 -0.353516
v -0.158203 -0.841797 -0.353516
v -0.052734 -0.142578 -0.353516
v 0.056641 -0.142578 -0.353516
v 0.099609 0.771484 -0.353516
v 0.103516 -0.794922 -0.353516
v 0.158203 -0.841797 -0.353516
v 0.158203 0.662109 -0.353516
v 0.197266 0.595703 -0.353516
v 0.220703 -0.201172 -0.353516
v 0.322266 -0.572266 -0.353516
v 0.322266 -0.513672 -0.353516
v 0.322266 -0.458984 -0.353516
v 0.333984 0.048828 -0.353516
v 0.337891 0.771484 -0.353516
v 0.341797 0.259766 -0.353516
v 0.341797 0.283203 -0.353516
v 0.396484 0.783203 -0.353516
v 0.458984 0.478516 -0.353516
v 0.462891 0.080078 -0.353516
v 0.466797 0.044922 -0.353516
v 0.572266 0.001953 -0.353516
v 0.646484 0.017578 -0.353516
v 0.658203 -0.294922 -0.353516
v -0.650391 -0.240234 -0.349609
v -0.619141 -0.103516 -0.349609
v -0.615234 0.189453 -0.349609
v -0.560547 -0.333984 -0.349609
v -0.513672 0.521484 -0.349609
v -0.455078 0.166016 -0.349609
v -0.419922 0.783203 -0.349609
v -0.384766 0.748047 -0.349609
v -0.353516 0.224609 -0.349609
v -0.333984 0.771484 -0.349609
v -0.326172 0.779297 -0.349609
v -0.326172 0.939453 -0.349609
v -0.224609 0.587891 -0.349609
v -0.025391 0.623047 -0.349609
v 0.275391 -0.255859 -0.349609
v 0.302734 0.365234 -0.349609
v 0.314453 -0.634766 -0.349609
v 0.318359 0.779297 -0.349609
v 0.322266 -0.337891 -0.349609
v 0.322266 0.935547 -0.349609
v 0.353516 0.220703 -0.349609
v 0.455078 0.169922 -0.349609
v 0.517578 0.517578 -0.349609
v 0.533203 -0.080078 -0.349609
v 0.564453 -0.333984 -0.349609
v 0.650391 -0.240234 -0.349609
v -0.669922 0.060547 -0.345703
v -0.544922 0.505859 -0.345703
v -0.529297 0.353516 -0.345703
v -0.525391 0.021484 -0.345703
v -0.455078 0.470703 -0.345703
v -0.447266 -0.486328 -0.345703
v -0.341797 0.892578 -0.345703
v -0.306641 0.369141 -0.345703
v -0.248047 0.669922 -0.345703
v -0.212891 -0.841797 -0.345703
v -0.197266 0.697266 -0.345703
v -0.162109 -0.857422 -0.345703
v -0.134766 0.607422 -0.345703
v -0.103516 -0.142578 -0.345703
v -0.029297 0.740234 -0.345703
v -0.005859 0.814453 -0.345703
v 0.025391 0.619141 -0.345703
v 0.103516 0.591797 -0.345703
v 0.111328 -0.142578 -0.345703
v 0.130859 0.607422 -0.345703
v 0.146484 0.517578 -0.345703
v 0.162109 -0.857422 -0.345703
v 0.166016 0.681641 -0.345703
v 0.212891 -0.841797 -0.345703
v 0.240234 0.595703 -0.345703
v 0.259766 0.611328 -0.345703
v 0.271484 0.818359 -0.345703
v 0.306641 0.783203 -0.345703
v 0.337891 0.892578 -0.345703
v 0.396484 0.814453 -0.345703
v 0.533203 0.353516 -0.345703
v 0.564453 0.439453 -0.345703
v 0.623047 -0.107422 -0.345703
v 0.669922 0.060547 -0.345703
v -0.642578 -0.177734 -0.341797
v -0.638672 -0.216797 -0.341797
v -0.560547 0.435547 -0.341797
v -0.529297 0.517578 -0.341797
v -0.525391 0.205078 -0.341797
v -0.478516 0.330078 -0.341797
v -0.462891 0.017578 -0.341797
v -0.412109 0.822266 -0.341797
v -0.404297 0.404297 -0.341797
v -0.376953 0.849609 -0.341797
v -0.337891 0.326172 -0.341797
v -0.275391 0.654297 -0.341797
v -0.271484 -0.248047 -0.341797
v -0.267578 0.470703 -0.341797
v -0.255859 -0.806641 -0.341797
v -0.212891 -0.857422 -0.341797
v -0.197266 0.583984 -0.341797
v -0.169922 0.517578 -0.341797
v -0.162109 -0.869141 -0.341797
v -0.154297 -0.119141 -0.341797
v -0.052734 0.615234 -0.341797
v 0.099609 0.798828 -0.341797
v 0.123047 0.501953 -0.341797
v 0.150391 0.572266 -0.341797
v 0.162109 -0.869141 -0.341797
v 0.212891 -0.857422 -0.341797
v 0.216797 0.591797 -0.341797
v 0.255859 -0.806641 -0.341797
v 0.255859 0.455078 -0.341797
v 0.271484 0.630859 -0.341797
v 0.275391 0.927734 -0.341797
v 0.291016 0.798828 -0.341797
v 0.302734 -0.701172 -0.341797
v 0.318359 0.775391 -0.341797
v 0.337891 0.326172 -0.341797
v 0.384766 0.740234 -0.341797
v 0.400391 0.349609 -0.341797
v 0.431641 0.322266 -0.341797
v 0.451172 -0.486328 -0.341797
v 0.462891 0.314453 -0.341797
v 0.466797 0.013672 -0.341797
v 0.525391 0.208984 -0.341797
v 0.595703 -0.341797 -0.341797
v 0.603516 0.189453 -0.341797
v 0.638672 -0.216797 -0.341797
v 0.642578 -0.181641 -0.341797
v -0.646484 -0.146484 -0.337891
v -0.595703 -0.341797 -0.337891
v -0.501953 -0.486328 -0.337891
v -0.423828 0.318359 -0.337891
v -0.400391 0.353516 -0.337891
v -0.365234 0.287109 -0.337891
v -0.341797 -0.525391 -0.337891
v -0.341797 -0.466797 -0.337891
v -0.318359 -0.001953 -0.337891
v -0.314453 0.779297 -0.337891
v -0.291016 -0.759766 -0.337891
v -0.263672 0.669922 -0.337891
v -0.240234 0.681641 -0.337891
v -0.220703 0.693359 -0.337891
v -0.212891 -0.869141 -0.337891
v -0.208984 -0.099609 -0.337891
v -0.197266 0.509766 -0.337891
v -0.033203 0.763672 -0.337891
v 0.052734 0.611328 -0.337891
v 0.076172 0.603516 -0.337891
v 0.169922 0.513672 -0.337891
v 0.185547 0.693359 -0.337891
v 0.212891 -0.869141 -0.337891
v 0.216797 -0.173828 -0.337891
v 0.224609 0.490234 -0.337891
v 0.259766 -0.076172 -0.337891
v 0.298828 0.931641 -0.337891
v 0.373047 0.279297 -0.337891
v 0.376953 0.849609 -0.337891
v 0.404297 0.427734 -0.337891
v 0.505859 -0.486328 -0.337891
v 0.638672 0.162109 -0.337891
v 0.642578 -0.146484 -0.337891
v -0.658203 -0.259766 -0.333984
v -0.634766 0.169922 -0.333984
v -0.607422 -0.076172 -0.333984
v -0.556641 0.470703 -0.333984
v -0.513672 -0.541016 -0.333984
v -0.501953 -0.048828 -0.333984
v -0.419922 -0.423828 -0.333984
v -0.373047 0.259766 -0.333984
v -0.357422 0.732422 -0.333984
v -0.353516 -0.404297 -0.333984
v -0.341797 -0.583984 -0.333984
v -0.283203 0.822266 -0.333984
v -0.263672 0.880859 -0.333984
v -0.259766 -0.072266 -0.333984
v -0.216797 -0.181641 -0.333984
v -0.212891 -0.935547 -0.333984
v -0.212891 -0.912109 -0.333984
v -0.212891 -0.888672 -0.333984
v -0.166016 -0.888672 -0.333984
v -0.080078 0.603516 -0.333984
v 0.033203 0.689453 -0.333984
v 0.134766 0.533203 -0.333984
v 0.162109 -0.123047 -0.333984
v 0.166016 -0.888672 -0.333984
v 0.193359 0.505859 -0.333984
v 0.212891 -0.935547 -0.333984
v 0.212891 -0.912109 -0.333984
v 0.212891 -0.888672 -0.333984
v 0.212891 -0.103516 -0.333984
v 0.259766 0.865234 -0.333984
v 0.271484 0.654297 -0.333984
v 0.291016 -0.755859 -0.333984
v 0.291016 -0.041016 -0.333984
v 0.369141 0.330078 -0.333984
v 0.388672 0.388672 -0.333984
v 0.400391 0.294922 -0.333984
v 0.458984 0.490234 -0.333984
v 0.517578 -0.541016 -0.333984
v 0.556641 0.470703 -0.333984
v 0.607422 -0.080078 -0.333984
v 0.658203 -0.259766 -0.333984
v -0.650391 0.033203 -0.330078
v -0.544922 0.353516 -0.330078
v -0.458984 0.197266 -0.330078
v -0.412109 0.037109 -0.330078
v -0.392578 0.087891 -0.330078
v -0.392578 0.298828 -0.330078
v -0.388672 0.119141 -0.330078
v -0.388672 0.158203 -0.330078
v -0.388672 0.384766 -0.330078
v -0.384766 0.115234 -0.330078
v -0.369141 0.337891 -0.330078
v -0.306641 0.931641 -0.330078
v -0.220703 0.498047 -0.330078
v -0.169922 -0.912109 -0.330078
v -0.138672 0.541016 -0.330078
v -0.107422 0.591797 -0.330078
v -0.041016 -0.787109 -0.330078
v -0.013672 -0.791016 -0.330078
v 0.001953 0.685547 -0.330078
v 0.005859 0.830078 -0.330078
v 0.013672 -0.791016 -0.330078
v 0.041016 -0.787109 -0.330078
v 0.068359 -0.787109 -0.330078
v 0.083984 0.822266 -0.330078
v 0.126953 0.626953 -0.330078
v 0.169922 -0.912109 -0.330078
v 0.212891 0.697266 -0.330078
v 0.259766 0.673828 -0.330078
v 0.271484 -0.232422 -0.330078
v 0.294922 0.412109 -0.330078
v 0.310547 -0.279297 -0.330078
v 0.333984 0.373047 -0.330078
v 0.353516 0.732422 -0.330078
v 0.376953 0.248047 -0.330078
v 0.388672 0.123047 -0.330078
v 0.388672 0.158203 -0.330078
v 0.412109 0.041016 -0.330078
v 0.419922 0.744141 -0.330078
v 0.423828 -0.427734 -0.330078
v 0.486328 0.298828 -0.330078
v 0.548828 0.353516 -0.330078
v 0.650391 0.033203 -0.330078
v 0.654297 0.123047 -0.330078
v -0.666016 -0.275391 -0.326172
v -0.654297 0.126953 -0.326172
v -0.642578 -0.115234 -0.326172
v -0.607422 0.009766 -0.326172
v -0.552734 -0.044922 -0.326172
v -0.537109 0.423828 -0.326172
v -0.455078 0.486328 -0.326172
v -0.447266 0.787109 -0.326172
v -0.431641 0.724609 -0.326172
v -0.408203 0.443359 -0.326172
v -0.400391 0.064453 -0.326172
v -0.373047 0.076172 -0.326172
v -0.337891 -0.642578 -0.326172
v -0.310547 -0.275391 -0.326172
v -0.283203 0.908203 -0.326172
v -0.251953 -0.935547 -0.326172
v -0.244141 0.490234 -0.326172
v -0.216797 -0.966797 -0.326172
v -0.173828 -0.935547 -0.326172
v -0.154297 -0.142578 -0.326172
v -0.154297 0.572266 -0.326172
v -0.072266 -0.798828 -0.326172
v 0.060547 0.689453 -0.326172
v 0.169922 -0.935547 -0.326172
v 0.212891 -0.966797 -0.326172
v 0.236328 0.689453 -0.326172
v 0.251953 -0.935547 -0.326172
v 0.322266 0.005859 -0.326172
v 0.396484 0.099609 -0.326172
v 0.404297 0.072266 -0.326172
v 0.408203 0.455078 -0.326172
v 0.427734 0.779297 -0.326172
v 0.513672 -0.017578 -0.326172
v 0.537109 0.423828 -0.326172
v 0.630859 -0.337891 -0.326172
v -0.654297 -0.244141 -0.322266
v -0.630859 -0.341797 -0.322266
v -0.451172 0.740234 -0.322266
v -0.408203 0.267578 -0.322266
v -0.404297 0.705078 -0.322266
v -0.400391 -0.482422 -0.322266
v -0.388672 0.228516 -0.322266
v -0.365234 -0.345703 -0.322266
v -0.361328 0.041016 -0.322266
v -0.333984 0.373047 -0.322266
v -0.333984 0.751953 -0.322266
v -0.333984 0.896484 -0.322266
v -0.306641 -0.041016 -0.322266
v -0.251953 -0.912109 -0.322266
v -0.130859 0.634766 -0.322266
v -0.119141 0.615234 -0.322266
v -0.103516 -0.841797 -0.322266
v -0.021484 0.791016 -0.322266
v -0.009766 0.634766 -0.322266
v 0.095703 -0.810547 -0.322266
v 0.162109 -0.142578 -0.322266
v 0.166016 0.529297 -0.322266
v 0.251953 -0.912109 -0.322266
v 0.326172 0.892578 -0.322266
v 0.333984 0.751953 -0.322266
v 0.357422 -0.400391 -0.322266
v 0.361328 0.380859 -0.322266
v 0.365234 -0.345703 -0.322266
v 0.369141 0.087891 -0.322266
v 0.431641 0.271484 -0.322266
v 0.451172 0.271484 -0.322266
v 0.462891 -0.021484 -0.322266
v 0.552734 -0.052734 -0.322266
v 0.607422 0.005859 -0.322266
v 0.654297 -0.244141 -0.322266
v 0.666016 -0.275391 -0.322266
v -0.654297 0.103516 -0.318359
v -0.521484 -0.005859 -0.318359
v -0.501953 0.283203 -0.318359
v -0.466797 -0.541016 -0.318359
v -0.419922 0.005859 -0.318359
v -0.416016 0.830078 -0.318359
v -0.396484 0.193359 -0.318359
v -0.373047 0.013672 -0.318359
v -0.361328 0.380859 -0.318359
v -0.310547 0.408203 -0.318359
v -0.267578 -0.216797 -0.318359
v -0.205078 -0.119141 -0.318359
v -0.177734 -0.966797 -0.318359
v 0.025391 0.626953 -0.318359
v 0.025391 0.833984 -0.318359
v 0.064453 0.833984 -0.318359
v 0.169922 -0.966797 -0.318359
v 0.189453 0.568359 -0.318359
v 0.251953 -0.966797 -0.318359
v 0.349609 -0.572266 -0.318359
v 0.349609 -0.513672 -0.318359
v 0.349609 -0.458984 -0.318359
v 0.408203 0.013672 -0.318359
v 0.408203 0.248047 -0.318359
v 0.408203 0.826172 -0.318359
v 0.470703 -0.541016 -0.318359
v 0.505859 0.287109 -0.318359
v 0.517578 0.505859 -0.318359
v 0.654297 0.099609 -0.318359
v -0.650391 0.056641 -0.314453
v -0.541016 0.357422 -0.314453
v -0.474609 0.025391 -0.314453
v -0.462891 0.755859 -0.314453
v -0.384766 0.412109 -0.314453
v -0.373047 0.853516 -0.314453
v -0.107422 -0.857422 -0.314453
v 0.001953 0.810547 -0.314453
v 0.103516 0.619141 -0.314453
v 0.107422 -0.841797 -0.314453
v 0.150391 0.533203 -0.314453
v 0.267578 -0.205078 -0.314453
v 0.279297 0.873047 -0.314453
v 0.345703 -0.634766 -0.314453
v 0.361328 0.060547 -0.314453
v 0.369141 0.853516 -0.314453
v 0.388672 0.701172 -0.314453
v 0.404297 -0.482422 -0.314453
v 0.478516 -0.423828 -0.314453
v 0.544922 0.357422 -0.314453
v 0.650391 0.056641 -0.314453
v -0.654297 -0.166016 -0.310547
v -0.650391 -0.271484 -0.310547
v -0.646484 -0.220703 -0.310547
v -0.634766 -0.091797 -0.310547
v -0.525391 0.228516 -0.310547
v -0.494141 -0.298828 -0.310547
v -0.482422 -0.267578 -0.310547
v -0.474609 -0.423828 -0.310547
v -0.462891 0.220703 -0.310547
v -0.462891 0.498047 -0.310547
v -0.451172 -0.123047 -0.310547
v -0.447266 -0.072266 -0.310547
v -0.443359 -0.029297 -0.310547
v -0.423828 0.220703 -0.310547
v -0.376953 0.689453 -0.310547
v -0.330078 -0.705078 -0.310547
v -0.314453 0.787109 -0.310547
v -0.287109 0.849609 -0.310547
v -0.263672 -0.888672 -0.310547
v -0.263672 -0.869141 -0.310547
v -0.263672 -0.857422 -0.310547
v -0.263672 -0.841797 -0.310547
v -0.255859 -0.099609 -0.310547
v -0.173828 0.544922 -0.310547
v -0.115234 -0.869141 -0.310547
v -0.009766 0.654297 -0.310547
v 0.044922 0.833984 -0.310547
v 0.056641 0.623047 -0.310547
v 0.083984 0.697266 -0.310547
v 0.111328 -0.857422 -0.310547
v 0.115234 -0.869141 -0.310547
v 0.263672 -0.888672 -0.310547
v 0.263672 -0.869141 -0.310547
v 0.263672 -0.857422 -0.310547
v 0.263672 -0.841797 -0.310547
v 0.283203 0.822266 -0.310547
v 0.306641 0.884766 -0.310547
v 0.314453 0.787109 -0.310547
v 0.466797 0.498047 -0.310547
v 0.498047 0.228516 -0.310547
v 0.638672 0.158203 -0.310547
v 0.646484 -0.220703 -0.310547
v 0.646484 -0.123047 -0.310547
v 0.650391 -0.271484 -0.310547
v 0.650391 -0.169922 -0.310547
v -0.634766 0.166016 -0.306641
v -0.591797 -0.044922 -0.306641
v -0.509766 -0.330078 -0.306641
v -0.470703 -0.236328 -0.306641
v -0.458984 -0.177734 -0.306641
v -0.341797 -0.001953 -0.306641
v -0.341797 0.728516 -0.306641
v -0.318359 0.888672 -0.306641
v -0.267578 -0.966797 -0.306641
v -0.197266 0.564453 -0.306641
v -0.119141 -0.888672 -0.306641
v -0.041016 0.685547 -0.306641
v 0.029297 0.650391 -0.306641
v 0.080078 0.619141 -0.306641
v 0.119141 -0.888672 -0.306641
v 0.255859 -0.103516 -0.306641
v 0.294922 -0.076172 -0.306641
v 0.322266 0.416016 -0.306641
v 0.330078 -0.701172 -0.306641
v 0.404297 0.470703 -0.306641
v 0.416016 0.220703 -0.306641
v 0.435547 0.791016 -0.306641
v 0.462891 0.224609 -0.306641
v 0.462891 0.248047 -0.306641
v 0.466797 -0.052734 -0.306641
v 0.486328 0.505859 -0.306641
v 0.501953 -0.251953 -0.306641
v 0.505859 -0.287109 -0.306641
v 0.517578 -0.322266 -0.306641
v 0.587891 -0.052734 -0.306641
v 0.634766 -0.091797 -0.306641
v 0.650391 -0.318359 -0.306641
v -0.654297 -0.322266 -0.302734
v -0.548828 -0.580078 -0.302734
v -0.537109 -0.486328 -0.302734
v -0.537109 -0.349609 -0.302734
v -0.517578 0.279297 -0.302734
v -0.509766 -0.626953 -0.302734
v -0.474609 -0.583984 -0.302734
v -0.404297 0.470703 -0.302734
v -0.318359 -0.755859 -0.302734
v -0.314453 -0.248047 -0.302734
v -0.302734 -0.072266 -0.302734
v -0.302734 0.876953 -0.302734
v -0.294922 -0.806641 -0.302734
v -0.287109 -0.935547 -0.302734
v -0.255859 0.576172 -0.302734
v -0.232422 0.572266 -0.302734
v -0.205078 -0.142578 -0.302734
v -0.126953 -0.912109 -0.302734
v -0.052734 0.634766 -0.302734
v 0.099609 0.728516 -0.302734
v 0.126953 -0.912109 -0.302734
v 0.173828 0.533203 -0.302734
v 0.208984 -0.126953 -0.302734
v 0.212891 -0.998047 -0.302734
v 0.263672 -0.173828 -0.302734
v 0.283203 -0.912109 -0.302734
v 0.287109 -0.935547 -0.302734
v 0.294922 -0.806641 -0.302734
v 0.357422 0.423828 -0.302734
v 0.427734 0.697266 -0.302734
v 0.443359 0.236328 -0.302734
v 0.458984 -0.095703 -0.302734
v 0.474609 -0.583984 -0.302734
v 0.478516 -0.197266 -0.302734
v 0.505859 -0.626953 -0.302734
v 0.505859 0.353516 -0.302734
v 0.517578 0.279297 -0.302734
v 0.521484 0.236328 -0.302734
v 0.541016 -0.486328 -0.302734
v 0.541016 -0.345703 -0.302734
v 0.548828 -0.580078 -0.302734
v -0.646484 -0.123047 -0.298828
v -0.642578 0.083984 -0.298828
v -0.564453 0.009766 -0.298828
v -0.525391 0.232422 -0.298828
v -0.505859 0.353516 -0.298828
v -0.490234 0.240234 -0.298828
v -0.478516 0.505859 -0.298828
v -0.287109 -0.912109 -0.298828
v -0.271484 0.591797 -0.298828
v -0.263672 -0.181641 -0.298828
v -0.068359 0.751953 -0.298828
v 0.189453 0.552734 -0.298828
v 0.208984 -0.142578 -0.298828
v 0.279297 -0.970703 -0.298828
v 0.279297 0.462891 -0.298828
v 0.318359 -0.755859 -0.298828
v 0.326172 -0.263672 -0.298828
v 0.353516 -0.298828 -0.298828
v 0.353516 0.033203 -0.298828
v 0.376953 0.447266 -0.298828
v 0.408203 -0.353516 -0.298828
v 0.462891 -0.142578 -0.298828
v -0.458984 0.794922 -0.294922
v -0.443359 0.669922 -0.294922
v -0.416016 0.662109 -0.294922
v -0.412109 -0.349609 -0.294922
v -0.361328 0.853516 -0.294922
v -0.357422 0.689453 -0.294922
v -0.353516 -0.283203 -0.294922
v -0.330078 0.412109 -0.294922
v -0.216797 -0.998047 -0.294922
v -0.177734 0.669922 -0.294922
v -0.138672 -0.966797 -0.294922
v -0.130859 -0.935547 -0.294922
v -0.107422 0.619141 -0.294922
v -0.083984 0.626953 -0.294922
v 0.056641 0.650391 -0.294922
v 0.126953 0.642578 -0.294922
v 0.130859 -0.966797 -0.294922
v 0.212891 0.572266 -0.294922
v 0.251953 -0.998047 -0.294922
v 0.318359 -0.029297 -0.294922
v 0.337891 0.724609 -0.294922
v 0.353516 0.853516 -0.294922
v 0.357422 0.689453 -0.294922
v 0.404297 -0.017578 -0.294922
v 0.482422 0.244141 -0.294922
v 0.517578 0.396484 -0.294922
v 0.560547 -0.013672 -0.294922
v 0.576172 -0.361328 -0.294922
v 0.611328 0.025391 -0.294922
v 0.615234 -0.068359 -0.294922
v -0.619141 -0.064453 -0.291016
v -0.607422 0.029297 -0.291016
v -0.572266 -0.361328 -0.291016
v -0.517578 0.396484 -0.291016
v -0.466797 0.689453 -0.291016
v -0.408203 0.833984 -0.291016
v -0.376953 0.447266 -0.291016
v -0.365234 -0.583984 -0.291016
v -0.365234 -0.525391 -0.291016
v -0.365234 -0.490234 -0.291016
v -0.357422 0.412109 -0.291016
v -0.275391 0.607422 -0.291016
v -0.177734 -0.998047 -0.291016
v -0.052734 0.662109 -0.291016
v 0.142578 0.654297 -0.291016
v 0.169922 -0.998047 -0.291016
v 0.236328 0.576172 -0.291016
v 0.302734 0.833984 -0.291016
v 0.396484 0.833984 -0.291016
v 0.451172 0.732422 -0.291016
v 0.599609 0.205078 -0.291016
v 0.623047 0.158203 -0.291016
v 0.638672 0.087891 -0.291016
v -0.654297 -0.251953 -0.287109
v -0.619141 0.166016 -0.287109
v -0.537109 -0.630859 -0.287109
v -0.509766 0.248047 -0.287109
v -0.486328 -0.658203 -0.287109
v -0.326172 0.818359 -0.287109
v -0.251953 -0.123047 -0.287109
v -0.197266 0.666016 -0.287109
v -0.193359 0.541016 -0.287109
v -0.044922 0.775391 -0.287109
v 0.095703 0.763672 -0.287109
v 0.251953 0.587891 -0.287109
v 0.400391 0.662109 -0.287109
v 0.486328 -0.658203 -0.287109
v 0.505859 0.251953 -0.287109
v 0.537109 -0.630859 -0.287109
v 0.650391 -0.251953 -0.287109
v -0.599609 0.205078 -0.283203
v -0.513672 0.291016 -0.283203
v -0.498047 0.501953 -0.283203
v -0.376953 -0.001953 -0.283203
v -0.361328 -0.642578 -0.283203
v -0.341797 -0.041016 -0.283203
v -0.337891 0.759766 -0.283203
v -0.267578 0.623047 -0.283203
v -0.251953 0.638672 -0.283203
v -0.232422 0.646484 -0.283203
v -0.216797 0.658203 -0.283203
v 0.080078 0.650391 -0.283203
v 0.103516 0.642578 -0.283203
v 0.197266 0.533203 -0.283203
v 0.314453 -0.236328 -0.283203
v 0.337891 0.759766 -0.283203
v 0.435547 0.798828 -0.283203
v 0.513672 0.291016 -0.283203
v 0.611328 0.181641 -0.283203
v 0.638672 -0.107422 -0.283203
v -0.634766 -0.099609 -0.279297
v -0.607422 0.189453 -0.279297
v -0.533203 0.423828 -0.279297
v -0.486328 0.001953 -0.279297
v -0.482422 0.708984 -0.279297
v -0.478516 -0.615234 -0.279297
v -0.478516 -0.017578 -0.279297
v -0.373047 0.658203 -0.279297
v -0.345703 0.841797 -0.279297
v -0.326172 0.439453 -0.279297
v -0.263672 -0.998047 -0.279297
v -0.146484 -0.990234 -0.279297
v -0.087891 0.705078 -0.279297
v 0.072266 0.794922 -0.279297
v 0.115234 -0.935547 -0.279297
v 0.142578 -0.990234 -0.279297
v 0.236328 0.509766 -0.279297
v 0.263672 0.607422 -0.279297
v 0.283203 -0.994141 -0.279297
v 0.373047 -0.572266 -0.279297
v 0.373047 -0.513672 -0.279297
v 0.373047 -0.486328 -0.279297
v 0.404297 0.486328 -0.279297
v 0.447266 0.705078 -0.279297
v 0.478516 -0.615234 -0.279297
v 0.517578 -0.427734 -0.279297
v 0.533203 0.423828 -0.279297
v 0.603516 0.197266 -0.279297
v 0.611328 -0.361328 -0.279297
v -0.646484 -0.205078 -0.275391
v -0.642578 -0.169922 -0.275391
v -0.611328 -0.361328 -0.275391
v -0.529297 0.236328 -0.275391
v -0.517578 0.486328 -0.275391
v -0.513672 -0.427734 -0.275391
v -0.427734 -0.541016 -0.275391
v -0.404297 0.486328 -0.275391
v -0.310547 -0.216797 -0.275391
v -0.294922 -0.099609 -0.275391
v -0.013672 0.779297 -0.275391
v 0.263672 0.626953 -0.275391
v 0.310547 0.455078 -0.275391
v 0.322266 -0.072266 -0.275391
v 0.349609 0.005859 -0.275391
v 0.365234 -0.634766 -0.275391
v 0.427734 -0.544922 -0.275391
v 0.447266 0.681641 -0.275391
v 0.455078 -0.357422 -0.275391
v 0.458984 0.748047 -0.275391
v 0.490234 -0.037109 -0.275391
v 0.529297 0.236328 -0.275391
v 0.615234 0.048828 -0.275391
v 0.638672 -0.201172 -0.275391
v 0.642578 -0.169922 -0.275391
v 0.642578 -0.138672 -0.275391
v -0.650391 -0.232422 -0.271484
v -0.642578 -0.138672 -0.271484
v -0.611328 0.056641 -0.271484
v -0.552734 -0.021484 -0.271484
v -0.533203 0.455078 -0.271484
v -0.509766 -0.673828 -0.271484
v -0.486328 0.748047 -0.271484
v -0.458984 -0.681641 -0.271484
v -0.447266 0.642578 -0.271484
v -0.427734 0.634766 -0.271484
v -0.357422 0.662109 -0.271484
v -0.353516 -0.705078 -0.271484
v -0.337891 0.701172 -0.271484
v -0.318359 -0.935547 -0.271484
v -0.251953 -0.146484 -0.271484
v -0.216797 0.529297 -0.271484
v -0.119141 0.638672 -0.271484
v 0.208984 0.666016 -0.271484
v 0.228516 0.658203 -0.271484
v 0.248047 0.646484 -0.271484
v 0.287109 -0.107422 -0.271484
v 0.306641 -0.205078 -0.271484
v 0.318359 -0.935547 -0.271484
v 0.392578 -0.298828 -0.271484
v 0.423828 0.650391 -0.271484
v 0.455078 -0.681641 -0.271484
v 0.509766 -0.673828 -0.271484
v 0.630859 -0.349609 -0.271484
v 0.650391 -0.232422 -0.271484
v -0.650391 -0.287109 -0.267578
v -0.630859 -0.349609 -0.267578
v -0.630859 -0.279297 -0.267578
v -0.470703 -0.642578 -0.267578
v -0.455078 0.798828 -0.267578
v -0.388672 0.830078 -0.267578
v -0.349609 -0.251953 -0.267578
v -0.314453 -0.966797 -0.267578
v -0.314453 -0.908203 -0.267578
v -0.306641 -0.884766 -0.267578
v -0.076172 -0.841797 -0.267578
v -0.056641 -0.806641 -0.267578
v -0.052734 -0.802734 -0.267578
v -0.037109 -0.798828 -0.267578
v -0.013672 -0.798828 -0.267578
v 0.009766 -0.798828 -0.267578
v 0.037109 -0.798828 -0.267578
v 0.052734 -0.802734 -0.267578
v 0.064453 -0.806641 -0.267578
v 0.076172 -0.841797 -0.267578
v 0.087891 0.669922 -0.267578
v 0.251953 -0.142578 -0.267578
v 0.306641 -0.884766 -0.267578
v 0.314453 -0.966797 -0.267578
v 0.314453 -0.908203 -0.267578
v 0.345703 0.810547 -0.267578
v 0.353516 -0.697266 -0.267578
v 0.376953 0.642578 -0.267578
v 0.380859 0.830078 -0.267578
v 0.466797 -0.642578 -0.267578
v 0.478516 0.298828 -0.267578
v 0.560547 -0.033203 -0.267578
v 0.630859 -0.279297 -0.267578
v 0.650391 -0.287109 -0.267578
v -0.525391 -0.009766 -0.263672
v -0.498047 0.236328 -0.263672
v -0.478516 0.294922 -0.263672
v -0.455078 -0.357422 -0.263672
v -0.439453 -0.580078 -0.263672
v -0.392578 -0.291016 -0.263672
v -0.376953 0.470703 -0.263672
v -0.349609 0.447266 -0.263672
v -0.341797 -0.755859 -0.263672
v -0.302734 -0.865234 -0.263672
v -0.302734 -0.857422 -0.263672
v -0.302734 -0.845703 -0.263672
v -0.208984 0.548828 -0.263672
v -0.095703 0.646484 -0.263672
v -0.080078 -0.857422 -0.263672
v 0.009766 0.791016 -0.263672
v 0.080078 -0.857422 -0.263672
v 0.212891 -0.998047 -0.263672
v 0.251953 -0.126953 -0.263672
v 0.302734 -0.865234 -0.263672
v 0.302734 -0.857422 -0.263672
v 0.302734 -0.845703 -0.263672
v 0.330078 0.669922 -0.263672
v 0.341797 -0.751953 -0.263672
v 0.341797 0.447266 -0.263672
v 0.396484 -0.052734 -0.263672
v 0.439453 -0.580078 -0.263672
v 0.533203 -0.033203 -0.263672
v 0.591797 -0.052734 -0.263672
v 0.611328 0.072266 -0.263672
v -0.611328 0.087891 -0.259766
v -0.587891 -0.041016 -0.259766
v -0.572266 -0.529297 -0.259766
v -0.541016 0.232422 -0.259766
v -0.490234 0.712891 -0.259766
v -0.486328 0.685547 -0.259766
v -0.466797 0.650391 -0.259766
v -0.451172 -0.662109 -0.259766
v -0.376953 -0.033203 -0.259766
v -0.373047 0.642578 -0.259766
v -0.357422 0.794922 -0.259766
v -0.322266 -0.806641 -0.259766
v -0.302734 -0.185547 -0.259766
v -0.087891 -0.888672 -0.259766
v -0.083984 -0.869141 -0.259766
v 0.083984 -0.869141 -0.259766
v 0.087891 -0.888672 -0.259766
v 0.208984 0.560547 -0.259766
v 0.298828 -0.173828 -0.259766
v 0.322266 -0.806641 -0.259766
v 0.427734 0.802734 -0.259766
v 0.447266 -0.658203 -0.259766
v 0.458984 0.685547 -0.259766
v 0.458984 0.712891 -0.259766
v 0.486328 0.341797 -0.259766
v 0.498047 0.236328 -0.259766
v 0.541016 0.232422 -0.259766
v 0.568359 0.005859 -0.259766
v 0.576172 -0.529297 -0.259766
v 0.615234 -0.083984 -0.259766
v 0.626953 -0.115234 -0.259766
v 0.638672 -0.333984 -0.259766
v -0.650391 -0.302734 -0.255859
v -0.638672 -0.333984 -0.255859
v -0.623047 -0.107422 -0.255859
v -0.615234 -0.076172 -0.255859
v -0.576172 -0.580078 -0.255859
v -0.560547 -0.486328 -0.255859
v -0.486328 0.337891 -0.255859
v -0.482422 -0.337891 -0.255859
v -0.466797 -0.705078 -0.255859
v -0.455078 -0.310547 -0.255859
v -0.380859 -0.072266 -0.255859
v -0.373047 0.814453 -0.255859
v -0.337891 -0.072266 -0.255859
v -0.294922 -0.998047 -0.255859
v -0.126953 -0.994141 -0.255859
v -0.111328 -0.966797 -0.255859
v -0.111328 0.724609 -0.255859
v -0.099609 -0.935547 -0.255859
v -0.099609 0.669922 -0.255859
v -0.095703 -0.912109 -0.255859
v 0.037109 0.791016 -0.255859
v 0.091797 0.701172 -0.255859
v 0.095703 -0.912109 -0.255859
v 0.099609 -0.935547 -0.255859
v 0.107422 -0.966797 -0.255859
v 0.123047 -0.994141 -0.255859
v 0.255859 -0.998047 -0.255859
v 0.298828 -0.998047 -0.255859
v 0.330078 0.705078 -0.255859
v 0.361328 0.791016 -0.255859
v 0.373047 -0.267578 -0.255859
v 0.447266 0.650391 -0.255859
v 0.458984 0.759766 -0.255859
v 0.466797 -0.705078 -0.255859
v 0.560547 -0.486328 -0.255859
v 0.576172 -0.580078 -0.255859
v 0.646484 -0.318359 -0.255859
v 0.650391 -0.302734 -0.255859
v -0.646484 -0.318359 -0.251953
v -0.599609 0.119141 -0.251953
v -0.587891 0.146484 -0.251953
v -0.486328 0.251953 -0.251953
v -0.435547 -0.283203 -0.251953
v -0.423828 -0.685547 -0.251953
v -0.384766 -0.111328 -0.251953
v -0.287109 -0.123047 -0.251953
v -0.216797 -0.998047 -0.251953
v -0.138672 -0.998047 -0.251953
v 0.134766 -0.998047 -0.251953
v 0.275391 0.501953 -0.251953
v 0.279297 -0.998047 -0.251953
v 0.353516 -0.072266 -0.251953
v 0.392578 -0.091797 -0.251953
v 0.423828 -0.685547 -0.251953
v 0.490234 0.251953 -0.251953
v 0.498047 0.494141 -0.251953
v 0.587891 0.142578 -0.251953
v 0.599609 0.115234 -0.251953
v -0.638672 -0.208984 -0.248047
v -0.580078 0.169922 -0.248047
v -0.556641 0.021484 -0.248047
v -0.556641 0.216797 -0.248047
v -0.513672 -0.357422 -0.248047
v -0.439453 0.802734 -0.248047
v -0.431641 0.603516 -0.248047
v -0.419922 -0.251953 -0.248047
v -0.412109 0.498047 -0.248047
v -0.388672 -0.158203 -0.248047
v -0.373047 0.474609 -0.248047
v -0.341797 0.732422 -0.248047
v -0.333984 0.623047 -0.248047
v -0.228516 0.564453 -0.248047
v -0.173828 -0.998047 -0.248047
v 0.169922 -0.998047 -0.248047
v 0.341797 0.626953 -0.248047
v 0.345703 -0.025391 -0.248047
v 0.408203 0.626953 -0.248047
v 0.412109 0.498047 -0.248047
v 0.470703 0.505859 -0.248047
v 0.498047 -0.365234 -0.248047
v 0.556641 0.220703 -0.248047
v 0.580078 0.166016 -0.248047
v 0.599609 0.091797 -0.248047
v 0.638672 -0.208984 -0.248047
v -0.568359 0.197266 -0.244141
v -0.560547 -0.630859 -0.244141
v -0.462891 -0.599609 -0.244141
v -0.435547 0.603516 -0.244141
v -0.400391 -0.208984 -0.244141
v -0.376953 -0.259766 -0.244141
v -0.275391 -0.998047 -0.244141
v -0.099609 0.744141 -0.244141
v 0.341797 0.740234 -0.244141
v 0.431641 -0.306641 -0.244141
v 0.439453 0.505859 -0.244141
v 0.455078 0.705078 -0.244141
v 0.458984 -0.603516 -0.244141
v 0.560547 -0.630859 -0.244141
v 0.572266 0.185547 -0.244141
v -0.623047 -0.205078 -0.240234
v -0.486328 0.654297 -0.240234
v -0.486328 0.681641 -0.240234
v -0.482422 0.759766 -0.240234
v -0.439453 0.501953 -0.240234
v 0.060547 0.767578 -0.240234
v 0.232422 0.568359 -0.240234
v 0.357422 -0.240234 -0.240234
v 0.392578 -0.138672 -0.240234
v 0.447266 -0.287109 -0.240234
v 0.458984 0.681641 -0.240234
v 0.458984 0.716797 -0.240234
v 0.470703 -0.322266 -0.240234
v 0.498047 -0.029297 -0.240234
v 0.541016 -0.435547 -0.240234
v 0.548828 -0.369141 -0.240234
v 0.564453 0.205078 -0.240234
v 0.572266 0.029297 -0.240234
v 0.619141 -0.205078 -0.240234
v -0.619141 -0.173828 -0.236328
v -0.548828 -0.369141 -0.236328
v -0.537109 -0.435547 -0.236328
v -0.529297 -0.681641 -0.236328
v -0.490234 0.716797 -0.236328
v -0.466797 -0.623047 -0.236328
v -0.373047 0.478516 -0.236328
v -0.353516 -0.224609 -0.236328
v -0.220703 0.544922 -0.236328
v -0.189453 0.638672 -0.236328
v -0.123047 0.689453 -0.236328
v 0.080078 0.732422 -0.236328
v 0.212891 0.548828 -0.236328
v 0.314453 0.474609 -0.236328
v 0.404297 -0.193359 -0.236328
v 0.427734 -0.248047 -0.236328
v 0.427734 0.615234 -0.236328
v 0.458984 0.650391 -0.236328
v 0.466797 -0.626953 -0.236328
v 0.498047 0.365234 -0.236328
v 0.529297 -0.681641 -0.236328
v 0.619141 -0.154297 -0.236328
v -0.626953 -0.267578 -0.232422
v -0.564453 0.048828 -0.232422
v -0.498047 -0.369141 -0.232422
v -0.498047 -0.005859 -0.232422
v -0.486328 0.705078 -0.232422
v -0.455078 0.255859 -0.232422
v -0.451172 -0.646484 -0.232422
v -0.427734 -0.708984 -0.232422
v -0.419922 -0.669922 -0.232422
v -0.416016 0.798828 -0.232422
v -0.314453 0.623047 -0.232422
v -0.287109 -0.146484 -0.232422
v -0.259766 0.591797 -0.232422
v -0.255859 -0.998047 -0.232422
v -0.224609 0.619141 -0.232422
v -0.208984 0.630859 -0.232422
v -0.072266 0.755859 -0.232422
v 0.244141 0.560547 -0.232422
v 0.248047 0.564453 -0.232422
v 0.314453 0.623047 -0.232422
v 0.357422 0.466797 -0.232422
v 0.384766 0.595703 -0.232422
v 0.416016 -0.669922 -0.232422
v 0.427734 -0.708984 -0.232422
v 0.447266 -0.650391 -0.232422
v 0.447266 0.767578 -0.232422
v 0.458984 0.259766 -0.232422
v 0.611328 -0.130859 -0.232422
v 0.626953 -0.267578 -0.232422
v -0.611328 -0.146484 -0.228516
v -0.498047 0.357422 -0.228516
v -0.458984 0.607422 -0.228516
v -0.416016 -0.291016 -0.228516
v -0.392578 -0.583984 -0.228516
v -0.392578 -0.548828 -0.228516
v -0.369141 0.767578 -0.228516
v -0.244141 0.607422 -0.228516
v 0.279297 -0.146484 -0.228516
v 0.310547 0.654297 -0.228516
v 0.341797 -0.208984 -0.228516
v 0.400391 -0.275391 -0.228516
v 0.458984 0.728516 -0.228516
v 0.572266 0.056641 -0.228516
v 0.580078 -0.369141 -0.228516
v -0.599609 -0.115234 -0.224609
v -0.583984 -0.369141 -0.224609
v -0.564453 0.080078 -0.224609
v -0.529297 -0.021484 -0.224609
v -0.482422 0.228516 -0.224609
v -0.443359 -0.314453 -0.224609
v -0.396484 -0.259766 -0.224609
v -0.388672 -0.634766 -0.224609
v -0.307276 0.432954 -0.317281
v -0.037109 0.748047 -0.224609
v 0.095703 0.646484 -0.224609
v 0.251953 0.583984 -0.224609
v 0.279297 -0.130859 -0.224609
v 0.369141 0.767578 -0.224609
v 0.388672 -0.630859 -0.224609
v 0.392578 -0.576172 -0.224609
v 0.392578 -0.544922 -0.224609
v 0.466797 0.306641 -0.224609
v 0.482422 0.228516 -0.224609
v 0.591797 -0.087891 -0.224609
v 0.599609 -0.115234 -0.224609
v -0.587891 -0.080078 -0.220703
v -0.564453 -0.044922 -0.220703
v -0.498047 0.224609 -0.220703
v -0.486328 -0.716797 -0.220703
v -0.466797 0.220703 -0.220703
v -0.458984 0.298828 -0.220703
v -0.458984 0.482422 -0.220703
v -0.412109 0.572266 -0.220703
v -0.337891 -0.189453 -0.220703
v -0.318359 0.638672 -0.220703
v -0.271484 0.587891 -0.220703
v 0.197266 0.642578 -0.220703
v 0.251953 -0.998047 -0.220703
v 0.439453 0.607422 -0.220703
v 0.486328 -0.716797 -0.220703
v 0.501953 0.224609 -0.220703
v 0.533203 -0.373047 -0.220703
v 0.568359 0.083984 -0.220703
v 0.572266 -0.056641 -0.220703
v -0.623047 -0.240234 -0.216797
v -0.607422 -0.283203 -0.216797
v -0.556641 0.111328 -0.216797
v -0.544922 0.142578 -0.216797
v -0.482422 0.728516 -0.216797
v -0.458984 0.767578 -0.216797
v -0.416016 -0.583984 -0.216797
v -0.376953 -0.224609 -0.216797
v -0.373047 -0.701172 -0.216797
v -0.357422 0.623047 -0.216797
v -0.337891 0.634766 -0.216797
v -0.333984 -0.107422 -0.216797
v -0.318359 0.654297 -0.216797
v -0.291016 0.615234 -0.216797
v -0.138672 0.666016 -0.216797
v 0.083984 0.666016 -0.216797
v 0.220703 0.634766 -0.216797
v 0.248047 0.603516 -0.216797
v 0.267578 0.541016 -0.216797
v 0.298828 0.595703 -0.216797
v 0.322266 -0.123047 -0.216797
v 0.326172 -0.177734 -0.216797
v 0.345703 0.587891 -0.216797
v 0.380859 -0.244141 -0.216797
v 0.408203 0.580078 -0.216797
v 0.416016 -0.583984 -0.216797
v 0.470703 0.216797 -0.216797
v 0.505859 0.396484 -0.216797
v 0.513672 0.216797 -0.216797
v 0.541016 -0.033203 -0.216797
v 0.603516 -0.361328 -0.216797
v 0.607422 -0.283203 -0.216797
v 0.623047 -0.240234 -0.216797
v -0.607422 -0.353516 -0.212891
v -0.537109 0.169922 -0.212891
v -0.525391 0.193359 -0.212891
v -0.513672 0.208984 -0.212891
v -0.501953 0.400391 -0.212891
v -0.486328 0.654297 -0.212891
v -0.357422 -0.966797 -0.212891
v -0.357422 -0.935547 -0.212891
v -0.353516 -0.912109 -0.212891
v -0.345703 -0.892578 -0.212891
v 0.208984 -0.998047 -0.212891
v 0.236328 0.623047 -0.212891
v 0.287109 0.619141 -0.212891
v 0.345703 -0.892578 -0.212891
v 0.345703 -0.123047 -0.212891
v 0.353516 -0.912109 -0.212891
v 0.357422 -0.966797 -0.212891
v 0.357422 -0.935547 -0.212891
v 0.462891 0.654297 -0.212891
v 0.525391 0.201172 -0.212891
v 0.544922 0.142578 -0.212891
v 0.556641 0.111328 -0.212891
v -0.478516 0.462891 -0.208984
v -0.474609 0.619141 -0.208984
v -0.392578 -0.685547 -0.208984
v -0.369141 -0.748047 -0.208984
v -0.349609 -0.185547 -0.208984
v -0.345703 -0.994141 -0.208984
v -0.337891 -0.876953 -0.208984
v -0.318359 -0.123047 -0.208984
v -0.134766 0.697266 -0.208984
v -0.009766 0.755859 -0.208984
v 0.314453 0.681641 -0.208984
v 0.337891 -0.876953 -0.208984
v 0.345703 -0.994141 -0.208984
v 0.357422 -0.205078 -0.208984
v 0.369141 -0.748047 -0.208984
v 0.376953 -0.693359 -0.208984
v 0.529297 0.189453 -0.208984
v 0.537109 0.166016 -0.208984
v 0.619141 -0.341797 -0.208984
v -0.623047 -0.337891 -0.205078
v -0.498047 -0.013672 -0.205078
v -0.494141 0.431641 -0.205078
v -0.451172 -0.595703 -0.205078
v -0.353516 -0.802734 -0.205078
v -0.337891 -0.142578 -0.205078
v -0.333984 -0.865234 -0.205078
v -0.333984 -0.841797 -0.205078
v -0.330078 -0.853516 -0.205078
v -0.068359 -0.857422 -0.205078
v -0.064453 -0.841797 -0.205078
v -0.052734 -0.806641 -0.205078
v -0.037109 -0.802734 -0.205078
v -0.013672 -0.802734 -0.205078
v 0.009766 -0.802734 -0.205078
v 0.033203 -0.802734 -0.205078
v 0.052734 -0.806641 -0.205078
v 0.064453 -0.841797 -0.205078
v 0.068359 -0.857422 -0.205078
v 0.259766 0.587891 -0.205078
v 0.306641 0.505859 -0.205078
v 0.330078 -0.853516 -0.205078
v 0.333984 -0.865234 -0.205078
v 0.333984 -0.841797 -0.205078
v 0.349609 -0.162109 -0.205078
v 0.353516 -0.802734 -0.205078
v 0.451172 0.740234 -0.205078
v 0.455078 0.236328 -0.205078
v 0.498047 0.427734 -0.205078
v -0.630859 -0.298828 -0.201172
v -0.626953 -0.318359 -0.201172
v -0.615234 -0.212891 -0.201172
v -0.591797 -0.529297 -0.201172
v -0.576172 -0.486328 -0.201172
v -0.521484 0.013672 -0.201172
v -0.478516 -0.333984 -0.201172
v -0.466797 -0.619141 -0.201172
v -0.447266 0.232422 -0.201172
v -0.439453 -0.724609 -0.201172
v -0.400391 0.482422 -0.201172
v -0.333984 0.705078 -0.201172
v -0.322266 -0.998047 -0.201172
v -0.322266 -0.154297 -0.201172
v -0.291016 0.630859 -0.201172
v -0.263672 0.595703 -0.201172
v -0.166016 -0.998047 -0.201172
v -0.130859 -0.998047 -0.201172
v -0.103516 -0.994141 -0.201172
v -0.087891 -0.966797 -0.201172
v -0.080078 -0.935547 -0.201172
v -0.076172 -0.912109 -0.201172
v -0.072266 -0.888672 -0.201172
v -0.072266 -0.869141 -0.201172
v 0.013672 0.751953 -0.201172
v 0.072266 -0.888672 -0.201172
v 0.072266 -0.869141 -0.201172
v 0.076172 -0.912109 -0.201172
v 0.080078 -0.935547 -0.201172
v 0.083984 -0.966797 -0.201172
v 0.099609 -0.994141 -0.201172
v 0.126953 -0.998047 -0.201172
v 0.162109 -0.998047 -0.201172
v 0.283203 -0.998047 -0.201172
v 0.302734 -0.998047 -0.201172
v 0.322266 -0.998047 -0.201172
v 0.333984 -0.169922 -0.201172
v 0.337891 0.712891 -0.201172
v 0.376953 0.564453 -0.201172
v 0.447266 0.275391 -0.201172
v 0.451172 -0.599609 -0.201172
v 0.462891 -0.623047 -0.201172
v 0.576172 -0.486328 -0.201172
v 0.583984 -0.134766 -0.201172
v 0.591797 -0.529297 -0.201172
v 0.611328 -0.212891 -0.201172
v 0.626953 -0.322266 -0.201172
v 0.630859 -0.302734 -0.201172
v -0.595703 -0.208984 -0.197266
v -0.591797 -0.181641 -0.197266
v -0.556641 -0.443359 -0.197266
v -0.548828 -0.681641 -0.197266
v -0.529297 -0.400391 -0.197266
v -0.529297 0.041016 -0.197266
v -0.451172 -0.646484 -0.197266
v -0.439453 0.263672 -0.197266
v -0.392578 -0.705078 -0.197266
v -0.369141 0.470703 -0.197266
v -0.302734 -0.998047 -0.197266
v -0.212891 -0.998047 -0.197266
v 0.072266 0.689453 -0.197266
v 0.154297 0.634766 -0.197266
v 0.298828 -0.154297 -0.197266
v 0.447266 -0.650391 -0.197266
v 0.482422 0.458984 -0.197266
v 0.544922 -0.400391 -0.197266
v 0.548828 -0.681641 -0.197266
v 0.564453 -0.443359 -0.197266
v 0.595703 -0.208984 -0.197266
v -0.591797 -0.580078 -0.193359
v -0.583984 -0.158203 -0.193359
v -0.576172 -0.123047 -0.193359
v -0.466797 0.740234 -0.193359
v -0.431641 0.568359 -0.193359
v -0.404297 0.552734 -0.193359
v -0.283203 -0.998047 -0.193359
v -0.119141 0.716797 -0.193359
v 0.037109 0.736328 -0.193359
v 0.236328 0.572266 -0.193359
v 0.287109 0.642578 -0.193359
v 0.423828 0.572266 -0.193359
v 0.455078 0.478516 -0.193359
v 0.525391 0.005859 -0.193359
v 0.568359 -0.099609 -0.193359
v 0.591797 -0.576172 -0.193359
v -0.560547 -0.087891 -0.189453
v -0.537109 -0.052734 -0.189453
v -0.529297 0.072266 -0.189453
v -0.513672 -0.361328 -0.189453
v -0.458984 0.591797 -0.189453
v -0.455078 0.220703 -0.189453
v -0.185547 0.611328 -0.189453
v -0.150391 0.662109 -0.189453
v 0.189453 0.626953 -0.189453
v 0.302734 -0.142578 -0.189453
v 0.396484 0.556641 -0.189453
v 0.423828 0.486328 -0.189453
v 0.455078 0.220703 -0.189453
v 0.470703 0.212891 -0.189453
v 0.470703 0.341797 -0.189453
v 0.482422 0.208984 -0.189453
v 0.544922 -0.060547 -0.189453
v 0.576172 -0.630859 -0.189453
v 0.583984 -0.173828 -0.189453
v -0.576172 -0.630859 -0.185547
v -0.501953 -0.720703 -0.185547
v -0.490234 0.193359 -0.185547
v -0.478516 0.205078 -0.185547
v -0.466797 0.212891 -0.185547
v -0.458984 0.310547 -0.185547
v -0.259766 0.615234 -0.185547
v -0.158203 0.630859 -0.185547
v 0.294922 0.548828 -0.185547
v 0.490234 0.201172 -0.185547
v 0.501953 -0.720703 -0.185547
v 0.513672 -0.021484 -0.185547
v -0.525391 -0.365234 -0.181641
v -0.521484 0.107422 -0.181641
v -0.509766 0.138672 -0.181641
v -0.501953 0.169922 -0.181641
v -0.408203 -0.630859 -0.181641
v -0.392578 -0.708984 -0.181641
v -0.361328 0.736328 -0.181641
v -0.251953 -0.998047 -0.181641
v 0.259766 0.611328 -0.181641
v 0.361328 0.732422 -0.181641
v 0.439453 0.251953 -0.181641
v 0.498047 0.189453 -0.181641
v 0.548828 -0.373047 -0.181641
v -0.509766 0.009766 -0.177734
v -0.474609 0.619141 -0.177734
v -0.431641 0.244141 -0.177734
v -0.412109 0.458984 -0.177734
v -0.408203 -0.595703 -0.177734
v -0.091797 0.728516 -0.177734
v 0.208984 0.626953 -0.177734
v 0.236328 0.587891 -0.177734
v 0.458984 0.619141 -0.177734
v 0.505859 0.166016 -0.177734
v 0.529297 0.029297 -0.177734
v 0.568359 -0.142578 -0.177734
v -0.564453 -0.134766 -0.173828
v -0.412109 0.751953 -0.173828
v -0.341797 0.642578 -0.173828
v 0.447266 0.322266 -0.173828
v 0.455078 0.712891 -0.173828
v 0.466797 0.380859 -0.173828
v -0.583984 -0.283203 -0.169922
v -0.560547 -0.365234 -0.169922
v -0.513672 0.041016 -0.169922
v -0.458984 0.341797 -0.169922
v -0.435547 0.740234 -0.169922
v -0.318359 0.650391 -0.169922
v 0.044922 0.705078 -0.169922
v 0.068359 0.662109 -0.169922
v 0.228516 0.591797 -0.169922
v 0.419922 0.251953 -0.169922
v 0.466797 0.654297 -0.169922
v 0.509766 0.138672 -0.169922
v 0.572266 -0.365234 -0.169922
v -0.583984 -0.263672 -0.166016
v -0.556641 -0.677734 -0.166016
v -0.548828 -0.099609 -0.166016
v -0.478516 0.654297 -0.166016
v -0.466797 0.712891 -0.166016
v -0.458984 -0.615234 -0.166016
v -0.447266 -0.728516 -0.166016
v -0.447266 -0.599609 -0.166016
v -0.416016 0.279297 -0.166016
v -0.396484 0.533203 -0.166016
v -0.373047 0.439453 -0.166016
v -0.056641 0.724609 -0.166016
v 0.376953 0.541016 -0.166016
v 0.416016 0.279297 -0.166016
v 0.447266 -0.728516 -0.166016
v 0.451172 -0.599609 -0.166016
v 0.455078 0.412109 -0.166016
v 0.462891 0.201172 -0.166016
v 0.466797 -0.619141 -0.166016
v 0.552734 -0.107422 -0.166016
v 0.556641 -0.677734 -0.166016
v 0.583984 -0.283203 -0.166016
v 0.583984 -0.263672 -0.166016
v -0.498047 -0.021484 -0.162109
v -0.455078 0.376953 -0.162109
v -0.451172 0.205078 -0.162109
v -0.435547 -0.642578 -0.162109
v -0.435547 0.568359 -0.162109
v -0.427734 0.232422 -0.162109
v -0.427734 0.435547 -0.162109
v -0.408203 0.263672 -0.162109
v 0.388672 0.740234 -0.162109
v 0.400391 0.544922 -0.162109
v 0.427734 0.302734 -0.162109
v 0.427734 0.564453 -0.162109
v 0.431641 0.439453 -0.162109
v 0.435547 0.224609 -0.162109
v 0.478516 0.181641 -0.162109
v 0.517578 0.009766 -0.162109
v 0.521484 0.107422 -0.162109
v -0.583984 -0.349609 -0.158203
v -0.583984 -0.244141 -0.158203
v -0.521484 -0.060547 -0.158203
v -0.501953 0.009766 -0.158203
v -0.470703 0.173828 -0.158203
v -0.443359 0.408203 -0.158203
v -0.291016 0.642578 -0.158203
v 0.408203 0.283203 -0.158203
v 0.408203 0.412109 -0.158203
v 0.439453 0.376953 -0.158203
v 0.583984 -0.244141 -0.158203
v 0.587891 -0.345703 -0.158203
v -0.603516 -0.291016 -0.154297
v -0.595703 -0.326172 -0.154297
v -0.583984 -0.216797 -0.154297
v -0.568359 -0.208984 -0.154297
v -0.537109 -0.400391 -0.154297
v -0.509766 -0.716797 -0.154297
v -0.509766 0.072266 -0.154297
v -0.505859 0.041016 -0.154297
v -0.501953 0.103516 -0.154297
v -0.486328 0.138672 -0.154297
v -0.455078 0.591797 -0.154297
v -0.412109 0.541016 -0.154297
v -0.404297 0.314453 -0.154297
v -0.396484 -0.712891 -0.154297
v -0.373047 -0.701172 -0.154297
v -0.330078 0.673828 -0.154297
v -0.279297 -0.994141 -0.154297
v -0.134766 0.681641 -0.154297
v -0.025391 0.728516 -0.154297
v 0.220703 0.607422 -0.154297
v 0.294922 0.654297 -0.154297
v 0.333984 0.529297 -0.154297
v 0.376953 0.498047 -0.154297
v 0.396484 0.455078 -0.154297
v 0.443359 -0.650391 -0.154297
v 0.443359 0.587891 -0.154297
v 0.521484 -0.060547 -0.154297
v 0.521484 0.041016 -0.154297
v 0.541016 -0.400391 -0.154297
v 0.564453 -0.212891 -0.154297
v 0.580078 -0.216797 -0.154297
v 0.603516 -0.291016 -0.154297
v -0.603516 -0.306641 -0.150391
v -0.560547 -0.443359 -0.150391
v -0.560547 -0.177734 -0.150391
v -0.384766 0.404297 -0.150391
v -0.259766 0.626953 -0.150391
v 0.013672 0.708984 -0.150391
v 0.236328 0.603516 -0.150391
v 0.259766 0.626953 -0.150391
v 0.322266 0.685547 -0.150391
v 0.408203 -0.603516 -0.150391
v 0.509766 -0.716797 -0.150391
v 0.560547 -0.181641 -0.150391
v 0.564453 -0.443359 -0.150391
v 0.599609 -0.326172 -0.150391
v 0.603516 -0.306641 -0.150391
v -0.576172 -0.486328 -0.146484
v -0.439453 0.716797 -0.146484
v -0.408203 0.353516 -0.146484
v -0.388672 -0.962891 -0.146484
v -0.388672 -0.927734 -0.146484
v -0.388672 -0.748047 -0.146484
v -0.388672 0.291016 -0.146484
v -0.384766 0.517578 -0.146484
v -0.380859 -0.900391 -0.146484
v -0.376953 -0.994141 -0.146484
v -0.365234 -0.884766 -0.146484
v 0.001953 0.724609 -0.146484
v 0.142578 0.626953 -0.146484
v 0.365234 -0.884766 -0.146484
v 0.373047 -0.990234 -0.146484
v 0.380859 -0.900391 -0.146484
v 0.388672 -0.958984 -0.146484
v 0.388672 -0.927734 -0.146484
v 0.388672 -0.748047 -0.146484
v 0.396484 0.322266 -0.146484
v 0.416016 0.361328 -0.146484
v 0.451172 0.201172 -0.146484
v 0.455078 0.619141 -0.146484
v 0.521484 0.068359 -0.146484
v 0.576172 -0.486328 -0.146484
v -0.587891 -0.529297 -0.142578
v -0.552734 -0.146484 -0.142578
v -0.462891 0.619141 -0.142578
v -0.404297 -0.630859 -0.142578
v -0.400391 0.380859 -0.142578
v -0.396484 -0.603516 -0.142578
v -0.392578 0.267578 -0.142578
v -0.373047 -0.802734 -0.142578
v -0.353516 -0.873047 -0.142578
v -0.353516 -0.841797 -0.142578
v -0.349609 -0.998047 -0.142578
v -0.349609 -0.865234 -0.142578
v -0.349609 -0.853516 -0.142578
v -0.326172 -0.998047 -0.142578
v -0.302734 -0.998047 -0.142578
v -0.072266 -0.888672 -0.142578
v -0.072266 -0.869141 -0.142578
v -0.068359 -0.857422 -0.142578
v -0.064453 -0.841797 -0.142578
v -0.056641 -0.822266 -0.142578
v -0.052734 -0.814453 -0.142578
v -0.037109 -0.802734 -0.142578
v -0.013672 -0.802734 -0.142578
v 0.009766 -0.802734 -0.142578
v 0.033203 -0.802734 -0.142578
v 0.052734 -0.806641 -0.142578
v 0.064453 -0.841797 -0.142578
v 0.068359 -0.857422 -0.142578
v 0.072266 -0.888672 -0.142578
v 0.072266 -0.869141 -0.142578
v 0.205078 -0.998047 -0.142578
v 0.251953 -0.998047 -0.142578
v 0.291016 -0.998047 -0.142578
v 0.318359 -0.998047 -0.142578
v 0.345703 -0.998047 -0.142578
v 0.349609 -0.865234 -0.142578
v 0.349609 -0.853516 -0.142578
v 0.353516 -0.873047 -0.142578
v 0.353516 -0.841797 -0.142578
v 0.373047 -0.802734 -0.142578
v 0.404297 0.263672 -0.142578
v 0.501953 -0.021484 -0.142578
v 0.552734 -0.150391 -0.142578
v 0.587891 -0.529297 -0.142578
v -0.591797 -0.576172 -0.138672
v -0.572266 -0.626953 -0.138672
v -0.548828 -0.673828 -0.138672
v -0.544922 -0.111328 -0.138672
v -0.498047 -0.041016 -0.138672
v -0.494141 -0.021484 -0.138672
v -0.494141 0.009766 -0.138672
v -0.376953 0.583984 -0.138672
v -0.357422 0.451172 -0.138672
v -0.208984 -0.998047 -0.138672
v -0.162109 -0.998047 -0.138672
v -0.123047 -0.998047 -0.138672
v -0.095703 -0.994141 -0.138672
v -0.080078 -0.962891 -0.138672
v -0.076172 -0.935547 -0.138672
v -0.076172 -0.912109 -0.138672
v 0.076172 -0.935547 -0.138672
v 0.076172 -0.912109 -0.138672
v 0.080078 -0.962891 -0.138672
v 0.091797 -0.994141 -0.138672
v 0.123047 -0.998047 -0.138672
v 0.162109 -0.998047 -0.138672
v 0.361328 0.525391 -0.138672
v 0.380859 0.529297 -0.138672
v 0.466797 0.173828 -0.138672
v 0.486328 0.142578 -0.138672
v 0.505859 0.009766 -0.138672
v 0.544922 -0.115234 -0.138672
v 0.572266 -0.626953 -0.138672
v 0.591797 -0.576172 -0.138672
v -0.533203 -0.083984 -0.134766
v -0.513672 -0.060547 -0.134766
v -0.494141 0.044922 -0.134766
v -0.439453 0.576172 -0.134766
v -0.412109 0.240234 -0.134766
v -0.349609 0.697266 -0.134766
v -0.251953 -0.998047 -0.134766
v -0.173828 0.603516 -0.134766
v -0.154297 0.619141 -0.134766
v -0.150391 0.642578 -0.134766
v 0.177734 0.615234 -0.134766
v 0.345703 0.701172 -0.134766
v 0.373047 0.443359 -0.134766
v 0.384766 0.404297 -0.134766
v 0.392578 0.361328 -0.134766
v 0.509766 0.041016 -0.134766
v 0.533203 -0.083984 -0.134766
v 0.548828 -0.673828 -0.134766
v -0.494141 0.076172 -0.130859
v -0.458984 0.646484 -0.130859
v -0.451172 -0.720703 -0.130859
v -0.431641 -0.607422 -0.130859
v -0.427734 0.212891 -0.130859
v -0.099609 0.697266 -0.130859
v 0.404297 0.541016 -0.130859
v 0.419922 0.236328 -0.130859
v 0.431641 0.708984 -0.130859
v 0.447266 -0.603516 -0.130859
v 0.451172 -0.724609 -0.130859
v 0.455078 0.646484 -0.130859
v 0.501953 0.107422 -0.130859
v 0.509766 -0.060547 -0.130859
v 0.509766 0.076172 -0.130859
v -0.498047 -0.708984 -0.126953
v -0.486328 0.107422 -0.126953
v -0.474609 0.138672 -0.126953
v -0.458984 0.166016 -0.126953
v -0.447266 0.681641 -0.126953
v -0.443359 0.189453 -0.126953
v -0.435547 -0.615234 -0.126953
v -0.373047 0.603516 -0.126953
v -0.287109 -0.994141 -0.126953
v -0.197266 0.599609 -0.126953
v 0.041016 0.666016 -0.126953
v 0.197266 0.623047 -0.126953
v 0.408203 0.716797 -0.126953
v 0.427734 0.564453 -0.126953
v 0.447266 0.681641 -0.126953
v 0.455078 -0.619141 -0.126953
v 0.498047 -0.708984 -0.126953
v 0.498047 -0.041016 -0.126953
v -0.494141 -0.041016 -0.123047
v -0.490234 -0.017578 -0.123047
v -0.419922 0.701172 -0.123047
v -0.416016 0.552734 -0.123047
v -0.373047 0.705078 -0.123047
v -0.365234 0.486328 -0.123047
v 0.208984 0.603516 -0.123047
v 0.494141 -0.017578 -0.123047
v -0.501953 -0.060547 -0.119141
v -0.490234 0.013672 -0.119141
v -0.443359 0.599609 -0.119141
v -0.384766 0.513672 -0.119141
v 0.369141 0.705078 -0.119141
v 0.498047 0.013672 -0.119141
v -0.552734 -0.345703 -0.115234
v -0.544922 -0.279297 -0.115234
v -0.544922 -0.263672 -0.115234
v -0.525391 -0.662109 -0.115234
v -0.490234 0.044922 -0.115234
v -0.392578 -0.634766 -0.115234
v -0.341797 0.638672 -0.115234
v 0.365234 0.521484 -0.115234
v 0.376953 0.509766 -0.115234
v 0.439453 0.205078 -0.115234
v 0.501953 -0.060547 -0.115234
v 0.501953 0.044922 -0.115234
v 0.544922 -0.279297 -0.115234
v 0.544922 -0.263672 -0.115234
v 0.552734 -0.345703 -0.115234
v -0.544922 -0.244141 -0.111328
v -0.529297 -0.400391 -0.111328
v -0.490234 -0.041016 -0.111328
v -0.490234 0.080078 -0.111328
v -0.388672 -0.630859 -0.111328
v -0.384766 -0.607422 -0.111328
v 0.228516 0.615234 -0.111328
v 0.373047 0.482422 -0.111328
v 0.384766 0.529297 -0.111328
v 0.392578 -0.607422 -0.111328
v 0.490234 -0.041016 -0.111328
v 0.501953 0.080078 -0.111328
v 0.525391 -0.662109 -0.111328
v 0.541016 -0.220703 -0.111328
v 0.544922 -0.244141 -0.111328
v -0.564453 -0.326172 -0.107422
v -0.548828 -0.216797 -0.107422
v -0.525391 -0.119141 -0.107422
v -0.513672 -0.080078 -0.107422
v -0.486328 -0.013672 -0.107422
v -0.439453 0.630859 -0.107422
v -0.416016 0.580078 -0.107422
v -0.408203 -0.693359 -0.107422
v -0.408203 0.677734 -0.107422
v -0.369141 0.482422 -0.107422
v -0.318359 0.646484 -0.107422
v -0.220703 0.611328 -0.107422
v 0.005859 0.689453 -0.107422
v 0.263672 0.634766 -0.107422
v 0.408203 -0.599609 -0.107422
v 0.458984 0.173828 -0.107422
v 0.478516 0.142578 -0.107422
v 0.486328 -0.013672 -0.107422
v 0.494141 0.111328 -0.107422
v 0.513672 -0.080078 -0.107422
v 0.525391 -0.119141 -0.107422
v 0.537109 -0.185547 -0.107422
v 0.564453 -0.326172 -0.107422
v -0.568359 -0.306641 -0.103516
v -0.548828 -0.443359 -0.103516
v -0.486328 0.017578 -0.103516
v -0.482422 -0.701172 -0.103516
v -0.482422 0.111328 -0.103516
v -0.427734 0.666016 -0.103516
v -0.291016 0.642578 -0.103516
v -0.259766 0.630859 -0.103516
v -0.123047 0.654297 -0.103516
v 0.302734 0.654297 -0.103516
v 0.416016 0.689453 -0.103516
v 0.443359 0.630859 -0.103516
v 0.478516 -0.701172 -0.103516
v 0.490234 0.017578 -0.103516
v 0.533203 -0.357422 -0.103516
v 0.533203 -0.158203 -0.103516
v 0.548828 -0.443359 -0.103516
v 0.568359 -0.306641 -0.103516
v -0.552734 -0.626953 -0.099609
v -0.494141 0.048828 -0.099609
v -0.466797 0.142578 -0.099609
v -0.455078 0.166016 -0.099609
v -0.419922 -0.615234 -0.099609
v -0.416016 -0.607422 -0.099609
v -0.373047 0.666016 -0.099609
v -0.357422 0.646484 -0.099609
v -0.041016 0.705078 -0.099609
v -0.013672 0.701172 -0.099609
v 0.009766 0.669922 -0.099609
v 0.388672 0.689453 -0.099609
v 0.404297 0.552734 -0.099609
v 0.427734 0.583984 -0.099609
v 0.439453 -0.607422 -0.099609
v 0.498047 0.048828 -0.099609
v 0.552734 -0.626953 -0.099609
v -0.564453 -0.486328 -0.095703
v -0.494141 0.080078 -0.095703
v -0.490234 -0.044922 -0.095703
v -0.443359 0.193359 -0.095703
v -0.400391 -0.669922 -0.095703
v -0.388672 0.564453 -0.095703
v -0.384766 -0.666016 -0.095703
v 0.337891 0.666016 -0.095703
v 0.443359 -0.619141 -0.095703
v 0.490234 -0.044922 -0.095703
v 0.498047 0.080078 -0.095703
v 0.564453 -0.486328 -0.095703
v -0.576172 -0.576172 -0.091797
v -0.576172 -0.529297 -0.091797
v -0.556641 -0.287109 -0.091797
v -0.451172 -0.697266 -0.091797
v -0.431641 0.216797 -0.091797
v -0.412109 0.650391 -0.091797
v -0.408203 0.611328 -0.091797
v -0.388672 -0.638672 -0.091797
v -0.384766 0.529297 -0.091797
v 0.427734 0.654297 -0.091797
v 0.529297 -0.345703 -0.091797
v 0.556641 -0.287109 -0.091797
v 0.576172 -0.576172 -0.091797
v 0.576172 -0.529297 -0.091797
v -0.529297 -0.337891 -0.087891
v -0.513672 0.080078 -0.087891
v -0.509766 0.052734 -0.087891
v -0.486328 0.111328 -0.087891
v -0.478516 -0.009766 -0.087891
v -0.416016 0.255859 -0.087891
v -0.396484 0.291016 -0.087891
v -0.388672 -0.759766 -0.087891
v -0.388672 -0.720703 -0.087891
v -0.388672 0.646484 -0.087891
v -0.087891 0.666016 -0.087891
v -0.083984 0.669922 -0.087891
v 0.134766 0.626953 -0.087891
v 0.384766 0.525391 -0.087891
v 0.388672 -0.759766 -0.087891
v 0.388672 -0.720703 -0.087891
v 0.396484 0.287109 -0.087891
v 0.478516 -0.009766 -0.087891
v 0.490234 0.111328 -0.087891
v 0.509766 0.052734 -0.087891
v 0.513672 0.080078 -0.087891
v -0.513672 -0.662109 -0.083984
v -0.509766 0.107422 -0.083984
v -0.482422 0.025391 -0.083984
v -0.392578 0.318359 -0.083984
v -0.376953 -0.603516 -0.083984
v -0.373047 -0.802734 -0.083984
v -0.373047 -0.611328 -0.083984
v -0.080078 -0.888672 -0.083984
v -0.080078 -0.869141 -0.083984
v -0.080078 -0.853516 -0.083984
v -0.076172 -0.837891 -0.083984
v -0.068359 -0.822266 -0.083984
v 0.076172 -0.837891 -0.083984
v 0.080078 -0.888672 -0.083984
v 0.080078 -0.869141 -0.083984
v 0.080078 -0.853516 -0.083984
v 0.369141 0.455078 -0.083984
v 0.373047 -0.802734 -0.083984
v 0.376953 -0.611328 -0.083984
v 0.380859 -0.603516 -0.083984
v 0.392578 0.318359 -0.083984
v 0.404297 0.669922 -0.083984
v 0.419922 0.251953 -0.083984
v 0.482422 0.025391 -0.083984
v 0.509766 0.107422 -0.083984
v -0.416016 -0.955078 -0.080078
v -0.416016 -0.923828 -0.080078
v -0.396484 -0.994141 -0.080078
v -0.396484 -0.892578 -0.080078
v -0.392578 0.353516 -0.080078
v -0.392578 0.408203 -0.080078
v -0.384766 -0.630859 -0.080078
v -0.373047 -0.880859 -0.080078
v -0.373047 0.455078 -0.080078
v -0.369141 -0.998047 -0.080078
v -0.357422 -0.873047 -0.080078
v -0.353516 -0.841797 -0.080078
v -0.349609 -0.865234 -0.080078
v -0.349609 -0.853516 -0.080078
v -0.345703 -0.998047 -0.080078
v -0.322266 -0.998047 -0.080078
v -0.291016 -0.998047 -0.080078
v -0.248047 -0.998047 -0.080078
v -0.205078 -0.998047 -0.080078
v -0.162109 -0.998047 -0.080078
v -0.150391 0.615234 -0.080078
v -0.126953 0.630859 -0.080078
v -0.123047 -0.998047 -0.080078
v -0.099609 -0.990234 -0.080078
v -0.087891 -0.958984 -0.080078
v -0.083984 -0.931641 -0.080078
v -0.083984 -0.912109 -0.080078
v -0.056641 -0.798828 -0.080078
v -0.037109 -0.798828 -0.080078
v -0.013672 -0.798828 -0.080078
v 0.009766 -0.798828 -0.080078
v 0.033203 -0.798828 -0.080078
v 0.060547 -0.802734 -0.080078
v 0.083984 -0.958984 -0.080078
v 0.083984 -0.931641 -0.080078
v 0.083984 -0.912109 -0.080078
v 0.099609 -0.990234 -0.080078
v 0.123047 -0.998047 -0.080078
v 0.162109 -0.998047 -0.080078
v 0.166016 0.615234 -0.080078
v 0.205078 -0.998047 -0.080078
v 0.248047 -0.998047 -0.080078
v 0.291016 -0.998047 -0.080078
v 0.322266 -0.998047 -0.080078
v 0.345703 -0.998047 -0.080078
v 0.349609 -0.865234 -0.080078
v 0.349609 -0.853516 -0.080078
v 0.353516 -0.841797 -0.080078
v 0.357422 -0.873047 -0.080078
v 0.369141 -0.998047 -0.080078
v 0.373047 -0.880859 -0.080078
v 0.388672 -0.630859 -0.080078
v 0.392578 0.353516 -0.080078
v 0.392578 0.408203 -0.080078
v 0.396484 -0.982422 -0.080078
v 0.396484 -0.892578 -0.080078
v 0.416016 -0.951172 -0.080078
v 0.416016 -0.923828 -0.080078
v 0.423828 0.611328 -0.080078
v 0.439453 0.216797 -0.080078
v 0.513672 -0.662109 -0.080078
v -0.544922 -0.107422 -0.076172
v -0.537109 -0.310547 -0.076172
v -0.498047 0.123047 -0.076172
v -0.201172 0.607422 -0.076172
v -0.173828 0.603516 -0.076172
v -0.009766 0.673828 -0.076172
v 0.013672 0.642578 -0.076172
v 0.181641 0.619141 -0.076172
v 0.193359 0.599609 -0.076172
v 0.369141 0.662109 -0.076172
v 0.400391 0.572266 -0.076172
v 0.404297 -0.599609 -0.076172
v 0.466797 -0.689453 -0.076172
v 0.501953 0.123047 -0.076172
v 0.537109 -0.310547 -0.076172
v 0.541016 -0.150391 -0.076172
v 0.544922 -0.107422 -0.076172
v -0.505859 -0.400391 -0.072266
v -0.505859 -0.267578 -0.072266
v -0.505859 -0.248047 -0.072266
v -0.501953 -0.333984 -0.072266
v -0.470703 0.146484 -0.072266
v -0.373047 0.595703 -0.072266
v -0.044922 0.673828 -0.072266
v 0.455078 0.189453 -0.072266
v 0.470703 0.146484 -0.072266
v 0.505859 -0.400391 -0.072266
v 0.505859 -0.267578 -0.072266
v 0.505859 -0.248047 -0.072266
v 0.505859 -0.216797 -0.072266
v -0.455078 0.189453 -0.068359
v 0.333984 0.646484 -0.068359
v 0.501953 -0.177734 -0.068359
v -0.533203 -0.619141 -0.064453
v -0.529297 0.060547 -0.064453
v -0.529297 0.080078 -0.064453
v 0.216797 0.607422 -0.064453
v 0.396484 0.642578 -0.064453
v 0.529297 0.080078 -0.064453
v 0.533203 -0.619141 -0.064453
v -0.529297 -0.068359 -0.060547
v -0.525391 -0.443359 -0.060547
v -0.525391 0.103516 -0.060547
v -0.501953 -0.654297 -0.060547
v -0.451172 -0.666016 -0.060547
v -0.400391 -0.626953 -0.060547
v -0.376953 0.568359 -0.060547
v -0.373047 0.498047 -0.060547
v -0.345703 0.623047 -0.060547
v -0.005859 0.646484 -0.060547
v 0.029297 0.642578 -0.060547
v 0.259766 0.623047 -0.060547
v 0.306641 0.638672 -0.060547
v 0.373047 0.498047 -0.060547
v 0.447266 -0.669922 -0.060547
v 0.525391 -0.443359 -0.060547
v 0.525391 0.060547 -0.060547
v 0.525391 0.103516 -0.060547
v 0.529297 -0.068359 -0.060547
v -0.544922 -0.130859 -0.056641
v -0.525391 0.048828 -0.056641
v -0.521484 0.041016 -0.056641
v -0.517578 0.123047 -0.056641
v -0.505859 -0.306641 -0.056641
v -0.498047 0.142578 -0.056641
v -0.494141 0.025391 -0.056641
v -0.470703 -0.001953 -0.056641
v -0.380859 0.541016 -0.056641
v -0.083984 0.642578 -0.056641
v 0.380859 0.541016 -0.056641
v 0.470703 -0.001953 -0.056641
v 0.490234 0.025391 -0.056641
v 0.498047 0.142578 -0.056641
v 0.501953 -0.646484 -0.056641
v 0.509766 -0.306641 -0.056641
v 0.517578 0.041016 -0.056641
v 0.517578 0.123047 -0.056641
v 0.521484 0.048828 -0.056641
v -0.509766 -0.279297 -0.052734
v -0.369141 -0.603516 -0.052734
v -0.365234 -0.611328 -0.052734
v -0.322266 0.630859 -0.052734
v 0.087891 0.638672 -0.052734
v 0.365234 -0.611328 -0.052734
v 0.369141 -0.603516 -0.052734
v 0.400391 -0.626953 -0.052734
v 0.509766 -0.279297 -0.052734
v 0.544922 -0.130859 -0.052734
v -0.541016 -0.095703 -0.048828
v -0.517578 -0.166016 -0.048828
v -0.384766 -0.693359 -0.048828
v -0.384766 -0.662109 -0.048828
v -0.380859 -0.630859 -0.048828
v -0.291016 0.630859 -0.048828
v -0.251953 0.623047 -0.048828
v -0.041016 0.646484 -0.048828
v 0.001953 0.646484 -0.048828
v 0.349609 0.634766 -0.048828
v 0.380859 -0.630859 -0.048828
v 0.384766 -0.693359 -0.048828
v 0.384766 -0.662109 -0.048828
v 0.388672 0.595703 -0.048828
v 0.537109 -0.501953 -0.048828
v 0.541016 -0.095703 -0.048828
v -0.548828 -0.572266 -0.044922
v -0.455078 -0.365234 -0.044922
v -0.404297 -0.599609 -0.044922
v -0.380859 -0.759766 -0.044922
v -0.380859 -0.724609 -0.044922
v 0.380859 -0.763672 -0.044922
v 0.380859 -0.724609 -0.044922
v 0.380859 0.564453 -0.044922
v 0.451172 -0.365234 -0.044922
v 0.517578 -0.162109 -0.044922
v 0.548828 -0.572266 -0.044922
v -0.455078 -0.333984 -0.041016
v 0.455078 -0.333984 -0.041016
v -0.458984 -0.302734 -0.037109
v -0.458984 -0.244141 -0.037109
v -0.458984 -0.216797 -0.037109
v -0.349609 0.603516 -0.037109
v 0.126953 0.623047 -0.037109
v 0.369141 0.611328 -0.037109
v 0.458984 -0.302734 -0.037109
v 0.458984 -0.244141 -0.037109
v 0.458984 -0.212891 -0.037109
v -0.501953 -0.611328 -0.033203
v -0.458984 -0.271484 -0.033203
v -0.451172 -0.607422 -0.033203
v -0.443359 0.240234 -0.033203
v -0.419922 0.275391 -0.033203
v -0.361328 -0.802734 -0.033203
v -0.126953 0.623047 -0.033203
v 0.361328 -0.802734 -0.033203
v 0.419922 0.275391 -0.033203
v 0.443359 0.240234 -0.033203
v 0.501953 -0.611328 -0.033203
v -0.505859 0.029297 -0.029297
v -0.498047 -0.041016 -0.029297
v -0.498047 -0.001953 -0.029297
v -0.455078 -0.177734 -0.029297
v -0.455078 0.208984 -0.029297
v -0.423828 -0.951172 -0.029297
v -0.423828 -0.919922 -0.029297
v -0.404297 -0.986328 -0.029297
v -0.404297 -0.888672 -0.029297
v -0.404297 -0.169922 -0.029297
v -0.396484 0.310547 -0.029297
v -0.392578 0.330078 -0.029297
v -0.373047 -0.998047 -0.029297
v -0.373047 -0.876953 -0.029297
v -0.373047 -0.173828 -0.029297
v -0.365234 0.560547 -0.029297
v -0.361328 0.482422 -0.029297
v -0.349609 -0.998047 -0.029297
v -0.322266 -0.998047 -0.029297
v -0.291016 -0.998047 -0.029297
v -0.248047 -0.998047 -0.029297
v -0.205078 -0.998047 -0.029297
v -0.166016 -0.998047 -0.029297
v -0.150391 0.619141 -0.029297
v -0.134766 -0.998047 -0.029297
v -0.099609 -0.888672 -0.029297
v -0.099609 -0.869141 -0.029297
v -0.099609 -0.853516 -0.029297
v -0.095703 -0.837891 -0.029297
v 0.095703 -0.837891 -0.029297
v 0.099609 -0.888672 -0.029297
v 0.099609 -0.869141 -0.029297
v 0.099609 -0.853516 -0.029297
v 0.130859 -0.998047 -0.029297
v 0.166016 -0.998047 -0.029297
v 0.189453 0.591797 -0.029297
v 0.205078 -0.998047 -0.029297
v 0.248047 -0.998047 -0.029297
v 0.291016 -0.998047 -0.029297
v 0.318359 0.619141 -0.029297
v 0.322266 -0.998047 -0.029297
v 0.349609 -0.998047 -0.029297
v 0.361328 0.482422 -0.029297
v 0.369141 -0.173828 -0.029297
v 0.373047 -0.998047 -0.029297
v 0.373047 -0.876953 -0.029297
v 0.392578 0.330078 -0.029297
v 0.396484 0.310547 -0.029297
v 0.400391 -0.169922 -0.029297
v 0.404297 -0.982422 -0.029297
v 0.404297 -0.888672 -0.029297
v 0.423828 -0.951172 -0.029297
v 0.423828 -0.919922 -0.029297
v 0.455078 -0.173828 -0.029297
v 0.455078 0.208984 -0.029297
v 0.458984 -0.271484 -0.029297
v 0.498047 -0.041016 -0.029297
v 0.498047 -0.001953 -0.029297
v 0.505859 0.029297 -0.029297
v -0.525391 -0.138672 -0.025391
v -0.509766 0.056641 -0.025391
v -0.509766 0.080078 -0.025391
v -0.490234 0.154297 -0.025391
v -0.466797 0.177734 -0.025391
v -0.400391 -0.201172 -0.025391
v -0.396484 0.412109 -0.025391
v -0.392578 0.361328 -0.025391
v -0.384766 0.458984 -0.025391
v -0.349609 -0.869141 -0.025391
v -0.337891 -0.865234 -0.025391
v -0.337891 -0.841797 -0.025391
v -0.333984 -0.853516 -0.025391
v -0.177734 0.607422 -0.025391
v -0.111328 -0.982422 -0.025391
v -0.099609 -0.951172 -0.025391
v -0.099609 -0.927734 -0.025391
v -0.099609 -0.908203 -0.025391
v -0.087891 -0.822266 -0.025391
v -0.068359 -0.802734 -0.025391
v -0.037109 -0.798828 -0.025391
v -0.013672 -0.798828 -0.025391
v 0.009766 -0.798828 -0.025391
v 0.033203 -0.798828 -0.025391
v 0.064453 -0.798828 -0.025391
v 0.087891 -0.822266 -0.025391
v 0.099609 -0.951172 -0.025391
v 0.099609 -0.927734 -0.025391
v 0.099609 -0.908203 -0.025391
v 0.111328 -0.982422 -0.025391
v 0.337891 -0.865234 -0.025391
v 0.337891 -0.841797 -0.025391
v 0.349609 -0.869141 -0.025391
v 0.384766 0.458984 -0.025391
v 0.392578 0.361328 -0.025391
v 0.392578 0.412109 -0.025391
v 0.400391 -0.201172 -0.025391
v 0.408203 -0.236328 -0.025391
v 0.466797 0.177734 -0.025391
v 0.490234 0.154297 -0.025391
v 0.509766 0.056641 -0.025391
v 0.509766 0.080078 -0.025391
v -0.521484 -0.099609 -0.021484
v -0.509766 0.107422 -0.021484
v -0.505859 0.130859 -0.021484
v -0.494141 -0.443359 -0.021484
v -0.482422 -0.162109 -0.021484
v -0.404297 -0.240234 -0.021484
v -0.357422 -0.201172 -0.021484
v -0.216797 0.603516 -0.021484
v 0.216797 0.603516 -0.021484
v 0.271484 0.615234 -0.021484
v 0.357422 -0.197266 -0.021484
v 0.365234 0.560547 -0.021484
v 0.478516 -0.158203 -0.021484
v 0.494141 -0.443359 -0.021484
v 0.505859 0.130859 -0.021484
v 0.509766 0.107422 -0.021484
v 0.521484 -0.099609 -0.021484
v 0.525391 -0.134766 -0.021484
v -0.369141 -0.634766 -0.017578
v -0.361328 -0.595703 -0.017578
v -0.357422 -0.611328 -0.017578
v -0.310547 0.611328 -0.017578
v 0.001953 0.646484 -0.017578
v 0.353516 -0.611328 -0.017578
v 0.357422 -0.595703 -0.017578
v 0.361328 0.517578 -0.017578
v 0.369141 -0.634766 -0.017578
v 0.408203 -0.244141 -0.017578
v -0.439453 -0.193359 -0.013672
v -0.427734 -0.232422 -0.013672
v -0.404297 -0.587891 -0.013672
v -0.400391 -0.333984 -0.013672
v -0.376953 -0.693359 -0.013672
v -0.376953 -0.662109 -0.013672
v -0.373047 -0.724609 -0.013672
v -0.369141 -0.759766 -0.013672
v -0.361328 0.517578 -0.013672
v -0.044922 0.642578 -0.013672
v 0.044922 0.642578 -0.013672
v 0.369141 -0.759766 -0.013672
v 0.373047 -0.724609 -0.013672
v 0.376953 -0.693359 -0.013672
v 0.376953 -0.662109 -0.013672
v 0.380859 -0.240234 -0.013672
v 0.400391 -0.333984 -0.013672
v 0.404297 -0.591797 -0.013672
v 0.427734 -0.232422 -0.013672
v 0.439453 -0.189453 -0.013672
v 0.498047 -0.505859 -0.013672
v -0.482422 -0.130859 -0.009766
v -0.404297 -0.302734 -0.009766
v -0.404297 -0.271484 -0.009766
v 0.404297 -0.302734 -0.009766
v 0.478516 -0.126953 -0.009766
v -0.509766 -0.568359 -0.005859
v -0.478516 -0.099609 -0.005859
v -0.451172 -0.591797 -0.005859
v -0.400391 -0.255859 -0.005859
v -0.353516 -0.236328 -0.005859
v -0.087891 0.634766 -0.005859
v 0.087891 0.634766 -0.005859
v 0.400391 -0.255859 -0.005859
v 0.404297 -0.271484 -0.005859
v 0.451172 -0.591797 -0.005859
v 0.478516 -0.095703 -0.005859
v 0.509766 -0.568359 -0.005859
v -0.509766 -0.529297 -0.001953
v -0.478516 -0.068359 -0.001953
v -0.349609 -0.228516 -0.001953
v -0.333984 0.568359 -0.001953
v -0.263672 -0.998047 -0.001953
v -0.236328 -0.998047 -0.001953
v -0.208984 -0.998047 -0.001953
v 0.177734 -0.998047 -0.001953
v 0.208984 -0.998047 -0.001953
v 0.236328 -0.998047 -0.001953
v 0.263672 -0.998047 -0.001953
v 0.322266 -0.837891 -0.001953
v 0.333984 0.583984 -0.001953
v 0.345703 -0.232422 -0.001953
v 0.345703 0.498047 -0.001953
v 0.478516 -0.064453 -0.001953
v 0.509766 -0.529297 -0.001953
v -0.494141 0.052734 0.001953
v -0.486328 -0.001953 0.001953
v -0.455078 -0.162109 0.001953
v -0.373047 -0.998047 0.001953
v -0.349609 -0.998047 0.001953
v -0.345703 0.498047 0.001953
v -0.322266 -0.998047 0.001953
v -0.294922 -0.998047 0.001953
v -0.283203 0.595703 0.001953
v -0.177734 -0.998047 0.001953
v -0.150391 0.619141 0.001953
v 0.294922 -0.998047 0.001953
v 0.322266 -0.998047 0.001953
v 0.345703 -0.228516 0.001953
v 0.349609 -0.998047 0.001953
v 0.373047 -0.998047 0.001953
v 0.486328 -0.001953 0.001953
v 0.494141 0.052734 0.001953
v -0.490234 0.029297 0.005859
v -0.462891 -0.228516 0.005859
v -0.462891 -0.201172 0.005859
v -0.419922 -0.267578 0.005859
v -0.345703 -0.458984 0.005859
v -0.173828 0.607422 0.005859
v -0.142578 -0.998047 0.005859
v 0.001953 -0.087891 0.005859
v 0.146484 -0.998047 0.005859
v 0.283203 0.595703 0.005859
v 0.345703 -0.458984 0.005859
v 0.369141 -0.443359 0.005859
v 0.419922 -0.267578 0.005859
v 0.451172 -0.443359 0.005859
v 0.458984 -0.228516 0.005859
v 0.458984 -0.201172 0.005859
v 0.490234 0.029297 0.005859
v -0.400391 -0.888672 0.009766
v -0.396484 -0.982422 0.009766
v -0.384766 -0.279297 0.009766
v -0.369141 -0.876953 0.009766
v -0.345703 -0.865234 0.009766
v -0.345703 -0.431641 0.009766
v -0.216797 0.591797 0.009766
v -0.076172 -0.802734 0.009766
v -0.033203 -0.083984 0.009766
v 0.001953 -0.041016 0.009766
v 0.033203 -0.095703 0.009766
v 0.216797 0.591797 0.009766
v 0.333984 -0.806641 0.009766
v 0.345703 -0.865234 0.009766
v 0.369141 -0.876953 0.009766
v 0.384766 -0.275391 0.009766
v 0.396484 -0.978516 0.009766
v 0.400391 -0.888672 0.009766
v -0.416016 -0.951172 0.013672
v -0.416016 -0.919922 0.013672
v -0.333984 -0.806641 0.013672
v -0.263672 -0.994141 0.013672
v -0.236328 -0.994141 0.013672
v -0.212891 -0.994141 0.013672
v -0.126953 -0.849609 0.013672
v -0.126953 0.619141 0.013672
v 0.126953 -0.849609 0.013672
v 0.126953 0.619141 0.013672
v 0.185547 -0.994141 0.013672
v 0.212891 -0.994141 0.013672
v 0.236328 -0.994141 0.013672
v 0.263672 -0.994141 0.013672
v 0.416016 -0.947266 0.013672
v 0.416016 -0.916016 0.013672
v -0.458984 -0.564453 0.017578
v -0.458984 -0.255859 0.017578
v -0.455078 -0.126953 0.017578
v -0.439453 0.259766 0.017578
v -0.361328 -0.693359 0.017578
v -0.361328 -0.662109 0.017578
v -0.357422 -0.763672 0.017578
v -0.357422 -0.724609 0.017578
v -0.357422 -0.634766 0.017578
v -0.353516 -0.607422 0.017578
v -0.345703 -0.521484 0.017578
v -0.345703 -0.400391 0.017578
v -0.345703 -0.365234 0.017578
v -0.345703 -0.333984 0.017578
v -0.322266 0.544922 0.017578
v -0.310547 -0.861328 0.017578
v -0.306641 -0.853516 0.017578
v -0.306641 -0.845703 0.017578
v -0.126953 -0.865234 0.017578
v -0.123047 -0.880859 0.017578
v -0.123047 -0.833984 0.017578
v -0.083984 -0.080078 0.017578
v -0.037109 -0.041016 0.017578
v 0.001953 -0.095703 0.017578
v 0.029297 -0.041016 0.017578
v 0.123047 -0.833984 0.017578
v 0.126953 -0.880859 0.017578
v 0.126953 -0.865234 0.017578
v 0.291016 -0.990234 0.017578
v 0.310547 -0.861328 0.017578
v 0.322266 0.544922 0.017578
v 0.345703 -0.525391 0.017578
v 0.345703 -0.400391 0.017578
v 0.349609 -0.607422 0.017578
v 0.357422 -0.763672 0.017578
v 0.357422 -0.724609 0.017578
v 0.357422 -0.634766 0.017578
v 0.361328 -0.693359 0.017578
v 0.361328 -0.662109 0.017578
v 0.404297 -0.564453 0.017578
v 0.439453 0.259766 0.017578
v 0.458984 -0.564453 0.017578
v 0.458984 -0.255859 0.017578
v -0.451172 0.228516 0.021484
v -0.416016 0.294922 0.021484
v -0.349609 -0.302734 0.021484
v -0.267578 0.572266 0.021484
v -0.181641 -0.994141 0.021484
v -0.169922 0.607422 0.021484
v -0.126953 -0.896484 0.021484
v -0.037109 -0.798828 0.021484
v -0.033203 -0.095703 0.021484
v -0.013672 -0.798828 0.021484
v 0.001953 -0.005859 0.021484
v 0.033203 -0.095703 0.021484
v 0.064453 -0.802734 0.021484
v 0.083984 -0.087891 0.021484
v 0.126953 -0.896484 0.021484
v 0.267578 0.572266 0.021484
v 0.416016 0.294922 0.021484
v 0.451172 0.228516 0.021484
v -0.458984 0.197266 0.025391
v -0.455078 -0.095703 0.025391
v -0.435547 -0.279297 0.025391
v -0.396484 0.322266 0.025391
v -0.388672 0.337891 0.025391
v -0.345703 -0.986328 0.025391
v -0.318359 -0.986328 0.025391
v -0.314453 0.525391 0.025391
v -0.291016 -0.990234 0.025391
v -0.212891 0.587891 0.025391
v -0.115234 -0.814453 0.025391
v -0.083984 -0.037109 0.025391
v 0.080078 -0.041016 0.025391
v 0.115234 -0.814453 0.025391
v 0.212891 0.587891 0.025391
v 0.314453 0.525391 0.025391
v 0.322266 -0.986328 0.025391
v 0.349609 -0.986328 0.025391
v 0.380859 -0.884766 0.025391
v 0.388672 0.337891 0.025391
v 0.396484 0.322266 0.025391
v 0.431641 -0.279297 0.025391
v 0.455078 -0.130859 0.025391
v 0.455078 -0.095703 0.025391
v 0.458984 0.197266 0.025391
v -0.474609 0.072266 0.029297
v -0.470703 -0.041016 0.029297
v -0.470703 0.166016 0.029297
v -0.458984 -0.166016 0.029297
v -0.458984 -0.072266 0.029297
v -0.384766 0.365234 0.029297
v -0.384766 0.412109 0.029297
v -0.376953 -0.982422 0.029297
v -0.373047 0.458984 0.029297
v -0.353516 -0.283203 0.029297
v -0.349609 0.494141 0.029297
v -0.263672 0.560547 0.029297
v -0.158203 -0.994141 0.029297
v -0.126953 -0.974609 0.029297
v -0.123047 -0.916016 0.029297
v -0.119141 -0.943359 0.029297
v -0.037109 -0.005859 0.029297
v -0.033203 -0.115234 0.029297
v 0.001953 -0.115234 0.029297
v 0.001953 0.642578 0.029297
v 0.033203 -0.115234 0.029297
v 0.033203 -0.005859 0.029297
v 0.119141 -0.943359 0.029297
v 0.123047 -0.916016 0.029297
v 0.126953 -0.974609 0.029297
v 0.158203 -0.994141 0.029297
v 0.205078 -0.994141 0.029297
v 0.263672 0.560547 0.029297
v 0.330078 -0.232422 0.029297
v 0.349609 0.494141 0.029297
v 0.373047 0.458984 0.029297
v 0.376953 -0.978516 0.029297
v 0.384766 0.365234 0.029297
v 0.384766 0.412109 0.029297
v 0.458984 -0.533203 0.029297
v 0.458984 -0.166016 0.029297
v 0.458984 -0.068359 0.029297
v 0.470703 -0.041016 0.029297
v 0.470703 0.166016 0.029297
v 0.474609 0.072266 0.029297
v -0.482422 -0.224609 0.033203
v -0.474609 0.107422 0.033203
v -0.474609 0.138672 0.033203
v -0.470703 -0.001953 0.033203
v -0.126953 -0.076172 0.033203
v -0.083984 -0.095703 0.033203
v -0.044922 0.638672 0.033203
v 0.044922 0.638672 0.033203
v 0.083984 -0.095703 0.033203
v 0.103516 -0.802734 0.033203
v 0.126953 -0.080078 0.033203
v 0.349609 -0.271484 0.033203
v 0.404297 -0.533203 0.033203
v 0.470703 -0.001953 0.033203
v 0.474609 0.107422 0.033203
v 0.474609 0.138672 0.033203
v 0.478516 -0.228516 0.033203
v -0.349609 -0.548828 0.037109
v -0.333984 -0.470703 0.037109
v -0.314453 -0.861328 0.037109
v -0.259766 -0.994141 0.037109
v -0.224609 -0.994141 0.037109
v -0.126953 -0.037109 0.037109
v -0.080078 -0.005859 0.037109
v 0.080078 -0.005859 0.037109
v 0.126953 -0.037109 0.037109
v 0.228516 -0.994141 0.037109
v 0.259766 -0.994141 0.037109
v 0.314453 -0.861328 0.037109
v 0.333984 -0.470703 0.037109
v -0.470703 0.029297 0.041016
v -0.083984 -0.115234 0.041016
v 0.001953 -0.134766 0.041016
v 0.033203 -0.134766 0.041016
v 0.083984 -0.115234 0.041016
v 0.279297 -0.841797 0.041016
v 0.470703 0.029297 0.041016
v -0.455078 -0.126953 0.044922
v -0.380859 -0.951172 0.044922
v -0.380859 -0.904297 0.044922
v -0.345703 -0.970703 0.044922
v -0.333984 -0.509766 0.044922
v -0.333984 -0.404297 0.044922
v -0.306641 -0.810547 0.044922
v -0.279297 -0.853516 0.044922
v -0.275391 -0.841797 0.044922
v -0.166016 -0.853516 0.044922
v -0.166016 -0.841797 0.044922
v -0.123047 -0.099609 0.044922
v -0.123047 -0.005859 0.044922
v -0.087891 0.630859 0.044922
v -0.033203 -0.134766 0.044922
v 0.001953 0.029297 0.044922
v 0.087891 0.630859 0.044922
v 0.126953 -0.005859 0.044922
v 0.166016 -0.853516 0.044922
v 0.166016 -0.841797 0.044922
v 0.169922 -0.865234 0.044922
v 0.279297 -0.853516 0.044922
v 0.298828 -0.810547 0.044922
v 0.333984 -0.404297 0.044922
v 0.345703 -0.970703 0.044922
v 0.380859 -0.947266 0.044922
v 0.380859 -0.904297 0.044922
v 0.455078 -0.275391 0.044922
v -0.458984 -0.279297 0.048828
v -0.404297 -0.302734 0.048828
v -0.341797 -0.654297 0.048828
v -0.341797 -0.603516 0.048828
v -0.333984 -0.763672 0.048828
v -0.333984 -0.724609 0.048828
v -0.333984 -0.345703 0.048828
v -0.279297 -0.861328 0.048828
v -0.166016 -0.873047 0.048828
v -0.166016 -0.865234 0.048828
v -0.166016 -0.072266 0.048828
v -0.158203 -0.037109 0.048828
v -0.037109 0.029297 0.048828
v 0.033203 0.029297 0.048828
v 0.126953 -0.095703 0.048828
v 0.154297 -0.037109 0.048828
v 0.162109 -0.072266 0.048828
v 0.166016 -0.873047 0.048828
v 0.279297 -0.861328 0.048828
v 0.333984 -0.763672 0.048828
v 0.333984 -0.724609 0.048828
v 0.337891 -0.654297 0.048828
v 0.337891 -0.603516 0.048828
v 0.400391 -0.298828 0.048828
v -0.478516 -0.255859 0.052734
v -0.455078 -0.095703 0.052734
v -0.162109 -0.822266 0.052734
v -0.083984 -0.130859 0.052734
v 0.083984 -0.130859 0.052734
v 0.158203 -0.822266 0.052734
v 0.333984 -0.271484 0.052734
v 0.341797 -0.283203 0.052734
v -0.341797 -0.876953 0.056641
v -0.333984 -0.279297 0.056641
v -0.244141 -0.853516 0.056641
v -0.244141 -0.841797 0.056641
v -0.181641 -0.998047 0.056641
v -0.158203 -0.005859 0.056641
v -0.126953 -0.791016 0.056641
v -0.126953 -0.115234 0.056641
v -0.095703 -0.779297 0.056641
v -0.080078 0.029297 0.056641
v 0.001953 -0.767578 0.056641
v 0.076172 0.029297 0.056641
v 0.126953 -0.115234 0.056641
v 0.158203 -0.005859 0.056641
v 0.173828 -0.998047 0.056641
v 0.244141 -0.853516 0.056641
v 0.248047 -0.841797 0.056641
v 0.318359 -0.232422 0.056641
v 0.333984 -0.271484 0.056641
v 0.341797 -0.876953 0.056641
v 0.341797 -0.291016 0.056641
v 0.474609 -0.259766 0.056641
v -0.244141 -0.861328 0.060547
v -0.208984 -0.865234 0.060547
v -0.208984 -0.853516 0.060547
v -0.162109 -0.884766 0.060547
v 0.033203 -0.763672 0.060547
v 0.123047 0.025391 0.060547
v 0.162109 -0.884766 0.060547
v 0.208984 -0.865234 0.060547
v 0.208984 -0.853516 0.060547
v 0.208984 -0.845703 0.060547
v 0.244141 -0.861328 0.060547
v -0.482422 -0.228516 0.064453
v -0.462891 -0.001953 0.064453
v -0.306641 0.525391 0.064453
v -0.208984 -0.837891 0.064453
v -0.208984 0.583984 0.064453
v -0.166016 -0.099609 0.064453
v -0.166016 0.603516 0.064453
v -0.126953 0.025391 0.064453
v -0.126953 0.615234 0.064453
v -0.033203 -0.150391 0.064453
v -0.029297 -0.791016 0.064453
v 0.001953 -0.150391 0.064453
v 0.029297 -0.150391 0.064453
v 0.123047 0.615234 0.064453
v 0.166016 -0.095703 0.064453
v 0.166016 0.603516 0.064453
v 0.208984 0.583984 0.064453
v 0.306641 0.525391 0.064453
v 0.462891 -0.001953 0.064453
v 0.482422 -0.232422 0.064453
v -0.451172 -0.095703 0.068359
v -0.322266 -0.470703 0.068359
v -0.255859 0.560547 0.068359
v -0.146484 -0.966797 0.068359
v -0.126953 -0.130859 0.068359
v 0.126953 -0.130859 0.068359
v 0.150391 -0.794922 0.068359
v 0.255859 0.560547 0.068359
v 0.322266 -0.470703 0.068359
v 0.451172 -0.095703 0.068359
v -0.462891 0.025391 0.072266
v -0.451172 -0.162109 0.072266
v -0.447266 -0.126953 0.072266
v -0.376953 -0.951172 0.072266
v -0.365234 -0.302734 0.072266
v -0.326172 -0.501953 0.072266
v -0.322266 -0.439453 0.072266
v -0.310547 -0.869141 0.072266
v -0.267578 -0.810547 0.072266
v -0.216797 -0.029297 0.072266
v -0.142578 -0.912109 0.072266
v 0.001953 0.060547 0.072266
v 0.001953 0.623047 0.072266
v 0.142578 -0.912109 0.072266
v 0.166016 0.021484 0.072266
v 0.208984 -0.009766 0.072266
v 0.310547 -0.869141 0.072266
v 0.322266 -0.439453 0.072266
v 0.345703 -0.287109 0.072266
v 0.376953 -0.947266 0.072266
v 0.447266 -0.162109 0.072266
v 0.447266 -0.126953 0.072266
v 0.462891 0.025391 0.072266
v -0.470703 -0.275391 0.076172
v -0.333984 -0.564453 0.076172
v -0.333984 -0.533203 0.076172
v -0.330078 -0.318359 0.076172
v -0.330078 -0.283203 0.076172
v -0.326172 -0.376953 0.076172
v -0.326172 -0.349609 0.076172
v -0.322266 -0.408203 0.076172
v -0.208984 -0.873047 0.076172
v -0.208984 -0.001953 0.076172
v -0.091797 -0.150391 0.076172
v -0.044922 0.619141 0.076172
v -0.033203 0.056641 0.076172
v 0.033203 0.056641 0.076172
v 0.091797 -0.150391 0.076172
v 0.142578 -0.970703 0.076172
v 0.208984 -0.873047 0.076172
v 0.220703 -0.044922 0.076172
v 0.248047 -0.810547 0.076172
v 0.322266 -0.408203 0.076172
v 0.322266 -0.376953 0.076172
v 0.326172 -0.349609 0.076172
v 0.326172 -0.279297 0.076172
v 0.330078 -0.314453 0.076172
v -0.451172 -0.080078 0.080078
v -0.419922 0.267578 0.080078
v -0.404297 0.298828 0.080078
v -0.376953 -0.916016 0.080078
v -0.345703 -0.962891 0.080078
v -0.318359 -0.603516 0.080078
v -0.306641 -0.240234 0.080078
v -0.302734 -0.763672 0.080078
v -0.302734 -0.720703 0.080078
v -0.279297 -0.869141 0.080078
v -0.259766 -0.998047 0.080078
v -0.228516 -0.998047 0.080078
v -0.224609 -0.060547 0.080078
v -0.189453 0.025391 0.080078
v -0.169922 -0.115234 0.080078
v -0.130859 -0.763672 0.080078
v -0.080078 0.056641 0.080078
v 0.001953 0.623047 0.080078
v 0.080078 0.056641 0.080078
v 0.138672 -0.939453 0.080078
v 0.166016 -0.115234 0.080078
v 0.201172 -0.810547 0.080078
v 0.228516 -0.998047 0.080078
v 0.259766 -0.998047 0.080078
v 0.279297 -0.869141 0.080078
v 0.298828 -0.763672 0.080078
v 0.302734 -0.720703 0.080078
v 0.345703 -0.958984 0.080078
v 0.361328 -0.294922 0.080078
v 0.376953 -0.916016 0.080078
v 0.396484 0.322266 0.080078
v 0.400391 0.298828 0.080078
v 0.419922 0.267578 0.080078
v 0.451172 -0.080078 0.080078
v -0.443359 -0.091797 0.083984
v -0.435547 0.236328 0.083984
v -0.400391 -0.306641 0.083984
v -0.396484 0.322266 0.083984
v -0.384766 0.341797 0.083984
v -0.373047 0.412109 0.083984
v -0.369141 0.365234 0.083984
v -0.361328 0.458984 0.083984
v -0.337891 0.494141 0.083984
v -0.333984 -0.287109 0.083984
v -0.310547 -0.654297 0.083984
v -0.294922 0.529297 0.083984
v -0.248047 -0.869141 0.083984
v -0.248047 0.556641 0.083984
v -0.220703 -0.810547 0.083984
v -0.208984 0.580078 0.083984
v -0.169922 0.599609 0.083984
v -0.130859 0.052734 0.083984
v 0.001953 -0.783203 0.083984
v 0.001953 0.611328 0.083984
v 0.130859 0.052734 0.083984
v 0.169922 0.599609 0.083984
v 0.208984 0.580078 0.083984
v 0.216797 -0.076172 0.083984
v 0.248047 -0.869141 0.083984
v 0.251953 0.556641 0.083984
v 0.291016 0.529297 0.083984
v 0.306641 -0.240234 0.083984
v 0.310547 -0.654297 0.083984
v 0.314453 -0.603516 0.083984
v 0.333984 -0.279297 0.083984
v 0.337891 0.494141 0.083984
v 0.361328 0.458984 0.083984
v 0.369141 0.365234 0.083984
v 0.369141 0.412109 0.083984
v 0.384766 0.341797 0.083984
v 0.435547 0.240234 0.083984
v 0.443359 -0.095703 0.083984
v -0.447266 0.205078 0.087891
v -0.169922 -0.888672 0.087891
v -0.130859 0.611328 0.087891
v -0.044922 0.619141 0.087891
v 0.162109 -0.130859 0.087891
v 0.169922 -0.888672 0.087891
v 0.314453 -0.564453 0.087891
v 0.404297 -0.302734 0.087891
v 0.447266 0.208984 0.087891
v -0.478516 -0.251953 0.091797
v -0.458984 0.115234 0.091797
v -0.455078 0.173828 0.091797
v -0.345703 -0.888672 0.091797
v -0.220703 -0.087891 0.091797
v -0.181641 0.048828 0.091797
v -0.162109 -0.130859 0.091797
v -0.095703 -0.775391 0.091797
v -0.095703 0.611328 0.091797
v -0.044922 0.607422 0.091797
v 0.001953 0.626953 0.091797
v 0.095703 0.611328 0.091797
v 0.103516 -0.771484 0.091797
v 0.345703 -0.888672 0.091797
v 0.455078 0.177734 0.091797
v 0.458984 0.115234 0.091797
v 0.478516 -0.251953 0.091797
v -0.458984 -0.044922 0.095703
v -0.458984 0.048828 0.095703
v -0.458984 0.146484 0.095703
v -0.298828 -0.470703 0.095703
v -0.291016 -0.986328 0.095703
v -0.130859 -0.767578 0.095703
v -0.033203 -0.162109 0.095703
v 0.001953 -0.162109 0.095703
v 0.033203 -0.779297 0.095703
v 0.033203 -0.162109 0.095703
v 0.068359 -0.775391 0.095703
v 0.298828 -0.470703 0.095703
v 0.455078 0.048828 0.095703
v 0.455078 0.146484 0.095703
v 0.458984 -0.044922 0.095703
v 0.466797 -0.275391 0.095703
v -0.474609 -0.220703 0.099609
v -0.462891 -0.005859 0.099609
v -0.455078 0.080078 0.099609
v -0.357422 -0.955078 0.099609
v -0.177734 -0.771484 0.099609
v -0.158203 -0.755859 0.099609
v 0.001953 0.634766 0.099609
v 0.142578 -0.763672 0.099609
v 0.212891 -0.099609 0.099609
v 0.306641 -0.501953 0.099609
v 0.349609 -0.951172 0.099609
v 0.455078 0.080078 0.099609
v 0.462891 -0.005859 0.099609
v 0.474609 -0.220703 0.099609
v -0.462891 0.025391 0.103516
v -0.458984 -0.189453 0.103516
v -0.451172 -0.173828 0.103516
v -0.443359 -0.080078 0.103516
v -0.439453 -0.158203 0.103516
v -0.435547 -0.095703 0.103516
v -0.431641 -0.126953 0.103516
v -0.322266 -0.966797 0.103516
v -0.306641 -0.501953 0.103516
v -0.302734 -0.251953 0.103516
v -0.298828 -0.439453 0.103516
v -0.298828 -0.314453 0.103516
v -0.298828 -0.283203 0.103516
v -0.294922 -0.408203 0.103516
v -0.294922 -0.380859 0.103516
v -0.294922 -0.349609 0.103516
v -0.271484 -0.705078 0.103516
v -0.263672 -0.732422 0.103516
v -0.263672 -0.001953 0.103516
v -0.259766 -0.763672 0.103516
v -0.251953 0.025391 0.103516
v -0.236328 0.048828 0.103516
v -0.212891 -0.107422 0.103516
v -0.185547 -0.998047 0.103516
v -0.146484 -0.146484 0.103516
v -0.083984 -0.162109 0.103516
v -0.044922 0.623047 0.103516
v -0.033203 -0.779297 0.103516
v 0.044922 0.623047 0.103516
v 0.083984 -0.162109 0.103516
v 0.142578 -0.150391 0.103516
v 0.169922 -0.759766 0.103516
v 0.189453 -0.998047 0.103516
v 0.236328 0.044922 0.103516
v 0.255859 -0.763672 0.103516
v 0.263672 -0.732422 0.103516
v 0.271484 -0.705078 0.103516
v 0.294922 -0.408203 0.103516
v 0.294922 -0.380859 0.103516
v 0.294922 -0.349609 0.103516
v 0.298828 -0.439453 0.103516
v 0.298828 -0.314453 0.103516
v 0.298828 -0.283203 0.103516
v 0.322266 -0.966797 0.103516
v 0.376953 -0.951172 0.103516
v 0.431641 -0.126953 0.103516
v 0.435547 -0.158203 0.103516
v 0.435547 -0.095703 0.103516
v 0.443359 -0.076172 0.103516
v 0.447266 -0.173828 0.103516
v 0.455078 -0.189453 0.103516
v 0.462891 0.025391 0.103516
v -0.314453 -0.880859 0.107422
v -0.275391 -0.669922 0.107422
v -0.197266 -0.880859 0.107422
v -0.162109 -0.908203 0.107422
v -0.091797 0.607422 0.107422
v -0.037109 0.080078 0.107422
v 0.001953 0.083984 0.107422
v 0.001953 0.638672 0.107422
v 0.037109 0.080078 0.107422
v 0.130859 0.599609 0.107422
v 0.162109 -0.908203 0.107422
v 0.197266 -0.880859 0.107422
v 0.208984 -0.115234 0.107422
v 0.232422 0.048828 0.107422
v 0.259766 -0.044922 0.107422
v 0.275391 -0.669922 0.107422
v 0.302734 -0.251953 0.107422
v 0.314453 -0.880859 0.107422
v -0.423828 -0.294922 0.111328
v -0.388672 -0.298828 0.111328
v -0.314453 -0.533203 0.111328
v -0.306641 -0.568359 0.111328
v -0.271484 -0.029297 0.111328
v -0.259766 -0.990234 0.111328
v -0.236328 -0.998047 0.111328
v -0.224609 -0.763672 0.111328
v -0.087891 0.080078 0.111328
v -0.044922 0.630859 0.111328
v 0.044922 0.630859 0.111328
v 0.087891 0.080078 0.111328
v 0.216797 -0.755859 0.111328
v 0.236328 -0.998047 0.111328
v 0.259766 -0.990234 0.111328
v 0.376953 -0.923828 0.111328
v 0.392578 -0.298828 0.111328
v -0.455078 -0.279297 0.115234
v -0.345703 -0.287109 0.115234
v -0.287109 -0.603516 0.115234
v -0.283203 -0.994141 0.115234
v -0.283203 -0.876953 0.115234
v -0.275391 -0.638672 0.115234
v -0.240234 -0.705078 0.115234
v -0.232422 -0.728516 0.115234
v -0.208984 -0.123047 0.115234
v -0.205078 -0.751953 0.115234
v -0.162109 -0.966797 0.115234
v -0.142578 0.072266 0.115234
v 0.142578 0.072266 0.115234
v 0.162109 -0.970703 0.115234
v 0.205078 0.068359 0.115234
v 0.228516 -0.728516 0.115234
v 0.240234 -0.705078 0.115234
v 0.275391 -0.638672 0.115234
v 0.283203 -0.876953 0.115234
v 0.287109 -0.990234 0.115234
v 0.345703 -0.283203 0.115234
v -0.267578 -0.060547 0.119141
v -0.255859 -0.876953 0.119141
v -0.244141 -0.681641 0.119141
v -0.228516 -0.876953 0.119141
v -0.216797 -0.732422 0.119141
v -0.216797 0.072266 0.119141
v -0.158203 -0.935547 0.119141
v -0.123047 -0.162109 0.119141
v -0.091797 0.595703 0.119141
v -0.044922 0.634766 0.119141
v -0.029297 -0.775391 0.119141
v 0.001953 -0.779297 0.119141
v 0.001953 0.634766 0.119141
v 0.029297 -0.775391 0.119141
v 0.044922 0.634766 0.119141
v 0.091797 0.595703 0.119141
v 0.119141 -0.162109 0.119141
v 0.126953 0.599609 0.119141
v 0.158203 -0.935547 0.119141
v 0.201172 -0.126953 0.119141
v 0.228516 -0.876953 0.119141
v 0.244141 -0.681641 0.119141
v 0.255859 -0.876953 0.119141
v 0.255859 -0.076172 0.119141
v 0.283203 -0.603516 0.119141
v 0.423828 -0.294922 0.119141
v -0.470703 -0.251953 0.123047
v -0.349609 -0.908203 0.123047
v -0.306641 -0.314453 0.123047
v -0.306641 -0.283203 0.123047
v -0.302734 -0.349609 0.123047
v -0.267578 -0.474609 0.123047
v -0.224609 -0.708984 0.123047
v -0.212891 -0.998047 0.123047
v -0.201172 -0.736328 0.123047
v -0.177734 -0.744141 0.123047
v -0.150391 -0.748047 0.123047
v -0.126953 -0.755859 0.123047
v -0.103516 -0.759766 0.123047
v -0.080078 -0.759766 0.123047
v -0.048828 -0.759766 0.123047
v 0.048828 -0.759766 0.123047
v 0.080078 -0.759766 0.123047
v 0.103516 -0.755859 0.123047
v 0.142578 -0.748047 0.123047
v 0.173828 -0.744141 0.123047
v 0.197266 -0.736328 0.123047
v 0.212891 -0.998047 0.123047
v 0.212891 -0.720703 0.123047
v 0.224609 -0.708984 0.123047
v 0.267578 -0.474609 0.123047
v 0.302734 -0.349609 0.123047
v 0.306641 -0.314453 0.123047
v 0.306641 -0.283203 0.123047
v 0.349609 -0.908203 0.123047
v 0.455078 -0.279297 0.123047
v 0.470703 -0.255859 0.123047
v -0.447266 -0.173828 0.126953
v -0.431641 -0.158203 0.126953
v -0.431641 -0.095703 0.126953
v -0.310547 -0.982422 0.126953
v -0.302734 -0.416016 0.126953
v -0.302734 -0.380859 0.126953
v -0.212891 -0.720703 0.126953
v -0.197266 -0.134766 0.126953
v -0.091797 0.607422 0.126953
v -0.044922 0.630859 0.126953
v 0.001953 0.630859 0.126953
v 0.044922 0.630859 0.126953
v 0.091797 0.603516 0.126953
v 0.091797 0.607422 0.126953
v 0.279297 -0.568359 0.126953
v 0.298828 0.048828 0.126953
v 0.302734 -0.416016 0.126953
v 0.302734 -0.380859 0.126953
v 0.318359 -0.978516 0.126953
v 0.427734 -0.158203 0.126953
v 0.431641 -0.095703 0.126953
v 0.443359 -0.173828 0.126953
v -0.466797 -0.220703 0.130859
v -0.458984 -0.005859 0.130859
v -0.455078 -0.189453 0.130859
v -0.427734 -0.126953 0.130859
v -0.333984 -0.349609 0.130859
v -0.333984 -0.314453 0.130859
v -0.333984 -0.287109 0.130859
v -0.298828 0.056641 0.130859
v -0.275391 -0.505859 0.130859
v -0.267578 -0.439453 0.130859
v -0.259766 -0.412109 0.130859
v -0.259766 -0.087891 0.130859
v -0.244141 -0.658203 0.130859
v -0.224609 -0.693359 0.130859
v -0.189453 -0.904297 0.130859
v 0.189453 -0.904297 0.130859
v 0.189453 -0.142578 0.130859
v 0.224609 -0.693359 0.130859
v 0.244141 -0.658203 0.130859
v 0.248047 -0.095703 0.130859
v 0.259766 -0.412109 0.130859
v 0.267578 -0.439453 0.130859
v 0.275391 -0.505859 0.130859
v 0.279297 -0.537109 0.130859
v 0.333984 -0.349609 0.130859
v 0.333984 -0.314453 0.130859
v 0.333984 -0.287109 0.130859
v 0.423828 -0.126953 0.130859
v 0.451172 -0.189453 0.130859
v 0.458984 -0.005859 0.130859
v 0.466797 -0.224609 0.130859
v -0.462891 0.115234 0.134766
v -0.455078 0.021484 0.134766
v -0.384766 0.302734 0.134766
v -0.384766 0.322266 0.134766
v -0.373047 0.345703 0.134766
v -0.353516 0.365234 0.134766
v -0.353516 0.412109 0.134766
v -0.345703 0.455078 0.134766
v -0.333984 -0.380859 0.134766
v -0.322266 0.490234 0.134766
v -0.318359 -0.904297 0.134766
v -0.310547 0.029297 0.134766
v -0.287109 -0.974609 0.134766
v -0.279297 0.521484 0.134766
v -0.240234 -0.986328 0.134766
v -0.212891 -0.708984 0.134766
v -0.197266 -0.982422 0.134766
v -0.138672 -0.158203 0.134766
v -0.091797 0.611328 0.134766
v -0.044922 0.626953 0.134766
v -0.033203 -0.162109 0.134766
v 0.001953 -0.162109 0.134766
v 0.001953 0.619141 0.134766
v 0.001953 0.626953 0.134766
v 0.033203 -0.162109 0.134766
v 0.044922 0.626953 0.134766
v 0.091797 0.611328 0.134766
v 0.134766 -0.158203 0.134766
v 0.201172 -0.982422 0.134766
v 0.212891 -0.708984 0.134766
v 0.240234 -0.986328 0.134766
v 0.271484 0.521484 0.134766
v 0.287109 -0.970703 0.134766
v 0.287109 0.076172 0.134766
v 0.294922 0.505859 0.134766
v 0.318359 -0.904297 0.134766
v 0.322266 0.486328 0.134766
v 0.333984 -0.380859 0.134766
v 0.345703 0.455078 0.134766
v 0.353516 0.365234 0.134766
v 0.353516 0.412109 0.134766
v 0.376953 0.341797 0.134766
v 0.384766 0.302734 0.134766
v 0.384766 0.318359 0.134766
v 0.455078 0.021484 0.134766
v 0.462891 0.115234 0.134766
v -0.451172 0.044922 0.138672
v -0.400391 0.271484 0.138672
v -0.345703 -0.419922 0.138672
v -0.287109 -0.904297 0.138672
v -0.287109 0.080078 0.138672
v -0.279297 -0.537109 0.138672
v -0.259766 -0.982422 0.138672
v -0.248047 -0.107422 0.138672
v -0.240234 0.541016 0.138672
v -0.228516 -0.677734 0.138672
v -0.208984 0.556641 0.138672
v -0.201172 -0.720703 0.138672
v -0.107422 -0.162109 0.138672
v -0.083984 -0.162109 0.138672
v 0.080078 -0.162109 0.138672
v 0.103516 -0.162109 0.138672
v 0.197266 -0.720703 0.138672
v 0.208984 0.556641 0.138672
v 0.224609 -0.677734 0.138672
v 0.244141 0.541016 0.138672
v 0.259766 -0.982422 0.138672
v 0.287109 -0.904297 0.138672
v 0.302734 -0.009766 0.138672
v 0.400391 0.271484 0.138672
v 0.447266 0.048828 0.138672
v -0.451172 -0.044922 0.142578
v -0.435547 -0.275391 0.142578
v -0.435547 -0.095703 0.142578
v -0.435547 0.232422 0.142578
v -0.423828 0.248047 0.142578
v -0.369141 -0.345703 0.142578
v -0.365234 -0.388672 0.142578
v -0.349609 -0.923828 0.142578
v -0.318359 0.001953 0.142578
v -0.271484 -0.568359 0.142578
v -0.236328 -0.638672 0.142578
v -0.224609 -0.986328 0.142578
v -0.212891 -0.693359 0.142578
v -0.181641 -0.962891 0.142578
v -0.181641 -0.931641 0.142578
v -0.181641 -0.150391 0.142578
v -0.177734 -0.728516 0.142578
v -0.177734 0.564453 0.142578
v -0.154297 -0.732422 0.142578
v -0.150391 0.572266 0.142578
v -0.123047 -0.162109 0.142578
v -0.095703 0.095703 0.142578
v -0.091797 0.615234 0.142578
v -0.044922 0.615234 0.142578
v -0.044922 0.623047 0.142578
v -0.041016 0.099609 0.142578
v 0.001953 0.103516 0.142578
v 0.041016 0.099609 0.142578
v 0.044922 0.615234 0.142578
v 0.044922 0.623047 0.142578
v 0.080078 -0.162109 0.142578
v 0.091797 0.615234 0.142578
v 0.095703 0.095703 0.142578
v 0.173828 -0.728516 0.142578
v 0.177734 0.564453 0.142578
v 0.185547 -0.962891 0.142578
v 0.185547 -0.931641 0.142578
v 0.212891 -0.693359 0.142578
v 0.220703 -0.986328 0.142578
v 0.236328 -0.638672 0.142578
v 0.240234 -0.115234 0.142578
v 0.345703 -0.419922 0.142578
v 0.365234 -0.388672 0.142578
v 0.369141 -0.345703 0.142578
v 0.431641 0.240234 0.142578
v 0.435547 -0.095703 0.142578
v 0.451172 -0.044922 0.142578
v -0.267578 -0.427734 0.146484
v -0.255859 -0.900391 0.146484
v -0.248047 -0.603516 0.146484
v -0.224609 -0.900391 0.146484
v -0.220703 -0.673828 0.146484
v -0.212891 0.087891 0.146484
v -0.201172 -0.708984 0.146484
v -0.154297 0.087891 0.146484
v -0.130859 -0.732422 0.146484
v -0.130859 0.572266 0.146484
v -0.107422 -0.736328 0.146484
v -0.083984 -0.740234 0.146484
v -0.044922 -0.740234 0.146484
v -0.029297 -0.763672 0.146484
v 0.001953 -0.767578 0.146484
v 0.029297 -0.763672 0.146484
v 0.041016 -0.740234 0.146484
v 0.083984 -0.740234 0.146484
v 0.107422 -0.736328 0.146484
v 0.123047 -0.162109 0.146484
v 0.146484 -0.732422 0.146484
v 0.146484 0.568359 0.146484
v 0.154297 0.087891 0.146484
v 0.173828 -0.154297 0.146484
v 0.197266 -0.705078 0.146484
v 0.212891 0.087891 0.146484
v 0.220703 -0.673828 0.146484
v 0.224609 -0.900391 0.146484
v 0.255859 -0.900391 0.146484
v 0.267578 -0.423828 0.146484
v 0.298828 -0.041016 0.146484
v 0.435547 -0.275391 0.146484
v -0.451172 0.208984 0.150391
v -0.388672 -0.287109 0.150391
v -0.388672 0.525391 0.150391
v -0.369141 -0.306641 0.150391
v -0.310547 -0.025391 0.150391
v -0.240234 -0.123047 0.150391
v -0.232422 -0.474609 0.150391
v -0.205078 -0.970703 0.150391
v -0.205078 -0.689453 0.150391
v -0.091797 0.615234 0.150391
v 0.091797 0.615234 0.150391
v 0.232422 -0.474609 0.150391
v 0.248047 -0.603516 0.150391
v 0.369141 -0.306641 0.150391
v 0.388672 0.525391 0.150391
v 0.451172 0.212891 0.150391
v -0.462891 0.177734 0.154297
v -0.451172 -0.251953 0.154297
v -0.439453 0.076172 0.154297
v -0.435547 -0.169922 0.154297
v -0.427734 -0.158203 0.154297
v -0.404297 0.525391 0.154297
v -0.251953 -0.962891 0.154297
v -0.154297 -0.162109 0.154297
v 0.232422 -0.126953 0.154297
v 0.251953 -0.962891 0.154297
v 0.388672 -0.287109 0.154297
v 0.392578 -0.404297 0.154297
v 0.404297 0.525391 0.154297
v 0.423828 -0.158203 0.154297
v 0.431641 -0.173828 0.154297
v 0.439453 0.076172 0.154297
v 0.451172 -0.251953 0.154297
v 0.462891 0.177734 0.154297
v -0.462891 0.150391 0.158203
v -0.439453 -0.185547 0.158203
v -0.435547 -0.091797 0.158203
v -0.427734 -0.130859 0.158203
v -0.392578 -0.408203 0.158203
v -0.369141 0.521484 0.158203
v -0.357422 -0.447266 0.158203
v -0.306641 -0.056641 0.158203
v -0.244141 -0.505859 0.158203
v -0.232422 -0.439453 0.158203
v -0.224609 -0.962891 0.158203
v -0.224609 -0.412109 0.158203
v -0.126953 0.580078 0.158203
v -0.087891 0.611328 0.158203
v 0.009766 0.619141 0.158203
v 0.087891 0.611328 0.158203
v 0.142578 0.576172 0.158203
v 0.146484 -0.162109 0.158203
v 0.220703 -0.962891 0.158203
v 0.224609 -0.412109 0.158203
v 0.232422 -0.439453 0.158203
v 0.244141 -0.505859 0.158203
v 0.248047 -0.572266 0.158203
v 0.275391 0.099609 0.158203
v 0.291016 -0.072266 0.158203
v 0.357422 -0.447266 0.158203
v 0.369141 0.521484 0.158203
v 0.423828 -0.130859 0.158203
v 0.435547 -0.189453 0.158203
v 0.439453 -0.091797 0.158203
v 0.462891 0.146484 0.158203
v -0.451172 -0.220703 0.162109
v -0.447266 -0.009766 0.162109
v -0.396484 -0.353516 0.162109
v -0.384766 0.560547 0.162109
v -0.353516 0.056641 0.162109
v -0.271484 0.099609 0.162109
v -0.255859 -0.931641 0.162109
v -0.220703 -0.931641 0.162109
v -0.138672 -0.162109 0.162109
v -0.123047 0.583984 0.162109
v -0.087891 0.603516 0.162109
v -0.044922 0.615234 0.162109
v 0.123047 0.583984 0.162109
v 0.130859 0.583984 0.162109
v 0.220703 -0.931641 0.162109
v 0.248047 -0.541016 0.162109
v 0.251953 -0.931641 0.162109
v 0.349609 0.025391 0.162109
v 0.353516 0.056641 0.162109
v 0.388672 0.560547 0.162109
v 0.396484 -0.353516 0.162109
v 0.447266 -0.220703 0.162109
v 0.447266 -0.009766 0.162109
v -0.396484 0.560547 0.166016
v -0.388672 -0.439453 0.166016
v -0.380859 0.494141 0.166016
v -0.357422 0.029297 0.166016
v -0.248047 -0.541016 0.166016
v -0.232422 -0.138672 0.166016
v -0.197266 -0.654297 0.166016
v -0.154297 -0.705078 0.166016
v -0.123047 0.587891 0.166016
v -0.119141 -0.162109 0.166016
v 0.087891 0.607422 0.166016
v 0.107422 -0.162109 0.166016
v 0.119141 -0.162109 0.166016
v 0.123047 0.587891 0.166016
v 0.134766 -0.162109 0.166016
v 0.154297 -0.705078 0.166016
v 0.201172 -0.654297 0.166016
v 0.376953 0.498047 0.166016
v 0.376953 0.560547 0.166016
v 0.388672 -0.439453 0.166016
v 0.396484 0.560547 0.166016
v -0.443359 0.017578 0.169922
v -0.345703 0.087891 0.169922
v -0.294922 -0.087891 0.169922
v -0.240234 -0.572266 0.169922
v -0.119141 -0.708984 0.169922
v -0.095703 -0.162109 0.169922
v -0.087891 0.603516 0.169922
v -0.033203 -0.158203 0.169922
v -0.025391 -0.748047 0.169922
v 0.001953 -0.748047 0.169922
v 0.001953 -0.158203 0.169922
v 0.025391 -0.748047 0.169922
v 0.029297 -0.158203 0.169922
v 0.091797 0.603516 0.169922
v 0.119141 -0.708984 0.169922
v 0.126953 0.591797 0.169922
v 0.279297 -0.095703 0.169922
v 0.337891 -0.009766 0.169922
v 0.345703 0.087891 0.169922
v 0.443359 0.017578 0.169922
v -0.435547 0.041016 0.173828
v -0.416016 -0.267578 0.173828
v -0.400391 0.494141 0.173828
v -0.341797 -0.017578 0.173828
v -0.232422 -0.427734 0.173828
v -0.212891 -0.615234 0.173828
v -0.126953 0.591797 0.173828
v -0.095703 -0.712891 0.173828
v -0.041016 -0.712891 0.173828
v 0.025391 -0.712891 0.173828
v 0.095703 -0.712891 0.173828
v 0.232422 -0.427734 0.173828
v 0.396484 0.494141 0.173828
v 0.435547 0.041016 0.173828
v -0.447266 0.111328 0.177734
v -0.384766 0.576172 0.177734
v -0.123047 0.591797 0.177734
v 0.080078 0.607422 0.177734
v 0.123047 0.591797 0.177734
v 0.212891 -0.615234 0.177734
v 0.216797 -0.142578 0.177734
v 0.384766 0.576172 0.177734
v 0.416016 -0.263672 0.177734
v 0.447266 0.111328 0.177734
v -0.427734 -0.083984 0.181641
v -0.416016 0.521484 0.181641
v -0.404297 0.560547 0.181641
v -0.392578 0.576172 0.181641
v -0.376953 0.576172 0.181641
v -0.365234 0.560547 0.181641
v -0.361328 0.298828 0.181641
v -0.333984 0.408203 0.181641
v -0.333984 0.451172 0.181641
v -0.283203 -0.470703 0.181641
v -0.275391 -0.115234 0.181641
v -0.251953 -0.455078 0.181641
v -0.119141 0.591797 0.181641
v -0.103516 0.107422 0.181641
v -0.048828 0.115234 0.181641
v 0.001953 0.119141 0.181641
v 0.029297 0.115234 0.181641
v 0.103516 0.107422 0.181641
v 0.119141 0.591797 0.181641
v 0.251953 -0.455078 0.181641
v 0.283203 -0.470703 0.181641
v 0.330078 -0.041016 0.181641
v 0.333984 0.365234 0.181641
v 0.333984 0.408203 0.181641
v 0.333984 0.451172 0.181641
v 0.365234 0.560547 0.181641
v 0.376953 0.576172 0.181641
v 0.392578 0.576172 0.181641
v 0.404297 0.560547 0.181641
v 0.416016 0.521484 0.181641
v 0.427734 -0.083984 0.181641
v -0.427734 -0.408203 0.185547
v -0.427734 -0.244141 0.185547
v -0.423828 -0.376953 0.185547
v -0.419922 -0.431641 0.185547
v -0.416016 -0.349609 0.185547
v -0.408203 -0.447266 0.185547
v -0.396484 -0.318359 0.185547
v -0.388672 -0.462891 0.185547
v -0.369141 0.017578 0.185547
v -0.365234 0.318359 0.185547
v -0.357422 -0.474609 0.185547
v -0.333984 -0.048828 0.185547
v -0.326172 0.111328 0.185547
v -0.322266 -0.474609 0.185547
v -0.216797 0.095703 0.185547
v -0.205078 -0.474609 0.185547
v -0.181641 -0.650391 0.185547
v -0.169922 -0.666016 0.185547
v -0.162109 0.099609 0.185547
v -0.150391 -0.677734 0.185547
v -0.025391 -0.720703 0.185547
v 0.001953 -0.716797 0.185547
v 0.150391 -0.677734 0.185547
v 0.162109 0.099609 0.185547
v 0.169922 -0.666016 0.185547
v 0.181641 -0.650391 0.185547
v 0.205078 -0.474609 0.185547
v 0.216797 0.095703 0.185547
v 0.220703 -0.583984 0.185547
v 0.267578 -0.115234 0.185547
v 0.322266 -0.474609 0.185547
v 0.357422 -0.474609 0.185547
v 0.357422 0.341797 0.185547
v 0.365234 0.318359 0.185547
v 0.369141 0.017578 0.185547
v 0.388672 -0.462891 0.185547
v 0.396484 -0.318359 0.185547
v 0.408203 -0.447266 0.185547
v 0.416016 -0.349609 0.185547
v 0.419922 -0.431641 0.185547
v 0.423828 -0.408203 0.185547
v 0.423828 -0.376953 0.185547
v 0.427734 -0.244141 0.185547
v -0.431641 -0.216797 0.189453
v -0.416016 -0.154297 0.189453
v -0.384766 0.470703 0.189453
v -0.380859 0.052734 0.189453
v -0.376953 0.029297 0.189453
v -0.376953 0.271484 0.189453
v -0.376953 0.576172 0.189453
v -0.365234 0.466797 0.189453
v -0.353516 0.517578 0.189453
v -0.216797 -0.509766 0.189453
v -0.201172 -0.439453 0.189453
v -0.134766 0.568359 0.189453
v -0.130859 -0.685547 0.189453
v 0.130859 -0.685547 0.189453
v 0.134766 0.568359 0.189453
v 0.201172 -0.439453 0.189453
v 0.212891 -0.509766 0.189453
v 0.271484 0.099609 0.189453
v 0.353516 0.517578 0.189453
v 0.361328 0.478516 0.189453
v 0.376953 0.029297 0.189453
v 0.376953 0.576172 0.189453
v 0.380859 0.470703 0.189453
v 0.412109 -0.150391 0.189453
v 0.431641 -0.220703 0.189453
v -0.404297 0.251953 0.193359
v -0.392578 0.576172 0.193359
v -0.384766 0.576172 0.193359
v -0.365234 -0.009766 0.193359
v -0.310547 0.486328 0.193359
v -0.220703 -0.154297 0.193359
v -0.216797 -0.580078 0.193359
v -0.216797 -0.544922 0.193359
v -0.189453 -0.412109 0.193359
v -0.185547 -0.630859 0.193359
v -0.134766 0.572266 0.193359
v 0.130859 0.572266 0.193359
v 0.185547 -0.630859 0.193359
v 0.216797 -0.548828 0.193359
v 0.318359 -0.072266 0.193359
v 0.341797 0.119141 0.193359
v 0.365234 -0.005859 0.193359
v 0.380859 0.052734 0.193359
v 0.384766 0.576172 0.193359
v 0.392578 0.576172 0.193359
v 0.404297 0.251953 0.193359
v -0.400391 0.560547 0.197266
v -0.369141 0.560547 0.197266
v -0.318359 -0.083984 0.197266
v -0.263672 0.095703 0.197266
v -0.263672 0.505859 0.197266
v -0.107422 -0.685547 0.197266
v -0.056641 -0.685547 0.197266
v 0.033203 -0.689453 0.197266
v 0.103516 -0.685547 0.197266
v 0.130859 0.576172 0.197266
v 0.255859 0.501953 0.197266
v 0.283203 0.490234 0.197266
v 0.310547 0.478516 0.197266
v 0.369141 0.560547 0.197266
v 0.400391 0.560547 0.197266
v -0.427734 0.232422 0.201172
v -0.423828 -0.029297 0.201172
v -0.416016 0.001953 0.201172
v -0.380859 0.083984 0.201172
v -0.263672 -0.134766 0.201172
v -0.228516 0.517578 0.201172
v -0.193359 -0.611328 0.201172
v -0.166016 -0.650391 0.201172
v -0.154297 -0.658203 0.201172
v -0.130859 0.576172 0.201172
v -0.123047 0.576172 0.201172
v -0.029297 -0.689453 0.201172
v 0.001953 -0.689453 0.201172
v 0.123047 0.576172 0.201172
v 0.154297 -0.658203 0.201172
v 0.166016 -0.650391 0.201172
v 0.193359 -0.611328 0.201172
v 0.201172 -0.154297 0.201172
v 0.228516 0.513672 0.201172
v 0.380859 0.083984 0.201172
v 0.416016 0.001953 0.201172
v 0.419922 -0.029297 0.201172
v 0.427734 0.232422 0.201172
v -0.447266 0.208984 0.205078
v -0.416016 -0.076172 0.205078
v -0.412109 0.521484 0.205078
v -0.408203 0.029297 0.205078
v -0.404297 -0.259766 0.205078
v -0.404297 0.474609 0.205078
v -0.392578 0.009766 0.205078
v -0.380859 0.560547 0.205078
v -0.353516 -0.044922 0.205078
v -0.353516 0.123047 0.205078
v -0.353516 0.458984 0.205078
v -0.205078 0.521484 0.205078
v -0.181641 0.525391 0.205078
v -0.169922 -0.634766 0.205078
v -0.119141 0.583984 0.205078
v 0.123047 0.583984 0.205078
v 0.138672 -0.662109 0.205078
v 0.166016 -0.634766 0.205078
v 0.181641 0.525391 0.205078
v 0.205078 0.521484 0.205078
v 0.349609 0.462891 0.205078
v 0.353516 -0.041016 0.205078
v 0.380859 0.560547 0.205078
v 0.396484 0.009766 0.205078
v 0.404297 -0.259766 0.205078
v 0.404297 0.474609 0.205078
v 0.408203 0.029297 0.205078
v 0.412109 0.521484 0.205078
v 0.416016 -0.076172 0.205078
v 0.447266 0.208984 0.205078
v -0.455078 0.177734 0.208984
v -0.451172 0.146484 0.208984
v -0.431641 -0.431641 0.208984
v -0.404297 0.080078 0.208984
v -0.392578 -0.009766 0.208984
v -0.392578 0.556641 0.208984
v -0.310547 0.111328 0.208984
v -0.193359 -0.162109 0.208984
v -0.158203 0.529297 0.208984
v -0.146484 -0.650391 0.208984
v -0.142578 0.537109 0.208984
v -0.107422 -0.662109 0.208984
v -0.099609 0.587891 0.208984
v -0.060547 -0.662109 0.208984
v -0.052734 0.599609 0.208984
v -0.029297 -0.666016 0.208984
v 0.001953 -0.666016 0.208984
v 0.005859 0.603516 0.208984
v 0.029297 -0.666016 0.208984
v 0.103516 -0.662109 0.208984
v 0.107422 0.587891 0.208984
v 0.142578 0.537109 0.208984
v 0.146484 -0.650391 0.208984
v 0.158203 0.529297 0.208984
v 0.255859 -0.130859 0.208984
v 0.322266 0.119141 0.208984
v 0.392578 -0.009766 0.208984
v 0.392578 0.556641 0.208984
v 0.404297 0.080078 0.208984
v 0.431641 -0.431641 0.208984
v 0.451172 0.146484 0.208984
v 0.455078 0.177734 0.208984
v -0.416016 -0.201172 0.212891
v -0.412109 -0.236328 0.212891
v -0.365234 0.443359 0.212891
v -0.357422 0.517578 0.212891
v -0.326172 0.404297 0.212891
v -0.294922 -0.115234 0.212891
v 0.263672 0.095703 0.212891
v 0.302734 -0.099609 0.212891
v 0.322266 0.365234 0.212891
v 0.322266 0.400391 0.212891
v 0.357422 0.517578 0.212891
v 0.365234 0.443359 0.212891
v 0.412109 -0.236328 0.212891
v 0.416016 -0.201172 0.212891
v -0.439453 -0.412109 0.216797
v -0.435547 -0.376953 0.216797
v -0.427734 -0.345703 0.216797
v -0.396484 -0.474609 0.216797
v -0.361328 -0.490234 0.216797
v -0.333984 -0.083984 0.216797
v -0.267578 -0.482422 0.216797
v -0.232422 -0.462891 0.216797
v -0.185547 -0.427734 0.216797
v -0.181641 -0.595703 0.216797
v -0.181641 -0.517578 0.216797
v -0.173828 -0.474609 0.216797
v -0.169922 -0.619141 0.216797
v -0.169922 -0.162109 0.216797
v -0.142578 -0.634766 0.216797
v -0.138672 0.548828 0.216797
v -0.107422 -0.638672 0.216797
v -0.064453 -0.642578 0.216797
v -0.033203 -0.642578 0.216797
v 0.001953 -0.642578 0.216797
v 0.033203 -0.642578 0.216797
v 0.064453 -0.642578 0.216797
v 0.103516 -0.638672 0.216797
v 0.138672 0.548828 0.216797
v 0.142578 -0.634766 0.216797
v 0.169922 -0.619141 0.216797
v 0.169922 -0.162109 0.216797
v 0.173828 -0.474609 0.216797
v 0.177734 -0.595703 0.216797
v 0.177734 -0.517578 0.216797
v 0.228516 -0.462891 0.216797
v 0.267578 -0.482422 0.216797
v 0.357422 -0.490234 0.216797
v 0.396484 -0.474609 0.216797
v 0.423828 -0.345703 0.216797
v 0.435547 -0.376953 0.216797
v 0.439453 -0.412109 0.216797
v -0.427734 -0.447266 0.220703
v -0.404297 -0.142578 0.220703
v -0.388672 -0.044922 0.220703
v -0.388672 0.115234 0.220703
v -0.306641 -0.490234 0.220703
v -0.306641 0.080078 0.220703
v -0.146484 -0.162109 0.220703
v -0.119141 -0.162109 0.220703
v -0.080078 -0.158203 0.220703
v -0.033203 -0.158203 0.220703
v 0.001953 -0.158203 0.220703
v 0.033203 -0.158203 0.220703
v 0.072266 0.591797 0.220703
v 0.080078 -0.158203 0.220703
v 0.119141 -0.162109 0.220703
v 0.142578 -0.162109 0.220703
v 0.306641 0.083984 0.220703
v 0.314453 -0.490234 0.220703
v 0.333984 -0.083984 0.220703
v 0.384766 -0.044922 0.220703
v 0.384766 0.115234 0.220703
v 0.400391 -0.142578 0.220703
v 0.423828 -0.447266 0.220703
v -0.412109 0.115234 0.224609
v -0.404297 0.486328 0.224609
v -0.353516 0.494141 0.224609
v -0.341797 0.310547 0.224609
v -0.337891 0.291016 0.224609
v -0.318359 0.365234 0.224609
v -0.134766 0.552734 0.224609
v -0.072266 -0.427734 0.224609
v 0.072266 -0.427734 0.224609
v 0.134766 0.552734 0.224609
v 0.302734 0.087891 0.224609
v 0.318359 0.365234 0.224609
v 0.337891 0.337891 0.224609
v 0.341797 0.310547 0.224609
v 0.353516 0.494141 0.224609
v 0.404297 0.486328 0.224609
v 0.412109 0.115234 0.224609
v -0.392578 0.451172 0.228516
v -0.373047 0.517578 0.228516
v -0.365234 0.142578 0.228516
v -0.345703 0.123047 0.228516
v -0.251953 -0.150391 0.228516
v -0.228516 0.099609 0.228516
v -0.169922 0.103516 0.228516
v -0.142578 -0.611328 0.228516
v -0.130859 0.552734 0.228516
v -0.107422 -0.431641 0.228516
v -0.107422 0.115234 0.228516
v -0.072266 -0.462891 0.228516
v 0.037109 -0.427734 0.228516
v 0.072266 -0.462891 0.228516
v 0.107422 -0.431641 0.228516
v 0.107422 0.115234 0.228516
v 0.130859 0.552734 0.228516
v 0.142578 -0.611328 0.228516
v 0.169922 0.103516 0.228516
v 0.228516 0.099609 0.228516
v 0.322266 0.396484 0.228516
v 0.345703 0.123047 0.228516
v 0.357422 0.142578 0.228516
v 0.369141 0.517578 0.228516
v 0.392578 0.451172 0.228516
v 0.400391 0.509766 0.228516
v -0.400391 -0.314453 0.232422
v -0.400391 0.509766 0.232422
v -0.392578 -0.283203 0.232422
v -0.376953 0.146484 0.232422
v -0.345703 0.423828 0.232422
v -0.341797 0.486328 0.232422
v -0.150391 -0.580078 0.232422
v -0.142578 -0.517578 0.232422
v -0.138672 -0.458984 0.232422
v -0.138672 -0.431641 0.232422
v -0.044922 0.119141 0.232422
v -0.037109 -0.466797 0.232422
v 0.001953 -0.427734 0.232422
v 0.001953 0.126953 0.232422
v 0.037109 -0.466797 0.232422
v 0.044922 0.123047 0.232422
v 0.134766 -0.458984 0.232422
v 0.142578 -0.431641 0.232422
v 0.146484 -0.580078 0.232422
v 0.345703 0.486328 0.232422
v 0.373047 0.146484 0.232422
v -0.396484 -0.255859 0.236328
v -0.384766 -0.083984 0.236328
v -0.384766 0.513672 0.236328
v -0.357422 0.259766 0.236328
v -0.349609 -0.087891 0.236328
v -0.341797 0.083984 0.236328
v -0.318359 0.044922 0.236328
v -0.283203 0.083984 0.236328
v -0.271484 -0.138672 0.236328
v -0.259766 0.490234 0.236328
v -0.123047 0.548828 0.236328
v -0.107422 -0.607422 0.236328
v -0.068359 -0.607422 0.236328
v -0.033203 -0.607422 0.236328
v 0.001953 -0.607422 0.236328
v 0.033203 -0.607422 0.236328
v 0.064453 -0.607422 0.236328
v 0.099609 -0.478516 0.236328
v 0.103516 -0.607422 0.236328
v 0.123047 0.548828 0.236328
v 0.138672 -0.513672 0.236328
v 0.232422 -0.146484 0.236328
v 0.283203 0.083984 0.236328
v 0.318359 0.044922 0.236328
v 0.341797 0.083984 0.236328
v 0.353516 -0.087891 0.236328
v 0.380859 -0.091797 0.236328
v 0.384766 0.513672 0.236328
v 0.392578 -0.283203 0.236328
v 0.396484 -0.255859 0.236328
v 0.400391 -0.314453 0.236328
v -0.404297 -0.228516 0.240234
v -0.404297 -0.185547 0.240234
v -0.392578 0.146484 0.240234
v -0.298828 -0.119141 0.240234
v -0.287109 0.427734 0.240234
v -0.130859 -0.556641 0.240234
v -0.130859 -0.513672 0.240234
v -0.123047 0.556641 0.240234
v -0.111328 0.564453 0.240234
v -0.099609 -0.478516 0.240234
v -0.072266 -0.419922 0.240234
v 0.072266 -0.419922 0.240234
v 0.111328 0.564453 0.240234
v 0.123047 0.556641 0.240234
v 0.126953 -0.552734 0.240234
v 0.134766 -0.513672 0.240234
v 0.283203 -0.119141 0.240234
v 0.365234 0.498047 0.240234
v 0.388672 0.146484 0.240234
v 0.404297 -0.232422 0.240234
v 0.404297 -0.185547 0.240234
v -0.423828 -0.345703 0.244141
v -0.388672 -0.138672 0.244141
v -0.376953 0.431641 0.244141
v -0.365234 0.494141 0.244141
v -0.111328 -0.576172 0.244141
v -0.107422 -0.419922 0.244141
v -0.091797 0.564453 0.244141
v -0.037109 -0.568359 0.244141
v -0.037109 -0.419922 0.244141
v 0.001953 -0.568359 0.244141
v 0.001953 -0.419922 0.244141
v 0.037109 -0.419922 0.244141
v 0.091797 0.564453 0.244141
v 0.107422 -0.576172 0.244141
v 0.107422 -0.419922 0.244141
v 0.376953 0.431641 0.244141
v 0.388672 -0.138672 0.244141
v 0.423828 -0.345703 0.244141
v -0.439453 -0.412109 0.248047
v -0.435547 -0.376953 0.248047
v -0.427734 -0.447266 0.248047
v -0.412109 0.142578 0.248047
v -0.400391 -0.478516 0.248047
v -0.392578 0.466797 0.248047
v -0.388672 0.248047 0.248047
v -0.388672 0.486328 0.248047
v -0.373047 -0.130859 0.248047
v -0.361328 -0.494141 0.248047
v -0.326172 -0.494141 0.248047
v -0.318359 0.013672 0.248047
v -0.294922 -0.490234 0.248047
v -0.263672 -0.482422 0.248047
v -0.251953 0.505859 0.248047
v -0.228516 -0.462891 0.248047
v -0.193359 -0.431641 0.248047
v -0.173828 -0.416016 0.248047
v -0.138672 -0.419922 0.248047
v -0.076172 -0.451172 0.248047
v -0.052734 0.572266 0.248047
v -0.037109 -0.451172 0.248047
v 0.001953 0.576172 0.248047
v 0.037109 -0.451172 0.248047
v 0.052734 0.572266 0.248047
v 0.076172 -0.451172 0.248047
v 0.103516 -0.537109 0.248047
v 0.142578 -0.419922 0.248047
v 0.193359 -0.431641 0.248047
v 0.228516 -0.462891 0.248047
v 0.251953 0.505859 0.248047
v 0.263672 -0.482422 0.248047
v 0.294922 -0.490234 0.248047
v 0.318359 0.013672 0.248047
v 0.326172 -0.494141 0.248047
v 0.357422 0.494141 0.248047
v 0.361328 -0.494141 0.248047
v 0.376953 0.494141 0.248047
v 0.388672 0.248047 0.248047
v 0.388672 0.486328 0.248047
v 0.392578 0.466797 0.248047
v 0.400391 -0.478516 0.248047
v 0.412109 0.142578 0.248047
v 0.427734 -0.447266 0.248047
v 0.435547 -0.376953 0.248047
v 0.439453 -0.412109 0.248047
v -0.380859 0.494141 0.251953
v -0.357422 0.490234 0.251953
v -0.341797 0.041016 0.251953
v -0.314453 0.302734 0.251953
v -0.314453 0.333984 0.251953
v -0.298828 0.365234 0.251953
v -0.298828 0.400391 0.251953
v -0.267578 0.494141 0.251953
v -0.240234 0.482422 0.251953
v -0.216797 -0.162109 0.251953
v -0.107422 0.560547 0.251953
v 0.001953 -0.451172 0.251953
v 0.107422 0.560547 0.251953
v 0.298828 0.365234 0.251953
v 0.298828 0.400391 0.251953
v 0.314453 0.302734 0.251953
v 0.314453 0.333984 0.251953
v 0.341797 0.041016 0.251953
v 0.380859 0.494141 0.251953
v -0.431641 0.169922 0.255859
v -0.416016 0.228516 0.255859
v -0.294922 0.044922 0.255859
v -0.263672 -0.142578 0.255859
v -0.091797 0.568359 0.255859
v 0.072266 -0.513672 0.255859
v 0.091797 0.568359 0.255859
v 0.294922 0.044922 0.255859
v 0.373047 0.494141 0.255859
v 0.412109 0.228516 0.255859
v 0.431641 0.169922 0.255859
v -0.431641 0.201172 0.259766
v -0.361328 0.138672 0.259766
v -0.357422 0.123047 0.259766
v -0.318359 0.412109 0.259766
v -0.314453 0.275391 0.259766
v -0.306641 -0.123047 0.259766
v -0.302734 0.009766 0.259766
v -0.279297 0.498047 0.259766
v -0.279297 0.505859 0.259766
v -0.224609 0.505859 0.259766
v -0.220703 0.490234 0.259766
v -0.107422 -0.443359 0.259766
v -0.052734 0.576172 0.259766
v -0.037109 -0.482422 0.259766
v 0.037109 -0.482422 0.259766
v 0.052734 0.576172 0.259766
v 0.107422 -0.443359 0.259766
v 0.197266 -0.158203 0.259766
v 0.224609 0.505859 0.259766
v 0.279297 0.505859 0.259766
v 0.298828 0.009766 0.259766
v 0.306641 -0.123047 0.259766
v 0.314453 0.275391 0.259766
v 0.357422 0.123047 0.259766
v 0.361328 0.138672 0.259766
v 0.431641 0.201172 0.259766
v -0.392578 -0.169922 0.263672
v -0.373047 0.150391 0.263672
v -0.373047 0.482422 0.263672
v -0.357422 0.419922 0.263672
v -0.333984 0.009766 0.263672
v -0.255859 0.529297 0.263672
v 0.001953 -0.482422 0.263672
v 0.001953 0.580078 0.263672
v 0.255859 0.529297 0.263672
v 0.333984 0.009766 0.263672
v 0.357422 0.419922 0.263672
v 0.373047 0.150391 0.263672
v -0.384766 -0.318359 0.267578
v -0.384766 -0.255859 0.267578
v -0.384766 0.154297 0.267578
v -0.380859 -0.283203 0.267578
v -0.380859 0.451172 0.267578
v -0.197266 -0.162109 0.267578
v -0.162109 -0.162109 0.267578
v -0.138672 -0.423828 0.267578
v -0.130859 -0.162109 0.267578
v -0.095703 0.552734 0.267578
v -0.083984 -0.158203 0.267578
v -0.076172 -0.482422 0.267578
v -0.033203 -0.158203 0.267578
v 0.001953 -0.158203 0.267578
v 0.033203 -0.158203 0.267578
v 0.076172 -0.482422 0.267578
v 0.083984 -0.158203 0.267578
v 0.095703 0.552734 0.267578
v 0.126953 -0.162109 0.267578
v 0.158203 -0.162109 0.267578
v 0.201172 0.490234 0.267578
v 0.373047 0.486328 0.267578
v 0.380859 -0.283203 0.267578
v 0.380859 0.451172 0.267578
v 0.384766 -0.255859 0.267578
v 0.384766 0.154297 0.267578
v 0.392578 -0.173828 0.267578
v -0.396484 -0.228516 0.271484
v -0.396484 -0.197266 0.271484
v -0.373047 0.470703 0.271484
v -0.345703 -0.130859 0.271484
v -0.326172 -0.126953 0.271484
v -0.279297 0.529297 0.271484
v -0.271484 0.080078 0.271484
v -0.232422 0.529297 0.271484
v -0.197266 0.494141 0.271484
v -0.142578 0.498047 0.271484
v -0.134766 0.513672 0.271484
v -0.130859 0.505859 0.271484
v -0.123047 0.513672 0.271484
v 0.130859 0.498047 0.271484
v 0.130859 0.513672 0.271484
v 0.142578 -0.423828 0.271484
v 0.185547 0.494141 0.271484
v 0.228516 0.095703 0.271484
v 0.232422 0.529297 0.271484
v 0.259766 -0.138672 0.271484
v 0.271484 0.080078 0.271484
v 0.279297 0.529297 0.271484
v 0.298828 0.490234 0.271484
v 0.322266 -0.126953 0.271484
v 0.376953 0.470703 0.271484
v 0.384766 -0.318359 0.271484
v 0.396484 -0.232422 0.271484
v 0.396484 -0.201172 0.271484
v 0.412109 -0.349609 0.271484
v -0.419922 -0.376953 0.275391
v -0.318359 -0.001953 0.275391
v -0.248047 -0.154297 0.275391
v -0.228516 0.095703 0.275391
v -0.177734 0.494141 0.275391
v -0.154297 0.494141 0.275391
v -0.130859 0.517578 0.275391
v -0.123047 0.525391 0.275391
v -0.052734 0.560547 0.275391
v 0.033203 -0.509766 0.275391
v 0.052734 0.560547 0.275391
v 0.146484 0.494141 0.275391
v 0.166016 0.494141 0.275391
v 0.314453 -0.001953 0.275391
v 0.333984 -0.126953 0.275391
v 0.419922 -0.376953 0.275391
v -0.427734 -0.408203 0.279297
v -0.419922 -0.443359 0.279297
v -0.396484 -0.470703 0.279297
v -0.361328 -0.486328 0.279297
v -0.353516 0.076172 0.279297
v -0.326172 -0.486328 0.279297
v -0.294922 -0.482422 0.279297
v -0.294922 0.498047 0.279297
v -0.267578 -0.474609 0.279297
v -0.236328 -0.455078 0.279297
v -0.212891 0.482422 0.279297
v -0.208984 -0.427734 0.279297
v -0.189453 -0.412109 0.279297
v -0.173828 -0.408203 0.279297
v -0.169922 0.103516 0.279297
v -0.103516 0.537109 0.279297
v 0.001953 0.564453 0.279297
v 0.103516 0.537109 0.279297
v 0.169922 0.103516 0.279297
v 0.181641 -0.412109 0.279297
v 0.205078 -0.427734 0.279297
v 0.212891 0.482422 0.279297
v 0.236328 -0.455078 0.279297
v 0.267578 -0.474609 0.279297
v 0.294922 -0.482422 0.279297
v 0.294922 0.498047 0.279297
v 0.326172 -0.486328 0.279297
v 0.353516 0.076172 0.279297
v 0.361328 -0.486328 0.279297
v 0.392578 -0.470703 0.279297
v 0.416016 -0.443359 0.279297
v 0.423828 -0.408203 0.279297
v -0.365234 0.439453 0.283203
v -0.337891 0.248047 0.283203
v -0.294922 0.017578 0.283203
v -0.291016 0.505859 0.283203
v -0.134766 -0.439453 0.283203
v -0.107422 0.115234 0.283203
v 0.107422 0.115234 0.283203
v 0.130859 -0.439453 0.283203
v 0.294922 0.017578 0.283203
v 0.294922 0.505859 0.283203
v 0.337891 0.248047 0.283203
v 0.365234 0.439453 0.283203
v -0.392578 0.158203 0.287109
v -0.337891 0.013672 0.287109
v -0.259766 0.556641 0.287109
v -0.048828 0.119141 0.287109
v 0.048828 0.119141 0.287109
v 0.259766 0.556641 0.287109
v 0.337891 0.013672 0.287109
v 0.392578 0.158203 0.287109
v -0.326172 0.416016 0.291016
v -0.322266 0.298828 0.291016
v -0.322266 0.333984 0.291016
v -0.271484 0.556641 0.291016
v -0.205078 0.505859 0.291016
v -0.111328 -0.470703 0.291016
v -0.052734 0.548828 0.291016
v 0.001953 0.123047 0.291016
v 0.052734 0.548828 0.291016
v 0.111328 -0.470703 0.291016
v 0.205078 0.505859 0.291016
v 0.271484 0.556641 0.291016
v 0.318359 0.490234 0.291016
v 0.322266 0.298828 0.291016
v 0.322266 0.333984 0.291016
v 0.361328 -0.166016 0.291016
v -0.357422 0.138672 0.294922
v -0.353516 0.123047 0.294922
v -0.310547 0.369141 0.294922
v -0.298828 0.404297 0.294922
v -0.244141 0.556641 0.294922
v -0.072266 -0.505859 0.294922
v 0.001953 0.552734 0.294922
v 0.072266 -0.509766 0.294922
v 0.244141 0.556641 0.294922
v 0.298828 0.404297 0.294922
v 0.310547 0.369141 0.294922
v 0.353516 0.123047 0.294922
v 0.357422 0.138672 0.294922
v 0.365234 -0.169922 0.294922
v 0.388672 -0.353516 0.294922
v -0.369141 0.236328 0.298828
v -0.365234 0.150391 0.298828
v -0.361328 -0.177734 0.298828
v -0.349609 -0.166016 0.298828
v -0.306641 0.013672 0.298828
v -0.306641 0.498047 0.298828
v -0.302734 0.505859 0.298828
v -0.255859 0.419922 0.298828
v -0.236328 0.435547 0.298828
v -0.216797 0.529297 0.298828
v -0.111328 0.517578 0.298828
v -0.107422 0.490234 0.298828
v -0.107422 0.505859 0.298828
v -0.099609 0.529297 0.298828
v 0.001953 -0.533203 0.298828
v 0.029297 -0.533203 0.298828
v 0.099609 0.529297 0.298828
v 0.216797 0.529297 0.298828
v 0.283203 -0.150391 0.298828
v 0.306641 0.013672 0.298828
v 0.306641 0.498047 0.298828
v 0.306641 0.505859 0.298828
v 0.349609 -0.166016 0.298828
v 0.361328 0.150391 0.298828
v 0.369141 0.236328 0.298828
v 0.388672 -0.376953 0.298828
v 0.392578 -0.365234 0.298828
v -0.400391 -0.439453 0.302734
v -0.384766 -0.458984 0.302734
v -0.373047 -0.365234 0.302734
v -0.369141 -0.263672 0.302734
v -0.357422 -0.326172 0.302734
v -0.353516 -0.470703 0.302734
v -0.353516 -0.287109 0.302734
v -0.322266 0.013672 0.302734
v -0.294922 0.529297 0.302734
v 0.103516 0.486328 0.302734
v 0.103516 0.501953 0.302734
v 0.220703 -0.154297 0.302734
v 0.294922 0.529297 0.302734
v 0.322266 0.013672 0.302734
v 0.353516 -0.470703 0.302734
v 0.353516 -0.287109 0.302734
v 0.369141 -0.263672 0.302734
v 0.376953 -0.365234 0.302734
v 0.380859 -0.458984 0.302734
v 0.384766 -0.380859 0.302734
v 0.396484 -0.439453 0.302734
v 0.396484 -0.396484 0.302734
v -0.400391 0.185547 0.306641
v -0.392578 0.216797 0.306641
v -0.384766 -0.244141 0.306641
v -0.376953 -0.380859 0.306641
v -0.373047 -0.185547 0.306641
v -0.365234 -0.369141 0.306641
v -0.333984 0.482422 0.306641
v -0.298828 0.255859 0.306641
v -0.275391 0.556641 0.306641
v -0.267578 -0.451172 0.306641
v -0.263672 0.568359 0.306641
v -0.251953 0.568359 0.306641
v -0.236328 0.556641 0.306641
v -0.205078 -0.396484 0.306641
v 0.201172 -0.396484 0.306641
v 0.236328 0.556641 0.306641
v 0.251953 0.568359 0.306641
v 0.263672 0.568359 0.306641
v 0.275391 0.556641 0.306641
v 0.298828 0.255859 0.306641
v 0.333984 0.482422 0.306641
v 0.369141 -0.369141 0.306641
v 0.376953 -0.185547 0.306641
v 0.384766 -0.392578 0.306641
v 0.384766 -0.248047 0.306641
v 0.392578 0.212891 0.306641
v 0.400391 0.181641 0.306641
v -0.384766 -0.220703 0.310547
v -0.380859 -0.392578 0.310547
v -0.365234 -0.380859 0.310547
v -0.345703 0.462891 0.310547
v -0.310547 0.505859 0.310547
v -0.287109 -0.154297 0.310547
v -0.271484 0.068359 0.310547
v -0.228516 -0.412109 0.310547
v -0.146484 -0.435547 0.310547
v -0.052734 0.537109 0.310547
v 0.052734 0.537109 0.310547
v 0.228516 -0.412109 0.310547
v 0.271484 0.068359 0.310547
v 0.314453 0.505859 0.310547
v 0.333984 0.435547 0.310547
v 0.345703 0.462891 0.310547
v 0.369141 -0.380859 0.310547
v 0.384766 -0.220703 0.310547
v -0.380859 -0.439453 0.314453
v -0.357422 -0.369141 0.314453
v -0.341797 0.048828 0.314453
v -0.337891 -0.158203 0.314453
v -0.333984 0.439453 0.314453
v -0.310547 0.498047 0.314453
v -0.263672 0.568359 0.314453
v -0.251953 0.568359 0.314453
v -0.228516 -0.169922 0.314453
v -0.228516 0.080078 0.314453
v -0.177734 -0.162109 0.314453
v -0.134766 -0.162109 0.314453
v -0.087891 -0.158203 0.314453
v -0.087891 0.521484 0.314453
v -0.033203 -0.158203 0.314453
v 0.001953 -0.158203 0.314453
v 0.001953 0.541016 0.314453
v 0.029297 -0.158203 0.314453
v 0.060547 -0.533203 0.314453
v 0.087891 -0.158203 0.314453
v 0.091797 0.521484 0.314453
v 0.134766 -0.162109 0.314453
v 0.154297 -0.162109 0.314453
v 0.228516 0.080078 0.314453
v 0.251953 0.568359 0.314453
v 0.263672 0.568359 0.314453
v 0.310547 0.498047 0.314453
v 0.341797 -0.158203 0.314453
v 0.341797 0.052734 0.314453
v 0.361328 -0.369141 0.314453
v 0.376953 -0.439453 0.314453
v -0.380859 -0.419922 0.318359
v -0.376953 -0.404297 0.318359
v -0.365234 -0.392578 0.318359
v -0.318359 -0.158203 0.318359
v -0.275391 0.556641 0.318359
v -0.091797 0.494141 0.318359
v -0.091797 0.509766 0.318359
v -0.025391 -0.548828 0.318359
v 0.001953 -0.548828 0.318359
v 0.025391 -0.552734 0.318359
v 0.091797 0.509766 0.318359
v 0.275391 0.556641 0.318359
v 0.369141 -0.392578 0.318359
v 0.376953 -0.404297 0.318359
v 0.380859 -0.419922 0.318359
v -0.357422 -0.443359 0.322266
v -0.337891 -0.455078 0.322266
v -0.318359 0.482422 0.322266
v -0.306641 0.236328 0.322266
v -0.240234 0.556641 0.322266
v -0.169922 0.087891 0.322266
v -0.103516 -0.501953 0.322266
v -0.052734 0.525391 0.322266
v 0.052734 0.525391 0.322266
v 0.103516 -0.501953 0.322266
v 0.169922 0.087891 0.322266
v 0.240234 0.556641 0.322266
v 0.306641 0.236328 0.322266
v 0.318359 0.482422 0.322266
v 0.349609 -0.380859 0.322266
v 0.353516 -0.443359 0.322266
v -0.349609 0.138672 0.326172
v -0.294922 -0.439453 0.326172
v -0.294922 0.525391 0.326172
v -0.205078 0.505859 0.326172
v -0.193359 0.474609 0.326172
v 0.205078 0.505859 0.326172
v 0.294922 -0.439453 0.326172
v 0.294922 0.525391 0.326172
v 0.298828 -0.166016 0.326172
v -0.357422 -0.400391 0.330078
v -0.353516 0.150391 0.330078
v -0.345703 0.123047 0.330078
v -0.341797 0.083984 0.330078
v -0.326172 0.048828 0.330078
v -0.306641 0.279297 0.330078
v -0.302734 0.052734 0.330078
v -0.294922 0.404297 0.330078
v -0.263672 0.556641 0.330078
v -0.251953 0.556641 0.330078
v -0.216797 0.525391 0.330078
v -0.208984 -0.380859 0.330078
v -0.201172 0.486328 0.330078
v -0.134766 -0.470703 0.330078
v -0.107422 0.103516 0.330078
v -0.107422 0.111328 0.330078
v -0.052734 -0.548828 0.330078
v 0.001953 0.529297 0.330078
v 0.052734 -0.548828 0.330078
v 0.107422 0.099609 0.330078
v 0.107422 0.103516 0.330078
v 0.130859 -0.470703 0.330078
v 0.177734 -0.392578 0.330078
v 0.201172 0.486328 0.330078
v 0.208984 -0.380859 0.330078
v 0.216797 0.525391 0.330078
v 0.240234 -0.388672 0.330078
v 0.251953 0.556641 0.330078
v 0.263672 0.556641 0.330078
v 0.294922 0.404297 0.330078
v 0.298828 0.048828 0.330078
v 0.306641 0.279297 0.330078
v 0.326172 0.048828 0.330078
v 0.341797 0.087891 0.330078
v 0.345703 0.123047 0.330078
v 0.349609 -0.416016 0.330078
v 0.353516 -0.396484 0.330078
v -0.361328 0.154297 0.333984
v -0.349609 -0.419922 0.333984
v -0.322266 -0.330078 0.333984
v -0.322266 -0.294922 0.333984
v -0.271484 -0.404297 0.333984
v -0.240234 -0.384766 0.333984
v -0.181641 -0.392578 0.333984
v -0.052734 0.509766 0.333984
v 0.052734 0.509766 0.333984
v 0.322266 -0.330078 0.333984
v 0.322266 -0.294922 0.333984
v 0.361328 0.154297 0.333984
v -0.349609 -0.279297 0.337891
v -0.326172 -0.439453 0.337891
v -0.310547 0.349609 0.337891
v -0.294922 0.505859 0.337891
v -0.048828 0.119141 0.337891
v -0.025391 -0.568359 0.337891
v 0.001953 -0.568359 0.337891
v 0.021484 -0.568359 0.337891
v 0.048828 0.115234 0.337891
v 0.240234 -0.169922 0.337891
v 0.294922 0.505859 0.337891
v 0.306641 0.349609 0.337891
v 0.318359 -0.162109 0.337891
v 0.349609 -0.279297 0.337891
v -0.326172 0.224609 0.341797
v -0.283203 -0.380859 0.341797
v -0.138672 0.474609 0.341797
v -0.048828 0.498047 0.341797
v 0.001953 0.513672 0.341797
v 0.103516 0.470703 0.341797
v 0.126953 0.474609 0.341797
v 0.154297 0.474609 0.341797
v 0.279297 -0.380859 0.341797
v 0.326172 0.228516 0.341797
v -0.369141 -0.267578 0.345703
v -0.345703 -0.212891 0.345703
v -0.298828 0.466797 0.345703
v -0.283203 -0.361328 0.345703
v -0.267578 -0.361328 0.345703
v -0.236328 0.470703 0.345703
v -0.228516 0.056641 0.345703
v -0.166016 0.474609 0.345703
v -0.107422 0.470703 0.345703
v -0.052734 0.470703 0.345703
v -0.052734 0.486328 0.345703
v -0.044922 -0.568359 0.345703
v 0.001953 0.119141 0.345703
v 0.044922 -0.568359 0.345703
v 0.056641 0.474609 0.345703
v 0.056641 0.494141 0.345703
v 0.228516 0.056641 0.345703
v 0.236328 -0.373047 0.345703
v 0.259766 -0.369141 0.345703
v 0.283203 -0.361328 0.345703
v 0.291016 0.439453 0.345703
v 0.298828 0.466797 0.345703
v 0.345703 -0.208984 0.345703
v 0.369141 -0.267578 0.345703
v -0.369141 -0.244141 0.349609
v -0.365234 0.177734 0.349609
v -0.361328 -0.216797 0.349609
v -0.341797 0.142578 0.349609
v -0.333984 -0.197266 0.349609
v -0.291016 0.439453 0.349609
v -0.279297 -0.341797 0.349609
v -0.279297 0.064453 0.349609
v -0.271484 -0.361328 0.349609
v -0.259766 0.236328 0.349609
v -0.236328 0.361328 0.349609
v -0.220703 0.505859 0.349609
v 0.064453 -0.552734 0.349609
v 0.220703 0.505859 0.349609
v 0.236328 0.361328 0.349609
v 0.259766 0.236328 0.349609
v 0.271484 -0.361328 0.349609
v 0.279297 0.064453 0.349609
v 0.333984 -0.197266 0.349609
v 0.361328 -0.212891 0.349609
v 0.365234 0.177734 0.349609
v 0.369141 -0.240234 0.349609
v -0.349609 0.208984 0.353516
v -0.337891 0.123047 0.353516
v -0.279297 0.400391 0.353516
v -0.263672 0.373047 0.353516
v -0.240234 0.529297 0.353516
v -0.212891 0.498047 0.353516
v -0.169922 0.060547 0.353516
v -0.095703 -0.162109 0.353516
v -0.064453 -0.556641 0.353516
v -0.037109 -0.162109 0.353516
v 0.001953 -0.162109 0.353516
v 0.001953 0.498047 0.353516
v 0.033203 -0.162109 0.353516
v 0.095703 -0.162109 0.353516
v 0.115234 -0.119141 0.353516
v 0.130859 -0.142578 0.353516
v 0.154297 -0.419922 0.353516
v 0.169922 0.060547 0.353516
v 0.212891 -0.369141 0.353516
v 0.216797 0.498047 0.353516
v 0.240234 0.529297 0.353516
v 0.259766 -0.376953 0.353516
v 0.259766 0.373047 0.353516
v 0.275391 0.400391 0.353516
v 0.337891 0.123047 0.353516
v 0.349609 0.212891 0.353516
v -0.330078 -0.181641 0.357422
v -0.326172 0.095703 0.357422
v -0.310547 0.072266 0.357422
v -0.287109 -0.310547 0.357422
v -0.279297 0.373047 0.357422
v -0.263672 0.525391 0.357422
v -0.169922 -0.138672 0.357422
v -0.158203 -0.419922 0.357422
v -0.107422 -0.517578 0.357422
v -0.060547 0.455078 0.357422
v 0.001953 -0.583984 0.357422
v 0.064453 0.455078 0.357422
v 0.158203 -0.173828 0.357422
v 0.240234 -0.384766 0.357422
v 0.263672 0.525391 0.357422
v 0.279297 0.373047 0.357422
v 0.310547 0.076172 0.357422
v 0.326172 0.099609 0.357422
v 0.330078 -0.177734 0.357422
v -0.306641 -0.177734 0.361328
v -0.287109 -0.345703 0.361328
v -0.271484 0.267578 0.361328
v -0.263672 0.384766 0.361328
v -0.248047 0.330078 0.361328
v -0.220703 0.021484 0.361328
v -0.197266 0.333984 0.361328
v -0.185547 0.251953 0.361328
v -0.083984 -0.537109 0.361328
v -0.021484 -0.583984 0.361328
v 0.001953 0.458984 0.361328
v 0.001953 0.478516 0.361328
v 0.083984 -0.533203 0.361328
v 0.103516 -0.138672 0.361328
v 0.107422 -0.517578 0.361328
v 0.134766 -0.115234 0.361328
v 0.197266 0.337891 0.361328
v 0.220703 0.021484 0.361328
v 0.251953 0.330078 0.361328
v 0.267578 0.267578 0.361328
v -0.263672 0.216797 0.365234
v -0.263672 0.509766 0.365234
v -0.259766 0.349609 0.365234
v -0.236328 0.501953 0.365234
v -0.236328 0.505859 0.365234
v -0.197266 -0.130859 0.365234
v -0.197266 0.486328 0.365234
v -0.185547 -0.369141 0.365234
v -0.134766 -0.486328 0.365234
v -0.107422 0.076172 0.365234
v -0.103516 0.322266 0.365234
v -0.044922 -0.580078 0.365234
v 0.111328 0.072266 0.365234
v 0.126953 0.494141 0.365234
v 0.130859 -0.486328 0.365234
v 0.197266 0.486328 0.365234
v 0.236328 0.505859 0.365234
v 0.240234 0.341797 0.365234
v 0.259766 0.349609 0.365234
v 0.259766 0.384766 0.365234
v 0.263672 0.220703 0.365234
v 0.263672 0.509766 0.365234
v -0.279297 0.341797 0.369141
v -0.263672 0.494141 0.369141
v -0.248047 0.505859 0.369141
v -0.244141 0.291016 0.369141
v -0.236328 0.337891 0.369141
v -0.224609 0.255859 0.369141
v -0.224609 0.494141 0.369141
v -0.220703 0.228516 0.369141
v -0.212891 -0.013672 0.369141
v -0.197266 -0.365234 0.369141
v -0.181641 0.224609 0.369141
v -0.173828 -0.384766 0.369141
v -0.169922 0.021484 0.369141
v -0.166016 0.494141 0.369141
v -0.150391 -0.451172 0.369141
v -0.134766 0.494141 0.369141
v -0.107422 0.087891 0.369141
v -0.103516 0.486328 0.369141
v -0.076172 0.466797 0.369141
v -0.064453 -0.568359 0.369141
v 0.060547 -0.560547 0.369141
v 0.095703 0.482422 0.369141
v 0.107422 0.087891 0.369141
v 0.138672 0.263672 0.369141
v 0.146484 -0.451172 0.369141
v 0.150391 0.248047 0.369141
v 0.166016 0.021484 0.369141
v 0.173828 -0.384766 0.369141
v 0.177734 0.220703 0.369141
v 0.185547 -0.369141 0.369141
v 0.208984 -0.013672 0.369141
v 0.220703 0.220703 0.369141
v 0.228516 0.310547 0.369141
v 0.232422 0.498047 0.369141
v 0.244141 0.294922 0.369141
v 0.248047 0.505859 0.369141
v 0.255859 0.322266 0.369141
v 0.259766 -0.177734 0.369141
v 0.263672 0.494141 0.369141
v -0.333984 0.142578 0.373047
v -0.279297 -0.181641 0.373047
v -0.275391 0.306641 0.373047
v -0.248047 0.498047 0.373047
v -0.162109 0.228516 0.373047
v 0.103516 0.322266 0.373047
v 0.154297 0.498047 0.373047
v 0.162109 0.228516 0.373047
v 0.185547 -0.177734 0.373047
v 0.236328 0.306641 0.373047
v 0.248047 0.498047 0.373047
v 0.271484 0.306641 0.373047
v 0.275391 0.341797 0.373047
v 0.333984 0.146484 0.373047
v -0.322266 -0.306641 0.376953
v -0.322266 0.095703 0.376953
v -0.271484 -0.126953 0.376953
v -0.271484 -0.095703 0.376953
v -0.263672 0.396484 0.376953
v -0.263672 0.470703 0.376953
v -0.248047 -0.150391 0.376953
v -0.240234 0.365234 0.376953
v -0.228516 0.306641 0.376953
v -0.220703 -0.115234 0.376953
v -0.197266 -0.177734 0.376953
v -0.173828 -0.107422 0.376953
v -0.169922 -0.029297 0.376953
v -0.158203 0.267578 0.376953
v -0.158203 0.318359 0.376953
v -0.154297 -0.173828 0.376953
v -0.146484 0.291016 0.376953
v -0.044922 0.103516 0.376953
v 0.044922 0.103516 0.376953
v 0.076172 0.353516 0.376953
v 0.158203 0.318359 0.376953
v 0.166016 -0.029297 0.376953
v 0.189453 -0.076172 0.376953
v 0.197266 -0.365234 0.376953
v 0.236328 0.365234 0.376953
v 0.251953 -0.115234 0.376953
v 0.259766 0.396484 0.376953
v 0.263672 0.470703 0.376953
v 0.318359 -0.306641 0.376953
v 0.322266 0.099609 0.376953
v 0.330078 0.138672 0.376953
v -0.306641 0.072266 0.380859
v -0.279297 0.052734 0.380859
v -0.279297 0.208984 0.380859
v -0.263672 0.419922 0.380859
v -0.263672 0.447266 0.380859
v -0.244141 -0.111328 0.380859
v -0.244141 0.037109 0.380859
v -0.216797 0.267578 0.380859
v -0.201172 0.298828 0.380859
v -0.193359 0.244141 0.380859
v 0.119141 -0.158203 0.380859
v 0.142578 -0.115234 0.380859
v 0.142578 0.287109 0.380859
v 0.154297 -0.095703 0.380859
v 0.216797 0.267578 0.380859
v 0.240234 0.037109 0.380859
v 0.244141 -0.138672 0.380859
v 0.255859 -0.083984 0.380859
v 0.263672 0.419922 0.380859
v 0.263672 0.447266 0.380859
v 0.275391 0.212891 0.380859
v 0.279297 0.056641 0.380859
v 0.306641 0.076172 0.380859
v -0.333984 0.162109 0.384766
v -0.279297 -0.048828 0.384766
v -0.255859 -0.041016 0.384766
v -0.248047 -0.076172 0.384766
v -0.236328 -0.162109 0.384766
v -0.232422 0.005859 0.384766
v -0.232422 0.482422 0.384766
v -0.220703 -0.076172 0.384766
v -0.123047 0.302734 0.384766
v -0.115234 -0.521484 0.384766
v -0.107422 0.041016 0.384766
v -0.095703 -0.169922 0.384766
v 0.001953 0.111328 0.384766
v 0.107422 0.041016 0.384766
v 0.197266 0.244141 0.384766
v 0.224609 0.482422 0.384766
v 0.232422 -0.091797 0.384766
v 0.232422 0.005859 0.384766
v 0.263672 -0.044922 0.384766
v 0.333984 0.166016 0.384766
v -0.302734 -0.376953 0.388672
v -0.244141 0.474609 0.388672
v -0.228516 -0.033203 0.388672
v -0.201172 0.341797 0.388672
v -0.181641 0.251953 0.388672
v -0.134766 0.318359 0.388672
v -0.056641 0.451172 0.388672
v -0.041016 -0.166016 0.388672
v 0.001953 -0.166016 0.388672
v 0.033203 -0.166016 0.388672
v 0.052734 0.349609 0.388672
v 0.060547 0.447266 0.388672
v 0.107422 -0.521484 0.388672
v 0.115234 0.302734 0.388672
v 0.201172 0.341797 0.388672
v 0.220703 -0.033203 0.388672
v 0.244141 0.474609 0.388672
v 0.302734 -0.376953 0.388672
v -0.333984 -0.298828 0.392578
v -0.314453 -0.318359 0.392578
v -0.310547 -0.349609 0.392578
v -0.291016 -0.095703 0.392578
v -0.287109 -0.400391 0.392578
v -0.275391 -0.150391 0.392578
v -0.240234 0.376953 0.392578
v -0.228516 0.208984 0.392578
v -0.177734 -0.361328 0.392578
v -0.169922 0.212891 0.392578
v -0.162109 -0.376953 0.392578
v -0.130859 -0.490234 0.392578
v -0.111328 0.009766 0.392578
v -0.068359 -0.576172 0.392578
v -0.021484 -0.591797 0.392578
v 0.001953 -0.591797 0.392578
v 0.001953 0.455078 0.392578
v 0.076172 0.466797 0.392578
v 0.111328 0.009766 0.392578
v 0.111328 0.494141 0.392578
v 0.126953 -0.490234 0.392578
v 0.134766 0.314453 0.392578
v 0.162109 -0.376953 0.392578
v 0.169922 0.212891 0.392578
v 0.228516 0.205078 0.392578
v 0.240234 0.376953 0.392578
v 0.275391 -0.146484 0.392578
v 0.279297 -0.115234 0.392578
v 0.279297 -0.083984 0.392578
v 0.287109 -0.400391 0.392578
v 0.333984 -0.298828 0.392578
v -0.294922 0.193359 0.396484
v -0.279297 -0.013672 0.396484
v -0.240234 -0.041016 0.396484
v -0.189453 -0.357422 0.396484
v -0.181641 -0.119141 0.396484
v -0.146484 -0.451172 0.396484
v 0.056641 -0.560547 0.396484
v 0.072266 0.392578 0.396484
v 0.142578 -0.451172 0.396484
v 0.169922 0.494141 0.396484
v 0.177734 -0.361328 0.396484
v 0.271484 -0.013672 0.396484
v 0.294922 0.197266 0.396484
v 0.314453 -0.318359 0.396484
v -0.333984 -0.271484 0.400391
v -0.310547 0.173828 0.400391
v -0.255859 -0.009766 0.400391
v -0.240234 0.447266 0.400391
v -0.228516 -0.400391 0.400391
v -0.130859 -0.166016 0.400391
v -0.099609 0.490234 0.400391
v -0.072266 0.392578 0.400391
v -0.072266 0.462891 0.400391
v 0.099609 -0.169922 0.400391
v 0.111328 0.322266 0.400391
v 0.240234 0.447266 0.400391
v 0.310547 0.177734 0.400391
v 0.333984 -0.271484 0.400391
v -0.240234 0.392578 0.404297
v -0.240234 0.419922 0.404297
v -0.166016 0.330078 0.404297
v -0.166016 0.490234 0.404297
v -0.130859 0.498047 0.404297
v 0.072266 -0.541016 0.404297
v 0.138672 0.498047 0.404297
v 0.216797 -0.076172 0.404297
v 0.220703 -0.181641 0.404297
v 0.240234 0.392578 0.404297
v 0.240234 0.419922 0.404297
v -0.322266 -0.248047 0.408203
v -0.298828 -0.248047 0.408203
v -0.216797 0.458984 0.408203
v -0.162109 -0.361328 0.408203
v -0.111328 -0.521484 0.408203
v -0.091797 0.072266 0.408203
v -0.087891 -0.560547 0.408203
v -0.056641 0.396484 0.408203
v -0.056641 0.423828 0.408203
v 0.001953 0.037109 0.408203
v 0.001953 0.080078 0.408203
v 0.056641 0.400391 0.408203
v 0.091797 -0.521484 0.408203
v 0.091797 0.072266 0.408203
v 0.146484 -0.412109 0.408203
v 0.150391 -0.177734 0.408203
v 0.154297 0.326172 0.408203
v 0.162109 -0.361328 0.408203
v 0.193359 -0.357422 0.408203
v 0.212891 -0.107422 0.408203
v 0.216797 0.458984 0.408203
v 0.224609 -0.146484 0.408203
v 0.259766 -0.177734 0.408203
v 0.298828 -0.248047 0.408203
v 0.322266 -0.248047 0.408203
v -0.302734 0.095703 0.412109
v -0.302734 0.115234 0.412109
v -0.294922 0.072266 0.412109
v -0.294922 0.154297 0.412109
v -0.271484 0.048828 0.412109
v -0.244141 0.185547 0.412109
v -0.240234 0.029297 0.412109
v -0.232422 0.001953 0.412109
v -0.212891 0.357422 0.412109
v -0.169922 -0.166016 0.412109
v -0.154297 -0.130859 0.412109
v -0.150391 -0.060547 0.412109
v -0.146484 -0.412109 0.412109
v -0.146484 -0.376953 0.412109
v -0.134766 -0.130859 0.412109
v -0.134766 -0.107422 0.412109
v -0.123047 -0.490234 0.412109
v -0.095703 -0.166016 0.412109
v -0.076172 0.357422 0.412109
v -0.068359 0.427734 0.412109
v -0.033203 0.041016 0.412109
v -0.033203 0.083984 0.412109
v 0.029297 0.083984 0.412109
v 0.115234 -0.490234 0.412109
v 0.126953 -0.021484 0.412109
v 0.142578 -0.060547 0.412109
v 0.146484 -0.376953 0.412109
v 0.208984 0.357422 0.412109
v 0.240234 0.029297 0.412109
v 0.244141 0.185547 0.412109
v 0.271484 0.052734 0.412109
v 0.294922 0.076172 0.412109
v 0.294922 0.154297 0.412109
v 0.302734 0.099609 0.412109
v 0.302734 0.119141 0.412109
v -0.294922 -0.228516 0.416016
v -0.267578 -0.189453 0.416016
v -0.205078 -0.123047 0.416016
v -0.189453 0.197266 0.416016
v -0.173828 -0.349609 0.416016
v -0.166016 -0.099609 0.416016
v -0.154297 -0.115234 0.416016
v -0.138672 -0.451172 0.416016
v -0.126953 -0.021484 0.416016
v -0.095703 0.017578 0.416016
v -0.068359 -0.576172 0.416016
v -0.068359 0.396484 0.416016
v 0.025391 -0.583984 0.416016
v 0.068359 0.396484 0.416016
v 0.068359 0.435547 0.416016
v 0.095703 0.017578 0.416016
v 0.189453 0.197266 0.416016
v 0.271484 -0.189453 0.416016
v 0.294922 -0.228516 0.416016
v 0.302734 0.123047 0.416016
v 0.302734 0.130859 0.416016
v -0.302734 -0.029297 0.419922
v -0.298828 -0.369141 0.419922
v -0.294922 -0.126953 0.419922
v -0.291016 -0.208984 0.419922
v -0.279297 -0.197266 0.419922
v -0.271484 0.005859 0.419922
v -0.251953 0.005859 0.419922
v -0.146484 -0.361328 0.419922
v -0.138672 0.251953 0.419922
v -0.138672 0.275391 0.419922
v -0.123047 0.298828 0.419922
v -0.033203 0.025391 0.419922
v 0.001953 -0.583984 0.419922
v 0.029297 0.337891 0.419922
v 0.033203 0.025391 0.419922
v 0.095703 0.482422 0.419922
v 0.123047 0.298828 0.419922
v 0.130859 -0.451172 0.419922
v 0.138672 0.275391 0.419922
v 0.142578 0.232422 0.419922
v 0.142578 0.251953 0.419922
v 0.146484 -0.361328 0.419922
v 0.173828 -0.349609 0.419922
v 0.255859 0.005859 0.419922
v 0.279297 -0.197266 0.419922
v 0.279297 0.001953 0.419922
v 0.291016 -0.208984 0.419922
v 0.294922 -0.126953 0.419922
v 0.294922 -0.025391 0.419922
v 0.298828 -0.369141 0.419922
v 0.298828 -0.326172 0.419922
v -0.302734 -0.095703 0.423828
v -0.298828 -0.326172 0.423828
v -0.291016 -0.001953 0.423828
v -0.169922 -0.123047 0.423828
v -0.142578 0.232422 0.423828
v -0.130859 -0.376953 0.423828
v -0.130859 0.326172 0.423828
v -0.107422 -0.490234 0.423828
v -0.041016 -0.166016 0.423828
v 0.001953 0.013672 0.423828
v 0.029297 -0.166016 0.423828
v 0.076172 -0.521484 0.423828
v 0.076172 -0.107422 0.423828
v 0.298828 -0.095703 0.423828
v -0.302734 0.150391 0.427734
v -0.240234 -0.005859 0.427734
v -0.212891 0.376953 0.427734
v -0.212891 0.404297 0.427734
v -0.111328 -0.103516 0.427734
v -0.103516 0.482422 0.427734
v -0.095703 -0.521484 0.427734
v -0.095703 -0.130859 0.427734
v 0.001953 -0.166016 0.427734
v 0.001953 0.423828 0.427734
v 0.080078 -0.130859 0.427734
v 0.095703 -0.490234 0.427734
v 0.126953 0.326172 0.427734
v 0.130859 -0.376953 0.427734
v 0.154297 0.474609 0.427734
v 0.208984 0.376953 0.427734
v 0.208984 0.404297 0.427734
v 0.302734 0.154297 0.427734
v -0.302734 -0.306641 0.431641
v -0.283203 -0.154297 0.431641
v -0.263672 -0.392578 0.431641
v -0.126953 0.486328 0.431641
v -0.119141 -0.376953 0.431641
v 0.001953 0.392578 0.431641
v 0.123047 0.486328 0.431641
v 0.126953 -0.408203 0.431641
v 0.283203 -0.154297 0.431641
v 0.302734 -0.306641 0.431641
v -0.259766 0.158203 0.435547
v -0.228516 -0.001953 0.435547
v -0.185547 0.431641 0.435547
v -0.123047 -0.451172 0.435547
v -0.123047 -0.408203 0.435547
v -0.119141 -0.365234 0.435547
v -0.095703 -0.490234 0.435547
v 0.052734 -0.521484 0.435547
v 0.076172 -0.490234 0.435547
v 0.115234 -0.451172 0.435547
v 0.130859 -0.361328 0.435547
v 0.185547 0.431641 0.435547
v 0.224609 -0.001953 0.435547
v 0.259766 0.162109 0.435547
v -0.298828 -0.279297 0.439453
v -0.294922 -0.259766 0.439453
v -0.267578 0.076172 0.439453
v -0.255859 0.005859 0.439453
v -0.255859 0.052734 0.439453
v -0.232422 0.037109 0.439453
v -0.228516 0.021484 0.439453
v -0.201172 0.173828 0.439453
v -0.173828 -0.341797 0.439453
v -0.173828 0.404297 0.439453
v -0.169922 0.345703 0.439453
v -0.142578 -0.349609 0.439453
v -0.142578 0.212891 0.439453
v -0.138672 -0.134766 0.439453
v -0.138672 -0.111328 0.439453
v -0.126953 -0.357422 0.439453
v -0.091797 0.458984 0.439453
v 0.056641 -0.345703 0.439453
v 0.083984 0.455078 0.439453
v 0.138672 0.212891 0.439453
v 0.142578 -0.349609 0.439453
v 0.169922 0.345703 0.439453
v 0.173828 -0.341797 0.439453
v 0.173828 0.404297 0.439453
v 0.177734 -0.123047 0.439453
v 0.193359 -0.091797 0.439453
v 0.201172 0.177734 0.439453
v 0.216797 -0.072266 0.439453
v 0.220703 -0.365234 0.439453
v 0.228516 0.021484 0.439453
v 0.232422 0.037109 0.439453
v 0.248047 0.005859 0.439453
v 0.251953 0.052734 0.439453
v 0.263672 0.009766 0.439453
v 0.267578 0.076172 0.439453
v 0.267578 0.099609 0.439453
v 0.283203 -0.001953 0.439453
v 0.294922 -0.259766 0.439453
v 0.298828 -0.279297 0.439453
v -0.279297 0.001953 0.443359
v -0.267578 0.099609 0.443359
v -0.189453 0.388672 0.443359
v -0.158203 -0.056641 0.443359
v -0.158203 0.443359 0.443359
v -0.083984 -0.099609 0.443359
v -0.076172 -0.490234 0.443359
v -0.068359 -0.552734 0.443359
v -0.044922 -0.130859 0.443359
v 0.056641 -0.490234 0.443359
v 0.080078 -0.095703 0.443359
v 0.150391 -0.056641 0.443359
v 0.189453 0.388672 0.443359
v -0.150391 0.408203 0.447266
v -0.146484 0.201172 0.447266
v -0.138672 -0.021484 0.447266
v -0.130859 0.466797 0.447266
v -0.111328 0.466797 0.447266
v -0.107422 0.009766 0.447266
v -0.080078 0.404297 0.447266
v -0.056641 -0.376953 0.447266
v -0.029297 -0.314453 0.447266
v -0.021484 -0.572266 0.447266
v 0.001953 -0.130859 0.447266
v 0.029297 -0.314453 0.447266
v 0.056641 -0.376953 0.447266
v 0.080078 0.404297 0.447266
v 0.103516 0.009766 0.447266
v 0.103516 0.466797 0.447266
v 0.123047 0.466797 0.447266
v 0.130859 -0.021484 0.447266
v 0.146484 0.201172 0.447266
v 0.150391 0.408203 0.447266
v 0.267578 0.103516 0.447266
v -0.287109 -0.126953 0.451172
v -0.267578 0.103516 0.451172
v -0.267578 0.158203 0.451172
v -0.259766 -0.259766 0.451172
v -0.259766 -0.158203 0.451172
v -0.248047 -0.005859 0.451172
v -0.115234 -0.099609 0.451172
v -0.107422 0.341797 0.451172
v -0.099609 -0.451172 0.451172
v -0.087891 0.013672 0.451172
v -0.083984 0.369141 0.451172
v -0.064453 -0.490234 0.451172
v -0.044922 -0.521484 0.451172
v 0.029297 -0.294922 0.451172
v 0.037109 -0.490234 0.451172
v 0.080078 0.369141 0.451172
v 0.083984 0.013672 0.451172
v 0.095703 -0.447266 0.451172
v 0.103516 0.341797 0.451172
v 0.111328 -0.099609 0.451172
v 0.251953 -0.005859 0.451172
v 0.259766 -0.259766 0.451172
v 0.259766 -0.158203 0.451172
v 0.267578 0.111328 0.451172
v 0.267578 0.158203 0.451172
v 0.287109 -0.126953 0.451172
v -0.287109 -0.033203 0.455078
v -0.267578 0.111328 0.455078
v -0.263672 -0.361328 0.455078
v -0.263672 -0.333984 0.455078
v -0.263672 -0.005859 0.455078
v -0.248047 -0.193359 0.455078
v -0.220703 -0.048828 0.455078
v -0.138672 0.341797 0.455078
v -0.095703 -0.376953 0.455078
v -0.044922 -0.490234 0.455078
v -0.033203 0.017578 0.455078
v -0.021484 -0.521484 0.455078
v 0.001953 -0.314453 0.455078
v 0.001953 -0.294922 0.455078
v 0.017578 -0.490234 0.455078
v 0.021484 -0.490234 0.455078
v 0.029297 -0.345703 0.455078
v 0.029297 0.017578 0.455078
v 0.111328 -0.376953 0.455078
v 0.138672 0.341797 0.455078
v 0.208984 -0.048828 0.455078
v 0.251953 -0.193359 0.455078
v 0.263672 -0.361328 0.455078
v 0.263672 -0.333984 0.455078
v 0.267578 -0.005859 0.455078
v 0.279297 -0.033203 0.455078
v -0.287109 -0.095703 0.458984
v -0.259766 -0.240234 0.458984
v -0.244141 -0.033203 0.458984
v -0.228516 0.056641 0.458984
v -0.208984 -0.009766 0.458984
v -0.205078 0.025391 0.458984
v -0.169922 0.369141 0.458984
v -0.162109 0.388672 0.458984
v -0.138672 0.248047 0.458984
v -0.138672 0.271484 0.458984
v -0.130859 0.228516 0.458984
v -0.126953 0.412109 0.458984
v -0.126953 0.443359 0.458984
v -0.123047 0.298828 0.458984
v -0.115234 -0.130859 0.458984
v -0.107422 0.439453 0.458984
v -0.095703 0.314453 0.458984
v -0.044922 -0.099609 0.458984
v -0.029297 -0.376953 0.458984
v -0.021484 -0.490234 0.458984
v 0.001953 -0.490234 0.458984
v 0.001953 -0.345703 0.458984
v 0.001953 0.005859 0.458984
v 0.029297 -0.451172 0.458984
v 0.029297 -0.376953 0.458984
v 0.044922 -0.099609 0.458984
v 0.095703 0.314453 0.458984
v 0.103516 0.443359 0.458984
v 0.111328 -0.134766 0.458984
v 0.123047 0.298828 0.458984
v 0.126953 0.412109 0.458984
v 0.126953 0.443359 0.458984
v 0.130859 0.228516 0.458984
v 0.138672 0.248047 0.458984
v 0.138672 0.271484 0.458984
v 0.162109 0.388672 0.458984
v 0.166016 0.369141 0.458984
v 0.205078 0.025391 0.458984
v 0.208984 -0.009766 0.458984
v 0.228516 0.056641 0.458984
v 0.240234 -0.033203 0.458984
v 0.259766 -0.240234 0.458984
v 0.283203 -0.095703 0.458984
v -0.267578 0.130859 0.462891
v -0.267578 0.142578 0.462891
v -0.263672 -0.314453 0.462891
v -0.251953 -0.201172 0.462891
v -0.220703 -0.341797 0.462891
v -0.181641 -0.052734 0.462891
v -0.115234 -0.111328 0.462891
v -0.111328 0.017578 0.462891
v -0.103516 0.412109 0.462891
v -0.068359 -0.396484 0.462891
v -0.033203 0.330078 0.462891
v -0.029297 -0.412109 0.462891
v 0.001953 -0.376953 0.462891
v 0.029297 -0.412109 0.462891
v 0.029297 0.330078 0.462891
v 0.068359 -0.447266 0.462891
v 0.103516 0.412109 0.462891
v 0.107422 0.017578 0.462891
v 0.111328 -0.115234 0.462891
v 0.169922 -0.044922 0.462891
v 0.255859 -0.201172 0.462891
v 0.263672 -0.314453 0.462891
v 0.267578 0.130859 0.462891
v 0.267578 0.142578 0.462891
v -0.263672 -0.267578 0.466797
v -0.263672 -0.033203 0.466797
v -0.259766 -0.216797 0.466797
v -0.259766 -0.130859 0.466797
v -0.240234 -0.068359 0.466797
v -0.236328 -0.099609 0.466797
v -0.224609 -0.130859 0.466797
v -0.220703 0.080078 0.466797
v -0.173828 -0.326172 0.466797
v -0.169922 -0.013672 0.466797
v -0.169922 0.017578 0.466797
v -0.154297 0.177734 0.466797
v -0.142578 0.013672 0.466797
v -0.142578 0.388672 0.466797
v -0.119141 0.205078 0.466797
v -0.091797 0.017578 0.466797
v -0.083984 -0.099609 0.466797
v -0.068359 -0.447266 0.466797
v 0.001953 -0.451172 0.466797
v 0.001953 -0.412109 0.466797
v 0.001953 -0.099609 0.466797
v 0.001953 0.333984 0.466797
v 0.083984 -0.099609 0.466797
v 0.087891 0.017578 0.466797
v 0.119141 0.205078 0.466797
v 0.138672 0.013672 0.466797
v 0.142578 0.388672 0.466797
v 0.154297 0.177734 0.466797
v 0.169922 0.009766 0.466797
v 0.220703 -0.341797 0.466797
v 0.220703 0.080078 0.466797
v 0.232422 -0.130859 0.466797
v 0.259766 -0.216797 0.466797
v 0.259766 -0.130859 0.466797
v 0.259766 -0.033203 0.466797
v 0.263672 -0.267578 0.466797
v -0.259766 -0.283203 0.470703
v -0.212891 0.150391 0.470703
v -0.138672 0.365234 0.470703
v -0.123047 0.388672 0.470703
v -0.115234 0.361328 0.470703
v -0.103516 0.384766 0.470703
v -0.087891 -0.130859 0.470703
v -0.076172 -0.365234 0.470703
v -0.033203 0.025391 0.470703
v -0.029297 -0.283203 0.470703
v 0.029297 -0.283203 0.470703
v 0.029297 0.025391 0.470703
v 0.083984 -0.134766 0.470703
v 0.103516 0.384766 0.470703
v 0.115234 0.361328 0.470703
v 0.123047 0.388672 0.470703
v 0.138672 0.365234 0.470703
v 0.154297 -0.326172 0.470703
v 0.212891 0.154297 0.470703
v 0.263672 -0.283203 0.470703
v -0.259766 -0.099609 0.474609
v -0.259766 -0.068359 0.474609
v -0.224609 -0.326172 0.474609
v -0.224609 0.076172 0.474609
v -0.044922 -0.294922 0.474609
v 0.001953 -0.283203 0.474609
v 0.044922 -0.294922 0.474609
v 0.220703 0.076172 0.474609
v 0.255859 -0.099609 0.474609
v 0.255859 -0.068359 0.474609
v -0.224609 0.076172 0.478516
v -0.177734 0.068359 0.478516
v -0.142578 -0.337891 0.478516
v -0.119141 0.052734 0.478516
v -0.087891 -0.111328 0.478516
v -0.068359 -0.322266 0.478516
v -0.044922 -0.099609 0.478516
v 0.001953 0.017578 0.478516
v 0.044922 -0.099609 0.478516
v 0.083984 -0.111328 0.478516
v 0.095703 0.056641 0.478516
v 0.111328 -0.353516 0.478516
v 0.119141 0.052734 0.478516
v 0.126953 -0.341797 0.478516
v 0.177734 0.068359 0.478516
v 0.224609 -0.322266 0.478516
v 0.224609 0.076172 0.478516
v -0.142578 0.052734 0.482422
v -0.119141 -0.345703 0.482422
v -0.119141 0.177734 0.482422
v -0.052734 -0.130859 0.482422
v -0.033203 0.044922 0.482422
v 0.029297 0.044922 0.482422
v 0.119141 0.177734 0.482422
v 0.142578 0.048828 0.482422
v -0.228516 -0.302734 0.486328
v -0.220703 0.150391 0.486328
v -0.142578 0.068359 0.486328
v -0.123047 0.072266 0.486328
v -0.095703 -0.353516 0.486328
v 0.123047 0.072266 0.486328
v 0.142578 0.068359 0.486328
v 0.212891 -0.255859 0.486328
v 0.216797 0.150391 0.486328
v -0.177734 0.068359 0.490234
v -0.099609 -0.169922 0.490234
v -0.080078 0.080078 0.490234
v -0.052734 -0.111328 0.490234
v 0.001953 0.041016 0.490234
v 0.048828 -0.111328 0.490234
v 0.080078 0.080078 0.490234
v 0.177734 0.068359 0.490234
v 0.228516 -0.302734 0.490234
v 0.232422 -0.275391 0.490234
v -0.224609 0.107422 0.494141
v -0.220703 0.142578 0.494141
v -0.208984 -0.189453 0.494141
v -0.134766 0.244141 0.494141
v -0.134766 0.267578 0.494141
v -0.123047 0.224609 0.494141
v -0.119141 0.294922 0.494141
v -0.091797 0.310547 0.494141
v -0.033203 0.083984 0.494141
v 0.033203 0.083984 0.494141
v 0.091797 0.310547 0.494141
v 0.119141 0.294922 0.494141
v 0.123047 0.224609 0.494141
v 0.134766 0.244141 0.494141
v 0.134766 0.271484 0.494141
v 0.208984 -0.193359 0.494141
v 0.220703 0.142578 0.494141
v 0.224609 0.107422 0.494141
v -0.224609 0.126953 0.498047
v -0.205078 -0.255859 0.498047
v -0.185547 -0.310547 0.498047
v -0.177734 0.072266 0.498047
v -0.169922 0.158203 0.498047
v -0.146484 0.068359 0.498047
v -0.083984 0.197266 0.498047
v -0.080078 0.173828 0.498047
v -0.041016 -0.166016 0.498047
v -0.033203 0.318359 0.498047
v 0.001953 0.083984 0.498047
v 0.001953 0.318359 0.498047
v 0.033203 0.318359 0.498047
v 0.083984 0.197266 0.498047
v 0.123047 0.072266 0.498047
v 0.142578 0.068359 0.498047
v 0.169922 0.158203 0.498047
v 0.177734 0.072266 0.498047
v 0.181641 -0.310547 0.498047
v 0.205078 -0.255859 0.498047
v 0.220703 -0.240234 0.498047
v 0.224609 0.126953 0.498047
v -0.123047 0.072266 0.501953
v -0.033203 -0.283203 0.501953
v 0.001953 -0.095703 0.501953
v 0.009766 -0.166016 0.501953
v 0.029297 -0.283203 0.501953
v 0.158203 -0.177734 0.501953
v -0.212891 -0.197266 0.505859
v -0.205078 -0.271484 0.505859
v -0.197266 -0.294922 0.505859
v -0.080078 0.080078 0.505859
v -0.037109 -0.099609 0.505859
v 0.001953 -0.283203 0.505859
v 0.080078 0.080078 0.505859
v 0.197266 -0.294922 0.505859
v 0.205078 -0.271484 0.505859
v 0.212891 -0.201172 0.505859
v -0.216797 -0.212891 0.509766
v -0.212891 -0.240234 0.509766
v -0.166016 -0.185547 0.509766
v -0.146484 -0.314453 0.509766
v -0.048828 -0.111328 0.509766
v -0.033203 0.083984 0.509766
v -0.033203 0.173828 0.509766
v 0.001953 0.083984 0.509766
v 0.033203 0.083984 0.509766
v 0.037109 -0.107422 0.509766
v 0.142578 -0.314453 0.509766
v 0.212891 -0.240234 0.509766
v 0.216797 -0.216797 0.509766
v -0.173828 0.154297 0.513672
v -0.126953 0.076172 0.513672
v -0.126953 0.154297 0.513672
v -0.041016 -0.126953 0.513672
v -0.033203 0.193359 0.513672
v 0.029297 -0.126953 0.513672
v 0.033203 0.193359 0.513672
v 0.126953 0.076172 0.513672
v 0.126953 0.154297 0.513672
v 0.162109 -0.189453 0.513672
v 0.173828 0.154297 0.513672
v -0.177734 0.107422 0.517578
v -0.173828 0.138672 0.517578
v -0.154297 -0.291016 0.517578
v -0.107422 -0.169922 0.517578
v -0.033203 -0.111328 0.517578
v 0.001953 -0.130859 0.517578
v 0.001953 0.197266 0.517578
v 0.009766 -0.111328 0.517578
v 0.103516 -0.169922 0.517578
v 0.150391 -0.291016 0.517578
v 0.173828 0.138672 0.517578
v 0.177734 0.107422 0.517578
v -0.177734 0.130859 0.521484
v -0.158203 -0.251953 0.521484
v -0.111328 -0.322266 0.521484
v -0.080078 0.083984 0.521484
v 0.080078 0.083984 0.521484
v 0.107422 -0.322266 0.521484
v 0.154297 -0.251953 0.521484
v 0.177734 0.126953 0.521484
v -0.169922 -0.193359 0.525391
v -0.154297 -0.267578 0.525391
v -0.083984 -0.330078 0.525391
v -0.080078 0.154297 0.525391
v -0.041016 -0.162109 0.525391
v -0.033203 0.330078 0.525391
v 0.001953 0.330078 0.525391
v 0.009766 -0.162109 0.525391
v 0.033203 0.326172 0.525391
v 0.154297 -0.267578 0.525391
v -0.126953 0.134766 0.529297
v -0.126953 0.263672 0.529297
v -0.123047 0.240234 0.529297
v -0.115234 0.287109 0.529297
v -0.099609 -0.291016 0.529297
v -0.091797 0.212891 0.529297
v -0.083984 0.310547 0.529297
v -0.076172 -0.302734 0.529297
v -0.041016 -0.279297 0.529297
v -0.033203 0.091797 0.529297
v -0.033203 0.154297 0.529297
v 0.001953 0.091797 0.529297
v 0.033203 0.091797 0.529297
v 0.072266 -0.302734 0.529297
v 0.083984 0.306641 0.529297
v 0.091797 0.212891 0.529297
v 0.095703 -0.291016 0.529297
v 0.115234 0.287109 0.529297
v 0.123047 0.240234 0.529297
v 0.126953 0.134766 0.529297
v 0.126953 0.150391 0.529297
v 0.126953 0.263672 0.529297
v 0.166016 -0.197266 0.529297
v -0.126953 0.115234 0.533203
v -0.126953 0.150391 0.533203
v 0.001953 -0.279297 0.533203
v 0.029297 -0.283203 0.533203
v 0.107422 -0.177734 0.533203
v 0.126953 0.111328 0.533203
v -0.169922 -0.208984 0.537109
v -0.166016 -0.236328 0.537109
v -0.126953 0.134766 0.537109
v -0.107422 -0.177734 0.537109
v -0.099609 -0.263672 0.537109
v 0.095703 -0.263672 0.537109
v 0.095703 -0.240234 0.537109
v 0.126953 0.130859 0.537109
v 0.162109 -0.236328 0.537109
v 0.166016 -0.216797 0.537109
v -0.099609 -0.240234 0.541016
v -0.080078 0.119141 0.541016
v -0.080078 0.138672 0.541016
v -0.080078 0.150391 0.541016
v -0.048828 0.201172 0.541016
v 0.029297 0.201172 0.541016
v 0.080078 0.119141 0.541016
v 0.080078 0.134766 0.541016
v 0.080078 0.150391 0.541016
v -0.080078 0.138672 0.544922
v -0.044922 -0.169922 0.544922
v -0.041016 -0.255859 0.544922
v -0.033203 0.123047 0.544922
v -0.033203 0.150391 0.544922
v -0.033203 0.330078 0.544922
v 0.001953 0.123047 0.544922
v 0.001953 0.197266 0.544922
v 0.001953 0.330078 0.544922
v 0.009766 -0.169922 0.544922
v 0.029297 -0.259766 0.544922
v 0.029297 0.123047 0.544922
v 0.029297 0.326172 0.544922
v 0.044922 -0.236328 0.544922
v 0.080078 0.134766 0.544922
v -0.044922 -0.232422 0.548828
v 0.001953 -0.255859 0.548828
v 0.001953 -0.232422 0.548828
v 0.107422 -0.193359 0.548828
v -0.107422 -0.189453 0.552734
v -0.103516 0.236328 0.552734
v 0.103516 -0.232422 0.552734
v 0.103516 0.279297 0.552734
v -0.107422 -0.212891 0.556641
v -0.103516 -0.232422 0.556641
v 0.099609 0.236328 0.556641
v 0.107422 -0.216797 0.556641
v -0.044922 -0.181641 0.560547
v 0.005859 -0.181641 0.560547
v 0.048828 -0.232422 0.560547
v 0.103516 0.259766 0.560547
v -0.048828 -0.224609 0.564453
v -0.048828 0.208984 0.564453
v 0.001953 -0.224609 0.564453
v 0.029297 0.208984 0.564453
v 0.052734 -0.220703 0.564453
v 0.083984 0.287109 0.564453
v -0.060547 0.302734 0.568359
v -0.048828 -0.208984 0.568359
v -0.033203 0.322266 0.568359
v 0.001953 -0.208984 0.568359
v 0.001953 0.205078 0.568359
v 0.001953 0.322266 0.568359
v 0.033203 0.318359 0.568359
v -0.072266 0.232422 0.576172
v 0.068359 0.232422 0.576172
v 0.056641 0.279297 0.580078
v -0.056641 0.279297 0.583984
v -0.033203 0.306641 0.583984
v 0.001953 0.306641 0.583984
v 0.064453 0.255859 0.583984
v -0.037109 0.228516 0.587891
v 0.029297 0.283203 0.587891
v 0.033203 0.228516 0.587891
v -0.033203 0.255859 0.591797
v -0.029297 0.283203 0.591797
v 0.001953 0.228516 0.591797
v 0.001953 0.283203 0.591797
v 0.033203 0.255859 0.591797
v 0.001953 0.255859 0.595703
v -0.339852 0.585748 -0.261071
v -0.277352 0.550592 -0.233728
v -0.296883 0.577935 -0.229821
v -0.148446 0.460748 0.258460
v -0.394812 0.621656 -0.245657
v -0.373897 0.581886 -0.228621
v -0.299464 0.468110 -0.305563
v -0.283839 0.491548 -0.289938
v -0.260401 0.511079 -0.274313
v -0.330725 0.467960 -0.279766
v -0.322912 0.503116 -0.268048
v -0.307287 0.526554 -0.252423
v -0.283850 0.546085 -0.236798
v -0.354334 0.484616 -0.267555
v -0.346521 0.519772 -0.255836
v -0.330896 0.543210 -0.240211
v -0.307459 0.562741 -0.224586
v -0.386336 0.515233 -0.242764
v -0.370711 0.538670 -0.227139
v -0.347274 0.558202 -0.211514
v -0.378134 0.542976 -0.235758
v -0.362509 0.566413 -0.220133
vn 0.6150 -0.2929 -0.7321
vn 0.5232 -0.2242 -0.8222
vn 0.5002 -0.3216 -0.8040
vn 0.5834 -0.1806 -0.7918
vn 0.3907 -0.8930 -0.2233
vn -0.0000 -0.8575 -0.5145
vn -0.0000 -0.0000 1.0000
vn -0.1438 -0.8053 -0.5752
vn -0.5811 -0.0926 -0.8085
vn -0.5849 0.6785 -0.4445
vn 0.7818 -0.5686 0.2559
vn -0.8060 -0.4630 -0.3687
vn 0.9156 0.0343 -0.4006
vn 0.1663 -0.5163 -0.8401
vn -0.4124 -0.0825 0.9073
vn 0.3021 -0.0863 0.9494
vn -0.4082 0.0628 0.9107
vn 0.2117 0.0847 0.9737
vn -0.1948 0.9051 0.3781
vn -0.8018 0.5345 -0.2673
vn 0.2761 0.6442 0.7133
vn -0.2704 -0.7570 -0.5948
vn 0.0583 -0.1166 -0.9915
vn -0.6340 0.1546 0.7577
vn 0.7523 0.1468 0.6422
vn 0.2455 0.1964 0.9493
vn 0.7701 0.2369 0.5923
vn 0.6559 0.1312 0.7434
vn -0.6039 0.2707 0.7497
vn -0.6584 -0.1445 -0.7387
vn -0.6254 0.6912 0.3621
vn 0.7550 -0.3109 -0.5774
vn 0.2357 -0.2357 -0.9428
vn -0.1861 -0.4094 -0.8932
vn 0.2950 -0.0983 0.9504
vn 0.7214 0.2553 -0.6437
vn -0.7454 -0.5963 -0.2981
vn 0.3841 -0.5121 0.7682
vn -0.0903 -0.0722 0.9933
vn -0.6532 -0.0344 0.7564
vn 0.1327 0.5615 0.8168
vn 0.5831 0.2166 0.7830
vn -0.3152 0.0788 -0.9457
vn 0.4342 -0.1447 0.8891
vn 0.4497 0.1967 0.8713
vn 0.3939 -0.0000 -0.9191
vn -0.5005 -0.0455 0.8645
vn -0.4895 -0.0544 0.8703
vn 0.6896 -0.6075 -0.3941
vn 0.1897 0.9758 -0.1084
vn -0.5598 -0.4852 0.6718
vn 0.7654 -0.4305 0.4784
vn -0.9650 -0.2606 0.0290
vn 0.5802 -0.6857 -0.4395
vn -0.0250 0.4118 0.9109
vn 0.5518 -0.6745 0.4905
vn -0.1007 -0.9923 -0.0719
vn -0.8241 -0.3446 0.4495
vn -0.4472 -0.0000 0.8944
vn -0.8582 0.2106 0.4681
vn 0.9347 -0.2303 -0.2709
vn 0.1566 -0.4830 0.8615
vn 0.2385 -0.3670 -0.8991
vn -0.7052 -0.4825 0.5196
vn -0.9358 -0.2752 0.2202
vn -0.8000 -0.3886 0.4572
vn -0.5985 -0.2689 -0.7546
vn 0.9592 0.0188 0.2821
vn 0.6258 0.7748 -0.0894
vn -0.8733 0.3743 0.3119
vn 0.7553 -0.4196 0.5035
vn -0.7071 -0.0000 0.7071
vn -0.5950 0.6880 0.4155
vn -0.0251 -0.9609 0.2757
vn 0.5530 -0.8294 -0.0790
vn 0.6142 -0.6465 0.4526
vn -0.7613 0.5312 -0.3718
vn 0.6315 -0.6853 0.3628
vn 0.5298 0.5298 -0.6623
vn -0.6762 0.6468 0.3528
vn -0.7229 -0.2136 -0.6572
vn -0.1753 0.3911 0.9035
vn 0.8380 -0.4022 0.3687
vn -0.7742 -0.6215 -0.1199
vn -0.4392 0.8784 0.1882
vn 0.1097 -0.6309 0.7681
vn -0.1400 -0.1400 -0.9802
vn 0.7387 -0.4957 -0.4568
vn 0.4895 0.0544 0.8703
vn -0.3598 -0.2878 -0.8875
vn -0.5789 0.3543 0.7344
vn -0.2011 -0.9769 0.0718
vn -0.7442 -0.2481 0.6202
vn 0.6814 -0.3505 0.6425
vn 0.6667 -0.3333 0.6667
vn -0.6667 -0.6667 0.3333
vn -0.8134 -0.0290 0.5810
vn 0.6396 0.4264 -0.6396
vn -0.9564 0.2902 -0.0322
vn -0.8615 -0.1922 0.4699
vn -0.2171 0.6273 -0.7479
vn -0.6874 -0.3769 0.6208
vn 0.6155 -0.6155 0.4924
vn -0.4722 -0.8521 0.2258
vn -0.1506 -0.8496 0.5055
vn 0.3674 0.2624 0.8923
vn -0.8328 0.2212 -0.5075
vn -0.5381 -0.4036 0.7399
vn -0.8578 -0.4757 0.1949
vn -0.9911 -0.1304 0.0261
vn -0.9390 0.0574 0.3391
vn 0.2673 0.5345 0.8018
vn -0.3846 -0.8332 0.3974
vn -0.7362 0.1550 0.6587
vn -0.5647 -0.2434 -0.7886
vn 0.7140 0.3400 0.6120
vn 0.3408 -0.6475 -0.6816
vn 0.4499 -0.7665 -0.4583
vn 0.5298 0.5298 0.6623
vn -0.6402 -0.0000 0.7682
vn -0.9228 0.3009 -0.2407
vn -0.9763 -0.2122 0.0424
vn -0.9908 -0.1054 0.0843
vn -0.0109 0.9347 -0.3553
vn 0.5754 -0.3384 0.7446
vn 0.7867 0.2554 -0.5620
vn -0.8495 0.4035 -0.3398
vn 0.9142 -0.4052 -0.0094
vn 0.2746 0.9414 -0.1961
vn 0.0919 -0.7966 -0.5975
vn 0.1413 -0.8947 -0.4238
vn 0.2281 -0.7603 0.6082
vn 0.0525 -0.1925 -0.9799
vn 0.0483 -0.1773 -0.9830
vn 0.0401 -0.1805 -0.9828
vn 0.0577 -0.1875 -0.9806
vn 0.5490 0.7913 0.2691
vn -0.6881 0.6389 -0.3440
vn 0.5657 -0.7071 0.4243
vn -0.7942 0.0671 0.6040
vn 0.4364 0.8729 -0.2182
vn -0.7124 0.1824 0.6776
vn 0.5305 -0.0936 -0.8425
vn -0.3702 0.9256 0.0793
vn -0.2288 0.9503 0.2112
vn -0.1400 -0.7001 -0.7001
vn 0.5963 0.2981 -0.7454
vn 0.4924 -0.6155 -0.6155
vn -0.1169 -0.7401 -0.6622
vn 0.1961 -0.0000 -0.9806
vn -0.2052 0.7148 0.6685
vn -0.9117 0.2279 -0.3419
vn -0.9264 0.1684 -0.3369
vn -0.0000 0.4472 -0.8944
vn -0.5774 -0.5774 -0.5774
vn 0.4472 -0.0000 0.8944
vn -0.0000 0.4472 0.8944
vn 0.5547 -0.0000 -0.8321
vn -0.4364 0.2182 0.8729
vn -0.4623 0.1541 0.8732
vn 0.4472 -0.0000 -0.8944
vn 0.5145 -0.0000 -0.8575
vn -0.5071 0.1690 -0.8452
vn 0.6448 -0.0586 0.7621
vn 0.2294 -0.6882 0.6882
vn 0.4082 0.4082 0.8165
vn 0.5075 0.2090 0.8359
vn 0.8784 -0.4392 0.1882
vn -0.4472 -0.0000 -0.8944
vn -0.0000 -0.0000 -1.0000
vn -0.7071 -0.0000 -0.7071
vn 0.5071 -0.1690 -0.8452
vn 0.3015 -0.9045 -0.3015
vn -0.1048 -0.9435 -0.3145
vn 0.4575 0.4575 0.7625
vn 0.3242 -0.8455 -0.4244
vn -0.0831 0.9922 -0.0929
vn 0.5823 0.6192 0.5268
vn 0.3521 0.8492 0.3935
vn 0.1159 0.9877 0.1048
vn 0.5774 0.7550 -0.3109
vn 0.3781 0.0130 0.9257
vn 0.1270 0.6350 0.7620
vn -1.0000 -0.0000 -0.0000
vn -0.5876 0.2765 0.7604
vn -0.0200 0.5999 0.7998
vn 0.1021 -0.8171 -0.5674
vn -0.0000 0.5547 0.8321
vn -0.0000 0.7071 0.7071
vn -0.0202 -0.8501 -0.5262
vn 0.0615 -0.5536 -0.8305
vn -0.0615 0.5536 0.8305
vn -0.0000 -0.4472 -0.8944
vn -0.2411 -0.1072 -0.9646
vn -0.5806 -0.4516 -0.6774
vn 0.5774 -0.5774 0.5773
vn -0.5111 -0.7579 -0.4054
vn -0.0195 -0.1104 -0.9937
vn 0.0349 -0.6487 -0.7603
vn 0.0270 -0.0450 -0.9986
vn 0.1134 0.2410 0.9639
vn -0.4985 -0.3877 -0.7754
vn -0.0275 -0.0214 -0.9994
vn 0.2363 0.1838 0.9541
vn -0.0000 0.3714 -0.9285
vn 0.4851 -0.4851 -0.7276
vn 0.2169 -0.0000 0.9762
vn -0.0496 0.4467 0.8933
vn -0.2169 -0.0000 0.9762
vn 0.4243 -0.4493 -0.7862
vn -0.0000 -0.3714 0.9285
vn -0.0000 -0.1644 -0.9864
vn -0.2465 0.3834 0.8901
vn 0.2707 -0.4776 -0.8358
vn 0.9580 0.1064 -0.2661
vn 0.1462 -0.2437 -0.9587
vn 0.7151 -0.4063 -0.5688
vn -0.7066 0.3925 0.5888
vn 0.1852 -0.2880 -0.9395
vn -0.0456 -0.4558 -0.8889
vn -0.1125 0.4217 0.8997
vn -0.0267 0.5606 0.8276
vn 0.3840 -0.5974 -0.7040
vn -0.5482 -0.4796 0.6852
vn -0.0000 -0.5547 -0.8321
vn 0.3170 0.3522 -0.8806
vn -0.7924 -0.4195 0.4428
vn -0.0372 0.4958 0.8676
vn -0.2408 -0.4815 -0.8427
vn 0.7338 -0.4076 -0.5435
vn -0.0797 -0.5981 -0.7975
vn 0.5843 -0.6492 0.4869
vn -0.0496 -0.4955 -0.8672
vn -0.0383 -0.9831 -0.1788
vn 0.4990 0.6351 0.5897
vn -0.0658 -0.9868 0.1480
vn 0.5414 -0.7170 0.4390
vn 0.0353 -0.9932 0.1109
vn -0.0906 -0.2415 -0.9662
vn -0.1741 0.6963 -0.6963
vn -0.6638 0.7053 0.2489
vn -0.7049 0.5786 0.4103
vn -0.0334 0.3509 -0.9358
vn -0.1952 -0.0976 0.9759
vn 0.3244 0.4867 -0.8111
vn 0.1425 0.4987 -0.8550
vn 0.0836 0.5431 -0.8355
vn 0.3325 -0.8645 -0.3768
vn 0.1628 0.4007 -0.9016
vn -0.1562 -0.3123 0.9370
vn -0.1361 0.2722 -0.9526
vn -0.8209 -0.3200 0.4730
vn 0.1700 0.5269 -0.8328
vn 0.8549 0.3489 0.3838
vn 0.7692 0.5769 0.2747
vn 0.9160 -0.3375 0.2169
vn -0.9804 -0.1014 -0.1690
vn 0.9794 -0.0332 0.1992
vn -0.5809 -0.8022 0.1383
vn 0.3821 -0.9170 0.1146
vn 0.9437 -0.3282 0.0410
vn 0.7597 -0.6458 -0.0760
vn 0.2419 -0.9676 0.0726
vn 0.6013 0.6013 0.5262
vn 0.9666 -0.2327 0.1074
vn -0.7140 -0.1373 -0.6865
vn -0.5657 -0.7071 -0.4243
vn 0.5395 0.7707 0.3391
vn -0.6457 -0.0293 -0.7631
vn 0.0990 0.9901 -0.0990
vn 0.7001 -0.1400 -0.7001
vn -0.7367 0.3315 0.5894
vn -0.7603 0.2281 0.6082
vn -0.4368 -0.8339 -0.3375
vn 0.6545 -0.5454 -0.5236
vn -0.1205 -0.9880 0.0964
vn 0.8503 0.3644 0.3796
vn 0.2294 0.6882 0.6882
vn 0.1142 0.6691 0.7344
vn 0.8083 -0.5774 -0.1155
vn 0.4402 0.8805 0.1761
vn 0.1163 -0.6205 0.7756
vn 0.4046 -0.5713 0.7141
vn -0.5657 -0.4243 -0.7071
vn -0.8978 -0.4294 0.0976
vn 0.0839 -0.6876 -0.7212
vn -0.5953 0.4365 0.6746
vn -0.0794 -0.6745 -0.7340
vn 0.7024 -0.1873 -0.6867
vn -0.9717 0.1215 0.2024
vn 0.8780 -0.2509 0.4076
vn 0.7761 0.5821 -0.2425
vn -0.8996 -0.1200 0.4198
vn 0.7796 -0.5334 -0.3282
vn 0.1264 0.9693 0.2107
vn -0.9685 0.1761 -0.1761
vn -0.0443 -0.9589 -0.2803
vn 0.2411 0.4164 -0.8766
vn -0.4234 0.8853 0.1925
vn -0.6802 0.2126 0.7015
vn -0.7056 -0.6484 -0.2860
vn 0.4931 -0.0470 -0.8687
vn 0.9802 0.1400 0.1400
vn 0.2294 -0.6882 -0.6882
vn 0.1756 0.1920 -0.9656
vn 0.0607 -0.9407 -0.3338
vn 0.2408 0.1204 0.9631
vn 0.3625 0.1318 0.9226
vn 0.1046 0.8110 0.5756
vn -0.1771 -0.1392 -0.9743
vn -0.8176 0.1612 0.5527
vn 0.6470 0.5392 0.5392
vn 0.3228 0.1174 -0.9391
vn -0.7557 -0.6046 0.2519
vn -0.8777 0.1317 -0.4608
vn -0.5071 -0.8452 0.1690
vn -0.0373 0.9167 0.3978
vn -0.1268 0.5523 0.8239
vn 0.8165 -0.0816 -0.5715
vn 0.0291 -0.9502 -0.3103
vn 0.3388 0.0539 -0.9393
vn 0.2930 0.6512 0.7000
vn -0.8340 0.0970 0.5431
vn 0.1242 -0.5767 -0.8074
vn 0.7978 -0.5983 0.0748
vn 0.4388 0.7583 -0.4821
vn -0.3983 -0.3374 -0.8529
vn 0.4354 0.3092 0.8455
vn -0.9750 0.0315 0.2202
vn -0.0637 -0.7855 -0.6156
vn 0.0217 -0.4772 -0.8785
vn 0.2094 -0.9422 0.2617
vn 0.2291 0.9029 -0.3638
vn 0.4478 -0.8752 -0.1832
vn -0.6208 -0.1109 -0.7761
vn -0.4749 -0.1622 -0.8649
vn 0.4924 0.1231 0.8616
vn -0.4872 -0.1894 -0.8525
vn 0.6039 0.5636 0.5636
vn -0.7531 -0.1807 0.6326
vn -0.8860 0.0738 0.4578
vn 0.8008 -0.3793 0.4636
vn 0.4214 -0.1283 -0.8978
vn -0.8972 -0.0609 -0.4375
vn 0.4467 0.7444 -0.4963
vn 0.0592 -0.2781 -0.9587
vn 0.8968 0.0626 0.4380
vn -0.0342 -0.6159 -0.7870
vn -0.7994 -0.3553 -0.4845
vn 0.2157 -0.1078 0.9705
vn -0.5609 0.2804 0.7790
vn -0.5910 -0.5982 -0.5412
vn 0.3162 -0.0000 0.9487
vn 0.9456 -0.1455 0.2910
vn 0.8785 -0.0676 -0.4730
vn 0.2327 0.6770 0.6982
vn -0.0958 0.6600 0.7451
vn -0.4444 -0.1111 -0.8889
vn 0.0631 -0.5681 0.8206
vn -0.2294 -0.6882 0.6882
vn 0.7336 0.0564 -0.6772
vn -0.4062 -0.7239 -0.5577
vn -0.8026 -0.4013 0.4414
vn -0.4694 -0.8745 0.1222
vn 0.1640 -0.2623 0.9509
vn -0.1046 0.0262 -0.9942
vn 0.2844 0.1422 0.9481
vn -0.7276 -0.4851 0.4851
vn 0.9959 -0.0112 -0.0895
vn -0.7881 -0.3753 0.4879
vn 0.6053 0.4259 -0.6725
vn -0.7894 -0.0000 0.6139
vn 0.0873 -0.8729 -0.4801
vn -0.4010 -0.3119 -0.8614
vn 0.1276 -0.4060 -0.9049
vn 0.1315 0.4237 -0.8962
vn -0.3997 0.7009 -0.5908
vn -0.2417 0.7252 0.6447
vn -0.1986 -0.5042 0.8404
vn 0.8393 -0.2798 0.4663
vn -0.6722 0.2894 0.6815
vn -0.8372 -0.3121 0.4491
vn -0.3119 -0.9432 0.1141
vn 0.6671 -0.0741 -0.7412
vn -0.5733 -0.4247 0.7007
vn -0.1731 0.4887 0.8551
vn -0.1098 -0.9879 0.1098
vn 0.1648 -0.1395 -0.9764
vn -0.7683 0.3293 -0.5488
vn 0.6740 0.7302 0.1123
vn 0.2423 0.9694 0.0404
vn 0.2311 0.9053 0.3563
vn -0.6584 -0.7462 -0.0988
vn 0.2995 0.5776 0.7594
vn -0.7802 -0.3413 -0.5242
vn -0.9308 -0.0338 -0.3639
vn -0.4221 -0.7636 -0.4885
vn -0.8693 -0.1668 -0.4654
vn 0.3311 0.1472 -0.9320
vn 0.0999 -0.2996 0.9488
vn -0.2627 -0.6585 -0.7053
vn 0.4306 -0.1119 -0.8956
vn -0.0847 -0.7364 0.6712
vn -0.3338 -0.3964 0.8553
vn 0.2692 0.4307 -0.8614
vn 0.3126 -0.7491 -0.5840
vn -0.0112 -0.9981 0.0613
vn 0.2257 -0.9594 0.1693
vn 0.1783 0.0793 -0.9808
vn -0.0425 -0.9713 0.2340
vn -0.1749 0.8747 0.4519
vn 0.9608 -0.1240 0.2480
vn -0.5860 -0.5996 -0.5451
vn 0.8465 -0.2381 0.4762
vn -0.1949 0.9747 -0.1097
vn 0.7715 -0.6257 0.1154
vn -0.4850 -0.2156 -0.8475
vn -0.9064 -0.0103 -0.4223
vn 0.1125 -0.9251 -0.3626
vn -0.9395 0.2349 -0.2495
vn -0.2429 0.7287 0.6403
vn -0.6575 -0.7193 -0.2243
vn -0.9602 0.1055 -0.2585
vn -0.4580 -0.2910 -0.8400
vn 1.0000 -0.0000 -0.0000
vn 0.1980 -0.6931 -0.6931
vn 0.3771 0.4525 -0.8081
vn -0.8301 0.0692 0.5534
vn 0.4851 0.7276 0.4851
vn 0.9981 -0.0000 0.0624
vn -0.9786 0.2056 0.0082
vn -0.9117 -0.2279 -0.3419
vn 0.2099 -0.0954 0.9731
vn -0.5560 -0.6178 0.5560
vn 0.7044 0.0880 -0.7044
vn 0.5428 0.6657 0.5121
vn -0.9899 -0.1414 -0.0000
vn -0.9941 0.0120 -0.1078
vn -0.9889 0.1364 0.0597
vn 0.9887 0.1190 0.0915
vn -0.8615 0.3916 -0.3231
vn -0.9739 -0.1437 0.1756
vn 0.9378 0.3466 -0.0204
vn 0.6487 -0.4423 0.6193
vn -0.8403 0.3151 -0.4412
vn 0.1071 0.2857 0.9523
vn -0.7549 -0.5478 -0.3607
vn 0.8000 -0.0000 0.6000
vn 0.5322 0.7687 -0.3548
vn 0.9918 -0.0902 -0.0902
vn -0.1158 -0.9927 -0.0331
vn -0.0830 -0.9957 -0.0415
vn 0.6712 0.7383 0.0671
vn -0.9676 0.0726 0.2419
vn -0.3498 -0.9327 0.0874
vn 0.9589 -0.2763 -0.0650
vn -0.6242 -0.7803 -0.0390
vn 0.9560 -0.2860 -0.0654
vn 0.9416 0.3105 -0.1302
vn -0.0372 -0.9852 0.1673
vn -0.9802 -0.1400 -0.1400
vn -0.0901 -0.4760 -0.8748
vn 0.5028 -0.8333 0.2299
vn -0.7177 0.5437 0.4350
vn -0.5298 -0.6623 -0.5298
vn -0.2557 -0.8600 0.4416
vn 0.1653 0.7878 0.5933
vn -0.4582 0.6060 0.6503
vn 0.0765 -0.9941 0.0765
vn 0.9503 -0.2592 0.1728
vn 0.9837 0.1046 0.1465
vn 0.9829 0.0968 0.1564
vn 0.3906 0.9113 0.1302
vn 0.2186 0.7709 0.5983
vn 0.7083 0.5247 -0.4722
vn -0.3392 -0.3131 0.8871
vn 0.5479 0.0522 0.8349
vn 0.9850 0.0857 0.1499
vn -0.4806 0.1442 0.8650
vn -0.6810 -0.5959 -0.4256
vn 0.9825 0.1034 0.1551
vn -0.6585 -0.7526 -0.0000
vn -0.6508 -0.7593 -0.0000
vn -0.6191 -0.7842 -0.0413
vn 0.6671 0.7412 0.0741
vn -0.2873 -0.7663 -0.5747
vn -0.1864 -0.8078 -0.5592
vn 0.8538 0.2328 -0.4657
vn -0.6034 -0.7974 -0.0108
vn -0.0000 -0.9701 -0.2425
vn 0.2058 0.2470 0.9469
vn -0.1421 0.3553 0.9239
vn -0.2629 0.9043 0.3365
vn -0.0280 0.9472 0.3195
vn 0.6271 0.1393 0.7664
vn -0.1241 0.1336 0.9832
vn 0.1590 0.4675 0.8696
vn -0.6591 -0.7061 -0.2589
vn -0.0000 -0.9985 -0.0555
vn 0.2491 -0.8305 0.4983
vn -0.2857 -0.4286 0.8571
vn -0.3482 -0.9373 -0.0134
vn 0.1808 -0.1644 -0.9697
vn 0.3486 0.6415 0.6833
vn -0.5774 0.5774 -0.5774
vn -0.8165 -0.4082 -0.4082
vn -0.0686 0.6521 0.7550
vn -0.0000 0.1644 0.9864
vn 0.3941 -0.9049 -0.1606
vn -0.0000 -0.8682 0.4961
vn -0.9847 0.1231 0.1231
vn 0.9979 0.0256 0.0597
vn 0.4166 -0.2586 0.8715
vn 0.3645 -0.2916 0.8844
vn -0.7155 -0.5724 0.4007
vn -0.1124 -0.0900 0.9896
vn -0.2038 0.7132 -0.6707
vn -0.9116 0.0372 -0.4093
vn -0.0459 0.1605 -0.9860
vn -0.1935 0.6774 0.7097
vn 0.7798 -0.1248 0.6135
vn 0.6996 -0.2881 0.6539
vn 0.7430 -0.0572 0.6668
vn 0.2135 -0.3132 0.9254
vn -0.1092 0.3823 -0.9176
vn 0.3825 -0.1849 0.9053
vn -0.2916 0.2566 -0.9215
vn -0.1782 -0.0891 0.9800
vn 0.4654 -0.1952 0.8633
vn 0.7071 -0.0000 0.7071
vn -0.3642 -0.6724 0.6444
vn 0.1204 0.2408 -0.9631
vn 0.2093 -0.3381 -0.9176
vn -0.6554 -0.4783 -0.5846
vn 0.7870 -0.4818 0.3854
vn -0.5940 0.8037 -0.0349
vn -0.9571 0.2898 0.0088
vn -0.4682 0.4348 -0.7692
vn -0.1285 0.4499 -0.8838
vn 0.1695 -0.4332 0.8852
vn 0.4860 -0.0791 0.8703
vn 0.3162 -0.3649 0.8757
vn 0.5774 0.5774 -0.5774
vn 0.5353 -0.4283 0.7280
vn 0.5073 0.2403 0.8276
vn 0.7449 -0.0604 0.6644
vn 0.7255 -0.5975 0.3414
vn -0.0192 0.1924 0.9811
vn -0.0000 -0.3939 -0.9191
vn -0.9436 -0.0236 -0.3303
vn 0.7068 -0.6816 -0.1893
vn -0.3468 -0.7804 -0.5203
vn -0.7836 -0.0327 0.6204
vn -0.6215 -0.6969 0.3579
vn -0.1956 -0.9781 -0.0711
vn -0.3665 -0.3665 -0.8552
vn -0.0000 -0.3714 -0.9285
vn -0.7877 -0.3357 0.5165
vn 0.8808 0.4698 -0.0587
vn -0.5908 -0.3692 -0.7174
vn 0.0445 -0.8447 0.5335
vn 0.0188 -0.9982 -0.0565
vn -0.5901 -0.3471 -0.7289
vn -0.7682 -0.5121 -0.3841
vn -0.8693 -0.3050 -0.3889
vn -0.5809 0.0645 0.8114
vn 0.8374 0.3865 -0.3865
vn 0.8669 0.1576 -0.4729
vn 0.2673 0.8018 -0.5345
vn -0.4196 0.7553 -0.5035
vn -0.5547 -0.8321 -0.0000
vn -0.3115 -0.7959 -0.5191
vn -0.1995 -0.7759 -0.5985
vn -0.7620 -0.2794 0.5842
vn 0.6452 -0.7437 -0.1750
vn -0.3994 -0.6071 0.6870
vn -0.8305 -0.2491 0.4983
vn 0.9083 -0.4157 -0.0462
vn -0.8760 0.4800 0.0480
vn 0.9701 -0.2425 -0.0000
vn 0.8481 -0.4137 -0.3310
vn 0.9427 -0.3279 -0.0615
vn 0.7444 -0.4963 0.4467
vn -0.8198 -0.1708 0.5465
vn 0.8530 -0.3573 0.3804
vn -0.2065 -0.5507 0.8088
vn 0.6963 -0.6963 -0.1741
vn -0.5197 0.8444 0.1299
vn 0.8550 -0.4987 0.1425
vn -0.5740 0.8132 -0.0957
vn 0.3402 0.9072 0.2474
vn 0.7964 0.1738 0.5792
vn 0.8165 -0.4082 0.4082
vn 0.9684 0.0434 -0.2457
vn -0.6297 -0.7452 0.2195
vn -0.7807 0.0195 0.6246
vn -0.7793 0.0153 0.6265
vn 0.6559 -0.1968 -0.7288
vn -0.8296 -0.0198 0.5580
vn -0.5266 -0.2852 -0.8008
vn -0.5345 0.8018 -0.2673
vn -0.4238 -0.3543 -0.8336
vn 0.2315 -0.4920 0.8393
vn -0.3961 -0.7774 -0.4886
vn 0.7810 0.0547 0.6222
vn 0.9054 -0.0229 0.4240
vn 0.7718 0.3308 0.5431
vn -0.9181 0.2295 -0.3230
vn -0.9702 -0.0292 -0.2407
vn -0.9486 -0.1532 -0.2769
vn -0.5385 -0.8386 -0.0822
vn -0.5685 0.1560 -0.8077
vn -0.8377 0.0419 -0.5445
vn -0.9062 -0.0551 -0.4192
vn 0.8329 -0.0694 0.5490
vn -0.5704 0.1726 -0.8030
vn -0.1780 0.1001 0.9789
vn -0.4082 -0.8165 -0.4082
vn -0.5797 -0.2577 0.7730
vn 0.1019 0.9855 -0.1359
vn 0.5480 -0.8180 -0.1747
vn 0.8242 0.5494 -0.1374
vn -0.0000 1.0000 -0.0000
vn -0.1348 0.1054 -0.9853
vn -0.9693 -0.0927 0.2276
vn 0.6073 -0.0506 -0.7929
vn -0.4952 -0.5413 -0.6795
vn -0.5615 -0.8183 -0.1230
vn -0.3145 0.9435 0.1048
vn -0.0866 0.0072 -0.9962
vn -0.2182 -0.8729 -0.4364
vn -0.4673 -0.7908 -0.3954
vn -0.1996 -0.0887 -0.9759
vn -0.1775 0.1221 0.9765
vn 0.5322 -0.8446 0.0579
vn 0.1771 -0.1392 -0.9743
vn -0.0983 0.8355 -0.5406
vn -0.3829 -0.3210 -0.8663
vn -0.1474 -0.8847 -0.4423
vn -0.0725 -0.7783 -0.6236
vn -0.2343 -0.0746 -0.9693
vn 0.7681 -0.2095 0.6051
vn 0.5774 -0.7334 0.3589
vn -0.3123 -0.7286 0.6096
vn -0.2756 -0.2085 -0.9384
vn -0.0741 0.7412 0.6671
vn -0.3430 -0.4736 -0.8112
vn 0.1771 0.1392 0.9743
vn 0.3621 0.4527 0.8148
vn -0.5599 -0.8184 -0.1292
vn 0.6149 0.0978 0.7825
vn 0.8474 -0.3874 -0.3632
vn 0.8435 -0.3460 -0.4109
vn -0.9412 0.1145 -0.3180
vn -0.8893 -0.1911 -0.4155
vn 0.1959 0.4808 -0.8547
vn 0.4987 0.0712 -0.8638
vn 0.6058 -0.5626 -0.5626
vn -0.2138 -0.3848 0.8979
vn -0.3650 0.6648 0.6518
vn 0.2294 0.6882 -0.6882
vn 0.7454 -0.2981 -0.5963
vn 0.2673 0.5345 -0.8018
vn -0.8742 0.2498 0.4163
vn 0.1374 0.8242 -0.5494
vn 0.7171 0.3586 0.5976
vn 0.3043 -0.4395 0.8452
vn 0.7333 -0.1333 -0.6667
vn 0.4472 -0.8944 -0.0000
vn -0.4082 0.4082 0.8165
vn -0.8363 0.3041 -0.4562
vn 0.7732 0.6340 0.0155
vn 0.3548 -0.2957 0.8870
vn -0.4472 0.8944 -0.0000
vn -0.9671 -0.1138 -0.2276
vn -0.6667 0.3333 0.6667
vn 0.1646 -0.8887 0.4279
vn -0.5571 -0.3714 -0.7428
vn -0.2357 0.9428 0.2357
vn 0.7067 0.3029 0.6394
vn -0.1820 0.6187 0.7643
vn 0.4737 -0.8651 -0.1648
vn 0.3015 0.9045 -0.3015
vn -0.8754 -0.4815 -0.0438
vn 0.7863 0.6116 0.0874
vn 0.1236 -0.6593 -0.7417
vn -0.0572 -0.9718 -0.2287
vn -0.5774 0.5773 -0.5774
vn 0.5953 0.6746 0.4365
vn 0.9045 0.4221 0.0603
vn 0.1676 0.4788 -0.8618
vn 0.7071 -0.7071 -0.0000
vn 0.2369 -0.7701 0.5923
vn -0.3743 0.3119 0.8733
vn -0.0507 -0.4056 0.9126
vn 0.1990 0.3980 -0.8955
vn 0.7224 0.5372 0.4353
vn 0.6604 0.5879 0.4671
vn -0.0134 -0.9926 0.1207
vn 0.5681 0.5235 0.6349
vn 0.7000 0.3281 0.6343
vn 0.1111 0.7776 0.6189
vn -0.7934 -0.5824 0.1772
vn -0.8363 -0.4562 0.3041
vn 0.3788 0.8597 0.3427
vn -0.4521 -0.6425 -0.6187
vn -0.6963 -0.6963 0.1741
vn -0.8566 0.4942 0.1483
vn 0.1046 -0.8366 -0.5378
vn 0.1240 -0.8025 -0.5836
vn -0.8285 -0.0921 -0.5523
vn -0.0580 -0.5803 -0.8124
vn 0.0276 -0.4960 -0.8679
vn 0.3714 0.7428 -0.5571
vn -0.1608 0.0894 0.9829
vn 0.2314 -0.1286 0.9643
vn 0.5160 0.4250 0.7437
vn -0.1138 -0.2276 -0.9671
vn -0.0000 -0.4961 -0.8682
vn 0.0218 -0.9946 0.1016
vn 0.0523 -0.9931 0.1045
vn 0.1520 0.9882 -0.0190
vn -0.3482 0.3482 -0.8704
vn -0.2039 0.9028 0.3786
vn -0.3162 -0.0000 -0.9487
vn -0.9535 0.0953 -0.2860
vn 0.1785 0.9817 -0.0669
vn 0.1921 0.9782 -0.0786
vn -0.0424 -0.2122 -0.9763
vn 0.2190 0.4806 -0.8491
vn 0.5430 -0.1086 -0.8327
vn 0.4364 0.2182 -0.8729
vn 0.4364 -0.2182 -0.8729
vn -0.9045 0.3015 -0.3015
vn -0.9187 0.1767 -0.3533
vn 0.6417 0.7142 0.2795
vn 0.4544 0.8025 0.3867
vn 0.8437 -0.0000 -0.5369
vn 0.0628 -0.9107 -0.4082
vn 0.1961 -0.7845 -0.5883
vn -0.2192 0.6028 -0.7672
vn -0.5569 0.7956 0.2387
vn -0.4472 -0.8944 -0.0000
vn -0.7462 -0.1444 0.6499
vn 0.6672 -0.1053 -0.7374
vn -0.4243 -0.7071 0.5657
vn -0.8431 0.4456 0.3011
vn -0.6788 -0.4073 0.6110
vn -0.9623 0.1690 0.2130
vn 0.7790 -0.5867 0.2212
vn 0.6433 0.4402 -0.6264
vn -0.7687 -0.3548 0.5322
vn 0.2992 -0.6283 -0.7181
vn -0.6317 0.4071 0.6598
vn -0.1361 -0.2722 -0.9526
vn 0.7884 -0.2478 -0.5631
vn 0.3743 0.6238 -0.6862
vn -0.9200 0.2136 0.3286
vn -0.8339 0.5307 -0.1516
vn 0.4851 0.4851 -0.7276
vn -0.0000 0.9701 -0.2425
vn -0.0192 -0.9773 0.2108
vn -0.6553 -0.5929 -0.4681
vn -0.2216 0.4063 -0.8865
vn -0.2956 -0.5054 0.8106
vn 0.4454 0.0891 -0.8909
vn 0.3637 -0.5819 -0.7274
vn 0.3333 0.1333 -0.9333
vn -0.2722 0.1361 -0.9526
vn -0.8041 0.1532 -0.5744
vn -0.2182 -0.4364 -0.8729
vn 0.3091 0.8830 -0.3532
vn -0.5591 -0.4958 -0.6646
vn -0.2589 -0.1394 -0.9558
vn 0.2666 0.0580 -0.9621
vn 0.4244 -0.0320 -0.9049
vn 0.6703 0.7408 -0.0441
vn -0.3765 -0.9259 -0.0305
vn -0.3419 -0.9117 -0.2279
vn 0.1484 -0.8480 -0.5088
vn 0.6885 0.6101 0.3922
vn -0.1061 -0.7639 -0.6366
vn -0.6368 0.5195 -0.5698
vn -0.3305 0.7971 -0.5055
vn 0.0933 0.8587 0.5040
vn 0.8427 -0.2408 -0.4815
vn 0.5121 0.3841 0.7682
vn -0.7633 -0.4626 -0.4510
vn -0.8810 -0.3263 -0.3426
vn 0.8835 -0.3313 -0.3313
vn 0.5774 0.5774 0.5774
vn -0.5345 0.2673 0.8018
vn 0.4657 0.5433 0.6985
vn -0.2073 -0.7876 -0.5803
vn 0.9718 0.2260 0.0678
vn -0.1943 0.1360 -0.9715
vn -0.0000 1.0000 0.0001
vn -0.1228 0.1404 -0.9825
vn -0.0000 -0.1414 -0.9899
vn 0.1093 0.1406 -0.9840
vn 0.1104 -0.0158 -0.9938
vn -0.1225 -0.1575 -0.9799
vn 0.0987 0.1269 -0.9870
vn -0.2402 0.1373 -0.9610
vn -0.1343 -0.3134 -0.9401
vn -0.0000 -0.3162 -0.9487
vn 0.2798 -0.0400 -0.9592
vn 0.2992 -0.2565 -0.9191
vn 0.2157 0.1078 -0.9705
vn 0.2157 -0.1078 -0.9705
vn -0.2936 -0.1762 -0.9396
vn -0.2357 -0.2357 -0.9428
vn -0.3310 0.2483 -0.9104
vn 0.3310 0.2483 -0.9104
vn -0.2605 -0.4466 -0.8560
vn -0.3043 -0.4366 -0.8467
vn -0.0880 -0.7044 -0.7044
vn -0.0880 0.7044 -0.7044
vn 0.0705 0.7053 -0.7053
vn -0.0000 -0.7071 -0.7071
vn 0.4943 -0.4237 -0.7591
vn 0.4508 -0.6312 -0.6312
vn -0.4139 -0.2822 -0.8655
vn -0.2800 0.7599 -0.5866
vn -0.1967 0.7691 -0.6081
vn -0.0187 0.2425 -0.9700
vn 0.3041 0.6516 -0.6950
vn 0.1080 0.7365 -0.6678
vn -0.0000 0.2425 -0.9701
vn 0.4915 -0.2457 -0.8355
vn 0.3694 -0.4721 -0.8004
vn -0.4846 -0.2254 -0.8452
vn -0.0249 0.3236 -0.9459
vn -0.0000 -0.2747 -0.9615
vn -0.1325 -0.2548 -0.9579
vn -0.5374 0.1847 -0.8229
vn -0.5178 0.2239 -0.8257
vn 0.1034 0.2412 -0.9649
vn 0.2063 -0.2959 -0.9327
vn 0.1935 0.0387 -0.9803
vn -0.5766 -0.3034 -0.7586
vn -0.1323 0.3529 -0.9263
vn -0.1552 0.2759 -0.9486
vn 0.6050 0.1592 -0.7801
vn 0.5552 0.2630 -0.7890
vn 0.1424 -0.1627 -0.9763
vn -0.1406 -0.2641 -0.9542
vn -0.1122 -0.3142 -0.9427
vn -0.1178 -0.3140 -0.9421
vn 0.1111 0.8889 -0.4444
vn -0.0000 -1.0000 -0.0000
vn -0.0000 0.8944 -0.4472
vn 0.0643 0.9642 -0.2571
vn -0.0905 -0.0000 -0.9959
vn -0.8529 -0.5212 -0.0316
vn -0.1185 -0.9478 -0.2962
vn -0.1289 0.0859 -0.9879
vn -0.0000 -0.8000 -0.6000
vn -0.1343 -0.9401 -0.3134
vn -0.0000 -0.9487 -0.3162
vn 0.5610 -0.7854 -0.2618
vn 0.1104 -0.0000 -0.9939
vn 0.0905 -0.0000 -0.9959
vn -0.0000 0.1644 -0.9864
vn -0.1644 -0.0000 -0.9864
vn -0.0830 -0.9965 -0.0000
vn -0.0605 0.2421 -0.9684
vn -0.0546 0.2550 -0.9654
vn -0.1778 0.9336 -0.3112
vn 0.0968 0.9442 -0.3147
vn 0.0788 -0.3152 -0.9457
vn 0.1644 -0.0000 -0.9864
vn 0.0605 0.2421 -0.9684
vn 0.0814 0.1955 -0.9773
vn -0.0611 0.8866 -0.4586
vn -0.3015 -0.3015 -0.9045
vn -0.2286 0.2895 -0.9295
vn -0.3156 0.0631 -0.9468
vn -0.0603 0.9045 -0.4221
vn 0.0358 0.9674 -0.2508
vn -0.1122 0.0748 -0.9909
vn -0.1521 -0.0000 -0.9884
vn 0.1063 0.1807 -0.9778
vn 0.1166 0.1633 -0.9797
vn 0.1724 -0.7880 -0.5910
vn 0.2944 0.0589 -0.9539
vn 0.2856 -0.1576 -0.9453
vn 0.3004 0.0429 -0.9528
vn -0.1204 0.2408 -0.9631
vn -0.1455 0.1940 -0.9701
vn -0.1610 -0.6979 -0.6979
vn -0.1360 -0.7760 -0.6160
vn -0.0638 0.4463 -0.8926
vn 0.0269 -0.9698 -0.2424
vn 0.0790 0.5530 -0.8295
vn 0.1455 0.1940 -0.9701
vn -0.3170 -0.3522 -0.8806
vn -0.2722 -0.6804 -0.6804
vn -0.7618 -0.2406 -0.6014
vn -0.2425 -0.0000 -0.9701
vn -0.7551 0.2283 -0.6146
vn -0.8008 0.1335 -0.5839
vn -0.7682 -0.3841 -0.5121
vn -0.0965 0.2734 -0.9570
vn -0.3308 0.8009 -0.4991
vn -0.4178 0.7453 -0.5195
vn -0.2308 0.9231 -0.3077
vn -0.5989 0.6845 -0.4156
vn -0.0277 -0.8738 -0.4855
vn -0.5397 -0.7359 -0.4088
vn -0.4157 -0.6883 -0.5945
vn -0.4649 -0.7438 -0.4803
vn -0.0474 0.0947 -0.9944
vn 0.0754 0.5531 -0.8297
vn 0.4600 -0.7762 -0.4312
vn 0.6322 -0.6773 -0.3763
vn 0.4355 -0.7959 -0.4205
vn 0.4747 0.7245 -0.4997
vn 0.4654 0.7313 -0.4986
vn 0.3261 0.8968 -0.2989
vn 0.0912 0.2736 -0.9575
vn -0.1103 0.5513 -0.8270
vn 0.5220 -0.6960 -0.4930
vn 0.7687 0.2023 -0.6068
vn 0.6064 0.6930 -0.3898
vn 0.7618 -0.2406 -0.6014
vn 0.7682 -0.3841 -0.5121
vn 0.8008 0.1335 -0.5839
vn 0.0830 -0.9965 -0.0000
vn 0.2425 -0.0000 -0.9701
vn 0.1596 0.2394 -0.9577
vn -0.1961 -0.0000 -0.9806
vn -0.0404 -0.9694 -0.2423
vn -0.1414 -0.9896 -0.0283
vn -0.3533 -0.9328 -0.0707
vn -0.0000 -0.9285 -0.3714
vn -0.1240 -0.9923 -0.0000
vn 0.3590 -0.9333 -0.0000
vn 0.0202 -0.9699 -0.2425
vn 0.0404 -0.9694 -0.2423
vn 0.1958 0.1612 -0.9673
vn 0.2983 -0.7636 -0.5727
vn 0.3613 -0.5595 -0.7460
vn -0.1293 0.7328 -0.6681
vn 0.0519 0.8826 -0.4673
vn -0.2937 -0.2318 -0.9274
vn -0.1025 0.2049 -0.9734
vn -0.1667 0.0926 -0.9816
vn -0.0299 0.4854 -0.8738
vn -0.0762 0.4383 -0.8956
vn 0.0324 0.4854 -0.8737
vn 0.0743 0.4460 -0.8920
vn 0.1025 0.2049 -0.9734
vn 0.1667 0.0926 -0.9816
vn -0.0274 0.8913 -0.4525
vn 0.1593 0.7368 -0.6571
vn 0.3392 -0.1475 -0.9291
vn -0.2755 0.1885 -0.9426
vn -0.0372 -0.8938 -0.4469
vn -0.2981 -0.3898 -0.8713
vn -0.2018 0.2691 -0.9417
vn -0.1631 0.3363 -0.9275
vn -0.1223 -0.8996 -0.4192
vn -0.1077 -0.9231 -0.3692
vn 0.1604 -0.9165 -0.3666
vn 0.1493 -0.9280 -0.3413
vn 0.2018 0.2691 -0.9417
vn 0.1778 0.3112 -0.9336
vn 0.2853 -0.5389 -0.7926
vn 0.2621 0.1893 -0.9463
vn 0.2793 0.1579 -0.9471
vn -0.2170 -0.2368 -0.9470
vn -0.3166 -0.8777 -0.3597
vn -0.0605 -0.9684 -0.2421
vn -0.0646 0.4846 -0.8723
vn -0.1762 0.9396 -0.2936
vn -0.2295 0.9267 -0.2976
vn 0.1240 0.9923 -0.0000
vn 0.0919 0.9701 -0.2247
vn 0.2886 0.9515 -0.1069
vn -0.1104 0.9939 -0.0000
vn 0.0490 -0.9794 -0.1959
vn 0.1111 0.4444 -0.8889
vn 0.0646 0.4846 -0.8723
vn 0.3907 0.2233 -0.8930
vn 0.2170 -0.2368 -0.9470
vn -0.4472 -0.3322 -0.8305
vn -0.4665 0.0933 -0.8796
vn -0.4726 0.0788 -0.8777
vn -0.3359 0.1080 -0.9357
vn -0.1948 0.3680 -0.9092
vn -0.2621 -0.0874 -0.9611
vn 0.0651 -0.8076 -0.5861
vn -0.1827 -0.8431 -0.5058
vn -0.0976 0.1952 -0.9759
vn -0.0000 0.9285 -0.3714
vn 0.0588 -0.7059 -0.7059
vn 0.0868 0.1954 -0.9769
vn -0.0000 0.3162 -0.9487
vn 0.3359 0.1080 -0.9357
vn 0.1948 0.3680 -0.9092
vn 0.2900 -0.8830 -0.3690
vn 0.2848 -0.8900 -0.3560
vn 0.2885 0.7453 -0.6011
vn 0.4982 0.0712 -0.8642
vn -0.4449 -0.3203 -0.8364
vn -0.3648 -0.2258 -0.9033
vn -0.2014 0.3398 -0.9187
vn -0.3487 0.1162 -0.9300
vn 0.1204 0.9631 -0.2408
vn 0.0464 0.9275 -0.3710
vn 0.1400 0.9802 -0.1400
vn 0.0129 0.9899 -0.1414
vn 0.3586 -0.5976 -0.7171
vn -0.1204 0.9631 -0.2408
vn -0.0464 0.9275 -0.3710
vn 0.2241 0.3082 -0.9245
vn 0.3487 0.1162 -0.9300
vn 0.3858 -0.5535 -0.7381
vn 0.4965 -0.3253 -0.8047
vn -0.2832 -0.7237 -0.6293
vn 0.4138 0.9104 -0.0000
vn -0.0000 -0.9864 0.1644
vn -0.0908 -0.7265 -0.6811
vn 0.0152 0.9904 -0.1371
vn -0.0983 0.9338 -0.3440
vn -0.1525 0.9588 -0.2397
vn -0.4082 -0.4082 -0.8165
vn -0.8242 0.1374 -0.5494
vn -0.2323 0.7434 -0.6272
vn -0.3137 0.6651 -0.6777
vn -0.6396 0.6396 -0.4264
vn -0.3002 0.3902 -0.8704
vn -0.1562 0.5622 -0.8121
vn -0.2256 0.4731 -0.8516
vn 0.1148 0.9566 -0.2678
vn 0.1311 0.9618 -0.2404
vn 0.1881 0.9407 -0.2822
vn -0.1920 0.8961 -0.4001
vn -0.3020 0.1870 -0.9348
vn 0.0964 0.8099 0.5785
vn 0.1580 0.7586 0.6321
vn -0.2423 0.0404 -0.9694
vn -0.1193 -0.9547 0.2728
vn -0.0000 -0.9191 0.3939
vn -0.0109 -0.9899 0.1414
vn 0.1438 -0.8053 -0.5752
vn 0.1920 0.8961 -0.4001
vn 0.3020 0.1870 -0.9348
vn 0.2423 0.0404 -0.9694
vn -0.0178 -0.9804 -0.1961
vn 0.0183 -0.9710 -0.2382
vn 0.1907 0.4767 -0.8581
vn 0.2341 0.4348 -0.8696
vn 0.3002 0.3902 -0.8704
vn 0.1749 0.5421 -0.8219
vn 0.4518 -0.1084 -0.8855
vn 0.2900 0.6628 -0.6904
vn 0.3539 -0.4183 -0.8365
vn 0.4066 -0.5631 -0.7195
vn -0.4402 0.1761 -0.8805
vn -0.4215 -0.2199 -0.8797
vn -0.4032 -0.3155 -0.8590
vn -0.2355 -0.8915 -0.3869
vn -0.2989 -0.8370 -0.4584
vn -0.8571 -0.4286 -0.2857
vn -0.9420 0.1570 -0.2966
vn -0.9762 -0.0000 -0.2169
vn -0.6245 0.7137 -0.3172
vn -0.5721 0.7818 -0.2479
vn -0.8359 0.5015 -0.2229
vn -0.5145 -0.8232 -0.2401
vn -0.8133 -0.5422 -0.2109
vn -0.2950 0.7165 -0.6322
vn 0.5623 -0.4962 0.6615
vn -0.3412 -0.9229 -0.1784
vn -0.1092 -0.9558 0.2731
vn -0.4859 -0.8503 -0.2024
vn 0.3526 -0.9325 -0.0784
vn 0.0958 -0.9149 0.3921
vn 0.5828 -0.7771 -0.2375
vn 0.4932 -0.8630 -0.1096
vn 0.6245 0.7137 -0.3172
vn 0.5721 0.7818 -0.2479
vn 0.8680 -0.4340 -0.2411
vn 0.8503 -0.4859 -0.2024
vn 0.9420 0.1570 -0.2966
vn 0.8359 0.5015 -0.2229
vn 0.9762 -0.0000 -0.2169
vn 0.2233 -0.8930 -0.3907
vn 0.2868 -0.8385 -0.4634
vn 0.4215 -0.2199 -0.8797
vn 0.4032 -0.3155 -0.8590
vn 0.4423 0.1474 -0.8847
vn 0.4283 0.1772 -0.8861
vn -0.4729 0.1576 -0.8669
vn -0.2281 0.6082 -0.7603
vn -0.4339 0.0620 -0.8988
vn -0.0686 0.8923 -0.4462
vn -0.1193 0.8352 -0.5369
vn -0.0821 -0.9966 0.0117
vn -0.1360 -0.9905 0.0194
vn -0.0214 -0.9862 0.1644
vn 0.0830 0.9965 -0.0000
vn -0.8165 0.2198 -0.5339
vn 0.6776 -0.7228 -0.1355
vn -0.0830 0.9965 -0.0000
vn 0.1130 -0.9931 0.0323
vn 0.0471 -0.9889 0.1413
vn 0.1455 0.8001 -0.5819
vn 0.0686 0.8923 -0.4462
vn -0.4080 -0.7395 -0.5355
vn 0.1961 0.9806 -0.0000
vn 0.1789 0.9839 -0.0000
vn -0.1789 0.9839 -0.0000
vn -0.1558 0.9864 -0.0519
vn -0.1961 0.9806 -0.0000
vn 0.4264 -0.6396 -0.6396
vn 0.3102 0.6010 -0.7367
vn -0.4811 -0.6949 -0.5345
vn -0.2410 -0.8835 -0.4016
vn -0.1427 -0.8086 -0.5708
vn -0.1494 -0.8046 -0.5747
vn -0.1693 0.9594 -0.2257
vn -0.1360 -0.3613 -0.9225
vn -0.8159 0.2147 -0.5368
vn -0.1185 0.2962 -0.9478
vn -0.2932 0.1710 -0.9406
vn 0.1058 0.2857 -0.9524
vn 0.2320 0.1740 -0.9570
vn 0.1039 0.9814 -0.1616
vn 0.8654 0.3409 -0.3672
vn 0.9776 0.0782 -0.1955
vn 0.1468 -0.3604 -0.9211
vn 0.1427 -0.8086 -0.5708
vn 0.1494 -0.8046 -0.5747
vn 0.3019 0.7896 -0.5342
vn 0.3447 0.7557 -0.5568
vn -0.0485 0.2423 -0.9690
vn -0.3751 0.4502 -0.8103
vn -0.4082 0.4082 -0.8165
vn -0.2248 0.5340 -0.8150
vn -0.2129 0.1916 -0.9581
vn -0.3458 0.7850 -0.5140
vn -0.5006 0.6794 -0.5364
vn 0.0716 0.3581 -0.9309
vn 0.1924 0.1924 -0.9623
vn -0.5031 0.6708 -0.5450
vn -0.0399 0.4255 -0.9041
vn -0.1080 0.2956 -0.9492
vn 0.0601 0.3603 -0.9309
vn -0.2957 0.3548 -0.8870
vn 0.9376 0.2943 -0.1853
vn -0.9635 -0.1606 0.2141
vn 0.5582 0.7591 -0.3349
vn -0.0289 -0.5206 -0.8533
vn -0.2434 -0.9249 -0.2921
vn -0.7448 -0.5793 -0.3310
vn 0.0967 -0.9949 -0.0276
vn 0.7091 -0.6754 -0.2026
vn -0.9191 0.2992 -0.2565
vn -0.5692 0.7343 -0.3700
vn -0.7623 0.6298 -0.1492
vn 0.2065 -0.7573 -0.6196
vn 0.0163 0.3741 -0.9272
vn -0.1546 0.3401 -0.9276
vn 0.3491 0.7701 -0.5339
vn 0.3462 0.7723 -0.5326
vn 0.2107 0.2371 -0.9484
vn 0.3751 0.4502 -0.8103
vn 0.4082 0.4082 -0.8165
vn -0.3093 0.8506 -0.4253
vn -0.0586 0.9966 0.0586
vn -0.1322 -0.9912 -0.0000
vn -0.1414 -0.9899 -0.0000
vn 0.7413 0.6558 0.1426
vn -0.7555 0.6538 0.0436
vn 0.2797 -0.9302 -0.2378
vn 0.1714 -0.9575 -0.2318
vn 0.1039 -0.9941 0.0297
vn 0.2857 0.8571 -0.4286
vn -0.5153 0.0736 -0.8539
vn -0.2071 -0.9600 -0.1882
vn -0.1926 0.9225 -0.3345
vn 0.0077 0.8649 -0.5019
vn -0.5384 0.7490 -0.3862
vn -0.3168 -0.5643 -0.7623
vn -0.2706 0.3044 -0.9133
vn -0.3035 0.4902 -0.8171
vn -0.3579 0.4176 -0.8352
vn 0.6000 0.8000 -0.0000
vn -0.6104 0.7884 -0.0763
vn 0.2405 0.4994 -0.8323
vn 0.2857 0.4286 -0.8571
vn -0.5129 0.2430 -0.8233
vn 0.2957 0.3548 -0.8870
vn 0.2748 -0.4947 -0.8245
vn 0.2782 -0.9459 -0.1669
vn 0.0643 -0.9974 0.0322
vn 0.5071 0.1690 -0.8452
vn 0.5039 0.1222 -0.8551
vn -0.4934 -0.3773 -0.7837
vn -0.2908 -0.9369 -0.1939
vn -0.5549 -0.2018 -0.8071
vn -0.6667 -0.3333 -0.6667
vn -0.6882 0.2294 -0.6882
vn 0.2747 -0.0000 -0.9615
vn 0.2787 0.0310 -0.9599
vn -0.2631 0.9648 -0.0000
vn -0.0000 0.8944 0.4472
vn 0.0678 0.5033 -0.8614
vn -0.0999 -0.8654 -0.4910
vn -0.2413 -0.8044 -0.5429
vn -0.1945 -0.1296 -0.9723
vn 0.2131 0.3769 -0.9014
vn 0.0501 0.4010 -0.9147
vn -0.6740 0.1123 -0.7302
vn -0.5453 0.7170 -0.4342
vn -0.2853 -0.4755 -0.8322
vn -0.1096 0.3057 -0.9458
vn 0.0114 0.5145 -0.8574
vn -0.2294 -0.6882 -0.6882
vn -0.1978 -0.7253 -0.6594
vn -0.0301 -0.9934 0.1104
vn 0.0276 -0.9935 0.1104
vn 0.1978 -0.7253 -0.6594
vn 0.0496 0.3425 -0.9382
vn 0.1204 0.2853 -0.9509
vn 0.0405 0.3442 -0.9380
vn -0.0114 0.5145 -0.8574
vn 0.6740 0.1123 -0.7302
vn 0.5453 0.7170 -0.4342
vn 0.2853 -0.4755 -0.8322
vn 0.1945 -0.1296 -0.9723
vn -0.1529 0.3670 -0.9176
vn 0.0999 -0.8654 -0.4910
vn 0.2413 -0.8044 -0.5429
vn 0.0530 0.3709 -0.9272
vn 0.2032 0.9041 -0.3759
vn 0.2596 0.8992 -0.3523
vn 0.4616 0.7364 -0.4946
vn -0.1377 0.4245 -0.8949
vn 0.2631 0.9648 -0.0000
vn -0.3710 -0.0464 -0.9275
vn -0.3077 0.2308 -0.9231
vn 0.6990 0.0999 -0.7081
vn -0.3605 -0.2403 -0.9013
vn 0.4929 -0.3891 -0.7782
vn 0.5501 -0.0705 -0.8321
vn -0.5241 -0.3276 -0.7861
vn -0.6341 0.1516 -0.7582
vn -0.6332 -0.0000 -0.7740
vn -0.4043 0.5287 -0.7464
vn -0.5587 0.2011 -0.8046
vn 0.0089 0.0712 -0.9974
vn -0.4450 0.2832 -0.8496
vn 0.0645 0.3872 -0.9197
vn 0.1596 0.3560 -0.9207
vn -0.1860 0.3163 -0.9302
vn 0.0549 -0.2743 -0.9601
vn 0.5494 -0.8242 0.1374
vn -0.7361 0.6726 -0.0761
vn 0.7057 0.6616 -0.2536
vn 0.7858 -0.5500 0.2829
vn -0.1882 -0.8784 -0.4392
vn -0.1414 -0.0000 -0.9899
vn 0.1240 -0.0000 -0.9923
vn 0.1474 -0.8847 -0.4423
vn -0.0549 -0.2743 -0.9601
vn 0.1768 0.4323 -0.8842
vn -0.1607 0.3708 -0.9147
vn 0.3450 -0.7187 -0.6037
vn -0.1244 0.5753 -0.8085
vn 0.7127 -0.3326 -0.6176
vn 0.6443 -0.4725 -0.6014
vn 0.3793 0.4636 -0.8008
vn 0.5143 0.1469 -0.8449
vn 0.5241 -0.3276 -0.7861
vn 0.6341 0.1516 -0.7582
vn 0.6332 -0.0000 -0.7740
vn -0.4961 -0.0000 -0.8682
vn -0.5066 0.1490 -0.8492
vn -0.5298 0.6623 -0.5298
vn 0.3605 -0.2403 -0.9013
vn 0.4427 -0.1925 -0.8758
vn -0.1617 0.0703 -0.9843
vn -0.2502 0.2641 -0.9315
vn -0.3123 0.2212 -0.9239
vn -0.2873 0.1756 -0.9416
vn -0.2872 0.2154 -0.9333
vn -0.2071 -0.0230 -0.9780
vn -0.3698 -0.0925 -0.9245
vn -0.3835 -0.0767 -0.9204
vn -0.8285 -0.5523 -0.0921
vn -0.9939 -0.0000 -0.1104
vn -0.8500 0.5100 -0.1322
vn -0.9033 0.3995 -0.1563
vn -0.9267 0.3707 -0.0618
vn -0.1783 -0.4161 -0.8917
vn -0.1490 -0.4222 -0.8942
vn -0.4905 -0.8584 -0.1499
vn -0.8584 -0.4905 -0.1499
vn -0.3249 -0.5655 -0.7580
vn -0.3874 0.1808 -0.9040
vn -0.0000 -0.1240 -0.9923
vn -0.1393 -0.9824 -0.1246
vn -0.2354 -0.9296 -0.2837
vn -0.1406 -0.1093 -0.9840
vn -0.2735 0.0957 -0.9571
vn -0.1404 -0.1228 -0.9825
vn -0.2698 0.1888 -0.9442
vn 0.2090 0.0697 -0.9754
vn -0.2837 0.0196 -0.9587
vn -0.0000 0.1961 -0.9806
vn 0.1233 -0.1096 -0.9863
vn 0.1231 -0.1231 -0.9847
vn 0.1393 -0.9824 -0.1246
vn 0.2489 -0.9188 -0.3063
vn 0.3411 -0.5003 -0.7959
vn 0.3697 0.3451 -0.8627
vn 0.4888 0.1711 -0.8554
vn 0.4905 -0.8584 -0.1499
vn -0.0291 -0.1454 -0.9889
vn 0.1783 -0.4161 -0.8917
vn 0.1490 -0.4222 -0.8942
vn 0.8500 0.5100 -0.1322
vn 0.9033 0.3995 -0.1563
vn 0.8584 -0.4905 -0.1499
vn 0.9939 -0.0000 -0.1104
vn 0.9267 0.3707 -0.0618
vn 0.3698 -0.0925 -0.9245
vn 0.3333 -0.1333 -0.9333
vn -0.0716 -0.3581 -0.9309
vn -0.2565 -0.0962 -0.9618
vn 0.2277 0.2791 -0.9329
vn 0.2576 0.2180 -0.9413
vn 0.3123 0.2212 -0.9239
vn 0.1996 0.0380 -0.9791
vn 0.2119 -0.0235 -0.9770
vn 0.2872 0.2154 -0.9333
vn 0.5527 0.6590 -0.5102
vn 0.7167 0.2205 -0.6616
vn 0.4961 -0.0000 -0.8682
vn 0.5075 0.2090 -0.8359
vn -0.5100 -0.1322 -0.8500
vn -0.5581 -0.0865 -0.8253
vn -0.5024 -0.2153 -0.8374
vn -0.3115 0.5339 -0.7861
vn -0.4071 0.3392 -0.8481
vn -0.2631 -0.0000 -0.9648
vn -0.3826 -0.8225 -0.4208
vn -0.4851 -0.7276 -0.4851
vn -0.1858 0.0978 -0.9777
vn 0.3935 0.0437 -0.9183
vn -0.3044 0.1015 -0.9471
vn -0.6196 0.2065 -0.7573
vn -0.2182 -0.1746 0.9602
vn -0.4879 -0.3904 -0.7807
vn -0.0921 0.5523 -0.8285
vn -0.3995 0.5085 -0.7628
vn 0.4685 0.6247 -0.6247
vn -0.6507 0.0181 -0.7591
vn 0.0331 0.7772 -0.6284
vn -0.1872 0.1311 -0.9735
vn -0.2169 -0.0000 -0.9762
vn -0.3440 0.0983 -0.9338
vn -0.3579 0.8352 -0.4176
vn -0.4035 0.7846 -0.4708
vn 0.0465 -0.7954 -0.6043
vn 0.3493 -0.7207 -0.5988
vn -0.3924 -0.4796 -0.7848
vn -0.0733 0.8552 -0.5131
vn 0.0642 0.8557 -0.5134
vn -0.2408 0.1204 -0.9631
vn -0.0000 0.1240 -0.9923
vn 0.3244 0.8111 -0.4867
vn 0.1588 0.2598 -0.9525
vn 0.2316 0.2560 -0.9385
vn 0.1632 0.1224 -0.9790
vn -0.0000 0.8000 -0.6000
vn 0.4658 0.3225 -0.8241
vn -0.0000 -0.2873 -0.9578
vn 0.1063 -0.1564 -0.9820
vn 0.1293 0.3233 -0.9374
vn 0.7506 0.3590 -0.5548
vn 0.0921 0.5523 -0.8285
vn 0.3563 0.5183 -0.7774
vn 0.4609 -0.8016 -0.3808
vn 0.5509 -0.7116 -0.4361
vn -0.3451 -0.3697 -0.8627
vn 0.2481 0.6202 -0.7442
vn 0.3633 0.3460 -0.8650
vn 0.1789 -0.0000 -0.9839
vn 0.6493 0.3401 -0.6802
vn 0.6597 0.2791 -0.6978
vn 0.4423 -0.1474 -0.8847
vn 0.5347 -0.0527 -0.8434
vn 0.4176 -0.3579 -0.8352
vn -0.2981 -0.7454 -0.5963
vn -0.6830 0.3267 -0.6533
vn -0.6707 0.3816 -0.6360
vn -0.0000 0.4961 -0.8682
vn -0.3370 -0.8731 -0.3523
vn -0.5540 0.3092 -0.7730
vn 0.3419 -0.3907 -0.8547
vn 0.2182 -0.4364 -0.8729
vn 0.4729 -0.1576 -0.8669
vn 0.0259 -0.9582 -0.2849
vn 0.0808 -0.4504 -0.8892
vn -0.3746 -0.6556 -0.6556
vn -0.4771 -0.5273 -0.7031
vn 0.0810 0.6801 -0.7287
vn -0.3893 0.1533 -0.9083
vn 0.1099 0.9575 -0.2668
vn 0.0319 0.8940 -0.4470
vn 0.5123 0.2562 -0.8197
vn 0.5091 0.4364 -0.7419
vn -0.2400 0.1440 -0.9600
vn 0.7027 0.5354 -0.4685
vn 0.6110 0.6788 -0.4073
vn -0.6110 0.6788 -0.4073
vn 0.2408 -0.1204 -0.9631
vn 0.1909 0.2291 -0.9545
vn 0.1947 0.1217 -0.9733
vn -0.5581 0.2791 -0.7814
vn -0.1099 0.9575 -0.2668
vn -0.0319 0.8940 -0.4470
vn 0.2742 0.0623 -0.9597
vn -0.0903 0.6859 -0.7220
vn -0.5492 0.4708 -0.6905
vn 0.3333 -0.6667 -0.6667
vn 0.2140 -0.4708 0.8559
vn -0.2315 -0.2977 -0.9262
vn 0.3574 -0.8680 -0.3447
vn 0.6097 0.2944 -0.7359
vn 0.3813 -0.6537 -0.6537
vn -0.1201 -0.9909 -0.0601
vn 0.5369 0.8437 -0.0000
vn -0.3267 0.8868 0.3267
vn -0.1562 0.3123 -0.9370
vn -0.2929 -0.6150 -0.7321
vn -0.4472 -0.5367 -0.7155
vn -0.3023 -0.6677 -0.6803
vn -0.5685 -0.4082 -0.7143
vn 0.5134 0.3267 -0.7935
vn 0.1660 0.4505 -0.8772
vn -0.0857 0.8995 -0.4284
vn 0.1361 0.9526 -0.2722
vn 0.6684 0.5849 -0.4595
vn 0.5910 -0.2216 -0.7757
vn 0.5750 -0.1015 -0.8118
vn 0.6697 -0.0820 -0.7381
vn 0.2119 -0.5298 -0.8212
vn -0.3919 -0.1016 -0.9144
vn -0.3913 -0.1141 -0.9131
vn -0.2671 -0.2337 -0.9349
vn -0.2386 0.1790 -0.9545
vn 0.1524 -0.5238 0.8381
vn -0.2119 -0.5298 -0.8212
vn 0.3919 -0.1016 -0.9144
vn 0.3839 -0.2239 -0.8958
vn -0.5910 -0.2216 -0.7757
vn -0.5883 -0.1961 -0.7845
vn 0.0857 0.8995 -0.4284
vn -0.1361 0.9526 -0.2722
vn -0.0805 -0.4023 -0.9120
vn -0.1668 0.4646 -0.8697
vn -0.6247 0.6247 -0.4685
vn 0.5685 -0.4082 -0.7143
vn 0.3023 -0.6677 -0.6803
vn 0.4472 -0.5367 -0.7155
vn 0.2929 -0.6150 -0.7321
vn 0.2171 0.3437 -0.9136
vn 0.2308 0.3077 0.9231
vn -0.8339 -0.1042 -0.5420
vn -0.4384 -0.7124 -0.5480
vn 0.1422 -0.9481 -0.2844
vn 0.0767 0.3835 -0.9204
vn 0.4351 -0.8287 -0.3522
vn -0.4468 0.0406 0.8937
vn 0.1104 0.3823 -0.9174
vn -0.2586 -0.8908 -0.3736
vn 0.0850 0.9778 0.1913
vn 0.4041 0.1010 0.9091
vn -0.3624 -0.8425 -0.3986
vn 0.4060 -0.0254 0.9135
vn 0.3623 0.3925 -0.8454
vn -0.0587 0.4504 -0.8909
vn -0.4146 0.8884 0.1974
vn -0.4937 -0.0987 -0.8640
vn 0.5307 0.3790 -0.7581
vn -0.4242 -0.5185 -0.7424
vn -0.4888 0.1711 -0.8554
vn -0.4764 0.4168 -0.7741
vn -0.0470 -0.9865 -0.1566
vn 0.1104 -0.9939 -0.0000
vn 0.8575 -0.0000 -0.5145
vn -0.0854 0.2134 -0.9732
vn -0.3923 0.0915 -0.9153
vn -0.3691 0.1107 -0.9228
vn 0.0810 -0.4457 0.8915
vn 0.1474 0.4423 -0.8847
vn -0.1474 -0.4423 0.8847
vn -0.0705 -0.5287 0.8459
vn 0.5345 0.2673 -0.8018
vn 0.2587 0.3363 -0.9055
vn -0.3369 -0.4211 0.8422
vn 0.4191 -0.3492 -0.8381
vn -0.5937 0.2545 -0.7634
vn -0.4375 0.3357 -0.8342
vn -0.5629 0.3549 -0.7465
vn 0.4866 -0.1947 -0.8516
vn 0.1152 0.8642 0.4897
vn 0.6309 0.6940 -0.3470
vn 0.4318 -0.3701 -0.8225
vn -0.6411 -0.1861 -0.7445
vn -0.1383 -0.8992 -0.4150
vn -0.6350 -0.1270 -0.7620
vn -0.6442 -0.2761 -0.7133
vn -0.1111 0.8889 0.4444
vn -0.6163 0.7044 -0.3522
vn -0.4924 0.1231 -0.8616
vn -0.5039 -0.0000 -0.8638
vn 0.1794 -0.6728 -0.7177
vn -0.4158 -0.6930 -0.5890
vn -0.5571 0.3714 -0.7428
vn 0.1672 -0.6687 -0.7245
vn -0.6369 0.4777 -0.6051
vn -0.4630 0.5787 -0.6713
vn -0.6172 0.1543 -0.7715
vn 0.5659 0.1617 0.8085
vn 0.1653 0.7488 -0.6418
vn 0.7570 -0.2993 -0.5809
vn -0.3691 -0.8047 -0.4651
vn -0.2463 -0.8724 -0.4221
vn -0.3768 -0.6639 -0.6460
vn -0.2873 0.4179 -0.8619
vn 0.2687 -0.5869 -0.7637
vn 0.5374 0.4299 -0.7255
vn 0.0857 -0.5602 -0.8239
vn -0.3386 -0.6251 -0.7033
vn -0.4039 -0.5807 -0.7069
vn 0.1968 0.9206 -0.3373
vn 0.3549 0.7098 -0.6084
vn -0.4305 0.5344 -0.7274
vn -0.5571 0.7428 -0.3714
vn -0.5383 0.7586 -0.3671
vn -0.2046 0.8184 -0.5371
vn -0.8212 0.2377 -0.5187
vn -0.4855 -0.6854 -0.5426
vn 0.5307 -0.3790 -0.7581
vn 0.6464 -0.1643 -0.7451
vn 0.5244 0.6515 -0.5482
vn 0.4242 -0.2969 -0.8555
vn 0.7035 0.4962 -0.5088
vn 0.6645 -0.1812 -0.7249
vn -0.4848 -0.2121 -0.8485
vn -0.0559 0.1958 -0.9790
vn 0.4924 -0.1231 -0.8616
vn -0.6860 0.5145 -0.5145
vn -0.8835 0.2344 -0.4057
vn -0.8267 -0.0670 -0.5586
vn -0.7210 0.4991 -0.4807
vn 0.0559 0.1958 -0.9790
vn 0.3913 -0.1141 -0.9131
vn -0.6645 -0.1812 -0.7249
vn 0.3839 -0.2240 -0.8958
vn 0.3825 0.2391 -0.8925
vn 0.3227 0.5736 -0.7529
vn 0.0203 -0.1215 -0.9924
vn 0.5465 0.1708 -0.8198
vn -0.4743 -0.4032 -0.7826
vn 0.3465 0.8871 -0.3049
vn 0.5773 -0.5774 -0.5774
vn 0.2270 -0.7103 -0.6663
vn 0.6388 -0.3084 -0.7049
vn 0.6172 0.1543 -0.7715
vn 0.7071 -0.0000 -0.7071
vn 0.7717 0.1828 -0.6092
vn 0.5246 -0.5864 -0.6172
vn 0.4319 0.8639 -0.2592
vn -0.7443 -0.4041 -0.5317
vn 0.2365 0.6368 0.7338
vn -0.1798 0.4564 -0.8714
vn 0.1882 -0.4140 0.8906
vn 0.0959 -0.6712 -0.7351
vn 0.4210 0.5807 -0.6968
vn 0.3386 -0.6251 -0.7033
vn 0.3211 -0.0338 -0.9464
vn 0.4039 -0.5807 -0.7069
vn 0.4555 0.7729 -0.4417
vn -0.2408 0.8427 -0.4815
vn 0.2329 0.9315 -0.2794
vn 0.4225 -0.7940 -0.4371
vn 0.3013 -0.8690 -0.3925
vn 0.3419 -0.5926 -0.7293
vn 0.2403 0.3605 -0.9013
vn 0.4472 0.7155 0.5367
vn 0.4785 0.2081 0.8531
vn 0.6509 0.6509 0.3906
vn -0.2545 -0.2545 -0.9330
vn 0.6369 0.4777 -0.6051
vn 0.4654 0.1034 -0.8790
vn -0.5448 0.0726 0.8354
vn 0.4036 0.6054 -0.6861
vn -0.1606 -0.7494 -0.6423
vn 0.0367 -0.8082 -0.5878
vn 0.4924 0.1231 -0.8616
vn 0.4897 0.1433 -0.8600
vn 0.1383 -0.8992 -0.4150
vn 0.6217 -0.0401 -0.7822
vn 0.6350 -0.1270 -0.7620
vn -0.0170 -0.9710 -0.2385
vn -0.0139 -0.9717 -0.2360
vn -0.8145 -0.0905 -0.5731
vn -0.6007 0.2278 -0.7664
vn -0.5811 0.7123 -0.3936
vn -0.5925 0.1791 -0.7854
vn -0.3505 0.4566 -0.8177
vn -0.3291 0.4637 -0.8226
vn -0.4364 0.2182 -0.8729
vn -0.3578 0.2683 -0.8944
vn -0.5975 0.5090 -0.6196
vn 0.0559 0.9500 0.3073
vn -0.3841 0.5121 -0.7682
vn 0.3438 0.3782 -0.8595
vn 0.5309 0.7386 -0.4155
vn 0.5811 0.0211 -0.8136
vn 0.2812 -0.0165 -0.9595
vn -0.2212 0.7405 -0.6347
vn -0.3094 0.7220 -0.6189
vn 0.7517 -0.0835 -0.6542
vn 0.6221 0.1287 -0.7723
vn 0.2525 -0.8172 -0.5182
vn -0.6362 0.1871 -0.7485
vn -0.6671 0.1150 -0.7361
vn -0.4708 0.5563 -0.6847
vn -0.6276 0.3862 -0.6759
vn 0.2300 0.5839 -0.7785
vn 0.8729 -0.2182 -0.4364
vn -0.8391 0.0541 -0.5413
vn -0.7573 0.3140 0.5726
vn 0.7301 -0.3319 -0.5974
vn -0.8088 0.4372 -0.3934
vn 0.7995 -0.2866 -0.5279
vn 0.7573 0.2065 -0.6196
vn 0.5558 0.3389 -0.7591
vn -0.6913 0.1238 -0.7119
vn -0.0000 -0.6247 -0.7809
vn 0.5145 0.6860 -0.5145
vn 0.8847 0.1474 -0.4423
vn 0.5726 -0.1718 -0.8016
vn -0.9129 -0.1826 -0.3651
vn 0.8334 -0.1984 -0.5159
vn -0.9058 -0.2309 -0.3552
vn 0.7659 -0.0137 -0.6428
vn -0.2953 0.5732 -0.7643
vn 0.6276 0.3862 -0.6759
vn 0.4708 0.5563 -0.6847
vn 0.6343 0.1119 -0.7649
vn 0.6273 0.1298 -0.7679
vn -0.4264 -0.6396 -0.6396
vn -0.5364 -0.4138 -0.7356
vn 0.7397 -0.4579 -0.4931
vn 0.8018 -0.2673 -0.5345
vn 0.8572 -0.3297 -0.3956
vn 0.1495 0.4816 -0.8636
vn -0.2767 -0.4842 -0.8301
vn -0.5954 0.0744 -0.8000
vn -0.5744 0.4654 -0.6734
vn -0.6247 -0.0000 -0.7809
vn -0.6434 -0.1809 -0.7439
vn -0.3835 -0.4634 -0.7989
vn -0.3150 -0.5929 -0.7411
vn -0.7035 0.5025 -0.5025
vn -0.7926 0.2265 -0.5661
vn -0.8729 0.2182 -0.4364
vn 0.0571 0.8561 -0.5137
vn -0.2971 0.8783 -0.3746
vn -0.0857 -0.9850 -0.1499
vn -0.5186 0.4094 -0.7506
vn -0.3313 0.4518 -0.8283
vn 0.5483 0.7754 0.3133
vn -0.0907 0.8315 0.5480
vn -0.0727 -0.4844 0.8718
vn -0.2760 -0.3450 0.8971
vn 0.4411 0.1654 -0.8821
vn 0.3618 0.2261 -0.9044
vn -0.4915 -0.5735 -0.6554
vn -0.2293 -0.7133 -0.6623
vn 0.0428 -0.9843 0.1712
vn 0.3509 -0.9124 0.2106
vn -0.4513 -0.2579 0.8543
vn 0.2542 -0.4661 -0.8474
vn 0.2873 -0.0137 -0.9577
vn 0.5780 -0.0723 -0.8128
vn 0.5595 0.5306 -0.6367
vn 0.5747 -0.2873 -0.7663
vn 0.6912 -0.6656 -0.2816
vn -0.6014 0.2406 0.7618
vn 0.8619 -0.0907 -0.4990
vn -0.6882 -0.6882 -0.2294
vn -0.9143 -0.2667 -0.3048
vn 0.3468 -0.7804 -0.5203
vn 0.5730 -0.3363 -0.7474
vn -0.9107 -0.0822 -0.4048
vn -0.9137 -0.0127 -0.4061
vn 0.2930 -0.8446 0.4481
vn 0.2615 -0.8498 0.4576
vn 0.3967 0.2149 0.8925
vn -0.4240 0.3180 -0.8480
vn -0.3507 0.3288 -0.8768
vn -0.9280 0.3609 0.0928
vn 0.0779 -0.5104 0.8564
vn 0.1239 -0.4819 0.8674
vn -0.1374 0.8242 -0.5494
vn -0.1633 0.4082 -0.8981
vn -0.0789 -0.4908 0.8677
vn -0.2562 -0.4910 0.8326
vn -0.1613 0.9677 0.1935
vn 0.9916 0.1271 0.0254
vn 0.3877 0.4985 -0.7754
vn 0.6667 0.3333 -0.6667
vn 0.5017 0.4265 -0.7526
vn 0.6963 0.1741 -0.6963
vn -0.0572 0.8872 -0.4579
vn 0.1961 0.5883 -0.7845
vn 0.5465 -0.1708 -0.8198
vn 0.8968 0.3587 -0.2591
vn 0.9055 -0.2650 -0.3313
vn -0.1042 -0.9030 -0.4168
vn -0.6811 0.0908 -0.7265
vn 0.7124 0.5480 0.4384
vn -0.2673 0.5345 -0.8018
vn 0.8368 -0.3312 -0.4359
vn 0.6722 0.2750 -0.6874
vn 0.6644 -0.0000 -0.7474
vn 0.6208 0.3950 -0.6772
vn 0.9091 0.1010 -0.4041
vn -0.7110 0.2612 -0.6529
vn -0.6007 0.4962 -0.6268
vn -0.5547 0.4992 -0.6656
vn -0.9011 -0.0986 -0.4224
vn -0.9052 -0.0735 -0.4186
vn -0.9262 0.2977 -0.2315
vn -0.9592 0.1499 -0.2398
vn -0.8324 0.1752 -0.5257
vn -0.5133 -0.8555 -0.0684
vn -0.8658 -0.4948 0.0742
vn -0.8180 -0.3234 -0.4756
vn -0.6092 -0.6092 -0.5077
vn 0.2414 -0.9656 0.0966
vn 0.5661 -0.7926 0.2265
vn -0.1590 -0.9539 0.2544
vn 0.4211 0.8422 -0.3369
vn -0.2261 0.9044 -0.3618
vn -0.5145 0.6860 -0.5145
vn -0.6667 0.3333 -0.6667
vn -0.3333 0.7776 -0.5332
vn -0.9950 -0.0000 -0.0995
vn -0.9026 0.3610 -0.2347
vn -0.9495 -0.1055 -0.2954
vn -0.8672 -0.4955 -0.0496
vn -0.9863 -0.1644 -0.0164
vn -0.7013 0.1275 -0.7013
vn -0.4961 -0.8682 -0.0000
vn -0.8321 -0.5547 -0.0000
vn 0.5826 -0.6227 -0.5223
vn 0.3407 -0.7711 -0.5379
vn -0.3690 0.9151 0.1624
vn -0.3210 0.9245 0.2054
vn -0.1639 -0.9706 -0.1765
vn -0.0129 -0.9958 -0.0905
vn -0.2197 0.4550 -0.8630
vn 0.2885 0.9347 0.2077
vn 0.8672 -0.4955 -0.0496
vn 0.8321 -0.5547 -0.0000
vn 0.9796 -0.1999 -0.0200
vn 0.3790 0.7581 -0.5307
vn 0.5959 0.4256 -0.6810
vn -0.6559 -0.7434 -0.1312
vn 0.1445 -0.9827 -0.1156
vn 0.3655 -0.9302 -0.0332
vn 0.7177 -0.4840 -0.5007
vn 0.8324 0.1752 -0.5257
vn 0.6092 -0.6092 -0.5077
vn 0.9262 0.2977 -0.2315
vn 0.9359 0.2632 -0.2340
vn 0.5547 0.4992 -0.6656
vn 0.6984 0.0648 -0.7128
vn 0.9125 -0.0255 -0.4084
vn 0.8563 -0.3077 -0.4148
vn 0.9136 -0.0239 -0.4060
vn -0.7527 0.3387 -0.5645
vn -0.7663 0.2873 -0.5747
vn -0.7220 0.3094 -0.6189
vn -0.7830 0.2310 -0.5776
vn -0.7701 -0.0266 -0.6373
vn -0.6192 -0.6880 -0.3784
vn -0.5571 -0.7428 -0.3714
vn -0.4047 -0.7918 -0.4575
vn -0.4684 -0.6846 -0.5585
vn 0.7720 0.0702 -0.6317
vn 0.2371 -0.9067 -0.3487
vn 0.9893 0.0808 -0.1211
vn -0.5571 0.7428 0.3714
vn -0.9348 0.2181 0.2804
vn -0.6860 0.4467 0.5743
vn -0.7049 -0.7049 -0.0783
vn -0.5232 -0.5232 -0.6727
vn -0.9887 -0.0899 -0.1198
vn -0.3487 -0.8602 0.3720
vn 0.1250 0.9658 -0.2272
vn 0.7754 -0.3877 -0.4985
vn 0.0803 0.9874 0.1365
vn 0.2277 0.9565 0.1822
vn 0.1348 0.9640 0.2292
vn 0.8735 -0.1390 -0.4665
vn 0.9363 -0.0000 -0.3511
vn -0.1484 0.4304 -0.8904
vn 0.1306 -0.9700 -0.2052
vn 0.2495 -0.9383 -0.2396
vn 0.0139 -0.9958 -0.0905
vn -0.0797 0.9886 0.1276
vn -0.2237 0.9620 0.1566
vn -0.1344 0.9673 0.2150
vn -0.6835 0.6835 -0.2563
vn -0.7737 0.6189 -0.1354
vn 0.8321 -0.0000 -0.5547
vn -0.7920 0.2493 -0.5573
vn -0.6883 0.4744 -0.5488
vn -0.6338 -0.3980 -0.6633
vn 0.2308 0.9231 -0.3077
vn 0.3970 0.7498 -0.5293
vn 0.4849 -0.6496 -0.5856
vn 0.5099 -0.5883 -0.6276
vn 0.3829 -0.7419 -0.5504
vn 0.6192 -0.6880 -0.3784
vn 0.7830 0.2310 -0.5776
vn 0.7701 -0.0266 -0.6373
vn 0.7674 0.2381 -0.5954
vn 0.7526 0.2945 -0.5890
vn 0.7379 0.3019 -0.6037
vn 0.7433 -0.0000 -0.6690
vn -0.6453 0.6833 -0.3416
vn -0.7145 0.4947 -0.4947
vn -0.6139 -0.0000 -0.7894
vn -0.2786 -0.9552 -0.0995
vn -0.0830 -0.9957 0.0415
vn -0.6396 0.4264 -0.6396
vn -0.5705 0.7131 -0.4075
vn -0.6312 0.6312 -0.4508
vn -0.1952 -0.8183 -0.5406
vn -0.2983 -0.7670 -0.5681
vn -0.9167 0.2292 -0.3274
vn -0.9386 0.2029 -0.2790
vn -0.9498 0.0311 -0.3114
vn 0.8636 -0.3302 -0.3810
vn -0.9121 0.2606 -0.3164
vn -0.5917 0.5036 -0.6295
vn -0.7682 0.5828 -0.2649
vn 0.9367 -0.1034 -0.3345
vn 0.7912 0.0609 -0.6086
vn 0.5433 -0.4657 0.6985
vn -0.0184 0.9915 -0.1285
vn 0.8291 0.4904 -0.2686
vn 0.9272 0.2649 -0.2649
vn 0.6354 -0.1395 -0.7594
vn 0.7500 0.6562 -0.0833
vn 0.7784 0.6266 -0.0380
vn 0.9236 0.3694 -0.1026
vn -0.4952 -0.8666 -0.0619
vn 0.1924 0.1925 -0.9623
vn -0.9532 0.0733 -0.2933
vn -0.2722 0.1361 0.9526
vn -0.5657 0.4243 -0.7071
vn -0.6509 0.3906 -0.6509
vn 0.7328 0.6281 -0.2617
vn 0.9953 -0.0107 -0.0963
vn 0.8947 0.2179 -0.3900
vn 0.0788 0.1369 0.9874
vn 0.0496 0.4467 0.8933
vn -0.1111 0.4444 0.8889
vn 0.0624 -0.0000 0.9981
vn -0.9389 -0.0427 -0.3414
vn -0.7173 0.6148 -0.3279
vn -0.9720 0.0836 -0.2195
vn -0.8947 0.2179 -0.3900
vn -0.1922 -0.3986 0.8968
vn 0.5409 0.4327 -0.7212
vn 0.7312 0.3510 -0.5850
vn 0.2313 -0.9672 -0.1051
vn 0.3559 -0.9309 -0.0821
vn -0.3015 0.9045 0.3015
vn -0.3633 -0.2076 0.9082
vn -0.5547 -0.0000 0.8321
vn 0.5571 0.3714 -0.7428
vn 0.7116 -0.0837 -0.6976
vn 0.7775 0.0933 -0.6220
vn 0.6000 -0.0000 -0.8000
vn -0.8291 0.4904 -0.2686
vn -0.8040 0.5125 -0.3015
vn -0.9035 0.3346 -0.2677
vn 0.8693 0.1199 -0.4796
vn -0.5185 0.2074 -0.8296
vn -0.2096 -0.2573 0.9433
vn 0.2545 -0.2545 0.9330
vn -0.4246 0.8828 -0.2011
vn 0.6205 -0.5762 0.5319
vn -0.3015 0.9045 -0.3015
vn -0.8041 -0.5908 0.0656
vn 0.7915 0.5343 0.2968
vn 0.8110 0.3572 -0.4634
vn 0.8451 -0.2294 -0.4829
vn 0.6476 -0.6661 -0.3701
vn -0.9662 -0.0442 -0.2540
vn 0.9113 0.2343 -0.3385
vn -0.7402 0.5878 0.3266
vn 0.9868 0.0267 -0.1600
vn 0.9167 0.2292 -0.3274
vn 0.9121 0.2606 -0.3164
vn 0.2329 -0.7062 -0.6686
vn 0.4535 -0.8355 -0.3103
vn -0.7475 0.1449 0.6483
vn 0.3974 0.8039 -0.4426
vn 0.4764 0.7741 -0.4168
vn 0.5085 0.7628 -0.3995
vn 0.4932 0.7890 -0.3663
vn 0.0830 -0.9957 0.0415
vn 0.2786 -0.9552 -0.0995
vn 0.6458 0.3229 -0.6919
vn 0.6312 0.6312 -0.4508
vn 0.6223 0.7001 -0.3501
vn 0.7145 0.4947 -0.4947
vn 0.6514 0.1247 -0.7484
vn 0.6729 0.2243 -0.7049
vn -0.7175 -0.1435 -0.6816
vn -0.1206 -0.9244 -0.3617
vn -0.7502 0.1107 -0.6518
vn -0.0000 -0.9363 -0.3511
vn -0.3927 -0.8508 -0.3491
vn -0.4220 0.8253 -0.3751
vn -0.4447 0.8154 -0.3706
vn -0.5381 -0.7687 -0.3459
vn 0.9697 0.2258 0.0930
vn -0.5278 -0.2178 -0.8210
vn -0.3644 -0.4165 -0.8329
vn 0.9647 0.2586 0.0497
vn 0.9545 0.2863 0.0835
vn 0.0733 0.9532 0.2933
vn 0.8102 -0.3961 -0.4321
vn -0.7880 0.5910 -0.1724
vn 0.8581 -0.2329 -0.4576
vn -0.8862 0.2874 0.3633
vn -0.8508 0.4977 -0.1686
vn -0.5026 0.8615 0.0718
vn -0.8947 0.3092 0.3224
vn 0.7134 0.4888 -0.5020
vn 0.3386 0.9389 -0.0616
vn -0.3487 0.8137 -0.4650
vn -0.2863 0.8703 -0.4008
vn -0.4581 0.8385 -0.2950
vn -0.1282 -0.9916 0.0151
vn -0.7548 0.1078 -0.6470
vn -0.7603 0.0717 -0.6456
vn -0.7774 0.5354 0.3300
vn -0.2562 -0.7490 -0.6110
vn -0.6824 0.6118 0.4000
vn -0.1826 0.3651 0.9129
vn 0.9636 0.1482 0.2224
vn 0.8241 0.0323 -0.5655
vn 0.0891 0.1471 0.9851
vn -0.6247 0.4685 -0.6247
vn -0.5436 0.4927 -0.6795
vn -0.3774 -0.1149 -0.9189
vn -0.0854 -0.7971 -0.5978
vn -0.1034 0.5517 0.8276
vn -0.3145 0.1048 0.9435
vn 0.1523 0.5482 0.8223
vn 0.1104 -0.0000 0.9939
vn -0.1414 -0.0000 0.9899
vn 0.3622 -0.1156 -0.9249
vn 0.3162 -0.0000 -0.9487
vn 0.5173 0.2351 -0.8229
vn -0.0951 0.1474 0.9845
vn 0.5891 0.6564 -0.4713
vn 0.7635 0.2100 -0.6108
vn 0.5706 0.3091 -0.7608
vn -0.0910 -0.1637 0.9823
vn -0.2178 0.9722 0.0856
vn 0.5897 -0.4990 0.6351
vn 0.4968 -0.2602 -0.8280
vn -0.8324 0.3178 0.4540
vn -0.6257 0.7015 0.3413
vn 0.7533 0.5136 -0.4109
vn 0.1206 -0.9244 -0.3617
vn 0.7502 0.1107 -0.6518
vn 0.7175 -0.1435 -0.6816
vn -0.6000 -0.0000 -0.8000
vn 0.1474 0.8847 -0.4423
vn 0.3962 0.6122 -0.6843
vn 0.5571 0.7428 -0.3714
vn 0.0406 -0.9950 0.0914
vn 0.9784 -0.0879 -0.1869
vn 0.9622 -0.2706 0.0301
vn 0.9713 -0.2363 0.0263
vn 0.9854 -0.1065 0.1332
vn -0.3548 -0.7687 -0.5322
vn 0.2450 -0.9339 -0.2603
vn -0.4205 0.6822 -0.5981
vn -0.5392 0.6470 -0.5392
vn -0.2114 -0.9089 -0.3594
vn 0.5220 -0.4930 -0.6960
vn 0.4355 -0.5323 -0.7259
vn 0.4081 -0.6187 -0.6713
vn 0.2574 -0.5201 -0.8144
vn 0.1979 -0.8904 -0.4099
vn 0.2914 0.8858 -0.3613
vn 0.6134 0.7448 -0.2629
vn 0.3008 0.8810 -0.3653
vn 0.2281 0.6082 -0.7603
vn 0.6508 -0.0000 -0.7593
vn -0.7489 0.0810 -0.6578
vn -0.7228 -0.1355 -0.6776
vn -0.5604 -0.0400 -0.8273
vn 0.5848 -0.6865 0.4322
vn 0.6007 0.2378 0.7633
vn -0.5993 -0.7658 -0.2331
vn -0.4172 -0.2522 -0.8731
vn -0.5576 -0.1174 -0.8218
vn 0.6660 0.7248 -0.1763
vn -0.6097 -0.7926 -0.0000
vn 0.1129 -0.8682 0.4833
vn -0.1521 -0.9884 -0.0000
vn -0.7243 -0.3692 -0.5823
vn -0.8675 0.2892 -0.4048
vn -0.7146 -0.5641 -0.4137
vn -0.8588 -0.2454 -0.4498
vn -0.3956 -0.3297 -0.8572
vn -0.9714 0.0294 0.2355
vn 0.3810 0.2540 -0.8890
vn -0.2665 -0.9160 -0.2998
vn -0.6767 -0.6767 -0.2900
vn -0.2914 -0.3885 0.8742
vn -0.3505 -0.3310 0.8761
vn 0.2762 -0.2762 0.9206
vn -0.5367 0.7155 -0.4472
vn -0.4259 0.8872 -0.1774
vn -0.9718 -0.2314 0.0463
vn 0.7637 0.4471 -0.4657
vn 0.9390 -0.0574 -0.3391
vn 0.9030 -0.1968 0.3820
vn -0.7512 0.6591 0.0354
vn -0.3826 -0.8503 -0.3614
vn -0.3518 -0.1539 0.9234
vn -0.5003 0.2335 -0.8338
vn 0.4257 -0.2772 -0.8613
vn 0.6090 -0.1122 -0.7852
vn -0.7571 -0.4279 0.4937
vn -0.0000 -0.7809 0.6247
vn 0.5579 -0.0507 -0.8284
vn 0.7489 0.0810 -0.6578
vn 0.7228 -0.1355 -0.6776
vn -0.0461 -0.7215 -0.6908
vn -0.3974 -0.4750 -0.7852
vn -0.7379 -0.4216 0.5270
vn -0.1339 -0.8034 0.5802
vn -0.0299 -0.7776 0.6281
vn 0.3609 0.7789 -0.5129
vn 0.2115 0.8337 -0.5102
vn 0.0996 0.8965 -0.4317
vn -0.3669 -0.6953 -0.6180
vn -0.2450 -0.7623 -0.5990
vn 0.2087 -0.7613 0.6139
vn 0.7997 0.2260 0.5563
vn 0.2938 0.8679 0.4006
vn 0.9806 -0.0000 0.1961
vn -0.4526 0.3346 -0.8266
vn -0.6527 0.2856 -0.7017
vn -0.4465 0.6166 -0.6485
vn 0.2399 0.6638 -0.7084
vn -0.4946 0.2388 -0.8357
vn -0.3320 0.9130 -0.2371
vn -0.6086 0.7734 -0.1775
vn 0.9184 0.1469 -0.3674
vn -0.3207 0.9087 0.2673
vn -0.0346 0.9872 0.1559
vn -0.3546 0.9308 -0.0886
vn -0.7996 0.5664 -0.1999
vn -0.9497 -0.2081 0.2342
vn -0.9505 -0.2047 0.2340
vn -0.7523 -0.4377 0.4924
vn -0.2414 0.7818 -0.5749
vn -0.3890 0.7964 -0.4630
vn 0.4059 -0.7641 0.5014
vn 0.7675 -0.4004 0.5006
vn 0.0227 -0.7717 0.6355
vn 0.1164 -0.6839 -0.7203
vn 0.3974 -0.4750 -0.7852
vn -0.7394 0.4489 -0.5017
vn -0.7858 0.1699 -0.5947
vn -0.7089 0.6583 -0.2532
vn -0.9191 -0.0000 -0.3939
vn -0.8452 0.1690 -0.5071
vn -0.5914 0.6451 -0.4838
vn -0.3657 0.8457 -0.3886
vn -0.8509 -0.0181 0.5250
vn -0.8592 0.0437 0.5097
vn -0.8480 -0.0000 0.5300
vn -0.8409 0.4730 0.2628
vn -0.8018 0.5345 0.2673
vn -0.8433 0.1054 0.5270
vn -0.6600 0.4693 -0.5867
vn -0.6690 0.4460 -0.5946
vn 0.8968 -0.2591 0.3587
vn 0.8321 -0.4438 0.3328
vn 0.7651 -0.4109 0.4959
vn -0.1842 -0.7984 -0.5732
vn -0.2333 -0.7746 -0.5879
vn -0.7756 -0.3620 -0.5171
vn -0.3920 -0.8821 -0.2613
vn -0.6623 0.5298 -0.5298
vn -0.7790 0.0692 -0.6232
vn -0.4685 0.6247 -0.6247
vn -0.2545 0.8991 -0.3562
vn 0.2252 0.9382 -0.2627
vn -0.7832 0.4072 -0.4699
vn -0.8297 0.3734 -0.4149
vn 0.7566 0.5740 0.3131
vn -0.2343 -0.9638 -0.1272
vn -0.6230 -0.7717 -0.1274
vn -0.2769 -0.9454 -0.1719
vn 0.8018 -0.5345 -0.2673
vn 0.8796 -0.4060 -0.2481
vn 0.6139 -0.7893 0.0125
vn -0.6985 0.5433 -0.4657
vn -0.0513 0.9500 -0.3081
vn -0.3605 0.9013 -0.2403
vn -0.0000 0.9615 -0.2747
vn -0.1829 0.9755 -0.1219
vn 0.1711 0.9776 -0.1222
vn 0.6247 0.7809 -0.0000
vn 0.3939 0.9191 -0.0000
vn -0.7454 0.5963 0.2981
vn 0.8595 0.3782 -0.3438
vn 0.9623 0.1925 0.1925
vn 0.1390 -0.9728 0.1853
vn 0.8390 0.3305 -0.4322
vn 0.9879 -0.1098 -0.1098
vn 0.7809 -0.0000 -0.6247
vn 0.6623 0.5298 -0.5298
vn 0.4132 -0.8781 -0.2411
vn 0.4575 0.7625 -0.4575
vn 0.1384 0.8764 -0.4613
vn 0.1703 -0.7381 -0.6529
vn 0.2307 -0.7091 -0.6664
vn 0.7085 0.4408 -0.5511
vn 0.7170 0.4182 -0.5577
vn 0.8597 0.4619 0.2181
vn 0.7628 0.6103 0.2136
vn 0.5914 0.6451 -0.4838
vn 0.4467 0.7871 -0.4254
vn 0.9198 0.1868 0.3449
vn 0.9361 0.0206 0.3510
vn 0.9272 0.0339 -0.3731
vn 0.8772 0.3190 -0.3589
vn 0.8997 0.1125 -0.4217
vn 0.7858 0.1699 -0.5947
vn 0.6509 0.6509 -0.3906
vn -0.9363 0.2948 -0.1907
vn -0.8268 0.5126 -0.2315
vn -0.4339 -0.3018 -0.8489
vn -0.9396 0.3399 -0.0400
vn -0.4344 0.8095 -0.3949
vn -0.8242 -0.5494 0.1374
vn -0.7649 -0.6343 0.1119
vn -0.6506 0.5530 -0.5205
vn -0.5787 0.6713 -0.4630
vn -0.7352 0.5146 -0.4411
vn -0.4360 -0.3149 -0.8430
vn 0.9077 -0.2236 -0.3552
vn 0.7447 -0.5095 -0.4311
vn -0.1425 -0.7398 -0.6576
vn -0.4107 0.3547 -0.8400
vn -0.3199 0.4537 -0.8318
vn -0.1765 -0.8708 -0.4589
vn -0.3815 -0.7343 -0.5615
vn -0.0576 -0.9983 -0.0064
vn 0.2618 -0.5610 -0.7854
vn -0.7229 -0.4016 -0.5623
vn 0.0937 -0.7441 -0.6614
vn 0.2809 0.4596 -0.8426
vn 0.3673 0.3577 -0.8586
vn 0.2357 0.9428 -0.2357
vn -0.9537 0.1547 0.2578
vn 0.1316 -0.9740 0.1843
vn 0.4304 0.8354 -0.3418
vn 0.9898 -0.1188 0.0792
vn 0.9723 0.1945 -0.1296
vn 0.4339 -0.3018 -0.8489
vn 0.8268 0.5126 -0.2315
vn 0.9363 0.2948 -0.1907
vn 0.2157 -0.9705 -0.1078
vn -0.5662 -0.0343 -0.8236
vn -0.7238 -0.0762 0.6857
vn 0.1097 -0.3729 0.9214
vn -0.7001 -0.1400 0.7001
vn 0.2506 -0.3222 0.9129
vn -0.9608 0.2745 0.0392
vn -0.9558 0.2909 0.0416
vn 0.7738 -0.0176 0.6331
vn 0.6730 -0.2125 0.7084
vn -0.2893 -0.6269 -0.7234
vn -0.1275 -0.6798 -0.7223
vn -0.0552 0.9206 -0.3866
vn -0.9782 -0.0995 0.1824
vn 0.2936 0.9396 -0.1762
vn -0.7049 0.6118 -0.3591
vn -0.6320 0.7747 -0.0204
vn 0.8944 0.1252 0.4293
vn 0.8436 0.2271 0.4867
vn -0.0471 -0.9889 0.1413
vn 0.0605 -0.9881 0.1412
vn 0.4891 -0.8560 -0.1673
vn 0.3287 -0.9324 -0.1500
vn -0.5959 0.6810 -0.4256
vn 0.4486 -0.7679 -0.4573
vn -0.1661 0.9664 -0.1963
vn -0.8944 0.1252 0.4293
vn -0.8436 0.2271 0.4867
vn 0.5584 0.8243 -0.0931
vn 0.9188 0.3637 -0.1531
vn 0.8111 0.4867 -0.3244
vn 0.8305 -0.5536 -0.0615
vn 0.7790 -0.6232 -0.0692
vn 0.7894 -0.0000 -0.6139
vn 0.6483 -0.7132 -0.2665
vn 0.9797 0.0678 0.1884
vn 0.9801 0.1687 0.1044
vn 0.1735 -0.6361 -0.7518
vn 0.9608 0.2745 0.0392
vn 0.9948 0.1009 0.0144
vn -0.8664 -0.3249 0.3791
vn -0.7725 -0.0396 0.6338
vn -0.5571 -0.3714 0.7428
vn -0.0743 -0.4460 0.8920
vn -0.5947 -0.1322 0.7930
vn 0.7573 -0.2065 0.6196
vn 0.8007 -0.1018 0.5903
vn 0.1048 -0.3145 0.9435
vn -0.0179 -0.9678 -0.2509
vn 0.5678 -0.0392 -0.8223
vn -0.5993 0.7990 -0.0499
vn -0.5807 0.8130 -0.0436
vn -0.0406 -0.7315 -0.6807
vn -0.0504 -0.7261 -0.6858
vn -0.6364 -0.1091 -0.7636
vn 0.2896 -0.1524 0.9449
vn 0.2202 -0.1813 0.9585
vn 0.7603 0.2281 0.6082
vn 0.8243 -0.1522 0.5453
vn 0.7204 0.1232 0.6825
vn -0.9664 0.2494 0.0623
vn -0.4364 0.8729 0.2182
vn -0.2517 0.1144 -0.9610
vn -0.2248 0.0250 -0.9741
vn 0.6581 0.6581 0.3656
vn 0.9147 -0.0514 0.4008
vn -0.3478 0.7618 0.5465
vn -0.1938 0.3392 -0.9206
vn 0.2849 0.9424 -0.1753
vn -0.7642 -0.5638 0.3132
vn 0.2059 -0.8554 0.4752
vn -0.0929 -0.2012 -0.9751
vn -0.0699 -0.1923 -0.9788
vn 0.2834 0.1653 -0.9446
vn 0.3482 0.3482 -0.8704
vn 0.9371 0.3476 -0.0302
vn -0.8729 0.2182 0.4364
vn -0.8017 -0.1533 0.5777
vn 0.6364 -0.1091 -0.7636
vn 0.0879 -0.7469 -0.6591
vn 0.1621 -0.6932 -0.7022
vn 0.5298 0.8477 -0.0265
vn 0.3999 0.8997 0.1749
vn 0.6835 0.6835 -0.2563
vn 0.5807 0.8130 -0.0436
vn -0.8192 -0.0000 -0.5735
vn -0.8393 0.2798 -0.4663
vn -0.8150 0.4924 -0.3056
vn -0.6459 0.7047 0.2936
vn -0.5345 -0.2673 -0.8018
vn -0.7784 0.3767 -0.5022
vn -0.8077 0.2254 -0.5448
vn -0.4952 0.0619 0.8666
vn -0.4956 -0.0465 0.8673
vn 0.2101 -0.1471 0.9665
vn -0.2848 0.2492 0.9256
vn 0.3938 0.0219 0.9189
vn -0.6439 0.6806 -0.3495
vn -0.5963 0.7454 -0.2981
vn -0.7761 0.5821 -0.2425
vn 0.8944 0.4472 -0.0000
vn -0.0553 0.9670 -0.2487
vn -0.7716 0.4345 0.4645
vn -0.3549 0.7504 0.5577
vn 0.6734 0.2694 0.6884
vn 0.5902 0.6190 0.5182
vn 0.8736 -0.1265 0.4699
vn -0.2157 -0.1078 0.9705
vn 0.0865 0.0433 0.9953
vn -0.3293 0.9055 -0.2675
vn -0.4036 0.8745 -0.2691
vn -0.5663 0.1827 -0.8037
vn 0.0616 -0.1541 -0.9861
vn 0.9799 0.1982 -0.0220
vn -0.4330 0.3681 -0.8228
vn 0.8135 0.5780 -0.0642
vn -0.4650 0.3487 -0.8137
vn -0.2806 -0.5893 -0.7576
vn 0.1876 0.8209 0.5394
vn -0.1863 0.8917 0.4126
vn 0.2467 0.5815 0.7753
vn 0.1474 0.8847 0.4423
vn -0.2004 0.8266 0.5260
vn -0.2272 0.5843 0.7791
vn -0.9799 0.1982 -0.0220
vn -0.9651 -0.0568 0.2555
vn 0.2984 0.4689 -0.8313
vn -0.6407 0.7631 -0.0848
vn 0.5335 0.3253 -0.7807
vn -0.6909 0.5846 -0.4252
vn 0.3503 -0.5414 -0.7643
vn -0.1893 0.4542 -0.8706
vn 0.0743 -0.9660 0.2477
vn 0.0245 -0.9555 0.2940
vn 0.1729 0.9222 -0.3458
vn 0.4071 0.8759 -0.2591
vn 0.4392 0.1882 -0.8784
vn -0.2412 -0.1034 -0.9649
vn -0.5695 0.6561 0.4952
vn 0.1992 -0.0527 0.9785
vn -0.9289 0.3698 -0.0180
vn 0.1925 0.9623 -0.1925
vn 0.7049 -0.0783 -0.7049
vn -0.8742 -0.0000 0.4856
vn 0.5773 0.5774 -0.5774
vn 0.0780 -0.9624 0.2601
vn 0.2363 -0.9271 0.2909
vn 0.0876 -0.9635 0.2530
vn -0.7326 0.6410 0.2289
vn -0.6730 0.6917 0.2617
vn -0.7785 0.4777 0.4070
vn 0.9649 -0.1689 0.2010
vn -0.0000 0.9806 0.1961
vn 0.9920 -0.0248 0.1240
vn 0.3150 -0.1861 0.9307
vn 0.7071 0.5657 -0.4243
vn 0.5525 0.7942 -0.2532
vn 0.3775 0.6489 0.6607
vn -0.7566 -0.4256 0.4965
vn -0.9443 0.0621 0.3231
vn 0.5345 -0.2673 -0.8018
vn 0.7186 0.4173 -0.5563
vn 0.7624 0.1064 -0.6383
vn 0.6245 -0.0260 0.7806
vn -0.1653 -0.1889 0.9680
vn -0.2133 -0.1313 0.9681
vn 0.8651 0.1704 0.4718
vn 0.8387 0.2955 0.4575
vn 0.4444 0.4444 0.7778
vn -0.0902 -0.0902 0.9918
vn 0.6247 -0.0000 0.7809
vn 0.8393 0.2798 -0.4663
vn 0.8150 0.4924 -0.3056
vn 0.6963 0.6963 0.1741
vn -0.8192 -0.0000 0.5735
vn -0.8238 0.2535 -0.5070
vn -0.8081 0.3030 -0.5051
vn -0.7956 0.4284 -0.4284
vn -0.8376 0.2443 -0.4886
vn -0.8635 0.1559 -0.4797
vn -0.0522 -0.5479 -0.8349
vn -0.0893 -0.9957 -0.0240
vn -0.7125 -0.6587 -0.2420
vn 0.1039 0.4365 -0.8937
vn -0.1411 -0.9875 -0.0705
vn 0.1166 -0.9915 0.0583
vn -0.8611 -0.4784 -0.1722
vn 0.9071 -0.2629 -0.3287
vn 0.5922 -0.7280 -0.3455
vn 0.1116 0.6140 -0.7814
vn -0.7832 0.5371 -0.3133
vn -0.9754 0.0697 0.2090
vn 0.0873 -0.9956 0.0349
vn 0.9129 0.1826 0.3651
vn -0.7013 -0.2584 0.6644
vn 0.0836 -0.5431 -0.8355
vn 0.4663 -0.8393 -0.2798
vn 0.8165 0.4082 -0.4082
vn 0.8192 -0.0000 -0.5735
vn 0.8657 0.1389 -0.4809
vn 0.7714 0.4500 -0.4500
vn -0.8165 -0.4082 0.4082
vn 0.8238 0.2535 -0.5070
vn 0.8081 0.3030 -0.5051
vn 0.8242 0.1374 -0.5494
vn -0.3244 -0.4867 -0.8111
vn -0.7071 -0.7071 -0.0000
vn -0.8944 0.4472 -0.0000
vn 0.6660 0.0430 0.7447
vn -0.4082 -0.4082 0.8165
vn -0.4121 0.0217 -0.9109
vn 0.3746 -0.6556 -0.6556
vn 0.1483 -0.0165 -0.9888
vn -0.4136 0.0276 -0.9100
vn 0.3271 -0.1402 -0.9345
vn -0.2889 0.1238 -0.9493
vn 0.1638 -0.7373 -0.6554
vn 0.1292 -0.5599 -0.8184
vn 0.1991 -0.4646 -0.8628
vn -0.6804 0.2722 0.6804
vn -0.1097 0.6692 0.7350
vn -0.6075 0.7009 -0.3738
vn -0.1136 0.9463 -0.3028
vn -0.0782 -0.8994 -0.4301
vn -0.2540 -0.8890 -0.3810
vn -0.4877 -0.7664 -0.4180
vn 0.0500 0.5248 -0.8497
vn -0.0000 -0.8321 -0.5547
vn -0.8587 0.1662 -0.4848
vn 0.3305 0.2676 0.9051
vn 0.3642 0.1416 0.9205
vn 0.1235 0.1509 0.9808
vn -0.9884 -0.0000 -0.1521
vn 0.4661 0.2542 -0.8474
vn 0.3673 0.3339 -0.8681
vn -0.7951 -0.5344 -0.2868
vn 0.5019 0.1301 -0.8551
vn -0.9159 0.3794 -0.1308
vn -0.9857 -0.1643 0.0379
vn -0.8207 -0.5567 0.1285
vn -0.7976 -0.5982 -0.0767
vn 0.4507 0.3380 -0.8262
vn 0.5834 0.7130 -0.3889
vn -0.8604 -0.3944 -0.3227
vn -0.7836 -0.6204 -0.0327
vn 0.5623 0.7229 -0.4016
vn 0.8355 0.5406 0.0983
vn -0.8330 -0.5276 -0.1666
vn -0.8715 -0.4842 -0.0775
vn 0.5427 0.3015 -0.7839
vn 0.8992 0.1383 0.4150
vn 0.2691 0.8523 0.4486
vn 0.6139 -0.7893 -0.0146
vn -0.8173 0.5643 -0.1168
vn -0.6106 -0.7916 -0.0226
vn -0.5810 -0.8134 -0.0290
vn -0.8992 0.1383 0.4150
vn -0.2691 0.8523 0.4486
vn -0.2248 -0.9654 0.1322
vn -0.2398 -0.9592 0.1499
vn 0.9558 -0.2282 -0.1854
vn 0.6424 0.7212 -0.2592
vn -0.4454 0.3144 -0.8383
vn 0.7470 -0.6201 -0.2396
vn -0.4948 0.1574 -0.8546
vn 0.9159 0.3794 -0.1308
vn -0.0000 -0.9939 0.1104
vn -0.3114 0.2669 0.9120
vn -0.3428 0.1428 0.9285
vn 0.8708 0.1225 -0.4762
vn 0.1083 -0.8664 -0.4874
vn 0.0394 -0.8660 -0.4986
vn 0.2673 -0.8018 -0.5345
vn 0.0600 0.5398 -0.8397
vn 0.2011 0.9252 -0.3218
vn -0.2120 0.9540 -0.2120
vn 0.7001 0.1400 0.7001
vn 0.1048 0.6601 0.7439
vn -0.1235 0.1509 0.9808
vn -0.0754 -0.7535 -0.6531
vn 0.2410 -0.4016 -0.8835
vn 0.5232 0.2242 -0.8222
vn 0.5974 0.3319 -0.7301
vn -0.1698 -0.0943 -0.9810
vn 0.1925 -0.1925 -0.9623
vn -0.2387 -0.5569 -0.7956
vn -0.3293 -0.7683 -0.5488
vn 0.4674 0.1168 -0.8763
vn 0.3244 -0.4867 -0.8111
vn -0.1862 -0.1289 -0.9740
vn -0.2901 -0.2321 -0.9284
vn -0.1111 -0.4444 -0.8889
vn 0.0310 -0.8845 -0.4655
vn -0.0493 -0.8385 -0.5426
vn 0.3651 -0.1826 -0.9129
vn -0.4025 0.0366 -0.9147
vn 0.2673 -0.5345 -0.8018
vn -0.1935 -0.9782 0.0752
vn -0.2609 -0.9653 0.0130
vn -0.9086 0.4117 -0.0710
vn 0.1216 -0.9901 0.0695
vn 0.3662 -0.9067 0.2092
vn 0.3686 0.4591 0.8083
vn 0.9113 0.1302 0.3906
vn -0.7786 0.6272 -0.0216
vn 0.3651 0.9129 0.1826
vn 0.5326 0.7723 0.3462
vn -0.7175 0.6816 -0.1435
vn 0.9086 0.4117 -0.0710
vn 0.6556 0.6556 -0.3746
vn 0.7429 0.4286 -0.5143
vn 0.4823 -0.8217 -0.3037
vn 0.2537 -0.9614 -0.1068
vn -0.2974 -0.7385 -0.6051
vn 0.3164 0.8253 -0.4677
vn -0.2094 -0.7121 -0.6702
vn -0.2532 -0.7089 -0.6583
vn -0.1252 -0.1753 -0.9765
vn 0.1111 -0.4444 -0.8889
vn 0.2901 -0.2321 -0.9284
vn 0.0865 -0.9230 -0.3750
vn -0.3553 0.1421 -0.9239
vn -0.3423 0.3012 -0.8900
vn 0.2629 -0.6134 -0.7448
vn 0.7845 -0.1961 -0.5883
vn -0.0923 0.2306 -0.9687
vn -0.7796 0.2658 0.5670
vn -0.7087 0.3698 0.6009
vn 0.1394 0.1703 0.9755
vn 0.5345 0.8018 0.2673
vn 0.2956 -0.4386 -0.8487
vn -0.4654 0.8831 -0.0597
vn -0.2748 -0.2025 -0.9400
vn 0.1223 -0.4716 -0.8733
vn 0.2962 0.9478 -0.1185
vn -0.8498 0.5218 0.0745
vn -0.7980 0.6020 -0.0280
vn -0.7044 0.6163 -0.3522
vn -0.8373 -0.5281 0.1417
vn -0.7598 0.6439 -0.0901
vn -0.4751 0.8794 0.0303
vn -0.7700 0.6285 -0.1100
vn -0.5508 0.8262 0.1180
vn -0.1392 -0.9826 -0.1228
vn 0.0742 -0.9895 -0.1237
vn 0.2357 0.9428 0.2357
vn 0.1953 0.9569 0.2148
vn 0.6537 -0.6973 -0.2942
vn 0.7396 0.5753 0.3493
vn 0.4743 0.8792 0.0463
vn 0.7678 0.5584 0.3141
vn 0.7603 -0.6082 0.2281
vn 0.7125 -0.6412 0.2850
vn -0.4851 0.7276 -0.4851
vn -0.8085 0.5659 -0.1617
vn 0.6667 -0.3333 -0.6667
vn 0.5923 -0.6516 0.4739
vn -0.6696 0.2819 -0.6872
vn -0.4851 -0.4851 -0.7276
vn -0.6606 0.0695 -0.7475
vn 0.6299 -0.0485 0.7752
vn 0.7926 -0.5661 0.2265
vn -0.5384 0.3845 -0.7499
vn 0.6155 0.6155 0.4924
vn 0.8604 0.2498 0.4441
vn -0.0641 0.7267 -0.6840
vn -0.2157 -0.2966 -0.9303
vn -0.3355 -0.4287 -0.8388
vn 0.4294 0.8827 -0.1909
vn 0.3036 -0.1771 -0.9362
vn -0.2182 -0.4553 -0.8632
vn 0.7260 0.3465 0.5940
vn 0.7598 0.2973 0.5781
vn -0.1495 0.1827 0.9717
vn -0.4934 0.7558 0.4304
vn -0.6667 0.6667 0.3333
vn 0.4516 0.1935 -0.8710
vn -0.2629 -0.6134 -0.7448
vn 0.3305 0.3718 -0.8675
vn -0.7047 -0.2936 -0.6459
vn 0.7295 0.5472 -0.4104
vn 0.2295 0.3007 -0.9257
vn 0.6155 -0.6155 -0.4924
vn -0.8336 -0.0568 -0.5494
vn -0.8330 0.5276 -0.1666
vn -0.5785 0.8099 -0.0964
vn -0.8242 0.5494 -0.1374
vn -0.8161 0.0299 0.5772
vn -0.3680 0.8280 0.4232
vn 0.2036 -0.4581 -0.8653
vn 0.4638 0.8022 0.3760
vn -0.1368 -0.9859 -0.0969
vn 0.7851 -0.6168 -0.0561
vn 0.6504 -0.7588 0.0361
vn -0.0760 -0.9651 -0.2508
vn 0.3637 -0.9093 -0.2021
vn -0.0000 0.9762 0.2169
vn 0.1992 -0.9737 -0.1106
vn 0.0404 0.9694 0.2423
vn 0.0701 -0.9887 -0.1323
vn 0.8804 0.3643 0.3036
vn 0.7509 0.6603 -0.0129
vn 0.5876 0.7604 0.2765
vn 0.9713 0.0883 -0.2208
vn 0.9717 0.1909 -0.1388
vn 0.8517 0.4614 -0.2484
vn -0.2026 0.9395 0.2763
vn -0.9428 -0.1937 0.2712
vn 0.3610 0.8206 0.4431
vn 0.5298 -0.7529 -0.3904
vn -0.0468 -0.3507 -0.9353
vn 0.7751 0.0969 0.6244
vn 0.3411 0.8259 0.4489
vn 0.7942 0.0671 0.6040
vn 0.5785 0.8099 -0.0964
vn 0.8330 0.5276 -0.1666
vn 0.8351 -0.0576 -0.5471
vn 0.2231 -0.8342 -0.5044
vn -0.4412 -0.5018 -0.7440
vn -0.8898 0.1695 -0.4237
vn -0.8917 0.4161 -0.1783
vn -0.8278 0.2237 -0.5146
vn -0.7778 0.4444 -0.4444
vn -0.4606 -0.1897 -0.8671
vn -0.7275 0.1112 0.6770
vn 0.1761 -0.4402 -0.8805
vn 0.1400 0.7001 -0.7001
vn -0.2113 0.7658 0.6074
vn -0.1851 0.7688 0.6122
vn 0.2798 -0.4663 -0.8393
vn 0.0493 -0.5426 -0.8385
vn 0.4851 -0.7276 -0.4851
vn 0.2215 -0.8489 -0.4798
vn -0.1469 0.9551 -0.2572
vn 0.4878 0.8536 0.1829
vn 0.2491 0.3381 0.9075
vn 0.1321 0.3567 0.9248
vn -0.9763 0.1457 -0.1603
vn -0.8183 0.5409 -0.1942
vn -0.9748 0.1741 -0.1393
vn 0.9323 -0.0400 -0.3596
vn 0.3482 -0.8704 -0.3482
vn 0.9282 -0.0265 -0.3713
vn -0.2723 -0.7805 -0.5627
vn -0.0493 0.9372 -0.3453
vn -0.8681 0.4907 -0.0755
vn 0.3249 0.2166 -0.9206
vn -0.2952 -0.1968 -0.9349
vn -0.0294 -0.9864 -0.1619
vn -0.1733 -0.9737 -0.1478
vn -0.0000 -0.9939 -0.1104
vn 0.0781 -0.9918 -0.1015
vn 0.7208 0.5545 0.4159
vn 0.0966 -0.9656 -0.2414
vn -0.3288 0.3507 0.8768
vn -0.2744 0.4670 0.8406
vn -0.1414 0.3677 0.9191
vn -0.4877 -0.7664 0.4180
vn 0.6396 0.6396 -0.4264
vn 0.0761 -0.9890 0.1268
vn 0.5103 0.1276 0.8505
vn -0.8202 -0.3325 0.4655
vn 0.3435 0.3190 0.8833
vn -0.3043 -0.8452 -0.4395
vn -0.2798 -0.4663 -0.8393
vn -0.0493 -0.5426 -0.8385
vn 0.2823 0.7225 0.6311
vn -0.0000 -0.8944 0.4472
vn -0.1638 -0.7373 -0.6554
vn 0.7130 0.3889 -0.5834
vn -0.2147 -0.4652 -0.8588
vn -0.2037 0.5431 -0.8146
vn 0.8355 0.0903 -0.5420
vn 0.7399 0.5381 -0.4036
vn -0.7948 -0.3827 0.4710
vn 0.8951 0.1524 -0.4190
vn 0.9129 0.3651 -0.1826
vn 0.4412 -0.5018 -0.7440
vn -0.8528 0.1435 -0.5021
vn -0.6353 -0.3584 -0.6841
vn -0.6644 -0.2158 -0.7155
vn -0.7664 -0.1774 -0.6174
vn -0.7382 -0.2109 -0.6408
vn -0.8971 0.2760 -0.3450
vn -0.9129 0.1826 -0.3651
vn -0.8669 0.0257 -0.4978
vn -0.3907 0.8930 0.2233
vn -0.5735 0.4915 0.6554
vn -0.7749 0.0287 0.6314
vn 0.5658 0.0514 -0.8230
vn -0.4991 0.5431 0.6752
vn -0.2896 0.6862 -0.6673
vn -0.0000 -0.7809 -0.6247
vn -0.0634 -0.7136 -0.6977
vn -0.5774 0.8083 -0.1155
vn -0.6672 0.7374 -0.1053
vn -0.5242 0.8503 -0.0466
vn 0.1264 -0.6041 -0.7868
vn -0.2294 0.6882 -0.6882
vn 0.3893 -0.5267 -0.7557
vn 0.5774 -0.5774 -0.5774
vn 0.6396 -0.4264 -0.6396
vn -0.7368 0.6655 0.1188
vn 0.1938 0.9206 -0.3392
vn -0.5064 0.8608 -0.0506
vn -0.3392 -0.7752 -0.5330
vn -0.4576 -0.7191 -0.5230
vn -0.6396 -0.4264 -0.6396
vn 0.5242 0.8503 -0.0466
vn -0.1886 -0.6287 -0.7544
vn 0.5958 0.7907 -0.1408
vn -0.2127 -0.6255 -0.7506
vn 0.3835 0.9204 -0.0767
vn -0.3176 -0.4659 -0.8259
vn 0.1455 -0.7834 -0.6043
vn 0.4567 0.0652 -0.8872
vn 0.3902 -0.6215 -0.6793
vn 0.2505 0.4209 -0.8718
vn 0.5735 0.4915 0.6554
vn 0.4991 0.5431 0.6752
vn 0.3842 0.8645 0.3242
vn 0.3064 0.8913 0.3342
vn 0.7885 0.1397 0.5989
vn -0.7454 -0.2981 -0.5963
vn 0.6931 0.2772 0.6654
vn 0.7526 -0.0000 -0.6585
vn 0.7933 0.1798 -0.5817
vn 0.8669 0.0257 -0.4978
vn 0.8678 0.0310 -0.4959
vn -0.2794 0.8849 0.3726
vn 0.8671 0.0749 -0.4924
vn 0.7707 -0.1818 -0.6107
vn 0.6315 -0.3231 -0.7049
vn 0.6521 -0.2360 -0.7204
vn 0.8484 0.1454 -0.5090
vn 0.7459 -0.2131 -0.6311
vn -0.5494 0.8242 0.1374
vn -0.8224 0.0805 -0.5632
vn -0.0000 -0.8480 -0.5300
vn -0.0714 -0.8336 -0.5478
vn -0.6108 -0.3791 -0.6951
vn -0.6669 -0.1225 -0.7350
vn -0.6600 -0.2376 -0.7128
vn -0.7894 -0.0000 -0.6139
vn -0.8258 0.2271 -0.5162
vn -0.7476 0.2136 -0.6289
vn -0.2205 0.7167 -0.6616
vn -0.1400 0.7001 0.7001
vn -0.2294 0.6882 0.6882
vn 0.4441 0.7032 0.5552
vn 0.2598 0.9094 0.3248
vn -0.1139 0.6833 0.7212
vn -0.7882 0.3876 0.4781
vn 0.1470 0.3743 0.9156
vn -0.1688 0.8367 0.5211
vn -0.1206 -0.8176 0.5630
vn -0.1572 -0.3668 -0.9169
vn -0.2747 -0.0000 -0.9615
vn -0.0860 -0.5377 -0.8388
vn -0.7683 0.5488 0.3293
vn -0.2999 0.8180 0.4908
vn -0.6361 0.7518 0.1735
vn 0.5253 0.7296 0.4378
vn 0.5843 0.6492 0.4869
vn 0.2076 -0.3633 -0.9082
vn 0.0875 -0.6253 -0.7754
vn -0.4897 -0.6856 0.5387
vn -0.3745 -0.8559 0.3566
vn -0.0000 -0.6000 -0.8000
vn -0.0000 -0.7682 0.6402
vn 0.7295 0.4066 0.5501
vn -0.1470 0.3743 0.9156
vn 0.1685 0.8280 0.5349
vn -0.1161 0.9864 -0.1161
vn 0.4099 -0.7546 -0.5124
vn -0.3333 -0.6667 -0.6667
vn -0.2026 0.9791 -0.0169
vn -0.1304 0.9780 0.1630
vn -0.1274 0.9872 -0.0955
vn 0.1675 -0.9634 -0.2094
vn -0.1980 0.6931 0.6931
vn 0.2242 0.5232 0.8222
vn 0.2205 0.7167 -0.6616
vn 0.6669 -0.1225 -0.7350
vn 0.6600 -0.2376 -0.7128
vn 0.7334 0.1138 -0.6702
vn -0.0000 -0.8716 -0.4903
vn 0.6596 -0.3253 -0.6776
vn 0.0854 -0.8544 -0.5126
vn 0.6126 0.7877 0.0656
vn 0.8253 0.0928 -0.5571
vn -0.1888 -0.8023 -0.5663
vn -0.2316 -0.7817 -0.5790
vn -0.0697 0.2090 -0.9754
vn -0.0420 0.2522 -0.9668
vn -0.0570 -0.7987 0.5990
vn -0.0748 -0.7978 0.5983
vn 0.3454 -0.7209 0.6008
vn 0.4820 -0.7470 0.4579
vn 0.1488 -0.8928 0.4251
vn 0.2088 -0.3712 -0.9048
vn 0.1815 -0.5900 -0.7867
vn -0.1961 -0.7845 0.5883
vn -0.1715 -0.8063 0.5661
vn 0.0816 -0.8165 0.5715
vn 0.0630 0.1470 -0.9871
vn 0.2154 -0.7898 -0.5744
vn 0.2316 -0.7817 -0.5790
vn -0.3288 0.8768 0.3507
vn -0.5956 -0.5956 -0.5389
vn -0.2009 -0.8202 -0.5356
vn -0.7540 0.0838 -0.6516
vn -0.6954 -0.2499 -0.6737
vn -0.6603 -0.1821 -0.7286
vn -0.6505 -0.2110 -0.7296
vn 0.0358 -0.9859 -0.1635
vn -0.0782 -0.9776 -0.1955
vn 0.2232 0.9273 0.3005
vn 0.2665 0.9155 0.3013
vn 0.1137 0.9742 0.1948
vn -0.0000 0.7809 0.6247
vn -0.2039 0.7645 0.6116
vn 0.1036 0.7767 0.6213
vn 0.2237 0.8278 0.5146
vn 0.2016 0.8399 0.5039
vn -0.0000 0.8321 0.5547
vn -0.2134 0.8995 0.3812
vn -0.0302 0.9801 0.1960
vn 0.6603 -0.1821 -0.7286
vn 0.6505 -0.2110 -0.7296
vn 0.6470 -0.2677 -0.7139
vn 0.3121 0.8670 0.3884
vn 0.5575 0.8110 0.1774
vn -0.7351 0.4566 -0.5012
vn -0.5229 -0.0941 -0.8472
vn -0.4768 0.8684 -0.1362
vn -0.6345 0.6201 -0.4614
vn -0.2873 -0.0000 -0.9578
vn -0.1943 0.2296 -0.9537
vn -0.1543 -0.6172 -0.7715
vn -0.1669 -0.5916 -0.7888
vn 0.1572 -0.5110 -0.8451
vn 0.7985 0.5253 -0.2942
vn 0.8351 0.4677 -0.2895
vn -0.0000 0.7071 -0.7071
vn -0.0642 0.7057 -0.7057
vn -0.1521 0.2433 -0.9580
vn 0.5229 -0.0941 -0.8472
vn 0.4768 0.8684 -0.1362
vn 0.6345 0.6201 -0.4614
vn 0.6139 -0.0000 -0.7894
vn 0.2822 0.1881 -0.9407
vn 0.2873 -0.0000 -0.9578
vn 0.1366 -0.0341 -0.9900
vn 0.1835 -0.1168 -0.9761
vn 0.8224 0.2927 -0.4879
vn 0.7585 0.4443 -0.4768
vn -0.5025 0.8451 -0.1827
vn -0.1766 -0.0252 -0.9840
vn -0.0229 0.2746 -0.9613
vn -0.1104 0.0221 -0.9936
vn -0.8742 0.3885 -0.2914
vn -0.6774 0.4516 -0.5806
vn -0.8465 0.0941 -0.5240
vn -0.6895 0.2758 -0.6698
vn -0.6495 0.2773 -0.7079
vn -0.6422 0.4047 -0.6510
vn -0.7485 0.0732 -0.6590
vn -0.1015 0.7249 -0.6814
vn -0.7366 -0.1976 -0.6468
vn -0.6939 -0.2454 -0.6770
vn 0.0168 -0.6548 -0.7556
vn -0.0000 -0.6585 -0.7526
vn -0.1247 0.6858 -0.7170
vn 0.0664 0.7138 -0.6972
vn 0.2274 0.2675 -0.9363
vn 0.6660 -0.4567 -0.5899
vn -0.2309 0.8851 -0.4041
vn 0.2147 0.8588 -0.4652
vn 0.5398 -0.8397 0.0600
vn 0.6432 -0.7623 0.0715
vn -0.7845 0.5883 -0.1961
vn -0.8200 0.5400 -0.1900
vn -0.3151 0.8403 -0.4412
vn -0.9073 0.3843 0.1708
vn -0.9214 0.3317 0.2027
vn 0.2290 0.9038 0.3615
vn 0.2694 0.7744 0.5724
vn -0.7379 0.4216 0.5270
vn -0.6027 0.6314 0.4879
vn -0.2368 0.6629 0.7103
vn 0.1552 -0.5927 -0.7903
vn 0.7003 0.4943 0.5149
vn 0.5836 0.6367 0.5040
vn -0.2685 0.8260 0.4956
vn -0.1719 0.9086 0.3806
vn 0.9073 0.3843 0.1708
vn 0.9257 0.3118 0.2144
vn -0.6317 -0.7720 0.0702
vn 0.2615 0.8498 -0.4576
vn 0.3984 0.7570 -0.5179
vn -0.1702 0.8296 -0.5318
vn -0.6660 -0.4567 -0.5899
vn -0.0168 -0.6548 -0.7556
vn 0.8231 -0.0803 -0.5621
vn 0.6531 -0.2867 -0.7009
vn 0.0631 0.8206 -0.5681
vn 0.6884 0.2707 -0.6729
vn 0.6692 0.4675 -0.5775
vn 0.7681 0.1127 -0.6303
vn 0.6774 0.4516 -0.5806
vn 0.5841 0.7301 -0.3546
vn 0.8922 0.3399 -0.2974
vn 0.8490 0.0849 -0.5215
vn 0.8944 0.2683 -0.3578
vn 0.5547 0.8321 -0.0000
vn 0.4336 0.9005 -0.0334
vn 0.1881 -0.1197 -0.9748
vn -0.9243 0.0272 -0.3806
vn -0.9370 0.1562 -0.3123
vn -0.3015 0.3015 -0.9045
vn -0.0357 0.1712 -0.9846
vn -0.5609 -0.7432 -0.3646
vn 0.0190 -0.9688 -0.2470
vn 0.3254 -0.9153 -0.2373
vn -0.6316 -0.3989 -0.6648
vn -0.6013 -0.5262 -0.6013
vn -0.0322 -0.2575 0.9657
vn 0.6838 -0.5698 -0.4558
vn 0.7756 -0.3620 -0.5171
vn 0.8584 -0.2601 -0.4422
vn 0.1960 -0.9337 0.2997
vn -0.4159 -0.6986 0.5822
vn -0.8145 -0.5731 0.0905
vn -0.9104 -0.2483 -0.3310
vn 0.6316 -0.3989 -0.6648
vn -0.3344 0.3047 -0.8918
vn -0.0912 0.2736 -0.9575
vn -0.5071 -0.1690 0.8452
vn 0.9355 0.1207 -0.3320
vn 0.9370 0.1562 -0.3123
vn 0.8479 0.3990 -0.3491
vn -0.1368 0.2540 -0.9575
vn -0.4018 -0.4879 -0.7749
vn -0.3785 0.1081 -0.9193
vn -0.4041 -0.1010 -0.9091
vn -0.0711 -0.9125 -0.4029
vn -0.8835 0.4016 0.2410
vn 0.4020 -0.6891 -0.6030
vn 0.6170 -0.5923 -0.5182
vn 0.1367 0.7455 0.6523
vn 0.2180 0.7345 0.6427
vn -0.7812 0.5487 0.2976
vn -0.5171 0.7756 0.3620
vn -0.7575 0.5965 0.2651
vn 0.7487 0.5709 0.3369
vn 0.5505 0.7385 0.3894
vn 0.7125 0.6412 0.2850
vn -0.2975 0.7185 0.6287
vn -0.2643 0.7613 0.5921
vn -0.6170 -0.5923 -0.5182
vn -0.4020 -0.6891 -0.6030
vn 0.9441 0.2974 0.1423
vn -0.4706 0.0325 0.8817
vn 0.6719 -0.5138 -0.5335
vn 0.0205 -0.9023 -0.4306
vn 0.0808 -0.8883 -0.4522
vn 0.4764 0.4168 -0.7741
vn -0.2248 0.7681 -0.5995
vn 0.4451 -0.5498 -0.7069
vn 0.4634 -0.1738 -0.8689
vn 0.2249 0.3748 -0.8994
vn -0.3428 0.0686 -0.9369
vn -0.4755 -0.1189 -0.8717
vn -0.4428 -0.4871 -0.7528
vn -0.5087 -0.3391 -0.7913
vn -0.2915 -0.6195 -0.7288
vn -0.3426 0.7658 0.5441
vn 0.1170 0.7022 0.7022
vn 0.2722 0.6804 0.6804
vn 0.2938 0.6660 0.6856
vn 0.3328 -0.4438 -0.8321
vn 0.5735 -0.0000 -0.8192
vn 0.4644 -0.4155 -0.7821
vn 0.4789 -0.0000 -0.8779
vn 0.6013 -0.5262 -0.6013
vn 0.2195 -0.8642 -0.4527
vn 0.4708 -0.5563 -0.6847
vn 0.5145 -0.5145 -0.6860
vn 0.5293 -0.1323 -0.8381
vn -0.3407 0.2130 -0.9157
vn -0.3132 0.2461 -0.9172
vn -0.4674 -0.1168 -0.8763
vn -0.7125 0.2850 -0.6412
vn -0.9532 -0.0733 -0.2933
vn -0.3261 -0.8239 -0.4635
vn -0.8450 -0.1849 -0.5017
vn -0.4099 -0.5635 -0.7172
vn -0.5145 -0.6860 -0.5145
vn 0.3714 -0.7428 -0.5571
vn -0.1669 0.7888 0.5916
vn 0.1835 0.7864 0.5898
vn -0.5736 -0.5535 -0.6038
vn -0.9533 0.1570 -0.2580
vn -0.0150 -0.9926 0.1203
vn -0.1689 -0.9711 -0.1689
vn 0.6172 0.7715 0.1543
vn -0.1712 -0.9702 -0.1712
vn -0.0000 -0.9648 -0.2631
vn -0.2149 -0.5860 -0.7813
vn -0.3548 -0.2957 -0.8870
vn -0.0000 -0.9950 -0.0995
vn -0.0828 -0.9931 -0.0828
vn -0.5963 0.7454 0.2981
vn -0.3501 0.7441 0.5690
vn 0.1414 -0.7920 -0.5940
vn 0.2375 -0.5828 -0.7771
vn 0.3408 -0.3976 -0.8519
vn 0.1400 -0.9802 -0.1400
vn 0.0828 -0.9931 -0.0828
vn 0.0884 -0.9725 -0.2155
vn 0.1074 -0.9719 -0.2094
vn -0.0000 -0.9829 -0.1843
vn -0.1322 0.7930 0.5947
vn 0.1669 0.7888 0.5916
vn -0.1849 0.7396 0.6471
vn -0.0000 -0.9806 -0.1961
vn 0.1500 -0.9748 -0.1650
vn -0.3714 -0.7428 -0.5571
vn 0.5145 -0.6860 -0.5145
vn 0.8450 -0.1849 -0.5017
vn 0.4099 -0.5635 -0.7172
vn 0.6317 0.0702 -0.7720
vn 0.2593 0.9123 -0.3169
vn 0.9631 -0.1204 -0.2408
vn 0.0980 -0.8661 -0.4902
vn 0.6746 0.2998 -0.6746
vn 0.3473 0.3242 -0.8799
vn 0.4402 0.1761 -0.8805
vn -0.9357 0.0499 -0.3493
vn -0.4467 -0.4963 -0.7444
vn -0.5137 -0.0571 -0.8561
vn -0.5547 -0.0000 -0.8321
vn -0.5232 -0.2242 -0.8222
vn -0.5937 -0.2545 -0.7634
vn -0.4877 -0.4180 -0.7664
vn -0.5768 -0.3708 -0.7279
vn -0.6138 0.1754 -0.7697
vn -0.2061 0.9126 -0.3532
vn -0.5688 0.2438 -0.7855
vn -0.7683 -0.3293 -0.5488
vn -0.8083 0.1155 -0.5774
vn 0.5995 0.7994 -0.0400
vn 0.2665 0.9629 0.0430
vn 0.3306 0.5012 -0.7997
vn -0.9211 0.3715 0.1161
vn -0.1071 -0.7954 -0.5966
vn 0.1005 -0.7035 -0.7035
vn 0.9235 0.3680 0.1082
vn -0.3304 0.5286 -0.7819
vn -0.2665 0.9629 0.0430
vn 0.0431 -0.9133 -0.4050
vn 0.0097 -0.9093 -0.4160
vn -0.2165 -0.9041 -0.3685
vn 0.8322 -0.2853 -0.4755
vn 0.5768 -0.3708 -0.7279
vn 0.5838 0.1592 -0.7961
vn 0.4286 -0.2857 -0.8571
vn 0.4467 -0.4963 -0.7444
vn 0.5137 -0.0571 -0.8561
vn 0.4082 -0.4082 -0.8165
vn 0.3841 -0.5121 -0.7682
vn 0.9383 0.0569 -0.3412
vn -0.7029 0.4719 -0.5322
vn -0.7147 -0.2449 -0.6552
vn -0.7517 -0.1879 -0.6321
vn -0.5583 0.8095 0.1815
vn -0.5294 -0.4706 -0.7059
vn -0.8515 -0.2433 -0.4645
vn -0.8535 -0.2410 -0.4619
vn -0.6882 -0.2294 -0.6882
vn -0.6155 -0.4924 -0.6155
vn -0.3328 -0.7071 -0.6239
vn -0.7070 0.6039 -0.3682
vn -0.3930 -0.6651 -0.6349
vn -0.0983 -0.7866 0.6096
vn 0.3500 0.4331 -0.8306
vn 0.7619 -0.6190 -0.1905
vn 0.5934 -0.7911 -0.1483
vn 0.1961 0.7845 -0.5883
vn -0.3132 0.8351 -0.4523
vn 0.3827 0.4710 -0.7948
vn -0.1715 0.8063 -0.5661
vn -0.4399 0.4683 -0.7663
vn -0.7619 -0.6190 -0.1905
vn -0.6423 -0.7494 -0.1606
vn -0.6000 -0.8000 -0.0000
vn -0.3896 0.4396 -0.8093
vn -0.3646 0.4463 -0.8172
vn 0.4229 -0.6162 -0.6645
vn 0.7070 0.6039 -0.3682
vn 0.3534 -0.6665 -0.6564
vn 0.6155 -0.4924 -0.6155
vn 0.6882 -0.2294 -0.6882
vn 0.8729 -0.2494 -0.4194
vn 0.7963 -0.3223 -0.5119
vn 0.2914 -0.3885 -0.8742
vn 0.3015 -0.3015 -0.9045
vn 0.5688 0.7855 0.2438
vn 0.6897 -0.2604 -0.6756
vn 0.7260 0.4611 -0.5102
vn 0.7436 -0.1859 -0.6422
vn -0.5819 -0.1455 -0.8001
vn -0.4180 -0.4877 -0.7664
vn -0.4962 0.2646 -0.8269
vn -0.4286 -0.2857 -0.8571
vn -0.3885 -0.2914 -0.8742
vn -0.3492 0.4298 -0.8327
vn -0.4758 0.3806 -0.7930
vn -0.3651 -0.1826 -0.9129
vn -0.5044 0.8575 0.1009
vn -0.6966 0.7140 -0.0697
vn -0.6091 -0.1924 -0.7694
vn -0.6838 0.4558 -0.5698
vn -0.6588 -0.0659 -0.7494
vn -0.2417 0.5640 -0.7896
vn -0.0000 0.6139 -0.7894
vn -0.6717 0.4999 -0.5467
vn -0.8342 -0.5440 -0.0907
vn -0.7453 -0.6576 -0.1096
vn -0.8137 -0.5812 -0.0000
vn -0.0977 -0.9285 -0.3584
vn 0.0617 -0.9557 -0.2877
vn -0.6757 -0.0000 -0.7372
vn -0.4638 -0.5848 -0.6655
vn 0.2175 -0.9062 -0.3625
vn 0.8342 -0.5440 -0.0907
vn 0.8132 -0.5740 -0.0957
vn 0.8137 -0.5812 -0.0000
vn 0.5987 0.5322 -0.5987
vn -0.2652 0.8452 -0.4640
vn 0.3465 0.5775 -0.7392
vn -0.1409 0.7494 -0.6469
vn 0.5268 -0.2061 -0.8246
vn 0.6588 -0.0659 -0.7494
vn 0.5044 0.8575 0.1009
vn 0.7594 0.6354 -0.1395
vn 0.6838 0.4558 -0.5698
vn 0.3492 0.4298 -0.8327
vn 0.2204 0.5876 -0.7786
vn 0.5653 -0.1413 -0.8127
vn 0.4758 0.3806 -0.7930
vn 0.6565 -0.0547 -0.7523
vn -0.2279 0.3419 -0.9117
vn -0.4650 -0.3487 -0.8137
vn 0.2621 -0.0874 -0.9611
vn -0.2417 0.0806 -0.9670
vn -0.3169 -0.8255 -0.4670
vn -0.5311 -0.6934 -0.4869
vn -0.5305 0.8425 -0.0936
vn -0.9302 0.1642 -0.3283
vn -0.6834 -0.5089 -0.5234
vn -0.9125 -0.1573 -0.3776
vn -0.6838 0.5698 0.4558
vn -0.7417 -0.4532 0.4945
vn -0.5197 -0.8444 0.1299
vn -0.9701 -0.0000 0.2425
vn 0.7086 0.5502 -0.4418
vn 0.1788 0.6756 -0.7153
vn 0.1359 -0.9378 -0.3194
vn -0.1805 -0.8949 -0.4082
vn 0.8613 -0.5042 -0.0630
vn 0.8211 -0.5663 -0.0708
vn -0.5652 -0.2609 -0.7826
vn -0.1863 -0.8383 -0.5123
vn -0.2826 -0.6783 -0.6783
vn -0.4915 -0.6554 -0.5735
vn 0.1151 0.6908 0.7138
vn -0.3188 0.7013 0.6376
vn 0.2464 0.7802 0.5749
vn 0.2134 -0.8004 -0.5602
vn 0.2826 -0.6783 -0.6783
vn -0.0000 -0.9231 -0.3846
vn 0.6745 0.4011 -0.6198
vn 0.5503 -0.4233 -0.7197
vn 0.5298 -0.5298 -0.6623
vn 0.7328 0.2443 -0.6351
vn -0.8613 -0.5042 -0.0630
vn -0.8211 -0.5663 -0.0708
vn -0.0349 -0.9596 0.2792
vn 0.6116 -0.7645 -0.2039
vn 0.8018 0.2673 0.5345
vn 0.7804 -0.3468 0.5203
vn 0.5197 -0.8444 0.1299
vn 0.8729 -0.4364 0.2182
vn -0.1046 0.6276 -0.7715
vn -0.1961 0.5883 -0.7845
vn 0.7485 -0.4366 -0.4990
vn 0.8271 -0.3280 -0.4564
vn 0.0457 -0.7918 -0.6091
vn 0.1210 -0.7868 -0.6052
vn 0.5613 -0.5613 -0.6081
vn 0.3840 0.9120 -0.1440
vn 0.8604 0.3944 -0.3227
vn 0.2870 -0.8119 -0.5084
vn 0.4365 -0.7327 -0.5222
vn 0.5793 -0.3310 -0.7448
vn 0.4576 -0.5230 -0.7191
vn -0.4140 -0.2208 -0.8831
vn -0.3687 -0.4022 -0.8380
vn -0.0413 -0.7842 -0.6191
vn -0.3672 -0.7185 -0.5907
vn -0.3333 -0.6810 -0.6520
vn -0.9545 0.1790 -0.2386
vn -0.8994 0.3748 -0.2249
vn -0.9705 0.1078 -0.2157
vn -0.9484 0.2371 -0.2107
vn -0.9689 -0.2230 -0.1077
vn -0.8145 -0.5731 -0.0905
vn -0.9245 -0.3082 -0.2241
vn 0.5571 -0.7428 0.3714
vn 0.6647 -0.6014 0.4432
vn -0.5746 0.6741 0.4641
vn 0.0975 -0.8534 -0.5120
vn -0.5571 -0.7428 0.3714
vn -0.6647 -0.6014 0.4432
vn 0.9520 -0.2871 -0.1058
vn 0.8768 -0.4709 -0.0974
vn 0.9390 -0.3130 -0.1423
vn 0.9716 0.0972 -0.2159
vn 0.9545 0.1790 -0.2386
vn 0.7845 0.5883 -0.1961
vn 0.9484 0.2371 -0.2107
vn 0.3959 -0.2227 -0.8909
vn -0.2410 0.7328 -0.6364
vn -0.9333 -0.2872 -0.2154
vn -0.9344 0.0393 -0.3541
vn -0.8897 0.4350 -0.1384
vn -0.9487 -0.0000 -0.3162
vn -0.5126 -0.8544 0.0854
vn 0.1302 0.9766 -0.1709
vn 0.9806 -0.1961 -0.0000
vn 0.8944 -0.4472 -0.0000
vn -0.7428 0.5571 0.3714
vn -0.1050 -0.8528 -0.5117
vn 0.6930 0.5890 0.4158
vn 0.5404 0.6587 0.5235
vn -0.9806 -0.1961 -0.0000
vn -0.8944 -0.4472 -0.0000
vn 0.8751 0.4839 -0.0066
vn -0.6247 0.7655 -0.1540
vn 0.9254 -0.2203 -0.3085
vn 0.6963 -0.6963 0.1741
vn 0.9599 0.0831 -0.2677
vn 0.9443 -0.2996 -0.1362
vn 0.8897 0.4350 -0.1384
vn 0.9285 -0.0000 -0.3714
vn 0.2651 0.7246 -0.6362
vn -0.6988 0.5808 -0.4175
vn -0.2784 0.9546 -0.1061
vn -0.6155 0.4924 -0.6155
vn -0.0000 -0.8575 0.5145
vn 0.2873 -0.7663 0.5747
vn -0.1774 -0.8278 0.5322
vn -0.5642 -0.5048 -0.6533
vn 0.7585 0.0948 0.6447
vn 0.7435 -0.1122 0.6593
vn -0.4687 -0.5969 -0.6512
vn 0.0954 0.9925 0.0763
vn 0.2052 0.9758 0.0751
vn 0.0887 0.9935 0.0710
vn -0.0819 0.9941 0.0710
vn -0.2873 -0.7663 0.5747
vn 0.1774 -0.8278 0.5322
vn 0.7283 0.5237 -0.4419
vn 0.3271 0.9345 -0.1402
vn -0.6518 0.2794 -0.7050
vn -0.5181 0.6995 -0.4922
vn -0.0525 -0.9442 -0.3252
vn -0.1748 -0.9231 -0.3426
vn -0.7155 -0.4472 0.5367
vn -0.8000 -0.0000 0.6000
vn -0.0270 -0.9842 -0.1753
vn 0.7279 0.1906 0.6586
vn -0.7701 -0.2136 -0.6011
vn -0.7238 0.6857 0.0762
vn -0.8658 0.4974 0.0553
vn -0.1562 0.9370 -0.3123
vn -0.8437 0.4467 0.2978
vn 0.2124 0.9270 0.3090
vn 0.0806 0.9670 0.2417
vn -0.1425 0.9864 0.0822
vn -0.0665 0.9978 -0.0000
vn 0.8437 0.4467 0.2978
vn 0.6788 0.6110 0.4073
vn -0.2131 -0.9741 0.0761
vn 0.7408 -0.6570 0.1398
vn -0.6202 0.7720 -0.1392
vn -0.1820 0.9764 -0.1158
vn 0.7511 -0.3443 0.5633
vn 0.7428 -0.3714 0.5571
vn -0.6208 0.5740 -0.5340
vn -0.7658 0.4467 -0.4627
vn 0.1512 -0.9070 -0.3930
vn 0.1445 -0.9084 -0.3923
vn 0.6882 0.2294 -0.6882
vn -0.6508 -0.0000 -0.7593
vn -0.6232 0.4986 -0.6025
vn -0.7439 0.1653 -0.6475
vn -0.3293 0.7683 -0.5488
vn -0.6205 0.5319 -0.5762
vn -0.3586 0.7171 -0.5976
vn -0.9626 0.1100 -0.2475
vn -0.9670 0.0806 -0.2417
vn -0.9602 0.2182 -0.1746
vn -0.0961 0.7337 -0.6726
vn 0.1259 0.7313 -0.6703
vn 0.3432 0.5459 -0.7643
vn -0.0000 0.8321 -0.5547
vn -0.4163 -0.8742 0.2498
vn 0.0873 0.6981 -0.7106
vn 0.2120 0.7420 -0.6360
vn 0.4287 0.6859 -0.5880
vn 0.9548 0.2164 0.2037
vn 0.5398 0.8397 0.0600
vn 0.4993 0.5650 -0.6569
vn 0.4465 0.6202 -0.6450
vn 0.4992 0.5706 -0.6521
vn -0.0656 0.8858 -0.4593
vn 0.4181 0.6272 -0.6571
vn 0.1684 0.9264 0.3369
vn 0.1938 0.9220 0.3353
vn -0.2474 -0.8815 -0.4021
vn -0.3018 -0.8175 -0.4905
vn 0.2474 -0.8815 -0.4021
vn 0.6509 -0.6509 -0.3906
vn 0.3018 -0.8175 -0.4905
vn -0.2675 0.9055 0.3293
vn -0.1933 0.9518 0.2380
vn 0.7842 0.6171 -0.0643
vn 0.4098 0.8909 -0.1960
vn 0.7312 0.6808 -0.0441
vn -0.1953 0.8007 -0.5663
vn -0.1994 0.7974 -0.5696
vn -0.5050 0.6032 -0.6173
vn -0.4870 0.6088 -0.6262
vn -0.7747 -0.5912 0.2243
vn -0.9548 0.2164 0.2037
vn -0.5464 0.7589 0.3542
vn -0.5013 0.5667 -0.6539
vn -0.5534 0.5534 -0.6225
vn -0.4287 0.6859 -0.5880
vn 0.7071 -0.5657 0.4243
vn -0.1314 0.7154 -0.6862
vn -0.2120 0.7420 -0.6360
vn -0.0966 0.7725 -0.6276
vn 0.9652 0.1063 -0.2391
vn 0.9687 0.0785 -0.2356
vn 0.9636 0.2224 -0.1482
vn 0.2952 0.7873 -0.5413
vn 0.3258 0.7329 -0.5972
vn 0.6232 0.4986 -0.6025
vn 0.6205 0.5319 -0.5762
vn 0.6155 -0.0513 -0.7865
vn 0.7439 0.1653 -0.6475
vn -0.6828 -0.1740 -0.7096
vn -0.3977 -0.7536 -0.5233
vn 0.1299 0.8444 -0.5197
vn -0.3763 0.8466 -0.3763
vn 0.6198 0.7325 -0.2817
vn -0.0000 -0.9594 -0.2822
vn 0.1598 -0.9588 -0.2350
vn -0.5437 -0.7249 -0.4229
vn -0.5287 -0.7464 -0.4043
vn 0.6396 0.6396 0.4264
vn -0.3212 0.6959 0.6423
vn 0.0956 -0.7647 -0.6373
vn 0.7153 0.4221 0.5570
vn 0.4108 0.7702 0.4878
vn 0.3743 0.6862 0.6238
vn 0.0664 0.9956 -0.0664
vn 0.0995 -0.7960 -0.5970
vn 0.8900 0.2967 -0.3461
vn 0.5181 -0.6995 -0.4922
vn -0.0874 -0.9611 -0.2621
vn -0.0374 -0.9644 -0.2617
vn -0.1708 0.9148 0.3659
vn -0.2758 0.8925 0.3570
vn -0.1465 0.9297 0.3381
vn -0.2328 -0.9375 -0.2586
vn -0.1264 0.8534 -0.5057
vn 0.4082 0.8165 -0.4082
vn -0.5748 0.7838 -0.2351
vn 0.6694 -0.2313 -0.7060
vn 0.6583 -0.2532 -0.7089
vn -0.6033 -0.4259 -0.6743
vn -0.6915 -0.2920 -0.6608
vn -0.9623 0.0385 -0.2694
vn -0.7142 0.6963 0.0714
vn -0.7412 -0.0741 -0.6671
vn -0.5905 -0.4921 -0.6397
vn -0.5699 -0.4987 -0.6531
vn -0.9098 -0.2548 -0.3275
vn -0.3310 -0.5793 -0.7448
vn 0.4082 -0.8165 -0.4082
vn 0.1518 -0.8772 -0.4555
vn -0.4851 -0.7276 0.4851
vn -0.7318 -0.5750 0.3659
vn -0.8846 -0.4107 0.2211
vn -0.8381 -0.3492 0.4191
vn 0.8459 0.5109 0.1533
vn 0.0279 -0.9076 -0.4189
vn 0.0331 -0.9080 -0.4176
vn 0.6789 -0.6234 0.3879
vn 0.7447 -0.5142 0.4255
vn 0.3229 -0.6919 0.6458
vn 0.2762 0.9032 0.3284
vn 0.3289 0.9045 0.2714
vn -0.0582 -0.9549 -0.2911
vn -0.7797 0.5998 0.1799
vn -0.0265 -0.9282 -0.3713
vn -0.1263 -0.9070 -0.4018
vn -0.7526 -0.0000 -0.6585
vn -0.8480 -0.0000 -0.5300
vn -0.7973 0.5224 -0.3024
vn 0.3419 -0.9117 0.2279
vn 0.3015 0.3015 -0.9045
vn -0.0000 -0.7526 -0.6585
vn 0.8682 -0.0000 -0.4961
vn 0.8762 0.1524 -0.4572
vn -0.5508 -0.7627 -0.3390
vn -0.1644 -0.9105 -0.3794
vn 0.7964 0.3982 -0.4551
vn 0.1633 -0.8981 -0.4082
vn 0.4821 -0.7231 -0.4947
vn 0.2440 -0.9076 -0.3416
vn 0.0552 -0.9596 -0.2758
vn -0.6789 -0.6234 0.3879
vn -0.7447 -0.5142 0.4255
vn -0.3229 -0.6919 0.6458
vn -0.9237 0.3670 0.1101
vn -0.3506 0.8970 0.2691
vn 0.7318 -0.5750 0.3659
vn 0.8846 -0.4107 0.2211
vn 0.8729 -0.2182 0.4364
vn 0.1128 -0.8180 -0.5641
vn -0.0334 -0.8341 -0.5505
vn 0.8165 -0.4082 -0.4082
vn 0.1637 -0.8185 -0.5506
vn 0.9638 0.0438 -0.2629
vn 0.7823 0.6227 0.0160
vn 0.9487 -0.0000 -0.3162
vn -0.0966 0.9173 0.3862
vn 0.6850 -0.2911 -0.6679
vn -0.8740 -0.2411 -0.4219
vn -0.2710 0.9590 -0.0834
vn -0.8079 0.5386 -0.2394
vn -0.8422 0.4662 -0.2707
vn -0.7490 0.1331 -0.6491
vn -0.7776 -0.0299 -0.6281
vn -0.7715 -0.1543 -0.6172
vn -0.7903 0.1129 -0.6022
vn -0.5938 -0.4847 -0.6422
vn -0.1881 -0.9407 -0.2822
vn -0.7027 -0.3329 -0.6288
vn -0.3698 -0.8341 -0.4092
vn -0.3127 -0.8702 -0.3807
vn 0.7344 -0.6378 -0.2319
vn -0.7432 0.6288 0.2287
vn -0.0587 0.9098 -0.4109
vn -0.8165 0.4082 0.4082
vn -0.0830 -0.9965 0.0138
vn -0.3102 -0.6648 -0.6796
vn -0.2467 -0.7753 -0.5815
vn -0.0905 -0.9959 0.0075
vn -0.6047 0.6047 0.5183
vn -0.5589 0.6520 0.5123
vn 0.5533 0.6698 0.4951
vn 0.0830 -0.9965 0.0069
vn 0.3102 -0.6648 -0.6796
vn 0.2467 -0.7753 -0.5815
vn 0.8246 0.4896 0.2835
vn 0.4706 0.8258 0.3108
vn 0.1519 -0.9871 0.0506
vn -0.0000 -0.9864 -0.1644
vn 0.7490 0.1331 -0.6491
vn 0.3015 0.9509 -0.0696
vn 0.8079 0.5386 -0.2394
vn 0.8632 0.4117 -0.2922
vn 0.7903 0.1129 -0.6022
vn 0.7785 -0.0778 -0.6228
vn 0.6058 -0.5340 -0.5898
vn 0.5406 -0.5523 -0.6346
vn 0.7817 -0.0869 -0.6176
vn -0.2860 0.9535 -0.0953
vn -0.7454 0.5963 -0.2981
vn -0.5362 0.8426 -0.0511
vn -0.2508 -0.6091 0.7524
vn 0.2400 -0.6513 0.7199
vn -0.0000 0.3939 0.9191
vn 0.2508 -0.6091 0.7524
vn -0.2400 -0.6513 0.7199
vn 0.6137 0.7890 -0.0292
vn 0.5181 0.6995 -0.4922
vn 0.7454 0.5963 -0.2981
vn 0.7175 -0.3864 -0.5795
vn 0.7910 0.5860 -0.1758
vn 0.2958 0.9530 -0.0657
vn 0.8111 -0.3244 -0.4867
vn 0.8795 -0.2426 -0.4094
vn -0.7769 -0.1942 -0.5989
vn -0.9646 0.2411 -0.1072
vn -0.6921 0.7177 -0.0769
vn -0.9932 0.0368 -0.1104
vn -0.1956 -0.9779 0.0733
vn 0.1320 0.9900 -0.0495
vn -0.0936 0.9950 0.0351
vn -0.6247 -0.6247 -0.4685
vn -0.3691 -0.7667 -0.5253
vn 0.0923 -0.8409 -0.5333
vn 0.1806 -0.8353 -0.5193
vn 0.6747 0.7266 -0.1298
vn -0.8018 -0.2673 0.5345
vn -0.5480 -0.7124 0.4384
vn -0.7809 -0.0000 0.6247
vn 0.8479 0.0177 0.5299
vn 0.7438 -0.4803 0.4649
vn 0.2736 -0.5016 0.8207
vn 0.1210 -0.9924 0.0242
vn 0.1012 -0.9948 0.0084
vn -0.6395 0.5372 0.5500
vn -0.5628 0.6953 0.4470
vn -0.5774 0.5774 0.5773
vn -0.1081 -0.7030 -0.7030
vn -0.3877 0.4985 0.7754
vn -0.1381 0.7101 0.6904
vn 0.0967 0.4834 0.8701
vn 0.4279 0.4937 0.7571
vn 0.1270 0.7620 0.6350
vn -0.0870 0.4849 0.8703
vn 0.2490 -0.6848 -0.6848
vn 0.5773 0.5773 0.5774
vn 0.5774 0.5774 0.5773
vn 0.5420 0.6581 0.5226
vn 0.5769 -0.7096 -0.4045
vn 0.3171 -0.8857 -0.3390
vn -0.8479 0.0177 0.5299
vn -0.7438 -0.4803 0.4649
vn -0.2736 -0.5016 0.8207
vn 0.7428 -0.5571 0.3714
vn 0.7809 -0.0000 0.6247
vn -0.6299 0.7752 -0.0485
vn -0.3505 -0.8518 -0.3894
vn -0.1190 -0.8654 -0.4868
vn 0.6247 -0.6247 -0.4685
vn 0.3691 -0.7667 -0.5253
vn -0.1893 0.9674 -0.1682
vn 0.1883 0.9792 -0.0753
vn 0.9932 0.0368 -0.1104
vn 0.9646 0.2411 -0.1072
vn 0.6921 0.7177 -0.0769
vn -0.5942 0.6225 -0.5093
vn -0.8428 0.0668 -0.5341
vn -0.5612 -0.7055 -0.4329
vn -0.6989 -0.5624 -0.4419
vn 0.5774 -0.5773 -0.5773
vn 0.8512 0.5068 0.1365
vn 0.9847 0.1231 0.1231
vn -0.3504 -0.8311 -0.4319
vn -0.2985 -0.8623 -0.4090
vn -0.2272 0.7993 0.5564
vn -0.2481 -0.6202 -0.7442
vn -0.2075 -0.6917 -0.6917
vn 0.1998 -0.6194 -0.7592
vn -0.4205 -0.8860 -0.1952
vn -0.8374 0.3865 0.3865
vn -0.9428 0.2357 0.2357
vn 0.5007 -0.7638 -0.4074
vn 0.7431 -0.4898 -0.4560
vn 0.6112 0.5682 -0.5510
vn 0.8404 0.0672 -0.5378
vn -0.2673 -0.8018 -0.5345
vn -0.9636 0.2520 0.0889
vn -0.9533 0.2804 0.1122
vn -0.9259 -0.3292 0.1852
vn -0.8216 0.5271 0.2170
vn -0.9806 -0.0000 0.1961
vn -0.9305 -0.1006 -0.3521
vn -0.9118 -0.3039 0.2763
vn -0.8603 -0.4301 0.2737
vn 0.4082 0.8165 0.4082
vn 0.6882 0.2294 0.6882
vn -0.3937 -0.6694 -0.6300
vn -0.4637 -0.6029 -0.6492
vn -0.0932 0.3496 0.9323
vn 0.3937 -0.6694 -0.6300
vn 0.4637 -0.6029 -0.6492
vn -0.3907 -0.8930 -0.2233
vn -0.4683 0.7493 0.4683
vn 0.4831 -0.7407 -0.4670
vn -0.6882 0.2294 0.6882
vn 0.7242 -0.6867 0.0624
vn 0.9118 -0.3039 0.2763
vn 0.9259 -0.3292 0.1852
vn 0.8603 -0.4301 0.2737
vn 0.8216 0.5271 0.2170
vn 0.9305 -0.1006 -0.3521
vn 0.9636 0.2520 0.0889
vn 0.9533 0.2804 0.1122
vn 0.7498 -0.5293 -0.3970
vn 0.4079 -0.8630 -0.2981
vn 0.0984 -0.9934 0.0590
vn 0.1162 -0.8909 -0.4390
vn -0.8678 0.1928 -0.4580
vn -0.8559 -0.1681 -0.4891
vn -0.8949 -0.0994 -0.4350
vn -0.7130 0.6111 -0.3438
vn -0.8823 0.2941 -0.3676
vn 0.2088 0.9395 -0.2714
vn -0.6060 0.5864 -0.5375
vn -0.4240 0.8480 -0.3180
vn -0.7097 0.6210 -0.3327
vn -0.8351 -0.0576 -0.5471
vn -0.8111 -0.3244 -0.4867
vn -0.7071 -0.4243 -0.5657
vn -0.2034 -0.9340 -0.2938
vn -0.5160 -0.7696 -0.3761
vn -0.3618 0.9044 -0.2261
vn 0.0475 -0.9977 -0.0475
vn -0.1726 -0.9544 -0.2437
vn -0.2411 0.8571 0.4553
vn 0.1332 0.8522 0.5060
vn 0.4865 0.1497 0.8608
vn 0.5752 -0.8174 -0.0303
vn -0.5747 -0.2873 0.7663
vn -0.1732 0.8906 -0.4206
vn 0.2154 -0.2872 0.9333
vn 0.2649 0.9272 -0.2649
vn -0.3579 -0.4176 0.8352
vn -0.3939 -0.0000 0.9191
vn 0.3260 -0.5614 0.7606
vn 0.3935 -0.0437 0.9183
vn -0.4575 -0.4575 0.7625
vn 0.1098 0.1098 0.9879
vn 0.5011 0.8018 -0.3257
vn 0.4677 0.8419 -0.2690
vn 0.6233 0.7123 -0.3228
vn 0.5295 0.7943 -0.2979
vn 0.6265 0.7048 -0.3328
vn -0.1411 0.9875 -0.0705
vn -0.4107 0.4832 0.7732
vn -0.1672 0.5225 0.8361
vn 0.2249 -0.3748 0.8994
vn -0.0486 -0.9476 0.3159
vn 0.1035 0.3492 0.9313
vn -0.0000 0.3511 0.9363
vn 0.0519 -0.9688 0.2422
vn -0.0744 -0.9675 0.2419
vn 0.1562 -0.9370 0.3123
vn 0.0676 -0.9465 0.3155
vn 0.1672 0.5225 0.8361
vn 0.4107 0.4832 0.7732
vn 0.0554 0.5538 0.8308
vn -0.0000 -0.9191 -0.3939
vn 0.0294 0.2940 -0.9554
vn 0.3511 -0.5461 0.7606
vn 0.4481 0.8766 0.1753
vn -0.2357 0.9428 -0.2357
vn 0.1072 0.9646 -0.2411
vn -0.5780 0.7225 -0.3793
vn -0.6667 0.6667 -0.3333
vn -0.6113 0.6877 -0.3916
vn -0.3260 -0.5614 0.7606
vn 0.3579 -0.4176 0.8352
vn 0.3939 -0.0000 0.9191
vn -0.3935 -0.0437 0.9183
vn 0.4491 -0.3208 0.8340
vn 0.0886 0.2067 0.9744
vn -0.5106 0.8170 -0.2681
vn -0.4598 0.8276 -0.3219
vn -0.2671 0.9349 -0.2337
vn -0.2340 0.9359 -0.2632
vn 0.2688 0.8363 0.4779
vn -0.1532 0.8580 0.4903
vn -0.5518 0.2122 0.8065
vn 0.5479 -0.5479 -0.6322
vn 0.5424 -0.5525 -0.6329
vn 0.6412 -0.2850 -0.7125
vn 0.2034 -0.9340 -0.2938
vn 0.4694 -0.8036 -0.3660
vn 0.7699 -0.1858 -0.6106
vn 0.7428 -0.3714 -0.5571
vn 0.6832 -0.1366 -0.7173
vn 0.3912 0.8801 -0.2689
vn 0.3618 0.9044 -0.2261
vn -0.2088 0.9395 -0.2714
vn 0.6060 0.5864 -0.5375
vn 0.7286 0.6375 -0.2505
vn 0.8363 -0.2688 -0.4779
vn 0.9085 0.2019 -0.3659
vn 0.9143 0.3048 -0.2667
vn 0.9355 -0.1039 -0.3378
vn -0.8591 -0.3043 -0.4116
vn -0.8096 -0.3614 -0.4626
vn -0.3517 -0.7160 -0.6030
vn -0.8121 -0.3835 -0.4399
vn -0.7209 0.5868 -0.3688
vn -0.8871 0.4164 -0.1991
vn -0.7765 -0.6300 -0.0147
vn -0.3156 -0.9468 0.0631
vn 0.4734 0.8720 0.1246
vn -0.1853 -0.9795 0.0794
vn -0.8645 -0.5005 0.0455
vn 0.4895 -0.0544 -0.8703
vn -0.4851 0.4851 0.7276
vn -0.1562 -0.9370 0.3123
vn -0.3676 -0.8823 0.2941
vn 0.1096 0.1233 0.9863
vn -0.0966 0.2414 0.9656
vn -0.0000 0.2425 0.9701
vn -0.0000 0.1240 0.9923
vn 0.3676 -0.8823 0.2941
vn 0.4851 0.4851 0.7276
vn 0.0245 0.9803 0.1961
vn 0.0619 -0.8666 -0.4952
vn 0.7209 0.5868 -0.3688
vn 0.8871 0.4164 -0.1991
vn 0.1116 -0.7814 -0.6140
vn 0.7672 -0.4062 -0.4964
vn 0.4621 -0.5959 -0.6567
vn 0.8591 -0.3043 -0.4116
vn 0.8096 -0.3614 -0.4626
vn -0.9298 -0.1788 -0.3218
vn -0.9701 -0.0000 -0.2425
vn -0.8588 0.4652 -0.2147
vn -0.2117 0.9313 -0.2963
vn -0.0000 -0.8944 -0.4472
vn 0.1072 -0.8773 -0.4679
vn 0.2381 -0.8570 -0.4571
vn -0.1365 -0.0512 -0.9893
vn -0.5026 -0.6462 -0.5744
vn -0.0671 -0.9396 -0.3356
vn -0.5035 -0.7553 -0.4196
vn -0.3843 0.1784 0.9058
vn -0.0921 0.5523 0.8285
vn -0.5743 0.3040 -0.7601
vn -0.0248 -0.4960 -0.8680
vn 0.6467 -0.5605 -0.5174
vn -0.1295 0.8115 0.5698
vn 0.0248 0.4960 0.8680
vn 0.1464 0.1626 0.9758
vn 0.3843 0.1784 0.9058
vn -0.1068 0.2537 0.9614
vn 0.0921 0.5523 0.8285
vn 0.0671 -0.9396 -0.3356
vn 0.5026 -0.6462 -0.5744
vn 0.5035 -0.7553 -0.4196
vn 0.2095 0.0140 -0.9777
vn 0.5724 -0.7155 -0.4007
vn 0.7437 -0.2797 -0.6072
vn -0.4150 -0.8459 -0.3352
vn -0.2663 0.9442 -0.1937
vn 0.9232 -0.2216 -0.3139
vn 0.9701 -0.0000 -0.2425
vn 0.8846 0.4107 -0.2211
vn -0.6969 -0.6098 -0.3775
vn -0.6903 -0.6136 -0.3835
vn -0.9281 0.1326 -0.3480
vn -0.8780 0.3475 -0.3292
vn -0.9269 -0.1416 -0.3476
vn -0.8820 -0.2205 -0.4165
vn 0.3109 -0.5774 -0.7550
vn -0.2462 -0.5321 -0.8101
vn -0.2237 -0.9196 -0.3231
vn 0.2120 -0.7420 -0.6360
vn -0.0894 -0.6258 -0.7748
vn -0.9356 0.1994 0.2914
vn -0.9550 0.1014 0.2789
vn -0.4576 0.4102 0.7889
vn -0.6470 0.2677 0.7139
vn 0.6152 0.2768 0.7382
vn -0.4949 0.2970 0.8166
vn 0.8467 0.4184 0.3287
vn 0.5547 0.4992 0.6656
vn 0.3351 -0.9408 -0.0515
vn 0.2770 -0.9587 -0.0639
vn -0.7049 -0.0783 -0.7049
vn 0.1994 0.5696 0.7974
vn -0.9313 0.2117 0.2963
vn 0.1499 -0.2398 -0.9592
vn -0.0847 -0.2117 -0.9737
vn 0.1728 -0.6047 -0.7775
vn 0.0597 0.1641 -0.9846
vn -0.0926 0.1235 -0.9880
vn -0.0880 0.7044 0.7044
vn -0.0701 -0.3154 -0.9463
vn 0.2722 -0.6804 -0.6804
vn -0.3197 0.7541 0.5738
vn 0.0631 -0.3156 -0.9468
vn 0.0276 0.1748 -0.9842
vn -0.0835 0.1322 -0.9877
vn 0.0129 -0.5812 -0.8137
vn -0.0000 0.6000 0.8000
vn -0.2237 0.3000 0.9273
vn 0.0715 -0.2503 -0.9655
vn 0.1562 -0.3123 -0.9370
vn -0.1961 -0.5883 -0.7845
vn -0.5774 -0.5773 -0.5773
vn 0.4729 -0.3941 -0.7881
vn -0.2408 -0.9631 0.1204
vn -0.3937 -0.9187 0.0328
vn -0.5737 -0.8164 0.0662
vn -0.8467 0.4184 0.3287
vn 0.4576 0.4102 0.7889
vn 0.6470 0.2677 0.7139
vn -0.6152 0.2768 0.7382
vn -0.5547 0.4992 0.6656
vn 0.9356 0.1994 0.2914
vn 0.9550 0.1014 0.2789
vn 0.4949 0.2970 0.8166
vn 0.1243 -0.6215 -0.7735
vn -0.2417 -0.7252 -0.6447
vn -0.4712 -0.8095 -0.3504
vn 0.2237 -0.9196 -0.3231
vn -0.3484 -0.6271 -0.6967
vn 0.6506 -0.0271 -0.7590
vn -0.0706 -0.6355 -0.7689
vn 0.9281 0.1326 -0.3480
vn 0.8924 0.3028 -0.3346
vn -0.6891 0.7191 -0.0899
vn 0.0619 0.9904 -0.1238
vn 0.1903 -0.9277 0.3211
vn -0.0394 -0.9978 0.0525
vn 0.4952 -0.8666 0.0619
vn -0.0947 0.9944 0.0474
vn -0.3651 0.9129 0.1826
vn -0.0195 0.9956 -0.0911
vn -0.2798 0.0736 -0.9572
vn -0.2528 0.2643 -0.9307
vn -0.1135 0.7948 -0.5961
vn -0.2381 -0.1905 -0.9524
vn 0.4536 -0.8619 -0.2268
vn 0.0708 0.9953 0.0660
vn 0.0883 0.9939 0.0663
vn -0.0816 0.9945 0.0663
vn 0.0903 0.9938 0.0645
vn -0.1001 -0.0901 -0.9909
vn 0.0902 -0.0902 -0.9918
vn -0.1644 0.9863 -0.0117
vn 0.2120 -0.2120 -0.9540
vn 0.2383 -0.1854 -0.9533
vn 0.1048 -0.3145 -0.9435
vn 0.0885 0.7969 -0.5976
vn 0.1104 0.0221 -0.9936
vn 0.4282 0.3670 -0.8258
vn 0.2731 -0.1092 -0.9558
vn 0.5774 -0.1155 -0.8083
vn 0.2783 0.0870 -0.9566
vn 0.2528 0.2643 -0.9307
vn 0.1367 -0.9845 0.1094
vn 0.0271 -0.9758 0.2169
vn 0.0287 -0.9409 0.3376
vn 0.2113 0.9570 0.1989
vn 0.3175 0.9190 0.2339
vn 0.6667 0.7247 -0.1739
vn -0.0583 0.9915 -0.1166
vn 0.9435 -0.1048 -0.3145
vn 0.9336 0.1778 -0.3112
vn 0.5997 -0.2142 -0.7710
vn 0.3293 -0.5488 -0.7683
vn 0.6754 -0.6373 -0.3710
vn 0.6672 -0.6420 -0.3777
vn 0.8820 -0.2205 -0.4165
vn -0.6380 -0.2791 -0.7177
vn -0.7569 -0.1514 -0.6358
vn -0.8481 0.4137 -0.3310
vn -0.9592 0.2398 0.1499
vn -0.2755 0.9490 0.1531
vn -0.9240 0.1617 0.3465
vn -0.8163 0.4898 0.3061
vn -0.4345 0.7110 -0.5530
vn -0.6092 0.5950 -0.5242
vn 0.3405 0.9364 0.0851
vn 0.2450 0.9512 0.1874
vn 0.1322 0.9912 -0.0000
vn 0.0662 0.9937 0.0903
vn -0.1182 0.7979 -0.5911
vn -0.1802 0.1441 -0.9730
vn 0.1843 0.9829 -0.0000
vn 0.0665 0.7982 -0.5987
vn -0.0201 -0.1611 -0.9867
vn 0.1104 -0.0315 -0.9934
vn 0.0900 -0.3149 -0.9448
vn -0.0496 0.8933 -0.4467
vn -0.0615 0.8305 -0.5536
vn -0.1099 -0.0989 -0.9890
vn -0.0990 -0.0990 -0.9901
vn 0.0619 -0.3249 -0.9437
vn -0.0999 -0.2996 -0.9488
vn 0.0701 -0.3154 -0.9463
vn -0.0621 0.9981 -0.0044
vn -0.0748 0.7978 -0.5983
vn 0.0179 -0.1615 -0.9867
vn -0.1240 -0.0000 -0.9923
vn 0.1958 0.1697 -0.9659
vn -0.1843 0.9829 -0.0000
vn -0.1371 0.9871 0.0823
vn -0.3470 0.9346 0.0779
vn -0.2450 0.9512 0.1874
vn -0.3753 -0.9212 0.1024
vn -0.5055 -0.8623 0.0297
vn -0.3872 -0.8447 0.3696
vn -0.6386 0.7044 0.3099
vn -0.3284 0.9414 0.0766
vn 0.8393 0.0247 -0.5431
vn 0.4952 -0.7865 -0.3690
vn -0.2196 0.8967 -0.3843
vn 0.2575 0.9543 0.1515
vn 0.9240 0.1617 0.3465
vn 0.9662 0.2415 -0.0906
vn 0.3378 0.9382 0.0751
vn 0.6835 0.6835 0.2563
vn -0.2981 -0.5963 -0.7454
vn 0.8481 0.4137 -0.3310
vn 0.3400 0.6120 -0.7140
vn -0.8704 -0.0637 -0.4883
vn -0.9310 0.2850 -0.2280
vn 0.5661 -0.7926 -0.2265
vn 0.7692 -0.4348 -0.4682
vn -0.6619 -0.2059 -0.7207
vn -0.7593 -0.0000 -0.6508
vn -0.6895 -0.0985 -0.7176
vn -0.3299 -0.7613 -0.5583
vn -0.6831 -0.5889 -0.4319
vn -0.8532 0.1706 -0.4929
vn -0.7537 -0.3769 -0.5384
vn -0.8137 -0.0000 -0.5812
vn -0.6817 0.1740 -0.7107
vn -0.6415 -0.4582 -0.6153
vn 0.4197 0.3777 0.8254
vn 0.5677 -0.6967 -0.4386
vn -0.5966 -0.5369 -0.5965
vn 0.0496 0.8933 -0.4467
vn 0.1537 0.7905 -0.5929
vn 0.0891 -0.1782 -0.9800
vn -0.1098 -0.1098 -0.9879
vn 0.0465 0.8958 -0.4421
vn 0.1041 -0.1041 -0.9891
vn -0.2157 -0.1078 -0.9705
vn 0.0977 -0.1099 -0.9891
vn -0.1537 0.7905 -0.5929
vn -0.0891 -0.1782 -0.9800
vn 0.8154 -0.4447 -0.3706
vn 0.8137 -0.0000 -0.5812
vn 0.7537 -0.3769 -0.5384
vn 0.7593 -0.0000 -0.6508
vn 0.6415 -0.4582 -0.6153
vn 0.3299 -0.7613 -0.5583
vn 0.6831 -0.5889 -0.4319
vn 0.6619 -0.2059 -0.7207
vn 0.6895 -0.0985 -0.7176
vn 0.8532 0.1706 -0.4929
vn -0.2936 -0.9396 -0.1762
vn -0.4542 -0.8706 -0.1893
vn -0.7259 -0.5323 -0.4355
vn 0.8208 -0.1642 -0.5472
vn 0.8312 0.0462 -0.5541
vn 0.9310 0.2850 -0.2280
vn -0.3980 0.5970 -0.6965
vn -0.7483 0.6547 0.1069
vn -0.8614 -0.3445 -0.3733
vn -0.9271 -0.2217 -0.3023
vn 0.3995 0.4494 -0.7990
vn 0.1212 0.5152 -0.8485
vn -0.0447 -0.3126 -0.9488
vn 0.2514 -0.7667 -0.5907
vn 0.3061 -0.7604 -0.5728
vn 0.4398 -0.5717 -0.6926
vn -0.0000 0.9899 0.1414
vn 0.1236 0.9884 0.0883
vn -0.3946 0.2368 0.8878
vn 0.8165 0.4082 0.4082
vn -0.0905 -0.9958 0.0151
vn -0.0995 -0.9950 0.0083
vn -0.2100 -0.7184 -0.6632
vn 0.0995 -0.9947 0.0249
vn -0.5395 0.4856 0.6879
vn 0.4163 0.2498 0.8742
vn 0.4165 0.2182 0.8826
vn -0.2412 0.9649 0.1034
vn -0.1239 0.9909 0.0531
vn -0.3995 0.4494 -0.7990
vn -0.1412 0.5119 -0.8473
vn -0.0416 -0.3747 -0.9262
vn 0.7949 -0.3899 -0.4649
vn 0.9215 -0.1607 -0.3536
vn 0.7526 0.6585 -0.0000
vn -0.9487 0.3162 -0.0000
vn -0.9008 0.4147 0.1287
vn -0.9939 -0.1104 -0.0000
vn -0.9363 -0.3511 -0.0000
vn -0.8000 -0.6000 -0.0000
vn -0.7086 0.6838 0.1741
vn -0.3666 0.9165 0.1604
vn 0.0112 0.9924 0.1227
vn 0.2424 0.9697 0.0303
vn 0.1544 0.9818 0.1103
vn 0.4856 0.8742 -0.0000
vn 0.4465 0.8930 0.0558
vn 0.6643 0.7474 0.0104
vn 0.5544 0.8316 0.0346
vn 0.6690 0.7433 -0.0000
vn -0.4433 0.0435 -0.8953
vn -0.4035 -0.0269 -0.9146
vn -0.3758 0.1610 -0.9126
vn -0.4427 -0.0492 -0.8953
vn -0.4259 -0.1774 -0.8872
vn -0.3363 0.0961 -0.9368
vn -0.1918 0.2092 -0.9589
vn -0.4501 -0.0409 -0.8920
vn 0.1042 -0.9943 0.0241
vn -0.3617 0.1206 -0.9244
vn -0.2476 0.4333 -0.8666
vn -0.9925 0.0863 -0.0863
vn -0.9017 -0.3200 -0.2909
vn -0.1158 0.5264 -0.8423
vn -0.0447 0.4468 -0.8935
vn -0.0000 0.4856 -0.8742
vn -0.0529 0.5293 -0.8468
vn -0.0000 0.5300 -0.8480
vn 0.0444 0.4889 -0.8712
vn 0.8729 0.4364 0.2182
vn 0.8986 -0.3370 -0.2808
vn 0.0588 0.5291 -0.8465
vn -0.1648 -0.9823 -0.0887
vn 0.6000 -0.0000 0.8000
vn 0.2476 0.4333 -0.8666
vn 0.3768 0.0754 -0.9232
vn 0.4061 -0.0000 -0.9138
vn 0.3641 -0.0728 -0.9285
vn 0.3704 -0.0741 -0.9259
vn 0.4007 -0.0286 -0.9158
vn 0.3705 -0.0674 -0.9264
vn 0.3549 0.2028 -0.9126
vn 0.3458 0.1729 -0.9222
vn -0.6236 0.7795 -0.0585
vn 0.2111 0.8866 -0.4116
vn -0.6621 0.7448 0.0828
vn -0.4848 0.8726 0.0606
vn -0.1937 0.9808 0.0242
vn -0.4279 -0.7571 -0.4937
vn -0.5133 -0.6642 -0.5435
vn -0.0000 0.9923 0.1240
vn -0.0096 0.9908 0.1347
vn 0.3666 0.9165 0.1604
vn 0.6607 0.7302 0.1739
vn 0.4035 0.9079 0.1135
vn 0.9226 -0.3625 -0.1318
vn 0.7747 -0.6225 -0.1107
vn 0.9939 -0.1104 -0.0000
vn 0.9487 0.3162 -0.0000
vn -0.9520 0.1058 -0.2871
vn -0.4140 0.7903 0.4516
vn -0.4768 0.7492 0.4597
vn 0.7340 -0.3976 -0.5505
vn -0.7715 0.6172 0.1543
vn -0.7071 0.7071 -0.0000
vn -0.7854 -0.5610 -0.2618
vn 0.2316 -0.8622 -0.4504
vn 0.4876 -0.7640 -0.4226
vn 0.2271 0.9335 0.2775
vn 0.0608 0.9121 0.4054
vn -0.5883 -0.7845 -0.1961
vn -0.6244 -0.7558 -0.1972
vn 0.7854 -0.5610 -0.2618
vn 0.8160 -0.0480 -0.5760
vn 0.1078 0.7548 -0.6470
vn 0.8188 -0.0084 -0.5740
vn 0.9444 0.0944 -0.3148
vn 0.3706 0.8154 0.4447
vn 0.4768 0.7492 0.4597
vn 0.7071 0.7071 -0.0000
vn 0.8900 0.3030 -0.3408
vn 0.9191 -0.0000 -0.3939
vn 0.9478 0.1053 -0.3009
vn -0.8967 0.0549 -0.4392
vn -0.6019 0.5852 -0.5434
vn -0.6361 0.5022 -0.5859
vn -0.8961 0.1120 -0.4294
vn -0.9142 0.3975 -0.0795
vn 0.1309 0.3782 -0.9164
vn -0.4879 -0.4038 -0.7739
vn 0.2586 -0.5516 -0.7930
vn -0.6463 0.2113 0.7333
vn -0.6291 0.3775 0.6795
vn -0.3654 0.4365 0.8222
vn 0.5191 -0.8435 -0.1379
vn 0.4325 -0.8909 -0.1384
vn -0.0983 -0.8722 -0.4791
vn -0.0438 0.4380 -0.8979
vn -0.9829 -0.0000 -0.1843
vn -0.9577 -0.1596 -0.2394
vn -0.3762 -0.7524 -0.5408
vn -0.2724 -0.7858 -0.5553
vn -0.0316 0.3161 -0.9482
vn -0.0859 0.3151 -0.9452
vn -0.0179 0.3403 -0.9402
vn -0.0627 -0.8147 -0.5765
vn 0.0586 -0.8206 -0.5685
vn -0.0359 -0.8009 -0.5977
vn 0.2160 -0.7999 -0.5599
vn 0.0545 -0.8180 -0.5726
vn 0.0403 0.3220 -0.9459
vn 0.1137 -0.8148 -0.5685
vn 0.1986 -0.7945 -0.5738
vn 0.0287 0.3161 -0.9483
vn 0.4921 -0.7382 -0.4614
vn 0.9556 -0.1493 -0.2538
vn 0.0485 0.4369 -0.8982
vn 0.0944 0.3148 -0.9444
vn 0.1342 -0.8725 -0.4698
vn 0.3904 -0.7807 -0.4879
vn -0.2355 -0.9634 -0.1284
vn 0.5416 0.3537 0.7626
vn 0.3225 -0.4658 -0.8241
vn -0.3293 -0.5488 -0.7683
vn -0.1525 0.3729 -0.9153
vn 0.9374 0.3261 0.1223
vn 0.6019 0.5852 -0.5434
vn 0.6361 0.5022 -0.5859
vn 0.8967 0.0549 -0.4392
vn 0.8961 0.1120 -0.4294
vn -0.7557 -0.5826 -0.2991
vn -0.9160 -0.2665 -0.2998
vn -0.8839 0.1014 -0.4565
vn -0.4836 -0.4332 -0.7606
vn -0.8832 0.1000 -0.4583
vn -0.8785 -0.0676 -0.4730
vn -0.7522 -0.3563 -0.5543
vn -0.9396 0.2936 -0.1762
vn -0.4851 0.7276 0.4851
vn -0.9816 0.1636 -0.0982
vn -0.8997 0.3446 -0.2680
vn -0.9569 0.1367 -0.2563
vn -0.8687 0.3909 -0.3041
vn 0.7023 -0.4789 -0.5267
vn 0.1191 -0.5003 -0.8576
vn 0.3515 -0.4569 -0.8171
vn 0.3788 -0.3673 -0.8495
vn 0.8157 -0.3765 0.4392
vn -0.0799 -0.9132 -0.3995
vn -0.0000 -0.9138 -0.4061
vn -0.2219 -0.8450 -0.4865
vn -0.1485 -0.8910 -0.4290
vn -0.3522 0.6163 -0.7044
vn -0.1024 0.3753 -0.9212
vn -0.4657 -0.6985 -0.5433
vn -0.3287 -0.7748 -0.5400
vn 0.4787 -0.7180 -0.5053
vn 0.2658 -0.8164 -0.5126
vn 0.3243 0.5676 -0.7568
vn 0.3705 0.3396 -0.8645
vn 0.2205 -0.8566 -0.4665
vn 0.0775 -0.9187 -0.3874
vn 0.1501 -0.9003 -0.4085
vn -0.6716 -0.3598 0.6476
vn 0.0520 0.7798 -0.6239
vn 0.6882 0.6882 -0.2294
vn -0.4441 0.4558 -0.7714
vn 0.2697 0.9588 -0.0899
vn -0.3665 -0.4307 -0.8247
vn -0.3834 -0.3301 -0.8626
vn -0.6288 -0.4573 -0.6288
vn -0.1231 -0.4924 -0.8616
vn 0.9396 0.2936 -0.1762
vn 0.9503 0.1728 -0.2592
vn 0.8833 0.3840 -0.2688
vn 0.9160 -0.0191 -0.4007
vn 0.7809 -0.3786 -0.4969
vn 0.9816 0.1636 -0.0982
vn 0.3912 -0.3586 -0.8476
vn 0.8081 -0.5051 -0.3030
vn 0.9160 -0.2665 -0.2998
vn -0.5796 -0.7842 -0.2216
vn -0.7223 -0.6439 -0.2524
vn -0.3757 -0.2647 -0.8881
vn -0.4029 -0.2076 -0.8914
vn -0.6626 -0.0072 -0.7490
vn -0.2484 -0.1420 -0.9582
vn -0.1585 0.0951 -0.9828
vn -0.2991 -0.0374 -0.9535
vn 0.3487 0.4650 -0.8137
vn -0.3186 -0.8450 -0.4294
vn -0.3491 -0.8259 -0.4427
vn 0.2891 -0.9563 -0.0445
vn 0.2184 -0.9745 -0.0504
vn -0.5883 0.1961 -0.7845
vn -0.3618 0.2261 -0.9044
vn -0.3244 0.4867 -0.8111
vn 0.9129 -0.3652 -0.1826
vn 0.2617 -0.7328 -0.6281
vn -0.0000 -0.7894 -0.6139
vn 0.1799 0.5998 -0.7797
vn 0.3532 0.3091 -0.8830
vn 0.5914 0.4838 -0.6451
vn 0.3549 -0.8282 -0.4338
vn 0.2146 -0.8940 -0.3934
vn -0.5641 -0.7975 -0.2140
vn -0.5744 -0.7898 -0.2154
vn -0.3492 0.4323 -0.8314
vn -0.4450 0.3920 -0.8052
vn 0.2230 -0.1912 -0.9559
vn 0.1297 0.1038 -0.9861
vn 0.3486 -0.3178 -0.8817
vn 0.3810 -0.2540 -0.8890
vn 0.7134 0.0607 -0.6982
vn 0.2834 -0.0708 -0.9564
vn 0.5389 -0.8242 -0.1743
vn 0.7351 -0.6466 -0.2037
vn -0.7273 -0.3377 -0.5975
vn 0.5051 -0.4133 -0.7577
vn -0.0045 -0.9752 0.2212
vn -0.4016 -0.7229 0.5623
vn 0.1059 -0.9938 0.0326
vn -0.3911 -0.9125 -0.1203
vn -0.2844 -0.8849 -0.3687
vn -0.4055 -0.7967 -0.4482
vn -0.3620 -0.8447 -0.3942
vn -0.1961 -0.7845 -0.5883
vn -0.2935 -0.7546 -0.5869
vn -0.0989 0.4450 -0.8900
vn -0.0234 0.4440 -0.8957
vn -0.1178 0.3140 -0.9421
vn -0.0248 0.4471 -0.8942
vn 0.0568 0.4540 -0.8892
vn 0.1832 0.4396 -0.8793
vn 0.2287 -0.8958 -0.3812
vn 0.3279 -0.8386 -0.4351
vn -0.2497 0.9547 0.1616
vn -0.2620 0.9526 0.1548
vn 0.3389 0.3672 0.8662
vn -0.5810 -0.6681 -0.4648
vn -0.6761 -0.5003 -0.5409
vn -0.5051 -0.4133 -0.7577
vn 0.7273 -0.3377 -0.5975
vn -0.2965 -0.9428 -0.1521
vn 0.0520 -0.6239 -0.7798
vn -0.6516 -0.4739 -0.5923
vn 0.3419 0.2279 -0.9117
vn 0.4506 -0.2609 -0.8538
vn -0.0792 0.8453 -0.5283
vn 0.5055 0.4627 -0.7283
vn -0.3329 0.8462 -0.4161
vn 0.5165 0.4065 -0.7536
vn 0.4780 -0.6748 -0.5623
vn 0.6402 -0.5023 -0.5811
vn -0.5145 -0.0000 -0.8575
vn -0.4972 0.5967 -0.6298
vn -0.5905 0.4921 -0.6397
vn -0.5334 0.2052 -0.8206
vn -0.4369 -0.7863 -0.4369
vn 0.4683 -0.7493 -0.4683
vn 0.8997 -0.3315 -0.2841
vn 0.6176 0.3326 -0.7127
vn 0.5977 0.4922 -0.6328
vn 0.5611 -0.1640 -0.8114
vn -0.1201 0.8167 0.5645
vn 0.6152 0.2768 -0.7382
vn -0.2247 -0.9701 -0.0919
vn -0.4393 -0.8480 -0.2963
vn 0.0458 -0.9983 0.0366
vn 0.5635 -0.6923 0.4508
vn 0.3829 -0.8439 -0.3758
vn -0.4516 -0.4140 -0.7903
vn -0.4888 -0.1711 -0.8554
vn -0.0520 -0.6239 -0.7798
vn 0.6516 -0.4739 -0.5923
vn 0.2965 -0.9428 -0.1521
vn 0.5796 -0.7842 -0.2216
vn -0.9304 -0.2184 -0.2943
vn -0.9366 -0.2036 -0.2851
vn -0.8886 -0.2468 -0.3867
vn -0.4668 0.7140 0.5218
vn 0.4558 -0.5698 -0.6838
vn 0.3522 -0.6163 -0.7044
vn -0.4945 -0.7721 -0.3991
vn 0.4319 -0.2592 -0.8639
vn 0.4460 0.0743 -0.8920
vn 0.8834 -0.3228 0.3398
vn 0.2369 0.5923 0.7701
vn 0.9577 -0.2394 -0.1596
vn 0.9370 -0.3123 -0.1562
vn 0.9723 0.1945 0.1296
vn 0.5607 0.7944 -0.2336
vn 0.1322 0.9696 0.2057
vn -0.4672 0.4595 0.7554
vn -0.2398 0.9234 -0.2998
vn -0.6054 -0.0550 -0.7940
vn -0.5887 -0.1385 -0.7964
vn 0.7131 -0.6582 0.2414
vn -0.8311 -0.4234 -0.3607
vn -0.7124 -0.2035 -0.6717
vn -0.8653 -0.4581 -0.2036
vn -0.7971 -0.5518 -0.2453
vn -0.3319 0.5974 -0.7301
vn -0.2216 0.5910 -0.7757
vn 0.2618 0.5610 -0.7854
vn 0.8653 -0.4581 -0.2036
vn 0.6003 -0.1449 -0.7866
vn 0.5952 -0.1082 -0.7962
vn 0.5992 -0.0884 -0.7957
vn -0.9577 -0.2394 -0.1596
vn -0.9370 -0.3123 -0.1562
vn -0.8302 -0.2707 0.4873
vn -0.4264 0.6396 0.6396
vn -0.9636 0.2224 0.1482
vn -0.4558 -0.5698 -0.6838
vn -0.3522 -0.6163 -0.7044
vn 0.4945 -0.7721 -0.3991
vn -0.4211 -0.3369 -0.8422
vn -0.5604 0.1063 -0.8213
vn -0.3475 0.3292 -0.8780
vn -0.4460 -0.0743 -0.8920
vn 0.5037 0.7408 0.4445
vn 0.1400 0.7001 0.7001
vn 0.9433 -0.1374 -0.3022
vn 0.9370 -0.1562 -0.3123
vn -0.8524 0.0947 -0.5142
vn -0.7108 0.2293 -0.6650
vn -0.8949 -0.0994 0.4350
vn -0.8735 0.1664 0.4575
vn -0.9363 -0.0000 0.3511
vn -0.7044 0.6163 0.3522
vn -0.8847 0.1474 0.4423
vn -0.9021 -0.3383 0.2678
vn -0.9045 -0.2584 0.3392
vn -0.6943 0.6502 0.3086
vn -0.7538 0.5653 0.3350
vn -0.7619 -0.6387 0.1077
vn -0.8170 -0.5106 0.2681
vn -0.5699 0.7124 0.4096
vn 0.4768 -0.3485 -0.8070
vn 0.5596 -0.0987 -0.8229
vn -0.8595 0.1719 -0.4813
vn -0.8822 -0.1260 -0.4537
vn -0.7049 -0.5786 -0.4103
vn -0.8018 -0.2673 -0.5345
vn -0.3369 0.8422 0.4211
vn -0.3215 0.8574 0.4019
vn 0.0375 0.9100 0.4128
vn 0.5287 -0.8225 -0.2098
vn 0.5886 -0.7769 -0.2237
vn -0.6092 0.1662 -0.7754
vn -0.6039 0.1084 -0.7897
vn 0.0626 0.9923 -0.1073
vn -0.0804 0.9872 0.1377
vn 0.0662 0.9926 -0.1023
vn 0.0708 0.9915 -0.1094
vn -0.4120 0.6180 -0.6695
vn -0.3852 0.6222 -0.6815
vn -0.3663 0.6106 -0.7021
vn -0.1079 0.4932 -0.8632
vn 0.1895 0.4580 -0.8685
vn -0.0629 0.4400 -0.8958
vn 0.4120 0.6180 -0.6695
vn 0.3852 0.6222 -0.6815
vn 0.3663 0.6106 -0.7021
vn 0.6509 0.3906 -0.6509
vn 0.6247 0.4685 -0.6247
vn 0.6746 -0.2998 -0.6746
vn -0.0661 0.9919 -0.1082
vn -0.0243 0.9950 -0.0971
vn -0.0709 0.9921 -0.1031
vn -0.0298 0.9084 0.4170
vn 0.2741 0.9442 -0.1827
vn -0.6650 -0.4849 -0.5680
vn -0.6810 -0.4256 -0.5959
vn 0.8822 -0.1260 -0.4537
vn 0.3621 0.8148 0.4527
vn 0.8595 0.1719 -0.4813
vn -0.5492 -0.3012 -0.7795
vn -0.6052 -0.1424 -0.7832
vn 0.3215 0.8574 0.4019
vn 0.7177 -0.6865 0.1170
vn 0.6402 0.6809 0.3557
vn 0.5699 0.7124 0.4096
vn 0.9026 -0.2256 0.3667
vn 0.7916 -0.4947 0.3587
vn 0.7807 0.4880 0.3904
vn 0.7310 0.5483 0.4061
vn 0.9045 -0.2584 0.3392
vn 0.8524 0.0947 -0.5142
vn 0.7499 0.1973 -0.6315
vn 0.9355 -0.1039 0.3378
vn 0.9052 0.2155 0.3664
vn 0.8571 0.2857 0.4286
vn 0.9300 -0.1162 0.3487
vn -0.8772 0.0957 -0.4705
vn -0.9083 0.1687 -0.3828
vn -0.9733 0.1622 -0.1622
vn -0.8516 -0.4790 -0.2129
vn -0.9315 -0.2794 -0.2329
vn 0.8296 -0.5185 -0.2074
vn 0.9270 -0.2949 -0.2317
vn 0.8000 -0.6000 -0.0000
vn -0.6971 -0.5348 -0.4775
vn -0.8670 0.2586 -0.4259
vn -0.5298 0.5298 0.6623
vn -0.7093 -0.3152 0.6305
vn -0.3967 -0.6876 0.6082
vn -0.9363 -0.0000 -0.3511
vn -0.6638 -0.7053 -0.2489
vn 0.6247 -0.4685 -0.6247
vn 0.1237 0.9236 0.3628
vn 0.0494 0.9086 0.4148
vn 0.4005 0.8010 0.4450
vn -0.2821 -0.7759 -0.5643
vn 0.1814 0.9675 -0.1764
vn 0.1388 0.9837 -0.1147
vn 0.1106 0.9766 -0.1843
vn 0.1031 0.9797 -0.1719
vn 0.0895 0.9844 -0.1514
vn 0.1388 0.9715 -0.1922
vn -0.1641 0.9844 -0.0631
vn -0.0758 0.9855 -0.1516
vn -0.0510 0.9844 -0.1683
vn -0.1415 0.9745 -0.1742
vn -0.1411 0.9878 -0.0651
vn -0.5343 0.7123 0.4551
vn -0.5881 -0.7204 -0.3676
vn -0.6300 -0.6694 -0.3937
vn -0.1464 0.9171 0.3708
vn -0.4331 0.7796 0.4524
vn -0.0481 0.9046 0.4234
vn -0.4082 0.8165 0.4082
vn 0.7172 -0.2049 0.6660
vn 0.5316 -0.5648 0.6312
vn 0.7723 -0.5654 -0.2896
vn 0.9323 0.0932 -0.3496
vn 0.6218 -0.6851 -0.3794
vn 0.6604 -0.5879 -0.4671
vn 0.7224 -0.5372 -0.4353
vn 0.8670 0.2586 -0.4259
vn -0.9270 -0.2949 -0.2317
vn -0.8296 -0.5185 -0.2074
vn 0.8516 -0.4790 -0.2129
vn 0.9733 0.1622 -0.1622
vn 0.9315 -0.2794 -0.2329
vn 0.8341 -0.0334 -0.5505
vn 0.8783 0.0909 -0.4694
vn -0.6485 0.5447 -0.5318
vn -0.7125 0.4111 -0.5686
vn -0.8165 0.4082 -0.4082
vn -0.6227 0.5826 -0.5223
vn 0.4039 -0.8993 -0.1677
vn 0.4150 -0.8938 -0.1702
vn -0.6266 0.4923 -0.6042
vn -0.6963 0.3330 -0.6358
vn -0.9540 -0.2120 0.2120
vn -0.4444 -0.7778 -0.4444
vn -0.2232 -0.9024 -0.3687
vn -0.0000 -0.8320 -0.5547
vn 0.7125 0.4111 -0.5686
vn 0.6485 0.5447 -0.5318
vn -0.7513 -0.0070 -0.6600
vn -0.4796 0.6852 0.5482
vn -0.7793 0.4251 0.4605
vn 0.5560 0.6178 0.5560
vn 0.6074 0.5868 0.5354
vn -0.2039 0.6701 -0.7138
vn -0.0396 0.7131 -0.6999
vn -0.4059 0.7103 -0.5750
vn -0.0000 0.6508 -0.7593
vn 0.6253 0.6822 -0.3790
vn 0.8452 -0.5071 -0.1690
vn 0.6745 0.4905 -0.5518
vn 0.6721 0.3870 -0.6313
vn -0.4931 0.6837 0.5380
vn -0.5553 0.5697 0.6058
vn -0.6615 -0.4026 -0.6327
vn -0.6679 -0.2911 -0.6850
vn 0.5334 0.6857 0.4953
vn 0.8531 0.3878 0.3490
vn 0.6281 0.5758 -0.5234
vn 0.7513 -0.0070 -0.6600
vn -0.7208 -0.1081 -0.6847
vn -0.7265 -0.0908 -0.6811
vn -0.7223 -0.1275 -0.6798
vn 0.6645 0.1812 -0.7249
vn 0.5962 0.5281 -0.6047
vn 0.6400 -0.3369 -0.6906
vn 0.6275 -0.4060 -0.6644
vn 0.6370 -0.6547 -0.4070
vn 0.6122 -0.6843 -0.3962
vn -0.7274 -0.5819 -0.3637
vn -0.3980 0.6965 -0.5970
vn -0.2935 -0.9223 -0.2515
vn -0.7894 -0.2746 0.5491
vn -0.4205 -0.8878 -0.1869
vn -0.4581 0.0982 -0.8835
vn 0.6687 0.3689 -0.6456
vn 0.2439 -0.9235 -0.2962
vn 0.7506 -0.5548 0.3590
vn 0.0994 -0.9940 0.0459
vn 0.0623 -0.9964 0.0575
vn 0.7161 0.4040 -0.5692
vn -0.6968 -0.4856 -0.5279
vn -0.6268 -0.6389 -0.4460
vn -0.6093 0.4889 -0.6243
vn -0.2253 0.6634 -0.7135
vn 0.7208 -0.1081 -0.6847
vn 0.6963 -0.1741 -0.6963
vn 0.7223 -0.1275 -0.6798
vn -0.7428 -0.5571 0.3714
vn -0.3152 -0.7093 0.6305
vn -0.5545 0.4159 0.7208
vn -0.4558 0.5698 0.6838
vn 0.6860 -0.5145 0.5145
vn 0.3333 -0.6667 0.6667
vn 0.2598 0.6496 0.7145
vn -0.1787 0.6255 0.7595
vn -0.6082 0.3967 -0.6876
vn -0.5887 0.4416 -0.6771
vn -0.6147 0.3901 -0.6856
vn -0.3132 0.5220 -0.7934
vn -0.1527 0.5599 -0.8144
vn -0.5826 0.5378 -0.6095
vn -0.7664 -0.6271 -0.1393
vn -0.8154 0.3706 0.4447
vn -0.0995 -0.9948 0.0213
vn 0.9330 -0.2545 0.2545
vn 0.9045 0.0603 0.4221
vn 0.3597 0.5078 -0.7828
vn 0.3132 0.5220 -0.7934
vn 0.1552 0.6771 -0.7194
vn 0.6772 0.3950 -0.6208
vn 0.6309 0.5339 -0.5630
vn -0.5469 -0.7329 -0.4047
vn 0.6585 -0.0000 -0.7526
vn 0.7195 0.0938 -0.6882
vn -0.7620 -0.1270 -0.6350
vn -0.7361 -0.2863 -0.6134
vn 0.1378 0.6888 0.7118
vn 0.2807 0.6549 0.7017
vn 0.4558 0.5698 0.6838
vn 0.5545 0.4159 0.7208
vn 0.3152 -0.7093 0.6305
vn -0.8281 0.0414 -0.5590
vn -0.8466 0.2217 -0.4838
vn -0.7337 -0.2096 0.6463
vn -0.6638 -0.4149 0.6223
vn 0.2386 -0.6562 0.7159
vn 0.7515 -0.0153 -0.6595
vn 0.7301 0.3319 -0.5974
vn 0.7027 -0.2460 -0.6676
vn 0.6518 -0.3650 -0.6648
vn 0.7106 -0.0888 -0.6979
vn -0.7144 0.0752 -0.6956
vn -0.9330 -0.2545 0.2545
vn -0.0000 -0.8682 -0.4961
vn 0.2334 -0.9335 -0.2723
vn 0.1966 -0.9293 -0.3127
vn -0.1093 -0.7654 -0.6342
vn 0.6139 -0.7894 -0.0000
vn 0.3235 0.9456 0.0332
vn 0.1634 0.9805 -0.1089
vn -0.7023 0.2500 -0.6666
vn -0.6468 0.3332 -0.6860
vn -0.6247 -0.4685 0.6247
vn -0.3333 -0.6667 0.6667
vn 0.6638 -0.4149 0.6223
vn 0.7337 -0.2096 0.6463
vn 0.8620 0.0216 -0.5064
vn 0.7845 0.1961 -0.5883
vn -0.9672 0.1209 -0.2232
vn -0.8643 0.1468 -0.4811
vn -0.9223 0.3689 -0.1153
vn 0.8718 0.1744 0.4577
vn 0.8902 -0.1656 0.4244
vn 0.7704 -0.2696 0.5778
vn 0.5503 0.4233 0.7197
vn 0.3066 -0.2453 0.9197
vn -0.2563 0.6835 0.6835
vn -0.3321 0.6038 0.7246
vn 0.6985 -0.4657 -0.5433
vn 0.6462 -0.5744 -0.5026
vn -0.2658 0.9635 -0.0332
vn 0.2279 0.6023 -0.7651
vn -0.7344 0.3316 -0.5922
vn -0.7226 0.0857 -0.6859
vn -0.6913 -0.1400 -0.7088
vn -0.6741 -0.2279 -0.7026
vn -0.6789 -0.1552 -0.7177
vn -0.6931 -0.1980 -0.6931
vn 0.2033 -0.9757 -0.0813
vn -0.9635 -0.2123 -0.1633
vn -0.7200 -0.6092 -0.3323
vn -0.5974 -0.7301 -0.3319
vn -0.0230 -0.7829 -0.6217
vn -0.3285 -0.8448 -0.4224
vn -0.1142 -0.9470 -0.3002
vn 0.0637 -0.9552 -0.2890
vn -0.0584 -0.9347 -0.3505
vn 0.0458 -0.9500 -0.3090
vn 0.9454 -0.3255 0.0155
vn 0.8997 0.2841 0.3315
vn 0.7383 -0.6712 -0.0671
vn 0.6931 -0.1980 -0.6931
vn 0.7460 -0.0735 -0.6619
vn 0.6976 -0.3046 -0.6485
vn 0.6233 -0.2350 -0.7459
vn -0.7032 -0.3970 -0.5898
vn -0.6885 -0.4664 -0.5553
vn 0.2563 0.6835 0.6835
vn 0.3321 0.6038 0.7246
vn -0.8662 0.1999 0.4581
vn -0.8902 -0.1656 0.4244
vn -0.4506 0.4184 0.7886
vn -0.6667 -0.3333 0.6667
vn 0.6015 0.2005 0.7733
vn 0.6121 -0.0765 0.7870
vn 0.5579 0.2662 0.7861
vn 0.6544 -0.0073 0.7561
vn 0.9195 0.0968 -0.3811
vn 0.9257 0.1346 -0.3535
vn 0.7916 -0.3216 -0.5195
vn 0.9692 0.1212 -0.2143
vn -0.9569 -0.2563 -0.1367
vn -0.9898 -0.0177 -0.1414
vn -0.7925 0.0528 -0.6076
vn -0.7170 0.4899 -0.4959
vn -0.8311 -0.1967 -0.5202
vn -0.9075 -0.2521 -0.3361
vn -0.8480 -0.3180 -0.4240
vn -0.9445 0.0465 -0.3252
vn -0.8773 -0.4386 -0.1949
vn -0.8985 -0.2695 0.3466
vn -0.7947 0.4519 0.4052
vn -0.8448 -0.3285 0.4224
vn -0.2107 0.5554 0.8044
vn -0.6951 0.1158 0.7095
vn -0.5584 0.3175 0.7664
vn -0.6789 -0.0603 0.7317
vn -0.9685 -0.2421 0.0577
vn -0.8835 0.4681 0.0198
vn -0.9835 -0.1581 0.0878
vn -0.4496 0.8368 -0.3123
vn -0.1231 0.1231 -0.9847
vn 0.5181 -0.8083 -0.2798
vn 0.4613 -0.8488 -0.2583
vn -0.1969 -0.9703 -0.1406
vn 0.1367 0.2563 -0.9569
vn 0.8985 -0.2695 0.3466
vn 0.8373 0.3612 0.4104
vn 0.3147 0.5310 0.7867
vn 0.8448 -0.3285 0.4224
vn 0.9462 0.0458 -0.3205
vn 0.8830 -0.3091 -0.3532
vn 0.8133 -0.5422 -0.2109
vn 0.7170 0.4899 -0.4959
vn 0.8311 -0.1967 -0.5202
vn 0.7715 0.1543 -0.6172
vn 0.9569 -0.2563 -0.1367
vn 0.9897 -0.0202 -0.1414
vn -0.7561 -0.6468 -0.1002
vn -0.9417 -0.3240 -0.0904
vn -0.4286 -0.2857 0.8571
vn 0.2752 0.3853 0.8808
vn 0.4048 -0.2892 0.8675
vn -0.2269 -0.3530 0.9077
vn -0.2026 0.5499 0.8103
vn -0.6073 0.4807 0.6326
vn -0.6428 0.3905 -0.6590
vn -0.6411 0.1861 -0.7445
vn -0.7200 -0.4100 -0.5600
vn -0.7821 0.1352 -0.6083
vn -0.3482 -0.8704 -0.3482
vn -0.1546 -0.8506 -0.5026
vn 0.1546 -0.8506 -0.5026
vn 0.3653 0.3091 -0.8781
vn -0.3123 0.1562 -0.9370
vn 0.7821 0.1352 -0.6083
vn 0.7200 -0.4100 -0.5600
vn -0.5480 -0.7124 -0.4384
vn -0.6201 -0.2624 -0.7394
vn 0.2983 -0.3315 0.8950
vn -0.2794 0.3726 0.8849
vn -0.4022 -0.2490 0.8810
vn 0.2129 0.4790 0.8516
vn 0.2269 -0.3530 0.9077
vn 0.9685 -0.2421 0.0577
vn 0.8847 0.4657 0.0200
vn 0.9856 -0.1408 0.0939
vn 0.3323 0.8782 -0.3441
vn 0.5560 0.5560 0.6178
vn 0.7626 -0.6446 -0.0545
vn 0.9315 -0.3576 -0.0665
vn -0.2874 0.8238 -0.4886
vn -0.0000 -0.4472 0.8944
vn 0.6851 -0.3997 -0.6090
vn 0.3172 0.6344 0.7049
vn 0.4786 0.5397 0.6925
vn -0.0564 0.9801 -0.1904
vn -0.1802 0.9834 -0.0225
vn -0.3866 0.3568 -0.8504
vn 0.3865 -0.9018 -0.1932
vn 0.2276 -0.9671 -0.1138
vn 0.0680 0.9518 -0.2991
vn -0.0000 0.9806 -0.1961
vn -0.4039 -0.8079 -0.4292
vn -0.9597 -0.2228 -0.1714
vn 0.1455 -0.9456 -0.2910
vn -0.1552 0.6804 -0.7162
vn -0.0591 0.5914 -0.8042
vn -0.2289 0.7356 -0.6375
vn -0.1123 0.6740 -0.7302
vn -0.8397 0.0600 -0.5398
vn -0.0000 0.8320 -0.5547
vn -0.1091 0.7636 -0.6364
vn 0.0956 0.7647 -0.6373
vn 0.7659 0.3966 -0.5060
vn 0.7417 0.4945 -0.4532
vn 0.2289 0.7356 -0.6375
vn 0.1552 0.6804 -0.7162
vn 0.1123 0.6740 -0.7302
vn 0.4124 -0.8249 -0.3867
vn 0.9197 -0.3897 -0.0468
vn 0.1061 0.6366 -0.7639
vn -0.1460 0.9392 -0.3109
vn -0.0502 0.9784 -0.2007
vn -0.0698 0.9768 -0.2023
vn 0.2115 0.9755 0.0614
vn -0.0000 0.9578 -0.2873
vn 0.4761 0.2666 -0.8380
vn 0.4730 0.2628 -0.8409
vn 0.6429 0.3891 -0.6598
vn -0.3333 0.6667 0.6667
vn -0.5114 0.5532 0.6576
vn -0.8781 0.0334 -0.4772
vn -0.8835 0.0663 -0.4638
vn -0.8461 0.1839 -0.5003
vn -0.9196 0.3678 0.1379
vn -0.9430 0.2901 0.1632
vn -0.6045 -0.7833 -0.1447
vn -0.7882 -0.6009 -0.1327
vn -0.6014 -0.4432 0.6647
vn -0.5941 -0.0775 0.8007
vn -0.8025 -0.1170 0.5851
vn -0.3771 0.0343 0.9255
vn 0.2026 0.5499 0.8103
vn -0.3110 0.3675 0.8765
vn -0.3313 0.3313 0.8835
vn -0.2959 0.1850 0.9371
vn 0.1542 -0.3469 0.9251
vn 0.6160 -0.6832 -0.3920
vn 0.5677 -0.7397 -0.3613
vn -0.6231 0.3618 -0.6934
vn -0.5998 0.1799 -0.7797
vn 0.4828 0.1086 -0.8690
vn -0.2232 -0.8328 -0.5066
vn -0.1687 -0.8498 -0.4995
vn -0.3602 0.4923 -0.7924
vn -0.1967 0.6065 -0.7704
vn 0.1460 0.9392 -0.3109
vn -0.4229 -0.8811 -0.2115
vn -0.0810 -0.8915 -0.4457
vn -0.2770 -0.9587 0.0639
vn 0.3621 -0.4527 -0.8148
vn -0.1434 -0.9868 -0.0759
vn 0.0983 0.9338 -0.3440
vn 0.1315 0.9204 -0.3682
vn 0.0934 0.9338 -0.3455
vn -0.0709 0.9212 -0.3826
vn -0.0841 0.9252 -0.3701
vn -0.1992 -0.4383 -0.8765
vn 0.2631 -0.9648 -0.0000
vn -0.4138 -0.0000 -0.9104
vn 0.3158 -0.8947 -0.3158
vn 0.6000 -0.8000 -0.0000
vn -0.1345 0.9414 -0.3093
vn -0.0658 0.9219 -0.3819
vn 0.2235 -0.8301 -0.5108
vn 0.1063 -0.8405 -0.5313
vn 0.1255 0.6456 -0.7532
vn 0.1406 -0.8435 -0.5184
vn 0.2373 -0.8304 -0.5042
vn 0.3840 0.4320 -0.8160
vn 0.1078 0.6470 -0.7548
vn -0.3585 -0.8684 -0.3426
vn -0.2737 -0.9198 -0.2813
vn -0.1738 -0.8689 -0.4634
vn -0.4454 0.0891 -0.8909
vn 0.7229 0.4016 -0.5623
vn 0.5531 0.1549 -0.8186
vn 0.5734 0.2768 -0.7711
vn 0.6419 0.3463 -0.6841
vn 0.6448 0.3547 -0.6771
vn -0.6686 -0.2920 -0.6839
vn -0.6607 -0.3989 -0.6358
vn -0.6145 -0.3740 -0.6946
vn 0.3773 0.0838 -0.9223
vn -0.5205 -0.4048 -0.7518
vn 0.5094 -0.0251 0.8602
vn 0.2392 -0.3190 -0.9171
vn 0.6014 -0.4432 0.6647
vn 0.8025 -0.1170 0.5851
vn 0.5706 0.0519 0.8196
vn 0.6215 -0.7790 -0.0829
vn 0.8102 -0.5761 -0.1080
vn 0.7740 -0.5805 -0.2530
vn 0.9515 0.0793 -0.2973
vn 0.9614 0.2670 -0.0668
vn 0.5707 0.6386 -0.5163
vn 0.2843 0.8732 -0.3960
vn 0.8889 0.1111 -0.4444
vn 0.8835 0.0663 -0.4638
vn 0.8793 0.1529 -0.4511
vn 0.9129 0.1826 -0.3651
vn 0.9532 0.2933 -0.0733
vn -0.9031 -0.2419 -0.3548
vn -0.9403 -0.0795 -0.3311
vn -0.5392 -0.8046 -0.2488
vn -0.7652 -0.5382 -0.3532
vn -0.6795 -0.7049 -0.2032
vn -0.2476 -0.4333 -0.8666
vn 0.6195 -0.3614 -0.6969
vn 0.6414 -0.2606 -0.7216
vn -0.2691 -0.4036 -0.8745
vn -0.3490 -0.8234 -0.4475
vn -0.7229 0.4016 -0.5623
vn -0.1451 -0.8709 -0.4696
vn -0.2684 -0.8243 -0.4984
vn -0.3621 -0.8148 -0.4527
vn -0.4880 0.3904 -0.7807
vn -0.2857 0.4286 -0.8571
vn -0.0000 -0.9989 0.0476
vn -0.0732 -0.9973 0.0056
vn -0.0475 -0.9977 0.0475
vn 0.0767 0.9971 -0.0000
vn 0.3079 0.5278 -0.7916
vn 0.2690 -0.8446 -0.4630
vn 0.3301 -0.8618 -0.3851
vn -0.5938 -0.6356 -0.4934
vn -0.5784 -0.6545 -0.4870
vn 0.6619 0.0722 -0.7461
vn -0.2722 0.6804 -0.6804
vn -0.0881 0.7933 -0.6024
vn 0.2692 -0.4307 -0.8614
vn 0.0104 0.6533 0.7570
vn -0.1299 0.6126 0.7797
vn 0.3214 0.4553 0.8303
vn 0.4270 0.2692 0.8633
vn 0.4111 0.1445 0.9001
vn 0.4205 0.1577 -0.8935
vn 0.5392 -0.8046 -0.2488
vn 0.6748 -0.7090 -0.2050
vn 0.8810 -0.2243 -0.4165
vn 0.9006 -0.1303 -0.4147
vn -0.8879 0.3568 -0.2904
vn -0.9608 0.1663 -0.2217
vn -0.9190 -0.2154 -0.3303
vn -0.8912 -0.2971 -0.3428
vn -0.8727 0.2575 -0.4149
vn -0.7850 -0.4462 -0.4297
vn -0.9333 -0.0000 -0.3590
vn -0.9231 -0.0000 -0.3846
vn -0.6569 -0.7025 -0.2737
vn -0.6823 -0.6823 -0.2624
vn -0.9520 -0.1731 -0.2524
vn -0.2981 0.5963 -0.7454
vn -0.2095 0.1309 0.9690
vn -0.3871 -0.9032 -0.1855
vn -0.7992 -0.5594 -0.2198
vn -0.7761 -0.5821 -0.2425
vn -0.1054 -0.5270 -0.8433
vn -0.3769 -0.8795 -0.2905
vn -0.5548 -0.7767 -0.2982
vn 0.4396 0.3197 -0.8393
vn 0.2287 0.7432 -0.6288
vn 0.1868 0.3449 -0.9198
vn -0.5796 0.0479 -0.8135
vn 0.4872 0.0513 -0.8718
vn -0.3305 0.5055 -0.7971
vn -0.4103 -0.8362 -0.3639
vn -0.5617 -0.6972 -0.4454
vn -0.5153 -0.7729 -0.3703
vn -0.0927 0.6644 -0.7416
vn -0.3158 0.5263 -0.7895
vn 0.0287 0.6314 -0.7749
vn 0.4056 0.5070 -0.7605
vn 0.3342 0.5682 -0.7520
vn 0.1497 -0.9732 -0.1747
vn 0.0923 -0.9687 -0.2306
vn -0.6865 -0.6504 0.3252
vn -0.0628 -0.8797 -0.4713
vn -0.0181 -0.9939 0.1084
vn 0.0696 -0.9973 -0.0232
vn -0.0963 -0.9948 0.0321
vn 0.0620 -0.9920 0.1102
vn 0.0810 -0.8915 -0.4457
vn 0.7785 -0.3114 0.5449
vn 0.7049 -0.6344 0.3172
vn -0.1952 -0.9759 -0.0976
vn -0.0788 -0.9457 -0.3152
vn -0.4260 0.6086 -0.6694
vn -0.2881 0.6914 -0.6626
vn 0.5976 0.3586 -0.7171
vn 0.1053 0.6672 -0.7374
vn 0.3841 0.5121 -0.7682
vn -0.0287 0.6314 -0.7749
vn 0.3874 -0.8670 -0.3136
vn 0.4491 -0.8340 -0.3208
vn 0.3977 0.2690 -0.8772
vn 0.6234 0.0434 -0.7807
vn -0.4851 0.0485 -0.8731
vn -0.0633 0.4053 -0.9120
vn -0.5543 -0.0396 -0.8314
vn -0.5530 -0.0790 -0.8295
vn 0.1054 -0.5270 -0.8433
vn 0.8446 -0.4958 -0.2020
vn 0.5797 -0.7971 -0.1691
vn 0.2363 0.0263 0.9713
vn 0.8064 -0.5376 -0.2464
vn -0.1498 -0.4120 0.8988
vn -0.1391 -0.5332 0.8345
vn 0.9231 -0.0000 -0.3846
vn 0.9520 -0.1731 -0.2524
vn 0.6569 -0.7025 -0.2737
vn 0.9045 -0.3015 -0.3015
vn 0.6823 -0.6823 -0.2624
vn 0.9104 0.2483 -0.3310
vn 0.8365 -0.4183 -0.3539
vn 0.7352 -0.5379 -0.4124
vn 0.8100 -0.4517 -0.3739
vn 0.8944 -0.0000 -0.4472
vn 0.9402 -0.1026 -0.3248
vn 0.8879 0.3568 -0.2904
vn 0.9669 0.1415 -0.2123
vn -0.8461 0.0273 -0.5323
vn -0.9345 -0.0322 -0.3545
vn -0.9364 0.0851 -0.3405
vn -0.9420 -0.0883 -0.3238
vn -0.8218 -0.3228 -0.4696
vn -0.8106 -0.3603 -0.4616
vn -0.3408 0.3976 -0.8519
vn -0.5472 -0.1642 0.8208
vn -0.3162 -0.0000 0.9487
vn -0.3190 0.0290 0.9473
vn -0.2121 0.1212 0.9697
vn 0.5661 -0.2265 -0.7926
vn -0.7098 0.0874 -0.6989
vn -0.6506 -0.1549 -0.7435
vn -0.6038 -0.3990 -0.6901
vn -0.6989 -0.0874 -0.7098
vn -0.6047 -0.1728 -0.7775
vn -0.6047 0.1728 -0.7775
vn 0.4137 0.7388 0.5319
vn 0.2822 0.8299 0.4813
vn 0.6389 -0.5750 -0.5111
vn 0.6436 -0.5663 -0.5149
vn -0.6315 0.1973 -0.7499
vn 0.4538 -0.8509 -0.2647
vn 0.4153 -0.8768 -0.2423
vn 0.4041 -0.4490 -0.7969
vn 0.4439 -0.4058 -0.7989
vn -0.4041 -0.4490 -0.7969
vn -0.3982 -0.4551 -0.7964
vn 0.7485 0.4366 -0.4990
vn 0.6315 0.1973 -0.7499
vn 0.6360 0.2120 -0.7420
vn -0.6569 -0.4680 -0.5912
vn -0.6051 -0.5808 -0.5445
vn -0.4137 0.7388 0.5319
vn 0.6047 -0.1728 -0.7775
vn 0.6047 0.1728 -0.7775
vn 0.6403 -0.2337 -0.7317
vn 0.6038 -0.3990 -0.6901
vn 0.6166 -0.2626 -0.7422
vn -0.4696 0.3228 -0.8218
vn -0.3710 0.4553 -0.8094
vn -0.4942 0.0883 -0.8649
vn 0.5472 -0.1642 0.8208
vn 0.3190 0.0290 0.9473
vn 0.2121 0.1212 0.9697
vn 0.8396 -0.3280 -0.4329
vn 0.9345 -0.0322 -0.3545
vn 0.9364 0.0851 -0.3405
vn 0.9420 -0.0883 -0.3238
vn 0.8480 -0.3180 -0.4240
vn -0.8026 -0.4873 -0.3440
vn -0.8909 0.3959 0.2227
vn -0.9685 0.2465 0.0352
vn -0.8872 -0.4436 -0.1267
vn -0.9844 -0.1055 -0.1406
vn 0.6617 0.1470 0.7352
vn -0.4656 0.6111 0.6402
vn 0.7663 -0.2873 -0.5747
vn -0.2747 0.7692 -0.5769
vn 0.0499 0.7990 -0.5993
vn -0.2408 0.1204 0.9631
vn 0.2634 0.6335 0.7275
vn -0.2040 0.6574 0.7254
vn -0.3417 -0.0000 0.9398
vn 0.5464 -0.0683 -0.8347
vn 0.4483 0.4179 -0.7902
vn 0.5583 -0.0338 -0.8290
vn -0.7073 0.1715 -0.6858
vn -0.7984 -0.4258 0.4258
vn -0.7454 -0.5963 0.2981
vn -0.0000 -0.8742 -0.4856
vn -0.3162 -0.9487 -0.0000
vn -0.0743 -0.8920 -0.4460
vn 0.0587 -0.8808 -0.4698
vn 0.7984 -0.4258 0.4258
vn 0.7454 -0.5963 0.2981
vn -0.4696 -0.7305 -0.4957
vn -0.3866 -0.8161 -0.4295
vn 0.2425 0.0242 0.9699
vn -0.1834 0.6616 0.7271
vn 0.1198 0.7231 0.6803
vn 0.2631 -0.0000 0.9648
vn 0.3841 0.7682 -0.5121
vn -0.7961 -0.4777 -0.3715
vn -0.9772 0.2036 -0.0611
vn -0.1593 0.2478 0.9556
vn 0.3235 0.1362 0.9364
vn 0.5257 -0.7010 -0.4819
vn -0.9231 0.1978 0.3297
vn 0.2238 0.7355 -0.6395
vn -0.8616 0.1231 0.4924
vn -0.3747 -0.2866 0.8817
vn 0.4438 0.5804 -0.6828
vn 0.8995 -0.2570 -0.3534
vn 0.9231 0.3077 0.2308
vn 0.9918 0.1262 0.0180
vn 0.8262 -0.5508 -0.1180
vn 0.9844 -0.1055 -0.1406
vn 0.8899 -0.3069 -0.3375
vn 0.7861 -0.4879 -0.3795
vn 0.6931 -0.6931 -0.1980
vn -0.7168 0.4779 -0.5077
vn 0.1348 -0.8086 -0.5727
vn -0.3587 -0.4947 -0.7916
vn -0.2747 -0.0000 0.9615
vn -0.2424 0.0269 0.9698
vn -0.5793 -0.3310 -0.7448
vn -0.7625 0.4575 -0.4575
vn 0.3771 0.7199 -0.5828
vn -0.3424 0.7337 -0.5869
vn -0.1932 0.8309 -0.5217
vn -0.0971 0.7772 -0.6217
vn -0.0772 0.7722 -0.6306
vn -0.1666 0.8330 -0.5276
vn -0.1287 0.7723 -0.6221
vn -0.0000 0.7682 -0.6402
vn 0.7132 0.4755 -0.5151
vn 0.1287 0.7723 -0.6221
vn 0.1187 0.7119 -0.6922
vn 0.1154 0.7119 -0.6927
vn 0.1311 0.7868 -0.6032
vn 0.2596 0.7788 -0.5711
vn 0.3424 0.7337 -0.5869
vn 0.1109 0.7761 -0.6208
vn 0.6860 0.5145 -0.5145
vn 0.4196 0.5035 -0.7553
vn -0.2805 0.7395 -0.6120
vn 0.2747 -0.0000 0.9615
vn 0.2424 0.0269 0.9698
vn -0.0585 -0.7795 -0.6236
vn 0.3587 -0.4947 -0.7916
vn 0.5485 -0.6529 -0.5224
vn 0.8477 0.0265 -0.5298
vn -0.2871 0.8334 -0.4723
vn -0.3582 0.8255 -0.4361
vn -0.6616 0.0919 -0.7442
vn 0.7015 -0.3973 -0.5917
vn 0.6396 -0.5672 -0.5189
vn -0.0000 -0.7593 -0.6508
vn -0.6271 0.3484 -0.6967
vn 0.3411 -0.7372 -0.5832
vn 0.4874 -0.7581 -0.4332
vn 0.5132 -0.7270 -0.4562
vn 0.6327 -0.3796 -0.6749
vn -0.5915 -0.7735 -0.2275
vn -0.1750 -0.9303 -0.3224
vn 0.0349 -0.9772 0.2094
vn -0.8040 -0.3298 0.4948
vn 0.7778 0.4444 -0.4444
vn -0.5121 -0.7682 0.3841
vn -0.8784 0.4392 -0.1882
vn -0.3820 0.6434 -0.6635
vn -0.1302 0.9113 -0.3906
vn 0.1141 0.9131 -0.3913
vn 0.5488 0.7683 -0.3293
vn 0.3846 -0.9231 -0.0000
vn 0.0743 -0.8920 -0.4460
vn 0.5803 -0.7876 0.2073
vn 0.8040 -0.3298 0.4948
vn -0.1638 -0.9831 0.0819
vn -0.1367 -0.9845 0.1094
vn 0.0397 0.8651 -0.5000
vn -0.0804 0.7914 -0.6059
vn 0.3208 0.4491 -0.8340
vn 0.5692 0.3162 -0.7589
vn -0.3411 -0.7372 -0.5832
vn 0.6437 0.4649 -0.6079
vn 0.7093 0.3152 -0.6305
vn -0.6964 -0.2548 -0.6709
vn -0.6542 -0.4481 -0.6094
vn -0.8523 0.2691 0.4486
vn -0.5804 0.4438 0.6828
vn 0.2572 0.8744 0.4115
vn -0.7109 -0.6247 -0.3231
vn -0.9918 0.0902 -0.0902
vn -0.2598 -0.6496 -0.7145
vn -0.0926 -0.7560 -0.6480
vn -0.5373 0.3496 -0.7675
vn -0.5547 0.2536 -0.7925
vn -0.6474 0.2248 -0.7283
vn -0.5978 0.2277 -0.7686
vn -0.4815 0.2408 -0.8427
vn -0.0629 0.8533 -0.5176
vn 0.0928 0.7269 -0.6805
vn 0.4898 0.6321 -0.6005
vn 0.7277 0.1551 -0.6681
vn 0.0526 0.8409 -0.5387
vn -0.1473 0.8615 -0.4860
vn -0.0260 0.8695 -0.4932
vn -0.5681 0.6542 -0.4993
vn -0.7898 0.1723 -0.5887
vn 0.1383 0.4150 -0.8992
vn 0.3103 0.3620 -0.8790
vn -0.5633 -0.6572 -0.5007
vn -0.4320 -0.8160 -0.3840
vn 0.2935 0.2515 -0.9223
vn 0.4880 0.3904 -0.7807
vn 0.5978 0.2277 -0.7686
vn 0.4729 0.1576 -0.8669
vn 0.5519 0.2716 -0.7884
vn 0.5547 0.2536 -0.7925
vn 0.2598 -0.6496 -0.7145
vn 0.0937 -0.6556 -0.7493
vn 0.0926 -0.7560 -0.6480
vn 0.2936 0.7047 -0.6459
vn 0.6116 0.2039 -0.7645
vn -0.5681 -0.8206 -0.0631
vn -0.7735 -0.6328 0.0352
vn -0.0153 0.6431 0.7656
vn 0.9879 -0.1098 0.1098
vn 0.9622 0.1925 -0.1924
vn 0.5350 0.5350 0.6539
vn -0.3521 0.8979 0.2641
vn 0.5797 0.6392 -0.5054
vn 0.7155 0.5367 -0.4472
vn -0.0535 0.9621 -0.2673
vn 0.2909 0.9294 -0.2270
vn -0.8701 -0.0967 -0.4834
vn 0.9690 -0.2095 0.1309
vn -0.7590 0.6325 -0.1546
vn -0.2348 -0.7748 -0.5870
vn 0.6123 0.4434 0.6546
vn -0.3906 0.6509 -0.6509
vn -0.9730 0.1441 -0.1802
vn -0.1633 -0.8981 -0.4082
vn 0.2558 -0.7249 -0.6396
vn 0.0716 0.9309 0.3581
vn -0.1447 -0.6751 -0.7234
vn -0.4114 0.8764 -0.2504
vn 0.1005 0.7035 -0.7035
vn -0.1674 0.8927 -0.4184
vn -0.0928 0.8967 -0.4329
vn -0.2182 0.8729 -0.4364
vn -0.3052 0.9156 -0.2616
vn -0.2945 0.2577 -0.9203
vn 0.1474 0.8694 -0.4716
vn 0.1575 0.8584 -0.4882
vn 0.5121 -0.7682 0.3841
vn -0.0633 0.8862 -0.4589
vn -0.1576 0.8669 -0.4729
vn 0.0572 0.2287 -0.9718
vn 0.2782 0.1669 -0.9459
vn 0.2051 0.8887 -0.4102
vn 0.0928 0.8967 -0.4329
vn -0.2018 0.9417 -0.2691
vn 0.3052 0.9156 -0.2616
vn -0.6741 -0.3745 -0.6367
vn 0.6251 0.3386 -0.7033
vn 0.6046 0.2519 -0.7557
vn 0.6168 0.0561 -0.7851
vn 0.6572 0.1461 -0.7394
vn 0.8506 0.5026 -0.1546
vn 0.0125 0.9158 0.4014
vn 0.7441 0.6582 0.1145
vn 0.6656 0.3840 0.6400
vn -0.0237 0.9249 0.3794
vn -0.2923 0.6577 -0.6942
vn 0.5963 -0.2981 -0.7454
vn 0.9275 0.3710 -0.0464
vn -0.3168 0.7789 0.5413
vn -0.8301 0.5534 -0.0692
vn 0.0201 -0.6440 -0.7648
vn 0.8246 -0.2910 -0.4851
vn 0.5808 -0.6726 -0.4586
vn -0.2289 0.9324 -0.2797
vn 0.3732 0.8432 -0.3870
vn 0.1058 0.9524 -0.2857
vn -0.0803 -0.7624 -0.6421
vn -0.3146 -0.7424 -0.5914
vn -0.1935 0.4193 0.8870
vn 0.4411 0.7352 0.5146
vn -0.4494 0.3995 -0.7990
vn -0.5371 0.2046 -0.8184
vn 0.6964 -0.2548 -0.6709
vn 0.6839 -0.3296 -0.6509
vn 0.6130 -0.5721 -0.5449
vn 0.3205 -0.7211 -0.6143
vn 0.5300 -0.6814 -0.5048
vn -0.6196 -0.7573 -0.2065
vn 0.0621 0.8695 -0.4900
vn 0.0349 0.8904 -0.4539
vn 0.0263 -0.9484 -0.3161
vn -0.1992 -0.8765 0.4383
vn 0.0871 0.8708 -0.4838
vn 0.0962 0.8655 -0.4915
vn -0.0789 0.8677 -0.4908
vn -0.0376 0.8718 -0.4885
vn -0.0871 0.8708 -0.4838
vn 0.7497 -0.6381 0.1755
vn -0.6168 -0.4523 -0.6442
vn -0.6877 -0.3668 -0.6266
vn -0.3205 -0.7211 -0.6143
vn -0.5300 -0.6814 -0.5048
vn 0.4494 0.3995 -0.7990
vn 0.5371 0.2046 -0.8184
vn 0.3146 -0.7424 -0.5914
vn 0.2466 -0.7529 -0.6101
vn -0.9369 -0.2301 -0.2630
vn -0.8746 -0.4685 -0.1249
vn -0.8847 -0.4423 -0.1474
vn -0.9621 0.2205 -0.1604
vn -0.9176 0.3670 -0.1529
vn -0.7930 -0.5947 -0.1322
vn -0.9580 -0.0855 -0.2737
vn -0.9547 0.1193 -0.2728
vn -0.9421 -0.1178 -0.3140
vn -0.4608 0.8777 -0.1317
vn -0.9586 0.0783 -0.2739
vn -0.5367 0.7871 0.3041
vn -0.4397 0.8305 0.3420
vn -0.9285 -0.0000 0.3714
vn -0.9262 0.0695 0.3705
vn -0.9236 0.1026 0.3694
vn -0.6495 0.1649 -0.7423
vn -0.9275 0.0464 0.3710
vn -0.9487 -0.0000 0.3162
vn -0.5933 -0.1695 -0.7870
vn -0.0295 0.9453 0.3249
vn -0.6563 -0.0820 -0.7500
vn -0.3433 0.2098 -0.9155
vn -0.3945 0.1447 -0.9074
vn -0.2978 0.1489 -0.9430
vn -0.3494 0.0998 -0.9317
vn -0.1527 0.2036 -0.9671
vn -0.3076 0.0769 -0.9484
vn 0.5541 -0.2287 -0.8004
vn 0.5689 0.0351 -0.8217
vn 0.3039 0.3799 -0.8737
vn 0.1355 0.5817 -0.8020
vn 0.3511 -0.0000 0.9363
vn 0.4401 0.7262 -0.5281
vn 0.4755 0.7025 -0.5296
vn -0.2596 0.7788 -0.5711
vn 0.0876 0.5754 -0.8131
vn 0.3371 -0.8834 -0.3255
vn 0.4329 -0.7257 -0.5347
vn 0.2723 -0.9201 -0.2817
vn -0.1730 -0.9344 -0.3115
vn -0.5151 -0.4755 0.7132
vn -0.5077 -0.6092 0.6092
vn 0.4626 -0.7930 0.3965
vn 0.5439 -0.5934 0.5934
vn -0.3249 -0.8664 -0.3791
vn -0.3737 0.7660 -0.5231
vn -0.5723 0.6273 -0.5282
vn -0.3139 0.4378 -0.8425
vn -0.1426 0.6285 -0.7646
vn -0.4655 0.0735 -0.8820
vn -0.3633 0.2422 -0.8996
vn 0.2143 0.1548 -0.9644
vn -0.5831 -0.0648 -0.8098
vn -0.4516 0.1935 -0.8710
vn 0.3366 0.1122 -0.9349
vn 0.3461 0.0433 -0.9372
vn 0.3433 0.2098 -0.9155
vn 0.3945 0.1447 -0.9074
vn 0.3494 0.0998 -0.9317
vn 0.9275 0.0464 0.3710
vn 0.9487 -0.0000 0.3162
vn -0.3570 0.7437 0.5652
vn 0.5933 -0.1695 -0.7870
vn 0.1162 0.9300 0.3487
vn 0.9285 -0.0000 0.3714
vn 0.9236 0.1026 0.3694
vn 0.6495 0.1649 -0.7423
vn 0.6563 -0.0820 -0.7500
vn 0.1690 0.5071 0.8452
vn -0.5178 0.7623 0.3883
vn 0.9223 0.1153 0.3689
vn 0.5565 -0.3298 -0.7626
vn 0.7581 0.6498 0.0542
vn 0.6656 0.7110 -0.2269
vn 0.4920 -0.8705 -0.0126
vn 0.6388 -0.2994 -0.7087
vn -0.7767 0.6213 0.1036
vn 0.3518 0.9234 0.1539
vn -0.9171 -0.3190 0.2392
vn 0.7331 -0.6744 -0.0880
vn 0.7387 -0.6648 -0.1108
vn 0.9727 0.0638 -0.2232
vn 0.3439 0.2580 -0.9029
vn 0.9812 0.1022 -0.1635
vn 0.9825 0.1228 -0.1404
vn 0.6882 -0.6882 -0.2294
vn 0.9231 -0.2308 -0.3077
vn 0.8847 0.4423 -0.1474
vn 0.7930 -0.5947 -0.1322
vn 0.8746 -0.4685 -0.1249
vn 0.8847 -0.4423 -0.1474
vn 0.9599 -0.1175 -0.2547
vn -0.8801 -0.3912 -0.2689
vn -0.9667 -0.0586 -0.2490
vn -0.8485 -0.5152 -0.1212
vn -0.9847 -0.1231 -0.1231
vn -0.9706 0.0299 -0.2389
vn -0.9048 0.3564 -0.2331
vn -0.8489 0.4559 -0.2673
vn -0.0445 0.9492 0.3115
vn -0.4567 0.8580 0.2353
vn -0.6456 -0.3332 -0.6872
vn 0.9428 0.2357 0.2357
vn 0.3171 0.3080 -0.8970
vn 0.6149 -0.4702 -0.6330
vn -0.1034 0.8276 -0.5517
vn -0.0230 0.7829 -0.6217
vn 0.1832 -0.8793 0.4396
vn -0.2490 -0.6848 0.6848
vn 0.0310 0.6505 -0.7589
vn -0.4618 0.5772 -0.6735
vn -0.2996 0.5761 -0.7605
vn 0.0400 0.7994 -0.5995
vn 0.9048 0.3564 -0.2331
vn 0.8489 0.4559 -0.2673
vn 0.9847 -0.1231 -0.1231
vn 0.9706 0.0299 -0.2389
vn 0.9117 -0.3419 -0.2279
vn 0.9684 -0.0605 -0.2421
vn 0.8934 -0.4307 -0.1276
vn -0.4403 0.8958 -0.0607
vn -0.9439 0.2904 -0.1573
vn -0.9758 0.1464 -0.1626
vn -0.8054 0.5576 0.2013
vn -0.8997 0.4262 -0.0947
vn -0.9862 0.1109 -0.1233
vn -0.9922 0.0155 0.1240
vn -0.9880 -0.0926 0.1235
vn -0.9685 -0.1761 -0.1761
vn -0.9174 -0.3614 -0.1668
vn -0.9616 0.0340 -0.2723
vn -0.7092 0.0874 -0.6995
vn -0.6997 -0.0863 -0.7092
vn -0.6603 0.1821 -0.7286
vn -0.6202 -0.2481 -0.7442
vn -0.1474 0.8847 -0.4423
vn -0.0000 0.8682 -0.4961
vn -0.1086 0.9775 -0.1810
vn 0.2882 0.8646 -0.4117
vn 0.1209 0.8466 -0.5183
vn 0.3715 0.9164 -0.1486
vn 0.4492 0.8769 0.1711
vn -0.0856 0.9128 0.3993
vn 0.5573 0.7920 0.2493
vn 0.5974 -0.3319 -0.7301
vn 0.6603 0.1821 -0.7286
vn 0.9980 0.0088 0.0618
vn 0.9969 -0.0433 0.0650
vn 0.9464 -0.2572 -0.1955
vn 0.9551 -0.2239 -0.1940
vn 0.9565 -0.0846 -0.2793
vn 0.9439 0.2904 -0.1573
vn 0.9758 0.1464 -0.1626
vn 0.8054 0.5576 0.2013
vn 0.9090 0.3557 -0.2174
vn 0.9862 0.1109 -0.1233
vn -0.8924 0.4177 -0.1709
vn -0.9875 0.1297 0.0898
vn -0.9868 -0.1346 0.0897
vn -0.9459 -0.3022 0.1182
vn -0.4195 -0.7924 -0.4428
vn -0.1761 0.8805 -0.4402
vn -0.0554 0.8308 -0.5538
vn -0.2776 -0.9562 -0.0925
vn -0.5249 -0.5107 0.6809
vn -0.2631 -0.5789 0.7718
vn 0.5294 -0.4706 0.7059
vn 0.5145 -0.5145 0.6860
vn 0.1064 -0.8402 -0.5318
vn 0.4372 -0.8407 -0.3195
vn 0.1498 0.8988 -0.4120
vn 0.1547 0.8999 -0.4078
vn -0.4044 -0.7721 -0.4902
vn -0.0356 0.7357 -0.6764
vn -0.1615 0.6371 -0.7537
vn -0.6312 -0.4508 -0.6312
vn -0.5774 -0.5773 -0.5774
vn 0.4195 -0.7924 -0.4428
vn 0.9330 -0.3327 0.1374
vn 0.9839 -0.1219 0.1306
vn 0.9875 0.1297 0.0898
vn 0.9958 -0.0113 0.0905
vn 0.8232 0.5292 -0.2058
vn -0.8222 -0.5626 0.0865
vn -0.9696 -0.2330 0.0752
vn -0.0724 0.9773 -0.1991
vn -0.4031 0.9148 0.0233
vn -0.7449 0.0648 -0.6640
vn -0.7414 0.1628 -0.6510
vn 0.1485 0.6726 -0.7250
vn -0.0525 0.9972 -0.0525
vn 0.5394 -0.6935 -0.4777
vn 0.4482 -0.7636 -0.4648
vn 0.4323 -0.7859 -0.4421
vn -0.2548 0.3058 0.9174
vn -0.1170 -0.7022 -0.7022
vn 0.2367 -0.8286 -0.5073
vn 0.0628 -0.8226 -0.5651
vn -0.5394 -0.6935 -0.4777
vn 0.8420 -0.5327 0.0859
vn 0.9696 -0.2330 0.0752
vn -0.9223 0.1153 -0.3689
vn -0.7034 -0.7093 -0.0469
vn -0.9319 -0.3572 -0.0621
vn -0.9417 -0.1712 -0.2897
vn -0.6909 -0.6909 -0.2126
vn -0.9558 -0.0000 -0.2941
vn -0.8253 -0.5502 -0.1270
vn -0.7679 -0.5759 -0.2806
vn -0.9405 -0.1568 -0.3014
vn -0.5561 -0.7785 -0.2909
vn -0.7874 -0.5250 -0.3231
vn -0.7458 0.0663 -0.6629
vn -0.5925 0.2178 -0.7755
vn -0.6023 0.1936 -0.7744
vn -0.7462 0.0574 -0.6633
vn 0.4676 0.7570 0.4564
vn 0.7974 0.5582 -0.2293
vn -0.5787 -0.7428 -0.3368
vn -0.3869 -0.8706 -0.3040
vn -0.5468 -0.7812 -0.3013
vn -0.0000 -0.9762 -0.2169
vn 0.6289 -0.3407 -0.6988
vn 0.5719 -0.5189 -0.6354
vn -0.2688 -0.8853 -0.3794
vn -0.4482 -0.8217 -0.3521
vn -0.1682 -0.8550 -0.4906
vn -0.3093 -0.7991 -0.5155
vn -0.4036 -0.8073 -0.4305
vn 0.0524 0.8379 -0.5433
vn 0.1707 0.6573 -0.7341
vn 0.2524 -0.4327 0.8655
vn -0.1992 -0.4383 0.8765
vn 0.1803 -0.5902 0.7869
vn 0.1423 -0.3130 -0.9390
vn -0.1406 0.9840 -0.1093
vn 0.1233 0.9863 -0.1096
vn -0.0237 0.9712 -0.2369
vn -0.0578 0.9831 -0.1735
vn -0.1561 0.8102 -0.5649
vn -0.1492 0.8124 -0.5637
vn 0.2689 -0.8413 -0.4689
vn 0.2969 -0.8358 -0.4619
vn 0.4176 -0.8352 -0.3579
vn -0.1231 0.4924 -0.8616
vn -0.1373 0.4944 -0.8583
vn 0.4502 -0.8395 -0.3042
vn 0.4902 -0.8171 -0.3035
vn 0.4842 -0.8301 -0.2767
vn 0.5998 0.1999 -0.7748
vn 0.6023 0.1936 -0.7744
vn -0.6531 0.7166 -0.2449
vn 0.5715 -0.7858 -0.2363
vn 0.6042 -0.7384 -0.2995
vn 0.7972 -0.5315 -0.2862
vn 0.9558 -0.0000 -0.2941
vn 0.6909 -0.6909 -0.2126
vn 0.9202 -0.1673 -0.3539
vn 0.9247 -0.2312 -0.3023
vn 0.9305 0.0775 -0.3579
vn 0.8815 -0.4407 -0.1695
vn 0.8229 -0.5486 -0.1477
vn 0.9744 -0.0000 -0.2249
vn 0.8412 -0.5047 -0.1941
vn 0.1048 0.9435 -0.3145
vn 0.7994 -0.5995 -0.0400
vn 0.9351 -0.3536 -0.0236
vn 0.9300 0.1162 -0.3487
vn 0.8639 0.4319 -0.2592
vn -0.8704 0.3482 -0.3482
vn -0.8522 -0.4578 -0.2535
vn -0.8272 -0.5072 -0.2419
vn -0.9615 -0.0000 -0.2747
vn -0.8308 -0.5193 -0.2003
vn -0.9254 -0.3085 -0.2203
vn -0.8614 -0.4903 -0.1325
vn -0.9627 -0.1605 -0.2178
vn -0.5499 -0.8103 -0.2026
vn -0.6890 -0.6502 -0.3202
vn 0.2975 0.9375 -0.1803
vn 0.1904 0.9793 -0.0680
vn 0.4868 0.8704 -0.0738
vn -0.5074 0.8303 -0.2306
vn -0.5432 0.1521 -0.8257
vn -0.5420 0.1549 -0.8260
vn -0.5862 0.1161 -0.8018
vn -0.4755 0.1189 -0.8717
vn -0.5244 0.0477 -0.8501
vn -0.0305 -0.9764 -0.2136
vn -0.0264 -0.9771 -0.2113
vn 0.0346 0.9696 -0.2424
vn -0.4969 0.8447 0.1988
vn -0.3152 0.9457 0.0788
vn 0.3895 -0.8346 0.3895
vn 0.5547 -0.0000 -0.8320
vn 0.3635 0.3271 -0.8723
vn -0.2530 -0.5241 0.8132
vn -0.0695 0.5098 -0.8575
vn 0.4692 -0.4860 -0.7373
vn 0.8786 0.1481 -0.4541
vn 0.1543 0.7715 -0.6172
vn 0.1062 0.8248 -0.5553
vn -0.1413 -0.9889 -0.0471
vn 0.1644 0.9864 -0.0000
vn -0.1306 -0.3135 -0.9406
vn -0.0905 -0.9959 -0.0000
vn -0.0467 0.7935 -0.6068
vn -0.1074 0.7823 -0.6136
vn 0.4107 0.8846 0.2211
vn -0.4184 -0.6695 -0.6137
vn -0.3419 0.2279 -0.9117
vn -0.1829 0.4878 -0.8536
vn -0.1693 0.4853 -0.8578
vn -0.6496 -0.2598 -0.7145
vn -0.6217 -0.3819 -0.6839
vn 0.3152 0.9457 0.0788
vn 0.0305 -0.9764 -0.2136
vn 0.0264 -0.9771 -0.2113
vn 0.5432 0.1521 -0.8257
vn 0.5420 0.1549 -0.8260
vn 0.5862 0.1161 -0.8018
vn 0.4780 0.0597 -0.8763
vn 0.7459 0.0638 -0.6630
vn 0.5935 0.6410 -0.4867
vn 0.4477 0.8395 -0.3078
vn 0.5499 -0.8103 -0.2026
vn 0.6890 -0.6502 -0.3202
vn 0.8473 -0.4574 -0.2699
vn 0.9165 -0.2540 -0.3092
vn 0.6805 -0.7104 -0.1795
vn 0.8867 -0.4542 -0.0865
vn 0.8639 -0.4319 -0.2592
vn 0.8950 0.3315 -0.2983
vn 0.8393 0.4663 -0.2798
vn -0.6585 -0.0000 -0.7526
vn -0.6567 0.0730 -0.7506
vn -0.7086 0.1741 -0.6838
vn -0.8692 -0.3688 -0.3293
vn -0.7107 0.1015 -0.6962
vn -0.4121 0.5094 -0.7555
vn -0.0714 0.5114 -0.8564
vn 0.6244 -0.0312 -0.7805
vn 0.6026 -0.2636 -0.7532
vn 0.1855 -0.9674 -0.1723
vn 0.3420 -0.9338 -0.1052
vn 0.1275 -0.9809 -0.1471
vn 0.6058 0.7357 -0.3029
vn 0.8821 0.1654 -0.4411
vn 0.2021 -0.9046 -0.3753
vn 0.1560 -0.9232 -0.3511
vn 0.0583 -0.9235 -0.3791
vn 0.3067 -0.7625 -0.5697
vn 0.0464 0.7963 -0.6031
vn 0.0506 0.7929 -0.6073
vn -0.0793 0.7927 -0.6044
vn -0.0503 0.7960 -0.6033
vn 0.0688 -0.9637 -0.2581
vn 0.2425 -0.9701 -0.0000
vn -0.1421 -0.9239 -0.3553
vn -0.2793 -0.8553 -0.4364
vn -0.3350 -0.7564 -0.5619
vn -0.4392 0.1882 -0.8784
vn -0.3277 0.3589 -0.8739
vn -0.1855 -0.9674 -0.1723
vn -0.3420 -0.9338 -0.1052
vn -0.1275 -0.9809 -0.1471
vn 0.7044 -0.0880 -0.7044
vn 0.6563 0.0820 -0.7500
vn 0.8351 -0.4236 -0.3510
vn 0.6516 0.0724 -0.7551
vn 0.8581 0.1907 -0.4767
vn 0.7557 0.3589 -0.5479
vn 0.7280 0.2265 -0.6471
vn 0.4370 0.8954 -0.0853
vn 0.8349 0.4696 -0.2870
vn -0.9487 -0.3162 -0.0000
vn -0.8889 -0.1111 -0.4444
vn -0.8930 0.0558 -0.4465
vn -0.8821 -0.4411 -0.1654
vn -0.7805 -0.5854 -0.2195
vn -0.0177 0.9921 0.1240
vn -0.3967 0.8769 -0.2714
vn -0.5340 0.1874 -0.8244
vn -0.4053 -0.7565 -0.5133
vn -0.8069 -0.1297 -0.5763
vn -0.7844 -0.2661 -0.5603
vn -0.7960 -0.0995 -0.5970
vn -0.7044 0.0880 -0.7044
vn -0.1900 -0.9375 -0.2914
vn -0.0528 -0.9761 -0.2110
vn 0.5304 0.0758 -0.8443
vn 0.3656 0.3107 -0.8774
vn 0.5297 0.0828 -0.8442
vn 0.8459 -0.3076 -0.4358
vn 0.7159 -0.6157 -0.3293
vn 0.8770 -0.2436 -0.4141
vn 0.0921 0.8285 -0.5523
vn 0.1728 0.7775 -0.6047
vn -0.1523 0.8223 -0.5482
vn -0.9580 0.1503 -0.2442
vn -0.8459 -0.3076 -0.4358
vn -0.7159 -0.6157 -0.3293
vn -0.5800 -0.0663 -0.8119
vn -0.5803 -0.0580 -0.8124
vn -0.4333 0.2476 -0.8666
vn 0.1848 0.5236 -0.8317
vn 0.2092 0.5057 -0.8370
vn 0.1900 -0.9375 -0.2914
vn 0.0528 -0.9761 -0.2110
vn 0.7911 0.1483 -0.5934
vn 0.7978 0.0748 -0.5983
vn 0.8018 -0.3257 -0.5011
vn 0.8419 -0.2690 -0.4677
vn -0.3970 0.9057 -0.1489
vn -0.1741 0.9640 -0.2008
vn 0.3780 0.9153 -0.1393
vn 0.8933 0.0496 -0.4467
vn 0.7805 -0.5854 -0.2195
vn 0.8821 -0.4411 -0.1654
vn 0.9864 -0.1644 -0.0000
vn -0.8480 0.3180 -0.4240
vn -0.7494 0.1606 -0.6423
vn -0.7477 -0.1736 -0.6409
vn -0.7978 0.0748 -0.5983
vn -0.4535 -0.8314 -0.3212
vn 0.0632 0.6879 -0.7230
vn 0.3210 0.3991 -0.8589
vn 0.4240 -0.4876 -0.7632
vn 0.3073 -0.7744 -0.5531
vn -0.3331 -0.7996 -0.4997
vn -0.7300 0.6387 -0.2433
vn -0.9448 0.0900 -0.3149
vn 0.4564 -0.7824 -0.4238
vn 0.7161 -0.3325 -0.6138
vn 0.7568 0.0811 -0.6486
vn 0.8357 -0.1697 -0.5223
vn 0.7926 0.3658 -0.4878
vn 0.8877 0.0538 -0.4573
vn -0.8486 -0.5289 -0.0123
vn -0.9784 -0.0741 -0.1927
vn -0.8602 0.4650 0.2092
vn -0.8907 -0.4284 -0.1522
vn -0.9951 0.0984 0.0109
vn -0.5278 -0.7916 -0.3079
vn -0.5703 -0.7620 -0.3067
vn -0.6089 -0.7147 -0.3441
vn -0.5500 -0.7858 -0.2829
vn -0.5544 -0.7642 -0.3296
vn -0.4402 -0.8805 -0.1761
vn -0.4283 -0.8861 -0.1772
vn -0.1049 -0.9790 -0.1748
vn -0.4118 -0.9059 -0.0988
vn 0.4751 -0.5416 -0.6936
vn 0.4708 -0.5511 -0.6889
vn -0.1747 -0.9351 -0.3083
vn -0.2518 -0.9233 -0.2900
vn 0.0671 -0.9314 -0.3577
vn -0.0000 0.8824 -0.4706
vn 0.5812 0.7824 -0.2236
vn -0.1361 -0.9526 0.2722
vn 0.0217 0.8898 -0.4558
vn -0.0539 -0.9350 -0.3506
vn -0.0749 -0.9241 -0.3746
vn 0.0179 -0.9867 -0.1615
vn 0.2956 -0.9491 -0.1089
vn -0.1065 0.5678 -0.8162
vn -0.2026 0.5499 -0.8103
vn 0.4454 -0.8909 -0.0891
vn 0.2848 -0.9493 -0.1329
vn -0.4595 -0.5849 -0.6684
vn -0.4726 -0.5613 -0.6794
vn 0.5071 -0.8452 -0.1690
vn 0.3831 -0.8328 -0.3997
vn 0.4071 -0.8956 -0.1791
vn 0.5692 -0.8020 -0.1811
vn 0.9951 0.0984 0.0109
vn 0.8948 -0.4346 -0.1023
vn 0.9769 -0.0718 -0.2011
vn 0.9611 0.2621 0.0874
vn 0.9028 -0.4093 -0.1324
vn -0.0388 -0.9499 -0.3102
vn -0.0732 0.4719 -0.8786
vn 0.1761 -0.8805 -0.4402
vn 0.1042 -0.9382 -0.3301
vn 0.3049 -0.9268 -0.2195
vn 0.7134 -0.6358 -0.2947
vn 0.1666 0.6138 -0.7717
vn 0.2735 0.4351 -0.8578
vn -0.2575 0.8830 0.3924
vn -0.3049 -0.9268 -0.2195
vn -0.7134 -0.6358 -0.2947
vn -0.1761 -0.8805 -0.4402
vn 0.0388 -0.9499 -0.3102
vn -0.1042 -0.9382 -0.3301
vn -0.9532 0.2933 -0.0733
vn -0.8593 0.5037 0.0889
vn -0.3015 -0.9045 0.3015
vn -0.3545 -0.8982 -0.2600
vn 0.5073 0.8286 0.2367
vn 0.7283 0.5098 0.4578
vn -0.8317 -0.3259 -0.4496
vn 0.9233 0.3693 0.1055
vn -0.1365 0.5250 -0.8401
vn -0.0995 -0.0000 -0.9950
vn 0.0496 -0.4467 -0.8933
vn -0.1104 -0.0000 -0.9939
vn -0.1104 0.0368 -0.9932
vn 0.5756 0.7949 -0.1919
vn 0.1944 0.4442 -0.8746
vn 0.4327 -0.5409 -0.7212
vn 0.4243 -0.5657 -0.7071
vn 0.1077 0.6381 -0.7624
vn 0.1164 0.6270 -0.7703
vn 0.3487 0.8137 0.4650
vn -0.1681 0.8559 0.4891
vn -0.0631 0.6495 -0.7577
vn -0.1779 0.6404 -0.7471
vn 0.2042 0.9729 -0.1081
vn 0.5100 0.8345 0.2086
vn -0.3563 -0.6681 -0.6532
vn -0.4706 -0.5294 -0.7059
vn -0.4216 0.5270 -0.7379
vn -0.3589 0.5773 -0.7334
vn -0.3128 0.3496 -0.8832
vn -0.3345 0.2263 -0.9148
vn -0.2182 0.4364 -0.8729
vn -0.6532 0.7552 -0.0544
vn 0.1073 0.6079 -0.7867
vn 0.1854 0.2383 -0.9533
vn -0.0496 -0.4467 -0.8933
vn 0.7730 -0.3751 -0.5116
vn -0.7817 0.5997 0.1713
vn -0.8541 0.3942 0.3394
vn -0.5042 0.8304 0.2373
vn -0.8207 0.2736 0.5016
vn 0.3545 -0.8982 -0.2600
vn -0.8847 0.3388 -0.3200
vn 0.7522 0.5955 -0.2821
vn -0.8505 0.1276 -0.5103
vn 0.8812 0.0236 0.4721
vn -0.8672 -0.3077 -0.3916
vn 0.3432 0.5380 -0.7699
vn 0.2427 -0.7039 -0.6675
vn 0.1236 -0.7417 -0.6593
vn 0.2793 -0.5761 -0.7682
vn -0.2427 -0.7039 -0.6675
vn -0.2776 0.6041 -0.7470
vn -0.3529 0.4390 -0.8263
vn 0.8479 -0.3491 -0.3990
vn 0.8847 0.3388 -0.3200
vn 0.9671 0.2036 -0.1527
vn -0.4111 0.9021 0.1313
vn 0.1638 0.9831 0.0819
vn 0.2650 0.9403 0.2137
vn -0.8308 0.0554 -0.5538
vn -0.8393 0.0387 -0.5423
vn -0.7879 0.0606 -0.6128
vn -0.8321 -0.0000 -0.5547
vn -0.9600 0.1067 -0.2590
vn -0.9575 0.1368 -0.2540
vn -0.9237 0.1802 -0.3380
vn -0.6940 0.1234 -0.7094
vn -0.7886 0.0438 -0.6134
vn -0.6632 0.0603 -0.7460
vn -0.0806 -0.9670 -0.2417
vn 0.2737 -0.8603 -0.4301
vn 0.3754 -0.7150 -0.5899
vn 0.5073 -0.2682 -0.8190
vn 0.4643 -0.4364 -0.7707
vn 0.3832 0.0251 -0.9233
vn 0.3021 0.1955 -0.9330
vn 0.3880 0.0862 -0.9176
vn 0.3482 -0.3482 -0.8704
vn 0.0588 0.7059 -0.7059
vn 0.1385 0.6330 -0.7616
vn -0.1552 0.7095 -0.6874
vn -0.1259 0.7104 -0.6924
vn -0.3833 -0.1327 -0.9140
vn -0.3351 0.2285 -0.9140
vn -0.4922 -0.4014 -0.7724
vn -0.4754 -0.4365 -0.7638
vn -0.4525 0.1005 -0.8861
vn -0.3754 -0.7150 -0.5899
vn -0.2737 -0.8603 -0.4301
vn 0.0605 -0.9684 -0.2421
vn 0.0806 -0.9670 -0.2417
vn 0.9615 -0.0000 -0.2747
vn 0.9590 0.1199 -0.2569
vn 0.9765 0.0656 -0.2052
vn 0.6940 0.1234 -0.7094
vn 0.7743 0.2516 -0.5807
vn 0.7448 0.0828 -0.6621
vn 0.8000 -0.0000 -0.6000
vn 0.4864 0.8727 0.0429
vn 0.3821 0.9241 0.0039
vn -0.0707 0.9905 0.1179
vn 0.7648 0.5969 0.2425
vn 0.3936 0.9185 0.0375
vn -0.9580 0.0855 -0.2737
vn -0.9684 0.0605 -0.2421
vn -0.6722 0.7239 0.1551
vn -0.3870 0.9178 0.0893
vn -0.6894 -0.6607 -0.2968
vn -0.6008 -0.7760 -0.1919
vn -0.9893 0.0353 -0.1413
vn -0.3620 0.9308 -0.0517
vn -0.9372 0.0433 -0.3460
vn -0.9288 0.0247 -0.3699
vn 0.9655 0.1539 0.2099
vn -0.4417 0.5383 -0.7177
vn -0.4626 0.4699 -0.7518
vn -0.2857 -0.4286 -0.8571
vn 0.3114 -0.5449 -0.7785
vn 0.3341 0.5134 -0.7904
vn 0.3789 0.4704 -0.7970
vn 0.3417 -0.0000 -0.9398
vn 0.3686 0.1229 -0.9214
vn 0.2724 0.4573 -0.8465
vn 0.3220 0.3987 -0.8587
vn -0.0555 -0.9249 -0.3761
vn -0.2145 -0.9138 -0.3450
vn 0.1737 0.6485 -0.7411
vn 0.0880 0.7044 -0.7044
vn -0.0750 0.6566 -0.7505
vn -0.1240 -0.7748 -0.6199
vn -0.1583 -0.7320 -0.6627
vn 0.1917 -0.9169 -0.3501
vn -0.1827 0.5046 -0.8438
vn -0.2767 0.4842 -0.8301
vn -0.3220 -0.6280 -0.7085
vn -0.4216 -0.4743 -0.7729
vn -0.3671 -0.4615 -0.8076
vn -0.3864 0.2237 -0.8948
vn -0.3470 0.4073 -0.8448
vn -0.3417 -0.0000 -0.9398
vn -0.2505 -0.3061 -0.9184
vn 0.1905 0.6190 -0.7619
vn 0.3069 0.4859 -0.8184
vn 0.2857 -0.4286 -0.8571
vn 0.3487 -0.1162 -0.9300
vn 0.4072 0.5260 -0.7466
vn 0.5228 0.4108 -0.7469
vn 0.9346 0.1168 -0.3359
vn 0.9372 0.0433 -0.3460
vn 0.9664 0.0171 -0.2566
vn 0.9454 -0.2608 -0.1956
vn 0.4330 0.8799 -0.1955
vn 0.6894 -0.6607 -0.2968
vn 0.6008 -0.7760 -0.1919
vn 0.3620 0.9308 -0.0517
vn 0.9895 0.0314 -0.1414
vn 0.4767 0.8581 -0.1907
vn 0.9580 0.0855 -0.2737
vn 0.9684 0.0605 -0.2421
vn -0.9575 0.0358 -0.2863
vn -0.9655 -0.0715 -0.2503
vn -0.4423 0.1474 -0.8847
vn 0.3199 -0.3519 -0.8797
vn 0.1848 -0.8317 -0.5236
vn 0.2249 -0.5846 -0.7795
vn -0.0692 -0.7790 -0.6232
vn -0.2793 -0.5761 -0.7682
vn 0.9796 -0.1007 -0.1739
vn 0.9697 0.0718 -0.2334
vn -0.9244 -0.1589 -0.3467
vn -0.9354 0.0438 -0.3508
vn -0.9364 0.0410 -0.3486
vn -0.9656 -0.0465 -0.2559
vn -0.3467 -0.9067 -0.2400
vn -0.0747 -0.9717 -0.2242
vn -0.4696 0.8793 0.0799
vn -0.0000 0.9959 0.0905
vn 0.3877 0.1777 -0.9045
vn 0.1129 0.4921 -0.8632
vn 0.1462 0.4570 -0.8774
vn -0.1570 0.4796 -0.8633
vn -0.3501 0.0778 -0.9335
vn -0.3383 0.2678 -0.9021
vn -0.1728 0.2592 -0.9503
vn -0.0470 0.9952 0.0862
vn 0.0873 0.9962 0.0073
vn 0.3467 -0.9067 -0.2400
vn 0.0747 -0.9717 -0.2242
vn 0.9354 0.0438 -0.3508
vn 0.9244 -0.1589 -0.3467
vn 0.9364 0.0410 -0.3486
vn 0.9641 -0.0521 -0.2606
vn 0.9347 0.0584 -0.3505
vn 0.9171 -0.3190 -0.2392
vn -0.9612 0.2320 0.1492
vn -0.9551 -0.0367 -0.2939
vn -0.9652 -0.0900 -0.2454
vn -0.9545 -0.0000 -0.2983
vn -0.9678 0.0691 -0.2420
vn -0.9702 0.0588 -0.2352
vn -0.7155 -0.4007 -0.5724
vn -0.7576 -0.2424 -0.6061
vn 0.3885 0.0863 -0.9174
vn 0.3926 0.0833 -0.9160
vn -0.0821 0.8794 -0.4690
vn 0.3464 0.7052 -0.6186
vn -0.0140 -0.9230 -0.3846
vn -0.0628 -0.9213 -0.3839
vn 0.0127 -0.9103 -0.4138
vn 0.0661 -0.9249 -0.3744
vn -0.1864 -0.5592 -0.8078
vn -0.3199 -0.3519 -0.8797
vn -0.3686 -0.4641 -0.8054
vn -0.3618 0.0928 -0.9276
vn 0.9678 0.0691 -0.2420
vn 0.9702 0.0588 -0.2352
vn 0.9610 -0.1686 -0.2192
vn 0.9646 0.0327 -0.2616
vn 0.9908 0.1343 0.0168
vn -0.9611 0.0463 -0.2721
vn -0.9630 0.0142 -0.2691
vn -0.9649 0.0290 -0.2612
vn -0.9471 -0.2603 -0.1880
vn -0.9634 -0.1675 -0.2094
vn -0.9837 -0.0385 -0.1759
vn -0.9653 0.2080 -0.1581
vn -0.9699 0.0242 -0.2425
vn -0.8788 0.3766 0.2929
vn -0.9648 -0.0000 -0.2631
vn -0.8846 -0.4197 -0.2031
vn -0.9614 0.0137 -0.2747
vn -0.9527 -0.2926 0.0825
vn -0.9494 -0.1582 -0.2713
vn -0.3041 0.4562 -0.8363
vn -0.8191 -0.5461 -0.1755
vn -0.9498 -0.2375 -0.2035
vn -0.6549 -0.7426 -0.1403
vn 0.8627 0.3451 0.3697
vn -0.8224 -0.4465 -0.3525
vn -0.4396 -0.8939 -0.0879
vn 0.0361 0.9975 0.0601
vn -0.0963 0.9948 0.0321
vn -0.0302 0.9954 0.0905
vn 0.5663 0.7970 -0.2097
vn 0.9329 0.1571 -0.3241
vn 0.5145 0.8232 -0.2401
vn 0.7243 -0.6337 -0.2716
vn 0.9148 -0.2263 -0.3345
vn 0.9033 0.2258 -0.3648
vn 0.9071 -0.1296 -0.4005
vn 0.1570 0.4796 -0.8633
vn 0.1431 0.4927 -0.8583
vn 0.1941 -0.5047 -0.8412
vn -0.0000 -0.5145 -0.8575
vn 0.2095 -0.3631 -0.9079
vn 0.0413 -0.9096 -0.4134
vn -0.0451 -0.9094 -0.4134
vn -0.0948 -0.5122 -0.8536
vn -0.1659 -0.6160 -0.7701
vn -0.1815 -0.5900 -0.7867
vn -0.0871 0.4838 -0.8708
vn -0.8420 0.0980 -0.5306
vn -0.7243 -0.6337 -0.2716
vn -0.9071 -0.1296 -0.4005
vn -0.8559 0.2140 -0.4708
vn -0.5487 0.7533 -0.3627
vn -0.4861 0.7777 -0.3986
vn 0.5714 -0.8127 -0.1143
vn -0.8788 0.2929 0.3766
vn -0.8586 0.3568 0.3680
vn 0.6275 -0.7669 -0.1345
vn 0.7086 -0.6400 -0.2971
vn -0.5026 0.8304 0.2404
vn -0.2133 0.9100 0.3555
vn -0.7825 0.3611 0.5073
vn 0.8191 -0.5461 -0.1755
vn 0.2543 0.4578 -0.8519
vn 0.9498 -0.2375 -0.2035
vn 0.9585 0.0799 -0.2738
vn 0.9778 -0.0000 -0.2095
vn 0.9797 -0.1089 -0.1682
vn 0.9032 -0.4101 -0.1269
vn 0.9614 0.0137 -0.2747
vn 0.9264 -0.3737 -0.0467
vn 0.9436 -0.2613 -0.2032
vn 0.9837 -0.0385 -0.1759
vn 0.9653 0.2080 -0.1581
vn 0.9699 0.0242 -0.2425
vn 0.9190 0.3446 0.1915
vn 0.9611 0.0463 -0.2721
vn 0.9630 0.0142 -0.2691
vn 0.9649 0.0290 -0.2612
vn -0.9266 -0.3607 -0.1061
vn -0.9899 0.1414 -0.0000
vn -0.3648 0.8944 0.2589
vn -0.8575 -0.5145 -0.0000
vn -0.8319 -0.5546 -0.0185
vn -0.9569 -0.0976 -0.2734
vn -0.8940 -0.4470 -0.0298
vn -0.5773 -0.5774 -0.5773
vn 0.2585 0.8590 0.4420
vn 0.8297 0.3734 0.4149
vn -0.1270 0.7620 -0.6350
vn -0.4925 0.8443 -0.2111
vn -0.3461 0.8900 -0.2967
vn -0.1645 0.9569 -0.2392
vn -0.0000 0.7809 -0.6247
vn -0.5714 -0.8127 -0.1143
vn -0.6506 -0.7482 -0.1301
vn -0.4102 -0.9025 -0.1313
vn -0.4618 -0.8768 -0.1339
vn 0.3288 0.7290 -0.6004
vn 0.2170 0.2368 -0.9470
vn 0.1562 0.3123 -0.9370
vn -0.2447 0.3671 -0.8974
vn -0.2619 0.0960 -0.9603
vn -0.1666 0.3644 -0.9162
vn -0.2642 0.7214 -0.6401
vn -0.4968 0.5012 -0.7085
vn 0.4344 -0.8909 -0.1325
vn 0.4665 -0.8796 -0.0933
vn 0.3276 0.9434 -0.0524
vn 0.3192 0.9462 -0.0526
vn 0.0902 0.9918 0.0902
vn 0.6506 -0.7482 -0.1301
vn 0.1216 0.8511 -0.5107
vn 0.0195 0.7807 -0.6246
vn -0.8316 0.3748 0.4099
vn 0.8319 -0.5546 -0.0185
vn 0.9569 -0.0976 -0.2734
vn 0.8575 -0.5145 -0.0000
vn 0.8940 -0.4470 -0.0298
vn 0.3665 0.8552 0.3665
vn 0.9864 0.1644 -0.0000
vn 0.9233 -0.3622 -0.1278
vn -0.8547 -0.5054 -0.1189
vn -0.0688 -0.2581 -0.9637
vn -0.1780 -0.1001 -0.9789
vn -0.9565 -0.1594 -0.2444
vn -0.2020 -0.4958 -0.8446
vn -0.2615 -0.9588 -0.1109
vn -0.4019 -0.9079 -0.1191
vn 0.6624 -0.6285 -0.4077
vn 0.2472 0.0877 -0.9650
vn 0.2896 -0.7964 -0.5309
vn 0.2335 0.1001 -0.9672
vn -0.1039 0.9350 -0.3390
vn -0.1408 0.9314 -0.3357
vn 0.8552 0.4736 0.2105
vn 0.1398 0.8737 -0.4660
vn 0.1270 -0.8253 -0.5502
vn 0.1034 0.5517 -0.8276
vn 0.2135 0.4744 -0.8540
vn -0.1642 0.5472 -0.8208
vn -0.3902 0.8704 -0.3001
vn -0.6540 0.6859 -0.3190
vn -0.2095 -0.3631 -0.9079
vn 0.1446 0.9686 -0.2024
vn 0.2562 0.9607 -0.1067
vn -0.0000 0.9839 -0.1789
vn -0.6624 -0.6285 -0.4077
vn -0.7428 -0.3714 -0.5571
vn 0.4108 -0.9038 -0.1195
vn 0.4004 -0.9070 -0.1307
vn -0.0368 0.9932 0.1104
vn 0.3617 -0.4307 -0.8268
vn 0.9111 0.0732 -0.4057
vn 0.9206 0.0485 -0.3876
vn 0.9431 -0.2861 -0.1695
vn 0.3581 -0.0716 -0.9309
vn 0.8745 -0.4574 -0.1614
vn 0.0688 -0.2581 -0.9637
vn -0.0707 -0.0314 0.9970
vn -0.7037 0.6219 0.3437
vn -0.8422 0.3869 0.3756
vn -0.5013 0.7364 0.4543
vn -0.8317 -0.5198 -0.1949
vn -0.9000 -0.3669 -0.2354
vn -0.8270 -0.5308 -0.1852
vn 0.3430 0.2680 0.9003
vn -0.0000 0.3511 -0.9363
vn -0.7728 0.0429 -0.6332
vn -0.8000 -0.0000 -0.6000
vn -0.8083 -0.1155 -0.5774
vn -0.7960 0.0995 -0.5970
vn -0.9436 0.0236 -0.3303
vn -0.7609 -0.2174 -0.6114
vn -0.9416 0.1756 -0.2873
vn -0.9673 0.1167 -0.2251
vn 0.9434 -0.0986 0.3168
vn -0.9310 0.0243 -0.3643
vn -0.9299 -0.1752 -0.3234
vn 0.2361 -0.1495 -0.9602
vn -0.9604 -0.0800 -0.2668
vn 0.2603 0.0217 -0.9653
vn -0.2572 -0.2684 -0.9283
vn -0.2907 -0.4618 -0.8380
vn -0.4654 0.4766 -0.7458
vn 0.1826 -0.9129 0.3651
vn -0.6513 -0.2400 -0.7199
vn -0.6726 -0.1682 -0.7206
vn -0.1240 0.9923 -0.0000
vn 0.5285 0.1762 -0.8305
vn 0.6362 -0.1871 -0.7485
vn 0.5369 -0.0000 -0.8437
vn 0.5031 0.5326 -0.6806
vn 0.5518 0.4905 -0.6745
vn 0.1570 0.2966 -0.9420
vn 0.1444 0.3129 -0.9387
vn 0.1066 -0.5116 -0.8526
vn -0.1026 -0.3694 -0.9236
vn -0.1306 0.3135 -0.9406
vn -0.1864 0.3107 -0.9321
vn -0.3395 -0.4653 -0.8174
vn -0.3232 0.1693 -0.9311
vn -0.1474 0.1769 -0.9731
vn -0.5423 0.4033 -0.7370
vn -0.4993 0.4865 -0.7169
vn -0.5882 -0.0000 -0.8087
vn -0.5936 -0.0524 -0.8031
vn -0.6046 -0.2519 -0.7557
vn -0.6172 -0.1543 -0.7715
vn 0.5475 0.4693 -0.6928
vn 0.4836 0.5374 -0.6909
vn 0.2112 -0.2890 -0.9337
vn 0.9427 0.1548 -0.2955
vn 0.9310 0.0243 -0.3643
vn 0.9139 -0.3142 -0.2570
vn -0.1040 -0.5682 -0.8163
vn -0.2269 -0.1487 -0.9625
vn 0.9532 0.0733 -0.2933
vn 0.2142 0.5473 -0.8091
vn 0.9333 -0.1333 -0.3333
vn 0.8551 -0.1222 -0.5039
vn 0.7916 0.0880 -0.6047
vn 0.7960 0.0995 -0.5970
vn 0.8480 -0.0000 -0.5300
vn 0.9759 0.0976 -0.1952
vn 0.0638 0.4463 -0.8926
vn -0.0406 -0.1866 0.9816
vn -0.4626 -0.3965 0.7930
vn -0.2943 -0.1619 -0.9419
vn 0.1027 0.4449 -0.8897
vn 0.8729 -0.4364 -0.2182
vn 0.8316 -0.5399 -0.1303
vn 0.9000 -0.3669 -0.2354
vn 0.1668 -0.1223 -0.9784
vn -0.3865 -0.1932 0.9018
vn 0.7338 0.5435 0.4076
vn 0.8080 0.3816 0.4489
vn 0.5145 0.6860 0.5145
vn -0.6644 -0.0000 -0.7474
vn -0.1382 0.9901 -0.0230
vn -0.0594 0.9955 0.0743
vn 0.0611 0.9924 0.1069
vn -0.3577 -0.9286 -0.0989
vn -0.2462 -0.9647 -0.0931
vn 0.6247 -0.0000 -0.7809
vn 0.6010 -0.1939 -0.7754
vn 0.6092 0.3323 -0.7200
vn 0.2866 -0.9552 -0.0735
vn 0.3391 -0.9380 -0.0722
vn 0.2429 -0.9638 -0.1097
vn -0.5488 0.3293 -0.7683
vn -0.6010 -0.1939 -0.7754
vn 0.0738 0.9966 0.0369
vn -0.0276 0.9935 0.1104
vn 0.1321 0.9910 -0.0220
vn 0.6121 0.5008 -0.6121
vn 0.7199 0.3771 -0.5828
vn 0.7035 0.4363 -0.5610
vn 0.7181 0.4407 -0.5386
vn -0.8926 -0.0638 -0.4463
vn 0.9891 0.1319 0.0659
vn 0.9957 -0.0830 -0.0415
vn -0.8926 0.0638 0.4463
vn -0.6696 -0.4653 -0.5788
vn 0.3876 0.4718 0.7920
vn -0.4442 -0.2712 -0.8539
vn -0.6468 0.4042 -0.6468
vn -0.5922 0.4534 -0.6662
vn -0.1120 0.8317 0.5438
vn 0.2786 0.8686 0.4097
vn -0.3655 -0.9061 -0.2132
vn -0.3440 -0.9173 -0.2007
vn -0.9380 0.0405 -0.3442
vn -0.9198 0.0952 -0.3806
vn -0.1058 -0.9942 0.0212
vn -0.4176 -0.8352 -0.3579
vn -0.5495 0.5620 -0.6182
vn -0.6549 0.4534 -0.6046
vn -0.7023 0.4789 -0.5267
vn -0.2818 -0.9119 -0.2984
vn -0.3696 -0.8755 -0.3113
vn 0.2094 0.0985 -0.9729
vn 0.1521 -0.9884 -0.0000
vn 0.1503 0.1503 -0.9771
vn 0.2308 0.3077 -0.9231
vn 0.2639 0.2785 -0.9235
vn -0.1376 0.1651 -0.9766
vn -0.1936 0.1584 -0.9682
vn 0.1396 0.9077 -0.3957
vn -0.5145 0.5145 -0.6860
vn -0.4440 0.6290 -0.6382
vn 0.4303 -0.8446 -0.3187
vn 0.0190 -0.5502 -0.8348
vn 0.9380 0.0405 -0.3442
vn 0.9198 0.0952 -0.3806
vn 0.1058 -0.9942 0.0212
vn 0.6053 -0.7134 -0.3531
vn 0.3655 -0.9061 -0.2132
vn -0.1676 0.8801 0.4442
vn 0.1752 0.8031 0.5695
vn 0.6468 0.4042 -0.6468
vn 0.5922 0.4534 -0.6662
vn 0.6998 -0.4220 -0.5763
vn 0.2996 -0.7989 -0.5215
vn -0.8890 -0.2540 0.3810
vn -0.7896 0.2417 0.5640
vn -0.8137 -0.0000 0.5812
vn -0.1678 -0.3461 -0.9230
vn -0.2340 -0.2632 -0.9359
vn -0.3905 0.6670 0.6345
vn -0.1193 0.8182 0.5625
vn 0.6766 0.6965 -0.2388
vn 0.2445 -0.2063 -0.9474
vn -0.9410 0.0478 -0.3349
vn 0.1583 0.1396 -0.9775
vn -0.0171 -0.5467 -0.8371
vn 0.4910 0.7856 -0.3764
vn -0.0733 0.9890 -0.1282
vn -0.0615 -0.8305 -0.5537
vn 0.1596 0.1508 -0.9756
vn -0.1374 -0.8242 -0.5494
vn 0.2738 0.0799 -0.9585
vn -0.1552 -0.6985 -0.6985
vn -0.1010 0.0826 -0.9915
vn -0.4751 0.7601 -0.4434
vn 0.4041 -0.9091 -0.1010
vn 0.9410 0.0478 -0.3349
vn -0.1896 -0.3317 -0.9241
vn 0.0805 0.1410 -0.9867
vn 0.3902 0.6177 0.6828
vn 0.1882 0.7684 0.6116
vn 0.8788 -0.3284 0.3462
vn 0.7890 0.3338 0.5159
vn 0.8137 -0.0000 0.5812
vn -0.8354 -0.0726 -0.5448
vn -0.8723 0.0646 -0.4846
vn -0.8889 0.1111 -0.4444
vn -0.8935 0.0447 -0.4468
vn -0.8618 0.1676 -0.4788
vn -0.9821 -0.1460 0.1194
vn -0.1527 0.8144 -0.5599
vn -0.4683 0.7493 -0.4683
vn -0.7571 -0.4279 -0.4937
vn -0.9558 -0.0526 -0.2894
vn -0.4205 -0.1577 0.8935
vn -0.9304 -0.1489 -0.3349
vn 0.3079 -0.3864 -0.8694
vn -0.9406 0.0421 -0.3369
vn -0.7571 0.2879 -0.5865
vn -0.6423 0.4920 -0.5877
vn -0.2582 -0.9404 0.2213
vn 0.1826 -0.9129 -0.3651
vn 0.4302 -0.8963 -0.1076
vn 0.0613 0.9810 -0.1839
vn 0.0170 0.9880 -0.1533
vn 0.3008 -0.4842 -0.8216
vn -0.0000 0.9487 -0.3162
vn 0.1255 0.8788 -0.4603
vn 0.6636 -0.7480 -0.0121
vn 0.6306 -0.0573 -0.7740
vn 0.9562 -0.0574 -0.2869
vn -0.3766 -0.1310 -0.9170
vn 0.9302 -0.1642 -0.3283
vn -0.2939 -0.4275 -0.8549
vn 0.3526 0.2337 0.9061
vn 0.9406 0.0421 -0.3369
vn -0.1069 0.1233 -0.9866
vn 0.0475 0.8702 -0.4905
vn 0.9821 -0.1460 0.1194
vn 0.8935 0.0447 -0.4468
vn 0.8618 0.1676 -0.4788
vn 0.8354 -0.0726 -0.5448
vn 0.8723 0.0646 -0.4846
vn -0.4777 -0.3236 -0.8167
vn -0.8137 0.3487 -0.4650
vn -0.3707 -0.2974 -0.8799
vn -0.1464 -0.5750 -0.8050
vn -0.4248 0.8800 0.2124
vn 0.0754 0.7859 0.6137
vn 0.0929 0.2415 0.9659
vn -0.6637 -0.7479 -0.0105
vn -0.6717 -0.0274 -0.7403
vn 0.3887 0.5541 0.7361
vn -0.2499 -0.3720 -0.8940
vn -0.2330 -0.4271 -0.8737
vn -0.7842 0.4151 -0.4613
vn -0.1034 0.9649 -0.2412
vn 0.0545 0.8985 -0.4356
vn -0.0542 0.9748 -0.2166
vn 0.0572 0.9718 -0.2287
vn 0.0239 0.9812 -0.1915
vn -0.0303 0.9697 -0.2424
vn 0.3312 -0.5008 -0.7997
vn 0.7790 -0.3366 -0.5290
vn 0.1638 0.8694 -0.4662
vn 0.8234 0.3088 -0.4760
vn 0.4777 -0.3236 -0.8167
vn -0.3755 0.3254 -0.8678
vn -0.5269 0.0846 -0.8457
vn -0.7845 0.1961 -0.5883
vn -0.8498 0.0654 -0.5230
vn -0.2680 0.6700 -0.6923
vn -0.4885 -0.5418 -0.6839
vn -0.0612 0.6529 0.7549
vn -0.3839 0.2239 -0.8958
vn 0.1980 0.1386 0.9703
vn -0.1583 -0.9845 -0.0757
vn -0.3391 -0.9380 -0.0722
vn -0.7926 0.3658 0.4878
vn -0.3911 0.5522 0.7363
vn -0.8305 0.1466 0.5374
vn 0.1129 0.6022 0.7903
vn -0.1893 0.4542 0.8706
vn 0.3839 0.2239 -0.8958
vn 0.0375 -0.3936 -0.9185
vn 0.7651 0.2279 -0.6023
vn 0.8498 0.0654 -0.5230
vn 0.3755 0.3254 -0.8678
vn 0.5269 0.0846 -0.8457
vn 0.2680 0.6700 -0.6923
vn 0.4082 -0.2675 0.8728
vn -0.4924 -0.1231 -0.8616
vn -0.4546 -0.2387 -0.8581
vn 0.3676 0.3020 0.8796
vn -0.4967 -0.5045 -0.7063
vn -0.5122 0.2383 -0.8252
vn -0.5783 0.1012 -0.8096
vn 0.4768 -0.4719 -0.7416
vn 0.4932 0.1079 -0.8632
vn 0.5408 -0.0000 -0.8412
vn 0.6832 0.1771 -0.7085
vn 0.8013 -0.0254 -0.5978
vn 0.3895 -0.5017 -0.7724
vn 0.1952 0.6085 -0.7692
vn -0.5333 0.1049 0.8394
vn 0.4735 -0.3072 -0.8255
vn 0.0264 -0.9891 0.1451
vn -0.4079 0.2568 -0.8762
vn 0.5635 -0.2689 0.7812
vn -0.7588 -0.3613 0.5420
vn -0.8951 0.4053 0.1858
vn -0.5292 0.3342 0.7799
vn -0.5300 -0.0000 0.8480
vn -0.3841 0.5121 0.7682
vn -0.1971 0.5092 0.8378
vn -0.6417 0.1750 0.7467
vn 0.1091 0.7481 -0.6546
vn -0.4891 0.1681 -0.8559
vn 0.4769 0.2757 0.8346
vn -0.4733 -0.2998 -0.8283
vn 0.8645 -0.2346 0.4446
vn -0.3860 -0.2001 -0.9006
vn 0.3717 0.5432 0.7529
vn 0.1200 0.5599 0.8198
vn -0.0636 0.3816 0.9221
vn -0.8872 -0.1267 -0.4436
vn -0.8944 -0.0000 -0.4472
vn -0.8900 0.0989 -0.4450
vn 0.0583 -0.7963 0.6021
vn 0.5785 -0.7714 -0.2652
vn -0.1638 -0.9831 -0.0819
vn 0.1566 -0.9843 -0.0820
vn 0.1650 -0.9834 -0.0756
vn 0.6552 -0.0771 -0.7515
vn 0.6983 -0.2188 -0.6815
vn 0.8900 0.0989 -0.4450
vn 0.8872 -0.1267 -0.4436
vn 0.4891 0.1681 -0.8559
vn 0.3860 -0.2001 -0.9006
vn 0.1815 0.7867 -0.5900
vn -0.1644 0.7891 -0.5918
vn 0.3841 0.5121 0.7682
vn 0.4783 0.4028 0.7804
vn 0.4856 -0.0000 0.8742
vn 0.1971 0.5092 0.8378
vn 0.6524 -0.4693 0.5952
vn 0.9129 0.3651 0.1826
vn 0.5942 0.1783 0.7843
vn 0.2819 -0.4044 -0.8701
vn 0.1466 -0.5999 -0.7865
vn -0.2875 0.3773 0.8803
vn -0.3777 -0.4197 -0.8254
vn 0.3487 0.4650 0.8137
vn -0.1776 -0.6809 -0.7105
vn -0.3782 -0.4180 -0.8260
vn -0.1005 -0.7035 -0.7035
vn 0.1802 0.4685 0.8649
vn -0.2540 -0.1368 -0.9575
vn 0.2466 0.1786 0.9525
vn -0.3551 -0.3249 -0.8765
vn -0.9045 -0.3015 -0.3015
vn -0.6828 -0.0374 -0.7296
vn -0.1163 0.8143 -0.5687
vn -0.0078 0.7526 -0.6585
vn -0.9587 -0.2739 -0.0761
vn -0.8018 -0.5345 -0.2673
vn -0.9615 0.2404 -0.1335
vn 0.0759 -0.9937 -0.0828
vn 0.3175 -0.4722 -0.8223
vn 0.2154 0.9333 0.2872
vn 0.9856 -0.1408 -0.0939
vn 0.1105 0.8582 -0.5013
vn 0.9615 0.2404 -0.1335
vn 0.8571 -0.4286 -0.2857
vn -0.2217 0.1209 -0.9676
vn -0.3300 0.1171 -0.9367
vn -0.3446 -0.0383 -0.9380
vn -0.8682 -0.0000 -0.4961
vn -0.8639 -0.1900 -0.4665
vn -0.8330 -0.1388 -0.5355
vn -0.5119 -0.3016 -0.8044
vn -0.5052 -0.3114 -0.8049
vn -0.4286 -0.6021 -0.6736
vn -0.7005 0.2899 -0.6522
vn -0.7376 0.2371 -0.6322
vn -0.8384 0.0771 0.5396
vn 0.7682 -0.5121 -0.3841
vn 0.6687 0.4819 -0.5663
vn -0.0698 -0.9647 -0.2539
vn -0.6204 -0.1939 -0.7600
vn -0.6714 -0.0063 -0.7411
vn 0.9570 -0.2051 0.2051
vn 0.3657 0.3559 0.8600
vn -0.0274 0.1643 0.9860
vn -0.3679 -0.4657 -0.8049
vn 0.0133 -0.8110 -0.5850
vn 0.1967 -0.9180 -0.3443
vn 0.2688 -0.9019 -0.3382
vn -0.1656 -0.6942 -0.7005
vn -0.1608 0.3859 0.9084
vn -0.0233 0.2915 0.9563
vn 0.0975 0.0293 0.9948
vn -0.4745 0.7986 -0.3703
vn -0.5180 -0.1061 -0.8488
vn 0.8968 0.0598 0.4384
vn 0.3436 -0.5617 0.7526
vn 0.7114 0.3699 0.5976
vn -0.4416 -0.7205 -0.5346
vn -0.8406 0.0701 -0.5371
vn 0.0226 -0.9366 -0.3498
vn -0.2246 -0.9732 0.0499
vn -0.5134 -0.4258 -0.7451
vn 0.2190 0.7481 -0.6264
vn 0.3791 -0.3249 -0.8664
vn 0.3844 -0.4613 -0.7996
vn 0.5220 0.8395 0.1507
vn 0.9073 0.4032 -0.1191
vn 0.1971 0.7188 -0.6667
vn 0.3157 -0.9471 0.0574
vn 0.2443 -0.7328 0.6351
vn 0.6166 0.3197 -0.7194
vn 0.6632 0.2628 -0.7008
vn 0.4280 -0.4484 -0.7847
vn 0.4308 -0.4447 -0.7852
vn 0.4094 -0.5186 -0.7506
vn 0.8639 -0.1900 -0.4665
vn 0.8412 -0.0000 -0.5408
vn 0.8679 -0.1446 -0.4753
vn 0.3394 0.1167 -0.9334
vn -0.8346 -0.0695 -0.5465
vn -0.8436 0.0759 -0.5315
vn -0.8981 -0.3671 -0.2421
vn -0.8073 -0.5660 -0.1670
vn -0.9672 -0.2485 -0.0532
vn -0.6979 -0.6979 0.1610
vn -0.5134 -0.6068 -0.6068
vn -0.0924 -0.0205 -0.9955
vn -0.9610 -0.2402 -0.1373
vn -0.9899 -0.0000 -0.1414
vn -0.9651 -0.1608 -0.2068
vn -0.5883 0.7845 0.1961
vn -0.6320 0.5937 -0.4980
vn -0.5117 0.8163 0.2680
vn -0.0878 -0.9911 0.1004
vn -0.6631 0.4912 -0.5649
vn -0.3142 -0.9425 -0.1142
vn -0.8417 -0.2104 -0.4973
vn -0.8028 0.2258 -0.5519
vn -0.6629 0.4262 -0.6156
vn -0.8180 0.2727 -0.5064
vn -0.8224 -0.2741 -0.4984
vn -0.2565 -0.9658 -0.0377
vn -0.5332 -0.8458 0.0184
vn -0.2357 -0.9428 -0.2357
vn 0.9262 0.2315 -0.2977
vn 0.5845 0.7630 -0.2760
vn 0.8703 -0.1195 -0.4778
vn 0.8969 -0.3068 -0.3186
vn 0.8638 -0.0000 -0.5039
vn 0.9391 -0.1342 -0.3162
vn 0.8739 0.3277 -0.3589
vn 0.5071 0.7680 -0.3912
vn 0.8034 0.5933 0.0494
vn 0.7059 0.7059 0.0588
vn -0.0682 0.9234 -0.3778
vn -0.0000 0.9255 -0.3786
vn -0.0000 0.9345 -0.3560
vn 0.3162 0.9487 -0.0000
vn -0.5537 0.6293 -0.5454
vn -0.3120 0.9475 -0.0693
vn -0.1240 0.9919 -0.0276
vn -0.7375 0.4836 -0.4715
vn -0.6351 0.6351 -0.4397
vn -0.8481 -0.3341 -0.4112
vn -0.8515 0.0835 -0.5176
vn -0.9211 -0.1316 -0.3665
vn -0.9065 0.2266 -0.3561
vn -0.9417 -0.0000 -0.3363
vn -0.8924 0.3346 -0.3028
vn 0.3380 -0.9402 -0.0423
vn 0.0584 -0.9347 -0.3505
vn 0.7773 -0.3887 -0.4947
vn 0.8087 -0.0000 -0.5882
vn 0.7354 0.4655 -0.4925
vn 0.8122 0.2707 -0.5168
vn 0.8224 -0.2741 -0.4984
vn 0.0878 -0.9911 0.1004
vn 0.3142 -0.9425 -0.1142
vn 0.9899 -0.0000 -0.1414
vn 0.9750 0.0750 -0.2089
vn 0.0900 -0.1080 -0.9901
vn 0.9672 -0.2485 -0.0532
vn 0.8981 -0.3671 -0.2421
vn 0.8073 -0.5660 -0.1670
vn 0.6979 -0.6979 0.1610
vn 0.8435 0.0593 -0.5338
vn 0.8387 0.0770 -0.5392
vn 0.8506 -0.1418 -0.5063
vn 0.3284 0.0766 -0.9414
vn 0.3411 0.0597 -0.9381
vn -0.9106 0.0843 -0.4047
vn -0.8639 0.1901 -0.4665
vn -0.9244 0.1589 -0.3467
vn -0.8909 0.2227 -0.3959
vn -0.9042 0.0663 -0.4220
vn -0.8766 0.2533 -0.4091
vn -0.6044 -0.3380 -0.7214
vn -0.3732 -0.3199 -0.8708
vn -0.9371 -0.3439 0.0602
vn -0.7898 0.5744 -0.2154
vn -0.4523 0.8351 -0.3132
vn -0.9839 -0.0000 -0.1789
vn -0.8199 0.5372 -0.1979
vn -0.8597 -0.5035 -0.0860
vn -0.3509 -0.9358 -0.0351
vn -0.8433 -0.5270 -0.1054
vn -0.8277 0.5173 -0.2173
vn -0.3307 0.0902 0.9394
vn 0.0487 0.6815 0.7302
vn -0.8903 -0.4452 0.0954
vn -0.9896 -0.1340 -0.0515
vn -0.9896 0.0178 -0.1426
vn -0.9797 -0.1959 -0.0420
vn 0.8847 -0.1474 -0.4423
vn 0.3168 0.8833 -0.3456
vn 0.8619 0.1393 -0.4875
vn 0.6028 -0.2192 0.7672
vn -0.8615 -0.0718 -0.5026
vn 0.9108 -0.0584 -0.4087
vn -0.4468 -0.8935 -0.0447
vn -0.3046 -0.9498 0.0717
vn -0.6402 0.7682 -0.0000
vn -0.4402 0.8805 -0.1761
vn 0.0424 0.2968 0.9540
vn -0.1111 -0.2638 -0.9581
vn -0.0288 0.2306 0.9726
vn 0.0155 -0.1240 -0.9922
vn -0.8023 0.1888 -0.5663
vn -0.2609 -0.6623 -0.7024
vn -0.0273 -0.8189 -0.5732
vn -0.2505 -0.9521 0.1754
vn 0.4484 -0.8369 -0.3139
vn -0.8052 -0.5905 -0.0537
vn 0.5726 0.7794 -0.2545
vn 0.7832 0.3279 -0.5282
vn 0.8616 -0.1231 -0.4924
vn 0.8666 -0.0978 -0.4892
vn 0.7380 0.4835 -0.4708
vn 0.7362 0.4859 -0.4711
vn 0.8370 0.2092 -0.5057
vn -0.8047 0.3253 -0.4965
vn -0.7367 0.4859 -0.4702
vn -0.8417 -0.1309 -0.5238
vn -0.8173 0.2043 -0.5387
vn -0.8638 -0.0000 -0.5039
vn -0.8865 -0.2216 -0.4063
vn -0.8968 -0.0868 -0.4339
vn -0.7373 0.6554 -0.1638
vn -0.5048 0.8226 -0.2617
vn 0.3876 -0.9206 -0.0485
vn 0.8179 0.2337 -0.5258
vn 0.6730 -0.1980 -0.7126
vn 0.6253 -0.5444 -0.5591
vn 0.5312 0.4648 0.7083
vn 0.1210 0.3360 0.9341
vn 0.0882 -0.2267 -0.9700
vn 0.4468 -0.8935 -0.0447
vn 0.3509 -0.9358 -0.0351
vn 0.3046 -0.9498 0.0717
vn 0.8981 0.1633 0.4082
vn -0.2331 0.9200 0.3151
vn -0.6938 0.6208 -0.3651
vn 0.5753 0.2557 0.7769
vn -0.9054 0.0229 -0.4240
vn 0.4712 0.4284 0.7710
vn 0.5571 0.3714 0.7428
vn 0.5407 0.8176 0.1978
vn -0.5862 -0.1005 -0.8039
vn 0.6305 0.3152 0.7093
vn 0.7101 -0.1133 0.6950
vn 0.4684 -0.2082 0.8587
vn -0.2585 0.8677 -0.4246
vn 0.0599 0.8200 0.5692
vn -0.0094 0.9959 -0.0897
vn -0.0698 0.7449 -0.6635
vn -0.8165 -0.3499 -0.4593
vn -0.6657 -0.2853 -0.6895
vn -0.0921 0.9921 -0.0850
vn 0.6985 0.3104 0.6448
vn 0.5899 0.5963 0.5445
vn 0.6988 0.4916 0.5197
vn -0.4182 -0.7170 -0.5577
vn 0.9633 -0.1041 0.2473
vn 0.7267 -0.1477 0.6708
vn 0.6133 0.7829 0.1044
vn 0.6202 0.7442 0.2481
vn 0.0657 -0.3287 -0.9422
vn 0.7227 -0.1807 0.6671
vn 0.5742 -0.1435 0.8061
vn 0.9545 -0.2386 0.1790
vn 0.6172 -0.1543 0.7715
vn 0.2057 -0.0514 0.9773
vn 0.9896 -0.1340 -0.0515
vn 0.9896 0.0178 -0.1426
vn 0.8903 -0.4452 0.0954
vn 0.9797 -0.1959 -0.0420
vn -0.0157 -0.1260 -0.9919
vn 0.8154 0.5367 -0.2168
vn 0.5017 0.8450 -0.1849
vn 0.3511 0.9363 -0.0000
vn 0.8749 -0.4574 -0.1591
vn 0.8450 -0.5281 -0.0845
vn 0.9839 -0.0000 -0.1789
vn 0.8633 0.4796 -0.1570
vn 0.9371 -0.3439 0.0602
vn 0.8018 0.5345 -0.2673
vn 0.3579 0.8352 -0.4176
vn -0.0329 0.6901 0.7230
vn 0.9244 0.1589 -0.3467
vn 0.9042 0.0663 -0.4220
vn 0.8842 0.2189 -0.4126
vn 0.9106 0.0843 -0.4047
vn 0.8639 0.1901 -0.4665
vn 0.8909 0.2227 -0.3959
vn -0.2208 0.5519 -0.8042
vn 0.0824 0.8653 -0.4945
vn 0.0666 0.8663 -0.4950
vn -0.8144 -0.5599 0.1527
vn -0.7936 -0.5888 0.1536
vn -0.8198 -0.5599 0.1200
vn -0.7546 0.4908 -0.4356
vn -0.7948 0.3827 -0.4710
vn 0.0415 -0.9957 -0.0830
vn 0.3363 -0.9385 -0.0782
vn 0.1644 -0.9864 -0.0000
vn 0.7814 0.4641 -0.4171
vn 0.8069 0.3966 -0.4377
vn 0.7936 -0.5888 0.1536
vn 0.8198 -0.5599 0.1200
vn 0.8144 -0.5599 0.1527
vn 0.8242 -0.5494 0.1374
vn -0.1532 0.8580 -0.4903
vn 0.3724 -0.3259 -0.8690
vn 0.2208 0.5519 -0.8042
vn -0.0666 0.8663 -0.4950
vn -0.2179 -0.1211 -0.9684
vn 0.0141 0.1975 -0.9802
vn -0.2624 -0.6823 -0.6823
vn -0.2321 -0.0516 -0.9713
vn -0.3469 -0.2577 -0.9018
vn -0.4444 0.1111 -0.8889
vn 0.4238 0.0565 0.9040
vn -0.6178 -0.1874 -0.7636
vn -0.2933 -0.9532 -0.0733
vn 0.4741 -0.3214 -0.8197
vn 0.4650 -0.3487 -0.8137
vn 0.5150 -0.2557 -0.8182
vn 0.4872 -0.1894 -0.8525
vn -0.3746 0.6556 0.6556
vn 0.2193 -0.0940 -0.9711
vn -0.0306 0.1990 -0.9795
vn 0.2808 -0.1233 -0.9518
vn 0.2811 -0.1357 -0.9500
vn 0.3913 0.1141 -0.9131
vn -0.4411 0.1654 -0.8821
vn -0.7167 -0.2488 -0.6515
vn -0.7018 0.0709 -0.7089
vn -0.5826 0.5091 -0.6335
vn -0.7399 -0.0000 -0.6727
vn -0.0763 0.6614 -0.7462
vn -0.4660 0.3107 -0.8284
vn -0.5241 -0.0000 -0.8517
vn -0.5087 -0.2402 -0.8267
vn -0.0605 0.9684 -0.2421
vn 0.2170 0.9470 -0.2368
vn 0.2808 0.3370 -0.8986
vn -0.8337 0.0257 -0.5516
vn -0.9631 0.1204 -0.2408
vn -0.9270 0.1030 -0.3605
vn -0.8713 0.3254 -0.3674
vn 0.9646 0.1072 -0.2411
vn 0.9631 0.1204 -0.2408
vn 0.8934 0.3202 -0.3150
vn 0.1370 0.9275 -0.3478
vn -0.2369 0.9097 -0.3411
vn -0.0303 0.3937 -0.9187
vn 0.4444 0.1111 -0.8889
vn 0.6970 -0.3358 -0.6336
vn 0.7018 0.0709 -0.7089
vn 0.5826 0.5091 -0.6335
vn 0.7399 -0.0000 -0.6727
vn -0.8044 -0.0894 -0.5873
vn -0.6732 -0.3060 -0.6732
vn -0.6943 -0.1894 -0.6943
vn -0.7553 -0.3981 -0.5206
vn -0.6963 0.1741 -0.6963
vn 0.2057 -0.0514 -0.9773
vn -0.6121 -0.1892 -0.7679
vn -0.8344 0.1420 -0.5326
vn -0.9718 0.0945 -0.2160
vn -0.8790 -0.3037 -0.3676
vn -0.9690 -0.1211 -0.2153
vn -0.1447 -0.6467 -0.7489
vn -0.2770 -0.6043 -0.7470
vn 0.1621 -0.9826 -0.0912
vn -0.1097 -0.8454 -0.5227
vn -0.0792 -0.8565 -0.5100
vn -0.1580 -0.7900 -0.5925
vn 0.8790 -0.3037 -0.3676
vn 0.9690 -0.1211 -0.2153
vn 0.9718 0.0945 -0.2160
vn 0.5675 0.2891 -0.7709
vn 0.1443 0.6674 -0.7306
vn -0.6294 -0.4264 0.6497
vn 0.3320 0.8277 -0.4524
vn -0.2812 -0.9351 0.2158
vn 0.7104 -0.4116 -0.5709
vn -0.6517 0.1854 0.7354
vn 0.5998 -0.1799 -0.7797
vn -0.7385 0.5479 -0.3931
vn -0.8455 -0.0347 -0.5328
vn -0.2019 -0.2423 0.9490
vn -0.9077 0.2269 -0.3530
vn -0.0558 0.9706 -0.2343
vn -0.6997 -0.6279 -0.3409
vn -0.8571 0.4286 -0.2857
vn -0.3432 -0.9360 -0.0780
vn 0.4175 -0.7281 -0.5437
vn 0.0626 -0.8634 -0.5005
vn 0.8773 -0.4386 -0.1949
vn 0.6997 -0.6279 -0.3409
vn 0.9367 0.2342 -0.2602
vn 0.8773 0.4386 -0.1949
vn -0.9468 -0.1578 -0.2805
vn -0.8119 -0.5655 -0.1450
vn -0.9298 0.1788 -0.3218
vn -0.3341 0.2286 -0.9144
vn -0.3990 0.1297 -0.9077
vn 0.0426 0.5542 -0.8313
vn -0.1600 0.3466 -0.9243
vn -0.7044 -0.7044 0.0880
vn -0.8608 0.2152 0.4612
vn -0.4899 0.8574 0.1575
vn -0.6312 0.4508 0.6312
vn 0.3584 -0.9265 -0.1150
vn 0.1153 -0.9831 -0.1424
vn 0.8895 -0.0825 -0.4494
vn 0.9065 0.2266 0.3561
vn 0.6047 0.5183 0.6047
vn 0.7044 -0.7044 0.0880
vn 0.3739 0.1150 -0.9203
vn 0.3290 0.1794 -0.9271
vn 0.8119 -0.5655 -0.1450
vn 0.8853 0.1873 -0.4256
vn 0.4942 0.8649 0.0883
vn 0.7807 0.3904 -0.4880
vn 0.8441 -0.0309 -0.5353
vn 0.7749 0.5242 -0.3533
vn 0.8157 0.0376 -0.5773
vn -0.7989 -0.3815 -0.4650
vn -0.6601 -0.5166 -0.5453
vn -0.9253 0.0536 -0.3755
vn -0.8975 -0.2930 -0.3297
vn -0.8748 0.1367 -0.4648
vn -0.5006 -0.7675 -0.4004
vn -0.7109 -0.4136 -0.5687
vn -0.1328 0.4565 -0.8798
vn 0.2346 0.9149 -0.3284
vn -0.9471 0.1015 -0.3044
vn -0.9191 0.1981 -0.3407
vn -0.0167 -0.8507 -0.5254
vn 0.2029 -0.9467 -0.2502
vn 0.3041 -0.9124 -0.2737
vn -0.0933 -0.9952 0.0311
vn -0.0696 -0.9973 0.0232
vn 0.4225 -0.7297 -0.5377
vn 0.9480 0.1293 -0.2909
vn 0.9285 0.1974 -0.3144
vn 0.8325 -0.3766 -0.4063
vn 0.9043 -0.1842 -0.3852
vn 0.0530 0.5361 -0.8425
vn 0.9226 -0.1538 -0.3537
vn 0.9253 0.0536 -0.3755
vn 0.9178 -0.3202 -0.2348
vn 0.4734 -0.7953 -0.3787
vn 0.5554 -0.5880 -0.5880
vn 0.7109 -0.4136 -0.5687
vn 0.7989 -0.3815 -0.4650
vn 0.6601 -0.5166 -0.5453
vn -0.5622 0.4707 -0.6799
vn -0.8920 -0.0743 -0.4460
vn -0.8909 0.0891 -0.4454
vn -0.5995 -0.1614 -0.7839
vn 0.4124 -0.9073 -0.0825
vn 0.3473 -0.9339 -0.0849
vn 0.8920 -0.0743 -0.4460
vn 0.5622 0.4707 -0.6799
vn -0.3557 0.7862 -0.5054
vn -0.1865 0.8703 -0.4559
vn -0.1786 -0.9821 0.0595
vn -0.9370 -0.1562 0.3123
vn 0.0692 -0.8301 -0.5534
vn 0.0805 -0.8314 -0.5498
vn -0.2013 0.9662 -0.1610
vn -0.5855 0.3193 -0.7451
vn 0.2279 0.3419 0.9117
vn 0.9302 -0.3283 0.1642
vn 0.3294 0.8149 -0.4768
vn 0.2663 0.8453 -0.4632
vn -0.5916 0.1008 -0.7999
vn -0.6395 0.0129 -0.7687
vn -0.6514 -0.2084 -0.7296
vn -0.3301 -0.8371 -0.4362
vn -0.4397 -0.6351 -0.6351
vn -0.5702 -0.4471 -0.6892
vn -0.9324 -0.3317 0.1434
vn -0.3904 -0.7807 0.4880
vn -0.9317 -0.3306 0.1503
vn -0.9287 -0.3377 0.1535
vn -0.2670 -0.7755 0.5721
vn -0.9345 0.0322 0.3545
vn 0.3926 0.3716 -0.8413
vn 0.0861 -0.5885 0.8039
vn 0.1944 -0.6222 -0.7583
vn 0.7323 -0.5782 -0.3597
vn 0.8195 -0.3207 -0.4750
vn 0.3167 -0.6158 0.7214
vn -0.3835 0.4130 -0.8260
vn 0.9717 0.2024 0.1215
vn 0.9324 -0.3317 0.1434
vn 0.3904 -0.7807 0.4880
vn 0.9200 -0.3505 0.1752
vn 0.2956 0.5055 -0.8106
vn 0.5916 0.1008 -0.7999
vn 0.6395 0.0129 -0.7687
vn 0.6309 -0.1097 -0.7681
vn 0.3011 -0.8431 -0.4456
vn 0.5126 -0.4349 -0.7404
vn -0.9901 -0.0990 -0.0990
vn -0.9235 -0.3822 0.0318
vn -0.7470 0.5667 -0.3477
vn -0.5865 0.7976 -0.1408
vn -0.9918 0.0902 0.0902
vn -0.5662 0.1166 -0.8160
vn -0.6155 -0.6155 0.4924
vn -0.4351 -0.6787 0.5917
vn -0.1601 0.5140 -0.8427
vn 0.2169 0.9762 -0.0000
vn -0.8548 0.1517 -0.4963
vn -0.8495 0.2360 -0.4719
vn -0.2481 -0.5907 -0.7678
vn -0.0954 -0.6069 -0.7890
vn -0.8085 -0.5659 -0.1617
vn 0.3686 -0.9214 -0.1229
vn -0.8432 -0.5059 -0.1816
vn -0.0990 -0.9901 0.0990
vn -0.1289 -0.9879 0.0859
vn -0.2727 -0.5064 -0.8180
vn -0.0834 -0.6554 -0.7507
vn 0.1075 -0.9906 0.0845
vn -0.3730 -0.9118 -0.1717
vn -0.1406 -0.9839 -0.1104
vn 0.4508 -0.6312 0.6312
vn 0.5027 0.1922 -0.8428
vn 0.9907 -0.0869 -0.1043
vn 0.9235 -0.3822 0.0318
vn -0.6788 0.4073 -0.6110
vn -0.5496 0.4946 -0.6733
vn -0.4264 0.6396 -0.6396
vn -0.5700 -0.2381 -0.7864
vn -0.6002 0.1726 -0.7810
vn -0.5484 -0.2681 -0.7921
vn -0.7861 -0.5241 0.3276
vn -0.8658 -0.4149 0.2796
vn -0.7040 0.3613 -0.6114
vn -0.9884 -0.0000 0.1521
vn -0.8409 0.5255 0.1294
vn -0.8358 -0.5224 0.1688
vn -0.3484 -0.9290 0.1251
vn -0.4462 0.8923 0.0686
vn -0.9863 -0.1644 0.0117
vn -0.3044 -0.9497 0.0731
vn -0.4462 -0.8923 0.0686
vn -0.4958 0.8676 0.0381
vn -0.9156 0.3052 -0.2616
vn -0.9156 -0.3052 -0.2616
vn -0.3155 -0.9465 -0.0676
vn -0.7062 -0.7062 -0.0504
vn -0.9778 -0.0000 -0.2095
vn -0.2882 -0.9534 -0.0887
vn 0.2542 -0.9658 -0.0508
vn 0.9082 0.3406 -0.2433
vn 0.5780 0.7813 -0.2355
vn 0.3159 0.9476 -0.0486
vn 0.9611 -0.0541 -0.2707
vn 0.8520 0.4260 -0.3043
vn 0.7035 0.7035 -0.1005
vn -0.7035 -0.7035 0.1005
vn -0.7035 0.7035 -0.1005
vn -0.0000 0.9975 0.0712
vn -0.9082 0.3406 -0.2433
vn -0.9643 0.1378 -0.2263
vn -0.5361 0.8351 -0.1237
vn -0.3099 0.9297 -0.1992
vn 0.1357 -0.9773 -0.1629
vn 0.3376 -0.9285 -0.1547
vn 0.4014 -0.9132 0.0702
vn 0.4585 -0.8827 0.1032
vn 0.5536 -0.8304 0.0639
vn 0.9156 -0.3052 -0.2616
vn 0.3155 -0.9465 -0.0676
vn 0.9156 0.3052 -0.2616
vn 0.7062 -0.7062 -0.0504
vn 0.7093 -0.6759 0.2003
vn 0.9480 0.1317 -0.2897
vn 0.3044 -0.9497 0.0731
vn 0.7678 -0.6334 -0.0960
vn 0.9665 -0.2416 0.0863
vn 0.9005 -0.3752 0.2198
vn 0.9970 0.0767 -0.0110
vn 0.9975 -0.0000 0.0712
vn 0.3484 -0.9290 0.1251
vn 0.4462 -0.8923 0.0686
vn 0.3497 0.9326 -0.0897
vn 0.8726 0.4848 0.0597
vn 0.1414 0.9899 0.0109
vn 0.8358 -0.5224 0.1688
vn 0.9884 -0.0000 0.1521
vn 0.8897 0.4449 0.1027
vn 0.6145 -0.1711 -0.7701
vn 0.6355 0.0958 -0.7661
vn 0.5288 0.3022 -0.7932
vn 0.5484 -0.2681 -0.7921
vn -0.7897 -0.4076 0.4585
vn -0.8278 -0.2237 0.5146
vn -0.6389 -0.5750 0.5111
vn -0.4912 0.8596 0.1404
vn -0.7926 0.5661 0.2265
vn -0.7908 -0.5557 0.2565
vn -0.8643 -0.4567 0.2108
vn -0.8480 0.4240 -0.3180
vn -0.1463 0.9877 -0.0549
vn -0.7243 -0.6338 -0.2716
vn -0.8206 -0.5334 -0.2052
vn -0.8575 0.4749 -0.1979
vn -0.8758 0.4129 -0.2502
vn -0.7068 -0.6680 0.2330
vn -0.9445 0.2193 -0.2446
vn -0.8721 -0.4144 0.2602
vn 0.9417 -0.0000 -0.3363
vn 0.9370 0.1004 -0.3346
vn 0.8234 0.4852 -0.2941
vn 0.8443 0.4511 -0.2892
vn -0.8301 0.4842 -0.2767
vn -0.8393 0.4663 -0.2798
vn -0.8520 0.4260 -0.3043
vn -0.9396 -0.0671 -0.3356
vn -0.9533 0.1122 -0.2804
vn 0.3576 -0.7350 -0.5761
vn 0.4861 -0.6768 -0.5529
vn 0.8729 0.4364 -0.2182
vn 0.8206 -0.5334 -0.2052
vn 0.8575 0.4749 -0.1979
vn 0.8758 0.4129 -0.2502
vn 0.1046 0.9942 -0.0262
vn -0.0935 0.9821 -0.1637
vn 0.7220 0.6189 0.3094
vn 0.4853 0.8493 0.2080
vn 0.7897 -0.4076 0.4585
vn 0.8278 -0.2237 0.5146
vn 0.5298 -0.6623 0.5298
vn 0.7991 0.3227 -0.5072
vn 0.5248 0.5383 -0.6594
vn -0.8018 0.2673 0.5345
vn -0.8162 -0.1943 0.5441
vn -0.8329 0.4165 0.3644
vn -0.8398 0.4017 0.3651
vn -0.6162 0.6743 0.4069
vn -0.8764 0.1252 0.4650
vn -0.2877 -0.5179 0.8056
vn -0.2673 -0.5345 0.8018
vn -0.8010 -0.5965 -0.0511
vn -0.9526 0.1361 -0.2722
vn -0.9776 -0.1955 0.0782
vn -0.8241 -0.5260 0.2104
vn -0.9915 -0.1273 0.0273
vn -0.9804 0.1014 -0.1690
vn -0.9019 0.4130 -0.1264
vn -0.9242 0.3167 -0.2133
vn -0.9569 0.1937 -0.2164
vn -0.8823 0.3676 -0.2941
vn -0.3261 -0.9374 -0.1223
vn -0.3217 -0.9390 -0.1217
vn 0.9804 0.1014 -0.1690
vn 0.9950 -0.0000 -0.0995
vn 0.9140 0.3701 -0.1662
vn 0.9242 0.3167 -0.2133
vn 0.9785 -0.1957 0.0652
vn 0.9888 -0.1457 0.0312
vn 0.7912 -0.5558 0.2550
vn 0.8629 -0.4794 0.1598
vn 0.8010 -0.5965 -0.0511
vn 0.9526 0.1361 -0.2722
vn 0.3113 -0.4981 0.8093
vn 0.2265 -0.5661 0.7926
vn 0.7990 0.3995 0.4494
vn 0.7297 0.5307 0.4312
vn 0.5906 0.6574 0.4680
vn 0.8321 -0.0000 0.5547
vn 0.8162 -0.1943 0.5441
vn 0.7814 0.1116 0.6140
vn 0.3748 0.4998 -0.7809
vn 0.4298 0.4566 -0.7790
vn -0.8465 -0.1988 -0.4938
vn -0.7543 0.4504 -0.4776
vn -0.4572 -0.8000 -0.3886
vn -0.6382 0.0188 -0.7696
vn -0.4782 0.4432 -0.7582
vn 0.0547 0.6565 -0.7523
vn -0.5166 -0.3950 -0.7597
vn 0.7355 -0.6031 -0.3089
vn 0.9665 0.1913 -0.1712
vn -0.9161 -0.1629 -0.3664
vn 0.1671 0.0167 -0.9858
vn 0.7756 -0.5171 0.3620
vn 0.9025 -0.3811 0.2006
vn 0.1610 0.6979 -0.6979
vn 0.4572 -0.8000 -0.3886
vn 0.6382 0.0188 -0.7696
vn 0.8362 -0.2508 -0.4878
vn 0.7543 0.4504 -0.4776
vn -0.8603 -0.2737 -0.4301
vn -0.4392 -0.1882 0.8784
vn -0.2434 -0.2921 0.9249
vn -0.9317 -0.3394 0.1296
vn 0.9110 0.4099 -0.0455
vn 0.3975 -0.9120 0.1013
vn 0.4690 0.5667 -0.6774
vn 0.4872 0.5172 -0.7037
vn 0.5127 -0.4732 0.7164
vn -0.9897 -0.1237 -0.0722
vn -0.9646 0.1072 -0.2411
vn -0.9966 -0.0117 -0.0821
vn 0.0990 -0.8164 -0.5690
vn 0.0695 -0.8164 -0.5732
vn 0.2662 -0.7700 -0.5799
vn 0.9922 -0.1240 0.0103
vn 0.9908 0.0550 -0.1238
vn 0.9975 -0.0704 0.0059
vn 0.9396 -0.1762 -0.2936
vn 0.9260 -0.2525 -0.2806
vn 0.9856 0.0939 -0.1408
vn 0.5614 0.2982 -0.7719
vn -0.4357 0.5743 -0.6931
vn -0.8637 0.3671 -0.3455
vn 0.8575 -0.4116 0.3087
vn 0.8137 -0.4650 0.3487
vn 0.5858 -0.8021 0.1161
vn 0.9317 -0.3394 0.1296
vn 0.2036 -0.2851 0.9366
vn 0.3651 -0.1826 0.9129
vn 0.3709 0.0530 0.9272
vn 0.7807 0.5358 -0.3215
vn 0.5976 0.7873 -0.1518
vn 0.8385 -0.2716 -0.4724
vn -0.7485 0.4239 -0.5100
vn -0.6208 0.6772 0.3950
vn -0.7203 0.1029 0.6860
vn -0.4444 -0.1111 0.8889
vn -0.6915 0.3518 -0.6309
vn -0.8059 0.3818 -0.4525
vn -0.6759 0.5069 -0.5351
vn -0.0959 -0.6074 -0.7886
vn 0.0634 -0.5920 -0.8034
vn -0.0651 -0.9978 -0.0108
vn -0.2744 -0.9605 -0.0457
vn -0.7321 -0.4138 -0.5411
vn -0.0927 -0.6491 -0.7550
vn -0.3380 -0.2704 -0.9014
vn -0.2924 0.2646 -0.9190
vn 0.4867 -0.3244 -0.8111
vn -0.0584 0.9930 -0.1022
vn -0.5907 -0.6126 0.5251
vn -0.8614 0.4307 0.2692
vn 0.8988 -0.3507 0.2631
vn 0.5588 0.6350 0.5334
vn 0.5807 -0.1010 0.8079
vn 0.7485 0.4239 -0.5100
vn -0.6613 0.0522 -0.7483
vn -0.7758 -0.4680 -0.4232
vn -0.8133 -0.3764 -0.4436
vn -0.5810 0.8112 -0.0658
vn -0.5834 0.1721 -0.7938
vn -0.2491 0.5923 -0.7662
vn -0.5557 0.2565 -0.7908
vn 0.3586 0.7171 -0.5976
vn -0.8970 0.1460 -0.4172
vn -0.8523 0.2691 -0.4486
vn -0.4648 0.7241 -0.5095
vn -0.2248 0.8570 -0.4636
vn -0.7085 -0.1250 -0.6946
vn -0.5270 -0.4216 -0.7379
vn 0.2962 -0.8887 -0.3501
vn 0.3651 -0.8638 -0.3473
vn 0.4711 -0.6618 -0.5832
vn -0.1949 -0.9745 -0.1114
vn 0.0262 -0.9775 -0.2095
vn -0.3443 -0.9180 -0.1967
vn 0.8540 -0.4744 0.2135
vn 0.9284 -0.2901 0.2321
vn 0.8685 -0.4580 0.1895
vn 0.5396 0.6799 -0.4965
vn 0.1708 0.7035 -0.6899
vn 0.9601 0.1340 -0.2456
vn 0.9192 0.2661 -0.2903
vn 0.7758 -0.4680 -0.4232
vn 0.8133 -0.3764 -0.4436
vn 0.6187 0.4521 -0.6425
vn 0.6613 0.0522 -0.7483
vn -0.5569 0.4375 -0.7060
vn -0.6527 0.2720 -0.7071
vn -0.7440 -0.0076 -0.6681
vn -0.7443 -0.0109 -0.6677
vn -0.8583 0.0780 0.5072
vn -0.3983 -0.8498 0.3452
vn -0.7948 -0.4710 0.3827
vn -0.8048 -0.5794 0.1288
vn -0.7823 -0.2347 0.5770
vn -0.8917 -0.4161 -0.1783
vn -0.9623 -0.1924 -0.1924
vn -0.9178 -0.2348 -0.3202
vn -0.9045 0.1624 -0.3943
vn -0.9387 -0.3414 0.0474
vn -0.8410 -0.5256 -0.1285
vn -0.1580 0.9872 -0.0197
vn 0.2355 0.9714 0.0294
vn 0.3508 -0.9149 -0.1995
vn 0.4542 -0.8724 -0.1803
vn -0.2698 -0.9617 0.0484
vn -0.4513 -0.8901 -0.0627
vn 0.3758 -0.8978 -0.2297
vn -0.0965 -0.9552 -0.2798
vn 0.9942 -0.0444 0.0976
vn 0.9453 0.3249 -0.0295
vn 0.0602 -0.5017 -0.8629
vn -0.3060 0.6732 -0.6732
vn -0.4608 0.5150 -0.7228
vn 0.3625 -0.0630 -0.9299
vn 0.5088 0.2799 -0.8141
vn 0.4701 0.0470 -0.8814
vn 0.5405 -0.0872 -0.8368
vn 0.9178 -0.2348 -0.3202
vn 0.9241 0.0474 -0.3791
vn 0.7948 -0.4710 0.3827
vn 0.7040 -0.5974 0.3840
vn 0.7799 -0.2407 0.5777
vn 0.7823 -0.2347 0.5770
vn 0.4542 0.8760 0.1622
vn 0.6776 -0.1355 0.7228
vn 0.7808 -0.0156 -0.6246
vn 0.6689 0.5160 -0.5351
vn -0.7437 -0.0084 -0.6685
vn -0.7437 -0.1239 -0.6569
vn -0.8269 -0.2646 -0.4962
vn -0.7720 -0.4352 -0.4632
vn -0.8193 0.4841 -0.3072
vn -0.6085 0.6329 -0.4787
vn -0.6447 0.7252 -0.2417
vn -0.9697 0.0303 -0.2424
vn -0.9490 -0.2076 -0.2373
vn -0.9900 -0.1366 -0.0341
vn -0.7074 -0.5202 -0.4785
vn -0.3707 0.8839 -0.2851
vn -0.9908 0.0550 -0.1238
vn -0.9923 -0.0000 -0.1240
vn -0.7886 0.6066 0.1011
vn -0.9935 0.1085 -0.0334
vn -0.9459 0.3100 -0.0954
vn 0.3465 -0.9355 -0.0693
vn 0.4875 -0.8728 -0.0236
vn 0.3595 -0.6274 -0.6908
vn 0.7428 -0.5571 -0.3714
vn -0.4685 0.6247 0.6247
vn 0.3380 -0.6433 -0.6869
vn -0.0479 0.9906 -0.1278
vn 0.8433 -0.5270 -0.1054
vn 0.9008 -0.1501 -0.4075
vn 0.9697 -0.0303 0.2424
vn 0.9900 -0.1366 -0.0341
vn 0.8269 -0.2646 -0.4962
vn 0.7720 -0.4352 -0.4632
vn 0.7789 -0.0190 -0.6269
vn 0.1938 -0.9206 -0.3392
vn -0.7072 0.1387 -0.6933
vn -0.3928 -0.9133 -0.1080
vn -0.9173 0.2663 -0.2959
vn -0.9681 0.0277 -0.2489
vn -0.8412 -0.5353 -0.0765
vn -0.8616 -0.4924 -0.1231
vn -0.8762 -0.4572 0.1524
vn -0.8708 -0.4665 0.1555
vn -0.8551 -0.5024 0.1283
vn 0.4832 0.5116 -0.7105
vn -0.9309 0.3603 0.0601
vn -0.9693 0.1646 0.1829
vn -0.1400 -0.1400 0.9802
vn 0.5998 -0.7797 -0.1799
vn 0.7620 0.1270 -0.6350
vn -0.3411 0.4872 -0.8039
vn -0.9242 0.3206 0.2075
vn -0.5940 -0.8037 -0.0349
vn 0.9585 0.2164 0.1855
vn 0.9681 -0.0277 0.2489
vn 0.8081 0.5051 -0.3030
vn 0.5826 0.6624 -0.4709
vn 0.6875 0.6789 -0.2578
vn 0.7072 0.1387 -0.6933
vn 0.3928 -0.9133 -0.1080
vn 0.5359 0.5705 -0.6224
vn -0.8645 0.1673 -0.4741
vn 0.1400 -0.7001 -0.7001
vn 0.9035 0.3720 -0.2126
vn 0.5475 0.2330 -0.8037
vn 0.9678 0.0312 -0.2498
vn 0.8397 -0.5398 -0.0600
vn 0.8717 -0.4755 -0.1189
vn -0.5238 0.7619 -0.3810
vn -0.4082 0.8165 -0.4082
vn -0.5955 0.6767 -0.4331
vn -0.8267 -0.5429 -0.1481
vn 0.9521 0.2950 0.0805
vn -0.1136 -0.3028 -0.9463
vn -0.8990 -0.0666 -0.4329
vn -0.8342 0.2366 -0.4981
vn -0.8146 -0.4888 -0.3123
vn 0.4746 -0.8761 0.0852
vn 0.7905 0.5179 0.3271
vn -0.7620 0.6350 -0.1270
vn -0.5435 0.5133 -0.6642
vn 0.7785 0.3114 -0.5449
vn 0.7538 0.5705 -0.3260
vn 0.1264 -0.5057 -0.8534
vn 0.9705 -0.1078 -0.2157
vn 0.8675 -0.4048 -0.2892
vn 0.7902 0.2701 -0.5501
vn 0.1509 0.8641 -0.4801
vn 0.7912 -0.1609 -0.5900
vn -0.6072 -0.6988 0.3781
vn 0.2653 0.8428 -0.4682
vn -0.5525 0.5353 -0.6389
vn 0.8604 0.3944 0.3227
vn -0.7723 -0.2163 -0.5973
vn -0.7353 0.5515 -0.3939
vn -0.0974 -0.6681 -0.7377
vn -0.1188 -0.6655 -0.7368
vn -0.7954 -0.5344 -0.2859
vn -0.4500 -0.6937 -0.5624
vn -0.3668 -0.9233 0.1138
vn -0.0000 0.9965 0.0830
vn 0.9872 0.0176 0.1587
vn -0.9023 0.3509 -0.2506
vn 0.0202 -0.5262 -0.8501
vn -0.0000 -0.5300 -0.8480
vn 0.0428 -0.5140 -0.8567
vn 0.0562 -0.5342 -0.8435
vn -0.4576 -0.8498 0.2615
vn 0.7043 -0.1579 -0.6921
vn 0.3778 -0.5936 -0.7106
vn 0.9179 -0.3746 -0.1311
vn 0.8301 -0.5534 0.0692
vn 0.8784 -0.4392 -0.1882
vn 0.8870 -0.4193 -0.1935
vn 0.8616 -0.4924 -0.1231
vn 0.9693 -0.2107 -0.1264
vn 0.9319 -0.3495 -0.0971
vn 0.6260 0.5122 -0.5881
vn -0.9247 0.0420 -0.3783
vn -0.8729 -0.4364 -0.2182
vn -0.9391 -0.1998 -0.2797
vn -0.9186 -0.2297 -0.3215
vn -0.8771 -0.1440 -0.4582
vn -0.2310 0.8408 -0.4897
vn 0.1987 0.9651 0.1703
vn 0.8330 0.4837 0.2687
vn -0.6200 -0.4262 -0.6587
vn -0.5974 -0.4374 -0.6721
vn -0.8278 -0.5322 0.1774
vn -0.6742 0.6915 -0.2593
vn -0.6597 0.7037 -0.2639
vn 0.4764 -0.6421 -0.6007
vn 0.5126 -0.6205 -0.5935
vn 0.8866 -0.3694 0.2785
vn 0.8916 -0.3637 0.2698
vn 0.9161 -0.3794 0.1296
vn 0.8773 -0.4609 0.1338
vn 0.8353 -0.5455 0.0682
vn -0.7172 0.5635 0.4099
vn 0.0854 0.8544 -0.5126
vn -0.2562 0.8289 -0.4973
vn -0.2074 0.8038 -0.5575
vn 0.1869 0.8878 -0.4205
vn 0.9795 0.0223 -0.2003
vn 0.9636 -0.2224 -0.1483
vn -0.4243 0.5657 -0.7071
vn -0.4656 0.5122 -0.7217
vn -0.8056 -0.2417 -0.5409
vn -0.6809 -0.6145 -0.3986
vn 0.3379 0.8785 -0.3379
vn -0.8884 -0.4311 0.1577
vn -0.9725 -0.1768 0.1516
vn -0.9946 0.0533 -0.0888
vn -0.9578 -0.2873 -0.0074
vn 0.2877 -0.7398 -0.6083
vn 0.5077 -0.6092 -0.6092
vn -0.3345 -0.9397 -0.0717
vn 0.3448 -0.9358 0.0739
vn 0.5121 -0.7682 -0.3841
vn 0.7211 -0.5463 -0.4261
vn 0.4325 -0.8966 -0.0949
vn 0.9831 -0.1638 -0.0819
vn 0.2153 -0.9626 0.1646
vn 0.6247 -0.7809 -0.0000
vn 0.1304 0.9871 0.0931
vn -0.5316 -0.4253 -0.7325
vn -0.5146 -0.4411 -0.7352
vn 0.9921 -0.0779 0.0987
vn 0.8510 -0.4728 0.2285
vn 0.8595 -0.4591 0.2246
vn 0.6186 0.5046 -0.6023
vn 0.6811 0.3633 -0.6357
vn 0.9803 0.0245 -0.1961
vn 0.9893 -0.1371 -0.0490
vn -0.3259 0.8903 0.3180
vn 0.6126 -0.6432 -0.4594
vn 0.8056 -0.2417 -0.5409
vn 0.6986 -0.5822 -0.4159
vn -0.8058 0.4339 -0.4029
vn -0.8276 0.3793 -0.4138
vn -0.8912 0.3428 -0.2971
vn -0.8154 -0.2168 -0.5367
vn -0.8103 -0.2369 -0.5360
vn 0.9370 0.3123 0.1562
vn -0.8071 -0.5549 -0.2018
vn -0.3802 0.9233 0.0543
vn -0.4638 0.8835 0.0663
vn -0.1925 0.9623 0.1925
vn 0.3145 0.9435 -0.1048
vn 0.8909 0.4454 -0.0891
vn 0.9262 0.3473 -0.1466
vn 0.9912 -0.0000 -0.1322
vn 0.9871 0.1410 -0.0752
vn -0.9912 -0.0000 -0.1322
vn -0.9802 0.1400 -0.1400
vn -0.9262 0.3473 -0.1466
vn -0.8909 0.4454 -0.0891
vn -0.3162 0.9487 -0.0000
vn -0.1410 0.9871 -0.0752
vn 0.9598 0.0960 0.2639
vn 0.8796 -0.1283 0.4581
vn 0.8081 -0.5051 0.3030
vn 0.9793 0.0251 -0.2009
vn 0.9662 -0.1610 -0.2013
vn 0.8891 -0.4001 -0.2223
vn 0.6369 -0.6051 -0.4777
vn 0.9524 -0.1905 -0.2381
vn 0.5970 0.7960 -0.0995
vn -0.9671 0.1970 0.1612
vn 0.4277 -0.1932 0.8830
vn 0.8177 -0.1635 -0.5519
vn 0.7888 -0.2584 -0.5576
vn 0.3875 0.6090 -0.6920
vn 0.4947 0.4711 -0.7303
vn 0.8058 0.4339 -0.4029
vn 0.8912 0.3428 -0.2971
vn -0.9368 -0.2751 -0.2162
vn -0.9696 -0.0994 -0.2237
vn -0.8877 -0.0616 -0.4562
vn -0.8736 -0.1424 -0.4653
vn -0.9307 -0.0963 -0.3530
vn -0.9893 -0.1120 -0.0933
vn -0.8794 -0.4700 0.0758
vn 0.9351 0.0519 0.3506
vn 0.0292 0.9927 -0.1168
vn -0.9281 -0.1326 -0.3480
vn -0.0995 0.7960 0.5970
vn -0.9247 -0.2831 0.2548
vn 0.9103 -0.4138 -0.0069
vn -0.4470 -0.8941 0.0279
vn -0.8930 -0.4465 0.0558
vn -0.4878 0.8536 0.1829
vn 0.9812 0.1417 -0.1308
vn 0.9806 -0.0000 -0.1961
vn 0.9412 0.3137 -0.1255
vn 0.9494 0.2373 -0.2057
vn 0.8843 0.4533 -0.1119
vn 0.9283 0.3094 -0.2063
vn -0.7010 -0.7010 0.1314
vn 0.7010 0.7010 -0.1314
vn -0.0000 0.9981 -0.0624
vn -0.8697 0.4632 -0.1702
vn -0.5838 0.7783 -0.2311
vn -0.8805 0.4402 -0.1761
vn -0.9494 0.2373 -0.2057
vn -0.9086 0.3634 -0.2059
vn -0.9806 -0.0000 -0.1961
vn -0.9412 0.3137 -0.1255
vn -0.9812 0.1417 -0.1308
vn -0.1868 0.9807 -0.0584
vn 0.4470 -0.8941 0.0279
vn 0.8930 -0.4465 0.0558
vn -0.9233 -0.0082 -0.3840
vn 0.9775 -0.1594 0.1381
vn 0.8178 -0.5055 0.2751
vn 0.0408 0.9932 0.1088
vn 0.8900 -0.0989 -0.4450
vn 0.8779 0.4788 -0.0067
vn 0.8943 -0.2555 -0.3673
vn 0.8083 0.1155 -0.5774
vn 0.8034 0.1339 -0.5802
vn -0.3924 -0.9156 -0.0872
vn 0.9033 0.4215 -0.0803
vn 0.8474 -0.1311 -0.5145
vn 0.9368 -0.2751 -0.2162
vn 0.9696 -0.0994 -0.2237
vn -0.9062 -0.3675 -0.2091
vn -0.7812 0.0689 -0.6204
vn -0.9585 0.0618 -0.2783
vn -0.9372 0.1730 -0.3028
vn -0.7755 -0.5930 -0.2167
vn -0.8124 -0.5323 -0.2381
vn -0.4457 -0.0810 -0.8915
vn -0.9953 -0.0954 -0.0136
vn 0.9560 0.1509 -0.2516
vn -0.9851 -0.1362 0.1048
vn -0.9355 0.3465 0.0693
vn -0.9615 0.2747 -0.0000
vn -0.9247 -0.0000 0.3807
vn -0.8151 0.5095 0.2757
vn -0.8203 -0.5127 0.2533
vn -0.2767 0.9608 -0.0154
vn -0.8650 0.4325 0.2544
vn -0.4448 -0.8895 0.1046
vn -0.6810 -0.7219 0.1226
vn -0.6861 -0.6861 0.2421
vn -0.2770 -0.9602 -0.0369
vn -0.3038 -0.9519 -0.0405
vn -0.5833 -0.6319 -0.5104
vn 0.6810 -0.7219 0.1226
vn 0.7845 -0.5883 0.1961
vn -0.9428 0.2357 -0.2357
vn 0.9300 -0.3487 0.1162
vn 0.1413 0.9891 0.0416
vn 0.8650 0.4325 0.2544
vn 0.1354 0.9899 0.0423
vn 0.4376 -0.8753 0.2059
vn 0.7017 -0.7017 0.1238
vn 0.8165 0.5715 0.0816
vn 0.9978 -0.0073 0.0656
vn 0.9967 -0.0215 0.0789
vn 0.9819 -0.1430 0.1239
vn 0.9971 -0.0740 -0.0197
vn 0.9591 -0.2551 0.1224
vn -0.8809 0.2689 -0.3895
vn 0.9355 0.3465 0.0693
vn 0.9615 0.2747 -0.0000
vn 0.7926 -0.4954 0.3555
vn 0.9309 -0.2660 0.2503
vn 0.9247 -0.0000 0.3807
vn 0.8853 0.3320 0.3255
vn 0.3267 -0.5134 -0.7935
vn 0.9062 -0.3675 -0.2091
vn -0.7704 0.2696 -0.5778
vn -0.6288 0.5831 -0.5145
vn -0.7648 0.1530 -0.6258
vn -0.8523 -0.4391 -0.2841
vn -0.9118 -0.2763 -0.3039
vn -0.8754 -0.0438 -0.4815
vn -0.2557 0.8716 -0.4184
vn -0.5442 0.6756 -0.4973
vn -0.8039 0.5586 -0.2044
vn -0.9309 0.3581 -0.0716
vn 0.3688 -0.8370 -0.4043
vn 0.6793 -0.6078 -0.4112
vn 0.4725 -0.8737 0.1159
vn 0.3313 -0.8835 0.3313
vn 0.6667 -0.6667 0.3333
vn -0.7855 -0.4970 -0.3687
vn -0.4222 -0.8843 0.1992
vn -0.3501 -0.9335 0.0778
vn -0.5534 -0.8301 0.0692
vn 0.9037 -0.2711 0.3314
vn -0.8032 0.3462 -0.4847
vn 0.9908 -0.0786 0.1101
vn -0.8723 0.3271 -0.3635
vn 0.8415 -0.0378 -0.5389
vn 0.8382 -0.0745 -0.5402
vn 0.9084 -0.3510 -0.2271
vn 0.7704 0.2696 -0.5778
vn -0.7975 -0.1243 -0.5904
vn -0.7911 -0.1483 -0.5934
vn -0.7289 -0.1215 -0.6737
vn -0.8731 -0.0485 -0.4851
vn -0.2317 -0.9270 -0.2949
vn -0.8453 -0.4820 -0.2305
vn -0.8484 0.1454 -0.5090
vn -0.6917 -0.6340 -0.3458
vn -0.8164 -0.2523 -0.5195
vn 0.8055 0.3638 0.4677
vn -0.8689 -0.4345 -0.2370
vn -0.8321 0.5547 -0.0000
vn 0.6910 -0.6378 0.3402
vn 0.7821 -0.5499 0.2933
vn 0.6892 -0.6410 0.3377
vn -0.6969 0.3690 -0.6149
vn -0.9899 0.1356 -0.0407
vn -0.8115 -0.5597 0.1679
vn -0.8866 -0.4030 -0.2271
vn 0.4517 -0.8895 -0.0695
vn 0.7546 -0.6458 -0.1161
vn 0.6176 -0.7818 0.0860
vn -0.0861 -0.9960 -0.0246
vn -0.3289 -0.9397 -0.0940
vn -0.1283 -0.8978 -0.4214
vn 0.2363 -0.9157 -0.3249
vn 0.6035 -0.6356 -0.4815
vn 0.7312 -0.5157 -0.4464
vn -0.2872 -0.9333 0.2154
vn 0.1913 -0.9778 0.0850
vn -0.3297 -0.9231 0.1978
vn -0.1906 0.9802 -0.0545
vn -0.8151 -0.2397 -0.5274
vn 0.9147 -0.2858 0.2858
vn -0.8901 0.3709 -0.2649
vn 0.8018 -0.2275 0.5526
vn -0.4634 0.1738 -0.8689
vn 0.3578 -0.8944 0.2683
vn 0.9559 0.1707 -0.2390
vn -0.8330 0.1666 -0.5276
vn 0.3835 -0.0767 0.9204
vn 0.9385 0.0908 -0.3330
vn 0.6993 0.3140 -0.6422
vn 0.9910 -0.1331 0.0148
vn 0.2646 -0.0992 0.9592
vn -0.2734 0.9007 -0.3377
vn -0.5051 0.8081 -0.3030
vn 0.2120 0.2120 -0.9540
vn 0.7805 0.6112 -0.1316
vn 0.7362 0.6587 -0.1550
vn 0.6285 0.7700 0.1100
vn 0.8459 0.3862 -0.3678
vn 0.8401 0.3980 -0.3685
vn 0.8137 -0.4650 -0.3487
vn 0.8425 -0.3159 -0.4363
vn 0.8669 -0.1576 -0.4729
vn 0.8509 -0.3782 -0.3647
vn 0.8509 0.0580 -0.5221
vn 0.8246 0.0702 -0.5614
vn 0.8296 -0.2074 -0.5185
vn 0.8433 0.1054 -0.5270
vn 0.2001 0.9161 -0.3475
vn 0.5771 0.6859 -0.4433
vn 0.9700 0.0640 0.2345
vn -0.6712 0.0671 0.7383
vn 0.8610 -0.4839 -0.1565
vn 0.9155 -0.3662 -0.1665
vn 0.2293 -0.9401 -0.2522
vn 0.7969 -0.1254 -0.5910
vn 0.4240 -0.8480 -0.3180
vn 0.6749 0.5849 -0.4499
vn 0.7605 0.4056 -0.5070
vn 0.7975 -0.1243 -0.5904
vn 0.7911 -0.1483 -0.5934
vn -0.4338 0.8282 -0.3549
vn -0.7620 0.1270 -0.6350
vn -0.7681 -0.0183 -0.6401
vn -0.6594 -0.1978 -0.7253
vn -0.6362 -0.2651 -0.7246
vn -0.6090 -0.0945 -0.7875
vn -0.2895 -0.2573 -0.9220
vn -0.9759 0.0241 -0.2169
vn -0.9761 0.0224 -0.2161
vn -0.9461 -0.3110 0.0907
vn 0.3588 0.0308 -0.9329
vn 0.7586 -0.5057 -0.4109
vn 0.9165 0.1604 -0.3666
vn 0.7442 -0.6202 -0.2481
vn 0.7650 0.0911 -0.6375
vn 0.7047 0.4445 -0.5529
vn -0.8296 -0.2074 -0.5185
vn -0.8821 0.1654 -0.4411
vn -0.7269 -0.4543 -0.5149
vn -0.8114 -0.5493 -0.1997
vn -0.7715 -0.6172 -0.1543
vn -0.2025 0.0337 -0.9787
vn -0.3505 0.1752 -0.9200
vn -0.4851 0.8582 0.1679
vn -0.5726 0.8016 0.1718
vn 0.0097 -0.7761 -0.6306
vn 0.1996 -0.7605 -0.6179
vn -0.1103 -0.9924 -0.0551
vn 0.7821 -0.2271 -0.5803
vn 0.7518 -0.1735 -0.6361
vn 0.0193 -0.3277 -0.9446
vn 0.1902 -0.2445 -0.9508
vn 0.7509 -0.6092 -0.2550
vn 0.7360 -0.4600 -0.4968
vn 0.7674 0.6371 -0.0724
vn 0.7527 0.6536 -0.0792
vn -0.4657 -0.6985 0.5433
vn -0.5477 -0.5838 0.5993
vn 0.7510 -0.4921 -0.4403
vn 0.7418 -0.5170 -0.4271
vn 0.7369 -0.6317 -0.2406
vn 0.4050 0.2181 -0.8879
vn 0.6248 -0.5998 -0.4998
vn 0.9677 -0.1935 -0.1613
vn 0.9763 0.1424 -0.1627
vn 0.8132 -0.5150 -0.2711
vn -0.7926 -0.0000 -0.6097
vn -0.7701 0.2369 -0.5923
vn -0.3035 -0.9391 -0.1613
vn -0.2854 -0.9458 -0.1549
vn -0.8702 0.4127 -0.2691
vn -0.6678 0.6996 -0.2544
vn -0.8940 -0.2929 -0.3391
vn -0.9331 -0.1723 -0.3158
vn -0.8397 -0.5275 -0.1292
vn 0.8175 -0.5211 0.2452
vn -0.7232 -0.5373 -0.4339
vn -0.6196 -0.5975 -0.5090
vn -0.6327 -0.6749 -0.3796
vn -0.1627 -0.1446 -0.9760
vn 0.8690 0.4718 0.1490
vn -0.0523 0.9931 0.1045
vn 0.7603 0.6082 0.2281
vn 0.3419 0.9291 -0.1412
vn 0.3046 0.9306 -0.2030
vn -0.1614 0.9827 -0.0912
vn -0.2763 0.2908 -0.9160
vn -0.1790 0.8948 0.4090
vn -0.0344 0.8761 0.4810
vn -0.2161 0.8859 0.4105
vn 0.3345 -0.8970 -0.2889
vn 0.5828 0.7682 0.2649
vn 0.2357 0.2357 -0.9428
vn -0.6983 0.5674 0.4364
vn 0.1444 0.9692 -0.1993
vn -0.7152 -0.5517 0.4291
vn -0.7212 0.5409 0.4327
vn 0.5506 -0.4956 -0.6718
vn 0.8311 -0.2203 -0.5107
vn 0.8787 0.0764 -0.4712
vn 0.8232 -0.1646 -0.5433
vn 0.8971 -0.3450 -0.2760
vn 0.9576 -0.1886 -0.2176
vn 0.8242 -0.5494 -0.1374
vn 0.6546 0.6994 -0.2869
vn 0.7926 -0.0000 -0.6097
vn 0.7701 0.2369 -0.5923
vn 0.0712 0.9973 -0.0178
vn -0.4944 0.7026 -0.5118
vn -0.7433 -0.4419 -0.5022
vn -0.7732 -0.4107 -0.4832
vn -0.9334 -0.1725 -0.3145
vn -0.9551 0.1469 -0.2572
vn -0.3404 -0.7173 -0.6079
vn -0.8852 -0.1695 -0.4332
vn -0.8130 -0.5321 -0.2365
vn 0.3409 0.9349 -0.0990
vn -0.4573 -0.6236 0.6340
vn -0.6657 -0.2853 0.6895
vn 0.3665 -0.8552 0.3665
vn -0.9270 -0.1030 -0.3605
vn -0.6713 -0.6429 -0.3687
vn -0.4418 -0.6943 -0.5681
vn -0.7804 -0.4257 -0.4579
vn 0.0733 0.5866 -0.8066
vn 0.3333 -0.9410 -0.0588
vn -0.2502 -0.9663 -0.0604
vn -0.8614 0.2692 -0.4307
vn -0.2386 0.9545 -0.1790
vn 0.3123 -0.9370 0.1562
vn -0.0166 -0.7701 -0.6376
vn -0.1187 -0.6690 -0.7337
vn 0.9173 -0.0966 -0.3862
vn -0.3804 0.5941 0.7087
vn 0.1941 -0.7208 -0.6654
vn 0.2161 -0.7082 -0.6722
vn 0.3470 0.1666 -0.9230
vn 0.3552 0.1869 -0.9159
vn 0.3190 0.8772 -0.3589
vn 0.3870 0.8495 -0.3587
vn 0.3123 -0.9370 -0.1562
vn 0.2680 -0.9530 -0.1415
vn 0.8042 0.1166 -0.5828
vn -0.4991 0.0294 -0.8661
vn -0.7455 -0.4905 -0.4512
vn -0.9336 -0.2063 -0.2931
vn -0.7543 -0.4738 -0.4545
vn -0.5261 0.1633 -0.8346
vn -0.5826 0.0986 -0.8067
vn 0.1043 -0.7998 -0.5911
vn -0.2799 -0.7567 -0.5908
vn 0.3250 -0.9436 -0.0629
vn 0.9183 -0.3756 0.1252
vn -0.9347 0.3048 -0.1829
vn 0.8855 -0.4538 0.0996
vn -0.8655 0.4822 -0.1360
vn -0.1176 -0.7417 -0.6603
vn 0.2353 -0.6966 -0.6778
vn 0.9113 -0.1302 -0.3906
vn 0.8571 -0.2857 -0.4286
vn -0.8974 -0.1181 -0.4251
vn -0.8665 -0.2390 -0.4382
vn -0.8904 0.2120 -0.4028
vn -0.6264 -0.4894 -0.6068
vn -0.7860 -0.2710 -0.5556
vn -0.9252 0.3614 -0.1157
vn -0.9631 0.2408 -0.1204
vn 0.0119 0.9619 0.2731
vn -0.3965 0.7930 0.4626
vn -0.9330 0.2545 -0.2545
vn 0.0619 -0.8666 0.4952
vn -0.8139 -0.5341 -0.2289
vn 0.3668 -0.9302 0.0131
vn -0.5970 -0.7374 -0.3160
vn 0.5767 -0.7209 -0.3845
vn 0.0880 -0.8355 -0.5424
vn -0.4931 -0.7397 0.4579
vn -0.6395 -0.0984 0.7625
vn -0.0324 0.9733 0.2271
vn -0.0286 0.9730 0.2289
vn 0.0603 -0.4221 -0.9045
vn 0.7241 -0.4526 -0.5204
vn 0.5248 0.0500 -0.8497
vn 0.8788 0.3766 -0.2929
vn 0.9283 0.2063 -0.3094
vn 0.9089 0.2045 -0.3635
vn -0.0706 0.8894 -0.4517
vn -0.6018 -0.3224 -0.7307
vn -0.2736 0.2896 -0.9172
vn -0.5139 0.0489 -0.8565
vn -0.9104 0.4138 -0.0000
vn 0.6496 -0.7145 -0.2598
vn 0.5036 -0.7666 -0.3983
vn 0.6891 -0.6292 0.3595
vn 0.1104 0.9939 -0.0000
vn 0.1958 0.9790 0.0559
vn -0.3119 0.9458 0.0906
vn 0.8745 0.4770 -0.0875
vn 0.9571 -0.2735 -0.0957
vn 0.9504 0.0344 -0.3092
vn 0.5906 -0.3436 -0.7302
vn 0.7194 -0.3197 -0.6166
vn 0.7459 -0.1865 -0.6394
vn 0.7602 -0.2851 -0.5838
vn -0.4860 0.8615 -0.1473
vn -0.0450 0.9898 -0.1350
vn -0.8947 -0.3741 -0.2440
vn -0.9194 0.3030 -0.2507
vn -0.6287 0.7758 0.0535
vn -0.1663 0.9834 -0.0723
vn -0.5652 -0.8165 -0.1178
vn -0.4923 -0.5317 -0.6892
vn -0.4731 -0.5459 -0.6915
vn -0.1468 0.2610 0.9541
vn 0.9801 -0.1633 -0.1131
vn 0.6090 -0.7613 -0.2225
vn 0.7299 0.2246 -0.6456
vn -0.4842 -0.8301 0.2767
vn -0.6704 -0.7039 0.2346
vn 0.5906 0.3609 -0.7218
vn 0.4657 -0.6985 -0.5433
vn 0.5556 -0.4358 -0.7081
vn 0.5800 -0.4075 -0.7054
vn 0.5455 -0.5455 -0.6364
vn 0.1691 0.9823 -0.0805
vn 0.6300 0.7742 0.0607
vn 0.9280 0.3569 -0.1071
vn 0.9328 0.3443 -0.1064
vn -0.8531 -0.0416 -0.5202
vn -0.8194 -0.2096 -0.5336
vn -0.9288 0.3572 -0.0989
vn -0.9351 0.3406 -0.0981
vn -0.7103 -0.5209 -0.4735
vn 0.5598 0.8210 0.1120
vn -0.4134 -0.7029 -0.5788
vn -0.6616 0.2205 -0.7167
vn -0.2736 -0.8207 -0.5016
vn -0.6368 -0.6833 -0.3572
vn -0.7208 -0.5371 -0.4381
vn -0.5140 -0.0428 -0.8567
vn -0.3841 -0.7682 -0.5121
vn -0.8397 0.5398 0.0600
vn -0.6198 -0.2817 -0.7325
vn -0.3966 -0.5110 -0.7626
vn -0.8956 -0.4383 -0.0762
vn -0.9083 0.4183 0.0060
vn -0.9829 -0.1600 0.0914
vn 0.8066 -0.0733 -0.5866
vn -0.2299 -0.9404 -0.2508
vn 0.1112 -0.9764 -0.1854
vn 0.8883 -0.4326 -0.1545
vn 0.9635 -0.2521 -0.0900
vn 0.3569 -0.9110 -0.2066
vn 0.5869 -0.7744 -0.2364
vn 0.4823 -0.8681 -0.1179
vn 0.6844 -0.5866 -0.4330
vn 0.7191 -0.4576 -0.5230
vn 0.3581 -0.7877 -0.5013
vn 0.7517 0.6542 -0.0835
vn 0.8465 0.5240 -0.0941
vn 0.5705 -0.8114 0.1268
vn 0.8665 0.1324 -0.4814
vn 0.8709 -0.0860 -0.4838
vn 0.7581 -0.4332 -0.4874
vn 0.6838 -0.4558 -0.5698
vn -0.9965 -0.0830 -0.0000
vn -0.7571 -0.3701 -0.5384
vn -0.7605 -0.4056 -0.5070
vn -0.9055 0.3293 -0.2675
vn -0.9110 0.3142 -0.2670
vn -0.2325 -0.5187 -0.8227
vn -0.5603 0.7844 0.2661
vn -0.7089 0.6583 0.2532
vn 0.6178 -0.7786 0.1100
vn 0.7718 -0.5687 0.2844
vn -0.4764 -0.6007 -0.6421
vn 0.5509 -0.7178 -0.4257
vn -0.2015 0.9764 -0.0775
vn 0.0387 0.9939 -0.1033
vn 0.9701 -0.0000 0.2425
vn -0.9953 -0.0865 -0.0433
vn 0.6667 0.6667 0.3333
vn 0.8807 0.4609 -0.1095
vn 0.6110 0.7163 0.3371
vn 0.7427 0.6631 0.0928
vn 0.6553 0.7509 0.0819
vn 0.4669 0.8170 0.3385
vn 0.5183 -0.6047 -0.6047
vn 0.4460 -0.6690 -0.5946
vn 0.7761 -0.2131 -0.5935
vn 0.7896 -0.2909 -0.5403
vn 0.8098 -0.2225 -0.5428
vn 0.7938 -0.1764 -0.5821
vn 0.9966 -0.0826 0.0059
vn 0.9565 0.2911 -0.0208
vn -0.2345 -0.9379 -0.2558
vn -0.7956 -0.1339 -0.5908
vn -0.8779 -0.4789 -0.0000
vn -0.6300 0.7742 0.0607
vn -0.8789 0.4481 0.1637
vn -0.9073 -0.4124 -0.0825
vn 0.3477 0.9361 -0.0535
vn 0.6566 0.7542 -0.0089
vn 0.6572 0.7536 -0.0088
vn -0.4698 -0.2833 -0.8361
vn 0.8109 -0.5805 0.0737
vn 0.6140 0.7814 0.1116
vn -0.2963 -0.9313 -0.2117
vn -0.1729 -0.9667 -0.1886
vn -0.7514 -0.4098 -0.5172
vn -0.7936 -0.1536 0.5888
vn 0.8171 0.2101 -0.5369
vn -0.5792 -0.4489 0.6805
vn 0.5025 -0.7035 0.5025
vn -0.9532 0.2933 0.0733
vn 0.8289 -0.1934 -0.5250
vn 0.6113 0.4221 -0.6695
vn -0.7269 -0.5679 0.3862
vn 0.8457 0.2265 -0.4832
vn 0.8616 0.1231 -0.4924
vn 0.9155 -0.3662 0.1665
vn 0.8955 -0.3980 0.1990
vn 0.8837 0.4375 0.1662
vn 0.8783 -0.4724 0.0732
vn 0.8339 -0.5307 0.1516
vn 0.8292 -0.1397 -0.5412
vn 0.8246 -0.1858 -0.5343
vn 0.4301 -0.8603 -0.2737
vn 0.8376 -0.1197 -0.5330
vn -0.8725 0.1745 -0.4564
vn -0.8703 -0.1195 -0.4778
vn -0.7344 0.5810 -0.3508
vn -0.8299 -0.0391 -0.5565
vn -0.2972 -0.9145 -0.2744
vn -0.9613 -0.2680 -0.0641
vn -0.9977 -0.0111 -0.0665
vn -0.7961 -0.1592 -0.5838
vn -0.7910 -0.1758 -0.5860
vn -0.8110 -0.2421 -0.5326
vn -0.9648 -0.2631 -0.0000
vn -0.9398 -0.3417 -0.0000
vn 0.7715 0.6172 -0.1543
vn 0.8650 -0.5001 -0.0405
vn -0.7148 0.3524 -0.6041
vn -0.9064 -0.0477 -0.4198
vn -0.7056 0.3570 -0.6121
vn 0.3343 0.9420 0.0304
vn -0.4576 -0.8498 -0.2615
vn -0.0943 0.9869 0.1306
vn -0.3815 -0.9235 0.0402
vn 0.7056 -0.6914 -0.1552
vn -0.1362 -0.5177 0.8447
vn -0.2595 0.9601 0.1038
vn -0.5774 -0.5774 0.5774
vn 0.1240 0.9922 0.0155
vn 0.1414 0.9899 0.0088
vn 0.9357 0.3509 0.0366
vn 0.8632 0.4932 0.1079
vn 0.9881 0.1412 0.0618
vn 0.9908 0.1239 0.0542
vn 0.9845 0.1641 0.0615
vn -0.7767 -0.4808 -0.4068
vn -0.2817 -0.7325 -0.6198
vn -0.9864 0.1644 -0.0000
vn -0.9881 0.1412 0.0618
vn -0.9845 0.1641 0.0615
vn -0.8913 0.4456 0.0836
vn -0.9647 0.2412 0.1055
vn -0.8632 0.4932 0.1079
vn -0.1414 0.9898 0.0177
vn 0.8086 0.1348 -0.5727
vn 0.8078 0.1864 -0.5592
vn -0.5617 -0.4454 0.6972
vn -0.3621 -0.8993 0.2453
vn -0.5232 -0.8222 0.2242
vn -0.5681 -0.4418 0.6943
vn -0.8365 -0.4855 -0.2540
vn -0.8009 -0.5431 -0.2523
vn -0.1169 -0.6724 -0.7309
vn -0.1689 -0.6863 -0.7074
vn -0.3280 0.9441 0.0320
vn 0.0943 0.9869 0.1306
vn 0.7373 -0.6554 -0.1638
vn 0.8558 -0.1521 -0.4945
vn -0.7951 0.5963 0.1104
vn -0.8571 -0.4553 0.2411
vn -0.5741 0.8156 -0.0729
vn 0.6307 -0.7702 0.0949
vn 0.8714 0.3040 -0.3850
vn 0.9398 -0.3417 -0.0000
vn 0.9052 -0.4183 0.0754
vn 0.9613 -0.2680 -0.0641
vn 0.9977 -0.0102 -0.0665
vn 0.8325 0.0784 -0.5485
vn 0.2357 -0.9428 -0.2357
vn 0.7897 0.4076 -0.4585
vn 0.8661 -0.1212 -0.4850
vn 0.8778 0.1756 -0.4457
vn -0.6594 -0.0599 -0.7494
vn -0.6404 -0.1310 -0.7568
vn -0.8836 0.4508 0.1262
vn -0.8704 -0.3482 -0.3482
vn -0.8616 -0.1231 -0.4924
vn -0.7854 -0.5111 -0.3491
vn 0.0874 -0.7863 -0.6116
vn -0.9096 0.3032 0.2842
vn -0.8729 -0.4364 0.2182
vn -0.9545 -0.0000 0.2983
vn -0.9231 -0.3077 0.2308
vn -0.6516 -0.4539 0.6077
vn 0.6364 -0.5455 0.5455
vn 0.6925 -0.4099 0.5936
vn 0.9701 0.2425 -0.0000
vn 0.1959 0.9794 -0.0490
vn -0.6000 0.8000 -0.0000
vn -0.8930 0.4465 0.0558
vn -0.9279 0.3712 0.0348
vn -0.2408 0.9631 0.1204
vn -0.9701 0.2425 -0.0000
vn 0.7061 0.5974 -0.3802
vn 0.7625 0.4575 -0.4575
vn -0.6509 -0.6509 0.3906
vn 0.9545 -0.0000 0.2983
vn 0.9096 0.3032 0.2842
vn 0.9231 -0.3077 0.2308
vn 0.8614 0.4307 0.2692
vn -0.1455 -0.8001 -0.5819
vn 0.2762 -0.7520 -0.5985
vn -0.4459 -0.8281 -0.3397
vn -0.0674 0.9921 0.1060
vn -0.8133 0.5652 0.1379
vn 0.6348 -0.1431 -0.7593
vn 0.8495 -0.5191 -0.0944
vn 0.9222 0.3804 0.0692
vn 0.5367 -0.7155 -0.4472
vn 0.7172 0.6505 -0.2502
vn 0.8221 0.2652 -0.5039
vn -0.6288 0.7027 -0.3329
vn -0.7637 0.4787 -0.4331
vn -0.6767 -0.2900 -0.6767
vn -0.6225 -0.3261 -0.7114
vn 0.6908 -0.7102 -0.1356
vn 0.5752 0.7576 0.3086
vn 0.5605 -0.8266 0.0510
vn 0.9764 -0.2136 -0.0305
vn -0.9829 -0.0000 0.1843
vn -0.9822 0.0156 0.1871
vn -0.9157 0.2821 0.2862
vn -0.9457 0.1351 0.2955
vn 0.2612 -0.0402 0.9644
vn -0.1615 0.9868 0.0090
vn -0.6594 -0.7253 0.1978
vn -0.8966 -0.3766 0.2331
vn 0.7549 -0.6534 -0.0571
vn 0.8206 -0.5715 0.0073
vn 0.8063 -0.5876 -0.0683
vn 0.2519 -0.8925 -0.3743
vn 0.8764 -0.4630 -0.1323
vn 0.8280 -0.5392 -0.1540
vn -0.0553 0.2487 0.9670
vn 0.6594 -0.7253 0.1978
vn 0.8966 -0.3766 0.2331
vn 0.1319 0.9891 0.0659
vn 0.8480 0.3180 0.4240
vn 0.1424 0.9876 0.0665
vn -0.2553 -0.0182 0.9667
vn 0.9157 0.2821 0.2862
vn 0.9532 0.0511 0.2979
vn -0.9655 0.2251 0.1307
vn -0.5446 -0.8042 0.2380
vn -0.9960 0.0460 0.0766
vn 0.8682 0.4961 -0.0000
vn 0.4990 -0.3953 -0.7712
vn 0.5359 -0.3632 -0.7622
vn -0.7926 -0.2265 -0.5661
vn -0.6881 -0.4080 -0.6001
vn -0.7589 -0.1473 -0.6343
vn -0.7760 -0.2910 -0.5596
vn -0.5095 -0.5580 -0.6550
vn -0.5959 -0.4256 -0.6810
vn -0.9211 0.3889 -0.0205
vn -0.9763 0.1972 0.0888
vn -0.9601 0.2438 0.1372
vn -0.7488 -0.5732 -0.3328
vn -0.9048 -0.0000 0.4258
vn -0.8393 0.4197 0.3456
vn -0.8444 0.4110 0.3437
vn -0.8787 -0.2510 0.4061
vn -0.8880 -0.1480 0.4353
vn -0.6789 -0.6789 0.2796
vn -0.8216 -0.4855 0.2988
vn -0.8474 -0.3390 0.4087
vn 0.7277 -0.4391 0.5269
vn 0.7107 -0.4975 0.4975
vn -0.9392 -0.1730 -0.2966
vn -0.5569 -0.7535 -0.3494
vn -0.4616 -0.5934 0.6594
vn 0.6789 -0.6789 0.2796
vn 0.8216 -0.4855 0.2988
vn 0.8787 -0.2510 0.4061
vn 0.8474 -0.3390 0.4087
vn 0.9048 -0.0000 0.4258
vn 0.8880 -0.1480 0.4353
vn 0.8343 0.4102 0.3685
vn 0.7478 0.0638 -0.6609
vn 0.7318 -0.0126 -0.6814
vn 0.4975 -0.4975 -0.7107
vn 0.5623 -0.4016 -0.7229
vn 0.5577 -0.4182 -0.7170
vn 0.6554 -0.1638 -0.7373
vn 0.6305 -0.3152 -0.7093
vn 0.8019 0.4637 -0.3768
vn 0.5120 0.7346 -0.4452
vn -0.8195 0.2129 -0.5321
vn -0.8303 -0.0381 -0.5561
vn -0.2961 -0.9453 -0.1367
vn -0.2694 0.9578 -0.0998
vn -0.6451 0.6659 -0.3746
vn -0.7245 -0.5364 -0.4328
vn -0.6403 -0.7095 -0.2942
vn -0.3743 -0.6862 -0.6238
vn -0.5129 -0.5496 -0.6595
vn -0.7594 0.1748 -0.6268
vn -0.7494 0.0599 -0.6594
vn 0.2484 0.9048 0.3459
vn -0.3719 0.7775 0.5071
vn -0.0702 0.7720 0.6317
vn 0.1741 0.6963 0.6963
vn -0.2909 -0.7896 0.5403
vn -0.6149 -0.5381 0.5765
vn 0.5994 0.3840 0.7024
vn 0.0697 0.3311 0.9410
vn -0.1618 0.1780 0.9707
vn -0.1262 0.5575 0.8205
vn 0.2900 -0.0145 0.9569
vn -0.6081 -0.4600 0.6471
vn 0.6824 -0.4000 0.6118
vn 0.0457 -0.9605 0.2744
vn -0.9269 0.0713 -0.3684
vn -0.8076 -0.3974 -0.4358
vn 0.0998 -0.9810 -0.1663
vn -0.5180 -0.7955 -0.3145
vn -0.9260 -0.1924 -0.3247
vn 0.9100 -0.2040 0.3609
vn -0.6727 -0.5232 0.5232
vn -0.9593 -0.2653 -0.0969
vn -0.1402 0.3271 0.9345
vn 0.9861 0.1038 0.1297
vn -0.2026 0.9261 0.3183
vn 0.4556 -0.6508 -0.6074
vn 0.2971 -0.7526 -0.5876
vn 0.8180 -0.4908 -0.2999
vn 0.6703 -0.2514 -0.6982
vn 0.6982 -0.0982 -0.7091
vn 0.2722 -0.9526 -0.1361
vn 0.8195 0.2129 -0.5321
vn 0.8320 0.0763 -0.5496
vn -0.5428 -0.6314 -0.5538
vn -0.8116 -0.1899 -0.5525
vn -0.8917 -0.4458 -0.0787
vn -0.8892 -0.4504 -0.0808
vn -0.2625 -0.7874 -0.5578
vn -0.3131 -0.7566 -0.5740
vn -0.5539 0.7640 0.3310
vn -0.0998 0.9831 0.1536
vn -0.6887 0.6104 0.3913
vn -0.7635 0.5344 0.3626
vn -0.5064 0.6583 0.5570
vn -0.4006 -0.8919 0.2099
vn -0.3943 0.5323 0.7491
vn -0.7362 -0.1004 0.6693
vn 0.8704 -0.3482 0.3482
vn 0.1622 0.1622 0.9733
vn -0.0927 -0.8811 -0.4637
vn -0.2050 -0.8540 -0.4782
vn -0.1033 -0.9912 -0.0826
vn -0.1911 -0.9762 -0.1024
vn -0.6554 -0.5735 0.4915
vn -0.6745 -0.5518 0.4905
vn 0.2761 -0.9365 0.2161
vn -0.4020 -0.8922 0.2059
vn 0.2296 -0.9537 0.1943
vn 0.4718 -0.5791 0.6649
vn 0.5216 -0.5029 0.6892
vn 0.4476 0.7832 0.4316
vn 0.3012 -0.6598 -0.6885
vn 0.2671 -0.6780 -0.6848
vn 0.9018 0.4099 -0.1366
vn 0.6703 -0.6982 -0.2514
vn 0.5539 0.7640 0.3310
vn 0.0998 0.9831 0.1536
vn 0.4394 -0.6591 -0.6103
vn 0.3923 -0.6941 -0.6036
vn 0.6288 -0.4192 -0.6550
vn 0.7011 -0.2368 -0.6726
vn -0.7396 -0.1849 -0.6472
vn -0.6837 -0.3460 -0.6425
vn -0.6838 -0.3472 -0.6417
vn -0.7420 -0.2120 -0.6360
vn -0.5937 -0.7634 0.2545
vn -0.3924 -0.7848 -0.4796
vn 0.7571 -0.4279 0.4937
vn -0.0935 -0.8979 -0.4302
vn -0.8944 0.3620 -0.2626
vn 0.7551 0.5302 0.3856
vn -0.9391 -0.0379 0.3415
vn -0.8782 0.3562 0.3193
vn -0.9766 0.2017 0.0743
vn -0.9608 0.0686 0.2688
vn 0.5375 -0.6979 -0.4733
vn 0.7514 -0.5711 -0.3306
vn 0.4327 -0.7685 -0.4714
vn -0.4815 -0.6982 0.5297
vn 0.2468 -0.7181 0.6507
vn -0.8412 -0.0765 0.5353
vn 0.1270 -0.6350 0.7620
vn -0.3015 -0.3015 0.9045
vn -0.7900 -0.5672 -0.2329
vn -0.8634 -0.3899 -0.3203
vn -0.1125 -0.9896 -0.0900
vn 0.3861 -0.8937 -0.2288
vn 0.6046 0.6549 0.4534
vn 0.9078 -0.0463 0.4168
vn 0.8603 0.3630 0.3580
vn 0.9679 0.2374 0.0822
vn 0.0324 0.7611 0.6478
vn 0.3759 -0.7987 -0.4698
vn -0.4753 -0.8616 0.1783
vn 0.1232 -0.9034 -0.4107
vn 0.4957 -0.7009 -0.5128
vn 0.4207 -0.7225 -0.5487
vn 0.7155 0.1694 -0.6778
vn 0.4461 0.8586 -0.2525
vn 0.7673 -0.1705 -0.6181
vn 0.7633 -0.1857 -0.6189
vn 0.1849 0.9615 0.2034
vn -0.8018 0.2673 -0.5345
vn -0.8480 0.0301 -0.5292
vn -0.6268 -0.4962 0.6007
vn -0.6092 -0.5269 0.5927
vn 0.8273 -0.3597 0.4316
vn -0.5748 -0.8028 0.1586
vn -0.8551 -0.1257 0.5030
vn -0.0291 -0.9311 -0.3637
vn 0.0235 -0.9399 -0.3407
vn 0.6785 -0.4445 -0.5849
vn -0.3694 -0.8004 -0.4720
vn -0.4656 -0.3287 -0.8217
vn -0.7329 0.5972 0.3258
vn 0.9448 0.0968 0.3130
vn 0.9558 -0.0000 0.2941
vn 0.6472 0.7078 0.2831
vn 0.7576 0.6061 0.2424
vn 0.8355 0.2457 -0.4915
vn 0.8347 0.2536 -0.4888
vn 0.8297 0.5296 -0.1765
vn 0.7567 -0.1460 -0.6372
vn 0.7408 -0.1975 -0.6420
vn -0.8396 -0.0000 -0.5433
vn -0.8187 0.1922 -0.5411
vn -0.7383 0.5821 -0.3407
vn -0.7221 -0.2124 -0.6584
vn -0.9479 -0.1621 -0.2744
vn -0.8106 -0.3824 -0.4435
vn -0.6868 -0.5607 -0.4625
vn -0.9402 -0.2985 -0.1642
vn 0.8682 -0.4961 -0.0000
vn 0.3885 0.8742 0.2914
vn 0.6969 0.2613 0.6679
vn 0.0324 0.8988 0.4372
vn 0.5777 -0.8140 -0.0613
vn 0.5300 -0.8480 -0.0000
vn 0.1511 0.6799 0.7176
vn 0.2821 -0.7759 0.5643
vn 0.5613 0.1449 0.8148
vn 0.0769 0.4612 0.8840
vn 0.5837 -0.0285 0.8115
vn -0.7581 0.4874 0.4332
vn 0.7276 -0.4851 -0.4851
vn -0.6247 0.6247 0.4685
vn 0.0447 -0.8998 -0.4340
vn 0.4952 -0.8348 -0.2405
vn -0.1128 -0.9090 -0.4012
vn 0.4049 -0.7288 -0.5521
vn 0.3586 -0.7724 -0.5242
vn 0.5227 -0.6969 -0.4910
vn 0.6295 -0.4760 -0.6142
vn 0.6470 0.1078 0.7548
vn 0.1240 -0.9918 -0.0310
vn 0.3009 -0.7241 -0.6206
vn -0.0361 -0.7588 -0.6504
vn -0.3710 -0.8904 0.2638
vn -0.5960 -0.7842 0.1725
vn -0.3885 0.8742 0.2914
vn -0.6749 0.3796 0.6327
vn -0.0324 0.8988 0.4372
vn -0.8682 -0.4961 -0.0000
vn 0.9129 -0.1826 -0.3651
vn 0.8785 0.1984 -0.4345
vn 0.7553 -0.4196 -0.5035
vn 0.9478 -0.1896 -0.2565
vn 0.9372 -0.2466 -0.2466
vn 0.9844 -0.0631 -0.1641
vn 0.7181 0.2992 -0.6283
vn -0.9859 0.0601 0.1563
vn 0.3810 -0.8890 -0.2540
vn 0.8317 -0.4080 0.3766
vn 0.6447 -0.6758 0.3573
vn 0.6284 -0.6819 0.3744
vn 0.7077 0.2940 -0.6424
vn 0.8316 0.1089 -0.5445
vn 0.7428 0.5571 -0.3714
vn 0.8187 0.1922 -0.5411
vn -0.7703 -0.1175 -0.6267
vn -0.7452 -0.1916 -0.6387
vn -0.7372 -0.1354 -0.6620
vn -0.5475 0.7908 0.2737
vn -0.8635 0.4043 -0.3015
vn -0.8645 0.4002 -0.3042
vn 0.7715 -0.6172 0.1543
vn -0.9631 0.2408 0.1204
vn -0.7712 0.4958 0.3994
vn -0.4547 0.6121 0.6470
vn -0.1763 0.5511 0.8156
vn 0.3876 0.0485 0.9206
vn 0.5015 0.0125 0.8651
vn 0.4571 0.1959 0.8676
vn -0.4431 -0.6869 0.5761
vn -0.3244 -0.8111 0.4867
vn -0.6071 -0.5683 -0.5554
vn -0.7544 -0.3611 -0.5481
vn 0.5604 -0.6942 -0.4517
vn 0.2318 -0.8317 -0.5045
vn -0.2265 0.7926 -0.5661
vn -0.7785 -0.5449 -0.3114
vn 0.8422 -0.4211 0.3369
vn 0.5426 -0.5306 0.6512
vn 0.5665 -0.4658 0.6798
vn -0.8352 0.5466 -0.0607
vn -0.8352 -0.5466 0.0607
vn 0.9396 -0.0671 -0.3356
vn 0.5475 0.7908 0.2737
vn 0.8048 -0.5122 0.3000
vn -0.0208 0.9978 -0.0624
vn 0.8029 -0.1147 -0.5850
vn 0.8112 -0.0658 -0.5810
vn -0.2921 -0.9249 -0.2434
vn -0.8787 0.0366 -0.4760
vn -0.7326 0.4579 -0.5037
vn -0.8008 0.2359 -0.5505
vn -0.4924 -0.4185 -0.7632
vn 0.5607 0.7944 0.2336
vn 0.0282 0.9968 -0.0752
vn -0.8389 -0.3813 0.3883
vn -0.9492 -0.1956 0.2464
vn -0.6565 -0.6975 0.2872
vn -0.9981 -0.0434 0.0434
vn -0.9867 0.0201 0.1611
vn -0.9899 -0.0000 0.1414
vn 0.1764 -0.2470 0.9528
vn 0.3899 0.1034 0.9150
vn 0.2822 0.1881 0.9407
vn -0.2050 -0.7614 -0.6150
vn 0.5448 0.2165 0.8102
vn 0.5630 0.1783 0.8070
vn -0.6206 -0.5841 0.5232
vn -0.6425 -0.5291 0.5543
vn -0.9139 0.4038 0.0425
vn -0.6178 0.7862 -0.0140
vn -0.6702 0.7121 0.2094
vn -0.2779 -0.7294 -0.6252
vn -0.6566 -0.4334 -0.6172
vn 0.9394 -0.2001 0.2783
vn 0.8682 -0.3812 0.3176
vn 0.2565 -0.9191 -0.2992
vn -0.0000 -0.9615 -0.2747
vn 0.8778 0.0160 -0.4788
vn 0.7071 -0.4243 -0.5657
vn 0.9454 -0.1956 -0.2608
vn 0.9901 0.0990 0.0990
vn 0.7864 0.5356 0.3077
vn -0.6305 -0.2102 -0.7472
vn -0.6355 -0.1011 -0.7655
vn -0.9224 0.2824 0.2635
vn -0.8684 0.4294 0.2481
vn -0.7604 0.5265 0.3802
vn 0.8878 0.4439 0.1211
vn 0.9396 0.3356 0.0671
vn -0.9806 -0.1947 0.0216
vn -0.9920 -0.1257 0.0140
vn -0.9912 -0.0970 0.0901
vn -0.7601 0.4434 -0.4751
vn -0.5008 -0.7599 -0.4145
vn 0.7905 -0.6120 -0.0255
vn 0.4745 -0.8382 -0.2689
vn -0.3958 0.8796 0.2639
vn 0.6247 -0.4685 0.6247
vn 0.5987 -0.5322 0.5987
vn -0.6327 0.3001 0.7138
vn 0.5051 0.7273 0.4647
vn 0.4485 0.7506 0.4852
vn -0.9359 0.2415 0.2566
vn 0.9157 0.3193 0.2442
vn 0.8775 0.4185 0.2340
vn 0.7604 0.5265 0.3802
vn 0.5491 -0.2746 -0.7894
vn -0.8583 -0.0780 -0.5072
vn -0.2825 -0.9282 -0.2421
vn -0.6702 0.1138 -0.7334
vn -0.6693 -0.1004 -0.7362
vn -0.6678 -0.1202 -0.7346
vn -0.4676 -0.5279 -0.7090
vn -0.4336 -0.5670 -0.7004
vn -0.4286 -0.8571 0.2857
vn 0.6985 -0.5433 -0.4657
vn -0.6261 -0.3028 0.7185
vn -0.5992 -0.4956 0.6288
vn -0.2149 -0.3054 0.9276
vn -0.2686 -0.8287 -0.4911
vn -0.0434 -0.9369 -0.3470
vn 0.5212 -0.8307 0.1955
vn 0.2605 -0.9605 0.0977
vn -0.1705 0.5400 0.8242
vn 0.1787 0.6255 0.7595
vn 0.3255 0.6103 0.7222
vn 0.6470 0.7548 0.1078
vn -0.9428 -0.2357 0.2357
vn -0.6423 -0.7494 0.1606
vn 0.6636 0.7394 -0.1138
vn 0.2525 -0.8952 0.3673
vn -0.5017 -0.5958 0.6271
vn -0.5087 -0.7913 0.3391
vn -0.7960 -0.5712 -0.2005
vn -0.9566 -0.2911 -0.0104
vn -0.8250 -0.5240 -0.2118
vn -0.6619 0.1131 0.7410
vn -0.6186 0.2012 0.7595
vn -0.3168 -0.9207 -0.2277
vn -0.4091 -0.9018 -0.1395
vn -0.2094 -0.9422 -0.2617
vn -0.4947 -0.8245 0.2748
vn -0.6574 0.2040 0.7254
vn -0.6659 0.2384 0.7070
vn 0.2970 -0.7212 -0.6258
vn -0.5547 0.8321 -0.0000
vn -0.2977 0.9528 0.0595
vn 0.5352 -0.4014 -0.7433
vn 0.4989 -0.4478 -0.7420
vn 0.6683 0.6295 -0.3963
vn 0.7379 0.4812 -0.4732
vn 0.6317 -0.0702 -0.7720
vn 0.6252 -0.1588 -0.7641
vn 0.3509 -0.9023 -0.2506
vn -0.6671 -0.0741 -0.7412
vn -0.6522 -0.2446 -0.7175
vn -0.6338 -0.2716 -0.7243
vn -0.5330 -0.6342 -0.5600
vn -0.4006 -0.7686 -0.4988
vn -0.5546 -0.4138 -0.7219
vn 0.7273 0.5069 0.4628
vn 0.8186 -0.2419 0.5209
vn 0.5571 0.4508 0.6974
vn 0.1204 0.2408 0.9631
vn -0.6603 -0.5711 0.4878
vn -0.2907 -0.6715 0.6816
vn -0.6247 -0.6247 0.4685
vn -0.1414 0.9897 0.0218
vn 0.7262 0.4401 0.5281
vn -0.5561 0.3178 0.7680
vn -0.6622 0.1169 0.7401
vn -0.7137 -0.4704 0.5190
vn -0.6858 0.5300 0.4988
vn -0.6477 0.2332 0.7254
vn 0.5180 -0.4209 -0.7447
vn 0.6043 -0.2266 -0.7638
vn 0.6269 -0.0798 -0.7750
vn 0.6365 0.0335 -0.7705
vn 0.5853 -0.2508 -0.7711
vn 0.9036 0.2502 -0.3476
vn -0.9255 0.1851 -0.3305
vn -0.8511 0.4492 -0.2719
vn -0.9215 0.2304 -0.3127
vn -0.9700 0.0400 0.2400
vn -0.9200 0.3314 0.2093
vn -0.9242 -0.2760 0.2640
vn -0.8230 -0.4306 0.3706
vn 0.0718 0.9575 0.2793
vn -0.4363 0.7525 0.4933
vn 0.3506 0.6333 0.6899
vn -0.8893 -0.3012 -0.3442
vn -0.7428 0.4997 0.4457
vn -0.6347 -0.6235 0.4565
vn -0.5667 -0.7439 0.3542
vn 0.0938 -0.6697 -0.7367
vn 0.3697 -0.7529 -0.5445
vn 0.7647 -0.4090 -0.4979
vn 0.3395 -0.1132 -0.9338
vn 0.8032 -0.5950 -0.0297
vn 0.9466 -0.2657 0.1827
vn 0.9535 -0.2860 -0.0953
vn -0.1440 0.9876 0.0617
vn 0.1412 0.9881 0.0605
vn 0.3019 0.9522 0.0464
vn 0.8137 0.4650 0.3487
vn 0.9353 0.1169 0.3340
vn 0.8958 0.2239 0.3839
vn 0.9304 0.1551 0.3323
vn -0.9228 -0.1758 -0.3428
vn -0.9310 -0.1379 -0.3379
vn 0.0514 -0.8230 -0.5658
vn -0.2913 -0.7150 -0.6356
vn -0.9304 0.1551 0.3323
vn 0.6951 0.1264 0.7077
vn 0.5827 -0.6243 0.5203
vn -0.9167 0.2292 0.3274
vn 0.9087 -0.0747 0.4108
vn 0.8285 -0.5523 0.0921
vn -0.8137 0.4650 0.3487
vn -0.8690 0.3259 0.3724
vn -0.2780 0.9532 0.1191
vn 0.1411 0.9875 0.0705
vn -0.5709 0.1380 0.8093
vn -0.0000 0.7433 0.6690
vn -0.5914 0.7424 0.3146
vn -0.6497 0.3692 0.6645
vn -0.0718 0.9575 0.2793
vn 0.4363 0.7525 0.4933
vn -0.3506 0.6333 0.6899
vn -0.4988 0.8663 -0.0263
vn -0.5339 0.8453 -0.0222
vn 0.8337 0.5510 -0.0362
vn 0.8729 -0.4194 0.2494
vn 0.8133 -0.4938 0.3079
vn 0.9695 0.0373 0.2424
vn 0.9144 0.3341 0.2286
vn 0.6788 -0.4526 -0.5783
vn 0.7653 -0.1867 -0.6160
vn 0.7573 -0.2065 -0.6196
vn 0.7619 -0.1905 -0.6190
vn 0.6617 0.7352 -0.1470
vn 0.8481 0.4801 -0.2240
vn 0.9214 0.1843 -0.3422
vn 0.9239 0.1421 -0.3553
vn -0.7316 0.6574 -0.1803
vn -0.8400 0.4822 -0.2489
vn -0.7591 -0.2741 -0.5904
vn -0.8081 -0.1757 -0.5622
vn -0.7428 -0.3968 -0.5393
vn -0.7982 -0.2281 -0.5575
vn -0.7569 -0.2838 -0.5887
vn -0.9116 -0.3315 0.2431
vn -0.9660 0.0198 0.2576
vn -0.9004 -0.3508 0.2573
vn -0.6306 0.6602 -0.4080
vn -0.7223 0.5098 -0.4673
vn -0.3530 -0.7845 -0.5099
vn -0.2703 -0.8367 -0.4763
vn -0.7898 -0.2555 -0.5575
vn -0.6385 -0.5514 -0.5369
vn 0.7558 -0.6244 0.1972
vn -0.8119 -0.1203 -0.5713
vn -0.8841 0.4666 -0.0246
vn -0.8111 0.3244 0.4867
vn 0.5151 -0.8242 0.2355
vn 0.7705 -0.6129 0.1751
vn 0.6825 -0.4127 0.6032
vn -0.6474 -0.6583 -0.3840
vn -0.4500 -0.7714 -0.4500
vn -0.8066 0.4033 0.4321
vn -0.8433 0.2740 0.4623
vn -0.7379 -0.5270 0.4216
vn -0.5799 -0.7573 0.3002
vn -0.5906 0.6781 0.4375
vn 0.9539 0.1590 0.2544
vn 0.8832 0.3470 0.3154
vn 0.9487 0.1897 0.2530
vn -0.9539 0.1590 0.2544
vn -0.8832 0.3470 0.3154
vn -0.9487 0.1897 0.2530
vn 0.6379 -0.5708 0.5170
vn 0.5995 -0.6059 0.5230
vn 0.8066 0.4033 0.4321
vn 0.8433 0.2740 0.4623
vn -0.5914 -0.4838 -0.6451
vn -0.6351 -0.3728 -0.6765
vn 0.7177 -0.4419 0.5382
vn -0.0000 0.0995 0.9950
vn -0.5457 -0.7276 0.4158
vn -0.6256 -0.5433 0.5598
vn 0.6541 0.5191 0.5502
vn 0.6903 0.3835 0.6136
vn 0.9935 0.1125 -0.0187
vn 0.9896 0.1414 0.0283
vn 0.4065 -0.7000 -0.5871
vn 0.3280 -0.7544 -0.5686
vn 0.8968 -0.3261 0.2989
vn 0.9242 -0.2760 0.2640
vn 0.9476 -0.0486 0.3159
vn 0.4863 -0.7912 -0.3709
vn 0.6744 -0.5759 -0.4622
vn 0.6091 0.1924 -0.7694
vn 0.5973 -0.0236 -0.8017
vn -0.6936 0.1478 -0.7050
vn -0.5917 -0.7330 -0.3356
vn -0.7169 -0.5851 -0.3791
vn -0.1875 0.8839 -0.4285
vn 0.3077 0.9231 0.2308
vn 0.7356 0.6735 0.0725
vn 0.2772 -0.0338 0.9602
vn 0.1361 0.2722 0.9526
vn -0.3683 0.8932 -0.2578
vn 0.5356 -0.8202 0.2009
vn -0.4082 -0.8165 0.4082
vn 0.5384 -0.7537 0.3769
vn -0.8908 0.1273 0.4363
vn -0.8526 0.3333 0.4025
vn 0.8645 0.0455 0.5005
vn 0.8880 -0.0998 0.4490
vn -0.8289 0.3727 0.4172
vn -0.8742 0.2914 0.3885
vn -0.8824 -0.0000 0.4706
vn -0.8465 -0.2822 0.4515
vn -0.9062 -0.0000 0.4229
vn -0.8177 -0.1396 0.5584
vn 0.4435 -0.8176 -0.3672
vn 0.1425 -0.8550 -0.4987
vn -0.9129 0.3651 0.1826
vn 0.6621 0.7448 0.0828
vn 0.8289 0.3727 0.4172
vn 0.8742 0.2914 0.3885
vn 0.8824 -0.0000 0.4706
vn 0.8465 -0.2822 0.4515
vn 0.9062 -0.0000 0.4229
vn 0.8547 0.3577 0.3763
vn 0.6616 -0.6064 0.4411
vn -0.6965 0.5970 0.3980
vn -0.4532 0.8406 0.2967
vn 0.6033 -0.6203 0.5013
vn 0.5599 -0.6358 0.5314
vn 0.6551 -0.6166 0.4367
vn 0.8860 0.1952 -0.4205
vn 0.5313 -0.3115 -0.7878
vn 0.8765 0.2357 -0.4198
vn 0.7801 -0.1254 -0.6129
vn -0.4114 0.8764 0.2504
vn 0.6232 0.7439 -0.2413
vn -0.8048 -0.4796 -0.3496
vn -0.2472 -0.9595 -0.1354
vn -0.9131 -0.2446 -0.3261
vn -0.7281 0.6219 -0.2882
vn -0.3609 -0.9023 -0.2360
vn -0.4993 -0.8449 -0.1920
vn -0.2110 -0.9673 0.1407
vn -0.5025 -0.8427 -0.1933
vn -0.8664 -0.0297 -0.4985
vn -0.8107 -0.2252 -0.5405
vn -0.9343 0.2044 -0.2920
vn -0.5565 -0.3846 -0.7365
vn -0.9296 0.2225 -0.2940
vn 0.9526 0.2722 -0.1361
vn 0.1078 -0.6470 -0.7548
vn -0.2176 0.5622 0.7979
vn 0.1607 0.6092 0.7766
vn 0.3041 0.3977 0.8656
vn -0.9034 0.2555 0.3443
vn -0.9107 0.2201 0.3496
vn -0.7832 -0.3133 0.5371
vn -0.7236 0.3913 0.5685
vn -0.7863 -0.0000 0.6178
vn -0.6221 0.5279 0.5782
vn -0.7781 -0.4162 0.4705
vn -0.7424 -0.4864 0.4608
vn -0.8517 -0.2612 0.4543
vn -0.5621 -0.7639 0.3171
vn -0.8706 -0.4808 -0.1040
vn -0.9869 0.1476 -0.0646
vn 0.9545 0.2386 0.1790
vn 0.9407 0.2822 0.1881
vn 0.9340 0.3113 0.1751
vn 0.3157 0.9470 0.0592
vn 0.1956 0.9779 0.0733
vn 0.2421 0.9684 0.0605
vn -0.0000 0.9981 0.0624
vn -0.2421 0.9684 0.0605
vn -0.9470 0.3157 0.0592
vn -0.7064 0.7064 0.0442
vn -0.9545 0.2386 0.1790
vn -0.9407 0.2822 0.1881
vn -0.8626 0.4792 0.1617
vn 0.7781 -0.4162 0.4705
vn 0.7424 -0.4864 0.4608
vn 0.8517 -0.2612 0.4543
vn 0.7832 -0.3133 0.5371
vn 0.8018 -0.2673 0.5345
vn 0.7236 0.3913 0.5685
vn 0.7863 -0.0000 0.6178
vn 0.6304 -0.5434 0.5543
vn 0.6064 -0.6168 0.5018
vn -0.0217 -0.7388 -0.6736
vn 0.2269 -0.8088 -0.5425
vn -0.2125 -0.7134 -0.6678
vn 0.6114 -0.6940 -0.3801
vn 0.6326 -0.6804 -0.3700
vn -0.7949 -0.4649 0.3899
vn -0.9853 0.1699 0.0170
vn -0.7295 -0.5938 0.3393
vn 0.7281 0.6219 -0.2882
vn 0.4950 0.8557 -0.1510
vn 0.7566 0.5899 -0.2821
vn 0.7242 -0.6104 -0.3207
vn 0.2472 -0.9595 -0.1354
vn 0.9208 -0.2341 -0.3121
vn 0.3609 -0.9023 -0.2360
vn -0.8948 0.1182 -0.4305
vn -0.3321 0.9425 0.0359
vn -0.7709 0.5811 -0.2609
vn -0.7001 0.5080 0.5018
vn -0.4305 0.8005 0.4170
vn 0.3510 0.6346 0.6886
vn 0.5364 -0.2276 0.8127
vn 0.5187 -0.2377 0.8212
vn -0.0753 0.5268 0.8466
vn -0.4394 0.6103 0.6591
vn -0.0641 0.7267 0.6840
vn -0.5293 -0.6203 0.5789
vn -0.8242 -0.1374 0.5494
vn -0.8046 -0.1951 0.5608
vn -0.8198 0.1708 0.5465
vn -0.6793 -0.5300 0.5076
vn -0.7290 -0.3925 0.5608
vn -0.2729 0.8643 0.4224
vn -0.1783 0.8917 0.4161
vn -0.4808 -0.7767 -0.4068
vn -0.2260 -0.8833 -0.4108
vn -0.4708 -0.7846 -0.4035
vn -0.0094 -0.9071 -0.4208
vn -0.3303 -0.8257 -0.4573
vn 0.1899 -0.9180 0.3482
vn 0.8571 -0.4286 0.2857
vn 0.8363 -0.4562 0.3041
vn 0.6492 0.4869 0.5843
vn 0.8242 -0.1374 0.5494
vn 0.8046 -0.1951 0.5608
vn 0.8198 0.1708 0.5465
vn -0.9621 -0.2301 0.1464
vn 0.9364 0.1322 0.3250
vn 0.8772 0.2641 0.4009
vn -0.7932 0.3022 0.5288
vn 0.6468 0.4042 0.6468
vn 0.5136 0.5901 0.6229
vn 0.5808 0.5452 0.6045
vn 0.2416 0.6041 0.7594
vn -0.3377 0.5975 0.7273
vn -0.4888 -0.2967 0.8204
vn -0.5631 -0.2478 0.7884
vn 0.9816 -0.1834 -0.0539
vn 0.9944 -0.1047 0.0174
vn 0.7001 0.5080 0.5018
vn 0.4305 0.8005 0.4170
vn 0.0821 0.5337 0.8417
vn 0.8466 -0.0801 -0.5262
vn 0.3980 -0.8955 -0.1990
vn 0.4203 -0.8827 -0.2102
vn 0.5963 0.5199 -0.6116
vn 0.6427 0.2690 -0.7174
vn 0.8021 -0.0594 -0.5942
vn 0.7781 -0.1864 -0.5998
vn 0.8948 0.1182 -0.4305
vn -0.8131 -0.1712 -0.5563
vn -0.8496 0.0405 -0.5259
vn -0.8575 -0.0000 -0.5145
vn -0.2893 -0.9204 -0.2630
vn -0.9270 -0.3605 -0.1030
vn -0.8740 0.1093 -0.4734
vn -0.6814 0.2883 -0.6727
vn -0.6999 0.2227 -0.6787
vn -0.1361 -0.9526 -0.2722
vn -0.0278 -0.9745 -0.2227
vn 0.9157 -0.3840 -0.1182
vn -0.0315 0.9772 -0.2101
vn -0.5016 -0.6094 0.6141
vn -0.5333 -0.6080 0.5881
vn -0.7943 0.3220 0.5152
vn -0.4921 0.4614 0.7382
vn 0.7028 0.5190 0.4866
vn 0.8009 0.4119 0.4347
vn -0.8926 0.2168 0.3953
vn -0.1085 0.7512 0.6511
vn -0.4898 0.5777 0.6530
vn -0.6276 -0.6694 0.3975
vn -0.3706 -0.8154 0.4447
vn -0.8230 -0.4166 -0.3861
vn -0.7609 -0.5355 -0.3664
vn 0.5308 -0.8089 -0.2528
vn 0.5147 0.7352 0.4411
vn 0.6139 0.6511 0.4464
vn 0.6205 -0.5319 0.5762
vn 0.6838 -0.4558 0.5698
vn -0.5024 -0.8374 0.2153
vn -0.5711 -0.7514 0.3306
vn -0.7045 0.3894 0.5933
vn 0.8262 -0.4594 0.3260
vn 0.7591 -0.5521 0.3450
vn 0.5774 -0.5774 0.5774
vn 0.1619 -0.9419 -0.2943
vn 0.0263 -0.9743 -0.2238
vn 0.0856 -0.9698 -0.2282
vn 0.0431 0.9907 0.1292
vn 0.4745 0.8718 -0.1214
vn 0.8549 -0.0422 -0.5171
vn 0.8585 0.0636 -0.5088
vn 0.3419 -0.9117 -0.2279
vn 0.8285 -0.0921 -0.5523
vn -0.0465 0.9912 0.1239
vn -0.4635 0.8731 -0.1509
vn -0.7140 -0.1487 -0.6842
vn -0.8997 0.3698 -0.2318
vn -0.9282 0.1466 -0.3420
vn -0.8035 -0.4474 0.3926
vn -0.5267 -0.5061 0.6830
vn 0.6940 0.7040 0.1509
vn 0.8448 -0.1408 0.5163
vn -0.8077 0.0969 0.5816
vn 0.5156 -0.8366 0.1848
vn 0.5419 -0.8167 0.1984
vn 0.6404 0.6272 0.4433
vn -0.9417 -0.0000 0.3363
vn -0.9381 0.0670 0.3398
vn -0.9032 0.1383 0.4062
vn 0.0291 0.9889 0.1454
vn -0.9644 -0.0941 -0.2470
vn -0.9697 0.0479 -0.2394
vn -0.3370 -0.7808 0.5260
vn -0.4904 -0.7167 0.4958
vn 0.0067 -0.9087 -0.4173
vn -0.0105 -0.9067 -0.4217
vn -0.0296 0.9633 0.2668
vn 0.2011 0.9252 0.3218
vn 0.8146 0.2037 0.5431
vn 0.8242 0.1374 0.5494
vn -0.3231 -0.7270 -0.6058
vn 0.7208 0.2018 0.6631
vn 0.7483 0.1137 0.6536
vn 0.0296 0.9633 0.2668
vn -0.2011 0.9252 0.3218
vn 0.4973 0.5595 0.6631
vn -0.4932 -0.2266 -0.8399
vn -0.0417 -0.6258 -0.7788
vn 0.2182 0.8729 0.4364
vn -0.5958 0.6271 0.5017
vn -0.4796 0.5482 0.6852
vn -0.2519 0.7557 0.6046
vn 0.0943 0.9744 -0.2043
vn -0.6594 0.7507 -0.0406
vn -0.8992 -0.0719 0.4316
vn 0.9291 0.1327 0.3451
vn 0.3239 -0.9430 -0.0762
vn -0.8908 -0.3563 -0.2821
vn 0.9110 0.2116 -0.3540
vn 0.9134 0.0987 -0.3950
vn 0.6775 -0.1888 -0.7108
vn 0.8443 -0.2111 -0.4925
vn 0.8242 -0.2649 -0.5004
vn -0.8081 -0.3030 -0.5051
vn -0.8381 -0.2286 -0.4953
vn -0.7069 -0.1443 -0.6925
vn -0.7044 -0.1806 -0.6864
vn -0.4449 -0.3813 -0.8103
vn -0.7779 -0.5992 -0.1892
vn -0.7992 -0.5765 -0.1703
vn 0.8699 -0.4009 -0.2874
vn 0.9456 -0.2432 -0.2161
vn 0.0935 -0.6413 -0.7616
vn 0.4660 -0.2497 -0.8488
vn 0.5883 -0.1961 -0.7845
vn -0.0819 0.9831 -0.1638
vn 0.7147 -0.0794 -0.6949
vn -0.5781 -0.6280 0.5210
vn -0.6654 -0.4022 0.6289
vn -0.4976 -0.7595 0.4190
vn -0.8857 -0.4560 -0.0877
vn -0.1888 -0.5663 0.8023
vn 0.2380 -0.8394 -0.4886
vn 0.5317 -0.7089 -0.4635
vn 0.3697 -0.7830 -0.5002
vn 0.3244 -0.8111 -0.4867
vn 0.6312 -0.6312 -0.4508
vn -0.8661 -0.1671 -0.4711
vn -0.9911 -0.0261 -0.1304
vn 0.5335 0.5937 0.6024
vn 0.8890 0.2540 0.3810
vn 0.9309 0.1763 0.3199
vn 0.4387 -0.7425 -0.5062
vn 0.3441 -0.8133 -0.4692
vn 0.4056 -0.7605 -0.5070
vn 0.4877 -0.3111 -0.8157
vn 0.6268 -0.4962 -0.6007
vn 0.6401 -0.4717 -0.6064
vn -0.8631 0.4426 -0.2434
vn -0.9130 0.2548 -0.3185
vn -0.8205 0.3557 0.4475
vn -0.7081 0.5911 0.3862
vn -0.8857 -0.2460 -0.3937
vn -0.8918 0.2180 -0.3964
vn 0.5768 -0.2508 0.7774
vn -0.0904 0.6331 0.7688
vn -0.2522 0.4684 0.8467
vn -0.0690 0.7456 0.6628
vn -0.6469 0.7611 0.0476
vn -0.8626 0.5049 0.0316
vn 0.2295 -0.9496 -0.2137
vn -0.7280 -0.4608 -0.5076
vn -0.9250 -0.1221 -0.3597
vn -0.7406 -0.4255 -0.5200
vn -0.1177 -0.9151 -0.3857
vn 0.4296 -0.8968 -0.1055
vn 0.2642 -0.8711 -0.4141
vn 0.6397 -0.4921 0.5905
vn 0.2017 -0.8491 -0.4882
vn 0.6396 0.4264 0.6396
vn -0.5581 -0.1964 -0.8062
vn -0.6391 -0.2640 0.7224
vn 0.0966 0.6276 0.7725
vn -0.7934 0.0338 0.6077
vn 0.8222 -0.2242 -0.5232
vn 0.8190 0.1254 -0.5599
vn 0.8205 0.3557 0.4475
vn 0.7081 0.5911 0.3862
vn 0.2522 0.4684 0.8467
vn 0.7080 -0.1200 -0.6960
vn 0.7079 -0.1221 -0.6957
vn 0.8172 0.5134 -0.2619
vn 0.9009 0.1467 -0.4085
vn -0.7404 -0.1105 -0.6630
vn -0.7316 0.1004 -0.6743
vn -0.7128 -0.1225 -0.6906
vn -0.7128 -0.1265 -0.6898
vn -0.6749 -0.5711 -0.4673
vn -0.5099 -0.7845 -0.3530
vn -0.9352 0.1439 0.3237
vn -0.5608 0.3925 0.7290
vn -0.6556 -0.7493 -0.0937
vn 0.2489 -0.0277 -0.9681
vn -0.3955 0.9119 0.1099
vn -0.6102 0.7888 0.0744
vn 0.2747 0.9615 -0.0000
vn 0.5183 -0.8548 -0.0273
vn 0.5726 -0.1718 0.8016
vn 0.6045 0.2925 0.7410
vn -0.2505 0.9678 0.0228
vn 0.9575 -0.0808 -0.2769
vn 0.9019 -0.2918 -0.3183
vn -0.4774 0.7355 0.4807
vn 0.9162 -0.0000 0.4008
vn 0.9115 0.1008 0.3988
vn 0.9060 0.1147 0.4075
vn -0.5455 -0.6364 0.5455
vn -0.6581 -0.3656 0.6581
vn 0.3096 -0.8619 -0.4016
vn 0.5042 -0.8304 -0.2373
vn 0.7472 0.4151 0.5189
vn 0.7878 0.3115 0.5313
vn 0.8746 0.4840 0.0292
vn 0.8735 0.4859 0.0308
vn 0.0484 0.9915 0.1209
vn 0.5966 0.5212 -0.6103
vn 0.7410 -0.6080 -0.2850
vn 0.8517 -0.4614 -0.2484
vn -0.7548 -0.5994 -0.2664
vn -0.6663 0.5398 -0.5145
vn 0.5970 0.6965 0.3980
vn -0.0515 0.9919 0.1159
vn -0.5168 0.8122 -0.2707
vn -0.5700 0.7655 -0.2986
vn -0.8013 0.3713 -0.4691
vn -0.1896 0.8986 0.3957
vn -0.8780 0.4772 -0.0382
vn -0.8634 0.5042 -0.0189
vn 0.4929 0.5143 0.7018
vn 0.4791 0.5433 0.6894
vn 0.3977 0.5803 0.7107
vn 0.2074 0.5560 0.8049
vn 0.0396 -0.7388 -0.6728
vn 0.9834 -0.0393 0.1770
vn 0.9841 -0.0562 0.1687
vn 0.5974 0.3319 0.7301
vn -0.8425 -0.1827 0.5067
vn -0.7819 0.4630 0.4175
vn -0.5732 0.2953 0.7643
vn -0.1792 0.9772 0.1140
vn -0.2041 0.9353 0.2891
vn 0.7700 0.4400 0.4620
vn 0.5365 0.6372 0.5533
vn 0.8452 0.1690 0.5071
vn 0.4498 0.6401 0.6228
vn 0.0356 -0.9968 0.0712
vn 0.0921 -0.8285 0.5523
vn -0.7494 0.2810 0.5995
vn -0.7420 0.4240 0.5194
vn -0.5774 0.5774 0.5774
vn -0.4082 0.5967 0.6909
vn -0.8026 0.2006 0.5618
vn 0.0241 -0.9170 -0.3982
vn 0.3581 -0.5013 0.7877
vn 0.1104 -0.6254 0.7725
vn -0.8017 0.2813 0.5274
vn -0.4767 0.5721 0.6674
vn 0.0417 -0.7788 -0.6258
vn 0.5604 -0.5274 0.6386
vn 0.5936 -0.5237 0.6110
vn 0.2299 0.5747 0.7854
vn -0.1622 0.6813 0.7138
vn 0.5846 0.4783 0.6554
vn 0.5454 0.5236 0.6545
vn 0.8083 -0.5879 -0.0315
vn 0.8764 -0.4766 0.0692
vn 0.6082 -0.7933 0.0264
vn 0.6350 0.1874 0.7495
vn -0.4205 -0.4990 0.7578
vn -0.4975 -0.4975 0.7107
vn -0.5563 -0.6228 0.5502
vn -0.5237 -0.4073 0.7482
vn -0.5474 -0.6648 0.5083
vn -0.5056 -0.6831 0.5271
vn -0.5970 0.5257 0.6059
vn -0.7550 0.3410 0.5601
vn -0.8944 -0.0000 0.4472
vn -0.6473 0.7418 0.1753
vn 0.7153 -0.6212 0.3200
vn 0.6202 -0.7442 0.2481
vn 0.5911 -0.6077 0.5304
vn 0.5895 -0.6091 0.5305
vn 0.7411 0.6603 0.1213
vn 0.9643 0.2617 -0.0413
vn 0.7159 -0.2386 0.6562
vn -0.1347 -0.9906 0.0238
vn 0.0944 -0.9872 -0.1288
vn 0.9151 0.2270 -0.3334
vn 0.4904 -0.2686 -0.8291
vn 0.9045 0.3015 -0.3015
vn -0.0580 -0.9863 0.1547
vn 0.7591 -0.3450 -0.5521
vn 0.6119 0.7449 -0.2660
vn 0.3595 0.8956 -0.2620
vn 0.7800 -0.1400 -0.6100
vn 0.9321 -0.2406 -0.2706
vn -0.8631 0.0387 0.5035
vn -0.8142 0.3340 0.4749
vn 0.4559 0.8703 0.1865
vn 0.3729 0.9153 0.1525
vn -0.8343 -0.4279 0.3476
vn -0.8154 -0.3706 -0.4447
vn -0.9242 0.2163 -0.3146
vn -0.4250 0.5795 0.6954
vn -0.9082 0.2288 -0.3504
vn -0.4431 -0.3174 -0.8384
vn -0.8959 0.3033 -0.3245
vn 0.6453 -0.0215 0.7636
vn -0.3083 0.5725 0.7597
vn -0.3832 0.3513 0.8543
vn 0.6599 0.1933 0.7261
vn 0.6391 0.1284 0.7583
vn 0.6935 0.4251 0.5817
vn 0.6688 0.4977 0.5522
vn 0.6783 0.4933 0.5447
vn 0.6047 0.1728 0.7775
vn 0.6076 0.1161 0.7857
vn -0.5479 0.4952 0.6743
vn -0.7807 0.1027 0.6164
vn -0.2543 0.5510 0.7948
vn -0.3542 -0.8576 0.3729
vn -0.7988 0.3216 0.5084
vn -0.7917 0.3455 0.5038
vn -0.8015 0.3317 0.4975
vn -0.6963 0.1741 0.6963
vn -0.6610 0.2264 0.7154
vn -0.7128 -0.2376 0.6600
vn -0.7216 -0.1979 0.6634
vn -0.7022 -0.1170 0.7022
vn -0.5466 -0.7080 0.4472
vn -0.7108 -0.3958 0.5815
vn -0.3897 -0.7490 0.5359
vn -0.6615 -0.1819 0.7276
vn -0.5765 0.1982 0.7927
vn -0.6026 0.3375 0.7232
vn 0.7804 0.3468 0.5203
vn -0.9855 0.1516 -0.0758
vn -0.9831 -0.0289 -0.1807
vn 0.5886 -0.3184 0.7430
vn 0.3314 -0.7392 0.5863
vn -0.8242 0.1374 0.5494
vn -0.7397 0.3205 0.5917
vn -0.4486 -0.8523 -0.2691
vn 0.4532 0.4945 0.7417
vn 0.6529 0.7549 0.0612
vn -0.1577 0.9465 0.2817
vn 0.7175 0.6816 0.1435
vn 0.1630 0.9783 0.1281
vn 0.6931 -0.1980 0.6931
vn 0.7411 -0.1104 0.6623
vn 0.7917 0.3455 0.5038
vn 0.7923 0.3435 0.5042
vn -0.4365 -0.0647 -0.8974
vn 0.6160 0.6380 0.4620
vn 0.6784 0.5300 0.5088
vn 0.6202 -0.5503 0.5590
vn 0.6093 -0.5639 0.5574
vn 0.8264 0.2670 0.4958
vn 0.7973 0.3680 0.4784
vn -0.5783 -0.7084 0.4048
vn -0.6809 -0.5561 0.4766
vn -0.7036 0.3894 0.5943
vn -0.6688 0.4977 0.5522
vn -0.5901 -0.0393 0.8064
vn 0.3270 0.6073 0.7241
vn -0.6295 0.5150 0.5818
vn 0.9597 0.1107 -0.2584
vn 0.5846 0.4750 0.6577
vn -0.4465 0.8389 0.3112
vn 0.7721 -0.5048 0.3860
vn 0.7874 -0.4897 0.3745
vn 0.8634 -0.0277 0.5037
vn 0.8142 0.3340 0.4749
vn 0.4253 0.3544 0.8328
vn 0.8639 0.4743 -0.1694
vn 0.9659 0.2005 -0.1640
vn 0.8363 0.5282 -0.1467
vn 0.9969 -0.0475 -0.0633
vn 0.5675 0.7890 0.2353
vn -0.9675 0.2419 -0.0744
vn -0.8854 0.4597 -0.0681
vn -0.8747 0.4811 -0.0583
vn -0.5799 0.7417 0.3371
vn -0.7956 -0.5569 -0.2387
vn -0.8015 -0.5465 -0.2429
vn -0.5337 -0.8443 0.0485
vn -0.5105 -0.8586 0.0464
vn -0.8010 -0.3363 0.4953
vn -0.8645 0.0417 0.5008
vn -0.9075 -0.1828 0.3781
vn 0.7175 0.4783 0.5064
vn 0.6033 0.6743 0.4259
vn 0.7165 0.2950 0.6322
vn 0.7275 0.2425 0.6419
vn 0.6669 0.2858 0.6881
vn 0.6557 0.2296 0.7193
vn 0.6879 0.0764 0.7218
vn 0.4387 0.5406 0.7178
vn 0.5214 -0.0172 0.8532
vn -0.2722 0.6804 0.6804
vn -0.0891 -0.4454 0.8909
vn -0.9143 -0.3472 0.2083
vn -0.8898 -0.4329 0.1443
vn 0.0234 -0.2808 0.9595
vn 0.5750 -0.7103 0.4059
vn 0.6470 -0.5964 0.4751
vn -0.8466 0.2162 0.4863
vn -0.8183 0.2493 0.5178
vn -0.5668 -0.6116 0.5519
vn 0.0492 -0.6149 0.7871
vn -0.4900 0.7028 0.5158
vn -0.6505 0.5740 0.4974
vn -0.4507 0.8003 0.3955
vn -0.3197 0.8677 0.3806
vn 0.8208 0.1642 0.5472
vn -0.3714 -0.5571 0.7428
vn 0.6064 0.3445 0.7166
vn 0.7747 -0.0605 0.6294
vn 0.5322 0.3548 0.7687
vn -0.7804 0.3468 0.5203
vn 0.8037 0.4543 0.3844
vn 0.2408 0.8892 0.3890
vn 0.6305 0.1734 0.7566
vn 0.5116 0.6011 0.6139
vn 0.2386 0.6562 0.7159
vn 0.6667 0.3333 0.6667
vn -0.1155 -0.4493 -0.8859
vn -0.9911 0.0261 0.1304
vn -0.7850 0.4437 0.4323
vn 0.4963 0.4467 0.7444
vn -0.6596 0.2078 0.7223
vn -0.6959 0.2553 0.6712
vn -0.6874 0.1375 0.7132
vn -0.6351 0.6351 0.4397
vn -0.4985 0.7754 0.3877
vn 0.8512 -0.2729 0.4483
vn 0.8655 -0.2524 0.4327
vn 0.8950 0.0370 0.4444
vn 0.5621 -0.7762 -0.2855
vn 0.3417 -0.9396 0.0214
vn 0.3880 -0.9054 -0.1725
vn 0.4934 -0.8693 0.0313
vn 0.5881 -0.8086 0.0184
vn 0.7898 -0.4878 -0.3717
vn 0.7682 -0.1793 -0.6146
vn -0.9690 0.1211 -0.2153
vn -0.3519 -0.8797 -0.3199
vn -0.8640 0.3868 -0.3224
vn -0.9691 -0.1666 -0.1817
vn -0.9368 -0.3423 -0.0721
vn -0.9859 -0.0822 -0.1461
vn -0.9358 -0.3524 -0.0122
vn -0.9947 -0.0642 0.0802
vn -0.9640 0.0742 -0.2554
vn -0.7832 -0.2492 -0.5696
vn -0.7682 -0.1793 -0.6146
vn -0.5401 -0.8339 -0.1137
vn -0.3906 -0.9184 0.0633
vn -0.3322 -0.9431 0.0107
vn -0.0000 -0.7071 0.7071
vn 0.1543 -0.6172 0.7715
vn 0.2406 -0.9475 0.2106
vn 0.3048 -0.9143 0.2667
vn 0.3190 -0.9171 0.2392
vn 0.3103 -0.3620 -0.8790
vn 0.5551 0.4934 -0.6696
vn -0.6636 0.4585 0.5912
vn -0.7682 -0.0000 0.6402
vn -0.6679 -0.2721 0.6927
vn -0.6557 -0.3182 0.6847
vn 0.7741 0.4168 0.4764
vn 0.8211 0.2653 0.5053
vn -0.9537 0.2068 0.2183
vn -0.3904 0.4880 0.7807
vn -0.8790 0.3620 0.3103
vn -0.2217 -0.4838 0.8466
vn -0.3487 -0.4650 0.8137
vn 0.1696 -0.7865 -0.5938
vn -0.3282 -0.7194 -0.6121
vn 0.3271 -0.3722 0.8686
vn -0.8396 0.1679 0.5167
vn -0.4094 -0.9119 -0.0279
vn 0.5085 0.6498 0.5650
vn 0.4888 0.6827 0.5431
vn 0.6636 0.4585 0.5912
vn 0.7682 -0.0000 0.6402
vn 0.6679 -0.2721 0.6927
vn 0.6569 -0.3142 0.6854
vn -0.4940 -0.0341 -0.8688
vn -0.7628 0.0073 -0.6466
vn -0.7292 0.2140 -0.6500
vn 0.8402 0.1996 0.5041
vn -0.5111 0.5750 0.6389
vn -0.5964 0.1387 0.7906
vn -0.6883 -0.2753 -0.6711
vn -0.6295 0.1394 0.7644
vn -0.6346 0.0577 0.7706
vn -0.6686 0.1169 0.7344
vn -0.6570 0.1467 0.7395
vn -0.6658 0.0512 0.7444
vn -0.3487 -0.8934 0.2833
vn -0.2884 -0.9284 0.2343
vn 0.2612 -0.2009 0.9442
vn -0.0000 -0.1644 0.9864
vn 0.5440 -0.5848 0.6018
vn -0.7133 0.2761 0.6442
vn -0.7176 0.1852 0.6713
vn -0.6965 0.4138 0.5862
vn -0.6935 0.4199 0.5854
vn -0.7160 0.2685 0.6444
vn 0.0561 -0.7851 0.6168
vn 0.6882 -0.6882 0.2294
vn 0.5797 -0.7730 0.2577
vn -0.0733 -0.5866 0.8066
vn 0.8945 -0.4337 -0.1084
vn 0.9198 -0.3806 -0.0952
vn 0.9894 -0.1329 0.0591
vn 0.9750 -0.2202 0.0315
vn 0.3519 -0.8797 -0.3199
vn 0.8186 0.5009 -0.2810
vn 0.9493 0.0390 -0.3121
vn 0.9400 -0.1044 -0.3249
vn 0.9709 -0.1200 -0.2073
vn 0.9880 0.1411 -0.0627
vn -0.7482 0.1927 -0.6348
vn -0.7471 0.1961 -0.6351
vn -0.9025 0.2650 -0.3395
vn -0.2433 -0.3169 -0.9167
vn -0.5867 -0.5543 0.5903
vn -0.4060 -0.5656 0.7178
vn 0.2468 0.6043 0.7575
vn -0.1968 0.5219 0.8300
vn -0.3190 -0.8772 -0.3589
vn -0.4066 -0.8538 -0.3252
vn -0.8404 0.2541 0.4788
vn 0.2825 -0.3632 -0.8878
vn -0.6780 -0.4006 0.6163
vn -0.6995 -0.3259 0.6359
vn 0.7861 0.3276 0.5241
vn -0.2577 -0.7730 0.5797
vn 0.2577 -0.5797 0.7730
vn 0.5571 -0.7428 -0.3714
vn -0.8025 0.4115 0.4321
vn -0.6838 0.5961 0.4208
vn 0.2560 -0.8961 -0.3627
vn 0.4543 -0.8481 -0.2726
vn -0.6120 -0.3400 0.7140
vn 0.2192 0.1686 0.9610
vn 0.8709 0.0656 0.4870
vn 0.9179 -0.0931 0.3858
vn 0.6758 0.4290 0.5994
vn 0.3662 -0.2685 -0.8910
vn 0.9194 0.2278 -0.3205
vn 0.7175 0.2446 -0.6522
vn 0.7664 0.1393 -0.6271
vn -0.7656 -0.3281 -0.5533
vn -0.7708 -0.2927 -0.5659
vn -0.8742 0.0354 -0.4843
vn -0.4117 -0.8690 -0.2744
vn -0.4613 0.6054 0.6486
vn -0.3285 0.5841 0.7422
vn 0.6582 0.3094 0.6863
vn 0.5483 0.5813 0.6012
vn -0.6597 -0.7483 -0.0689
vn -0.8047 -0.5633 0.1878
vn -0.3015 0.3015 0.9045
vn 0.4719 0.4905 0.7326
vn 0.4477 0.5442 0.7095
vn 0.0345 -0.4144 0.9094
vn -0.8575 -0.0000 0.5145
vn -0.8493 0.1380 0.5096
vn -0.8913 0.0836 0.4456
vn -0.4291 0.5420 0.7226
vn -0.4415 0.5298 0.7241
vn -0.6025 0.6232 0.4986
vn 0.4115 0.6002 0.6859
vn 0.2011 0.6451 0.7372
vn -0.2623 -0.7081 -0.6556
vn 0.2246 -0.7964 -0.5615
vn 0.6284 -0.6887 -0.3616
vn -0.2690 -0.3945 0.8787
vn -0.1321 -0.4256 0.8952
vn -0.4115 0.6002 0.6859
vn 0.3616 0.6887 0.6284
vn 0.6628 -0.4186 0.6209
vn 0.6502 -0.4449 0.6159
vn -0.5622 -0.5037 0.6559
vn 0.2772 0.8662 0.4158
vn -0.0000 -0.2747 0.9615
vn 0.6115 -0.7888 -0.0620
vn -0.4789 0.5267 0.7023
vn -0.5090 0.4957 0.7037
vn -0.1516 0.9094 0.3873
vn -0.6919 0.3545 0.6290
vn 0.5656 0.4641 0.6817
vn 0.1645 0.4450 0.8803
vn 0.1908 0.9781 0.0835
vn 0.3772 0.9215 0.0928
vn -0.4492 0.5899 0.6710
vn 0.7656 -0.3281 -0.5533
vn 0.7802 -0.1412 -0.6093
vn -0.4409 -0.8435 -0.3067
vn -0.9907 0.1043 -0.0869
vn -0.6267 0.6737 -0.3917
vn -0.5187 0.7911 -0.3242
vn -0.1307 -0.9276 0.3500
vn 0.1806 -0.8353 0.5193
vn -0.1564 -0.9229 0.3519
vn -0.6615 -0.6327 -0.4026
vn -0.4038 -0.8732 -0.2729
vn 0.4022 0.4492 0.7978
vn 0.3892 0.5211 0.7596
vn -0.1314 0.5036 0.8539
vn -0.2563 0.4027 0.8787
vn -0.0000 0.4856 0.8742
vn -0.4333 0.2476 0.8666
vn -0.4463 -0.0638 0.8926
vn -0.4851 -0.4851 0.7276
vn -0.0090 -0.4145 0.9100
vn 0.6501 0.4311 0.6258
vn -0.8001 0.1455 0.5819
vn 0.9937 0.0355 -0.1065
vn 0.8307 0.5241 -0.1879
vn -0.0990 -0.6162 -0.7813
vn -0.2091 -0.6162 -0.7593
vn -0.5566 -0.7013 -0.4453
vn -0.5279 -0.0880 0.8447
vn -0.5234 -0.1570 0.8375
vn -0.7845 0.5883 0.1961
vn -0.8148 0.4527 0.3621
vn 0.8419 0.2806 0.4610
vn 0.7586 0.4109 0.5057
vn 0.3632 -0.4794 0.7989
vn -0.2052 -0.5036 0.8393
vn 0.2187 -0.9374 -0.2708
vn 0.6707 -0.7317 0.1219
vn 0.6679 -0.6882 -0.2834
vn -0.8480 0.3180 0.4240
vn -0.8008 0.4158 0.4312
vn -0.7025 -0.6787 0.2143
vn -0.6979 -0.6836 0.2136
vn -0.7846 -0.4708 0.4035
vn 0.5494 -0.1374 0.8242
vn 0.6619 0.4550 0.5957
vn 0.6898 0.3725 0.6208
vn 0.2589 -0.6304 -0.7318
vn 0.3769 -0.6208 -0.6874
vn 0.6459 -0.6577 -0.3876
vn -0.9636 0.2267 -0.1417
vn -0.8307 0.5241 -0.1879
vn 0.1155 -0.5774 0.8083
vn -0.0781 -0.6509 0.7551
vn -0.2357 0.2357 0.9428
vn 0.4822 -0.4255 0.7658
vn 0.2763 0.1745 0.9451
vn 0.3086 0.0370 0.9505
vn -0.3975 0.6791 0.6170
vn -0.5545 0.6621 0.5041
vn 0.3749 0.2726 0.8861
vn 0.1437 0.5031 0.8522
vn -0.0470 0.5454 0.8369
vn 0.2556 0.1278 0.9583
vn 0.1537 0.2306 0.9608
vn 0.7265 0.1839 0.6621
vn 0.7159 0.2028 0.6681
vn 0.1333 0.9333 0.3333
vn 0.6586 0.7515 0.0387
vn 0.9559 -0.2868 -0.0637
vn 0.9872 0.1559 0.0346
vn -0.1702 0.9079 0.3830
vn -0.7264 0.6861 0.0404
vn -0.2635 -0.1976 -0.9442
vn -0.2436 0.9376 0.2482
vn -0.5893 0.8070 0.0384
vn 0.0340 0.4504 0.8922
vn -0.5230 0.4795 0.7047
vn 0.4819 0.3504 0.8031
vn -0.5587 0.0689 0.8265
vn 0.4843 0.3375 0.8072
vn -0.8666 -0.0619 0.4952
vn -0.8812 -0.1562 0.4462
vn 0.6256 -0.5433 0.5598
vn 0.2019 0.2153 0.9555
vn 0.1262 0.0360 0.9914
vn -0.7814 0.4608 0.4208
vn -0.7773 0.4698 0.4185
vn -0.7775 0.4645 0.4241
vn -0.5422 0.2109 0.8133
vn -0.5499 0.2026 0.8103
vn -0.5494 -0.1374 0.8242
vn -0.3208 -0.8019 -0.5041
vn -0.1580 0.5925 0.7900
vn 0.1439 0.5938 0.7917
vn 0.6498 -0.0542 0.7581
vn 0.5031 0.2096 0.8384
vn 0.1737 0.2388 0.9554
vn -0.5837 0.5420 0.6046
vn -0.6804 0.6804 0.2722
vn -0.8378 0.4654 0.2855
vn -0.7358 0.5686 0.3679
vn 0.3615 0.2544 0.8970
vn 0.3585 0.5178 0.7767
vn -0.5819 0.1455 0.8001
vn -0.4956 0.2685 0.8260
vn -0.0705 0.7053 0.7053
vn 0.2624 0.6823 0.6823
vn -0.1488 0.6512 0.7442
vn 0.5391 0.2358 0.8086
vn 0.3329 0.3745 0.8654
vn -0.6465 -0.1560 -0.7468
vn 0.5421 -0.5907 0.5977
vn 0.6614 -0.4314 0.6135
vn 0.8714 0.1215 0.4753
vn 0.8557 0.2236 0.4667
vn -0.0414 0.0967 0.9945
vn -0.6456 -0.4417 0.6230
vn -0.7017 -0.2807 0.6549
vn 0.4527 0.3621 0.8148
vn 0.8645 -0.3042 0.4002
vn 0.8644 -0.2741 0.4216
vn 0.7010 -0.5842 0.4089
vn -0.4444 -0.7778 0.4444
vn 0.2042 0.4805 0.8529
vn -0.4742 0.3880 0.7903
vn 0.5310 0.4425 0.7227
vn 0.5587 0.0689 0.8265
vn -0.4768 0.3757 0.7947
vn 0.9137 0.2992 -0.2749
vn 0.3823 -0.1823 -0.9059
vn 0.3476 -0.8618 0.3694
vn 0.1932 -0.9018 0.3865
vn 0.2953 0.8352 -0.4640
vn 0.9402 -0.3385 0.0376
vn 0.7459 -0.0053 -0.6660
vn 0.7555 -0.2072 -0.6215
vn 0.4996 -0.8141 -0.2960
vn -0.7535 0.0580 -0.6549
vn -0.7809 -0.0000 -0.6247
vn -0.7639 -0.2886 -0.5772
vn -0.6119 0.5641 -0.5545
vn -0.7234 0.3830 -0.5745
vn -0.9142 0.2754 -0.2974
vn -0.5664 0.4842 0.6669
vn -0.2140 0.4890 0.8456
vn -0.1830 0.4804 0.8578
vn 0.1786 -0.6549 0.7343
vn 0.1675 0.2094 0.9634
vn -0.2219 -0.4177 0.8811
vn -0.4919 -0.4238 0.7606
vn 0.1967 0.2038 0.9591
vn 0.1104 -0.0158 0.9938
vn -0.6672 0.3719 0.6454
vn -0.7844 0.2098 0.5837
vn -0.7625 0.0984 0.6395
vn 0.3994 0.3661 0.8405
vn 0.4155 0.3075 0.8560
vn 0.2757 -0.0511 0.9599
vn 0.0613 0.1839 0.9810
vn -0.3463 0.1649 0.9235
vn 0.7830 0.4350 0.4447
vn 0.2287 0.6288 0.7432
vn 0.7170 0.5414 0.4390
vn -0.1037 -0.4979 0.8610
vn -0.6462 -0.5026 0.5744
vn -0.4910 -0.5611 0.6664
vn -0.5145 -0.5145 0.6860
vn -0.6283 -0.5711 0.5283
vn -0.6819 -0.4339 0.5889
vn -0.4596 -0.7660 -0.4494
vn -0.5418 -0.6941 -0.4740
vn 0.0096 -0.8826 -0.4701
vn -0.2073 -0.8574 -0.4711
vn 0.4654 0.4986 0.7313
vn 0.5114 0.3044 0.8036
vn 0.6456 0.1255 0.7532
vn 0.1990 -0.8955 0.3980
vn 0.5547 -0.6656 0.4992
vn -0.7703 -0.4700 -0.4309
vn -0.6443 -0.6014 -0.4725
vn 0.3015 0.9045 0.3015
vn 0.5789 0.7673 0.2760
vn 0.2380 0.9518 0.1933
vn -0.0000 0.9701 0.2425
vn -0.1393 0.9748 0.1741
vn 0.4962 -0.6007 -0.6268
vn 0.5143 0.1928 0.8357
vn 0.4396 0.3517 0.8265
vn -0.0304 0.5379 0.8424
vn -0.2380 0.9518 0.1933
vn -0.3271 0.9294 0.1710
vn 0.1393 0.9748 0.1741
vn -0.7600 -0.5130 0.3990
vn 0.4927 0.1390 0.8590
vn -0.5034 0.3476 0.7911
vn -0.5729 0.2268 0.7877
vn 0.5942 -0.7254 0.3473
vn 0.3492 -0.8363 0.4227
vn -0.1169 -0.4508 -0.8849
vn -0.3028 -0.4434 -0.8436
vn 0.0593 -0.2727 0.9603
vn -0.0815 0.1902 0.9783
vn -0.1681 0.0480 0.9846
vn -0.0606 0.3637 0.9295
vn -0.1644 0.2082 0.9642
vn -0.1457 -0.0784 0.9862
vn -0.0808 -0.6460 0.7591
vn -0.1794 -0.6473 0.7409
vn -0.1937 -0.3487 0.9170
vn 0.9276 0.2347 -0.2906
vn 0.5674 0.4605 0.6826
vn 0.6000 0.5200 -0.6080
vn 0.6752 0.4092 -0.6138
vn -0.6342 -0.6964 0.3358
vn -0.5720 -0.7471 0.3385
vn -0.2595 -0.7692 0.5839
vn -0.9465 0.1271 -0.2967
vn -0.8764 0.4802 0.0360
vn -0.9028 0.3303 -0.2753
vn -0.8562 -0.3284 -0.3988
vn -0.6730 0.1911 0.7145
vn 0.4874 -0.7581 0.4332
vn 0.2836 -0.9341 0.2168
vn -0.1352 0.2930 0.9465
vn 0.4504 -0.3352 0.8275
vn -0.1995 -0.2494 0.9476
vn -0.8306 0.1661 0.5316
vn -0.7206 0.3740 0.5838
vn -0.7876 0.4560 0.4145
vn -0.7524 0.3023 0.5852
vn -0.7636 -0.5401 -0.3539
vn -0.8290 -0.4246 -0.3640
vn -0.4528 0.7395 0.4981
vn -0.2800 0.8533 0.4400
vn -0.4191 -0.0000 0.9080
vn -0.4071 -0.2375 0.8820
vn -0.2838 -0.1576 0.9459
vn -0.2873 -0.0000 0.9578
vn -0.1905 0.2381 0.9524
vn 0.1765 0.1618 0.9709
vn -0.1961 -0.0000 0.9806
vn 0.0905 -0.0000 0.9959
vn -0.3838 -0.8004 0.4605
vn 0.4860 0.2638 0.8332
vn 0.4913 0.2222 0.8422
vn 0.0891 0.1782 0.9800
vn -0.5309 0.2055 0.8221
vn -0.3941 0.4729 0.7881
vn 0.1741 0.9748 -0.1393
vn -0.3253 0.5639 0.7591
vn -0.2149 0.6231 0.7520
vn 0.0312 0.5711 0.8203
vn -0.5209 -0.4735 -0.7103
vn 0.5911 0.3941 0.7037
vn 0.4685 0.6760 0.5689
vn 0.2711 -0.8132 0.5150
vn 0.3919 -0.7262 0.5648
vn -0.4810 0.2978 0.8246
vn -0.5232 0.2242 0.8222
vn 0.4191 -0.0000 0.9080
vn 0.2724 -0.3179 0.9082
vn -0.0891 0.1782 0.9800
vn -0.0905 -0.0000 0.9959
vn -0.1894 0.2604 0.9468
vn 0.1935 -0.1613 0.9677
vn 0.1915 0.2154 0.9576
vn 0.2873 -0.0000 0.9578
vn 0.4635 -0.6351 0.6179
vn 0.4649 -0.6339 0.6181
vn 0.4644 0.6137 0.6385
vn 0.5090 0.5011 0.6999
vn -0.5684 -0.1764 -0.8036
vn -0.6882 0.4129 -0.5965
vn -0.7289 0.2144 -0.6502
vn -0.5429 0.4336 0.7192
vn -0.7479 0.4465 0.4912
vn -0.5094 0.5789 0.6367
vn -0.6915 0.5459 0.4731
vn -0.0797 0.5050 0.8594
vn 0.3458 0.1729 0.9222
vn 0.3295 0.0706 0.9415
vn 0.3487 -0.4650 0.8137
vn 0.4780 -0.4480 0.7555
vn 0.0545 -0.1853 0.9812
vn -0.0526 0.1789 0.9825
vn -0.0313 -0.7280 0.6849
vn -0.3811 0.0346 0.9239
vn 0.0466 -0.7386 0.6725
vn 0.9397 0.0829 -0.3317
vn 0.8747 0.4831 0.0392
vn 0.9093 0.3386 -0.2418
vn 0.6697 -0.6497 0.3598
vn 0.6759 -0.6432 0.3598
vn 0.7667 -0.6356 -0.0908
vn -0.9746 -0.0812 0.2088
vn -0.7986 -0.5885 -0.1261
vn -0.7748 -0.6258 -0.0894
vn -0.6013 -0.7719 0.2064
vn -0.6059 -0.1658 0.7781
vn -0.6271 0.1393 0.7664
vn 0.4123 0.2532 0.8752
vn -0.3572 0.1984 0.9127
vn -0.6155 -0.4924 0.6155
vn -0.6071 -0.4979 0.6193
vn -0.7061 -0.0543 0.7061
vn 0.5301 -0.5494 0.6458
vn 0.6620 -0.3731 0.6500
vn 0.6007 -0.1620 0.7829
vn -0.5541 -0.8312 -0.0462
vn -0.5907 -0.8066 -0.0227
vn -0.3449 0.1868 0.9198
vn -0.2811 0.2610 0.9235
vn -0.0940 -0.0835 0.9921
vn 0.3091 -0.4402 -0.8430
vn -0.2780 -0.5182 -0.8088
vn -0.4682 0.7095 0.5267
vn -0.5106 0.6777 0.5292
vn -0.5059 -0.7829 0.3621
vn -0.3487 -0.8137 0.4650
vn -0.3937 -0.7546 0.5249
vn -0.5618 -0.3511 0.7491
vn -0.2821 -0.7759 0.5643
vn -0.4741 -0.0000 0.8805
vn -0.4669 0.1734 0.8671
vn 0.2683 -0.8944 -0.3578
vn 0.2322 -0.9031 -0.3612
vn -0.2457 -0.8355 0.4915
vn -0.3482 -0.8025 0.4845
vn -0.2199 -0.8613 0.4581
vn -0.2134 -0.8866 0.4104
vn -0.2882 -0.8646 0.4117
vn 0.7518 -0.0699 0.6557
vn 0.6931 -0.5579 0.4564
vn 0.6015 -0.7002 0.3846
vn 0.5140 -0.7476 0.4205
vn 0.3627 0.6942 0.6217
vn 0.3911 0.6305 0.6704
vn 0.4741 -0.0000 0.8805
vn 0.4669 0.1734 0.8671
vn -0.0000 0.1961 0.9806
vn 0.2178 -0.8138 -0.5387
vn 0.4435 -0.7392 -0.5069
vn 0.3170 -0.7926 -0.5208
vn 0.6181 -0.6181 -0.4857
vn 0.7579 0.3498 0.5506
vn 0.7749 0.2670 0.5730
vn -0.8428 0.5175 -0.1479
vn -0.7898 0.5897 -0.1685
vn 0.7212 0.4327 0.5409
vn 0.6915 0.5029 0.5186
vn 0.8944 -0.0000 0.4472
vn 0.8592 0.1302 0.4947
vn 0.8774 0.0319 0.4786
vn 0.2197 -0.1318 0.9666
vn 0.2949 0.0520 0.9541
vn -0.3276 -0.1927 0.9250
vn -0.4021 -0.0773 0.9123
vn -0.1876 0.1126 0.9758
vn 0.2340 0.3510 0.9067
vn -0.0685 0.2741 0.9593
vn -0.1726 0.1151 0.9782
vn 0.6029 -0.5225 0.6029
vn 0.5974 -0.5261 0.6053
vn 0.5971 -0.2137 0.7731
vn -0.3810 0.2540 0.8890
vn 0.7030 -0.1081 0.7030
vn -0.1474 0.8847 0.4423
vn 0.1420 0.9369 0.3194
vn 0.9693 -0.2107 0.1264
vn 0.9828 -0.1585 0.0951
vn -0.9737 0.0749 0.2153
vn -0.9672 -0.0280 0.2523
vn -0.9037 -0.3898 0.1772
vn -0.9614 0.1068 0.2537
vn 0.2715 0.8430 0.4644
vn -0.2321 0.9284 0.2901
vn 0.0787 -0.8130 0.5770
vn 0.1543 -0.7715 0.6172
vn 0.2419 -0.6512 0.7194
vn 0.3355 0.4287 0.8388
vn 0.0302 0.4829 0.8752
vn 0.3511 0.3260 0.8777
vn -0.1474 0.4423 0.8847
vn 0.4706 0.4842 0.7376
vn -0.2425 -0.2978 0.9233
vn 0.5068 0.0646 0.8596
vn 0.3559 0.4726 0.8062
vn -0.0660 -0.3756 0.9244
vn -0.0712 -0.0055 0.9974
vn -0.0000 0.3590 0.9333
vn -0.0805 0.3578 0.9303
vn 0.0974 0.3897 0.9158
vn 0.4076 -0.0599 0.9112
vn 0.3339 -0.1629 0.9284
vn 0.1571 0.1397 0.9777
vn 0.1228 0.1404 0.9825
vn -0.1889 0.5504 0.8133
vn -0.3279 0.4346 0.8388
vn 0.1564 0.5769 0.8017
vn -0.2047 -0.2534 0.9455
vn -0.2306 -0.0923 0.9687
vn 0.8594 0.5047 -0.0818
vn -0.7645 0.2488 0.5946
vn 0.6377 0.7440 -0.1993
vn 0.7328 -0.2617 -0.6281
vn 0.2172 -0.4241 -0.8792
vn -0.9930 0.0231 -0.1155
vn -0.9927 0.0382 -0.1145
vn -0.5656 -0.7001 0.4358
vn -0.7101 -0.5144 0.4808
vn -0.6803 -0.6437 0.3506
vn -0.6396 0.4264 0.6396
vn -0.6608 0.3558 0.6608
vn -0.4506 0.8368 0.3111
vn -0.5241 -0.0000 0.8517
vn -0.5042 0.2731 0.8193
vn 0.5455 0.1818 0.8182
vn 0.5070 0.4056 0.7605
vn -0.0000 0.3714 0.9285
vn -0.0752 0.1956 0.9778
vn -0.4879 0.2079 0.8478
vn -0.8540 -0.4078 -0.3231
vn 0.3180 -0.8480 0.4240
vn 0.4579 -0.7414 0.4906
vn 0.2975 0.7042 0.6447
vn -0.4601 0.4075 0.7888
vn 0.0716 0.3581 0.9309
vn 0.2836 -0.7038 0.6513
vn 0.2932 -0.7010 0.6501
vn 0.0617 0.8725 0.4847
vn 0.5241 -0.0000 0.8517
vn 0.5042 0.2731 0.8193
vn 0.0728 0.3154 0.9462
vn 0.5429 -0.5904 0.5972
vn 0.6013 -0.5262 0.6013
vn 0.9066 -0.3101 -0.2863
vn 0.7854 -0.4966 -0.3696
vn 0.1910 -0.3911 0.9003
vn 0.3083 -0.1214 0.9435
vn 0.5102 -0.8586 0.0498
vn -0.7268 -0.3165 0.6096
vn 0.7372 -0.5945 0.3210
vn 0.5766 -0.7414 0.3432
vn 0.8405 0.4959 0.2185
vn -0.3450 0.4169 0.8409
vn 0.9206 0.1938 0.3392
vn -0.1410 0.3383 0.9304
vn -0.0090 -0.9674 -0.2531
vn 0.4819 -0.1797 -0.8576
vn 0.9513 0.1422 -0.2734
vn 0.5894 0.1123 -0.8000
vn 0.2062 -0.9349 0.2887
vn 0.2589 -0.9364 0.2369
vn 0.0444 -0.7992 0.5994
vn 0.9569 0.1367 0.2563
vn 0.9037 -0.3898 0.1772
vn 0.9427 0.0773 0.3245
vn 0.9433 0.0943 0.3184
vn -0.8493 0.0293 -0.5271
vn -0.8218 0.3161 -0.4741
vn -0.8413 -0.3653 0.3985
vn -0.6867 -0.5801 0.4381
vn -0.8452 -0.3401 0.4123
vn -0.4590 -0.8787 0.1311
vn -0.2289 -0.9156 0.3306
vn -0.4067 -0.8522 0.3292
vn -0.1264 -0.8186 0.5604
vn -0.4875 -0.2070 -0.8482
vn -0.9548 0.1245 -0.2698
vn -0.6251 0.1322 -0.7693
vn -0.6111 0.5032 0.6111
vn -0.2428 0.4531 0.8577
vn -0.7553 -0.4196 0.5035
vn -0.7581 -0.3790 0.5307
vn -0.6097 -0.7317 -0.3049
vn -0.7223 -0.6798 -0.1275
vn 0.5970 0.6965 -0.3980
vn 0.7112 0.6322 -0.3073
vn 0.8925 0.3060 -0.3315
vn 0.7056 0.6484 -0.2860
vn -0.8685 0.4892 0.0799
vn -0.6199 0.7536 0.2188
vn -0.8617 0.5010 0.0802
vn -0.2070 0.9259 0.3159
vn -0.0909 0.9219 0.3766
vn -0.6082 0.7603 0.2281
vn -0.4872 0.5172 0.7037
vn -0.5576 0.2013 0.8054
vn 0.5325 -0.8260 -0.1848
vn 0.5578 -0.8104 -0.1789
vn 0.5376 0.3285 0.7766
vn -0.0728 0.3154 0.9462
vn 0.5490 0.2643 0.7930
vn -0.5374 -0.7255 0.4299
vn -0.2923 -0.8403 0.4567
vn 0.3796 -0.3558 0.8540
vn 0.5959 -0.4256 0.6810
vn 0.2144 -0.7351 0.6432
vn -0.2364 -0.8569 0.4580
vn 0.3951 -0.6914 0.6049
vn -0.0480 0.0839 0.9953
vn -0.3330 -0.9066 0.2590
vn 0.6678 -0.6996 -0.2544
vn 0.8801 -0.3912 -0.2689
vn 0.5908 0.3702 0.7168
vn 0.7617 -0.0871 0.6420
vn 0.3048 0.5283 0.7925
vn -0.6882 -0.4129 0.5965
vn -0.6276 -0.5099 0.5883
vn -0.1587 0.5454 0.8230
vn -0.4216 0.5270 0.7379
vn -0.0118 -0.8823 -0.4706
vn -0.0098 -0.8823 -0.4706
vn 0.5576 0.2013 0.8054
vn 0.4872 0.5172 0.7037
vn 0.0744 0.2419 0.9675
vn 0.8704 -0.3482 -0.3482
vn -0.1562 -0.9370 -0.3123
vn 0.6813 -0.3728 0.6299
vn 0.5082 -0.5274 0.6808
vn 0.7223 -0.6798 -0.1275
vn 0.7729 -0.6342 -0.0198
vn -0.4160 0.5212 0.7452
vn 0.3724 -0.3259 0.8690
vn -0.4490 0.0290 0.8931
vn 0.1267 -0.4436 0.8872
vn 0.1292 0.4062 0.9046
vn -0.5631 -0.4900 0.6655
vn -0.4673 -0.6904 0.5523
vn -0.4532 0.5971 0.6619
vn 0.2211 0.4270 0.8768
vn 0.6196 0.4819 0.6196
vn 0.0851 0.3405 0.9364
vn 0.7852 -0.4463 -0.4293
vn 0.4691 -0.7869 -0.4010
vn 0.5984 -0.6350 -0.4885
vn 0.8498 0.0567 -0.5240
vn 0.8616 0.0096 -0.5074
vn 0.8218 0.3161 -0.4741
vn -0.9477 -0.3057 0.0917
vn -0.8846 -0.4624 0.0603
vn 0.5882 0.6649 0.4603
vn 0.1562 0.9370 0.3123
vn -0.0521 -0.8770 0.4776
vn 0.2501 -0.7681 0.5895
vn 0.3688 -0.9294 0.0148
vn -0.1305 -0.9283 -0.3481
vn 0.1844 -0.5886 0.7871
vn 0.3213 -0.3630 0.8747
vn -0.6487 -0.1721 0.7413
vn -0.6312 -0.1154 0.7670
vn -0.6583 0.0269 0.7523
vn -0.3066 -0.5307 -0.7902
vn -0.5312 -0.4814 0.6972
vn -0.5256 0.0751 0.8474
vn -0.6500 -0.3541 0.6724
vn -0.7244 0.2462 0.6439
vn -0.7723 0.2069 0.6007
vn -0.4672 -0.2509 0.8478
vn -0.6505 -0.4974 0.5740
vn -0.6285 -0.5571 0.5428
vn -0.2320 -0.9570 0.1740
vn -0.3439 -0.9029 0.2580
vn 0.1449 -0.9367 0.3187
vn 0.3579 -0.8352 0.4176
vn 0.2399 0.9083 0.3427
vn -0.0139 0.8741 0.4856
vn 0.4934 -0.5164 -0.6999
vn -0.6958 0.5845 0.4175
vn -0.5590 0.6747 0.4819
vn 0.6099 -0.0477 0.7910
vn 0.6368 -0.1128 0.7628
vn 0.6132 -0.0104 0.7899
vn 0.2036 0.4581 0.8653
vn -0.1332 0.5745 0.8076
vn -0.2180 0.4724 0.8540
vn 0.6086 0.0609 0.7912
vn 0.3936 0.2725 0.8780
vn 0.6472 -0.0381 0.7614
vn 0.6039 -0.2707 0.7497
vn 0.3015 0.3015 0.9045
vn -0.2822 -0.0000 0.9594
vn -0.2959 -0.5326 0.7930
vn -0.2075 -0.5370 0.8177
vn -0.4334 -0.9009 0.0228
vn -0.4635 0.7448 0.4800
vn -0.0886 0.9308 0.3546
vn 0.7155 -0.5367 0.4472
vn 0.7008 -0.5558 0.4471
vn 0.9477 -0.3057 0.0917
vn 0.8846 -0.4624 0.0603
vn -0.9868 0.1265 -0.1012
vn -0.8364 0.5338 -0.1246
vn -0.7775 0.6047 0.1728
vn -0.5565 0.7116 -0.4288
vn -0.5204 0.7480 -0.4120
vn -0.2780 0.9405 0.1952
vn -0.2195 0.9527 0.2102
vn 0.3948 -0.0161 0.9186
vn 0.3521 0.3286 0.8764
vn 0.4072 0.1164 0.9059
vn 0.4173 0.0464 0.9076
vn 0.4909 -0.7471 0.4482
vn -0.6529 0.0612 0.7549
vn -0.6603 -0.1821 0.7286
vn -0.4573 -0.2724 0.8465
vn -0.5143 0.1469 0.8449
vn -0.5731 -0.0905 0.8145
vn 0.7184 0.5460 0.4310
vn 0.1666 0.5555 0.8147
vn 0.4533 0.7293 0.5125
vn -0.8110 0.3628 0.4589
vn -0.7825 0.4719 0.4062
vn -0.7863 0.0874 0.6116
vn -0.7407 0.1337 0.6584
vn -0.5900 -0.4625 0.6618
vn -0.1871 0.7951 0.5769
vn -0.2555 0.7898 0.5575
vn 0.5917 -0.8047 0.0473
vn 0.8898 -0.4237 0.1695
vn 0.5608 0.3925 0.7290
vn -0.1373 0.2402 0.9610
vn 0.5345 0.4811 0.6949
vn -0.0692 0.4323 0.8991
vn -0.9945 -0.0803 -0.0679
vn -0.9981 0.0240 -0.0559
vn -0.0806 -0.9670 0.2417
vn 0.2901 -0.9284 0.2321
vn 0.1728 0.2592 0.9503
vn -0.4332 0.4874 0.7581
vn 0.1285 0.4176 0.8995
vn 0.5343 -0.4551 0.7123
vn -0.3467 -0.4809 -0.8053
vn -0.7109 -0.3304 -0.6208
vn 0.9737 0.2247 0.0375
vn 0.9850 -0.1268 -0.1170
vn 0.7849 0.2408 0.5709
vn 0.7781 0.2728 0.5659
vn 0.5833 -0.4149 0.6983
vn 0.5927 -0.0423 0.8043
vn 0.6976 0.3046 0.6485
vn 0.6537 0.4263 0.6253
vn 0.0782 -0.5902 0.8035
vn 0.9821 0.1786 -0.0595
vn 0.6778 -0.7305 0.0828
vn 0.4657 -0.8538 0.2328
vn -0.7001 0.1400 -0.7001
vn 0.3930 0.8038 -0.4466
vn 0.5149 0.6988 -0.4965
vn 0.9959 -0.0233 -0.0874
vn 0.7313 0.6389 0.2386
vn 0.8773 0.4584 -0.1423
vn -0.4491 -0.8340 -0.3208
vn -0.9370 0.3123 -0.1562
vn -0.8730 -0.4656 -0.1455
vn -0.8645 -0.3396 -0.3705
vn -0.9562 -0.1434 -0.2550
vn 0.7663 0.2554 0.5895
vn 0.6465 0.5118 0.5657
vn -0.2634 -0.9033 -0.3387
vn 0.2049 0.6660 0.7172
vn 0.1042 0.6901 0.7162
vn 0.2584 0.3392 0.9045
vn 0.6524 -0.0499 0.7563
vn 0.3761 -0.4000 0.8358
vn 0.7100 0.1170 0.6944
vn 0.6585 -0.0000 0.7526
vn -0.1423 0.4483 0.8825
vn -0.2967 0.4888 0.8204
vn 0.3880 0.2759 0.8794
vn 0.4164 0.1638 0.8943
vn 0.3807 -0.0000 0.9247
vn 0.3118 -0.2304 0.9218
vn 0.3696 0.0528 0.9277
vn 0.6699 -0.1963 0.7161
vn 0.6436 0.0402 0.7643
vn -0.7001 0.1400 0.7001
vn -0.7044 -0.0880 0.7044
vn -0.7887 0.0409 0.6134
vn 0.2168 -0.4191 -0.8817
vn -0.2771 0.7850 0.5541
vn -0.3202 0.7533 0.5744
vn 0.6826 -0.6678 0.2968
vn 0.8204 -0.2480 0.5152
vn 0.8540 -0.4115 0.3183
vn -0.3680 0.4784 0.7973
vn -0.6229 -0.7103 -0.3278
vn 0.2653 0.4312 0.8624
vn 0.1363 0.4430 0.8861
vn -0.6314 0.5121 0.5823
vn 0.3129 -0.6045 0.7325
vn 0.6247 0.2186 0.7496
vn 0.1623 -0.6058 0.7789
vn -0.0412 0.7416 0.6695
vn -0.3698 0.5997 0.7096
vn -0.4535 -0.8422 -0.2915
vn -0.4312 -0.8532 -0.2936
vn 0.5417 0.5868 0.6019
vn 0.5988 0.4458 0.6654
vn 0.5064 -0.2727 0.8180
vn 0.5543 -0.0396 0.8314
vn 0.5536 -0.0615 0.8305
vn 0.5812 -0.0000 0.8137
vn 0.6096 -0.2709 0.7450
vn 0.3641 -0.0405 0.9305
vn -0.6700 -0.2939 0.6817
vn -0.6498 0.0542 0.7581
vn -0.7741 0.4764 0.4168
vn -0.3733 0.0467 0.9265
vn -0.4029 -0.1985 0.8934
vn 0.0081 0.4918 0.8707
vn 0.0827 0.5042 0.8596
vn -0.3405 0.2639 0.9024
vn -0.4436 0.0624 0.8941
vn -0.3762 0.0418 0.9256
vn -0.2690 0.3964 0.8778
vn -0.3994 0.2810 0.8727
vn 0.9252 0.2011 0.3218
vn -0.4135 0.0919 0.9058
vn -0.5903 0.0454 0.8059
vn -0.4723 -0.2598 0.8423
vn -0.1975 -0.3501 0.9157
vn -0.6438 0.4032 0.6503
vn -0.5803 0.5035 0.6401
vn 0.9407 -0.0294 -0.3381
vn 0.6909 -0.4252 -0.5846
vn 0.9976 0.0651 -0.0217
vn 0.3156 0.9468 -0.0631
vn -0.3101 0.6497 0.6940
vn 0.2178 0.8440 0.4901
vn 0.7867 0.6016 0.1388
vn 0.8550 -0.4987 -0.1425
vn 0.8730 -0.4656 -0.1455
vn -0.2971 0.8372 0.4591
vn -0.7986 0.5885 0.1261
vn -0.7858 -0.2829 0.5500
vn -0.9843 0.1712 -0.0428
vn -0.6556 0.3746 0.6556
vn -0.9967 -0.0782 0.0195
vn -0.7672 -0.4964 -0.4062
vn -0.8393 -0.4077 -0.3597
vn -0.5974 -0.7061 -0.3802
vn 0.7504 0.1687 0.6391
vn 0.7097 0.0552 0.7023
vn -0.6906 -0.4468 0.5687
vn -0.6639 -0.5409 0.5164
vn -0.3312 0.2615 0.9066
vn -0.2223 0.4001 0.8891
vn 0.0682 0.4384 0.8962
vn -0.4856 -0.2708 0.8312
vn -0.7584 0.4230 0.4959
vn -0.7358 0.4949 0.4623
vn -0.5908 -0.3590 0.7226
vn -0.5981 -0.2676 0.7555
vn -0.5571 0.3714 0.7428
vn -0.2410 -0.4016 0.8835
vn -0.1180 0.5508 0.8262
vn -0.2413 -0.7601 -0.6033
vn 0.2327 -0.7794 -0.5817
vn -0.0487 0.7302 0.6815
vn 0.7470 -0.5410 0.3864
vn 0.9026 -0.2546 0.3472
vn 0.7362 -0.1004 0.6693
vn -0.8326 -0.2871 0.4737
vn -0.3676 0.3836 0.8472
vn 0.2064 0.7122 0.6709
vn 0.3049 -0.6860 0.6606
vn 0.3618 -0.6461 0.6720
vn 0.5812 -0.4801 0.6570
vn 0.6006 -0.4504 0.6606
vn 0.5990 -0.4126 0.6863
vn 0.7155 0.6542 0.2453
vn -0.8052 0.5905 -0.0537
vn -0.4947 0.7145 0.4947
vn 0.4432 -0.5866 -0.6778
vn -0.2369 -0.5923 -0.7701
vn 0.5420 -0.3613 0.7588
vn 0.5889 -0.3229 0.7409
vn -0.5430 0.1086 0.8327
vn -0.2361 0.5115 0.8262
vn -0.5501 -0.3570 0.7549
vn -0.5419 -0.4018 0.7382
vn -0.6250 -0.7416 0.2437
vn -0.4287 -0.9033 0.0153
vn 0.1964 0.5597 0.8051
vn -0.5876 0.1780 0.7893
vn -0.5128 0.3318 0.7918
vn -0.9288 -0.2747 -0.2486
vn -0.9481 -0.1422 -0.2844
vn -0.8785 -0.4730 -0.0676
vn -0.8471 0.4164 -0.3302
vn -0.7570 0.5948 -0.2704
vn -0.9654 0.2457 0.0878
vn -0.9949 -0.0452 0.0904
vn -0.2133 -0.7129 0.6680
vn -0.4499 -0.5565 0.6985
vn -0.0802 -0.6756 0.7329
vn -0.4633 -0.4953 0.7349
vn 0.8229 0.0914 0.5608
vn 0.7647 0.3296 0.5537
vn 0.7851 0.2977 0.5432
vn 0.7532 0.1347 0.6438
vn 0.8244 0.1031 0.5565
vn 0.2822 -0.5840 0.7612
vn 0.4800 -0.8677 0.1292
vn 0.3843 -0.9224 0.0384
vn 0.5802 -0.3895 0.7153
vn 0.5730 -0.4217 0.7028
vn -0.6577 -0.1827 0.7308
vn -0.2334 0.2723 0.9335
vn -0.3297 -0.4730 -0.8170
vn -0.4013 -0.4414 -0.8026
vn 0.7161 0.6905 0.1023
vn -0.6615 -0.4347 0.6111
vn -0.6903 -0.3733 0.6198
vn -0.5744 0.5026 0.6462
vn -0.6155 0.4924 0.6155
vn 0.9307 0.2888 -0.2246
vn 0.4401 0.5776 0.6876
vn 0.8544 0.5126 -0.0854
vn 0.9923 -0.0000 -0.1240
vn -0.3719 0.7211 0.5845
vn 0.4224 0.3285 0.8448
vn -0.0928 0.5875 0.8039
vn 0.4436 0.1267 0.8872
vn -0.2933 -0.7857 0.5447
vn -0.2554 -0.7928 0.5534
vn -0.4117 -0.4958 0.7647
vn -0.8845 0.3717 0.2820
vn -0.5668 0.6235 0.5385
vn -0.9084 0.3192 0.2701
vn 0.5083 -0.5474 -0.6648
vn 0.4100 0.6736 0.6150
vn 0.4411 0.6064 0.6616
vn 0.3011 0.6955 0.6524
vn 0.1504 0.9023 0.4041
vn 0.3081 0.8859 0.3467
vn 0.5315 0.7634 0.3672
vn 0.4785 -0.6152 0.6266
vn 0.4851 -0.4851 0.7276
vn 0.1474 0.4423 0.8847
vn -0.4286 0.2857 0.8571
vn -0.4878 0.1829 0.8536
vn -0.1105 0.3959 0.9116
vn -0.6692 0.1476 0.7283
vn -0.6130 -0.0739 0.7866
vn -0.2494 -0.6008 0.7595
vn -0.2473 -0.2102 0.9459
vn -0.6956 0.1391 0.7049
vn -0.6856 0.0914 0.7222
vn -0.6907 0.1712 0.7025
vn -0.6910 0.1536 0.7064
vn -0.6863 0.2574 0.6802
vn -0.6537 0.3333 0.6794
vn -0.6903 0.1726 0.7026
vn 0.6184 0.3192 0.7181
vn 0.4278 0.3132 0.8479
vn -0.3313 -0.8835 0.3313
vn 0.0493 -0.8867 0.4598
vn -0.1878 0.9076 -0.3756
vn -0.1424 -0.6052 0.7832
vn 0.2864 -0.6720 0.6830
vn 0.4213 -0.5793 0.6978
vn 0.0466 -0.6003 0.7984
vn 0.7640 -0.3081 0.5669
vn 0.7446 -0.3384 0.5754
vn 0.9727 0.2107 0.0973
vn 0.9938 -0.0497 0.0994
vn 0.9126 -0.3549 -0.2028
vn 0.9588 -0.0899 -0.2696
vn 0.8683 -0.4911 -0.0702
vn 0.8339 0.3533 -0.4240
vn 0.7441 0.5690 -0.3502
vn -0.8397 -0.0600 0.5398
vn -0.7842 -0.2715 0.5580
vn -0.2337 0.5258 0.8179
vn 0.3056 0.3493 0.8858
vn -0.7431 -0.6399 0.1961
vn -0.7726 -0.3219 0.5472
vn -0.6024 0.4769 0.6401
vn -0.6097 -0.0000 0.7926
vn -0.7659 0.2006 0.6109
vn 0.5962 -0.4995 -0.6285
vn 0.7923 -0.4011 -0.4597
vn -0.5129 -0.5984 0.6155
vn -0.5807 -0.4210 0.6968
vn -0.4679 0.4902 0.7353
vn -0.4931 0.3956 0.7749
vn -0.0611 0.5135 0.8559
vn -0.0396 0.5543 0.8314
vn 0.0593 0.5537 0.8306
vn 0.1886 0.5447 0.8171
vn 0.0367 0.5141 0.8569
vn -0.6036 -0.7972 -0.0114
vn -0.7654 -0.6379 0.0850
vn -0.8890 -0.4572 0.0254
vn -0.8681 -0.1669 0.4674
vn 0.4679 0.4902 0.7353
vn 0.1180 0.5508 0.8262
vn 0.6193 0.4086 0.6704
vn 0.6577 0.2923 0.6942
vn 0.4810 0.4440 0.7559
vn 0.6155 0.4924 0.6155
vn 0.8074 0.1305 0.5753
vn 0.7931 0.2534 0.5538
vn 0.7083 -0.1292 0.6940
vn 0.7526 -0.5890 0.2945
vn 0.7307 -0.2753 0.6248
vn 0.6612 0.2684 0.7005
vn 0.6745 0.0613 0.7358
vn 0.6792 0.2429 0.6926
vn 0.4974 -0.0553 0.8658
vn -0.0475 0.4276 0.9027
vn 0.2859 0.8827 0.3730
vn -0.9245 -0.1156 -0.3632
vn -0.9117 -0.2630 -0.3156
vn -0.5869 -0.7742 0.2372
vn 0.5039 0.8011 -0.3230
vn -0.4072 -0.7818 0.4723
vn -0.3015 0.9533 -0.0195
vn -0.1395 0.9897 0.0332
vn -0.8443 0.0938 0.5277
vn -0.8456 -0.0755 0.5285
vn -0.7682 -0.5121 0.3841
vn -0.3089 0.8434 0.4395
vn 0.0537 0.8052 0.5905
vn -0.0000 0.8000 0.6000
vn -0.9971 -0.0767 -0.0000
vn -0.9285 -0.3714 -0.0000
vn -0.3638 0.3717 0.8541
vn -0.6151 0.3672 0.6977
vn -0.6157 0.1319 0.7769
vn 0.1622 -0.9733 0.1622
vn 0.3139 0.0349 0.9488
vn 0.2724 0.3654 0.8901
vn 0.1098 0.4390 0.8918
vn 0.2331 0.3652 0.9013
vn 0.5196 -0.3042 0.7984
vn 0.5236 -0.1896 0.8306
vn 0.8451 0.3956 -0.3596
vn 0.0384 -0.0384 0.9985
vn -0.8448 -0.3285 -0.4224
vn -0.8287 -0.3522 -0.4351
vn -0.9886 -0.0923 -0.1186
vn 0.5623 0.4016 0.7229
vn -0.1239 0.4819 0.8674
vn 0.3459 0.8018 0.4874
vn -0.0593 0.5537 0.8306
vn -0.2039 0.5037 0.8395
vn -0.0504 0.7062 0.7062
vn 0.6721 -0.0403 0.7393
vn 0.5850 0.3705 0.7215
vn 0.8753 -0.2325 -0.4240
vn 0.8340 -0.3207 -0.4491
vn 0.9247 -0.2760 -0.2622
vn 0.8765 -0.3616 -0.3177
vn 0.9966 -0.0738 0.0369
vn -0.4880 -0.3904 0.7807
vn -0.4803 -0.2260 0.8475
vn 0.0380 0.5322 0.8458
vn 0.1896 0.5562 0.8091
vn -0.6888 -0.5661 0.4529
vn -0.6659 -0.6267 0.4048
vn 0.3717 0.2820 0.8845
vn 0.4232 0.2930 0.8573
vn -0.5892 0.2837 0.7565
vn 0.9978 0.0665 -0.0000
vn 0.6197 0.2851 0.7312
vn 0.9487 -0.3162 -0.0000
vn -0.0411 0.8355 0.5479
vn 0.1292 0.9907 -0.0431
vn 0.8473 0.0397 0.5296
vn 0.7707 -0.1250 0.6249
vn 0.8909 0.0891 0.4454
vn 0.7682 -0.5121 0.3841
vn 0.8480 -0.0000 0.5300
vn 0.7463 -0.6559 0.1131
vn 0.9272 -0.1091 -0.3584
vn 0.9206 -0.2381 -0.3095
vn -0.1081 -0.7137 0.6921
vn 0.5730 -0.7028 0.4217
vn 0.5872 -0.6735 0.4490
vn -0.6827 -0.1613 0.7127
vn -0.6657 0.1055 0.7387
vn -0.6970 -0.4722 -0.5396
vn -0.8247 -0.3724 -0.4256
vn 0.4924 0.6155 0.6155
vn 0.0201 0.5218 0.8529
vn -0.6000 -0.0000 0.8000
vn -0.5609 -0.3552 0.7478
vn 0.4252 0.6909 0.5846
vn 0.3663 0.7021 0.6106
vn 0.1306 0.6529 0.7461
vn -0.5979 -0.2610 0.7579
vn -0.6045 -0.2403 0.7595
vn -0.6856 0.2449 0.6856
vn -0.3530 -0.3309 0.8751
vn -0.3143 -0.4557 0.8328
vn -0.2654 0.7620 0.5907
vn -0.2770 0.7503 0.6002
vn -0.8278 0.1774 0.5322
vn -0.7659 -0.0195 0.6426
vn -0.7683 -0.3293 0.5488
vn -0.1990 0.6894 0.6965
vn -0.5627 0.6240 0.5422
vn -0.1414 0.9897 -0.0236
vn 0.1376 0.9635 -0.2294
vn -0.3395 0.9055 -0.2547
vn 0.3501 0.9335 -0.0778
vn 0.7867 -0.4311 0.4419
vn 0.1575 0.7139 0.6824
vn -0.4395 0.4639 0.7692
vn -0.2495 0.6708 0.6985
vn 0.1260 0.5599 0.8189
vn 0.3670 -0.4826 0.7952
vn 0.4333 -0.4058 0.8047
vn 0.4973 -0.5595 0.6631
vn 0.8333 -0.2586 0.4885
vn -0.4519 0.6904 0.5649
vn -0.2369 0.6750 0.6987
vn 0.5858 -0.2563 0.7689
vn 0.5573 -0.2837 0.7803
vn 0.7764 0.1068 0.6211
vn 0.8081 0.0392 0.5877
vn 0.8026 0.1231 0.5837
vn 0.4846 -0.6016 -0.6350
vn 0.6829 -0.1514 0.7146
vn 0.6724 0.0574 0.7380
vn -0.3389 -0.0462 0.9397
vn -0.0930 0.3838 0.9187
vn -0.3388 -0.0437 0.9398
vn -0.1165 0.3755 0.9194
vn -0.2770 0.0308 0.9604
vn -0.3197 -0.3327 0.8872
vn 0.6223 0.7707 0.1370
vn -0.2687 0.0597 0.9614
vn -0.6230 0.1971 0.7570
vn -0.2746 0.0343 0.9610
vn -0.3471 -0.9344 0.0801
vn 0.0340 -0.9515 -0.3058
vn 0.0669 -0.6355 0.7692
vn 0.8723 0.3271 0.3635
vn -0.7641 0.4130 0.4956
vn -0.7572 -0.5769 0.3065
vn -0.3106 0.3771 0.8725
vn -0.4120 0.3891 0.8239
vn 0.3595 -0.2263 0.9053
vn 0.2780 -0.4296 0.8592
vn 0.4124 -0.0825 0.9073
vn 0.1925 0.1925 0.9623
vn 0.4262 -0.1550 0.8912
vn -0.5602 -0.2134 0.8004
vn -0.5528 -0.4188 0.7204
vn -0.2547 0.2816 0.9251
vn -0.0925 0.3698 0.9245
vn -0.7477 -0.1135 0.6542
vn -0.6536 -0.1214 0.7470
vn -0.6534 -0.1245 0.7467
vn -0.7206 -0.2883 0.6306
vn -0.5912 -0.1000 0.8003
vn -0.5731 -0.3404 0.7454
vn -0.1270 0.7620 0.6350
vn -0.1546 -0.9276 -0.3401
vn 0.0068 0.6794 0.7337
vn 0.3594 0.5778 0.7328
vn 0.4867 0.4542 0.7462
vn 0.0504 0.7062 0.7062
vn 0.7295 -0.1775 0.6605
vn 0.7409 -0.1115 0.6623
vn 0.3827 -0.2806 0.8802
vn 0.1009 0.3811 0.9190
vn -0.4476 0.1343 -0.8841
vn 0.3851 -0.3301 0.8618
vn 0.0329 0.4601 0.8873
vn 0.0411 0.4010 0.9151
vn -0.6031 -0.3705 0.7065
vn -0.5978 -0.1918 0.7783
vn 0.3784 0.2620 0.8878
vn 0.0656 0.1640 0.9843
vn -0.9576 0.2612 -0.1219
vn -0.9750 0.1892 -0.1164
vn -0.7401 -0.5801 0.3401
vn -0.8589 -0.2290 0.4581
vn -0.7813 -0.5336 0.3239
vn -0.6314 0.4879 0.6027
vn -0.8203 0.2654 0.5066
vn -0.4857 -0.3036 0.8197
vn -0.2911 -0.4177 0.8607
vn -0.1246 -0.8128 0.5690
vn 0.1104 -0.6559 0.7468
vn 0.1145 -0.9927 -0.0382
vn 0.4579 -0.7397 0.4931
vn -0.6196 -0.7573 0.2065
vn 0.4082 0.1633 0.8981
vn 0.3907 0.2233 0.8930
vn 0.3885 0.0555 0.9198
vn 0.3529 -0.1538 0.9229
vn 0.3901 0.0488 0.9195
vn -0.0761 0.2538 0.9643
vn -0.1361 0.2722 0.9526
vn -0.0315 0.2202 0.9750
vn 0.5429 -0.4321 0.7201
vn 0.5471 -0.3743 0.7487
vn -0.6363 0.3868 0.6675
vn -0.6616 0.2205 0.7167
vn -0.9965 0.0830 -0.0000
vn -0.5171 -0.3620 0.7756
vn -0.5455 -0.1818 0.8182
vn -0.2219 -0.8778 -0.4245
vn 0.2369 -0.8930 -0.3827
vn -0.1302 -0.9113 -0.3906
vn -0.3094 0.7220 0.6189
vn -0.2910 0.7377 0.6091
vn -0.0944 -0.7447 0.6607
vn -0.1916 -0.7390 0.6459
vn -0.3164 -0.3314 0.8889
vn -0.8358 -0.5488 -0.0169
vn -0.7430 -0.6648 -0.0782
vn -0.1590 0.6711 0.7241
vn -0.0830 0.7782 0.6225
vn -0.4380 0.5333 0.7237
vn -0.1162 -0.9300 -0.3487
vn 0.1498 0.6991 0.6991
vn 0.7492 -0.2140 0.6268
vn 0.5931 -0.4943 0.6355
vn 0.2395 -0.7450 0.6226
vn 0.3280 -0.6844 0.6512
vn 0.2733 0.6482 0.7107
vn 0.2228 0.6526 0.7242
vn -0.5385 0.4832 0.6903
vn -0.7910 -0.1172 0.6005
vn 0.4048 0.5205 0.7518
vn 0.3040 0.5320 0.7903
vn -0.9627 -0.0720 -0.2609
vn -0.8076 0.5893 -0.0218
vn -0.4299 0.7255 0.5374
vn -0.9623 0.1925 0.1925
vn 0.6396 0.2706 0.7195
vn 0.6384 0.2767 0.7182
vn -0.7935 -0.4497 -0.4100
vn -0.9575 -0.2736 -0.0912
vn 0.5395 -0.3306 0.7744
vn 0.6136 0.3835 0.6903
vn 0.6439 0.2462 0.7244
vn 0.6917 -0.2075 0.6917
vn -0.4657 -0.2328 0.8538
vn -0.4371 -0.0765 0.8961
vn -0.1115 0.1561 0.9814
vn -0.5421 -0.6776 0.4969
vn -0.4016 -0.8835 0.2410
vn 0.3517 0.3387 0.8727
vn 0.7903 0.3128 0.5269
vn 0.8182 -0.1818 0.5455
vn -0.1524 -0.6476 0.7466
vn -0.2414 -0.3407 0.9086
vn 0.4491 -0.4032 0.7973
vn 0.4479 -0.4042 0.7975
vn 0.2291 -0.4200 0.8781
vn 0.6810 0.4256 0.5959
vn 0.3704 0.6734 0.6398
vn 0.6793 -0.7155 0.1630
vn -0.8747 0.4665 0.1312
vn 0.1304 0.6087 -0.7826
vn 0.4757 -0.7399 0.4757
vn 0.5834 -0.7130 0.3889
vn 0.7048 -0.5840 0.4027
vn 0.8427 -0.2408 0.4815
vn 0.8066 -0.0733 0.5866
vn 0.7581 -0.5307 0.3790
vn 0.9901 0.0900 -0.1080
vn 0.9750 0.1892 -0.1164
vn -0.6753 0.7316 0.0938
vn -0.4499 0.8725 0.1909
vn -0.8081 0.5455 0.2222
vn 0.4566 0.4783 0.7501
vn 0.5282 0.3279 0.7832
vn -0.0000 0.6247 0.7809
vn 0.1595 0.8553 0.4929
vn 0.4337 0.3253 0.8403
vn -0.8784 0.1882 0.4392
vn -0.8805 -0.1761 0.4402
vn -0.4298 0.2763 0.8596
vn 0.4108 -0.2260 0.8833
vn 0.3856 -0.1735 0.9062
vn 0.0225 0.1240 0.9920
vn 0.4027 -0.0848 0.9114
vn -0.7913 -0.5395 0.2877
vn 0.7290 0.4178 -0.5423
vn -0.6463 0.0212 0.7628
vn -0.7375 0.2058 0.6432
vn -0.6835 0.2563 0.6835
vn 0.8408 0.5045 0.1962
vn 0.4017 0.6249 0.6695
vn -0.5592 -0.7512 -0.3506
vn -0.6252 -0.6905 -0.3639
vn -0.5044 -0.3423 0.7927
vn -0.3955 0.5639 0.7250
vn 0.5802 -0.7395 -0.3413
vn 0.1863 -0.8921 -0.4117
vn -0.3159 -0.9476 -0.0486
vn -0.2324 -0.9613 -0.1479
vn -0.5101 -0.8501 -0.1308
vn -0.2248 0.6962 0.6817
vn 0.2287 0.6309 0.7414
vn 0.7871 -0.2460 -0.5657
vn 0.6623 -0.5298 -0.5298
vn 0.4116 -0.8591 0.3043
vn 0.7064 -0.5382 0.4597
vn -0.0216 0.8620 0.5064
vn -0.1817 0.8359 0.5179
vn 0.1449 0.8148 0.5613
vn -0.4731 0.5052 0.7217
vn 0.5736 -0.3875 0.7217
vn 0.6008 -0.1583 0.7835
vn 0.7996 -0.3171 0.5101
vn 0.5384 0.1507 0.8291
vn 0.4016 -0.7229 0.5623
vn 0.9435 -0.1048 0.3145
vn -0.3030 0.8081 0.5051
vn -0.5884 0.3016 0.7502
vn -0.4308 0.4718 0.7693
vn -0.4965 0.3253 0.8047
vn -0.3456 0.5431 0.7653
vn 0.0216 0.6272 0.7786
vn 0.0804 0.5895 0.8038
vn 0.3070 0.7675 0.5628
vn 0.6501 0.5038 0.5688
vn 0.6471 0.7396 0.1849
vn 0.3939 0.8692 0.2988
vn 0.7845 0.5099 0.3530
vn -0.3659 -0.7674 0.5265
vn -0.3526 -0.7666 0.5366
vn -0.5774 -0.1155 0.8083
vn -0.5812 -0.0000 0.8137
vn -0.4815 -0.2408 0.8427
vn 0.3256 -0.3861 0.8631
vn 0.4113 -0.3317 0.8490
vn -0.2876 -0.4155 0.8629
vn -0.3071 -0.2388 0.9212
vn 0.4331 -0.5198 0.7364
vn -0.6136 -0.6903 0.3835
vn 0.4494 -0.3995 0.7990
vn -0.7249 -0.2558 0.6396
vn -0.6681 0.0495 0.7424
vn -0.6594 -0.1681 0.7327
vn -0.6709 0.0528 0.7396
vn -0.7010 0.1314 0.7010
vn -0.7448 0.0828 0.6621
vn 0.8602 -0.4193 -0.2903
vn -0.5681 0.4418 0.6943
vn -0.5831 0.4017 0.7062
vn -0.4180 0.4877 0.7664
vn 0.9358 0.2202 0.2752
vn 0.9613 -0.2747 -0.0196
vn -0.6711 -0.1999 0.7139
vn -0.5139 -0.6992 0.4970
vn -0.5175 0.2661 0.8132
vn -0.5146 0.4174 0.7490
vn 0.0533 -0.9857 -0.1598
vn -0.2838 -0.9417 -0.1806
vn 0.9841 -0.0317 -0.1746
vn 0.9847 -0.0246 -0.1723
vn 0.9765 0.0195 -0.2148
vn 0.1015 -0.7445 0.6599
vn 0.0937 -0.7493 0.6556
vn 0.4626 0.4270 0.7769
vn 0.1356 0.4521 0.8816
vn 0.4783 0.2917 0.8283
vn 0.5097 -0.4991 0.7008
vn 0.4686 -0.7810 -0.4128
vn 0.8458 -0.4870 -0.2179
vn 0.5321 0.4761 0.7001
vn 0.4004 0.5356 0.7436
vn 0.5685 0.3846 0.7273
vn 0.8305 0.1466 0.5374
vn 0.7803 -0.0633 0.6222
vn 0.8856 -0.3207 -0.3359
vn 0.7725 -0.4879 -0.4066
vn -0.4723 -0.2443 0.8469
vn -0.4735 -0.3738 0.7975
vn 0.2545 -0.5937 0.7634
vn 0.3444 0.3582 0.8678
vn -0.3248 -0.1026 0.9402
vn -0.1091 0.1558 0.9817
vn 0.4170 0.3614 0.8340
vn 0.4460 0.0743 0.8920
vn -0.2663 -0.4116 0.8716
vn -0.2900 -0.3987 0.8700
vn 0.2813 -0.4571 0.8438
vn 0.5737 -0.1606 0.8032
vn 0.4926 -0.2406 0.8363
vn 0.3071 -0.2388 0.9212
vn -0.7813 -0.5841 0.2200
vn -0.7852 -0.5803 0.2162
vn -0.5028 -0.6552 0.5638
vn -0.5317 -0.5697 0.6267
vn -0.6884 -0.1400 0.7117
vn -0.1317 0.2897 0.9480
vn -0.5288 0.3022 0.7932
vn 0.1913 0.1217 0.9739
vn 0.3384 -0.0995 0.9357
vn 0.3298 -0.1552 0.9312
vn -0.9867 -0.0933 -0.1333
vn -0.9457 0.1865 0.2664
vn -0.8267 -0.3728 -0.4214
vn -0.9786 -0.1779 -0.1038
vn -0.5248 -0.1399 0.8397
vn -0.4986 -0.3391 0.7978
vn -0.8567 -0.4726 -0.2068
vn -0.8733 -0.4415 -0.2061
vn -0.3373 -0.9253 0.1735
vn -0.2357 -0.9428 0.2357
vn -0.1903 -0.9517 0.2411
vn -0.3123 -0.4496 0.8368
vn -0.1000 -0.7725 0.6271
vn -0.0550 0.2064 0.9769
vn -0.2883 -0.2752 0.9172
vn -0.2417 -0.4532 0.8580
vn -0.3049 0.6097 0.7317
vn -0.1902 0.7454 0.6389
vn -0.3717 -0.9244 0.0858
vn -0.6275 -0.7785 -0.0116
vn -0.0000 0.9247 0.3808
vn -0.5346 0.8310 0.1535
vn -0.4710 0.8056 0.3594
vn -0.0450 -0.7752 0.6301
vn -0.1329 -0.7730 0.6204
vn -0.2011 -0.2815 0.9383
vn -0.5271 -0.7907 -0.3115
vn -0.1333 -0.9497 -0.2833
vn 0.0477 -0.7424 0.6682
vn 0.0444 -0.7448 0.6658
vn -0.0000 -0.7433 0.6690
vn 0.6745 -0.5518 -0.4905
vn 0.4406 -0.8628 0.2478
vn 0.5365 -0.7881 0.3018
vn -0.2503 0.8323 0.4947
vn 0.8016 0.5958 -0.0497
vn 0.3740 0.7820 0.4986
vn 0.6046 -0.2519 0.7557
vn 0.3705 -0.5850 0.7215
vn 0.1529 0.6476 0.7465
vn 0.2185 0.6460 0.7314
vn 0.3060 -0.4148 0.8569
vn 0.3938 -0.3000 0.8689
vn 0.3562 -0.5269 0.7717
vn 0.2879 -0.5974 0.7485
vn 0.0105 -0.9067 -0.4217
vn 0.2333 -0.8927 -0.3855
vn 0.9888 -0.0855 -0.1221
vn 0.9457 0.1865 0.2664
vn 0.5757 -0.1382 0.8059
vn 0.3117 -0.7170 0.6235
vn 0.0296 -0.6370 0.7703
vn 0.2389 -0.7292 0.6412
vn 0.7339 -0.6210 0.2752
vn 0.9611 -0.2621 -0.0874
vn 0.6985 -0.5433 0.4657
vn -0.8614 -0.4010 0.3119
vn -0.9204 -0.0354 0.3894
vn -0.8849 -0.3676 0.2859
vn -0.3874 0.5924 0.7064
vn -0.3925 0.5888 0.7066
vn -0.5621 0.2689 0.7821
vn -0.0134 0.6148 0.7886
vn 0.6270 0.0784 0.7751
vn 0.5420 0.4464 0.7120
vn 0.1149 0.4595 0.8807
vn 0.2320 -0.4350 0.8700
vn 0.1690 -0.5071 0.8452
vn 0.2934 -0.1572 0.9430
vn 0.6459 -0.0000 0.7634
vn 0.5240 -0.1289 0.8419
vn -0.3137 -0.1255 0.9412
vn -0.6147 0.0315 0.7881
vn -0.6276 0.1101 0.7707
vn -0.7664 -0.1916 -0.6131
vn 0.9457 0.0788 0.3152
vn -0.6249 0.1894 0.7574
vn 0.9347 -0.3505 -0.0584
vn 0.7578 -0.6297 -0.1708
vn 0.5289 0.6102 0.5899
vn 0.3194 0.7916 0.5208
vn -0.9282 -0.1466 0.3420
vn -0.9115 -0.2693 0.3108
vn -0.0832 0.7768 0.6242
vn -0.1562 0.6323 0.7588
vn 0.3008 -0.9524 0.0501
vn 0.8923 0.4462 -0.0686
vn -0.6461 0.4544 0.6132
vn -0.3855 0.7056 0.5946
vn -0.2435 -0.8388 -0.4870
vn 0.6189 0.1354 0.7737
vn 0.6061 0.2424 0.7576
vn 0.6273 -0.2661 0.7319
vn 0.5305 -0.3600 0.7674
vn -0.4283 -0.7280 -0.5353
vn -0.6695 -0.6217 -0.4065
vn 0.1166 0.5482 0.8282
vn -0.3980 0.6965 0.5970
vn 0.6273 0.0660 0.7759
vn 0.6222 0.2263 0.7495
vn 0.6573 0.1348 0.7415
vn -0.5050 -0.0932 0.8581
vn -0.4702 -0.1276 0.8733
vn 0.2764 -0.2150 0.9367
vn 0.2951 -0.1242 0.9474
vn -0.3508 0.0438 0.9354
vn -0.2979 -0.5295 0.7943
vn -0.0346 -0.5544 0.8316
vn -0.5782 0.1445 0.8030
vn -0.5064 0.3998 0.7640
vn 0.5547 -0.4992 0.6656
vn 0.6396 -0.4264 0.6396
vn 0.8741 -0.3631 0.3227
vn 0.9204 -0.0354 0.3894
vn 0.8708 -0.3674 0.3266
vn 0.0732 0.8457 0.5286
vn -0.2562 0.8197 0.5123
vn 0.0168 0.8732 0.4870
vn -0.5495 -0.4681 0.6920
vn -0.5273 -0.4980 0.6884
vn -0.5083 0.0391 0.8603
vn 0.6689 0.1059 0.7358
vn 0.6594 0.1978 0.7253
vn 0.0366 0.1465 0.9885
vn -0.0000 0.1104 0.9939
vn 0.6838 0.0492 0.7280
vn 0.6408 -0.0141 0.7676
vn -0.3341 -0.1407 0.9320
vn -0.3491 -0.4364 0.8292
vn 0.6963 0.1741 0.6963
vn -0.6263 -0.6667 -0.4041
vn -0.1986 0.5075 0.8385
vn -0.3632 0.2825 0.8878
vn 0.4949 -0.7698 -0.4032
vn 0.7933 -0.5730 -0.2057
vn 0.3388 -0.8471 -0.4094
vn 0.4264 0.6396 0.6396
vn -0.0000 0.5735 0.8192
vn -0.6298 -0.2519 0.7348
vn -0.6734 -0.6398 0.3704
vn -0.8591 -0.3642 0.3595
vn -0.4124 -0.8819 0.2284
vn -0.5803 -0.8004 0.1501
vn -0.8334 -0.5000 0.2353
vn 0.1165 0.8249 0.5532
vn 0.5448 0.7264 0.4191
vn 0.8626 -0.4117 0.2941
vn 0.7180 0.4682 0.5151
vn 0.5581 0.5581 0.6140
vn -0.3499 0.4549 0.8189
vn -0.2862 0.5315 0.7972
vn 0.3844 0.4897 0.7826
vn -0.0592 0.5571 0.8283
vn -0.1869 0.4517 0.8723
vn 0.0506 0.7929 0.6073
vn 0.5660 -0.7906 0.2336
vn -0.4114 -0.9028 0.1257
vn -0.9401 -0.2709 0.2071
vn -0.9333 -0.2872 0.2154
vn -0.6594 -0.1978 0.7253
vn 0.0975 0.8190 0.5655
vn 0.0652 -0.1957 0.9785
vn 0.8796 0.3125 0.3588
vn 0.8980 0.2787 0.3406
vn 0.4983 -0.8305 0.2491
vn 0.1382 -0.9790 0.1497
vn 0.0627 0.6451 0.7615
vn 0.0939 0.7040 0.7040
vn 0.1356 -0.2847 0.9490
vn 0.1262 -0.2966 0.9466
vn -0.0000 -0.2873 0.9578
vn -0.2948 0.4815 0.8254
vn 0.1820 0.4955 0.8494
vn -0.0617 0.6688 0.7409
vn 0.2287 0.5363 0.8124
vn -0.0529 -0.8468 0.5293
vn -0.4313 -0.6240 0.6516
vn -0.4373 -0.8433 -0.3123
vn -0.3412 -0.8890 -0.3053
vn 0.2944 -0.9374 0.1859
vn 0.0375 -0.9737 0.2247
vn -0.3527 -0.7935 0.4959
vn 0.3208 -0.9466 0.0313
vn 0.6376 -0.7704 0.0066
vn 0.3695 -0.9292 0.0106
vn 0.3322 -0.7818 -0.5277
vn -0.2306 -0.8303 -0.5074
vn 0.0812 0.6006 0.7954
vn 0.3967 0.3357 0.8544
vn -0.6156 0.0821 0.7838
vn -0.5292 -0.0319 0.8479
vn 0.2603 -0.2839 0.9228
vn -0.5979 0.1329 0.7905
vn -0.5883 0.1961 0.7845
vn -0.6164 0.2055 0.7602
vn 0.1350 -0.0450 0.9898
vn -0.3747 0.1834 0.9088
vn -0.4082 -0.0835 0.9091
vn 0.4431 -0.4239 0.7899
vn 0.0859 0.5047 0.8590
vn 0.3680 0.3897 0.8442
vn 0.5711 -0.0497 0.8194
vn -0.0641 0.4008 0.9139
vn 0.6144 -0.2809 0.7373
vn -0.1034 0.1551 0.9825
vn 0.1151 -0.1726 0.9782
vn -0.1740 0.8351 0.5219
vn 0.2562 0.8197 0.5123
vn 0.3369 0.0421 0.9406
vn 0.3036 -0.2087 0.9297
vn -0.0000 0.1414 0.9899
vn -0.8567 0.4726 0.2068
vn -0.5912 0.7389 0.3233
vn -0.4591 -0.3383 0.8215
vn -0.0107 0.9431 0.3322
vn 0.3195 0.8407 0.4372
vn -0.3552 0.8879 0.2925
vn -0.5515 0.2494 0.7960
vn 0.9778 -0.1913 0.0850
vn 0.9687 0.1649 0.1855
vn -0.6154 0.3636 0.6993
vn -0.3244 0.4867 0.8111
vn -0.7573 0.2065 0.6196
vn -0.1847 -0.2586 0.9482
vn -0.0000 -0.2631 0.9648
vn 0.0522 -0.1958 0.9792
vn -0.3266 0.8708 -0.3674
vn 0.3356 0.8950 -0.2937
vn 0.4839 0.1512 0.8620
vn 0.7861 -0.5241 -0.3276
vn -0.3107 -0.8284 -0.4660
vn -0.5102 0.3925 0.7653
vn 0.6246 -0.0184 0.7807
vn 0.8002 -0.5300 -0.2806
vn 0.9856 -0.1496 -0.0792
vn 0.7453 -0.5999 -0.2909
vn 0.6573 -0.2127 0.7230
vn 0.6721 0.0395 0.7394
vn -0.1013 -0.0060 0.9948
vn 0.6182 -0.0766 0.7823
vn -0.3769 0.5384 0.7537
vn -0.2095 -0.6051 0.7681
vn -0.3894 -0.5505 0.7385
vn 0.0116 -0.4974 0.8675
vn 0.1523 -0.2665 0.9517
vn -0.6564 -0.0871 0.7494
vn -0.6280 -0.2483 0.7375
vn -0.6223 -0.0330 0.7821
vn -0.0000 0.0712 0.9975
vn -0.5374 0.3490 0.7677
vn -0.5618 0.2006 0.8026
vn -0.8581 -0.1907 0.4767
vn -0.8489 -0.2215 0.4798
vn -0.6895 -0.1571 0.7070
vn -0.5197 0.1512 0.8409
vn -0.7078 0.1416 0.6921
vn -0.4943 -0.3321 0.8033
vn -0.5157 -0.1782 0.8380
vn -0.3706 0.4447 0.8154
vn -0.3585 -0.5178 0.7767
vn -0.3934 -0.3443 0.8525
vn -0.2442 -0.4579 0.8548
vn -0.1550 -0.4572 0.8757
vn -0.2313 -0.5397 0.8095
vn 0.0529 -0.8206 0.5691
vn -0.6116 -0.7863 0.0874
vn -0.6556 -0.7493 0.0937
vn -0.3307 0.8708 -0.3638
vn 0.9636 -0.2224 0.1482
vn 0.8224 0.5397 -0.1799
vn 0.3315 0.8950 -0.2983
vn 0.7827 -0.2899 0.5508
vn 0.8449 -0.1126 0.5230
vn 0.2993 -0.4564 0.8379
vn 0.2319 -0.5362 0.8116
vn 0.3048 -0.5283 0.7925
vn 0.3581 0.5013 0.7877
vn 0.3086 0.5107 0.8025
vn 0.4815 0.2948 0.8254
vn 0.4872 0.2552 0.8352
vn 0.1978 0.3297 0.9231
vn 0.4082 -0.4082 0.8165
vn 0.5650 -0.2781 0.7768
vn 0.5374 0.3490 0.7677
vn 0.5575 0.2340 0.7965
vn 0.3824 0.3824 0.8412
vn -0.9599 -0.2742 -0.0588
vn -0.8536 -0.5202 0.0267
vn -0.9433 -0.0439 0.3291
vn 0.8098 -0.5831 0.0648
vn 0.7542 -0.6527 0.0725
vn 0.6202 -0.2481 0.7442
vn 0.6339 -0.2264 0.7395
vn 0.6316 -0.1771 0.7548
vn 0.6583 -0.0435 0.7515
vn 0.6361 -0.1735 0.7518
vn 0.3519 -0.5382 0.7659
vn 0.4375 -0.4936 0.7516
vn -0.0145 -0.4930 0.8699
vn -0.2283 -0.1229 0.9658
vn 0.6925 0.4099 0.5936
vn 0.7524 0.1344 0.6449
vn 0.3659 0.5750 0.7318
vn 0.3981 0.2225 0.8899
vn 0.3786 -0.0883 0.9213
vn 0.1450 -0.1885 0.9713
vn -0.9814 -0.1784 0.0714
vn -0.8885 0.2002 0.4130
vn -0.7159 0.3509 0.6036
vn -0.8739 0.0728 0.4806
vn -0.9184 -0.3674 0.1469
vn 0.8999 0.2197 0.3767
vn 0.4990 0.4366 0.7485
vn -0.2167 0.4741 0.8534
vn -0.9368 0.1054 0.3337
vn -0.9407 0.1778 0.2889
vn -0.9028 0.2095 0.3756
vn 0.5137 0.5347 0.6710
vn 0.5731 0.4871 0.6590
vn 0.9807 -0.1816 0.0726
vn 0.3708 -0.4510 0.8118
vn 0.1568 0.5375 0.8286
vn -0.4067 -0.6948 0.5931
vn 0.0987 -0.6912 0.7159
vn -0.8883 -0.4585 0.0287
vn -0.9204 -0.3894 0.0354
vn 0.8733 0.2025 0.4430
vn 0.7121 0.3297 0.6198
vn 0.9923 -0.1240 -0.0000
vn 0.9769 -0.2050 -0.0603
vn 0.8040 -0.5757 -0.1489
vn 0.8671 0.0667 0.4936
vn -0.4837 0.3073 0.8195
vn -0.5555 0.1587 0.8162
vn -0.5225 -0.1206 0.8441
vn -0.2370 -0.2619 0.9355
vn -0.5070 -0.2915 0.8112
vn -0.5300 0.0132 0.8479
vn -0.4115 -0.3682 0.8338
vn 0.1088 -0.1693 0.9795
vn 0.4314 0.3188 0.8440
vn 0.1818 0.5455 0.8182
vn -0.1967 0.4215 0.8852
vn 0.4730 0.0676 0.8785
vn -0.2141 0.1606 0.9635
vn 0.1101 -0.0825 0.9905
vn 0.9599 -0.2742 -0.0588
vn 0.8523 -0.5224 0.0275
vn 0.8981 0.0313 0.4386
vn -0.4730 -0.3486 0.8092
vn -0.4717 -0.3607 0.8046
vn 0.4959 -0.8501 0.1771
vn 0.4618 -0.8692 0.1766
vn 0.7502 -0.5746 0.3272
vn 0.0350 -0.3937 0.9186
vn -0.1216 -0.3910 0.9123
vn -0.6418 0.7233 -0.2547
vn -0.7031 0.6129 -0.3605
vn 0.2265 0.5661 0.7926
vn 0.1583 0.5901 0.7916
vn -0.1264 0.4160 0.9005
vn -0.1008 0.4832 0.8697
vn -0.2248 -0.9606 0.1635
vn 0.0880 -0.9681 0.2347
vn -0.4364 -0.8729 0.2182
vn 0.2516 -0.8986 0.3594
vn 0.0113 0.4961 0.8682
vn 0.4088 -0.2886 0.8658
vn 0.0660 0.4951 0.8663
vn 0.1231 0.4924 0.8616
vn 0.1176 -0.4558 0.8823
vn 0.5031 0.5450 0.6708
vn -0.4336 0.5173 0.7379
vn 0.4118 -0.3736 0.8312
vn 0.4202 -0.3642 0.8311
vn 0.4168 -0.3071 0.8555
vn 0.9340 0.2902 0.2086
vn 0.9986 -0.0267 0.0446
vn 0.9592 -0.2543 0.1235
vn 0.9123 -0.3801 0.1521
vn -0.2767 0.4842 0.8301
vn 0.1540 0.4108 0.8986
vn -0.5228 0.1797 0.8333
vn 0.5070 -0.2915 0.8112
vn 0.4545 -0.3349 0.8254
vn 0.5293 -0.0529 0.8468
vn -0.1086 -0.1810 0.9775
vn 0.1996 0.1426 0.9695
vn -0.1101 -0.0786 0.9908
vn -0.5508 0.2524 0.7956
vn -0.5512 0.2520 0.7954
vn -0.2978 0.3950 0.8691
vn -0.2328 0.4657 0.8538
vn -0.1882 -0.4392 0.8784
vn -0.1184 -0.4441 0.8881
vn 0.8581 0.1907 0.4767
vn 0.8008 0.3482 0.4874
vn 0.5599 0.3877 0.7322
vn 0.8433 0.5270 -0.1054
vn 0.2476 -0.4333 0.8666
vn 0.1755 -0.5461 0.8191
vn 0.2341 0.4348 0.8696
vn 0.2540 0.8890 0.3810
vn 0.4653 0.4266 0.7756
vn -0.5746 0.2109 0.7908
vn -0.4632 -0.3222 0.8256
vn -0.5682 0.0586 0.8208
vn -0.5685 -0.0513 0.8211
vn -0.6087 -0.0565 0.7914
vn -0.5715 0.0816 0.8165
vn -0.5671 0.0866 0.8191
vn -0.5692 -0.0000 0.8222
vn -0.1898 0.4234 0.8858
vn -0.3405 0.2807 0.8974
vn -0.5486 0.2494 0.7980
vn -0.6468 -0.4042 0.6468
vn -0.5187 -0.0305 0.8544
vn -0.6931 -0.1980 0.6931
vn -0.4417 0.0390 0.8963
vn 0.1918 0.2078 0.9592
vn 0.1063 0.2244 0.9687
vn 0.6159 0.0342 0.7870
vn -0.3881 -0.3327 0.8595
vn 0.2636 -0.4833 0.8348
vn 0.6187 0.0238 0.7853
vn -0.3763 -0.3763 0.8466
vn 0.1231 0.1231 0.9847
vn 0.1977 -0.4761 0.8569
vn 0.4296 -0.1681 0.8872
vn -0.0756 0.4131 0.9076
vn 0.2963 0.4189 0.8583
vn -0.9272 0.0530 0.3709
vn -0.9233 0.1055 0.3693
vn 0.4990 0.1381 0.8555
vn 0.3021 0.2644 0.9159
vn 0.3912 -0.2689 0.8801
vn 0.5244 0.7255 0.4458
vn 0.8648 0.3946 0.3106
vn 0.5769 0.0750 0.8134
vn 0.5722 0.2467 0.7821
vn -0.0000 0.2577 0.9662
vn -0.9628 -0.0498 0.2656
vn 0.9817 0.0622 0.1798
vn 0.9771 -0.0462 0.2077
vn 0.0131 0.4733 0.8808
vn -0.5810 0.4201 0.6972
vn -0.6261 0.2087 0.7513
vn -0.6665 0.3554 0.6554
vn -0.3824 0.3824 0.8412
vn -0.4800 -0.3600 0.8000
vn -0.3616 -0.3164 0.8770
vn -0.3651 -0.1826 0.9129
vn -0.1984 -0.3218 0.9258
vn -0.2200 0.3623 0.9057
vn -0.1859 0.4066 0.8945
vn -0.9741 0.2200 0.0524
vn -0.5209 0.2841 0.8050
vn 0.7324 0.1850 0.6553
vn 0.7312 0.3510 0.5850
vn 0.1184 -0.4441 0.8881
vn 0.6613 0.5373 0.5235
vn 0.9842 0.1623 0.0710
vn 0.1143 0.4035 0.9078
vn 0.1990 0.3980 0.8955
vn 0.2351 0.4022 0.8848
vn 0.4021 0.2359 0.8847
vn 0.4325 -0.2544 0.8650
vn 0.0912 0.8756 0.4743
vn 0.9009 0.2883 0.3243
vn 0.8832 0.3590 0.3016
vn -0.9309 0.0776 0.3569
vn -0.6644 0.2584 0.7013
vn -0.8955 -0.1990 0.3980
vn -0.4222 0.4513 0.7862
vn -0.2673 0.5345 0.8018
vn -0.0000 0.5241 0.8517
vn 0.8383 -0.1863 -0.5123
vn -0.5769 0.0750 0.8134
vn -0.5161 0.0243 0.8562
vn -0.5702 -0.0407 0.8205
vn -0.1937 -0.9687 -0.1550
vn 0.3973 0.5015 0.7685
vn 0.0686 0.5643 0.8227
vn 0.2847 0.5852 0.7592
vn -0.1489 0.4238 0.8934
vn 0.1767 -0.5595 0.8098
vn -0.0925 0.4063 0.9091
vn -0.1185 0.3688 0.9219
vn -0.0712 0.3918 0.9173
vn 0.2712 0.4952 0.8254
vn 0.1482 -0.2224 0.9636
vn -0.0000 0.4061 0.9138
vn -0.0000 -0.5547 0.8321
vn -0.0554 -0.5538 0.8308
vn 0.0558 -0.4465 0.8930
vn 0.0633 0.4746 0.8779
vn 0.1717 0.4702 0.8657
vn -0.0000 0.4961 0.8682
vn 0.0828 0.0828 0.9931
vn 0.7053 -0.5213 0.4804
vn 0.8443 -0.2111 0.4925
vn -0.3860 0.5048 0.7721
vn 0.1350 0.5710 0.8098
vn -0.4148 -0.7005 0.5807
vn 0.3336 -0.3692 0.8674
vn 0.4191 -0.2946 0.8588
vn 0.3455 -0.3671 0.8637
vn -0.5589 0.6440 0.5225
vn -0.6230 0.5373 0.5685
vn -0.0338 0.8290 0.5583
vn 0.8224 0.4685 0.3227
vn 0.4471 -0.0248 0.8942
vn -0.2483 -0.5656 0.7864
vn 0.5039 -0.0000 0.8638
vn 0.3954 -0.2281 0.8897
vn 0.5560 -0.1516 0.8172
vn 0.2883 -0.2883 0.9131
vn 0.5716 -0.0249 0.8201
vn 0.4145 0.4560 0.7876
vn -0.2514 0.5655 0.7855
vn 0.9357 0.0720 0.3455
vn 0.6644 0.2584 0.7013
vn 0.9317 0.0259 0.3623
vn 0.4867 0.3244 0.8111
vn 0.1806 -0.9221 -0.3422
vn -0.6280 -0.7781 -0.0137
vn -0.3273 -0.9374 -0.1190
vn 0.8066 0.5133 0.2933
vn -0.2556 -0.5548 0.7917
vn -0.0164 -0.6296 0.7768
vn 0.0808 -0.5653 0.8210
vn 0.6251 0.6619 0.4137
vn 0.2074 0.8296 0.5185
vn 0.6537 0.6164 0.4389
vn 0.7580 -0.6367 0.1415
vn 0.7920 -0.3876 0.4718
vn -0.1319 -0.9234 -0.3606
vn -0.0476 -0.9417 -0.3329
vn 0.2804 0.9432 0.1784
vn -0.4867 -0.3244 0.8111
vn -0.2351 0.4022 0.8848
vn 0.2021 -0.4380 0.8760
vn 0.0924 -0.5665 0.8189
vn 0.2008 0.4204 0.8848
vn 0.2529 0.4193 0.8719
vn -0.3676 0.2941 0.8823
vn -0.3933 -0.9064 0.1539
vn -0.8133 -0.5473 0.1976
vn -0.8321 -0.3841 0.4001
vn -0.2453 -0.9463 0.2103
vn -0.6943 -0.1894 0.6943
vn -0.6588 0.2571 0.7070
vn -0.5552 -0.1234 0.8225
vn -0.2989 0.3261 0.8968
vn -0.6346 -0.7293 -0.2557
vn -0.6202 -0.7418 -0.2554
vn -0.3735 0.2390 0.8963
vn -0.4045 0.2104 0.8900
vn -0.7071 0.1552 0.6899
vn -0.4494 0.4869 0.7490
vn 0.7645 -0.6116 -0.2039
vn 0.2548 -0.9174 -0.3058
vn -0.3933 -0.0574 0.9176
vn -0.3860 -0.2001 0.9006
vn -0.3963 0.2542 0.8822
vn -0.3397 0.3019 0.8907
vn -0.2403 -0.3605 0.9013
vn -0.1229 -0.3686 0.9214
vn -0.2519 -0.2099 0.9447
vn -0.9426 0.2495 0.2218
vn 0.1400 -0.3900 0.9101
vn -0.1302 -0.3906 0.9113
vn 0.1027 -0.4449 0.8897
vn -0.3303 0.9186 -0.2168
vn 0.3278 0.9322 -0.1537
vn -0.3071 0.9212 -0.2388
vn 0.8361 0.5478 -0.0288
vn 0.3115 0.9344 -0.1730
vn 0.9831 0.1638 0.0819
vn 0.1951 -0.3643 0.9106
vn 0.1818 -0.3756 0.9088
vn 0.3425 0.2997 0.8905
vn 0.1566 0.3035 0.9399
vn 0.3556 0.1378 0.9244
vn 0.1906 0.8168 0.5445
vn 0.4307 -0.2692 0.8614
vn 0.4194 0.2494 0.8729
vn 0.4192 0.0990 0.9025
vn 0.2546 0.2657 0.9298
vn 0.2305 -0.8892 -0.3952
vn 0.3885 0.2914 0.8742
vn 0.6202 0.2481 0.7442
vn 0.5506 -0.2163 0.8062
vn 0.2441 -0.2136 0.9459
vn -0.0000 0.3417 0.9398
vn 0.3651 -0.9129 0.1826
vn -0.0000 -0.9487 0.3162
vn 0.8168 -0.5542 0.1604
vn -0.0793 -0.9256 0.3702
vn 0.8445 -0.2865 0.4524
vn 0.7627 -0.3390 -0.5508
vn 0.5663 0.3304 0.7551
vn 0.5989 -0.0599 0.7986
vn -0.4992 -0.2420 0.8320
vn -0.1836 0.3781 0.9074
vn -0.1576 0.4086 0.8990
vn 0.1372 0.3810 0.9144
vn 0.1574 0.3798 0.9116
vn 0.4447 -0.3706 0.8154
vn 0.2464 0.8064 0.5376
vn -0.1393 -0.7664 0.6271
vn 0.3462 -0.2647 0.9000
vn 0.4233 -0.1965 0.8844
vn -0.3446 -0.8806 -0.3254
vn -0.2063 -0.9283 -0.3094
vn 0.6605 -0.7403 -0.1253
vn 0.2373 0.8476 0.4746
vn -0.3671 -0.5711 -0.7342
vn 0.4007 -0.8872 -0.2289
vn -0.9744 -0.0000 0.2249
vn 0.9864 -0.0000 0.1644
vn -0.4689 -0.1279 0.8739
vn -0.7705 -0.0335 0.6365
vn -0.3123 0.1562 0.9370
vn -0.2648 -0.7186 0.6430
vn 0.2981 -0.0298 0.9541
vn -0.8662 -0.4963 -0.0584
vn -0.9333 -0.3566 -0.0419
vn -0.4192 0.0990 0.9025
vn -0.3808 0.1406 0.9139
vn -0.0000 0.1521 0.9884
vn 0.5735 0.7646 0.2941
vn 0.6629 0.6988 0.2688
vn -0.4387 -0.1050 0.8925
vn -0.4504 0.0837 0.8889
vn -0.3985 0.1382 0.9067
vn 0.7532 -0.5828 0.3049
vn -0.0425 -0.4888 0.8714
vn -0.0618 -0.3707 0.9267
vn -0.5062 -0.8437 -0.1787
vn -0.7176 0.6808 -0.1472
vn -0.9878 0.1424 0.0623
vn -0.7709 0.5983 -0.2186
vn -0.2774 -0.9374 -0.2104
vn -0.3651 -0.9129 -0.1826
vn 0.5377 -0.7758 0.3303
vn 0.7910 -0.4214 0.4436
vn 0.1229 -0.3686 0.9214
vn 0.7713 0.6026 -0.2049
vn 0.9882 0.1441 0.0515
vn 0.3193 -0.4354 0.8417
vn 0.4199 -0.2319 0.8774
vn 0.4364 -0.2182 0.8729
vn 0.4537 0.1260 0.8822
vn 0.4159 -0.0297 0.9089
vn 0.3079 -0.7916 -0.5278
vn -0.4762 -0.0340 0.8787
vn -0.4579 -0.1831 0.8700
vn -0.4162 0.0352 0.9086
vn 0.9965 0.0830 -0.0000
vn 0.6856 0.6856 0.2449
vn 0.5283 0.7996 0.2856
vn 0.9661 0.1662 0.1974
vn 0.8199 0.4919 0.2928
vn -0.2359 0.2504 0.9390
vn -0.2541 0.2334 0.9386
vn -0.9619 -0.2609 0.0815
vn -0.6373 -0.7685 -0.0562
vn -0.8613 -0.4893 -0.1370
vn -0.9890 -0.1413 0.0442
vn -0.1238 0.4158 0.9010
vn -0.1574 0.3798 0.9116
vn -0.1956 -0.4936 0.8474
vn -0.0467 -0.4600 0.8867
vn -0.0983 -0.5406 0.8355
vn -0.1644 -0.9745 -0.1526
vn 0.3323 -0.9415 -0.0554
vn 0.0447 -0.9829 -0.1787
vn 0.0986 -0.3494 0.9318
vn 0.0292 -0.3510 0.9359
vn -0.0749 0.3746 0.9241
vn -0.0692 0.3804 0.9222
vn -0.0299 0.4189 0.9076
vn 0.0579 -0.3708 0.9269
vn 0.0906 -0.4941 0.8647
vn 0.0967 -0.4834 0.8701
vn -0.0000 -0.4961 0.8682
vn 0.1302 0.3906 0.9113
vn 0.1472 0.3896 0.9091
vn 0.0263 0.3938 0.9188
vn 0.4060 -0.0290 0.9134
vn 0.2688 -0.1195 0.9558
vn -0.4318 -0.6693 0.6046
vn -0.3810 -0.6952 0.6095
vn -0.5263 -0.1184 0.8420
vn 0.2348 0.2505 0.9392
vn 0.1546 0.2546 0.9546
vn 0.2402 0.1373 0.9610
vn 0.4206 -0.0270 0.9068
vn 0.3576 -0.0883 0.9297
vn 0.4112 0.1928 0.8909
vn -0.0110 -0.9978 -0.0658
vn -0.0623 -0.9961 -0.0623
vn -0.9844 -0.0557 0.1672
vn -0.9839 -0.0663 0.1658
vn -0.8507 0.1701 0.4973
vn -0.6467 0.4793 0.5934
vn 0.9858 -0.1678 0.0105
vn 0.9405 0.2933 0.1719
vn -0.3928 -0.3143 0.8642
vn -0.4016 -0.2410 0.8835
vn -0.1523 0.3763 0.9139
vn -0.2620 0.3006 0.9171
vn -0.1644 -0.0000 0.9864
vn -0.1596 -0.2394 0.9577
vn -0.0863 -0.2416 0.9665
vn -0.5709 0.4651 0.6766
vn 0.3129 0.4540 0.8343
vn -0.0000 0.3807 0.9247
vn -0.9252 0.3218 0.2011
vn 0.8858 0.4429 0.1384
vn 0.7755 0.2538 0.5781
vn 0.7645 0.0075 0.6446
vn 0.6694 0.4310 0.6052
vn -0.3915 0.4836 0.7829
vn 0.2473 0.3689 0.8960
vn 0.2749 0.1938 0.9418
vn 0.4699 -0.3608 0.8056
vn 0.4967 -0.3236 0.8053
vn -0.9260 -0.3773 0.0114
vn -0.8085 -0.5880 -0.0245
vn -0.8344 0.4323 0.3418
vn -0.5588 0.6985 0.4470
vn -0.8961 0.2915 0.3347
vn -0.3295 0.8238 0.4613
vn -0.6509 0.6509 0.3906
vn -0.3058 -0.2548 0.9174
vn -0.3143 -0.1109 0.9428
vn -0.1274 -0.2655 0.9557
vn -0.9219 0.0823 0.3786
vn -0.1128 0.4156 0.9025
vn -0.6993 0.5123 0.4985
vn -0.6243 0.6521 0.4301
vn 0.0187 -0.2248 0.9742
vn -0.0544 -0.1935 0.9796
vn -0.2490 0.7748 0.5811
vn 0.3599 0.7464 0.5598
vn 0.4303 0.6056 0.6694
vn -0.2557 0.7672 0.5882
vn -0.0000 -0.2425 0.9701
vn 0.4890 -0.8513 0.1902
vn 0.7583 -0.5814 0.2949
vn 0.6142 -0.7678 0.1823
vn 0.0863 -0.2416 0.9665
vn 0.1489 -0.1227 0.9812
vn 0.1892 -0.2628 0.9461
vn 0.2519 -0.2099 0.9447
vn 0.7401 -0.6452 -0.1898
vn 0.7788 -0.6018 -0.1770
vn -0.3298 0.1187 0.9366
vn -0.2530 0.1897 0.9487
vn -0.4128 0.4878 0.7692
vn -0.3711 0.5229 0.7674
vn 0.3314 0.3196 0.8877
vn -0.3781 -0.1828 0.9075
vn -0.3705 -0.2686 0.8892
vn -0.2577 -0.0000 0.9662
vn -0.2572 -0.0567 0.9647
vn -0.2637 0.1359 0.9550
vn -0.2725 0.1272 0.9537
vn -0.1562 0.3123 0.9370
vn -0.2199 0.2514 0.9426
vn -0.3094 -0.2063 0.9283
vn -0.0542 -0.2166 0.9748
vn 0.9804 0.0566 0.1885
vn 0.4754 0.4447 0.7591
vn 0.8816 0.1356 0.4521
vn 0.3601 -0.3511 0.8643
vn 0.3842 -0.3242 0.8645
vn 0.1460 0.3128 0.9385
vn 0.2203 0.3085 0.9254
vn 0.2084 -0.1022 0.9727
vn 0.2572 -0.0567 0.9647
vn 0.2095 -0.0000 0.9778
vn 0.2078 0.1293 0.9696
vn 0.1051 0.1314 0.9857
vn 0.4165 -0.3644 0.8329
vn 0.4853 -0.2687 0.8320
vn -0.3168 0.8051 0.5015
vn -0.2918 0.8105 0.5079
vn 0.3178 -0.0227 0.9479
vn 0.2965 0.1873 0.9365
vn 0.2187 0.1914 0.9568
vn -0.3263 -0.9404 0.0960
vn 0.7683 0.3293 0.5488
vn -0.9338 -0.2046 0.2935
vn -0.8467 0.2103 0.4887
vn -0.8438 -0.5063 0.1781
vn -0.9138 -0.2742 0.2995
vn -0.7049 -0.7049 0.0783
vn -0.6671 -0.7412 0.0741
vn -0.8342 -0.5214 0.1796
vn -0.3155 0.0676 0.9465
vn -0.3377 0.0463 0.9401
vn -0.3145 -0.1048 0.9435
vn 0.8057 -0.3879 0.4476
vn 0.8659 -0.2651 0.4241
vn -0.0641 -0.2671 0.9615
vn -0.1319 -0.0582 0.9895
vn -0.1546 0.2546 0.9546
vn -0.0900 0.3149 0.9448
vn -0.5740 0.1739 0.8002
vn -0.9649 -0.2412 -0.1034
vn -0.1881 -0.2822 0.9407
vn 0.0172 0.2576 0.9661
vn 0.0813 0.2568 0.9630
vn 0.1274 -0.2655 0.9557
vn -0.4980 0.5478 0.6723
vn -0.6523 -0.2269 0.7232
vn -0.5840 0.4964 0.6424
vn 0.3758 -0.2129 0.9019
vn 0.4423 -0.1474 0.8847
vn 0.3843 0.0414 0.9223
vn -0.9513 0.1586 0.2643
vn -0.6424 0.5840 0.4964
vn -0.9652 0.0311 0.2595
vn -0.3957 -0.8903 0.2253
vn -0.7030 -0.6208 0.3469
vn -0.6119 -0.7702 0.1800
vn -0.2835 -0.2658 0.9214
vn -0.2877 -0.2078 0.9349
vn -0.0699 0.1912 0.9791
vn -0.1310 0.1310 0.9827
vn -0.0747 0.1908 0.9788
vn -0.9886 0.1504 0.0107
vn -0.9913 -0.0101 0.1315
vn -0.7245 0.6687 0.1672
vn -0.7895 0.4605 0.4057
vn -0.0860 -0.2784 0.9566
vn -0.0910 -0.2160 0.9721
vn -0.0000 -0.3162 0.9487
vn -0.0451 -0.3159 0.9477
vn -0.0213 0.2982 0.9543
vn -0.0689 0.2571 0.9639
vn 0.0635 0.2977 0.9526
vn 0.0601 -0.2672 0.9618
vn 0.7245 0.6687 0.1672
vn 0.1562 -0.3123 0.9370
vn 0.1326 -0.3480 0.9281
vn 0.3482 -0.3482 0.8704
vn 0.3375 0.0482 0.9401
vn 0.0877 -0.6356 0.7671
vn 0.1304 0.1630 0.9780
vn 0.1322 -0.0000 0.9912
vn 0.0513 0.1642 0.9851
vn 0.9805 0.1279 0.1492
vn 0.9615 -0.0418 0.2717
vn 0.7930 0.3965 0.4626
vn 0.2775 -0.3314 0.9018
vn 0.3768 -0.2009 0.9042
vn 0.7853 -0.6187 -0.0238
vn -0.0598 -0.9869 0.1495
vn 0.7762 -0.6280 -0.0564
vn 0.7066 -0.7066 -0.0372
vn 0.9856 -0.0870 0.1449
vn 0.9615 -0.2545 0.1037
vn -0.4165 -0.8820 -0.2205
vn 0.7854 -0.2316 0.5740
vn 0.6174 0.3767 0.6906
vn 0.8299 -0.1210 0.5446
vn -0.2317 0.1908 0.9539
vn -0.2190 0.2044 0.9541
vn -0.1948 -0.1146 0.9741
vn -0.0661 -0.1166 0.9910
vn -0.1319 0.0659 0.9891
vn -0.0000 0.0665 0.9978
vn -0.0655 0.1785 0.9818
vn 0.0614 0.1785 0.9820
vn -0.0665 -0.0000 0.9978
vn -0.3468 -0.5203 0.7804
vn 0.0639 -0.5536 0.8304
vn -0.3094 0.9283 0.2063
vn 0.3094 0.9283 0.2063
vn -0.3306 0.9156 0.2289
vn 0.3306 0.9156 0.2289
vn 0.7582 0.1166 0.6415
vn 0.5345 -0.2673 0.8018
vn 0.1958 -0.0576 0.9790
vn 0.1313 -0.1158 0.9846
vn 0.1961 -0.0000 0.9806
vn 0.1957 0.0652 0.9785
vn 0.0622 0.0664 0.9959
vn 0.2329 0.2038 0.9509
vn 0.0789 0.2089 0.9748
vn 0.2171 0.0583 0.9744
vn -0.0342 0.8302 0.5563
vn -0.7055 0.5612 0.4329
vn 0.5205 0.7088 0.4762
vn -0.1413 0.8479 0.5109
vn 0.8565 0.3698 0.3601
vn 0.8917 0.2866 0.3503
vn 0.6181 0.6181 0.4857
vn 0.9373 -0.3482 -0.0134
vn 0.2905 -0.8450 -0.4489
vn -0.8781 -0.4683 0.0976
vn -0.4012 -0.8853 -0.2352
vn -0.2925 -0.1036 0.9506
vn -0.0842 0.2030 0.9755
vn -0.0789 0.2089 0.9748
vn 0.6931 0.1980 0.6931
vn -0.0857 -0.2036 0.9753
vn -0.0284 -0.1988 0.9796
vn -0.0793 -0.2511 0.9647
vn -0.0000 -0.2169 0.9762
vn 0.0620 -0.1166 0.9912
vn 0.1381 -0.2149 0.9668
vn 0.2835 -0.2658 0.9214
vn 0.9924 -0.0266 0.1199
vn 0.9928 -0.0148 0.1185
vn 0.6268 -0.7574 -0.1828
vn 0.6472 -0.7396 -0.1849
vn -0.2973 0.0505 0.9535
vn -0.2263 0.1378 0.9643
vn -0.2860 -0.0953 0.9535
vn -0.0697 0.2090 0.9754
vn -0.1633 0.1166 0.9797
vn 0.0640 0.2742 0.9596
vn 0.1450 0.2718 0.9514
vn -0.0000 0.2095 0.9778
vn 0.2644 -0.1238 0.9564
vn 0.2805 0.1161 0.9528
vn 0.2927 -0.0957 0.9514
vn 0.1396 0.1303 0.9816
vn -0.7507 -0.5933 0.2906
vn -0.6658 -0.7093 0.2316
vn -0.8537 -0.3532 -0.3827
vn -0.2236 -0.8287 -0.5130
vn -0.1661 -0.8306 -0.5316
vn 0.8936 0.3687 0.2562
vn 0.9131 0.3091 0.2660
vn -0.0489 -0.9384 -0.3421
vn 0.3094 0.6189 0.7220
vn 0.6313 0.3714 0.6808
vn -0.0752 0.1410 0.9871
vn -0.1034 -0.3274 0.9392
vn -0.0788 -0.3152 0.9457
vn -0.1261 -0.0857 0.9883
vn -0.0662 -0.0051 0.9978
vn -0.8384 -0.2096 0.5031
vn -0.3788 -0.6428 0.6658
vn 0.7647 -0.2817 0.5796
vn 0.8066 0.0733 0.5866
vn 0.1112 -0.2541 0.9608
vn -0.9648 -0.0000 0.2631
vn 0.8269 0.4962 0.2646
vn -0.5853 0.4842 0.6504
vn -0.3210 0.6890 0.6498
vn 0.1966 0.6029 0.7732
vn -0.9840 -0.0137 0.1777
vn -0.8638 -0.2769 0.4208
vn 0.5500 0.6285 0.5500
vn -0.1628 0.1395 0.9767
vn -0.0759 0.1410 0.9871
vn -0.0765 -0.0765 0.9941
vn -0.0000 -0.0767 0.9971
vn -0.3116 -0.5936 0.7420
vn 0.0609 -0.6086 0.7912
vn 0.0778 -0.6228 0.7785
vn 0.8343 0.0802 0.5455
vn 0.6120 -0.2805 0.7395
vn 0.4271 -0.3417 0.8371
vn 0.1261 -0.0857 0.9883
vn 0.9864 -0.0250 0.1623
vn 0.9167 -0.2292 0.3274
vn 0.2743 -0.8826 -0.3817
vn 0.3260 -0.8645 -0.3826
vn 0.5678 0.8162 0.1065
vn -0.8118 -0.5750 0.1015
vn 0.6651 0.6589 0.3514
vn 0.1794 0.8680 0.4630
vn 0.7163 0.5947 0.3649
vn 0.1185 0.9478 0.2962
vn -0.7785 0.5449 0.3114
vn -0.1400 -0.9802 -0.1400
vn -0.6076 -0.7925 -0.0528
vn -0.8992 -0.4150 0.1383
vn -0.6363 -0.7697 -0.0513
vn -0.9655 0.2099 0.1539
vn 0.4355 0.7259 0.5323
vn -0.3337 0.8230 0.4597
vn 0.4784 0.7753 0.4124
vn 0.6103 0.6763 0.4124
vn -0.0000 0.8638 0.5039
vn 0.4523 -0.8018 -0.3906
vn 0.4099 0.5635 0.7172
vn -0.2254 0.6763 0.7013
vn 0.5044 0.4000 0.7652
vn 0.3840 0.9120 0.1440
vn -0.4698 -0.8808 0.0587
vn 0.8253 0.5212 -0.2172
vn 0.4650 -0.8137 -0.3487
vn -0.7930 0.4626 0.3965
vn -0.7880 0.2793 0.5486
vn -0.3210 0.7880 0.5253
vn 0.3210 0.7880 0.5253
vn -0.3886 0.6996 0.5996
vn 0.8352 0.4176 0.3579
vn 0.8293 0.2415 0.5039
vn 0.3886 0.6996 0.5996
vn -0.3326 0.8227 0.4610
vn 0.1970 0.8705 0.4511
vn -0.9453 -0.1212 0.3030
vn -0.9256 -0.2848 0.2492
vn 0.9747 -0.0951 -0.2021
vn 0.9622 0.2680 -0.0487
vn 0.7884 0.5535 0.2684
vn 0.9768 -0.0630 -0.2048
vn -0.8656 0.2720 0.4204
vn -0.8281 -0.0804 0.5548
vn -0.7586 -0.5081 0.4079
vn -0.7861 -0.4053 -0.4667
vn -0.8490 0.2461 0.4676
vn -0.8933 0.0906 0.4402
vn -0.6092 0.6092 0.5077
vn -0.5544 0.6468 0.5236
vn -0.8004 0.3201 0.5069
vn 0.9879 -0.0823 0.1317
vn 0.9864 0.0986 0.1315
vn -0.5893 0.5955 0.5459
vn -0.1636 0.7272 0.6666
vn -0.6404 0.5290 0.5568
vn -0.7499 -0.2578 0.6093
vn -0.2982 -0.5505 0.7798
vn -0.9652 0.2264 -0.1311
vn -0.9775 0.1594 -0.1381
vn 0.7430 -0.6648 -0.0782
vn 0.7692 -0.6355 -0.0669
vn 0.8595 -0.1109 0.4990
vn 0.6327 0.3796 0.6749
vn 0.1936 0.5292 0.8261
vn 0.8727 0.2810 0.3994
vn -0.5138 -0.8563 -0.0535
vn -0.3710 -0.9275 -0.0464
vn -0.3157 -0.9470 -0.0592
vn 0.4284 -0.8995 0.0857
vn 0.7562 -0.5109 0.4088
vn 0.8481 -0.1285 0.5140
vn 0.0725 -0.5797 0.8116
vn -0.3045 -0.5536 0.7751
vn 0.1193 -0.5369 0.8352
vn 0.8026 -0.2006 0.5618
vn -0.6173 0.5112 0.5980
vn -0.4924 0.6155 0.6155
vn -0.7705 0.0335 0.6365
vn -0.7880 0.2276 0.5720
vn -0.5787 0.5016 0.6430
vn 0.1077 0.4956 0.8619
vn -0.9648 -0.1378 0.2240
vn -0.8672 0.2662 0.4207
vn -0.8464 -0.5253 0.0876
vn -0.6968 -0.7162 0.0387
vn -0.9129 -0.3651 0.1826
vn -0.7442 0.2481 0.6202
vn -0.6667 -0.1333 0.7333
vn 0.8946 -0.3777 0.2386
vn 0.5172 -0.8447 0.1379
vn 0.4107 0.7392 0.5338
vn -0.6824 0.1706 -0.7108
vn 0.8355 0.2457 0.4915
vn 0.7413 -0.0608 0.6684
vn 0.4985 0.3877 0.7754
vn 0.6103 -0.7628 0.2136
vn 0.9180 -0.2956 0.2645
vn -0.3417 0.6150 0.7107
vn -0.5766 0.3034 0.7586
vn -0.2794 0.6055 0.7452
vn -0.1783 -0.8917 -0.4161
vn -0.7274 -0.5934 -0.3446
vn -0.7171 0.5976 0.3586
vn -0.1298 0.7788 0.6136
vn -0.5731 0.7422 0.3476
vn 0.8245 0.2261 0.5187
vn 0.5599 0.5599 0.6108
vn 0.0999 0.6990 0.7081
vn -0.6121 -0.7893 0.0483
vn 0.4600 -0.7868 -0.4116
vn -0.3939 -0.9190 -0.0146
vn 0.6360 0.1627 0.7543
vn 0.1193 0.2743 0.9542
vn 0.4760 0.3424 0.8101
vn -0.0187 0.5416 0.8404
vn 0.5293 0.2470 0.8117
vn 0.2735 -0.9376 -0.2149
vn 0.6578 -0.7517 0.0470
vn 0.5977 0.6328 0.4922
vn 0.7101 0.5558 0.4323
vn -0.8454 -0.5284 0.0775
vn -0.8806 -0.2642 0.3933
vn -0.8006 0.0817 0.5936
vn 0.0783 0.2479 0.9656
vn 0.9360 -0.0260 -0.3510
vn 0.6510 -0.7188 -0.2441
vn -0.2474 -0.3598 0.8996
vn 0.1315 -0.3682 0.9204
vn -0.4167 -0.1626 0.8944
vn -0.3329 0.0854 -0.9391
vn -0.3113 0.0872 0.9463
vn -0.4679 0.3743 -0.8006
vn 0.8107 -0.2252 0.5405
vn 0.8066 0.5133 -0.2933
vn -0.8206 0.2198 -0.5275
vn 0.9242 -0.3146 0.2163
vn 0.9330 -0.2810 0.2248
vn 0.7994 0.3056 0.5173
vn -0.8784 -0.4675 0.0992
vn -0.8617 -0.5007 0.0815
vn -0.0000 -0.9285 0.3714
vn 0.4082 -0.8165 0.4082
vn -0.1723 0.2916 -0.9409
vn 0.2534 -0.2424 0.9365
vn 0.4383 -0.3085 0.8442
vn -0.4196 0.0504 0.9063
vn -0.2425 -0.3731 0.8955
vn -0.9469 0.1739 -0.2705
vn -0.8011 -0.5531 -0.2289
vn -0.6293 -0.7724 0.0858
vn 0.0249 -0.9977 -0.0624
vn -0.5122 -0.8536 0.0948
vn 0.2421 -0.9684 -0.0605
vn 0.8927 -0.4184 -0.1674
vn 0.7911 -0.5934 -0.1483
vn -0.1806 0.5834 0.7918
vn -0.6202 0.2481 0.7442
vn -0.0192 0.6152 0.7882
vn 0.6258 0.7362 0.2577
vn 0.9784 0.2060 -0.0172
vn -0.5749 0.4365 0.6920
vn -0.6988 0.3261 0.6367
vn -0.7564 -0.3026 0.5799
vn -0.0767 0.4988 0.8633
vn -0.6996 -0.3816 0.6042
vn 0.7243 -0.2716 0.6338
vn 0.5345 0.2673 0.8018
vn 0.6815 -0.3852 0.6222
vn 0.9244 0.3209 0.2063
vn 0.8995 0.3855 0.2056
vn -0.7756 -0.3620 0.5171
vn -0.7399 0.0135 0.6726
vn -0.6707 0.1219 0.7317
vn 0.7125 0.5816 0.3926
vn 0.8763 -0.4674 -0.1168
vn -0.4757 -0.8640 0.1650
vn -0.9406 0.3386 0.0226
vn -0.6943 0.6943 -0.1894
vn -0.8118 0.4965 -0.3074
vn -0.1780 0.6674 0.7231
vn -0.2249 0.6748 0.7029
vn -0.6963 0.6963 0.1741
vn -0.6821 0.4759 0.5552
vn -0.7161 0.4040 0.5692
vn -0.3387 0.5913 0.7319
vn -0.3045 0.5123 0.8030
vn 0.0790 0.4273 0.9006
vn -0.2089 0.7384 0.6411
vn -0.4120 0.7637 0.4970
vn -0.2850 0.7218 0.6307
vn -0.6113 0.0174 0.7912
vn 0.6694 -0.3366 0.6623
vn -0.5998 -0.1888 0.7775
vn -0.5868 -0.1831 0.7887
vn -0.6154 -0.1718 0.7693
vn 0.4438 0.2270 -0.8669
vn 0.9280 -0.1377 0.3463
vn 0.9326 0.0212 0.3603
vn 0.8579 -0.3237 0.3991
vn -0.5715 0.6836 -0.4540
vn 0.5715 -0.6836 0.4540
vn -0.3793 0.8112 -0.4450
vn 0.3280 -0.8492 0.4139
vn 0.3222 -0.8391 0.4383
vn 0.8952 0.1499 0.4197
vn 0.8775 -0.1360 0.4598
vn 0.5923 -0.3702 0.7156
vn 0.2230 -0.6393 0.7359
vn 0.1035 -0.6941 0.7124
vn -0.1628 0.9767 0.1395
vn -0.1524 0.9797 0.1306
vn -0.0192 -0.9930 0.1169
vn -0.0186 -0.7368 0.6759
vn 0.7877 -0.5013 0.3581
vn 0.5376 0.1542 0.8290
vn 0.0988 0.1153 0.9884
vn 0.5757 0.1053 0.8109
vn 0.2217 -0.3523 0.9092
vn 0.0263 -0.5666 0.8236
vn -0.0202 -0.6096 0.7924
vn 0.0217 -0.4984 -0.8667
vn -0.2258 0.2007 -0.9533
vn 0.8547 -0.4166 -0.3098
vn 0.8739 0.4604 -0.1561
vn 0.8835 0.4468 -0.1406
vn 0.9598 0.2601 -0.1053
vn 0.4002 -0.4803 -0.7805
vn -0.2204 -0.2905 0.9311
vn -0.6424 -0.1606 0.7494
vn -0.5229 0.1874 0.8315
vn -0.2313 -0.2975 0.9263
vn -0.4260 0.5452 0.7220
vn 0.4542 -0.0092 0.8908
vn -0.4998 -0.4192 0.7580
vn -0.6593 0.2146 0.7206
vn 0.4742 0.6653 0.5766
vn 0.6876 0.4312 0.5842
vn 0.0906 0.8224 0.5616
vn 0.0501 0.5084 0.8596
vn 0.7864 -0.6056 0.1220
vn 0.0787 -0.5888 0.8044
vn 0.9252 -0.3236 0.1981
vn 0.3283 -0.3214 0.8882
vn 0.7591 -0.3514 0.5480
vn 0.5320 -0.8432 0.0778
vn 0.2741 0.2614 0.9255
vn 0.9213 0.3875 0.0311
vn 0.9415 0.3360 -0.0269
vn 0.8630 -0.4793 0.1598
s 0
f 544//1 545//1 8//1
f 545//2 7//2 8//2
f 544//3 7//3 8//3
f 544//4 545//4 7//4
f 540//5 11//5 9//5
f 11//6 539//6 9//6
f 9//7 542//7 10//7
f 12//8 11//8 538//8
f 16//9 14//9 535//9
f 13//10 14//10 15//10
f 14//11 16//11 15//11
f 16//12 15//12 535//12
f 15//13 14//13 535//13
f 18//14 21//14 20//14
f 603//15 605//15 602//15
f 19//16 24//16 21//16
f 40//17 514//17 38//17
f 40//18 55//18 39//18
f 38//19 35//19 19//19
f 514//20 35//20 38//20
f 35//21 551//21 18//21
f 40//22 38//22 55//22
f 39//23 55//23 38//23
f 55//24 496//24 39//24
f 37//25 21//25 527//25
f 22//26 19//26 21//26
f 527//27 21//27 24//27
f 603//28 602//28 606//28
f 18//29 19//29 35//29
f 21//30 24//30 20//30
f 38//31 19//31 22//31
f 37//32 25//32 21//32
f 19//33 20//33 18//33
f 20//34 19//34 21//34
f 24//35 23//35 19//35
f 25//36 527//36 37//36
f 22//37 527//37 21//37
f 527//38 25//38 21//38
f 22//39 33//39 21//39
f 19//40 33//40 35//40
f 19//41 21//41 33//41
f 527//42 23//42 24//42
f 23//43 21//43 24//43
f 19//44 527//44 23//44
f 19//45 24//45 527//45
f 26//46 548//46 549//46
f 28//47 27//47 42//47
f 41//48 28//48 42//48
f 48//49 46//49 516//49
f 516//50 46//50 41//50
f 607//51 602//51 605//51
f 606//52 602//52 611//52
f 46//53 28//53 41//53
f 57//54 45//54 493//54
f 513//55 57//55 493//55
f 607//56 611//56 602//56
f 27//57 28//57 523//57
f 505//58 57//58 28//58
f 604//59 605//59 603//59
f 28//60 46//60 505//60
f 45//61 57//61 28//61
f 29//62 50//62 522//62
f 29//63 529//63 50//63
f 48//64 57//64 30//64
f 48//65 505//65 57//65
f 57//66 28//66 30//66
f 42//67 519//67 523//67
f 519//68 32//68 523//68
f 38//69 40//69 1//69
f 514//70 19//70 1//70
f 33//71 35//71 1//71
f 40//72 514//72 1//72
f 19//73 22//73 1//73
f 1//74 22//74 33//74
f 35//75 38//75 1//75
f 33//76 514//76 34//76
f 514//77 33//77 38//77
f 33//78 38//78 34//78
f 38//79 517//79 34//79
f 19//80 526//80 38//80
f 19//81 34//81 526//81
f 33//82 19//82 34//82
f 33//83 35//83 38//83
f 33//84 38//84 19//84
f 35//85 38//85 39//85
f 39//86 514//86 34//86
f 39//87 40//87 514//87
f 39//88 34//88 35//88
f 22//89 527//89 37//89
f 37//90 21//90 22//90
f 34//91 35//91 19//91
f 514//92 19//92 35//92
f 34//93 36//93 40//93
f 39//94 554//94 40//94
f 517//95 39//95 40//95
f 517//96 40//96 38//96
f 40//97 514//97 34//97
f 40//98 36//98 38//98
f 46//99 505//99 41//99
f 505//100 28//100 41//100
f 41//101 516//101 48//101
f 505//102 42//102 41//102
f 48//103 505//103 41//103
f 485//104 43//104 49//104
f 485//105 509//105 43//105
f 49//106 508//106 485//106
f 51//107 507//107 44//107
f 57//108 2//108 505//108
f 30//109 2//109 28//109
f 47//110 48//110 57//110
f 57//111 28//111 2//111
f 604//112 603//112 609//112
f 2//113 30//113 48//113
f 2//114 46//114 505//114
f 46//115 2//115 48//115
f 606//116 608//116 603//116
f 523//117 524//117 45//117
f 57//118 523//118 45//118
f 608//119 609//119 603//119
f 605//120 604//120 614//120
f 505//121 48//121 46//121
f 505//122 57//122 47//122
f 505//123 47//123 48//123
f 57//124 28//124 523//124
f 525//125 504//125 50//125
f 504//126 52//126 50//126
f 507//127 54//127 44//127
f 525//128 52//128 50//128
f 525//129 504//129 52//129
f 499//130 53//130 518//130
f 499//131 56//131 53//131
f 552//132 496//132 55//132
f 59//133 58//133 498//133
f 59//134 495//134 58//134
f 58//135 498//135 495//135
f 498//136 59//136 495//136
f 485//137 64//137 49//137
f 484//138 483//138 503//138
f 483//139 62//139 503//139
f 502//140 65//140 480//140
f 480//141 67//141 502//141
f 67//142 502//142 65//142
f 65//143 480//143 67//143
f 556//144 68//144 501//144
f 68//145 557//145 501//145
f 477//146 476//146 72//146
f 69//147 476//147 71//147
f 69//148 72//148 476//148
f 476//149 70//149 477//149
f 72//150 477//150 69//150
f 477//151 70//151 69//151
f 478//152 474//152 74//152
f 478//153 473//153 474//153
f 80//154 75//154 76//154
f 80//155 82//155 75//155
f 73//156 76//156 80//156
f 73//157 75//157 76//157
f 77//158 79//158 470//158
f 470//72 78//72 77//72
f 469//159 77//159 79//159
f 469//160 472//160 77//160
f 469//59 78//59 83//59
f 83//161 79//161 469//161
f 77//162 469//162 470//162
f 85//163 81//163 82//163
f 82//164 471//164 85//164
f 85//165 80//165 81//165
f 471//166 76//166 82//166
f 471//167 86//167 76//167
f 76//168 86//168 85//168
f 81//169 76//169 80//169
f 75//170 76//170 85//170
f 82//171 75//171 85//171
f 81//169 82//169 76//169
f 469//172 84//172 83//172
f 84//158 470//158 83//158
f 81//173 82//173 471//173
f 471//174 85//174 80//174
f 471//175 80//175 81//175
f 89//176 87//176 558//176
f 111//177 460//177 93//177
f 88//178 460//178 459//178
f 460//179 111//179 459//179
f 93//180 459//180 88//180
f 93//181 111//181 459//181
f 88//182 460//182 93//182
f 609//183 617//183 604//183
f 109//184 105//184 107//184
f 614//185 604//185 617//185
f 107//186 114//186 109//186
f 90//187 445//187 114//187
f 105//188 106//188 107//188
f 91//189 90//189 92//189
f 450//190 448//190 94//190
f 97//191 98//191 100//191
f 100//192 95//192 97//192
f 99//193 95//193 97//193
f 113//194 103//194 447//194
f 100//195 96//195 97//195
f 447//196 3//196 446//196
f 3//197 444//197 103//197
f 103//198 3//198 447//198
f 444//199 3//199 97//199
f 3//200 103//200 96//200
f 103//201 446//201 3//201
f 99//202 97//202 96//202
f 97//203 3//203 96//203
f 444//204 97//204 96//204
f 96//205 104//205 99//205
f 97//206 104//206 100//206
f 98//207 104//207 100//207
f 100//191 95//191 98//191
f 97//208 98//208 99//208
f 98//209 104//209 99//209
f 98//184 104//184 95//184
f 98//192 95//192 97//192
f 104//210 100//210 99//210
f 99//211 95//211 104//211
f 104//212 100//212 96//212
f 96//7 97//7 104//7
f 106//213 108//213 442//213
f 108//214 114//214 442//214
f 442//215 101//215 106//215
f 103//216 96//216 444//216
f 108//217 109//217 105//217
f 105//218 107//218 108//218
f 106//219 108//219 109//219
f 105//220 106//220 442//220
f 106//221 109//221 442//221
f 114//222 109//222 106//222
f 106//223 108//223 114//223
f 605//224 610//224 607//224
f 106//225 107//225 114//225
f 442//226 101//226 107//226
f 610//227 605//227 624//227
f 114//228 109//228 442//228
f 106//229 114//229 442//229
f 109//230 107//230 108//230
f 107//231 109//231 442//231
f 108//232 114//232 105//232
f 114//233 442//233 105//233
f 106//157 107//157 442//157
f 110//234 441//234 112//234
f 112//235 111//235 110//235
f 111//236 110//236 93//236
f 110//237 112//237 93//237
f 111//238 112//238 93//238
f 103//239 446//239 113//239
f 446//240 447//240 113//240
f 566//241 117//241 568//241
f 566//242 437//242 117//242
f 429//243 432//243 118//243
f 429//244 127//244 432//244
f 132//245 123//245 122//245
f 119//246 431//246 122//246
f 123//247 119//247 122//247
f 132//248 133//248 123//248
f 122//249 120//249 121//249
f 121//250 431//250 122//250
f 119//251 121//251 123//251
f 614//252 624//252 605//252
f 122//253 123//253 121//253
f 608//254 606//254 629//254
f 132//255 138//255 425//255
f 611//256 635//256 606//256
f 132//257 134//257 138//257
f 629//258 606//258 635//258
f 610//259 637//259 607//259
f 611//260 607//260 636//260
f 135//261 132//261 138//261
f 136//262 138//262 132//262
f 636//263 607//263 637//263
f 609//264 608//264 630//264
f 426//265 123//265 122//265
f 125//266 124//266 130//266
f 125//267 126//267 124//267
f 429//268 130//268 128//268
f 429//269 125//269 130//269
f 128//270 125//270 124//270
f 124//271 130//271 128//271
f 125//272 430//272 429//272
f 125//273 126//273 430//273
f 430//274 128//274 429//274
f 127//275 430//275 125//275
f 430//276 128//276 125//276
f 629//277 630//277 608//277
f 617//278 609//278 627//278
f 131//279 432//279 129//279
f 131//280 127//280 432//280
f 428//281 429//281 130//281
f 129//282 429//282 127//282
f 429//283 129//283 130//283
f 132//284 134//284 122//284
f 134//285 138//285 122//285
f 119//286 132//286 133//286
f 133//287 138//287 119//287
f 138//288 122//288 136//288
f 138//289 119//289 122//289
f 134//290 142//290 132//290
f 136//291 138//291 134//291
f 134//292 138//292 425//292
f 142//293 134//293 425//293
f 122//294 426//294 119//294
f 426//295 138//295 119//295
f 122//296 133//296 426//296
f 132//297 138//297 119//297
f 119//298 122//298 132//298
f 138//299 132//299 133//299
f 138//300 142//300 122//300
f 138//301 122//301 132//301
f 139//302 422//302 140//302
f 139//303 423//303 422//303
f 141//304 418//304 424//304
f 141//184 420//184 418//184
f 171//305 170//305 145//305
f 171//306 160//306 170//306
f 145//307 163//307 171//307
f 392//308 156//308 146//308
f 392//309 401//309 156//309
f 392//310 148//310 401//310
f 147//311 391//311 392//311
f 627//312 609//312 630//312
f 146//313 168//313 3577//313
f 624//314 638//314 610//314
f 390//315 169//315 391//315
f 637//316 610//316 638//316
f 146//310 148//310 401//310
f 401//317 156//317 391//317
f 148//318 147//318 392//318
f 146//319 392//319 167//319
f 391//320 156//320 392//320
f 146//321 167//321 168//321
f 391//322 169//322 167//322
f 391//323 167//323 392//323
f 572//324 148//324 147//324
f 635//325 611//325 636//325
f 401//326 391//326 146//326
f 154//327 153//327 155//327
f 153//328 149//328 155//328
f 177//329 151//329 152//329
f 177//330 154//330 151//330
f 151//331 150//331 152//331
f 177//332 154//332 153//332
f 150//333 153//333 151//333
f 150//334 152//334 153//334
f 153//335 152//335 177//335
f 387//336 177//336 155//336
f 387//337 152//337 177//337
f 155//338 387//338 152//338
f 155//339 154//339 387//339
f 391//340 390//340 147//340
f 390//341 392//341 147//341
f 161//342 158//342 160//342
f 161//343 170//343 158//343
f 170//344 159//344 160//344
f 160//345 159//345 397//345
f 163//346 159//346 170//346
f 160//347 161//347 170//347
f 172//348 176//348 145//348
f 171//349 172//349 158//349
f 612//350 613//350 616//350
f 613//351 612//351 645//351
f 158//352 172//352 145//352
f 616//353 615//353 612//353
f 176//354 174//354 145//354
f 170//355 402//355 161//355
f 612//356 615//356 650//356
f 645//357 612//357 650//357
f 171//358 571//358 163//358
f 613//359 621//359 616//359
f 621//360 613//360 626//360
f 182//361 187//361 162//361
f 389//362 175//362 145//362
f 389//363 145//363 163//363
f 389//364 171//364 162//364
f 181//365 389//365 162//365
f 175//366 389//366 176//366
f 571//367 145//367 163//367
f 626//368 613//368 642//368
f 171//369 389//369 163//369
f 642//370 613//370 646//370
f 162//371 181//371 182//371
f 645//372 646//372 613//372
f 170//373 171//373 402//373
f 161//374 159//374 397//374
f 163//375 159//375 161//375
f 397//376 389//376 159//376
f 389//377 163//377 159//377
f 397//378 160//378 389//378
f 163//379 407//379 161//379
f 407//380 160//380 161//380
f 617//381 664//381 614//381
f 624//382 614//382 679//382
f 171//383 181//383 389//383
f 187//384 181//384 182//384
f 181//385 171//385 162//385
f 163//386 159//386 403//386
f 161//387 163//387 160//387
f 161//388 170//388 163//388
f 573//389 574//389 164//389
f 165//390 395//390 166//390
f 395//391 394//391 166//391
f 390//392 169//392 167//392
f 167//393 168//393 390//393
f 169//394 167//394 168//394
f 168//395 390//395 169//395
f 176//396 174//396 160//396
f 163//397 160//397 170//397
f 160//398 174//398 170//398
f 171//399 174//399 158//399
f 160//400 389//400 176//400
f 174//401 171//401 160//401
f 171//402 162//402 163//402
f 181//403 389//403 163//403
f 162//404 181//404 163//404
f 158//405 174//405 145//405
f 158//406 160//406 174//406
f 171//407 176//407 170//407
f 176//408 170//408 172//408
f 171//409 170//409 158//409
f 171//410 172//410 170//410
f 175//411 145//411 173//411
f 174//412 145//412 175//412
f 145//413 172//413 175//413
f 145//414 173//414 174//414
f 173//415 175//415 174//415
f 158//416 160//416 170//416
f 158//417 171//417 160//417
f 160//418 176//418 170//418
f 172//419 176//419 174//419
f 176//420 175//420 174//420
f 389//421 158//421 160//421
f 389//422 145//422 158//422
f 175//423 145//423 160//423
f 145//424 171//424 160//424
f 152//425 177//425 155//425
f 183//426 178//426 385//426
f 380//427 184//427 381//427
f 664//428 679//428 614//428
f 383//429 184//429 384//429
f 616//430 688//430 615//430
f 194//431 198//431 218//431
f 194//432 195//432 198//432
f 198//433 209//433 218//433
f 194//434 206//434 197//434
f 206//435 209//435 197//435
f 650//436 615//436 675//436
f 224//437 198//437 208//437
f 224//438 208//438 348//438
f 209//439 366//439 195//439
f 675//440 615//440 688//440
f 195//441 198//441 209//441
f 209//442 218//442 196//442
f 196//443 206//443 209//443
f 203//444 199//444 202//444
f 199//445 360//445 202//445
f 358//446 190//446 200//446
f 358//447 223//447 190//447
f 358//448 359//448 223//448
f 218//449 196//449 206//449
f 218//450 194//450 196//450
f 205//451 355//451 353//451
f 205//452 354//452 355//452
f 221//453 336//453 226//453
f 200//454 223//454 190//454
f 223//455 200//455 358//455
f 621//456 720//456 616//456
f 226//457 223//457 221//457
f 688//458 616//458 720//458
f 217//459 219//459 209//459
f 219//460 220//460 209//460
f 208//461 348//461 198//461
f 348//184 224//184 198//184
f 368//462 193//462 210//462
f 193//463 578//463 210//463
f 228//464 212//464 343//464
f 212//465 345//465 343//465
f 213//466 361//466 345//466
f 627//467 695//467 617//467
f 664//468 617//468 683//468
f 345//469 343//469 213//469
f 214//470 344//470 215//470
f 217//471 209//471 218//471
f 217//472 220//472 209//472
f 342//473 225//473 217//473
f 683//474 617//474 695//474
f 206//475 218//475 194//475
f 618//476 628//476 622//476
f 618//477 622//477 633//477
f 218//478 217//478 220//478
f 628//479 618//479 634//479
f 220//480 217//480 219//480
f 220//481 209//481 218//481
f 221//482 222//482 336//482
f 222//483 223//483 221//483
f 222//484 226//484 223//484
f 222//485 336//485 226//485
f 352//486 227//486 339//486
f 352//487 338//487 227//487
f 322//425 228//425 323//425
f 322//488 324//488 228//488
f 237//489 305//489 308//489
f 305//490 230//490 308//490
f 231//491 303//491 302//491
f 303//492 235//492 302//492
f 233//493 328//493 586//493
f 233//494 309//494 328//494
f 294//495 234//495 295//495
f 235//496 231//496 303//496
f 235//497 302//497 231//497
f 237//498 230//498 308//498
f 237//499 305//499 230//499
f 240//500 292//500 291//500
f 591//501 590//501 241//501
f 290//502 284//502 588//502
f 284//503 242//503 588//503
f 633//504 647//504 618//504
f 263//505 248//505 262//505
f 263//506 262//506 252//506
f 634//507 618//507 647//507
f 620//508 619//508 623//508
f 273//509 272//509 248//509
f 620//510 648//510 619//510
f 252//511 598//511 262//511
f 254//512 4//512 259//512
f 257//513 255//513 4//513
f 4//514 254//514 253//514
f 253//515 261//515 4//515
f 261//516 257//516 4//516
f 259//517 4//517 255//517
f 261//518 257//518 253//518
f 259//519 255//519 260//519
f 257//520 255//520 259//520
f 257//521 259//521 253//521
f 600//522 259//522 254//522
f 600//523 257//523 259//523
f 254//7 253//7 600//7
f 261//524 255//524 256//524
f 255//525 259//525 256//525
f 256//526 257//526 255//526
f 255//527 260//527 256//527
f 261//528 257//528 256//528
f 257//529 260//529 256//529
f 623//530 619//530 643//530
f 519//531 5848//531 5949//531
f 258//532 5848//532 601//532
f 494//533 601//533 258//533
f 601//534 5848//534 494//534
f 643//535 619//535 671//535
f 494//536 5848//536 519//536
f 494//537 258//537 5948//537
f 256//538 261//538 254//538
f 261//539 255//539 259//539
f 261//540 259//540 254//540
f 260//541 261//541 257//541
f 256//542 261//542 259//542
f 261//543 260//543 259//543
f 253//544 261//544 254//544
f 257//545 260//545 259//545
f 261//546 257//546 259//546
f 648//547 671//547 619//547
f 623//548 625//548 620//548
f 267//549 278//549 266//549
f 278//7 246//7 266//7
f 268//550 250//550 596//550
f 250//530 865//530 596//530
f 244//551 594//551 593//551
f 270//552 269//552 244//552
f 625//553 639//553 620//553
f 639//554 655//554 620//554
f 274//555 249//555 275//555
f 264//556 265//556 276//556
f 265//557 277//557 276//557
f 281//558 238//558 285//558
f 238//559 286//559 285//559
f 298//560 585//560 2089//560
f 648//561 620//561 655//561
f 626//562 748//562 621//562
f 298//563 585//563 307//563
f 300//564 318//564 299//564
f 300//565 301//565 318//565
f 311//566 312//566 310//566
f 322//567 324//567 323//567
f 324//568 228//568 323//568
f 337//569 332//569 333//569
f 337//570 331//570 332//570
f 226//571 221//571 222//571
f 352//572 338//572 339//572
f 338//573 227//573 339//573
f 228//574 212//574 345//574
f 720//575 621//575 748//575
f 628//576 652//576 622//576
f 322//577 216//577 228//577
f 341//578 2821//578 582//578
f 2721//579 582//579 357//579
f 2821//580 576//580 357//580
f 582//184 2821//184 357//184
f 343//581 213//581 212//581
f 580//582 347//582 211//582
f 196//583 206//583 194//583
f 218//584 206//584 209//584
f 369//585 199//585 360//585
f 358//586 359//586 200//586
f 359//587 223//587 200//587
f 223//588 201//588 200//588
f 359//589 223//589 201//589
f 201//590 200//590 359//590
f 370//591 200//591 358//591
f 370//592 190//592 200//592
f 363//593 377//593 191//593
f 196//594 209//594 194//594
f 209//595 197//595 194//595
f 373//596 189//596 372//596
f 373//597 374//597 189//597
f 186//169 382//169 379//169
f 181//598 575//598 182//598
f 149//599 391//599 146//599
f 387//600 149//600 155//600
f 149//601 387//601 3578//601
f 149//602 146//602 153//602
f 149//603 3578//603 391//603
f 174//604 171//604 176//604
f 173//7 176//7 175//7
f 145//605 173//605 5//605
f 170//606 145//606 5//606
f 176//607 5//607 173//607
f 176//608 175//608 5//608
f 5//609 175//609 174//609
f 170//610 5//610 174//610
f 171//611 175//611 174//611
f 171//612 160//612 175//612
f 176//613 407//613 160//613
f 176//614 170//614 159//614
f 176//615 159//615 407//615
f 176//616 171//616 160//616
f 170//617 171//617 174//617
f 389//618 158//618 181//618
f 158//619 171//619 181//619
f 167//620 396//620 169//620
f 167//621 400//621 396//621
f 393//622 364//622 365//622
f 393//623 3199//623 364//623
f 163//624 159//624 6//624
f 174//625 170//625 6//625
f 407//626 6//626 159//626
f 160//627 174//627 6//627
f 170//628 163//628 6//628
f 407//629 160//629 6//629
f 159//630 407//630 163//630
f 170//631 407//631 160//631
f 170//632 163//632 407//632
f 145//633 158//633 171//633
f 170//634 163//634 171//634
f 171//635 402//635 161//635
f 171//636 161//636 170//636
f 148//637 156//637 146//637
f 154//638 149//638 155//638
f 154//639 153//639 149//639
f 150//640 154//640 151//640
f 150//641 152//641 154//641
f 633//642 622//642 644//642
f 644//643 622//643 651//643
f 651//644 622//644 652//644
f 155//645 154//645 152//645
f 625//646 623//646 654//646
f 154//647 151//647 152//647
f 392//648 148//648 146//648
f 156//649 146//649 401//649
f 170//650 163//650 402//650
f 163//651 171//651 402//651
f 157//184 406//184 404//184
f 157//184 405//184 406//184
f 406//184 404//184 405//184
f 404//184 157//184 405//184
f 417//652 412//652 411//652
f 417//653 413//653 412//653
f 415//654 421//654 416//654
f 415//655 414//655 421//655
f 143//656 569//656 419//656
f 140//657 423//657 422//657
f 140//658 139//658 423//658
f 142//659 426//659 138//659
f 142//660 122//660 426//660
f 133//661 426//661 138//661
f 122//662 133//662 119//662
f 119//663 121//663 431//663
f 132//664 134//664 136//664
f 126//665 124//665 428//665
f 127//666 129//666 428//666
f 127//667 432//667 129//667
f 130//668 428//668 124//668
f 429//669 127//669 428//669
f 127//670 429//670 126//670
f 428//671 127//671 126//671
f 128//672 125//672 130//672
f 125//673 127//673 130//673
f 428//674 429//674 124//674
f 429//675 126//675 128//675
f 429//676 125//676 126//676
f 126//677 430//677 128//677
f 126//678 124//678 429//678
f 124//679 128//679 429//679
f 129//680 128//680 127//680
f 129//681 130//681 128//681
f 128//682 429//682 127//682
f 128//683 126//683 124//683
f 128//684 125//684 126//684
f 123//685 431//685 426//685
f 431//686 122//686 426//686
f 132//687 426//687 119//687
f 132//688 133//688 426//688
f 123//689 119//689 133//689
f 119//690 431//690 133//690
f 122//691 119//691 121//691
f 122//692 120//692 119//692
f 127//693 130//693 429//693
f 429//694 125//694 127//694
f 119//695 121//695 120//695
f 121//696 431//696 120//696
f 434//697 438//697 433//697
f 434//698 435//698 438//698
f 559//699 461//699 94//699
f 111//700 88//700 460//700
f 643//701 653//701 623//701
f 653//702 654//702 623//702
f 638//703 624//703 766//703
f 679//704 715//704 624//704
f 111//705 459//705 88//705
f 88//706 461//706 94//706
f 715//707 766//707 624//707
f 639//708 625//708 672//708
f 445//709 107//709 90//709
f 107//710 114//710 90//710
f 114//711 101//711 106//711
f 105//712 109//712 442//712
f 100//713 99//713 98//713
f 99//714 96//714 98//714
f 101//7 106//7 107//7
f 107//715 108//715 442//715
f 108//716 114//716 107//716
f 100//717 99//717 96//717
f 100//718 96//718 98//718
f 100//719 99//719 95//719
f 98//7 96//7 97//7
f 103//425 446//425 447//425
f 112//720 93//720 441//720
f 93//721 111//721 441//721
f 111//722 110//722 441//722
f 95//723 97//723 104//723
f 448//724 449//724 94//724
f 462//725 463//725 464//725
f 462//33 455//33 463//33
f 457//726 102//726 465//726
f 441//727 562//727 110//727
f 441//728 93//728 562//728
f 463//161 464//161 455//161
f 464//729 462//729 455//729
f 468//730 466//730 467//730
f 84//731 470//731 469//731
f 470//732 79//732 469//732
f 470//732 78//732 469//732
f 78//733 77//733 469//733
f 470//732 78//732 79//732
f 78//59 83//59 79//59
f 478//734 473//734 74//734
f 473//735 474//735 74//735
f 508//736 64//736 49//736
f 508//737 485//737 64//737
f 66//738 491//738 492//738
f 56//739 518//739 499//739
f 56//740 53//740 518//740
f 50//741 530//741 29//741
f 654//742 672//742 625//742
f 642//743 729//743 626//743
f 28//744 41//744 48//744
f 28//745 48//745 42//745
f 48//746 505//746 42//746
f 38//747 514//747 19//747
f 34//748 36//748 38//748
f 34//749 38//749 19//749
f 34//750 35//750 38//750
f 40//751 34//751 38//751
f 30//752 48//752 28//752
f 48//753 46//753 28//753
f 516//754 48//754 42//754
f 28//755 30//755 516//755
f 42//756 28//756 516//756
f 526//757 38//757 34//757
f 514//758 19//758 34//758
f 38//759 514//759 34//759
f 517//760 36//760 38//760
f 517//761 34//761 36//761
f 38//762 22//762 33//762
f 42//763 523//763 27//763
f 42//764 32//764 523//764
f 31//765 50//765 520//765
f 28//766 30//766 42//766
f 30//767 516//767 42//767
f 50//768 530//768 529//768
f 530//769 29//769 529//769
f 523//770 27//770 32//770
f 27//771 42//771 32//771
f 527//772 23//772 21//772
f 24//773 20//773 19//773
f 21//774 18//774 19//774
f 17//775 547//775 533//775
f 14//776 535//776 13//776
f 535//777 537//777 13//777
f 729//778 748//778 626//778
f 10//779 9//779 540//779
f 540//780 11//780 539//780
f 630//781 712//781 627//781
f 539//161 10//161 540//161
f 11//782 12//782 546//782
f 540//490 539//490 9//490
f 521//505 512//505 511//505
f 521//783 510//783 512//783
f 436//784 440//784 565//784
f 565//785 567//785 436//785
f 134//786 136//786 425//786
f 136//787 138//787 425//787
f 300//788 301//788 299//788
f 301//789 318//789 299//789
f 252//790 262//790 599//790
f 252//791 248//791 262//791
f 5295//792 560//792 5281//792
f 560//793 5319//793 5281//793
f 5281//794 5026//794 5295//794
f 5482//425 5690//425 5481//425
f 5690//795 5658//795 5481//795
f 6199//796 6165//796 6196//796
f 6165//797 6164//797 6196//797
f 6569//798 6567//798 6570//798
f 6568//799 6570//799 6566//799
f 6567//800 6565//800 6570//800
f 6566//801 6570//801 6565//801
f 6564//798 6567//798 6569//798
f 6569//802 6570//802 6563//802
f 6563//87 6570//87 6568//87
f 6565//803 6567//803 6562//803
f 6564//804 6569//804 6561//804
f 6568//805 6560//805 6563//805
f 6566//806 6559//806 6568//806
f 6560//806 6568//806 6559//806
f 6565//807 6558//807 6566//807
f 6559//808 6566//808 6558//808
f 6562//809 7//809 6565//809
f 6558//810 6565//810 7//810
f 6563//811 6557//811 6569//811
f 6561//812 6569//812 6557//812
f 6561//813 6556//813 6564//813
f 7//814 6562//814 6555//814
f 6560//815 6554//815 6563//815
f 6557//816 6563//816 6554//816
f 6554//817 6560//817 6553//817
f 6567//818 6564//818 6552//818
f 6562//819 6567//819 6552//819
f 6559//820 6550//820 6560//820
f 6553//820 6560//820 6550//820
f 6558//821 6548//821 6559//821
f 6550//822 6559//822 6548//822
f 6557//823 6547//823 6561//823
f 6556//824 6545//824 6564//824
f 6545//825 6552//825 6564//825
f 6551//826 6546//826 6544//826
f 6555//827 6562//827 6543//827
f 6552//828 6543//828 6562//828
f 6549//829 6551//829 6542//829
f 6544//829 6542//829 6551//829
f 7//830 545//830 6558//830
f 6548//831 6558//831 545//831
f 6547//832 6541//832 6561//832
f 6544//833 6546//833 6540//833
f 6549//834 6539//834 6551//834
f 6551//835 6539//835 6546//835
f 6539//834 6549//834 6538//834
f 6556//836 6561//836 6536//836
f 6541//837 6536//837 6561//837
f 6542//838 6535//838 6549//838
f 6538//839 6549//839 6534//839
f 6534//840 6549//840 6535//840
f 6541//841 6547//841 6533//841
f 6540//842 6546//842 6532//842
f 6537//843 6532//843 6546//843
f 6555//844 6531//844 7//844
f 8//845 7//845 6531//845
f 6534//846 6530//846 6538//846
f 6539//847 6529//847 6546//847
f 6537//848 6546//848 6529//848
f 9//849 10//849 543//849
f 10//7 539//7 9//7
f 543//623 10//623 542//623
f 10//170 542//170 539//170
f 543//425 542//425 9//425
f 9//170 539//170 542//170
f 6540//850 6528//850 6544//850
f 542//851 543//851 541//851
f 6542//852 6544//852 6526//852
f 6528//852 6526//852 6544//852
f 6528//853 6540//853 6524//853
f 6527//854 6528//854 6524//854
f 6554//855 6523//855 6557//855
f 6553//856 6523//856 6554//856
f 542//829 10//829 6522//829
f 6524//857 6521//857 6527//857
f 6538//858 6520//858 6539//858
f 6523//859 6553//859 6519//859
f 541//829 542//829 6517//829
f 6522//829 6517//829 542//829
f 6550//860 6516//860 6553//860
f 6548//861 6516//861 6550//861
f 6519//860 6553//860 6516//860
f 542//862 6515//862 9//862
f 541//806 6515//806 542//806
f 6517//829 6514//829 541//829
f 6527//863 6513//863 6528//863
f 6526//864 6528//864 6513//864
f 6520//858 6538//858 6512//858
f 10//865 539//865 6510//865
f 6525//866 10//866 6509//866
f 6510//865 6509//865 10//865
f 6525//867 6508//867 10//867
f 6508//868 6522//868 10//868
f 6552//869 6545//869 6507//869
f 6507//869 6518//869 6552//869
f 6543//870 6552//870 6506//870
f 6518//870 6506//870 6552//870
f 6515//871 541//871 6505//871
f 6511//851 6504//851 541//851
f 6505//872 541//872 6504//872
f 6514//873 6503//873 541//873
f 6511//874 541//874 6503//874
f 6535//875 6542//875 6502//875
f 6526//875 6502//875 6542//875
f 6529//876 6501//876 6537//876
f 6532//877 6537//877 6500//877
f 6501//878 6500//878 6537//878
f 6532//879 6498//879 6540//879
f 6524//880 6540//880 6498//880
f 6521//881 6524//881 6497//881
f 6498//882 6497//882 6524//882
f 6513//883 6496//883 6526//883
f 6502//884 6526//884 6496//884
f 6530//885 6495//885 6538//885
f 6512//885 6538//885 6495//885
f 6535//886 6493//886 6534//886
f 6530//887 6534//887 6492//887
f 6492//888 6534//888 6493//888
f 6508//889 6525//889 6491//889
f 6499//890 6491//890 6525//890
f 6529//891 6539//891 6490//891
f 6520//892 6490//892 6539//892
f 6521//893 6489//893 6527//893
f 6515//894 540//894 9//894
f 6489//895 6488//895 6527//895
f 6503//896 6486//896 6511//896
f 6494//896 6511//896 6486//896
f 6501//897 6529//897 6485//897
f 6490//898 6485//898 6529//898
f 6533//899 6484//899 6541//899
f 6509//851 6482//851 6525//851
f 6509//900 6510//900 6482//900
f 6499//639 6525//639 6482//639
f 6483//900 6482//900 6510//900
f 6536//901 6541//901 6481//901
f 6484//902 6481//902 6541//902
f 6484//903 6533//903 6480//903
f 6497//904 6479//904 6521//904
f 6489//154 6521//154 6479//154
f 6545//905 6556//905 6478//905
f 6536//906 6478//906 6556//906
f 6507//907 6545//907 6478//907
f 6481//908 6478//908 6536//908
f 6547//909 6557//909 6477//909
f 6533//910 6547//910 6477//910
f 6523//911 6477//911 6557//911
f 6480//912 6533//912 6477//912
f 6479//913 6476//913 6489//913
f 6517//154 6522//154 6475//154
f 6514//154 6517//154 6474//154
f 6475//154 6474//154 6517//154
f 540//894 6515//894 6473//894
f 6474//154 6472//154 6514//154
f 6513//914 6527//914 6471//914
f 6488//914 6471//914 6527//914
f 545//915 6469//915 6548//915
f 544//916 6469//916 545//916
f 6516//917 6548//917 6469//917
f 6543//918 6468//918 6555//918
f 6531//919 6555//919 6468//919
f 6506//920 6468//920 6543//920
f 6496//921 6513//921 6467//921
f 6471//922 6467//922 6513//922
f 6470//170 6467//170 6471//170
f 6469//923 544//923 6466//923
f 6531//924 6465//924 8//924
f 6468//925 6465//925 6531//925
f 544//926 8//926 6464//926
f 6466//927 544//927 6464//927
f 6465//928 6464//928 8//928
f 6504//929 6511//929 6463//929
f 6504//930 6463//930 6505//930
f 6494//929 6463//929 6511//929
f 6487//931 6505//931 6463//931
f 6497//932 6498//932 6462//932
f 6510//933 539//933 12//933
f 546//933 12//933 539//933
f 6519//934 6461//934 6523//934
f 6477//935 6523//935 6461//935
f 6512//936 6460//936 6520//936
f 6461//937 6519//937 6459//937
f 6516//851 6458//851 6519//851
f 6458//938 6516//938 6469//938
f 6459//851 6519//851 6458//851
f 6460//936 6512//936 6457//936
f 6505//939 6456//939 6515//939
f 6487//940 6456//940 6505//940
f 6473//939 6515//939 6456//939
f 6496//941 6454//941 6502//941
f 6495//942 6530//942 6453//942
f 6492//943 6453//943 6530//943
f 6500//944 6451//944 6532//944
f 6498//945 6532//945 6451//945
f 6462//946 6498//946 6451//946
f 6476//947 6479//947 6450//947
f 6476//948 6450//948 537//948
f 6522//949 6508//949 6449//949
f 6475//950 6522//950 6449//950
f 6503//951 6514//951 6448//951
f 6472//952 6448//952 6514//952
f 6467//953 6470//953 6447//953
f 6455//954 6447//954 6470//954
f 6502//955 6446//955 6535//955
f 6493//956 6535//956 6446//956
f 6454//957 6446//957 6502//957
f 6491//958 6499//958 6444//958
f 6452//958 6444//958 6499//958
f 6482//959 6443//959 6499//959
f 6443//960 6452//960 6499//960
f 6479//961 6497//961 6442//961
f 6462//962 6442//962 6497//962
f 6490//963 6520//963 6441//963
f 6460//964 6441//964 6520//964
f 6495//965 6436//965 6512//965
f 6457//966 6512//966 6436//966
f 6467//967 6435//967 6496//967
f 6454//968 6496//968 6435//968
f 6463//866 6494//866 6434//866
f 6434//969 6494//969 6445//969
f 6486//970 6433//970 6494//970
f 6445//971 6494//971 6433//971
f 6482//725 6483//725 6432//725
f 6443//972 6482//972 6432//972
f 6485//973 6490//973 6431//973
f 6441//973 6431//973 6490//973
f 6483//974 6510//974 6430//974
f 12//974 6430//974 6510//974
f 6491//975 6429//975 6508//975
f 6449//975 6508//975 6429//975
f 6518//976 6507//976 6428//976
f 6478//977 6428//977 6507//977
f 6439//978 6518//978 6428//978
f 6437//829 6440//829 6427//829
f 6506//979 6518//979 6426//979
f 6468//980 6506//980 6426//980
f 6439//981 6426//981 6518//981
f 6427//820 6438//820 6425//820
f 6427//829 6425//829 6437//829
f 6456//982 6487//982 6424//982
f 6486//983 6503//983 6423//983
f 6448//984 6423//984 6503//984
f 6463//985 6422//985 6487//985
f 6434//986 6422//986 6463//986
f 6485//987 6421//987 6501//987
f 6500//988 6501//988 6420//988
f 6421//989 6420//989 6501//989
f 6450//990 6479//990 6419//990
f 6442//991 6419//991 6479//991
f 6418//992 6427//992 6440//992
f 546//184 539//184 11//184
f 6473//993 11//993 540//993
f 12//994 539//994 11//994
f 6428//995 11//995 6439//995
f 6474//996 6475//996 6417//996
f 6472//996 6474//996 6416//996
f 6417//996 6416//996 6474//996
f 6456//997 6415//997 6473//997
f 6426//998 6439//998 6415//998
f 11//820 6473//820 6415//820
f 11//999 6415//999 6439//999
f 6416//996 6414//996 6472//996
f 6425//161 6413//161 6437//161
f 6447//1000 6412//1000 6467//1000
f 6435//1001 6467//1001 6412//1001
f 6453//1002 6411//1002 6495//1002
f 6436//1003 6495//1003 6411//1003
f 6446//1004 6410//1004 6493//1004
f 6493//1005 6409//1005 6492//1005
f 6409//1005 6493//1005 6410//1005
f 6421//1006 6485//1006 6408//1006
f 6451//1007 6407//1007 6462//1007
f 6442//1008 6462//1008 6406//1008
f 6407//1009 6406//1009 6462//1009
f 6449//1010 6405//1010 6475//1010
f 6417//1011 6475//1011 6405//1011
f 6488//1012 6489//1012 6404//1012
f 6471//1013 6488//1013 6404//1013
f 6437//820 6403//820 6440//820
f 6413//1014 6403//1014 6437//1014
f 6448//1015 6472//1015 6402//1015
f 6414//1016 6402//1016 6472//1016
f 6435//1017 6401//1017 6454//1017
f 6401//1018 6400//1018 6454//1018
f 6453//1019 6492//1019 6399//1019
f 6409//1020 6399//1020 6492//1020
f 6431//1021 6441//1021 6398//1021
f 6476//1022 6397//1022 6489//1022
f 6397//623 6404//623 6489//623
f 6457//1023 6396//1023 6460//1023
f 6418//1024 6440//1024 6395//1024
f 6395//820 6440//820 6403//820
f 6470//601 6471//601 6394//601
f 6404//1025 6394//1025 6471//1025
f 6423//1026 6448//1026 6393//1026
f 6402//1027 6393//1027 6448//1027
f 6452//1028 6443//1028 6392//1028
f 6420//1029 6421//1029 6391//1029
f 6451//1030 6500//1030 6390//1030
f 6420//1031 6390//1031 6500//1031
f 6407//1028 6451//1028 6390//1028
f 6391//1032 6390//1032 6420//1032
f 6419//1033 6442//1033 6389//1033
f 6406//1034 6389//1034 6442//1034
f 6444//1035 6388//1035 6491//1035
f 6429//1035 6491//1035 6388//1035
f 6432//490 6483//490 6387//490
f 6430//490 6387//490 6483//490
f 6429//1036 6385//1036 6449//1036
f 6405//1037 6449//1037 6385//1037
f 6386//1038 6385//1038 6429//1038
f 6428//1039 6478//1039 6384//1039
f 11//1040 6428//1040 6384//1040
f 12//1041 538//1041 546//1041
f 11//1042 546//1042 538//1042
f 6384//1043 538//1043 11//1043
f 6459//1044 6383//1044 6461//1044
f 6383//1045 6459//1045 6382//1045
f 6414//623 6416//623 6381//623
f 6458//1045 6380//1045 6459//1045
f 6382//1045 6459//1045 6380//1045
f 6396//1046 6457//1046 6379//1046
f 6415//1047 6456//1047 6378//1047
f 6426//1048 6377//1048 6468//1048
f 6415//1049 6377//1049 6426//1049
f 6377//1050 6415//1050 6378//1050
f 6393//1026 6376//1026 6423//1026
f 6424//1051 6487//1051 6375//1051
f 6422//1052 6375//1052 6487//1052
f 6433//1053 6486//1053 6374//1053
f 6423//1054 6374//1054 6486//1054
f 6412//1055 6373//1055 6435//1055
f 6401//1056 6435//1056 6373//1056
f 6446//1057 6454//1057 6372//1057
f 6410//1058 6446//1058 6372//1058
f 6400//1059 6372//1059 6454//1059
f 6445//1060 6371//1060 6434//1060
f 6444//1061 6452//1061 6370//1061
f 6392//1061 6370//1061 6452//1061
f 6432//1062 6369//1062 6443//1062
f 6369//1063 6392//1063 6443//1063
f 6431//1064 6368//1064 6485//1064
f 6408//1065 6485//1065 6368//1065
f 6480//1066 6367//1066 6484//1066
f 6481//1067 6484//1067 6366//1067
f 6367//1068 6366//1068 6484//1068
f 6478//1069 6481//1069 6365//1069
f 6365//1070 6384//1070 6478//1070
f 6366//1071 6365//1071 6481//1071
f 6477//1072 6364//1072 6480//1072
f 6367//1073 6480//1073 6364//1073
f 6450//1074 13//1074 537//1074
f 15//1075 13//1075 537//1075
f 6461//1076 6363//1076 6477//1076
f 6363//1077 6461//1077 6383//1077
f 6364//1078 6477//1078 6363//1078
f 6416//623 6417//623 6362//623
f 6362//623 6381//623 6416//623
f 6381//623 6361//623 6414//623
f 6469//1079 6360//1079 6458//1079
f 6380//1080 6458//1080 6360//1080
f 6466//1081 6359//1081 6469//1081
f 6360//1082 6469//1082 6359//1082
f 6465//1083 6468//1083 6358//1083
f 6377//1084 6358//1084 6468//1084
f 6464//1085 6357//1085 6466//1085
f 6359//1086 6466//1086 6357//1086
f 6464//1087 6465//1087 6356//1087
f 6358//1088 6356//1088 6465//1088
f 6357//1089 6464//1089 6356//1089
f 6411//1090 6453//1090 6355//1090
f 6399//1091 6355//1091 6453//1091
f 6422//1092 6434//1092 6354//1092
f 6354//1093 6434//1093 6371//1093
f 6433//1094 6353//1094 6445//1094
f 6371//1095 6445//1095 6353//1095
f 6406//1096 6407//1096 6352//1096
f 6390//202 6352//202 6407//202
f 6389//1097 6406//1097 6351//1097
f 6352//1098 6351//1098 6406//1098
f 6388//1099 6350//1099 6429//1099
f 6386//1100 6429//1100 6350//1100
f 6441//1101 6460//1101 551//1101
f 6398//1102 6441//1102 551//1102
f 6396//1103 551//1103 6460//1103
f 6405//1104 6349//1104 6417//1104
f 6362//1104 6417//1104 6349//1104
f 6427//1105 6418//1105 6348//1105
f 6403//1106 6413//1106 6346//1106
f 6402//1107 6414//1107 6345//1107
f 6361//1107 6345//1107 6414//1107
f 6436//1108 6344//1108 6457//1108
f 6379//1109 6457//1109 6344//1109
f 6376//1110 6343//1110 6423//1110
f 6374//1111 6423//1111 6343//1111
f 6369//1112 6432//1112 6342//1112
f 6390//1032 6391//1032 6341//1032
f 6385//1113 6386//1113 6340//1113
f 6385//1114 6339//1114 6405//1114
f 6339//1114 6349//1114 6405//1114
f 6340//1113 6339//1113 6385//1113
f 6393//1115 6402//1115 6337//1115
f 6345//1115 6337//1115 6402//1115
f 6376//1116 6393//1116 6336//1116
f 6337//1117 6336//1117 6393//1117
f 6354//1118 6335//1118 6422//1118
f 6373//1119 6334//1119 6401//1119
f 6398//1120 20//1120 6431//1120
f 6368//1121 6431//1121 20//1121
f 6430//1122 12//1122 6332//1122
f 538//1123 6332//1123 12//1123
f 6427//1124 536//1124 6438//1124
f 551//1125 6396//1125 536//1125
f 6348//1126 536//1126 6427//1126
f 6381//1127 6362//1127 6331//1127
f 6347//1128 6381//1128 6331//1128
f 6361//1129 6381//1129 6330//1129
f 6347//1130 6330//1130 6381//1130
f 6425//1131 6438//1131 6329//1131
f 6413//1132 6425//1132 6329//1132
f 6346//1133 6413//1133 6329//1133
f 6344//1134 6329//1134 6379//1134
f 6424//1135 6328//1135 6456//1135
f 6378//1136 6456//1136 6328//1136
f 6447//1137 6455//1137 6327//1137
f 6338//1138 6327//1138 6455//1138
f 6336//1139 6337//1139 6326//1139
f 6388//1140 6444//1140 6325//1140
f 6370//1141 6325//1141 6444//1141
f 6351//1142 6324//1142 6389//1142
f 6350//623 6323//623 6386//623
f 6340//623 6386//623 6323//623
f 6323//1143 6333//1143 6340//1143
f 6419//1144 6322//1144 6450//1144
f 13//1145 6450//1145 6322//1145
f 6339//1146 6340//1146 6321//1146
f 6333//1147 6321//1147 6340//1147
f 6322//1148 6320//1148 13//1148
f 6349//1149 6319//1149 6362//1149
f 6349//154 6339//154 6319//154
f 6319//1150 6331//1150 6362//1150
f 6321//1151 6319//1151 6339//1151
f 6318//1152 536//1152 6348//1152
f 6476//1153 537//1153 535//1153
f 15//1154 537//1154 535//1154
f 6397//1155 6476//1155 535//1155
f 13//1156 15//1156 535//1156
f 6395//1157 6317//1157 6418//1157
f 6348//1158 6418//1158 6317//1158
f 6403//1159 6315//1159 6395//1159
f 6346//1160 6315//1160 6403//1160
f 6455//1161 6470//1161 6314//1161
f 6394//1162 6314//1162 6470//1162
f 6338//1163 6455//1163 6314//1163
f 6315//1164 6346//1164 6313//1164
f 6337//1165 6345//1165 6312//1165
f 6312//1166 6326//1166 6337//1166
f 6412//1167 6447//1167 6311//1167
f 6327//1168 6311//1168 6447//1168
f 6343//623 6376//623 6310//623
f 6336//623 6310//623 6376//623
f 6326//1169 6310//1169 6336//1169
f 6374//1170 6309//1170 6433//1170
f 6353//1171 6433//1171 6309//1171
f 6350//1172 6388//1172 6306//1172
f 6325//1173 6306//1173 6388//1173
f 551//1174 18//1174 6398//1174
f 20//1175 6398//1175 18//1175
f 535//1176 6305//1176 6397//1176
f 6404//623 6397//623 6304//623
f 6394//623 6404//623 6304//623
f 6314//1177 6394//1177 6303//1177
f 6411//1178 524//1178 6436//1178
f 6355//1179 524//1179 6411//1179
f 6344//1180 6436//1180 524//1180
f 6343//1181 6302//1181 6374//1181
f 6309//1104 6374//1104 6302//1104
f 6351//1182 6352//1182 6298//1182
f 6387//1183 6297//1183 6432//1183
f 6342//1183 6432//1183 6297//1183
f 6389//1184 6296//1184 6419//1184
f 6324//1185 6296//1185 6389//1185
f 6322//1186 6419//1186 6296//1186
f 6294//170 6295//170 6293//170
f 6293//170 6292//170 6294//170
f 536//1187 6291//1187 551//1187
f 536//1188 6318//1188 6291//1188
f 6331//1189 6290//1189 6347//1189
f 6316//1190 6347//1190 6290//1190
f 6305//1191 6289//1191 6397//1191
f 6289//623 6304//623 6397//623
f 6304//623 6288//623 6394//623
f 6288//1192 6303//1192 6394//1192
f 6330//1193 6347//1193 6287//1193
f 6316//1194 6287//1194 6347//1194
f 6314//1195 6286//1195 6338//1195
f 6329//1196 6285//1196 6346//1196
f 6329//1197 6344//1197 6285//1197
f 6313//1196 6346//1196 6285//1196
f 6283//170 6282//170 6284//170
f 6282//170 6283//170 6281//170
f 6375//1198 6422//1198 6280//1198
f 6335//1199 6280//1199 6422//1199
f 6400//1200 6401//1200 6279//1200
f 6334//1201 6279//1201 6401//1201
f 6352//1202 6390//1202 6278//1202
f 6341//1203 6278//1203 6390//1203
f 6298//1204 6352//1204 6278//1204
f 6408//1205 6275//1205 6421//1205
f 6391//1206 6421//1206 6275//1206
f 6276//829 6274//829 6307//829
f 6307//1207 25//1207 6308//1207
f 25//1208 6307//1208 6274//1208
f 6323//1209 6350//1209 6273//1209
f 6306//1210 6273//1210 6350//1210
f 6296//1211 6324//1211 6272//1211
f 6387//1212 6430//1212 6270//1212
f 6332//1213 6270//1213 6430//1213
f 6294//1214 6269//1214 6295//1214
f 6321//1215 6333//1215 6268//1215
f 6271//1216 6268//1216 6333//1216
f 538//1217 6384//1217 6267//1217
f 6384//1218 6365//1218 6267//1218
f 6332//1219 538//1219 6267//1219
f 6331//1220 6319//1220 6266//1220
f 6290//1221 6331//1221 6266//1221
f 6318//1222 6348//1222 6265//1222
f 6317//1223 6265//1223 6348//1223
f 6317//1224 6395//1224 6263//1224
f 6315//1225 6263//1225 6395//1225
f 6313//1226 6259//1226 6315//1226
f 6345//1227 6361//1227 6258//1227
f 6330//1228 6258//1228 6361//1228
f 6312//1229 6345//1229 6258//1229
f 6287//1230 6258//1230 6330//1230
f 6378//1231 6257//1231 6377//1231
f 6358//1232 6377//1232 6257//1232
f 6328//1233 6257//1233 6378//1233
f 6281//1234 6256//1234 6282//1234
f 6326//1235 6312//1235 6255//1235
f 6375//1236 6254//1236 6424//1236
f 6328//1237 6424//1237 6254//1237
f 6255//1238 6253//1238 6326//1238
f 6253//170 6255//170 6252//170
f 6373//1239 6412//1239 6251//1239
f 6334//1240 6373//1240 6251//1240
f 6311//1241 6251//1241 6412//1241
f 6301//1242 6334//1242 6251//1242
f 6310//1243 6250//1243 6343//1243
f 6302//1210 6343//1210 6250//1210
f 6299//725 6300//725 6248//725
f 6247//1244 6248//1244 6300//1244
f 6248//1245 6246//1245 6299//1245
f 6248//170 6249//170 6246//170
f 6410//1246 6245//1246 6409//1246
f 6247//1247 6300//1247 6244//1247
f 6372//1248 6400//1248 6243//1248
f 6279//1249 6243//1249 6400//1249
f 6392//1250 6369//1250 6242//1250
f 6370//1251 6392//1251 6241//1251
f 6242//1252 6241//1252 6392//1252
f 6324//1253 6351//1253 6240//1253
f 6298//1254 6240//1254 6351//1254
f 6275//1205 6408//1205 6239//1205
f 6238//1255 6268//1255 6271//1255
f 6291//1256 6318//1256 6237//1256
f 6319//1257 6321//1257 6236//1257
f 6268//1258 6236//1258 6321//1258
f 6236//1259 6266//1259 6319//1259
f 6292//1260 6235//1260 6294//1260
f 13//1261 15//1261 16//1261
f 14//1262 13//1262 16//1262
f 6320//761 16//761 13//761
f 535//1263 13//1263 16//1263
f 16//1264 14//1264 534//1264
f 6382//860 6233//860 6383//860
f 6233//1265 6382//1265 6264//1265
f 6262//1266 6232//1266 6261//1266
f 6261//1267 6230//1267 6262//1267
f 6380//860 6229//860 6382//860
f 6264//1268 6382//1268 6229//1268
f 6282//1269 6227//1269 6284//1269
f 6258//1270 6226//1270 6312//1270
f 6226//1271 6255//1271 6312//1271
f 6259//1272 6313//1272 6225//1272
f 6251//1273 6223//1273 6301//1273
f 6399//1274 6409//1274 6222//1274
f 6222//1275 6409//1275 6245//1275
f 6301//1276 6221//1276 6334//1276
f 6279//1277 6334//1277 6221//1277
f 6371//1278 6220//1278 6354//1278
f 6353//1279 6219//1279 6371//1279
f 6220//1280 6371//1280 6219//1280
f 6307//1281 6308//1281 6218//1281
f 6276//1282 6307//1282 6218//1282
f 6341//1283 6391//1283 6217//1283
f 6275//1206 6217//1206 6391//1206
f 6277//1284 6308//1284 6216//1284
f 25//1285 6216//1285 6308//1285
f 6238//1286 6271//1286 6214//1286
f 6333//1287 6323//1287 6213//1287
f 6273//1288 6213//1288 6323//1288
f 6271//1289 6333//1289 6213//1289
f 6215//1290 6213//1290 6273//1290
f 6213//1291 6214//1291 6271//1291
f 6269//1292 6211//1292 6295//1292
f 6212//1293 6295//1293 6211//1293
f 6364//1294 6210//1294 6367//1294
f 6366//1295 6367//1295 6209//1295
f 6210//1295 6209//1295 6367//1295
f 6365//1296 6366//1296 6208//1296
f 6267//1297 6365//1297 6208//1297
f 6209//1298 6208//1298 6366//1298
f 6269//1299 6294//1299 6206//1299
f 6235//1300 6206//1300 6294//1300
f 6207//865 6206//865 6235//865
f 6363//1301 6205//1301 6364//1301
f 6210//1302 6364//1302 6205//1302
f 6291//1303 6204//1303 551//1303
f 6237//1304 6204//1304 6291//1304
f 6207//1305 6235//1305 6203//1305
f 6383//1306 6202//1306 6363//1306
f 6233//1307 6202//1307 6383//1307
f 6205//1301 6363//1301 6202//1301
f 6263//851 6201//851 6317//851
f 6262//1308 6200//1308 6232//1308
f 6262//1308 6231//1308 6200//1308
f 6261//1309 6232//1309 6199//1309
f 6200//1310 6231//1310 6197//1310
f 6199//1311 6196//1311 6261//1311
f 6230//1312 6261//1312 6195//1312
f 533//1313 6230//1313 6195//1313
f 6196//1314 6195//1314 6261//1314
f 6262//1315 6194//1315 6231//1315
f 6230//1315 6194//1315 6262//1315
f 6197//1316 6231//1316 6194//1316
f 6263//851 6315//851 6193//851
f 6259//851 6193//851 6315//851
f 6260//852 533//852 17//852
f 6360//1317 6192//1317 6380//1317
f 6229//1318 6380//1318 6192//1318
f 6285//1319 6344//1319 6190//1319
f 6285//1320 6190//1320 6313//1320
f 6225//1321 6313//1321 6190//1321
f 6359//1322 6189//1322 6360//1322
f 6192//1322 6360//1322 6189//1322
f 6191//1323 6227//1323 6188//1323
f 6256//1324 6187//1324 6282//1324
f 6227//1325 6282//1325 6187//1325
f 6188//872 6227//872 6187//872
f 6356//1326 6358//1326 6186//1326
f 6257//1327 6186//1327 6358//1327
f 6357//1328 6185//1328 6359//1328
f 6189//1328 6359//1328 6185//1328
f 6356//1329 6184//1329 6357//1329
f 6186//1330 6184//1330 6356//1330
f 6185//1329 6357//1329 6184//1329
f 6256//1331 6281//1331 6183//1331
f 6183//1332 6281//1332 6182//1332
f 6249//1333 42//1333 27//1333
f 6248//1334 42//1334 6249//1334
f 6310//1335 6326//1335 6181//1335
f 6253//1336 6181//1336 6326//1336
f 6250//1337 6310//1337 6181//1337
f 6252//150 6180//150 6253//150
f 6224//1338 6180//1338 6252//1338
f 6181//1339 6253//1339 6180//1339
f 6181//1340 6179//1340 6250//1340
f 6244//1247 6178//1247 6247//1247
f 6372//1341 6177//1341 6410//1341
f 6245//1342 6410//1342 6177//1342
f 6299//1343 6176//1343 6300//1343
f 6246//1344 6176//1344 6299//1344
f 6277//1345 6175//1345 6308//1345
f 6218//1346 6308//1346 6175//1346
f 6175//1347 6277//1347 6174//1347
f 6272//1348 6324//1348 6173//1348
f 6240//1349 6173//1349 6324//1349
f 6173//1350 6172//1350 6272//1350
f 6368//1351 6171//1351 6408//1351
f 6239//1352 6408//1352 6171//1352
f 6214//1353 6170//1353 6238//1353
f 6274//1354 21//1354 25//1354
f 19//1355 23//1355 21//1355
f 19//1356 23//1356 22//1356
f 21//1357 25//1357 22//1357
f 21//1358 23//1358 22//1358
f 6293//1359 6295//1359 6169//1359
f 6212//1360 6169//1360 6295//1360
f 16//1361 6320//1361 6168//1361
f 16//1362 532//1362 14//1362
f 534//1363 14//1363 532//1363
f 534//1364 16//1364 532//1364
f 6234//1365 534//1365 532//1365
f 6168//1366 532//1366 16//1366
f 6290//1367 6167//1367 6316//1367
f 6167//1368 6198//1368 6316//1368
f 6200//1310 6197//1310 6166//1310
f 6379//1369 531//1369 6396//1369
f 536//623 531//623 6438//623
f 536//1370 6396//1370 531//1370
f 6329//623 6438//623 531//623
f 6329//1371 531//1371 6379//1371
f 6304//1372 6289//1372 6163//1372
f 6288//1373 6304//1373 6163//1373
f 6162//1310 6166//1310 6197//1310
f 6196//1374 6164//1374 530//1374
f 6195//1375 6196//1375 6161//1375
f 530//1375 6161//1375 6196//1375
f 6287//1181 6316//1181 6160//1181
f 6198//1376 6160//1376 6316//1376
f 6195//1377 6159//1377 533//1377
f 6159//1378 17//1378 533//1378
f 6161//1379 6159//1379 6195//1379
f 6286//1380 6158//1380 6338//1380
f 6228//1381 6158//1381 6286//1381
f 6260//1382 547//1382 533//1382
f 533//1383 547//1383 6230//1383
f 6228//1384 6230//1384 547//1384
f 17//1385 547//1385 6260//1385
f 6158//1207 6228//1207 547//1207
f 6281//1386 6283//1386 6157//1386
f 6157//1387 6182//1387 6281//1387
f 6180//1338 6224//1338 6156//1338
f 6355//1388 6399//1388 6155//1388
f 6222//1389 6155//1389 6399//1389
f 6178//1390 6244//1390 6154//1390
f 6223//1391 6153//1391 6301//1391
f 6221//1392 6301//1392 6153//1392
f 6153//1393 6223//1393 6152//1393
f 6309//1394 6151//1394 6353//1394
f 6219//1395 6353//1395 6151//1395
f 6244//1396 6300//1396 6150//1396
f 6150//1397 6300//1397 6176//1397
f 6154//1398 6244//1398 6150//1398
f 6218//1282 6149//1282 6276//1282
f 6342//1399 6148//1399 6369//1399
f 6325//1400 6370//1400 6147//1400
f 6241//1401 6147//1401 6370//1401
f 6274//1402 6276//1402 6146//1402
f 6278//1403 6341//1403 6145//1403
f 6217//1404 6145//1404 6341//1404
f 6216//1405 6144//1405 6277//1405
f 6174//1406 6277//1406 6144//1406
f 19//1407 33//1407 23//1407
f 22//1408 23//1408 33//1408
f 22//1409 19//1409 33//1409
f 6265//1410 6143//1410 6318//1410
f 6237//1411 6318//1411 6143//1411
f 6169//1412 6142//1412 6293//1412
f 532//1413 6141//1413 6234//1413
f 6266//1414 6140//1414 6290//1414
f 6167//1415 6290//1415 6140//1415
f 6292//1416 6293//1416 6139//1416
f 6142//1417 6139//1417 6293//1417
f 6165//1418 6199//1418 6138//1418
f 6305//1419 535//1419 6137//1419
f 6289//1420 6305//1420 6137//1420
f 6163//1372 6289//1372 6137//1372
f 6162//1266 6163//1266 6137//1266
f 6303//1421 6288//1421 26//1421
f 6163//1373 26//1373 6288//1373
f 6162//1267 26//1267 6163//1267
f 6194//33 548//33 6197//33
f 6197//1422 548//1422 6162//1422
f 26//1267 6162//1267 548//1267
f 6159//1379 6161//1379 6136//1379
f 17//1423 6159//1423 6135//1423
f 6136//1424 6135//1424 6159//1424
f 6283//1425 6284//1425 6134//1425
f 6258//1426 6287//1426 6133//1426
f 6160//1427 6133//1427 6287//1427
f 547//1428 17//1428 6132//1428
f 6157//1429 6283//1429 6131//1429
f 6134//1430 6131//1430 6283//1430
f 6225//1431 6130//1431 6259//1431
f 32//1432 42//1432 28//1432
f 6154//1433 6129//1433 6178//1433
f 6246//1402 6249//1402 6128//1402
f 6243//1434 6127//1434 6372//1434
f 6177//1435 6372//1435 6127//1435
f 6335//1436 6354//1436 6126//1436
f 6280//1437 6335//1437 6126//1437
f 6302//1438 6125//1438 6309//1438
f 6151//1394 6309//1394 6125//1394
f 6176//1344 6246//1344 6124//1344
f 6306//1439 6325//1439 6123//1439
f 6147//1400 6123//1400 6325//1400
f 6170//1440 34//1440 6238//1440
f 6211//1441 6269//1441 6122//1441
f 6206//1442 6122//1442 6269//1442
f 6206//169 6207//169 6122//169
f 6270//1443 6332//1443 6121//1443
f 6267//1444 6121//1444 6332//1444
f 6268//1445 6238//1445 6120//1445
f 6236//1446 6268//1446 6120//1446
f 6203//193 6119//193 6207//193
f 6119//193 6203//193 6118//193
f 6266//1447 6236//1447 6117//1447
f 6117//1448 6140//1448 6266//1448
f 6120//1449 6117//1449 6236//1449
f 6235//1450 6292//1450 6116//1450
f 6203//1451 6235//1451 6116//1451
f 6116//1452 6292//1452 6139//1452
f 6232//1453 6115//1453 534//1453
f 6200//1454 6115//1454 6232//1454
f 6200//1455 6166//1455 6115//1455
f 6162//1456 6114//1456 6166//1456
f 6137//1311 6114//1311 6162//1311
f 6164//829 6165//829 29//829
f 530//769 6164//769 29//769
f 6138//1457 29//1457 6165//1457
f 6201//1458 6263//1458 6113//1458
f 6111//425 26//425 548//425
f 6228//1459 6110//1459 6230//1459
f 6194//1460 6230//1460 6110//1460
f 548//1461 6194//1461 6110//1461
f 6227//1462 6109//1462 6284//1462
f 6191//1463 6109//1463 6227//1463
f 6109//171 6134//171 6284//171
f 6226//1464 6258//1464 6108//1464
f 6133//1465 6108//1465 6258//1465
f 6188//1466 6107//1466 6191//1466
f 6107//193 6188//193 6106//193
f 6252//1141 6255//1141 6105//1141
f 6255//1467 6226//1467 6105//1467
f 6108//1468 6105//1468 6226//1468
f 6257//1469 6328//1469 6104//1469
f 6254//1470 6104//1470 6328//1470
f 6187//1471 6256//1471 6103//1471
f 6187//161 6103//161 6188//161
f 6183//1472 6103//1472 6256//1472
f 6156//1473 6224//1473 550//1473
f 32//1474 550//1474 42//1474
f 6248//1475 6247//1475 41//1475
f 42//1476 6248//1476 41//1476
f 524//1477 6355//1477 45//1477
f 27//161 524//161 45//161
f 6249//1478 27//1478 45//1478
f 6155//1479 45//1479 6355//1479
f 28//1480 45//1480 524//1480
f 45//1481 6128//1481 6249//1481
f 20//1482 24//1482 6368//1482
f 18//1483 20//1483 24//1483
f 19//1484 18//1484 24//1484
f 6171//1485 6368//1485 24//1485
f 21//1486 18//1486 24//1486
f 21//1487 6274//1487 24//1487
f 6146//1488 24//1488 6274//1488
f 22//1489 25//1489 37//1489
f 6211//1490 6102//1490 6212//1490
f 6120//1491 6238//1491 6101//1491
f 6204//1492 35//1492 551//1492
f 6204//1493 6237//1493 35//1493
f 33//1494 34//1494 35//1494
f 6265//1495 6317//1495 6100//1495
f 6201//1496 6100//1496 6317//1496
f 6234//1497 6099//1497 534//1497
f 6232//1498 534//1498 6099//1498
f 6199//1499 6232//1499 6099//1499
f 6138//1500 6199//1500 6099//1500
f 531//623 536//623 528//623
f 6113//1501 528//1501 6201//1501
f 6161//154 530//154 50//154
f 6136//1502 6161//1502 50//1502
f 6193//1503 6098//1503 6263//1503
f 6113//1504 6263//1504 6098//1504
f 6135//1505 6096//1505 17//1505
f 6132//1506 17//1506 6096//1506
f 6193//851 6259//851 6095//851
f 6130//851 6095//851 6259//851
f 6098//1507 6193//1507 6095//1507
f 6106//1508 6188//1508 6094//1508
f 6103//161 6094//161 6188//161
f 6224//1509 6252//1509 6093//1509
f 6105//1510 6093//1510 6252//1510
f 550//1511 6224//1511 6093//1511
f 6182//1512 6092//1512 6183//1512
f 6250//1513 6091//1513 6302//1513
f 6125//1514 6302//1514 6091//1514
f 6150//1515 6090//1515 6154//1515
f 6278//1516 6089//1516 6298//1516
f 6145//1517 6088//1517 6278//1517
f 6089//1518 6278//1518 6088//1518
f 6174//1519 6087//1519 6175//1519
f 6273//1520 6306//1520 6086//1520
f 6123//1521 6086//1521 6306//1521
f 6215//1522 6273//1522 6085//1522
f 6086//1523 6085//1523 6273//1523
f 6144//1524 6084//1524 6174//1524
f 6087//1525 6174//1525 6084//1525
f 6085//1526 6083//1526 6215//1526
f 6084//1527 6144//1527 6082//1527
f 6213//1528 6215//1528 6081//1528
f 6083//1529 6081//1529 6215//1529
f 6081//1530 6080//1530 6213//1530
f 22//1531 23//1531 527//1531
f 6172//1532 6079//1532 6272//1532
f 6078//1533 25//1533 37//1533
f 6297//1534 6387//1534 6077//1534
f 6270//1535 6077//1535 6387//1535
f 6121//1536 6077//1536 6270//1536
f 34//1537 6170//1537 6076//1537
f 6076//1245 526//1245 34//1245
f 21//1538 18//1538 6075//1538
f 22//1539 21//1539 6075//1539
f 6075//1540 18//1540 35//1540
f 6122//1541 6074//1541 6211//1541
f 6102//1542 6211//1542 6074//1542
f 6272//1543 6073//1543 6296//1543
f 6079//1544 6073//1544 6272//1544
f 6169//1545 6212//1545 6072//1545
f 6320//1546 6322//1546 6071//1546
f 6296//1547 6071//1547 6322//1547
f 6073//1548 6071//1548 6296//1548
f 6208//1549 6070//1549 6267//1549
f 6121//1550 6267//1550 6070//1550
f 6118//1551 6203//1551 6069//1551
f 6116//1552 6069//1552 6203//1552
f 16//1553 6068//1553 535//1553
f 534//1554 6068//1554 16//1554
f 6137//1555 535//1555 6068//1555
f 6115//1556 6068//1556 534//1556
f 6115//1557 6166//1557 6068//1557
f 6114//1557 6068//1557 6166//1557
f 6114//1558 6137//1558 6068//1558
f 50//1559 6112//1559 525//1559
f 6303//1560 549//1560 6314//1560
f 6286//1561 6314//1561 549//1561
f 6228//1562 6286//1562 549//1562
f 26//1563 549//1563 6303//1563
f 6111//1564 549//1564 26//1564
f 548//1565 549//1565 6111//1565
f 6110//1566 6228//1566 549//1566
f 6110//1567 549//1567 548//1567
f 6135//1568 6136//1568 520//1568
f 50//1569 520//1569 6136//1569
f 6097//1570 520//1570 50//1570
f 6096//1571 6135//1571 520//1571
f 6107//1572 6067//1572 6191//1572
f 6327//1573 6338//1573 6066//1573
f 6311//1573 6327//1573 6066//1573
f 6130//1574 6225//1574 6065//1574
f 524//1575 6064//1575 6344//1575
f 6190//1576 6344//1576 6064//1576
f 6190//1577 6064//1577 6225//1577
f 6065//1578 6225//1578 6064//1578
f 6186//1579 6257//1579 6063//1579
f 6104//1580 6063//1580 6257//1580
f 6066//1581 6062//1581 6311//1581
f 27//1582 523//1582 524//1582
f 28//1583 524//1583 523//1583
f 28//1584 42//1584 523//1584
f 28//1585 523//1585 32//1585
f 6064//1586 524//1586 523//1586
f 6182//1587 6157//1587 6061//1587
f 6103//1588 6183//1588 6060//1588
f 6094//1589 6103//1589 6060//1589
f 6060//1590 6183//1590 6092//1590
f 6251//1591 6311//1591 6059//1591
f 6223//1592 6251//1592 6059//1592
f 6062//1593 6059//1593 6311//1593
f 6280//1594 6058//1594 6375//1594
f 6254//1595 6375//1595 6058//1595
f 550//1596 42//1596 516//1596
f 550//1597 516//1597 6156//1597
f 41//1598 42//1598 516//1598
f 41//1599 28//1599 516//1599
f 523//1600 516//1600 42//1600
f 523//1601 28//1601 516//1601
f 6179//1602 6181//1602 6056//1602
f 6056//1577 6181//1577 6057//1577
f 30//1603 28//1603 47//1603
f 45//1604 28//1604 47//1604
f 6056//1605 6055//1605 6179//1605
f 6129//1606 6154//1606 6054//1606
f 6054//1607 6154//1607 6090//1607
f 6179//1608 6053//1608 6250//1608
f 6091//1609 6250//1609 6053//1609
f 6055//1505 6053//1505 6179//1505
f 6127//1610 6243//1610 6052//1610
f 6243//1611 6279//1611 6051//1611
f 6052//1612 6243//1612 6051//1612
f 6297//1613 6050//1613 6342//1613
f 6148//1614 6342//1614 6050//1614
f 6214//1615 6213//1615 6049//1615
f 6080//1616 6049//1616 6213//1616
f 6074//725 6122//725 6048//725
f 6071//1617 6047//1617 6320//1617
f 6141//1618 532//1618 6046//1618
f 6141//1619 6045//1619 6234//1619
f 6099//1620 6234//1620 6045//1620
f 29//1621 6138//1621 6044//1621
f 6099//1622 6044//1622 6138//1622
f 6045//1622 6044//1622 6099//1622
f 529//1623 29//1623 522//1623
f 50//1624 529//1624 522//1624
f 6044//1625 522//1625 29//1625
f 6096//1626 6043//1626 6132//1626
f 6066//1627 6338//1627 6042//1627
f 6132//1628 6041//1628 547//1628
f 6041//158 6132//158 6040//158
f 6060//1629 6039//1629 6094//1629
f 6152//1630 6223//1630 521//1630
f 6059//1631 521//1631 6223//1631
f 6180//1632 6038//1632 6181//1632
f 6057//1633 6181//1633 6038//1633
f 6126//1437 6037//1437 6280//1437
f 6058//1634 6280//1634 6037//1634
f 6240//1635 6298//1635 6036//1635
f 6089//1636 6036//1636 6298//1636
f 6149//1637 6035//1637 6276//1637
f 6146//1638 6276//1638 6035//1638
f 6079//1639 6172//1639 509//1639
f 6216//1640 25//1640 44//1640
f 6170//1641 6214//1641 44//1641
f 21//1642 25//1642 44//1642
f 6078//1643 44//1643 25//1643
f 6076//1644 6170//1644 44//1644
f 6049//1641 44//1641 6214//1641
f 34//1645 19//1645 36//1645
f 34//1646 36//1646 6238//1646
f 6101//1647 6238//1647 36//1647
f 6034//1648 6046//1648 532//1648
f 6118//1649 6033//1649 6119//1649
f 6158//1650 6031//1650 6338//1650
f 547//1578 6031//1578 6158//1578
f 6042//1651 6338//1651 6031//1651
f 6031//1652 547//1652 6041//1652
f 6106//1649 6030//1649 6107//1649
f 6178//1653 553//1653 6247//1653
f 6156//1654 553//1654 6180//1654
f 6129//1655 553//1655 6178//1655
f 6038//1656 6180//1656 553//1656
f 521//1657 6029//1657 6152//1657
f 6128//1658 6028//1658 6246//1658
f 6124//1659 6246//1659 6028//1659
f 6221//1660 6027//1660 6279//1660
f 6051//1661 6279//1661 6027//1661
f 6242//1662 6369//1662 6026//1662
f 6241//171 6242//171 6026//171
f 6148//1663 6026//1663 6369//1663
f 6144//1664 6216//1664 51//1664
f 6082//1665 6144//1665 51//1665
f 44//1666 51//1666 6216//1666
f 509//1667 43//1667 6079//1667
f 6074//1668 6025//1668 6102//1668
f 6048//725 6025//725 6074//725
f 6102//1669 6024//1669 6212//1669
f 6072//1670 6212//1670 6024//1670
f 6025//1671 6024//1671 6102//1671
f 6122//1672 6207//1672 6023//1672
f 6119//1673 6023//1673 6207//1673
f 6048//755 6122//755 6023//755
f 6033//1674 6023//1674 6119//1674
f 6168//1675 6320//1675 6022//1675
f 532//1676 6168//1676 6022//1676
f 6047//1677 6022//1677 6320//1677
f 6034//171 532//171 6022//171
f 6142//1678 6169//1678 6021//1678
f 6072//1679 6021//1679 6169//1679
f 6143//1680 6265//1680 552//1680
f 6100//1680 552//1680 6265//1680
f 6046//1681 6020//1681 6141//1681
f 6045//1682 6141//1682 6020//1682
f 536//1683 551//1683 6019//1683
f 35//1684 6019//1684 551//1684
f 528//623 536//623 6019//623
f 6098//1685 6017//1685 6113//1685
f 6095//1686 6016//1686 6098//1686
f 520//1687 6015//1687 6096//1687
f 6043//1688 6096//1688 6015//1688
f 6067//1689 6107//1689 6014//1689
f 6030//1690 6014//1690 6107//1690
f 6095//1691 6130//1691 6013//1691
f 6065//1692 6013//1692 6130//1692
f 6016//1693 6095//1693 6013//1693
f 6092//1694 6012//1694 6060//1694
f 6039//1695 6060//1695 6012//1695
f 6092//1696 6182//1696 6011//1696
f 6061//1697 6011//1697 6182//1697
f 6012//158 6092//158 6011//158
f 30//1448 42//1448 48//1448
f 516//1698 28//1698 48//1698
f 516//1699 30//1699 48//1699
f 47//1700 28//1700 48//1700
f 47//1701 48//1701 30//1701
f 6054//1702 6010//1702 6129//1702
f 553//1703 6129//1703 6010//1703
f 6220//1704 6009//1704 6354//1704
f 6219//1578 6009//1578 6220//1578
f 6126//1705 6354//1705 6009//1705
f 6175//1706 6008//1706 6218//1706
f 6149//1707 6218//1707 6008//1707
f 6100//1708 6201//1708 6007//1708
f 528//95 6007//95 6201//95
f 552//1709 6100//1709 6007//1709
f 6019//1710 6007//1710 528//1710
f 6044//1711 6045//1711 6006//1711
f 522//1625 6044//1625 6006//1625
f 6020//1712 6006//1712 6045//1712
f 528//1713 6005//1713 536//1713
f 528//1714 6113//1714 6005//1714
f 6005//1715 6113//1715 6017//1715
f 50//184 504//184 6112//184
f 525//1716 6112//1716 504//1716
f 522//1717 504//1717 50//1717
f 6017//1718 6098//1718 6003//1718
f 6003//1719 6098//1719 6016//1719
f 6097//1720 50//1720 31//1720
f 520//1721 6097//1721 31//1721
f 31//1722 6015//1722 520//1722
f 6043//1723 6002//1723 6132//1723
f 6040//1724 6132//1724 6002//1724
f 6015//1725 6002//1725 6043//1725
f 6131//1726 6001//1726 6157//1726
f 6042//1727 6000//1727 6066//1727
f 6031//1505 6000//1505 6042//1505
f 6041//1728 6000//1728 6031//1728
f 6184//1729 6186//1729 5999//1729
f 6063//1730 5999//1730 6186//1730
f 32//1731 42//1731 519//1731
f 550//1732 519//1732 42//1732
f 550//1733 32//1733 519//1733
f 6029//1734 521//1734 511//1734
f 6090//1735 6150//1735 5997//1735
f 6153//1736 5996//1736 6221//1736
f 6152//1737 5996//1737 6153//1737
f 6027//1738 6221//1738 5996//1738
f 6124//1739 5995//1739 6176//1739
f 6173//1740 6240//1740 5994//1740
f 6172//171 6173//171 5994//171
f 6036//1741 5994//1741 6240//1741
f 509//1742 6172//1742 5993//1742
f 5994//171 5993//171 6172//171
f 6087//1743 5992//1743 6175//1743
f 6008//1744 6175//1744 5992//1744
f 6035//1745 6149//1745 5991//1745
f 6008//1746 5991//1746 6149//1746
f 6217//1747 6275//1747 5990//1747
f 6084//1748 5989//1748 6087//1748
f 5992//1749 6087//1749 5989//1749
f 6239//1750 5988//1750 6275//1750
f 5990//1751 6275//1751 5988//1751
f 6082//1752 5987//1752 6084//1752
f 51//1753 5987//1753 6082//1753
f 5989//1754 6084//1754 5987//1754
f 6073//1755 6079//1755 5986//1755
f 6071//1756 6073//1756 5986//1756
f 6047//1757 6071//1757 5985//1757
f 6022//1758 6047//1758 5985//1758
f 5986//1759 5985//1759 6071//1759
f 6209//1760 6210//1760 5984//1760
f 6208//1761 6209//1761 5983//1761
f 6070//1762 6208//1762 5983//1762
f 5984//1760 5983//1760 6209//1760
f 6205//1763 5982//1763 6210//1763
f 5984//1764 6210//1764 5982//1764
f 6046//1765 6034//1765 5981//1765
f 6202//1766 5980//1766 6205//1766
f 5982//1767 6205//1767 5980//1767
f 6069//1768 5979//1768 6118//1768
f 6033//1769 6118//1769 5979//1769
f 6198//1770 6167//1770 5978//1770
f 6004//1771 6198//1771 5978//1771
f 6264//1772 5977//1772 6233//1772
f 518//1773 5977//1773 6264//1773
f 504//1774 522//1774 5976//1774
f 6160//1775 6198//1775 5975//1775
f 6004//1775 5975//1775 6198//1775
f 6185//1776 5973//1776 6189//1776
f 5974//1777 6189//1777 5973//1777
f 6184//425 5972//425 6185//425
f 5999//1778 5972//1778 6184//1778
f 5973//425 6185//425 5972//425
f 6062//1779 6066//1779 5971//1779
f 6000//1780 5971//1780 6066//1780
f 6010//1781 6054//1781 5970//1781
f 6090//1782 5969//1782 6054//1782
f 5997//1783 5969//1783 6090//1783
f 5970//851 6054//851 5969//851
f 6245//1784 5968//1784 6222//1784
f 6177//1785 5967//1785 6245//1785
f 5968//1786 6245//1786 5967//1786
f 6028//1787 5966//1787 6124//1787
f 5995//1788 6124//1788 5966//1788
f 6029//1789 5965//1789 6152//1789
f 5996//1790 6152//1790 5965//1790
f 6176//1791 5964//1791 6150//1791
f 5997//1792 6150//1792 5964//1792
f 5995//1793 5964//1793 6176//1793
f 6147//1794 6241//1794 5963//1794
f 6026//1795 5963//1795 6241//1795
f 6123//1796 6147//1796 5962//1796
f 5963//171 5962//171 6147//171
f 6145//1797 6217//1797 5961//1797
f 5990//1798 5961//1798 6217//1798
f 6171//1799 5960//1799 6239//1799
f 5988//1800 6239//1800 5960//1800
f 6077//1801 6121//1801 5959//1801
f 6070//1802 5959//1802 6121//1802
f 6075//1803 38//1803 22//1803
f 35//1804 38//1804 6075//1804
f 36//1805 19//1805 38//1805
f 33//1806 34//1806 517//1806
f 35//1807 33//1807 517//1807
f 35//1808 34//1808 517//1808
f 38//1809 33//1809 517//1809
f 38//1810 35//1810 517//1810
f 6143//1811 39//1811 6237//1811
f 35//1812 6237//1812 39//1812
f 6019//1813 35//1813 39//1813
f 517//1814 35//1814 39//1814
f 517//170 38//170 39//170
f 6140//1815 5958//1815 6167//1815
f 6140//1816 6117//1816 5958//1816
f 5958//1817 5978//1817 6167//1817
f 6069//1818 6116//1818 5957//1818
f 5957//1819 6116//1819 5956//1819
f 5955//1820 5976//1820 522//1820
f 6229//1821 499//1821 6264//1821
f 6192//1822 499//1822 6229//1822
f 518//1823 6264//1823 499//1823
f 6133//1824 6160//1824 5952//1824
f 6108//1825 6133//1825 5952//1825
f 5975//1826 5952//1826 6160//1826
f 6105//1827 6108//1827 5951//1827
f 5952//1828 5951//1828 6108//1828
f 6064//1829 5949//1829 6065//1829
f 550//1830 5948//1830 42//1830
f 6093//1831 5948//1831 550//1831
f 523//1832 42//1832 5948//1832
f 6059//1833 6062//1833 5947//1833
f 5971//1834 5947//1834 6062//1834
f 6104//1835 6254//1835 5946//1835
f 6063//1836 6104//1836 5946//1836
f 6058//1837 5946//1837 6254//1837
f 6155//1838 6222//1838 5944//1838
f 5944//1479 6222//1479 5968//1479
f 6127//1839 5943//1839 6177//1839
f 5967//1840 6177//1840 5943//1840
f 6151//1841 66//1841 6219//1841
f 6009//1842 6219//1842 66//1842
f 6125//1843 491//1843 6151//1843
f 66//1844 6151//1844 491//1844
f 6086//1845 6123//1845 5942//1845
f 5962//1846 5942//1846 6123//1846
f 6085//1847 6086//1847 5941//1847
f 5942//1847 5941//1847 6086//1847
f 6050//1848 5940//1848 6148//1848
f 6026//1849 6148//1849 5940//1849
f 6083//1850 6085//1850 5939//1850
f 5941//1206 5939//1206 6085//1206
f 6081//1851 6083//1851 5938//1851
f 5939//1852 5938//1852 6083//1852
f 6077//1853 5937//1853 6297//1853
f 6050//1854 6297//1854 5937//1854
f 6080//1855 6081//1855 5936//1855
f 5938//1546 5936//1546 6081//1546
f 6049//1856 6080//1856 506//1856
f 44//1857 6049//1857 506//1857
f 51//1858 44//1858 506//1858
f 5936//1859 506//1859 6080//1859
f 6024//1860 5935//1860 6072//1860
f 35//1861 34//1861 514//1861
f 36//1862 19//1862 514//1862
f 36//1863 34//1863 514//1863
f 38//1864 36//1864 514//1864
f 39//1865 35//1865 514//1865
f 39//251 38//251 514//251
f 6022//171 5934//171 6034//171
f 5985//1758 5934//1758 6022//1758
f 6101//1866 5933//1866 6120//1866
f 36//1867 5933//1867 6101//1867
f 517//1868 5933//1868 36//1868
f 6117//1869 6120//1869 5932//1869
f 5958//1870 6117//1870 5932//1870
f 5933//1871 5932//1871 6120//1871
f 552//1872 55//1872 6143//1872
f 517//1873 38//1873 55//1873
f 39//1874 6143//1874 55//1874
f 39//1875 517//1875 55//1875
f 6020//1876 6046//1876 5931//1876
f 5981//1877 5931//1877 6046//1877
f 6139//1878 6142//1878 60//1878
f 6139//1879 60//1879 6116//1879
f 5956//1880 6116//1880 60//1880
f 5978//1881 5958//1881 5930//1881
f 5975//1882 6004//1882 5928//1882
f 5952//1883 5975//1883 5928//1883
f 5929//1884 5952//1884 5928//1884
f 5954//1885 6109//1885 5927//1885
f 6131//1886 6134//1886 5926//1886
f 6134//1887 6109//1887 5926//1887
f 5954//1888 5926//1888 6109//1888
f 6016//1889 5925//1889 6003//1889
f 6002//1890 5924//1890 6040//1890
f 5950//1891 6040//1891 5924//1891
f 6013//1892 6065//1892 5923//1892
f 5949//1893 5923//1893 6065//1893
f 5949//1894 5998//1894 5923//1894
f 6013//1895 5922//1895 6016//1895
f 5923//1896 5922//1896 6013//1896
f 5923//353 5998//353 5922//353
f 5971//1897 6000//1897 5921//1897
f 6040//1578 5920//1578 6041//1578
f 6000//1898 6041//1898 5920//1898
f 5950//1899 5920//1899 6040//1899
f 5921//1900 6000//1900 5920//1900
f 6093//1901 6105//1901 5919//1901
f 5951//1902 5919//1902 6105//1902
f 5948//1903 6093//1903 5919//1903
f 5949//1904 6064//1904 5918//1904
f 5949//1905 5918//1905 519//1905
f 5945//1906 5917//1906 5998//1906
f 5922//1907 5998//1907 5917//1907
f 521//1908 6059//1908 510//1908
f 511//1909 510//1909 521//1909
f 5947//1910 510//1910 6059//1910
f 41//1911 6247//1911 46//1911
f 30//1912 28//1912 46//1912
f 516//1913 46//1913 6156//1913
f 516//1914 28//1914 46//1914
f 516//1915 30//1915 46//1915
f 553//1916 46//1916 6247//1916
f 553//1917 6156//1917 46//1917
f 48//1918 30//1918 46//1918
f 6038//1919 5915//1919 6057//1919
f 6057//1920 5914//1920 6056//1920
f 5915//1921 5914//1921 6057//1921
f 6037//1922 5913//1922 6058//1922
f 45//1923 6155//1923 493//1923
f 45//1924 28//1924 493//1924
f 6128//1925 45//1925 493//1925
f 6028//1926 6128//1926 493//1926
f 5944//1923 493//1923 6155//1923
f 6055//1927 6056//1927 5912//1927
f 5914//1928 5912//1928 6056//1928
f 6037//1929 6126//1929 5911//1929
f 6009//1930 5911//1930 6126//1930
f 6053//1931 6055//1931 5910//1931
f 5912//1932 5910//1932 6055//1932
f 6091//1933 5909//1933 6125//1933
f 491//1934 6125//1934 5909//1934
f 6053//1935 5908//1935 6091//1935
f 5910//1936 5908//1936 6053//1936
f 5909//1737 6091//1737 5908//1737
f 6088//1937 5907//1937 6089//1937
f 6088//1938 6145//1938 5906//1938
f 5961//1939 5906//1939 6145//1939
f 5907//1940 6088//1940 5906//1940
f 24//1941 5905//1941 6171//1941
f 24//1942 6146//1942 5905//1942
f 6035//1943 5905//1943 6146//1943
f 5960//1944 6171//1944 5905//1944
f 527//1945 24//1945 5904//1945
f 6025//1946 6048//1946 5903//1946
f 6023//1947 5903//1947 6048//1947
f 37//1948 527//1948 5902//1948
f 5904//1949 5902//1949 527//1949
f 43//1950 509//1950 49//1950
f 21//1951 515//1951 25//1951
f 526//1952 6076//1952 515//1952
f 44//1953 25//1953 515//1953
f 44//1954 515//1954 21//1954
f 44//1955 515//1955 6076//1955
f 38//1956 526//1956 515//1956
f 506//1957 515//1957 44//1957
f 43//1958 5901//1958 6079//1958
f 5986//1959 6079//1959 5901//1959
f 49//1723 5901//1723 43//1723
f 5985//1960 5986//1960 5900//1960
f 5900//1526 5934//1526 5985//1526
f 6021//1961 6072//1961 5899//1961
f 5935//1962 5899//1962 6072//1962
f 18//1963 551//1963 5898//1963
f 5981//1964 6034//1964 5897//1964
f 5934//1965 5897//1965 6034//1965
f 35//1966 34//1966 40//1966
f 38//1967 35//1967 40//1967
f 39//1968 35//1968 40//1968
f 39//1969 38//1969 40//1969
f 40//1970 35//1970 514//1970
f 40//1971 36//1971 514//1971
f 5896//1972 5930//1972 5958//1972
f 6006//1973 6020//1973 5895//1973
f 5931//1974 5895//1974 6020//1974
f 6018//1975 5894//1975 6032//1975
f 5977//1976 518//1976 53//1976
f 5978//1977 5892//1977 6004//1977
f 5930//1978 5892//1978 5978//1978
f 5892//1979 5928//1979 6004//1979
f 5929//1980 5928//1980 5892//1980
f 5893//1981 5892//1981 5930//1981
f 5892//1980 5893//1980 5929//1980
f 6018//1982 6032//1982 5890//1982
f 5891//1983 6018//1983 5890//1983
f 5890//725 5927//725 5891//725
f 5953//1984 5889//1984 31//1984
f 5929//1985 5888//1985 5952//1985
f 6015//1986 31//1986 5887//1986
f 6002//1987 6015//1987 5887//1987
f 5887//1988 5924//1988 6002//1988
f 5947//1834 5971//1834 5886//1834
f 5921//1897 5886//1897 5971//1897
f 5917//1989 5945//1989 513//1989
f 513//1990 493//1990 45//1990
f 510//1991 511//1991 512//1991
f 6012//1992 5885//1992 6039//1992
f 28//1993 42//1993 505//1993
f 47//1994 28//1994 505//1994
f 48//1995 28//1995 505//1995
f 6052//1996 5884//1996 6127//1996
f 5943//1997 6127//1997 5884//1997
f 6051//1998 5883//1998 6052//1998
f 5884//1940 6052//1940 5883//1940
f 6024//1999 6025//1999 5881//1999
f 5882//1999 5881//1999 6025//1999
f 43//2000 509//2000 508//2000
f 49//2001 509//2001 508//2001
f 49//2002 43//2002 508//2002
f 24//2003 18//2003 5880//2003
f 5904//2004 24//2004 5880//2004
f 37//2005 5879//2005 6078//2005
f 44//2006 6078//2006 5879//2006
f 5902//2007 5879//2007 37//2007
f 6023//2008 6033//2008 5878//2008
f 5979//2009 5878//2009 6033//2009
f 6006//2010 5877//2010 522//2010
f 5895//2011 5877//2011 6006//2011
f 6014//2012 6030//2012 5876//2012
f 6094//2013 5875//2013 6106//2013
f 6039//2014 5875//2014 6094//2014
f 6030//2015 6106//2015 5875//2015
f 5885//2016 5875//2016 6039//2016
f 5876//2017 6030//2017 5875//2017
f 6061//2018 6157//2018 5874//2018
f 6011//2019 6061//2019 5874//2019
f 6001//2020 5874//2020 6157//2020
f 5916//2021 6011//2021 5874//2021
f 6011//2022 5872//2022 6012//2022
f 5873//2022 6012//2022 5872//2022
f 6036//2023 6089//2023 5871//2023
f 5907//2024 5871//2024 6089//2024
f 5940//2025 6050//2025 5870//2025
f 5987//2026 51//2026 507//2026
f 506//2027 44//2027 507//2027
f 506//2028 507//2028 51//2028
f 5903//2029 5869//2029 6025//2029
f 5869//2030 5882//2030 6025//2030
f 6021//683 5868//683 6142//683
f 60//2031 6142//2031 5868//2031
f 536//2032 5867//2032 551//2032
f 6005//2033 5867//2033 536//2033
f 5898//2034 551//2034 5867//2034
f 6109//2035 6191//2035 5866//2035
f 6067//2036 5866//2036 6191//2036
f 6014//2037 5866//2037 6067//2037
f 5927//2038 6109//2038 5866//2038
f 5927//2039 5866//2039 5891//2039
f 5927//2040 5865//2040 5954//2040
f 5927//2041 5890//2041 5865//2041
f 5864//2042 6014//2042 5876//2042
f 5866//2043 6014//2043 5864//2043
f 5925//2044 6016//2044 5863//2044
f 5922//2045 5863//2045 6016//2045
f 5917//2046 5863//2046 5922//2046
f 512//2047 5862//2047 511//2047
f 47//2048 28//2048 57//2048
f 47//2049 57//2049 45//2049
f 48//2050 28//2050 57//2050
f 46//2051 28//2051 57//2051
f 46//2052 48//2052 57//2052
f 493//2053 28//2053 57//2053
f 513//2054 45//2054 57//2054
f 513//2055 5945//2055 57//2055
f 505//2056 46//2056 57//2056
f 5885//2057 6012//2057 5861//2057
f 5861//2058 6012//2058 5873//2058
f 5970//2059 5860//2059 6010//2059
f 5969//2060 5860//2060 5970//2060
f 5911//2061 5859//2061 6037//2061
f 6027//2062 5858//2062 6051//2062
f 5883//2063 6051//2063 5858//2063
f 5937//2064 5856//2064 6050//2064
f 5870//2065 6050//2065 5856//2065
f 5989//2066 5855//2066 5992//2066
f 5987//2067 5855//2067 5989//2067
f 507//2068 5855//2068 5987//2068
f 49//2069 509//2069 485//2069
f 508//2070 509//2070 485//2070
f 5901//2071 5854//2071 5986//2071
f 5900//1960 5986//1960 5854//1960
f 5903//2072 6023//2072 5853//2072
f 5878//2073 5853//2073 6023//2073
f 5897//1677 5852//1677 5981//1677
f 6007//2074 496//2074 552//2074
f 6007//2075 6019//2075 496//2075
f 39//2076 496//2076 6019//2076
f 5956//2077 5851//2077 5957//2077
f 5894//2078 5957//2078 5851//2078
f 5955//2079 522//2079 5850//2079
f 5877//2080 5850//2080 522//2080
f 31//2081 50//2081 52//2081
f 5953//2082 31//2082 52//2082
f 6001//2083 6131//2083 503//2083
f 5926//2084 503//2084 6131//2084
f 5920//2085 5950//2085 5849//2085
f 5949//2086 5848//2086 5998//2086
f 5945//2087 5998//2087 5848//2087
f 510//2088 5947//2088 5847//2088
f 512//2089 510//2089 5847//2089
f 6010//2090 5846//2090 553//2090
f 46//2091 553//2091 5846//2091
f 5860//2092 5846//2092 6010//2092
f 511//2093 70//2093 6029//2093
f 5862//2094 70//2094 511//2094
f 5969//2095 5997//2095 5845//2095
f 5964//2096 5845//2096 5997//2096
f 5860//2097 5969//2097 5845//2097
f 5913//2098 6037//2098 5844//2098
f 5859//2099 5844//2099 6037//2099
f 5994//2100 6036//2100 5843//2100
f 5871//2101 5843//2101 6036//2101
f 5843//2102 5857//2102 5994//2102
f 5993//2103 5994//2103 502//2103
f 5857//2104 502//2104 5994//2104
f 5993//2105 5842//2105 509//2105
f 5842//2106 485//2106 509//2106
f 5992//2107 5841//2107 6008//2107
f 5991//2108 6008//2108 5840//2108
f 5841//2109 5840//2109 6008//2109
f 5991//2110 5839//2110 6035//2110
f 5905//2111 6035//2111 5839//2111
f 5840//2112 5839//2112 5991//2112
f 5935//2113 6024//2113 5838//2113
f 5881//2114 5838//2114 6024//2114
f 51//2115 44//2115 54//2115
f 5879//2116 54//2116 44//2116
f 507//2117 51//2117 54//2117
f 5959//2118 5837//2118 6077//2118
f 5937//2119 6077//2119 5837//2119
f 5983//2120 5836//2120 6070//2120
f 5959//2121 6070//2121 5836//2121
f 5934//2122 5900//2122 5835//2122
f 5897//2123 5934//2123 5835//2123
f 5854//2124 5835//2124 5900//2124
f 5899//2125 5834//2125 6021//2125
f 5868//2126 6021//2126 5834//2126
f 5931//2127 5981//2127 5833//2127
f 5852//2128 5833//2128 5981//2128
f 5878//2009 5979//2009 5832//2009
f 5932//2129 5831//2129 5958//2129
f 6202//2130 6233//2130 489//2130
f 5980//2131 6202//2131 489//2131
f 5977//2132 489//2132 6233//2132
f 5979//2133 6069//2133 5830//2133
f 5957//2134 5830//2134 6069//2134
f 5832//2135 5979//2135 5830//2135
f 5850//2136 556//2136 5955//2136
f 5976//2137 5955//2137 501//2137
f 556//2138 501//2138 5955//2138
f 501//2139 5828//2139 5976//2139
f 5976//2140 5827//2140 504//2140
f 5827//2141 52//2141 504//2141
f 5828//2139 5827//2139 5976//2139
f 5889//2142 5953//2142 5826//2142
f 52//2143 5826//2143 5953//2143
f 5951//2144 5952//2144 5825//2144
f 5924//2145 5824//2145 5950//2145
f 5824//2145 5849//2145 5950//2145
f 5918//2146 500//2146 519//2146
f 523//2147 601//2147 6064//2147
f 5918//2148 6064//2148 601//2148
f 500//2149 5918//2149 601//2149
f 5920//2150 5823//2150 5921//2150
f 5886//2151 5921//2151 5823//2151
f 5946//2152 5822//2152 6063//2152
f 5886//2153 5821//2153 5947//2153
f 5821//2154 5847//2154 5947//2154
f 5823//543 5821//543 5886//543
f 5946//2155 6058//2155 5820//2155
f 5913//2156 5820//2156 6058//2156
f 5916//2157 5819//2157 6011//2157
f 5872//2158 6011//2158 5819//2158
f 5966//2159 6028//2159 5818//2159
f 493//2160 5818//2160 6028//2160
f 5965//2161 6029//2161 5817//2161
f 70//2162 5817//2162 6029//2162
f 5966//2163 5816//2163 5995//2163
f 5964//2164 5995//2164 5816//2164
f 5965//2165 5815//2165 5996//2165
f 5996//2166 5814//2166 6027//2166
f 5815//2167 5814//2167 5996//2167
f 5858//2168 6027//2168 5813//2168
f 5814//2169 5813//2169 6027//2169
f 502//2170 5812//2170 5993//2170
f 5842//2171 5993//2171 5812//2171
f 5869//2172 5903//2172 5811//2172
f 515//2173 506//2173 5810//2173
f 5899//2174 5935//2174 5809//2174
f 5980//2175 5808//2175 5982//2175
f 489//2176 5808//2176 5980//2176
f 5895//2177 5931//2177 5807//2177
f 5877//2178 5895//2178 5807//2178
f 5833//2179 5807//2179 5931//2179
f 5894//2180 6018//2180 5806//2180
f 5894//2181 5806//2181 5957//2181
f 5830//2182 5957//2182 5806//2182
f 5829//2183 5806//2183 6018//2183
f 5894//2184 5805//2184 6032//2184
f 53//2185 6032//2185 5805//2185
f 53//2186 5805//2186 5977//2186
f 489//2187 5977//2187 5805//2187
f 6017//851 5804//851 6005//851
f 5867//2188 6005//2188 5804//2188
f 6003//851 5803//851 6017//851
f 5804//851 6017//851 5803//851
f 5925//851 5802//851 6003//851
f 5803//851 6003//851 5802//851
f 5891//2189 5801//2189 6018//2189
f 5866//2190 5801//2190 5891//2190
f 5829//2191 6018//2191 5801//2191
f 53//2192 56//2192 6032//2192
f 5890//2193 6032//2193 56//2193
f 5874//2194 6001//2194 5800//2194
f 5948//2195 258//2195 523//2195
f 601//2196 523//2196 258//2196
f 5874//2197 5798//2197 5916//2197
f 553//2198 5797//2198 6038//2198
f 5915//2199 6038//2199 5797//2199
f 5861//2200 5796//2200 5885//2200
f 5817//2201 5795//2201 5965//2201
f 5815//2202 5965//2202 5795//2202
f 5940//2203 5794//2203 6026//2203
f 5870//2204 5794//2204 5940//2204
f 5855//2205 5793//2205 5992//2205
f 5855//2206 507//2206 5793//2206
f 5841//2207 5992//2207 5793//2207
f 54//2208 5793//2208 507//2208
f 506//2209 5936//2209 5792//2209
f 5792//2210 5810//2210 506//2210
f 5879//2211 5902//2211 5791//2211
f 54//2212 5879//2212 5791//2212
f 5853//2213 5790//2213 5903//2213
f 5811//2214 5903//2214 5790//2214
f 514//2215 554//2215 39//2215
f 514//2216 40//2216 554//2216
f 55//2217 497//2217 552//2217
f 496//2218 552//2218 497//2218
f 496//2219 55//2219 497//2219
f 5896//2220 5958//2220 5788//2220
f 5831//2221 5788//2221 5958//2221
f 5863//2222 5786//2222 5925//2222
f 5802//2223 5925//2223 5786//2223
f 6189//2224 62//2224 6192//2224
f 5974//1777 62//1777 6189//1777
f 499//2225 6192//2225 62//2225
f 503//2226 62//2226 6001//2226
f 56//2227 499//2227 62//2227
f 62//2228 5800//2228 6001//2228
f 5888//2229 5785//2229 5952//2229
f 5825//2230 5952//2230 5785//2230
f 5887//2231 31//2231 5784//2231
f 5924//2232 5887//2232 5784//2232
f 5824//2233 5924//2233 5784//2233
f 5973//2234 5783//2234 5974//2234
f 62//2235 5974//2235 5783//2235
f 5972//2236 482//2236 5973//2236
f 5783//2237 5973//2237 482//2237
f 46//2238 5782//2238 553//2238
f 5782//2239 5797//2239 553//2239
f 5781//2240 5885//2240 5796//2240
f 5914//2241 5915//2241 5780//2241
f 5780//2242 5915//2242 5797//2242
f 57//2243 505//2243 5779//2243
f 5846//2244 5778//2244 46//2244
f 5846//2245 5860//2245 5777//2245
f 5845//2246 5777//2246 5860//2246
f 5778//2247 5846//2247 5777//2247
f 5845//2248 5964//2248 5776//2248
f 5816//2249 5776//2249 5964//2249
f 5777//2250 5845//2250 5776//2250
f 5777//7 5776//7 5778//7
f 5911//2251 6009//2251 5775//2251
f 5859//2252 5911//2252 5775//2252
f 5938//1827 5939//1827 5774//1827
f 5936//2253 5938//2253 5773//2253
f 5774//2254 5773//2254 5938//2254
f 5856//2255 5937//2255 5772//2255
f 5837//2256 5772//2256 5937//2256
f 5882//2257 5869//2257 5771//2257
f 5881//171 5882//171 5770//171
f 5771//171 5770//171 5882//171
f 5840//59 5841//59 5769//59
f 5793//59 5769//59 5841//59
f 5793//2258 54//2258 5769//2258
f 5791//2259 5769//2259 54//2259
f 5902//2260 5904//2260 5768//2260
f 5880//2261 5768//2261 5904//2261
f 5791//2262 5902//2262 5768//2262
f 5792//2263 5936//2263 5767//2263
f 5773//2264 5767//2264 5936//2264
f 498//2265 58//2265 5766//2265
f 498//2266 5766//2266 5789//2266
f 517//2267 38//2267 5765//2267
f 5933//2268 517//2268 5765//2268
f 515//2269 5765//2269 38//2269
f 5834//2270 5764//2270 5868//2270
f 55//1448 40//1448 5763//1448
f 554//425 5763//425 40//425
f 497//2271 55//2271 5763//2271
f 496//2272 5762//2272 39//2272
f 554//2273 39//2273 5762//2273
f 5799//2274 5760//2274 482//2274
f 61//2275 5760//2275 5799//2275
f 61//2276 5799//2276 5759//2276
f 5761//2277 5759//2277 5799//2277
f 5780//2278 5758//2278 5914//2278
f 505//2279 46//2279 5757//2279
f 5778//2280 5757//2280 46//2280
f 5873//2281 5756//2281 5861//2281
f 5872//1578 5755//1578 5873//1578
f 5756//1578 5873//1578 5755//1578
f 5844//2282 5754//2282 5913//2282
f 5820//2283 5913//2283 5754//2283
f 5912//2284 5914//2284 5753//2284
f 5758//2285 5753//2285 5914//2285
f 5910//2286 5912//2286 5752//2286
f 5753//2287 5752//2287 5912//2287
f 5962//2288 5963//2288 5751//2288
f 5939//2289 5941//2289 5750//2289
f 5750//2290 5774//2290 5939//2290
f 5857//2291 5843//2291 5749//2291
f 5811//2292 5748//2292 5869//2292
f 5748//1518 5771//1518 5869//1518
f 5838//2293 5881//2293 5747//2293
f 5770//2294 5747//2294 5881//2294
f 5839//2295 5840//2295 5746//2295
f 5769//2296 5746//2296 5840//2296
f 5769//2297 5791//2297 5746//2297
f 5746//2298 5768//2298 5839//2298
f 5746//2299 5791//2299 5768//2299
f 5838//2300 5745//2300 5935//2300
f 5809//2301 5935//2301 5745//2301
f 5747//2302 5745//2302 5838//2302
f 5901//2303 49//2303 5744//2303
f 5854//2304 5901//2304 5744//2304
f 5810//2305 5743//2305 515//2305
f 5743//2306 5765//2306 515//2306
f 5932//2307 5933//2307 5742//2307
f 5831//2308 5932//2308 5742//2308
f 5742//2309 5933//2309 5765//2309
f 5743//2310 5810//2310 5742//2310
f 5742//2311 5765//2311 5743//2311
f 5834//2312 5899//2312 5741//2312
f 5809//2313 5741//2313 5899//2313
f 5741//2314 5764//2314 5834//2314
f 5741//2315 59//2315 5764//2315
f 60//2316 5740//2316 5956//2316
f 5851//2077 5956//2077 5740//2077
f 5851//2317 5740//2317 5894//2317
f 489//2318 5740//2318 60//2318
f 5805//2319 5894//2319 5740//2319
f 5805//2320 5740//2320 489//2320
f 5930//2321 5896//2321 5739//2321
f 5893//2322 5930//2322 5739//2322
f 5787//2323 5893//2323 5739//2323
f 5929//2324 5893//2324 5738//2324
f 5888//2325 5929//2325 5738//2325
f 5787//2326 5738//2326 5893//2326
f 5926//2327 5954//2327 484//2327
f 5865//2328 484//2328 5954//2328
f 5865//2329 5890//2329 484//2329
f 503//2330 5926//2330 484//2330
f 56//2331 484//2331 5890//2331
f 62//2332 503//2332 484//2332
f 62//2333 484//2333 56//2333
f 5800//2334 62//2334 5737//2334
f 5863//2335 5917//2335 5736//2335
f 5786//2336 5863//2336 5736//2336
f 5800//2337 5735//2337 5874//2337
f 5798//2338 5874//2338 5735//2338
f 5737//2339 5735//2339 5800//2339
f 5737//2340 482//2340 5735//2340
f 5919//676 5951//676 5733//676
f 5825//2341 5733//2341 5951//2341
f 5797//2342 5782//2342 5733//2342
f 5919//2343 494//2343 5948//2343
f 500//2344 494//2344 519//2344
f 494//2345 500//2345 601//2345
f 5733//2346 494//2346 5919//2346
f 494//2347 5732//2347 500//2347
f 513//2348 5731//2348 5917//2348
f 493//2349 5731//2349 513//2349
f 5736//2350 5917//2350 5731//2350
f 5862//2351 512//2351 71//2351
f 5847//2352 71//2352 512//2352
f 57//2353 5945//2353 5730//2353
f 57//2354 5730//2354 46//2354
f 5848//2355 5730//2355 5945//2355
f 5782//2356 46//2356 5730//2356
f 5733//2357 5782//2357 5730//2357
f 494//7 5733//7 5730//7
f 5819//2358 5916//2358 5728//2358
f 5798//2359 5728//2359 5916//2359
f 5818//2360 493//2360 5727//2360
f 5779//2361 505//2361 5727//2361
f 5757//2362 5727//2362 505//2362
f 5796//2363 5861//2363 5726//2363
f 5726//1612 5861//1612 5756//1612
f 5819//2364 5725//2364 5872//2364
f 5755//2365 5872//2365 5725//2365
f 5776//2366 5816//2366 5724//2366
f 5776//2367 5724//2367 5778//2367
f 5757//2368 5778//2368 5724//2368
f 5818//2369 5723//2369 5966//2369
f 5816//2370 5966//2370 5723//2370
f 5727//2371 5723//2371 5818//2371
f 5727//2372 5757//2372 5723//2372
f 5724//2373 5816//2373 5723//2373
f 5724//1981 5723//1981 5757//1981
f 5908//2374 5910//2374 5722//2374
f 5752//2375 5722//2375 5910//2375
f 5813//2376 5814//2376 5721//2376
f 491//2377 66//2377 490//2377
f 5963//2378 6026//2378 5720//2378
f 5794//2379 5720//2379 6026//2379
f 5751//1029 5963//1029 5720//1029
f 5942//2380 5962//2380 74//2380
f 5941//2288 5942//2288 74//2288
f 5751//2381 74//2381 5962//2381
f 5750//2382 5941//2382 74//2382
f 5790//2383 5717//2383 5811//2383
f 5898//851 5715//851 18//851
f 5880//2384 18//2384 5715//2384
f 5836//2385 5983//2385 5714//2385
f 498//2386 5789//2386 5714//2386
f 5853//2387 5878//2387 5713//2387
f 5832//2388 5713//2388 5878//2388
f 489//2389 60//2389 5712//2389
f 5999//2390 6063//2390 5711//2390
f 5822//2391 5711//2391 6063//2391
f 5761//2392 5799//2392 5711//2392
f 57//2393 555//2393 493//2393
f 5779//2394 555//2394 57//2394
f 5731//2395 493//2395 555//2395
f 5727//2396 493//2396 555//2396
f 5727//2397 555//2397 5779//2397
f 5796//2398 5710//2398 5781//2398
f 5968//2399 5708//2399 5944//2399
f 493//2399 5944//2399 5708//2399
f 555//851 493//851 5708//851
f 5909//2400 492//2400 491//2400
f 5908//2401 492//2401 5909//2401
f 5722//2402 492//2402 5908//2402
f 490//2403 66//2403 492//2403
f 490//2404 492//2404 491//2404
f 66//2405 5707//2405 6009//2405
f 5775//2406 6009//2406 5707//2406
f 490//2407 5707//2407 66//2407
f 5748//2292 5811//2292 5706//2292
f 5706//2408 5811//2408 5717//2408
f 5905//2409 5705//2409 5960//2409
f 5839//2410 5705//2410 5905//2410
f 5768//2411 5880//2411 5705//2411
f 5768//2412 5705//2412 5839//2412
f 5766//2413 58//2413 5702//2413
f 5718//2414 5766//2414 5702//2414
f 5718//2415 5702//2415 5719//2415
f 5702//2416 58//2416 5716//2416
f 5704//2417 5719//2417 5702//2417
f 5702//2418 5716//2418 5704//2418
f 5717//2419 5790//2419 5701//2419
f 5717//1406 5701//1406 5703//1406
f 495//876 5700//876 58//876
f 5716//2420 58//2420 5700//2420
f 5716//2421 5700//2421 5704//2421
f 5810//2422 5792//2422 5698//2422
f 5742//2423 5810//2423 5698//2423
f 5835//2424 5854//2424 5697//2424
f 5744//2425 5697//2425 5854//2425
f 5837//2426 5959//2426 5696//2426
f 5836//2427 5696//2427 5959//2427
f 5696//2428 5836//2428 5714//2428
f 5696//2429 5714//2429 5789//2429
f 5699//2430 5837//2430 5696//2430
f 5835//2431 5695//2431 5897//2431
f 5697//1560 5695//1560 5835//1560
f 5788//2432 5831//2432 5694//2432
f 5742//2433 5694//2433 5831//2433
f 5698//2434 5694//2434 5742//2434
f 5983//2435 5984//2435 5693//2435
f 59//2436 498//2436 5693//2436
f 5764//2437 59//2437 5693//2437
f 5714//2438 5983//2438 5693//2438
f 5714//2439 5693//2439 498//2439
f 5833//2440 5852//2440 5692//2440
f 5982//2441 5691//2441 5984//2441
f 5808//2442 5691//2442 5982//2442
f 5693//2443 5984//2443 5691//2443
f 5693//2444 5691//2444 5764//2444
f 5868//2445 488//2445 60//2445
f 489//2446 60//2446 488//2446
f 5808//2447 489//2447 488//2447
f 5764//2448 488//2448 5868//2448
f 488//2449 5712//2449 60//2449
f 488//2450 489//2450 5712//2450
f 5691//2451 5808//2451 488//2451
f 5691//2452 488//2452 5764//2452
f 5788//2453 5690//2453 5896//2453
f 5739//2454 5896//2454 5690//2454
f 5830//2455 5689//2455 5832//2455
f 556//2456 5850//2456 5688//2456
f 5801//2457 5866//2457 5686//2457
f 5864//707 5685//707 5866//707
f 5686//2458 5866//2458 5685//2458
f 5785//2459 5888//2459 5684//2459
f 5738//2460 5684//2460 5888//2460
f 5876//2461 5683//2461 5864//2461
f 5685//2462 5864//2462 5683//2462
f 5972//2463 5999//2463 487//2463
f 482//2464 5972//2464 487//2464
f 5799//2465 482//2465 487//2465
f 5734//530 482//530 487//530
f 487//2466 5999//2466 5711//2466
f 487//2467 5711//2467 5799//2467
f 5849//2468 5824//2468 5682//2468
f 5875//2203 5681//2203 5876//2203
f 5683//2469 5876//2469 5681//2469
f 5785//2470 5680//2470 5825//2470
f 5733//2471 5825//2471 5680//2471
f 5823//2472 5920//2472 5679//2472
f 5822//2473 5946//2473 5678//2473
f 5820//2474 5678//2474 5946//2474
f 5711//2475 5822//2475 5678//2475
f 5711//2476 5678//2476 5761//2476
f 5847//2477 5821//2477 5677//2477
f 71//2478 5847//2478 5677//2478
f 5797//2479 5676//2479 5780//2479
f 5733//2480 5676//2480 5797//2480
f 5680//2481 5676//2481 5733//2481
f 5678//2482 5820//2482 5675//2482
f 5781//1606 5674//1606 5885//1606
f 5760//2483 61//2483 486//2483
f 5729//155 486//155 61//155
f 5673//170 5678//170 5675//170
f 486//2484 5672//2484 5760//2484
f 5759//1603 5671//1603 61//1603
f 5673//2485 5671//2485 5759//2485
f 5671//2486 5673//2486 5709//2486
f 5729//2487 61//2487 63//2487
f 486//2488 61//2488 63//2488
f 486//2489 5729//2489 63//2489
f 5671//2490 63//2490 61//2490
f 5726//2363 5669//2363 5796//2363
f 5710//2491 5796//2491 5669//2491
f 5668//2492 5671//2492 5709//2492
f 63//170 5671//170 5668//170
f 5717//2493 5667//2493 5706//2493
f 5717//2494 5703//2494 5667//2494
f 5772//2495 5837//2495 5666//2495
f 5699//2496 5666//2496 5837//2496
f 5745//1560 5747//1560 5665//1560
f 5704//2497 5664//2497 5719//2497
f 5700//2498 495//2498 5663//2498
f 5701//2499 5662//2499 5703//2499
f 5790//2500 5853//2500 5661//2500
f 5713//2501 5661//2501 5853//2501
f 5692//2502 5660//2502 5833//2502
f 5713//2503 5832//2503 5659//2503
f 5689//2504 5659//2504 5832//2504
f 5694//2505 5658//2505 5788//2505
f 5690//2506 5788//2506 5658//2506
f 5688//2507 68//2507 556//2507
f 5826//2508 52//2508 5657//2508
f 5687//2509 5826//2509 5657//2509
f 484//2510 5656//2510 62//2510
f 5684//184 5655//184 5785//184
f 5682//2511 5824//2511 5654//2511
f 5821//2512 5823//2512 5653//2512
f 5679//2513 5653//2513 5823//2513
f 5677//2477 5821//2477 5653//2477
f 5875//2514 5885//2514 5652//2514
f 5681//2515 5875//2515 5652//2515
f 5674//2516 5652//2516 5885//2516
f 258//1904 5651//1904 5848//1904
f 5730//2517 5848//2517 5651//2517
f 5710//2518 5649//2518 5781//2518
f 5674//2519 5781//2519 5649//2519
f 5710//1028 5670//1028 5649//1028
f 5650//725 5649//725 5670//725
f 5668//2520 5648//2520 63//2520
f 5710//2521 5647//2521 5670//2521
f 5669//2522 5647//2522 5710//2522
f 5754//2523 5646//2523 5820//2523
f 5766//2524 5645//2524 5789//2524
f 5718//2525 5645//2525 5766//2525
f 5700//2526 5644//2526 5704//2526
f 5664//2527 5704//2527 5644//2527
f 5644//725 5700//725 5663//725
f 5644//2528 5663//2528 5664//2528
f 5767//2529 5643//2529 5792//2529
f 5698//2530 5792//2530 5643//2530
f 5694//2531 5698//2531 5643//2531
f 5744//2532 49//2532 64//2532
f 495//2533 59//2533 5642//2533
f 5741//2534 5809//2534 5642//2534
f 5741//2535 5642//2535 59//2535
f 5663//2536 495//2536 5642//2536
f 5763//2537 5641//2537 497//2537
f 5807//2538 5833//2538 5640//2538
f 5660//2539 5640//2539 5833//2539
f 497//2540 5639//2540 496//2540
f 5762//2541 496//2541 5639//2541
f 5850//2542 5877//2542 5638//2542
f 5807//2543 5638//2543 5877//2543
f 5688//2544 5850//2544 5638//2544
f 5640//2545 5638//2545 5807//2545
f 5806//2546 5829//2546 5636//2546
f 5801//2547 5636//2547 5829//2547
f 52//2548 5827//2548 5635//2548
f 5635//2549 5657//2549 52//2549
f 5889//2550 5634//2550 31//2550
f 5826//2551 5634//2551 5889//2551
f 5784//2552 31//2552 5634//2552
f 5687//2553 5634//2553 5826//2553
f 5783//2554 483//2554 62//2554
f 484//2555 62//2555 483//2555
f 5737//2556 62//2556 483//2556
f 5656//2557 483//2557 62//2557
f 5656//2558 484//2558 483//2558
f 482//2559 481//2559 5783//2559
f 5737//2560 481//2560 482//2560
f 5734//2561 481//2561 482//2561
f 487//2562 482//2562 481//2562
f 487//2563 481//2563 5734//2563
f 483//2564 5783//2564 481//2564
f 483//2565 481//2565 5737//2565
f 5759//2566 5761//2566 5633//2566
f 5678//2567 5633//2567 5761//2567
f 5673//2568 5759//2568 5633//2568
f 5673//2569 5633//2569 5678//2569
f 5760//2570 5632//2570 482//2570
f 5735//2571 5632//2571 5798//2571
f 5735//2572 482//2572 5632//2572
f 5672//2573 5632//2573 5760//2573
f 5758//2574 5780//2574 5631//2574
f 5676//2575 5631//2575 5780//2575
f 5676//2576 5680//2576 5631//2576
f 70//2577 5862//2577 69//2577
f 71//2578 69//2578 5862//2578
f 5672//2579 486//2579 5630//2579
f 63//2580 5630//2580 486//2580
f 5630//2581 5648//2581 5672//2581
f 5630//2582 63//2582 5648//2582
f 5728//2583 5629//2583 5819//2583
f 5725//2583 5819//2583 5629//2583
f 5709//2584 5673//2584 5628//2584
f 5967//2585 5626//2585 5968//2585
f 5708//860 5968//860 5626//860
f 5961//2586 5990//2586 5625//2586
f 5774//2587 5750//2587 5624//2587
f 5773//2588 5774//2588 5623//2588
f 5624//2589 5623//2589 5774//2589
f 502//2590 5857//2590 65//2590
f 5749//2591 65//2591 5857//2591
f 5664//2592 5622//2592 5719//2592
f 5667//2494 5703//2494 5621//2494
f 64//2593 485//2593 5620//2593
f 5867//2594 5619//2594 5898//2594
f 5806//2595 5618//2595 5830//2595
f 5689//2596 5830//2596 5618//2596
f 5636//2597 5618//2597 5806//2597
f 501//2598 557//2598 556//2598
f 5828//2599 501//2599 557//2599
f 68//2600 556//2600 557//2600
f 5827//2599 5828//2599 5617//2599
f 5635//2601 5827//2601 5617//2601
f 557//2599 5617//2599 5828//2599
f 5686//2457 5616//2457 5801//2457
f 5636//2602 5801//2602 5616//2602
f 5784//2603 5615//2603 5824//2603
f 5654//2604 5824//2604 5615//2604
f 5634//2605 5615//2605 5784//2605
f 5849//2606 5614//2606 5920//2606
f 5682//2607 5614//2607 5849//2607
f 5679//2608 5920//2608 5614//2608
f 258//2609 601//2609 5613//2609
f 494//2610 5613//2610 601//2610
f 5651//2611 258//2611 5613//2611
f 69//2612 70//2612 72//2612
f 5647//2521 5612//2521 5670//2521
f 5648//2613 5668//2613 5611//2613
f 5814//2614 5815//2614 5610//2614
f 5721//2615 5814//2615 5610//2615
f 5627//2616 5610//2616 5815//2616
f 5752//2617 5753//2617 5609//2617
f 5722//2618 5752//2618 5608//2618
f 5609//622 5608//622 5752//622
f 5943//2619 5607//2619 5967//2619
f 5626//2620 5967//2620 5607//2620
f 5856//2621 5606//2621 5870//2621
f 74//2622 5605//2622 5750//2622
f 5605//2623 5624//2623 5750//2623
f 5747//2624 5770//2624 5604//2624
f 5665//2625 5747//2625 5604//2625
f 5604//2626 5622//2626 5665//2626
f 5812//2627 502//2627 67//2627
f 5663//2628 5603//2628 5664//2628
f 5622//2629 5603//2629 5665//2629
f 5622//2628 5664//2628 5603//2628
f 485//2630 5842//2630 5602//2630
f 5602//2631 5620//2631 485//2631
f 5662//2632 5601//2632 5703//2632
f 5621//2633 5703//2633 5601//2633
f 5701//2634 5790//2634 5600//2634
f 5661//2635 5600//2635 5790//2635
f 5697//2636 5744//2636 5599//2636
f 64//2637 5599//2637 5744//2637
f 5658//2638 5694//2638 5598//2638
f 5643//2639 5598//2639 5694//2639
f 5852//2640 5897//2640 5597//2640
f 5695//2641 5597//2641 5897//2641
f 5692//2642 5852//2642 5597//2642
f 5763//2643 554//2643 5596//2643
f 5762//2644 5596//2644 554//2644
f 5641//2645 5763//2645 5596//2645
f 5639//2646 5596//2646 5762//2646
f 5641//2647 5595//2647 497//2647
f 5639//2648 497//2648 5595//2648
f 5596//2649 5595//2649 5641//2649
f 5596//2650 5639//2650 5595//2650
f 5804//2651 5594//2651 5867//2651
f 5619//2652 5867//2652 5594//2652
f 5803//2653 5593//2653 5804//2653
f 5594//2653 5804//2653 5593//2653
f 5802//2653 5591//2653 5803//2653
f 5593//2653 5803//2653 5591//2653
f 5786//2654 5590//2654 5802//2654
f 5591//2653 5802//2653 5590//2653
f 5634//2655 5687//2655 5589//2655
f 5736//2656 5588//2656 5786//2656
f 5590//490 5786//490 5588//490
f 5680//2657 5785//2657 5587//2657
f 5655//2658 5587//2658 5785//2658
f 5631//2659 5680//2659 5587//2659
f 494//683 500//683 479//683
f 5732//2660 479//2660 500//2660
f 5732//2661 494//2661 479//2661
f 5730//2662 479//2662 494//2662
f 5651//2663 479//2663 5730//2663
f 5613//2664 494//2664 479//2664
f 5613//2665 479//2665 5651//2665
f 5652//2666 5674//2666 5586//2666
f 5650//2667 5670//2667 5585//2667
f 5585//2668 5670//2668 5612//2668
f 5817//2669 70//2669 477//2669
f 69//2670 71//2670 477//2670
f 72//2671 70//2671 477//2671
f 5629//2672 5728//2672 5584//2672
f 5584//2673 5648//2673 5611//2673
f 5584//2674 5611//2674 5629//2674
f 5725//2675 5583//2675 5755//2675
f 5629//2676 5583//2676 5725//2676
f 5583//1332 5629//1332 5611//1332
f 492//2677 5582//2677 66//2677
f 492//2678 5722//2678 5582//2678
f 5608//2679 5582//2679 5722//2679
f 5844//2680 5859//2680 5581//2680
f 5843//2681 5871//2681 5580//2681
f 5794//2682 5870//2682 5579//2682
f 5606//2683 5579//2683 5870//2683
f 5871//2684 5907//2684 5578//2684
f 5580//2685 5871//2685 5578//2685
f 5720//2686 478//2686 5751//2686
f 74//2687 5751//2687 478//2687
f 5906//2688 5961//2688 5577//2688
f 5625//2688 5577//2688 5961//2688
f 5767//2264 5773//2264 5576//2264
f 5623//2689 5576//2689 5773//2689
f 5812//2690 5575//2690 5842//2690
f 67//2691 5575//2691 5812//2691
f 67//2692 480//2692 5575//2692
f 5602//2693 5842//2693 5575//2693
f 5696//2694 5789//2694 5574//2694
f 5696//2695 5574//2695 5699//2695
f 5666//2696 5699//2696 5574//2696
f 5645//1141 5574//1141 5789//1141
f 5745//2697 5573//2697 5809//2697
f 5665//2698 5573//2698 5745//2698
f 5642//2699 5809//2699 5573//2699
f 5642//2700 5573//2700 5663//2700
f 5603//2701 5573//2701 5665//2701
f 5603//2702 5663//2702 5573//2702
f 5662//2703 5701//2703 5572//2703
f 5601//2704 5662//2704 5572//2704
f 5600//2703 5572//2703 5701//2703
f 5638//2705 5571//2705 5688//2705
f 5653//2706 475//2706 5677//2706
f 72//2707 69//2707 475//2707
f 5649//2708 5570//2708 5674//2708
f 5649//171 5650//171 5570//171
f 5586//2709 5674//2709 5570//2709
f 5585//2710 5570//2710 5650//2710
f 5728//2711 5798//2711 5569//2711
f 5648//2712 5569//2712 5672//2712
f 5632//2713 5569//2713 5798//2713
f 5632//2714 5672//2714 5569//2714
f 5584//2715 5728//2715 5569//2715
f 5584//2716 5569//2716 5648//2716
f 5675//2717 5820//2717 5568//2717
f 5675//2718 5568//2718 5673//2718
f 5646//2719 5568//2719 5820//2719
f 5628//2720 5673//2720 5568//2720
f 5795//2721 5817//2721 5567//2721
f 477//2722 5567//2722 5817//2722
f 5753//2723 5758//2723 5566//2723
f 5609//2724 5753//2724 5566//2724
f 5795//2725 5565//2725 5815//2725
f 5627//2726 5815//2726 5565//2726
f 5567//2727 5565//2727 5795//2727
f 5567//2726 5627//2726 5565//2726
f 5755//2728 5564//2728 5756//2728
f 5583//2729 5564//2729 5755//2729
f 5884//2730 5563//2730 5943//2730
f 5607//2731 5943//2731 5563//2731
f 490//2732 66//2732 5562//2732
f 5582//2733 5562//2733 66//2733
f 5858//2734 5561//2734 5883//2734
f 5775//2735 5560//2735 5859//2735
f 5581//2736 5859//2736 5560//2736
f 5813//2737 5559//2737 5858//2737
f 5561//2738 5858//2738 5559//2738
f 5749//2739 5843//2739 5558//2739
f 5580//2740 5558//2740 5843//2740
f 5906//2741 5557//2741 5907//2741
f 5578//2742 5907//2742 5557//2742
f 5557//2743 5906//2743 5577//2743
f 5771//2744 5748//2744 5556//2744
f 5706//2745 5556//2745 5748//2745
f 5770//2746 5771//2746 5555//2746
f 5604//2747 5770//2747 5555//2747
f 5556//2748 5555//2748 5771//2748
f 5554//2749 5575//2749 480//2749
f 5554//725 5602//725 5575//725
f 5620//2750 5602//2750 5553//2750
f 5554//2751 5553//2751 5602//2751
f 5620//2752 5552//2752 64//2752
f 5599//2753 64//2753 5552//2753
f 5553//2754 5552//2754 5620//2754
f 5643//2755 5767//2755 5551//2755
f 5598//2756 5643//2756 5551//2756
f 5576//2757 5551//2757 5767//2757
f 5661//2758 5713//2758 559//2758
f 5592//2759 5550//2759 5637//2759
f 5636//2760 5637//2760 5549//2760
f 5618//2761 5636//2761 5549//2761
f 5550//2760 5549//2760 5637//2760
f 68//2762 5688//2762 5548//2762
f 557//2763 68//2763 5548//2763
f 5571//2764 5548//2764 5688//2764
f 5657//2765 5546//2765 5687//2765
f 5589//2766 5687//2766 5546//2766
f 5592//2767 5637//2767 5545//2767
f 5636//1207 5544//1207 5637//1207
f 5616//2768 5544//2768 5636//2768
f 5545//1207 5637//1207 5544//1207
f 5685//2769 5543//2769 5686//2769
f 5616//2770 5686//2770 5543//2770
f 5544//2771 5616//2771 5543//2771
f 5681//2772 5542//2772 5683//2772
f 5631//2773 5541//2773 5758//2773
f 5587//2774 5541//2774 5631//2774
f 5541//2775 5566//2775 5758//2775
f 5677//2776 476//2776 71//2776
f 69//2777 70//2777 476//2777
f 72//2778 70//2778 476//2778
f 477//2779 71//2779 476//2779
f 477//2780 69//2780 476//2780
f 475//2781 476//2781 5677//2781
f 475//2782 69//2782 476//2782
f 475//2783 476//2783 72//2783
f 5539//791 5567//791 477//791
f 476//2784 5539//2784 477//2784
f 5567//2785 5538//2785 5627//2785
f 5567//623 5539//623 5538//623
f 5756//2786 5537//2786 5726//2786
f 5669//2787 5726//2787 5537//2787
f 5564//2788 5537//2788 5756//2788
f 5883//2789 5536//2789 5884//2789
f 5563//2790 5884//2790 5536//2790
f 5536//2791 5883//2791 5561//2791
f 5721//2792 5535//2792 5813//2792
f 5559//2793 5813//2793 5535//2793
f 5772//2794 5534//2794 5856//2794
f 5606//2795 5856//2795 5534//2795
f 5553//2796 5554//2796 5533//2796
f 5552//2797 5553//2797 5533//2797
f 5659//2798 5532//2798 5713//2798
f 559//2799 5713//2799 5532//2799
f 5659//2800 5689//2800 5531//2800
f 5532//2772 5659//2772 5531//2772
f 5618//2801 5530//2801 5689//2801
f 5531//2802 5689//2802 5530//2802
f 5545//2803 5528//2803 5592//2803
f 5529//2804 5592//2804 5528//2804
f 5683//2805 5527//2805 5685//2805
f 5543//2806 5685//2806 5527//2806
f 5542//2807 5527//2807 5683//2807
f 5539//2808 476//2808 5526//2808
f 5538//1314 5539//1314 5526//1314
f 5754//2809 5844//2809 5525//2809
f 5581//2810 5525//2810 5844//2810
f 65//2811 5749//2811 5524//2811
f 5558//2739 5524//2739 5749//2739
f 5988//2812 5523//2812 5990//2812
f 5625//2813 5990//2813 5523//2813
f 5718//2814 5719//2814 5522//2814
f 5622//2815 5522//2815 5719//2815
f 5667//2816 5521//2816 5706//2816
f 5556//2817 5706//2817 5521//2817
f 5715//2818 5520//2818 5880//2818
f 5705//2819 5880//2819 5520//2819
f 5739//2820 5519//2820 5787//2820
f 5690//2821 5519//2821 5739//2821
f 5547//2822 5787//2822 5519//2822
f 5617//2823 557//2823 5518//2823
f 5548//2824 5518//2824 557//2824
f 5617//2825 5517//2825 5635//2825
f 5518//2823 5517//2823 5617//2823
f 5657//2826 5635//2826 5516//2826
f 5546//2827 5657//2827 5516//2827
f 5517//2828 5516//2828 5635//2828
f 5738//2829 5787//2829 5515//2829
f 5547//2830 5515//2830 5787//2830
f 5647//2831 5669//2831 5514//2831
f 5537//2832 5514//2832 5669//2832
f 5709//1578 5513//1578 5668//1578
f 5611//2833 5668//2833 5513//2833
f 5610//2834 5511//2834 5721//2834
f 5535//2835 5721//2835 5511//2835
f 5720//2379 5794//2379 5510//2379
f 5579//2836 5510//2836 5794//2836
f 65//2837 5509//2837 480//2837
f 5524//2838 5509//2838 65//2838
f 5554//2839 480//2839 5508//2839
f 5509//1847 5508//1847 480//1847
f 5508//2840 80//2840 5554//2840
f 5533//2841 5554//2841 73//2841
f 80//2840 73//2840 5554//2840
f 5550//2842 5592//2842 5507//2842
f 5529//2843 5507//2843 5592//2843
f 5528//2844 5506//2844 5529//2844
f 5653//2845 5679//2845 5505//2845
f 5614//2846 5505//2846 5679//2846
f 476//2847 475//2847 5504//2847
f 5526//2848 476//2848 5504//2848
f 5504//2849 5503//2849 5526//2849
f 5610//2850 5627//2850 5502//2850
f 5511//2851 5610//2851 5502//2851
f 5538//2852 5501//2852 5627//2852
f 5502//2853 5627//2853 5501//2853
f 5526//2854 470//2854 5538//2854
f 5501//2855 5538//2855 470//2855
f 470//150 5526//150 77//150
f 5512//2856 5500//2856 5526//2856
f 77//2857 5526//2857 5500//2857
f 5707//2858 5499//2858 5775//2858
f 5560//2859 5775//2859 5499//2859
f 478//153 5720//153 473//153
f 5510//2860 473//2860 5720//2860
f 5497//2861 5533//2861 73//2861
f 5497//2862 468//2862 5533//2862
f 5497//2863 73//2863 5498//2863
f 5624//2864 5605//2864 5496//2864
f 5623//2865 5624//2865 5495//2865
f 5496//2866 5495//2866 5624//2866
f 80//725 75//725 73//725
f 5495//2867 5494//2867 5623//2867
f 5645//2868 5718//2868 5493//2868
f 5574//2869 5645//2869 5493//2869
f 5522//2870 5493//2870 5718//2870
f 5576//2871 5623//2871 5492//2871
f 5494//2847 5492//2847 5623//2847
f 5622//2872 5604//2872 5491//2872
f 5522//2873 5622//2873 5491//2873
f 5601//2874 5489//2874 5621//2874
f 5490//2875 5621//2875 5489//2875
f 5552//2876 5488//2876 5599//2876
f 5533//2877 5488//2877 5552//2877
f 468//2878 5488//2878 5533//2878
f 5572//2879 5487//2879 5601//2879
f 5599//2880 5486//2880 5697//2880
f 5488//2881 5486//2881 5599//2881
f 5600//2882 5661//2882 5485//2882
f 559//2883 5485//2883 5661//2883
f 5695//2884 5697//2884 5484//2884
f 5597//2885 5695//2885 5484//2885
f 5486//2886 5484//2886 5697//2886
f 5660//2887 5692//2887 5483//2887
f 5597//2888 5483//2888 5692//2888
f 5519//2889 5690//2889 5482//2889
f 5598//2890 5481//2890 5658//2890
f 5571//2891 5638//2891 5480//2891
f 5548//2892 5571//2892 5480//2892
f 5518//2893 5548//2893 5480//2893
f 5479//2894 5529//2894 5506//2894
f 5589//2895 5478//2895 5634//2895
f 5546//2896 5478//2896 5589//2896
f 5684//2897 5738//2897 5477//2897
f 5655//184 5684//184 5477//184
f 5515//2898 5477//2898 5738//2898
f 5477//184 5476//184 5655//184
f 5654//2899 5475//2899 5682//2899
f 5614//2900 5682//2900 5475//2900
f 5586//2901 5474//2901 5652//2901
f 475//2902 5653//2902 5473//2902
f 5505//2903 5473//2903 5653//2903
f 5473//2904 5504//2904 475//2904
f 5570//2905 5585//2905 5472//2905
f 5612//2906 5471//2906 5585//2906
f 5471//2875 5612//2875 5470//2875
f 5611//2907 5469//2907 5583//2907
f 5513//2908 5469//2908 5611//2908
f 5566//2909 5468//2909 5609//2909
f 5628//2910 5467//2910 5709//2910
f 5568//2911 5467//2911 5628//2911
f 5513//2912 5709//2912 5467//2912
f 5608//2913 5609//2913 5465//2913
f 5468//2914 5465//2914 5609//2914
f 5466//170 5465//170 5468//170
f 5582//2915 5608//2915 5464//2915
f 5465//2916 5464//2916 5608//2916
f 5707//2917 490//2917 5463//2917
f 5562//2918 5463//2918 490//2918
f 5463//2919 5499//2919 5707//2919
f 5500//2920 5462//2920 77//2920
f 5605//2921 74//2921 474//2921
f 5496//2922 5605//2922 474//2922
f 80//2923 85//2923 82//2923
f 80//156 76//156 82//156
f 76//623 75//623 82//623
f 468//2924 5497//2924 466//2924
f 5960//2925 5461//2925 5988//2925
f 5705//2926 5461//2926 5960//2926
f 5523//2927 5988//2927 5461//2927
f 5621//1205 5460//1205 5667//1205
f 5521//2928 5667//2928 5460//2928
f 5490//2929 5460//2929 5621//2929
f 466//2930 468//2930 5459//2930
f 5572//2931 5600//2931 5458//2931
f 5487//2932 5572//2932 5458//2932
f 5485//2933 5458//2933 5600//2933
f 5652//2934 5457//2934 5681//2934
f 5542//2935 5681//2935 5457//2935
f 5474//2936 5457//2936 5652//2936
f 5570//1800 5456//1800 5586//1800
f 5474//2937 5586//2937 5456//2937
f 5472//2120 5456//2120 5570//2120
f 5612//2558 5647//2558 5455//2558
f 5514//2938 5455//2938 5647//2938
f 5512//2939 5526//2939 5454//2939
f 5503//2940 5454//2940 5526//2940
f 78//2941 470//2941 83//2941
f 77//159 78//159 79//159
f 83//158 470//158 79//158
f 5562//2942 5582//2942 5453//2942
f 5464//2943 5453//2943 5582//2943
f 5463//2944 5562//2944 5453//2944
f 5452//2945 466//2945 5497//2945
f 73//2946 5451//2946 5498//2946
f 73//2947 75//2947 5451//2947
f 5451//2710 75//2710 82//2710
f 81//156 80//156 82//156
f 5451//2948 82//2948 81//2948
f 5666//2949 5449//2949 5772//2949
f 5534//936 5772//936 5449//936
f 5555//2950 93//2950 5604//2950
f 5491//155 5604//155 93//155
f 5489//2951 5601//2951 5448//2951
f 5487//2952 5448//2952 5601//2952
f 5551//2953 5447//2953 5598//2953
f 5481//2954 5598//2954 5447//2954
f 5640//2955 5660//2955 5446//2955
f 5638//2956 5640//2956 5446//2956
f 5483//2957 5446//2957 5660//2957
f 5507//2843 5529//2843 5445//2843
f 5479//2843 5445//2843 5529//2843
f 5506//2894 5444//2894 5479//2894
f 5615//2958 5443//2958 5654//2958
f 5615//2959 5634//2959 5443//2959
f 5475//2960 5654//2960 5443//2960
f 5587//2961 5655//2961 5442//2961
f 5476//2962 5442//2962 5655//2962
f 5472//2963 5585//2963 5441//2963
f 5471//2964 5441//2964 5585//2964
f 5564//2965 5583//2965 558//2965
f 5540//2966 558//2966 87//2966
f 5469//2967 558//2967 5583//2967
f 5646//2968 5754//2968 5440//2968
f 5525//2969 5440//2969 5754//2969
f 5500//2970 5512//2970 5438//2970
f 5454//2971 5438//2971 5512//2971
f 83//2703 470//2703 469//2703
f 79//7 78//7 469//7
f 5462//2972 472//2972 77//2972
f 79//2973 77//2973 472//2973
f 469//1396 79//1396 472//1396
f 5438//2974 5437//2974 5500//2974
f 5497//2975 5498//2975 5436//2975
f 5435//2976 5436//2976 5498//2976
f 5451//2977 5434//2977 5498//2977
f 5435//2978 5498//2978 5434//2978
f 5460//2929 5490//2929 5433//2929
f 5507//2979 5432//2979 5550//2979
f 5517//2823 5518//2823 5431//2823
f 5480//2980 5431//2980 5518//2980
f 5516//189 5517//189 5430//189
f 5431//2981 5430//2981 5517//2981
f 5516//2982 5429//2982 5546//2982
f 5478//2983 5546//2983 5429//2983
f 5430//189 5429//189 5516//189
f 5506//2984 5528//2984 5428//2984
f 5544//2985 5427//2985 5545//2985
f 5528//2986 5545//2986 5427//2986
f 5428//2987 5528//2987 5427//2987
f 5470//2988 5612//2988 5426//2988
f 5455//2988 5426//2988 5612//2988
f 5607//2989 5425//2989 5626//2989
f 472//2990 5462//2990 5424//2990
f 5424//2991 5462//2991 5423//2991
f 5462//161 5500//161 5422//161
f 5423//2992 5462//2992 5422//2992
f 5452//2993 5497//2993 5421//2993
f 5436//2994 5421//2994 5497//2994
f 5451//2995 81//2995 5420//2995
f 5494//2996 5495//2996 5419//2996
f 5577//2997 5625//2997 5418//2997
f 5523//2998 5418//2998 5625//2998
f 5521//2999 5417//2999 5556//2999
f 5450//3000 5556//3000 5417//3000
f 5433//3001 5490//3001 5416//3001
f 5489//858 5415//858 5490//858
f 5448//3002 5415//3002 5489//3002
f 5416//858 5490//858 5415//858
f 5551//3003 5576//3003 5414//3003
f 5447//3004 5551//3004 5414//3004
f 460//3005 88//3005 461//3005
f 559//3006 461//3006 88//3006
f 5532//3007 461//3007 559//3007
f 5715//3008 5898//3008 5413//3008
f 5619//3009 5413//3009 5898//3009
f 5594//3010 5412//3010 5619//3010
f 5413//3011 5619//3011 5412//3011
f 5445//3012 5411//3012 5507//3012
f 5411//3013 5432//3013 5507//3013
f 5593//3014 5410//3014 5594//3014
f 5412//3015 5594//3015 5410//3015
f 5480//2578 5638//2578 5409//2578
f 5446//3016 5409//3016 5638//3016
f 5409//3017 5431//3017 5480//3017
f 5591//3014 5408//3014 5593//3014
f 5410//3014 5593//3014 5408//3014
f 5444//3018 5407//3018 5479//3018
f 5590//3014 5406//3014 5591//3014
f 5408//3014 5591//3014 5406//3014
f 5588//3014 5405//3014 5590//3014
f 5406//3014 5590//3014 5405//3014
f 5444//3019 5506//3019 5404//3019
f 5404//3020 5506//3020 5428//3020
f 5405//3014 5588//3014 5403//3014
f 5588//3021 5736//3021 5402//3021
f 5403//3022 5588//3022 5402//3022
f 5731//3023 5401//3023 5736//3023
f 555//3024 5401//3024 5731//3024
f 5402//3025 5736//3025 5401//3025
f 5541//3026 5587//3026 5400//3026
f 5566//3027 5541//3027 5400//3027
f 5442//3028 5400//3028 5587//3028
f 5708//3029 5399//3029 555//3029
f 5401//3030 555//3030 5399//3030
f 5470//858 5398//858 5471//858
f 5441//3031 5471//3031 5398//3031
f 5397//3032 5470//3032 5426//3032
f 5398//858 5470//858 5397//858
f 5514//3033 5537//3033 5396//3033
f 5439//3034 5396//3034 5537//3034
f 5537//3035 5564//3035 5395//3035
f 558//3036 5395//3036 5564//3036
f 5563//3037 5394//3037 5607//3037
f 5425//3038 5607//3038 5394//3038
f 5465//3039 5466//3039 5393//3039
f 472//1396 5392//1396 469//1396
f 5437//3040 5391//3040 5500//3040
f 5422//3041 5500//3041 5391//3041
f 5558//3042 5580//3042 5390//3042
f 5434//3043 5451//3043 5389//3043
f 5420//3044 5389//3044 5451//3044
f 80//3045 5508//3045 471//3045
f 82//3046 80//3046 471//3046
f 81//3047 85//3047 471//3047
f 5420//3048 81//3048 471//3048
f 5450//3049 5388//3049 5556//3049
f 5555//3050 5556//3050 5387//3050
f 93//3051 5555//3051 5387//3051
f 5388//3052 5387//3052 5556//3052
f 5460//3053 5386//3053 5521//3053
f 5417//3054 5521//3054 5386//3054
f 5492//3055 5385//3055 5576//3055
f 5414//3056 5576//3056 5385//3056
f 5488//3057 468//3057 5384//3057
f 5483//3058 5597//3058 454//3058
f 5445//891 5479//891 5383//891
f 5407//3059 5383//3059 5479//3059
f 5407//3060 5444//3060 5382//3060
f 5475//3061 5381//3061 5614//3061
f 5503//3062 5504//3062 5380//3062
f 5468//674 5566//674 5379//674
f 5400//3063 5379//3063 5566//3063
f 5626//3064 5378//3064 5708//3064
f 5425//3065 5378//3065 5626//3065
f 5399//3066 5708//3066 5378//3066
f 5455//3067 5514//3067 5377//3067
f 5396//786 5377//786 5514//786
f 5439//3068 5537//3068 5376//3068
f 5395//3069 5376//3069 5537//3069
f 5392//3070 84//3070 469//3070
f 5424//3071 5375//3071 472//3071
f 5392//3072 472//3072 5375//3072
f 5423//3073 5374//3073 5424//3073
f 5375//3074 5424//3074 5374//3074
f 5535//3075 5373//3075 5559//3075
f 5510//3076 5579//3076 5372//3076
f 5579//3077 5606//3077 5371//3077
f 5372//3078 5579//3078 5371//3078
f 5524//3079 5558//3079 5370//3079
f 5390//3042 5370//3042 5558//3042
f 5434//678 5369//678 5435//678
f 5369//3080 5434//3080 5389//3080
f 5578//3081 5368//3081 5580//3081
f 5390//3082 5580//3082 5368//3082
f 5367//3083 5389//3083 5420//3083
f 5367//2710 5420//2710 471//2710
f 5417//155 5366//155 5450//155
f 5388//3084 5450//3084 5366//3084
f 5574//3085 5365//3085 5666//3085
f 5493//3086 5365//3086 5574//3086
f 5449//3087 5666//3087 5365//3087
f 5416//2409 5364//2409 5433//2409
f 5459//2412 468//2412 467//2412
f 5459//3088 467//3088 466//3088
f 467//3089 5384//3089 468//3089
f 5415//851 5363//851 5416//851
f 5364//2409 5416//2409 5363//2409
f 5415//692 5448//692 5362//692
f 5363//851 5415//851 5362//851
f 5448//3090 5487//3090 5361//3090
f 5362//3091 5448//3091 5361//3091
f 5486//3092 5488//3092 5360//3092
f 5484//3093 5486//3093 5360//3093
f 5384//3094 5360//3094 5488//3094
f 5504//3095 5473//3095 5359//3095
f 5359//3096 5380//3096 5504//3096
f 5441//3097 5358//3097 5472//3097
f 5398//3098 5358//3098 5441//3098
f 5358//3099 5398//3099 5357//3099
f 5397//851 5356//851 5398//851
f 5357//851 5398//851 5356//851
f 5454//3100 5503//3100 5355//3100
f 5380//3101 5355//3101 5503//3101
f 5426//692 5354//692 5397//692
f 5356//692 5397//692 5354//692
f 5568//3102 5646//3102 5353//3102
f 5467//3103 5568//3103 5353//3103
f 5440//3104 5353//3104 5646//3104
f 5396//2703 5439//2703 5352//2703
f 5352//3105 5439//3105 5376//3105
f 84//3106 5392//3106 5351//3106
f 5351//3106 5392//3106 5375//3106
f 5559//3107 5350//3107 5561//3107
f 5350//3108 5559//3108 5373//3108
f 5349//3109 5375//3109 5374//3109
f 5375//3110 5349//3110 5351//3110
f 5511//3111 5348//3111 5535//3111
f 5373//3075 5535//3075 5348//3075
f 5560//3112 5347//3112 5581//3112
f 5499//3113 5346//3113 5560//3113
f 5347//3114 5560//3114 5346//3114
f 5436//3115 5435//3115 5345//3115
f 5369//3116 5345//3116 5435//3116
f 5421//3117 5436//3117 5344//3117
f 5345//171 5344//171 5436//171
f 5389//3118 5343//3118 5369//3118
f 5389//3118 5367//3118 5343//3118
f 5345//3119 5369//3119 5343//3119
f 5421//3120 5342//3120 5452//3120
f 5344//3121 5342//3121 5421//3121
f 471//2948 5341//2948 5367//2948
f 5343//3122 5367//3122 5341//3122
f 5509//3123 5524//3123 5340//3123
f 5370//3124 5340//3124 5524//3124
f 471//1516 5508//1516 86//1516
f 471//3125 85//3125 86//3125
f 5508//171 5509//171 5339//171
f 5340//3126 5339//3126 5509//3126
f 5339//3127 86//3127 5508//3127
f 5342//3128 5338//3128 5452//3128
f 5492//3129 5494//3129 5337//3129
f 5419//3130 5337//3130 5494//3130
f 5433//3131 5336//3131 5460//3131
f 5386//3132 5460//3132 5336//3132
f 5364//3133 5336//3133 5433//3133
f 5520//3134 5715//3134 5335//3134
f 5413//3135 5335//3135 5715//3135
f 5549//3136 5550//3136 5334//3136
f 5432//1758 5334//1758 5550//1758
f 5549//3137 5333//3137 5618//3137
f 5530//3138 5618//3138 5333//3138
f 5334//3136 5333//3136 5549//3136
f 5426//3139 5455//3139 5332//3139
f 5377//3140 5332//3140 5455//3140
f 5354//3141 5426//3141 5332//3141
f 5393//3142 5466//3142 5331//3142
f 5501//1578 5330//1578 5502//1578
f 5438//3143 5454//3143 5329//3143
f 5437//3144 5438//3144 5329//3144
f 5355//3145 5329//3145 5454//3145
f 470//1737 5328//1737 5501//1737
f 84//3146 5328//3146 470//3146
f 5330//3147 5501//3147 5328//3147
f 5502//3148 5327//3148 5511//3148
f 5348//3149 5511//3149 5327//3149
f 5330//3150 5327//3150 5502//3150
f 5351//161 5326//161 84//161
f 5349//3110 5326//3110 5351//3110
f 5391//3151 5437//3151 5325//3151
f 5329//3152 5325//3152 5437//3152
f 5422//3153 462//3153 5423//3153
f 5374//3073 5423//3073 462//3073
f 5374//3073 462//3073 5349//3073
f 5391//1200 5324//1200 5422//1200
f 5325//3154 5324//3154 5391//3154
f 462//3155 5422//3155 5324//3155
f 5323//3156 5341//3156 471//3156
f 5322//3157 5345//3157 5343//3157
f 5343//2292 5341//2292 5322//2292
f 5345//3158 5322//3158 5323//3158
f 5322//3159 5341//3159 5323//3159
f 5534//3160 5321//3160 5606//3160
f 5371//3161 5606//3161 5321//3161
f 473//3162 5510//3162 5320//3162
f 474//3163 473//3163 5320//3163
f 5577//3164 5319//3164 5557//3164
f 5418//3165 5319//3165 5577//3165
f 5386//3166 5318//3166 5417//3166
f 5318//3167 5386//3167 5336//3167
f 5366//3168 5417//3168 5317//3168
f 5318//3169 5317//3169 5417//3169
f 5385//3170 5492//3170 5316//3170
f 5337//3171 5316//3171 5492//3171
f 5520//3172 5315//3172 5705//3172
f 5461//3173 5705//3173 5315//3173
f 5458//3174 5314//3174 5487//3174
f 5361//3175 5487//3175 5314//3175
f 5432//3176 5411//3176 465//3176
f 465//1758 5334//1758 5432//1758
f 5411//3177 5445//3177 5313//3177
f 5383//3178 5313//3178 5445//3178
f 465//3179 5411//3179 5313//3179
f 5430//3180 5431//3180 5312//3180
f 5431//3181 5409//3181 5312//3181
f 5429//2823 5430//2823 5311//2823
f 5312//2823 5311//2823 5430//2823
f 5429//3182 91//3182 5478//3182
f 5311//2823 91//2823 5429//2823
f 5404//3183 5310//3183 5444//3183
f 5382//3184 5444//3184 5310//3184
f 5427//2150 5309//2150 5428//2150
f 5543//3185 5308//3185 5544//3185
f 5427//3186 5544//3186 5308//3186
f 5309//2150 5427//2150 5308//2150
f 5428//3187 5307//3187 5404//3187
f 5310//3188 5404//3188 5307//3188
f 5309//3189 5307//3189 5428//3189
f 5456//3190 5472//3190 5306//3190
f 5358//3191 5306//3191 5472//3191
f 558//3192 5304//3192 87//3192
f 5305//3193 87//3193 5304//3193
f 5377//3194 5396//3194 5303//3194
f 5332//3195 5377//3195 5303//3195
f 5352//3196 5302//3196 5396//3196
f 5303//3197 5396//3197 5302//3197
f 5466//3198 5468//3198 5301//3198
f 5301//3199 5331//3199 5466//3199
f 5536//3200 5300//3200 5563//3200
f 5394//3201 5563//3201 5300//3201
f 5561//3202 5299//3202 5536//3202
f 5350//3203 5299//3203 5561//3203
f 5300//3204 5536//3204 5299//3204
f 5499//3205 5463//3205 5298//3205
f 5453//3206 5298//3206 5463//3206
f 5525//3207 5581//3207 5297//3207
f 5347//3208 5297//3208 5581//3208
f 5326//172 561//172 84//172
f 561//3110 5326//3110 463//3110
f 5326//3209 5349//3209 464//3209
f 464//3210 5349//3210 462//3210
f 463//1983 5326//1983 464//1983
f 86//3211 5296//3211 471//3211
f 5323//3212 471//3212 5296//3212
f 5557//3213 5295//3213 5578//3213
f 5368//3214 5578//3214 5295//3214
f 5319//3215 5295//3215 5557//3215
f 474//3216 5294//3216 5496//3216
f 5320//3217 5294//3217 474//3217
f 5495//3218 5496//3218 5293//3218
f 5294//3219 5293//3219 5496//3219
f 5491//3220 5291//3220 5522//3220
f 93//3221 5291//3221 5491//3221
f 5292//3222 5522//3222 5291//3222
f 5361//3223 5290//3223 5362//3223
f 5314//3224 5290//3224 5361//3224
f 5409//3225 5446//3225 5289//3225
f 5382//3226 5288//3226 5407//3226
f 5357//3227 5286//3227 5358//3227
f 5306//3228 5358//3228 5286//3228
f 5469//3229 5513//3229 5285//3229
f 558//3230 5469//3230 5285//3230
f 5285//3231 5513//3231 5284//3231
f 5464//3232 5465//3232 5283//3232
f 5453//3233 5464//3233 5282//3233
f 5298//3234 5453//3234 5282//3234
f 5282//3235 5464//3235 5283//3235
f 5328//3236 84//3236 455//3236
f 561//623 455//623 84//623
f 463//33 455//33 561//33
f 5387//3237 562//3237 93//3237
f 5280//3238 5522//3238 5292//3238
f 5493//3239 5522//3239 5279//3239
f 5365//3240 5493//3240 5279//3240
f 5280//3241 5279//3241 5522//3241
f 5317//3242 5278//3242 5366//3242
f 5363//707 5277//707 5364//707
f 562//3243 111//3243 93//3243
f 5458//3244 5485//3244 5276//3244
f 5314//3245 5458//3245 5276//3245
f 5446//3246 5483//3246 5275//3246
f 5383//3247 5407//3247 5274//3247
f 5274//3247 5407//3247 5288//3247
f 5288//3226 5382//3226 5272//3226
f 5443//3248 5271//3248 5475//3248
f 5287//3249 5271//3249 5443//3249
f 5456//3250 5270//3250 5474//3250
f 5306//3251 5270//3251 5456//3251
f 5540//3252 87//3252 89//3252
f 558//3253 5540//3253 89//3253
f 5305//3254 89//3254 87//3254
f 5354//3255 5269//3255 5356//3255
f 5467//3256 5268//3256 5513//3256
f 5284//3257 5513//3257 5268//3257
f 5353//3258 5267//3258 5467//3258
f 5268//3259 5467//3259 5267//3259
f 5395//3260 558//3260 5266//3260
f 5372//3261 5265//3261 5510//3261
f 5320//3262 5510//3262 5265//3262
f 5337//3263 5419//3263 5264//3263
f 5362//3264 5263//3264 5363//3264
f 5290//3265 5263//3265 5362//3265
f 5277//3266 5363//3266 5263//3266
f 460//3267 88//3267 94//3267
f 559//3268 88//3268 94//3268
f 5485//3269 559//3269 94//3269
f 461//3270 94//3270 460//3270
f 5519//3271 5262//3271 5547//3271
f 5482//3272 5262//3272 5519//3272
f 5273//3273 5547//3273 5262//3273
f 5515//623 5547//623 5261//623
f 5273//3274 5261//3274 5547//3274
f 5356//3264 5260//3264 5357//3264
f 5286//3275 5357//3275 5260//3275
f 5269//3276 5260//3276 5356//3276
f 5331//3142 5259//3142 5393//3142
f 5346//3277 5499//3277 5258//3277
f 5298//3278 5258//3278 5499//3278
f 5387//3279 5388//3279 5257//3279
f 562//3280 5387//3280 5257//3280
f 5449//3281 5256//3281 5534//3281
f 5321//3282 5534//3282 5256//3282
f 5336//3283 5255//3283 5318//3283
f 5317//3284 5318//3284 5255//3284
f 93//3285 460//3285 459//3285
f 459//3286 94//3286 88//3286
f 459//3287 460//3287 94//3287
f 5484//3288 453//3288 5597//3288
f 454//3289 5597//3289 453//3289
f 5360//3290 453//3290 5484//3290
f 454//3291 5253//3291 5483//3291
f 5275//3246 5483//3246 5253//3246
f 5481//425 5252//425 5482//425
f 5447//3292 5252//3292 5481//3292
f 5252//3293 5262//3293 5482//3293
f 5477//3294 5515//3294 5251//3294
f 5476//184 5477//184 5251//184
f 5261//3295 5251//3295 5515//3295
f 5381//3296 5475//3296 5250//3296
f 5271//3297 5250//3297 5475//3297
f 5304//3298 558//3298 116//3298
f 5285//3299 116//3299 558//3299
f 89//3300 116//3300 558//3300
f 5266//3301 558//3301 116//3301
f 5303//3302 5249//3302 5332//3302
f 5302//3303 5249//3303 5303//3303
f 5379//3304 5248//3304 5468//3304
f 5301//3305 5468//3305 5248//3305
f 5440//3306 5525//3306 5247//3306
f 5297//3307 5247//3307 5525//3307
f 5376//3308 5395//3308 5246//3308
f 5266//1650 5246//1650 5395//1650
f 5344//3309 5345//3309 5245//3309
f 5342//3310 5344//3310 5244//3310
f 5245//3311 5244//3311 5344//3311
f 5338//3312 5342//3312 5243//3312
f 5244//3313 5243//3313 5342//3313
f 5243//3314 5242//3314 5338//3314
f 5419//3315 5495//3315 5241//3315
f 5293//3316 5241//3316 5495//3316
f 5264//3317 5419//3317 5241//3317
f 466//3318 5452//3318 5240//3318
f 467//3319 466//3319 5240//3319
f 5338//3320 5240//3320 5452//3320
f 5242//3321 5240//3321 5338//3321
f 5278//3322 5317//3322 5239//3322
f 5255//577 5239//577 5317//577
f 5240//3323 5238//3323 467//3323
f 5238//3324 5237//3324 467//3324
f 5237//3325 5236//3325 467//3325
f 5276//3326 5485//3326 5235//3326
f 94//3327 5235//3327 5485//3327
f 5384//3328 467//3328 5234//3328
f 5360//3329 5384//3329 5234//3329
f 5236//3330 5234//3330 467//3330
f 453//3331 5360//3331 5233//3331
f 5234//3332 5233//3332 5360//3332
f 5414//3333 5232//3333 5447//3333
f 5252//3334 5447//3334 5232//3334
f 5313//3335 5383//3335 5231//3335
f 5274//3336 5231//3336 5383//3336
f 5310//3337 5229//3337 5382//3337
f 5307//3338 5229//3338 5310//3338
f 5272//3339 5382//3339 5229//3339
f 5442//3340 5476//3340 5228//3340
f 5251//3341 5228//3341 5476//3341
f 5505//3342 5614//3342 5227//3342
f 5473//3343 5505//3343 5227//3343
f 5381//3344 5227//3344 5614//3344
f 5359//3345 5473//3345 5227//3345
f 5227//3346 5226//3346 5359//3346
f 5380//3347 5359//3347 5225//3347
f 5226//3348 5225//3348 5359//3348
f 5457//3349 5474//3349 5224//3349
f 5270//3350 5224//3350 5474//3350
f 89//3351 5457//3351 5224//3351
f 5355//3352 5380//3352 5223//3352
f 5225//3353 5223//3353 5380//3353
f 5223//3354 5222//3354 5355//3354
f 5249//3355 5302//3355 5221//3355
f 5329//3356 5355//3356 5220//3356
f 5222//3357 5220//3357 5355//3357
f 5220//3358 5219//3358 5329//3358
f 5393//3359 5218//3359 5465//3359
f 5283//3360 5465//3360 5218//3360
f 5259//3361 5218//3361 5393//3361
f 5219//3321 5217//3321 5329//3321
f 5325//3362 5329//3362 5216//3362
f 5217//3363 5216//3363 5329//3363
f 5324//3364 5325//3364 5215//3364
f 5216//3365 5215//3365 5325//3365
f 5324//3366 5214//3366 462//3366
f 5215//3367 5214//3367 5324//3367
f 5345//3368 5323//3368 5213//3368
f 5245//3368 5345//3368 5213//3368
f 5418//3369 5523//3369 5212//3369
f 5316//3370 5337//3370 5211//3370
f 5264//3371 5211//3371 5337//3371
f 5254//3372 5316//3372 5211//3372
f 5531//3373 5210//3373 5532//3373
f 5530//3374 5209//3374 5531//3374
f 5210//3373 5531//3373 5209//3373
f 5313//3375 457//3375 465//3375
f 457//3376 5313//3376 5231//3376
f 458//3377 457//3377 465//3377
f 5288//3059 5208//3059 5274//3059
f 5208//3059 5288//3059 5230//3059
f 5312//3378 5409//3378 5207//3378
f 5289//3378 5207//3378 5409//3378
f 5311//189 5312//189 90//189
f 91//189 5311//189 90//189
f 5207//189 90//189 5312//189
f 90//3379 91//3379 445//3379
f 5478//3380 92//3380 5634//3380
f 5443//3381 5634//3381 92//3381
f 91//3382 92//3382 5478//3382
f 5287//3383 5443//3383 92//3383
f 445//1751 91//1751 92//1751
f 445//170 92//170 90//170
f 5272//3384 5206//3384 5288//3384
f 5230//3384 5288//3384 5206//3384
f 5307//3385 5309//3385 5205//3385
f 5229//3386 5307//3386 5205//3386
f 5527//3387 5203//3387 5543//3387
f 5527//3388 5542//3388 5202//3388
f 5203//3373 5527//3373 5202//3373
f 5400//3389 5442//3389 5201//3389
f 5379//3390 5400//3390 5201//3390
f 5228//3391 5201//3391 5442//3391
f 5378//3392 5200//3392 5399//3392
f 5331//3393 5301//3393 5199//3393
f 5259//3394 5331//3394 5199//3394
f 5248//3395 5199//3395 5301//3395
f 455//3396 462//3396 5198//3396
f 5198//3397 462//3397 5214//3397
f 5296//3398 5197//3398 5323//3398
f 5213//3399 5323//3399 5197//3399
f 5370//3400 5390//3400 5196//3400
f 5340//3401 5370//3401 5195//3401
f 5196//3241 5195//3241 5370//3241
f 86//3402 5339//3402 5194//3402
f 5296//3403 86//3403 5194//3403
f 5197//3404 5296//3404 5194//3404
f 5319//3405 5418//3405 560//3405
f 5295//3406 5319//3406 560//3406
f 5212//2489 560//2489 5418//2489
f 5461//3407 5192//3407 5523//3407
f 5212//3408 5523//3408 5192//3408
f 5239//3409 5191//3409 5278//3409
f 5336//3410 5364//3410 5190//3410
f 5277//3411 5190//3411 5364//3411
f 5255//3412 5336//3412 5190//3412
f 5316//3413 5189//3413 5385//3413
f 5335//3414 5188//3414 5520//3414
f 5315//3415 5520//3415 5188//3415
f 5290//3416 5314//3416 5187//3416
f 5276//3417 5187//3417 5314//3417
f 5263//3418 5290//3418 5187//3418
f 5385//3419 5186//3419 5414//3419
f 5232//3333 5414//3333 5186//3333
f 5189//3420 5186//3420 5385//3420
f 5210//3421 5185//3421 5532//3421
f 453//3422 5184//3422 454//3422
f 5333//3423 5182//3423 5530//3423
f 5209//3424 5530//3424 5182//3424
f 5183//3425 5182//3425 5333//3425
f 5333//3426 5334//3426 102//3426
f 5334//3427 465//3427 102//3427
f 458//3428 465//3428 102//3428
f 457//3429 458//3429 102//3429
f 5183//3430 5333//3430 102//3430
f 5183//2847 102//2847 458//2847
f 5308//3431 5181//3431 5309//3431
f 5205//3432 5309//3432 5181//3432
f 5204//3433 5181//3433 5308//3433
f 5308//3434 5543//3434 5180//3434
f 5204//1578 5308//1578 5179//1578
f 5180//3435 5179//3435 5308//3435
f 5203//3436 5178//3436 5543//3436
f 5180//3437 5543//3437 5178//3437
f 5457//3438 5177//3438 5542//3438
f 5202//3439 5542//3439 5177//3439
f 5286//3440 5176//3440 5306//3440
f 5270//3441 5306//3441 5176//3441
f 5260//3442 5176//3442 5286//3442
f 5248//3443 5379//3443 5175//3443
f 5201//3444 5175//3444 5379//3444
f 5332//3445 5174//3445 5354//3445
f 5269//3446 5354//3446 5174//3446
f 5249//3447 5174//3447 5332//3447
f 5394//3448 5173//3448 5425//3448
f 5378//3449 5425//3449 5173//3449
f 5300//3450 5172//3450 5394//3450
f 5173//3451 5394//3451 5172//3451
f 5348//3452 5170//3452 5373//3452
f 5327//3453 5169//3453 5348//3453
f 5170//3454 5348//3454 5169//3454
f 455//3455 561//3455 456//3455
f 5198//3456 456//3456 455//3456
f 5368//3457 5168//3457 5390//3457
f 5168//1653 5196//1653 5390//1653
f 5265//3458 5167//3458 5320//3458
f 5339//3459 5340//3459 5166//3459
f 5195//3460 5166//3460 5340//3460
f 5257//3461 5388//3461 5165//3461
f 5193//3462 5165//3462 5388//3462
f 5194//3463 5339//3463 5164//3463
f 5166//3464 5164//3464 5339//3464
f 5366//3465 5163//3465 5388//3465
f 5278//3466 5163//3466 5366//3466
f 5193//3467 5388//3467 5163//3467
f 461//3468 5532//3468 5162//3468
f 5162//3469 5532//3469 5185//3469
f 5412//851 5161//851 5413//851
f 453//3470 454//3470 452//3470
f 5253//3471 454//3471 452//3471
f 5233//3472 452//3472 453//3472
f 452//425 454//425 5184//425
f 452//3473 5184//3473 453//3473
f 5410//3474 5160//3474 5412//3474
f 5161//851 5412//851 5160//851
f 5231//3475 5274//3475 5159//3475
f 5208//3476 5159//3476 5274//3476
f 5408//851 5158//851 5410//851
f 5160//3477 5410//3477 5158//3477
f 5289//3478 5446//3478 5157//3478
f 5275//3479 5157//3479 5446//3479
f 5406//851 5156//851 5408//851
f 5158//851 5408//851 5156//851
f 5405//851 5155//851 5406//851
f 5156//851 5406//851 5155//851
f 5403//851 5154//851 5405//851
f 5155//851 5405//851 5154//851
f 5271//3480 5287//3480 5153//3480
f 5402//3481 5152//3481 5403//3481
f 5154//851 5403//851 5152//851
f 5229//3482 5151//3482 5272//3482
f 5206//3483 5272//3483 5151//3483
f 5401//851 5150//851 5402//851
f 5152//3481 5402//3481 5150//3481
f 5250//3484 5149//3484 5381//3484
f 5227//3485 5381//3485 5149//3485
f 5399//3486 5148//3486 5401//3486
f 5150//851 5401//851 5148//851
f 5200//3466 5147//3466 5399//3466
f 5148//3487 5399//3487 5147//3487
f 5246//3488 5146//3488 5376//3488
f 5171//2527 5376//2527 5146//2527
f 5258//3489 5298//3489 5144//3489
f 5327//3490 5330//3490 5143//3490
f 5143//3491 5169//3491 5327//3491
f 5145//3492 5143//3492 5330//3492
f 5328//3493 5142//3493 5330//3493
f 455//3494 5142//3494 5328//3494
f 5142//3495 455//3495 456//3495
f 5145//3496 5330//3496 5142//3496
f 5294//2864 5320//2864 5141//2864
f 5167//3497 5141//3497 5320//3497
f 5257//3280 5140//3280 562//3280
f 5165//3498 5140//3498 5257//3498
f 5211//3499 5264//3499 5139//3499
f 5263//3500 5138//3500 5277//3500
f 5190//3500 5277//3500 5138//3500
f 5187//3501 5138//3501 5263//3501
f 5206//3060 5137//3060 5230//3060
f 90//3502 5207//3502 5136//3502
f 92//3502 90//3502 5136//3502
f 5260//3503 5269//3503 5135//3503
f 5176//3504 5260//3504 5135//3504
f 5174//3503 5135//3503 5269//3503
f 5199//3505 5134//3505 5259//3505
f 5246//3506 5266//3506 5133//3506
f 5146//3507 5246//3507 5133//3507
f 5171//3508 5132//3508 5376//3508
f 5282//3509 5131//3509 5298//3509
f 5144//3510 5298//3510 5131//3510
f 5373//3511 5130//3511 5350//3511
f 5170//3512 5130//3512 5373//3512
f 5371//3513 5129//3513 5372//3513
f 5293//3514 5294//3514 5128//3514
f 5141//3515 5128//3515 5294//3515
f 5241//3516 5293//3516 5127//3516
f 5128//3514 5127//3514 5293//3514
f 562//3517 93//3517 110//3517
f 111//3518 562//3518 110//3518
f 5140//3519 110//3519 562//3519
f 5365//3520 5126//3520 5449//3520
f 5256//3521 5449//3521 5126//3521
f 5315//3522 5125//3522 5461//3522
f 5192//3523 5461//3523 5125//3523
f 5211//3524 5124//3524 5254//3524
f 5239//3525 5255//3525 5123//3525
f 5190//3525 5123//3525 5255//3525
f 5191//3526 5239//3526 451//3526
f 5123//3527 451//3527 5239//3527
f 5235//3528 5122//3528 5276//3528
f 5187//3529 5276//3529 5122//3529
f 5138//3530 5187//3530 5122//3530
f 5335//3531 5413//3531 5121//3531
f 5161//3532 5121//3532 5413//3532
f 5253//3533 5120//3533 5275//3533
f 452//3534 5120//3534 5253//3534
f 5157//3535 5275//3535 5120//3535
f 5230//3536 5119//3536 5208//3536
f 5119//3536 5230//3536 5137//3536
f 5207//3537 5289//3537 5118//3537
f 5157//3538 5118//3538 5289//3538
f 5118//3539 5136//3539 5207//3539
f 92//3540 5117//3540 5287//3540
f 5153//3541 5287//3541 5117//3541
f 5136//3542 5117//3542 92//3542
f 5151//3543 5116//3543 5206//3543
f 5137//3060 5206//3060 5116//3060
f 5250//3544 5271//3544 5115//3544
f 5153//3545 5115//3545 5271//3545
f 5149//3546 5250//3546 5115//3546
f 89//3547 5114//3547 5457//3547
f 5177//3548 5457//3548 5114//3548
f 5224//3549 5270//3549 5113//3549
f 5176//3550 5113//3550 5270//3550
f 5113//3551 5176//3551 5135//3551
f 5221//3552 5112//3552 5249//3552
f 5174//3447 5249//3447 5112//3447
f 5112//3553 5221//3553 5111//3553
f 5199//3554 5248//3554 5110//3554
f 5200//3555 5378//3555 5109//3555
f 5173//3556 5109//3556 5378//3556
f 5353//3557 5440//3557 5108//3557
f 5247//3558 5108//3558 5440//3558
f 116//3559 5107//3559 5266//3559
f 5107//3560 5133//3560 5266//3560
f 5218//3561 5106//3561 5283//3561
f 5283//3562 5105//3562 5282//3562
f 5105//3563 5131//3563 5282//3563
f 5106//3562 5105//3562 5283//3562
f 5346//2527 5104//2527 5347//2527
f 5265//3564 5372//3564 5103//3564
f 5129//3565 5103//3565 5372//3565
f 5321//3566 5102//3566 5371//3566
f 5129//3567 5371//3567 5102//3567
f 5254//3568 5100//3568 5316//3568
f 5189//3569 5316//3569 5100//3569
f 5124//3570 5100//3570 5254//3570
f 94//3571 461//3571 450//3571
f 5162//3572 450//3572 461//3572
f 451//3573 450//3573 94//3573
f 5159//3574 5208//3574 5099//3574
f 5119//3575 5099//3575 5208//3575
f 5116//3576 5151//3576 5097//3576
f 5109//3577 5096//3577 5200//3577
f 5175//3578 5095//3578 5248//3578
f 5110//3579 5248//3579 5095//3579
f 5297//3580 5347//3580 5094//3580
f 5104//3581 5094//3581 5347//3581
f 5258//3582 5093//3582 5346//3582
f 5104//3583 5346//3583 5093//3583
f 5092//3584 5163//3584 5101//3584
f 5241//3585 5091//3585 5264//3585
f 5139//3586 5264//3586 5091//3586
f 5292//3587 5090//3587 5280//3587
f 5279//3588 5089//3588 5365//3588
f 5279//3589 5280//3589 5089//3589
f 5126//3590 5365//3590 5089//3590
f 5090//3589 5089//3589 5280//3589
f 5291//3591 5087//3591 5292//3591
f 5090//3592 5292//3592 5087//3592
f 5088//184 5087//184 5291//184
f 5235//3593 94//3593 449//3593
f 5122//3594 5235//3594 449//3594
f 449//3593 450//3593 94//3593
f 5159//3595 5086//3595 5231//3595
f 5086//3596 5159//3596 5099//3596
f 5117//3597 5136//3597 5085//3597
f 5151//3598 5229//3598 5084//3598
f 5097//3599 5151//3599 5084//3599
f 5083//3600 5200//3600 5096//3600
f 5224//3601 5082//3601 89//3601
f 5114//3602 89//3602 5082//3602
f 5113//3603 5082//3603 5224//3603
f 116//3604 5285//3604 5080//3604
f 5284//3605 5079//3605 5285//3605
f 5080//425 5285//425 5079//425
f 5268//3606 5078//3606 5284//3606
f 5267//2077 5078//2077 5268//2077
f 5079//3607 5284//3607 5078//3607
f 5267//3608 5353//3608 5077//3608
f 5108//3609 5077//3609 5353//3609
f 5078//2077 5267//2077 5077//2077
f 5218//3610 5259//3610 5076//3610
f 5134//3611 5076//3611 5259//3611
f 5376//3612 5075//3612 5352//3612
f 5302//3613 5352//3613 5075//3613
f 5221//3614 5302//3614 5075//3614
f 5132//3615 5075//3615 5376//3615
f 5244//3616 5245//3616 5073//3616
f 5213//3617 5072//3617 5245//3617
f 5073//3618 5245//3618 5072//3618
f 5243//3619 5244//3619 5071//3619
f 5073//3620 5071//3620 5244//3620
f 5167//3621 5265//3621 5070//3621
f 5103//3622 5070//3622 5265//3622
f 5242//3623 5243//3623 5069//3623
f 5071//3624 5069//3624 5243//3624
f 5165//3625 5193//3625 5068//3625
f 5163//3626 5068//3626 5193//3626
f 5092//3627 5067//3627 5163//3627
f 5068//3463 5163//3463 5067//3463
f 5256//3628 5066//3628 5321//3628
f 5102//3629 5321//3629 5066//3629
f 5101//851 5065//851 5092//851
f 5069//3630 5064//3630 5242//3630
f 5191//3631 5063//3631 5278//3631
f 5163//3632 5278//3632 5063//3632
f 5101//2475 5163//2475 5063//2475
f 5065//851 5101//851 5063//851
f 5240//761 5242//761 5062//761
f 5064//761 5062//761 5242//761
f 5139//3633 5061//3633 5211//3633
f 5124//3634 5211//3634 5061//3634
f 5100//3635 5124//3635 5061//3635
f 5238//1010 5240//1010 5060//1010
f 5062//1010 5060//1010 5240//1010
f 451//3636 94//3636 448//3636
f 451//3637 448//3637 5191//3637
f 450//3638 451//3638 448//3638
f 450//3639 449//3639 448//3639
f 5237//3640 5238//3640 5059//3640
f 5060//2194 5059//2194 5238//2194
f 5138//3551 5058//3551 5190//3551
f 5123//3641 5190//3641 5058//3641
f 451//3642 5123//3642 5058//3642
f 5122//3643 5058//3643 5138//3643
f 449//3644 5058//3644 5122//3644
f 448//3645 451//3645 5058//3645
f 448//3646 5058//3646 449//3646
f 5236//3647 5237//3647 5057//3647
f 5059//3648 5057//3648 5237//3648
f 5234//3649 5236//3649 5056//3649
f 5233//3650 5234//3650 5056//3650
f 5057//3651 5056//3651 5236//3651
f 5056//3650 440//3650 5233//3650
f 452//1117 5233//1117 5055//1117
f 440//3652 5055//3652 5233//3652
f 5120//3653 5053//3653 5157//3653
f 5118//3654 5157//3654 5053//3654
f 103//3655 5098//3655 96//3655
f 5054//170 96//170 103//170
f 5137//3656 5052//3656 5119//3656
f 5136//3657 5118//3657 5051//3657
f 5085//3657 5136//3657 5051//3657
f 5053//3658 5051//3658 5118//3658
f 5116//3659 5050//3659 5137//3659
f 5052//3660 5137//3660 5050//3660
f 95//188 99//188 98//188
f 97//3073 99//3073 104//3073
f 98//932 104//932 442//932
f 98//170 96//170 104//170
f 98//170 97//170 104//170
f 5085//3597 5049//3597 5117//3597
f 104//205 101//205 442//205
f 5097//3661 5048//3661 5116//3661
f 5050//3662 5116//3662 5048//3662
f 5117//3663 5047//3663 5153//3663
f 5115//3664 5153//3664 5047//3664
f 5049//3658 5047//3658 5117//3658
f 105//3665 442//3665 107//3665
f 106//3666 445//3666 107//3666
f 105//3667 442//3667 108//3667
f 101//211 442//211 108//211
f 106//3668 105//3668 108//3668
f 106//170 101//170 108//170
f 107//170 101//170 108//170
f 107//170 106//170 108//170
f 563//170 107//170 108//170
f 5149//3669 5046//3669 5227//3669
f 5226//3670 5227//3670 5045//3670
f 5046//3671 5045//3671 5227//3671
f 5225//3672 5226//3672 5044//3672
f 5045//3672 5044//3672 5226//3672
f 5223//3673 5225//3673 5043//3673
f 5044//3674 5043//3674 5225//3674
f 5135//3530 5174//3530 5042//3530
f 5135//3675 5042//3675 5113//3675
f 5112//3676 5042//3676 5174//3676
f 5111//3677 5042//3677 5112//3677
f 5082//3678 5113//3678 5042//3678
f 5081//3679 5042//3679 5111//3679
f 5081//3680 5082//3680 5042//3680
f 5222//3681 5223//3681 5041//3681
f 5043//3682 5041//3682 5223//3682
f 5220//3683 5222//3683 5040//3683
f 5041//3684 5040//3684 5222//3684
f 5134//3685 5199//3685 5039//3685
f 5110//3686 5039//3686 5199//3686
f 5095//3687 5039//3687 5110//3687
f 5219//1015 5220//1015 5038//1015
f 5040//1015 5038//1015 5220//1015
f 5217//761 5219//761 5037//761
f 5038//761 5037//761 5219//761
f 5299//3688 5036//3688 5300//3688
f 5172//3689 5300//3689 5036//3689
f 5074//3690 5132//3690 5035//3690
f 5247//3691 5297//3691 5034//3691
f 5094//3692 5034//3692 5297//3692
f 5146//3693 5033//3693 5171//3693
f 5132//3694 5171//3694 5033//3694
f 5035//3695 5132//3695 5033//3695
f 5216//3696 5217//3696 5032//3696
f 5037//3697 5032//3697 5217//3697
f 5144//3698 5031//3698 5258//3698
f 5093//3699 5258//3699 5031//3699
f 5215//1878 5216//1878 5030//1878
f 5032//3700 5030//3700 5216//3700
f 5214//3701 5029//3701 5198//3701
f 5214//3702 5215//3702 5028//3702
f 5030//3703 5028//3703 5215//3703
f 5029//3704 5214//3704 5028//3704
f 5197//3705 5027//3705 5213//3705
f 5072//3706 5213//3706 5027//3706
f 5295//3707 5026//3707 5368//3707
f 5168//3708 5368//3708 5026//3708
f 5140//3709 5165//3709 5025//3709
f 5068//3710 5025//3710 5165//3710
f 5291//3711 93//3711 441//3711
f 459//3712 441//3712 93//3712
f 459//3713 111//3713 441//3713
f 110//3714 93//3714 441//3714
f 5088//3715 5291//3715 441//3715
f 5088//3716 441//3716 110//3716
f 5120//3717 452//3717 5024//3717
f 5055//623 5024//623 452//623
f 5099//3718 5119//3718 5022//3718
f 5099//3719 5022//3719 5086//3719
f 5022//3718 5119//3718 5052//3718
f 5021//3720 5085//3720 5051//3720
f 5020//3721 5049//3721 5085//3721
f 5021//3722 5020//3722 5085//3722
f 5019//1375 101//1375 104//1375
f 5049//3723 5018//3723 5047//3723
f 5018//3723 5049//3723 5020//3723
f 5017//1375 108//1375 101//1375
f 101//1375 5019//1375 5017//1375
f 5084//3724 5016//3724 5097//3724
f 5048//3661 5097//3661 5016//3661
f 5115//3725 5015//3725 5149//3725
f 5015//3726 5046//3726 5149//3726
f 5075//3727 5132//3727 5013//3727
f 5074//486 5013//486 5132//486
f 5133//3728 5012//3728 5146//3728
f 5012//3729 5033//3729 5146//3729
f 5299//3730 5350//3730 5011//3730
f 5130//3731 5011//3731 5350//3731
f 5036//3732 5299//3732 5011//3732
f 456//3733 5198//3733 5010//3733
f 5010//3734 5198//3734 5029//3734
f 5196//3735 5168//3735 5009//3735
f 5195//3736 5196//3736 5008//3736
f 5166//3737 5195//3737 5008//3737
f 5009//3736 5008//3736 5196//3736
f 5141//3738 5167//3738 5007//3738
f 5070//2194 5007//2194 5167//2194
f 5063//3739 5006//3739 5065//3739
f 5188//3740 5005//3740 5315//3740
f 5125//3741 5315//3741 5005//3741
f 5054//900 103//900 5004//900
f 96//154 5054//154 5003//154
f 96//3742 5003//3742 5023//3742
f 5231//3743 5002//3743 457//3743
f 5086//155 5002//155 5231//155
f 5022//3744 5001//3744 5086//3744
f 5002//3745 5086//3745 5001//3745
f 5053//3746 5120//3746 5000//3746
f 5051//3722 5053//3722 5000//3722
f 5024//3747 5000//3747 5120//3747
f 5051//3720 5000//3720 5021//3720
f 97//425 99//425 100//425
f 104//3748 95//3748 100//3748
f 98//3749 442//3749 114//3749
f 101//184 442//184 114//184
f 106//3750 114//3750 445//3750
f 107//3751 445//3751 114//3751
f 107//3752 442//3752 114//3752
f 107//3753 101//3753 114//3753
f 108//508 101//508 114//508
f 5047//3754 4999//3754 5115//3754
f 5047//3755 5018//3755 4999//3755
f 5015//3756 5115//3756 4999//3756
f 5016//3757 5084//3757 4997//3757
f 5205//3758 4996//3758 5229//3758
f 5084//2703 5229//2703 4996//2703
f 4997//3759 5084//3759 4996//3759
f 108//1050 4995//1050 563//1050
f 5014//3760 4994//3760 108//3760
f 5304//3761 4993//3761 5305//3761
f 89//3762 5305//3762 4993//3762
f 5096//3763 5109//3763 4992//3763
f 5131//2477 4991//2477 5144//2477
f 5031//3764 5144//3764 4991//3764
f 5130//3765 5170//3765 4990//3765
f 5169//3766 4989//3766 5170//3766
f 5169//3767 5143//3767 4989//3767
f 4990//3766 5170//3766 4989//3766
f 5194//3768 4988//3768 5197//3768
f 5027//3769 5197//3769 4988//3769
f 5164//3770 5166//3770 4987//3770
f 5008//3771 4987//3771 5166//3771
f 5164//3772 4986//3772 5194//3772
f 4988//3773 5194//3773 4986//3773
f 4987//3770 4986//3770 5164//3770
f 5065//2703 4985//2703 5092//2703
f 4985//3774 5065//3774 5006//3774
f 560//3775 4984//3775 5281//3775
f 5066//3776 5256//3776 438//3776
f 560//3406 5212//3406 4983//3406
f 5192//3777 4983//3777 5212//3777
f 4984//3778 560//3778 4983//3778
f 5127//3779 4982//3779 5241//3779
f 5091//3780 5241//3780 4982//3780
f 5091//3781 4981//3781 5139//3781
f 5061//3782 5139//3782 4981//3782
f 5061//3783 4981//3783 5100//3783
f 4982//3784 4981//3784 5091//3784
f 5100//3785 4980//3785 5189//3785
f 4981//3786 4980//3786 5100//3786
f 5188//3787 5335//3787 4979//3787
f 5121//3788 4979//3788 5335//3788
f 4978//505 5054//505 5004//505
f 4978//725 5003//725 5054//725
f 113//194 5004//194 103//194
f 4978//3789 5004//3789 113//3789
f 102//184 457//184 4977//184
f 5002//184 4977//184 457//184
f 446//2400 4975//2400 447//2400
f 103//3790 444//3790 5098//3790
f 96//3791 5098//3791 444//3791
f 446//3792 103//3792 444//3792
f 444//3793 96//3793 100//3793
f 4975//3794 446//3794 444//3794
f 96//3795 5023//3795 4974//3795
f 4976//829 4974//829 5023//829
f 104//864 96//864 4973//864
f 5019//3796 104//3796 4973//3796
f 4974//864 4973//864 96//864
f 445//3797 90//3797 443//3797
f 100//3798 98//3798 443//3798
f 443//3799 90//3799 114//3799
f 443//3800 114//3800 445//3800
f 443//3801 98//3801 114//3801
f 4973//1314 4972//1314 5019//1314
f 5017//1314 5019//1314 4971//1314
f 4972//1314 4971//1314 5019//1314
f 108//3802 5017//3802 4970//3802
f 5014//3803 108//3803 4970//3803
f 4971//1314 4970//1314 5017//1314
f 106//3804 105//3804 109//3804
f 107//3805 106//3805 109//3805
f 108//3806 442//3806 109//3806
f 114//3807 108//3807 109//3807
f 563//3808 564//3808 107//3808
f 4998//184 564//184 563//184
f 109//3809 107//3809 564//3809
f 4970//829 4969//829 5014//829
f 5181//425 4968//425 5205//425
f 5181//3810 5204//3810 4968//3810
f 4996//425 5205//425 4968//425
f 5082//3811 4967//3811 5114//3811
f 5081//3812 5111//3812 4967//3812
f 5081//3813 4967//3813 5082//3813
f 4966//3814 5096//3814 4992//3814
f 5095//3815 5175//3815 4965//3815
f 5076//3816 5134//3816 4964//3816
f 5039//3817 4964//3817 5134//3817
f 5039//3818 5095//3818 4964//3818
f 4965//3819 4964//3819 5095//3819
f 5106//3820 5218//3820 4963//3820
f 5076//3821 4963//3821 5218//3821
f 4964//3822 4963//3822 5076//3822
f 5172//3823 4962//3823 5173//3823
f 5109//3824 5173//3824 4962//3824
f 4992//3825 5109//3825 4962//3825
f 5034//3826 4961//3826 5247//3826
f 5013//3827 5074//3827 4960//3827
f 5036//3828 4959//3828 5172//3828
f 4962//3829 5172//3829 4959//3829
f 5143//3830 5145//3830 4958//3830
f 4958//3831 4989//3831 5143//3831
f 5128//3832 5141//3832 4957//3832
f 5007//3833 4957//3833 5141//3833
f 5063//3834 5191//3834 4956//3834
f 448//3835 4956//3835 5191//3835
f 5006//3836 5063//3836 4956//3836
f 110//3837 5140//3837 112//3837
f 5025//3838 112//3838 5140//3838
f 441//3839 111//3839 112//3839
f 5003//3840 4955//3840 5023//3840
f 4976//3841 5023//3841 4955//3841
f 5055//3842 440//3842 4954//3842
f 113//3843 447//3843 4953//3843
f 4975//3844 4953//3844 447//3844
f 5262//3845 5252//3845 4952//3845
f 443//3798 4951//3798 100//3798
f 5262//3846 4950//3846 5273//3846
f 5261//3847 5273//3847 4950//3847
f 4952//3848 4950//3848 5262//3848
f 5018//3321 5020//3321 4949//3321
f 4951//3849 443//3849 4949//3849
f 114//3801 4948//3801 443//3801
f 4949//3850 443//3850 4948//3850
f 4950//3851 4947//3851 5261//3851
f 4998//3852 563//3852 115//3852
f 4995//3853 115//3853 563//3853
f 564//3854 563//3854 115//3854
f 564//851 4998//851 115//851
f 5045//3855 5046//3855 4946//3855
f 4945//3856 564//3856 115//3856
f 4995//3857 108//3857 4944//3857
f 4994//3858 4944//3858 108//3858
f 115//3859 4995//3859 4944//3859
f 4994//3860 5014//3860 4943//3860
f 4969//3861 4943//3861 5014//3861
f 5111//3862 5221//3862 4942//3862
f 5075//3863 4942//3863 5221//3863
f 4967//3864 5111//3864 4942//3864
f 5133//3865 5107//3865 4941//3865
f 5012//3866 5133//3866 4941//3866
f 5131//3867 5105//3867 4940//3867
f 4991//3868 5131//3868 4940//3868
f 5142//3869 4939//3869 5145//3869
f 4958//3870 5145//3870 4939//3870
f 5035//3871 4938//3871 5074//3871
f 4960//3872 5074//3872 4938//3872
f 456//3873 4937//3873 5142//3873
f 5010//3874 4937//3874 456//3874
f 4939//3875 5142//3875 4937//3875
f 5067//3876 5092//3876 4936//3876
f 5067//3877 4936//3877 5068//3877
f 4985//2561 4936//2561 5092//2561
f 5025//3878 5068//3878 4935//3878
f 5006//2499 4934//2499 4985//2499
f 5127//3879 5128//3879 4933//3879
f 4957//3880 4933//3880 5128//3880
f 4982//3881 5127//3881 4932//3881
f 4933//3882 4932//3882 5127//3882
f 5088//3883 110//3883 4931//3883
f 112//3884 4931//3884 110//3884
f 5186//3885 5189//3885 4930//3885
f 4980//3886 4930//3886 5189//3886
f 5186//3887 4929//3887 5232//3887
f 4930//3888 4929//3888 5186//3888
f 436//3889 4954//3889 440//3889
f 4955//3890 4928//3890 4976//3890
f 4977//2778 4927//2778 102//2778
f 5232//3891 4926//3891 5252//3891
f 4926//978 4952//978 5252//978
f 4929//3891 4926//3891 5232//3891
f 5024//3892 5055//3892 4925//3892
f 4954//3892 4925//3892 5055//3892
f 4953//3893 4975//3893 4925//3893
f 4953//3894 4925//3894 4954//3894
f 100//3798 4924//3798 444//3798
f 444//3895 4924//3895 4975//3895
f 4924//3798 100//3798 4951//3798
f 5020//852 5021//852 4923//852
f 5000//3896 4923//3896 5021//3896
f 4923//3897 4949//3897 5020//3897
f 4951//3898 4949//3898 4923//3898
f 4923//3899 4924//3899 4951//3899
f 109//3900 4922//3900 114//3900
f 564//3901 4922//3901 109//3901
f 4948//3902 114//3902 4922//3902
f 5251//3295 5261//3295 4921//3295
f 4947//3903 4921//3903 5261//3903
f 5046//3904 5015//3904 4920//3904
f 4920//3904 4946//3904 5046//3904
f 4920//3905 564//3905 4945//3905
f 4946//3906 4920//3906 4945//3906
f 4968//740 5204//740 4919//740
f 4918//3907 4943//3907 4969//3907
f 5228//3908 5251//3908 4917//3908
f 4921//3908 4917//3908 5251//3908
f 5201//3909 5228//3909 4916//3909
f 5175//3910 5201//3910 4916//3910
f 4965//3911 5175//3911 4916//3911
f 4917//3295 4916//3295 5228//3295
f 5096//3912 4915//3912 5083//3912
f 4966//3913 4915//3913 5096//3913
f 116//3914 439//3914 5304//3914
f 116//3915 89//3915 439//3915
f 5107//3916 116//3916 439//3916
f 5080//3917 439//3917 116//3917
f 4993//3918 5304//3918 439//3918
f 4993//3919 439//3919 89//3919
f 439//3920 4941//3920 5107//3920
f 4963//3921 4914//3921 5106//3921
f 5105//3922 5106//3922 4913//3922
f 4913//3923 4940//3923 5105//3923
f 4914//3924 4913//3924 5106//3924
f 4960//3925 4912//3925 5013//3925
f 5033//3926 5012//3926 4911//3926
f 5007//3927 5070//3927 4910//3927
f 4936//3928 4909//3928 5068//3928
f 4935//3929 5068//3929 4909//3929
f 4956//3930 4908//3930 5006//3930
f 4934//3931 5006//3931 4908//3931
f 5089//3932 4907//3932 5126//3932
f 5089//3933 5090//3933 4906//3933
f 4906//3934 4907//3934 5089//3934
f 5126//3935 435//3935 5256//3935
f 438//3936 5256//3936 435//3936
f 4907//3937 435//3937 5126//3937
f 5087//3938 4905//3938 5090//3938
f 5087//3939 5088//3939 4905//3939
f 4931//3940 4905//3940 5088//3940
f 4906//3941 5090//3941 4905//3941
f 4980//3942 4981//3942 4904//3942
f 102//3943 4903//3943 458//3943
f 4927//3944 4903//3944 102//3944
f 5000//3945 5024//3945 4902//3945
f 4925//3946 4902//3946 5024//3946
f 4925//3947 4975//3947 4902//3947
f 4924//810 4902//810 4975//810
f 4923//3896 5000//3896 4902//3896
f 4923//3948 4902//3948 4924//3948
f 4999//3945 5018//3945 4901//3945
f 4999//3896 4901//3896 5015//3896
f 4949//3949 4901//3949 5018//3949
f 4948//3950 4901//3950 4949//3950
f 4922//3951 564//3951 4901//3951
f 4922//3952 4901//3952 4948//3952
f 4920//3953 5015//3953 4901//3953
f 4920//3954 4901//3954 564//3954
f 5179//3955 4900//3955 5204//3955
f 4919//3032 5204//3032 4900//3032
f 5079//3956 4899//3956 5080//3956
f 5078//3957 4899//3957 5079//3957
f 5077//3958 437//3958 5078//3958
f 4899//3959 5078//3959 437//3959
f 5108//3960 5247//3960 4898//3960
f 4961//3961 4898//3961 5247//3961
f 5077//3962 5108//3962 4897//3962
f 437//3963 5077//3963 4897//3963
f 4897//3964 5108//3964 4898//3964
f 5013//3965 4896//3965 5075//3965
f 4942//3966 5075//3966 4896//3966
f 4912//3967 4896//3967 5013//3967
f 5033//3968 4895//3968 5035//3968
f 4938//3969 5035//3969 4895//3969
f 4911//3970 4895//3970 5033//3970
f 4991//3971 4894//3971 5031//3971
f 5069//3972 5071//3972 4893//3972
f 5026//3973 4892//3973 5168//3973
f 5009//3974 5168//3974 4892//3974
f 4957//3975 5007//3975 4891//3975
f 4910//3976 4891//3976 5007//3976
f 4983//3977 4890//3977 4984//3977
f 5125//3978 4889//3978 5192//3978
f 4983//3979 5192//3979 4889//3979
f 4890//3980 4983//3980 4889//3980
f 5062//3981 5064//3981 4888//3981
f 5060//3982 5062//3982 4888//3982
f 4981//3983 4982//3983 4887//3983
f 4887//3984 4904//3984 4981//3984
f 5160//851 4886//851 5161//851
f 5158//3985 4885//3985 5160//3985
f 4886//851 5160//851 4885//851
f 5156//851 4884//851 5158//851
f 4885//3986 5158//3986 4884//3986
f 5052//3987 4883//3987 5022//3987
f 5001//146 5022//146 4883//146
f 5155//851 4882//851 5156//851
f 4884//851 5156//851 4882//851
f 5154//851 4881//851 5155//851
f 4882//851 5155//851 4881//851
f 5152//851 4880//851 5154//851
f 4881//851 5154//851 4880//851
f 5150//3481 4879//3481 5152//3481
f 4880//851 5152//851 4879//851
f 5148//851 4878//851 5150//851
f 4879//3988 5150//3988 4878//3988
f 5147//851 4877//851 5148//851
f 4878//851 5148//851 4877//851
f 4964//3989 4965//3989 4876//3989
f 4963//3990 4964//3990 4876//3990
f 4914//3991 4963//3991 4876//3991
f 5040//3992 5041//3992 4875//3992
f 5038//3993 5040//3993 4875//3993
f 4940//3994 4874//3994 4991//3994
f 4874//3995 4894//3995 4991//3995
f 4959//3996 4873//3996 4962//3996
f 5011//3997 5130//3997 4872//3997
f 4990//3998 4872//3998 5130//3998
f 5030//3999 5032//3999 4871//3999
f 5071//4000 5073//4000 4870//4000
f 4893//4001 5071//4001 4870//4001
f 5072//4002 4869//4002 5073//4002
f 4870//4002 5073//4002 4869//4002
f 5027//4003 4868//4003 5072//4003
f 4988//4004 4868//4004 5027//4004
f 4869//4003 5072//4003 4868//4003
f 4893//4005 4867//4005 5069//4005
f 5064//4006 5069//4006 4866//4006
f 4888//4007 5064//4007 4866//4007
f 4867//4006 4866//4006 5069//4006
f 5059//4008 5060//4008 4865//4008
f 4888//4009 4865//4009 5060//4009
f 5057//4010 5059//4010 4864//4010
f 4865//4011 4864//4011 5059//4011
f 5056//4012 5057//4012 565//4012
f 440//4013 5056//4013 565//4013
f 4864//4014 565//4014 5057//4014
f 5003//4015 4978//4015 4863//4015
f 4955//4016 5003//4016 4863//4016
f 4928//4017 4955//4017 4862//4017
f 4863//169 4862//169 4955//169
f 4978//4018 113//4018 4861//4018
f 4953//4019 4861//4019 113//4019
f 4953//4020 4954//4020 4861//4020
f 4954//4021 436//4021 4861//4021
f 4861//4022 4863//4022 4978//4022
f 5121//4023 5161//4023 4860//4023
f 4886//851 4860//851 5161//851
f 4862//4024 4859//4024 4928//4024
f 4859//4025 4858//4025 4928//4025
f 5183//4026 458//4026 4857//4026
f 4903//4027 4857//4027 458//4027
f 4928//4028 4856//4028 4976//4028
f 4858//4029 4856//4029 4928//4029
f 4974//4030 4976//4030 4855//4030
f 4856//4031 4855//4031 4976//4031
f 4973//4030 4974//4030 4854//4030
f 4855//4030 4854//4030 4974//4030
f 4972//4030 4973//4030 4853//4030
f 4854//4030 4853//4030 4973//4030
f 4971//4030 4972//4030 4852//4030
f 4853//4030 4852//4030 4972//4030
f 4970//4030 4971//4030 4851//4030
f 4852//4030 4851//4030 4971//4030
f 4969//4032 4970//4032 4850//4032
f 4851//4033 4850//4033 4970//4033
f 5179//4034 5180//4034 4849//4034
f 4900//4035 5179//4035 4849//4035
f 4918//1502 4969//1502 4848//1502
f 4850//4036 4848//4036 4969//4036
f 5147//4037 5200//4037 4847//4037
f 5083//4038 4847//4038 5200//4038
f 4877//851 5147//851 4847//851
f 4848//4039 4846//4039 4918//4039
f 115//4040 4845//4040 4945//4040
f 4945//4041 4845//4041 4946//4041
f 4944//4042 4845//4042 115//4042
f 4944//4043 4994//4043 4844//4043
f 4943//4044 4844//4044 4994//4044
f 4845//4045 4944//4045 4844//4045
f 4943//4046 4918//4046 4843//4046
f 4846//4047 4843//4047 4918//4047
f 4844//161 4943//161 4843//161
f 5044//4048 5045//4048 4842//4048
f 4946//4049 4842//4049 5045//4049
f 5043//4050 5044//4050 4841//4050
f 4842//2253 4841//2253 5044//2253
f 5041//4051 5043//4051 4840//4051
f 4875//4052 5041//4052 4840//4052
f 4841//4051 4840//4051 5043//4051
f 4962//4053 4839//4053 4992//4053
f 4873//4054 4839//4054 4962//4054
f 5037//4055 5038//4055 4838//4055
f 4875//4056 4838//4056 5038//4056
f 5032//4057 5037//4057 4837//4057
f 4871//4058 5032//4058 4837//4058
f 4838//4059 4837//4059 5037//4059
f 5029//4060 4836//4060 5010//4060
f 4937//4061 5010//4061 4836//4061
f 5028//4062 4835//4062 5029//4062
f 4836//580 5029//580 4835//580
f 5028//4063 5030//4063 4834//4063
f 4871//4063 4834//4063 5030//4063
f 4835//4062 5028//4062 4834//4062
f 5008//2103 5009//2103 4833//2103
f 4833//4064 4832//4064 5008//4064
f 112//4065 5025//4065 4831//4065
f 4935//4066 4831//4066 5025//4066
f 4908//4067 4830//4067 4934//4067
f 4931//4068 112//4068 4829//4068
f 4831//4069 4829//4069 112//4069
f 4905//2922 4931//2922 4828//2922
f 4905//4070 4828//4070 4906//4070
f 4829//184 4828//184 4931//184
f 5005//4071 4827//4071 5125//4071
f 4889//4072 5125//4072 4827//4072
f 4930//4073 4980//4073 4826//4073
f 4904//4074 4826//4074 4980//4074
f 4992//4075 4825//4075 4966//4075
f 4825//4076 4992//4076 4839//4076
f 437//4077 117//4077 4899//4077
f 439//4078 5080//4078 4824//4078
f 4941//4079 439//4079 4824//4079
f 4899//4080 4824//4080 5080//4080
f 4824//4081 4899//4081 117//4081
f 4896//2710 4912//2710 4823//2710
f 4941//4082 4822//4082 5012//4082
f 4911//4083 5012//4083 4822//4083
f 4824//4084 4822//4084 4941//4084
f 4989//4085 4958//4085 4821//4085
f 4989//4086 4820//4086 4990//4086
f 4821//4087 4820//4087 4989//4087
f 5103//4088 5129//4088 4819//4088
f 5070//4089 5103//4089 4818//4089
f 4910//4090 5070//4090 4818//4090
f 4819//4091 4818//4091 5103//4091
f 4870//4092 4817//4092 4893//4092
f 4891//4093 4910//4093 4816//4093
f 4936//4094 4985//4094 4815//4094
f 4934//4095 4815//4095 4985//4095
f 4932//4096 4813//4096 4982//4096
f 4932//4097 4933//4097 4813//4097
f 4887//4098 4982//4098 4813//4098
f 5005//4099 5188//4099 4812//4099
f 4979//4100 4812//4100 5188//4100
f 5182//4101 4811//4101 5209//4101
f 4856//4102 4858//4102 4810//4102
f 5182//4103 5183//4103 4809//4103
f 4857//4104 4809//4104 5183//4104
f 4811//4105 5182//4105 4809//4105
f 4883//4106 4808//4106 5001//4106
f 4855//4107 4856//4107 4807//4107
f 4810//4108 4807//4108 4856//4108
f 4854//999 4855//999 4806//999
f 4807//4109 4806//4109 4855//4109
f 5050//4110 4805//4110 5052//4110
f 5048//4111 4805//4111 5050//4111
f 4883//4112 5052//4112 4805//4112
f 4853//999 4854//999 4804//999
f 4806//999 4804//999 4854//999
f 4852//999 4853//999 4803//999
f 4804//999 4803//999 4853//999
f 5016//4113 4802//4113 5048//4113
f 4805//4114 5048//4114 4802//4114
f 4851//205 4852//205 4801//205
f 4803//4115 4801//4115 4852//4115
f 4997//4116 4800//4116 5016//4116
f 4802//4117 5016//4117 4800//4117
f 4850//4118 4851//4118 4799//4118
f 4801//205 4799//205 4851//205
f 5178//4119 4798//4119 5180//4119
f 4849//4120 5180//4120 4798//4120
f 4848//4121 4850//4121 4797//4121
f 4799//4122 4797//4122 4850//4122
f 5178//4123 5203//4123 4796//4123
f 4798//4124 5178//4124 4796//4124
f 4915//4125 4795//4125 5083//4125
f 4847//851 5083//851 4795//851
f 4876//4126 4794//4126 4914//4126
f 4938//4127 4793//4127 4960//4127
f 4912//4128 4960//4128 4793//4128
f 4894//4129 4874//4129 4791//4129
f 4834//4130 4871//4130 4790//4130
f 5031//4131 4789//4131 5093//4131
f 4894//4132 4789//4132 5031//4132
f 5093//4133 4788//4133 5104//4133
f 4789//4134 4788//4134 5093//4134
f 5102//4135 4787//4135 5129//4135
f 4819//4136 5129//4136 4787//4136
f 5026//4137 5281//4137 4786//4137
f 4984//4138 4786//4138 5281//4138
f 4892//4139 5026//4139 4786//4139
f 4909//4140 4936//4140 4785//4140
f 4785//4141 4936//4141 4815//4141
f 4909//4142 4783//4142 4935//4142
f 4831//4143 4935//4143 4783//4143
f 4785//4144 4783//4144 4909//4144
f 4987//4145 5008//4145 4782//4145
f 4986//4146 4987//4146 4782//4146
f 4832//4147 4782//4147 5008//4147
f 4830//4148 4780//4148 4934//4148
f 4815//4149 4934//4149 4780//4149
f 4889//4150 4779//4150 4890//4150
f 4814//4151 4890//4151 4779//4151
f 4908//4152 4956//4152 4778//4152
f 5185//4153 5210//4153 4777//4153
f 5209//4154 4776//4154 5210//4154
f 4776//4155 5209//4155 4811//4155
f 4777//4156 5210//4156 4776//4156
f 4858//4157 4859//4157 4775//4157
f 4775//1711 4810//1711 4858//1711
f 4774//4158 4807//4158 4810//4158
f 5001//4159 4773//4159 5002//4159
f 4773//4160 5001//4160 4808//4160
f 4996//4161 4772//4161 4997//4161
f 4800//4162 4997//4162 4772//4162
f 4846//4163 4848//4163 4771//4163
f 4797//4164 4771//4164 4848//4164
f 5202//4154 4770//4154 5203//4154
f 4796//4165 5203//4165 4770//4165
f 5177//4166 4769//4166 5202//4166
f 4770//4167 5202//4167 4769//4167
f 4896//4168 4768//4168 4942//4168
f 4940//4169 4913//4169 4767//4169
f 4913//4170 4914//4170 4767//4170
f 4874//4171 4940//4171 4767//4171
f 4794//4172 4767//4172 4914//4172
f 4839//4173 4873//4173 4766//4173
f 4766//4174 4873//4174 4792//4174
f 4823//4175 4912//4175 4765//4175
f 4765//4176 4912//4176 4793//4176
f 4895//4177 4911//4177 4763//4177
f 4822//429 4763//429 4911//429
f 4939//4178 4762//4178 4958//4178
f 4821//4179 4958//4179 4762//4179
f 4895//4180 4760//4180 4938//4180
f 4793//4181 4938//4181 4760//4181
f 4763//4182 4760//4182 4895//4182
f 5011//4183 4759//4183 5036//4183
f 4959//1578 5036//1578 4759//1578
f 5094//4184 5104//4184 4758//4184
f 4758//4185 5104//4185 4788//4185
f 5066//4186 4757//4186 5102//4186
f 4787//4187 5102//4187 4757//4187
f 4890//4188 4756//4188 4984//4188
f 4814//4189 4756//4189 4890//4189
f 4786//4190 4984//4190 4756//4190
f 4814//4191 4781//4191 4755//4191
f 4781//4192 4784//4192 4755//4192
f 4755//4193 4756//4193 4814//4193
f 4816//4194 4754//4194 4891//4194
f 5185//4195 4753//4195 5162//4195
f 4777//4196 4753//4196 5185//4196
f 4979//4197 5121//4197 4752//4197
f 4860//4198 4752//4198 5121//4198
f 4859//4199 4862//4199 4751//4199
f 4810//4200 4775//4200 4750//4200
f 4774//4201 4810//4201 4749//4201
f 4750//4201 4749//4201 4810//4201
f 4977//184 5002//184 4748//184
f 4773//184 4748//184 5002//184
f 4803//999 4804//999 4746//999
f 4747//999 4746//999 4804//999
f 4968//425 4745//425 4996//425
f 4772//4202 4996//4202 4745//4202
f 4919//4203 4744//4203 4968//4203
f 4745//4204 4968//4204 4744//4204
f 4797//4205 4799//4205 4743//4205
f 4771//4206 4797//4206 4742//4206
f 4743//245 4742//245 4797//245
f 4843//147 4846//147 4741//147
f 4771//4207 4741//4207 4846//4207
f 5114//4208 4740//4208 5177//4208
f 4769//4209 5177//4209 4740//4209
f 4915//4210 4966//4210 4739//4210
f 4825//4211 4739//4211 4966//4211
f 4791//4212 4874//4212 4738//4212
f 4767//4213 4738//4213 4874//4213
f 4792//4214 4737//4214 4764//4214
f 4761//4215 4764//4215 4737//4215
f 4873//4216 4959//4216 4736//4216
f 4792//4217 4873//4217 4736//4217
f 4759//4218 4736//4218 4959//4218
f 4737//4219 4792//4219 4736//4219
f 5034//4220 5094//4220 4735//4220
f 4758//4221 4735//4221 5094//4221
f 4815//4222 4734//4222 4785//4222
f 4780//4223 4830//4223 4733//4223
f 4956//4224 448//4224 4732//4224
f 4778//4225 4956//4225 4732//4225
f 448//4226 450//4226 4731//4226
f 4732//4227 448//4227 4731//4227
f 450//4228 5162//4228 4730//4228
f 4730//4229 5162//4229 4753//4229
f 4731//4230 450//4230 4730//4230
f 4927//4231 4977//4231 4729//4231
f 4729//4232 4977//4232 4748//4232
f 4807//4233 4774//4233 4728//4233
f 4806//4234 4807//4234 4727//4234
f 4804//154 4806//154 4727//154
f 4727//4235 4747//4235 4804//4235
f 4728//4236 4727//4236 4807//4236
f 4801//4237 4803//4237 4726//4237
f 4746//968 4726//968 4803//968
f 4799//154 4801//154 4725//154
f 4725//4238 4743//4238 4799//4238
f 4726//154 4725//154 4801//154
f 4967//4239 4724//4239 5114//4239
f 4740//4240 5114//4240 4724//4240
f 4916//4241 4723//4241 4965//4241
f 4876//4242 4965//4242 4723//4242
f 4794//4243 4876//4243 4723//4243
f 4839//4244 4722//4244 4825//4244
f 4766//4245 4722//4245 4839//4245
f 4765//4246 4721//4246 4823//4246
f 4760//4247 4720//4247 4793//4247
f 438//4248 4719//4248 5066//4248
f 4757//4186 5066//4186 4719//4186
f 4780//4249 4718//4249 4815//4249
f 4734//4250 4815//4250 4718//4250
f 4718//2771 4780//2771 4717//2771
f 4816//1603 4784//1603 4716//1603
f 4754//4251 4816//4251 4716//4251
f 4814//4252 4715//4252 4781//4252
f 4779//3073 4715//3073 4814//3073
f 4933//4253 4957//4253 4714//4253
f 4891//4254 4714//4254 4957//4254
f 4813//4255 4933//4255 4714//4255
f 4754//4256 4714//4256 4891//4256
f 4827//4257 4713//4257 4889//4257
f 4779//4258 4889//4258 4713//4258
f 4862//4259 4863//4259 4712//4259
f 4775//4260 4859//4260 4711//4260
f 4751//4261 4711//4261 4859//4261
f 4750//4262 4775//4262 4711//4262
f 4903//4263 4927//4263 4710//4263
f 4729//184 4710//184 4927//184
f 4900//4264 4709//4264 4919//4264
f 4744//4265 4919//4265 4709//4265
f 4742//4266 4708//4266 4771//4266
f 4741//4267 4771//4267 4708//4267
f 4845//4268 4707//4268 4946//4268
f 4842//4269 4946//4269 4707//4269
f 4843//158 4706//158 4844//158
f 4741//4270 4705//4270 4843//4270
f 4706//158 4843//158 4705//158
f 4795//4271 4915//4271 4704//4271
f 4739//4272 4704//4272 4915//4272
f 4942//4273 4703//4273 4967//4273
f 4768//4274 4703//4274 4942//4274
f 4724//4275 4967//4275 4703//4275
f 4792//4276 4702//4276 4766//4276
f 4792//4277 4764//4277 4702//4277
f 4793//4278 4700//4278 4765//4278
f 4720//4279 4700//4279 4793//4279
f 4701//2771 4765//2771 4700//2771
f 4961//4280 5034//4280 4699//4280
f 4735//4281 4699//4281 5034//4281
f 4892//4282 4697//4282 5009//4282
f 4833//4283 5009//4283 4697//4283
f 4698//4284 4833//4284 4697//4284
f 4783//4285 4696//4285 4831//4285
f 4778//112 4831//112 4696//112
f 4733//4286 4695//4286 4780//4286
f 4717//4287 4780//4287 4695//4287
f 435//3936 433//3936 438//3936
f 4719//4288 438//4288 433//4288
f 4781//4289 4694//4289 4784//4289
f 4716//4290 4784//4290 4694//4290
f 4778//4291 4693//4291 4908//4291
f 4696//4292 4693//4292 4778//4292
f 4830//4293 4908//4293 4692//4293
f 4733//4294 4830//4294 4692//4294
f 4693//4295 4692//4295 4908//4295
f 4904//4296 4887//4296 4691//4296
f 4826//4297 4904//4297 4691//4297
f 4813//4298 4691//4298 4887//4298
f 4714//4299 4691//4299 4813//4299
f 4863//4300 4861//4300 4690//4300
f 4690//4301 4712//4301 4863//4301
f 4861//171 436//171 4689//171
f 436//4302 567//4302 440//4302
f 565//4303 440//4303 567//4303
f 4689//4304 436//4304 567//4304
f 4857//4305 4903//4305 4688//4305
f 4688//4306 4903//4306 4710//4306
f 4749//4307 4687//4307 4774//4307
f 4728//4308 4774//4308 4687//4308
f 4743//4309 4725//4309 4686//4309
f 4849//4310 4685//4310 4900//4310
f 4709//425 4900//425 4685//425
f 4707//4311 4845//4311 4684//4311
f 4844//4312 4683//4312 4845//4312
f 4683//4313 4844//4313 4706//4313
f 4823//4314 4682//4314 4896//4314
f 4721//4315 4682//4315 4823//4315
f 4768//4316 4896//4316 4681//4316
f 4768//4317 4681//4317 4822//4317
f 4682//4318 4681//4318 4896//4318
f 4721//4319 4765//4319 4680//4319
f 4680//4320 4765//4320 4701//4320
f 4679//4321 4961//4321 4699//4321
f 4761//4322 4678//4322 4764//4322
f 4761//4323 4791//4323 4677//4323
f 4738//4324 4677//4324 4791//4324
f 4677//4325 4678//4325 4761//4325
f 4763//4326 4822//4326 4676//4326
f 4681//4327 4676//4327 4822//4327
f 4872//4328 4990//4328 4675//4328
f 4820//4329 4675//4329 4990//4329
f 4675//1640 4820//1640 4674//1640
f 4832//4330 4833//4330 4673//4330
f 4698//4331 4673//4331 4833//4331
f 4869//4332 4671//4332 4870//4332
f 4817//4333 4870//4333 4671//4333
f 4672//4334 4671//4334 4869//4334
f 4817//4335 4670//4335 4893//4335
f 4671//4336 4670//4336 4817//4336
f 4868//4337 4669//4337 4869//4337
f 4672//4338 4869//4338 4669//4338
f 4867//4339 4893//4339 4668//4339
f 4670//4340 4668//4340 4893//4340
f 4868//4341 4988//4341 4667//4341
f 4669//4342 4868//4342 4667//4342
f 4668//4343 4666//4343 4867//4343
f 4715//4344 4665//4344 4781//4344
f 4694//4345 4781//4345 4665//4345
f 435//4346 4907//4346 4664//4346
f 4907//4347 4906//4347 4663//4347
f 4828//4348 4663//4348 4906//4348
f 4664//4349 4907//4349 4663//4349
f 4866//4350 4867//4350 4662//4350
f 4666//4351 4662//4351 4867//4351
f 4866//4352 4661//4352 4888//4352
f 4662//1210 4661//1210 4866//1210
f 4827//4353 5005//4353 4660//4353
f 4812//4354 4660//4354 5005//4354
f 4751//4355 4862//4355 4659//4355
f 4712//4356 4659//4356 4862//4356
f 4826//4357 4658//4357 4930//4357
f 4691//4358 4658//4358 4826//4358
f 4690//3083 4861//3083 4657//3083
f 4689//171 4657//171 4861//171
f 4711//1877 4656//1877 4750//1877
f 4656//1973 4655//1973 4750//1973
f 4929//4359 4930//4359 4654//4359
f 4658//4360 4654//4360 4930//4360
f 4749//4361 4750//4361 4653//4361
f 4687//4362 4749//4362 4653//4362
f 4655//4363 4653//4363 4750//4363
f 4746//1402 4747//1402 4652//1402
f 4747//4364 4727//4364 4652//4364
f 4726//4365 4746//4365 4651//4365
f 4652//4366 4651//4366 4746//4366
f 4742//4367 4743//4367 4650//4367
f 4686//4368 4650//4368 4743//4368
f 4917//2140 4921//2140 4649//2140
f 4650//4369 4648//4369 4742//4369
f 4708//4370 4742//4370 4647//4370
f 4648//4371 4647//4371 4742//4371
f 4684//1578 4845//1578 4646//1578
f 4683//4372 4646//4372 4845//4372
f 4916//4373 4917//4373 4645//4373
f 4723//4374 4916//4374 4645//4374
f 4649//4375 4645//4375 4917//4375
f 4838//4376 4875//4376 4644//4376
f 4767//4377 4794//4377 4643//4377
f 4722//4378 4766//4378 4642//4378
f 4702//4379 4642//4379 4766//4379
f 4897//4380 566//4380 437//4380
f 4837//4381 4838//4381 4641//4381
f 4644//1210 4641//1210 4838//1210
f 4898//4382 4640//4382 4897//4382
f 566//1665 4897//1665 4640//1665
f 4702//4383 4764//4383 4639//4383
f 4678//4384 4639//4384 4764//4384
f 4641//4385 4638//4385 4837//4385
f 4836//4386 4637//4386 4937//4386
f 4837//4387 4636//4387 4871//4387
f 4638//4388 4636//4388 4837//4388
f 4835//4389 4635//4389 4836//4389
f 4637//4390 4836//4390 4635//4390
f 4790//4391 4871//4391 4634//4391
f 4636//4392 4634//4392 4871//4392
f 4635//4393 4835//4393 4633//4393
f 4820//4394 4821//4394 4632//4394
f 4674//4395 4820//4395 4632//4395
f 4834//4396 4631//4396 4835//4396
f 4790//4397 4631//4397 4834//4397
f 4634//4398 4631//4398 4790//4398
f 4633//4399 4835//4399 4631//4399
f 4786//4400 4630//4400 4892//4400
f 4697//4401 4892//4401 4630//4401
f 4783//4402 4785//4402 4629//4402
f 4734//4315 4629//4315 4785//4315
f 4718//4403 4628//4403 4734//4403
f 4629//4404 4734//4404 4628//4404
f 4717//851 4627//851 4718//851
f 4628//4004 4718//4004 4627//4004
f 4695//851 4626//851 4717//851
f 4695//4405 4733//4405 4625//4405
f 4692//4406 4625//4406 4733//4406
f 4626//4407 4695//4407 4625//4407
f 433//4408 435//4408 434//4408
f 4664//4409 434//4409 435//4409
f 4829//4410 4831//4410 4624//4410
f 4778//4411 4624//4411 4831//4411
f 4732//4412 4624//4412 4778//4412
f 4624//4413 4623//4413 4829//4413
f 4828//4413 4829//4413 4622//4413
f 4663//4414 4828//4414 4622//4414
f 4623//4413 4622//4413 4829//4413
f 4715//2704 4779//2704 4621//2704
f 4713//4415 4621//4415 4779//4415
f 4865//4416 4888//4416 4620//4416
f 4661//4417 4620//4417 4888//4417
f 4864//4418 4865//4418 4619//4418
f 4620//4418 4619//4418 4865//4418
f 4748//4419 4618//4419 4729//4419
f 4926//4420 4929//4420 4617//4420
f 4654//4421 4617//4421 4929//4421
f 4952//4422 4926//4422 4616//4422
f 4617//4423 4616//4423 4926//4423
f 4950//4424 4952//4424 4615//4424
f 4616//4425 4615//4425 4952//4425
f 4947//4426 4950//4426 4614//4426
f 4615//4427 4614//4427 4950//4427
f 4921//4428 4947//4428 4613//4428
f 4613//4429 4649//4429 4921//4429
f 4614//4430 4613//4430 4947//4430
f 4841//4431 4842//4431 4611//4431
f 4739//4432 4825//4432 4610//4432
f 4722//4433 4610//4433 4825//4433
f 4840//4434 4609//4434 4875//4434
f 4840//4435 4841//4435 4609//4435
f 4609//4436 4644//4436 4875//4436
f 4611//4437 4609//4437 4841//4437
f 4822//119 4824//119 4608//119
f 4768//4438 4822//4438 4608//4438
f 4703//4439 4768//4439 4608//4439
f 4608//3766 4824//3766 4607//3766
f 117//4440 437//4440 568//4440
f 117//4441 568//4441 4824//4441
f 568//4442 437//4442 566//4442
f 4607//3766 4824//3766 568//3766
f 4898//4443 4961//4443 4606//4443
f 4679//4444 4606//4444 4961//4444
f 4640//4445 4898//4445 4606//4445
f 4682//4446 4721//4446 4605//4446
f 4680//4447 4605//4447 4721//4447
f 4701//851 4604//851 4680//851
f 4605//4004 4680//4004 4604//4004
f 4700//851 4603//851 4701//851
f 4700//4448 4720//4448 4602//4448
f 4603//4407 4700//4407 4602//4407
f 4760//4449 4763//4449 4601//4449
f 4720//4294 4760//4294 4601//4294
f 4602//4450 4720//4450 4601//4450
f 4872//4451 4600//4451 5011//4451
f 4759//4452 5011//4452 4600//4452
f 4818//4453 4599//4453 4910//4453
f 4816//4454 4910//4454 4599//4454
f 4782//4455 4832//4455 4598//4455
f 4673//4456 4598//4456 4832//4456
f 4627//851 4717//851 4597//851
f 4626//851 4597//851 4717//851
f 4812//4457 4979//4457 4596//4457
f 4752//4458 4596//4458 4979//4458
f 4711//4459 4751//4459 4595//4459
f 4659//4460 4595//4460 4751//4460
f 4710//4461 4729//4461 4594//4461
f 4618//4462 4594//4462 4729//4462
f 4808//4463 4883//4463 4593//4463
f 4744//4464 4592//4464 4745//4464
f 4612//2634 4745//2634 4592//2634
f 4604//851 4701//851 4591//851
f 4603//851 4591//851 4701//851
f 4791//4465 4590//4465 4894//4465
f 4789//4466 4894//4466 4590//4466
f 4816//4467 4589//4467 4784//4467
f 4696//4468 4783//4468 4588//4468
f 4629//4469 4588//4469 4783//4469
f 565//4470 4864//4470 4587//4470
f 567//429 565//429 4587//429
f 4619//4471 4587//4471 4864//4471
f 4687//4472 4586//4472 4728//4472
f 4727//4473 4728//4473 4585//4473
f 4652//4474 4727//4474 4585//4474
f 4586//4475 4585//4475 4728//4475
f 4725//4475 4726//4475 4584//4475
f 4651//4476 4584//4476 4726//4476
f 4686//661 4725//661 4583//661
f 4584//4475 4583//4475 4725//4475
f 4709//4477 4582//4477 4744//4477
f 4592//3407 4744//3407 4582//3407
f 4708//4478 4581//4478 4741//4478
f 4647//4479 4581//4479 4708//4479
f 4707//4480 4580//4480 4842//4480
f 4611//4481 4842//4481 4580//4481
f 4642//4482 4702//4482 4579//4482
f 4639//4483 4579//4483 4702//4483
f 4676//4484 4578//4484 4763//4484
f 4601//4485 4763//4485 4578//4485
f 4762//2400 4577//2400 4821//2400
f 4632//4486 4821//4486 4577//4486
f 4761//4487 4576//4487 4791//4487
f 4755//4488 4784//4488 4575//4488
f 4756//4489 4755//4489 4575//4489
f 4589//4490 4575//4490 4784//4490
f 4716//4491 4574//4491 4754//4491
f 4714//4492 4754//4492 4574//4492
f 4665//4493 4715//4493 4573//4493
f 4621//4494 4573//4494 4715//4494
f 4713//4495 4827//4495 4572//4495
f 4660//4496 4572//4496 4827//4496
f 4594//4497 4571//4497 4710//4497
f 4653//4498 4570//4498 4687//4498
f 4586//2701 4687//2701 4570//2701
f 4808//4499 4569//4499 4773//4499
f 4748//4500 4773//4500 4569//4500
f 4593//4501 4569//4501 4808//4501
f 4881//851 4568//851 4882//851
f 4585//4502 4567//4502 4652//4502
f 4880//851 4566//851 4881//851
f 4568//851 4881//851 4566//851
f 4651//893 4652//893 4565//893
f 4567//154 4565//154 4652//154
f 4584//4503 4651//4503 4564//4503
f 4565//1402 4564//1402 4651//1402
f 4879//851 4563//851 4880//851
f 4566//851 4880//851 4563//851
f 4772//4504 4562//4504 4800//4504
f 4745//4505 4562//4505 4772//4505
f 4878//4506 4561//4506 4879//4506
f 4877//851 4561//851 4878//851
f 4563//4507 4879//4507 4561//4507
f 4583//661 4560//661 4686//661
f 4705//2672 4741//2672 4559//2672
f 4581//4508 4559//4508 4741//4508
f 4642//4509 4558//4509 4722//4509
f 4610//4510 4722//4510 4558//4510
f 4738//4511 4767//4511 4557//4511
f 4643//4512 4557//4512 4767//4512
f 4737//4513 4556//4513 4761//4513
f 4736//4514 4556//4514 4737//4514
f 4576//4515 4761//4515 4556//4515
f 4627//4516 4555//4516 4628//4516
f 4597//4517 4555//4517 4627//4517
f 4668//4518 4670//4518 4554//4518
f 4666//4519 4668//4519 4554//4519
f 4625//4520 4553//4520 4626//4520
f 4597//4521 4626//4521 4553//4521
f 4693//4522 4696//4522 4552//4522
f 4588//4523 4552//4523 4696//4523
f 4656//4524 4711//4524 4551//4524
f 4655//4525 4656//4525 4551//4525
f 4595//4526 4551//4526 4711//4526
f 4653//4527 4655//4527 4550//4527
f 4550//4528 4570//4528 4653//4528
f 4551//4529 4550//4529 4655//4529
f 4860//851 4886//851 4549//851
f 4710//4530 4548//4530 4688//4530
f 4571//4531 4548//4531 4710//4531
f 4885//851 4547//851 4886//851
f 4549//851 4886//851 4547//851
f 4884//4532 4546//4532 4885//4532
f 4547//851 4885//851 4546//851
f 4545//1578 4748//1578 4569//1578
f 4847//851 4544//851 4877//851
f 4561//851 4877//851 4544//851
f 4685//4533 4543//4533 4709//4533
f 4582//4534 4709//4534 4543//4534
f 4650//4535 4686//4535 4542//4535
f 4648//4536 4650//4536 4542//4536
f 4560//4537 4542//4537 4686//4537
f 4647//1602 4648//1602 4541//1602
f 4581//4538 4647//4538 4541//4538
f 4542//4539 4541//4539 4648//4539
f 4704//4272 4739//4272 4540//4272
f 4610//4540 4540//4540 4739//4540
f 4705//4541 4539//4541 4706//4541
f 4559//4542 4539//4542 4705//4542
f 4678//4543 4677//4543 4538//4543
f 4639//4544 4678//4544 4538//4544
f 4676//4545 4681//4545 4537//4545
f 4578//4546 4676//4546 4537//4546
f 4636//4547 4638//4547 4536//4547
f 4634//4548 4636//4548 4536//4548
f 4602//3552 4535//3552 4603//3552
f 4591//4549 4603//4549 4535//4549
f 4575//4550 4534//4550 4756//4550
f 4673//4551 4698//4551 4533//4551
f 4669//4552 4532//4552 4672//4552
f 4667//4553 4532//4553 4669//4553
f 4555//4517 4597//4517 4531//4517
f 4553//4554 4531//4554 4597//4554
f 4694//4555 4530//4555 4716//4555
f 4574//4556 4716//4556 4530//4556
f 4665//4557 4529//4557 4694//4557
f 4573//4558 4529//4558 4665//4558
f 4530//4559 4694//4559 4529//4559
f 4659//4560 4712//4560 4527//4560
f 4548//4561 4524//4561 4688//4561
f 4525//4562 4688//4562 4524//4562
f 4800//4563 4523//4563 4802//4563
f 4562//4564 4523//4564 4800//4564
f 4612//4565 4522//4565 4745//4565
f 4562//4566 4745//4566 4522//4566
f 4543//4533 4685//4533 4521//4533
f 4795//851 4520//851 4847//851
f 4544//851 4847//851 4520//851
f 4723//4567 4517//4567 4794//4567
f 4643//4568 4794//4568 4517//4568
f 4677//4569 4738//4569 4516//4569
f 4557//4570 4516//4570 4738//4570
f 4538//171 4677//171 4516//171
f 4604//4571 4515//4571 4605//4571
f 4591//4572 4515//4572 4604//4572
f 4535//165 4515//165 4591//165
f 4635//4573 4514//4573 4637//4573
f 4633//4574 4514//4574 4635//4574
f 4556//4575 4736//4575 4513//4575
f 4632//4576 4512//4576 4674//4576
f 4818//4577 4819//4577 4511//4577
f 4630//4578 4510//4578 4697//4578
f 4533//3706 4698//3706 4509//3706
f 4510//4579 4508//4579 4697//4579
f 4692//4580 4693//4580 4507//4580
f 4625//4581 4692//4581 4507//4581
f 4553//4582 4625//4582 4507//4582
f 4552//4583 4507//4583 4693//4583
f 4531//4584 4553//4584 4507//4584
f 4662//4585 4666//4585 4506//4585
f 4661//189 4662//189 4506//189
f 4554//4586 4506//4586 4666//4586
f 4621//4587 4713//4587 4505//4587
f 4572//4588 4505//4588 4713//4588
f 4691//4589 4714//4589 4504//4589
f 4574//4590 4504//4590 4714//4590
f 4595//4591 4659//4591 4503//4591
f 4527//4592 4503//4592 4659//4592
f 4712//4593 4690//4593 4502//4593
f 4657//4594 4502//4594 4690//4594
f 4502//4595 4527//4595 4712//4595
f 4657//171 4689//171 4501//171
f 567//4596 4500//4596 4689//4596
f 4587//429 4500//429 567//429
f 4501//4596 4689//4596 4500//4596
f 4752//4597 4860//4597 4498//4597
f 4549//851 4498//851 4860//851
f 4547//851 4498//851 4549//851
f 4809//4598 4857//4598 4497//4598
f 4688//4599 4497//4599 4857//4599
f 4497//4600 4688//4600 4525//4600
f 4618//4601 4748//4601 4496//4601
f 4545//4602 4496//4602 4748//4602
f 4805//4603 4495//4603 4883//4603
f 4802//4604 4495//4604 4805//4604
f 4593//4605 4883//4605 4495//4605
f 4495//4606 4802//4606 4523//4606
f 4494//1947 4522//1947 4612//1947
f 4798//4607 4493//4607 4849//4607
f 4685//4608 4849//4608 4493//4608
f 4521//4609 4685//4609 4493//4609
f 4684//4610 4492//4610 4707//4610
f 4580//4143 4707//4143 4492//4143
f 4491//1375 4518//1375 4519//1375
f 4646//1578 4490//1578 4684//1578
f 4492//4610 4684//4610 4490//4610
f 4706//4611 4489//4611 4683//4611
f 4646//4612 4683//4612 4489//4612
f 4539//4613 4489//4613 4706//4613
f 4579//4614 4488//4614 4642//4614
f 4558//4615 4642//4615 4488//4615
f 4641//189 4644//189 4487//189
f 4638//4616 4641//4616 4487//4616
f 4536//4617 4638//4617 4487//4617
f 4681//4618 4682//4618 4486//4618
f 4605//4619 4486//4619 4682//4619
f 4537//4620 4681//4620 4486//4620
f 4486//4621 4605//4621 4515//4621
f 4631//4622 4634//4622 4485//4622
f 4631//4623 4485//4623 4633//4623
f 4536//4624 4485//4624 4634//4624
f 4514//4625 4633//4625 4485//4625
f 4675//4626 4483//4626 4872//4626
f 4600//4627 4872//4627 4483//4627
f 4674//1640 4482//1640 4675//1640
f 4482//4628 4674//4628 4512//4628
f 4788//4629 4789//4629 4481//4629
f 4787//4630 4480//4630 4819//4630
f 4511//4631 4819//4631 4480//4631
f 4598//505 4673//505 4479//505
f 4533//4632 4479//4632 4673//4632
f 4599//4633 4478//4633 4816//4633
f 4589//4634 4816//4634 4478//4634
f 4697//4635 4477//4635 4698//4635
f 4509//4636 4698//4636 4477//4636
f 4508//4637 4476//4637 4697//4637
f 4477//4638 4697//4638 4476//4638
f 4628//4639 4475//4639 4629//4639
f 4588//4640 4629//4640 4475//4640
f 4555//4641 4475//4641 4628//4641
f 4552//4642 4588//4642 4475//4642
f 4671//72 4672//72 4474//72
f 4670//4643 4671//4643 4474//4643
f 4554//4644 4670//4644 4474//4644
f 4532//4645 4474//4645 4672//4645
f 4986//4646 4473//4646 4988//4646
f 4782//4647 4473//4647 4986//4647
f 4667//4648 4988//4648 4473//4648
f 4598//4649 4473//4649 4782//4649
f 4526//829 4528//829 4472//829
f 4499//4650 4526//4650 4472//4650
f 4660//4651 4812//4651 4471//4651
f 4596//4652 4471//4652 4812//4652
f 4704//4653 4470//4653 4795//4653
f 4520//851 4795//851 4470//851
f 4518//4654 4491//4654 4469//4654
f 4601//4655 4468//4655 4602//4655
f 4578//4656 4468//4656 4601//4656
f 4537//4657 4468//4657 4578//4657
f 4535//4658 4602//4658 4468//4658
f 4484//4659 4675//4659 4467//4659
f 4482//4660 4466//4660 4675//4660
f 4467//4661 4675//4661 4466//4661
f 4590//4662 4791//4662 4465//4662
f 4576//4663 4465//4663 4791//4663
f 4577//543 4464//543 4632//543
f 4512//4664 4632//4664 4464//4664
f 4788//4665 4463//4665 4758//4665
f 4481//4666 4463//4666 4788//4666
f 4757//4667 4462//4667 4787//4667
f 4480//4668 4787//4668 4462//4668
f 4531//4669 4461//4669 4555//4669
f 4507//4670 4552//4670 4461//4670
f 4507//4671 4461//4671 4531//4671
f 4475//4672 4555//4672 4461//4672
f 4475//4673 4461//4673 4552//4673
f 4473//4674 4460//4674 4667//4674
f 4551//4675 4595//4675 4459//4675
f 4503//4676 4459//4676 4595//4676
f 4502//4677 4657//4677 4458//4677
f 4501//4678 4458//4678 4657//4678
f 4594//4679 4618//4679 4457//4679
f 4496//4680 4457//4680 4618//4680
f 4592//2644 4456//2644 4612//2644
f 4494//4681 4612//4681 4456//4681
f 4541//4682 4542//4682 4455//4682
f 4491//4683 4519//4683 4454//4683
f 4490//4684 4646//4684 4453//4684
f 4489//4685 4453//4685 4646//4685
f 4540//4686 4610//4686 4452//4686
f 4488//4687 4579//4687 4451//4687
f 4515//4688 4535//4688 4449//4688
f 4486//4689 4449//4689 4537//4689
f 4515//4690 4449//4690 4486//4690
f 4449//4691 4468//4691 4537//4691
f 4449//4692 4535//4692 4468//4692
f 4937//4693 4448//4693 4939//4693
f 4762//4694 4939//4694 4448//4694
f 4637//4695 4448//4695 4937//4695
f 4577//4696 4762//4696 4448//4696
f 4450//4697 4448//4697 4637//4697
f 4735//4698 4758//4698 4447//4698
f 4447//4699 4758//4699 4463//4699
f 4479//505 4446//505 4598//505
f 4473//4700 4598//4700 4446//4700
f 118//4701 127//4701 429//4701
f 4573//4702 4621//4702 4445//4702
f 4505//4702 4445//4702 4621//4702
f 4619//4703 4620//4703 4444//4703
f 4587//4704 4619//4704 4444//4704
f 4526//193 4443//193 4528//193
f 4443//193 4526//193 4442//193
f 4658//4705 4691//4705 4440//4705
f 4504//4706 4440//4706 4691//4706
f 4550//4707 4551//4707 4439//4707
f 4441//2319 4439//2319 4551//2319
f 4596//4708 4752//4708 4438//4708
f 4498//4709 4438//4709 4752//4709
f 4654//4710 4658//4710 4437//4710
f 4440//4711 4437//4711 4658//4711
f 4809//4712 4436//4712 4811//4712
f 4497//4713 4436//4713 4809//4713
f 4546//851 4434//851 4547//851
f 4498//851 4547//851 4434//851
f 4438//4714 4498//4714 4434//4714
f 4570//4715 4550//4715 4433//4715
f 4435//4716 4433//4716 4550//4716
f 4570//4717 4432//4717 4586//4717
f 4433//4718 4432//4718 4570//4718
f 4585//2847 4586//2847 4431//2847
f 4567//4719 4585//4719 4431//4719
f 4432//2847 4431//2847 4586//2847
f 4565//4720 4567//4720 4430//4720
f 4431//4455 4430//4455 4567//4455
f 4430//4721 4429//4721 4565//4721
f 4564//3321 4565//3321 4428//3321
f 4429//4722 4428//4722 4565//4722
f 4583//2847 4584//2847 4427//2847
f 4564//4723 4427//4723 4584//4723
f 4428//4724 4427//4724 4564//4724
f 4560//4725 4583//4725 4426//4725
f 4427//2847 4426//2847 4583//2847
f 4542//4726 4560//4726 4425//4726
f 4426//4727 4425//4727 4560//4727
f 4796//4728 4424//4728 4798//4728
f 4493//4729 4798//4729 4424//4729
f 4425//4730 4423//4730 4542//4730
f 4649//4731 4613//4731 4422//4731
f 4645//4732 4420//4732 4723//4732
f 4645//4733 4649//4733 4420//4733
f 4517//4734 4723//4734 4420//4734
f 4422//4735 4420//4735 4649//4735
f 4455//4736 4419//4736 4541//4736
f 4421//4737 4419//4737 4455//4737
f 4541//4738 4417//4738 4581//4738
f 4518//193 4416//193 4519//193
f 4418//193 4519//193 4416//193
f 4609//4739 4611//4739 4415//4739
f 4580//4740 4415//4740 4611//4740
f 4756//4741 4414//4741 4786//4741
f 4630//4742 4786//4742 4414//4742
f 4534//4743 4414//4743 4756//4743
f 4510//4742 4630//4742 4414//4742
f 4508//4744 4510//4744 4413//4744
f 4414//4745 4413//4745 4510//4745
f 4719//4746 4412//4746 4757//4746
f 4462//4747 4757//4747 4412//4747
f 4532//4748 4667//4748 4411//4748
f 4474//4749 4532//4749 4411//4749
f 4460//4750 4411//4750 4667//4750
f 4411//4751 4410//4751 4474//4751
f 4506//4752 4409//4752 4661//4752
f 4506//4753 4554//4753 4409//4753
f 4474//4754 4409//4754 4554//4754
f 4410//4755 4409//4755 4474//4755
f 127//4756 118//4756 432//4756
f 4572//4757 4660//4757 4408//4757
f 4471//4758 4408//4758 4660//4758
f 4459//4759 4407//4759 4551//4759
f 4407//4760 4441//4760 4551//4760
f 4405//2319 4439//2319 4441//2319
f 4499//4761 4404//4761 4526//4761
f 4404//4041 4499//4041 4403//4041
f 4811//4762 4402//4762 4776//4762
f 4402//4763 4811//4763 4436//4763
f 4439//4764 4401//4764 4550//4764
f 4401//4765 4435//4765 4550//4765
f 4617//4766 4654//4766 4400//4766
f 4437//4766 4400//4766 4654//4766
f 4571//4767 4594//4767 4399//4767
f 4457//3099 4399//3099 4594//3099
f 4496//4768 4545//4768 4397//4768
f 4569//4769 4593//4769 4396//4769
f 4569//4770 4396//4770 4545//4770
f 4495//4771 4396//4771 4593//4771
f 4397//2987 4545//2987 4396//2987
f 4616//4772 4617//4772 4395//4772
f 4400//4710 4395//4710 4617//4710
f 4615//4773 4616//4773 4394//4773
f 4395//4774 4394//4774 4616//4774
f 4614//4775 4615//4775 4393//4775
f 4394//4776 4393//4776 4615//4776
f 4522//4777 4494//4777 4392//4777
f 4523//4778 4562//4778 4391//4778
f 4522//4778 4391//4778 4562//4778
f 4392//4779 4391//4779 4522//4779
f 4582//4780 4390//4780 4592//4780
f 4456//4781 4592//4781 4390//4781
f 4613//4782 4614//4782 4389//4782
f 4389//4731 4422//4731 4613//4731
f 4393//4783 4389//4783 4614//4783
f 4470//851 4388//851 4520//851
f 4770//4784 4387//4784 4796//4784
f 4424//4785 4796//4785 4387//4785
f 4423//4786 4386//4786 4542//4786
f 4769//4787 4385//4787 4770//4787
f 4387//4788 4770//4788 4385//4788
f 4455//4789 4542//4789 4384//4789
f 4384//1314 4421//1314 4455//1314
f 4386//4790 4384//4790 4542//4790
f 4540//4791 4383//4791 4704//4791
f 4470//4792 4704//4792 4383//4792
f 4388//4793 4470//4793 4383//4793
f 4454//4794 4519//4794 4382//4794
f 4382//725 4381//725 4454//725
f 4380//4795 4419//4795 4421//4795
f 4454//922 4379//922 4491//922
f 4419//4796 4378//4796 4541//4796
f 4378//4797 4417//4797 4541//4797
f 4559//4798 4581//4798 4377//4798
f 4417//4799 4377//4799 4581//4799
f 4579//4800 4639//4800 4376//4800
f 4538//4801 4376//4801 4639//4801
f 4451//4802 4579//4802 4376//4802
f 119//4803 4375//4803 120//4803
f 119//4804 123//4804 4375//4804
f 4485//4805 4374//4805 4514//4805
f 4375//4806 123//4806 135//4806
f 4514//4807 4373//4807 4637//4807
f 4450//4808 4637//4808 4373//4808
f 4374//4809 4373//4809 4514//4809
f 4699//4810 4735//4810 4371//4810
f 4447//4811 4371//4811 4735//4811
f 4372//4812 4699//4812 4371//4812
f 4484//4813 4370//4813 4675//4813
f 4483//4814 4675//4814 4370//4814
f 4464//4815 4577//4815 4369//4815
f 4448//4816 4369//4816 4577//4816
f 4736//4817 4759//4817 4368//4817
f 4600//4818 4368//4818 4759//4818
f 4513//4819 4736//4819 4368//4819
f 4483//4820 4368//4820 4600//4820
f 4370//4821 4368//4821 4483//4821
f 4575//4822 4589//4822 4367//4822
f 4478//4823 4367//4823 4589//4823
f 433//4824 4366//4824 4719//4824
f 434//4825 4366//4825 433//4825
f 4412//4826 4719//4826 4366//4826
f 118//4827 126//4827 429//4827
f 4529//4828 4573//4828 4365//4828
f 4445//4829 4365//4829 4573//4829
f 4443//4830 4364//4830 4528//4830
f 4753//4831 4777//4831 4362//4831
f 4405//4832 4441//4832 4361//4832
f 4776//4833 4360//4833 4777//4833
f 4402//4834 4360//4834 4776//4834
f 4362//4835 4777//4835 4360//4835
f 4439//4836 4405//4836 4359//4836
f 4401//4837 4439//4837 4359//4837
f 4434//851 4546//851 4358//851
f 4882//4838 4357//4838 4884//4838
f 4568//4839 4357//4839 4882//4839
f 4546//4840 4884//4840 4357//4840
f 4398//4841 4357//4841 4568//4841
f 4358//851 4546//851 4357//851
f 4358//623 4357//623 4398//623
f 4544//851 4356//851 4561//851
f 4520//851 4355//851 4544//851
f 4388//851 4355//851 4520//851
f 4356//851 4544//851 4355//851
f 4421//4842 4384//4842 4354//4842
f 4380//2672 4421//2672 4354//2672
f 4740//4165 4353//4165 4769//4165
f 4385//4843 4769//4843 4353//4843
f 4419//1897 4380//1897 4352//1897
f 4724//4844 4351//4844 4740//4844
f 4353//4728 4740//4728 4351//4728
f 4558//4845 4350//4845 4610//4845
f 4452//4846 4610//4846 4350//4846
f 4539//4847 4559//4847 4348//4847
f 4377//4847 4348//4847 4559//4847
f 4557//4848 4643//4848 4347//4848
f 4517//4849 4347//4849 4643//4849
f 4416//4850 4518//4850 4346//4850
f 119//154 120//154 431//154
f 119//4701 123//4701 431//4701
f 4644//4851 4609//4851 4345//4851
f 4487//4852 4644//4852 4345//4852
f 4487//4853 4345//4853 4536//4853
f 4485//4854 4536//4854 4345//4854
f 4374//4855 4485//4855 4345//4855
f 119//360 123//360 132//360
f 135//4856 123//4856 132//4856
f 4699//4857 4344//4857 4679//4857
f 4372//4858 4344//4858 4699//4858
f 4556//4859 4343//4859 4576//4859
f 4465//4860 4576//4860 4343//4860
f 4599//4861 4818//4861 4342//4861
f 4511//4862 4342//4862 4818//4862
f 4341//4863 4575//4863 4367//4863
f 4663//4864 4340//4864 4664//4864
f 434//4865 4664//4865 4339//4865
f 4366//4866 434//4866 4339//4866
f 4340//4867 4339//4867 4664//4867
f 4340//4864 4663//4864 4338//4864
f 4623//4868 4624//4868 4337//4868
f 4622//4869 4336//4869 4663//4869
f 4622//4868 4623//4868 4336//4868
f 4338//4870 4663//4870 4336//4870
f 4337//4868 4336//4868 4623//4868
f 4337//4871 4624//4871 4335//4871
f 432//4872 429//4872 129//4872
f 4409//4873 4410//4873 4334//4873
f 4731//4874 4333//4874 4732//4874
f 4624//4875 4732//4875 4333//4875
f 4335//4876 4624//4876 4333//4876
f 4332//4877 118//4877 4364//4877
f 4730//4878 4331//4878 4731//4878
f 4333//4879 4731//4879 4331//4879
f 4530//4880 4330//4880 4574//4880
f 4504//4881 4574//4881 4330//4881
f 4472//1621 4528//1621 4329//1621
f 432//4882 4329//4882 118//4882
f 4364//4883 4329//4883 4528//4883
f 4364//4884 118//4884 4329//4884
f 4329//4885 4363//4885 4472//4885
f 4753//4886 4328//4886 4730//4886
f 4328//4887 4753//4887 4362//4887
f 4331//4888 4730//4888 4328//4888
f 4472//4889 4327//4889 4499//4889
f 4406//4890 4499//4890 4327//4890
f 4363//4891 4327//4891 4472//4891
f 4361//1758 4326//1758 4405//1758
f 4326//4836 4359//4836 4405//4836
f 4406//4892 4325//4892 4499//4892
f 4403//4893 4499//4893 4325//4893
f 4434//4894 4324//4894 4438//4894
f 4324//4895 4434//4895 4358//4895
f 4548//72 4571//72 4323//72
f 4399//4896 4323//4896 4571//4896
f 4457//4897 4496//4897 4322//4897
f 4397//4768 4322//4768 4496//4768
f 4566//2469 4321//2469 4568//2469
f 4398//4898 4568//4898 4321//4898
f 4391//865 4392//865 4320//865
f 4322//3739 4397//3739 4320//3739
f 4523//4899 4319//4899 4495//4899
f 4396//4900 4495//4900 4319//4900
f 4396//1393 4319//1393 4397//1393
f 4391//929 4319//929 4523//929
f 4320//1393 4397//1393 4319//1393
f 4320//865 4319//865 4391//865
f 4563//2469 4318//2469 4566//2469
f 4321//2469 4566//2469 4318//2469
f 4561//4901 4317//4901 4563//4901
f 4317//851 4561//851 4356//851
f 4318//2469 4563//2469 4317//2469
f 4392//4902 4494//4902 4316//4902
f 4543//4903 4315//4903 4582//4903
f 4390//4904 4582//4904 4315//4904
f 4383//4905 4314//4905 4388//4905
f 4355//4906 4388//4906 4314//4906
f 4381//4907 4313//4907 4454//4907
f 4379//4908 4454//4908 4313//4908
f 4354//4909 4312//4909 4380//4909
f 4312//1897 4352//1897 4380//1897
f 4469//4910 4491//4910 4311//4910
f 4379//4911 4311//4911 4491//4911
f 4311//4912 4349//4912 4469//4912
f 4703//4913 4310//4913 4724//4913
f 4351//4914 4724//4914 4310//4914
f 4469//4915 4309//4915 4518//4915
f 4349//663 4309//663 4469//663
f 4346//4916 4518//4916 4309//4916
f 4346//4917 4309//4917 120//4917
f 4309//4918 121//4918 120//4918
f 4516//4919 4308//4919 4538//4919
f 4376//4920 4538//4920 4308//4920
f 4346//4921 120//4921 4307//4921
f 4608//4922 4306//4922 4703//4922
f 4310//4923 4703//4923 4306//4923
f 4305//4924 4374//4924 4345//4924
f 4306//4925 4608//4925 4304//4925
f 431//4926 120//4926 122//4926
f 431//4927 123//4927 122//4927
f 4607//4928 4303//4928 4608//4928
f 4304//4929 4608//4929 4303//4929
f 566//4930 4302//4930 568//4930
f 568//4928 4302//4928 4607//4928
f 4303//4928 4607//4928 4302//4928
f 4640//4931 4301//4931 566//4931
f 4302//4932 566//4932 4301//4932
f 4606//4933 4300//4933 4640//4933
f 4301//4934 4640//4934 4300//4934
f 4606//4935 4679//4935 4299//4935
f 4299//4936 4679//4936 4344//4936
f 4300//4937 4606//4937 4299//4937
f 4343//4938 4556//4938 4298//4938
f 4590//4939 4297//4939 4789//4939
f 4481//4940 4789//4940 4297//4940
f 4479//4941 4533//4941 4296//4941
f 4534//4942 4575//4942 4295//4942
f 4414//4943 4534//4943 4295//4943
f 4341//4944 4295//4944 4575//4944
f 4509//3706 4294//3706 4533//3706
f 4477//4945 4294//4945 4509//4945
f 4296//4946 4533//4946 4294//4946
f 4476//184 4508//184 4293//184
f 129//4947 127//4947 130//4947
f 4411//4948 4460//4948 4292//4948
f 4292//4949 4291//4949 4411//4949
f 4410//4950 4411//4950 4290//4950
f 4334//4951 4410//4951 4290//4951
f 4291//4949 4290//4949 4411//4949
f 4365//4952 140//4952 4529//4952
f 4503//4953 4527//4953 4289//4953
f 4527//4954 4502//4954 4288//4954
f 4458//4955 4288//4955 4502//4955
f 4288//4956 4289//4956 4527//4956
f 4500//4957 4287//4957 4501//4957
f 4458//4958 4501//4958 4287//4958
f 4500//4959 4587//4959 4286//4959
f 4444//4960 4286//4960 4587//4960
f 4287//4957 4500//4957 4286//4957
f 4505//4961 4572//4961 4285//4961
f 4408//4962 4285//4962 4572//4962
f 4441//4963 4407//4963 4284//4963
f 4361//3126 4441//3126 4284//3126
f 4326//1758 4361//1758 4283//1758
f 4471//4964 4596//4964 4282//4964
f 4438//4965 4282//4965 4596//4965
f 4442//4966 4526//4966 4281//4966
f 4404//4967 4281//4967 4526//4967
f 4418//4968 4280//4968 4519//4968
f 4382//4969 4519//4969 4280//4969
f 4352//4970 4312//4970 4279//4970
f 4378//4971 4419//4971 4278//4971
f 4352//4972 4278//4972 4419//4972
f 4488//4973 4277//4973 4558//4973
f 4350//4974 4558//4974 4277//4974
f 4492//4975 4276//4975 4580//4975
f 4415//4975 4580//4975 4276//4975
f 4490//4976 4275//4976 4492//4976
f 4453//4977 4275//4977 4490//4977
f 4276//4976 4492//4976 4275//4976
f 4489//4978 4539//4978 4274//4978
f 4453//4979 4489//4979 4274//4979
f 4348//4980 4274//4980 4539//4980
f 4516//4981 4557//4981 4273//4981
f 4347//4982 4273//4982 4557//4982
f 4308//4983 4516//4983 4273//4983
f 4373//4984 4272//4984 4450//4984
f 4272//353 4373//353 4271//353
f 4373//4985 4374//4985 4270//4985
f 4305//4986 4270//4986 4374//4986
f 4271//353 4373//353 4270//353
f 4467//425 4269//425 4484//425
f 4512//4987 4268//4987 4482//4987
f 4513//4988 4267//4988 4556//4988
f 4368//4989 4267//4989 4513//4989
f 4298//4990 4556//4990 4267//4990
f 4464//4817 4266//4817 4512//4817
f 4268//4991 4512//4991 4266//4991
f 4294//4992 4477//4992 4265//4992
f 4413//4993 4264//4993 4508//4993
f 4264//4994 4293//4994 4508//4994
f 4476//4995 4263//4995 4477//4995
f 4293//4996 4263//4996 4476//4996
f 4265//2043 4477//2043 4263//2043
f 125//530 429//530 124//530
f 124//4997 429//4997 130//4997
f 127//4998 429//4998 430//4998
f 126//4999 429//4999 430//4999
f 129//5000 4262//5000 432//5000
f 4329//5001 432//5001 4262//5001
f 4334//5002 4261//5002 4409//5002
f 4620//189 4661//189 4260//189
f 4444//5003 4620//5003 4260//5003
f 4409//5004 4260//5004 4661//5004
f 4261//5005 4260//5005 4409//5005
f 4529//5006 4259//5006 4530//5006
f 4330//5007 4530//5007 4259//5007
f 4259//5008 4529//5008 140//5008
f 4459//5009 4503//5009 4258//5009
f 4289//4953 4258//4953 4503//4953
f 4524//5010 4548//5010 4257//5010
f 4323//5011 4257//5011 4548//5011
f 4524//5012 4256//5012 4525//5012
f 4399//5013 4457//5013 4255//5013
f 4322//5014 4255//5014 4457//5014
f 4320//3739 4392//3739 4254//3739
f 4320//3739 4254//3739 4322//3739
f 4316//3739 4254//3739 4392//3739
f 4255//3739 4322//3739 4254//3739
f 4456//5015 4253//5015 4494//5015
f 4316//4902 4494//4902 4253//4902
f 4521//5016 4252//5016 4543//5016
f 4315//5017 4543//5017 4252//5017
f 4452//5018 4251//5018 4540//5018
f 4383//5019 4540//5019 4251//5019
f 4345//5020 4249//5020 4305//5020
f 4415//5021 4248//5021 4609//5021
f 4345//5022 4609//5022 4248//5022
f 4249//5023 4345//5023 4248//5023
f 431//5024 121//5024 4247//5024
f 121//2847 4309//2847 4247//2847
f 431//5025 123//5025 133//5025
f 122//5026 123//5026 133//5026
f 122//5027 431//5027 133//5027
f 132//5028 122//5028 133//5028
f 135//5029 134//5029 4375//5029
f 132//5030 135//5030 134//5030
f 132//5031 119//5031 136//5031
f 132//5032 135//5032 136//5032
f 122//5033 119//5033 136//5033
f 132//5034 122//5034 136//5034
f 134//5035 135//5035 136//5035
f 4370//5036 4484//5036 4246//5036
f 4269//5037 4246//5037 4484//5037
f 4466//5038 4245//5038 4467//5038
f 4269//5039 4467//5039 4245//5039
f 4466//5040 4482//5040 4244//5040
f 4244//5041 4482//5041 4268//5041
f 4245//5042 4466//5042 4244//5042
f 4296//4941 4243//4941 4479//4941
f 4446//505 4479//505 4242//505
f 4243//5043 4242//5043 4479//5043
f 126//5044 118//5044 4241//5044
f 4332//5045 4241//5045 118//5045
f 124//155 126//155 4241//155
f 4291//5046 4292//5046 4240//5046
f 4290//5046 4291//5046 4239//5046
f 4240//5046 4239//5046 4291//5046
f 4290//5002 4238//5002 4334//5002
f 4261//5002 4334//5002 4238//5002
f 4239//5047 4238//5047 4290//5047
f 4288//5048 4458//5048 4237//5048
f 4287//4958 4237//4958 4458//4958
f 4283//5049 4235//5049 4326//5049
f 4236//1141 4235//1141 4283//1141
f 4325//5050 4406//5050 4234//5050
f 4359//688 4326//688 4233//688
f 4235//505 4233//505 4326//505
f 4359//5051 4232//5051 4401//5051
f 4233//2701 4232//2701 4359//2701
f 4435//5052 4401//5052 4231//5052
f 4232//5053 4231//5053 4401//5053
f 4433//5054 4435//5054 4230//5054
f 4231//5055 4230//5055 4435//5055
f 4432//5056 4433//5056 4229//5056
f 4230//5056 4229//5056 4433//5056
f 4431//5057 4432//5057 4228//5057
f 4229//5057 4228//5057 4432//5057
f 4427//5058 4428//5058 4227//5058
f 4426//5057 4427//5057 4227//5057
f 4425//5059 4426//5059 4226//5059
f 4227//5057 4226//5057 4426//5057
f 4423//5060 4425//5060 4225//5060
f 4226//2847 4225//2847 4425//2847
f 4386//5061 4423//5061 4224//5061
f 4225//5060 4224//5060 4423//5060
f 4384//5062 4386//5062 4223//5062
f 4224//5063 4223//5063 4386//5063
f 4354//5064 4384//5064 4222//5064
f 4223//5065 4222//5065 4384//5065
f 4312//5066 4354//5066 4221//5066
f 4250//5067 4312//5067 4221//5067
f 4222//661 4221//661 4354//661
f 4313//5068 4220//5068 4379//5068
f 4279//1723 4312//1723 4219//1723
f 4250//98 4219//98 4312//98
f 4275//4977 4453//4977 4218//4977
f 4274//3209 4218//3209 4453//3209
f 4270//307 4305//307 4217//307
f 4249//307 4217//307 4305//307
f 4271//5069 4216//5069 4272//5069
f 4270//5069 4215//5069 4271//5069
f 4217//5070 4215//5070 4270//5070
f 4216//5069 4271//5069 4215//5069
f 4375//5071 4214//5071 120//5071
f 4307//5072 120//5072 4214//5072
f 134//5073 4214//5073 4375//5073
f 4266//5074 4464//5074 4213//5074
f 4446//5075 4212//5075 4473//5075
f 4242//5076 4212//5076 4446//5076
f 4258//5077 4211//5077 4459//5077
f 4445//5078 4505//5078 4210//5078
f 4285//5079 4210//5079 4505//5079
f 4442//5080 4209//5080 4443//5080
f 4284//5081 4208//5081 4361//5081
f 4283//5081 4361//5081 4208//5081
f 4281//5082 4207//5082 4442//5082
f 4209//5080 4442//5080 4207//5080
f 4408//5083 4471//5083 4206//5083
f 4282//5084 4206//5084 4471//5084
f 4403//2022 4205//2022 4404//2022
f 4281//5085 4404//5085 4205//5085
f 4525//5086 4204//5086 4497//5086
f 4256//5087 4204//5087 4525//5087
f 4358//851 4398//851 4203//851
f 4324//5088 4203//5088 4438//5088
f 4358//3862 4203//3862 4324//3862
f 4257//5089 4202//5089 4524//5089
f 4256//5090 4524//5090 4202//5090
f 4323//5091 4399//5091 4201//5091
f 4255//639 4201//639 4399//639
f 4430//5092 4431//5092 4200//5092
f 4228//5093 4200//5093 4431//5093
f 4254//3739 4316//3739 4199//3739
f 4254//3739 4199//3739 4255//3739
f 4253//3739 4199//3739 4316//3739
f 4201//3739 4255//3739 4199//3739
f 4429//5094 4430//5094 4198//5094
f 4428//5095 4429//5095 4198//5095
f 4200//5094 4198//5094 4430//5094
f 4197//5096 4227//5096 4428//5096
f 4198//5095 4197//5095 4428//5095
f 4390//5097 4196//5097 4456//5097
f 4253//5098 4456//5098 4196//5098
f 4493//5099 4195//5099 4521//5099
f 4252//5100 4521//5100 4195//5100
f 4314//5101 4383//5101 4194//5101
f 4314//5102 4194//5102 4355//5102
f 4381//171 4382//171 4193//171
f 4420//5103 4192//5103 4517//5103
f 4347//5104 4517//5104 4192//5104
f 4221//5105 4191//5105 4250//5105
f 4191//5106 4219//5106 4250//5106
f 4280//5107 4418//5107 4190//5107
f 4279//5108 4189//5108 4352//5108
f 4278//5109 4352//5109 4189//5109
f 4416//5080 4188//5080 4418//5080
f 4190//5080 4418//5080 4188//5080
f 4451//5110 4187//5110 4488//5110
f 4277//5111 4488//5111 4187//5111
f 134//5112 137//5112 132//5112
f 4460//5113 4473//5113 4186//5113
f 4292//5114 4460//5114 4186//5114
f 129//5115 127//5115 131//5115
f 430//5116 131//5116 127//5116
f 4262//2847 4185//2847 4329//2847
f 4364//5117 4443//5117 4184//5117
f 4209//5118 4184//5118 4443//5118
f 4407//5119 4459//5119 4183//5119
f 4284//5120 4407//5120 4183//5120
f 4211//5121 4183//5121 4459//5121
f 4236//4836 4283//4836 4182//4836
f 4208//5122 4182//5122 4283//5122
f 4235//2923 4236//2923 4181//2923
f 4233//2923 4235//2923 4181//2923
f 4182//5123 4181//5123 4236//5123
f 4440//5124 4504//5124 4180//5124
f 4330//5125 4180//5125 4504//5125
f 4325//5126 4179//5126 4403//5126
f 4205//5127 4403//5127 4179//5127
f 4437//852 4440//852 4178//852
f 4180//5128 4178//5128 4440//5128
f 4420//852 4422//852 4177//852
f 4422//5129 4389//5129 4177//5129
f 4192//5130 4420//5130 4177//5130
f 4313//5131 4381//5131 4176//5131
f 4193//5132 4176//5132 4381//5132
f 4221//5133 4222//5133 4175//5133
f 4191//5134 4221//5134 4175//5134
f 4350//5135 4174//5135 4452//5135
f 4251//5136 4452//5136 4174//5136
f 4219//5137 4191//5137 4173//5137
f 4219//5138 4172//5138 4279//5138
f 4189//5139 4279//5139 4172//5139
f 4173//5140 4172//5140 4219//5140
f 4417//5141 4378//5141 4171//5141
f 4278//5142 4171//5142 4378//5142
f 4346//5143 4170//5143 4416//5143
f 4307//5144 4170//5144 4346//5144
f 4188//5145 4416//5145 4170//5145
f 4309//5146 4349//5146 4169//5146
f 4247//2847 4309//2847 4169//2847
f 4171//5147 4168//5147 4417//5147
f 119//5148 123//5148 426//5148
f 121//5149 119//5149 426//5149
f 122//5150 121//5150 426//5150
f 133//5151 123//5151 426//5151
f 133//5152 119//5152 426//5152
f 4448//5153 4450//5153 4167//5153
f 4272//5154 4167//5154 4450//5154
f 4369//5155 4166//5155 4464//5155
f 4213//5156 4464//5156 4166//5156
f 4212//5157 4165//5157 4473//5157
f 4165//5158 4186//5158 4473//5158
f 130//5159 124//5159 4164//5159
f 4241//155 4164//155 124//155
f 125//5160 429//5160 128//5160
f 127//5161 125//5161 128//5161
f 130//5162 127//5162 128//5162
f 430//5163 127//5163 128//5163
f 128//173 127//173 131//173
f 128//5164 131//5164 430//5164
f 129//5165 429//5165 428//5165
f 130//5166 127//5166 428//5166
f 130//5167 129//5167 428//5167
f 428//5168 131//5168 127//5168
f 428//5169 129//5169 131//5169
f 4363//5170 4329//5170 4163//5170
f 4185//5171 4163//5171 4329//5171
f 4327//5172 4162//5172 4406//5172
f 4327//5173 4363//5173 4162//5173
f 4234//5174 4406//5174 4162//5174
f 4163//5175 4162//5175 4363//5175
f 4181//5176 4161//5176 4233//5176
f 4400//5177 4437//5177 4160//5177
f 4178//5178 4160//5178 4437//5178
f 4257//5091 4323//5091 4159//5091
f 4201//5091 4159//5091 4323//5091
f 4315//5179 4158//5179 4390//5179
f 4196//5179 4390//5179 4158//5179
f 4389//5180 4393//5180 4157//5180
f 4157//5181 4177//5181 4389//5181
f 4175//5182 4156//5182 4191//5182
f 4156//5183 4173//5183 4191//5183
f 4311//5184 4379//5184 4155//5184
f 4349//5185 4311//5185 4155//5185
f 4220//5184 4155//5184 4379//5184
f 4154//5186 4169//5186 4349//5186
f 4155//5187 4154//5187 4349//5187
f 4376//5188 4153//5188 4451//5188
f 4187//5110 4451//5110 4153//5110
f 4377//5189 4417//5189 4152//5189
f 4168//5190 4152//5190 4417//5190
f 4348//5191 4377//5191 4151//5191
f 4152//5192 4151//5192 4377//5192
f 431//5193 427//5193 119//5193
f 132//5194 119//5194 427//5194
f 4247//5195 427//5195 431//5195
f 134//5196 132//5196 427//5196
f 137//5197 132//5197 427//5197
f 137//5198 134//5198 427//5198
f 133//5199 122//5199 138//5199
f 134//5200 135//5200 138//5200
f 136//5201 119//5201 138//5201
f 136//5202 135//5202 138//5202
f 426//5203 122//5203 138//5203
f 134//5204 132//5204 425//5204
f 4214//5205 134//5205 425//5205
f 4167//5206 4150//5206 4448//5206
f 4369//1181 4448//1181 4149//1181
f 4149//5207 4166//5207 4369//5207
f 4150//5208 4149//5208 4448//5208
f 4364//5209 4148//5209 4332//5209
f 4241//5210 4332//5210 4148//5210
f 4184//5117 4148//5117 4364//5117
f 4240//5211 4292//5211 4147//5211
f 4186//5212 4147//5212 4292//5212
f 4208//5213 4284//5213 4146//5213
f 4183//5214 4146//5214 4284//5214
f 4365//5215 4445//5215 4145//5215
f 4210//5216 4145//5216 4445//5216
f 4285//5217 4408//5217 4143//5217
f 4206//5083 4143//5083 4408//5083
f 4207//5218 4281//5218 4142//5218
f 4205//5085 4141//5085 4281//5085
f 4142//5219 4281//5219 4141//5219
f 4436//3251 4497//3251 4140//3251
f 4204//5220 4140//5220 4497//5220
f 4395//5221 4400//5221 4139//5221
f 4160//5222 4139//5222 4400//5222
f 4199//5223 4253//5223 4138//5223
f 4199//860 4138//860 4201//860
f 4196//959 4138//959 4253//959
f 4159//5224 4201//5224 4138//5224
f 4394//5225 4395//5225 4137//5225
f 4139//5226 4137//5226 4395//5226
f 4393//5227 4394//5227 4136//5227
f 4157//5228 4393//5228 4136//5228
f 4137//5229 4136//5229 4394//5229
f 4424//5230 4135//5230 4493//5230
f 4195//1662 4493//1662 4135//1662
f 4280//5231 4134//5231 4382//5231
f 4193//5232 4382//5232 4134//5232
f 4190//5233 4133//5233 4280//5233
f 4134//5234 4280//5234 4133//5234
f 4189//5235 4132//5235 4278//5235
f 4171//5236 4278//5236 4132//5236
f 4214//5237 4131//5237 4307//5237
f 4170//5238 4307//5238 4131//5238
f 4367//5239 4130//5239 4341//5239
f 4265//5240 4129//5240 4294//5240
f 4129//5241 4265//5241 4128//5241
f 4293//5242 4264//5242 4126//5242
f 4127//5243 4126//5243 4264//5243
f 4263//1702 4125//1702 4265//1702
f 4128//5244 4265//5244 4125//5244
f 4263//5245 4293//5245 4124//5245
f 4126//5246 4124//5246 4293//5246
f 4124//5247 4125//5247 4263//5247
f 130//5248 4123//5248 129//5248
f 4164//5249 4123//5249 130//5249
f 4262//5250 129//5250 4122//5250
f 4185//5251 4262//5251 4122//5251
f 4239//5252 4240//5252 4121//5252
f 4147//5253 4121//5253 4240//5253
f 4238//5254 4239//5254 4120//5254
f 4121//5252 4120//5252 4239//5252
f 4237//5255 4287//5255 4119//5255
f 4238//5256 4118//5256 4261//5256
f 4120//5254 4118//5254 4238//5254
f 4260//5257 4261//5257 4117//5257
f 4118//5257 4117//5257 4261//5257
f 4286//4960 4444//4960 4116//4960
f 4286//5258 4116//5258 4287//5258
f 4260//5259 4116//5259 4444//5259
f 4119//5260 4287//5260 4116//5260
f 4117//5257 4116//5257 4260//5257
f 4182//5261 4208//5261 4115//5261
f 4146//5262 4115//5262 4208//5262
f 4181//5263 4182//5263 4114//5263
f 4115//5264 4114//5264 4182//5264
f 4161//5265 4181//5265 4113//5265
f 4114//5266 4113//5266 4181//5266
f 140//5267 4365//5267 139//5267
f 4145//5268 139//5268 4365//5268
f 4259//5269 4112//5269 4330//5269
f 4180//5270 4330//5270 4112//5270
f 419//5271 4180//5271 4112//5271
f 4234//5272 4111//5272 4325//5272
f 4179//5273 4325//5273 4111//5273
f 4232//5274 4233//5274 4110//5274
f 4161//5275 4110//5275 4233//5275
f 4282//5276 4438//5276 4109//5276
f 4206//5277 4282//5277 4109//5277
f 4203//5278 4109//5278 4438//5278
f 4204//5279 4256//5279 424//5279
f 4202//425 424//425 4256//425
f 4321//851 4108//851 4398//851
f 4203//851 4398//851 4108//851
f 4202//5280 4257//5280 4107//5280
f 4159//5281 4107//5281 4257//5281
f 4252//5282 4105//5282 4315//5282
f 4158//5283 4315//5283 4105//5283
f 4355//851 4104//851 4356//851
f 4194//851 4104//851 4355//851
f 4251//5019 4103//5019 4383//5019
f 4194//5284 4383//5284 4103//5284
f 4220//5285 4313//5285 4102//5285
f 4176//5286 4102//5286 4313//5286
f 4277//155 4101//155 4350//155
f 4174//155 4350//155 4101//155
f 4273//5287 4347//5287 4100//5287
f 4192//5288 4100//5288 4347//5288
f 4273//5289 4099//5289 4308//5289
f 4100//5290 4099//5290 4273//5290
f 4173//5291 4156//5291 4098//5291
f 4308//5292 4097//5292 4376//5292
f 4153//5292 4376//5292 4097//5292
f 4099//5293 4097//5293 4308//5293
f 4172//5294 4173//5294 4096//5294
f 4096//5295 4173//5295 4098//5295
f 4172//5296 4095//5296 4189//5296
f 4095//5297 4132//5297 4189//5297
f 4096//5298 4095//5298 4172//5298
f 4217//5299 4249//5299 4094//5299
f 4248//5300 4093//5300 4249//5300
f 4094//5300 4249//5300 4093//5300
f 4276//5301 4092//5301 4415//5301
f 4275//5302 4092//5302 4276//5302
f 4248//5303 4415//5303 4092//5303
f 4093//5300 4248//5300 4092//5300
f 4215//5304 4091//5304 4216//5304
f 4215//5305 4217//5305 4090//5305
f 4094//5305 4090//5305 4217//5305
f 4091//5304 4215//5304 4090//5304
f 4218//5306 4089//5306 4275//5306
f 4092//5307 4275//5307 4089//5307
f 4216//5308 4088//5308 4272//5308
f 4167//5309 4272//5309 4088//5309
f 4088//5310 4216//5310 4091//5310
f 4274//4980 4348//4980 4087//4980
f 4151//5311 4087//5311 4348//5311
f 427//5312 4247//5312 4086//5312
f 132//5313 122//5313 142//5313
f 133//5314 132//5314 142//5314
f 133//5315 122//5315 142//5315
f 136//5316 132//5316 142//5316
f 136//5317 122//5317 142//5317
f 137//5318 142//5318 132//5318
f 138//5319 132//5319 142//5319
f 138//158 133//158 142//158
f 138//5320 136//5320 142//5320
f 425//5321 132//5321 142//5321
f 425//5322 138//5322 142//5322
f 4245//5039 4085//5039 4269//5039
f 4246//5323 4269//5323 4084//5323
f 4084//5324 4269//5324 4085//5324
f 4244//5325 4083//5325 4245//5325
f 4085//5326 4245//5326 4083//5326
f 4084//5327 4082//5327 4246//5327
f 4083//5328 4244//5328 4081//5328
f 4268//5329 4080//5329 4244//5329
f 4081//5330 4244//5330 4080//5330
f 4298//5331 4079//5331 4343//5331
f 4294//5332 4078//5332 4296//5332
f 4243//5333 4296//5333 4078//5333
f 4129//5334 4078//5334 4294//5334
f 4295//5335 4341//5335 4077//5335
f 4130//5336 4077//5336 4341//5336
f 4478//5337 4599//5337 4076//5337
f 4342//5338 4076//5338 4599//5338
f 4123//5339 4075//5339 129//5339
f 4122//5340 129//5340 4075//5340
f 4289//4956 4288//4956 4074//4956
f 4237//5341 4074//5341 4288//5341
f 139//5342 4145//5342 423//5342
f 140//302 422//302 4259//302
f 4112//5343 4259//5343 422//5343
f 4210//2703 4285//2703 4073//2703
f 4143//5344 4073//5344 4285//5344
f 4231//5345 4232//5345 4072//5345
f 4110//5346 4072//5346 4232//5346
f 4158//5347 4071//5347 4196//5347
f 4138//5347 4196//5347 4071//5347
f 4138//5224 4071//5224 4159//5224
f 4107//5348 4159//5348 4071//5348
f 4175//5349 4222//5349 4069//5349
f 4070//5350 4069//5350 4222//5350
f 427//5351 4068//5351 137//5351
f 142//5352 137//5352 4068//5352
f 4465//5353 4067//5353 4590//5353
f 4297//5354 4590//5354 4067//5354
f 4267//5355 4066//5355 4298//5355
f 4079//5356 4298//5356 4066//5356
f 4266//5357 4065//5357 4268//5357
f 4213//5358 4065//5358 4266//5358
f 4080//5359 4268//5359 4065//5359
f 4242//20 4243//20 4064//20
f 4212//5360 4242//5360 4064//5360
f 4413//5361 4414//5361 4063//5361
f 4295//5362 4063//5362 4414//5362
f 4264//5363 4413//5363 4063//5363
f 4127//5364 4264//5364 4063//5364
f 4077//5365 4063//5365 4295//5365
f 4480//5366 4062//5366 4511//5366
f 4342//5367 4511//5367 4062//5367
f 4367//5368 4478//5368 4061//5368
f 4130//5369 4367//5369 4061//5369
f 4076//5370 4061//5370 4478//5370
f 4258//5371 4289//5371 421//5371
f 421//5372 4289//5372 4074//5372
f 4119//5373 4060//5373 4237//5373
f 4074//5374 4237//5374 4060//5374
f 4229//5375 4230//5375 4059//5375
f 4228//5376 4229//5376 4059//5376
f 4200//5164 4228//5164 4059//5164
f 4318//851 4058//851 4321//851
f 4108//851 4321//851 4058//851
f 4059//5377 4057//5377 4200//5377
f 4317//851 4056//851 4318//851
f 4058//851 4318//851 4056//851
f 4356//851 4055//851 4317//851
f 4104//851 4055//851 4356//851
f 4056//851 4317//851 4055//851
f 4223//5378 4224//5378 4054//5378
f 4222//5379 4223//5379 4054//5379
f 4054//5380 4070//5380 4222//5380
f 4169//5381 4053//5381 4247//5381
f 4169//5382 4154//5382 4053//5382
f 4086//5383 4247//5383 4053//5383
f 4218//5384 4274//5384 4052//5384
f 4089//5385 4218//5385 4052//5385
f 4087//5384 4052//5384 4274//5384
f 4463//5386 4481//5386 4051//5386
f 4297//5387 4051//5387 4481//5387
f 4343//5388 4050//5388 4465//5388
f 4079//5389 4050//5389 4343//5389
f 4067//5390 4465//5390 4050//5390
f 4368//5391 4370//5391 4049//5391
f 4267//5392 4368//5392 4049//5392
f 4246//5393 4049//5393 4370//5393
f 4082//5394 4049//5394 4246//5394
f 4049//5395 4066//5395 4267//5395
f 4078//5333 4048//5333 4243//5333
f 4064//5396 4243//5396 4048//5396
f 4076//5397 4342//5397 4047//5397
f 4062//5398 4047//5398 4342//5398
f 4462//5399 4046//5399 4480//5399
f 4062//5366 4480//5366 4046//5366
f 4148//5400 4045//5400 4241//5400
f 4230//5401 4231//5401 4044//5401
f 4072//5402 4044//5402 4231//5402
f 4059//5375 4230//5375 4044//5375
f 4140//5403 4204//5403 4043//5403
f 424//5403 4043//5403 4204//5403
f 424//304 4202//304 141//304
f 4107//5404 141//5404 4202//5404
f 4105//165 4042//165 4158//165
f 4071//165 4158//165 4042//165
f 4071//5348 4042//5348 4107//5348
f 141//5405 4107//5405 4042//5405
f 4195//5406 4041//5406 4252//5406
f 4105//5407 4252//5407 4041//5407
f 4387//5408 4040//5408 4424//5408
f 4135//5409 4424//5409 4040//5409
f 4225//852 4226//852 4039//852
f 4224//5410 4225//5410 4039//5410
f 4054//5411 4224//5411 4039//5411
f 4174//4835 4038//4835 4251//4835
f 4103//5412 4251//5412 4038//5412
f 4177//5413 4037//5413 4192//5413
f 4100//5414 4192//5414 4037//5414
f 4187//5415 4036//5415 4277//5415
f 4101//5416 4277//5416 4036//5416
f 4131//5417 4214//5417 4035//5417
f 4463//5418 4034//5418 4447//5418
f 4051//5419 4034//5419 4463//5419
f 4067//5420 4033//5420 4297//5420
f 4051//5421 4297//5421 4033//5421
f 4166//5422 4032//5422 4213//5422
f 4065//5358 4213//5358 4032//5358
f 4412//5423 4031//5423 4462//5423
f 4046//5424 4462//5424 4031//5424
f 4165//5425 4212//5425 4030//5425
f 4064//5426 4030//5426 4212//5426
f 4211//5427 4258//5427 4029//5427
f 421//5428 4029//5428 4258//5428
f 419//5429 569//5429 4180//5429
f 4144//5430 419//5430 569//5430
f 4141//5431 4028//5431 4142//5431
f 4143//5432 4206//5432 4027//5432
f 4109//5433 4027//5433 4206//5433
f 420//5434 141//5434 424//5434
f 4135//5435 4026//5435 4195//5435
f 4026//3118 4041//3118 4195//3118
f 4385//5436 4025//5436 4387//5436
f 4040//5437 4387//5437 4025//5437
f 4133//5438 4024//5438 4134//5438
f 4371//5439 4447//5439 4023//5439
f 4023//5440 4447//5440 4034//5440
f 4124//5441 4126//5441 4022//5441
f 4366//5442 4021//5442 4412//5442
f 4031//5443 4412//5443 4021//5443
f 4335//5444 4019//5444 4337//5444
f 4336//5445 4018//5445 4338//5445
f 4336//5446 4337//5446 4018//5446
f 4020//5447 4338//5447 4018//5447
f 4019//5446 4018//5446 4337//5446
f 4333//5448 4017//5448 4335//5448
f 4019//5449 4335//5449 4017//5449
f 4331//5450 4016//5450 4333//5450
f 4017//5451 4333//5451 4016//5451
f 4029//5452 4014//5452 4211//5452
f 4183//5453 4211//5453 4013//5453
f 4146//5454 4183//5454 4013//5454
f 4014//5455 4013//5455 4211//5455
f 4147//5456 4186//5456 4012//5456
f 4015//5457 4012//5457 4186//5457
f 4362//5458 4011//5458 4328//5458
f 4360//5459 4010//5459 4362//5459
f 4011//5460 4362//5460 4010//5460
f 4207//5461 4009//5461 4209//5461
f 4145//5462 4210//5462 4008//5462
f 4073//5463 4008//5463 4210//5463
f 4360//5464 4402//5464 4007//5464
f 4010//5465 4360//5465 4007//5465
f 4436//5466 4006//5466 4402//5466
f 4140//5467 4006//5467 4436//5467
f 4007//5468 4402//5468 4006//5468
f 4178//5469 4180//5469 4005//5469
f 569//5470 4005//5470 4180//5470
f 4042//5471 4105//5471 4004//5471
f 4042//5472 4004//5472 141//5472
f 4041//5473 4004//5473 4105//5473
f 141//5474 4004//5474 420//5474
f 4198//5475 4200//5475 4003//5475
f 4197//5476 4198//5476 4003//5476
f 4106//5477 4197//5477 4003//5477
f 4057//5478 4003//5478 4200//5478
f 4177//5479 4157//5479 4002//5479
f 4037//5480 4177//5480 4002//5480
f 4353//5481 4001//5481 4385//5481
f 4025//5482 4385//5482 4001//5482
f 4351//5483 4000//5483 4353//5483
f 4001//5483 4353//5483 4000//5483
f 4156//5484 4175//5484 3999//5484
f 4069//5485 3999//5485 4175//5485
f 4310//5486 3998//5486 4351//5486
f 4000//5487 4351//5487 3998//5487
f 4188//5461 3997//5461 4190//5461
f 3998//5488 4310//5488 3996//5488
f 4168//5489 4171//5489 3995//5489
f 4132//5490 3995//5490 4171//5490
f 4088//5491 3994//5491 4167//5491
f 4306//5492 3993//5492 4310//5492
f 3996//5493 4310//5493 3993//5493
f 4304//5494 3992//5494 4306//5494
f 3993//5494 4306//5494 3992//5494
f 4302//5495 3991//5495 4303//5495
f 4301//5496 3991//5496 4302//5496
f 4303//5497 3990//5497 4304//5497
f 3992//5498 4304//5498 3990//5498
f 3990//5499 4303//5499 3991//5499
f 4300//5500 3989//5500 4301//5500
f 3991//5501 4301//5501 3989//5501
f 4299//5502 3988//5502 4300//5502
f 3989//5503 4300//5503 3988//5503
f 4149//5504 4150//5504 3987//5504
f 4371//5505 3986//5505 4372//5505
f 4023//5506 3986//5506 4371//5506
f 4085//5507 3985//5507 4084//5507
f 4082//5508 4084//5508 3985//5508
f 4126//5509 4127//5509 3984//5509
f 4063//5509 3984//5509 4127//5509
f 3984//5509 4022//5509 4126//5509
f 4339//5510 3983//5510 4366//5510
f 4021//5511 4366//5511 3983//5511
f 4339//5512 4340//5512 3982//5512
f 3983//5513 4339//5513 3982//5513
f 4338//5514 3981//5514 4340//5514
f 3981//5515 4338//5515 4020//5515
f 3982//5516 4340//5516 3981//5516
f 4164//5517 4241//5517 3980//5517
f 4123//184 4164//184 3980//184
f 4045//5518 3980//5518 4241//5518
f 4186//5519 4165//5519 3979//5519
f 4030//5520 3979//5520 4165//5520
f 3979//5521 4015//5521 4186//5521
f 4075//5522 3978//5522 4122//5522
f 4115//5523 4146//5523 3977//5523
f 4114//5524 4115//5524 3977//5524
f 4013//5525 3977//5525 4146//5525
f 4113//5526 4114//5526 3976//5526
f 3977//5527 3976//5527 4114//5527
f 4184//5528 4209//5528 3975//5528
f 3975//5529 4209//5529 4009//5529
f 4163//5530 4185//5530 3974//5530
f 4122//5531 3974//5531 4185//5531
f 4162//623 3973//623 4234//623
f 4162//5532 4163//5532 3973//5532
f 4111//623 4234//623 3973//623
f 3974//761 3973//761 4163//761
f 4144//5533 143//5533 419//5533
f 4112//5534 143//5534 419//5534
f 422//5535 143//5535 4112//5535
f 569//5536 143//5536 4144//5536
f 4113//5537 3972//5537 4161//5537
f 4073//5538 4143//5538 3971//5538
f 4027//5538 3971//5538 4143//5538
f 4179//5539 3970//5539 4205//5539
f 4160//5540 4178//5540 3969//5540
f 4005//5541 3969//5541 4178//5541
f 4043//5542 424//5542 418//5542
f 420//5543 424//5543 418//5543
f 4041//5544 4026//5544 3968//5544
f 3968//5544 4004//5544 4041//5544
f 3968//5474 420//5474 4004//5474
f 418//5545 420//5545 3968//5545
f 4136//5546 3967//5546 4157//5546
f 3967//5547 4002//5547 4157//5547
f 4070//5548 4054//5548 3966//5548
f 4101//3596 3965//3596 4174//3596
f 4038//5549 4174//5549 3965//5549
f 4099//5550 4100//5550 3964//5550
f 4037//5551 3964//5551 4100//5551
f 4002//5552 3964//5552 4037//5552
f 4153//5553 3963//5553 4187//5553
f 4036//5554 4187//5554 3963//5554
f 4155//623 4220//623 3962//623
f 4154//5555 4155//5555 3962//5555
f 4102//623 3962//623 4220//623
f 4053//2194 4154//2194 3961//2194
f 3962//761 3961//761 4154//761
f 4170//5556 3960//5556 4188//5556
f 3997//5557 4188//5557 3960//5557
f 4132//5558 4095//5558 3959//5558
f 4095//5559 4096//5559 3959//5559
f 3959//5560 3995//5560 4132//5560
f 4098//5561 3958//5561 4096//5561
f 3959//162 4096//162 3958//162
f 3995//5562 3956//5562 4168//5562
f 4086//5563 3955//5563 427//5563
f 4068//688 427//688 3955//688
f 4053//5564 3955//5564 4086//5564
f 425//5565 3954//5565 4214//5565
f 142//425 3954//425 425//425
f 4035//5566 4214//5566 3954//5566
f 4344//5567 3953//5567 4299//5567
f 3988//5568 4299//5568 3953//5568
f 4344//5569 4372//5569 3952//5569
f 3952//5570 4372//5570 3986//5570
f 3953//5571 4344//5571 3952//5571
f 4049//5572 4082//5572 3951//5572
f 3985//5573 3951//5573 4082//5573
f 4120//5574 4121//5574 3950//5574
f 4118//5575 4120//5575 3950//5575
f 4121//5576 4147//5576 3949//5576
f 4012//5577 3949//5577 4147//5577
f 4117//5574 4118//5574 3948//5574
f 3950//5575 3948//5575 4118//5575
f 4116//171 4117//171 3947//171
f 3948//5578 3947//5578 4117//5578
f 3947//171 3946//171 4116//171
f 3976//5579 3945//5579 4113//5579
f 3972//5580 4113//5580 3945//5580
f 423//5581 4145//5581 3944//5581
f 4008//5582 3944//5582 4145//5582
f 4142//5583 3943//5583 4207//5583
f 4028//5584 3943//5584 4142//5584
f 4009//5585 4207//5585 3943//5585
f 4111//5586 3942//5586 4179//5586
f 3970//5587 4179//5587 3942//5587
f 4109//5588 4203//5588 3941//5588
f 4108//5589 3941//5589 4203//5589
f 4058//5590 3941//5590 4108//5590
f 4027//5591 4109//5591 3941//5591
f 4139//5592 4160//5592 3940//5592
f 3969//5593 3940//5593 4160//5593
f 4136//5594 4137//5594 3939//5594
f 3967//5595 4136//5595 3939//5595
f 4040//5596 3938//5596 4135//5596
f 4026//5597 4135//5597 3938//5597
f 4104//5598 4194//5598 3937//5598
f 4103//5599 3937//5599 4194//5599
f 4038//5600 3937//5600 4103//5600
f 4097//5601 4099//5601 3936//5601
f 3964//5602 3936//5602 4099//5602
f 4133//5603 4190//5603 3935//5603
f 4024//5604 4133//5604 3935//5604
f 3997//5605 3935//5605 4190//5605
f 4089//5606 3934//5606 4092//5606
f 4093//4541 3933//4541 4094//4541
f 4092//4541 3932//4541 4093//4541
f 3932//435 4092//435 3934//435
f 3933//4541 4093//4541 3932//4541
f 4090//4541 3931//4541 4091//4541
f 4091//5607 3931//5607 4088//5607
f 3957//5608 4088//5608 3931//5608
f 4090//5609 4094//5609 3930//5609
f 3933//5607 3930//5607 4094//5607
f 3931//4541 4090//4541 3930//4541
f 4151//5610 4152//5610 3929//5610
f 4152//5611 4168//5611 3928//5611
f 3956//5612 3928//5612 4168//5612
f 3929//2236 4152//2236 3928//2236
f 4166//5613 4149//5613 3927//5613
f 4032//5614 4166//5614 3927//5614
f 4061//5615 3926//5615 4130//5615
f 4125//5616 4124//5616 3925//5616
f 4022//5617 3925//5617 4124//5617
f 4128//5618 3924//5618 4129//5618
f 4125//5619 3924//5619 4128//5619
f 3925//4413 3924//4413 4125//4413
f 4075//5620 4123//5620 3923//5620
f 3980//184 3923//184 4123//184
f 3978//5621 4075//5621 3923//5621
f 3922//5622 3950//5622 4121//5622
f 3922//5623 4121//5623 3949//5623
f 4074//5624 416//5624 421//5624
f 4060//5625 416//5625 4074//5625
f 4116//5626 3921//5626 4119//5626
f 3946//5627 3921//5627 4116//5627
f 4148//5628 4184//5628 3920//5628
f 3975//5629 3920//5629 4184//5629
f 422//5630 423//5630 3919//5630
f 143//5631 422//5631 3919//5631
f 3944//5632 3919//5632 423//5632
f 143//1053 3918//1053 569//1053
f 4141//5633 4205//5633 3917//5633
f 4028//5634 4141//5634 3917//5634
f 3970//5635 3917//5635 4205//5635
f 3968//929 4026//929 3916//929
f 3968//5545 3916//5545 418//5545
f 3916//929 4026//929 3938//929
f 4137//5636 4139//5636 3915//5636
f 3940//5637 3915//5637 4139//5637
f 3915//5638 3939//5638 4137//5638
f 4176//5639 4193//5639 3914//5639
f 4134//5640 3914//5640 4193//5640
f 4024//5641 3914//5641 4134//5641
f 4097//5642 3913//5642 4153//5642
f 3963//5643 4153//5643 3913//5643
f 3936//5644 3913//5644 4097//5644
f 4098//5645 4156//5645 3912//5645
f 3999//5646 3912//5646 4156//5646
f 4131//5647 3911//5647 4170//5647
f 3960//5648 4170//5648 3911//5648
f 4052//5649 3910//5649 4089//5649
f 3934//5650 4089//5650 3910//5650
f 4087//5651 4151//5651 3909//5651
f 3909//5652 4151//5652 3929//5652
f 4150//3670 4167//3670 3908//3670
f 3994//5653 3908//5653 4167//5653
f 3987//5654 4150//5654 3908//5654
f 4068//1113 3907//1113 142//1113
f 3955//5655 3907//5655 4068//5655
f 3954//425 142//425 3907//425
f 4083//1640 3906//1640 4085//1640
f 3985//5656 4085//5656 3906//5656
f 4081//5657 3905//5657 4083//5657
f 4080//5658 3905//5658 4081//5658
f 3906//3704 4083//3704 3905//3704
f 4050//5659 4079//5659 3904//5659
f 4022//5660 3984//5660 3903//5660
f 3925//5617 4022//5617 3903//5617
f 4060//5661 4119//5661 3902//5661
f 416//5662 4060//5662 3902//5662
f 3921//5663 3902//5663 4119//5663
f 4007//5664 3901//5664 4010//5664
f 4110//5665 4161//5665 3900//5665
f 4072//2847 4110//2847 3900//2847
f 3972//5666 3900//5666 4161//5666
f 3971//5667 4027//5667 3899//5667
f 3941//5668 3899//5668 4027//5668
f 3937//5669 4038//5669 3898//5669
f 4102//5670 4176//5670 3897//5670
f 3914//5671 3897//5671 4176//5671
f 3996//5672 3896//5672 3998//5672
f 4052//5673 4087//5673 3895//5673
f 3910//5674 4052//5674 3895//5674
f 3909//5675 3895//5675 4087//5675
f 3951//5676 3985//5676 3894//5676
f 3906//5677 3894//5677 3985//5677
f 4078//5678 4129//5678 3893//5678
f 4048//5679 4078//5679 3893//5679
f 4048//5680 3893//5680 4064//5680
f 3924//5681 3893//5681 4129//5681
f 4077//184 4130//184 3892//184
f 4063//5682 4077//5682 3892//5682
f 3926//184 3892//184 4130//184
f 4328//5683 3891//5683 4331//5683
f 4016//5684 4331//5684 3891//5684
f 4011//5685 3891//5685 4328//5685
f 4010//5686 3891//5686 4011//5686
f 3891//5687 4010//5687 3901//5687
f 4006//5688 3890//5688 4007//5688
f 3901//5689 4007//5689 3890//5689
f 4006//5690 4140//5690 3889//5690
f 3890//5691 4006//5691 3889//5691
f 4008//5692 4073//5692 3888//5692
f 3971//5693 3888//5693 4073//5693
f 4043//5694 3887//5694 4140//5694
f 3889//5695 4140//5695 3887//5695
f 4056//1940 3886//1940 4058//1940
f 3941//5696 4058//5696 3886//5696
f 4055//1940 3885//1940 4056//1940
f 3886//1940 4056//1940 3885//1940
f 4226//5697 4227//5697 3884//5697
f 4227//5698 4197//5698 3884//5698
f 4106//5699 3884//5699 4197//5699
f 4039//5700 4226//5700 3884//5700
f 4055//5701 4104//5701 3883//5701
f 3937//5702 3883//5702 4104//5702
f 3885//1940 4055//1940 3883//1940
f 4025//5703 3882//5703 4040//5703
f 4001//5704 3882//5704 4025//5704
f 4002//5705 3967//5705 3881//5705
f 3964//5706 4002//5706 3881//5706
f 4000//5707 3880//5707 4001//5707
f 3882//5708 4001//5708 3880//5708
f 4036//5709 3879//5709 4101//5709
f 3965//5710 4101//5710 3879//5710
f 3998//5711 3878//5711 4000//5711
f 3878//5712 3998//5712 3896//5712
f 3880//5713 4000//5713 3878//5713
f 3896//5714 3996//5714 3876//5714
f 4066//425 3875//425 4079//425
f 4066//5715 4049//5715 3875//5715
f 3904//425 4079//425 3875//425
f 4065//5716 3874//5716 4080//5716
f 4032//5717 3874//5717 4065//5717
f 3927//5718 3874//5718 4032//5718
f 3905//5719 4080//5719 3874//5719
f 4009//5720 3873//5720 3975//5720
f 3945//5721 3872//5721 3972//5721
f 3943//5722 3870//5722 4009//5722
f 3873//5723 4009//5723 3870//5723
f 3943//5724 4028//5724 3869//5724
f 3917//5725 3869//5725 4028//5725
f 4005//5726 569//5726 3868//5726
f 3918//5727 3868//5727 569//5727
f 4003//5728 4057//5728 3867//5728
f 3935//5729 3866//5729 4024//5729
f 3914//5730 4024//5730 3866//5730
f 3935//5731 3997//5731 3864//5731
f 3960//5732 3863//5732 3997//5732
f 3864//5733 3997//5733 3863//5733
f 3893//5734 3862//5734 4064//5734
f 3950//5735 3922//5735 3861//5735
f 3949//5736 3861//5736 3922//5736
f 4045//5737 4148//5737 3860//5737
f 3920//5737 3860//5737 4148//5737
f 4015//5738 3979//5738 3859//5738
f 4012//5739 4015//5739 3858//5739
f 3949//5740 4012//5740 3858//5740
f 3859//5741 3858//5741 4015//5741
f 3857//5742 3872//5742 3945//5742
f 3872//5743 3857//5743 3871//5743
f 3873//5744 3870//5744 3856//5744
f 3871//5745 3856//5745 3870//5745
f 3856//5746 3871//5746 3857//5746
f 3942//5747 4111//5747 3855//5747
f 3919//3429 3854//3429 143//3429
f 3918//5748 143//5748 3854//5748
f 3899//5749 3853//5749 3971//5749
f 3888//5750 3971//5750 3853//5750
f 3969//5751 4005//5751 3852//5751
f 3868//5752 3852//5752 4005//5752
f 4003//5753 3851//5753 4106//5753
f 3867//5754 3851//5754 4003//5754
f 3939//5755 3850//5755 3967//5755
f 3881//5756 3967//5756 3850//5756
f 4039//5757 3849//5757 4054//5757
f 3966//5758 4054//5758 3849//5758
f 3965//5759 3848//5759 4038//5759
f 3898//5760 4038//5760 3848//5760
f 4069//5761 4070//5761 3847//5761
f 3966//5762 3847//5762 4070//5762
f 3936//5763 3964//5763 3846//5763
f 3913//5764 3936//5764 3846//5764
f 3881//5765 3846//5765 3964//5765
f 3897//5766 3845//5766 4102//5766
f 3877//5767 3844//5767 3999//5767
f 3865//5768 3844//5768 3877//5768
f 3864//862 3843//862 3865//862
f 3843//5769 3864//5769 3863//5769
f 3844//862 3865//862 3843//862
f 3931//5770 417//5770 3957//5770
f 3994//5771 4088//5771 3842//5771
f 3957//5772 3842//5772 4088//5772
f 3908//5773 3994//5773 3842//5773
f 417//5774 3842//5774 3957//5774
f 4035//5775 3841//5775 4131//5775
f 3911//5775 4131//5775 3841//5775
f 3984//5776 4063//5776 406//5776
f 3903//3216 3984//3216 406//3216
f 3859//5777 3979//5777 3840//5777
f 4029//5778 421//5778 414//5778
f 416//5779 421//5779 414//5779
f 3861//506 3949//506 3839//506
f 3858//5780 3839//5780 3949//5780
f 3900//5781 3972//5781 3838//5781
f 3899//5782 3941//5782 3837//5782
f 3886//5783 3837//5783 3941//5783
f 3853//5784 3899//5784 3837//5784
f 3898//5785 3836//5785 3937//5785
f 3999//5786 4069//5786 3835//5786
f 3877//5787 3999//5787 3835//5787
f 3930//3454 413//3454 3931//3454
f 417//5788 3931//5788 413//5788
f 3951//5789 3834//5789 4049//5789
f 3894//3233 3834//3233 3951//3233
f 3874//5790 3927//5790 3833//5790
f 4030//5791 4064//5791 3832//5791
f 3979//5792 4030//5792 3832//5792
f 3832//5793 3840//5793 3979//5793
f 4014//5794 4029//5794 3831//5794
f 414//5795 3831//5795 4029//5795
f 4013//5796 4014//5796 3830//5796
f 3831//5797 3830//5797 4014//5797
f 3948//5798 3950//5798 144//5798
f 3947//5799 3948//5799 144//5799
f 3861//5800 144//5800 3950//5800
f 3977//5801 4013//5801 3829//5801
f 3830//5802 3829//5802 4013//5802
f 3976//5803 3977//5803 3828//5803
f 3829//171 3828//171 3977//171
f 3920//974 3975//974 3827//974
f 3873//5804 3827//5804 3975//5804
f 3870//5805 3943//5805 3826//5805
f 3869//5806 3826//5806 3943//5806
f 3944//5807 4008//5807 3825//5807
f 3888//5808 3825//5808 4008//5808
f 3919//5809 3944//5809 3824//5809
f 3854//5810 3919//5810 3824//5810
f 3825//5811 3824//5811 3944//5811
f 3853//5812 3823//5812 3888//5812
f 3825//2491 3888//2491 3823//2491
f 3940//5813 3969//5813 3822//5813
f 3852//5814 3822//5814 3969//5814
f 3939//5815 3915//5815 3821//5815
f 3850//5816 3939//5816 3821//5816
f 3913//5817 3820//5817 3963//5817
f 3846//5818 3820//5818 3913//5818
f 3963//5819 3819//5819 4036//5819
f 3879//5820 4036//5820 3819//5820
f 3820//5821 3819//5821 3963//5821
f 3866//5822 3935//5822 3817//5822
f 3864//5823 3817//5823 3935//5823
f 3818//1350 3817//1350 3864//1350
f 3911//5824 3816//5824 3960//5824
f 3863//5825 3960//5825 3816//5825
f 3932//5826 3815//5826 3933//5826
f 3930//5827 3933//5827 3815//5827
f 3815//5828 413//5828 3930//5828
f 3995//5829 3959//5829 3814//5829
f 3958//1578 3813//1578 3959//1578
f 3814//1578 3959//1578 3813//1578
f 3928//5830 3956//5830 3812//5830
f 3956//5562 3995//5562 3811//5562
f 3814//5831 3811//5831 3995//5831
f 3812//5832 3956//5832 3811//5832
f 3987//5833 3810//5833 4149//5833
f 3927//5834 4149//5834 3810//5834
f 3908//5835 3810//5835 3987//5835
f 3809//5836 3833//5836 3927//5836
f 3810//5837 3809//5837 3927//5837
f 3903//5838 405//5838 3925//5838
f 406//5839 405//5839 3903//5839
f 3862//5840 3808//5840 4064//5840
f 3832//5841 4064//5841 3808//5841
f 3980//5842 4045//5842 3807//5842
f 3860//5843 3807//5843 4045//5843
f 3923//5844 3980//5844 3806//5844
f 3923//5845 3806//5845 3978//5845
f 3807//1295 3806//1295 3980//1295
f 3806//601 3805//601 3978//601
f 3946//4413 3947//4413 3804//4413
f 3921//5846 3946//5846 3804//5846
f 144//5847 3804//5847 3947//5847
f 414//5848 415//5848 416//5848
f 3945//5849 3976//5849 3803//5849
f 3857//5850 3945//5850 3803//5850
f 3873//5851 3856//5851 3802//5851
f 3827//5851 3873//5851 3802//5851
f 3826//5852 3801//5852 3870//5852
f 3872//5853 3800//5853 3972//5853
f 3838//5854 3972//5854 3800//5854
f 3871//5855 3799//5855 3872//5855
f 3870//5855 3799//5855 3871//5855
f 3799//5856 3870//5856 3801//5856
f 3800//5855 3872//5855 3799//5855
f 3868//5857 3918//5857 3798//5857
f 3854//5858 3798//5858 3918//5858
f 418//5859 3797//5859 4043//5859
f 3887//5860 4043//5860 3797//5860
f 3915//5861 3940//5861 3796//5861
f 3822//5862 3796//5862 3940//5862
f 3821//5863 3915//5863 3796//5863
f 3883//5864 3937//5864 3795//5864
f 3836//5865 3795//5865 3937//5865
f 3882//5866 3794//5866 4040//5866
f 3850//5867 3793//5867 3881//5867
f 3846//5868 3881//5868 3793//5868
f 3820//1245 3846//1245 3793//1245
f 3879//5869 3792//5869 3965//5869
f 3848//5870 3965//5870 3792//5870
f 3819//5871 3792//5871 3879//5871
f 3865//5872 3877//5872 3791//5872
f 3835//5873 3791//5873 3877//5873
f 3864//5874 3865//5874 3790//5874
f 3818//5875 3864//5875 3790//5875
f 3791//5874 3790//5874 3865//5874
f 3912//5876 3999//5876 3789//5876
f 3844//5877 3789//5877 3999//5877
f 3863//5878 3788//5878 3843//5878
f 3843//1983 3788//1983 3844//1983
f 3816//5878 3788//5878 3863//5878
f 3789//5879 3844//5879 3788//5879
f 3958//5880 4098//5880 3787//5880
f 3912//5881 3787//5881 4098//5881
f 3934//5882 3786//5882 3932//5882
f 3910//5883 3786//5883 3934//5883
f 3815//5884 3932//5884 3786//5884
f 3929//5885 3785//5885 3909//5885
f 3955//5886 4053//5886 3784//5886
f 3954//5887 3783//5887 4035//5887
f 3841//5888 4035//5888 3783//5888
f 3907//5889 3955//5889 3782//5889
f 3907//5890 3782//5890 3954//5890
f 3784//5891 3782//5891 3955//5891
f 3783//1329 3954//1329 3782//1329
f 3894//5892 3906//5892 3781//5892
f 3834//5893 3894//5893 3781//5893
f 4061//5894 4076//5894 3780//5894
f 3926//5895 4061//5895 3780//5895
f 3856//5896 3857//5896 3779//5896
f 3779//876 3802//876 3856//876
f 3837//5784 3778//5784 3853//5784
f 3823//5897 3853//5897 3778//5897
f 3885//4464 3777//4464 3886//4464
f 3837//5898 3886//5898 3777//5898
f 3778//5899 3837//5899 3777//5899
f 3883//2430 3776//2430 3885//2430
f 3776//5900 3883//5900 3795//5900
f 3777//2430 3885//2430 3776//2430
f 3848//5901 3775//5901 3898//5901
f 3836//5901 3898//5901 3775//5901
f 4050//5902 3774//5902 4067//5902
f 3904//5903 3774//5903 4050//5903
f 3902//5904 3773//5904 416//5904
f 3902//5905 3921//5905 3773//5905
f 3804//5906 3773//5906 3921//5906
f 415//5907 416//5907 3773//5907
f 3860//5908 3920//5908 3772//5908
f 3827//5909 3772//5909 3920//5909
f 3974//5910 4122//5910 3771//5910
f 3973//5911 3974//5911 3770//5911
f 3771//5911 3770//5911 3974//5911
f 3824//5912 3769//5912 3854//5912
f 3798//4251 3854//4251 3769//4251
f 3852//5913 3868//5913 3768//5913
f 3798//5914 3768//5914 3868//5914
f 3821//5915 3767//5915 3850//5915
f 3793//5915 3850//5915 3767//5915
f 3819//5916 3820//5916 3766//5916
f 3793//5917 3766//5917 3820//5917
f 3767//5918 3766//5918 3793//5918
f 3962//5919 4102//5919 3765//5919
f 3961//5911 3962//5911 3765//5911
f 3845//5920 3765//5920 4102//5920
f 3765//5911 3764//5911 3961//5911
f 3841//5921 3763//5921 3911//5921
f 3816//5922 3911//5922 3763//5922
f 3895//5923 3762//5923 3910//5923
f 3895//5924 3909//5924 3762//5924
f 3786//5925 3910//5925 3762//5925
f 3785//5926 3762//5926 3909//5926
f 3928//3259 3761//3259 3929//3259
f 3812//5927 3761//5927 3928//5927
f 3785//5928 3929//5928 3761//5928
f 3862//5929 3893//5929 3760//5929
f 4046//5930 3759//5930 4062//5930
f 4047//5931 4062//5931 3758//5931
f 3759//5932 3758//5932 4062//5932
f 3892//5933 3926//5933 3757//5933
f 3780//5934 3757//5934 3926//5934
f 3839//5935 3755//5935 3861//5935
f 3839//5936 3858//5936 3755//5936
f 3824//5937 3825//5937 3754//5937
f 3823//1118 3754//1118 3825//1118
f 3769//5938 3824//5938 3754//5938
f 4044//5939 4072//5939 3753//5939
f 3900//5940 3753//5940 4072//5940
f 3778//5897 3752//5897 3823//5897
f 3754//3543 3823//3543 3752//3543
f 3916//5941 3751//5941 418//5941
f 3797//5942 418//5942 3751//5942
f 3938//5943 4040//5943 3750//5943
f 3794//5944 3750//5944 4040//5944
f 3792//5945 3749//5945 3848//5945
f 3775//5946 3848//5946 3749//5946
f 3792//5947 3819//5947 3748//5947
f 3766//5948 3748//5948 3819//5948
f 3875//5949 3747//5949 3904//5949
f 3774//5950 3904//5950 3747//5950
f 4034//5951 4051//5951 3746//5951
f 4033//5952 3745//5952 4051//5952
f 3746//3766 4051//3766 3745//3766
f 3833//5953 3744//5953 3874//5953
f 4047//5954 3743//5954 4076//5954
f 3780//5955 4076//5955 3743//5955
f 3758//5956 3743//5956 4047//5956
f 4031//5957 3742//5957 4046//5957
f 3759//5958 4046//5958 3742//5958
f 3892//5959 3741//5959 4063//5959
f 406//5960 4063//5960 3741//5960
f 3757//5961 3741//5961 3892//5961
f 3741//5962 3740//5962 406//5962
f 3924//5963 3925//5963 3739//5963
f 3893//5964 3924//5964 3739//5964
f 405//5965 3739//5965 3925//5965
f 3760//5966 3893//5966 3739//5966
f 4017//5967 3737//5967 4019//5967
f 4018//5512 4019//5512 3736//5512
f 3737//5512 3736//5512 4019//5512
f 3805//5968 3806//5968 3735//5968
f 4016//5969 3734//5969 4017//5969
f 3737//5970 4017//5970 3734//5970
f 3891//5971 3733//5971 4016//5971
f 3734//5969 4016//5969 3733//5969
f 3858//5972 3859//5972 3732//5972
f 3755//5973 3858//5973 3732//5973
f 3890//5974 3731//5974 3901//5974
f 3973//5975 3730//5975 4111//5975
f 3855//5976 4111//5976 3730//5976
f 3770//5977 3730//5977 3973//5977
f 3855//5978 3729//5978 3942//5978
f 3942//5979 3728//5979 3970//5979
f 3729//5980 3728//5980 3942//5980
f 3869//5981 3917//5981 3727//5981
f 3917//5982 3970//5982 3726//5982
f 3728//5983 3726//5983 3970//5983
f 3727//5984 3917//5984 3726//5984
f 3822//5985 3852//5985 3725//5985
f 3768//5986 3725//5986 3852//5986
f 3777//5987 3724//5987 3778//5987
f 3776//5988 3724//5988 3777//5988
f 3752//5989 3778//5989 3724//5989
f 3938//5990 3723//5990 3916//5990
f 3751//5991 3916//5991 3723//5991
f 3750//5990 3723//5990 3938//5990
f 3795//5992 3722//5992 3776//5992
f 3724//5988 3776//5988 3722//5988
f 3795//5993 3836//5993 3721//5993
f 3775//5994 3721//5994 3836//5994
f 3722//1649 3795//1649 3721//1649
f 3796//5995 3720//5995 3821//5995
f 3767//5915 3821//5915 3720//5915
f 3897//5996 3914//5996 3719//5996
f 3866//5997 3718//5997 3914//5997
f 3718//5998 3719//5998 3914//5998
f 3719//5999 3717//5999 3897//5999
f 3845//6000 3897//6000 3716//6000
f 3717//6001 3716//6001 3897//6001
f 3876//6002 3715//6002 3896//6002
f 3842//6003 417//6003 411//6003
f 413//6004 417//6004 411//6004
f 3993//6005 3714//6005 3996//6005
f 3876//6006 3996//6006 3714//6006
f 3842//6007 3713//6007 3908//6007
f 3810//6008 3908//6008 3713//6008
f 411//6009 3713//6009 3842//6009
f 3992//6010 3712//6010 3993//6010
f 3714//6010 3993//6010 3712//6010
f 3782//6011 3784//6011 3711//6011
f 3990//6012 3710//6012 3992//6012
f 3712//6012 3992//6012 3710//6012
f 3991//6013 3709//6013 3990//6013
f 3710//6014 3990//6014 3709//6014
f 3905//6015 3707//6015 3906//6015
f 3874//6016 3707//6016 3905//6016
f 3781//6017 3906//6017 3707//6017
f 3744//6018 3707//6018 3874//6018
f 4034//6019 3706//6019 4023//6019
f 3746//5951 3706//5951 4034//5951
f 3875//6020 4049//6020 3705//6020
f 3834//6021 3705//6021 4049//6021
f 3747//6022 3875//6022 3705//6022
f 3708//6023 3705//6023 3834//6023
f 4033//6024 4067//6024 3704//6024
f 3774//6025 3704//6025 4067//6025
f 3745//6026 4033//6026 3704//6026
f 4021//6027 3703//6027 4031//6027
f 3742//6027 4031//6027 3703//6027
f 3740//6028 3702//6028 406//6028
f 405//425 3701//425 406//425
f 3808//6029 3700//6029 3832//6029
f 4020//6030 3699//6030 3981//6030
f 4018//6031 3698//6031 4020//6031
f 3736//6032 3698//6032 4018//6032
f 3699//6033 4020//6033 3698//6033
f 3807//6034 3860//6034 3697//6034
f 3840//3984 410//3984 3859//3984
f 3840//6035 3832//6035 410//6035
f 410//6036 3732//6036 3859//6036
f 3735//6037 3696//6037 3805//6037
f 3978//6038 3695//6038 4122//6038
f 3805//6039 3695//6039 3978//6039
f 3771//6040 4122//6040 3695//6040
f 3696//6041 3695//6041 3805//6041
f 3901//6042 3694//6042 3891//6042
f 3733//6043 3891//6043 3694//6043
f 3694//6042 3901//6042 3731//6042
f 3889//6044 3693//6044 3890//6044
f 3731//6045 3890//6045 3693//6045
f 3753//6046 3900//6046 3692//6046
f 3769//6047 3691//6047 3798//6047
f 3768//6048 3798//6048 3691//6048
f 3766//6049 3767//6049 3690//6049
f 3748//6050 3766//6050 3690//6050
f 3720//6051 3690//6051 3767//6051
f 3847//6052 3689//6052 4069//6052
f 3835//6053 4069//6053 3689//6053
f 3896//6054 3688//6054 3878//6054
f 3688//6055 3896//6055 3715//6055
f 3961//6056 3687//6056 4053//6056
f 3784//6057 4053//6057 3687//6057
f 3764//6058 3687//6058 3961//6058
f 3715//6002 3876//6002 3686//6002
f 3686//6059 3876//6059 3714//6059
f 3687//6060 3685//6060 3784//6060
f 3684//6061 3711//6061 3784//6061
f 3685//6041 3684//6041 3784//6041
f 411//6062 412//6062 413//6062
f 3989//6063 3683//6063 3991//6063
f 3709//6064 3991//6064 3683//6064
f 3988//6065 3682//6065 3989//6065
f 3683//6066 3989//6066 3682//6066
f 3809//6067 3810//6067 3681//6067
f 3708//6068 3834//6068 3680//6068
f 3986//6069 4023//6069 3679//6069
f 3679//6069 4023//6069 3706//6069
f 3983//6070 3678//6070 4021//6070
f 3703//5957 4021//5957 3678//5957
f 3738//6071 3756//6071 401//6071
f 392//6072 401//6072 3756//6072
f 392//310 146//310 401//310
f 3981//6073 3677//6073 3982//6073
f 3699//3133 3677//3133 3981//3133
f 3693//6074 3676//6074 3731//6074
f 3887//6075 166//6075 3889//6075
f 3693//6076 3889//6076 166//6076
f 3826//6077 3869//6077 3675//6077
f 3727//3694 3675//3694 3869//3694
f 3754//6078 3674//6078 3769//6078
f 3752//6079 3674//6079 3754//6079
f 3691//6080 3769//6080 3674//6080
f 4057//6081 4059//6081 3673//6081
f 4044//6082 3673//6082 4059//6082
f 3867//6083 4057//6083 3673//6083
f 3753//6084 3673//6084 4044//6084
f 3724//5989 3672//5989 3752//5989
f 3722//557 3672//557 3724//557
f 3674//6085 3752//6085 3672//6085
f 3796//6086 3822//6086 3671//6086
f 3725//6087 3671//6087 3822//6087
f 3720//6088 3796//6088 3671//6088
f 3884//6089 4106//6089 3670//6089
f 3851//6090 3670//6090 4106//6090
f 3749//6091 3669//6091 3775//6091
f 3721//6091 3775//6091 3669//6091
f 3884//6092 3668//6092 4039//6092
f 3849//6093 4039//6093 3668//6093
f 3670//6094 3668//6094 3884//6094
f 3817//6095 3667//6095 3866//6095
f 3718//6096 3866//6096 3667//6096
f 3878//6097 3666//6097 3880//6097
f 3688//6098 3666//6098 3878//6098
f 3716//6099 3665//6099 3845//6099
f 3686//6100 3664//6100 3715//6100
f 413//6101 3815//6101 3663//6101
f 412//6102 413//6102 3663//6102
f 3953//6103 3662//6103 3988//6103
f 3682//3141 3988//3141 3662//3141
f 170//6104 174//6104 158//6104
f 3986//6105 3661//6105 3952//6105
f 3679//6019 3661//6019 3986//6019
f 571//6106 171//6106 174//6106
f 158//6107 161//6107 171//6107
f 3808//6108 3862//6108 3660//6108
f 3760//6109 3660//6109 3862//6109
f 3700//6110 3808//6110 3660//6110
f 3702//184 404//184 406//184
f 3982//6111 3658//6111 3983//6111
f 3678//6112 3983//6112 3658//6112
f 3658//6113 3982//6113 3677//6113
f 153//6114 146//6114 151//6114
f 3738//893 3657//893 3756//893
f 3659//6115 3657//6115 3738//6115
f 3829//6116 3830//6116 3655//6116
f 3656//6117 3655//6117 3830//6117
f 3656//6118 3830//6118 3654//6118
f 3655//6119 3653//6119 3829//6119
f 3828//6117 3829//6117 3652//6117
f 3653//6117 3652//6117 3829//6117
f 3831//6120 414//6120 408//6120
f 3657//893 408//893 3756//893
f 3830//4413 3831//4413 3651//4413
f 3654//6121 3830//6121 3651//6121
f 408//4413 3651//4413 3831//4413
f 144//6122 3861//6122 570//6122
f 3755//6123 570//6123 3861//6123
f 410//6124 144//6124 570//6124
f 3804//6125 144//6125 409//6125
f 570//4413 409//4413 144//4413
f 409//2103 3650//2103 3804//2103
f 415//6126 3649//6126 414//6126
f 392//6127 3756//6127 3649//6127
f 3649//6128 408//6128 414//6128
f 3649//6129 3756//6129 408//6129
f 3731//6130 3648//6130 3694//6130
f 3648//6131 3731//6131 3676//6131
f 3802//1205 3647//1205 3827//1205
f 3772//851 3827//851 3647//851
f 3803//6132 164//6132 3857//6132
f 3779//6133 3857//6133 164//6133
f 3802//6134 3779//6134 164//6134
f 164//6135 3647//6135 3802//6135
f 3695//6136 3646//6136 3771//6136
f 3801//6137 3645//6137 3799//6137
f 3801//2703 3826//2703 3644//2703
f 3644//6138 3826//6138 3675//6138
f 3645//6139 3801//6139 3644//6139
f 3838//6140 3643//6140 3900//6140
f 3692//6141 3900//6141 3643//6141
f 3725//6142 3768//6142 3642//6142
f 3691//6143 3642//6143 3768//6143
f 3721//5988 3641//5988 3722//5988
f 3672//6144 3722//6144 3641//6144
f 3641//6145 3721//6145 3669//6145
f 3690//6146 3720//6146 3640//6146
f 3671//6147 3640//6147 3720//6147
f 3749//146 3792//146 3639//146
f 3748//6148 3639//6148 3792//6148
f 3690//6149 3639//6149 3748//6149
f 3640//6150 3639//6150 3690//6150
f 3791//6151 3835//6151 3638//6151
f 3689//6152 3638//6152 3835//6152
f 3817//6153 3818//6153 3637//6153
f 3637//6154 3667//6154 3817//6154
f 3790//6155 3636//6155 3818//6155
f 3637//6156 3818//6156 3636//6156
f 3789//6157 3635//6157 3912//6157
f 3787//6158 3912//6158 3635//6158
f 3788//3106 3634//3106 3789//3106
f 3635//4541 3789//4541 3634//4541
f 3788//2558 3816//2558 3633//2558
f 3763//851 3633//851 3816//851
f 3634//2558 3788//2558 3633//2558
f 3664//6159 3686//6159 3632//6159
f 3663//6160 3815//6160 3631//6160
f 3786//6161 3630//6161 3815//6161
f 3631//1819 3815//1819 3630//1819
f 3630//4086 3786//4086 3629//4086
f 3761//6162 3628//6162 3785//6162
f 174//6163 3628//6163 3761//6163
f 170//6164 3628//6164 174//6164
f 3761//6165 3812//6165 398//6165
f 174//6166 3761//6166 398//6166
f 398//1819 3812//1819 3627//1819
f 3811//4937 3626//4937 3812//4937
f 3627//6167 3812//6167 3626//6167
f 3813//5832 3624//5832 3814//5832
f 3625//5832 3814//5832 3624//5832
f 3626//6168 3811//6168 3623//6168
f 3811//6169 3814//6169 3622//6169
f 3625//6170 3622//6170 3814//6170
f 3623//6171 3811//6171 3622//6171
f 170//6172 174//6172 145//6172
f 571//6173 174//6173 145//6173
f 145//6174 170//6174 158//6174
f 145//6175 174//6175 171//6175
f 145//6176 571//6176 171//6176
f 398//6177 145//6177 174//6177
f 3952//6178 3621//6178 3953//6178
f 3662//6179 3953//6179 3621//6179
f 3621//6180 3952//6180 3661//6180
f 163//6181 161//6181 171//6181
f 145//6182 170//6182 163//6182
f 3781//425 3620//425 3834//425
f 3680//425 3834//425 3620//425
f 3833//6183 3809//6183 3619//6183
f 3744//6184 3833//6184 3619//6184
f 3681//6185 3619//6185 3809//6185
f 145//6115 3618//6115 571//6115
f 3806//6186 3807//6186 3617//6186
f 3617//6186 3616//6186 3806//6186
f 3646//6187 3615//6187 3771//6187
f 3770//623 3771//623 3614//623
f 3615//623 3614//623 3771//623
f 3730//623 3770//623 3613//623
f 3614//623 3613//623 3770//623
f 3730//6188 3612//6188 3855//6188
f 3729//6189 3855//6189 3612//6189
f 3613//623 3612//623 3730//623
f 3797//6190 3611//6190 3887//6190
f 166//6191 3887//6191 3611//6191
f 3800//760 3610//760 3838//760
f 3799//6192 3610//6192 3800//6192
f 3645//6193 3610//6193 3799//6193
f 3643//6194 3838//6194 3610//6194
f 3880//6195 3609//6195 3882//6195
f 3794//6196 3882//6196 3609//6196
f 3666//6197 3609//6197 3880//6197
f 3790//1671 3791//1671 3608//1671
f 3638//6198 3608//6198 3791//6198
f 3636//6199 3790//6199 3608//6199
f 3765//6200 3845//6200 3607//6200
f 3665//6201 3607//6201 3845//6201
f 3764//623 3765//623 3606//623
f 3607//623 3606//623 3765//623
f 3687//6202 3764//6202 3605//6202
f 3606//623 3605//623 3764//623
f 3813//6203 3958//6203 3604//6203
f 3787//6204 3604//6204 3958//6204
f 3635//6205 3604//6205 3787//6205
f 3624//6206 3813//6206 3604//6206
f 170//6207 161//6207 159//6207
f 170//6208 174//6208 407//6208
f 159//6209 170//6209 407//6209
f 3782//1737 3602//1737 3783//1737
f 3603//1737 3783//1737 3602//1737
f 392//6210 146//6210 147//6210
f 148//851 146//851 147//851
f 151//4937 146//4937 147//4937
f 3697//5416 3601//5416 3807//5416
f 3617//6211 3807//6211 3601//6211
f 151//6212 149//6212 153//6212
f 409//6213 149//6213 153//6213
f 3735//6214 3806//6214 3600//6214
f 3616//6215 3600//6215 3806//6215
f 3700//6216 3599//6216 3832//6216
f 410//6217 3832//6217 3599//6217
f 3772//6218 3598//6218 3860//6218
f 3697//6219 3860//6219 3598//6219
f 3601//6219 3697//6219 3598//6219
f 3773//6220 3804//6220 150//6220
f 3650//6221 150//6221 3804//6221
f 3647//6222 3597//6222 3772//6222
f 3598//6223 3772//6223 3597//6223
f 3828//6224 3596//6224 3976//6224
f 3803//6225 3976//6225 3596//6225
f 3652//6226 3596//6226 3828//6226
f 3676//6227 3693//6227 3595//6227
f 166//6228 3595//6228 3693//6228
f 3674//6229 3594//6229 3691//6229
f 3672//6230 3594//6230 3674//6230
f 3642//6231 3691//6231 3594//6231
f 3641//851 3594//851 3672//851
f 3671//6232 3725//6232 3593//6232
f 3642//6233 3593//6233 3725//6233
f 3640//6147 3671//6147 3593//6147
f 3669//891 3749//891 3592//891
f 3639//891 3592//891 3749//891
f 3639//6234 3640//6234 3592//6234
f 3593//6235 3592//6235 3640//6235
f 3849//6236 3591//6236 3966//6236
f 3847//6237 3966//6237 3591//6237
f 3689//6238 3847//6238 3591//6238
f 3715//6239 3590//6239 3688//6239
f 3664//6240 3590//6240 3715//6240
f 3762//6241 3589//6241 3786//6241
f 3629//6242 3786//6242 3589//6242
f 3633//6243 3763//6243 3588//6243
f 3783//6244 3587//6244 3841//6244
f 3763//6245 3841//6245 3587//6245
f 3588//5483 3763//5483 3587//5483
f 3713//6246 3586//6246 3810//6246
f 3681//6247 3810//6247 3586//6247
f 3711//6248 3585//6248 3782//6248
f 3585//6249 3602//6249 3782//6249
f 3584//6250 3783//6250 3603//6250
f 3587//6251 3783//6251 3584//6251
f 3739//6252 3582//6252 3760//6252
f 3660//6253 3760//6253 3581//6253
f 3582//6254 3581//6254 3760//6254
f 148//6255 146//6255 3580//6255
f 151//6256 3580//6256 146//6256
f 3660//6257 3579//6257 3700//6257
f 3599//6258 3700//6258 3579//6258
f 153//6259 146//6259 3578//6259
f 151//6260 146//6260 3577//6260
f 150//6261 3577//6261 3773//6261
f 150//6262 151//6262 3577//6262
f 3595//6263 3576//6263 3676//6263
f 3728//6264 3729//6264 3575//6264
f 3612//6265 3575//6265 3729//6265
f 3669//6266 3574//6266 3641//6266
f 3594//6267 3574//6267 3642//6267
f 3594//6268 3641//6268 3574//6268
f 3593//6269 3642//6269 3574//6269
f 3592//6270 3574//6270 3669//6270
f 3592//6271 3593//6271 3574//6271
f 3716//6272 3717//6272 3573//6272
f 3666//6273 3688//6273 3572//6273
f 3590//173 3572//173 3688//173
f 3589//6274 3762//6274 3571//6274
f 3571//6275 159//6275 178//6275
f 3571//6276 178//6276 3589//6276
f 3619//6277 3681//6277 3570//6277
f 3586//6278 3570//6278 3681//6278
f 3707//6279 3744//6279 3569//6279
f 3619//6280 3568//6280 3744//6280
f 3569//6281 3744//6281 3568//6281
f 3743//6282 3566//6282 3780//6282
f 3566//6283 3583//6283 3780//6283
f 3757//6284 3780//6284 3565//6284
f 3741//6285 3757//6285 3565//6285
f 3583//6286 3565//6286 3780//6286
f 3739//6287 405//6287 157//6287
f 3701//184 157//184 406//184
f 3701//425 405//425 157//425
f 3696//6288 3735//6288 3564//6288
f 3600//6289 3564//6289 3735//6289
f 3564//852 3563//852 3696//852
f 3732//6290 3562//6290 3755//6290
f 3773//6291 168//6291 415//6291
f 167//6292 392//6292 168//6292
f 3649//6293 415//6293 168//6293
f 3649//6294 168//6294 392//6294
f 3577//6295 168//6295 3773//6295
f 164//6296 3803//6296 573//6296
f 3596//6297 573//6297 3803//6297
f 3695//852 3696//852 3561//852
f 3563//852 3561//852 3696//852
f 3646//852 3695//852 3560//852
f 3561//852 3560//852 3695//852
f 3595//6298 166//6298 165//6298
f 3609//6299 3666//6299 3559//6299
f 3559//6300 3666//6300 3572//6300
f 3665//6301 3716//6301 3558//6301
f 3573//6302 3558//6302 3716//6302
f 3632//6303 3557//6303 3664//6303
f 3605//6304 3556//6304 3687//6304
f 3685//6305 3687//6305 3555//6305
f 3556//6304 3555//6304 3687//6304
f 3714//6306 3554//6306 3686//6306
f 3632//6307 3686//6307 3554//6307
f 3762//6308 3785//6308 397//6308
f 170//6309 161//6309 397//6309
f 3628//6310 397//6310 3785//6310
f 3628//6311 170//6311 397//6311
f 159//6312 170//6312 397//6312
f 3571//6313 3762//6313 397//6313
f 3571//6314 397//6314 159//6314
f 3684//852 3685//852 3553//852
f 3555//852 3553//852 3685//852
f 3711//6315 3684//6315 3552//6315
f 3585//3394 3711//3394 3552//3394
f 3553//852 3552//852 3684//852
f 3707//6316 3551//6316 3781//6316
f 3620//425 3781//425 3551//425
f 3747//4817 3550//4817 3774//4817
f 3705//6317 3550//6317 3747//6317
f 3567//6318 3774//6318 3550//6318
f 3704//6319 3774//6319 3549//6319
f 3567//6320 3549//6320 3774//6320
f 401//6321 3548//6321 3738//6321
f 3740//6322 3741//6322 3547//6322
f 153//6323 572//6323 146//6323
f 148//6324 146//6324 572//6324
f 147//6325 146//6325 572//6325
f 147//5358 177//5358 151//5358
f 150//6326 151//6326 177//6326
f 572//6327 177//6327 147//6327
f 3694//6328 3546//6328 3733//6328
f 3648//6329 3546//6329 3694//6329
f 3732//6036 410//6036 3545//6036
f 3599//6330 3545//6330 410//6330
f 3562//593 3732//593 3545//593
f 3676//6331 3544//6331 3648//6331
f 3576//6332 3544//6332 3676//6332
f 573//6333 3543//6333 164//6333
f 3615//6334 3646//6334 3542//6334
f 3560//6335 3542//6335 3646//6335
f 3614//761 3615//761 3541//761
f 3542//761 3541//761 3615//761
f 3613//761 3614//761 3540//761
f 3541//761 3540//761 3614//761
f 3612//761 3613//761 3539//761
f 3575//6336 3612//6336 3539//6336
f 3540//761 3539//761 3613//761
f 3607//6337 3665//6337 3538//6337
f 3558//6338 3538//6338 3665//6338
f 3606//761 3607//761 3537//761
f 3538//761 3537//761 3607//761
f 3605//761 3606//761 3536//761
f 3556//6339 3605//6339 3536//6339
f 3537//761 3536//761 3606//761
f 3557//6340 3632//6340 3535//6340
f 412//6341 3534//6341 411//6341
f 163//6342 161//6342 402//6342
f 3705//6343 3708//6343 3533//6343
f 171//6344 571//6344 3532//6344
f 3659//6345 3738//6345 3531//6345
f 3548//6346 3531//6346 3738//6346
f 3702//6347 3740//6347 3530//6347
f 3547//6348 3530//6348 3740//6348
f 3657//4475 3659//4475 3529//4475
f 3531//6349 3529//6349 3659//6349
f 3562//6350 3528//6350 3755//6350
f 3579//6351 3527//6351 3599//6351
f 150//6352 3650//6352 152//6352
f 152//6353 150//6353 177//6353
f 3751//6354 3526//6354 3797//6354
f 3611//6355 3797//6355 3526//6355
f 3609//6196 3525//6196 3794//6196
f 3713//6356 411//6356 3524//6356
f 3586//6357 3713//6357 3524//6357
f 3534//6358 3524//6358 411//6358
f 3570//6359 3586//6359 3523//6359
f 3524//6360 3523//6360 3586//6360
f 3589//6361 179//6361 3629//6361
f 178//6362 179//6362 3589//6362
f 3618//4475 145//4475 3522//4475
f 3680//6363 3521//6363 3708//6363
f 3533//6364 3708//6364 3521//6364
f 3618//6365 3520//6365 571//6365
f 3532//6366 571//6366 3520//6366
f 3522//6367 3520//6367 3618//6367
f 148//6368 392//6368 156//6368
f 401//6369 148//6369 156//6369
f 3548//6370 401//6370 156//6370
f 572//6371 146//6371 156//6371
f 572//6372 156//6372 148//6372
f 404//5661 3702//5661 3519//5661
f 3530//5663 3519//5663 3702//5663
f 570//6373 3755//6373 3518//6373
f 3528//6374 3518//6374 3755//6374
f 3534//6375 412//6375 3517//6375
f 3663//6376 3516//6376 412//6376
f 3517//6377 412//6377 3516//6377
f 3620//6378 3515//6378 3680//6378
f 3521//6379 3680//6379 3515//6379
f 171//6380 181//6380 161//6380
f 163//6381 161//6381 181//6381
f 171//6382 163//6382 181//6382
f 3532//6383 181//6383 171//6383
f 401//6384 392//6384 3514//6384
f 156//6385 3514//6385 392//6385
f 156//6386 401//6386 3514//6386
f 3582//6387 3739//6387 3513//6387
f 157//6388 3513//6388 3739//6388
f 3581//6389 3512//6389 3660//6389
f 3581//6390 3582//6390 3512//6390
f 3579//6391 3660//6391 3512//6391
f 3527//6392 3579//6392 3512//6392
f 3513//6393 3512//6393 3582//6393
f 3529//6394 3511//6394 3657//6394
f 3518//6395 3510//6395 570//6395
f 409//6396 153//6396 155//6396
f 409//1281 570//1281 155//1281
f 3650//1281 409//1281 155//1281
f 149//6397 409//6397 155//6397
f 3578//6398 155//6398 153//6398
f 152//6399 3650//6399 155//6399
f 3510//1281 155//1281 570//1281
f 3545//6400 3599//6400 3509//6400
f 3527//6401 3509//6401 3599//6401
f 3512//6402 3509//6402 3527//6402
f 3654//6403 3508//6403 3656//6403
f 3655//6404 3656//6404 3507//6404
f 3508//6404 3507//6404 3656//6404
f 3653//6284 3655//6284 3506//6284
f 3507//6284 3506//6284 3655//6284
f 3652//4413 3653//4413 3505//4413
f 3506//6405 3505//6405 3653//6405
f 167//6406 169//6406 400//6406
f 408//6407 400//6407 167//6407
f 3723//3015 3504//3015 3751//3015
f 3526//6408 3751//6408 3504//6408
f 3750//6409 3794//6409 3503//6409
f 3525//6410 3503//6410 3794//6410
f 3554//6411 3502//6411 3632//6411
f 3535//6412 3632//6412 3502//6412
f 3624//1819 3501//1819 3625//1819
f 3622//4817 3625//4817 3500//4817
f 3500//6413 3625//6413 3501//6413
f 3623//6414 3499//6414 3626//6414
f 3622//4937 3498//4937 3623//4937
f 3500//4817 3498//4817 3622//4817
f 3499//4937 3623//4937 3498//4937
f 3631//6415 3497//6415 3663//6415
f 3516//6415 3663//6415 3497//6415
f 3630//1343 386//1343 3631//1343
f 3629//1343 386//1343 3630//1343
f 179//6416 386//6416 3629//6416
f 179//184 178//184 386//184
f 3497//1343 3631//1343 386//1343
f 145//6417 398//6417 3496//6417
f 3522//6418 145//6418 3496//6418
f 3570//6419 3495//6419 3619//6419
f 3568//6420 3619//6420 3495//6420
f 3568//6421 3495//6421 3569//6421
f 3523//6422 3495//6422 3570//6422
f 3569//6423 3494//6423 3707//6423
f 3551//6424 3707//6424 3494//6424
f 3495//6425 3494//6425 3569//6425
f 178//6426 159//6426 385//6426
f 403//6427 385//6427 159//6427
f 179//6428 385//6428 178//6428
f 151//6429 153//6429 154//6429
f 149//6430 151//6430 154//6430
f 3580//6431 151//6431 154//6431
f 572//6432 153//6432 154//6432
f 177//6433 150//6433 154//6433
f 177//6434 572//6434 154//6434
f 177//6435 152//6435 154//6435
f 155//6436 177//6436 154//6436
f 3528//6437 3562//6437 3493//6437
f 3508//6438 3654//6438 3492//6438
f 3546//6439 3648//6439 3491//6439
f 408//6440 3657//6440 3490//6440
f 3651//1068 408//1068 3490//1068
f 3511//6441 3490//6441 3657//6441
f 3651//6442 3489//6442 3654//6442
f 3492//6443 3654//6443 3489//6443
f 3490//6444 3489//6444 3651//6444
f 3723//6445 3750//6445 3488//6445
f 3504//3015 3723//3015 3488//3015
f 3503//6445 3488//6445 3750//6445
f 3535//6446 3487//6446 3557//6446
f 145//6447 398//6447 399//6447
f 3626//6448 3486//6448 3627//6448
f 3627//1089 3485//1089 398//1089
f 3496//6449 398//6449 3485//6449
f 3486//6450 3485//6450 3627//6450
f 3499//4931 3484//4931 3626//4931
f 3486//6451 3626//6451 3484//6451
f 3519//6452 3530//6452 3483//6452
f 3530//6453 3547//6453 3482//6453
f 3483//6454 3530//6454 3482//6454
f 3743//4719 3758//4719 3481//4719
f 3758//6455 3759//6455 3480//6455
f 3742//6456 3480//6456 3759//6456
f 3481//6457 3758//6457 3480//6457
f 3580//6458 3479//6458 148//6458
f 156//6459 148//6459 3479//6459
f 3479//6460 3580//6460 154//6460
f 157//6461 404//6461 3478//6461
f 3519//6462 3478//6462 404//6462
f 392//6463 146//6463 391//6463
f 147//6464 146//6464 391//6464
f 3578//6465 146//6465 391//6465
f 168//6466 391//6466 392//6466
f 3544//6467 3477//6467 3648//6467
f 3477//6468 3491//6468 3648//6468
f 3545//6469 3476//6469 3562//6469
f 3509//6470 3476//6470 3545//6470
f 3509//6471 3512//6471 3476//6471
f 3493//6472 3562//6472 3476//6472
f 3576//6473 3595//6473 3475//6473
f 3475//6474 3595//6474 3474//6474
f 3590//6475 3664//6475 3473//6475
f 3557//6476 3473//6476 3664//6476
f 3524//6358 3534//6358 3472//6358
f 3523//6477 3524//6477 3472//6477
f 3495//6478 3523//6478 3472//6478
f 3494//6479 3495//6479 3472//6479
f 171//6480 161//6480 160//6480
f 171//6481 163//6481 160//6481
f 159//6482 161//6482 160//6482
f 159//6483 163//6483 160//6483
f 407//6484 174//6484 160//6484
f 407//6485 163//6485 160//6485
f 407//6486 159//6486 160//6486
f 397//6487 170//6487 160//6487
f 397//6488 161//6488 160//6488
f 403//6489 160//6489 163//6489
f 403//6490 159//6490 160//6490
f 3517//6491 3471//6491 3534//6491
f 3472//6492 3534//6492 3471//6492
f 171//6493 174//6493 172//6493
f 171//6494 158//6494 389//6494
f 162//6495 163//6495 389//6495
f 160//6496 171//6496 389//6496
f 160//6497 163//6497 389//6497
f 3551//6498 3470//6498 3620//6498
f 3515//6499 3620//6499 3470//6499
f 403//6500 163//6500 3469//6500
f 162//6501 3469//6501 163//6501
f 385//6502 403//6502 3469//6502
f 3706//6503 3746//6503 3468//6503
f 3745//6504 3467//6504 3746//6504
f 3468//6505 3746//6505 3467//6505
f 3521//6506 3466//6506 3533//6506
f 3566//6507 3743//6507 3465//6507
f 3481//6508 3465//6508 3743//6508
f 3465//6455 3464//6455 3566//6455
f 3703//6509 3463//6509 3742//6509
f 3480//6510 3742//6510 3463//6510
f 3678//6511 3462//6511 3703//6511
f 3463//6512 3703//6512 3462//6512
f 3476//6513 3461//6513 3493//6513
f 3461//6514 3476//6514 3460//6514
f 3734//6515 3459//6515 3737//6515
f 3736//6516 3737//6516 3458//6516
f 3459//6516 3458//6516 3737//6516
f 3733//5969 3457//5969 3734//5969
f 3459//6517 3734//6517 3457//6517
f 408//6518 167//6518 396//6518
f 400//6519 169//6519 396//6519
f 400//6520 408//6520 396//6520
f 3597//6521 3647//6521 3456//6521
f 573//6522 3596//6522 3455//6522
f 3456//6523 3647//6523 3454//6523
f 3647//6524 164//6524 574//6524
f 3543//6525 574//6525 164//6525
f 3543//6526 573//6526 574//6526
f 3455//6527 574//6527 573//6527
f 3454//6528 3647//6528 574//6528
f 3611//6529 394//6529 166//6529
f 165//6530 166//6530 394//6530
f 395//6531 165//6531 394//6531
f 3726//6532 3728//6532 3453//6532
f 3575//6533 3453//6533 3728//6533
f 3675//6534 3452//6534 3644//6534
f 3675//6535 3727//6535 3451//6535
f 3452//6536 3675//6536 3451//6536
f 3726//6537 3450//6537 3727//6537
f 3453//6538 3450//6538 3726//6538
f 3451//4086 3727//4086 3450//4086
f 3692//6539 3449//6539 3753//6539
f 3673//623 3753//623 393//623
f 3449//2169 393//2169 3753//2169
f 3673//6540 3448//6540 3867//6540
f 3448//6541 3673//6541 393//6541
f 3851//6542 3867//6542 3447//6542
f 3448//6543 3447//6543 3867//6543
f 3447//6544 3446//6544 3851//6544
f 3670//2410 3851//2410 3445//2410
f 3668//623 3670//623 3445//623
f 3446//6544 3445//6544 3851//6544
f 3668//6545 3444//6545 3849//6545
f 3591//6546 3849//6546 3444//6546
f 3445//623 3444//623 3668//623
f 3591//6547 3443//6547 3689//6547
f 3444//6548 3443//6548 3591//6548
f 3638//6549 3689//6549 3442//6549
f 3443//6550 3442//6550 3689//6550
f 3667//6551 3441//6551 3718//6551
f 3667//6552 3637//6552 3441//6552
f 3719//6553 3718//6553 3440//6553
f 3441//2103 3440//2103 3718//2103
f 3717//6554 3719//6554 3439//6554
f 3440//6555 3439//6555 3719//6555
f 3439//6556 3438//6556 3717//6556
f 3572//6557 3590//6557 3437//6557
f 3473//6558 3437//6558 3590//6558
f 3633//6559 3436//6559 3634//6559
f 3634//6560 3435//6560 3635//6560
f 3604//6561 3635//6561 3435//6561
f 3436//6562 3435//6562 3634//6562
f 3436//6563 3633//6563 3434//6563
f 3588//6564 3433//6564 3633//6564
f 3434//6565 3633//6565 3433//6565
f 3712//6010 3432//6010 3714//6010
f 3709//6566 3431//6566 3710//6566
f 3710//6012 3430//6012 3712//6012
f 3432//6012 3712//6012 3430//6012
f 3430//6567 3710//6567 3431//6567
f 3471//6568 3429//6568 3472//6568
f 3661//6569 3679//6569 3428//6569
f 3706//6570 3427//6570 3679//6570
f 3468//6571 3427//6571 3706//6571
f 3428//6572 3679//6572 3427//6572
f 3704//6573 3426//6573 3745//6573
f 3467//6574 3745//6574 3426//6574
f 3549//6575 3425//6575 3704//6575
f 3426//6504 3704//6504 3425//6504
f 3515//6576 3424//6576 3521//6576
f 3466//6577 3521//6577 3424//6577
f 3583//6578 3566//6578 3423//6578
f 3464//6579 3423//6579 3566//6579
f 3565//6580 3583//6580 3422//6580
f 3423//6581 3422//6581 3583//6581
f 3565//6582 3421//6582 3741//6582
f 3547//6583 3741//6583 3421//6583
f 3482//6584 3547//6584 3421//6584
f 3422//4413 3421//4413 3565//4413
f 3493//6585 3420//6585 3528//6585
f 3658//6586 3419//6586 3678//6586
f 3462//6586 3678//6586 3419//6586
f 3513//6587 157//6587 3418//6587
f 3478//6588 3418//6588 157//6588
f 3616//6589 3617//6589 3417//6589
f 3600//6590 3616//6590 3416//6590
f 3417//6589 3416//6589 3616//6589
f 3601//6591 3415//6591 3617//6591
f 3598//6592 3415//6592 3601//6592
f 3417//6593 3617//6593 3415//6593
f 3416//6594 3414//6594 3600//6594
f 3512//6595 3513//6595 3413//6595
f 3418//6596 3413//6596 3513//6596
f 3698//6597 3412//6597 3699//6597
f 3698//6598 3736//6598 3411//6598
f 3458//6599 3411//6599 3736//6599
f 3411//6600 3412//6600 3698//6600
f 167//6601 390//6601 392//6601
f 168//6602 392//6602 390//6602
f 391//6603 392//6603 390//6603
f 391//6604 168//6604 390//6604
f 390//6605 396//6605 169//6605
f 390//6606 167//6606 396//6606
f 3597//6607 3410//6607 3598//6607
f 3410//6608 3597//6608 3456//6608
f 3415//6592 3598//6592 3410//6592
f 3564//6609 3600//6609 3409//6609
f 3414//6610 3409//6610 3600//6610
f 3476//6611 3512//6611 3408//6611
f 3460//6612 3476//6612 3408//6612
f 3413//6613 3408//6613 3512//6613
f 3460//6614 3408//6614 3413//6614
f 3546//2409 3407//2409 3733//2409
f 3491//6615 3407//6615 3546//6615
f 3457//2409 3733//2409 3407//2409
f 3563//623 3564//623 3406//623
f 3409//623 3406//623 3564//623
f 3561//623 3563//623 3405//623
f 3406//623 3405//623 3563//623
f 3544//6616 3576//6616 3404//6616
f 3475//6617 3404//6617 3576//6617
f 3560//623 3561//623 3403//623
f 3405//623 3403//623 3561//623
f 3542//623 3560//623 3402//623
f 3541//623 3542//623 3402//623
f 3403//623 3402//623 3560//623
f 3540//623 3541//623 3401//623
f 3402//623 3401//623 3541//623
f 165//6618 3400//6618 3595//6618
f 3474//6619 3595//6619 3400//6619
f 3400//6620 165//6620 395//6620
f 3539//623 3399//623 3575//623
f 3539//623 3540//623 3399//623
f 3401//623 3399//623 3540//623
f 3398//6621 3453//6621 3575//6621
f 3399//623 3398//623 3575//623
f 3610//6622 3397//6622 3643//6622
f 3610//6623 3645//6623 3396//6623
f 3397//738 3610//738 3396//738
f 3644//6536 3395//6536 3645//6536
f 3395//6624 3644//6624 3452//6624
f 3396//6536 3645//6536 3395//6536
f 3643//6625 3394//6625 3692//6625
f 3394//6626 3449//6626 3692//6626
f 3394//6627 3643//6627 3397//6627
f 3608//6628 3638//6628 3393//6628
f 3442//6629 3393//6629 3638//6629
f 3608//6630 3392//6630 3636//6630
f 3393//6631 3392//6631 3608//6631
f 3392//6632 3391//6632 3636//6632
f 3636//6633 3390//6633 3637//6633
f 3390//6634 3441//6634 3637//6634
f 3391//6632 3390//6632 3636//6632
f 3573//6635 3717//6635 3389//6635
f 3438//6636 3389//6636 3717//6636
f 3572//669 3388//669 3559//669
f 3388//6637 3572//6637 3437//6637
f 3558//623 3573//623 3387//623
f 3389//623 3387//623 3573//623
f 3538//623 3558//623 3386//623
f 3387//623 3386//623 3558//623
f 3537//623 3538//623 3385//623
f 3536//623 3385//623 3556//623
f 3536//623 3537//623 3385//623
f 3386//623 3385//623 3538//623
f 3385//623 3384//623 3556//623
f 3555//623 3556//623 3383//623
f 3384//623 3383//623 3556//623
f 3553//623 3555//623 3382//623
f 3383//623 3382//623 3555//623
f 3554//692 3714//692 3381//692
f 3502//6638 3554//6638 3381//6638
f 3381//692 3714//692 3432//692
f 3502//6639 3380//6639 3535//6639
f 3487//6640 3535//6640 3380//6640
f 399//6641 173//6641 145//6641
f 3472//6642 3379//6642 3494//6642
f 3379//6643 3472//6643 3429//6643
f 3587//6644 3378//6644 3588//6644
f 3584//6645 3378//6645 3587//6645
f 3433//6646 3588//6646 3378//6646
f 3552//623 3553//623 3377//623
f 3382//623 3377//623 3553//623
f 170//6647 174//6647 176//6647
f 158//6648 174//6648 176//6648
f 158//6649 170//6649 176//6649
f 171//6650 158//6650 176//6650
f 145//6651 170//6651 176//6651
f 158//6652 145//6652 176//6652
f 171//6653 145//6653 176//6653
f 163//6654 170//6654 176//6654
f 171//6655 163//6655 176//6655
f 163//6656 145//6656 176//6656
f 160//6657 158//6657 176//6657
f 160//6658 163//6658 176//6658
f 172//6659 171//6659 176//6659
f 389//6660 158//6660 176//6660
f 389//6661 171//6661 176//6661
f 389//6662 163//6662 176//6662
f 173//6663 174//6663 176//6663
f 173//6664 145//6664 176//6664
f 158//6665 174//6665 175//6665
f 171//6666 158//6666 175//6666
f 158//6667 145//6667 175//6667
f 171//6668 145//6668 175//6668
f 399//6669 145//6669 175//6669
f 160//6670 174//6670 175//6670
f 160//6671 158//6671 175//6671
f 172//6672 174//6672 175//6672
f 172//6673 171//6673 175//6673
f 173//6674 399//6674 175//6674
f 176//6675 158//6675 175//6675
f 176//6676 171//6676 175//6676
f 176//6677 145//6677 175//6677
f 176//6678 160//6678 175//6678
f 176//6679 172//6679 175//6679
f 3683//6680 3376//6680 3709//6680
f 3431//6681 3709//6681 3376//6681
f 3682//6682 3375//6682 3683//6682
f 3376//6683 3683//6683 3375//6683
f 3374//6684 3379//6684 3429//6684
f 3378//6645 3584//6645 3373//6645
f 3602//6685 3585//6685 3372//6685
f 3552//6686 3372//6686 3585//6686
f 3377//6687 3372//6687 3552//6687
f 3603//6688 3371//6688 3584//6688
f 3373//6689 3584//6689 3371//6689
f 3602//6690 3370//6690 3603//6690
f 3372//6691 3370//6691 3602//6691
f 3371//6690 3603//6690 3370//6690
f 3661//6692 3369//6692 3621//6692
f 3369//6692 3661//6692 3428//6692
f 3494//6693 3368//6693 3551//6693
f 3470//6694 3551//6694 3368//6694
f 3379//6695 3368//6695 3494//6695
f 3374//7 3368//7 3379//7
f 3550//6696 3367//6696 3567//6696
f 3550//6697 3705//6697 3366//6697
f 3533//6698 3366//6698 3705//6698
f 3466//3209 3366//3209 3533//3209
f 3367//1819 3550//1819 3366//1819
f 3549//6699 3567//6699 3365//6699
f 3365//6700 3425//6700 3549//6700
f 3367//6701 3365//6701 3567//6701
f 3529//6702 3531//6702 3364//6702
f 3511//6703 3529//6703 388//6703
f 3364//6704 388//6704 3529//6704
f 3677//6705 3363//6705 3658//6705
f 3419//6586 3658//6586 3363//6586
f 3677//6706 3699//6706 3362//6706
f 3412//6707 3362//6707 3699//6707
f 3363//2175 3677//2175 3362//2175
f 3596//6708 3652//6708 3361//6708
f 3505//734 3361//734 3652//734
f 3455//6709 3596//6709 3361//6709
f 3559//6710 3360//6710 3609//6710
f 3525//6711 3609//6711 3360//6711
f 3388//6712 3360//6712 3559//6712
f 3604//6713 3359//6713 3624//6713
f 3435//6714 3359//6714 3604//6714
f 3662//6715 3358//6715 3682//6715
f 3375//6716 3682//6716 3358//6716
f 3621//6717 3357//6717 3662//6717
f 3369//6692 3357//6692 3621//6692
f 3358//6718 3662//6718 3357//6718
f 3496//6719 3356//6719 3522//6719
f 3471//6720 3517//6720 3355//6720
f 3520//6721 3522//6721 3354//6721
f 3356//6722 3354//6722 3522//6722
f 3460//6723 3413//6723 3353//6723
f 3413//6724 3418//6724 3353//6724
f 3461//6725 3352//6725 3493//6725
f 3460//6726 3352//6726 3461//6726
f 3420//6727 3493//6727 3352//6727
f 3353//932 3352//932 3460//932
f 3518//6728 3528//6728 3351//6728
f 3420//6352 3351//6352 3528//6352
f 155//6729 3578//6729 387//6729
f 154//6433 177//6433 387//6433
f 154//1410 152//1410 387//1410
f 3477//6730 3544//6730 3350//6730
f 3526//6355 3349//6355 3611//6355
f 394//6731 3611//6731 3349//6731
f 3380//6732 3348//6732 3487//6732
f 179//6733 178//6733 183//6733
f 386//6734 178//6734 183//6734
f 386//6735 179//6735 183//6735
f 385//6736 179//6736 183//6736
f 3429//6737 3347//6737 3374//6737
f 3368//6738 3374//6738 3347//6738
f 3429//6739 3471//6739 3346//6739
f 3346//6740 3471//6740 3355//6740
f 3347//150 3429//150 3346//150
f 3516//161 3345//161 3517//161
f 3355//6741 3517//6741 3345//6741
f 3510//6742 3518//6742 3344//6742
f 3351//6742 3344//6742 3518//6742
f 3497//1687 3343//1687 3516//1687
f 3345//1687 3516//1687 3343//1687
f 156//6743 180//6743 3548//6743
f 3531//6744 3548//6744 3342//6744
f 3364//6745 3531//6745 3342//6745
f 180//6746 3342//6746 3548//6746
f 3483//6747 3341//6747 3519//6747
f 3478//6748 3519//6748 3341//6748
f 155//6749 3510//6749 3340//6749
f 387//6750 155//6750 3340//6750
f 3344//6742 3340//6742 3510//6742
f 3490//6751 3511//6751 184//6751
f 388//6752 184//6752 3511//6752
f 381//6753 184//6753 388//6753
f 3491//6754 3477//6754 3339//6754
f 3506//6755 3507//6755 3338//6755
f 3505//6756 3506//6756 3337//6756
f 3361//6757 3505//6757 3337//6757
f 3338//3736 3337//3736 3506//3736
f 3501//6758 3336//6758 3500//6758
f 3498//6759 3500//6759 3336//6759
f 3501//1819 3624//1819 3335//1819
f 3359//6760 3335//6760 3624//6760
f 3336//1819 3501//1819 3335//1819
f 3485//6761 3334//6761 3496//6761
f 3356//6762 3496//6762 3334//6762
f 3354//6763 3356//6763 382//6763
f 386//1343 3333//1343 3497//1343
f 183//6735 3333//6735 386//6735
f 3343//6764 3497//6764 3333//6764
f 181//6765 3532//6765 575//6765
f 3520//6766 3332//6766 3532//6766
f 3354//6767 3332//6767 3520//6767
f 575//6768 3532//6768 3332//6768
f 3482//6769 3331//6769 3483//6769
f 3479//6770 185//6770 156//6770
f 180//6771 156//6771 185//6771
f 180//6772 156//6772 3330//6772
f 185//6773 3330//6773 156//6773
f 185//6774 180//6774 3330//6774
f 3350//6775 3329//6775 3477//6775
f 3339//6776 3477//6776 3329//6776
f 3507//1068 3508//1068 3327//1068
f 3338//6777 3507//6777 3327//6777
f 3328//1068 3327//1068 3508//1068
f 3492//6778 3326//6778 3508//6778
f 3328//6779 3508//6779 3326//6779
f 3404//6780 3325//6780 3544//6780
f 3350//6781 3544//6781 3325//6781
f 3488//929 3503//929 3324//929
f 3503//6782 3525//6782 3323//6782
f 3324//2653 3503//2653 3323//2653
f 3487//6783 3322//6783 3557//6783
f 3473//6784 3557//6784 3322//6784
f 3322//6785 3487//6785 3321//6785
f 3484//6786 3499//6786 3320//6786
f 3320//6787 3499//6787 3319//6787
f 3498//1089 3318//1089 3499//1089
f 3336//6788 3318//6788 3498//6788
f 3319//1089 3499//1089 3318//1089
f 3470//6789 3317//6789 3515//6789
f 3424//6790 3515//6790 3317//6790
f 181//6791 162//6791 187//6791
f 389//6792 187//6792 162//6792
f 389//6793 181//6793 187//6793
f 3469//6794 162//6794 187//6794
f 575//6795 181//6795 187//6795
f 575//6796 187//6796 182//6796
f 3341//6797 3483//6797 3315//6797
f 3331//6798 3315//6798 3483//6798
f 184//6799 3313//6799 381//6799
f 3489//6800 3490//6800 3312//6800
f 184//6801 3312//6801 3490//6801
f 3489//6443 3311//6443 3492//6443
f 3326//6802 3492//6802 3311//6802
f 3312//6803 3311//6803 3489//6803
f 3504//6408 3310//6408 3526//6408
f 3349//6804 3526//6804 3310//6804
f 3348//6805 3309//6805 3487//6805
f 3321//6806 3487//6806 3309//6806
f 3484//6807 3308//6807 3486//6807
f 3308//6808 3484//6808 3320//6808
f 3485//6809 3486//6809 3307//6809
f 3334//6337 3485//6337 3307//6337
f 3308//6810 3307//6810 3486//6810
f 3464//4413 3465//4413 3305//4413
f 3480//6811 3304//6811 3481//6811
f 3463//6812 3304//6812 3480//6812
f 3423//6813 3464//6813 3303//6813
f 3305//4455 3303//4455 3464//4455
f 3351//6814 3420//6814 3302//6814
f 3314//6815 3302//6815 3420//6815
f 388//6816 3364//6816 3301//6816
f 381//6817 388//6817 3301//6817
f 3462//6818 3300//6818 3463//6818
f 3304//6818 3463//6818 3300//6818
f 3422//6819 3423//6819 3299//6819
f 3303//6820 3299//6820 3423//6820
f 3421//72 3422//72 3298//72
f 3299//6821 3298//6821 3422//6821
f 3339//735 3297//735 3491//735
f 3360//6822 3296//6822 3525//6822
f 3323//6823 3525//6823 3296//6823
f 3380//6824 3502//6824 3295//6824
f 3366//530 3294//530 3367//530
f 3365//6825 3367//6825 3293//6825
f 3294//6826 3293//6826 3367//6826
f 3427//6827 3292//6827 3428//6827
f 3345//6828 3291//6828 3355//6828
f 3306//6829 3355//6829 3291//6829
f 3427//6830 3468//6830 3290//6830
f 3292//6827 3427//6827 3290//6827
f 3425//6831 3365//6831 3289//6831
f 3293//6832 3289//6832 3365//6832
f 3425//4937 3288//4937 3426//4937
f 3289//6833 3288//6833 3425//6833
f 3424//6834 3287//6834 3466//6834
f 3317//6835 3287//6835 3424//6835
f 3316//6836 3466//6836 3287//6836
f 3421//6837 3286//6837 3482//6837
f 3331//6838 3482//6838 3286//6838
f 3465//6839 3481//6839 3285//6839
f 3285//6840 3481//6840 3304//6840
f 3284//6841 3305//6841 3465//6841
f 154//6842 3283//6842 3479//6842
f 185//6843 3479//6843 3283//6843
f 3301//6844 3282//6844 381//6844
f 184//6845 388//6845 384//6845
f 3407//6846 3491//6846 3281//6846
f 3297//6847 3281//6847 3491//6847
f 3404//6848 3475//6848 3280//6848
f 3474//6849 3279//6849 3475//6849
f 3280//6850 3475//6850 3279//6850
f 3488//6851 3278//6851 3504//6851
f 3324//1175 3278//1175 3488//1175
f 3310//6852 3504//6852 3278//6852
f 3323//851 3277//851 3324//851
f 3309//6853 3348//6853 3276//6853
f 3381//6854 3275//6854 3502//6854
f 3275//6855 3295//6855 3502//6855
f 3348//6856 3380//6856 3274//6856
f 3274//6857 3380//6857 3295//6857
f 382//6858 3271//6858 3354//6858
f 3272//6177 3271//6177 382//6177
f 3467//6859 3270//6859 3468//6859
f 3426//6860 3270//6860 3467//6860
f 3290//6861 3468//6861 3270//6861
f 3469//6862 3269//6862 385//6862
f 183//6863 385//6863 3269//6863
f 187//6864 3269//6864 3469//6864
f 3366//6865 3466//6865 3268//6865
f 3316//6866 3268//6866 3466//6866
f 3342//6867 3267//6867 3364//6867
f 3285//6868 3266//6868 3465//6868
f 3284//6869 3465//6869 3266//6869
f 3329//6870 3350//6870 3265//6870
f 3400//6871 3264//6871 3474//6871
f 3279//6872 3474//6872 3264//6872
f 3270//6873 3426//6873 3263//6873
f 3288//4937 3262//4937 3426//4937
f 3263//4937 3426//4937 3262//4937
f 3332//6874 3354//6874 3261//6874
f 3418//6875 3478//6875 3260//6875
f 3341//6876 3260//6876 3478//6876
f 184//6877 383//6877 388//6877
f 384//6878 388//6878 383//6878
f 3325//6879 3404//6879 3259//6879
f 3280//6880 3259//6880 3404//6880
f 3334//6881 379//6881 3356//6881
f 382//6882 3356//6882 379//6882
f 3273//6883 379//6883 382//6883
f 3357//6884 3369//6884 3258//6884
f 3368//6885 189//6885 3470//6885
f 3317//6886 3470//6886 189//6886
f 3353//6887 3418//6887 3257//6887
f 3260//6888 3257//6888 3418//6888
f 3352//1999 3353//1999 3256//1999
f 3257//1999 3256//1999 3353//1999
f 3352//6889 3255//6889 3420//6889
f 3314//6890 3420//6890 3255//6890
f 3256//1999 3255//1999 3352//1999
f 387//6891 3254//6891 154//6891
f 3283//6892 154//6892 3254//6892
f 3419//6893 3253//6893 3462//6893
f 3300//6894 3462//6894 3253//6894
f 3363//6895 3252//6895 3419//6895
f 3253//6896 3419//6896 3252//6896
f 3313//6897 380//6897 381//6897
f 3313//6898 184//6898 380//6898
f 3282//6899 380//6899 381//6899
f 384//6900 184//6900 380//6900
f 3296//6901 3251//6901 3323//6901
f 3276//6902 3348//6902 3250//6902
f 3274//6903 3250//6903 3348//6903
f 3273//6904 382//6904 186//6904
f 3272//6905 382//6905 186//6905
f 379//6906 3273//6906 186//6906
f 3428//6907 3249//6907 3369//6907
f 3292//6908 3249//6908 3428//6908
f 3258//6909 3369//6909 3249//6909
f 3343//1571 3248//1571 3345//1571
f 3291//6910 3345//6910 3248//6910
f 3347//6911 374//6911 3368//6911
f 189//6912 3368//6912 374//6912
f 3346//1900 3247//1900 3347//1900
f 374//1900 3347//1900 3247//1900
f 3355//6913 3246//6913 3346//6913
f 3306//6914 3246//6914 3355//6914
f 3247//1900 3346//1900 3246//1900
f 3269//6915 3245//6915 183//6915
f 3315//6916 3331//6916 3244//6916
f 3286//6917 3244//6917 3331//6917
f 3315//6918 3243//6918 3341//6918
f 3260//6919 3341//6919 3243//6919
f 3244//6920 3243//6920 3315//6920
f 3302//6921 3314//6921 3242//6921
f 3300//6922 3241//6922 3304//6922
f 3241//6923 3300//6923 3253//6923
f 3282//6924 3301//6924 3240//6924
f 3312//981 184//981 3239//981
f 383//6925 3239//6925 184//6925
f 3329//6926 3238//6926 3339//6926
f 3297//6927 3339//6927 3238//6927
f 3325//6928 3237//6928 3350//6928
f 3265//6929 3350//6929 3237//6929
f 395//6930 3236//6930 3400//6930
f 3264//6931 3400//6931 3236//6931
f 394//6531 3235//6531 395//6531
f 3236//6932 395//6932 3235//6932
f 3278//6933 3324//6933 3234//6933
f 3277//6934 3234//6934 3324//6934
f 3277//6935 3323//6935 3233//6935
f 3233//6936 3323//6936 3251//6936
f 3437//6937 3473//6937 3232//6937
f 3322//6938 3231//6938 3473//6938
f 3232//6939 3473//6939 3231//6939
f 3290//196 3230//196 3292//196
f 3249//6940 3292//6940 3230//6940
f 3291//6941 3229//6941 3306//6941
f 3287//6942 3228//6942 3316//6942
f 3268//6943 3316//6943 3228//6943
f 3301//6944 3364//6944 3227//6944
f 3267//6945 3227//6945 3364//6945
f 3240//6946 3301//6946 3227//6946
f 3340//6947 370//6947 387//6947
f 3340//6948 3344//6948 370//6948
f 3254//6949 387//6949 370//6949
f 3362//6950 3226//6950 3363//6950
f 3252//6951 3363//6951 3226//6951
f 3265//6156 3225//6156 3329//6156
f 3238//6952 3329//6952 3225//6952
f 3416//6953 3417//6953 3224//6953
f 3414//6954 3416//6954 3223//6954
f 3224//6953 3223//6953 3416//6953
f 3415//6955 3222//6955 3417//6955
f 3410//6956 3222//6956 3415//6956
f 3224//6955 3417//6955 3222//6955
f 3409//6957 3414//6957 3221//6957
f 3223//6954 3221//6954 3414//6954
f 3457//6958 3220//6958 3459//6958
f 3458//184 3459//184 3219//184
f 3220//184 3219//184 3459//184
f 3456//6959 3217//6959 3410//6959
f 3222//6960 3410//6960 3217//6960
f 3221//6961 3216//6961 3409//6961
f 3217//743 3456//743 3215//743
f 574//6962 3455//6962 3214//6962
f 574//6963 3213//6963 3454//6963
f 3214//6962 3213//6962 574//6962
f 3454//6964 3212//6964 3456//6964
f 3215//6965 3456//6965 3212//6965
f 3213//6966 3212//6966 3454//6966
f 3406//623 3409//623 3211//623
f 3216//623 3211//623 3409//623
f 3405//623 3406//623 3210//623
f 3211//623 3210//623 3406//623
f 3403//623 3405//623 3209//623
f 3210//623 3209//623 3405//623
f 3402//623 3403//623 3208//623
f 3209//623 3208//623 3403//623
f 3401//623 3402//623 3207//623
f 3208//623 3207//623 3402//623
f 3349//6967 3206//6967 394//6967
f 3235//6968 394//6968 3206//6968
f 3399//623 3401//623 3205//623
f 3398//623 3399//623 3205//623
f 3207//623 3205//623 3401//623
f 3205//623 3204//623 3398//623
f 3450//6969 3453//6969 3203//6969
f 3453//6970 3398//6970 3203//6970
f 3204//6971 3203//6971 3398//6971
f 3452//6972 3202//6972 3395//6972
f 3451//5826 3201//5826 3452//5826
f 3202//5826 3452//5826 3201//5826
f 3450//5826 3200//5826 3451//5826
f 3203//6973 3200//6973 3450//6973
f 3201//5826 3451//5826 3200//5826
f 393//6974 3449//6974 365//6974
f 393//6974 365//6974 3448//6974
f 365//6975 3199//6975 393//6975
f 3447//623 3448//623 3198//623
f 365//623 3198//623 3448//623
f 3446//623 3447//623 3197//623
f 3445//623 3446//623 3197//623
f 3198//623 3197//623 3447//623
f 3444//623 3445//623 3196//623
f 3197//623 3196//623 3445//623
f 3443//6136 3444//6136 3195//6136
f 3196//623 3195//623 3444//623
f 3442//6976 3443//6976 3194//6976
f 3195//6977 3194//6977 3443//6977
f 3440//5512 3441//5512 3193//5512
f 3439//5512 3440//5512 3192//5512
f 3193//5512 3192//5512 3440//5512
f 3438//6978 3439//6978 3191//6978
f 3192//6979 3191//6979 3439//6979
f 3191//6978 3190//6978 3438//6978
f 3389//6980 3438//6980 3189//6980
f 3190//6981 3189//6981 3438//6981
f 3360//6982 3388//6982 3188//6982
f 3296//6983 3360//6983 3188//6983
f 3437//6984 3187//6984 3388//6984
f 3232//6985 3187//6985 3437//6985
f 3188//6986 3388//6986 3187//6986
f 3387//623 3389//623 3186//623
f 3189//623 3186//623 3389//623
f 3386//623 3387//623 3185//623
f 3186//623 3185//623 3387//623
f 3385//623 3386//623 3184//623
f 3384//623 3385//623 3184//623
f 3185//623 3184//623 3386//623
f 3184//623 3183//623 3384//623
f 3383//623 3384//623 3182//623
f 3382//623 3383//623 3182//623
f 3183//623 3182//623 3384//623
f 3377//623 3382//623 3181//623
f 3182//623 3181//623 3382//623
f 3434//6987 3180//6987 3436//6987
f 3433//6988 3179//6988 3434//6988
f 3180//6014 3434//6014 3179//6014
f 3435//6989 3436//6989 3178//6989
f 3180//6989 3178//6989 3436//6989
f 3179//6990 3433//6990 3177//6990
f 3181//623 3176//623 3377//623
f 3432//6991 3175//6991 3381//6991
f 3275//6992 3381//6992 3175//6992
f 3378//6993 3174//6993 3433//6993
f 3177//669 3433//669 3174//669
f 3320//6994 3173//6994 3308//6994
f 3430//6995 3172//6995 3432//6995
f 3175//6996 3432//6996 3172//6996
f 3431//6997 3171//6997 3430//6997
f 3172//6998 3430//6998 3171//6998
f 3373//6999 3170//6999 3378//6999
f 3174//7000 3378//7000 3170//7000
f 3372//7001 3377//7001 3169//7001
f 3370//7002 3372//7002 3169//7002
f 3176//7003 3169//7003 3377//7003
f 3371//7004 3168//7004 3373//7004
f 3170//7004 3373//7004 3168//7004
f 3370//7005 3167//7005 3371//7005
f 3169//7006 3167//7006 3370//7006
f 3168//7005 3371//7005 3167//7005
f 3333//7007 183//7007 378//7007
f 3333//7008 378//7008 3343//7008
f 3248//7009 3343//7009 378//7009
f 3245//7010 378//7010 183//7010
f 3304//7011 3166//7011 3285//7011
f 3266//7012 3285//7012 3166//7012
f 3241//7013 3166//7013 3304//7013
f 3299//7014 3303//7014 3165//7014
f 3298//7015 3299//7015 3165//7015
f 3362//7016 3412//7016 3164//7016
f 3226//7017 3362//7017 3164//7017
f 3411//184 3458//184 3162//184
f 3219//184 3162//184 3458//184
f 3311//7018 3312//7018 3161//7018
f 3239//7019 3161//7019 3312//7019
f 3311//7020 3160//7020 3326//7020
f 3218//7021 3326//7021 3160//7021
f 3161//7018 3160//7018 3311//7018
f 3361//7022 3159//7022 3455//7022
f 3159//7023 3214//7023 3455//7023
f 3407//7024 3158//7024 3457//7024
f 3281//7025 3158//7025 3407//7025
f 3220//7026 3457//7026 3158//7026
f 3397//1920 3157//1920 3394//1920
f 3396//7027 3156//7027 3397//7027
f 3157//7027 3397//7027 3156//7027
f 3395//7027 3155//7027 3396//7027
f 3155//7028 3395//7028 3202//7028
f 3156//7027 3396//7027 3155//7027
f 3449//7029 3394//7029 3154//7029
f 3154//7030 365//7030 3449//7030
f 3157//1920 3154//1920 3394//1920
f 3393//7031 3442//7031 3153//7031
f 3194//7032 3153//7032 3442//7032
f 3392//1855 3393//1855 3152//1855
f 3153//7033 3152//7033 3393//7033
f 3391//6555 3392//6555 3151//6555
f 3152//1855 3151//1855 3392//1855
f 3151//6555 3150//6555 3391//6555
f 3441//7034 3390//7034 3149//7034
f 3390//6555 3391//6555 3149//6555
f 3149//7035 3193//7035 3441//7035
f 3150//6555 3149//6555 3391//6555
f 3251//7036 3296//7036 192//7036
f 192//7037 3296//7037 3188//7037
f 3307//7038 3308//7038 3148//7038
f 3148//7039 3308//7039 3173//7039
f 3359//7040 3435//7040 3147//7040
f 3178//7041 3147//7041 3435//7041
f 3307//7042 3146//7042 3334//7042
f 379//7043 3334//7043 3146//7043
f 3148//7038 3146//7038 3307//7038
f 3376//425 3145//425 3431//425
f 3171//425 3431//425 3145//425
f 3293//7044 3294//7044 3144//7044
f 3289//7045 3293//7045 3144//7045
f 3270//7046 3143//7046 3290//7046
f 3263//7047 3143//7047 3270//7047
f 3230//7048 3290//7048 3143//7048
f 3271//7049 3142//7049 3354//7049
f 3261//7050 3354//7050 3142//7050
f 3266//7051 3141//7051 3284//7051
f 3166//7052 3141//7052 3266//7052
f 3303//7053 3305//7053 3140//7053
f 3305//7054 3284//7054 3140//7054
f 3165//7055 3303//7055 3140//7055
f 3141//7056 3140//7056 3284//7056
f 3253//7057 3139//7057 3241//7057
f 3166//7058 3241//7058 3139//7058
f 3298//7059 3138//7059 3421//7059
f 3165//7060 3138//7060 3298//7060
f 3412//7061 3411//7061 3137//7061
f 3164//7062 3412//7062 3137//7062
f 3162//7063 3137//7063 3411//7063
f 3337//6589 3338//6589 3136//6589
f 3327//7064 3136//7064 3338//7064
f 3327//1760 3328//1760 3136//1760
f 3337//7065 3135//7065 3361//7065
f 3159//7066 3361//7066 3135//7066
f 3136//6589 3135//6589 3337//6589
f 3281//7067 3297//7067 3134//7067
f 3238//7068 3134//7068 3297//7068
f 3310//7069 3133//7069 3349//7069
f 3206//7070 3349//7070 3133//7070
f 3335//6690 3129//6690 3336//6690
f 3318//7071 3336//7071 3129//7071
f 3318//7072 3129//7072 3319//7072
f 3335//7073 3359//7073 3128//7073
f 3147//7074 3128//7074 3359//7074
f 3129//6690 3335//6690 3128//6690
f 3375//7075 3127//7075 3376//7075
f 3145//7076 3376//7076 3127//7076
f 3358//7077 3126//7077 3375//7077
f 3127//7078 3375//7078 3126//7078
f 3294//7079 3366//7079 3125//7079
f 3144//7080 3294//7080 3125//7080
f 3230//7081 3124//7081 3249//7081
f 3143//7082 3124//7082 3230//7082
f 3288//7083 3289//7083 3123//7083
f 3262//7084 3288//7084 3123//7084
f 3144//7085 3123//7085 3289//7085
f 3262//7086 3122//7086 3263//7086
f 3143//7087 3263//7087 3122//7087
f 3122//7088 3262//7088 3123//7088
f 3248//7089 3121//7089 3291//7089
f 3229//7090 3291//7090 3121//7090
f 185//7091 3120//7091 180//7091
f 3342//6632 180//6632 3119//6632
f 3267//7092 3342//7092 3119//7092
f 3120//6632 3119//6632 180//6632
f 3255//7093 3118//7093 3314//7093
f 3242//7094 3314//7094 3118//7094
f 3242//7095 3117//7095 3302//7095
f 3240//7096 197//7096 3282//7096
f 3225//6156 3265//6156 3116//6156
f 3163//7097 3116//7097 3265//7097
f 3250//7098 371//7098 3276//7098
f 3295//7099 3275//7099 3115//7099
f 186//7100 379//7100 3114//7100
f 3112//7101 3130//7101 3113//7101
f 3357//7102 3111//7102 3358//7102
f 3126//7103 3358//7103 3111//7103
f 3271//7104 3272//7104 3110//7104
f 3246//7105 3306//7105 3109//7105
f 3229//7106 3109//7106 3306//7106
f 575//7107 3108//7107 182//7107
f 3332//6536 3107//6536 575//6536
f 3261//7108 3107//7108 3332//7108
f 3108//6536 575//6536 3107//6536
f 3283//506 3106//506 185//506
f 3120//7109 185//7109 3106//7109
f 3141//7110 3166//7110 3105//7110
f 3139//7111 3105//7111 3166//7111
f 3138//7112 3104//7112 3421//7112
f 383//7113 384//7113 3103//7113
f 380//7114 3103//7114 384//7114
f 380//7115 3282//7115 194//7115
f 197//7116 194//7116 3282//7116
f 3103//7117 380//7117 194//7117
f 3326//7118 366//7118 3328//7118
f 3218//7119 366//7119 3326//7119
f 3136//7120 3328//7120 366//7120
f 3259//7121 3102//7121 3325//7121
f 3259//7122 3280//7122 3102//7122
f 3237//7123 3325//7123 3102//7123
f 3319//7124 3101//7124 3320//7124
f 3173//7125 3320//7125 3101//7125
f 3129//7126 3101//7126 3319//7126
f 3295//7127 3100//7127 3274//7127
f 3250//7128 3274//7128 3100//7128
f 3115//7129 3100//7129 3295//7129
f 3113//7130 3250//7130 3100//7130
f 186//7131 3099//7131 3272//7131
f 3114//7132 3099//7132 186//7132
f 3258//7133 3098//7133 3357//7133
f 3111//7134 3357//7134 3098//7134
f 3268//7135 3097//7135 3366//7135
f 3125//7136 3366//7136 3097//7136
f 3124//7137 3143//7137 3096//7137
f 3122//7138 3096//7138 3143//7138
f 3123//7139 3096//7139 3122//7139
f 3287//7140 3317//7140 188//7140
f 189//7141 188//7141 3317//7141
f 3228//425 3287//425 188//425
f 187//2400 182//2400 3095//2400
f 3269//3450 187//3450 3095//3450
f 3108//7142 3095//7142 182//7142
f 3119//7143 3094//7143 3267//7143
f 3140//7144 3093//7144 3165//7144
f 3140//7145 3141//7145 3093//7145
f 3105//7146 3093//7146 3141//7146
f 3239//6925 383//6925 3092//6925
f 3092//4063 383//4063 3103//4063
f 3225//7147 3091//7147 3238//7147
f 3134//7148 3238//7148 3090//7148
f 3091//7149 3090//7149 3238//7149
f 3237//7150 3089//7150 3265//7150
f 3163//7151 3265//7151 3089//7151
f 3278//7152 205//7152 3310//7152
f 3133//7153 3310//7153 205//7153
f 3234//155 3277//155 3088//155
f 3233//7154 3088//7154 3277//7154
f 3251//6936 3087//6936 3233//6936
f 3087//7155 3251//7155 3086//7155
f 3085//7156 3130//7156 3084//7156
f 3113//7157 3130//7157 377//7157
f 3085//5550 377//5550 3130//5550
f 3085//7158 371//7158 377//7158
f 3146//7159 3083//7159 379//7159
f 3114//7160 379//7160 3082//7160
f 3083//7161 3082//7161 379//7161
f 3249//7162 3081//7162 3258//7162
f 3098//7133 3258//7133 3081//7133
f 3081//168 3249//168 3080//168
f 3123//7163 3144//7163 3079//7163
f 3096//7164 3123//7164 3079//7164
f 3107//7165 3261//7165 3078//7165
f 3118//7166 3077//7166 3242//7166
f 3254//7167 3076//7167 3283//7167
f 3106//7168 3283//7168 3076//7168
f 3243//7169 3075//7169 3260//7169
f 3344//7170 3351//7170 3074//7170
f 3302//7171 3074//7171 3351//7171
f 370//7172 3344//7172 3074//7172
f 3117//7173 3074//7173 3302//7173
f 3117//5407 370//5407 3074//5407
f 3138//7174 3165//7174 3073//7174
f 3093//7175 3073//7175 3165//7175
f 3227//7176 3072//7176 3240//7176
f 197//7177 3240//7177 3072//7177
f 3116//7178 3071//7178 3225//7178
f 3116//7179 3163//7179 3070//7179
f 3279//7180 3069//7180 3280//7180
f 3102//7181 3280//7181 3069//7181
f 3188//7182 3068//7182 192//7182
f 3321//7183 3067//7183 3322//7183
f 3309//7184 3066//7184 3321//7184
f 3067//7185 3321//7185 3066//7185
f 3124//7186 3064//7186 3249//7186
f 3096//7187 3064//7187 3124//7187
f 3080//7188 3249//7188 3064//7188
f 3142//7189 3271//7189 3063//7189
f 3110//7190 3063//7190 3271//7190
f 3125//7191 3062//7191 3144//7191
f 3079//7192 3144//7192 3062//7192
f 3245//7193 3269//7193 3061//7193
f 3095//7194 3061//7194 3269//7194
f 3121//7195 3060//7195 3229//7195
f 3109//7196 3229//7196 3060//7196
f 3117//7197 3242//7197 3059//7197
f 3077//7198 3059//7198 3242//7198
f 3257//7199 3260//7199 3058//7199
f 3075//7200 3058//7200 3260//7200
f 3243//7201 3244//7201 3057//7201
f 3075//6878 3243//6878 3057//6878
f 3286//7202 3421//7202 3056//7202
f 3244//7203 3286//7203 3056//7203
f 3104//7204 3056//7204 3421//7204
f 3057//7205 3244//7205 3056//7205
f 3139//7206 3253//7206 3055//7206
f 3105//7207 3139//7207 3055//7207
f 3104//7208 3138//7208 3054//7208
f 3073//7209 3054//7209 3138//7209
f 3055//5241 3253//5241 3053//5241
f 3252//7210 3052//7210 3253//7210
f 3053//7211 3253//7211 3052//7211
f 3161//7212 3239//7212 3051//7212
f 3092//7213 3051//7213 3239//7213
f 3264//7214 3050//7214 3279//7214
f 3069//7215 3279//7215 3050//7215
f 3234//851 354//851 3278//851
f 205//452 3278//452 354//452
f 3088//6096 3233//6096 3049//6096
f 3087//155 3049//155 3233//155
f 3231//7216 3322//7216 3048//7216
f 3048//7217 3322//7217 3067//7217
f 3276//7218 3047//7218 3309//7218
f 3066//7219 3309//7219 3047//7219
f 3175//7220 3046//7220 3275//7220
f 3115//7221 3275//7221 3046//7221
f 3112//7222 3045//7222 3130//7222
f 3110//7223 3272//7223 3044//7223
f 3099//7224 3044//7224 3272//7224
f 3100//7225 3115//7225 3043//7225
f 3100//7226 3043//7226 3113//7226
f 3113//7227 3042//7227 3112//7227
f 3065//7228 3112//7228 3042//7228
f 3097//7229 3041//7229 3125//7229
f 3062//7230 3125//7230 3041//7230
f 3228//7231 3040//7231 3268//7231
f 3097//7232 3268//7232 3040//7232
f 188//7233 3039//7233 3228//7233
f 3040//7234 3228//7234 3039//7234
f 188//7235 189//7235 376//7235
f 3039//7236 188//7236 376//7236
f 374//7237 372//7237 189//7237
f 188//7238 189//7238 372//7238
f 3060//1505 3121//1505 3037//1505
f 3256//171 3257//171 3036//171
f 3058//7239 3035//7239 3257//7239
f 3035//7240 3036//7240 3257//7240
f 370//7241 190//7241 3254//7241
f 3076//7242 3254//7242 190//7242
f 3227//7243 3267//7243 3034//7243
f 3094//7244 3034//7244 3267//7244
f 3072//7245 3227//7245 3034//7245
f 3093//7246 3105//7246 3033//7246
f 3055//7247 3033//7247 3105//7247
f 3054//7248 3032//7248 3104//7248
f 3160//7249 3031//7249 3218//7249
f 3160//4455 3161//4455 3031//4455
f 3051//7250 3031//7250 3161//7250
f 366//7251 3218//7251 195//7251
f 3031//7252 195//7252 3218//7252
f 3090//7253 3030//7253 3134//7253
f 3158//7254 3281//7254 3029//7254
f 3134//7255 3029//7255 3281//7255
f 3236//7256 3028//7256 3264//7256
f 3050//7257 3264//7257 3028//7257
f 192//7258 375//7258 3251//7258
f 3132//7259 192//7259 375//7259
f 3131//7260 192//7260 375//7260
f 3086//7261 3251//7261 375//7261
f 3146//6973 3148//6973 3027//6973
f 3083//7262 3146//7262 3027//7262
f 3173//7263 3026//7263 3148//7263
f 3101//7125 3026//7125 3173//7125
f 3027//7264 3148//7264 3026//7264
f 3079//7265 3025//7265 3096//7265
f 3064//7187 3096//7187 3025//7187
f 3041//7266 3097//7266 3024//7266
f 378//7267 3245//7267 3023//7267
f 3061//7268 3023//7268 3245//7268
f 372//7269 374//7269 373//7269
f 3038//7270 373//7270 374//7270
f 3247//1578 3022//1578 374//1578
f 3038//4971 374//4971 3022//4971
f 3059//505 3021//505 3117//505
f 3255//6746 3256//6746 3020//6746
f 3036//7271 3020//7271 3256//7271
f 3118//7272 3255//7272 3019//7272
f 3020//6746 3019//6746 3255//6746
f 3073//7273 3093//7273 3018//7273
f 3033//7274 3018//7274 3093//7274
f 3056//7275 3104//7275 3017//7275
f 3017//7276 3104//7276 3032//7276
f 3226//7277 3016//7277 3252//7277
f 3164//7278 3016//7278 3226//7278
f 3052//7279 3252//7279 3016//7279
f 194//7280 197//7280 196//7280
f 3030//7281 3015//7281 3134//7281
f 3015//7282 3029//7282 3134//7282
f 3015//7283 3030//7283 3014//7283
f 371//7284 3013//7284 3276//7284
f 3047//7218 3276//7218 3013//7218
f 377//7285 371//7285 191//7285
f 377//7286 191//7286 3113//7286
f 3099//7287 3114//7287 3012//7287
f 3082//7288 3012//7288 3114//7288
f 3062//7289 3011//7289 3079//7289
f 3025//7290 3079//7290 3011//7290
f 3142//7291 3010//7291 3261//7291
f 3078//7292 3261//7292 3010//7292
f 3063//7293 3010//7293 3142//7293
f 3246//6768 3009//6768 3247//6768
f 3022//7294 3247//7294 3009//7294
f 3109//7295 3008//7295 3246//7295
f 3009//6768 3246//6768 3008//6768
f 3037//7296 3121//7296 3007//7296
f 3054//7297 3073//7297 3006//7297
f 3018//7297 3006//7297 3073//7297
f 3089//7298 3237//7298 3005//7298
f 3046//7299 3004//7299 3115//7299
f 3043//1505 3003//1505 3113//1505
f 3042//7300 3113//7300 3003//7300
f 3041//7301 3002//7301 3062//7301
f 3011//7301 3062//7301 3002//7301
f 3040//7302 3001//7302 3097//7302
f 3024//7303 3097//7303 3001//7303
f 3117//7304 200//7304 370//7304
f 3021//7305 200//7305 3117//7305
f 201//7306 370//7306 200//7306
f 190//7307 370//7307 358//7307
f 201//7308 358//7308 370//7308
f 200//7309 201//7309 358//7309
f 3032//7310 3054//7310 3000//7310
f 3006//7297 3000//7297 3054//7297
f 3091//7311 3225//7311 576//7311
f 3071//7311 576//7311 3225//7311
f 3235//7312 2999//7312 3236//7312
f 3028//7313 3236//7313 2999//7313
f 2998//7314 3004//7314 3046//7314
f 377//2404 363//2404 371//2404
f 191//7315 371//7315 363//7315
f 3044//7316 3099//7316 362//7316
f 3043//7317 3115//7317 2996//7317
f 3004//7318 2996//7318 3115//7318
f 3045//7319 3112//7319 2995//7319
f 3024//7320 2994//7320 3041//7320
f 3002//7301 3041//7301 2994//7301
f 2993//7321 3024//7321 3001//7321
f 2994//4329 3024//4329 2993//4329
f 378//7322 193//7322 3248//7322
f 3121//7323 3248//7323 193//7323
f 3023//7324 193//7324 378//7324
f 368//7325 378//7325 193//7325
f 3007//7326 3121//7326 193//7326
f 3000//6868 2992//6868 3032//6868
f 3034//7327 2991//7327 3072//7327
f 3103//7328 2990//7328 3092//7328
f 3071//7329 3116//7329 2989//7329
f 3090//7330 3091//7330 2988//7330
f 3089//7331 2987//7331 3163//7331
f 3070//7332 3163//7332 2987//7332
f 3206//5597 2986//5597 3235//5597
f 2999//7333 3235//7333 2986//7333
f 3088//155 2985//155 3234//155
f 354//7334 3234//7334 2985//7334
f 3048//7335 2984//7335 3231//7335
f 3182//7336 3183//7336 2983//7336
f 3046//7337 3175//7337 369//7337
f 191//7338 377//7338 2982//7338
f 3084//7339 3130//7339 579//7339
f 3045//7340 579//7340 3130//7340
f 2997//7341 3084//7341 579//7341
f 2995//7342 579//7342 3045//7342
f 3012//7343 3082//7343 2981//7343
f 3042//7344 2979//7344 3065//7344
f 579//7345 3065//7345 2979//7345
f 3081//7346 2978//7346 3098//7346
f 2980//7347 3098//7347 2978//7347
f 3080//7348 2977//7348 3081//7348
f 3064//7349 2977//7349 3080//7349
f 2978//7350 3081//7350 2977//7350
f 3025//7351 2976//7351 3064//7351
f 2977//7352 3064//7352 2976//7352
f 3010//7353 3063//7353 2975//7353
f 3018//7354 3033//7354 2974//7354
f 3017//4497 2973//4497 3056//4497
f 3032//506 2973//506 3017//506
f 2973//506 3032//506 2992//506
f 3053//7355 2972//7355 3055//7355
f 3033//7356 3055//7356 2972//7356
f 2974//7357 3033//7357 2972//7357
f 2971//7358 3071//7358 2989//7358
f 3072//7359 2970//7359 197//7359
f 2991//1592 2970//1592 3072//1592
f 3051//7360 3092//7360 2969//7360
f 2990//7361 2969//7361 3092//7361
f 3070//7362 2968//7362 3116//7362
f 2989//7363 3116//7363 2968//7363
f 2968//2778 3070//2778 2987//2778
f 3137//7364 2967//7364 3164//7364
f 3016//7278 3164//7278 2967//7278
f 3030//7365 3090//7365 2966//7365
f 2988//7366 2966//7366 3090//7366
f 3068//7367 2965//7367 192//7367
f 375//7368 192//7368 2965//7368
f 3172//7369 199//7369 3175//7369
f 3171//7005 199//7005 3172//7005
f 369//7370 3175//7370 199//7370
f 3111//7371 2964//7371 3126//7371
f 3098//7372 2964//7372 3111//7372
f 2964//7373 3098//7373 2980//7373
f 3082//3473 3083//3473 2963//3473
f 2963//7374 2981//7374 3082//7374
f 3063//7375 3110//7375 2962//7375
f 3044//7376 2962//7376 3110//7376
f 362//7377 2962//7377 3044//7377
f 2962//7378 2975//7378 3063//7378
f 2979//7344 3042//7344 2961//7344
f 3011//7379 2960//7379 3025//7379
f 2976//7380 3025//7380 2960//7380
f 3034//7381 3094//7381 2959//7381
f 2991//7382 3034//7382 2959//7382
f 3056//7383 2958//7383 3057//7383
f 2973//7384 2958//7384 3056//7384
f 3006//7209 3018//7209 2957//7209
f 2974//7354 2957//7354 3018//7354
f 196//3394 197//3394 206//3394
f 2970//7385 206//7385 197//7385
f 3219//184 3220//184 2956//184
f 3158//7386 2955//7386 3220//7386
f 2956//7387 3220//7387 2955//7387
f 3029//7388 2954//7388 3158//7388
f 2955//7389 3158//7389 2954//7389
f 3102//7390 2953//7390 3237//7390
f 3005//7391 3237//7391 2953//7391
f 3133//7392 2952//7392 3206//7392
f 2986//7393 3206//7393 2952//7393
f 3187//7394 2951//7394 3188//7394
f 3068//7395 3188//7395 2951//7395
f 3187//7396 3232//7396 2950//7396
f 2951//7397 3187//7397 2950//7397
f 3231//1175 2949//1175 3232//1175
f 2984//7398 2949//7398 3231//7398
f 2950//7399 3232//7399 2949//7399
f 3184//623 3185//623 2948//623
f 3183//623 3184//623 2948//623
f 2983//7400 3183//7400 2948//7400
f 3084//7401 2947//7401 3085//7401
f 2997//7402 2947//7402 3084//7402
f 199//7403 3171//7403 204//7403
f 3126//7404 2946//7404 3127//7404
f 2964//7405 2946//7405 3126//7405
f 3003//7406 3043//7406 2945//7406
f 2996//7407 2945//7407 3043//7407
f 3002//7408 2944//7408 3011//7408
f 2960//7408 3011//7408 2944//7408
f 368//7409 210//7409 378//7409
f 193//7410 378//7410 210//7410
f 3001//7411 3040//7411 2943//7411
f 3039//7412 2942//7412 3040//7412
f 2943//7413 3040//7413 2942//7413
f 3119//3241 3120//3241 2941//3241
f 3094//7414 3119//7414 2940//7414
f 2940//7415 2959//7415 3094//7415
f 2941//7416 2940//7416 3119//7416
f 3057//7417 2939//7417 3075//7417
f 2939//7418 3057//7418 2958//7418
f 358//7419 201//7419 359//7419
f 3000//7209 3006//7209 2938//7209
f 2957//7209 2938//7209 3006//7209
f 3052//4447 2937//4447 3053//4447
f 2972//7355 3053//7355 2937//7355
f 3016//7420 2936//7420 3052//7420
f 2937//4447 3052//4447 2936//4447
f 3014//7421 3030//7421 2935//7421
f 2966//7422 2935//7422 3030//7422
f 3014//2409 2934//2409 3015//2409
f 2935//7423 2934//7423 3014//7423
f 3205//623 3207//623 2933//623
f 3204//623 3205//623 2933//623
f 2933//623 2932//623 3204//623
f 3203//7424 3204//7424 2931//7424
f 2932//978 2931//978 3204//978
f 3200//7425 3203//7425 2930//7425
f 2931//7426 2930//7426 3203//7426
f 3201//7427 2929//7427 3202//7427
f 3200//7427 2928//7427 3201//7427
f 2930//7428 2928//7428 3200//7428
f 2929//7427 3201//7427 2928//7427
f 3192//7429 3193//7429 2927//7429
f 3191//7430 3192//7430 2926//7430
f 2927//7429 2926//7429 3192//7429
f 3190//7431 3191//7431 2925//7431
f 2926//7430 2925//7430 3191//7430
f 2925//7432 2924//7432 3190//7432
f 3189//7433 3190//7433 2923//7433
f 2924//7434 2923//7434 3190//7434
f 3186//623 3189//623 2922//623
f 2923//623 2922//623 3189//623
f 3185//623 3186//623 2921//623
f 2921//623 2948//623 3185//623
f 2922//623 2921//623 3186//623
f 2998//7435 3046//7435 2920//7435
f 369//7436 2920//7436 3046//7436
f 363//7437 191//7437 2919//7437
f 2994//7438 2918//7438 3002//7438
f 2944//7379 3002//7379 2918//7379
f 2993//7439 2917//7439 2994//7439
f 2918//3766 2994//3766 2917//3766
f 3001//7440 2916//7440 2993//7440
f 2916//7441 3001//7441 2943//7441
f 2917//7442 2993//7442 2916//7442
f 193//7443 368//7443 367//7443
f 210//7444 367//7444 368//7444
f 210//7445 193//7445 367//7445
f 376//7446 2915//7446 3039//7446
f 2942//7447 3039//7447 2915//7447
f 3010//7448 2914//7448 3078//7448
f 2975//7449 2914//7449 3010//7449
f 3078//7450 2913//7450 3107//7450
f 2914//2400 2913//2400 3078//2400
f 3107//3454 2912//3454 3108//3454
f 2913//7451 2912//7451 3107//7451
f 3106//7452 2911//7452 3120//7452
f 2941//7453 3120//7453 2911//7453
f 3058//7454 3075//7454 2910//7454
f 2939//7455 2910//7455 3075//7455
f 2992//7456 3000//7456 2909//7456
f 2938//7209 2909//7209 3000//7209
f 3137//7457 3162//7457 2908//7457
f 2967//7458 3137//7458 2908//7458
f 195//7459 366//7459 198//7459
f 3031//674 3051//674 208//674
f 195//3736 3031//3736 208//3736
f 2969//7460 208//7460 3051//7460
f 208//7461 198//7461 195//7461
f 195//3766 194//3766 209//3766
f 196//7462 197//7462 209//7462
f 206//7463 194//7463 209//7463
f 198//7464 366//7464 209//7464
f 3214//2410 3159//2410 2907//2410
f 3213//4000 3214//4000 2906//4000
f 2907//2410 2906//2410 3214//2410
f 3215//7465 2905//7465 3217//7465
f 3212//184 3213//184 2904//184
f 2906//4000 2904//4000 3213//4000
f 3212//2409 2903//2409 3215//2409
f 2905//7466 3215//7466 2903//7466
f 2904//184 2903//184 3212//184
f 3216//7467 3221//7467 2902//7467
f 3211//623 3216//623 2902//623
f 3210//623 3211//623 2901//623
f 2902//623 2901//623 3211//623
f 3209//623 3210//623 2900//623
f 2901//623 2900//623 3210//623
f 3208//623 3209//623 2899//623
f 2900//623 2899//623 3209//623
f 3207//623 3208//623 2898//623
f 2933//623 3207//623 2898//623
f 2899//623 2898//623 3208//623
f 3155//7427 2897//7427 3156//7427
f 3202//7468 2896//7468 3155//7468
f 2929//7468 2896//7468 3202//7468
f 2897//7427 3155//7427 2896//7427
f 3156//7469 2895//7469 3157//7469
f 2897//7470 2895//7470 3156//7470
f 3154//7471 3157//7471 2894//7471
f 2894//7471 3157//7471 2895//7471
f 365//7472 3154//7472 2893//7472
f 2894//7473 2893//7473 3154//7473
f 3199//7474 365//7474 364//7474
f 364//7475 365//7475 2893//7475
f 3198//7476 365//7476 2892//7476
f 364//7476 2892//7476 365//7476
f 3197//7476 3198//7476 2891//7476
f 3196//7476 3197//7476 2891//7476
f 2892//7476 2891//7476 3198//7476
f 3195//7476 3196//7476 2890//7476
f 2891//7476 2890//7476 3196//7476
f 3194//7476 3195//7476 2889//7476
f 2890//7476 2889//7476 3195//7476
f 3153//7477 3194//7477 2888//7477
f 2889//7478 2888//7478 3194//7478
f 3152//7479 3153//7479 2887//7479
f 2888//7479 2887//7479 3153//7479
f 3151//7480 3152//7480 2886//7480
f 2887//7481 2886//7481 3152//7481
f 3150//7482 3151//7482 2885//7482
f 2886//7480 2885//7480 3151//7480
f 2885//7483 2884//7483 3150//7483
f 3193//7484 3149//7484 2883//7484
f 3149//7429 3150//7429 2883//7429
f 2927//7484 3193//7484 2883//7484
f 2884//7429 2883//7429 3150//7429
f 3181//623 3182//623 2882//623
f 2983//7485 2882//7485 3182//7485
f 3176//623 3181//623 2881//623
f 2882//623 2881//623 3181//623
f 3179//425 2880//425 3180//425
f 3177//692 2879//692 3179//692
f 2880//425 3179//425 2879//425
f 2881//623 2878//623 3176//623
f 3178//4063 3180//4063 2877//4063
f 2880//4063 2877//4063 3180//4063
f 3174//7486 2876//7486 3177//7486
f 2879//7487 3177//7487 2876//7487
f 3147//2303 3178//2303 2875//2303
f 2877//2303 2875//2303 3178//2303
f 3012//7488 215//7488 3099//7488
f 3127//7489 2874//7489 3145//7489
f 2946//7490 2874//7490 3127//7490
f 3027//7491 2873//7491 3083//7491
f 2963//3837 3083//3837 2873//3837
f 3026//7492 3101//7492 2871//7492
f 3026//6601 2871//6601 3027//6601
f 215//7493 2871//7493 3101//7493
f 2873//7494 3027//7494 2871//7494
f 3003//7495 2870//7495 3042//7495
f 2961//7496 3042//7496 2870//7496
f 376//7497 188//7497 2869//7497
f 372//7498 2869//7498 188//7498
f 2915//7499 376//7499 2869//7499
f 3095//7500 3108//7500 2868//7500
f 2912//7501 2868//7501 3108//7501
f 3076//7502 2867//7502 3106//7502
f 2911//7452 3106//7452 2867//7452
f 2957//7503 2974//7503 2866//7503
f 576//7504 3071//7504 2865//7504
f 2971//7505 2865//7505 3071//7505
f 2967//7506 2864//7506 3016//7506
f 2936//7507 3016//7507 2864//7507
f 2955//7508 2863//7508 2956//7508
f 2956//7509 2862//7509 3219//7509
f 2863//1621 2862//1621 2956//1621
f 3135//184 3136//184 218//184
f 366//184 218//184 3136//184
f 209//7510 194//7510 218//7510
f 209//7511 218//7511 366//7511
f 3135//7512 2861//7512 3159//7512
f 2861//7513 2907//7513 3159//7513
f 218//184 2861//184 3135//184
f 3223//7514 3224//7514 2860//7514
f 3221//7515 3223//7515 2859//7515
f 2860//7514 2859//7514 3223//7514
f 3222//7516 2858//7516 3224//7516
f 2860//6252 3224//6252 2858//6252
f 2857//7517 2902//7517 3221//7517
f 2859//7518 2857//7518 3221//7518
f 3217//7519 2856//7519 3222//7519
f 2856//7520 3217//7520 2905//7520
f 2858//7521 3222//7521 2856//7521
f 205//7522 2855//7522 3133//7522
f 2952//7523 3133//7523 2855//7523
f 3049//7524 3087//7524 2854//7524
f 2876//7525 3174//7525 2853//7525
f 363//7526 191//7526 207//7526
f 2982//3217 207//3217 191//3217
f 2919//7527 191//7527 207//7527
f 2919//7528 207//7528 363//7528
f 3169//7529 3176//7529 2852//7529
f 3167//7530 3169//7530 2852//7530
f 2878//7531 2852//7531 3176//7531
f 3170//7532 2851//7532 3174//7532
f 2853//7533 3174//7533 2851//7533
f 3004//7534 2998//7534 2850//7534
f 3145//7535 2849//7535 3171//7535
f 204//7536 3171//7536 2849//7536
f 2849//7537 3145//7537 2874//7537
f 3128//425 214//425 3129//425
f 3101//7538 3129//7538 214//7538
f 362//5800 3099//5800 214//5800
f 215//7539 3101//7539 214//7539
f 215//7540 214//7540 3099//7540
f 3128//7541 3147//7541 2848//7541
f 2875//7542 2848//7542 3147//7542
f 214//425 3128//425 2848//425
f 3168//7543 2847//7543 3170//7543
f 2851//7544 3170//7544 2847//7544
f 3167//7545 2846//7545 3168//7545
f 2852//7546 2846//7546 3167//7546
f 2847//7545 3168//7545 2846//7545
f 2979//7547 2844//7547 579//7547
f 3061//7548 3095//7548 2843//7548
f 2843//7500 3095//7500 2868//7500
f 3059//7549 3077//7549 2842//7549
f 3021//7550 3059//7550 2841//7550
f 2842//7551 2841//7551 3059//7551
f 190//7552 2840//7552 3076//7552
f 2867//7553 3076//7553 2840//7553
f 3035//7554 3058//7554 2839//7554
f 2910//5159 2839//5159 3058//5159
f 2970//7555 2991//7555 2838//7555
f 2959//7556 2838//7556 2991//7556
f 576//7557 357//7557 3091//7557
f 2988//7338 3091//7338 357//7338
f 2865//7558 357//7558 576//7558
f 208//623 2969//623 2837//623
f 3069//7559 2836//7559 3102//7559
f 2953//7560 3102//7560 2836//7560
f 3028//7561 2835//7561 3050//7561
f 2999//7562 2834//7562 3028//7562
f 2835//7563 3028//7563 2834//7563
f 3049//6438 2833//6438 3088//6438
f 2854//7564 2833//7564 3049//7564
f 3067//7565 361//7565 3048//7565
f 3066//7566 2832//7566 3067//7566
f 361//7567 3067//7567 2832//7567
f 2920//7568 369//7568 360//7568
f 199//7569 369//7569 202//7569
f 204//7570 202//7570 199//7570
f 360//7571 202//7571 369//7571
f 373//7572 2830//7572 372//7572
f 2869//7573 372//7573 2830//7573
f 3023//6178 3061//6178 2829//6178
f 2843//7574 2829//7574 3061//7574
f 3037//7575 2828//7575 3060//7575
f 3077//7576 3118//7576 2827//7576
f 2827//7577 2842//7577 3077//7577
f 3036//7578 3035//7578 2826//7578
f 2825//7579 3035//7579 2839//7579
f 2826//7580 3035//7580 2825//7580
f 2840//7581 190//7581 2824//7581
f 2938//2104 2957//2104 2823//2104
f 2866//7582 2823//7582 2957//7582
f 2992//506 2822//506 2973//506
f 2958//7583 2973//7583 2822//7583
f 2909//7584 2822//7584 2992//7584
f 358//7585 201//7585 223//7585
f 2824//7586 190//7586 223//7586
f 357//7587 2821//7587 2988//7587
f 194//7588 2820//7588 3103//7588
f 2990//7589 3103//7589 2820//7589
f 218//7590 2820//7590 194//7590
f 2954//7591 3029//7591 2819//7591
f 3029//7592 3015//7592 2818//7592
f 2934//7593 2818//7593 3015//7593
f 2819//7594 3029//7594 2818//7594
f 3050//7595 2816//7595 3069//7595
f 2836//7596 3069//7596 2816//7596
f 2816//7597 3050//7597 2835//7597
f 354//7598 353//7598 205//7598
f 2855//7599 205//7599 353//7599
f 3086//7600 2814//7600 3087//7600
f 375//7601 2814//7601 3086//7601
f 2854//3739 3087//3739 2814//3739
f 2965//7602 3068//7602 2813//7602
f 2951//7603 2813//7603 3068//7603
f 2984//7604 3048//7604 213//7604
f 2949//7605 2984//7605 213//7605
f 213//7606 3048//7606 361//7606
f 2882//7607 2983//7607 2812//7607
f 2947//7608 2811//7608 3085//7608
f 363//7609 350//7609 377//7609
f 2982//7610 377//7610 350//7610
f 360//7611 199//7611 203//7611
f 203//7612 202//7612 360//7612
f 214//7613 2810//7613 362//7613
f 577//7614 202//7614 199//7614
f 203//7615 577//7615 199//7615
f 577//7616 203//7616 202//7616
f 2849//7617 356//7617 204//7617
f 2845//7618 204//7618 356//7618
f 202//7619 204//7619 356//7619
f 202//7620 356//7620 577//7620
f 2962//7621 362//7621 2809//7621
f 214//7622 2809//7622 362//7622
f 356//7623 2808//7623 2845//7623
f 2996//7624 3004//7624 2807//7624
f 2945//7625 2996//7625 2807//7625
f 2850//7626 2807//7626 3004//7626
f 2945//7627 2806//7627 3003//7627
f 2870//7628 3003//7628 2806//7628
f 2977//7629 2805//7629 2978//7629
f 2976//7630 2804//7630 2977//7630
f 2960//7631 2804//7631 2976//7631
f 2805//7632 2977//7632 2804//7632
f 2918//7633 2803//7633 2944//7633
f 2944//7634 2802//7634 2960//7634
f 2804//7635 2960//7635 2802//7635
f 2803//7636 2802//7636 2944//7636
f 2975//7637 2962//7637 2801//7637
f 2914//7638 2975//7638 2801//7638
f 193//7639 3023//7639 578//7639
f 367//485 578//485 193//485
f 367//7640 210//7640 578//7640
f 2800//7641 3023//7641 2829//7641
f 578//7642 3023//7642 2800//7642
f 373//7643 3038//7643 2799//7643
f 2830//7644 373//7644 2799//7644
f 3022//4576 2798//4576 3038//4576
f 2799//7645 3038//7645 2798//7645
f 3007//7646 2797//7646 3037//7646
f 2797//7647 2828//7647 3037//7647
f 3060//7648 2796//7648 3109//7648
f 2796//7649 3060//7649 2828//7649
f 200//7650 3021//7650 2795//7650
f 2841//7550 2795//7550 3021//7550
f 3020//7651 3036//7651 2794//7651
f 2826//7652 2794//7652 3036//7652
f 2954//7653 2792//7653 2955//7653
f 2863//7654 2955//7654 2792//7654
f 2819//7655 2792//7655 2954//7655
f 2793//7656 2863//7656 2792//7656
f 3162//7657 3219//7657 2791//7657
f 2908//7658 3162//7658 2791//7658
f 2862//7659 2791//7659 3219//7659
f 3047//1175 2790//1175 3066//1175
f 2832//743 3066//743 2790//743
f 2845//7660 2789//7660 2872//7660
f 2978//7661 2788//7661 2980//7661
f 2980//7259 2788//7259 2964//7259
f 2805//3450 2788//3450 2978//3450
f 2917//3259 2787//3259 2918//3259
f 2803//7662 2918//7662 2787//7662
f 2942//7663 2786//7663 2943//7663
f 3009//7285 2785//7285 3022//7285
f 2798//7664 3022//7664 2785//7664
f 2797//7665 3007//7665 2784//7665
f 2972//7666 2783//7666 2974//7666
f 2866//7666 2974//7666 2783//7666
f 2909//7667 2938//7667 2782//7667
f 2823//1677 2782//1677 2938//1677
f 2936//7668 2781//7668 2937//7668
f 2908//7669 2780//7669 2967//7669
f 2864//7670 2967//7670 2780//7670
f 2779//7671 2792//7671 2819//7671
f 2966//4069 2988//4069 2778//4069
f 2821//7587 2778//7587 2988//7587
f 2862//7672 2863//7672 2777//7672
f 2935//7673 2966//7673 2776//7673
f 2778//7674 2776//7674 2966//7674
f 3005//7675 2775//7675 3089//7675
f 2987//7676 3089//7676 2775//7676
f 353//7677 354//7677 355//7677
f 2874//7678 2774//7678 2849//7678
f 356//7679 2849//7679 2774//7679
f 2831//7680 2872//7680 2773//7680
f 2773//7681 2872//7681 2789//7681
f 2874//7682 2946//7682 2772//7682
f 2774//7683 2874//7683 2772//7683
f 2807//7684 2771//7684 2945//7684
f 2806//7685 2945//7685 2771//7685
f 2981//7686 2770//7686 3012//7686
f 215//7687 3012//7687 2770//7687
f 2946//7688 2964//7688 2769//7688
f 2769//7689 2964//7689 2788//7689
f 2772//7690 2946//7690 2769//7690
f 2808//7691 2768//7691 2845//7691
f 2789//1983 2845//1983 2768//1983
f 2943//7692 2767//7692 2916//7692
f 2916//7693 2767//7693 2917//7693
f 2767//7694 2787//7694 2917//7694
f 2767//7695 2943//7695 2786//7695
f 3019//7696 3020//7696 2766//7696
f 2794//7697 2766//7697 3020//7697
f 3019//7698 2765//7698 3118//7698
f 2827//7699 3118//7699 2765//7699
f 2766//7696 2765//7696 3019//7696
f 2959//7700 2940//7700 2764//7700
f 2838//7701 2959//7701 2764//7701
f 2958//7702 2763//7702 2939//7702
f 2910//7703 2939//7703 2763//7703
f 2822//7704 2763//7704 2958//7704
f 2820//7705 2762//7705 2990//7705
f 2864//7706 2761//7706 2936//7706
f 2781//7707 2936//7707 2761//7707
f 2780//7708 2761//7708 2864//7708
f 2792//7709 2760//7709 2793//7709
f 2792//865 2779//865 2760//865
f 2969//7710 2990//7710 2759//7710
f 2837//7711 2969//7711 2759//7711
f 2762//7712 2759//7712 2990//7712
f 206//7713 2970//7713 2758//7713
f 218//7714 206//7714 2758//7714
f 2838//7715 2758//7715 2970//7715
f 2791//171 2862//171 2757//171
f 2777//7716 2757//7716 2862//7716
f 2934//7717 2935//7717 2756//7717
f 580//7718 2934//7718 2756//7718
f 2776//7719 2756//7719 2935//7719
f 2965//7720 2755//7720 375//7720
f 2814//7601 375//7601 2755//7601
f 2807//7721 2850//7721 2753//7721
f 2808//7722 356//7722 2752//7722
f 2774//161 2752//161 356//161
f 2981//7723 2963//7723 2751//7723
f 2809//3670 2750//3670 2962//3670
f 2801//7724 2962//7724 2750//7724
f 2770//7725 2981//7725 2749//7725
f 2751//7726 2749//7726 2981//7726
f 2844//7727 2979//7727 2748//7727
f 2961//7728 2747//7728 2979//7728
f 2870//7729 2747//7729 2961//7729
f 2748//7730 2979//7730 2747//7730
f 2915//7731 2746//7731 2942//7731
f 2869//7732 2746//7732 2915//7732
f 2786//7733 2942//7733 2746//7733
f 2913//6973 2914//6973 2745//6973
f 2801//7734 2745//7734 2914//7734
f 3008//7735 2744//7735 3009//7735
f 2785//7736 3009//7736 2744//7736
f 223//7737 200//7737 2743//7737
f 2795//7738 2743//7738 200//7738
f 2937//7739 2742//7739 2972//7739
f 2783//7740 2972//7740 2742//7740
f 2989//7741 2741//7741 2971//7741
f 2865//7742 2971//7742 2741//7742
f 2987//7743 339//7743 2968//7743
f 2791//7744 2740//7744 2908//7744
f 2780//7745 2908//7745 2740//7745
f 2757//171 2740//171 2791//171
f 2758//7746 217//7746 218//7746
f 2818//7747 2934//7747 347//7747
f 580//7748 347//7748 2934//7748
f 2817//4521 347//4521 580//4521
f 2834//7749 2999//7749 2739//7749
f 2815//7750 2739//7750 2999//7750
f 2985//7751 2738//7751 354//7751
f 355//4497 354//4497 2738//4497
f 2985//155 3088//155 2737//155
f 2833//7752 2737//7752 3088//7752
f 2738//7753 2985//7753 2737//7753
f 361//7754 213//7754 212//7754
f 3013//7755 2736//7755 3047//7755
f 2790//7756 3047//7756 2736//7756
f 214//3673 362//3673 581//3673
f 214//7757 215//7757 581//7757
f 2810//7758 581//7758 362//7758
f 2810//7759 214//7759 581//7759
f 579//7760 349//7760 2997//7760
f 3065//7761 2735//7761 3112//7761
f 2995//7762 3112//7762 2735//7762
f 579//7763 2735//7763 3065//7763
f 579//7764 2995//7764 2735//7764
f 2844//7765 2735//7765 579//7765
f 2768//7766 2808//7766 2734//7766
f 2752//7767 2734//7767 2808//7767
f 2802//4817 2803//4817 2733//4817
f 2787//5587 2733//5587 2803//5587
f 193//7768 2732//7768 3007//7768
f 2784//7769 3007//7769 2732//7769
f 3008//7770 3109//7770 2731//7770
f 2796//7771 2731//7771 3109//7771
f 2744//7772 3008//7772 2731//7772
f 2760//7773 2730//7773 2793//7773
f 2968//7774 2729//7774 2989//7774
f 2741//7775 2989//7775 2729//7775
f 339//7776 2729//7776 2968//7776
f 2793//7777 2728//7777 2863//7777
f 2777//7778 2863//7778 2728//7778
f 2730//163 2728//163 2793//163
f 2775//7779 352//7779 2987//7779
f 339//7780 2987//7780 352//7780
f 2736//7781 3013//7781 2727//7781
f 207//7782 351//7782 363//7782
f 207//7783 2982//7783 351//7783
f 350//7784 363//7784 351//7784
f 350//7785 351//7785 2982//7785
f 349//7786 579//7786 2726//7786
f 2735//7787 2726//7787 579//7787
f 2830//7788 2725//7788 2869//7788
f 2746//7789 2869//7789 2725//7789
f 2839//7790 2910//7790 2724//7790
f 2763//7791 2724//7791 2910//7791
f 2823//6756 2866//6756 2723//6756
f 2782//7792 2823//7792 2723//7792
f 2781//7793 2722//7793 2937//7793
f 2742//7794 2937//7794 2722//7794
f 357//7795 2865//7795 2721//7795
f 2741//7796 2721//7796 2865//7796
f 2837//2548 348//2548 208//2548
f 2759//7797 348//7797 2837//7797
f 2817//7798 580//7798 211//7798
f 2756//2828 211//2828 580//2828
f 347//7799 2817//7799 211//7799
f 2739//7800 2720//7800 2834//7800
f 2986//7801 2719//7801 2999//7801
f 2952//7802 2719//7802 2986//7802
f 2815//7803 2999//7803 2719//7803
f 2813//7804 2718//7804 2965//7804
f 2755//7805 2965//7805 2718//7805
f 2832//7806 345//7806 361//7806
f 212//2400 345//2400 361//2400
f 212//7807 213//7807 345//7807
f 2873//7808 2717//7808 2963//7808
f 2751//7809 2963//7809 2717//7809
f 2773//4176 2716//4176 2831//4176
f 2754//7810 2831//7810 2716//7810
f 2772//7811 2715//7811 2774//7811
f 2752//7812 2774//7812 2715//7812
f 2806//7813 2714//7813 2870//7813
f 2747//7814 2870//7814 2714//7814
f 2787//7662 2767//7662 2713//7662
f 2733//7815 2787//7815 2713//7815
f 2743//7816 2712//7816 223//7816
f 2722//7817 2781//7817 2711//7817
f 2757//7818 2777//7818 2710//7818
f 2740//7819 2757//7819 2710//7819
f 209//7820 198//7820 224//7820
f 217//2409 218//2409 346//2409
f 2953//3407 2709//3407 3005//3407
f 2836//7821 2709//7821 2953//7821
f 2775//7822 3005//7822 2709//7822
f 2834//7563 2708//7563 2835//7563
f 2720//7823 2708//7823 2834//7823
f 2948//7824 2707//7824 2983//7824
f 2948//623 2921//623 2707//623
f 2812//7825 2983//7825 2707//7825
f 2947//1352 2997//1352 2706//1352
f 349//1352 2706//1352 2997//1352
f 2809//4069 214//4069 2705//4069
f 2750//7826 2809//7826 2705//7826
f 2871//7827 215//7827 2704//7827
f 2871//7828 2704//7828 2873//7828
f 2717//7829 2873//7829 2704//7829
f 2788//7830 2805//7830 2703//7830
f 2804//7831 2702//7831 2805//7831
f 2703//7832 2805//7832 2702//7832
f 2802//2527 2701//2527 2804//2527
f 2702//7833 2804//7833 2701//7833
f 210//7834 2700//7834 193//7834
f 2732//7835 193//7835 2700//7835
f 2822//7836 2909//7836 2699//7836
f 2782//7837 2699//7837 2909//7837
f 2764//7838 2698//7838 2838//7838
f 2758//7839 2838//7839 2698//7839
f 223//7840 358//7840 221//7840
f 2761//7841 2697//7841 2781//7841
f 2711//7842 2781//7842 2697//7842
f 211//7843 2696//7843 347//7843
f 2950//7844 2695//7844 2951//7844
f 2949//7845 2695//7845 2950//7845
f 345//7846 212//7846 216//7846
f 2790//7847 2694//7847 2832//7847
f 345//7848 2832//7848 2694//7848
f 2734//7849 2752//7849 2693//7849
f 2692//7850 2769//7850 2691//7850
f 2788//7851 2690//7851 2769//7851
f 2690//7852 2788//7852 2703//7852
f 2691//7853 2769//7853 2690//7853
f 2750//7854 2689//7854 2801//7854
f 2745//7855 2801//7855 2689//7855
f 2912//7856 2913//7856 2688//7856
f 2745//7857 2688//7857 2913//7857
f 2839//7858 2687//7858 2825//7858
f 2724//7859 2687//7859 2839//7859
f 2940//7860 2941//7860 2686//7860
f 2764//7861 2940//7861 2686//7861
f 2699//7862 2685//7862 2822//7862
f 223//7863 222//7863 358//7863
f 221//4063 358//4063 222//4063
f 2697//7864 2761//7864 2684//7864
f 2728//7865 2730//7865 2683//7865
f 2684//7866 2761//7866 2682//7866
f 2761//7867 2780//7867 2681//7867
f 2740//7868 2681//7868 2780//7868
f 2710//7869 2681//7869 2740//7869
f 2682//7870 2761//7870 2681//7870
f 2778//7871 2821//7871 582//7871
f 2818//7872 2680//7872 2819//7872
f 2779//7873 2819//7873 2680//7873
f 2756//7719 2776//7719 2679//7719
f 218//7511 209//7511 219//7511
f 217//7874 218//7874 219//7874
f 224//7875 219//7875 209//7875
f 346//7876 218//7876 219//7876
f 346//7877 219//7877 217//7877
f 2855//7878 2677//7878 2952//7878
f 2719//7879 2952//7879 2677//7879
f 2813//7880 2951//7880 2676//7880
f 2695//7881 2676//7881 2951//7881
f 213//7882 2675//7882 2949//7882
f 2695//7883 2949//7883 2675//7883
f 2675//7884 213//7884 343//7884
f 2769//7885 2674//7885 2772//7885
f 2715//7886 2772//7886 2674//7886
f 2692//7887 2674//7887 2769//7887
f 2771//7888 2673//7888 2806//7888
f 2714//7889 2806//7889 2673//7889
f 578//7890 2672//7890 210//7890
f 2733//7891 2671//7891 2802//7891
f 2701//7892 2802//7892 2671//7892
f 2746//7893 2670//7893 2786//7893
f 2670//7894 2746//7894 2669//7894
f 2911//7895 2668//7895 2941//7895
f 2668//7513 2686//7513 2941//7513
f 2763//7896 2822//7896 2667//7896
f 2667//7897 2822//7897 2685//7897
f 2723//7898 2666//7898 2782//7898
f 2699//7899 2782//7899 2666//7899
f 2665//7900 2779//7900 2680//7900
f 2776//7901 2778//7901 2664//7901
f 582//7902 2664//7902 2778//7902
f 2664//4437 2679//4437 2776//4437
f 2835//7903 2663//7903 2816//7903
f 2708//7904 2663//7904 2835//7904
f 2720//4521 2739//4521 2662//4521
f 2737//7905 2833//7905 2661//7905
f 2718//7906 2813//7906 2660//7906
f 2881//623 2882//623 2659//623
f 2812//7907 2659//7907 2882//7907
f 2707//7908 2659//7908 2812//7908
f 2848//7909 344//7909 214//7909
f 581//7910 215//7910 344//7910
f 581//7911 344//7911 214//7911
f 2704//7912 215//7912 344//7912
f 2753//7913 2658//7913 2807//7913
f 2771//7914 2807//7914 2657//7914
f 2657//7915 2673//7915 2771//7915
f 2658//7916 2657//7916 2807//7916
f 2748//7917 2656//7917 2844//7917
f 2735//7918 2844//7918 2656//7918
f 2725//7919 2655//7919 2746//7919
f 2669//7920 2746//7920 2655//7920
f 2725//7921 2830//7921 2654//7921
f 2655//7922 2725//7922 2654//7922
f 2868//7923 2912//7923 2653//7923
f 2688//7924 2653//7924 2912//7924
f 2825//7925 2652//7925 2826//7925
f 2687//7926 2652//7926 2825//7926
f 2824//7927 2651//7927 2840//7927
f 2698//7928 2764//7928 2650//7928
f 2686//7929 2650//7929 2764//7929
f 2651//7930 2824//7930 2649//7930
f 2712//7931 336//7931 223//7931
f 221//7932 223//7932 336//7932
f 222//7933 223//7933 336//7933
f 2760//7934 2779//7934 2648//7934
f 2665//1028 2648//1028 2779//1028
f 2762//7935 2820//7935 2647//7935
f 346//7936 217//7936 225//7936
f 353//7937 2645//7937 2855//7937
f 2677//7938 2855//7938 2645//7938
f 2737//7939 2644//7939 2738//7939
f 2921//623 2922//623 2643//623
f 2707//623 2921//623 2643//623
f 216//7940 212//7940 228//7940
f 216//7941 228//7941 345//7941
f 2694//7942 228//7942 345//7942
f 343//7943 345//7943 228//7943
f 2878//623 2881//623 2642//623
f 2659//623 2642//623 2881//623
f 2705//7944 214//7944 2640//7944
f 2715//7945 2639//7945 2752//7945
f 2693//7946 2752//7946 2639//7946
f 2749//7947 2638//7947 2770//7947
f 2713//7948 2637//7948 2733//7948
f 2671//7949 2733//7949 2637//7949
f 2800//7950 2636//7950 578//7950
f 2672//7951 578//7951 2636//7951
f 2689//7855 2635//7855 2745//7855
f 2688//7952 2745//7952 2635//7952
f 2829//7953 2634//7953 2800//7953
f 2636//7954 2800//7954 2634//7954
f 2799//7955 2633//7955 2830//7955
f 2654//7956 2830//7956 2633//7956
f 2798//7957 2632//7957 2799//7957
f 2633//7958 2799//7958 2632//7958
f 2841//7959 2842//7959 2631//7959
f 2842//7960 2827//7960 2631//7960
f 2795//7961 2841//7961 2630//7961
f 2631//7959 2630//7959 2841//7959
f 2794//7962 2826//7962 2629//7962
f 2629//7963 2826//7963 2652//7963
f 2867//7964 2628//7964 2911//7964
f 2668//7965 2911//7965 2628//7965
f 2724//7966 2763//7966 2627//7966
f 2687//7967 2724//7967 2627//7967
f 2667//7968 2627//7968 2763//7968
f 2840//7969 2626//7969 2867//7969
f 2626//7969 2840//7969 2651//7969
f 2628//7970 2867//7970 2626//7970
f 2759//7971 2762//7971 2625//7971
f 2625//7972 2762//7972 2647//7972
f 348//1104 2759//1104 2624//1104
f 2625//2303 2624//2303 2759//2303
f 2728//7973 2623//7973 2777//7973
f 2710//7974 2777//7974 2623//7974
f 2683//7975 2623//7975 2728//7975
f 217//7976 2758//7976 342//7976
f 346//7977 342//7977 217//7977
f 2698//7978 342//7978 2758//7978
f 342//7979 346//7979 225//7979
f 211//2828 2756//2828 2622//2828
f 2679//2828 2622//2828 2756//2828
f 2709//7980 2836//7980 2621//7980
f 2620//7981 2678//7981 2646//7981
f 2902//7982 2857//7982 2619//7982
f 2901//623 2902//623 2618//623
f 2619//623 2618//623 2902//623
f 2900//623 2901//623 2617//623
f 2618//623 2617//623 2901//623
f 2662//7983 337//7983 2720//7983
f 2932//623 2933//623 2616//623
f 2898//623 2616//623 2933//623
f 2616//623 2615//623 2932//623
f 2931//7984 2932//7984 2614//7984
f 2615//7985 2614//7985 2932//7985
f 2930//7986 2931//7986 2613//7986
f 2614//7987 2613//7987 2931//7987
f 2928//7988 2930//7988 2612//7988
f 2612//7989 2930//7989 2613//7989
f 2928//425 2611//425 2929//425
f 2612//7990 2611//7990 2928//7990
f 2896//425 2610//425 2897//425
f 2896//6068 2929//6068 2609//6068
f 2609//6068 2929//6068 2611//6068
f 2610//425 2896//425 2609//425
f 2833//7991 2854//7991 2608//7991
f 2814//3739 2608//3739 2854//3739
f 2661//7992 2833//7992 2608//7992
f 2883//184 2884//184 2607//184
f 2883//7993 2606//7993 2927//7993
f 2607//184 2606//184 2883//184
f 2926//184 2927//184 2605//184
f 2606//7993 2605//7993 2927//7993
f 2925//7994 2926//7994 2604//7994
f 2605//7995 2604//7995 2926//7995
f 2924//7996 2925//7996 2603//7996
f 2604//7997 2603//7997 2925//7997
f 2603//7998 2602//7998 2924//7998
f 2923//7999 2924//7999 2601//7999
f 2602//7999 2601//7999 2924//7999
f 2922//623 2923//623 2600//623
f 2600//623 2643//623 2922//623
f 2601//623 2600//623 2923//623
f 216//8000 323//8000 212//8000
f 228//4576 212//4576 323//4576
f 228//8001 216//8001 323//8001
f 228//8002 2694//8002 2599//8002
f 2736//8003 2598//8003 2790//8003
f 2694//8004 2790//8004 2598//8004
f 2599//8005 2694//8005 2598//8005
f 2642//623 2596//623 2878//623
f 2811//8006 2947//8006 2595//8006
f 2706//8007 2595//8007 2947//8007
f 2716//8008 2594//8008 2754//8008
f 2641//8009 2754//8009 2594//8009
f 2705//8010 2593//8010 2750//8010
f 2689//8011 2750//8011 2593//8011
f 2640//2689 2593//2689 2705//2689
f 2674//8012 2592//8012 2715//8012
f 2639//8013 2715//8013 2592//8013
f 2749//8014 2751//8014 2591//8014
f 2638//8015 2749//8015 2591//8015
f 2700//8016 210//8016 2590//8016
f 2672//8017 2590//8017 210//8017
f 2589//8018 2637//8018 2713//8018
f 2829//8019 2843//8019 2588//8019
f 2634//8020 2829//8020 2588//8020
f 2868//8021 2587//8021 2843//8021
f 2653//8022 2587//8022 2868//8022
f 2588//8019 2843//8019 2587//8019
f 2785//8023 2586//8023 2798//8023
f 2632//8024 2798//8024 2586//8024
f 2828//8025 2797//8025 2585//8025
f 2828//8026 2584//8026 2796//8026
f 2584//8027 2828//8027 2585//8027
f 2730//8028 2760//8028 2583//8028
f 2648//8029 2583//8029 2760//8029
f 582//8030 2721//8030 341//8030
f 2681//8031 2710//8031 2582//8031
f 2623//8032 2582//8032 2710//8032
f 2729//8033 339//8033 2581//8033
f 352//8034 2775//8034 338//8034
f 2906//7161 2907//7161 2580//7161
f 2904//8035 2906//8035 2578//8035
f 2580//7161 2578//7161 2906//7161
f 2903//8036 2577//8036 2905//8036
f 2903//8037 2904//8037 2576//8037
f 2578//8035 2576//8035 2904//8035
f 2576//8038 2577//8038 2903//8038
f 2696//8039 2575//8039 347//8039
f 2708//8040 2720//8040 2574//8040
f 337//8041 2574//8041 2720//8041
f 2895//4063 2897//4063 2573//4063
f 2610//4063 2573//4063 2897//4063
f 2895//8042 2572//8042 2894//8042
f 2572//8042 2895//8042 2573//8042
f 2893//4063 2894//4063 2571//4063
f 2893//4084 2571//4084 364//4084
f 2572//4063 2571//4063 2894//4063
f 2892//623 364//623 2570//623
f 2571//8043 2570//8043 364//8043
f 2891//623 2892//623 2569//623
f 2890//623 2891//623 2569//623
f 2570//623 2569//623 2892//623
f 2889//623 2890//623 2568//623
f 2569//623 2568//623 2890//623
f 2888//8044 2889//8044 2567//8044
f 2568//623 2567//623 2889//623
f 2887//8045 2888//8045 2566//8045
f 2886//8046 2887//8046 2566//8046
f 2567//8047 2566//8047 2888//8047
f 2885//8048 2886//8048 2565//8048
f 2566//4000 2565//4000 2886//4000
f 2884//4000 2885//4000 2564//4000
f 2607//4000 2884//4000 2564//4000
f 2565//8048 2564//8048 2885//8048
f 323//8049 216//8049 340//8049
f 323//8050 216//8050 322//8050
f 340//8051 216//8051 322//8051
f 340//543 322//543 323//543
f 2879//8052 2563//8052 2880//8052
f 2877//8053 2880//8053 2562//8053
f 2562//8053 2880//8053 2563//8053
f 2876//3197 2561//3197 2879//3197
f 2563//8054 2879//8054 2561//8054
f 2875//8055 2877//8055 2559//8055
f 2562//8055 2559//8055 2877//8055
f 2726//8056 329//8056 349//8056
f 2726//8057 2735//8057 329//8057
f 2706//8058 349//8058 329//8058
f 2717//8059 2558//8059 2751//8059
f 2591//8060 2751//8060 2558//8060
f 2768//8061 2557//8061 2789//8061
f 2786//8062 2556//8062 2767//8062
f 2713//8063 2767//8063 2556//8063
f 2670//8064 2556//8064 2786//8064
f 2589//8065 2713//8065 2556//8065
f 2585//8066 2797//8066 2555//8066
f 2743//8067 2795//8067 2554//8067
f 2630//8068 2554//8068 2795//8068
f 2722//8069 2553//8069 2742//8069
f 2711//8070 2552//8070 2722//8070
f 2553//3083 2722//3083 2552//3083
f 2820//8071 218//8071 220//8071
f 219//8072 218//8072 220//8072
f 2647//8073 2820//8073 220//8073
f 225//8074 220//8074 217//8074
f 2861//8075 218//8075 2551//8075
f 219//8076 2551//8076 218//8076
f 2907//8077 2861//8077 2550//8077
f 2550//8077 2580//8077 2907//8077
f 2551//8078 2550//8078 2861//8078
f 2549//8079 2579//8079 2620//8079
f 2619//8080 2857//8080 2548//8080
f 2905//8081 2547//8081 2856//8081
f 2547//8082 2905//8082 2577//8082
f 2816//8083 2546//8083 2836//8083
f 2663//8084 2546//8084 2816//8084
f 2621//8085 2836//8085 2546//8085
f 2755//8086 2545//8086 2814//8086
f 2608//3739 2814//3739 2545//3739
f 2676//8087 2544//8087 2813//8087
f 2660//8088 2813//8088 2544//8088
f 2543//8089 2560//8089 2597//8089
f 2853//8090 2542//8090 2876//8090
f 2561//8091 2876//8091 2542//8091
f 2852//8092 2878//8092 2541//8092
f 2846//8093 2852//8093 2541//8093
f 2596//8094 2541//8094 2878//8094
f 2560//8095 2540//8095 2597//8095
f 2848//8096 2875//8096 2539//8096
f 344//8097 2848//8097 2539//8097
f 2559//8096 2539//8096 2875//8096
f 214//8098 215//8098 2538//8098
f 2770//8099 2538//8099 215//8099
f 2640//8100 214//8100 2538//8100
f 2673//8101 2537//8101 2714//8101
f 2789//8102 2536//8102 2773//8102
f 2536//8103 2789//8103 2557//8103
f 2783//8104 2535//8104 2866//8104
f 2742//8105 2534//8105 2783//8105
f 2553//8106 2534//8106 2742//8106
f 2535//8107 2783//8107 2534//8107
f 2697//8108 2533//8108 2711//8108
f 2552//8109 2711//8109 2533//8109
f 2666//8110 584//8110 2699//8110
f 2721//8111 2741//8111 2532//8111
f 341//8112 2721//8112 2532//8112
f 2581//8113 339//8113 227//8113
f 2859//8114 2860//8114 2531//8114
f 2857//8115 2859//8115 2530//8115
f 2548//8116 2857//8116 2530//8116
f 2531//8114 2530//8114 2859//8114
f 2858//8117 2529//8117 2860//8117
f 2529//8118 2531//8118 2860//8118
f 2856//8119 2527//8119 2858//8119
f 2547//8120 2527//8120 2856//8120
f 2529//8121 2858//8121 2527//8121
f 2663//8122 2708//8122 2526//8122
f 2574//8123 2526//8123 2708//8123
f 2739//8124 2815//8124 2525//8124
f 2719//8125 2525//8125 2815//8125
f 337//8126 2662//8126 333//8126
f 2898//623 2899//623 2524//623
f 2616//623 2898//623 2524//623
f 2851//8127 2523//8127 2853//8127
f 2542//8128 2853//8128 2523//8128
f 2847//8129 2522//8129 2851//8129
f 2523//8130 2851//8130 2522//8130
f 2846//8131 2521//8131 2847//8131
f 2522//8132 2847//8132 2521//8132
f 2541//8133 2520//8133 2846//8133
f 2521//8131 2846//8131 2520//8131
f 2714//4449 2519//4449 2747//4449
f 2537//4063 2519//4063 2714//4063
f 2734//8134 2518//8134 2768//8134
f 2557//8135 2768//8135 2518//8135
f 2690//8136 2517//8136 2691//8136
f 2703//8137 2516//8137 2690//8137
f 2517//8138 2690//8138 2516//8138
f 2702//8139 2515//8139 2703//8139
f 2516//8140 2703//8140 2515//8140
f 2784//8141 2514//8141 2797//8141
f 2555//8142 2797//8142 2514//8142
f 2766//8143 2794//8143 2513//8143
f 2629//8144 2513//8144 2794//8144
f 2765//8145 2512//8145 2827//8145
f 2712//8146 2743//8146 2511//8146
f 2554//8147 2511//8147 2743//8147
f 2685//8148 2699//8148 2510//8148
f 2510//8149 2699//8149 584//8149
f 2684//8150 2509//8150 2697//8150
f 2533//8151 2697//8151 2509//8151
f 2683//8152 2730//8152 2508//8152
f 2583//8153 2508//8153 2730//8153
f 336//2409 223//2409 226//2409
f 2582//506 2507//506 2681//506
f 2624//8154 2506//8154 348//8154
f 2679//8155 2664//8155 2505//8155
f 2622//8156 2679//8156 2505//8156
f 2622//8157 2503//8157 211//8157
f 2646//8158 2502//8158 2620//8158
f 2549//8159 2620//8159 2502//8159
f 2620//8160 2501//8160 2678//8160
f 2579//8161 2501//8161 2620//8161
f 2528//8162 2501//8162 2579//8162
f 2696//8163 211//8163 2500//8163
f 2500//8164 2526//8164 2574//8164
f 2503//2981 2500//2981 211//2981
f 2575//8165 2696//8165 2499//8165
f 2574//8166 337//8166 331//8166
f 331//8167 337//8167 333//8167
f 2662//8168 2739//8168 2498//8168
f 2498//8169 2739//8169 2525//8169
f 2677//8170 2497//8170 2719//8170
f 2525//8171 2719//8171 2497//8171
f 2644//8172 2496//8172 2738//8172
f 2544//8173 2676//8173 2495//8173
f 335//7086 340//7086 327//7086
f 2598//8174 2494//8174 2599//8174
f 2595//8175 2493//8175 2811//8175
f 2560//8176 2543//8176 2492//8176
f 2539//8177 2489//8177 344//8177
f 2558//8178 2717//8178 2487//8178
f 2656//8179 2486//8179 2735//8179
f 329//8180 2735//8180 2486//8180
f 2486//8181 2656//8181 2485//8181
f 2701//8182 2484//8182 2702//8182
f 2515//8183 2702//8183 2484//8183
f 2671//1578 2483//1578 2701//1578
f 2484//8182 2701//8182 2483//8182
f 2731//8184 2796//8184 2482//8184
f 2744//8185 2481//8185 2785//8185
f 2586//8186 2785//8186 2481//8186
f 2510//8187 2480//8187 2685//8187
f 2535//8188 2479//8188 2866//8188
f 223//8189 2478//8189 2824//8189
f 2649//8190 2824//8190 2478//8190
f 226//2409 2478//2409 223//2409
f 2682//8191 2477//8191 2684//8191
f 2509//8192 2684//8192 2477//8192
f 2650//8193 2476//8193 2698//8193
f 342//8194 2698//8194 2476//8194
f 2664//8195 582//8195 2475//8195
f 341//8196 2475//8196 582//8196
f 2505//8197 2664//8197 2475//8197
f 347//8198 317//8198 2818//8198
f 2500//8199 334//8199 2696//8199
f 2500//4521 2574//4521 334//4521
f 2499//8200 2696//8200 334//8200
f 331//8201 334//8201 2574//8201
f 331//8202 2499//8202 334//8202
f 2899//623 2900//623 2474//623
f 2617//623 2474//623 2900//623
f 2524//623 2899//623 2474//623
f 2645//8203 2473//8203 2677//8203
f 2497//8204 2677//8204 2473//8204
f 355//8205 309//8205 353//8205
f 2645//8206 353//8206 309//8206
f 327//72 335//72 325//72
f 2599//8207 2472//8207 228//8207
f 2494//8208 2472//8208 2599//8208
f 2727//8209 2471//8209 2736//8209
f 2598//8210 2736//8210 2471//8210
f 2494//7983 2598//7983 2471//7983
f 2491//8211 2471//8211 2727//8211
f 2540//8212 2470//8212 2597//8212
f 2488//8213 2470//8213 2540//8213
f 2657//8214 2658//8214 2469//8214
f 2716//8215 2773//8215 2468//8215
f 2594//3777 2716//3777 2468//3777
f 2536//8216 2468//8216 2773//8216
f 2639//8217 2467//8217 2693//8217
f 2592//8218 2674//8218 2466//8218
f 2635//8219 2689//8219 2465//8219
f 2593//8220 2465//8220 2689//8220
f 2691//8221 2464//8221 2692//8221
f 2517//8222 2464//8222 2691//8222
f 2669//8223 2462//8223 2670//8223
f 2655//8224 2462//8224 2669//8224
f 2463//8223 2670//8223 2462//8223
f 2627//8225 2667//8225 2461//8225
f 2685//8226 2460//8226 2667//8226
f 2460//8227 2685//8227 2480//8227
f 2461//8228 2667//8228 2460//8228
f 584//8229 314//8229 2510//8229
f 2681//8230 2459//8230 2682//8230
f 2507//8231 2459//8231 2681//8231
f 2477//8232 2682//8232 2459//8232
f 2623//8233 2683//8233 2458//8233
f 2506//8234 2457//8234 348//8234
f 2457//3169 2456//3169 348//3169
f 224//8235 348//8235 2455//8235
f 219//8236 224//8236 2455//8236
f 2551//8237 219//8237 2455//8237
f 2456//8238 2455//8238 348//8238
f 2709//8239 2454//8239 2775//8239
f 2621//8240 2454//8240 2709//8240
f 338//8241 2775//8241 2454//8241
f 2575//8242 315//8242 347//8242
f 317//8243 347//8243 315//8243
f 2646//8244 2678//8244 2453//8244
f 2498//6404 2452//6404 2662//6404
f 333//8245 332//8245 331//8245
f 331//8246 332//8246 2499//8246
f 2738//8247 2451//8247 355//8247
f 2496//8248 2451//8248 2738//8248
f 309//8249 355//8249 2451//8249
f 2545//8250 2755//8250 2450//8250
f 2327//8251 583//8251 2490//8251
f 2704//8252 2448//8252 2717//8252
f 344//8253 2448//8253 2704//8253
f 2489//8254 2448//8254 344//8254
f 329//8255 349//8255 330//8255
f 2674//8256 2692//8256 2445//8256
f 2466//8257 2674//8257 2445//8257
f 2445//8258 2692//8258 2464//8258
f 2556//8259 2670//8259 2444//8259
f 2444//8260 2670//8260 2463//8260
f 2637//8261 2443//8261 2671//8261
f 2483//1578 2671//1578 2443//1578
f 2732//8262 2442//8262 2784//8262
f 2514//8262 2784//8262 2442//8262
f 2654//8263 2441//8263 2655//8263
f 2462//8264 2655//8264 2441//8264
f 336//8265 2712//8265 2440//8265
f 2511//8146 2440//8146 2712//8146
f 2723//8266 2866//8266 2439//8266
f 2479//8267 2439//8267 2866//8267
f 2504//8268 2549//8268 2436//8268
f 2502//8269 2436//8269 2549//8269
f 2546//593 2663//593 2435//593
f 2526//8270 2435//8270 2663//8270
f 2502//8271 2646//8271 2434//8271
f 2453//8272 2434//8272 2646//8272
f 2473//8273 2645//8273 328//8273
f 309//8274 328//8274 2645//8274
f 228//8275 2433//8275 343//8275
f 329//8276 2432//8276 2706//8276
f 330//8277 2432//8277 329//8277
f 2487//8278 2717//8278 2431//8278
f 2448//8279 2430//8279 2717//8279
f 2431//8280 2717//8280 2430//8280
f 2673//8281 2657//8281 2428//8281
f 2537//8282 2673//8282 2428//8282
f 2693//8283 2427//8283 2734//8283
f 2518//8284 2734//8284 2427//8284
f 2467//8285 2427//8285 2693//8285
f 2633//8286 2426//8286 2654//8286
f 2441//8287 2654//8287 2426//8287
f 2765//8288 2766//8288 2425//8288
f 2513//8289 2425//8289 2766//8289
f 2512//8290 2765//8290 2425//8290
f 2461//8291 2424//8291 2627//8291
f 2582//8292 2623//8292 2423//8292
f 2507//8293 2582//8293 2423//8293
f 2458//1677 2423//1677 2623//1677
f 227//8294 2422//8294 2581//8294
f 2438//8295 2581//8295 2422//8295
f 2647//8296 2421//8296 2625//8296
f 225//8297 342//8297 2420//8297
f 220//8298 225//8298 2420//8298
f 2476//8299 2420//8299 342//8299
f 220//8300 2419//8300 2647//8300
f 2421//8301 2647//8301 2419//8301
f 2505//189 2418//189 2622//189
f 2503//8302 2622//8302 2418//8302
f 315//8303 2417//8303 317//8303
f 2526//8304 2500//8304 2416//8304
f 2500//8305 2503//8305 2416//8305
f 2416//8306 2435//8306 2526//8306
f 334//8307 2415//8307 331//8307
f 334//8308 331//8308 2414//8308
f 2415//8309 2414//8309 331//8309
f 2415//5325 334//5325 2414//5325
f 2718//8310 2413//8310 2755//8310
f 2660//8311 2413//8311 2718//8311
f 2450//8312 2755//8312 2413//8312
f 343//8313 2412//8313 2675//8313
f 2411//8314 343//8314 2433//8314
f 2412//8315 343//8315 2411//8315
f 2659//623 2707//623 2410//623
f 2643//623 2410//623 2707//623
f 2642//623 2659//623 2410//623
f 2433//8316 228//8316 2409//8316
f 2543//8317 2597//8317 2408//8317
f 2471//7983 2407//7983 2494//7983
f 2491//8318 350//8318 321//8318
f 2486//8319 2406//8319 329//8319
f 330//8320 329//8320 2406//8320
f 2638//8321 2405//8321 2770//8321
f 2538//8322 2770//8322 2405//8322
f 2593//8323 2640//8323 2404//8323
f 2538//8324 2404//8324 2640//8324
f 2465//8325 2593//8325 2404//8325
f 2591//8326 2403//8326 2638//8326
f 2405//3099 2638//3099 2403//3099
f 2592//8327 2402//8327 2639//8327
f 2467//8328 2639//8328 2402//8328
f 2466//8329 2402//8329 2592//8329
f 2747//8330 2401//8330 2748//8330
f 2656//8331 2748//8331 2401//8331
f 2519//8332 2401//8332 2747//8332
f 2485//8333 2656//8333 2401//8333
f 2519//8334 2485//8334 2401//8334
f 2444//8335 2400//8335 2556//8335
f 2636//8336 2399//8336 2672//8336
f 2590//8337 2672//8337 2399//8337
f 2446//8338 2590//8338 2399//8338
f 2637//8339 2589//8339 2398//8339
f 2443//8261 2637//8261 2398//8261
f 2731//8340 2397//8340 2744//8340
f 2482//8341 2397//8341 2731//8341
f 2481//8342 2744//8342 2397//8342
f 2652//8343 2687//8343 2396//8343
f 2627//8344 2396//8344 2687//8344
f 2424//8345 2396//8345 2627//8345
f 2476//8346 2650//8346 2395//8346
f 2508//8347 2394//8347 2683//8347
f 2458//8348 2683//8348 2394//8348
f 2421//8349 2393//8349 2625//8349
f 2532//8350 2392//8350 341//8350
f 2475//8351 341//8351 2392//8351
f 2475//8352 2391//8352 2505//8352
f 2418//8353 2505//8353 2391//8353
f 2504//8354 2390//8354 2549//8354
f 2579//8355 2549//8355 2389//8355
f 2390//8356 2389//8356 2549//8356
f 315//8357 2575//8357 2388//8357
f 332//8358 333//8358 2387//8358
f 2661//8359 2386//8359 2737//8359
f 2644//8360 2737//8360 2386//8360
f 2495//3447 2385//3447 2544//3447
f 2675//8361 2384//8361 2695//8361
f 2412//8362 2384//8362 2675//8362
f 327//5304 326//5304 335//5304
f 325//8363 335//8363 326//8363
f 325//8364 326//8364 327//8364
f 326//8365 327//8365 2383//8365
f 2470//8366 2488//8366 2382//8366
f 2447//8367 2382//8367 2488//8367
f 2558//8368 2380//8368 2591//8368
f 2403//8369 2591//8369 2380//8369
f 2519//8370 2379//8370 2485//8370
f 2465//8371 2378//8371 2635//8371
f 2634//8372 2377//8372 2636//8372
f 2700//8373 2376//8373 2732//8373
f 2442//8373 2732//8373 2376//8373
f 2632//8374 2375//8374 2633//8374
f 2426//8375 2633//8375 2375//8375
f 2652//8376 2374//8376 2629//8376
f 2396//8377 2374//8377 2652//8377
f 2666//8378 2723//8378 2373//8378
f 2439//8379 2373//8379 2723//8379
f 2533//8380 2372//8380 2552//8380
f 226//8381 336//8381 2371//8381
f 2440//8382 2371//8382 336//8382
f 2649//8383 2370//8383 2651//8383
f 2478//8384 2370//8384 2649//8384
f 2478//8385 226//8385 2368//8385
f 2438//8386 2367//8386 2532//8386
f 2366//8387 2392//8387 2532//8387
f 2367//8388 2366//8388 2532//8388
f 2437//8389 2365//8389 2504//8389
f 2365//8390 2390//8390 2504//8390
f 2368//8391 2365//8391 2437//8391
f 227//8392 338//8392 229//8392
f 2528//8393 2579//8393 2364//8393
f 2389//8394 2364//8394 2579//8394
f 2437//8395 2504//8395 2363//8395
f 2436//8396 2363//8396 2504//8396
f 333//8397 2662//8397 2362//8397
f 2452//8398 2362//8398 2662//8398
f 2362//8399 2387//8399 333//8399
f 2608//8400 2361//8400 2661//8400
f 2386//8401 2661//8401 2361//8401
f 2676//8402 2695//8402 305//8402
f 2495//8403 2676//8403 305//8403
f 230//8404 2695//8404 2384//8404
f 305//8405 2695//8405 230//8405
f 2409//8406 228//8406 324//8406
f 2468//740 2360//740 2594//740
f 2485//8407 2359//8407 2486//8407
f 2359//8408 2485//8408 2379//8408
f 2379//8409 2519//8409 2358//8409
f 2519//4063 2537//4063 2357//4063
f 2428//8410 2357//8410 2537//8410
f 2358//425 2519//425 2357//425
f 2586//8024 2356//8024 2632//8024
f 2375//7572 2632//7572 2356//7572
f 2552//8411 2355//8411 2553//8411
f 2372//8412 2355//8412 2552//8412
f 2686//8413 2668//8413 2354//8413
f 2650//8414 2686//8414 2354//8414
f 2395//8415 2650//8415 2354//8415
f 2624//8416 2625//8416 2353//8416
f 2393//8417 2353//8417 2625//8417
f 2729//8418 2352//8418 2741//8418
f 2581//8419 2352//8419 2729//8419
f 2532//8420 2741//8420 2352//8420
f 2438//8421 2352//8421 2581//8421
f 2438//3766 2532//3766 2352//3766
f 2680//8422 2818//8422 2351//8422
f 2368//4572 2437//4572 2350//4572
f 2454//4440 2621//4440 2349//4440
f 2544//8423 2348//8423 2660//8423
f 2413//8424 2660//8424 2348//8424
f 2596//623 2642//623 2347//623
f 2410//623 2347//623 2642//623
f 321//8425 583//8425 2490//8425
f 2429//8426 2346//8426 2447//8426
f 2382//8427 2447//8427 2346//8427
f 2488//8428 2540//8428 2345//8428
f 2469//8429 2344//8429 2657//8429
f 2428//8430 2657//8430 2344//8430
f 2487//7433 2343//7433 2558//7433
f 2380//8431 2558//8431 2343//8431
f 2653//8432 2688//8432 2342//8432
f 2635//8433 2342//8433 2688//8433
f 2378//8434 2342//8434 2635//8434
f 2515//8435 2341//8435 2516//8435
f 2513//8436 2629//8436 2340//8436
f 2374//8437 2340//8437 2629//8437
f 2439//8438 2479//8438 2339//8438
f 2534//8439 2553//8439 2338//8439
f 2338//8440 2553//8440 2355//8440
f 2509//8441 2337//8441 2533//8441
f 2372//8442 2533//8442 2337//8442
f 314//8443 584//8443 320//8443
f 2369//8444 320//8444 314//8444
f 2370//8445 2478//8445 2336//8445
f 2368//8446 2336//8446 2478//8446
f 2336//8447 2368//8447 2350//8447
f 2680//8448 2335//8448 2665//8448
f 2335//8449 2680//8449 2351//8449
f 317//8450 2334//8450 2818//8450
f 2351//8451 2818//8451 2334//8451
f 2391//8452 2333//8452 2418//8452
f 2418//8453 2331//8453 2503//8453
f 2416//8454 2503//8454 2331//8454
f 2524//623 2330//623 2616//623
f 2600//623 2601//623 2329//623
f 326//8455 2328//8455 325//8455
f 322//8456 323//8456 319//8456
f 324//8457 319//8457 323//8457
f 324//8458 322//8458 319//8458
f 2471//8459 2491//8459 2327//8459
f 2407//8460 2471//8460 2327//8460
f 321//707 2327//707 2491//707
f 2327//8461 321//8461 583//8461
f 2595//8462 2706//8462 2326//8462
f 2493//8463 2595//8463 2326//8463
f 2432//8464 2326//8464 2706//8464
f 2540//8465 2560//8465 2324//8465
f 2324//8466 2345//8466 2540//8466
f 2594//8467 2323//8467 2641//8467
f 2381//8468 2641//8468 2323//8468
f 2360//8469 2323//8469 2594//8469
f 2325//8470 2381//8470 2323//8470
f 2447//8471 2488//8471 2322//8471
f 2345//8472 2322//8472 2488//8472
f 2321//429 2344//429 2469//429
f 2406//8473 2486//8473 2320//8473
f 2590//8474 2319//8474 2700//8474
f 2376//8475 2700//8475 2319//8475
f 2516//8476 2318//8476 2517//8476
f 2318//8477 2516//8477 2341//8477
f 2556//8478 2317//8478 2589//8478
f 2398//8479 2589//8479 2317//8479
f 2484//8480 2316//8480 2515//8480
f 2341//8481 2515//8481 2316//8481
f 2481//4937 2315//4937 2586//4937
f 2356//8482 2586//8482 2315//8482
f 2479//8483 2535//8483 2314//8483
f 2339//1518 2479//1518 2314//1518
f 2534//8484 2313//8484 2535//8484
f 2338//8439 2313//8439 2534//8439
f 2314//8485 2535//8485 2313//8485
f 2648//8486 2665//8486 2312//8486
f 2335//8487 2312//8487 2665//8487
f 2423//8488 2311//8488 2507//8488
f 2420//8489 2310//8489 220//8489
f 2419//8490 220//8490 2310//8490
f 2364//8491 2308//8491 2528//8491
f 2309//8492 2308//8492 2364//8492
f 2618//623 2619//623 2307//623
f 2499//8493 2306//8493 2575//8493
f 332//8494 2306//8494 2499//8494
f 2388//8495 2575//8495 2306//8495
f 2615//623 2616//623 2305//623
f 2330//623 2305//623 2616//623
f 2601//8496 2602//8496 2304//8496
f 2329//623 2601//623 2304//623
f 2643//623 2600//623 2303//623
f 2410//623 2643//623 2303//623
f 2329//623 2303//623 2600//623
f 2408//8497 2302//8497 2543//8497
f 2492//8498 2301//8498 2560//8498
f 2324//8499 2560//8499 2301//8499
f 2405//8500 2300//8500 2538//8500
f 2404//8501 2538//8501 2300//8501
f 2429//676 2447//676 2299//676
f 2322//8502 2299//8502 2447//8502
f 2402//8503 2466//8503 2298//8503
f 2483//8504 2297//8504 2484//8504
f 2316//8505 2484//8505 2297//8505
f 2443//8506 2296//8506 2483//8506
f 2297//8507 2483//8507 2296//8507
f 2555//8508 2295//8508 2585//8508
f 2630//8509 2631//8509 2294//8509
f 2554//8510 2630//8510 2293//8510
f 2294//8511 2293//8511 2630//8511
f 2628//8512 2292//8512 2668//8512
f 2354//8513 2668//8513 2292//8513
f 2651//8514 2291//8514 2626//8514
f 2370//8515 2291//8515 2651//8515
f 2420//8516 2476//8516 2290//8516
f 2395//8517 2290//8517 2476//8517
f 2290//8518 2310//8518 2420//8518
f 2422//8519 2289//8519 2438//8519
f 2367//184 2438//184 2289//184
f 2392//8520 2288//8520 2475//8520
f 2391//8352 2475//8352 2288//8352
f 2363//8521 2287//8521 2437//8521
f 2350//8522 2437//8522 2287//8522
f 229//8523 227//8523 312//8523
f 2454//7367 2286//7367 338//7367
f 229//8524 338//8524 2286//8524
f 2349//8525 2286//8525 2454//8525
f 312//8526 229//8526 2286//8526
f 2546//8527 2285//8527 2621//8527
f 2435//8528 2285//8528 2546//8528
f 2349//8529 2621//8529 2285//8529
f 2548//8530 2284//8530 2619//8530
f 2284//623 2307//623 2619//623
f 2617//623 2618//623 2283//623
f 2474//623 2617//623 2283//623
f 2307//623 2283//623 2618//623
f 2614//8531 2615//8531 2282//8531
f 2305//8532 2282//8532 2615//8532
f 2613//8533 2614//8533 2281//8533
f 2282//8533 2281//8533 2614//8533
f 2613//8534 2280//8534 2612//8534
f 2281//8535 2280//8535 2613//8535
f 2611//8536 2612//8536 2279//8536
f 2279//8536 2612//8536 2280//8536
f 2496//8537 2644//8537 2278//8537
f 2386//8538 2278//8538 2644//8538
f 2545//8539 2277//8539 2608//8539
f 2361//8540 2608//8540 2277//8540
f 2604//8541 2605//8541 2276//8541
f 2385//8542 2495//8542 2275//8542
f 305//8543 2275//8543 2495//8543
f 2603//8544 2604//8544 2274//8544
f 2276//8541 2274//8541 2604//8541
f 2385//8545 2273//8545 2544//8545
f 2348//8546 2544//8546 2273//8546
f 2602//8547 2603//8547 2272//8547
f 2274//8548 2272//8548 2603//8548
f 2271//8549 2304//8549 2602//8549
f 2272//8547 2271//8547 2602//8547
f 2541//8550 2596//8550 2270//8550
f 2347//623 2270//623 2596//623
f 2267//8551 2301//8551 2492//8551
f 2269//8552 2267//8552 2492//8552
f 2429//8553 2266//8553 2446//8553
f 2299//8554 2266//8554 2429//8554
f 2404//8555 2265//8555 2465//8555
f 2378//8556 2465//8556 2265//8556
f 2300//8557 2265//8557 2404//8557
f 2446//8558 2264//8558 2590//8558
f 2319//8559 2590//8559 2264//8559
f 2266//2578 2264//2578 2446//2578
f 2427//8560 2467//8560 2263//8560
f 2588//8561 2262//8561 2634//8561
f 2377//8562 2634//8562 2262//8562
f 2587//8563 2653//8563 2261//8563
f 2342//8564 2261//8564 2653//8564
f 2462//8565 2260//8565 2463//8565
f 2441//8566 2260//8566 2462//8566
f 2426//8567 2259//8567 2441//8567
f 2260//8568 2441//8568 2259//8568
f 2514//8569 2258//8569 2555//8569
f 2258//8570 2295//8570 2555//8570
f 2585//8571 2257//8571 2584//8571
f 2295//8572 2257//8572 2585//8572
f 2511//8573 2554//8573 2256//8573
f 2293//8574 2256//8574 2554//8574
f 2424//8575 2461//8575 2255//8575
f 2396//8576 2424//8576 2255//8576
f 2480//8577 2254//8577 2460//8577
f 2460//8578 2254//8578 2461//8578
f 2255//8579 2461//8579 2254//8579
f 2626//8580 2253//8580 2628//8580
f 2292//8581 2628//8581 2253//8581
f 2291//8582 2253//8582 2626//8582
f 584//8583 2666//8583 2252//8583
f 2373//8584 2252//8584 2666//8584
f 2477//8585 2251//8585 2509//8585
f 2337//8586 2509//8586 2251//8586
f 2583//8587 2648//8587 318//8587
f 2312//8588 318//8588 2648//8588
f 2459//8589 2507//8589 2250//8589
f 2311//8590 2250//8590 2507//8590
f 2394//8591 2249//8591 2458//8591
f 2366//184 2367//184 2248//184
f 2392//184 2366//184 2247//184
f 2288//8592 2392//8592 2247//8592
f 2248//184 2247//184 2366//184
f 2419//8593 2246//8593 2421//8593
f 2393//8594 2421//8594 2246//8594
f 2310//8595 2246//8595 2419//8595
f 2422//8596 227//8596 2245//8596
f 229//8597 2245//8597 227//8597
f 2578//8598 2580//8598 2244//8598
f 2580//8599 2550//8599 2244//8599
f 2436//8600 2502//8600 2243//8600
f 2434//8601 2243//8601 2502//8601
f 2387//8602 2362//8602 2242//8602
f 2611//8603 2241//8603 2609//8603
f 2279//8604 2241//8604 2611//8604
f 2609//2077 2240//2077 2610//2077
f 2241//8605 2240//8605 2609//8605
f 2606//3589 2607//3589 2239//3589
f 2605//8606 2606//8606 2238//8606
f 2276//8607 2605//8607 2238//8607
f 2239//8608 2238//8608 2606//8608
f 2470//8609 2237//8609 2597//8609
f 2408//8610 2597//8610 2237//8610
f 2559//8611 2562//8611 2236//8611
f 2539//8612 2559//8612 2236//8612
f 2432//8613 330//8613 2235//8613
f 2268//8614 2235//8614 330//8614
f 2490//8615 6576//8615 2327//8615
f 2267//8616 2269//8616 2233//8616
f 2403//8617 2232//8617 2405//8617
f 2300//8618 2405//8618 2232//8618
f 2357//8619 2428//8619 2231//8619
f 2357//425 2230//425 2358//425
f 2231//8620 2230//8620 2357//8620
f 2358//8621 2229//8621 2379//8621
f 2229//8622 2358//8622 2230//8622
f 2464//8623 2517//8623 2228//8623
f 2318//8624 2228//8624 2517//8624
f 2587//8625 2227//8625 2588//8625
f 2262//8626 2588//8626 2227//8626
f 2261//8627 2227//8627 2587//8627
f 2463//8628 2226//8628 2444//8628
f 2260//8629 2226//8629 2463//8629
f 2398//8630 2225//8630 2443//8630
f 2296//8631 2443//8631 2225//8631
f 2339//8632 2224//8632 2439//8632
f 2480//8633 2510//8633 2223//8633
f 2254//8634 2480//8634 2223//8634
f 2369//8635 314//8635 2222//8635
f 2506//8636 2624//8636 2221//8636
f 2353//8637 2221//8637 2624//8637
f 2308//8638 2220//8638 2332//8638
f 2308//8639 2309//8639 2220//8639
f 315//8640 317//8640 316//8640
f 2417//8641 316//8641 317//8641
f 2417//851 315//851 316//851
f 2388//8642 2219//8642 315//8642
f 316//8643 315//8643 2219//8643
f 2550//8644 2551//8644 2218//8644
f 2218//8645 2244//8645 2550//8645
f 2435//8646 2416//8646 2217//8646
f 2331//166 2217//166 2416//166
f 2285//8647 2435//8647 2217//8647
f 2244//8648 2216//8648 2578//8648
f 2576//8649 2578//8649 2215//8649
f 2216//8650 2215//8650 2578//8650
f 2577//8651 2576//8651 2214//8651
f 2215//8652 2214//8652 2576//8652
f 2434//8653 2453//8653 2213//8653
f 2474//623 2212//623 2524//623
f 2330//623 2524//623 2212//623
f 2283//623 2212//623 2474//623
f 2573//6424 2610//6424 2211//6424
f 2211//6424 2610//6424 2240//6424
f 2450//8654 2210//8654 2545//8654
f 2277//8655 2545//8655 2210//8655
f 2564//8656 2209//8656 2607//8656
f 2209//8656 2239//8656 2607//8656
f 2275//6658 305//6658 2208//6658
f 2328//8657 326//8657 2207//8657
f 2206//8658 2236//8658 2562//8658
f 2563//8659 2205//8659 2562//8659
f 2206//8660 2562//8660 2205//8660
f 2561//8661 2204//8661 2563//8661
f 2205//8662 2563//8662 2204//8662
f 2236//8663 2203//8663 2539//8663
f 2346//8664 2429//8664 2200//8664
f 2431//8665 2199//8665 2487//8665
f 2343//8666 2487//8666 2199//8666
f 2429//8667 2446//8667 2198//8667
f 2399//8668 2198//8668 2446//8668
f 2200//8669 2429//8669 2198//8669
f 2402//8670 2197//8670 2467//8670
f 2298//8671 2197//8671 2402//8671
f 2263//8672 2467//8672 2197//8672
f 2445//743 2196//743 2466//743
f 2298//8673 2466//8673 2196//8673
f 2400//8674 2195//8674 2556//8674
f 2317//8675 2556//8675 2195//8675
f 2631//8676 2827//8676 2194//8676
f 2512//8677 2194//8677 2827//8677
f 2294//8678 2631//8678 2194//8678
f 2425//8679 2193//8679 2512//8679
f 2194//8680 2512//8680 2193//8680
f 314//8681 2192//8681 2510//8681
f 320//8682 2192//8682 314//8682
f 2223//8683 2510//8683 2192//8683
f 2508//8684 2583//8684 301//8684
f 318//8685 301//8685 2583//8685
f 2423//8686 2458//8686 2191//8686
f 2311//8687 2423//8687 2191//8687
f 2249//8688 2191//8688 2458//8688
f 2353//8689 2393//8689 2190//8689
f 2246//7563 2190//7563 2393//7563
f 312//8690 2189//8690 229//8690
f 2333//8691 2188//8691 2418//8691
f 2331//8692 2418//8692 2188//8692
f 2217//8693 2331//8693 2188//8693
f 2455//8694 2187//8694 2551//8694
f 2218//8695 2551//8695 2187//8695
f 2527//8696 2185//8696 2529//8696
f 2530//8697 2184//8697 2548//8697
f 2530//8698 2531//8698 2184//8698
f 2284//8699 2548//8699 2184//8699
f 2577//8700 2183//8700 2547//8700
f 2527//8701 2547//8701 2183//8701
f 2214//8702 2183//8702 2577//8702
f 2185//3525 2527//3525 2183//3525
f 2243//8703 2434//8703 2182//8703
f 2213//8653 2182//8653 2434//8653
f 2451//8704 2496//8704 2181//8704
f 2278//8705 2181//8705 2496//8705
f 2573//8706 2180//8706 2572//8706
f 2211//8707 2180//8707 2573//8707
f 2571//8708 2572//8708 2179//8708
f 2180//8708 2179//8708 2572//8708
f 2179//8709 2178//8709 2571//8709
f 2570//8710 2571//8710 2177//8710
f 2178//8711 2177//8711 2571//8711
f 2569//8712 2570//8712 2176//8712
f 2568//8712 2569//8712 2176//8712
f 2177//8712 2176//8712 2570//8712
f 2567//8712 2568//8712 2175//8712
f 2176//8712 2175//8712 2568//8712
f 2566//8713 2567//8713 2174//8713
f 2175//8712 2174//8712 2567//8712
f 2174//8713 2173//8713 2566//8713
f 2565//8714 2566//8714 2172//8714
f 2173//8715 2172//8715 2566//8715
f 2564//8716 2565//8716 2171//8716
f 2209//8717 2564//8717 2171//8717
f 2172//8718 2171//8718 2565//8718
f 2542//8719 2170//8719 2561//8719
f 2523//8720 2170//8720 2542//8720
f 2204//8721 2561//8721 2170//8721
f 2522//8722 2169//8722 2523//8722
f 2170//8723 2523//8723 2169//8723
f 2520//8724 2541//8724 2168//8724
f 2520//8725 2168//8725 2521//8725
f 2270//791 2168//791 2541//791
f 2346//8726 2167//8726 2382//8726
f 2200//8727 2167//8727 2346//8727
f 2406//8728 2166//8728 330//8728
f 2320//8729 2166//8729 2406//8729
f 2268//8730 330//8730 2166//8730
f 2359//8731 2165//8731 2486//8731
f 2320//8732 2486//8732 2165//8732
f 2380//8733 2164//8733 2403//8733
f 2343//8734 2164//8734 2380//8734
f 2232//8735 2403//8735 2164//8735
f 2397//8736 2482//8736 2163//8736
f 2442//8737 2162//8737 2514//8737
f 2258//8738 2514//8738 2162//8738
f 2584//8739 2161//8739 2796//8739
f 2482//8740 2796//8740 2161//8740
f 2257//8741 2161//8741 2584//8741
f 2163//8742 2482//8742 2161//8742
f 2425//8743 2513//8743 2160//8743
f 2340//6404 2160//6404 2513//6404
f 2440//8744 2511//8744 2159//8744
f 2256//8745 2159//8745 2511//8745
f 2354//8746 2158//8746 2395//8746
f 2290//8747 2395//8747 2158//8747
f 2310//8748 2290//8748 2157//8748
f 2246//8749 2310//8749 2157//8749
f 2190//8750 2246//8750 2157//8750
f 2158//8751 2157//8751 2290//8751
f 2333//189 2391//189 2156//189
f 2288//8752 2156//8752 2391//8752
f 2156//8753 2188//8753 2333//8753
f 2287//8754 2155//8754 2350//8754
f 2531//8755 2529//8755 2154//8755
f 2185//8756 2154//8756 2529//8756
f 2154//8757 2184//8757 2531//8757
f 2363//8758 2436//8758 2153//8758
f 2243//8759 2153//8759 2436//8759
f 2501//8760 2152//8760 2678//8760
f 2453//8761 2678//8761 2152//8761
f 2497//8762 2151//8762 2525//8762
f 2473//8763 2150//8763 2497//8763
f 2151//8764 2497//8764 2150//8764
f 328//8765 2149//8765 2473//8765
f 2150//8766 2473//8766 2149//8766
f 2208//8767 305//8767 2148//8767
f 2383//8768 2147//8768 326//8768
f 2207//8769 326//8769 2147//8769
f 2302//8770 2408//8770 2146//8770
f 2521//8771 2145//8771 2522//8771
f 2169//8772 2522//8772 2145//8772
f 2145//8773 2521//8773 2168//8773
f 2326//8774 2144//8774 2493//8774
f 2489//8775 2539//8775 2143//8775
f 2203//8776 2143//8776 2539//8776
f 583//8777 321//8777 2142//8777
f 2344//8778 2321//8778 2141//8778
f 2344//8779 2140//8779 2428//8779
f 2231//8780 2428//8780 2140//8780
f 2141//8781 2140//8781 2344//8781
f 2265//8782 2300//8782 2139//8782
f 2232//8783 2139//8783 2300//8783
f 2139//8784 2232//8784 2164//8784
f 2379//8785 2138//8785 2359//8785
f 2229//8786 2138//8786 2379//8786
f 2342//8787 2378//8787 2137//8787
f 2265//8788 2137//8788 2378//8788
f 2139//8789 2137//8789 2265//8789
f 2518//8790 2136//8790 2557//8790
f 2400//8791 2444//8791 2135//8791
f 2226//8792 2135//8792 2444//8792
f 2317//8793 2134//8793 2398//8793
f 2225//8794 2398//8794 2134//8794
f 2375//8795 2133//8795 2426//8795
f 2259//8796 2426//8796 2133//8796
f 2397//8797 2132//8797 2481//8797
f 2315//4937 2481//4937 2132//4937
f 2255//8798 2131//8798 2396//8798
f 2374//8799 2396//8799 2130//8799
f 2131//8800 2130//8800 2396//8800
f 2340//8801 2374//8801 2129//8801
f 2160//8802 2340//8802 2129//8802
f 2130//8803 2129//8803 2374//8803
f 2373//8804 2439//8804 2128//8804
f 2224//8805 2128//8805 2439//8805
f 2459//8806 2127//8806 2477//8806
f 2251//8807 2477//8807 2127//8807
f 2250//8806 2127//8806 2459//8806
f 320//8808 2369//8808 2126//8808
f 2222//8809 2126//8809 2369//8809
f 2289//184 2125//184 2367//184
f 2248//184 2367//184 2125//184
f 2350//8810 2124//8810 2336//8810
f 2155//8811 2124//8811 2350//8811
f 2247//8812 2123//8812 2288//8812
f 2156//8813 2288//8813 2123//8813
f 2457//8814 2506//8814 2122//8814
f 2221//8815 2122//8815 2506//8815
f 2187//8816 2455//8816 2121//8816
f 2501//8817 2528//8817 2119//8817
f 2308//8818 2119//8818 2528//8818
f 2306//8819 2118//8819 2388//8819
f 2219//8820 2388//8820 2118//8820
f 2525//8821 2117//8821 2498//8821
f 2151//8822 2117//8822 2525//8822
f 2210//8823 2450//8823 2116//8823
f 2492//8824 2543//8824 2115//8824
f 2302//8825 2115//8825 2543//8825
f 2269//2566 2492//2566 2115//2566
f 2382//8826 2114//8826 2470//8826
f 2237//8827 2470//8827 2114//8827
f 2323//8828 2113//8828 2325//8828
f 2201//8829 2325//8829 2113//8829
f 2199//8830 2431//8830 2112//8830
f 2399//8831 2636//8831 2111//8831
f 2377//8832 2111//8832 2636//8832
f 2198//8833 2399//8833 2111//8833
f 2557//8407 2110//8407 2536//8407
f 2136//8407 2110//8407 2557//8407
f 2464//8834 2109//8834 2445//8834
f 2228//8835 2109//8835 2464//8835
f 2196//8836 2445//8836 2109//8836
f 2376//8837 2108//8837 2442//8837
f 2162//8838 2442//8838 2108//8838
f 2356//8839 2107//8839 2375//8839
f 2133//8840 2375//8840 2107//8840
f 2315//8841 2106//8841 2356//8841
f 2132//7127 2106//7127 2315//7127
f 2107//8842 2356//8842 2106//8842
f 2371//8843 2440//8843 2105//8843
f 2159//8844 2105//8844 2440//8844
f 2355//8845 2372//8845 2104//8845
f 2394//8846 2508//8846 2103//8846
f 301//8847 2103//8847 2508//8847
f 2336//8848 2102//8848 2370//8848
f 2102//8849 2336//8849 2124//8849
f 2221//8850 2353//8850 2101//8850
f 2190//8851 2101//8851 2353//8851
f 2100//8852 2123//8852 2247//8852
f 2334//8853 317//8853 2099//8853
f 316//8854 2099//8854 317//8854
f 2122//8855 2098//8855 2457//8855
f 2456//8856 2457//8856 2097//8856
f 2098//8856 2097//8856 2457//8856
f 2455//8857 2456//8857 2096//8857
f 2096//8858 2121//8858 2455//8858
f 2097//8856 2096//8856 2456//8856
f 2307//8859 2284//8859 2095//8859
f 2452//8860 2498//8860 2094//8860
f 2117//8861 2094//8861 2498//8861
f 2387//8862 2093//8862 332//8862
f 2306//8863 332//8863 2093//8863
f 328//8864 309//8864 586//8864
f 2149//8865 328//8865 586//8865
f 2305//8866 2330//8866 2092//8866
f 2282//8867 2305//8867 2092//8867
f 2280//8868 2281//8868 2091//8868
f 2280//8869 2091//8869 2279//8869
f 2277//8870 2090//8870 2361//8870
f 2275//8871 2089//8871 2385//8871
f 2273//8872 2385//8872 2089//8872
f 2304//8873 2088//8873 2329//8873
f 2304//8874 2271//8874 2088//8874
f 2347//623 2410//623 2087//623
f 2303//623 2087//623 2410//623
f 2270//623 2347//623 2087//623
f 2168//8875 2270//8875 2087//8875
f 2235//8876 2268//8876 2085//8876
f 2166//8877 2085//8877 2268//8877
f 583//8878 2084//8878 2490//8878
f 2234//8879 2490//8879 2084//8879
f 2142//8880 2084//8880 583//8880
f 2084//8881 313//8881 2234//8881
f 2195//8882 2400//8882 2083//8882
f 2199//8883 2082//8883 2343//8883
f 2164//8884 2343//8884 2082//8884
f 2230//8885 2081//8885 2229//8885
f 2135//8886 2080//8886 2400//8886
f 2083//8887 2400//8887 2080//8887
f 2427//8888 2079//8888 2518//8888
f 2136//8889 2518//8889 2079//8889
f 2316//8890 2078//8890 2341//8890
f 2259//8891 2077//8891 2260//8891
f 2133//8892 2077//8892 2259//8892
f 2254//8893 2076//8893 2255//8893
f 2131//8894 2255//8894 2076//8894
f 2355//8895 2075//8895 2338//8895
f 2104//8896 2075//8896 2355//8896
f 2191//8897 2074//8897 2311//8897
f 2289//8898 2422//8898 2073//8898
f 2245//8899 2073//8899 2422//8899
f 2286//8900 2349//8900 2072//8900
f 2285//8901 2072//8901 2349//8901
f 2189//8902 312//8902 310//8902
f 2186//8903 310//8903 312//8903
f 2286//8904 311//8904 312//8904
f 2186//8905 312//8905 311//8905
f 310//8906 2186//8906 311//8906
f 2287//8907 2363//8907 2071//8907
f 2153//8908 2071//8908 2363//8908
f 2242//8608 2070//8608 2387//8608
f 2093//8909 2387//8909 2070//8909
f 2181//8910 2069//8910 2451//8910
f 2069//8911 2181//8911 2068//8911
f 2384//8912 2412//8912 2067//8912
f 2411//8913 2066//8913 2412//8913
f 2067//8913 2412//8913 2066//8913
f 2433//8914 2065//8914 2411//8914
f 2066//8915 2411//8915 2065//8915
f 2409//2931 2064//2931 2433//2931
f 2065//8916 2433//8916 2064//8916
f 2326//506 2432//506 2063//506
f 2235//8917 2063//8917 2432//8917
f 2144//8918 2326//8918 2063//8918
f 2233//8919 2269//8919 2062//8919
f 2448//8920 2489//8920 2061//8920
f 2143//8921 2061//8921 2489//8921
f 2062//3786 2060//3786 2233//3786
f 2468//8922 2536//8922 2059//8922
f 2360//8923 2468//8923 2059//8923
f 2110//8924 2059//8924 2536//8924
f 2197//8925 2298//8925 2058//8925
f 2341//8926 2057//8926 2318//8926
f 2078//8927 2057//8927 2341//8927
f 2193//8928 2425//8928 2056//8928
f 2160//8929 2056//8929 2425//8929
f 2292//8930 2055//8930 2354//8930
f 2158//8931 2354//8931 2055//8931
f 2250//8932 2311//8932 2054//8932
f 2074//8933 2054//8933 2311//8933
f 2157//8934 2053//8934 2190//8934
f 2157//8935 2158//8935 2053//8935
f 2101//530 2190//530 2053//530
f 2055//8936 2053//8936 2158//8936
f 2188//8937 2156//8937 2052//8937
f 2362//8938 2452//8938 2051//8938
f 2094//8939 2051//8939 2452//8939
f 586//8940 309//8940 233//8940
f 2361//8941 2050//8941 2386//8941
f 2278//8942 2386//8942 2050//8942
f 2090//8943 2050//8943 2361//8943
f 2413//8944 2049//8944 2450//8944
f 2348//8945 2049//8945 2413//8945
f 2116//8946 2450//8946 2049//8946
f 2147//8947 2048//8947 2207//8947
f 2384//8948 2047//8948 230//8948
f 2047//8912 2384//8912 2067//8912
f 2146//8949 2046//8949 2302//8949
f 2115//6185 2302//6185 2046//6185
f 2085//8950 2045//8950 2235//8950
f 2164//8951 2044//8951 2139//8951
f 2137//8952 2139//8952 2044//8952
f 2082//8953 2044//8953 2164//8953
f 2196//8954 2043//8954 2298//8954
f 2058//8955 2298//8955 2043//8955
f 2261//8956 2342//8956 2042//8956
f 2137//8957 2042//8957 2342//8957
f 2044//8958 2042//8958 2137//8958
f 2297//8959 2041//8959 2316//8959
f 2078//8960 2316//8960 2041//8960
f 2163//8961 2040//8961 2397//8961
f 2132//8962 2397//8962 2040//8962
f 2314//8963 2039//8963 2339//8963
f 2224//8964 2339//8964 2039//8964
f 2313//8965 2338//8965 2038//8965
f 2075//8966 2038//8966 2338//8966
f 2337//8967 2037//8967 2372//8967
f 2104//8968 2372//8968 2037//8968
f 2247//3169 2248//3169 2036//3169
f 2125//8969 2036//8969 2248//8969
f 2100//8970 2247//8970 2036//8970
f 2245//618 229//618 2035//618
f 2189//618 2035//618 229//618
f 2073//8971 2245//8971 2035//8971
f 311//8972 2034//8972 310//8972
f 2242//8973 2362//8973 2033//8973
f 2051//8974 2033//8974 2362//8974
f 2212//623 2032//623 2330//623
f 2092//8975 2330//8975 2032//8975
f 233//8976 309//8976 2031//8976
f 2208//8977 2030//8977 2275//8977
f 2089//8978 2275//8978 2030//8978
f 2088//8979 2029//8979 2329//8979
f 324//8980 2028//8980 2409//8980
f 2064//8981 2409//8981 2028//8981
f 2112//8982 2431//8982 2026//8982
f 2430//8983 2025//8983 2431//8983
f 2026//8983 2431//8983 2025//8983
f 2430//8984 2448//8984 2024//8984
f 2061//8985 2024//8985 2448//8985
f 2025//8983 2430//8983 2024//8983
f 2201//8986 2023//8986 2202//8986
f 2027//8987 2202//8987 2023//8987
f 2166//8988 2320//8988 2022//8988
f 2165//8989 2022//8989 2320//8989
f 2230//8990 2231//8990 2021//8990
f 2081//8991 2230//8991 2021//8991
f 2263//8992 2020//8992 2427//8992
f 2079//8993 2427//8993 2020//8993
f 2319//679 2019//679 2376//679
f 2108//8994 2376//8994 2019//8994
f 2134//8995 2317//8995 2018//8995
f 2226//8996 2260//8996 2017//8996
f 2077//8997 2017//8997 2260//8997
f 2223//8998 2016//8998 2254//8998
f 2252//8999 2373//8999 2015//8999
f 2128//8999 2015//8999 2373//8999
f 2371//9000 2014//9000 226//9000
f 2105//9001 2014//9001 2371//9001
f 314//9002 584//9002 2013//9002
f 2252//9003 2013//9003 584//9003
f 2222//9004 314//9004 2013//9004
f 2126//9005 2222//9005 2013//9005
f 2249//9006 2394//9006 2012//9006
f 2103//9007 2012//9007 2394//9007
f 2220//9008 2010//9008 2332//9008
f 2120//9009 2332//9009 2010//9009
f 2188//9010 2009//9010 2217//9010
f 2052//9011 2009//9011 2188//9011
f 310//9012 2008//9012 2189//9012
f 2217//9013 2007//9013 2285//9013
f 2072//9014 2285//9014 2007//9014
f 2009//9015 2007//9015 2217//9015
f 2308//9016 2332//9016 2006//9016
f 2120//9017 2006//9017 2332//9017
f 2119//9018 2308//9018 2006//9018
f 2283//623 2307//623 2005//623
f 2095//9019 2005//9019 2307//9019
f 2033//9020 2004//9020 2242//9020
f 2281//9021 2282//9021 2003//9021
f 2092//9022 2003//9022 2282//9022
f 2091//9023 2281//9023 2003//9023
f 2032//9024 2003//9024 2092//9024
f 2451//937 2002//937 309//937
f 2069//9025 2002//9025 2451//9025
f 2031//4781 309//4781 2002//4781
f 2148//9026 2000//9026 2208//9026
f 2000//165 2148//165 1999//165
f 2272//9027 2274//9027 1998//9027
f 2271//9028 2272//9028 1997//9028
f 2088//9029 2271//9029 1997//9029
f 1997//9030 2029//9030 2088//9030
f 1998//9031 1997//9031 2272//9031
f 2047//9032 1996//9032 230//9032
f 2303//623 2329//623 1995//623
f 2087//623 2303//623 1995//623
f 2029//623 1995//623 2329//623
f 2086//9033 2202//9033 1994//9033
f 1994//9034 2202//9034 2027//9034
f 2167//8833 2200//8833 1993//8833
f 2144//9035 1992//9035 2493//9035
f 2084//9036 2142//9036 1992//9036
f 2085//9037 2166//9037 1991//9037
f 2198//9038 1990//9038 2200//9038
f 1993//9039 2200//9039 1990//9039
f 2140//9040 2141//9040 1989//9040
f 313//9041 1989//9041 2141//9041
f 2140//9042 1988//9042 2231//9042
f 1988//9043 2021//9043 2231//9043
f 1989//8453 1988//8453 2140//8453
f 2165//9044 2359//9044 1987//9044
f 2138//9045 1987//9045 2359//9045
f 2022//9046 2165//9046 1987//9046
f 2309//9047 2364//9047 1986//9047
f 2124//9048 2155//9048 1985//9048
f 2219//7943 1984//7943 316//7943
f 1985//9049 2155//9049 1982//9049
f 2155//9050 2287//9050 1981//9050
f 2071//7983 1981//7983 2287//7983
f 1982//9051 2155//9051 1981//9051
f 2118//9052 2306//9052 1979//9052
f 2093//9053 1979//9053 2306//9053
f 2184//9054 1978//9054 2284//9054
f 2095//9055 2284//9055 1978//9055
f 2070//9056 2242//9056 1976//9056
f 2004//9057 1976//9057 2242//9057
f 2273//9058 1975//9058 2348//9058
f 2089//530 1975//530 2273//530
f 2049//9059 2348//9059 1975//9059
f 2237//9060 1974//9060 2408//9060
f 2146//9061 2408//9061 1974//9061
f 319//9062 1973//9062 324//9062
f 2028//9063 324//9063 1973//9063
f 2169//9064 1972//9064 2170//9064
f 2323//9065 2360//9065 1971//9065
f 2059//9066 1971//9066 2360//9066
f 2197//9067 1969//9067 2263//9067
f 2058//9068 1969//9068 2197//9068
f 2020//9069 2263//9069 1969//9069
f 2109//9070 1968//9070 2196//9070
f 2043//9071 2196//9071 1968//9071
f 2195//9072 1967//9072 2317//9072
f 2018//9073 2317//9073 1967//9073
f 2225//9074 1966//9074 2296//9074
f 2077//9075 2133//9075 1965//9075
f 2253//9076 1964//9076 2292//9076
f 2055//9077 2292//9077 1964//9077
f 2368//9078 226//9078 1963//9078
f 2014//9079 1963//9079 226//9079
f 2291//9080 2370//9080 1962//9080
f 2102//7203 1962//7203 2370//7203
f 2127//851 2250//851 1961//851
f 2054//9081 1961//9081 2250//9081
f 2054//9082 2074//9082 1960//9082
f 2011//9083 2054//9083 1960//9083
f 2191//9084 2249//9084 1959//9084
f 2074//9085 2191//9085 1959//9085
f 2012//9086 1959//9086 2249//9086
f 2053//9087 1958//9087 2101//9087
f 2053//9088 2055//9088 1958//9088
f 1964//9089 1958//9089 2055//9089
f 2364//9090 2389//9090 1957//9090
f 1957//9091 1986//9091 2364//9091
f 2122//9092 2221//9092 1956//9092
f 2101//9093 1956//9093 2221//9093
f 1958//9094 1956//9094 2101//9094
f 2220//9095 2309//9095 1955//9095
f 1986//9096 1955//9096 2309//9096
f 2123//9097 1953//9097 2156//9097
f 2123//9098 2100//9098 1953//9098
f 2052//9099 2156//9099 1953//9099
f 2118//9100 1952//9100 2219//9100
f 1984//8833 2219//8833 1952//8833
f 2244//9101 2218//9101 1951//9101
f 2216//9102 2244//9102 1951//9102
f 1980//9103 1951//9103 2218//9103
f 2184//9104 2154//9104 1950//9104
f 1950//9105 1978//9105 2184//9105
f 2183//9106 1949//9106 2185//9106
f 2154//9107 2185//9107 1949//9107
f 1949//9108 1950//9108 2154//9108
f 2182//9109 1948//9109 2243//9109
f 2153//9110 2243//9110 1948//9110
f 1948//9111 2182//9111 1977//9111
f 2212//623 2283//623 1947//623
f 2032//623 2212//623 1947//623
f 2005//623 1947//623 2283//623
f 2182//9112 2213//9112 1946//9112
f 1946//9113 1977//9113 2182//9113
f 1976//9114 1945//9114 2070//9114
f 2241//9115 2279//9115 1944//9115
f 2091//8869 1944//8869 2279//8869
f 2181//9116 2278//9116 1943//9116
f 2050//9117 1943//9117 2278//9117
f 2030//9118 2208//9118 1942//9118
f 2000//9119 1942//9119 2208//9119
f 2274//9120 2276//9120 1941//9120
f 1998//9121 2274//9121 1941//9121
f 1996//9122 308//9122 230//9122
f 2046//9123 2146//9123 1940//9123
f 2207//9124 1939//9124 2328//9124
f 319//9125 2328//9125 1938//9125
f 1938//9126 1973//9126 319//9126
f 1939//9127 1938//9127 2328//9127
f 2145//9128 1937//9128 2169//9128
f 1972//9129 2169//9129 1937//9129
f 2236//9130 2206//9130 1936//9130
f 2203//9131 2236//9131 1936//9131
f 2045//9132 2085//9132 1935//9132
f 2115//9133 1934//9133 2269//9133
f 2062//9134 2269//9134 1934//9134
f 2167//9135 1933//9135 2382//9135
f 2114//9136 2382//9136 1933//9136
f 2143//9137 2203//9137 1932//9137
f 1936//9138 1932//9138 2203//9138
f 2113//9139 1931//9139 2201//9139
f 2023//9140 2201//9140 1931//9140
f 2112//9141 1930//9141 2199//9141
f 2082//9142 2199//9142 1930//9142
f 2044//9143 2082//9143 1929//9143
f 2042//9144 2044//9144 1929//9144
f 1930//9145 1929//9145 2082//9145
f 2043//9146 1928//9146 2058//9146
f 1970//9147 1928//9147 2043//9147
f 2264//9148 1927//9148 2319//9148
f 2019//679 2319//679 1927//679
f 2262//9149 1926//9149 2377//9149
f 2111//9150 2377//9150 1926//9150
f 2227//9151 2261//9151 1925//9151
f 2042//9152 1925//9152 2261//9152
f 1929//9153 1925//9153 2042//9153
f 2295//9154 2258//9154 1924//9154
f 2257//9155 2295//9155 1924//9155
f 2162//9156 1924//9156 2258//9156
f 2161//9157 2257//9157 1924//9157
f 2108//9158 1924//9158 2162//9158
f 2293//9159 2294//9159 1923//9159
f 2256//9160 2293//9160 1923//9160
f 2194//184 1923//184 2294//184
f 2159//9161 2256//9161 1923//9161
f 2105//9162 2159//9162 1923//9162
f 2076//9163 2254//9163 1922//9163
f 2016//9164 1922//9164 2254//9164
f 2192//9165 1921//9165 2223//9165
f 2016//9166 2223//9166 1921//9166
f 2253//9167 2291//9167 232//9167
f 1964//9168 2253//9168 232//9168
f 1962//9169 232//9169 2291//9169
f 2365//9170 2368//9170 1920//9170
f 1963//9171 1920//9171 2368//9171
f 2390//9172 2365//9172 1919//9172
f 1920//9173 1919//9173 2365//9173
f 2389//9174 2390//9174 1918//9174
f 1957//9175 2389//9175 1918//9175
f 1918//9176 2390//9176 1919//9176
f 2351//851 1917//851 2335//851
f 2010//9177 2220//9177 1916//9177
f 1955//9178 1916//9178 2220//9178
f 1954//9179 2011//9179 1915//9179
f 1954//9180 1914//9180 2011//9180
f 2125//9181 2289//9181 1913//9181
f 2073//9182 1913//9182 2289//9182
f 1914//9183 1954//9183 1912//9183
f 2099//9184 316//9184 1911//9184
f 1984//9185 1911//9185 316//9185
f 2187//9186 1910//9186 2218//9186
f 1980//9187 2218//9187 1910//9187
f 1979//9188 1909//9188 2118//9188
f 1952//9189 2118//9189 1909//9189
f 2152//9190 2501//9190 1908//9190
f 2119//9191 1908//9191 2501//9191
f 2213//9192 2453//9192 1907//9192
f 2152//9193 1907//9193 2453//9193
f 2240//9194 2241//9194 1906//9194
f 1944//9115 1906//9115 2241//9115
f 2001//9195 1905//9195 2068//9195
f 307//9196 298//9196 2089//9196
f 1975//9197 2089//9197 298//9197
f 1903//9198 298//9198 307//9198
f 2238//9199 1902//9199 2276//9199
f 1941//9199 2276//9199 1902//9199
f 2048//9200 1901//9200 2207//9200
f 1939//9201 2207//9201 1901//9201
f 2168//9202 1900//9202 2145//9202
f 2087//9203 1900//9203 2168//9203
f 1995//9204 1900//9204 2087//9204
f 1937//9205 2145//9205 1900//9205
f 1935//9206 2085//9206 1899//9206
f 2063//9207 1898//9207 2144//9207
f 1992//9208 2144//9208 1898//9208
f 2060//9209 2062//9209 1897//9209
f 2345//9210 2324//9210 1896//9210
f 2322//9211 2345//9211 1895//9211
f 1896//9212 1895//9212 2345//9212
f 2264//9213 2266//9213 1894//9213
f 1927//9214 2264//9214 1894//9214
f 2227//9215 234//9215 2262//9215
f 1926//9216 2262//9216 234//9216
f 1925//9217 234//9217 2227//9217
f 2228//9218 2318//9218 293//9218
f 2109//9219 2228//9219 293//9219
f 2057//9220 293//9220 2318//9220
f 2135//9221 2226//9221 1893//9221
f 2017//9222 1893//9222 2226//9222
f 2057//9223 2078//9223 1892//9223
f 2041//9224 1892//9224 2078//9224
f 2130//1068 2131//1068 1891//1068
f 2129//9225 2130//9225 1891//9225
f 2193//9226 1890//9226 2194//9226
f 2056//9227 1890//9227 2193//9227
f 2076//9228 1889//9228 2131//9228
f 1889//9229 2076//9229 1922//9229
f 1891//9230 2131//9230 1889//9230
f 2129//9231 1888//9231 2160//9231
f 2056//9232 2160//9232 1888//9232
f 1891//9233 1888//9233 2129//9233
f 2075//9234 2104//9234 1887//9234
f 2038//9235 2075//9235 1887//9235
f 2251//9236 306//9236 2337//9236
f 2127//9237 306//9237 2251//9237
f 2037//9238 2337//9238 306//9238
f 2011//9239 1886//9239 2054//9239
f 1961//9239 2054//9239 1886//9239
f 1886//9240 2011//9240 1914//9240
f 2334//9241 1885//9241 2351//9241
f 2099//9242 1885//9242 2334//9242
f 1917//9243 2351//9243 1885//9243
f 2072//3958 1884//3958 2286//3958
f 311//5109 2286//5109 1884//5109
f 2034//9244 1883//9244 310//9244
f 2034//1647 311//1647 1882//1647
f 1884//9245 1882//9245 311//9245
f 1951//9246 1881//9246 2216//9246
f 2215//9247 2216//9247 1880//9247
f 1881//9247 1880//9247 2216//9247
f 2214//9247 2215//9247 1879//9247
f 1880//9247 1879//9247 2215//9247
f 2183//9248 2214//9248 1878//9248
f 1949//9249 2183//9249 1878//9249
f 1879//9247 1878//9247 2214//9247
f 2240//9250 1877//9250 2211//9250
f 1906//9251 1877//9251 2240//9251
f 1876//3194 2211//3194 1877//3194
f 2068//9252 2181//9252 1875//9252
f 2001//9253 2068//9253 1875//9253
f 1943//9254 1875//9254 2181//9254
f 1905//9255 2001//9255 1874//9255
f 1874//9256 2001//9256 1904//9256
f 2210//9257 1873//9257 2277//9257
f 2090//9258 2277//9258 1873//9258
f 1942//9259 1872//9259 2030//9259
f 2238//9260 2239//9260 1871//9260
f 1871//7051 1902//7051 2238//7051
f 2148//9261 305//9261 237//9261
f 1870//791 1901//791 2048//791
f 2046//9262 1869//9262 2115//9262
f 1934//9263 2115//9263 1869//9263
f 1936//9264 2206//9264 1868//9264
f 2205//9265 1867//9265 2206//9265
f 1868//9265 2206//9265 1867//9265
f 2204//9265 1866//9265 2205//9265
f 1867//9265 2205//9265 1866//9265
f 2170//9266 1865//9266 2204//9266
f 1972//9267 1865//9267 2170//9267
f 1866//9265 2204//9265 1865//9265
f 1935//9268 1864//9268 2045//9268
f 2063//9269 2235//9269 1863//9269
f 2045//9270 1863//9270 2235//9270
f 2061//9271 2143//9271 1862//9271
f 1932//9137 1862//9137 2143//9137
f 1992//9272 1861//9272 2084//9272
f 2233//9273 1859//9273 2267//9273
f 2080//9274 1859//9274 2083//9274
f 2301//9275 2267//9275 1858//9275
f 1859//9276 1858//9276 2267//9276
f 2301//9277 1857//9277 2324//9277
f 1857//9278 1896//9278 2324//9278
f 1858//9279 1857//9279 2301//9279
f 2113//9280 2323//9280 1856//9280
f 1971//9281 1856//9281 2323//9281
f 302//9282 1970//9282 1855//9282
f 302//9283 1855//9283 1860//9283
f 2111//8833 1854//8833 2198//8833
f 1990//9284 2198//9284 1854//9284
f 2299//9285 2322//9285 1853//9285
f 1895//9286 1853//9286 2322//9286
f 2266//9287 2299//9287 1852//9287
f 1852//9288 1894//9288 2266//9288
f 1853//9289 1852//9289 2299//9289
f 1970//9290 2043//9290 1851//9290
f 1968//9291 2109//9291 1851//9291
f 1968//9292 1851//9292 2043//9292
f 1855//9293 1970//9293 1851//9293
f 2017//9294 2077//9294 1850//9294
f 1965//9295 1850//9295 2077//9295
f 2106//9296 2132//9296 1849//9296
f 2040//9297 1849//9297 2132//9297
f 2161//9298 1848//9298 2163//9298
f 2040//9299 2163//9299 1848//9299
f 2107//9300 1847//9300 2133//9300
f 2106//9301 1847//9301 2107//9301
f 1965//9302 2133//9302 1847//9302
f 1849//9303 1847//9303 2106//9303
f 2128//9304 2224//9304 1846//9304
f 2039//9305 1846//9305 2224//9305
f 1960//9306 2074//9306 1845//9306
f 1959//9307 1845//9307 2074//9307
f 2124//9308 1844//9308 2102//9308
f 1985//9309 1844//9309 2124//9309
f 2098//791 2122//791 1843//791
f 2009//9310 2052//9310 1842//9310
f 1953//9311 1842//9311 2052//9311
f 2035//9312 2189//9312 1841//9312
f 2008//9313 1841//9313 2189//9313
f 2121//2279 1839//2279 2187//2279
f 1910//9314 2187//9314 1839//9314
f 1883//9315 2034//9315 1838//9315
f 1882//1578 1838//1578 2034//1578
f 2071//9316 2153//9316 1837//9316
f 1948//9317 1837//9317 2153//9317
f 2180//9318 2211//9318 1835//9318
f 1876//9318 1835//9318 2211//9318
f 2068//9319 1834//9319 2069//9319
f 1905//9320 1834//9320 2068//9320
f 2116//9321 1833//9321 2210//9321
f 2239//9322 2209//9322 1832//9322
f 1871//9323 2239//9323 1832//9323
f 2022//9324 1831//9324 2166//9324
f 1991//9325 2166//9325 1831//9325
f 2023//9326 1830//9326 2027//9326
f 302//9327 1860//9327 231//9327
f 2138//9328 2229//9328 1829//9328
f 2081//9329 1829//9329 2229//9329
f 1859//9330 1828//9330 2083//9330
f 1969//9331 2058//9331 1827//9331
f 1928//9332 1827//9332 2058//9332
f 2134//9333 1826//9333 2225//9333
f 1966//9334 2225//9334 1826//9334
f 2313//9335 1825//9335 2314//9335
f 2039//9336 2314//9336 1825//9336
f 1825//9337 1846//9337 2039//9337
f 2312//9338 2335//9338 1824//9338
f 1917//851 1824//851 2335//851
f 1960//9339 1823//9339 2011//9339
f 1915//9340 2011//9340 1823//9340
f 1956//9341 1822//9341 2122//9341
f 1822//9342 1843//9342 2122//9342
f 2035//9343 1821//9343 2073//9343
f 1913//9344 2073//9344 1821//9344
f 1912//9345 1954//9345 1820//9345
f 2010//9346 1819//9346 2120//9346
f 1983//9347 2120//9347 1819//9347
f 1912//9348 304//9348 1914//9348
f 2097//9349 2098//9349 1818//9349
f 2096//9349 2097//9349 1817//9349
f 1818//9349 1817//9349 2097//9349
f 2121//9350 2096//9350 1816//9350
f 1816//9351 1839//9351 2121//9351
f 1817//9349 1816//9349 2096//9349
f 2005//9352 2095//9352 1815//9352
f 1978//9353 1815//9353 2095//9353
f 1976//9354 2004//9354 1814//9354
f 2003//9355 2032//9355 1813//9355
f 1947//9356 1813//9356 2032//9356
f 1873//9357 1812//9357 2090//9357
f 1873//9358 2210//9358 1811//9358
f 1811//9359 2210//9359 1833//9359
f 1904//9360 1810//9360 1874//9360
f 1872//9361 1810//9361 1904//9361
f 2029//9362 1997//9362 1809//9362
f 1940//9123 1808//9123 2046//9123
f 1869//9363 2046//9363 1808//9363
f 2114//8426 1807//8426 2237//8426
f 1974//9364 2237//9364 1807//9364
f 1994//9365 1806//9365 2086//9365
f 1805//9366 2027//9366 1830//9366
f 1897//9367 1804//9367 2060//9367
f 1855//9368 1803//9368 1860//9368
f 1987//9369 1802//9369 2022//9369
f 2060//9370 1801//9370 2233//9370
f 1859//9371 2233//9371 1801//9371
f 1804//9372 1801//9372 2060//9372
f 1930//9373 2112//9373 1800//9373
f 1928//9374 1970//9374 1799//9374
f 302//9375 1799//9375 1970//9375
f 2083//9376 1798//9376 2195//9376
f 1967//9377 2195//9377 1798//9377
f 1828//9378 1798//9378 2083//9378
f 2296//9379 1797//9379 2297//9379
f 1966//9380 1797//9380 2296//9380
f 1890//9381 1796//9381 2194//9381
f 1890//9382 2056//9382 1795//9382
f 1888//4314 1795//4314 2056//4314
f 2015//9383 1794//9383 2252//9383
f 2013//9384 2252//9384 1794//9384
f 2192//9385 320//9385 1793//9385
f 2126//9386 1793//9386 320//9386
f 1921//9387 2192//9387 1793//9387
f 318//9388 2312//9388 299//9388
f 1824//9389 299//9389 2312//9389
f 1916//9390 1792//9390 2010//9390
f 1819//9391 2010//9391 1792//9391
f 1915//9392 1791//9392 1954//9392
f 1820//9393 1954//9393 1790//9393
f 1791//9394 1790//9394 1954//9394
f 1820//9395 236//9395 1912//9395
f 304//9396 1912//9396 236//9396
f 1982//9397 1788//9397 1985//9397
f 1909//9398 1787//9398 1952//9398
f 1843//9399 1786//9399 2098//9399
f 1818//9400 2098//9400 1786//9400
f 2007//9401 1785//9401 2072//9401
f 1884//9402 2072//9402 1785//9402
f 2008//9403 310//9403 1784//9403
f 1883//9404 1784//9404 310//9404
f 1841//9405 2008//9405 1784//9405
f 1950//9406 1949//9406 1783//9406
f 1878//9407 1783//9407 1949//9407
f 1945//9408 1976//9408 1782//9408
f 1836//1010 1945//1010 1782//1010
f 1814//9409 1782//9409 1976//9409
f 2179//9410 2180//9410 1780//9410
f 1835//9411 1780//9411 2180//9411
f 1872//9412 1942//9412 1779//9412
f 1810//9413 1872//9413 1779//9413
f 2049//9414 1778//9414 2116//9414
f 1975//9415 1778//9415 2049//9415
f 1833//9416 2116//9416 1778//9416
f 2171//9417 1777//9417 2209//9417
f 1832//9418 2209//9418 1777//9418
f 1999//9419 2148//9419 1775//9419
f 237//9420 1775//9420 2148//9420
f 1776//9421 1999//9421 1775//9421
f 1865//9422 1972//9422 1774//9422
f 1934//9423 1773//9423 2062//9423
f 1897//9424 2062//9424 1773//9424
f 1991//9425 1772//9425 2085//9425
f 1899//9426 2085//9426 1772//9426
f 1831//9427 1772//9427 1991//9427
f 1898//9428 2063//9428 1771//9428
f 1863//9429 1771//9429 2063//9429
f 2027//9430 1770//9430 1994//9430
f 1805//9431 1770//9431 2027//9431
f 1804//9432 1897//9432 1769//9432
f 1990//9433 1768//9433 1993//9433
f 231//9434 1860//9434 1767//9434
f 1803//9435 1767//9435 1860//9435
f 2026//9436 1766//9436 2112//9436
f 1800//9437 2112//9437 1766//9437
f 2021//9438 1988//9438 1765//9438
f 1988//9439 1989//9439 1765//9439
f 1861//9440 1765//9440 1989//9440
f 1767//9441 1764//9441 231//9441
f 1764//9442 303//9442 231//9442
f 2021//9443 1763//9443 2081//9443
f 1829//9444 2081//9444 1763//9444
f 2019//9445 1762//9445 2108//9445
f 1924//9446 2108//9446 1762//9446
f 1849//9447 2040//9447 1761//9447
f 1848//9448 1761//9448 2040//9448
f 2014//9449 2105//9449 1760//9449
f 1923//9450 1760//9450 2105//9450
f 1959//734 2012//734 1759//734
f 1845//9451 1959//9451 1759//9451
f 2013//9452 1758//9452 2126//9452
f 1916//9453 2126//9453 1758//9453
f 1758//9454 1792//9454 1916//9454
f 1958//9455 1964//9455 297//9455
f 1956//9456 1958//9456 297//9456
f 232//9457 297//9457 1964//9457
f 1822//9458 1956//9458 297//9458
f 2036//9459 2125//9459 1757//9459
f 1913//9460 1757//9460 2125//9460
f 1911//9461 1984//9461 1756//9461
f 1755//9462 1789//9462 1840//9462
f 1754//9463 1789//9463 1755//9463
f 2006//9464 2120//9464 1753//9464
f 1983//9465 1753//9465 2120//9465
f 1840//9466 1753//9466 1983//9466
f 1978//9467 1950//9467 1752//9467
f 1815//9468 1978//9468 1752//9468
f 1783//9469 1752//9469 1950//9469
f 2149//9470 1751//9470 2150//9470
f 1947//9471 2005//9471 1750//9471
f 1815//9471 1750//9471 2005//9471
f 1813//9472 1947//9472 1750//9472
f 2003//9473 1749//9473 2091//9473
f 1813//9474 1749//9474 2003//9474
f 1750//9475 1749//9475 1813//9475
f 1875//9476 1748//9476 2001//9476
f 2172//9477 2173//9477 1747//9477
f 2171//9478 2172//9478 1747//9478
f 1747//9479 1777//9479 2171//9479
f 1901//9480 1870//9480 1746//9480
f 1808//9481 1940//9481 1745//9481
f 1997//9482 1998//9482 1744//9482
f 1809//9483 1997//9483 1744//9483
f 1995//9484 2029//9484 1743//9484
f 1900//9485 1995//9485 1743//9485
f 1809//9486 1743//9486 2029//9486
f 1937//9422 1741//9422 1972//9422
f 1900//9487 1741//9487 1937//9487
f 1774//9422 1972//9422 1741//9422
f 1743//9488 1741//9488 1900//9488
f 1864//9489 1935//9489 1740//9489
f 1993//9490 1739//9490 2167//9490
f 1933//9491 2167//9491 1739//9491
f 2024//9492 2061//9492 1738//9492
f 1862//9493 1738//9493 2061//9493
f 1737//9494 1736//9494 1769//9494
f 1931//9495 1735//9495 2023//9495
f 1830//9496 2023//9496 1735//9496
f 1765//112 1734//112 2021//112
f 1734//9497 1763//9497 2021//9497
f 1987//9498 2138//9498 1733//9498
f 1829//9499 1733//9499 2138//9499
f 1802//9500 1987//9500 1733//9500
f 1931//9501 2113//9501 1732//9501
f 1856//8642 1732//8642 2113//8642
f 1799//9502 302//9502 235//9502
f 1929//9503 1930//9503 295//9503
f 1925//9504 1929//9504 295//9504
f 234//9505 1925//9505 295//9505
f 1800//9506 295//9506 1930//9506
f 1969//9507 1731//9507 2020//9507
f 1827//9508 1731//9508 1969//9508
f 2080//9509 2135//9509 1730//9509
f 1893//9510 1730//9510 2135//9510
f 1967//9511 1729//9511 2018//9511
f 1850//9512 1965//9512 1728//9512
f 2041//9513 2297//9513 1727//9513
f 1892//3493 2041//3493 1727//3493
f 1797//9514 1727//9514 2297//9514
f 1848//9515 2161//9515 1726//9515
f 2038//9516 1725//9516 2313//9516
f 1887//9517 1725//9517 2038//9517
f 1825//9518 2313//9518 1725//9518
f 2015//9519 2128//9519 1724//9519
f 1846//9520 1724//9520 2128//9520
f 1845//9521 1723//9521 1960//9521
f 1823//9522 1960//9522 1723//9522
f 1823//9523 1722//9523 1915//9523
f 1791//9524 1915//9524 1722//9524
f 304//9525 587//9525 1914//9525
f 236//9526 304//9526 587//9526
f 1844//9527 1985//9527 1721//9527
f 1788//9528 1721//9528 1985//9528
f 1786//9529 1843//9529 1721//9529
f 1786//9530 1721//9530 1788//9530
f 2036//9531 1720//9531 2100//9531
f 1953//9532 2100//9532 1720//9532
f 1757//9533 1720//9533 2036//9533
f 1840//9534 1983//9534 1719//9534
f 1819//9535 1719//9535 1983//9535
f 1755//9536 1840//9536 1719//9536
f 1789//9537 1754//9537 1717//9537
f 236//9538 1820//9538 1716//9538
f 2007//9539 2009//9539 1715//9539
f 1842//9540 1715//9540 2009//9540
f 1785//9541 2007//9541 1715//9541
f 1787//9542 1909//9542 1714//9542
f 1981//9543 1713//9543 1982//9543
f 1909//9544 1979//9544 1712//9544
f 1714//9545 1909//9545 1712//9545
f 1981//9546 2071//9546 1711//9546
f 1837//9547 1711//9547 2071//9547
f 2150//9548 1710//9548 2151//9548
f 1751//9549 1710//9549 2150//9549
f 586//9550 1709//9550 2149//9550
f 1751//9551 2149//9551 1709//9551
f 1944//9552 2091//9552 1708//9552
f 1906//9553 1944//9553 1708//9553
f 1749//9554 1708//9554 2091//9554
f 2002//9555 2069//9555 1707//9555
f 1834//9556 1707//9556 2069//9556
f 2050//9557 2090//9557 1706//9557
f 1812//9558 1706//9558 2090//9558
f 2178//9559 2179//9559 1705//9559
f 1780//9560 1705//9560 2179//9560
f 2177//9561 2178//9561 1704//9561
f 1705//9562 1704//9562 2178//9562
f 2176//4055 2177//4055 1703//4055
f 2175//4055 2176//4055 1703//4055
f 1704//9563 1703//9563 2177//9563
f 1833//9564 1702//9564 1811//9564
f 2030//9565 1701//9565 2089//9565
f 1872//9566 1701//9566 2030//9566
f 1872//9567 1904//9567 1701//9567
f 2174//4055 2175//4055 1700//4055
f 1703//4055 1700//4055 2175//4055
f 2173//9568 2174//9568 1699//9568
f 1747//9569 2173//9569 1699//9569
f 1700//9570 1699//9570 2174//9570
f 1776//9571 1698//9571 1999//9571
f 1746//9572 1870//9572 1697//9572
f 1941//9573 1696//9573 1998//9573
f 1744//9574 1998//9574 1696//9574
f 2048//9575 2147//9575 1695//9575
f 1742//9576 1695//9576 2147//9576
f 1899//9577 1694//9577 1935//9577
f 1740//9578 1935//9578 1694//9578
f 1770//9579 1805//9579 1693//9579
f 1830//2412 1691//2412 1805//2412
f 1689//7 1692//7 1690//7
f 1736//9580 1737//9580 1687//9580
f 1692//9581 1687//9581 1737//9581
f 1692//7 1689//7 1687//7
f 1801//9582 1804//9582 1686//9582
f 1769//9583 1686//9583 1804//9583
f 1736//9584 1686//9584 1769//9584
f 1851//9585 1685//9585 1855//9585
f 1803//9586 1855//9586 1685//9586
f 1690//9587 1803//9587 1685//9587
f 1827//9588 1928//9588 1684//9588
f 1799//9589 1684//9589 1928//9589
f 2018//9590 1683//9590 2134//9590
f 1826//9591 2134//9591 1683//9591
f 1795//3241 1682//3241 1890//3241
f 1922//9592 2016//9592 1681//9592
f 1921//9593 1681//9593 2016//9593
f 1793//9594 1681//9594 1921//9594
f 2103//9595 301//9595 1680//9595
f 2012//9596 2103//9596 1680//9596
f 1759//9597 2012//9597 1680//9597
f 1680//9598 301//9598 300//9598
f 297//9599 232//9599 1679//9599
f 1911//9600 1678//9600 2099//9600
f 1885//9601 2099//9601 1678//9601
f 1790//9602 1677//9602 1820//9602
f 1787//9603 1676//9603 1952//9603
f 1675//9604 1787//9604 1714//9604
f 2006//9605 1674//9605 2119//9605
f 1908//9606 2119//9606 1674//9606
f 1753//9607 1674//9607 2006//9607
f 1951//9608 1980//9608 1673//9608
f 2117//9609 2151//9609 1672//9609
f 1672//9610 2151//9610 1710//9610
f 1838//1578 1882//1578 1671//1578
f 1946//9611 2213//9611 1670//9611
f 1907//9612 1670//9612 2213//9612
f 1878//9613 1879//9613 1669//9613
f 1783//9614 1878//9614 1669//9614
f 1752//9615 1783//9615 1668//9615
f 1669//9616 1668//9616 1783//9616
f 1752//9617 1667//9617 1815//9617
f 1750//9617 1815//9617 1667//9617
f 1749//9475 1750//9475 1667//9475
f 1667//9618 1708//9618 1749//9618
f 1668//9619 1667//9619 1752//9619
f 1667//9620 1668//9620 1708//9620
f 1945//9621 1666//9621 2070//9621
f 1877//9622 1906//9622 1665//9622
f 1665//9623 1906//9623 1708//9623
f 1665//9624 1708//9624 1668//9624
f 1668//7 1669//7 1665//7
f 1977//9625 1946//9625 1664//9625
f 1781//9626 1977//9626 1664//9626
f 1782//9627 1663//9627 1836//9627
f 1904//9628 2001//9628 1662//9628
f 1748//9629 1662//9629 2001//9629
f 1662//9630 1701//9630 1904//9630
f 307//7817 2089//7817 585//7817
f 1903//9631 307//9631 585//9631
f 298//9632 1903//9632 585//9632
f 1701//9633 585//9633 2089//9633
f 1999//9634 1661//9634 2000//9634
f 1661//9635 1999//9635 1698//9635
f 1902//9636 1660//9636 1941//9636
f 1660//9637 1696//9637 1941//9637
f 1865//9638 1659//9638 1866//9638
f 1696//508 1660//508 1659//508
f 1774//9639 1658//9639 1865//9639
f 1696//9640 1658//9640 1744//9640
f 1659//9638 1865//9638 1658//9638
f 1659//9641 1658//9641 1696//9641
f 1744//9642 1657//9642 1809//9642
f 1743//9642 1809//9642 1657//9642
f 1741//9643 1657//9643 1774//9643
f 1741//9644 1743//9644 1657//9644
f 1658//9645 1774//9645 1657//9645
f 1658//9619 1657//9619 1744//9619
f 1974//9646 1656//9646 2146//9646
f 1940//9647 2146//9647 1656//9647
f 1869//9648 1655//9648 1934//9648
f 1773//9649 1934//9649 1655//9649
f 1740//9650 1654//9650 1864//9650
f 1864//9651 1653//9651 2045//9651
f 1863//9652 2045//9652 1653//9652
f 1654//2289 1653//2289 1864//2289
f 1738//9492 1652//9492 2024//9492
f 1766//9653 2026//9653 1651//9653
f 1898//9654 1650//9654 1992//9654
f 1861//9655 1992//9655 1650//9655
f 1771//9656 1650//9656 1898//9656
f 1765//9657 1861//9657 1650//9657
f 1764//9658 1767//9658 1649//9658
f 1649//9659 1688//9659 1764//9659
f 1854//9660 1648//9660 1990//9660
f 1768//9661 1990//9661 1648//9661
f 1651//9662 1768//9662 1648//9662
f 1651//9663 1648//9663 1766//9663
f 1859//9664 2080//9664 1647//9664
f 1858//9665 1859//9665 1647//9665
f 1730//9666 1647//9666 2080//9666
f 295//495 1646//495 234//495
f 2079//9667 1645//9667 2136//9667
f 2020//9668 1645//9668 2079//9668
f 1731//9669 1645//9669 2020//9669
f 1893//9670 2017//9670 1644//9670
f 1850//9671 1644//9671 2017//9671
f 1730//4549 1893//4549 1644//4549
f 293//692 2057//692 1643//692
f 1892//9672 1643//9672 2057//9672
f 1761//3454 1848//3454 1642//3454
f 1726//4588 1642//4588 1848//4588
f 1889//9673 1641//9673 1891//9673
f 2037//9674 1640//9674 2104//9674
f 1887//9675 2104//9675 1640//9675
f 306//9676 1640//9676 2037//9676
f 232//9677 1962//9677 296//9677
f 297//9678 232//9678 296//9678
f 297//9679 296//9679 1822//9679
f 1679//2245 232//2245 296//2245
f 1679//9680 296//9680 297//9680
f 1962//9681 2102//9681 1639//9681
f 1844//9682 1639//9682 2102//9682
f 296//9683 1962//9683 1639//9683
f 1952//9684 1638//9684 1984//9684
f 1756//9685 1984//9685 1638//9685
f 1676//9686 1638//9686 1952//9686
f 1841//9687 1637//9687 2035//9687
f 1821//9688 2035//9688 1637//9688
f 1716//9689 1820//9689 1636//9689
f 1677//9690 1636//9690 1820//9690
f 1675//9691 1636//9691 1677//9691
f 1838//9692 1635//9692 1883//9692
f 1784//9693 1883//9693 1635//9693
f 1908//9694 1634//9694 2152//9694
f 1907//9695 2152//9695 1634//9695
f 2070//9696 1633//9696 2093//9696
f 1666//9697 1633//9697 2070//9697
f 1977//9698 1632//9698 1948//9698
f 1837//9699 1948//9699 1632//9699
f 1781//9700 1632//9700 1977//9700
f 1879//9701 1880//9701 1631//9701
f 1669//9702 1879//9702 1631//9702
f 233//9703 1630//9703 586//9703
f 1709//9704 586//9704 1630//9704
f 1836//9705 1629//9705 1945//9705
f 1666//9706 1945//9706 1629//9706
f 1874//9707 1628//9707 1905//9707
f 1810//9708 1627//9708 1874//9708
f 1628//9709 1874//9709 1627//9709
f 298//9710 1626//9710 1975//9710
f 1778//9711 1975//9711 1626//9711
f 1870//9712 2048//9712 1625//9712
f 1695//9713 1625//9713 2048//9713
f 1808//9714 1624//9714 1869//9714
f 1655//9715 1869//9715 1624//9715
f 1866//9716 1623//9716 1867//9716
f 1659//9717 1623//9717 1866//9717
f 1659//9718 1660//9718 1623//9718
f 2067//9719 1622//9719 2047//9719
f 2066//3032 1621//3032 2067//3032
f 1622//9720 2067//9720 1621//9720
f 2065//9721 1620//9721 2066//9721
f 2064//9722 1620//9722 2065//9722
f 1932//9723 1936//9723 1619//9723
f 1862//9724 1932//9724 1619//9724
f 1771//9725 1863//9725 1618//9725
f 1653//9726 1618//9726 1863//9726
f 1773//9727 1617//9727 1897//9727
f 1769//9728 1897//9728 1617//9728
f 2025//9729 1616//9729 2026//9729
f 1651//9730 2026//9730 1616//9730
f 2024//9729 1615//9729 2025//9729
f 1652//9731 1615//9731 2024//9731
f 1616//9729 2025//9729 1615//9729
f 1688//9732 1614//9732 1693//9732
f 1688//9733 1649//9733 1614//9733
f 1693//9734 1805//9734 1613//9734
f 1691//9735 1613//9735 1805//9735
f 1688//9736 1693//9736 1613//9736
f 303//9737 1764//9737 1612//9737
f 1688//9738 1612//9738 1764//9738
f 1613//9739 1612//9739 1688//9739
f 1926//9740 1611//9740 2111//9740
f 1854//9741 2111//9741 1611//9741
f 234//9742 294//9742 1926//9742
f 295//9743 1800//9743 294//9743
f 1646//495 294//495 234//495
f 1646//495 295//495 294//495
f 1611//9744 1926//9744 294//9744
f 1611//17 294//17 1800//17
f 1927//9745 1610//9745 2019//9745
f 1762//9746 2019//9746 1610//9746
f 1847//9747 1609//9747 1965//9747
f 1728//9748 1965//9748 1609//9748
f 1888//9749 1891//9749 1608//9749
f 1641//9750 1608//9750 1891//9750
f 1795//9751 1888//9751 1607//9751
f 1608//9752 1607//9752 1888//9752
f 1963//9753 2014//9753 1605//9753
f 1760//9754 1605//9754 2014//9754
f 1886//9755 1604//9755 1961//9755
f 1914//9756 1604//9756 1886//9756
f 587//9757 1604//9757 1914//9757
f 1792//9758 1603//9758 1819//9758
f 1792//9759 1758//9759 1603//9759
f 1719//9760 1819//9760 1603//9760
f 1722//9761 1602//9761 1791//9761
f 1843//9762 1822//9762 1601//9762
f 1721//9763 1601//9763 1844//9763
f 1721//9764 1843//9764 1601//9764
f 296//9765 1601//9765 1822//9765
f 1639//9766 1844//9766 1601//9766
f 1639//9767 1601//9767 296//9767
f 1790//9768 1791//9768 1600//9768
f 1677//9769 1790//9769 1600//9769
f 1602//9770 1600//9770 1791//9770
f 1676//9771 1787//9771 1599//9771
f 1675//9772 1599//9772 1787//9772
f 1675//9773 1677//9773 1599//9773
f 1600//9774 1599//9774 1677//9774
f 1842//9775 1953//9775 1598//9775
f 1720//9776 1598//9776 1953//9776
f 1715//9777 1842//9777 1598//9777
f 1714//9778 1597//9778 1675//9778
f 1636//9779 1675//9779 1597//9779
f 1785//9780 1596//9780 1884//9780
f 1910//9781 1595//9781 1980//9781
f 1673//9781 1980//9781 1595//9781
f 1596//9782 1594//9782 1884//9782
f 1671//9783 1593//9783 1838//9783
f 1635//9784 1838//9784 1593//9784
f 2094//9785 2117//9785 1592//9785
f 1672//9786 1592//9786 2117//9786
f 1979//9787 2093//9787 1591//9787
f 1712//9788 1979//9788 1591//9788
f 1591//9789 2093//9789 1633//9789
f 1881//9790 1951//9790 1590//9790
f 1673//9791 1590//9791 1951//9791
f 1814//9792 2004//9792 1589//9792
f 1880//9793 1881//9793 1588//9793
f 1588//9794 1631//9794 1880//9794
f 1877//9795 1587//9795 1876//9795
f 1665//9796 1587//9796 1877//9796
f 1665//9797 1669//9797 1587//9797
f 1631//9798 1587//9798 1669//9798
f 1782//9799 1814//9799 1586//9799
f 1663//9345 1782//9345 1586//9345
f 1706//9800 1584//9800 2050//9800
f 1942//9801 2000//9801 1583//9801
f 1661//9802 1583//9802 2000//9802
f 1745//9481 1582//9481 1808//9481
f 1582//9803 1624//9803 1808//9803
f 1902//792 1871//792 1581//792
f 1660//9804 1902//9804 1581//9804
f 1581//9805 1623//9805 1660//9805
f 1697//9806 1870//9806 1580//9806
f 1580//9807 1870//9807 1625//9807
f 1746//9808 1579//9808 1901//9808
f 1867//9809 1578//9809 1868//9809
f 1578//9810 1867//9810 1623//9810
f 1578//9811 1623//9811 1581//9811
f 1868//8949 1577//8949 1936//8949
f 1577//8949 1619//8949 1936//8949
f 1933//9812 1575//9812 2114//9812
f 1807//9813 2114//9813 1575//9813
f 2028//9814 1574//9814 2064//9814
f 1620//9815 2064//9815 1574//9815
f 1693//9816 1573//9816 1770//9816
f 1573//9817 1693//9817 1614//9817
f 1831//9818 2022//9818 1572//9818
f 1802//669 1572//669 2022//669
f 1735//9819 1571//9819 1830//9819
f 1733//9820 1570//9820 1802//9820
f 1572//9821 1802//9821 1570//9821
f 1828//9822 1859//9822 1569//9822
f 1801//9823 1569//9823 1859//9823
f 290//9824 1828//9824 1569//9824
f 235//9825 303//9825 1568//9825
f 1685//2805 1851//2805 1567//2805
f 1971//9826 2059//9826 1566//9826
f 1731//9827 1827//9827 1565//9827
f 1684//9828 1565//9828 1827//9828
f 1645//9829 1731//9829 1565//9829
f 293//9830 292//9830 2109//9830
f 1851//9831 2109//9831 292//9831
f 1567//9832 1851//9832 292//9832
f 1847//9833 1849//9833 1564//9833
f 1761//9834 1564//9834 1849//9834
f 1609//9835 1847//9835 1563//9835
f 1564//9836 1563//9836 1847//9836
f 1846//9837 1825//9837 1562//9837
f 1724//9838 1846//9838 1562//9838
f 1922//9839 1561//9839 1889//9839
f 1681//9840 1561//9840 1922//9840
f 1641//9841 1889//9841 1561//9841
f 1961//9842 287//9842 2127//9842
f 306//9843 2127//9843 287//9843
f 1606//9844 306//9844 287//9844
f 1604//9845 287//9845 1961//9845
f 1759//9846 1560//9846 1845//9846
f 1723//9847 1845//9847 1560//9847
f 1680//9848 1560//9848 1759//9848
f 1723//9849 1559//9849 1823//9849
f 1722//9850 1823//9850 1559//9850
f 1821//9851 1558//9851 1913//9851
f 1757//9852 1913//9852 1558//9852
f 1784//9853 1557//9853 1841//9853
f 1637//9854 1841//9854 1557//9854
f 1594//9855 1596//9855 1556//9855
f 1882//9856 1884//9856 1555//9856
f 1671//9857 1882//9857 1555//9857
f 1594//9858 1555//9858 1884//9858
f 2051//9859 2094//9859 1554//9859
f 2033//9860 2051//9860 1554//9860
f 1592//9861 1554//9861 2094//9861
f 2004//9862 2033//9862 1553//9862
f 1589//9863 2004//9863 1553//9863
f 1554//9864 1553//9864 2033//9864
f 1590//9865 1552//9865 1881//9865
f 1588//9866 1881//9866 1552//9866
f 2031//9867 1551//9867 233//9867
f 1630//9868 233//9868 1551//9868
f 1835//9869 1876//9869 1550//9869
f 1631//9870 1588//9870 1550//9870
f 1587//9871 1550//9871 1876//9871
f 1587//9870 1631//9870 1550//9870
f 1663//9872 1549//9872 1836//9872
f 1629//9873 1836//9873 1549//9873
f 1585//9874 1549//9874 1663//9874
f 1707//9875 1834//9875 1548//9875
f 1834//9876 1905//9876 1546//9876
f 1628//9877 1546//9877 1905//9877
f 1548//9878 1834//9878 1546//9878
f 1548//9879 1546//9879 1586//9879
f 1627//9880 1810//9880 1545//9880
f 1778//9881 1544//9881 1833//9881
f 1702//9882 1833//9882 1544//9882
f 585//9883 1543//9883 298//9883
f 1626//9884 298//9884 1543//9884
f 1582//9885 1745//9885 1542//9885
f 1775//9886 1541//9886 1776//9886
f 1698//9887 1776//9887 1541//9887
f 1698//9888 1541//9888 1746//9888
f 1832//9889 1540//9889 1871//9889
f 1581//792 1871//792 1540//792
f 1578//9811 1581//9811 1540//9811
f 1996//9890 2047//9890 1539//9890
f 1622//9891 1539//9891 2047//9891
f 1578//9892 1538//9892 1868//9892
f 1577//9893 1868//9893 1538//9893
f 1540//9894 1538//9894 1578//9894
f 1621//9895 2066//9895 1537//9895
f 1620//9896 1537//9896 2066//9896
f 1806//9897 1994//9897 1536//9897
f 1770//9898 1536//9898 1994//9898
f 1772//9899 1831//9899 1535//9899
f 1572//9900 1535//9900 1831//9900
f 1766//9901 1534//9901 1800//9901
f 1648//9902 1854//9902 1534//9902
f 1648//9903 1534//9903 1766//9903
f 1611//9904 1534//9904 1854//9904
f 1611//9905 1800//9905 1534//9905
f 1735//9906 1931//9906 1533//9906
f 1732//9907 1533//9907 1931//9907
f 1798//9908 1828//9908 1532//9908
f 235//9909 1531//9909 1799//9909
f 1684//9910 1799//9910 1531//9910
f 1568//9911 1531//9911 235//9911
f 2110//9912 2136//9912 1530//9912
f 2059//9913 2110//9913 1530//9913
f 1645//3450 1530//3450 2136//3450
f 1566//9914 2059//9914 1530//9914
f 1826//9915 1529//9915 1966//9915
f 1797//9916 1966//9916 1529//9916
f 1683//9917 1529//9917 1826//9917
f 1682//9918 1795//9918 1528//9918
f 1607//9919 1528//9919 1795//9919
f 1920//9920 1963//9920 1527//9920
f 1605//9921 1527//9921 1963//9921
f 1916//9922 1526//9922 2126//9922
f 1793//9923 2126//9923 1526//9923
f 1885//9924 1525//9924 1917//9924
f 1824//9925 1917//9925 1525//9925
f 587//9926 304//9926 1524//9926
f 1718//9927 1524//9927 304//9927
f 236//9928 1523//9928 304//9928
f 1718//9929 304//9929 1523//9929
f 1716//9930 1523//9930 236//9930
f 1635//9931 1522//9931 1784//9931
f 1788//9932 1982//9932 1521//9932
f 1786//9933 1788//9933 1521//9933
f 1713//9934 1521//9934 1982//9934
f 1520//3593 1556//3593 1596//3593
f 1839//9935 1519//9935 1910//9935
f 1595//9936 1910//9936 1519//9936
f 1712//2412 1518//2412 1714//2412
f 1597//9937 1714//9937 1518//9937
f 1713//9938 1981//9938 1517//9938
f 1711//9939 1517//9939 1981//9939
f 1779//9940 591//9940 1810//9940
f 1545//9941 1810//9941 591//9941
f 1779//9942 1942//9942 1516//9942
f 1583//9943 1516//9943 1942//9943
f 1901//9944 1515//9944 1939//9944
f 1579//9945 1515//9945 1901//9945
f 1772//1471 1514//1471 1899//1471
f 1694//9946 1899//9946 1514//9946
f 1650//9947 1771//9947 1512//9947
f 1618//9948 1512//9948 1771//9948
f 1767//9949 1803//9949 1511//9949
f 1690//9950 1511//9950 1803//9950
f 1649//9951 1767//9951 1511//9951
f 1734//9952 1765//9952 1510//9952
f 1650//9953 1510//9953 1765//9953
f 1512//9954 1510//9954 1650//9954
f 1763//9955 1509//9955 1829//9955
f 1763//9956 1734//9956 1509//9956
f 1733//9957 1829//9957 1509//9957
f 1570//9958 1733//9958 1509//9958
f 1510//9959 1509//9959 1734//9959
f 1689//9960 1690//9960 1508//9960
f 1685//9961 1508//9961 1690//9961
f 1567//9962 1508//9962 1685//9962
f 1856//9963 1971//9963 1507//9963
f 1566//3757 1507//3757 1971//3757
f 1894//9964 1506//9964 1927//9964
f 1610//9965 1927//9965 1506//9965
f 1728//9966 1504//9966 1850//9966
f 1644//9967 1850//9967 1504//9967
f 1642//9968 1503//9968 1761//9968
f 1564//9969 1761//9969 1503//9969
f 1923//9970 2194//9970 1502//9970
f 1796//9971 1502//9971 2194//9971
f 1760//9972 1923//9972 1502//9972
f 1794//9973 2015//9973 1501//9973
f 1724//9974 1501//9974 2015//9974
f 1794//9975 1500//9975 2013//9975
f 1758//9976 2013//9976 1500//9976
f 1719//9977 1499//9977 1755//9977
f 1603//9978 1499//9978 1719//9978
f 1754//9979 1755//9979 1498//9979
f 1498//9980 1755//9980 1499//9980
f 1756//8833 1497//8833 1911//8833
f 1678//9981 1911//9981 1497//9981
f 1720//9982 1757//9982 1496//9982
f 1558//9983 1496//9983 1757//9983
f 1597//9984 1495//9984 1636//9984
f 1636//9985 1494//9985 1716//9985
f 1523//9986 1716//9986 1494//9986
f 1495//59 1494//59 1636//59
f 1715//9987 1493//9987 1785//9987
f 1598//9988 1493//9988 1715//9988
f 1596//9989 1785//9989 1493//9989
f 1789//9990 1492//9990 1840//9990
f 1753//9991 1840//9991 1492//9991
f 1817//372 1818//372 1491//372
f 1816//372 1817//372 1490//372
f 1491//372 1490//372 1817//372
f 1839//9992 1816//9992 1489//9992
f 1519//9993 1839//9993 1489//9993
f 1490//372 1489//372 1816//372
f 1711//9994 1837//9994 1488//9994
f 1632//9994 1488//9994 1837//9994
f 1589//9995 1487//9995 1814//9995
f 1586//9996 1814//9996 1487//9996
f 2002//9997 1486//9997 2031//9997
f 1551//9998 2031//9998 1486//9998
f 1780//9999 1835//9999 1485//9999
f 1552//10000 1485//10000 1588//10000
f 1550//10001 1485//10001 1835//10001
f 1550//10002 1588//10002 1485//10002
f 1705//429 1780//429 1484//429
f 1943//10003 2050//10003 1483//10003
f 1584//10004 1483//10004 2050//10004
f 591//501 241//501 1545//501
f 591//10005 1779//10005 590//10005
f 1516//10006 590//10006 1779//10006
f 241//10007 590//10007 1516//10007
f 1777//10008 1480//10008 1832//10008
f 1540//10008 1832//10008 1480//10008
f 1538//10009 1540//10009 1480//10009
f 1807//10010 1479//10010 1974//10010
f 1656//10010 1974//10010 1479//10010
f 1694//10011 1478//10011 1740//10011
f 1654//10012 1740//10012 1478//10012
f 1973//10013 1477//10013 2028//10013
f 1574//10014 2028//10014 1477//10014
f 1738//10015 1862//10015 1476//10015
f 1619//10016 1476//10016 1862//10016
f 1768//10017 1475//10017 1993//10017
f 1739//10017 1993//10017 1475//10017
f 1651//10018 1475//10018 1768//10018
f 1737//10019 1769//10019 1474//10019
f 1617//10020 1474//10020 1769//10020
f 1647//10021 1730//10021 1473//10021
f 1565//10022 1684//10022 1472//10022
f 1531//9205 1472//9205 1684//9205
f 1643//10023 291//10023 293//10023
f 292//10024 293//10024 291//10024
f 1505//10025 291//10025 1643//10025
f 1729//10026 1471//10026 2018//10026
f 1683//10027 2018//10027 1471//10027
f 1924//10028 1470//10028 2161//10028
f 1762//10029 1470//10029 1924//10029
f 1726//10030 2161//10030 1470//10030
f 1796//10031 1890//10031 1469//10031
f 1682//10032 1469//10032 1890//10032
f 1528//10033 1469//10033 1682//10033
f 300//10034 1468//10034 1680//10034
f 1560//10035 1680//10035 1468//10035
f 1919//10036 1920//10036 1467//10036
f 1527//10037 1467//10037 1920//10037
f 299//618 1824//618 1466//618
f 1525//10038 1466//10038 1824//10038
f 1603//10039 1758//10039 1465//10039
f 1500//10040 1465//10040 1758//10040
f 1465//10041 1499//10041 1603//10041
f 1916//10042 1955//10042 1464//10042
f 1526//10043 1916//10043 1464//10043
f 1955//10044 1986//10044 1463//10044
f 1464//10045 1955//10045 1463//10045
f 1602//10046 1722//10046 1462//10046
f 1559//10047 1462//10047 1722//10047
f 1717//10048 1754//10048 1461//10048
f 1498//10049 1461//10049 1754//10049
f 1717//10050 1460//10050 1718//10050
f 1524//10051 1718//10051 1460//10051
f 1460//10052 1717//10052 1461//10052
f 1638//10053 1676//10053 1459//10053
f 1599//10054 1459//10054 1676//10054
f 1786//10055 1458//10055 1818//10055
f 1521//10056 1458//10056 1786//10056
f 1458//10057 1491//10057 1818//10057
f 1593//10058 1457//10058 1635//10058
f 1670//10059 1456//10059 1946//10059
f 1664//10060 1946//10060 1456//10060
f 1707//10061 1455//10061 2002//10061
f 1548//10062 1455//10062 1707//10062
f 1486//10063 2002//10063 1455//10063
f 1664//10064 1454//10064 1781//10064
f 1547//10064 1781//10064 1454//10064
f 1706//10065 1812//10065 1453//10065
f 1542//10066 1451//10066 1582//10066
f 1481//10067 1451//10067 1542//10067
f 1777//10068 1747//10068 1450//10068
f 1698//10069 1746//10069 1449//10069
f 1697//10070 1449//10070 1746//10070
f 1580//10071 1448//10071 1697//10071
f 1579//10072 1746//10072 1447//10072
f 1541//10073 1447//10073 1746//10073
f 308//10074 1996//10074 1446//10074
f 1539//10075 1446//10075 1996//10075
f 1653//8266 1654//8266 1445//8266
f 1655//10076 1444//10076 1773//10076
f 1617//10077 1773//10077 1444//10077
f 1614//10078 1442//10078 1573//10078
f 1614//10079 1649//10079 1441//10079
f 1511//10080 1441//10080 1649//10080
f 1442//10081 1614//10081 1441//10081
f 1509//10082 1440//10082 1570//10082
f 1440//10083 1509//10083 1439//10083
f 1691//10084 1830//10084 1438//10084
f 1613//10085 1691//10085 1438//10085
f 1571//10086 1438//10086 1830//10086
f 1687//10087 1689//10087 1437//10087
f 1508//10088 1437//10088 1689//10088
f 1612//10089 1436//10089 303//10089
f 1568//10090 303//10090 1436//10090
f 1687//10091 1435//10091 1736//10091
f 1686//10092 1736//10092 1435//10092
f 1437//10093 1435//10093 1687//10093
f 1686//10094 588//10094 1801//10094
f 1569//10095 1801//10095 588//10095
f 1569//10096 588//10096 290//10096
f 1435//10097 588//10097 1686//10097
f 1857//10098 1858//10098 1434//10098
f 1647//10099 1434//10099 1858//10099
f 1434//10100 1647//10100 1473//10100
f 1894//10101 1852//10101 1433//10101
f 1506//10102 1894//10102 1433//10102
f 1565//10103 1432//10103 1645//10103
f 1530//10104 1645//10104 1432//10104
f 1472//10105 1432//10105 1565//10105
f 1798//10106 1431//10106 1967//10106
f 1729//623 1967//623 1431//623
f 1532//10107 1431//10107 1798//10107
f 1610//10108 1430//10108 1762//10108
f 1430//10109 1470//10109 1762//10109
f 1642//10110 1726//10110 1429//10110
f 1503//10111 1642//10111 1429//10111
f 1605//10112 1760//10112 1428//10112
f 1502//10113 1428//10113 1760//10113
f 1561//10114 1427//10114 1641//10114
f 1560//10115 1426//10115 1723//10115
f 1559//10116 1723//10116 1426//10116
f 1468//10117 1426//10117 1560//10117
f 300//10118 299//10118 1425//10118
f 1468//10119 300//10119 1425//10119
f 1466//10120 1425//10120 299//10120
f 1986//10121 1957//10121 1424//10121
f 1463//10122 1986//10122 1424//10122
f 1637//10123 238//10123 1821//10123
f 1558//10124 1821//10124 238//10124
f 1598//10125 1720//10125 1423//10125
f 1496//10126 1423//10126 1720//10126
f 1493//10127 1598//10127 1423//10127
f 1518//10128 1422//10128 1597//10128
f 1495//10128 1597//10128 1422//10128
f 1674//10129 1753//10129 289//10129
f 1492//10130 289//10130 1753//10130
f 1521//10131 1713//10131 1421//10131
f 1517//10132 1421//10132 1713//10132
f 1586//10133 1420//10133 1663//10133
f 1546//10134 1420//10134 1586//10134
f 1482//10135 1547//10135 1419//10135
f 1812//10136 1873//10136 1418//10136
f 1811//10137 1418//10137 1873//10137
f 1453//10138 1812//10138 1418//10138
f 1418//5435 1811//5435 1417//5435
f 1626//10139 1416//10139 1778//10139
f 1544//10140 1778//10140 1416//10140
f 1543//10141 1416//10141 1626//10141
f 1541//10142 1775//10142 1415//10142
f 1447//10143 1541//10143 1415//10143
f 1624//9803 1582//9803 1414//9803
f 1451//10144 1414//10144 1582//10144
f 1745//10145 1940//10145 1413//10145
f 1656//10146 1413//10146 1940//10146
f 1478//10012 1412//10012 1654//10012
f 1445//5895 1654//5895 1412//5895
f 1739//10147 1411//10147 1933//10147
f 1575//10148 1933//10148 1411//10148
f 1475//10149 1411//10149 1739//10149
f 1973//10150 1938//10150 1410//10150
f 1477//4130 1973//4130 1410//4130
f 1618//10151 1653//10151 1409//10151
f 1513//10152 1618//10152 1409//10152
f 1445//10151 1409//10151 1653//10151
f 1514//10153 1408//10153 1694//10153
f 1478//10154 1694//10154 1408//10154
f 1573//10155 1407//10155 1770//10155
f 1536//10156 1770//10156 1407//10156
f 1513//683 1406//683 1618//683
f 1512//10157 1618//10157 1406//10157
f 1510//10158 1512//10158 1406//10158
f 1509//8202 1510//8202 1406//8202
f 1571//10159 1735//10159 1405//10159
f 1533//10160 1405//10160 1735//10160
f 1732//10161 1856//10161 1404//10161
f 1507//10162 1404//10162 1856//10162
f 1531//10163 1568//10163 1403//10163
f 290//10164 1402//10164 1828//10164
f 1532//10165 1828//10165 1402//10165
f 1725//10166 1887//10166 1401//10166
f 1725//10167 1401//10167 1825//10167
f 1640//10168 1401//10168 1887//10168
f 1562//10169 1400//10169 1724//10169
f 1501//10170 1724//10170 1400//10170
f 1502//10171 1796//10171 1399//10171
f 1469//10172 1399//10172 1796//10172
f 1681//10173 1793//10173 1398//10173
f 1561//10174 1681//10174 1398//10174
f 1526//10175 1398//10175 1793//10175
f 1427//10176 1561//10176 1398//10176
f 1919//10177 1397//10177 1918//10177
f 1467//10178 1397//10178 1919//10178
f 1918//10179 1396//10179 1957//10179
f 1396//10180 1424//10180 1957//10180
f 1396//10181 1918//10181 1397//10181
f 1604//9757 587//9757 1395//9757
f 1524//10182 1395//10182 587//10182
f 1678//10183 1394//10183 1885//10183
f 1525//10184 1885//10184 1394//10184
f 1638//10185 1393//10185 1756//10185
f 1497//10186 1756//10186 1393//10186
f 1496//10187 1558//10187 1392//10187
f 1392//10188 1423//10188 1496//10188
f 1522//10189 1635//10189 1391//10189
f 1457//10190 1391//10190 1635//10190
f 1556//10191 1390//10191 1594//10191
f 1591//10192 1389//10192 1712//10192
f 1518//10193 1712//10193 1389//10193
f 1674//9790 1388//9790 1908//9790
f 1634//10194 1908//10194 1388//10194
f 289//10195 1388//10195 1674//10195
f 1590//9791 1673//9791 1387//9791
f 1593//1665 1671//1665 1386//1665
f 1555//10196 1385//10196 1671//10196
f 1555//10197 1594//10197 1385//10197
f 1390//10198 1385//10198 1594//10198
f 1386//10199 1671//10199 1385//10199
f 1670//10200 1907//10200 1384//10200
f 1634//10200 1384//10200 1907//10200
f 1548//10201 1586//10201 1383//10201
f 1487//10202 1383//10202 1586//10202
f 1455//10203 1548//10203 1383//10203
f 1632//10204 1781//10204 1382//10204
f 1547//10205 1382//10205 1781//10205
f 1488//10206 1632//10206 1382//10206
f 1875//10207 1943//10207 1381//10207
f 1748//10208 1875//10208 1381//10208
f 1483//10209 1381//10209 1943//10209
f 1702//10210 1380//10210 1811//10210
f 1417//1431 1811//1431 1380//1431
f 1624//10211 1379//10211 1655//10211
f 1444//10212 1655//10212 1379//10212
f 1414//10213 1379//10213 1624//10213
f 1938//10214 1939//10214 1378//10214
f 1515//10215 1378//10215 1939//10215
f 1378//10216 1410//10216 1938//10216
f 1570//10217 239//10217 1572//10217
f 1440//10218 239//10218 1570//10218
f 1439//1009 1509//1009 589//1009
f 1406//10219 589//10219 1509//10219
f 1612//10220 1613//10220 1377//10220
f 1438//10221 1377//10221 1613//10221
f 1436//10222 1612//10222 1377//10222
f 1896//10223 1857//10223 1376//10223
f 1434//10224 1376//10224 1857//10224
f 1508//10225 1567//10225 1375//10225
f 1437//10226 1508//10226 1375//10226
f 1895//10227 1896//10227 1374//10227
f 1376//10228 1374//10228 1896//10228
f 1853//10229 1895//10229 1373//10229
f 1374//10230 1373//10230 1895//10230
f 1852//10231 1853//10231 1372//10231
f 1433//10232 1852//10232 1372//10232
f 1373//10233 1372//10233 1853//10233
f 1530//2703 1371//2703 1566//2703
f 1507//6558 1566//6558 1371//6558
f 1472//10234 1531//10234 1370//10234
f 1403//10235 1370//10235 1531//10235
f 1432//10104 1369//10104 1530//10104
f 1371//2703 1530//2703 1369//2703
f 292//10236 240//10236 293//10236
f 292//10237 240//10237 1567//10237
f 291//10238 293//10238 240//10238
f 1375//10239 1567//10239 240//10239
f 1644//10240 1368//10240 1730//10240
f 1504//10241 1368//10241 1644//10241
f 1473//10242 1730//10242 1368//10242
f 1609//10243 1367//10243 1728//10243
f 1504//10244 1728//10244 1367//10244
f 1470//10245 1366//10245 1726//10245
f 1429//10246 1726//10246 1366//10246
f 1727//10247 1365//10247 1892//10247
f 1727//10248 1797//10248 1365//10248
f 1643//10249 1892//10249 1365//10249
f 1529//10250 1683//10250 1364//10250
f 1471//10251 1364//10251 1683//10251
f 1608//10252 1641//10252 1363//10252
f 1427//10253 1363//10253 1641//10253
f 1462//10254 1362//10254 1602//10254
f 1599//10255 1600//10255 1361//10255
f 1459//337 1599//337 1361//337
f 1557//10256 285//10256 1637//10256
f 238//10257 1637//10257 285//10257
f 1717//10258 1360//10258 1789//10258
f 1717//10259 1718//10259 1360//10259
f 1492//10260 1789//10260 1360//10260
f 1457//10261 1593//10261 1359//10261
f 1386//10262 1359//10262 1593//10262
f 1517//10263 1711//10263 1358//10263
f 1488//10264 1358//10264 1711//10264
f 1552//10265 1590//10265 1357//10265
f 1387//10266 1357//10266 1590//10266
f 1452//10267 1482//10267 1356//10267
f 1419//10268 1356//10268 1482//10268
f 1481//10269 1452//10269 1355//10269
f 1451//10270 1481//10270 1355//10270
f 1356//10271 1355//10271 1452//10271
f 237//10272 308//10272 1354//10272
f 1775//10273 237//10273 1354//10273
f 1446//10274 1354//10274 308//10274
f 1415//10275 1775//10275 1354//10275
f 1538//10276 1353//10276 1577//10276
f 1480//10277 1353//10277 1538//10277
f 1619//10278 1577//10278 1352//10278
f 1476//10279 1619//10279 1352//10279
f 1353//10280 1352//10280 1577//10280
f 1474//8949 1617//8949 1351//8949
f 1444//10281 1351//10281 1617//10281
f 1652//10282 1738//10282 1349//10282
f 1476//10283 1349//10283 1738//10283
f 1475//10284 1651//10284 1348//10284
f 1535//10285 1572//10285 1347//10285
f 239//10286 1347//10286 1572//10286
f 1692//10287 1737//10287 1346//10287
f 1692//10288 1346//10288 1690//10288
f 1474//10289 1346//10289 1737//10289
f 1439//10290 1345//10290 1440//10290
f 589//10291 1345//10291 1439//10291
f 1430//10292 1610//10292 1344//10292
f 1562//10293 1825//10293 1343//10293
f 1401//10294 1343//10294 1825//10294
f 1640//10295 306//10295 288//10295
f 1606//6818 288//6818 306//6818
f 287//10296 306//10296 288//10296
f 287//10297 288//10297 1606//10297
f 1501//10298 1342//10298 1794//10298
f 1500//10299 1794//10299 1342//10299
f 1607//10300 1608//10300 1341//10300
f 1363//10301 1341//10301 1608//10301
f 1528//10302 1607//10302 1340//10302
f 1341//9056 1340//9056 1607//9056
f 1428//10303 1339//10303 1605//10303
f 1527//10304 1605//10304 1338//10304
f 1339//10305 1338//10305 1605//10305
f 1426//10306 1468//10306 1337//10306
f 1425//10307 1337//10307 1468//10307
f 1462//10308 1559//10308 1336//10308
f 1426//10309 1336//10309 1559//10309
f 1337//10310 1336//10310 1426//10310
f 1466//6531 1525//6531 1335//6531
f 1425//4075 1466//4075 1335//4075
f 1394//10311 1335//10311 1525//10311
f 1499//10312 1334//10312 1498//10312
f 1499//10313 1465//10313 1334//10313
f 1600//10314 1602//10314 1333//10314
f 1362//157 1333//157 1602//157
f 1333//10315 1361//10315 1600//10315
f 1459//10316 1332//10316 1638//10316
f 1393//10317 1638//10317 1332//10317
f 1331//10318 285//10318 238//10318
f 286//2923 1331//2923 238//2923
f 1331//10319 286//10319 285//10319
f 1557//10320 1784//10320 1330//10320
f 1522//10321 1330//10321 1784//10321
f 1330//10322 285//10322 1557//10322
f 1485//10323 1329//10323 1780//10323
f 1485//10324 1552//10324 1329//10324
f 1484//10325 1780//10325 1329//10325
f 1357//10326 1329//10326 1552//10326
f 1454//10327 1327//10327 1547//10327
f 1419//10328 1547//10328 1327//10328
f 1416//10329 1543//10329 1326//10329
f 1543//10330 585//10330 1325//10330
f 1326//10045 1543//10045 1325//10045
f 1544//10331 1324//10331 1702//10331
f 1380//10332 1702//10332 1324//10332
f 1535//10333 1323//10333 1772//10333
f 1514//10334 1772//10334 1323//10334
f 1323//10335 1535//10335 1347//10335
f 1438//10336 1571//10336 1322//10336
f 1405//10337 1322//10337 1571//10337
f 1436//10338 1321//10338 1568//10338
f 1403//10339 1568//10339 1321//10339
f 1533//10340 1732//10340 1320//10340
f 1404//10341 1320//10341 1732//10341
f 1370//10342 1403//10342 1319//10342
f 1321//10343 1319//10343 1403//10343
f 1402//10344 290//10344 284//10344
f 1432//10345 1472//10345 1318//10345
f 1370//10346 1318//10346 1472//10346
f 1369//10347 1432//10347 1318//10347
f 1506//2828 1317//2828 1610//2828
f 1317//10348 1344//10348 1610//10348
f 1471//10349 1729//10349 1316//10349
f 1431//623 1316//623 1729//623
f 1563//10350 1315//10350 1609//10350
f 1367//10351 1609//10351 1315//10351
f 1563//10352 1564//10352 1314//10352
f 1503//10353 1314//10353 1564//10353
f 1315//10354 1563//10354 1314//10354
f 1505//10355 1643//10355 1313//10355
f 1529//10356 1312//10356 1797//10356
f 1365//10357 1797//10357 1312//10357
f 1398//10358 1526//10358 1311//10358
f 1497//10359 1310//10359 1678//10359
f 1394//10360 1678//10360 1310//10360
f 1523//10361 1309//10361 1718//10361
f 1360//10362 1718//10362 1309//10362
f 1391//10363 1308//10363 1522//10363
f 1330//10364 1522//10364 1308//10364
f 1520//184 1596//184 1307//184
f 1493//10365 1307//10365 1596//10365
f 1423//10366 1307//10366 1493//10366
f 1494//10367 1495//10367 1306//10367
f 1422//10368 1306//10368 1495//10368
f 1556//10369 1520//10369 1305//10369
f 1390//10370 1556//10370 1305//10370
f 1307//10371 1305//10371 1520//10371
f 1422//10372 1518//10372 1304//10372
f 1389//10373 1304//10373 1518//10373
f 1595//10374 1303//10374 1673//10374
f 1387//10374 1673//10374 1303//10374
f 1382//10375 1302//10375 1488//10375
f 1358//10376 1488//10376 1302//10376
f 1456//10377 1301//10377 1664//10377
f 1454//10378 1664//10378 1301//10378
f 1585//10379 1663//10379 1300//10379
f 1420//10380 1300//10380 1663//10380
f 1328//10381 1585//10381 1300//10381
f 1662//10382 1748//10382 1299//10382
f 1381//10383 1299//10383 1748//10383
f 1703//10384 1704//10384 1298//10384
f 1700//623 1703//623 1298//623
f 1699//10385 1700//10385 1297//10385
f 1298//10386 1297//10386 1700//10386
f 1297//10387 1296//10387 1699//10387
f 1449//10388 1295//10388 1698//10388
f 1414//10144 1451//10144 1294//10144
f 1355//10389 1294//10389 1451//10389
f 1480//10390 1777//10390 1293//10390
f 1450//10391 1293//10391 1777//10391
f 1353//10392 1480//10392 1293//10392
f 1479//10393 1292//10393 1656//10393
f 1413//10394 1656//10394 1292//10394
f 1575//10395 1291//10395 1807//10395
f 1479//10395 1807//10395 1291//10395
f 1537//6178 1290//6178 1621//6178
f 1536//10396 1289//10396 1806//10396
f 1409//10397 1288//10397 1513//10397
f 1406//10398 1513//10398 1288//10398
f 1442//10399 1287//10399 1573//10399
f 1407//10400 1573//10400 1287//10400
f 1616//10401 1286//10401 1651//10401
f 1348//530 1651//530 1286//530
f 1615//3553 1285//3553 1616//3553
f 1286//3553 1616//3553 1285//3553
f 1615//10402 1652//10402 1284//10402
f 1349//10403 1284//10403 1652//10403
f 1285//3553 1615//3553 1284//3553
f 1408//10404 1514//10404 1283//10404
f 1511//10405 1690//10405 1282//10405
f 1346//10406 1282//10406 1690//10406
f 1377//10407 1438//10407 1281//10407
f 1377//10408 1281//10408 1436//10408
f 1322//10409 1281//10409 1438//10409
f 1321//10410 1436//10410 1281//10410
f 1435//10411 1437//10411 1280//10411
f 1375//10412 1280//10412 1437//10412
f 588//10413 242//10413 290//10413
f 588//10414 1435//10414 242//10414
f 284//10415 290//10415 242//10415
f 1280//10416 242//10416 1435//10416
f 1404//10417 1507//10417 1279//10417
f 1371//10418 1279//10418 1507//10418
f 1369//692 1278//692 1371//692
f 1318//10347 1278//10347 1369//10347
f 1279//692 1371//692 1278//692
f 1368//10419 1277//10419 1473//10419
f 1366//10420 1470//10420 1276//10420
f 1428//10421 1502//10421 1275//10421
f 1340//10422 1274//10422 1528//10422
f 1337//10307 1425//10307 1273//10307
f 1335//2409 1273//2409 1425//2409
f 1362//10423 1462//10423 1272//10423
f 1336//10424 1272//10424 1462//10424
f 1460//10425 1271//10425 1524//10425
f 1395//10426 1524//10426 1271//10426
f 1361//10427 1270//10427 1459//10427
f 1361//10428 1333//10428 1270//10428
f 1332//10429 1459//10429 1270//10429
f 238//10430 1269//10430 1558//10430
f 1392//10431 1558//10431 1269//10431
f 1423//10432 1392//10432 1269//10432
f 1269//10433 1307//10433 1423//10433
f 1309//10434 1523//10434 1268//10434
f 1494//10435 1267//10435 1523//10435
f 1306//10436 1267//10436 1494//10436
f 1268//10437 1523//10437 1267//10437
f 1458//10438 1521//10438 1265//10438
f 1421//10439 1265//10439 1521//10439
f 1418//10440 1264//10440 1453//10440
f 1417//10441 1264//10441 1418//10441
f 1701//10442 1662//10442 1263//10442
f 585//10443 1701//10443 1263//10443
f 1325//10444 585//10444 1263//10444
f 1356//189 1419//189 1262//189
f 1355//10445 1356//10445 1262//10445
f 1327//189 1262//189 1419//189
f 1441//10446 1511//10446 1261//10446
f 1261//10447 1511//10447 1282//10447
f 239//10448 1440//10448 283//10448
f 589//10449 1406//10449 283//10449
f 589//10450 239//10450 283//10450
f 1345//10451 283//10451 1440//10451
f 1345//10452 589//10452 283//10452
f 1288//10453 283//10453 1406//10453
f 1405//10454 1533//10454 1260//10454
f 1320//10455 1260//10455 1533//10455
f 1319//10456 1321//10456 1259//10456
f 1281//244 1322//244 1259//244
f 1281//10457 1259//10457 1321//10457
f 1314//10353 1503//10353 1258//10353
f 1400//10458 1562//10458 1257//10458
f 1343//10459 1257//10459 1562//10459
f 1469//10460 1528//10460 1256//10460
f 1399//10461 1469//10461 1256//10461
f 1274//10462 1256//10462 1528//10462
f 1399//10463 1255//10463 1502//10463
f 1275//10464 1502//10464 1255//10464
f 1256//3527 1255//3527 1399//3527
f 1398//2412 1254//2412 1427//2412
f 1363//10465 1427//10465 1254//10465
f 1311//10466 1254//10466 1398//10466
f 287//10467 1604//10467 1253//10467
f 1395//10468 1253//10468 1604//10468
f 1335//10469 1394//10469 1252//10469
f 1310//10470 1252//10470 1394//10470
f 1273//10471 1335//10471 1252//10471
f 1461//10472 1498//10472 1251//10472
f 1334//10473 1251//10473 1498//10473
f 1461//10474 1250//10474 1460//10474
f 1271//10475 1460//10475 1250//10475
f 1251//10476 1250//10476 1461//10476
f 1333//10477 1362//10477 1249//10477
f 1272//10478 1249//10478 1362//10478
f 1270//10479 1333//10479 1249//10479
f 1393//10480 1248//10480 1497//10480
f 1310//10481 1497//10481 1248//10481
f 289//10482 1492//10482 280//10482
f 1360//10483 280//10483 1492//10483
f 1266//10484 280//10484 289//10484
f 1306//10485 1422//10485 1247//10485
f 1304//10486 1247//10486 1422//10486
f 1709//10487 1246//10487 1751//10487
f 1630//10488 1245//10488 1709//10488
f 1246//10489 1709//10489 1245//10489
f 1456//10490 1670//10490 1244//10490
f 1384//10491 1244//10491 1670//10491
f 1482//10492 1243//10492 1547//10492
f 1382//10493 1547//10493 1243//10493
f 1302//10494 1382//10494 1243//10494
f 1584//10495 1706//10495 1241//10495
f 1453//10496 1241//10496 1706//10496
f 1327//10497 1454//10497 1240//10497
f 1301//10498 1240//10498 1454//10498
f 1325//156 1239//156 1326//156
f 1263//10499 1662//10499 1239//10499
f 1263//156 1239//156 1325//156
f 1380//1431 1238//1431 1417//1431
f 1264//10500 1417//10500 1238//10500
f 1294//10501 1355//10501 1237//10501
f 1262//10445 1237//10445 1355//10445
f 1449//10502 1697//10502 1235//10502
f 1448//10503 1235//10503 1697//10503
f 1542//10504 1745//10504 1234//10504
f 1413//10505 1234//10505 1745//10505
f 1379//10506 1414//10506 1232//10506
f 1294//10507 1232//10507 1414//10507
f 1415//10508 1231//10508 1447//10508
f 1354//10509 1231//10509 1415//10509
f 1379//10510 1230//10510 1444//10510
f 1232//10511 1230//10511 1379//10511
f 1412//10512 1229//10512 1445//10512
f 1409//10513 1445//10513 1228//10513
f 1288//10514 1409//10514 1228//10514
f 1229//10515 1228//10515 1445//10515
f 1352//10516 1227//10516 1476//10516
f 1349//10517 1476//10517 1227//10517
f 1412//10518 1478//10518 1226//10518
f 1229//10519 1412//10519 1226//10519
f 1407//10520 1225//10520 1536//10520
f 1351//10521 1224//10521 1474//10521
f 1346//10522 1474//10522 1224//10522
f 1441//530 1223//530 1442//530
f 1287//10399 1442//10399 1223//10399
f 1261//10523 1223//10523 1441//10523
f 1322//10524 1405//10524 1222//10524
f 1260//10525 1222//10525 1405//10525
f 1259//10526 1322//10526 1222//10526
f 1320//10527 1404//10527 1221//10527
f 1279//10528 1221//10528 1404//10528
f 1319//10529 1220//10529 1370//10529
f 1318//10530 1370//10530 1220//10530
f 1278//10531 1318//10531 1220//10531
f 240//10532 1219//10532 1375//10532
f 1280//10533 1375//10533 1219//10533
f 1368//10534 1504//10534 1218//10534
f 1367//10535 1218//10535 1504//10535
f 1277//10536 1368//10536 1218//10536
f 1470//10537 1430//10537 1217//10537
f 1344//10538 1217//10538 1430//10538
f 292//10539 293//10539 282//10539
f 291//10540 282//10540 293//10540
f 291//10541 292//10541 282//10541
f 291//10542 1505//10542 282//10542
f 1313//10543 282//10543 1505//10543
f 1429//10544 1216//10544 1503//10544
f 1366//10545 1216//10545 1429//10545
f 1276//10546 1216//10546 1366//10546
f 1258//10547 1503//10547 1216//10547
f 1364//10548 1215//10548 1529//10548
f 1312//10549 1529//10549 1215//10549
f 1400//10550 1214//10550 1501//10550
f 1342//10551 1501//10551 1214//10551
f 1257//10552 1214//10552 1400//10552
f 1467//10553 1527//10553 1213//10553
f 1397//10554 1467//10554 1213//10554
f 1338//10510 1213//10510 1527//10510
f 1338//10555 1339//10555 1213//10555
f 1465//10556 1500//10556 1212//10556
f 1334//10557 1465//10557 1212//10557
f 1336//10558 1337//10558 1211//10558
f 1273//10559 1211//10559 1337//10559
f 1272//10560 1336//10560 1211//10560
f 1332//10561 1210//10561 1393//10561
f 1270//10562 1210//10562 1332//10562
f 1210//10563 1270//10563 1249//10563
f 1248//10564 1393//10564 1210//10564
f 286//10565 238//10565 281//10565
f 285//10566 286//10566 281//10566
f 1269//10567 238//10567 281//10567
f 1519//10568 1208//10568 1595//10568
f 1303//10569 1595//10569 1208//10569
f 1385//10570 1390//10570 1207//10570
f 1305//10571 1207//10571 1390//10571
f 1710//10572 1751//10572 1206//10572
f 1206//10573 1751//10573 1246//10573
f 1265//10574 1421//10574 1205//10574
f 1388//10575 1204//10575 1634//10575
f 1384//10265 1634//10265 1204//10265
f 1551//10576 1203//10576 1630//10576
f 1245//10577 1630//10577 1203//10577
f 1627//10578 1202//10578 1628//10578
f 1545//10579 1201//10579 1627//10579
f 1202//10580 1627//10580 1201//10580
f 1299//10581 1200//10581 1662//10581
f 1200//10582 1239//10582 1662//10582
f 1324//10583 1199//10583 1380//10583
f 1238//10584 1380//10584 1199//10584
f 1698//10585 1198//10585 1661//10585
f 1295//10586 1198//10586 1698//10586
f 1515//10587 1579//10587 1197//10587
f 1447//10588 1197//10588 1579//10588
f 1378//10589 1515//10589 1197//10589
f 1231//10590 1197//10590 1447//10590
f 1411//10591 1475//10591 1196//10591
f 1348//10592 1196//10592 1475//10592
f 1347//10593 239//10593 1195//10593
f 283//10594 1195//10594 239//10594
f 1278//9291 1194//9291 1279//9291
f 1221//10595 1279//10595 1194//10595
f 1194//10596 1278//10596 1220//10596
f 1431//10597 1532//10597 1193//10597
f 1402//10598 1193//10598 1532//10598
f 1433//10599 1192//10599 1506//10599
f 1372//10600 1192//10600 1433//10600
f 1317//10601 1506//10601 1192//10601
f 1344//10602 1317//10602 1192//10602
f 1192//10603 1217//10603 1344//10603
f 1276//10604 1470//10604 1191//10604
f 1217//10605 1191//10605 1470//10605
f 1216//530 1276//530 1191//530
f 1364//10606 1471//10606 1190//10606
f 1316//10607 1190//10607 1471//10607
f 1190//10608 1215//10608 1364//10608
f 288//10609 287//10609 1189//10609
f 1253//10610 1189//10610 287//10610
f 1341//10611 1363//10611 1188//10611
f 1340//10612 1341//10612 1188//10612
f 1254//10613 1188//10613 1363//10613
f 1464//10614 1187//10614 1526//10614
f 1311//10615 1526//10615 1187//10615
f 1254//10616 1311//10616 1187//10616
f 1188//10617 1254//10617 1187//10617
f 1252//10618 1310//10618 1186//10618
f 1252//10619 1186//10619 1273//10619
f 1248//10620 1186//10620 1310//10620
f 1211//10621 1273//10621 1186//10621
f 1491//10622 1458//10622 1185//10622
f 1265//10623 1185//10623 1458//10623
f 1490//72 1491//72 1184//72
f 1209//10624 1490//10624 1184//10624
f 1185//72 1184//72 1491//72
f 1489//72 1490//72 1183//72
f 1209//2703 1183//2703 1490//2703
f 1489//10625 1182//10625 1519//10625
f 1208//10626 1519//10626 1182//10626
f 1183//72 1182//72 1489//72
f 1183//425 1209//425 1182//425
f 1359//10627 1386//10627 1181//10627
f 1388//10628 289//10628 1180//10628
f 280//10629 1180//10629 289//10629
f 1204//10630 1388//10630 1180//10630
f 1385//6566 1179//6566 1386//6566
f 1207//10631 1179//10631 1385//10631
f 1181//10632 1386//10632 1179//10632
f 1421//10633 1517//10633 1178//10633
f 1358//10634 1178//10634 1517//10634
f 1205//10635 1421//10635 1178//10635
f 1357//10636 1387//10636 1177//10636
f 241//10637 1176//10637 1545//10637
f 1201//10638 1545//10638 1176//10638
f 1262//189 1327//189 1175//189
f 1240//189 1175//189 1327//189
f 1237//10445 1262//10445 1175//10445
f 1416//10639 1174//10639 1544//10639
f 1324//10640 1544//10640 1174//10640
f 1199//10641 1324//10641 1174//10641
f 1481//10642 1542//10642 1173//10642
f 1234//10643 1173//10643 1542//10643
f 1352//10644 1353//10644 1172//10644
f 1293//10645 1172//10645 1353//10645
f 1227//10646 1352//10646 1172//10646
f 1411//10647 1171//10647 1575//10647
f 1291//5406 1575//5406 1171//5406
f 1621//10648 593//10648 1622//10648
f 1290//10649 593//10649 1621//10649
f 1351//10650 1444//10650 1170//10650
f 1230//10651 1170//10651 1444//10651
f 1224//10652 1351//10652 1170//10652
f 1289//10653 1536//10653 1169//10653
f 1225//10654 1169//10654 1536//10654
f 1323//10655 1168//10655 1514//10655
f 1283//10656 1514//10656 1168//10656
f 1260//10657 1320//10657 1167//10657
f 1221//10658 1167//10658 1320//10658
f 1194//10659 1167//10659 1221//10659
f 1259//10660 1166//10660 1319//10660
f 1222//10661 1260//10661 1166//10661
f 1222//10662 1166//10662 1259//10662
f 1220//10663 1319//10663 1166//10663
f 1220//10664 1166//10664 1194//10664
f 1167//4949 1166//4949 1260//4949
f 1167//353 1194//353 1166//353
f 1473//10665 1165//10665 1434//10665
f 1277//10666 1165//10666 1473//10666
f 1218//10667 1165//10667 1277//10667
f 1315//10668 1164//10668 1367//10668
f 1218//10669 1367//10669 1164//10669
f 1165//10670 1218//10670 1164//10670
f 1401//10671 1640//10671 1163//10671
f 288//10672 1163//10672 1640//10672
f 1163//10673 288//10673 1189//10673
f 1274//10674 1340//10674 1162//10674
f 1188//10675 1162//10675 1340//10675
f 1249//10676 1272//10676 1161//10676
f 1211//10677 1161//10677 1272//10677
f 1249//10678 1161//10678 1210//10678
f 1210//10679 1161//10679 1248//10679
f 1186//10680 1248//10680 1161//10680
f 1186//9469 1161//9469 1211//9469
f 285//10681 1330//10681 1160//10681
f 281//10682 285//10682 1160//10682
f 1308//10683 1159//10683 1330//10683
f 1160//10684 1330//10684 1159//10684
f 1267//10685 1306//10685 1158//10685
f 1247//10686 1158//10686 1306//10686
f 1710//10687 1157//10687 1672//10687
f 1206//10688 1157//10688 1710//10688
f 1629//10689 275//10689 1666//10689
f 1549//10690 274//10690 1629//10690
f 275//10691 1629//10691 274//10691
f 1302//10692 1156//10692 1358//10692
f 1178//10693 1358//10693 1156//10693
f 1178//10694 1156//10694 1205//10694
f 1243//10695 1155//10695 1302//10695
f 1156//10696 1302//10696 1155//10696
f 1301//10697 1456//10697 1154//10697
f 1244//10698 1154//10698 1456//10698
f 1546//10699 1628//10699 1153//10699
f 1202//10700 1153//10700 1628//10700
f 1704//10701 1705//10701 1152//10701
f 1298//10702 1704//10702 1152//10702
f 1242//10703 1152//10703 1705//10703
f 1452//10704 1151//10704 1482//10704
f 1243//10705 1482//10705 1151//10705
f 1155//10706 1243//10706 1151//10706
f 590//10707 1150//10707 241//10707
f 1176//10708 241//10708 1150//10708
f 1481//10709 1149//10709 1452//10709
f 1149//10710 1481//10710 1173//10710
f 1151//10711 1452//10711 1149//10711
f 1199//10712 1148//10712 1238//10712
f 1583//10713 1661//10713 1147//10713
f 1198//10714 1147//10714 1661//10714
f 1699//10715 1146//10715 1747//10715
f 1296//10716 1146//10716 1699//10716
f 1236//10717 1747//10717 1146//10717
f 1235//10718 1448//10718 1145//10718
f 1233//10719 1145//10719 1448//10719
f 1237//10720 1144//10720 1294//10720
f 1232//10721 1294//10721 1144//10721
f 1292//10722 1143//10722 1413//10722
f 1234//10723 1413//10723 1143//10723
f 1292//10724 1479//10724 1142//10724
f 1291//10725 1142//10725 1479//10725
f 1539//10726 1622//10726 1141//10726
f 1141//10727 1622//10727 593//10727
f 1347//10728 1140//10728 1323//10728
f 1195//10729 1140//10729 1347//10729
f 1314//530 1139//530 1315//530
f 1164//10730 1315//10730 1139//10730
f 240//10731 291//10731 1138//10731
f 1219//10732 240//10732 1138//10732
f 282//10733 1138//10733 291//10733
f 1365//10734 1137//10734 1643//10734
f 1313//10735 1643//10735 1137//10735
f 282//10736 1313//10736 1137//10736
f 1343//10737 1401//10737 1136//10737
f 1257//10738 1343//10738 1136//10738
f 1163//10739 1136//10739 1401//10739
f 1339//10740 1428//10740 1135//10740
f 1275//10741 1135//10741 1428//10741
f 1255//10742 1135//10742 1275//10742
f 1213//10743 1339//10743 1135//10743
f 1397//10744 1134//10744 1396//10744
f 1213//10745 1134//10745 1397//10745
f 1135//10746 1134//10746 1213//10746
f 1271//10747 1133//10747 1395//10747
f 1253//10748 1395//10748 1133//10748
f 1250//10749 1133//10749 1271//10749
f 1463//10750 1132//10750 1464//10750
f 1187//10751 1464//10751 1132//10751
f 1187//10617 1132//10617 1188//10617
f 1162//10752 1188//10752 1132//10752
f 281//10753 1131//10753 1269//10753
f 1309//10754 279//10754 1360//10754
f 1266//10755 289//10755 279//10755
f 280//10756 279//10756 289//10756
f 280//10757 1360//10757 279//10757
f 280//184 1266//184 279//184
f 1486//10758 1130//10758 1551//10758
f 1203//10759 1551//10759 1130//10759
f 1484//10760 1129//10760 1705//10760
f 1242//10761 1705//10761 1129//10761
f 1483//10762 1584//10762 1128//10762
f 1381//6358 1483//6358 1128//6358
f 1241//10763 1128//10763 1584//10763
f 1240//10764 1301//10764 1127//10764
f 1154//10765 1127//10765 1301//10765
f 241//425 1126//425 591//425
f 241//1175 1516//1175 1126//1175
f 590//623 591//623 1125//623
f 1150//10766 590//10766 1125//10766
f 1126//10767 1125//10767 591//10767
f 1450//10768 1747//10768 1124//10768
f 1236//10769 1124//10769 1747//10769
f 1625//669 1695//669 273//669
f 1537//10770 1620//10770 270//10770
f 1284//10771 1349//10771 1123//10771
f 1227//10772 1123//10772 1349//10772
f 1287//10773 1122//10773 1407//10773
f 1225//10774 1407//10774 1122//10774
f 1408//10775 1121//10775 1478//10775
f 1226//10776 1478//10776 1121//10776
f 283//10777 1288//10777 1120//10777
f 1228//10778 1120//10778 1288//10778
f 1282//10779 1346//10779 1119//10779
f 1224//10780 1119//10780 1346//10780
f 1195//10781 283//10781 1118//10781
f 1376//10782 1434//10782 1117//10782
f 1165//10783 1117//10783 1434//10783
f 1164//10784 1117//10784 1165//10784
f 1139//10785 1117//10785 1164//10785
f 242//10786 1280//10786 1116//10786
f 1219//10787 1116//10787 1280//10787
f 1138//10788 1116//10788 1219//10788
f 1372//10789 1373//10789 1115//10789
f 1192//10790 1372//10790 1115//10790
f 1258//10791 1114//10791 1314//10791
f 1139//10792 1314//10792 1114//10792
f 1312//10793 1113//10793 1365//10793
f 1215//10794 1113//10794 1312//10794
f 1137//10795 1365//10795 1113//10795
f 1342//10796 1112//10796 1500//10796
f 1214//10797 1112//10797 1342//10797
f 1212//10798 1500//10798 1112//10798
f 1256//10799 1274//10799 1111//10799
f 1255//6390 1256//6390 1111//6390
f 1162//10800 1111//10800 1274//10800
f 1135//10801 1255//10801 1111//10801
f 1424//10802 1396//10802 1110//10802
f 1134//10803 1110//10803 1396//10803
f 1134//10804 1135//10804 1110//10804
f 1111//10805 1110//10805 1135//10805
f 1424//10806 1109//10806 1463//10806
f 1132//10807 1463//10807 1109//10807
f 1132//10808 1109//10808 1162//10808
f 1111//10809 1162//10809 1109//10809
f 1110//10810 1109//10810 1424//10810
f 1110//7 1111//7 1109//7
f 1391//3584 1457//3584 1108//3584
f 1308//10811 1391//10811 1108//10811
f 1307//10812 1269//10812 1107//10812
f 1131//10813 1107//10813 1269//10813
f 1359//10814 1106//10814 1457//10814
f 1181//10815 1106//10815 1359//10815
f 1108//10816 1457//10816 1106//10816
f 1305//183 1307//183 1105//183
f 1207//10817 1305//10817 1105//10817
f 1107//10818 1105//10818 1307//10818
f 1267//10819 1104//10819 1268//10819
f 1158//9326 1104//9326 1267//9326
f 1592//184 1672//184 1103//184
f 1157//184 1103//184 1672//184
f 1633//10820 1102//10820 1591//10820
f 1389//10821 1591//10821 1102//10821
f 1633//10822 1666//10822 1101//10822
f 275//10823 1101//10823 1666//10823
f 1102//10824 1633//10824 1101//10824
f 1383//10825 1487//10825 1099//10825
f 1100//10826 1099//10826 1487//10826
f 1455//10827 1098//10827 1486//10827
f 1383//10828 1098//10828 1455//10828
f 1099//10829 1098//10829 1383//10829
f 1244//10830 1384//10830 1097//10830
f 1204//10831 1097//10831 1384//10831
f 1329//10832 1096//10832 1484//10832
f 1329//10833 1357//10833 1096//10833
f 1177//10834 1096//10834 1357//10834
f 1096//10835 1129//10835 1484//10835
f 1549//10836 1585//10836 1095//10836
f 274//10837 1549//10837 1095//10837
f 1420//10838 1546//10838 1094//10838
f 1153//10839 1094//10839 1546//10839
f 1300//10840 1093//10840 1328//10840
f 1175//189 1240//189 1092//189
f 1127//10841 1092//10841 1240//10841
f 1173//10842 1091//10842 1149//10842
f 1326//10843 1090//10843 1416//10843
f 1174//10844 1416//10844 1090//10844
f 1516//7759 1583//7759 1089//7759
f 1147//10845 1089//10845 1583//10845
f 1126//10846 1516//10846 1089//10846
f 1175//10847 1088//10847 1237//10847
f 1144//10720 1237//10720 1088//10720
f 1092//10848 1088//10848 1175//10848
f 1173//10849 1234//10849 1087//10849
f 1143//10850 1087//10850 1234//10850
f 1091//10851 1173//10851 1087//10851
f 1293//10852 1450//10852 1086//10852
f 1172//10853 1293//10853 1086//10853
f 1124//10854 1086//10854 1450//10854
f 1230//10511 1232//10511 1085//10511
f 1144//10855 1085//10855 1232//10855
f 1448//10856 1580//10856 1084//10856
f 1233//10857 1448//10857 1084//10857
f 1446//10858 1539//10858 1083//10858
f 1141//10859 1083//10859 1539//10859
f 1625//10860 1082//10860 1580//10860
f 1082//10861 1625//10861 273//10861
f 1084//10862 1580//10862 1082//10862
f 1695//10863 1742//10863 272//10863
f 1576//10864 272//10864 1742//10864
f 273//10865 1695//10865 272//10865
f 1283//10866 1080//10866 1408//10866
f 1121//10867 1408//10867 1080//10867
f 1120//10868 1079//10868 283//10868
f 1079//10869 1118//10869 283//10869
f 1374//10870 1376//10870 1078//10870
f 1117//10871 1078//10871 1376//10871
f 1117//10785 1139//10785 1078//10785
f 1078//10872 1139//10872 1114//10872
f 1373//10873 1374//10873 1077//10873
f 1077//10874 1115//10874 1373//10874
f 1078//10875 1077//10875 1374//10875
f 1077//10876 1078//10876 1114//10876
f 242//10877 1076//10877 284//10877
f 1116//10878 1076//10878 242//10878
f 1216//10879 1075//10879 1258//10879
f 1217//10880 1192//10880 1075//10880
f 1191//10881 1217//10881 1075//10881
f 1191//10882 1075//10882 1216//10882
f 1115//10883 1075//10883 1192//10883
f 1114//10884 1258//10884 1075//10884
f 1115//10885 1077//10885 1075//10885
f 1114//10886 1075//10886 1077//10886
f 1316//10887 1431//10887 1074//10887
f 1193//10887 1074//10887 1431//10887
f 1190//10888 1316//10888 1074//10888
f 1250//10889 1251//10889 1073//10889
f 1133//10890 1250//10890 1073//10890
f 279//10754 1309//10754 1072//10754
f 1072//10891 1071//10891 279//10891
f 1554//10892 1592//10892 1070//10892
f 1553//10893 1554//10893 1070//10893
f 1103//10892 1070//10892 1592//10892
f 1553//5382 1069//5382 1589//5382
f 1070//10893 1069//10893 1553//10893
f 1158//10894 1247//10894 1068//10894
f 1487//10895 1589//10895 1067//10895
f 1100//10896 1487//10896 1067//10896
f 1069//10897 1067//10897 1589//10897
f 1303//10898 1066//10898 1387//10898
f 1177//792 1387//792 1066//792
f 1130//10899 1486//10899 1065//10899
f 1098//10900 1065//10900 1486//10900
f 1299//10901 1381//10901 1064//10901
f 1200//10902 1299//10902 1064//10902
f 1128//10903 1064//10903 1381//10903
f 1151//10904 1063//10904 1155//10904
f 1149//10905 1063//10905 1151//10905
f 1091//10906 1063//10906 1149//10906
f 1297//10907 1298//10907 1062//10907
f 1296//10908 1297//10908 1062//10908
f 1169//10909 1225//10909 1061//10909
f 1290//184 1537//184 244//184
f 593//10910 1290//10910 244//10910
f 270//10911 244//10911 1537//10911
f 1228//8608 1229//8608 1060//8608
f 1120//10912 1228//10912 1060//10912
f 1286//10913 1059//10913 1348//10913
f 1285//2373 1058//2373 1286//2373
f 1059//2373 1286//2373 1058//2373
f 1284//2373 1057//2373 1285//2373
f 1123//10771 1057//10771 1284//10771
f 1058//2373 1285//2373 1057//2373
f 1574//10914 1056//10914 1620//10914
f 1477//10915 1056//10915 1574//10915
f 270//10916 1620//10916 1056//10916
f 1196//10917 1348//10917 1055//10917
f 1059//10918 1055//10918 1348//10918
f 1059//10919 1081//10919 1055//10919
f 1282//10920 1054//10920 1261//10920
f 1119//10779 1054//10779 1282//10779
f 1214//10116 1257//10116 1053//10116
f 1136//9104 1053//9104 1257//9104
f 1112//10921 1214//10921 1053//10921
f 1189//10922 1253//10922 1052//10922
f 1189//10923 1052//10923 1163//10923
f 1133//10924 1052//10924 1253//10924
f 1052//10925 1133//10925 1073//10925
f 1268//10926 1051//10926 1309//10926
f 1104//10927 1051//10927 1268//10927
f 1072//10928 1309//10928 1051//10928
f 1051//10929 1071//10929 1072//10929
f 1180//10930 280//10930 1050//10930
f 279//10931 1050//10931 280//10931
f 1304//10932 1389//10932 1049//10932
f 1102//10933 1049//10933 1389//10933
f 1247//10934 1304//10934 1048//10934
f 1048//10935 1068//10935 1247//10935
f 1049//10936 1048//10936 1304//10936
f 1205//10937 1047//10937 1265//10937
f 1185//10938 1265//10938 1047//10938
f 1180//10939 1046//10939 1204//10939
f 1156//10940 1045//10940 1205//10940
f 1047//10941 1205//10941 1045//10941
f 1155//10942 1044//10942 1156//10942
f 1044//10943 1155//10943 1063//10943
f 1045//10944 1156//10944 1044//10944
f 1093//10945 1043//10945 1328//10945
f 1264//10946 1042//10946 1453//10946
f 1241//10947 1453//10947 1042//10947
f 1041//10948 1062//10948 1298//10948
f 1174//425 1040//425 1199//425
f 1148//10949 1199//10949 1040//10949
f 1146//10950 1296//10950 1039//10950
f 1062//10951 1039//10951 1296//10951
f 1295//10952 1449//10952 1038//10952
f 1235//10953 1038//10953 1449//10953
f 1143//10954 1292//10954 1037//10954
f 1142//10955 1037//10955 1292//10955
f 1171//10956 1036//10956 1291//10956
f 1142//10956 1291//10956 1036//10956
f 1170//10957 1230//10957 1035//10957
f 1085//10958 1035//10958 1230//10958
f 1172//10959 1034//10959 1227//10959
f 1123//10960 1227//10960 1034//10960
f 1086//10961 1034//10961 1172//10961
f 1196//10962 1033//10962 1411//10962
f 1171//10963 1411//10963 1033//10963
f 1170//10964 1032//10964 1224//10964
f 1119//10965 1224//10965 1032//10965
f 1035//10966 1032//10966 1170//10966
f 1226//10967 1031//10967 1229//10967
f 1121//10968 1031//10968 1226//10968
f 1031//10969 1060//10969 1229//10969
f 1443//10970 1030//10970 1576//10970
f 272//10971 1576//10971 1030//10971
f 1223//10972 1029//10972 1287//10972
f 1122//10973 1287//10973 1029//10973
f 1223//10974 1261//10974 1028//10974
f 1028//10975 1261//10975 1054//10975
f 1029//10976 1223//10976 1028//10976
f 1138//10977 282//10977 1027//10977
f 1137//10978 1027//10978 282//10978
f 1116//10979 1138//10979 1027//10979
f 1076//10980 1116//10980 1027//10980
f 1215//10981 1190//10981 1026//10981
f 1113//10982 1215//10982 1026//10982
f 1074//10983 1026//10983 1190//10983
f 1251//10984 1334//10984 1025//10984
f 1073//10985 1251//10985 1025//10985
f 1073//10986 1025//10986 1052//10986
f 1159//10987 1024//10987 1160//10987
f 1160//10988 1023//10988 281//10988
f 1131//10989 281//10989 1023//10989
f 1024//10990 1023//10990 1160//10990
f 1159//1158 1308//1158 1022//1158
f 1108//10811 1022//10811 1308//10811
f 1024//10991 1159//10991 1022//10991
f 1179//10992 1207//10992 1021//10992
f 1105//10993 1021//10993 1207//10993
f 1154//10994 1244//10994 1020//10994
f 1097//10994 1020//10994 1244//10994
f 1300//10995 1420//10995 1019//10995
f 1094//10996 1019//10996 1420//10996
f 1093//10997 1300//10997 1019//10997
f 1239//10998 1018//10998 1326//10998
f 1090//10999 1326//10999 1018//10999
f 1040//11000 1017//11000 1148//11000
f 1145//11001 1233//11001 1016//11001
f 1088//11002 1015//11002 1144//11002
f 1085//10855 1144//10855 1015//10855
f 1084//11003 1014//11003 1233//11003
f 1016//11004 1233//11004 1014//11004
f 1354//11005 1446//11005 1013//11005
f 1083//11006 1013//11006 1446//11006
f 1140//11007 1195//11007 1012//11007
f 1118//11008 1012//11008 1195//11008
f 1168//11009 1323//11009 1011//11009
f 1168//4781 1011//4781 1283//4781
f 1140//11010 1011//11010 1323//11010
f 1080//11011 1283//11011 1011//11011
f 1011//11012 1140//11012 1012//11012
f 284//11013 1010//11013 1402//11013
f 1193//11014 1402//11014 1010//11014
f 1076//11015 1010//11015 284//11015
f 1027//11016 1010//11016 1076//11016
f 1136//11017 1163//11017 1009//11017
f 1053//11018 1136//11018 1009//11018
f 1052//11019 1009//11019 1163//11019
f 1009//11020 1052//11020 1025//11020
f 1212//11021 1008//11021 1334//11021
f 1112//11022 1008//11022 1212//11022
f 1053//11023 1008//11023 1112//11023
f 1008//11024 1025//11024 1334//11024
f 1009//11025 1008//11025 1053//11025
f 1008//11026 1009//11026 1025//11026
f 1179//11027 1007//11027 1181//11027
f 1106//11028 1181//11028 1007//11028
f 1007//11029 1179//11029 1021//11029
f 1104//11030 1158//11030 1006//11030
f 1068//11031 1006//11031 1158//11031
f 1328//11032 1005//11032 1585//11032
f 1095//11033 1585//11033 1005//11033
f 1043//11034 1005//11034 1328//11034
f 1063//11035 1091//11035 1004//11035
f 1063//11036 1004//11036 1044//11036
f 1152//11037 1003//11037 1298//11037
f 1041//11038 1298//11038 1003//11038
f 1239//11039 1200//11039 1002//11039
f 1064//10902 1002//10902 1200//10902
f 1002//11040 1018//11040 1239//11040
f 1127//11041 1154//11041 1001//11041
f 1020//11042 1001//11042 1154//11042
f 1238//11043 1000//11043 1264//11043
f 1148//11044 1000//11044 1238//11044
f 1042//11045 1264//11045 1000//11045
f 1000//11046 1148//11046 1017//11046
f 1092//11047 1127//11047 999//11047
f 1001//9394 999//9394 1127//9394
f 1087//4701 998//4701 1091//4701
f 1004//4701 1091//4701 998//4701
f 1145//11048 997//11048 1235//11048
f 1088//11049 1092//11049 996//11049
f 996//11050 1015//11050 1088//11050
f 999//11049 996//11049 1092//11049
f 1087//11051 1143//11051 995//11051
f 1037//11051 995//11051 1143//11051
f 998//4701 1087//4701 995//4701
f 1146//11052 994//11052 1236//11052
f 1124//11053 1236//11053 994//11053
f 1122//11054 993//11054 1225//11054
f 1061//11055 1225//11055 993//11055
f 1029//11056 993//11056 1122//11056
f 1410//11057 992//11057 1477//11057
f 1056//11058 1477//11058 992//11058
f 1350//11059 991//11059 1443//11059
f 1030//11060 1443//11060 991//11060
f 1074//11061 1193//11061 990//11061
f 1026//11062 1074//11062 990//11062
f 1010//11063 990//11063 1193//11063
f 1113//11064 989//11064 1137//11064
f 1027//11065 1137//11065 989//11065
f 1026//11066 989//11066 1113//11066
f 1010//11067 1027//11067 989//11067
f 990//11068 989//11068 1026//11068
f 990//11069 1010//11069 989//11069
f 1184//9793 1185//9793 988//9793
f 1047//10938 988//10938 1185//10938
f 1208//11070 987//11070 1303//11070
f 1066//11071 1303//11071 987//11071
f 1097//11072 1204//11072 986//11072
f 1046//11073 986//11073 1204//11073
f 1044//11074 985//11074 1045//11074
f 1004//11075 985//11075 1044//11075
f 1152//9029 1242//9029 984//9029
f 1090//11076 983//11076 1174//11076
f 1040//11077 1174//11077 983//11077
f 1018//11078 983//11078 1090//11078
f 1039//11079 982//11079 1146//11079
f 1037//11080 1142//11080 981//11080
f 1036//11081 981//11081 1142//11081
f 1035//11082 1085//11082 980//11082
f 1015//11082 980//11082 1085//11082
f 244//11083 978//11083 270//11083
f 1021//11084 1105//11084 977//11084
f 1050//11085 279//11085 976//11085
f 1051//10613 1104//10613 975//10613
f 1006//11086 975//11086 1104//11086
f 1184//11087 974//11087 1209//11087
f 988//11088 974//11088 1184//11088
f 1182//11089 1209//11089 973//11089
f 974//10259 973//10259 1209//10259
f 1182//11090 972//11090 1208//11090
f 972//11091 987//11091 1208//11091
f 973//11092 972//11092 1182//11092
f 1096//11093 1177//11093 971//11093
f 1066//11094 971//11094 1177//11094
f 1019//11095 970//11095 1093//11095
f 1128//11096 1241//11096 969//11096
f 1064//11097 1128//11097 969//11097
f 1042//11098 969//11098 1241//11098
f 1002//11099 1064//11099 969//11099
f 1018//11100 1002//11100 969//11100
f 969//11101 983//11101 1018//11101
f 1017//11102 1040//11102 968//11102
f 1000//11103 968//11103 1042//11103
f 1017//11104 968//11104 1000//11104
f 968//11105 1040//11105 983//11105
f 969//11106 1042//11106 968//11106
f 968//11107 983//11107 969//11107
f 1016//11108 967//11108 1145//11108
f 997//11109 1145//11109 967//11109
f 1086//11110 1124//11110 966//11110
f 1034//11111 1086//11111 966//11111
f 1231//11112 1354//11112 965//11112
f 1013//11113 965//11113 1354//11113
f 1057//11114 1123//11114 964//11114
f 1034//10960 964//10960 1123//10960
f 966//11115 964//11115 1034//11115
f 993//11116 1029//11116 963//11116
f 1410//11117 1378//11117 961//11117
f 992//11118 1410//11118 961//11118
f 1054//11119 1119//11119 960//11119
f 1032//11120 960//11120 1119//11120
f 962//11121 960//11121 1032//11121
f 1060//11122 1031//11122 959//11122
f 1289//11123 958//11123 1350//11123
f 991//11124 1350//11124 958//11124
f 1079//11125 1120//11125 957//11125
f 1060//11126 957//11126 1120//11126
f 959//11127 957//11127 1060//11127
f 1023//11128 956//11128 1131//11128
f 1050//11129 595//11129 1180//11129
f 1046//11129 1180//11129 595//11129
f 1006//11130 1068//11130 954//11130
f 1045//11131 953//11131 1047//11131
f 988//11132 1047//11132 953//11132
f 985//11133 953//11133 1045//11133
f 1020//11134 1097//11134 952//11134
f 986//11135 952//11135 1097//11135
f 1003//11136 1152//11136 951//11136
f 984//9029 951//9029 1152//9029
f 998//4701 950//4701 1004//4701
f 985//11075 1004//11075 950//11075
f 970//11137 949//11137 1093//11137
f 1038//11138 1235//11138 948//11138
f 997//11139 948//11139 1235//11139
f 995//11140 1037//11140 947//11140
f 981//11140 947//11140 1037//11140
f 994//11141 1146//11141 946//11141
f 982//11142 946//11142 1146//11142
f 1015//11143 996//11143 945//11143
f 980//11144 1015//11144 945//11144
f 1032//10966 1035//10966 592//10966
f 980//11145 592//11145 1035//11145
f 962//11146 1032//11146 592//11146
f 1055//11147 943//11147 1196//11147
f 1033//11147 1196//11147 943//11147
f 1197//11148 942//11148 1378//11148
f 961//11117 1378//11117 942//11117
f 1169//11149 941//11149 1289//11149
f 958//11150 1289//11150 941//11150
f 1012//9205 1118//9205 940//9205
f 1023//11151 1024//11151 939//11151
f 939//11152 956//11152 1023//11152
f 1022//10991 938//10991 1024//10991
f 939//11153 1024//11153 938//11153
f 1107//11154 1131//11154 937//11154
f 956//11155 937//11155 1131//11155
f 1105//11156 1107//11156 936//11156
f 977//11157 1105//11157 936//11157
f 937//11156 936//11156 1107//11156
f 1071//11158 935//11158 279//11158
f 976//11158 279//11158 935//11158
f 1071//11159 1051//11159 934//11159
f 975//10613 934//10613 1051//10613
f 934//11160 935//11160 1071//11160
f 274//11161 597//11161 275//11161
f 1129//11162 933//11162 1242//11162
f 1129//11163 1096//11163 933//11163
f 984//11164 1242//11164 933//11164
f 971//11165 933//11165 1096//11165
f 1043//11166 1093//11166 932//11166
f 1001//11167 1020//11167 247//11167
f 952//11168 247//11168 1020//11168
f 247//11169 246//11169 1001//11169
f 278//170 246//170 247//170
f 949//1981 970//1981 931//1981
f 931//11170 948//11170 997//11170
f 967//11171 930//11171 997//11171
f 931//5069 997//5069 930//5069
f 931//1981 930//1981 949//1981
f 999//11172 1001//11172 266//11172
f 246//11172 266//11172 1001//11172
f 995//11173 929//11173 998//11173
f 950//11174 998//11174 929//11174
f 929//11175 995//11175 947//11175
f 996//11176 999//11176 277//11176
f 266//11172 277//11172 999//11172
f 276//11177 945//11177 996//11177
f 277//11178 276//11178 996//11178
f 264//11179 945//11179 276//11179
f 276//7 277//7 264//7
f 1198//11180 1295//11180 928//11180
f 1038//11181 928//11181 1295//11181
f 994//11182 927//11182 1124//11182
f 966//11183 1124//11183 927//11183
f 1014//11184 1084//11184 926//11184
f 1036//11185 1171//11185 924//11185
f 1033//11186 924//11186 1171//11186
f 993//11187 923//11187 1061//11187
f 979//11187 1061//11187 923//11187
f 1197//11188 1231//11188 922//11188
f 965//11189 922//11189 1231//11189
f 922//11190 942//11190 1197//11190
f 1055//11191 1081//11191 921//11191
f 921//11192 943//11192 1055//11192
f 1059//11193 920//11193 1081//11193
f 1058//11194 920//11194 1059//11194
f 921//7909 1081//7909 920//7909
f 1057//11194 919//11194 1058//11194
f 964//11114 919//11114 1057//11114
f 920//11194 1058//11194 919//11194
f 963//11195 1029//11195 918//11195
f 960//10891 962//10891 917//10891
f 1028//11196 916//11196 1029//11196
f 918//11197 1029//11197 916//11197
f 1054//11198 915//11198 1028//11198
f 960//11119 915//11119 1054//11119
f 917//10891 915//10891 960//10891
f 917//7 918//7 915//7
f 916//4038 1028//4038 915//4038
f 916//7 915//7 918//7
f 1118//11199 1079//11199 914//11199
f 957//11200 914//11200 1079//11200
f 914//11199 940//11199 1118//11199
f 1012//11201 913//11201 1011//11201
f 940//11202 913//11202 1012//11202
f 1021//11203 912//11203 1007//11203
f 977//11204 912//11204 1021//11204
f 1203//11205 911//11205 1245//11205
f 1101//11206 275//11206 249//11206
f 1095//11207 249//11207 274//11207
f 597//2409 249//2409 275//2409
f 597//11208 274//11208 249//11208
f 949//11209 910//11209 1093//11209
f 932//11210 1093//11210 910//11210
f 1014//11211 909//11211 1016//11211
f 1061//11212 908//11212 1169//11212
f 979//11213 908//11213 1061//11213
f 941//11214 1169//11214 908//11214
f 1011//11215 907//11215 1080//11215
f 913//11216 907//11216 1011//11216
f 1245//11217 906//11217 1246//11217
f 906//11218 1245//11218 911//11218
f 1067//11219 905//11219 1100//11219
f 975//11220 1006//11220 904//11220
f 954//11130 904//11130 1006//11130
f 986//11221 1046//11221 903//11221
f 595//11221 903//11221 1046//11221
f 967//11222 1016//11222 902//11222
f 902//11223 1016//11223 909//11223
f 945//11224 900//11224 980//11224
f 592//11225 980//11225 900//11225
f 957//3603 959//3603 899//3603
f 914//11226 957//11226 899//11226
f 1080//11227 898//11227 1121//11227
f 1031//11228 1121//11228 898//11228
f 959//11229 1031//11229 898//11229
f 898//11230 1080//11230 907//11230
f 899//11231 959//11231 898//11231
f 956//11232 939//11232 897//11232
f 938//11233 897//11233 939//11233
f 937//11234 956//11234 897//11234
f 1246//11235 896//11235 1206//11235
f 906//11236 896//11236 1246//11236
f 976//11237 245//11237 1050//11237
f 595//11238 1050//11238 245//11238
f 595//3169 955//3169 245//3169
f 1068//11239 1048//11239 895//11239
f 954//11240 1068//11240 895//11240
f 1130//11241 894//11241 1203//11241
f 911//11242 1203//11242 894//11242
f 974//11243 988//11243 893//11243
f 953//11244 893//11244 988//11244
f 987//11245 892//11245 1066//11245
f 971//11246 1066//11246 892//11246
f 953//11247 985//11247 891//11247
f 950//11248 891//11248 985//11248
f 893//11249 953//11249 891//11249
f 951//11250 890//11250 1003//11250
f 930//11251 967//11251 888//11251
f 930//11252 888//11252 949//11252
f 902//11253 888//11253 967//11253
f 1062//11254 1041//11254 887//11254
f 1039//11255 1062//11255 887//11255
f 889//11256 887//11256 1041//11256
f 982//11257 1039//11257 886//11257
f 887//11258 886//11258 1039//11258
f 946//11259 982//11259 885//11259
f 981//11260 1036//11260 884//11260
f 924//11261 884//11261 1036//11261
f 964//11262 966//11262 883//11262
f 927//11263 883//11263 966//11263
f 919//11264 964//11264 883//11264
f 908//11265 979//11265 882//11265
f 963//11266 881//11266 993//11266
f 923//11187 993//11187 881//11187
f 592//11267 243//11267 962//11267
f 592//184 944//184 243//184
f 917//11268 962//11268 243//11268
f 900//11269 243//11269 592//11269
f 593//11270 594//11270 1141//11270
f 940//11271 914//11271 880//11271
f 913//11272 940//11272 880//11272
f 907//11273 913//11273 880//11273
f 907//11274 880//11274 898//11274
f 936//11275 937//11275 879//11275
f 897//11234 879//11234 937//11234
f 1106//11276 878//11276 1108//11276
f 1022//11277 1108//11277 878//11277
f 1007//11278 878//11278 1106//11278
f 938//11279 1022//11279 878//11279
f 912//11280 878//11280 1007//11280
f 936//11281 877//11281 977//11281
f 912//11282 977//11282 877//11282
f 879//11275 877//11275 936//11275
f 878//11283 912//11283 877//11283
f 934//11284 975//11284 596//11284
f 904//11220 596//11220 975//11220
f 952//11285 986//11285 876//11285
f 903//11286 876//11286 986//11286
f 945//11287 264//11287 875//11287
f 900//11288 945//11288 875//11288
f 901//11289 925//11289 873//11289
f 873//11290 882//11290 979//11290
f 873//11291 925//11291 882//11291
f 943//11292 872//11292 1033//11292
f 924//11293 1033//11293 872//11293
f 1083//11294 1141//11294 871//11294
f 871//11295 1141//11295 594//11295
f 244//11296 870//11296 593//11296
f 870//11297 594//11297 593//11297
f 870//11298 244//11298 594//11298
f 272//11299 271//11299 273//11299
f 271//11300 248//11300 273//11300
f 271//11301 272//11301 248//11301
f 899//11226 869//11226 914//11226
f 898//11302 869//11302 899//11302
f 869//11271 880//11271 914//11271
f 869//11274 898//11274 880//11274
f 897//11303 938//11303 868//11303
f 879//11304 897//11304 868//11304
f 878//11305 868//11305 938//11305
f 877//3723 879//3723 868//3723
f 877//11306 868//11306 878//11306
f 1157//11307 1206//11307 867//11307
f 896//11308 867//11308 1206//11308
f 935//11309 866//11309 976//11309
f 245//11310 976//11310 866//11310
f 866//11311 250//11311 245//11311
f 1099//11312 1100//11312 864//11312
f 905//11313 864//11313 1100//11313
f 973//59 974//59 863//59
f 893//11314 863//11314 974//11314
f 972//59 973//59 862//59
f 863//59 862//59 973//59
f 862//7 863//7 861//7
f 987//11315 972//11315 860//11315
f 892//11316 987//11316 860//11316
f 862//59 860//59 972//59
f 861//7 860//7 862//7
f 894//7733 1130//7733 859//7733
f 904//11031 954//11031 858//11031
f 1005//11317 1043//11317 857//11317
f 910//11318 856//11318 932//11318
f 929//11319 854//11319 950//11319
f 891//11248 950//11248 854//11248
f 1201//11320 853//11320 1202//11320
f 855//11320 1202//11320 853//11320
f 1003//11321 852//11321 1041//11321
f 890//11322 852//11322 1003//11322
f 889//11323 1041//11323 852//11323
f 1176//11324 851//11324 1201//11324
f 853//11325 1201//11325 851//11325
f 1147//11326 1198//11326 850//11326
f 928//11327 850//11327 1198//11327
f 947//11328 981//11328 849//11328
f 884//11328 849//11328 981//11328
f 886//11329 848//11329 982//11329
f 885//11330 982//11330 848//11330
f 874//11331 847//11331 909//11331
f 918//11332 846//11332 963//11332
f 881//11333 963//11333 846//11333
f 917//156 845//156 918//156
f 243//11334 845//11334 917//11334
f 846//11335 918//11335 845//11335
f 978//3984 269//3984 270//3984
f 978//4143 244//4143 269//4143
f 594//11336 244//11336 269//11336
f 935//11337 934//11337 268//11337
f 596//11338 268//11338 934//11338
f 866//11339 935//11339 268//11339
f 865//11340 268//11340 596//11340
f 268//10929 250//10929 866//10929
f 268//425 865//425 250//425
f 1098//11341 1099//11341 844//11341
f 864//11342 844//11342 1099//11342
f 1065//11343 1098//11343 843//11343
f 844//11344 843//11344 1098//11344
f 903//11345 595//11345 842//11345
f 245//11346 842//11346 595//11346
f 1094//11347 1153//11347 840//11347
f 1153//11348 1202//11348 839//11348
f 839//11349 1202//11349 855//11349
f 839//11350 840//11350 1153//11350
f 247//11351 952//11351 838//11351
f 876//11352 838//11352 952//11352
f 910//11353 949//11353 837//11353
f 888//11354 837//11354 949//11354
f 856//11355 910//11355 837//11355
f 1150//11356 836//11356 1176//11356
f 1125//11357 836//11357 1150//11357
f 851//11358 1176//11358 836//11358
f 888//11359 902//11359 835//11359
f 837//11360 888//11360 835//11360
f 278//11361 247//11361 267//11361
f 246//11362 247//11362 267//11362
f 246//3502 278//3502 267//3502
f 266//3502 246//3502 267//3502
f 838//11363 267//11363 247//11363
f 947//11364 834//11364 929//11364
f 854//11319 929//11319 834//11319
f 834//11364 947//11364 849//11364
f 909//11365 833//11365 902//11365
f 833//11366 909//11366 847//11366
f 835//11367 902//11367 833//11367
f 277//9797 266//9797 265//9797
f 264//11368 277//11368 265//11368
f 875//11369 264//11369 265//11369
f 267//11370 265//11370 266//11370
f 874//11371 901//11371 832//11371
f 847//11372 874//11372 832//11372
f 926//11373 831//11373 1014//11373
f 909//11374 1014//11374 831//11374
f 874//11375 909//11375 831//11375
f 243//11376 900//11376 830//11376
f 875//11377 830//11377 900//11377
f 830//11378 845//11378 243//11378
f 943//11379 921//11379 829//11379
f 872//11380 943//11380 829//11380
f 920//9638 828//9638 921//9638
f 829//9638 921//9638 828//9638
f 919//9638 827//9638 920//9638
f 883//11381 827//11381 919//11381
f 828//9638 920//9638 827//9638
f 273//11382 262//11382 1082//11382
f 248//11383 262//11383 273//11383
f 1103//11384 1157//11384 826//11384
f 867//11385 826//11385 1157//11385
f 1048//11386 1049//11386 825//11386
f 895//11387 1048//11387 825//11387
f 1065//11388 824//11388 1130//11388
f 859//11388 1130//11388 824//11388
f 843//11389 824//11389 1065//11389
f 596//11390 904//11390 823//11390
f 858//11391 823//11391 904//11391
f 933//11392 971//11392 822//11392
f 892//11393 822//11393 971//11393
f 841//11394 821//11394 858//11394
f 856//11395 821//11395 841//11395
f 837//11396 821//11396 856//11396
f 951//11397 984//11397 820//11397
f 933//11398 820//11398 984//11398
f 822//11399 820//11399 933//11399
f 1019//8608 1094//8608 819//8608
f 840//11400 819//11400 1094//11400
f 1125//11401 1126//11401 818//11401
f 836//669 1125//669 818//669
f 948//11402 817//11402 1038//11402
f 928//11403 1038//11403 817//11403
f 946//11404 816//11404 994//11404
f 927//11405 994//11405 816//11405
f 883//11406 927//11406 815//11406
f 827//11407 883//11407 815//11407
f 816//11399 815//11399 927//11399
f 923//11408 814//11408 979//11408
f 873//11409 979//11409 814//11409
f 1013//11410 1083//11410 813//11410
f 871//11411 813//11411 1083//11411
f 1070//11412 1103//11412 812//11412
f 1069//11413 1070//11413 812//11413
f 826//11414 812//11414 1103//11414
f 1067//11415 1069//11415 811//11415
f 812//11416 811//11416 1069//11416
f 891//11417 810//11417 893//11417
f 863//11418 893//11418 810//11418
f 854//11419 810//11419 891//11419
f 890//11420 951//11420 809//11420
f 820//11421 809//11421 951//11421
f 820//623 822//623 809//623
f 970//11422 1019//11422 808//11422
f 819//11423 808//11423 1019//11423
f 835//11424 807//11424 837//11424
f 821//11425 837//11425 807//11425
f 1089//6712 806//6712 1126//6712
f 818//10347 1126//10347 806//10347
f 931//11426 970//11426 805//11426
f 948//11427 931//11427 805//11427
f 805//11428 817//11428 948//11428
f 808//11429 805//11429 970//11429
f 833//11430 804//11430 835//11430
f 807//11430 835//11430 804//11430
f 1089//11431 1147//11431 803//11431
f 850//11432 803//11432 1147//11432
f 806//11433 1089//11433 803//11433
f 847//11434 802//11434 833//11434
f 832//11435 802//11435 847//11435
f 804//11430 833//11430 802//11430
f 884//11436 924//11436 801//11436
f 872//11437 801//11437 924//11437
f 248//9729 252//9729 271//9729
f 1056//11438 800//11438 270//11438
f 269//11439 270//11439 800//11439
f 250//11440 799//11440 245//11440
f 842//11441 245//11441 799//11441
f 895//11442 798//11442 954//11442
f 858//11443 954//11443 798//11443
f 841//11444 858//11444 798//11444
f 268//11445 596//11445 797//11445
f 823//11446 797//11446 596//11446
f 861//11447 863//11447 796//11447
f 810//11448 796//11448 863//11448
f 860//11447 861//11447 795//11447
f 796//11447 795//11447 861//11447
f 860//11449 794//11449 892//11449
f 822//11450 892//11450 794//11450
f 795//11447 794//11447 860//11447
f 876//11451 903//11451 793//11451
f 842//11452 793//11452 903//11452
f 823//10617 858//10617 792//10617
f 821//11453 792//11453 858//11453
f 807//11454 792//11454 821//11454
f 815//188 816//188 791//188
f 885//11455 789//11455 946//11455
f 816//11456 946//11456 789//11456
f 790//11457 789//11457 885//11457
f 873//11458 788//11458 901//11458
f 832//11459 901//11459 788//11459
f 265//11460 787//11460 875//11460
f 830//11461 875//11461 787//11461
f 829//11462 786//11462 872//11462
f 801//11463 872//11463 786//11463
f 828//11464 785//11464 829//11464
f 786//11464 829//11464 785//11464
f 827//11464 784//11464 828//11464
f 815//11465 784//11465 827//11465
f 791//11466 784//11466 815//11466
f 785//11464 828//11464 784//11464
f 881//11467 783//11467 923//11467
f 814//11468 923//11468 783//11468
f 901//11469 782//11469 925//11469
f 882//11470 925//11470 782//11470
f 845//11471 781//11471 846//11471
f 845//11472 830//11472 781//11472
f 787//11473 781//11473 830//11473
f 262//11474 263//11474 1082//11474
f 252//11475 248//11475 263//11475
f 1049//11476 1102//11476 780//11476
f 825//11477 1049//11477 780//11477
f 1101//11478 779//11478 1102//11478
f 780//11479 1102//11479 779//11479
f 249//11480 251//11480 1101//11480
f 249//11481 597//11481 251//11481
f 779//11482 1101//11482 251//11482
f 250//11483 268//11483 778//11483
f 799//11484 250//11484 778//11484
f 797//11485 778//11485 268//11485
f 932//11486 777//11486 1043//11486
f 857//11487 1043//11487 777//11487
f 834//11488 776//11488 854//11488
f 810//11419 854//11419 776//11419
f 796//11489 810//11489 776//11489
f 838//11490 876//11490 774//11490
f 793//11491 774//11491 876//11491
f 809//11492 773//11492 890//11492
f 775//11493 890//11493 773//11493
f 773//11494 809//11494 772//11494
f 265//11495 267//11495 771//11495
f 771//11496 787//11496 265//11496
f 849//11497 884//11497 770//11497
f 801//11497 770//11497 884//11497
f 874//11498 769//11498 901//11498
f 831//11499 769//11499 874//11499
f 769//11500 782//11500 901//11500
f 846//11501 768//11501 881//11501
f 783//11502 881//11502 768//11502
f 768//11503 846//11503 781//11503
f 965//11504 1013//11504 767//11504
f 922//11505 965//11505 767//11505
f 813//11506 767//11506 1013//11506
f 1082//11507 766//11507 1084//11507
f 926//11508 1084//11508 766//11508
f 766//11509 1082//11509 263//11509
f 797//11510 823//11510 765//11510
f 792//11511 765//11511 823//11511
f 809//11512 822//11512 764//11512
f 794//11513 764//11513 822//11513
f 772//11514 809//11514 764//11514
f 852//11515 890//11515 763//11515
f 775//11516 763//11516 890//11516
f 852//11517 762//11517 889//11517
f 763//11518 762//11518 852//11518
f 804//10851 761//10851 807//10851
f 792//11519 807//11519 761//11519
f 765//11520 792//11520 761//11520
f 802//11521 760//11521 804//11521
f 761//11522 804//11522 760//11522
f 267//11523 838//11523 759//11523
f 774//11524 759//11524 838//11524
f 771//11525 267//11525 759//11525
f 849//11526 758//11526 834//11526
f 776//11488 834//11488 758//11488
f 770//11526 758//11526 849//11526
f 848//11527 886//11527 757//11527
f 802//11528 832//11528 756//11528
f 788//11529 756//11529 832//11529
f 760//11521 802//11521 756//11521
f 791//11530 816//11530 755//11530
f 789//11531 755//11531 816//11531
f 791//11532 755//11532 772//11532
f 784//11533 791//11533 754//11533
f 784//11534 754//11534 785//11534
f 791//11535 772//11535 754//11535
f 848//11536 753//11536 885//11536
f 790//11537 885//11537 753//11537
f 757//11538 753//11538 848//11538
f 814//11539 752//11539 873//11539
f 788//11540 873//11540 752//11540
f 248//11541 272//11541 751//11541
f 263//11542 248//11542 751//11542
f 1030//11543 750//11543 272//11543
f 751//11544 272//11544 750//11544
f 992//11545 749//11545 1056//11545
f 800//11546 1056//11546 749//11546
f 249//11547 1095//11547 748//11547
f 856//11548 747//11548 932//11548
f 856//11549 841//11549 747//11549
f 777//11550 932//11550 747//11550
f 799//11551 746//11551 842//11551
f 793//11552 842//11552 746//11552
f 795//9619 796//9619 745//9619
f 776//11553 745//11553 796//11553
f 745//11554 776//11554 758//11554
f 794//9619 795//9619 744//9619
f 744//11555 764//11555 794//11555
f 745//9619 744//9619 795//9619
f 764//11556 744//11556 742//11556
f 764//11557 741//11557 772//11557
f 741//11558 754//11558 772//11558
f 742//11559 741//11559 764//11559
f 772//11560 740//11560 773//11560
f 740//11561 772//11561 755//11561
f 887//11562 889//11562 739//11562
f 886//11563 887//11563 739//11563
f 762//11564 739//11564 889//11564
f 739//11565 757//11565 886//11565
f 789//11566 790//11566 738//11566
f 755//11567 789//11567 738//11567
f 786//11568 737//11568 801//11568
f 770//11569 801//11569 737//11569
f 785//11570 736//11570 786//11570
f 736//11571 785//11571 754//11571
f 736//11572 754//11572 741//11572
f 741//7 742//7 736//7
f 737//11570 786//11570 736//11570
f 737//7 736//7 742//7
f 781//11573 787//11573 735//11573
f 787//11574 771//11574 735//11574
f 781//11575 735//11575 768//11575
f 942//11576 922//11576 734//11576
f 767//11577 734//11577 922//11577
f 942//11578 733//11578 961//11578
f 734//11579 733//11579 942//11579
f 961//11580 732//11580 992//11580
f 732//11581 749//11581 992//11581
f 733//11582 732//11582 961//11582
f 991//11583 731//11583 1030//11583
f 750//3245 1030//3245 731//3245
f 894//11584 730//11584 911//11584
f 251//11585 249//11585 729//11585
f 748//11586 729//11586 249//11586
f 778//11587 797//11587 728//11587
f 765//11510 728//11510 797//11510
f 774//11588 793//11588 727//11588
f 746//11589 727//11589 793//11589
f 743//11590 774//11590 727//11590
f 761//11591 726//11591 765//11591
f 760//11592 726//11592 761//11592
f 728//11593 765//11593 726//11593
f 756//11594 725//11594 760//11594
f 726//11454 760//11454 725//11454
f 758//11595 770//11595 724//11595
f 758//11554 724//11554 745//11554
f 744//11559 745//11559 724//11559
f 742//11556 744//11556 724//11556
f 737//11595 724//11595 770//11595
f 737//11572 742//11572 724//11572
f 756//11596 788//11596 723//11596
f 752//11596 723//11596 788//11596
f 725//11594 756//11594 723//11594
f 783//11597 722//11597 814//11597
f 752//11597 814//11597 722//11597
f 958//11598 721//11598 991//11598
f 731//11599 991//11599 721//11599
f 1005//11600 720//11600 1095//11600
f 748//11601 1095//11601 720//11601
f 778//11602 719//11602 799//11602
f 746//11603 799//11603 719//11603
f 719//11604 778//11604 728//11604
f 759//11605 774//11605 718//11605
f 743//11606 718//11606 774//11606
f 759//11607 717//11607 771//11607
f 735//11608 771//11608 717//11608
f 718//11609 717//11609 759//11609
f 768//11610 716//11610 783//11610
f 735//11611 716//11611 768//11611
f 722//11612 783//11612 716//11612
f 717//11613 716//11613 735//11613
f 831//11614 926//11614 715//11614
f 766//11615 715//11615 926//11615
f 813//11616 871//11616 714//11616
f 594//11617 713//11617 871//11617
f 714//11618 871//11618 713//11618
f 941//11619 712//11619 958//11619
f 712//11620 721//11620 958//11620
f 911//11621 711//11621 906//11621
f 730//10500 711//10500 911//10500
f 798//11622 710//11622 841//11622
f 747//11623 841//11623 710//11623
f 727//11624 746//11624 709//11624
f 719//11624 709//11624 746//11624
f 726//11625 708//11625 728//11625
f 725//11626 708//11626 726//11626
f 728//11627 708//11627 719//11627
f 708//11628 709//11628 719//11628
f 773//11629 707//11629 775//11629
f 740//11630 707//11630 773//11630
f 723//11594 706//11594 725//11594
f 708//11594 725//11594 706//11594
f 709//7 708//7 706//7
f 850//11631 928//11631 705//11631
f 817//11632 705//11632 928//11632
f 723//11596 752//11596 704//11596
f 722//11633 704//11633 752//11633
f 706//11594 723//11594 704//11594
f 248//11634 271//11634 703//11634
f 843//11635 844//11635 702//11635
f 825//11636 701//11636 895//11636
f 798//11637 895//11637 701//11637
f 701//11638 710//11638 798//11638
f 763//11639 775//11639 700//11639
f 700//11640 775//11640 707//11640
f 727//11641 699//11641 743//11641
f 718//11642 743//11642 699//11642
f 709//11643 699//11643 727//11643
f 706//11644 699//11644 709//11644
f 699//11645 706//11645 704//11645
f 707//11646 740//11646 698//11646
f 755//11647 254//11647 740//11647
f 698//11648 740//11648 254//11648
f 738//11649 790//11649 253//11649
f 738//11650 253//11650 755//11650
f 254//11651 755//11651 253//11651
f 717//10891 718//10891 697//10891
f 716//11652 697//11652 722//11652
f 716//11613 717//11613 697//11613
f 704//11652 722//11652 697//11652
f 699//10891 697//10891 718//10891
f 704//11645 697//11645 699//11645
f 753//11653 600//11653 790//11653
f 253//11654 790//11654 600//11654
f 269//11655 696//11655 594//11655
f 713//11656 594//11656 696//11656
f 263//11657 598//11657 262//11657
f 263//11658 252//11658 598//11658
f 908//11659 695//11659 941//11659
f 882//11660 695//11660 908//11660
f 712//11661 941//11661 695//11661
f 252//11662 694//11662 271//11662
f 694//11663 703//11663 271//11663
f 262//11664 248//11664 693//11664
f 693//2409 248//2409 703//2409
f 896//11665 906//11665 692//11665
f 867//11666 896//11666 692//11666
f 711//11667 692//11667 906//11667
f 905//11668 1067//11668 691//11668
f 864//11669 905//11669 691//11669
f 811//11670 691//11670 1067//11670
f 844//11671 864//11671 690//11671
f 702//11672 844//11672 690//11672
f 691//11673 690//11673 864//11673
f 859//3450 689//3450 894//3450
f 730//11674 894//11674 689//11674
f 857//5659 688//5659 1005//5659
f 720//10347 1005//10347 688//10347
f 817//11675 805//11675 687//11675
f 805//11676 808//11676 687//11676
f 705//11677 817//11677 687//11677
f 598//11678 599//11678 262//11678
f 598//11679 252//11679 599//11679
f 694//11680 252//11680 599//11680
f 703//171 694//171 599//171
f 693//11681 599//11681 262//11681
f 703//171 599//171 693//171
f 762//11682 763//11682 686//11682
f 700//11683 686//11683 763//11683
f 739//11684 762//11684 685//11684
f 757//11685 739//11685 685//11685
f 686//11686 685//11686 762//11686
f 753//11687 757//11687 684//11687
f 600//11688 753//11688 684//11688
f 685//11689 684//11689 757//11689
f 782//11690 683//11690 882//11690
f 695//11691 882//11691 683//11691
f 826//11692 867//11692 682//11692
f 692//11693 682//11693 867//11693
f 824//11694 681//11694 859//11694
f 824//11695 843//11695 681//11695
f 702//11696 681//11696 843//11696
f 689//11697 859//11697 681//11697
f 819//11698 840//11698 680//11698
f 769//11699 831//11699 679//11699
f 715//11700 679//11700 831//11700
f 714//11701 678//11701 813//11701
f 812//11702 826//11702 677//11702
f 682//11703 677//11703 826//11703
f 811//11704 812//11704 676//11704
f 691//11705 811//11705 676//11705
f 677//11706 676//11706 812//11706
f 777//11707 675//11707 857//11707
f 688//11708 857//11708 675//11708
f 808//11709 819//11709 674//11709
f 687//11710 808//11710 674//11710
f 680//11711 674//11711 819//11711
f 707//11712 673//11712 700//11712
f 698//11713 673//11713 707//11713
f 767//11714 813//11714 672//11714
f 678//11715 672//11715 813//11715
f 800//11716 671//11716 269//11716
f 696//11717 269//11717 671//11717
f 747//11718 670//11718 777//11718
f 710//11719 670//11719 747//11719
f 710//11720 701//11720 670//11720
f 675//11721 777//11721 670//11721
f 853//11722 669//11722 855//11722
f 851//11723 668//11723 853//11723
f 669//11724 853//11724 668//11724
f 836//851 667//851 851//851
f 818//11725 667//11725 836//11725
f 668//851 851//851 667//851
f 803//11726 850//11726 666//11726
f 705//11727 666//11727 850//11727
f 254//11728 665//11728 698//11728
f 673//11729 698//11729 665//11729
f 256//11730 665//11730 254//11730
f 600//11731 261//11731 253//11731
f 782//11732 769//11732 664//11732
f 683//11733 782//11733 664//11733
f 679//11734 664//11734 769//11734
f 780//11735 663//11735 825//11735
f 701//11736 825//11736 663//11736
f 663//11737 670//11737 701//11737
f 840//11738 839//11738 662//11738
f 680//11739 840//11739 662//11739
f 855//11740 661//11740 839//11740
f 661//11741 855//11741 669//11741
f 662//11742 839//11742 661//11742
f 686//11743 700//11743 660//11743
f 673//11744 660//11744 700//11744
f 806//11745 659//11745 818//11745
f 667//11746 818//11746 659//11746
f 684//11747 685//11747 658//11747
f 600//11748 253//11748 257//11748
f 684//11749 257//11749 600//11749
f 261//11750 600//11750 257//11750
f 658//11751 257//11751 684//11751
f 803//11752 657//11752 806//11752
f 666//593 657//593 803//593
f 659//11753 806//11753 657//11753
f 685//11754 686//11754 656//11754
f 660//11755 656//11755 686//11755
f 658//11756 685//11756 656//11756
f 713//11757 655//11757 714//11757
f 678//11758 714//11758 655//11758
f 734//11759 767//11759 654//11759
f 733//11760 734//11760 654//11760
f 672//11761 654//11761 767//11761
f 749//11762 732//11762 653//11762
f 732//11763 733//11763 653//11763
f 654//11764 653//11764 733//11764
f 692//11765 711//11765 652//11765
f 711//174 730//174 651//174
f 689//11766 651//11766 730//11766
f 652//11767 711//11767 651//11767
f 670//11768 650//11768 675//11768
f 670//11769 663//11769 650//11769
f 687//11770 649//11770 705//11770
f 674//11771 649//11771 687//11771
f 666//11772 705//11772 649//11772
f 696//11773 648//11773 713//11773
f 671//11774 648//11774 696//11774
f 655//2782 713//2782 648//2782
f 690//11775 647//11775 702//11775
f 690//10555 691//10555 647//10555
f 681//11776 702//11776 647//11776
f 251//11777 646//11777 779//11777
f 779//11778 645//11778 780//11778
f 663//11779 780//11779 645//11779
f 650//11780 663//11780 645//11780
f 646//8652 645//8652 779//8652
f 681//11781 644//11781 689//11781
f 651//11782 689//11782 644//11782
f 665//11783 255//11783 673//11783
f 665//11784 256//11784 255//11784
f 660//11785 673//11785 255//11785
f 257//11786 261//11786 255//11786
f 656//11787 660//11787 255//11787
f 253//11788 254//11788 259//11788
f 256//11789 254//11789 259//11789
f 261//11790 253//11790 259//11790
f 257//11791 256//11791 259//11791
f 749//11792 643//11792 800//11792
f 671//11793 800//11793 643//11793
f 653//11794 643//11794 749//11794
f 729//11795 642//11795 251//11795
f 646//11796 251//11796 642//11796
f 668//5736 641//5736 669//5736
f 669//3227 641//3227 661//3227
f 667//11797 640//11797 668//11797
f 659//11798 640//11798 667//11798
f 657//95 640//95 659//95
f 641//11797 668//11797 640//11797
f 261//11799 256//11799 260//11799
f 257//11751 658//11751 260//11751
f 656//9761 260//9761 658//9761
f 255//11800 261//11800 260//11800
f 255//11801 257//11801 260//11801
f 255//11802 260//11802 656//11802
f 260//11803 256//11803 259//11803
f 672//11804 678//11804 639//11804
f 655//11805 639//11805 678//11805
f 263//11806 638//11806 766//11806
f 751//11807 637//11807 263//11807
f 638//11808 263//11808 637//11808
f 750//587 636//587 751//587
f 637//11809 751//11809 636//11809
f 731//11810 635//11810 750//11810
f 636//11811 750//11811 635//11811
f 676//11812 634//11812 691//11812
f 676//11813 677//11813 634//11813
f 647//11814 691//11814 634//11814
f 647//11815 633//11815 681//11815
f 644//11816 681//11816 633//11816
f 674//11817 680//11817 632//11817
f 662//11818 632//11818 680//11818
f 661//11819 632//11819 662//11819
f 649//11820 674//11820 632//11820
f 641//11821 632//11821 661//11821
f 640//211 632//211 641//211
f 657//11822 666//11822 631//11822
f 649//11823 631//11823 666//11823
f 640//11824 657//11824 631//11824
f 632//157 631//157 649//157
f 632//211 640//211 631//211
f 721//11825 712//11825 630//11825
f 721//425 629//425 731//425
f 635//425 731//425 629//425
f 630//11826 629//11826 721//11826
f 682//11827 692//11827 628//11827
f 677//11828 682//11828 628//11828
f 652//11827 628//11827 692//11827
f 634//11829 677//11829 628//11829
f 695//11830 627//11830 712//11830
f 3250//11831 191//11831 371//11831
f 3113//11832 191//11832 3250//11832
f 2811//11833 2727//11833 3013//11833
f 3013//171 371//171 3085//171
f 3085//6096 2811//6096 3013//6096
f 2727//11834 2493//11834 2491//11834
f 2727//11835 2811//11835 2493//11835
f 313//11836 1861//11836 1989//11836
f 313//11837 2084//11837 1861//11837
f 321//11838 2491//11838 2493//11838
f 1992//11839 2142//11839 2493//11839
f 2142//11840 321//11840 2493//11840
f 6575//11841 2141//11841 2321//11841
f 2321//11842 2469//11842 6575//11842
f 2469//11843 6576//11843 6575//11843
f 6575//11844 313//11844 2141//11844
f 6575//11845 2490//11845 2234//11845
f 2234//11846 313//11846 6575//11846
f 6575//11847 6576//11847 2490//11847
f 6576//11848 6571//11848 2327//11848
f 2407//11849 6571//11849 6573//11849
f 6573//11850 2494//11850 2407//11850
f 2407//11851 2327//11851 6571//11851
f 1576//11852 1742//11852 1350//11852 1443//11852
f 1806//11853 1350//11853 2449//11853
f 1806//11854 1289//11854 1350//11854
f 2449//11855 1443//11855 6577//11855
f 2449//11855 1350//11855 1443//11855
f 1443//11856 6578//11856 1576//11856
f 6577//11857 1443//11857 6578//11857
f 6578//11858 1742//11858 1576//11858
f 6578//11858 6579//11858 1742//11858
f 6579//11859 2147//11859 2383//11859
f 6579//11860 1742//11860 2147//11860
f 2086//11861 2449//11861 6580//11861
f 2086//11862 1806//11862 2449//11862
f 6577//11863 6580//11863 2449//11863
f 6577//11863 6581//11863 6580//11863
f 6578//11864 6581//11864 6577//11864
f 6578//11864 6582//11864 6581//11864
f 6579//11865 6582//11865 6578//11865
f 6579//11865 6583//11865 6582//11865
f 2328//11866 319//11866 325//11866
f 322//791 327//791 325//791
f 325//11867 319//11867 322//11867
f 322//791 340//791 327//791
f 6583//11868 2383//11868 340//11868
f 6579//11869 2383//11869 6583//11869
f 2383//11870 327//11870 340//11870
f 2202//11871 6580//11871 6584//11871
f 6584//11872 2201//11872 2202//11872
f 2202//11873 2086//11873 6580//11873
f 6581//11874 6584//11874 6580//11874
f 6581//11874 6585//11874 6584//11874
f 6582//11875 6585//11875 6581//11875
f 6582//11875 6586//11875 6585//11875
f 6587//11876 6582//11876 6583//11876
f 6587//11876 6586//11876 6582//11876
f 2831//170 360//170 202//170
f 202//11877 204//11877 2845//11877
f 2845//11878 2872//11878 202//11878
f 2872//169 2831//169 202//169
f 2754//11879 2641//11879 2920//11879
f 2641//11880 2753//11880 2850//11880
f 2850//11881 2998//11881 2641//11881
f 2998//11882 2920//11882 2641//11882
f 360//11883 2831//11883 2754//11883
f 2920//7636 360//7636 2754//7636
f 2472//11884 6573//11884 6572//11884
f 6572//11885 228//11885 2472//11885
f 2472//11884 2494//11884 6573//11884
f 6583//11886 340//11886 6572//11886
f 6583//11887 6572//11887 6573//11887
f 6573//11888 6571//11888 6587//11888
f 6587//11889 6583//11889 6573//11889
f 6572//11890 340//11890 228//11890
f 6586//11891 6587//11891 6571//11891
f 6571//11892 6576//11892 6592//11892
f 6592//11893 6586//11893 6571//11893
f 6592//11894 2469//11894 2658//11894
f 2658//11894 2753//11894 6592//11894
f 6592//11895 6576//11895 2469//11895
f 6592//11896 2753//11896 6591//11896
f 6585//11897 6586//11897 6591//11897
f 6586//11897 6592//11897 6591//11897
f 6588//11898 6591//11898 2753//11898
f 6588//11899 6585//11899 6591//11899
f 2325//11900 6584//11900 6585//11900
f 2325//11901 2201//11901 6584//11901
f 6585//11902 6588//11902 2381//11902
f 2753//11903 2641//11903 6588//11903
f 2641//11904 2381//11904 6588//11904
f 2381//11905 2325//11905 6585//11905
l 351 2490
l 5178 6574
l 6586 6589
l 6587 6590
