# Blender 5.2.0 LTS
# www.blender.org
mtllib hO07mwY7Ax49bU2GXhZ0D_sr_256to512_depth9_fix.mtl
o hO07mwY7Ax49bU2GXhZ0D_sr_256to512_depth9
v -0.315755 0.357422 -0.022786
v -0.025391 0.017578 0.345703
v 0.001953 0.060547 0.341797
v -0.029297 0.287109 0.361328
v -0.033203 0.279297 0.337891
v 0.001953 0.064453 0.337891
v 0.033203 0.279297 0.337891
v 0.052734 -0.130859 0.306641
v 0.068359 -0.126953 0.298828
v 0.060547 -0.271484 0.302734
v 0.001953 -0.130859 0.310547
v 0.001953 -0.064453 0.298828
v -0.033203 -0.037109 0.287109
v -0.048828 -0.130859 0.298828
v -0.779297 -0.056641 0.318359
v 0.001953 -0.060547 0.294922
v 0.033203 -0.037109 0.302734
v -0.052734 -0.275391 0.306641
v 0.173828 0.416016 0.259766
v 0.083984 -0.271484 0.298828
v 0.158203 0.423828 0.263672
v 0.169922 0.451172 0.271484
v 0.162109 0.435547 0.275391
v 0.033203 0.462891 0.259766
v 0.001953 0.474609 0.263672
v 0.001953 0.435547 0.306641
v -0.173828 0.451172 0.271484
v -0.173828 0.423828 0.263672
v -0.166016 0.435547 0.275391
v -0.169922 0.416016 0.259766
v -0.193359 0.416016 0.255859
v 0.162109 -0.037109 0.259766
v 0.142578 0.447266 0.259766
v 0.189453 0.416016 0.259766
v 0.044922 0.470703 0.240234
v 0.001953 0.462891 0.251953
v 0.158203 0.455078 0.271484
v 0.091797 -0.271484 0.279297
v -0.048828 -0.279297 0.251953
v -0.037109 -0.126953 0.267578
v -0.787109 -0.060547 0.271484
v 0.591797 0.029297 0.216797
v -0.189453 0.365234 0.251953
v 0.205078 -0.892578 0.216797
v -0.130859 0.095703 0.275391
v -0.783203 -0.076172 0.220703
v 0.158203 0.513672 0.240234
v -0.646484 0.107422 0.208984
v -0.427734 0.205078 0.205078
v 0.447266 0.259766 0.173828
v -0.283203 0.330078 0.216797
v 0.408203 0.216797 0.185547
v 0.076172 0.595703 0.220703
v 0.080078 0.599609 0.154297
v -0.083984 0.677734 0.154297
v 0.228516 -0.072266 0.212891
v 0.248047 -0.091797 0.150391
v 0.212891 -0.017578 0.154297
v -0.240234 -0.087891 0.150391
v -0.666016 0.103516 0.177734
v -0.669922 0.087891 0.158203
v -0.369141 0.134766 0.083984
v -0.400391 0.095703 0.080078
v -0.404297 0.091797 0.158203
v -0.400391 0.099609 0.154297
v 0.244141 -0.455078 0.158203
v -0.404297 0.083984 0.080078
v -0.408203 0.107422 0.060547
v -0.392578 0.169922 0.029297
v 0.509766 0.263672 0.037109
v 0.001953 0.599609 0.009766
v -0.076172 0.556641 0.025391
v -0.435547 0.123047 0.025391
v -0.052734 0.556641 0.029297
v 0.048828 0.556641 0.029297
v 0.064453 0.599609 0.029297
v -0.048828 0.591797 0.029297
v 0.048828 0.599609 0.025391
v 0.080078 0.548828 0.005859
v 0.404297 0.271484 0.017578
v 0.001953 0.556641 0.005859
v -0.080078 0.548828 0.005859
v 0.236328 -0.455078 0.033203
v 0.146484 -0.494141 -0.009766
v -0.033203 -0.388672 0.009766
v -0.021484 -0.376953 -0.005859
v -0.033203 -0.388672 0.001953
v 0.001953 -0.408203 0.001953
v 0.369141 0.337891 0.001953
v 0.361328 0.353516 0.021484
v -0.373047 0.337891 0.001953
v -0.345703 0.333984 -0.013672
v -0.283203 0.341797 -0.029297
v -0.255859 0.380859 -0.044922
v -0.189453 0.466797 -0.048828
v -0.193359 0.462891 -0.037109
v -0.216797 0.392578 -0.048828
v -0.294922 0.357422 -0.048828
v -0.228516 0.400391 -0.056641
v -0.345703 0.337891 -0.017578
v 0.033203 0.466797 -0.052734
v 0.083984 0.423828 -0.076172
v -0.189453 0.419922 -0.056641
v -0.154297 0.423828 -0.060547
v -0.216797 0.369141 -0.060547
v -0.150391 0.478516 -0.052734
v -0.287109 0.357422 -0.068359
v -0.517578 0.947266 -0.080078
v -0.533203 0.923828 -0.115234
v -0.509766 0.923828 -0.083984
v -0.552734 0.935547 -0.115234
v 0.548828 0.947266 -0.123047
v -0.126953 0.439453 -0.099609
v -0.552734 0.939453 -0.119141
v 0.580078 0.513672 -0.263672
v -0.380859 0.677734 -0.283203
v -0.451172 0.580078 -0.298828
v 0.458984 0.587891 -0.294922
v 0.462891 0.587891 -0.298828
v 0.447266 0.583984 -0.298828
v 0.443359 0.580078 -0.302734
v 0.279297 0.298828 -0.302734
v 0.400391 0.244141 -0.310547
v 0.345703 0.216797 -0.294922
v -0.302734 0.033203 -0.310547
v -0.404297 0.248047 -0.310547
v -0.341797 0.216797 -0.306641
v -0.455078 0.580078 -0.298828
v -0.486328 0.677734 -0.271484
v -0.455078 0.580078 -0.302734
v 0.341797 0.353516 -0.287109
v 0.345703 0.216797 -0.306641
v -0.341797 0.220703 -0.275391
v -0.638672 0.458984 -0.310547
v -0.646484 0.353516 -0.330078
v -0.638672 0.080078 -0.341797
v -0.486328 -0.076172 -0.353516
v -0.576172 -0.076172 -0.357422
v -0.591797 -0.076172 -0.373047
v -0.505859 0.080078 -0.349609
v -0.638672 0.080078 -0.373047
v -0.580078 -0.080078 -0.376953
v 0.580078 -0.056641 -0.365234
v 0.583984 0.080078 -0.361328
v 0.623047 -0.076172 -0.384766
v 0.642578 0.080078 -0.369141
v 0.583984 -0.052734 -0.373047
v -0.572266 -0.263672 -0.373047
v -0.583984 0.080078 -0.365234
v -0.693359 -0.076172 -0.322266
v 0.705078 0.244141 -0.341797
v -0.638672 0.353516 -0.337891
v 0.705078 0.353516 -0.333984
v 0.708984 0.244141 -0.333984
v 0.705078 0.080078 -0.314453
v -0.646484 0.353516 -0.310547
v -0.494141 0.509766 -0.310547
v -0.345703 0.353516 -0.287109
v -0.404297 0.376953 -0.306641
v -0.283203 0.298828 -0.302734
v 0.298828 0.033203 -0.310547
v 0.490234 0.509766 -0.310547
v 0.490234 0.677734 -0.271484
v -0.408203 0.251953 -0.294922
v 0.376953 0.677734 -0.283203
v 0.767578 0.458984 -0.302734
v 0.818359 0.451172 -0.275391
v 0.779297 0.556641 -0.263672
v -0.501953 0.458984 -0.267578
v 0.501953 0.458984 -0.267578
v -0.580078 0.513672 -0.263672
v -0.599609 0.876953 -0.154297
v -0.580078 0.869141 -0.150391
v -0.517578 0.931641 -0.146484
v -0.537109 0.927734 -0.126953
v 0.494141 0.958984 -0.107422
v -0.052734 0.373047 -0.064453
v 0.033203 0.376953 -0.064453
v -0.498047 0.962891 -0.103516
v -0.455078 0.982422 -0.068359
v -0.482422 0.923828 -0.048828
v -0.158203 0.427734 -0.064453
v -0.154297 0.404297 -0.076172
v -0.142578 0.482422 -0.064453
v 0.083984 0.357422 -0.072266
v 0.150391 0.419922 -0.076172
v 0.080078 0.478516 -0.060547
v -0.357422 0.357422 0.013672
v 0.287109 0.337891 -0.029297
v 0.287109 0.345703 -0.033203
v -0.080078 -0.263672 -0.009766
v 0.146484 -0.466797 -0.001953
v 0.240234 -0.478516 0.025391
v 0.349609 0.341797 -0.001953
v 0.435547 0.205078 0.001953
v 0.423828 0.232422 0.009766
v -0.052734 0.599609 0.025391
v 0.076172 0.556641 0.025391
v 0.001953 0.587891 0.013672
v 0.498047 0.236328 0.009766
v 0.494141 0.271484 0.025391
v 0.431641 0.275391 0.033203
v -0.431641 0.130859 0.025391
v 0.431641 0.126953 0.025391
v 0.435547 0.119141 0.025391
v -0.064453 0.599609 0.029297
v 0.373047 0.193359 0.033203
v 0.208984 -0.466797 0.060547
v 0.216797 -0.451172 0.048828
v 0.251953 -0.443359 0.150391
v -0.404297 0.373047 0.083984
v 0.404297 0.482422 0.083984
v 0.369141 0.419922 0.068359
v 0.396484 0.091797 0.083984
v -0.427734 0.373047 0.083984
v 0.189453 0.041016 0.193359
v 0.201172 0.052734 0.123047
v 0.197266 0.044922 0.201172
v 0.376953 0.423828 0.126953
v -0.212891 -0.017578 0.154297
v -0.193359 0.048828 0.154297
v -0.220703 -0.076172 0.205078
v -0.080078 0.599609 0.154297
v 0.087891 0.677734 0.154297
v 0.408203 0.224609 0.166016
v 0.162109 0.509766 0.232422
v 0.173828 0.572266 0.169922
v 0.166016 0.505859 0.236328
v -0.240234 0.283203 0.185547
v -0.205078 0.314453 0.248047
v -0.228516 0.267578 0.181641
v -0.462891 0.216797 0.208984
v -0.435547 0.248047 0.189453
v 0.126953 -0.947266 0.205078
v 0.134766 -0.927734 0.189453
v -0.287109 0.271484 0.224609
v -0.302734 0.310547 0.201172
v -0.287109 0.318359 0.224609
v -0.447266 0.232422 0.208984
v 0.126953 -0.939453 0.205078
v 0.193359 0.103516 0.212891
v 0.169922 0.103516 0.205078
v 0.130859 0.091797 0.275391
v -0.669922 0.091797 0.220703
v -0.599609 0.087891 0.236328
v 0.103516 0.462891 0.236328
v -0.240234 -0.115234 0.220703
v -0.228516 -0.072266 0.212891
v 0.240234 -0.115234 0.220703
v -0.298828 0.337891 0.228516
v -0.189453 0.404297 0.244141
v -0.201172 0.369141 0.263672
v -0.076172 0.599609 0.220703
v 0.064453 -0.271484 0.236328
v 0.123047 -0.955078 0.240234
v -0.205078 0.349609 0.244141
v 0.169922 -0.275391 0.263672
v 0.173828 0.427734 0.244141
v 0.162109 0.423828 0.263672
v 0.130859 0.396484 0.271484
v 0.189453 0.404297 0.244141
v -0.783203 -0.064453 0.283203
v -0.783203 -0.076172 0.248047
v 0.142578 0.439453 0.248047
v -0.173828 0.439453 0.251953
v 0.169922 0.443359 0.251953
v -0.169922 -0.279297 0.263672
v 0.173828 -0.275391 0.267578
v 0.158203 -0.130859 0.255859
v -0.208984 -0.474609 0.259766
v -0.185547 -0.404297 0.287109
v -0.208984 0.318359 0.259766
v -0.162109 -0.037109 0.259766
v 0.048828 -0.275391 0.259766
v 0.154297 -0.080078 0.275391
v 0.208984 -0.462891 0.259766
v 0.185547 -0.400391 0.287109
v 0.001953 0.533203 0.306641
v -0.013672 0.474609 0.263672
v 0.033203 -0.130859 0.271484
v 0.056641 -0.115234 0.263672
v 0.037109 -0.298828 0.279297
v 0.060547 -0.388672 0.263672
v 0.060547 -0.392578 0.271484
v 0.001953 -0.435547 0.267578
v -0.642578 0.044922 0.283203
v -0.162109 0.455078 0.271484
v -0.169922 -0.478516 0.271484
v -0.154297 -0.080078 0.275391
v -0.056641 -0.396484 0.271484
v 0.169922 -0.470703 0.271484
v -0.076172 0.005859 0.283203
v -0.087891 -0.033203 0.275391
v 0.076172 0.013672 0.283203
v 0.087891 -0.025391 0.287109
v 0.083984 -0.025391 0.275391
v -0.087891 -0.271484 0.279297
v -0.091797 -0.271484 0.298828
v 0.001953 -0.130859 0.302734
v -0.767578 -0.060547 0.298828
v -0.748047 -0.041016 0.298828
v 0.033203 -0.037109 0.287109
v 0.748047 -0.021484 0.322266
v 0.740234 -0.029297 0.314453
v 0.740234 -0.041016 0.298828
v 0.771484 -0.056641 0.318359
v -0.033203 -0.037109 0.302734
v 0.001953 0.236328 0.361328
v 0.017578 0.244141 0.337891
v -0.025391 0.060547 0.341797
v 0.001953 0.025391 0.345703
v -0.025391 0.283203 0.353516
v 0.001953 0.291016 0.357422
v 0.029297 0.259766 0.345703
v -0.048828 -0.130859 0.306641
v 0.767578 -0.017578 0.291016
v 0.779297 -0.052734 0.318359
v -0.060547 -0.400391 0.275391
v 0.001953 -0.443359 0.259766
v -0.087891 -0.033203 0.287109
v -0.013672 0.462891 0.251953
v 0.115234 0.435547 0.263672
v 0.154297 0.419922 0.255859
v -0.064453 -0.275391 0.236328
v -0.037109 -0.126953 0.244141
v 0.001953 0.517578 0.279297
v 0.599609 0.087891 0.236328
v 0.587891 0.060547 0.240234
v 0.591797 0.095703 0.232422
v -0.201172 0.107422 0.220703
v 0.197266 0.466797 0.208984
v -0.173828 -0.271484 0.267578
v 0.220703 -0.076172 0.205078
v -0.248047 -0.087891 0.150391
v -0.662109 0.076172 0.154297
v -0.654297 0.052734 0.142578
v -0.189453 0.107422 0.212891
v 0.404297 0.076172 0.080078
v 0.001953 -0.408203 -0.001953
v -0.021484 -0.376953 -0.001953
v 0.337891 0.228516 0.029297
v 0.064453 0.423828 -0.072266
v -0.166016 0.357422 -0.060547
v 0.513672 0.931641 -0.083984
v 0.505859 0.958984 -0.095703
v 0.080078 0.373047 -0.107422
v -0.111328 0.435547 -0.115234
v 0.580078 0.458984 -0.275391
v -0.580078 0.458984 -0.275391
v 0.400391 0.376953 -0.306641
v 0.705078 0.244141 -0.283203
v -0.705078 0.080078 -0.314453
v -0.587891 -0.544922 -0.392578
v 0.587891 -0.544922 -0.392578
v -0.623047 -0.435547 -0.388672
v -0.611328 -0.263672 -0.388672
v 0.611328 -0.263672 -0.388672
v 0.623047 -0.435547 -0.388672
v -0.669922 -0.263672 -0.384766
v -0.623047 -0.076172 -0.384766
v -0.580078 -0.435547 -0.384766
v -0.525391 -0.662109 -0.384766
v 0.525391 -0.662109 -0.384766
v 0.580078 -0.435547 -0.384766
v 0.669922 -0.263672 -0.384766
v -0.693359 -0.076172 -0.380859
v -0.556641 -0.666016 -0.380859
v 0.556641 -0.666016 -0.380859
v 0.693359 -0.076172 -0.380859
v -0.583984 -0.263672 -0.376953
v -0.548828 -0.435547 -0.376953
v -0.537109 -0.548828 -0.376953
v -0.498047 -0.662109 -0.376953
v 0.494141 -0.662109 -0.376953
v 0.537109 -0.548828 -0.376953
v 0.548828 -0.435547 -0.376953
v 0.583984 -0.263672 -0.376953
v -0.662109 -0.541016 -0.373047
v -0.658203 -0.537109 -0.373047
v -0.552734 -0.439453 -0.373047
v 0.552734 -0.439453 -0.373047
v 0.568359 -0.263672 -0.373047
v 0.591797 -0.076172 -0.373047
v 0.654297 -0.541016 -0.373047
v 0.662109 -0.541016 -0.373047
v -0.689453 -0.435547 -0.369141
v -0.642578 0.080078 -0.369141
v -0.580078 -0.669922 -0.369141
v -0.537109 -0.408203 -0.369141
v -0.482422 -0.263672 -0.369141
v -0.451172 -0.400391 -0.369141
v 0.451172 -0.396484 -0.369141
v 0.478516 -0.263672 -0.369141
v 0.541016 -0.404297 -0.369141
v 0.580078 -0.669922 -0.369141
v 0.689453 -0.431641 -0.369141
v -0.732422 -0.263672 -0.365234
v -0.705078 0.080078 -0.365234
v -0.529297 -0.548828 -0.365234
v -0.486328 -0.662109 -0.365234
v -0.455078 -0.521484 -0.365234
v 0.451172 -0.513672 -0.365234
v 0.486328 -0.662109 -0.365234
v 0.529297 -0.548828 -0.365234
v 0.705078 0.080078 -0.365234
v 0.732422 -0.263672 -0.365234
v -0.564453 -0.431641 -0.361328
v -0.486328 -0.822266 -0.361328
v -0.482422 -0.818359 -0.361328
v 0.482422 -0.818359 -0.361328
v 0.486328 -0.822266 -0.361328
v -0.763672 -0.076172 -0.357422
v -0.693359 -0.435547 -0.357422
v -0.666016 -0.541016 -0.357422
v -0.662109 -0.541016 -0.357422
v -0.580078 -0.669922 -0.357422
v -0.576172 -0.263672 -0.357422
v -0.541016 -0.404297 -0.357422
v -0.482422 -0.818359 -0.357422
v -0.458984 -0.521484 -0.357422
v -0.455078 -0.521484 -0.357422
v 0.451172 -0.513672 -0.357422
v 0.455078 -0.513672 -0.357422
v 0.482422 -0.818359 -0.357422
v 0.541016 -0.400391 -0.357422
v 0.564453 -0.431641 -0.357422
v 0.576172 -0.263672 -0.357422
v 0.576172 -0.076172 -0.357422
v 0.580078 -0.669922 -0.357422
v 0.580078 -0.263672 -0.357422
v 0.662109 -0.541016 -0.357422
v 0.666016 -0.541016 -0.357422
v 0.693359 -0.431641 -0.357422
v 0.763672 -0.076172 -0.357422
v -0.740234 -0.263672 -0.353516
v -0.638672 0.244141 -0.353516
v -0.583984 -0.263672 -0.353516
v -0.552734 -0.439453 -0.353516
v -0.537109 -0.548828 -0.353516
v -0.501953 -0.263672 -0.353516
v -0.498047 -0.662109 -0.353516
v -0.498047 0.080078 -0.353516
v -0.482422 -0.263672 -0.353516
v -0.470703 -0.404297 -0.353516
v -0.451172 -0.400391 -0.353516
v 0.451172 -0.396484 -0.353516
v 0.470703 -0.400391 -0.353516
v 0.478516 -0.263672 -0.353516
v 0.486328 -0.076172 -0.353516
v 0.494141 -0.662109 -0.353516
v 0.494141 0.080078 -0.353516
v 0.501953 -0.263672 -0.353516
v 0.533203 -0.548828 -0.353516
v 0.556641 -0.439453 -0.353516
v 0.583984 -0.263672 -0.353516
v 0.740234 -0.263672 -0.353516
v -0.681641 -0.435547 -0.349609
v -0.486328 0.080078 -0.349609
v 0.501953 0.080078 -0.349609
v 0.681641 -0.431641 -0.349609
v -0.650391 -0.537109 -0.345703
v -0.646484 0.244141 -0.345703
v -0.556641 -0.666016 -0.345703
v -0.525391 -0.662109 -0.345703
v 0.486328 0.080078 -0.345703
v 0.525391 -0.662109 -0.345703
v 0.556641 -0.666016 -0.345703
v 0.642578 0.244141 -0.345703
v 0.650391 -0.537109 -0.345703
v -0.771484 -0.076172 -0.341797
v -0.763672 0.080078 -0.341797
v -0.728516 -0.263672 -0.341797
v -0.705078 0.244141 -0.341797
v -0.583984 0.244141 -0.341797
v -0.576172 -0.076172 -0.341797
v 0.580078 -0.076172 -0.341797
v 0.583984 0.244141 -0.341797
v 0.728516 -0.263672 -0.341797
v 0.767578 0.080078 -0.341797
v 0.771484 -0.076172 -0.341797
v -0.619141 -0.263672 -0.337891
v -0.509766 -0.076172 -0.337891
v -0.498047 0.244141 -0.337891
v -0.498047 0.353516 -0.337891
v -0.486328 -0.076172 -0.337891
v 0.486328 -0.076172 -0.337891
v 0.494141 0.244141 -0.337891
v 0.494141 0.353516 -0.337891
v 0.509766 -0.076172 -0.337891
v 0.619141 -0.263672 -0.337891
v -0.759766 -0.076172 -0.333984
v -0.705078 0.353516 -0.333984
v -0.623047 -0.435547 -0.333984
v -0.591797 -0.076172 -0.333984
v -0.587891 -0.544922 -0.333984
v -0.583984 0.080078 -0.333984
v -0.505859 0.244141 -0.333984
v -0.505859 0.353516 -0.333984
v -0.486328 0.244141 -0.333984
v -0.431641 0.080078 -0.333984
v 0.431641 0.080078 -0.333984
v 0.501953 0.244141 -0.333984
v 0.501953 0.353516 -0.333984
v 0.583984 0.080078 -0.333984
v 0.587891 -0.544922 -0.333984
v 0.591797 -0.076172 -0.333984
v 0.623047 -0.431641 -0.333984
v 0.759766 -0.076172 -0.333984
v -0.826172 0.146484 -0.330078
v -0.669922 -0.263672 -0.330078
v -0.486328 0.353516 -0.330078
v 0.486328 0.244141 -0.330078
v 0.638672 0.080078 -0.330078
v 0.642578 0.353516 -0.330078
v 0.669922 -0.263672 -0.330078
v 0.822266 0.146484 -0.330078
v -0.775391 0.080078 -0.326172
v -0.767578 0.244141 -0.326172
v -0.623047 -0.076172 -0.326172
v -0.619141 0.080078 -0.326172
v -0.587891 0.353516 -0.326172
v 0.482422 0.353516 -0.326172
v 0.583984 0.353516 -0.326172
v 0.623047 -0.076172 -0.326172
v 0.767578 0.244141 -0.326172
v 0.775391 0.080078 -0.326172
v -0.501953 0.080078 -0.322266
v 0.501953 0.080078 -0.322266
v 0.693359 -0.076172 -0.322266
v -0.841797 0.142578 -0.318359
v -0.826172 0.134766 -0.318359
v -0.763672 0.080078 -0.318359
v -0.705078 0.458984 -0.318359
v -0.623047 0.080078 -0.318359
v -0.505859 0.509766 -0.318359
v -0.404297 0.244141 -0.318359
v 0.404297 0.244141 -0.318359
v 0.501953 0.509766 -0.318359
v 0.642578 0.080078 -0.318359
v 0.705078 0.458984 -0.318359
v 0.763672 0.080078 -0.318359
v 0.822266 0.134766 -0.318359
v 0.837891 0.142578 -0.318359
v -0.767578 0.353516 -0.314453
v -0.513672 0.509766 -0.314453
v 0.509766 0.509766 -0.314453
v 0.767578 0.353516 -0.314453
v -0.841797 0.138672 -0.310547
v -0.837891 0.134766 -0.310547
v -0.806641 0.244141 -0.310547
v -0.580078 0.244141 -0.310547
v -0.498047 0.080078 -0.310547
v -0.435547 0.080078 -0.310547
v 0.435547 0.080078 -0.310547
v 0.498047 0.080078 -0.310547
v 0.580078 0.244141 -0.310547
v 0.638672 0.458984 -0.310547
v 0.802734 0.244141 -0.310547
v 0.833984 0.130859 -0.310547
v 0.837891 0.138672 -0.310547
v -0.591797 0.470703 -0.306641
v -0.232422 0.216797 -0.306641
v 0.587891 0.470703 -0.306641
v -0.767578 0.458984 -0.302734
v -0.638672 0.244141 -0.302734
v 0.228516 0.216797 -0.302734
v 0.638672 0.244141 -0.302734
v -0.814453 0.244141 -0.298828
v -0.685547 0.564453 -0.298828
v -0.501953 0.244141 -0.298828
v 0.501953 0.244141 -0.298828
v 0.681641 0.564453 -0.298828
v 0.814453 0.244141 -0.298828
v -0.791016 0.353516 -0.294922
v 0.791016 0.353516 -0.294922
v -0.798828 0.244141 -0.291016
v -0.642578 0.244141 -0.291016
v -0.615234 0.564453 -0.291016
v -0.580078 0.353516 -0.291016
v -0.498047 0.244141 -0.291016
v -0.435547 0.244141 -0.291016
v -0.396484 0.525391 -0.291016
v 0.392578 0.517578 -0.291016
v 0.435547 0.244141 -0.291016
v 0.498047 0.244141 -0.291016
v 0.580078 0.353516 -0.291016
v 0.611328 0.564453 -0.291016
v 0.642578 0.244141 -0.291016
v 0.798828 0.244141 -0.291016
v -0.767578 0.244141 -0.287109
v -0.404297 0.525391 -0.287109
v 0.400391 0.517578 -0.287109
v 0.767578 0.244141 -0.287109
v -0.748047 0.560547 -0.283203
v -0.705078 0.244141 -0.283203
v -0.638672 0.353516 -0.283203
v -0.501953 0.353516 -0.283203
v 0.501953 0.353516 -0.283203
v 0.638672 0.353516 -0.283203
v 0.748047 0.560547 -0.283203
v -0.806641 0.458984 -0.279297
v -0.498047 0.681641 -0.279297
v -0.439453 0.353516 -0.279297
v -0.240234 0.216797 -0.279297
v 0.236328 0.216797 -0.279297
v 0.439453 0.353516 -0.279297
v 0.509766 0.681641 -0.279297
v 0.806641 0.458984 -0.279297
v -0.818359 0.451172 -0.275391
v -0.794922 0.353516 -0.275391
v -0.787109 0.458984 -0.275391
v -0.517578 0.681641 -0.275391
v -0.498047 0.353516 -0.275391
v 0.341797 0.220703 -0.275391
v 0.494141 0.353516 -0.275391
v 0.517578 0.681641 -0.275391
v 0.794922 0.353516 -0.275391
v 0.798828 0.458984 -0.275391
v -0.646484 0.458984 -0.271484
v -0.580078 0.458984 -0.271484
v -0.279297 0.228516 -0.271484
v -0.267578 0.447266 -0.271484
v 0.263672 0.447266 -0.271484
v 0.275391 0.232422 -0.271484
v 0.580078 0.458984 -0.271484
v -0.646484 0.353516 -0.267578
v -0.619141 0.685547 -0.267578
v -0.337891 0.490234 -0.267578
v 0.337891 0.494141 -0.267578
v 0.619141 0.685547 -0.267578
v 0.642578 0.353516 -0.267578
v -0.806641 0.458984 -0.263672
v -0.779297 0.556641 -0.263672
v -0.767578 0.353516 -0.263672
v -0.638672 0.458984 -0.263672
v -0.435547 0.458984 -0.263672
v -0.208984 0.361328 -0.263672
v 0.205078 0.361328 -0.263672
v 0.435547 0.458984 -0.263672
v 0.638672 0.458984 -0.263672
v 0.767578 0.353516 -0.263672
v 0.806641 0.458984 -0.263672
v -0.501953 0.513672 -0.259766
v -0.498047 0.458984 -0.259766
v -0.302734 0.611328 -0.259766
v -0.166016 0.294922 -0.259766
v 0.166016 0.294922 -0.259766
v 0.298828 0.611328 -0.259766
v 0.494141 0.458984 -0.259766
v 0.501953 0.513672 -0.259766
v -0.705078 0.353516 -0.255859
v 0.705078 0.353516 -0.255859
v -0.783203 0.556641 -0.251953
v -0.767578 0.458984 -0.251953
v -0.498047 0.513672 -0.251953
v 0.494141 0.509766 -0.251953
v 0.767578 0.458984 -0.251953
v 0.783203 0.556641 -0.251953
v -0.681641 0.701172 -0.248047
v -0.642578 0.458984 -0.248047
v -0.619141 0.525391 -0.248047
v 0.619141 0.525391 -0.248047
v 0.642578 0.458984 -0.248047
v 0.681641 0.701172 -0.248047
v -0.341797 0.458984 -0.240234
v -0.177734 0.291016 -0.240234
v 0.173828 0.291016 -0.240234
v 0.337891 0.458984 -0.240234
v -0.705078 0.458984 -0.236328
v -0.599609 0.767578 -0.236328
v 0.599609 0.767578 -0.236328
v 0.705078 0.458984 -0.236328
v -0.623047 0.525391 -0.232422
v -0.212891 0.349609 -0.232422
v 0.208984 0.349609 -0.232422
v 0.623047 0.525391 -0.232422
v -0.708984 0.705078 -0.228516
v -0.271484 0.400391 -0.228516
v 0.267578 0.400391 -0.228516
v 0.708984 0.705078 -0.228516
v -0.748047 0.560547 -0.224609
v -0.412109 0.533203 -0.224609
v -0.404297 0.814453 -0.224609
v 0.400391 0.814453 -0.224609
v 0.408203 0.533203 -0.224609
v 0.748047 0.560547 -0.224609
v -0.591797 0.580078 -0.216797
v -0.521484 0.580078 -0.216797
v -0.193359 0.494141 -0.216797
v 0.193359 0.494141 -0.216797
v 0.509766 0.830078 -0.216797
v 0.517578 0.580078 -0.216797
v 0.587891 0.580078 -0.216797
v -0.708984 0.705078 -0.212891
v -0.646484 0.791016 -0.212891
v -0.509766 0.830078 -0.212891
v -0.478516 0.826172 -0.212891
v 0.482422 0.826172 -0.212891
v 0.517578 0.830078 -0.212891
v 0.646484 0.791016 -0.212891
v 0.708984 0.705078 -0.212891
v -0.685547 0.564453 -0.208984
v -0.462891 0.568359 -0.208984
v 0.458984 0.568359 -0.208984
v 0.681641 0.564453 -0.208984
v -0.658203 0.794922 -0.197266
v 0.658203 0.794922 -0.197266
v -0.365234 0.755859 -0.193359
v -0.302734 0.658203 -0.193359
v 0.298828 0.658203 -0.193359
v 0.361328 0.755859 -0.193359
v -0.556641 0.857422 -0.189453
v -0.681641 0.701172 -0.185547
v 0.564453 0.861328 -0.185547
v 0.681641 0.701172 -0.185547
v -0.646484 0.791016 -0.181641
v -0.513672 0.677734 -0.181641
v 0.509766 0.677734 -0.181641
v 0.646484 0.791016 -0.181641
v -0.583984 0.681641 -0.177734
v 0.583984 0.681641 -0.177734
v -0.638672 0.689453 -0.173828
v -0.130859 0.408203 -0.173828
v 0.130859 0.408203 -0.173828
v 0.638672 0.689453 -0.173828
v -0.591797 0.876953 -0.169922
v -0.431641 0.666016 -0.169922
v -0.380859 0.646484 -0.169922
v 0.306641 0.583984 -0.169922
v 0.369141 0.955078 -0.169922
v 0.376953 0.646484 -0.169922
v 0.427734 0.666016 -0.169922
v 0.591797 0.873047 -0.169922
v -0.373047 0.955078 -0.166016
v -0.310547 0.583984 -0.166016
v -0.462891 0.931641 -0.158203
v 0.466797 0.931641 -0.158203
v -0.619141 0.783203 -0.154297
v -0.494141 0.927734 -0.154297
v -0.185547 0.517578 -0.154297
v -0.091797 0.345703 -0.154297
v 0.091797 0.345703 -0.154297
v 0.185547 0.517578 -0.154297
v 0.501953 0.927734 -0.154297
v 0.599609 0.876953 -0.154297
v 0.619141 0.783203 -0.154297
v -0.416016 0.748047 -0.150391
v -0.150391 0.400391 -0.150391
v 0.412109 0.748047 -0.150391
v -0.107422 0.341797 -0.146484
v 0.142578 0.400391 -0.146484
v 0.517578 0.927734 -0.146484
v 0.583984 0.869141 -0.146484
v -0.587891 0.775391 -0.142578
v -0.498047 0.759766 -0.142578
v -0.341797 0.861328 -0.142578
v -0.208984 0.498047 -0.142578
v 0.103516 0.341797 -0.142578
v 0.205078 0.498047 -0.142578
v 0.337891 0.861328 -0.142578
v 0.494141 0.763672 -0.142578
v 0.591797 0.775391 -0.142578
v -0.556641 0.771484 -0.138672
v 0.564453 0.771484 -0.138672
v 0.537109 0.927734 -0.130859
v -0.537109 0.951172 -0.123047
v -0.556641 0.861328 -0.115234
v 0.115234 0.435547 -0.115234
v 0.552734 0.931641 -0.115234
v 0.560547 0.861328 -0.115234
v 0.537109 0.923828 -0.111328
v 0.103516 0.470703 -0.107422
v 0.111328 0.419922 -0.107422
v -0.400391 0.841797 -0.099609
v 0.126953 0.439453 -0.099609
v 0.400391 0.841797 -0.099609
v 0.537109 0.857422 -0.095703
v -0.529297 0.853516 -0.091797
v -0.505859 0.966797 -0.091797
v -0.392578 0.986328 -0.091797
v -0.341797 0.966797 -0.091797
v -0.318359 0.935547 -0.091797
v 0.314453 0.935547 -0.091797
v 0.341797 0.966797 -0.091797
v 0.408203 0.986328 -0.091797
v 0.517578 0.853516 -0.091797
v -0.498047 0.849609 -0.087891
v -0.470703 0.845703 -0.087891
v 0.474609 0.845703 -0.087891
v -0.451172 0.974609 -0.083984
v 0.064453 0.365234 -0.083984
v -0.380859 0.994141 -0.076172
v -0.244141 0.423828 -0.076172
v -0.080078 0.412109 -0.076172
v 0.001953 0.353516 -0.076172
v 0.380859 0.994141 -0.076172
v -0.083984 0.353516 -0.072266
v -0.498047 0.931641 -0.068359
v -0.091797 0.435547 -0.068359
v -0.009766 0.416016 -0.068359
v 0.064453 0.423828 -0.068359
v 0.455078 0.982422 -0.068359
v -0.033203 0.466797 -0.064453
v 0.142578 0.482422 -0.064453
v 0.205078 0.369141 -0.064453
v 0.494141 0.927734 -0.064453
v -0.080078 0.478516 -0.060547
v -0.033203 0.466797 -0.060547
v 0.154297 0.419922 -0.060547
v 0.169922 0.357422 -0.060547
v 0.193359 0.412109 -0.060547
v -0.177734 0.353516 -0.056641
v 0.001953 0.259766 -0.056641
v 0.029297 0.470703 -0.056641
v -0.380859 0.962891 -0.052734
v -0.361328 0.916016 -0.052734
v -0.087891 0.248047 -0.052734
v 0.001953 0.228516 -0.052734
v 0.087891 0.248047 -0.052734
v 0.150391 0.478516 -0.052734
v 0.201172 0.361328 -0.052734
v 0.205078 0.353516 -0.052734
v 0.361328 0.916016 -0.052734
v 0.380859 0.962891 -0.052734
v -0.455078 0.955078 -0.048828
v -0.205078 -0.822266 -0.048828
v -0.087891 0.224609 -0.048828
v 0.087891 0.224609 -0.048828
v 0.189453 0.466797 -0.048828
v 0.197266 0.408203 -0.048828
v 0.275391 0.380859 -0.048828
v 0.455078 0.955078 -0.048828
v 0.470703 0.923828 -0.048828
v -0.380859 0.916016 -0.044922
v -0.228516 0.431641 -0.044922
v 0.001953 0.263672 -0.044922
v 0.380859 0.916016 -0.044922
v -0.458984 0.919922 -0.041016
v -0.083984 0.259766 -0.041016
v 0.083984 0.259766 -0.041016
v 0.443359 0.919922 -0.041016
v -0.439453 0.919922 -0.037109
v -0.263672 0.392578 -0.037109
v -0.244141 0.462891 -0.037109
v 0.193359 0.462891 -0.037109
v 0.248047 0.462891 -0.037109
v 0.001953 0.185547 -0.033203
v -0.298828 0.419922 -0.029297
v -0.212891 -0.982422 -0.029297
v -0.212891 -0.939453 -0.029297
v -0.083984 0.185547 -0.029297
v 0.083984 0.185547 -0.029297
v 0.197266 -0.810547 -0.029297
v 0.212891 -0.982422 -0.029297
v 0.212891 -0.939453 -0.029297
v 0.298828 0.423828 -0.029297
v -0.302734 0.376953 -0.025391
v -0.205078 -0.857422 -0.025391
v -0.154297 -0.630859 -0.025391
v 0.154297 -0.630859 -0.025391
v 0.205078 -0.857422 -0.025391
v -0.310547 0.349609 -0.021484
v -0.248047 0.294922 -0.021484
v -0.126953 -0.982422 -0.021484
v -0.119141 -0.837891 -0.021484
v -0.060547 -0.048828 -0.021484
v -0.048828 -0.263672 -0.021484
v 0.001953 -0.263672 -0.021484
v 0.001953 0.123047 -0.021484
v 0.001953 0.185547 -0.021484
v 0.048828 -0.263672 -0.021484
v 0.060547 -0.048828 -0.021484
v 0.126953 -0.982422 -0.021484
v -0.123047 -0.939453 -0.017578
v -0.083984 -0.048828 -0.017578
v 0.001953 -0.048828 -0.017578
v 0.083984 -0.048828 -0.017578
v 0.123047 -0.939453 -0.017578
v -0.216797 0.294922 -0.013672
v -0.177734 -0.783203 -0.013672
v -0.169922 -0.751953 -0.013672
v -0.080078 0.185547 -0.013672
v 0.001953 -0.126953 -0.013672
v 0.080078 0.185547 -0.013672
v 0.119141 -0.833984 -0.013672
v 0.166016 -0.751953 -0.013672
v 0.177734 -0.783203 -0.013672
v 0.232422 0.291016 -0.013672
v -0.181641 0.228516 -0.009766
v -0.162109 -0.697266 -0.009766
v -0.154297 0.560547 -0.009766
v -0.146484 -0.494141 -0.009766
v -0.130859 -0.869141 -0.009766
v -0.103516 -0.048828 -0.009766
v -0.052734 -0.126953 -0.009766
v 0.001953 0.044922 -0.009766
v 0.052734 -0.126953 -0.009766
v 0.080078 -0.263672 -0.009766
v 0.103516 -0.048828 -0.009766
v 0.130859 -0.869141 -0.009766
v 0.154297 0.560547 -0.009766
v 0.162109 -0.697266 -0.009766
v 0.181641 0.228516 -0.009766
v -0.365234 0.376953 -0.005859
v -0.208984 -0.787109 -0.005859
v -0.177734 0.208984 -0.005859
v -0.162109 0.552734 -0.005859
v -0.087891 0.123047 -0.005859
v -0.056641 -0.052734 -0.005859
v 0.001953 -0.064453 -0.005859
v 0.001953 -0.052734 -0.005859
v 0.001953 0.123047 -0.005859
v 0.029297 -0.384766 -0.005859
v 0.056641 -0.052734 -0.005859
v 0.087891 0.123047 -0.005859
v 0.162109 0.552734 -0.005859
v 0.177734 0.205078 -0.005859
v 0.361328 0.376953 -0.005859
v -0.365234 0.462891 -0.001953
v -0.205078 0.533203 -0.001953
v -0.146484 -0.462891 -0.001953
v -0.142578 0.556641 -0.001953
v -0.126953 -0.048828 -0.001953
v -0.091797 0.048828 -0.001953
v -0.083984 -0.052734 -0.001953
v -0.080078 0.556641 -0.001953
v -0.072266 0.044922 -0.001953
v -0.060547 0.044922 -0.001953
v -0.052734 -0.064453 -0.001953
v 0.001953 -0.154297 -0.001953
v 0.001953 0.556641 -0.001953
v 0.052734 -0.064453 -0.001953
v 0.064453 0.044922 -0.001953
v 0.076172 0.044922 -0.001953
v 0.080078 0.123047 -0.001953
v 0.080078 0.556641 -0.001953
v 0.083984 -0.052734 -0.001953
v 0.091797 0.048828 -0.001953
v 0.126953 -0.048828 -0.001953
v 0.142578 0.556641 -0.001953
v 0.205078 0.533203 -0.001953
v 0.365234 0.462891 -0.001953
v -0.470703 0.205078 0.001953
v -0.275391 0.525391 0.001953
v -0.220703 0.306641 0.001953
v -0.189453 0.228516 0.001953
v -0.177734 0.232422 0.001953
v -0.130859 -0.115234 0.001953
v -0.103516 -0.064453 0.001953
v -0.087891 -0.126953 0.001953
v -0.080078 0.123047 0.001953
v 0.001953 0.044922 0.001953
v 0.033203 -0.388672 0.001953
v 0.087891 -0.126953 0.001953
v 0.103516 -0.064453 0.001953
v 0.130859 -0.115234 0.001953
v 0.177734 0.232422 0.001953
v 0.189453 0.228516 0.001953
v 0.232422 0.302734 0.001953
v 0.279297 0.525391 0.001953
v 0.494141 0.212891 0.001953
v -0.470703 0.154297 0.005859
v -0.462891 0.244141 0.005859
v -0.166016 0.181641 0.005859
v -0.146484 0.548828 0.005859
v -0.083984 0.044922 0.005859
v -0.083984 0.123047 0.005859
v -0.076172 -0.263672 0.005859
v 0.001953 -0.173828 0.005859
v 0.076172 -0.263672 0.005859
v 0.083984 0.044922 0.005859
v 0.083984 0.123047 0.005859
v 0.146484 0.548828 0.005859
v 0.166016 0.181641 0.005859
v 0.224609 0.302734 0.005859
v 0.462891 0.244141 0.005859
v 0.470703 0.154297 0.005859
v 0.494141 0.208984 0.005859
v -0.498047 0.236328 0.009766
v -0.494141 0.154297 0.009766
v -0.466797 0.162109 0.009766
v -0.427734 0.232422 0.009766
v -0.345703 0.248047 0.009766
v -0.205078 0.521484 0.009766
v -0.130859 -0.271484 0.009766
v -0.126953 -0.064453 0.009766
v -0.107422 -0.126953 0.009766
v -0.083984 -0.064453 0.009766
v -0.017578 -0.166016 0.009766
v 0.017578 -0.166016 0.009766
v 0.033203 -0.388672 0.009766
v 0.083984 -0.064453 0.009766
v 0.107422 -0.130859 0.009766
v 0.126953 -0.064453 0.009766
v 0.130859 -0.271484 0.009766
v 0.205078 0.521484 0.009766
v 0.466797 0.158203 0.009766
v -0.498047 0.216797 0.013672
v -0.103516 0.048828 0.013672
v -0.017578 -0.150391 0.013672
v 0.001953 0.607422 0.013672
v 0.017578 -0.150391 0.013672
v 0.103516 0.048828 0.013672
v -0.501953 0.244141 0.017578
v -0.494141 0.220703 0.017578
v -0.408203 0.248047 0.017578
v -0.404297 0.279297 0.017578
v -0.248047 -0.634766 0.017578
v -0.154297 0.181641 0.017578
v -0.146484 -0.455078 0.017578
v -0.142578 0.537109 0.017578
v -0.130859 -0.123047 0.017578
v -0.107422 0.537109 0.017578
v -0.103516 -0.072266 0.017578
v -0.083984 -0.130859 0.017578
v -0.048828 -0.158203 0.017578
v 0.001953 -0.142578 0.017578
v 0.001953 0.681641 0.017578
v 0.001953 0.716797 0.017578
v 0.048828 -0.158203 0.017578
v 0.083984 -0.130859 0.017578
v 0.103516 -0.072266 0.017578
v 0.107422 0.537109 0.017578
v 0.130859 -0.123047 0.017578
v 0.142578 0.537109 0.017578
v 0.146484 -0.458984 0.017578
v 0.154297 0.181641 0.017578
v 0.248047 -0.634766 0.017578
v 0.501953 0.248047 0.017578
v 0.505859 0.228516 0.017578
v -0.439453 0.111328 0.021484
v -0.123047 -0.798828 0.021484
v 0.001953 0.681641 0.021484
v 0.119141 -0.798828 0.021484
v 0.474609 0.275391 0.021484
v -0.537109 0.158203 0.025391
v -0.494141 0.271484 0.025391
v -0.474609 0.275391 0.025391
v -0.466797 0.107422 0.025391
v -0.373047 0.349609 0.025391
v -0.251953 -0.755859 0.025391
v -0.240234 -0.482422 0.025391
v -0.111328 -0.763672 0.025391
v -0.107422 -0.138672 0.025391
v 0.001953 0.751953 0.025391
v 0.107422 -0.138672 0.025391
v 0.111328 -0.763672 0.025391
v 0.251953 -0.755859 0.025391
v 0.251953 0.259766 0.025391
v 0.462891 0.111328 0.025391
v 0.541016 0.154297 0.025391
v -0.466797 0.271484 0.029297
v -0.298828 0.224609 0.029297
v -0.271484 -0.841797 0.029297
v -0.248047 -0.802734 0.029297
v -0.244141 -0.697266 0.029297
v -0.228516 0.255859 0.029297
v -0.169922 0.052734 0.029297
v -0.130859 -0.134766 0.029297
v -0.048828 0.607422 0.029297
v -0.048828 0.681641 0.029297
v -0.048828 0.716797 0.029297
v -0.044922 0.681641 0.029297
v -0.033203 0.744141 0.029297
v 0.033203 0.744141 0.029297
v 0.044922 0.681641 0.029297
v 0.048828 0.607422 0.029297
v 0.048828 0.681641 0.029297
v 0.048828 0.716797 0.029297
v 0.130859 -0.134766 0.029297
v 0.169922 0.056641 0.029297
v 0.244141 -0.697266 0.029297
v 0.248047 -0.802734 0.029297
v 0.271484 -0.841797 0.029297
v 0.376953 0.345703 0.029297
v 0.392578 0.166016 0.029297
v 0.466797 0.271484 0.029297
v -0.529297 0.212891 0.033203
v -0.431641 0.275391 0.033203
v -0.369141 0.193359 0.033203
v -0.232422 -0.455078 0.033203
v -0.162109 0.119141 0.033203
v -0.146484 -0.470703 0.033203
v -0.068359 -0.279297 0.033203
v 0.068359 -0.279297 0.033203
v 0.146484 -0.470703 0.033203
v 0.162109 0.123047 0.033203
v -0.513672 0.259766 0.037109
v -0.509766 0.248047 0.037109
v -0.435547 0.271484 0.037109
v -0.271484 -0.982422 0.037109
v -0.267578 -0.939453 0.037109
v -0.255859 -0.869141 0.037109
v -0.232422 -0.134766 0.037109
v -0.142578 -0.388672 0.037109
v -0.083984 -0.646484 0.037109
v 0.083984 -0.646484 0.037109
v 0.142578 -0.388672 0.037109
v 0.232422 -0.138672 0.037109
v 0.255859 -0.869141 0.037109
v 0.267578 -0.982422 0.037109
v 0.267578 -0.939453 0.037109
v 0.435547 0.271484 0.037109
v 0.509766 0.248047 0.037109
v -0.505859 0.091797 0.041016
v -0.224609 -0.095703 0.041016
v -0.201172 -0.044922 0.041016
v -0.150391 0.119141 0.041016
v -0.103516 -0.708984 0.041016
v -0.076172 -0.501953 0.041016
v -0.072266 -0.501953 0.041016
v 0.076172 -0.501953 0.041016
v 0.103516 -0.708984 0.041016
v 0.150391 0.119141 0.041016
v 0.205078 -0.048828 0.041016
v 0.224609 -0.099609 0.041016
v 0.505859 0.091797 0.041016
v -0.224609 -0.146484 0.044922
v -0.212891 -0.271484 0.044922
v -0.162109 0.048828 0.044922
v -0.076172 -0.474609 0.044922
v 0.076172 -0.470703 0.044922
v 0.162109 0.048828 0.044922
v 0.212891 -0.271484 0.044922
v 0.224609 -0.146484 0.044922
v 0.556641 0.193359 0.044922
v -0.216797 -0.447266 0.048828
v -0.189453 -0.982422 0.048828
v -0.091797 -0.466797 0.048828
v 0.068359 -0.509766 0.048828
v 0.189453 -0.982422 0.048828
v -0.103516 -0.478516 0.052734
v -0.091797 -0.392578 0.052734
v 0.091797 -0.392578 0.052734
v 0.103516 -0.478516 0.052734
v -0.208984 -0.462891 0.060547
v -0.369141 0.416016 0.064453
v -0.212891 -0.150391 0.064453
v -0.205078 -0.384766 0.064453
v -0.107422 -0.876953 0.064453
v -0.103516 -0.982422 0.064453
v -0.103516 -0.939453 0.064453
v -0.091797 -0.849609 0.064453
v 0.001953 0.787109 0.064453
v 0.087891 -0.849609 0.064453
v 0.103516 -0.982422 0.064453
v 0.103516 -0.939453 0.064453
v 0.107422 -0.876953 0.064453
v 0.205078 -0.384766 0.064453
v 0.212891 -0.154297 0.064453
v -0.048828 0.779297 0.068359
v 0.048828 0.779297 0.068359
v -0.419922 0.380859 0.072266
v -0.107422 -0.814453 0.072266
v -0.080078 0.740234 0.072266
v -0.025391 -0.193359 0.072266
v 0.001953 -0.208984 0.072266
v 0.025391 -0.193359 0.072266
v 0.080078 0.740234 0.072266
v 0.103516 -0.814453 0.072266
v 0.423828 0.380859 0.072266
v -0.025391 -0.169922 0.076172
v 0.025391 -0.169922 0.076172
v -0.474609 0.294922 0.080078
v -0.466797 0.287109 0.080078
v -0.435547 0.287109 0.080078
v -0.431641 0.291016 0.080078
v -0.412109 0.068359 0.080078
v -0.162109 0.603516 0.080078
v -0.154297 0.576172 0.080078
v -0.150391 0.556641 0.080078
v -0.146484 0.591797 0.080078
v -0.115234 0.560547 0.080078
v -0.111328 -0.775391 0.080078
v 0.001953 -0.158203 0.080078
v 0.107422 -0.775391 0.080078
v 0.115234 0.560547 0.080078
v 0.146484 0.591797 0.080078
v 0.150391 0.556641 0.080078
v 0.154297 0.576172 0.080078
v 0.162109 0.603516 0.080078
v 0.408203 0.072266 0.080078
v 0.431641 0.287109 0.080078
v 0.435547 0.283203 0.080078
v 0.466797 0.287109 0.080078
v 0.474609 0.298828 0.080078
v 0.611328 0.095703 0.080078
v -0.611328 0.103516 0.083984
v -0.552734 0.228516 0.083984
v -0.513672 0.275391 0.083984
v -0.509766 0.259766 0.083984
v -0.498047 0.287109 0.083984
v -0.443359 0.056641 0.083984
v -0.404297 0.482422 0.083984
v -0.287109 0.556641 0.083984
v -0.212891 0.548828 0.083984
v -0.212891 0.564453 0.083984
v -0.173828 0.595703 0.083984
v -0.083984 0.591797 0.083984
v -0.080078 0.607422 0.083984
v -0.080078 0.681641 0.083984
v -0.076172 0.681641 0.083984
v 0.076172 0.681641 0.083984
v 0.080078 0.607422 0.083984
v 0.080078 0.681641 0.083984
v 0.083984 0.591797 0.083984
v 0.173828 0.595703 0.083984
v 0.212891 0.548828 0.083984
v 0.212891 0.564453 0.083984
v 0.287109 0.556641 0.083984
v 0.396484 0.099609 0.083984
v 0.404297 0.369141 0.083984
v 0.431641 0.373047 0.083984
v 0.439453 0.060547 0.083984
v 0.494141 0.291016 0.083984
v 0.509766 0.263672 0.083984
v 0.509766 0.279297 0.083984
v -0.412109 0.466797 0.087891
v -0.353516 0.166016 0.087891
v -0.240234 0.283203 0.087891
v 0.408203 0.466797 0.087891
v 0.560547 0.228516 0.087891
v 0.369141 0.150391 0.091797
v 0.408203 0.392578 0.091797
v -0.580078 0.044922 0.095703
v -0.404297 0.400391 0.095703
v -0.294922 0.208984 0.095703
v -0.224609 0.244141 0.095703
v 0.248047 0.279297 0.095703
v 0.255859 0.259766 0.095703
v 0.373047 0.189453 0.095703
v 0.580078 0.041016 0.095703
v 0.623047 0.130859 0.095703
v -0.474609 0.060547 0.099609
v -0.255859 -0.759766 0.099609
v -0.228516 0.208984 0.099609
v -0.216797 0.212891 0.099609
v 0.216797 0.212891 0.099609
v 0.228516 0.208984 0.099609
v 0.255859 -0.759766 0.099609
v 0.337891 0.224609 0.099609
v 0.474609 0.060547 0.099609
v -0.251953 -0.814453 0.103516
v -0.220703 0.177734 0.103516
v -0.208984 0.177734 0.103516
v -0.201172 0.177734 0.103516
v 0.197266 0.177734 0.103516
v 0.205078 0.177734 0.103516
v 0.220703 0.177734 0.103516
v 0.251953 -0.814453 0.103516
v -0.619141 0.138672 0.115234
v -0.212891 0.056641 0.115234
v 0.208984 0.056641 0.115234
v -0.212891 0.056641 0.119141
v -0.205078 0.115234 0.119141
v -0.130859 -0.818359 0.119141
v 0.130859 -0.818359 0.119141
v 0.197266 0.052734 0.119141
v 0.205078 0.115234 0.119141
v 0.208984 0.056641 0.119141
v -0.431641 0.275391 0.123047
v -0.279297 -0.986328 0.123047
v -0.275391 -0.646484 0.123047
v -0.208984 0.115234 0.123047
v -0.201172 0.052734 0.123047
v -0.197266 0.115234 0.123047
v -0.193359 0.115234 0.123047
v 0.193359 0.115234 0.123047
v 0.197266 0.115234 0.123047
v 0.208984 0.115234 0.123047
v 0.275391 -0.646484 0.123047
v 0.431641 0.267578 0.123047
v 0.623047 0.154297 0.123047
v -0.435547 0.279297 0.126953
v -0.376953 0.423828 0.126953
v -0.275391 -0.939453 0.126953
v -0.275391 -0.853516 0.126953
v -0.255859 -0.876953 0.126953
v -0.205078 0.052734 0.126953
v 0.255859 -0.876953 0.126953
v 0.271484 -0.853516 0.126953
v 0.275391 -0.982422 0.126953
v 0.275391 -0.939453 0.126953
v 0.435547 0.271484 0.126953
v -0.462891 0.283203 0.130859
v -0.205078 -0.986328 0.130859
v 0.205078 -0.986328 0.130859
v -0.498047 0.259766 0.134766
v -0.103516 -0.662109 0.134766
v 0.103516 -0.662109 0.134766
v 0.498047 0.263672 0.134766
v -0.552734 0.232422 0.138672
v -0.142578 -0.880859 0.138672
v -0.126953 -0.982422 0.138672
v -0.126953 -0.939453 0.138672
v -0.025391 -0.169922 0.138672
v 0.001953 -0.158203 0.138672
v 0.025391 -0.169922 0.138672
v 0.126953 -0.982422 0.138672
v 0.126953 -0.939453 0.138672
v 0.142578 -0.880859 0.138672
v 0.552734 0.232422 0.138672
v -0.560547 0.025391 0.142578
v -0.498047 0.271484 0.142578
v -0.482422 0.275391 0.142578
v -0.025391 -0.193359 0.142578
v 0.001953 -0.205078 0.142578
v 0.025391 -0.193359 0.142578
v 0.498047 0.271484 0.142578
v 0.560547 0.025391 0.142578
v 0.654297 0.052734 0.142578
v 0.279297 -0.181641 0.146484
v 0.396484 0.271484 0.146484
v 0.486328 0.279297 0.146484
v -0.689453 0.041016 0.150391
v -0.654297 0.060547 0.150391
v -0.400391 0.275391 0.150391
v -0.279297 -0.177734 0.150391
v -0.271484 -0.130859 0.150391
v -0.248047 -0.431641 0.150391
v -0.208984 -0.017578 0.150391
v -0.150391 0.537109 0.150391
v -0.130859 -0.857422 0.150391
v -0.115234 0.541016 0.150391
v 0.115234 0.541016 0.150391
v 0.126953 -0.857422 0.150391
v 0.150391 0.537109 0.150391
v 0.216797 -0.017578 0.150391
v 0.240234 -0.091797 0.150391
v 0.271484 -0.193359 0.150391
v 0.271484 -0.134766 0.150391
v 0.392578 0.099609 0.150391
v 0.654297 0.056641 0.150391
v 0.689453 0.041016 0.150391
v -0.373047 0.146484 0.154297
v -0.361328 0.345703 0.154297
v -0.357422 0.173828 0.154297
v -0.287109 -0.498047 0.154297
v -0.283203 -0.498047 0.154297
v -0.275391 -0.439453 0.154297
v -0.267578 -0.189453 0.154297
v -0.240234 -0.435547 0.154297
v -0.208984 0.525391 0.154297
v -0.197266 0.048828 0.154297
v -0.083984 0.576172 0.154297
v -0.083984 0.599609 0.154297
v -0.080078 0.677734 0.154297
v -0.080078 0.744141 0.154297
v -0.076172 0.677734 0.154297
v -0.052734 0.787109 0.154297
v 0.001953 0.794922 0.154297
v 0.052734 0.787109 0.154297
v 0.076172 0.677734 0.154297
v 0.080078 0.677734 0.154297
v 0.080078 0.744141 0.154297
v 0.083984 0.576172 0.154297
v 0.087891 0.599609 0.154297
v 0.189453 0.048828 0.154297
v 0.193359 0.048828 0.154297
v 0.208984 0.525391 0.154297
v 0.275391 -0.439453 0.154297
v 0.283203 -0.494141 0.154297
v 0.361328 0.345703 0.154297
v 0.369141 0.158203 0.154297
v 0.666016 0.087891 0.154297
v -0.673828 0.017578 0.158203
v -0.615234 0.154297 0.158203
v -0.287109 -0.474609 0.158203
v -0.154297 0.552734 0.158203
v 0.154297 0.552734 0.158203
v 0.287109 -0.470703 0.158203
v 0.462891 0.279297 0.158203
v 0.673828 0.017578 0.158203
v -0.373047 0.341797 0.162109
v -0.365234 0.353516 0.162109
v -0.208984 0.541016 0.162109
v 0.076172 -0.482422 0.162109
v 0.208984 0.541016 0.162109
v 0.271484 -0.986328 0.162109
v 0.283203 -0.482422 0.162109
v 0.365234 0.353516 0.162109
v 0.369141 0.341797 0.162109
v 0.400391 0.087891 0.162109
v 0.412109 0.228516 0.162109
v 0.615234 0.158203 0.162109
v -0.623047 0.021484 0.166016
v -0.431641 0.080078 0.166016
v -0.423828 0.248047 0.166016
v -0.298828 0.224609 0.166016
v -0.275391 0.525391 0.166016
v -0.208984 -0.986328 0.166016
v -0.146484 0.568359 0.166016
v -0.076172 -0.521484 0.166016
v -0.076172 -0.494141 0.166016
v -0.072266 -0.400391 0.166016
v -0.064453 -0.513672 0.166016
v 0.064453 -0.513672 0.166016
v 0.072266 -0.396484 0.166016
v 0.076172 -0.517578 0.166016
v 0.146484 0.568359 0.166016
v 0.208984 -0.986328 0.166016
v 0.279297 0.525391 0.166016
v 0.623047 0.017578 0.166016
v -0.658203 0.087891 0.169922
v -0.365234 0.466797 0.169922
v -0.271484 -0.986328 0.169922
v -0.138672 -0.982422 0.169922
v -0.064453 -0.482422 0.169922
v 0.060547 -0.482422 0.169922
v 0.138672 -0.986328 0.169922
v 0.208984 -0.986328 0.169922
v 0.240234 -0.283203 0.169922
v 0.244141 -0.181641 0.169922
v 0.365234 0.466797 0.169922
v 0.427734 0.080078 0.169922
v 0.462891 0.087891 0.169922
v 0.626953 0.025391 0.169922
v 0.658203 0.091797 0.169922
v -0.626953 0.029297 0.173828
v -0.482422 0.240234 0.173828
v -0.462891 0.083984 0.173828
v -0.369141 0.365234 0.173828
v -0.271484 -0.939453 0.173828
v -0.271484 -0.931641 0.173828
v -0.244141 -0.177734 0.173828
v -0.240234 -0.275391 0.173828
v -0.208984 -0.986328 0.173828
v -0.173828 0.572266 0.173828
v -0.162109 0.580078 0.173828
v 0.162109 0.580078 0.173828
v 0.244141 -0.283203 0.173828
v 0.271484 -0.935547 0.173828
v 0.369141 0.365234 0.173828
v 0.482422 0.244141 0.173828
v 0.666016 0.107422 0.173828
v -0.685547 0.076172 0.177734
v -0.443359 0.259766 0.177734
v -0.244141 -0.279297 0.177734
v -0.232422 -0.392578 0.177734
v -0.138672 -0.935547 0.177734
v 0.037109 -0.275391 0.177734
v 0.138672 -0.935547 0.177734
v 0.232422 -0.392578 0.177734
v 0.685547 0.072266 0.177734
v -0.541016 0.208984 0.181641
v -0.201172 -0.763672 0.181641
v 0.201172 -0.763672 0.181641
v 0.244141 0.283203 0.181641
v 0.451172 0.259766 0.181641
v 0.541016 0.212891 0.181641
v -0.744141 -0.009766 0.185547
v -0.400391 0.193359 0.185547
v 0.744141 -0.005859 0.185547
v -0.728516 -0.029297 0.189453
v -0.658203 0.009766 0.189453
v -0.599609 0.142578 0.189453
v -0.373047 0.220703 0.189453
v -0.287109 0.380859 0.189453
v -0.275391 -0.927734 0.189453
v -0.248047 -0.392578 0.189453
v -0.208984 -0.935547 0.189453
v -0.205078 -0.802734 0.189453
v -0.134766 -0.931641 0.189453
v -0.130859 -0.982422 0.189453
v 0.185547 0.041016 0.189453
v 0.208984 -0.931641 0.189453
v 0.248047 -0.392578 0.189453
v 0.251953 0.275391 0.189453
v 0.275391 -0.927734 0.189453
v 0.291016 0.380859 0.189453
v 0.380859 0.154297 0.189453
v 0.599609 0.146484 0.189453
v 0.658203 0.005859 0.189453
v 0.728516 -0.025391 0.189453
v -0.466797 0.220703 0.193359
v -0.279297 -0.935547 0.193359
v -0.130859 -0.935547 0.193359
v -0.083984 -0.474609 0.193359
v 0.083984 -0.470703 0.193359
v 0.205078 -0.798828 0.193359
v 0.208984 0.216797 0.193359
v 0.470703 0.224609 0.193359
v -0.400391 0.146484 0.197266
v -0.216797 0.220703 0.197266
v -0.083984 -0.521484 0.197266
v 0.080078 -0.517578 0.197266
v 0.216797 0.216797 0.197266
v 0.302734 -0.990234 0.197266
v 0.541016 0.044922 0.197266
v -0.541016 0.041016 0.201172
v -0.287109 -0.990234 0.201172
v -0.216797 0.216797 0.201172
v -0.205078 -0.880859 0.201172
v -0.201172 0.041016 0.201172
v -0.126953 -0.986328 0.201172
v 0.126953 -0.986328 0.201172
v 0.205078 -0.880859 0.201172
v 0.435547 0.248047 0.201172
v 0.439453 0.244141 0.201172
v -0.462891 0.142578 0.205078
v -0.212891 0.216797 0.205078
v -0.201172 -0.662109 0.205078
v -0.177734 0.107422 0.205078
v -0.126953 -0.939453 0.205078
v -0.107422 0.494141 0.205078
v -0.103516 -0.404297 0.205078
v -0.076172 -0.474609 0.205078
v -0.017578 -0.169922 0.205078
v -0.017578 -0.154297 0.205078
v 0.001953 -0.142578 0.205078
v 0.017578 -0.169922 0.205078
v 0.017578 -0.154297 0.205078
v 0.103516 -0.400391 0.205078
v 0.111328 0.494141 0.205078
v 0.142578 0.490234 0.205078
v 0.201172 -0.662109 0.205078
v 0.212891 0.216797 0.205078
v 0.240234 -0.166016 0.205078
v 0.400391 0.150391 0.205078
v 0.423828 0.212891 0.205078
v 0.462891 0.146484 0.205078
v 0.466797 0.236328 0.205078
v 0.646484 0.107422 0.205078
v -0.443359 0.228516 0.208984
v -0.412109 0.146484 0.208984
v -0.310547 0.306641 0.208984
v -0.240234 -0.162109 0.208984
v -0.208984 0.044922 0.208984
v -0.197266 0.466797 0.208984
v -0.185547 0.173828 0.208984
v -0.146484 0.486328 0.208984
v 0.001953 -0.173828 0.208984
v 0.076172 -0.470703 0.208984
v 0.185547 0.173828 0.208984
v 0.462891 0.216797 0.208984
v -0.744141 0.013672 0.212891
v -0.611328 0.029297 0.212891
v -0.443359 0.228516 0.212891
v -0.197266 0.173828 0.212891
v 0.173828 0.103516 0.212891
v 0.197266 0.173828 0.212891
v 0.283203 0.318359 0.212891
v 0.427734 0.142578 0.212891
v 0.611328 0.029297 0.212891
v 0.650391 0.119141 0.212891
v 0.744141 0.017578 0.212891
v -0.650391 0.119141 0.216797
v -0.537109 0.162109 0.216797
v -0.439453 0.138672 0.216797
v -0.298828 0.427734 0.216797
v -0.244141 0.466797 0.216797
v -0.208984 -0.892578 0.216797
v -0.150391 0.498047 0.216797
v -0.080078 0.732422 0.216797
v -0.072266 0.552734 0.216797
v 0.001953 -0.154297 0.216797
v 0.072266 0.548828 0.216797
v 0.080078 0.732422 0.216797
v 0.150391 0.498047 0.216797
v 0.248047 0.466797 0.216797
v 0.287109 0.306641 0.216797
v 0.298828 0.427734 0.216797
v 0.537109 0.166016 0.216797
v -0.708984 -0.025391 0.220703
v -0.591797 0.033203 0.220703
v -0.240234 -0.419922 0.220703
v -0.208984 -0.849609 0.220703
v -0.205078 -0.876953 0.220703
v -0.197266 0.478516 0.220703
v -0.185547 0.107422 0.220703
v -0.091797 -0.404297 0.220703
v -0.076172 0.529297 0.220703
v -0.076172 0.673828 0.220703
v 0.076172 0.529297 0.220703
v 0.076172 0.673828 0.220703
v 0.091797 -0.400391 0.220703
v 0.197266 0.478516 0.220703
v 0.205078 -0.876953 0.220703
v 0.205078 -0.849609 0.220703
v 0.240234 -0.416016 0.220703
v 0.287109 0.326172 0.220703
v 0.298828 -0.951172 0.220703
v 0.669922 0.087891 0.220703
v 0.708984 -0.025391 0.220703
v -0.783203 -0.056641 0.224609
v -0.595703 0.033203 0.224609
v -0.537109 0.095703 0.224609
v -0.248047 -0.154297 0.224609
v 0.248047 -0.154297 0.224609
v 0.537109 0.099609 0.224609
v 0.591797 0.033203 0.224609
v 0.783203 -0.072266 0.224609
v 0.783203 -0.052734 0.224609
v -0.142578 0.505859 0.228516
v -0.052734 0.767578 0.228516
v 0.052734 0.767578 0.228516
v 0.142578 0.505859 0.228516
v 0.197266 -0.513672 0.228516
v 0.294922 0.337891 0.228516
v -0.595703 0.095703 0.232422
v -0.591797 0.044922 0.232422
v -0.212891 -0.826172 0.232422
v -0.197266 -0.541016 0.232422
v 0.212891 -0.826172 0.232422
v 0.587891 0.044922 0.232422
v -0.642578 0.009766 0.236328
v -0.201172 -0.556641 0.236328
v -0.103516 0.462891 0.236328
v -0.080078 0.681641 0.236328
v 0.001953 0.775391 0.236328
v 0.080078 0.673828 0.236328
v 0.201172 -0.529297 0.236328
v -0.169922 0.509766 0.240234
v -0.123047 -0.955078 0.240234
v -0.048828 0.470703 0.240234
v 0.201172 -0.509766 0.240234
v 0.642578 0.013672 0.240234
v -0.208984 -0.896484 0.244141
v -0.201172 -0.537109 0.244141
v -0.177734 -0.376953 0.244141
v -0.177734 0.427734 0.244141
v -0.158203 0.517578 0.244141
v -0.138672 -0.130859 0.244141
v -0.126953 -0.994141 0.244141
v -0.080078 0.712891 0.244141
v 0.048828 -0.126953 0.244141
v 0.080078 0.712891 0.244141
v 0.126953 -0.994141 0.244141
v 0.138672 -0.134766 0.244141
v 0.177734 -0.376953 0.244141
v 0.205078 0.349609 0.244141
v 0.208984 -0.896484 0.244141
v -0.783203 -0.033203 0.248047
v -0.287109 -0.994141 0.248047
v -0.283203 -0.958984 0.248047
v -0.158203 -0.130859 0.248047
v -0.158203 -0.037109 0.248047
v -0.142578 0.025391 0.248047
v -0.142578 0.439453 0.248047
v -0.048828 0.521484 0.248047
v 0.052734 0.521484 0.248047
v 0.142578 0.025391 0.248047
v 0.158203 -0.134766 0.248047
v 0.158203 -0.037109 0.248047
v 0.208984 0.318359 0.248047
v 0.283203 -0.958984 0.248047
v 0.287109 -0.994141 0.248047
v 0.779297 -0.029297 0.248047
v -0.779297 -0.072266 0.251953
v -0.623047 0.009766 0.251953
v 0.080078 0.673828 0.251953
v 0.130859 0.439453 0.251953
v 0.173828 -0.513672 0.251953
v 0.208984 0.326172 0.251953
v 0.623047 0.017578 0.251953
v 0.771484 -0.072266 0.251953
v -0.619141 0.001953 0.255859
v -0.173828 -0.541016 0.255859
v -0.158203 -0.126953 0.255859
v -0.154297 0.419922 0.255859
v 0.189453 0.365234 0.255859
v -0.728516 0.037109 0.259766
v -0.646484 0.013672 0.259766
v -0.642578 0.005859 0.259766
v -0.146484 0.447266 0.259766
v -0.115234 0.431641 0.259766
v -0.060547 -0.279297 0.259766
v -0.052734 0.599609 0.259766
v -0.052734 0.658203 0.259766
v -0.029297 0.462891 0.259766
v -0.025391 -0.123047 0.259766
v 0.052734 0.595703 0.259766
v 0.052734 0.658203 0.259766
v 0.212891 0.322266 0.259766
v 0.626953 0.005859 0.259766
v 0.728516 0.033203 0.259766
v 0.779297 -0.068359 0.259766
v -0.169922 -0.275391 0.263672
v -0.150391 0.021484 0.263672
v -0.052734 0.736328 0.263672
v 0.052734 0.736328 0.263672
v 0.146484 0.021484 0.263672
v -0.158203 0.423828 0.267578
v 0.201172 0.369141 0.267578
v 0.642578 0.021484 0.267578
v 0.650391 0.021484 0.267578
v -0.650391 0.025391 0.271484
v -0.646484 0.025391 0.271484
v -0.595703 -0.001953 0.271484
v -0.181641 -0.365234 0.271484
v -0.177734 0.255859 0.271484
v -0.130859 0.392578 0.271484
v -0.123047 -0.115234 0.271484
v -0.076172 0.666016 0.271484
v -0.076172 0.689453 0.271484
v -0.052734 0.533203 0.271484
v 0.001953 -0.443359 0.271484
v 0.052734 0.533203 0.271484
v 0.076172 0.689453 0.271484
v 0.123047 -0.115234 0.271484
v 0.150391 0.025391 0.271484
v 0.177734 0.251953 0.271484
v 0.181641 -0.365234 0.271484
v 0.599609 -0.001953 0.271484
v 0.787109 -0.060547 0.271484
v -0.689453 -0.013672 0.275391
v -0.591797 0.029297 0.275391
v -0.185547 0.255859 0.275391
v 0.001953 0.740234 0.275391
v 0.064453 -0.396484 0.275391
v 0.181641 0.255859 0.275391
v 0.689453 -0.009766 0.275391
v -0.154297 0.025391 0.279297
v -0.060547 -0.408203 0.279297
v 0.025391 0.451172 0.279297
v 0.064453 0.662109 0.279297
v 0.076172 -0.123047 0.279297
v 0.080078 -0.119141 0.279297
v -0.154297 -0.111328 0.283203
v -0.076172 -0.130859 0.283203
v -0.013672 0.650391 0.283203
v 0.013672 0.650391 0.283203
v 0.154297 -0.115234 0.283203
v 0.642578 0.041016 0.283203
v 0.779297 -0.064453 0.283203
v -0.595703 0.013672 0.287109
v -0.158203 -0.998047 0.287109
v -0.158203 -0.962891 0.287109
v -0.142578 0.095703 0.287109
v -0.130859 0.181641 0.287109
v -0.017578 0.517578 0.287109
v 0.142578 0.091797 0.287109
v 0.158203 -0.998047 0.287109
v 0.158203 -0.962891 0.287109
v 0.587891 0.009766 0.287109
v -0.771484 -0.017578 0.291016
v -0.689453 0.001953 0.291016
v -0.259766 -0.998047 0.291016
v -0.255859 -0.962891 0.291016
v -0.083984 0.392578 0.291016
v -0.048828 0.689453 0.291016
v -0.025391 0.431641 0.291016
v 0.029297 -0.388672 0.291016
v 0.048828 0.689453 0.291016
v 0.080078 0.392578 0.291016
v 0.134766 0.181641 0.291016
v 0.255859 -0.962891 0.291016
v 0.259766 -0.998047 0.291016
v -0.623047 -0.037109 0.294922
v -0.138672 0.185547 0.294922
v -0.083984 -0.123047 0.294922
v -0.033203 -0.392578 0.294922
v -0.013672 0.599609 0.294922
v 0.001953 -0.384766 0.294922
v 0.013672 0.599609 0.294922
v 0.138672 0.185547 0.294922
v 0.689453 0.005859 0.294922
v -0.646484 -0.029297 0.298828
v -0.603516 0.029297 0.298828
v -0.185547 -0.462891 0.298828
v -0.142578 0.248047 0.298828
v -0.076172 -0.130859 0.298828
v 0.001953 0.599609 0.298828
v 0.142578 0.248047 0.298828
v 0.185547 -0.455078 0.298828
v 0.591797 0.025391 0.298828
v 0.642578 -0.029297 0.298828
v -0.693359 0.021484 0.302734
v -0.208984 -0.962891 0.302734
v -0.142578 0.271484 0.302734
v -0.080078 0.001953 0.302734
v -0.072266 0.087891 0.302734
v -0.048828 0.380859 0.302734
v -0.033203 0.658203 0.302734
v 0.001953 0.646484 0.302734
v 0.001953 0.685547 0.302734
v 0.029297 0.658203 0.302734
v 0.048828 0.380859 0.302734
v 0.072266 0.091797 0.302734
v 0.080078 0.009766 0.302734
v 0.142578 0.271484 0.302734
v 0.150391 0.333984 0.302734
v 0.208984 -0.962891 0.302734
v 0.693359 0.021484 0.302734
v 0.763672 -0.056641 0.302734
v -0.599609 -0.033203 0.306641
v -0.208984 -0.998047 0.306641
v 0.208984 -0.998047 0.306641
v 0.611328 -0.037109 0.306641
v -0.759766 -0.044922 0.310547
v -0.150391 0.330078 0.310547
v 0.001953 -0.275391 0.310547
v 0.001953 -0.060547 0.310547
v 0.154297 0.330078 0.310547
v 0.748047 -0.044922 0.310547
v -0.748047 -0.029297 0.314453
v -0.654297 -0.017578 0.314453
v -0.146484 0.275391 0.314453
v -0.083984 0.005859 0.314453
v -0.072266 0.193359 0.314453
v 0.001953 0.603516 0.314453
v 0.001953 0.654297 0.314453
v 0.072266 0.193359 0.314453
v 0.083984 0.013672 0.314453
v 0.146484 0.275391 0.314453
v 0.654297 -0.017578 0.314453
v 0.763672 -0.029297 0.314453
v -0.779297 -0.052734 0.318359
v -0.767578 -0.041016 0.318359
v -0.146484 0.279297 0.318359
v -0.076172 0.083984 0.318359
v -0.056641 -0.267578 0.318359
v 0.056641 -0.267578 0.318359
v 0.076172 0.087891 0.318359
v 0.150391 0.279297 0.318359
v -0.759766 -0.021484 0.322266
v -0.076172 0.193359 0.322266
v -0.017578 0.064453 0.322266
v 0.001953 -0.263672 0.322266
v -0.599609 -0.017578 0.326172
v -0.080078 0.267578 0.326172
v -0.076172 0.291016 0.326172
v -0.033203 -0.033203 0.326172
v 0.001953 0.064453 0.326172
v 0.033203 -0.033203 0.326172
v 0.080078 0.267578 0.326172
v 0.080078 0.291016 0.326172
v 0.599609 -0.025391 0.326172
v -0.642578 -0.001953 0.330078
v -0.630859 -0.068359 0.330078
v -0.087891 0.333984 0.330078
v -0.021484 0.064453 0.330078
v 0.001953 -0.060547 0.330078
v 0.017578 0.068359 0.330078
v 0.087891 0.333984 0.330078
v 0.646484 -0.005859 0.330078
v -0.642578 -0.064453 0.333984
v -0.619141 -0.068359 0.333984
v -0.048828 0.330078 0.333984
v -0.033203 0.376953 0.333984
v 0.017578 0.068359 0.333984
v 0.033203 0.376953 0.333984
v 0.048828 0.333984 0.333984
v 0.626953 -0.064453 0.333984
v 0.642578 -0.064453 0.333984
v -0.615234 -0.005859 0.337891
v -0.607422 -0.044922 0.337891
v -0.076172 0.294922 0.337891
v -0.021484 0.248047 0.337891
v -0.017578 0.185547 0.337891
v 0.017578 0.185547 0.337891
v 0.080078 0.294922 0.337891
v 0.087891 0.330078 0.337891
v 0.611328 -0.013672 0.337891
v -0.033203 0.017578 0.341797
v 0.001953 -0.052734 0.341797
v 0.001953 0.017578 0.341797
v 0.001953 0.185547 0.341797
v 0.001953 0.236328 0.341797
v 0.650391 -0.056641 0.341797
v -0.646484 -0.052734 0.345703
v -0.619141 -0.064453 0.345703
v -0.033203 -0.029297 0.345703
v 0.001953 -0.029297 0.345703
v 0.021484 0.064453 0.345703
v 0.025391 0.291016 0.345703
v 0.029297 -0.029297 0.345703
v 0.029297 0.017578 0.345703
v 0.623047 -0.060547 0.345703
v -0.611328 -0.037109 0.349609
v 0.646484 -0.048828 0.349609
v -0.642578 -0.068359 0.353516
v -0.638672 -0.044922 0.353516
v -0.623047 -0.037109 0.353516
v -0.021484 0.291016 0.353516
v 0.021484 0.291016 0.353516
v 0.626953 -0.052734 0.353516
v 0.638672 -0.041016 0.353516
v 0.642578 -0.068359 0.353516
v -0.626953 -0.056641 0.357422
v 0.001953 0.380859 0.357422
v -0.025391 0.255859 0.361328
v 0.001953 0.259766 0.361328
v 0.001953 0.291016 0.365234
v -0.029297 0.330078 0.369141
v 0.029297 0.330078 0.369141
v 0.001953 0.330078 0.392578
vn -0.0000 0.0905 0.9959
vn 0.2279 0.9117 -0.3419
vn 0.0903 0.0645 -0.9938
vn -0.0767 0.9966 -0.0307
vn -0.9238 -0.0999 -0.3695
vn 0.4082 -0.8165 -0.4082
vn -0.2728 -0.0534 -0.9606
vn -0.0000 1.0000 -0.0000
vn 0.0766 -0.0585 -0.9953
vn 0.2021 -0.1546 -0.9671
vn -0.5083 0.8509 -0.1326
vn 0.9701 0.2425 -0.0000
vn 0.2971 0.0469 -0.9537
vn -0.1079 -0.1233 -0.9865
vn 0.2995 0.0964 -0.9492
vn -0.0788 -0.9457 0.3152
vn -0.2591 -0.1591 -0.9527
vn -0.2298 -0.2954 -0.9273
vn -0.2357 0.2357 -0.9428
vn -0.4864 0.0768 -0.8704
vn -0.0903 0.0645 -0.9938
vn 0.2848 -0.0574 -0.9569
vn -0.4774 -0.3038 -0.8245
vn -0.0000 -0.2747 -0.9615
vn 0.8229 0.5275 -0.2110
vn 0.1551 0.6722 -0.7239
vn 0.1079 -0.1233 -0.9865
vn -0.4836 0.0230 -0.8750
vn -0.0000 0.6247 -0.7809
vn 0.2294 0.6882 -0.6882
vn -0.0000 0.9806 0.1961
vn -0.0000 0.7071 -0.7071
vn 0.9446 -0.3047 0.1219
vn -0.2995 0.0964 -0.9492
vn -0.2971 0.0469 -0.9537
vn 0.9428 -0.2357 0.2357
vn -0.8704 0.3482 -0.3482
vn -0.3558 -0.7744 -0.5232
vn 0.1304 0.6087 -0.7826
vn 0.0772 -0.8828 -0.4634
vn -0.1111 0.8889 0.4444
vn 0.3400 0.6959 0.6326
vn -1.0000 -0.0000 -0.0000
vn 0.1553 0.3279 -0.9319
vn -0.1574 0.2886 0.9444
vn -0.3810 0.2540 -0.8890
vn 0.2649 0.2649 -0.9272
vn -0.4886 0.5235 0.6980
vn -0.7494 0.5677 -0.3406
vn 1.0000 -0.0000 -0.0000
vn 0.6516 0.3041 0.6950
vn 0.5800 0.1832 0.7937
vn -0.1695 0.0678 -0.9832
vn 0.2591 -0.1591 -0.9527
vn -0.0000 0.9806 -0.1961
vn -0.9080 -0.1986 -0.3689
vn -0.1425 -0.4987 0.8550
vn 0.9703 -0.0554 0.2356
vn 0.2357 -0.2357 -0.9428
vn 0.2822 0.1881 -0.9407
vn 0.5349 -0.6479 -0.5424
vn -0.1483 -0.0000 0.9889
vn 0.8944 -0.0000 0.4472
vn 0.5216 -0.7870 -0.3294
vn -0.2232 -0.3687 -0.9024
vn -0.9937 0.0994 -0.0526
vn 0.8628 0.3919 0.3194
vn -0.5774 -0.5774 0.5774
vn -0.3841 -0.5121 0.7682
vn -0.9112 0.3375 -0.2362
vn -0.6251 0.7665 0.1476
vn 0.6631 -0.4109 -0.6257
vn -0.5953 0.5353 0.5992
vn 0.7018 -0.4511 -0.5514
vn 0.6607 -0.4700 -0.5853
vn -0.6154 0.7796 0.1163
vn 0.8245 -0.2748 -0.4947
vn 0.6737 -0.4830 -0.5593
vn 0.6511 -0.3551 -0.6708
vn -0.2090 0.0697 0.9754
vn -0.5482 0.4796 0.6852
vn -0.8169 0.5715 -0.0773
vn 0.9919 0.1036 -0.0740
vn 0.7905 -0.5677 -0.2300
vn 0.7512 -0.6307 -0.1948
vn -0.6989 0.3495 0.6240
vn -0.5692 0.5043 0.6494
vn 0.6417 -0.3936 -0.6582
vn -0.5762 0.4726 0.6668
vn 0.5482 -0.4796 -0.6852
vn 0.2182 0.8729 0.4364
vn 0.7606 -0.2535 -0.5976
vn -0.6684 -0.3628 0.6493
vn -0.2941 -0.1658 0.9413
vn -0.0166 0.3162 0.9486
vn 0.2589 -0.3032 0.9171
vn -0.0158 -0.3162 -0.9486
vn -0.2416 0.0879 -0.9664
vn 0.1644 -0.0183 -0.9862
vn 0.2325 -0.2842 0.9301
vn -0.2140 -0.1462 0.9658
vn -0.2474 -0.2350 0.9400
vn -0.0000 -1.0000 -0.0000
vn -0.4457 -0.0810 0.8915
vn 0.3935 -0.0437 0.9183
vn -0.2512 -0.1599 0.9546
vn -0.1790 -0.2386 0.9545
vn 0.2621 -0.0874 -0.9611
vn 0.0931 0.9307 -0.3537
vn 0.1409 0.0896 0.9860
vn 0.0543 -0.9233 0.3802
vn 0.0976 0.9759 -0.1952
vn -0.2737 0.0871 -0.9579
vn 0.2717 -0.1482 0.9509
vn 0.2404 -0.1311 0.9618
vn -0.4190 -0.3749 0.8270
vn -0.3003 -0.2620 0.9172
vn -0.3023 -0.3464 0.8880
vn -0.3223 -0.2601 0.9102
vn -0.2786 -0.3452 0.8962
vn 0.2673 0.8018 -0.5345
vn 0.1690 0.8452 -0.5071
vn 0.5689 -0.2048 0.7965
vn -0.0665 0.0045 -0.9978
vn 0.4523 0.7268 0.5169
vn 0.1941 -0.2265 0.9545
vn 0.0905 -0.0062 -0.9959
vn -0.2817 -0.0551 -0.9579
vn -0.1612 0.6126 0.7738
vn 0.4611 0.8070 0.3689
vn -0.6667 -0.3333 0.6667
vn 0.3577 0.2136 0.9091
vn 0.5090 -0.6941 0.5090
vn 0.4207 -0.6900 0.5890
vn -0.2818 -0.0499 -0.9582
vn 0.4508 0.6312 0.6312
vn 0.1693 -0.2463 0.9543
vn -0.0665 0.0166 -0.9976
vn 0.1574 -0.0641 0.9854
vn 0.3508 0.0414 -0.9355
vn -0.1398 0.5874 0.7971
vn 0.5025 -0.7035 0.5025
vn -0.3932 -0.0907 -0.9150
vn 0.4618 0.0626 0.8848
vn 0.4712 -0.1513 0.8689
vn 0.1116 -0.0411 0.9929
vn 0.3931 -0.2638 0.8808
vn 0.3267 -0.6326 -0.7022
vn 0.4919 -0.0535 0.8690
vn -0.4145 0.5730 0.7071
vn 0.5774 -0.5774 0.5774
vn -0.6061 -0.7576 -0.2424
vn -0.2571 0.6765 -0.6901
vn -0.0226 0.9275 0.3732
vn 0.9507 0.2194 0.2194
vn -0.2937 0.6527 0.6984
vn 0.0213 -0.7744 -0.6323
vn -0.5750 0.3659 -0.7318
vn -0.2556 0.0249 -0.9664
vn 0.3450 -0.2065 0.9156
vn 0.7718 -0.2844 0.5687
vn 0.2225 -0.2647 0.9383
vn 0.2945 -0.2577 0.9203
vn 0.6419 -0.4684 0.6072
vn -0.1361 0.1555 -0.9784
vn -0.4170 0.5678 -0.7097
vn -0.8148 -0.3621 0.4527
vn 0.2457 -0.4915 0.8355
vn -0.0523 0.1045 -0.9931
vn 0.1543 -0.6172 0.7715
vn 0.3588 -0.2982 0.8845
vn 0.4075 -0.1501 0.9008
vn 0.1464 -0.1626 0.9758
vn -0.1185 -0.7854 -0.6076
vn 0.6201 -0.2657 0.7382
vn -0.0000 -0.7071 -0.7071
vn 0.3661 0.8761 0.3138
vn -0.4955 0.7883 0.3649
vn 0.4049 -0.8999 0.1620
vn -0.7511 -0.3443 0.5633
vn 0.3060 -0.6732 -0.6732
vn 0.4800 0.8000 -0.3600
vn -0.3778 -0.2494 0.8917
vn 0.3058 0.3154 -0.8983
vn 0.4017 0.6695 -0.6249
vn -0.6126 -0.3243 0.7208
vn -0.6623 -0.5298 -0.5298
vn -0.5330 -0.7752 -0.3392
vn -0.5056 0.8504 0.1456
vn -0.3906 -0.6509 -0.6509
vn 0.6096 0.6476 -0.4572
vn 0.3996 0.0519 -0.9152
vn 0.3937 0.0355 -0.9186
vn 0.3934 0.0495 -0.9180
vn -0.0905 -0.0062 -0.9959
vn 0.5774 0.5773 0.5774
vn -0.3661 -0.2323 0.9011
vn -0.2283 -0.3805 0.8962
vn 0.0665 0.0045 -0.9978
vn -0.3996 0.0519 -0.9152
vn 0.0973 -0.2085 0.9732
vn -0.1074 0.2320 -0.9668
vn -0.1128 0.2300 -0.9666
vn -0.0000 -0.1644 0.9864
vn -0.8742 0.4856 -0.0000
vn -0.1063 0.2720 -0.9564
vn 0.6574 -0.3682 -0.6574
vn 0.6495 -0.3953 0.6495
vn 0.7808 -0.1837 -0.5971
vn 0.0994 0.2597 -0.9606
vn -0.4351 -0.3807 0.8159
vn -0.1246 -0.2247 0.9664
vn -0.0676 -0.0072 -0.9977
vn -0.7772 -0.6292 -0.0000
vn -0.9689 0.2474 -0.0000
vn -0.3472 0.1672 -0.9228
vn 0.0936 -0.0451 0.9946
vn -0.0247 0.0276 -0.9993
vn -0.0529 0.0255 -0.9983
vn 0.0665 0.0166 -0.9976
vn -0.3508 0.0414 -0.9355
vn -0.2060 -0.0439 0.9776
vn 0.1009 -0.1379 0.9853
vn 0.1830 0.0180 0.9829
vn -0.0050 -0.0736 0.9973
vn 0.5459 0.1338 -0.8271
vn 0.4500 0.8861 -0.1108
vn 0.4678 -0.0640 -0.8815
vn -0.8367 -0.0725 -0.5429
vn 0.0284 0.0273 -0.9992
vn -0.0363 0.2360 -0.9711
vn 0.0635 0.0022 -0.9980
vn -0.1073 0.2361 -0.9658
vn -0.1249 0.2302 -0.9651
vn 0.9591 -0.0710 0.2740
vn -0.0586 0.0761 -0.9954
vn 0.0434 0.0304 -0.9986
vn 0.9578 0.2873 -0.0000
vn 0.6667 0.3333 -0.6667
vn -0.0996 -0.8370 0.5381
vn 0.1821 0.0190 -0.9831
vn -0.3454 -0.1036 -0.9327
vn 0.2401 0.0542 -0.9692
vn 0.1344 0.0415 -0.9901
vn 0.2246 -0.2642 0.9380
vn 0.2234 0.0233 -0.9744
vn 0.9091 -0.4041 -0.1010
vn 0.6917 0.2075 -0.6917
vn -0.9075 -0.3381 0.2491
vn 0.1321 -0.0321 0.9907
vn 0.2390 -0.0853 0.9673
vn -0.1317 0.0871 -0.9875
vn 0.2162 -0.1239 0.9685
vn -0.1313 0.1149 -0.9847
vn -0.3576 0.1371 -0.9238
vn -0.3934 0.0495 -0.9180
vn -0.3937 0.0355 -0.9186
vn -0.1410 -0.0757 0.9871
vn -0.1955 -0.0763 0.9777
vn 0.1737 -0.0290 -0.9844
vn -0.6955 0.1803 -0.6955
vn -0.6746 0.2998 0.6746
vn 0.2102 0.0994 -0.9726
vn -0.1629 -0.2234 -0.9610
vn -0.4472 0.8944 -0.0000
vn 0.6442 0.4123 -0.6442
vn -0.2060 0.0439 -0.9776
vn 0.4883 0.2730 -0.8289
vn -0.0973 -0.2085 0.9732
vn 0.2975 0.2888 -0.9100
vn -0.3267 -0.7387 -0.5895
vn -0.7035 0.1005 0.7035
vn 0.6860 -0.5145 -0.5145
vn 0.7414 0.3432 -0.5766
vn 0.1849 -0.3048 0.9343
vn 0.4495 0.5580 -0.6975
vn -0.3130 0.3825 -0.8693
vn 0.4290 -0.1485 0.8910
vn 0.0873 0.1920 0.9775
vn 0.4117 0.0406 0.9104
vn 0.1973 -0.4384 0.8768
vn -0.5177 0.3826 -0.7653
vn 0.0035 0.0587 0.9983
vn 0.7098 -0.3549 0.6084
vn -0.3529 -0.6616 -0.6616
vn -0.1268 0.1631 -0.9784
vn -0.9524 0.0501 -0.3008
vn -0.1955 0.3910 -0.8994
vn 0.2232 -0.0822 0.9713
vn 0.5193 -0.8353 -0.1806
vn -0.2698 -0.1888 -0.9442
vn 0.2123 0.8027 -0.5573
vn -0.2719 -0.6456 0.7136
vn 0.9363 0.3511 -0.0000
vn 0.3748 0.2249 0.8994
vn -0.1982 -0.3018 -0.9325
vn -0.2244 0.0820 -0.9710
vn 0.0481 -0.5050 0.8618
vn 0.7812 -0.6177 0.0908
vn -0.2395 -0.0653 -0.9687
vn -0.3839 0.2239 -0.8958
vn 0.2026 -0.1433 0.9687
vn -0.0398 -0.0797 0.9960
vn -0.8428 -0.5363 0.0460
vn -0.3151 -0.0859 0.9452
vn 0.3690 -0.0841 0.9256
vn -0.0000 1.0000 -0.0001
vn -0.2397 -0.1525 0.9588
vn -0.2616 -0.3052 -0.9156
vn -0.1541 0.2396 -0.9586
vn -0.1642 -0.0448 0.9854
vn -0.2842 0.3032 0.9096
vn 0.1296 -0.6155 -0.7774
vn -0.1952 0.0976 0.9759
vn -0.5972 0.4948 0.6313
vn -0.7584 -0.2264 -0.6112
vn -0.6967 -0.3484 -0.6271
vn 0.7969 -0.5629 -0.2193
vn 0.7438 -0.6350 -0.2086
vn -0.8988 0.4379 -0.0230
vn 0.7720 0.6317 0.0702
vn 0.8523 0.5224 -0.0275
vn -0.8650 0.4889 0.1128
vn -0.9486 0.3162 -0.0166
vn -0.9020 0.4295 -0.0430
vn -0.7788 0.6264 -0.0330
vn -0.8188 0.5712 -0.0571
vn -0.6667 0.3333 0.6667
vn -0.5940 0.4543 0.6639
vn -0.4952 0.8666 0.0619
vn -0.8493 0.4059 0.3377
vn -0.7163 -0.4495 -0.5337
vn -0.6738 -0.3477 -0.6520
vn -0.4347 0.8009 -0.4119
vn 0.6067 0.5886 -0.5343
vn 0.8321 -0.0000 -0.5547
vn 0.1790 -0.7479 -0.6392
vn 0.0586 -0.7621 -0.6448
vn -0.0762 -0.9905 -0.1143
vn -0.4037 0.1794 0.8971
vn -0.1596 0.8776 -0.4521
vn -0.3835 0.6903 -0.6136
vn 0.0750 0.6976 -0.7126
vn 0.9835 -0.1812 -0.0000
vn -0.6929 0.0900 0.7154
vn 0.7617 0.5417 -0.3555
vn -0.9054 0.2498 0.3434
vn 0.9871 0.1371 -0.0823
vn 0.2748 -0.8245 0.4947
vn -0.8919 -0.3878 0.2327
vn -0.1741 -0.6963 0.6963
vn -0.4402 0.8805 -0.1761
vn 0.0758 -0.1516 0.9855
vn -0.8900 0.2848 -0.3560
vn -0.0042 0.1333 -0.9911
vn -0.6956 -0.0752 0.7144
vn 0.9816 -0.1707 -0.0854
vn 0.2848 -0.0559 -0.9570
vn -0.4493 -0.0437 0.8923
vn -0.1228 0.1432 0.9820
vn 0.4372 0.0473 0.8981
vn -0.0306 0.9171 0.3974
vn 0.2249 -0.9744 -0.0000
vn 0.0762 -0.1101 -0.9910
vn 0.2584 -0.9597 0.1107
vn 0.6126 0.6323 -0.4742
vn 0.3584 0.4561 0.8145
vn 0.3012 0.2567 -0.9184
vn 0.0464 -0.9892 -0.1391
vn -0.8774 0.4721 0.0855
vn -0.5747 0.4693 -0.6704
vn 0.5235 0.4886 -0.6980
vn -0.0000 -0.0000 -1.0000
vn -0.5761 -0.4653 -0.6721
vn 0.5249 -0.4845 -0.6998
vn -0.4699 0.4072 -0.7832
vn 0.4082 0.4082 -0.8165
vn 0.1562 -0.9370 -0.3123
vn 0.0392 -0.2745 -0.9608
vn 0.1745 -0.1221 -0.9771
vn 0.1078 -0.2157 -0.9705
vn 0.2744 -0.0457 -0.9605
vn -0.1622 -0.1622 -0.9733
vn -0.3137 -0.1255 -0.9412
vn 0.4851 0.4851 -0.7276
vn -0.4961 -0.0000 -0.8682
vn -0.4932 -0.1079 -0.8632
vn -0.8422 0.3369 -0.4211
vn -0.3333 0.6667 -0.6667
vn 0.7620 -0.1270 -0.6350
vn -0.8615 0.0718 -0.5026
vn 0.1899 0.0317 -0.9813
vn -0.0315 0.1104 0.9934
vn 0.1409 -0.0822 -0.9866
vn -0.1409 -0.0822 -0.9866
vn 0.1414 -0.0000 -0.9899
vn -0.1414 -0.0000 -0.9899
vn -0.0000 0.1644 -0.9864
vn 0.4460 -0.0743 -0.8920
vn 0.4457 -0.0810 -0.8915
vn 0.2649 -0.2649 -0.9272
vn -0.1436 0.0319 -0.9891
vn -0.1312 0.7434 -0.6559
vn -0.5726 -0.2032 -0.7943
vn -0.8571 -0.2857 -0.4286
vn -0.1576 0.4729 -0.8669
vn 0.7089 -0.6583 0.2532
vn -0.2425 -0.0000 -0.9701
vn 0.7978 -0.3546 -0.4876
vn 0.2722 -0.6804 -0.6804
vn 0.5726 0.8016 -0.1718
vn 0.4472 0.8944 -0.0000
vn 0.1644 -0.0000 -0.9864
vn 0.1961 0.0123 -0.9805
vn 0.5623 0.4016 -0.7229
vn 0.5726 -0.8016 0.1718
vn 0.8996 -0.1200 -0.4198
vn 0.9356 0.3509 0.0390
vn -0.7570 0.3984 -0.5179
vn -0.7499 0.1973 -0.6315
vn -0.2941 -0.3676 -0.8823
vn -0.7620 0.6350 0.1270
vn 0.4205 0.8935 -0.1577
vn -0.8375 0.3403 -0.4275
vn -0.5681 -0.4629 -0.6804
vn -0.8199 -0.2982 -0.4887
vn 0.1421 -0.9239 -0.3553
vn 0.5221 -0.4834 -0.7026
vn 0.8516 0.2256 -0.4731
vn -0.0314 -0.0862 -0.9958
vn 0.8393 -0.2798 -0.4663
vn -0.2548 0.9174 -0.3058
vn -0.8732 0.4623 -0.1541
vn 0.9621 0.2673 0.0535
vn -0.6559 -0.3123 -0.6872
vn -0.0652 -0.5434 -0.8369
vn 0.4494 -0.7990 -0.3995
vn -0.0972 -0.2122 -0.9724
vn 0.0953 -0.9535 -0.2860
vn 0.0810 -0.1721 -0.9818
vn 0.3651 0.9129 0.1826
vn 0.2253 -0.4507 -0.8638
vn 0.1783 -0.4753 -0.8616
vn 0.7845 0.1961 -0.5883
vn 0.7071 -0.0000 -0.7071
vn -0.3015 0.9045 -0.3015
vn -0.3015 -0.3015 -0.9045
vn -0.6039 0.7497 -0.2707
vn -0.6234 0.6506 -0.4337
vn -0.2407 0.1242 -0.9626
vn 0.1946 0.1255 -0.9728
vn 0.2425 -0.9701 -0.0000
vn 0.2267 0.0648 -0.9718
vn 0.5342 0.8289 -0.1658
vn 0.5783 0.6788 -0.4526
vn 0.3261 0.8968 -0.2989
vn 0.2522 -0.0420 -0.9668
vn -0.9212 0.1024 -0.3753
vn -0.7109 -0.3231 -0.6247
vn 0.2272 0.0631 -0.9718
vn -0.0415 0.0830 -0.9957
vn -0.2555 0.0568 -0.9651
vn 0.2035 -0.9065 -0.3700
vn 0.3908 -0.0711 -0.9177
vn -0.2386 -0.8946 -0.3777
vn 0.2876 -0.1041 -0.9521
vn -0.3015 0.3015 -0.9045
vn -0.5735 -0.4915 -0.6554
vn 0.4351 0.3807 -0.8159
vn -0.9341 -0.1374 -0.3297
vn -0.9254 -0.1568 -0.3451
vn 0.1651 0.9357 -0.3119
vn -0.0314 0.7223 -0.6909
vn -0.4989 -0.0831 -0.8627
vn -0.6858 0.6750 -0.2722
vn -0.4472 -0.0000 -0.8944
vn 0.0189 0.4357 -0.8999
vn -0.3939 -0.0000 -0.9191
vn -0.3773 0.1831 -0.9078
vn 0.3968 0.0248 -0.9176
vn 0.3102 0.1163 -0.9435
vn -0.7908 0.4673 -0.3954
vn 0.4858 -0.0726 -0.8711
vn 0.6245 0.7659 -0.1532
vn 0.4747 -0.0035 -0.8801
vn -0.1562 0.9370 -0.3123
vn 0.0393 0.7066 -0.7066
vn 0.8050 -0.2841 -0.5209
vn 0.8644 -0.1780 -0.4703
vn -0.3675 0.3215 -0.8727
vn -0.4712 -0.4284 0.7710
vn -0.1811 -0.8796 -0.4398
vn -0.3783 -0.1123 -0.9188
vn 0.3030 -0.1221 -0.9451
vn -0.5381 0.4036 -0.7399
vn -0.4576 0.5230 -0.7191
vn 0.8242 0.5593 0.0883
vn -0.0000 0.7071 0.7071
vn 0.7943 0.5957 0.1191
vn 0.0772 0.0873 0.9932
vn 0.0764 0.0876 0.9932
vn -0.5358 -0.5745 -0.6187
vn 0.4913 -0.5927 -0.6382
vn -0.0722 0.0893 0.9934
vn -0.0764 0.0876 0.9932
vn -0.8897 0.4536 -0.0523
vn -0.2335 0.6745 0.7004
vn -0.9648 0.2053 -0.1642
vn 0.5159 0.2902 -0.8060
vn -0.1638 -0.9127 -0.3744
vn -0.3511 -0.0000 -0.9363
vn 0.1535 0.9210 -0.3582
vn -0.6803 0.7327 -0.0174
vn -0.4665 0.0588 -0.8826
vn 0.3939 -0.9191 -0.0000
vn 0.2321 -0.9284 -0.2901
vn -0.4044 0.1048 -0.9086
vn -0.8363 -0.3041 -0.4562
vn -0.6622 0.7392 -0.1232
vn -0.6000 0.8000 -0.0000
vn -0.7022 0.7022 -0.1170
vn -0.3313 -0.3313 -0.8835
vn 0.0711 -0.0538 -0.9960
vn -0.1285 -0.0535 -0.9903
vn 0.2634 -0.3387 -0.9033
vn 0.6177 0.7757 -0.1293
vn 0.5547 0.8321 -0.0000
vn 0.8438 -0.2813 -0.4571
vn 0.0327 -0.5238 -0.8512
vn 0.3786 0.1184 -0.9179
vn -0.3369 -0.9264 -0.1684
vn -0.2645 -0.9180 -0.2956
vn 0.4041 0.1010 -0.9091
vn 0.6168 0.7851 -0.0561
vn 0.6350 0.7620 -0.1270
vn 0.3474 -0.0579 -0.9359
vn -0.1457 0.9230 -0.3562
vn -0.4175 0.2479 -0.8742
vn -0.4472 -0.8944 -0.0000
vn -0.7926 -0.4878 0.3658
vn 0.5643 0.7759 -0.2821
vn -0.8165 0.4082 0.4082
vn -0.8563 0.3509 0.3790
vn 0.7845 -0.1961 -0.5883
vn -0.3459 0.1818 -0.9205
vn -0.3554 0.1537 -0.9220
vn 0.5872 0.0858 0.8049
vn -0.6202 0.7442 -0.2481
vn 0.5750 0.7762 -0.2587
vn 0.0766 -0.0559 -0.9955
vn -0.2216 0.1695 0.9603
vn -0.2734 0.0976 0.9569
vn -0.4895 0.0544 0.8703
vn 0.3818 0.0686 -0.9217
vn 0.3554 0.1537 -0.9220
vn 0.0792 -0.7527 -0.6536
vn 0.9705 0.2157 0.1078
vn 0.9129 0.3651 0.1826
vn -0.5793 0.7448 -0.3310
vn -0.6549 0.6046 -0.4534
vn 0.6155 -0.6155 0.4924
vn 0.5075 0.2805 -0.8147
vn -0.2730 0.0770 -0.9589
vn -0.0806 0.9670 -0.2417
vn -0.6789 0.5192 0.5192
vn 0.0539 -0.2199 0.9740
vn -0.0503 -0.2200 0.9742
vn 0.0605 0.9684 -0.2421
vn -0.4498 -0.2454 0.8588
vn 0.0393 -0.1770 0.9834
vn -0.2691 0.2018 0.9417
vn 0.3909 0.0817 -0.9168
vn 0.4263 0.6270 0.6520
vn -0.4000 0.7273 0.5576
vn 0.3360 0.6844 0.6471
vn -0.6497 -0.5897 -0.4798
vn -0.5681 -0.6943 -0.4418
vn -0.7310 -0.5538 -0.3987
vn -0.4759 -0.7855 -0.3956
vn -0.2924 -0.1056 -0.9504
vn -0.2424 -0.0269 -0.9698
vn -0.1027 0.7528 -0.6502
vn -0.0824 -0.5604 -0.8241
vn -0.3339 -0.5533 -0.7632
vn -0.1034 -0.5517 -0.8276
vn -0.2194 -0.2194 -0.9507
vn 0.1034 -0.2412 0.9649
vn 0.4631 -0.5875 -0.6636
vn 0.7709 -0.4580 -0.4427
vn 0.1987 -0.2555 -0.9462
vn 0.0898 -0.5566 -0.8259
vn 0.2924 -0.1056 -0.9504
vn 0.2424 -0.0269 -0.9698
vn -0.5074 0.3665 -0.7799
vn 0.8103 -0.4612 -0.3615
vn 0.8399 0.5039 0.2016
vn 0.9541 -0.0142 -0.2991
vn 0.3571 -0.1032 -0.9284
vn 0.2941 -0.0000 -0.9558
vn -0.6585 0.7526 -0.0000
vn -0.3333 0.6667 0.6667
vn -0.2095 0.9778 -0.0000
vn 0.6139 0.7894 -0.0000
vn -0.2998 -0.6746 -0.6746
vn 0.0712 0.9975 -0.0000
vn -0.1596 0.9840 -0.0798
vn 0.0597 0.9154 -0.3980
vn 0.4262 0.0026 -0.9046
vn -0.0508 -0.9658 -0.2542
vn -0.3571 -0.1032 -0.9284
vn -0.2941 -0.0000 -0.9558
vn -0.7275 -0.4985 -0.4715
vn -0.9026 -0.1482 -0.4042
vn -0.4286 0.8571 -0.2857
vn 0.2910 0.9456 -0.1455
vn -0.9231 -0.3077 -0.2308
vn -0.6804 0.6804 0.2722
vn -0.7634 0.6459 -0.0000
vn -0.2231 0.9534 -0.2029
vn -0.7687 0.5322 -0.3548
vn -0.8355 -0.1446 -0.5302
vn -0.8618 -0.1141 -0.4943
vn 0.6695 0.6180 -0.4120
vn 0.7518 -0.1735 -0.6361
vn 0.1764 0.9620 -0.2084
vn 0.7867 -0.1388 -0.6016
vn 0.6162 0.7394 0.2711
vn 0.7071 0.7071 -0.0000
vn -0.7071 -0.7071 -0.0000
vn 0.4873 -0.1878 -0.8528
vn 0.8835 -0.3313 -0.3313
vn 0.9939 -0.0000 -0.1104
vn 0.0305 -0.9764 0.2136
vn 0.6247 -0.6247 -0.4685
vn -0.2711 -0.1063 -0.9567
vn -0.2194 -0.0325 -0.9751
vn -0.9173 -0.0966 -0.3862
vn -0.5572 0.0371 -0.8296
vn 0.1947 -0.8516 0.4866
vn -0.3881 -0.2167 0.8958
vn 0.6088 -0.0592 -0.7911
vn 0.0957 0.9952 0.0191
vn -0.9748 0.1083 -0.1950
vn 0.4961 -0.0172 -0.8681
vn -0.9965 0.0830 -0.0000
vn 0.3496 0.9176 -0.1893
vn 0.4523 0.0237 -0.8915
vn 0.6097 0.6341 -0.4756
vn 0.6155 0.6155 -0.4924
vn -0.2073 0.7876 -0.5803
vn -0.1014 -0.9708 -0.2173
vn -0.4206 0.1040 -0.9013
vn -0.3166 0.1759 -0.9321
vn 0.0399 -0.9984 -0.0399
vn 0.1916 -0.9794 -0.0639
vn -0.2090 0.9754 0.0697
vn -0.2533 0.1407 -0.9571
vn -0.2178 -0.0316 -0.9755
vn -0.6015 -0.7733 0.2005
vn 0.5423 -0.2359 0.8064
vn 0.3375 -0.2792 0.8990
vn -0.1832 -0.4396 -0.8793
vn 0.1695 -0.4407 -0.8815
vn -0.9293 -0.1652 -0.3304
vn -0.9612 -0.1981 -0.1922
vn -0.0712 -0.9975 -0.0000
vn -0.9991 -0.0434 -0.0000
vn 0.2166 0.1286 -0.9678
vn -0.8647 -0.1423 -0.4816
vn 0.2056 -0.0535 -0.9772
vn 0.4330 0.1218 -0.8931
vn -0.0902 -0.9918 -0.0902
vn 0.3333 0.6667 -0.6667
vn -0.8889 -0.1111 -0.4444
vn -0.3123 -0.9370 -0.1562
vn -0.5228 0.6820 -0.5115
vn -0.5508 0.5902 -0.5902
vn -0.4794 0.8540 -0.2023
vn -0.9215 -0.3777 -0.0906
vn -0.6882 0.6882 -0.2294
vn 0.8262 0.5115 0.2361
vn 0.1826 0.9129 -0.3651
vn 0.8870 -0.0968 -0.4516
vn -0.0697 -0.2090 -0.9754
vn -0.5416 -0.0128 -0.8405
vn -0.3002 0.9305 -0.2101
vn -0.4280 0.1590 -0.8897
vn -0.2778 -0.4977 -0.8217
vn 0.3438 -0.2037 -0.9167
vn -0.1758 -0.0337 -0.9838
vn 0.0509 0.0655 -0.9966
vn -0.5812 0.0166 -0.8136
vn -0.1442 0.2473 -0.9582
vn -0.1593 0.2467 -0.9559
vn -0.3022 -0.1539 0.9407
vn 0.7163 0.0189 -0.6975
vn -0.3249 0.8212 -0.4692
vn -0.0623 0.9961 -0.0623
vn 0.0823 -0.3701 0.9253
vn -0.1846 -0.5144 0.8375
vn 0.3039 0.8272 -0.4727
vn 0.0685 0.2761 -0.9587
vn 0.6152 0.2014 -0.7622
vn -0.6435 -0.1136 -0.7570
vn 0.5812 -0.0145 -0.8136
vn 0.5882 -0.0000 -0.8087
vn 0.5060 -0.0529 -0.8609
vn 0.0593 0.1622 -0.9850
vn -0.3667 -0.2256 -0.9026
vn 0.2773 -0.5700 -0.7734
vn 0.3238 -0.5397 -0.7771
vn 0.8861 0.0909 0.4544
vn 0.0697 -0.2090 -0.9754
vn -0.1065 0.9321 -0.3462
vn -0.9965 0.0656 -0.0524
vn -0.4078 0.7045 0.5809
vn -0.9969 0.0554 -0.0554
vn 0.9818 -0.1897 -0.0112
vn -0.5741 0.3338 -0.7477
vn -0.5118 0.5832 -0.6308
vn -0.0000 0.5145 -0.8575
vn 0.9491 -0.2956 -0.1089
vn 0.9283 0.3094 -0.2063
vn 0.6173 0.2229 -0.7545
vn 0.4772 0.6574 -0.5832
vn 0.5998 0.6248 -0.4998
vn -0.9820 -0.1178 0.1473
vn 0.0580 -0.4733 0.8790
vn 0.2379 -0.5418 0.8061
vn -0.3415 -0.4203 -0.8407
vn -0.1247 0.2571 -0.9583
vn 0.3765 -0.4392 -0.8157
vn 0.1077 0.2576 -0.9602
vn -0.0514 0.9773 0.2057
vn -0.3274 0.9004 -0.2865
vn 0.2568 0.2302 -0.9386
vn -0.9658 -0.2318 -0.1159
vn -0.5655 0.7377 0.3688
vn 0.0363 -0.9444 -0.3269
vn -0.1728 -0.9503 -0.2592
vn 0.5773 -0.5774 0.5774
vn -0.2324 -0.4756 -0.8484
vn -0.5347 -0.3921 -0.7486
vn -0.2798 -0.7104 -0.6458
vn 0.4118 0.4649 -0.7837
vn -0.8841 0.4058 -0.2319
vn 0.3358 -0.4273 0.8394
vn -0.0000 0.3417 -0.9398
vn 0.2165 -0.4784 -0.8510
vn 0.1446 0.9643 0.2218
vn 0.3398 0.9289 -0.1473
vn 0.7175 0.1913 -0.6697
vn 0.2765 0.9479 -0.1580
vn -0.5947 0.7930 -0.1322
vn -0.4534 -0.6934 -0.5600
vn -0.1907 -0.8963 -0.4005
vn -0.8469 0.1796 0.5005
vn 0.0644 0.7544 0.6532
vn -0.7131 0.4405 0.5453
vn -0.6585 -0.0647 -0.7498
vn -0.3539 -0.8953 -0.2707
vn -0.7390 0.1961 -0.6445
vn -0.8619 -0.1063 -0.4959
vn -0.2833 0.8934 -0.3487
vn -0.3262 0.2736 -0.9049
vn -0.0000 -0.4472 0.8944
vn 0.3696 0.2575 0.8928
vn 0.1391 0.9892 -0.0464
vn 0.6111 -0.0359 -0.7908
vn 0.7055 0.3696 -0.6047
vn -0.2816 0.9472 -0.1536
vn -0.4749 -0.1979 -0.8575
vn -0.1712 0.9808 -0.0934
vn -0.6116 -0.0924 -0.7858
vn -0.0578 0.9831 -0.1735
vn -0.5626 -0.1524 -0.8126
vn -0.6690 -0.0000 -0.7433
vn 0.7370 0.0797 -0.6712
vn -0.3926 -0.1854 0.9008
vn 0.5825 -0.6721 -0.4571
vn -0.3484 0.6967 0.6271
vn 0.5999 0.1289 -0.7897
vn -0.1442 -0.4806 -0.8650
vn 0.0529 0.8468 0.5293
vn -0.3485 -0.7357 -0.5808
vn -0.4527 -0.3621 -0.8148
vn -0.2955 -0.6755 0.6755
vn 0.4264 -0.6396 0.6396
vn 0.3906 0.6509 -0.6509
vn 0.6540 -0.6766 -0.3383
vn -0.5225 0.6029 -0.6029
vn 0.7093 -0.4522 -0.5408
vn 0.2633 0.9573 -0.1197
vn 0.4749 -0.1979 -0.8575
vn 0.2603 0.9583 -0.1183
vn 0.5786 -0.0953 -0.8100
vn 0.5349 -0.1468 -0.8321
vn 0.6690 -0.0000 -0.7433
vn -0.6111 -0.0359 -0.7908
vn -0.6491 0.0721 -0.7573
vn 0.0526 -0.9986 -0.0000
vn 0.3456 -0.2645 -0.9003
vn 0.8018 0.2673 -0.5345
vn 0.1210 0.6052 -0.7868
vn -0.3293 -0.5488 0.7683
vn 0.6609 -0.0642 -0.7477
vn 0.7112 0.0924 -0.6969
vn -0.8661 0.0980 0.4902
vn -0.2075 -0.8957 0.3932
vn 0.9285 0.2251 0.2954
vn 0.9712 0.0552 0.2318
vn -0.5774 0.5774 -0.5774
vn -0.6015 0.4557 -0.6562
vn 0.8165 0.4082 -0.4082
vn 0.3331 -0.7652 -0.5508
vn 0.6429 -0.6923 -0.3276
vn 0.2085 -0.8519 -0.4804
vn -0.4644 -0.5079 -0.7256
vn 0.1760 0.8653 -0.4693
vn -0.7070 -0.0191 0.7070
vn 0.7290 0.3925 -0.5608
vn 0.1974 -0.3533 -0.9144
vn -0.8687 0.3041 -0.3909
vn -0.3143 0.8642 -0.3928
vn 0.6982 -0.0175 0.7157
vn -0.6908 0.0161 -0.7229
vn 0.3003 0.2136 -0.9296
vn 0.3308 0.6506 0.6836
vn -0.3213 0.6855 0.6534
vn 0.2293 0.7120 0.6637
vn 0.5659 0.8085 -0.1617
vn 0.5694 0.8067 -0.1582
vn -0.0000 0.9701 -0.2425
vn -0.6338 0.2716 0.7243
vn -0.6525 -0.2549 -0.7137
vn -0.3337 0.3648 -0.8692
vn 0.8981 -0.4082 0.1633
vn -0.8890 -0.2540 -0.3810
vn 0.2957 0.8870 -0.3548
vn 0.4115 -0.8744 0.2572
vn -0.8816 0.2665 -0.3895
vn -0.7894 -0.5491 -0.2746
vn -0.6601 -0.6302 -0.4088
vn 0.2202 -0.4194 -0.8807
vn 0.3952 -0.7715 -0.4986
vn 0.7272 -0.5079 -0.4617
vn -0.3242 -0.6889 -0.6484
vn -0.0000 0.8944 0.4472
vn -0.0000 -0.7071 0.7071
vn 0.5792 -0.1271 0.8052
vn -0.5502 0.1270 -0.8253
vn -0.9029 0.2580 0.3439
vn -0.9500 -0.0559 0.3073
vn 0.8944 0.2683 0.3578
vn 0.4863 -0.5673 -0.6646
vn 0.6480 -0.3800 -0.6600
vn 0.3369 0.1684 0.9264
vn 0.2242 0.5232 0.8222
vn -0.9240 -0.3487 -0.1569
vn -0.7793 -0.6253 -0.0420
vn 0.0345 0.9931 0.1123
vn -0.8362 -0.0929 -0.5406
vn -0.8101 0.4931 0.3170
vn -0.8818 0.4489 0.1443
vn -0.1391 -0.9892 0.0464
vn -0.9961 -0.0786 0.0393
vn 0.3995 -0.7628 0.5085
vn 0.3641 0.5259 0.7687
vn -0.8690 -0.4117 0.2744
vn -0.4773 0.0796 -0.8751
vn -0.0377 0.9672 0.2512
vn -0.3567 -0.0892 -0.9300
vn -0.3253 0.8458 -0.4229
vn 0.3040 0.8714 -0.3850
vn 0.2278 -0.4764 -0.8492
vn -0.8245 0.3038 -0.4774
vn 0.4753 0.0333 -0.8792
vn 0.1211 0.9471 0.2973
vn 0.0491 -0.9987 0.0164
vn 0.3653 -0.0913 -0.9264
vn 0.9963 -0.0766 0.0383
vn -0.0345 0.9931 0.1123
vn 0.8362 -0.0929 -0.5406
vn 0.9488 -0.2724 -0.1597
vn 0.8847 0.4423 -0.1474
vn -0.2265 0.7926 -0.5661
vn -0.1843 -0.6503 -0.7370
vn 0.2248 -0.6447 -0.7306
vn -0.5694 -0.7029 -0.4263
vn 0.3227 0.7529 -0.5736
vn -0.7515 -0.3179 -0.5781
vn -0.0000 0.8000 -0.6000
vn -0.3783 -0.2660 -0.8866
vn 0.7253 -0.1978 -0.6594
vn -0.3909 -0.2070 -0.8968
vn 0.2563 0.8787 -0.4027
vn -0.8303 0.3590 -0.4263
vn 0.5914 0.6451 0.4838
vn -0.0000 0.8000 0.6000
vn -0.9478 -0.2962 0.1185
vn 0.8603 -0.0391 0.5083
vn 0.1434 0.8422 -0.5197
vn 0.5152 -0.0046 -0.8571
vn -0.0481 0.9910 0.1251
vn 0.8087 -0.0000 -0.5882
vn -0.7417 -0.4532 -0.4945
vn -0.9849 -0.0340 -0.1698
vn -0.7822 -0.0823 0.6175
vn -0.6533 -0.5048 0.5642
vn 0.5915 -0.7735 0.2275
vn -0.3162 0.9487 -0.0000
vn -0.9971 0.0767 -0.0000
vn 0.8075 -0.0920 -0.5826
vn 0.4423 -0.6487 -0.6193
vn 0.9899 -0.0000 -0.1414
vn 0.7134 -0.3078 -0.6295
vn 0.0481 0.9910 0.1251
vn -0.8087 -0.0000 -0.5882
vn -0.0648 0.8819 -0.4669
vn -0.1144 0.8695 -0.4805
vn -0.5151 -0.0043 -0.8571
vn 0.1347 -0.4042 -0.9047
vn -0.8751 -0.4773 0.0796
vn -0.9594 0.1693 0.2257
vn 0.8944 -0.0000 -0.4472
vn 0.3845 -0.1870 -0.9040
vn 0.1139 0.7212 -0.6833
vn 0.3860 -0.1809 -0.9046
vn -0.7228 -0.1355 -0.6776
vn 0.4116 0.2691 -0.8707
vn 0.6930 -0.3898 -0.6064
vn 0.9515 0.0340 0.3058
vn 0.1843 -0.6503 -0.7370
vn -0.2248 -0.6447 -0.7306
vn 0.5694 -0.7029 -0.4263
vn 0.6238 0.6862 -0.3743
vn 0.0234 0.9595 -0.2808
vn 0.9799 -0.1352 -0.1464
vn 0.1025 -0.8499 -0.5168
vn -0.4082 0.4082 -0.8165
vn 0.5044 -0.7067 -0.4961
vn 0.8015 0.0204 -0.5977
vn -0.4339 0.3079 -0.8467
vn 0.3060 -0.6732 0.6732
vn -0.0819 0.9413 0.3274
vn 0.3656 0.6581 -0.6581
vn -0.1278 -0.9583 -0.2556
vn -0.8015 0.0204 -0.5977
vn -0.5044 -0.7067 -0.4961
vn 0.5289 -0.4266 -0.7337
vn 0.5071 -0.3310 -0.7958
vn -0.1803 -0.5410 -0.8215
vn -0.2673 -0.5345 -0.8018
vn 0.2960 0.5393 0.7884
vn -0.1474 -0.8847 -0.4423
vn -0.4389 0.8946 0.0844
vn -0.6508 -0.0000 -0.7593
vn -0.0499 -0.9975 0.0499
vn -0.1265 0.9887 0.0805
vn 0.8278 0.0442 0.5592
vn 0.2751 0.2262 -0.9344
vn -0.8376 -0.1194 0.5330
vn 0.8623 0.0661 0.5022
vn -0.2070 -0.7272 -0.6545
vn 0.1928 -0.7294 -0.6564
vn -0.2483 0.3310 -0.9104
vn 0.9726 -0.1401 -0.1855
vn -0.7092 -0.0177 0.7048
vn 0.0984 0.9841 0.1476
vn 0.4407 0.8374 0.3232
vn 0.9947 0.0249 -0.0995
vn 0.0650 -0.6013 -0.7964
vn 0.3282 -0.5215 -0.7876
vn 0.2615 -0.4960 -0.8280
vn -0.9219 0.3841 0.0512
vn 0.1478 -0.6283 -0.7638
vn 0.1574 -0.8525 -0.4984
vn -0.2911 -0.5572 -0.7776
vn -0.5803 0.7821 -0.2271
vn 0.1156 0.9827 -0.1445
vn -0.9128 -0.1922 -0.3603
vn -0.2102 0.5781 0.7884
vn 0.2357 0.9428 -0.2357
vn 0.6667 -0.3333 -0.6667
vn -0.9391 0.3228 0.1174
vn -0.9829 -0.1730 -0.0629
vn -0.6541 -0.0503 -0.7547
vn -0.2357 0.9428 -0.2357
vn -0.6247 -0.4685 -0.6247
vn 0.6678 -0.3503 -0.6568
vn -0.7445 -0.4990 -0.4435
vn -0.2122 -0.7304 -0.6492
vn 0.1977 -0.7327 -0.6513
vn -0.6653 -0.3163 -0.6762
vn -0.7667 -0.2165 -0.6044
vn -0.9767 -0.2093 0.0465
vn -0.5744 0.8041 -0.1532
vn -0.3271 0.9345 -0.1402
vn -0.9965 -0.0000 0.0830
vn 0.8280 0.5060 0.2415
vn 0.0267 0.8018 0.5969
vn -0.5099 0.3530 0.7845
vn 0.9636 0.2248 0.1445
vn 0.0569 0.8703 -0.4892
vn -0.0967 0.8701 -0.4834
vn 0.2685 -0.1064 -0.9574
vn 0.2747 -0.0000 -0.9615
vn -0.2577 0.7730 0.5797
vn 0.3114 0.5449 0.7785
vn -0.9607 0.2650 0.0828
vn 0.9941 -0.0765 0.0765
vn 0.6038 0.7970 -0.0121
vn 0.4895 0.8689 -0.0734
vn -0.2423 -0.7223 -0.6477
vn -0.1406 -0.7616 -0.6327
vn 0.0385 0.7708 -0.6359
vn -0.1249 0.6067 -0.7851
vn -0.5789 -0.1769 -0.7960
vn -0.5769 -0.1947 -0.7933
vn -0.7652 -0.3305 -0.5524
vn -0.7733 -0.0127 -0.6339
vn -0.7891 -0.2516 -0.5604
vn -0.6763 -0.4319 -0.5967
vn 0.5539 -0.2860 -0.7819
vn 0.5772 0.0528 -0.8149
vn 0.1486 -0.9164 0.3715
vn -0.9920 0.0248 0.1240
vn -0.8969 0.3812 0.2242
vn -0.8535 -0.0960 -0.5121
vn -0.8575 -0.0000 -0.5145
vn 0.1865 0.8908 0.4143
vn -0.6251 0.0744 -0.7770
vn 0.8575 -0.0000 -0.5145
vn 0.7177 0.6778 -0.1595
vn 0.9593 -0.0685 0.2741
vn 0.8540 -0.0904 -0.5124
vn 0.6051 0.0684 -0.7932
vn -0.2204 0.8572 0.4654
vn 0.5560 -0.0176 -0.8310
vn -0.5582 -0.2594 -0.7881
vn -0.1910 -0.9118 0.3635
vn 0.8285 -0.2343 -0.5086
vn 0.7716 -0.3386 -0.5385
vn 0.7445 -0.0501 -0.6657
vn -0.0929 -0.9913 -0.0929
vn -0.0000 -0.9778 -0.2095
vn 0.5825 -0.1971 -0.7886
vn -0.5800 0.1832 0.7937
vn 0.5826 -0.1954 -0.7889
vn 0.7695 -0.3020 -0.5627
vn 0.7732 -0.0111 -0.6341
vn -0.9941 -0.0765 0.0765
vn -0.1301 0.1749 -0.9760
vn 0.2423 -0.7223 -0.6477
vn -0.0955 0.7758 0.6237
vn -0.4774 0.8785 -0.0178
vn -0.6079 0.7533 -0.2511
vn -0.4633 0.8859 -0.0244
vn -0.6607 -0.7302 0.1739
vn -0.7071 0.7071 -0.0000
vn 0.9965 -0.0163 0.0817
vn 0.8165 -0.2776 0.5062
vn 0.5820 0.1862 -0.7916
vn 0.8729 -0.2182 0.4364
vn 0.8729 0.4364 -0.2182
vn 0.1536 0.2263 -0.9619
vn 0.1324 -0.1158 -0.9844
vn 0.5586 -0.8062 -0.1950
vn 0.6859 -0.5287 -0.5001
vn 0.8735 0.2291 0.4296
vn -0.7916 -0.4973 -0.3552
vn -0.9963 0.0697 0.0498
vn -0.8915 0.4052 -0.2026
vn -0.9457 0.1045 -0.3079
vn -0.6908 -0.2721 -0.6699
vn 0.8474 0.5178 -0.1177
vn 0.9478 0.1041 -0.3013
vn 0.6548 -0.2292 -0.7202
vn 0.7438 -0.5439 -0.3885
vn 0.7798 -0.4679 -0.4159
vn 0.9963 0.0697 0.0498
vn -0.9599 -0.2203 -0.1731
vn -0.8745 0.2724 0.4014
vn -0.5631 -0.8181 -0.1169
vn 0.5966 -0.5325 -0.6004
vn -0.0434 0.8036 -0.5936
vn 0.3939 -0.5971 -0.6988
vn -0.8944 -0.0000 -0.4472
vn -0.1313 -0.1158 -0.9846
vn -0.7798 -0.6239 -0.0520
vn -0.6870 -0.7266 0.0132
vn 0.3009 0.9345 0.1901
vn -0.0891 0.8909 -0.4454
vn -0.4650 -0.3487 -0.8137
vn -0.4576 -0.4147 -0.7865
vn -0.3906 -0.9113 0.1302
vn -0.8047 0.0870 -0.5872
vn -0.4082 0.8165 -0.4082
vn 0.0929 -0.9913 -0.0929
vn -0.8273 0.0346 -0.5606
vn -0.0000 0.9829 0.1843
vn -0.3865 -0.9018 0.1932
vn 0.8047 0.0870 -0.5872
vn 0.1961 0.9414 -0.2746
vn 0.3906 -0.9113 0.1302
vn -0.6516 0.3041 0.6950
vn -0.2866 0.8885 0.3583
vn -0.4342 0.8510 0.2953
vn -0.1400 0.9802 -0.1400
vn 0.7959 -0.6043 0.0368
vn 0.7749 -0.6319 0.0184
vn 0.7155 -0.6904 0.1067
vn 0.1648 0.6846 0.7100
vn -0.3341 -0.4300 -0.8387
vn -0.9940 0.0874 -0.0655
vn -0.9941 0.0765 -0.0765
vn 0.1318 -0.4984 -0.8568
vn -0.8377 0.1287 -0.5308
vn 0.0262 0.9966 -0.0787
vn 0.5546 0.0154 -0.8320
vn 0.1459 -0.6261 -0.7659
vn -0.9635 -0.2141 -0.1606
vn 0.8130 0.0787 -0.5770
vn -0.0269 0.9964 -0.0808
vn 0.9723 0.1945 0.1296
vn 0.9984 0.0399 -0.0399
vn -0.1425 -0.4987 -0.8550
vn 0.7914 0.0157 -0.6111
vn -0.1267 0.8872 -0.4436
vn 0.2513 -0.5304 -0.8096
vn -0.1170 0.7022 0.7022
vn 0.4460 0.5946 -0.6690
vn -0.2423 -0.6168 -0.7489
vn -0.1503 -0.7213 -0.6762
vn -0.4580 0.5937 -0.6616
vn 0.1843 -0.1148 -0.9761
vn -0.2223 0.0541 -0.9735
vn 0.1092 -0.1038 -0.9886
vn 0.1186 -0.2175 -0.9688
vn 0.2488 -0.0933 -0.9641
vn 0.1059 0.8894 -0.4447
vn 0.0389 0.8499 -0.5255
vn -0.1374 -0.8242 0.5494
vn -0.7789 0.1031 -0.6186
vn 0.1451 0.9041 -0.4018
vn -0.7623 0.1634 -0.6262
vn -0.1555 0.9848 0.0777
vn -0.8681 0.2177 -0.4460
vn -0.1364 -0.6548 -0.7434
vn 0.8528 -0.4467 -0.2707
vn 0.5237 -0.7986 -0.2967
vn 0.9846 0.1119 0.1343
vn 0.5812 -0.8057 -0.1145
vn 0.9939 -0.0000 0.1104
vn -0.1389 -0.6827 -0.7174
vn -0.4517 -0.0559 -0.8904
vn -0.0867 -0.6935 -0.7152
vn 0.3596 0.3213 -0.8760
vn 0.2179 -0.9622 0.1634
vn -0.5715 0.3048 -0.7619
vn -0.4685 -0.6247 -0.6247
vn 0.4867 0.3244 -0.8111
vn 0.3906 -0.6509 -0.6509
vn 0.1961 -0.0000 -0.9806
vn -0.5787 0.0496 -0.8140
vn -0.5772 0.0528 -0.8149
vn -0.3935 0.2105 -0.8949
vn -0.2498 0.2990 -0.9210
vn -0.2508 -0.9496 0.1881
vn 0.1491 -0.6898 -0.7085
vn 0.4969 -0.0568 -0.8660
vn 0.0692 -0.7011 -0.7097
vn -0.5051 -0.8081 -0.3030
vn 0.8349 0.1297 -0.5350
vn 0.7789 0.1031 -0.6186
vn 0.1223 0.8258 -0.5505
vn 0.7623 0.1634 -0.6262
vn 0.1374 -0.8242 0.5494
vn -0.2385 -0.1278 -0.9627
vn -0.8321 -0.5547 -0.0000
vn 0.7845 0.5883 -0.1961
vn -0.4082 -0.4082 0.8165
vn -0.1568 -0.1447 -0.9770
vn 0.0828 -0.0828 0.9931
vn -0.1843 -0.1148 -0.9761
vn 0.4530 0.0469 -0.8903
vn 0.0828 0.0828 0.9931
vn -0.8376 0.0529 -0.5437
vn -0.9947 0.1013 0.0184
vn -0.9943 -0.0089 0.1065
vn 0.4654 0.8790 -0.1034
vn 0.0459 0.9635 0.2638
vn 0.4002 0.9147 -0.0572
vn -0.1955 0.8994 -0.3910
vn 0.9938 -0.1104 -0.0092
vn 0.7877 -0.5013 -0.3581
vn -0.7001 0.1400 0.7001
vn -0.3823 0.3869 -0.8391
vn 0.4361 0.4272 -0.7921
vn -0.9482 -0.1054 -0.2998
vn -0.8753 0.1815 -0.4483
vn -0.8933 -0.0496 -0.4467
vn -0.8689 0.2370 -0.4345
vn 0.4485 0.4033 -0.7976
vn 0.2304 0.8595 -0.4563
vn 0.5376 0.2464 -0.8064
vn -0.5663 0.2330 -0.7906
vn -0.3503 0.9067 -0.2349
vn -0.5693 0.2266 -0.7903
vn 0.8893 -0.0240 -0.4567
vn 0.9082 0.2724 -0.3179
vn -0.8926 0.3188 0.3188
vn -0.6882 -0.2294 -0.6882
vn -0.9091 0.1010 -0.4041
vn 0.1960 -0.1646 -0.9667
vn -0.8990 0.0243 -0.4373
vn -0.1729 -0.9222 0.3458
vn -0.5692 0.8131 -0.1220
vn -0.0312 0.9678 0.2498
vn -0.4227 0.9058 -0.0302
vn 0.8628 -0.2636 0.4314
vn 0.7614 -0.3067 0.5711
vn -0.7952 -0.2945 0.5301
vn -0.7614 -0.3067 0.5711
vn 0.6109 -0.7426 -0.2746
vn 0.5462 -0.8292 -0.1185
vn 0.9901 -0.1399 0.0108
vn -0.1937 -0.1550 -0.9687
vn 0.9708 0.0126 -0.2395
vn 0.5425 0.8073 0.2325
vn 0.4739 0.8293 0.2962
vn 0.5124 0.8583 0.0256
vn 0.3937 0.8857 0.2460
vn -0.4735 -0.5254 -0.7070
vn 0.0042 -0.6463 -0.7631
vn 0.5826 -0.2185 -0.7829
vn -0.4838 -0.5914 -0.6451
vn -0.4690 -0.6171 -0.6319
vn -0.4648 0.0489 -0.8841
vn 0.3331 0.4331 -0.8376
vn -0.6024 -0.7348 -0.3116
vn -0.3013 -0.8575 -0.4171
vn -0.4649 -0.8833 -0.0598
vn -0.2480 0.2350 -0.9398
vn -0.5276 -0.8330 0.1666
vn -0.7411 -0.6705 0.0353
vn 0.3227 0.8604 -0.3944
vn -0.1218 0.7277 -0.6750
vn 0.0920 -0.9199 0.3811
vn -0.7731 -0.3993 -0.4928
vn 0.3102 0.8271 0.4687
vn -0.3170 0.8252 0.4676
vn -0.5333 0.8323 0.1513
vn 0.5039 0.8355 0.2193
vn 0.2480 0.2350 -0.9398
vn 0.5276 -0.8330 0.1666
vn -0.9509 -0.0257 0.3084
vn -0.1964 0.2838 -0.9386
vn -0.5071 -0.8452 -0.1690
vn -0.2951 0.8431 0.4496
vn 0.3018 0.8412 0.4486
vn 0.5040 0.8498 0.1545
vn -0.5652 0.8221 0.0685
vn -0.0920 -0.9199 0.3811
vn 0.7800 -0.3612 -0.5110
vn 0.3026 0.1593 -0.9397
vn 0.5530 -0.5770 -0.6011
vn 0.4813 0.0380 -0.8757
vn 0.5199 -0.3737 -0.7682
vn -0.6693 -0.3915 -0.6314
vn -0.3020 0.4229 -0.8544
vn 0.5033 -0.2876 -0.8149
vn -0.7001 0.7001 0.1400
vn 0.6424 0.3624 0.6753
vn 0.4721 -0.5740 -0.6691
vn -0.0813 -0.6772 -0.7313
vn -0.4914 0.8554 0.1638
vn -0.4423 0.8847 0.1474
vn -0.4994 0.8413 0.2070
vn -0.6508 0.7593 -0.0000
vn -0.4767 0.8581 0.1907
vn -0.8411 -0.4461 0.3059
vn -0.7071 -0.0000 0.7071
vn -0.8570 -0.3912 0.3354
vn -0.2494 0.3778 0.8917
vn 0.6695 -0.4120 -0.6180
vn 0.6982 -0.3447 -0.6275
vn 0.8624 0.2080 -0.4616
vn 0.1705 -0.9163 0.3623
vn 0.8630 0.1950 -0.4660
vn -0.6232 -0.1897 -0.7587
vn 0.8412 -0.3824 0.3824
vn 0.7723 -0.1246 0.6229
vn 0.8315 -0.4218 0.3615
vn 0.2159 0.3546 0.9097
vn -0.4735 -0.5029 -0.7231
vn 0.3070 -0.5628 -0.7675
vn -0.8215 0.2151 -0.5281
vn -0.8199 0.1960 -0.5379
vn -0.8084 0.3436 -0.4780
vn -0.2961 0.8264 -0.4789
vn -0.5604 -0.5704 0.6005
vn 0.4735 -0.5029 -0.7231
vn -0.6869 -0.7266 0.0145
vn -0.1073 -0.9839 0.1431
vn 0.9282 -0.0807 0.3632
vn 0.3735 -0.7096 0.5975
vn 0.8381 0.3545 -0.4147
vn -0.5940 -0.7889 0.1578
vn 0.8165 -0.4082 -0.4082
vn -0.4381 -0.7988 0.4123
vn -0.9129 -0.1826 0.3651
vn 0.1073 -0.9839 0.1431
vn 0.6185 0.5763 -0.5342
vn 0.7550 0.0700 -0.6520
vn 0.7604 0.0787 -0.6447
vn 0.1833 -0.6313 -0.7535
vn 0.6745 0.5518 -0.4905
vn 0.7256 -0.6880 -0.0137
vn -0.7155 0.5367 -0.4472
vn -0.2618 -0.5993 -0.7565
vn -0.8996 0.1200 -0.4198
vn -0.2021 -0.5768 -0.7915
vn 0.6991 -0.6883 -0.1936
vn -0.2721 -0.6607 -0.6996
vn -0.8567 -0.3427 0.3855
vn -0.4266 -0.7618 0.4875
vn -0.0475 -0.9977 0.0475
vn -0.7909 0.1086 -0.6022
vn -0.7637 0.0589 -0.6428
vn 0.5809 -0.5921 -0.5586
vn 0.4298 -0.6447 -0.6321
vn -0.1162 0.9300 0.3487
vn 0.3036 0.2802 -0.9107
vn -0.3297 0.2776 -0.9023
vn -0.4569 -0.8145 0.3576
vn 0.4939 -0.8100 -0.3161
vn 0.6884 -0.1329 -0.7131
vn -0.1624 0.9083 -0.3856
vn 0.7871 0.0315 -0.6160
vn 0.4867 -0.8111 0.3244
vn 0.9045 -0.3015 0.3015
vn 0.9204 -0.0767 0.3835
vn 0.9285 -0.0000 0.3714
vn 0.2601 -0.6874 -0.6781
vn -0.4679 0.4159 -0.7798
vn 0.4611 0.4176 -0.7830
vn -0.4828 0.3739 -0.7919
vn 0.2323 -0.5885 -0.7744
vn 0.8052 0.5905 -0.0537
vn 0.2021 -0.5768 -0.7915
vn -0.4542 0.8722 0.1817
vn -0.6754 -0.7307 0.0996
vn -0.5938 -0.8011 0.0754
vn -0.7410 0.4863 -0.4631
vn 0.4834 0.8701 0.0967
vn 0.4823 0.4507 -0.7512
vn -0.2405 0.4994 -0.8323
vn 0.4958 0.4165 -0.7621
vn 0.3692 0.5265 -0.7658
vn -0.1249 0.5621 -0.8176
vn -0.7060 -0.1361 -0.6950
vn 0.1432 0.9102 -0.3886
vn -0.7984 0.0307 -0.6014
vn -0.3377 0.3166 -0.8864
vn 0.9108 0.1943 0.3643
vn 0.9671 -0.2276 -0.1138
vn -0.9128 -0.1902 -0.3613
vn -0.5734 -0.5622 -0.5959
vn 0.9358 -0.0351 0.3509
vn 0.9263 -0.0573 0.3724
vn 0.3123 -0.9370 0.1562
vn -0.2147 -0.9661 0.1431
vn -0.9280 -0.0309 0.3712
vn -0.8920 -0.0743 0.4460
vn -0.0075 0.9927 0.1203
vn 0.8957 -0.0369 0.4432
vn 0.6107 -0.7662 0.1999
vn 0.6610 0.5728 -0.4847
vn 0.4283 -0.8880 0.1672
vn -0.0508 0.9658 -0.2542
vn -0.7683 0.5488 -0.3293
vn 0.6730 -0.6867 -0.2747
vn -0.3736 -0.4857 -0.7903
vn -0.2944 -0.4866 -0.8225
vn 0.6591 -0.5520 -0.5108
vn 0.6648 -0.5474 -0.5083
vn 0.4946 0.1991 -0.8460
vn 0.1003 0.9949 -0.0125
vn 0.7708 -0.1095 -0.6276
vn 0.7634 0.2781 -0.5830
vn 0.8887 0.1795 -0.4219
vn 0.8981 0.1633 -0.4082
vn 0.3160 0.9479 -0.0395
vn -0.8509 0.2212 -0.4765
vn -0.9452 0.0405 -0.3241
vn -0.7453 0.3616 -0.5601
vn -0.7708 -0.1095 -0.6276
vn 0.4570 -0.6569 0.5998
vn -0.9529 0.0397 -0.3006
vn -0.5265 0.2415 -0.8152
vn -0.3101 0.9475 -0.0775
vn -0.5494 0.8242 -0.1374
vn -0.7749 -0.4705 -0.4221
vn -0.6676 -0.5745 -0.4736
vn -0.0499 0.9988 -0.0000
vn -0.0567 0.9981 0.0227
vn 0.3550 -0.4970 -0.7919
vn 0.2874 -0.4953 -0.8198
vn -0.2246 0.7823 -0.5809
vn -0.3469 0.7650 -0.5426
vn -0.8506 -0.3093 -0.4253
vn -0.6362 -0.4865 -0.5988
vn 0.3242 -0.1919 -0.9263
vn -0.6189 -0.7220 -0.3094
vn -0.3726 0.5789 -0.7253
vn -0.1093 0.6427 -0.7583
vn -0.1454 0.9812 -0.1272
vn -0.1892 0.9767 -0.1012
vn 0.7125 0.6412 -0.2850
vn -0.2268 -0.8415 -0.4903
vn -0.5774 -0.5774 -0.5774
vn -0.6980 -0.7131 -0.0653
vn 0.6114 0.4483 -0.6521
vn -0.4851 0.7276 -0.4851
vn -0.5759 0.6832 -0.4490
vn -0.5872 0.6618 -0.4660
vn -0.5482 -0.1827 -0.8162
vn -0.7024 0.3703 -0.6079
vn -0.4379 0.8865 -0.1495
vn -0.7019 -0.4168 0.5776
vn 0.5142 0.7732 -0.3711
vn -0.8740 -0.1093 0.4734
vn -0.1169 0.3340 -0.9353
vn -0.6764 -0.4323 -0.5964
vn -0.6023 -0.5279 -0.5988
vn 0.1562 -0.9370 0.3123
vn 0.9635 0.0557 -0.2618
vn 0.7750 -0.3488 -0.5270
vn 0.6527 -0.5321 -0.5392
vn 0.3570 0.9236 -0.1397
vn 0.3199 -0.5971 -0.7357
vn 0.6062 0.6543 -0.4522
vn 0.5755 -0.0639 -0.8153
vn 0.4948 -0.3298 -0.8040
vn 0.3565 0.8021 0.4791
vn -0.2296 0.3642 0.9026
vn 0.2549 0.8566 0.4487
vn 0.5090 0.5090 0.6941
vn -0.1053 -0.7374 -0.6672
vn -0.4418 -0.5681 -0.6943
vn 0.6730 -0.7084 -0.2125
vn -0.7918 0.0191 -0.6105
vn -0.7890 0.0592 -0.6115
vn 0.8723 0.3271 0.3635
vn 0.8986 0.2808 0.3370
vn -0.8723 0.3271 0.3635
vn -0.8986 0.2808 0.3370
vn 0.7925 0.0174 -0.6096
vn -0.6181 0.4857 -0.6181
vn -0.4430 0.5752 -0.6876
vn 0.1815 -0.8875 -0.4236
vn 0.6058 -0.5965 -0.5266
vn 0.7071 -0.7071 -0.0000
vn -0.4410 0.7938 0.4189
vn -0.3427 0.8567 0.3855
vn -0.7276 0.4851 -0.4851
vn 0.8572 -0.3956 -0.3297
vn 0.8606 -0.4729 -0.1891
vn -0.4491 -0.4137 -0.7919
vn 0.0128 0.8994 0.4369
vn -0.5066 -0.4836 -0.7138
vn -0.7311 0.1563 -0.6641
vn -0.6453 0.4238 -0.6356
vn -0.9283 0.2063 -0.3094
vn -0.8917 -0.2259 -0.3923
vn -0.8694 -0.3673 -0.3306
vn -0.8258 -0.2065 -0.5248
vn -0.6798 -0.5300 -0.5070
vn -0.9895 0.1024 -0.1024
vn 0.1101 -0.6898 -0.7155
vn 0.1196 -0.6859 -0.7178
vn -0.9895 0.0645 -0.1291
vn -0.0976 0.9759 0.1952
vn -0.8246 -0.2910 -0.4851
vn -0.9848 -0.0000 -0.1738
vn 0.9848 -0.0000 0.1738
vn -0.9291 -0.2418 -0.2800
vn -0.9976 0.0674 0.0126
vn -0.9947 0.0873 -0.0534
vn -0.0000 -0.9983 -0.0587
vn -0.9554 -0.1592 -0.2488
vn -0.0000 -0.0000 1.0000
vn -0.9983 0.0587 0.0035
vn -0.8041 -0.5750 -0.1513
vn -0.8394 -0.5342 -0.1002
vn -0.1822 -0.9565 -0.2277
vn 0.1696 -0.9587 -0.2283
vn -0.1472 -0.9565 -0.2517
vn 0.1369 -0.9580 -0.2521
vn 0.8020 -0.5871 -0.1101
vn 0.9976 0.0674 0.0126
vn 0.8354 -0.5316 -0.1399
vn 0.9983 0.0587 0.0035
vn 0.9944 0.0877 -0.0585
vn 0.9932 -0.0000 -0.1168
vn 0.9970 0.0499 -0.0586
vn 0.9467 -0.1999 -0.2525
vn 0.9577 -0.1596 -0.2394
vn 0.1149 0.9766 0.1819
vn -0.0000 0.9864 0.1644
vn 0.9895 0.1024 -0.1024
vn -0.1190 -0.6901 -0.7139
vn -0.1262 -0.6873 -0.7153
vn 0.9895 0.0645 -0.1291
vn 0.8258 -0.2065 -0.5248
vn 0.6798 -0.5300 -0.5070
vn 0.8262 -0.2430 -0.5083
vn -0.1302 0.9113 -0.3906
vn 0.8881 -0.2122 -0.4077
vn 0.8708 -0.3307 -0.3638
vn 0.7667 0.2443 -0.5938
vn 0.5216 0.8463 -0.1082
vn 0.7718 0.2276 -0.5937
vn 0.5258 -0.3277 -0.7849
vn 0.7426 0.1903 -0.6421
vn -0.0000 -0.8762 -0.4819
vn -0.3640 0.4782 -0.7993
vn -0.2829 0.5134 -0.8102
vn 0.0944 0.8495 0.5191
vn 0.0744 0.8429 0.5330
vn -0.8362 -0.1330 -0.5321
vn -0.4807 0.2747 -0.8327
vn -0.9019 0.2918 -0.3183
vn -0.7570 0.4416 -0.4817
vn 0.5774 0.5774 -0.5774
vn -0.7303 -0.5186 0.4446
vn -0.7375 -0.4946 0.4599
vn -0.2004 0.4274 0.8816
vn -0.4945 -0.3795 0.7820
vn 0.2797 0.3208 0.9049
vn -0.7957 0.3593 -0.4877
vn -0.2892 -0.6506 0.7022
vn 0.1100 0.2475 0.9626
vn 0.9010 0.3629 -0.2378
vn 0.8916 0.3737 -0.2557
vn -0.9130 -0.2171 -0.3454
vn 0.1102 0.9127 -0.3934
vn -0.5004 -0.5517 0.6672
vn 0.7520 -0.0640 0.6560
vn -0.0300 -0.6109 0.7911
vn -0.9352 -0.2916 -0.2011
vn 0.1333 -0.9333 0.3333
vn -0.8502 -0.4638 -0.2491
vn -0.9162 -0.3252 -0.2343
vn -0.0000 -0.9615 0.2747
vn -0.0000 0.0526 -0.9986
vn -0.6861 -0.2421 -0.6861
vn -0.6777 -0.2854 -0.6777
vn 0.8513 -0.4522 -0.2660
vn -0.0937 -0.7493 -0.6556
vn 0.9758 -0.1885 -0.1109
vn 0.6780 -0.5316 -0.5077
vn -0.7173 -0.5029 -0.4823
vn -0.6841 -0.5556 -0.4726
vn -0.0837 -0.7536 -0.6519
vn 0.7482 -0.4472 -0.4902
vn 0.6841 -0.5556 -0.4726
vn -0.6711 -0.5927 -0.4453
vn -0.9635 -0.2307 -0.1357
vn 0.0845 -0.7502 -0.6558
vn -0.9758 -0.1885 -0.1109
vn 0.0834 -0.7507 -0.6554
vn -0.6923 0.2036 -0.6923
vn 0.9067 -0.3387 -0.2513
vn 0.5002 -0.1471 -0.8533
vn 0.2688 -0.1195 0.9558
vn -0.6746 0.2998 -0.6746
vn 0.9309 -0.2934 -0.2175
vn -0.1790 -0.9399 0.2909
vn -0.0000 -0.9778 0.2095
vn -0.0000 0.0555 -0.9985
vn 0.4685 -0.6247 0.6247
vn -0.5472 -0.3219 0.7726
vn 0.2900 -0.6767 0.6767
vn 0.9090 -0.2174 -0.3557
vn 0.8446 -0.4607 -0.2730
vn 0.6674 0.4767 -0.5721
vn 0.9271 -0.1545 -0.3416
vn 0.5236 -0.3061 -0.7951
vn 0.5145 -0.2401 -0.8232
vn 0.4260 -0.4848 0.7639
vn -0.3714 0.3268 0.8691
vn 0.6949 0.4811 -0.5345
vn 0.7469 -0.5048 0.4327
vn 0.7605 -0.4492 0.4689
vn 0.1831 0.4186 0.8895
vn 0.3342 -0.6015 0.7256
vn -0.1302 0.2343 0.9634
vn -0.3136 -0.7128 -0.6273
vn -0.1697 0.7502 -0.6391
vn -0.5731 -0.1875 -0.7977
vn -0.2717 0.8693 -0.4129
vn -0.9355 -0.1285 -0.3292
vn -0.7521 0.3070 -0.5832
vn -0.8018 0.5345 -0.2673
vn -0.9129 0.3651 -0.1826
vn 0.3572 0.9127 -0.1984
vn 0.5107 0.8511 -0.1216
vn 0.1681 0.9782 -0.1223
vn -0.5724 -0.5585 -0.6004
vn -0.9923 -0.0000 -0.1240
vn -0.3156 0.8586 -0.4040
vn 0.2572 0.8744 -0.4115
vn -0.4165 0.8329 -0.3644
vn 0.9923 -0.0000 -0.1240
vn 0.3665 0.8552 -0.3665
vn 0.3483 -0.6497 -0.6757
vn 0.8242 -0.1374 -0.5494
vn 0.1778 -0.7114 -0.6800
vn -0.4982 0.8647 -0.0645
vn -0.1397 0.9674 -0.2114
vn 0.7672 0.6028 -0.2192
vn 0.6418 0.5311 -0.5532
vn -0.7798 -0.4679 0.4159
vn 0.7276 0.4851 -0.4851
vn -0.3672 -0.8050 -0.4660
vn -0.6019 -0.6523 -0.4607
vn 0.7860 0.0462 -0.6165
vn 0.6468 0.4042 -0.6468
vn 0.6181 -0.4857 -0.6181
vn 0.4171 0.6134 -0.6706
vn 0.9556 0.0448 -0.2912
vn 0.9342 -0.2491 -0.2553
vn 0.9363 -0.0000 -0.3511
vn -0.5959 -0.7945 0.1168
vn -0.9935 -0.0187 -0.1125
vn -0.4376 -0.8753 0.2059
vn 0.5094 -0.8491 0.1398
vn 0.9935 -0.0187 -0.1125
vn 0.3850 -0.8984 0.2114
vn -0.9553 0.0486 -0.2915
vn -0.9363 -0.0000 -0.3511
vn -0.7187 0.2114 -0.6624
vn -0.6667 0.3333 -0.6667
vn -0.6181 -0.4857 -0.6181
vn -0.4618 0.5705 -0.6792
vn -0.9342 -0.2491 -0.2553
vn 0.3468 -0.7804 -0.5203
vn 0.6103 -0.6135 -0.5011
vn -0.9357 0.2495 -0.2495
vn -0.3912 -0.7510 -0.5320
vn 0.5743 0.1841 -0.7977
vn 0.5618 0.2750 -0.7802
vn -0.5743 0.1841 -0.7977
vn -0.5606 0.2820 -0.7786
vn 0.9407 0.1881 -0.2822
vn 0.3496 -0.7745 -0.5271
vn 0.0598 0.9930 0.1017
vn -0.0551 0.9985 -0.0061
vn -0.0481 0.9987 -0.0180
vn 0.0704 -0.8802 -0.4694
vn 0.6667 -0.6667 -0.3333
vn -0.6612 0.4572 -0.5948
vn -0.2697 -0.5794 -0.7692
vn -0.6752 0.4213 -0.6055
vn -0.9962 0.0195 -0.0846
vn 0.0069 0.9938 0.1112
vn -0.0551 0.9985 0.0061
vn -0.9939 -0.0000 -0.1104
vn -0.7573 -0.5965 -0.2661
vn -0.6968 0.4928 -0.5212
vn -0.7881 0.3263 -0.5220
vn -0.6661 -0.5661 -0.4856
vn -0.9531 -0.2978 -0.0546
vn -0.7116 0.4744 -0.5183
vn -0.0636 0.9852 0.1589
vn 0.7784 0.3797 -0.4999
vn 0.7632 0.4084 -0.5007
vn 0.6495 -0.5932 -0.4756
vn 0.6995 -0.6731 -0.2400
vn 0.6526 0.5438 -0.5277
vn 0.9965 -0.0000 -0.0830
vn 0.9541 -0.2981 -0.0298
vn 0.6429 0.4995 -0.5807
vn 0.2578 -0.5824 -0.7710
vn 0.6752 0.4213 -0.6055
vn -0.6295 -0.6878 -0.3614
vn -0.1836 -0.9077 -0.3774
vn -0.6976 -0.7133 -0.0682
vn -0.7490 -0.6573 -0.0841
vn 0.7788 -0.6018 -0.1770
vn -0.7472 0.1494 -0.6476
vn -0.7466 0.1702 -0.6431
vn 0.0408 -0.9917 -0.1223
vn -0.9841 -0.0306 -0.1751
vn 0.3805 -0.9219 -0.0732
vn -0.1400 0.9802 0.1400
vn 0.4364 0.8729 0.2182
vn -0.0000 -0.9899 -0.1414
vn -0.9452 0.2233 -0.2382
vn -0.0545 -0.9952 -0.0818
vn -0.0000 -0.9955 -0.0948
vn -0.0000 0.9923 0.1240
vn 0.1098 0.9879 0.1098
vn -0.0504 -0.9959 -0.0756
vn 0.9903 -0.1073 -0.0878
vn -0.0000 -0.9962 -0.0866
vn 0.7472 0.1494 -0.6476
vn 0.7456 0.1931 -0.6378
vn 0.9863 0.0137 -0.1644
vn 0.9937 -0.0759 -0.0828
vn -0.2245 -0.8401 -0.4938
vn 0.6447 -0.2039 -0.7368
vn -0.7909 -0.5712 -0.2197
vn -0.9901 0.0093 -0.1401
vn -0.4180 0.9058 0.0697
vn -0.7063 -0.0471 0.7063
vn -0.0000 0.9939 0.1104
vn -0.0990 0.9901 0.0990
vn 0.7185 -0.1468 -0.6799
vn 0.6742 -0.5013 -0.5423
vn -0.6940 -0.0738 -0.7162
vn -0.6569 -0.4710 -0.5887
vn 0.5151 0.8525 0.0888
vn 0.3368 0.9326 0.1295
vn 0.9967 -0.0630 -0.0516
vn 0.7040 -0.0939 0.7040
vn -0.9978 -0.0665 -0.0000
vn -0.2357 0.9428 0.2357
vn 0.1925 0.9623 0.1925
vn 0.9912 -0.1322 -0.0000
vn 0.7290 -0.6619 0.1744
vn 0.7871 -0.5488 0.2816
vn 0.7900 -0.5958 0.1448
vn -0.8777 -0.2365 -0.4168
vn -0.7676 -0.5652 -0.3022
vn -0.0111 0.9994 0.0333
vn -0.9183 0.3504 -0.1843
vn -0.0000 0.9993 0.0370
vn -0.9936 0.0279 -0.1094
vn 0.9822 0.1238 -0.1409
vn 0.9813 0.0662 -0.1806
vn 0.0111 0.9994 0.0333
vn 0.9274 0.3240 -0.1871
vn 0.8739 -0.1779 -0.4524
vn 0.7220 -0.6189 -0.3094
vn -0.2003 0.9014 -0.3839
vn 0.4712 0.8458 -0.2504
vn -0.1554 0.7889 -0.5946
vn -0.8112 0.2493 -0.5289
vn -0.8323 0.0199 -0.5539
vn -0.9652 0.2246 -0.1338
vn -0.0200 -0.9990 0.0400
vn -0.3160 -0.9480 0.0379
vn 0.9438 0.3301 -0.0127
vn 0.9643 0.2233 -0.1425
vn 0.3153 -0.9460 0.0757
vn 0.8112 0.2493 -0.5289
vn 0.8323 0.0199 -0.5539
vn 0.0421 0.9508 -0.3069
vn -0.4556 0.8670 -0.2019
vn -0.8581 -0.3631 0.3631
vn -0.8476 -0.4029 0.3453
vn -0.4411 0.7352 0.5147
vn -0.0000 0.9487 0.3162
vn 0.1821 0.9076 0.3784
vn 0.8601 -0.4717 -0.1942
vn 0.8141 -0.5674 -0.1234
vn -0.4148 0.5617 -0.7159
vn 0.3324 0.4259 -0.8415
vn 0.7436 0.6639 -0.0797
vn 0.3957 0.9084 -0.1349
vn -0.8866 0.4586 -0.0611
vn -0.9030 0.4195 -0.0927
vn 0.9282 0.3713 0.0253
vn -0.4630 0.8496 -0.2527
vn -0.6178 0.7597 -0.2031
vn -0.4364 0.8729 -0.2182
vn 0.8656 0.4676 -0.1791
vn 0.8174 -0.2895 -0.4981
vn 0.0755 0.9312 0.3565
vn 0.3963 0.7706 0.4991
vn -0.1478 0.8896 0.4322
vn -0.8323 0.5053 -0.2279
vn -0.8274 -0.2794 -0.4871
vn 0.9264 0.3737 -0.0467
vn 0.9948 -0.1007 0.0126
vn -0.7481 -0.6604 -0.0643
vn -0.8000 -0.6000 -0.0000
vn 0.9487 0.3162 -0.0000
vn -0.8631 0.4932 -0.1088
vn -0.5752 0.8078 -0.1289
vn 0.7488 0.0101 -0.6628
vn -0.9702 0.1712 -0.1712
vn -0.4869 -0.8662 -0.1124
vn -0.5678 -0.8228 -0.0241
vn -0.9744 -0.0000 -0.2249
vn -0.5908 -0.7764 -0.2194
vn -0.5852 -0.7802 -0.2211
vn 0.0927 0.9736 -0.2086
vn -0.7103 -0.2368 -0.6629
vn -0.6081 -0.4754 -0.6357
vn -0.5110 -0.7744 -0.3731
vn -0.9107 0.1401 -0.3885
vn -0.5282 -0.3279 -0.7832
vn 0.0957 0.9253 0.3669
vn -0.1361 0.9526 0.2722
vn 0.8826 0.4673 0.0519
vn 0.9983 -0.0000 0.0587
vn 0.0584 -0.9347 -0.3505
vn -0.5013 -0.7916 -0.3493
vn -0.6741 -0.6976 -0.2430
vn -0.9986 0.0238 -0.0476
vn 0.0995 -0.9456 -0.3097
vn -0.9988 -0.0000 -0.0499
vn -0.5901 -0.7789 -0.2124
vn -0.6110 -0.7637 -0.2083
vn -0.9862 -0.1644 -0.0183
vn -0.9687 -0.2422 -0.0538
vn -0.0000 -0.9985 -0.0555
vn 0.9857 -0.1643 -0.0365
vn 0.7475 -0.6484 -0.1441
vn 0.9698 -0.2424 -0.0269
vn 0.5421 -0.8131 -0.2121
vn 0.6884 -0.6845 -0.2398
vn 0.6121 -0.7652 -0.1996
vn 0.9986 0.0238 -0.0476
vn 0.9988 -0.0000 -0.0499
vn 0.4961 -0.7854 -0.3701
vn -0.0614 -0.9356 -0.3477
vn -0.0995 -0.9456 -0.3097
vn -0.8564 0.4995 -0.1308
vn -0.8811 0.4562 -0.1250
vn 0.9107 0.1401 -0.3885
vn 0.4082 -0.4082 -0.8165
vn 0.4973 -0.7853 -0.3688
vn -0.0485 0.9206 0.3876
vn 0.6484 -0.4322 -0.6267
vn 0.6976 -0.3240 -0.6391
vn -0.0000 0.9285 0.3714
vn -0.0000 -0.3939 0.9191
vn -0.4321 0.8815 -0.1901
vn -0.0160 0.9620 -0.2726
vn 0.2348 -0.9392 -0.2505
vn 0.4391 -0.8927 -0.1013
vn 0.9560 0.1627 -0.2441
vn 0.5868 -0.7824 -0.2086
vn 0.9467 0.2367 -0.2185
vn 0.8104 -0.5844 0.0417
vn 0.5872 -0.8074 0.0577
vn 0.7763 0.0664 0.6269
vn 0.7763 -0.3136 0.5468
vn 0.5151 0.4237 0.7450
vn -0.7998 0.0678 0.5964
vn -0.8048 0.0045 0.5935
vn -0.5184 0.4954 0.6970
vn -0.1294 -0.9573 -0.2587
vn -0.3257 -0.9211 -0.2134
vn 0.7707 -0.6367 -0.0251
vn 0.0874 -0.9611 -0.2621
vn 0.8320 -0.5546 -0.0139
vn 0.7715 -0.6172 -0.1543
vn 0.1204 -0.9631 -0.2408
vn -0.8013 -0.3268 -0.5011
vn -0.3528 -0.8518 -0.3872
vn -0.6732 -0.6732 -0.3060
vn 0.3108 0.9387 -0.1492
vn 0.3640 0.9177 -0.1589
vn 0.8475 0.5297 -0.0353
vn 0.8944 0.4472 -0.0000
vn 0.7055 0.7055 -0.0672
vn 0.6472 -0.7396 -0.1849
vn -0.4925 -0.8443 -0.2111
vn 0.9750 -0.2140 -0.0595
vn -0.1064 -0.9580 -0.2661
vn 0.9789 -0.1958 -0.0587
vn 0.9098 0.4003 0.1092
vn 0.5862 -0.7816 -0.2132
vn 0.8865 0.4432 0.1330
vn -0.7452 -0.6425 -0.1785
vn -0.7083 -0.6891 -0.1531
vn 0.6708 0.3411 -0.6586
vn 0.7319 -0.1945 -0.6531
vn -0.6789 0.3566 -0.6418
vn -0.7414 -0.2346 -0.6288
vn 0.1064 -0.9580 -0.2661
vn 0.7060 -0.6823 -0.1895
vn -0.9098 0.4003 0.1092
vn -0.9750 -0.2140 -0.0595
vn -0.8865 0.4432 0.1330
vn -0.9789 -0.1958 -0.0587
vn -0.6472 -0.7396 -0.1849
vn 0.4925 -0.8443 -0.2111
vn -0.5862 -0.7816 -0.2132
vn 0.7805 -0.6252 0.0078
vn 0.9482 -0.3161 0.0316
vn -0.3669 0.9005 -0.2335
vn -0.8935 0.4468 -0.0447
vn 0.7931 -0.4159 -0.4449
vn 0.2865 -0.9004 -0.3274
vn -0.1622 -0.9733 -0.1622
vn -0.7548 -0.6470 -0.1078
vn 0.6848 -0.6848 -0.2490
vn -0.0000 -0.9971 -0.0767
vn 0.2158 -0.9393 -0.2666
vn 0.2668 -0.9289 -0.2569
vn -0.6521 -0.7550 -0.0686
vn 0.8642 0.0142 -0.5029
vn -0.9983 0.0587 -0.0028
vn -0.9977 0.0673 0.0037
vn -0.4467 0.8933 -0.0496
vn 0.3934 0.9179 -0.0510
vn -0.5547 0.8321 -0.0000
vn 0.4961 0.8682 -0.0000
vn 0.9983 0.0587 -0.0028
vn 0.9977 0.0673 0.0037
vn -0.0000 -0.8321 -0.5547
vn -0.6211 -0.7722 0.1343
vn -0.7794 0.6235 0.0623
vn -0.5223 0.0816 0.8488
vn -0.5821 -0.8128 0.0220
vn -0.8405 -0.5348 0.0868
vn -0.7820 -0.6226 0.0296
vn 0.8405 -0.5348 0.0868
vn 0.7820 -0.6226 0.0296
vn -0.9555 0.0368 0.2926
vn 0.4498 0.8879 0.0969
vn -0.9642 0.1119 0.2405
vn -0.9465 -0.2436 0.2117
vn 0.7147 0.6292 -0.3054
vn 0.9242 -0.2464 -0.2918
vn 0.9536 -0.0000 -0.3011
vn 0.9012 -0.0563 -0.4298
vn 0.8258 -0.2552 -0.5030
vn 0.7757 0.5541 -0.3022
vn -0.1515 -0.9847 0.0856
vn 0.1409 -0.9863 0.0858
vn -0.1715 -0.9804 0.0969
vn 0.1586 -0.9826 0.0965
vn -0.7816 0.5437 -0.3058
vn -0.8469 -0.3321 -0.4152
vn -0.8497 -0.2781 -0.4480
vn -0.9536 -0.0000 -0.3011
vn -0.9242 -0.2464 -0.2918
vn -0.8102 0.4630 -0.3594
vn -0.9012 -0.0563 -0.4298
vn 0.9656 0.0999 0.2400
vn 0.9366 -0.2830 0.2066
vn 0.9582 0.0383 0.2834
vn -0.4952 0.8655 0.0749
vn 0.6140 0.1631 0.7723
vn 0.4673 -0.0126 0.8840
vn 0.7043 -0.2796 0.6525
vn 0.2835 -0.5793 -0.7642
vn -0.9368 -0.0610 0.3446
vn 0.9410 -0.0637 0.3322
vn -0.9883 -0.1520 0.0152
vn 0.9846 0.0370 0.1710
vn 0.9607 0.1310 0.2448
vn 0.7246 -0.6371 -0.2628
vn -0.9700 0.0404 0.2397
vn -0.9751 0.1330 0.1773
vn 0.0536 0.9979 0.0373
vn -0.0522 0.9970 0.0574
vn 0.3159 0.9478 0.0421
vn 0.6455 -0.7253 -0.2393
vn -0.0536 0.9979 0.0373
vn -0.0049 0.9989 0.0466
vn -0.8444 -0.5197 -0.1299
vn -0.7714 -0.4831 0.4141
vn -0.7791 -0.4486 0.4379
vn -0.6119 0.5853 0.5321
vn 0.0391 0.9195 0.3913
vn 0.1183 -0.9859 -0.1183
vn -0.9770 -0.0351 0.2104
vn -0.9638 0.1085 0.2435
vn -0.8964 -0.3823 0.2241
vn -0.2287 0.9718 0.0572
vn -0.0497 -0.9938 -0.0994
vn -0.2479 -0.9640 -0.0964
vn -0.9956 -0.0116 0.0926
vn -0.4499 -0.8930 -0.0136
vn 0.9252 -0.2721 0.2644
vn 0.2268 0.9718 0.0648
vn 0.7680 -0.6240 0.1440
vn 0.9664 0.1069 0.2337
vn 0.9779 -0.0333 0.2064
vn 0.5337 0.6945 0.4825
vn -0.1821 0.9374 0.2967
vn 0.1731 0.8277 0.5338
vn -0.1733 0.9044 0.3899
vn -0.3278 0.4280 0.8423
vn -0.8570 -0.4674 0.2170
vn -0.9020 -0.3798 0.2052
vn -0.8918 -0.4008 0.2101
vn -0.9105 -0.3502 0.2201
vn 0.9987 0.0454 -0.0227
vn 0.9885 0.1107 0.1030
vn 0.9923 -0.0153 0.1226
vn -0.5501 0.8251 0.1289
vn -0.9957 -0.0132 0.0921
vn -0.0000 -0.9880 -0.1544
vn -0.9949 0.0904 -0.0452
vn 0.8722 -0.4471 0.1982
vn 0.9041 -0.3845 0.1863
vn 0.8570 -0.4674 0.2170
vn 0.8859 -0.4089 0.2190
vn -0.1438 0.8393 0.5243
vn 0.2787 0.9012 0.3320
vn 0.3852 0.3742 0.8436
vn -0.5797 -0.7730 0.2577
vn -0.5629 -0.7841 0.2614
vn -0.6943 -0.5248 0.4925
vn 0.1197 -0.9578 0.2612
vn -0.9962 -0.0000 0.0866
vn -0.9512 -0.2973 0.0827
vn -0.8311 0.5541 0.0482
vn -0.9863 -0.1644 -0.0143
vn -0.9277 -0.1818 0.3262
vn -0.3457 0.8135 0.4677
vn -0.9206 -0.2166 0.3249
vn -0.3968 -0.0625 0.9158
vn 0.2911 0.0397 0.9559
vn -0.4036 0.1824 0.8965
vn 0.9634 0.2164 -0.1581
vn 0.9913 0.1183 -0.0582
vn 0.9471 0.2870 -0.1435
vn -0.9623 0.2220 -0.1569
vn -0.9965 0.0813 -0.0184
vn -0.9471 0.2870 -0.1435
vn 0.3965 -0.0656 0.9157
vn -0.2911 0.0397 0.9559
vn 0.4036 0.1824 0.8965
vn 0.9322 -0.1554 0.3268
vn 0.5433 0.6854 0.4848
vn 0.9206 -0.2166 0.3249
vn 0.7670 0.6392 0.0556
vn 0.9512 -0.2973 0.0827
vn 0.9922 -0.0899 0.0863
vn 0.9863 -0.1644 -0.0143
vn -0.0064 0.9990 0.0448
vn 0.9922 -0.0902 0.0861
vn -0.0000 -0.9398 0.3417
vn 0.5765 -0.7927 0.1982
vn 0.5797 -0.7730 0.2577
vn 0.9670 0.2417 -0.0806
vn 0.9457 0.3152 -0.0788
vn -0.6963 -0.6963 0.1741
vn -0.7754 -0.6092 0.1662
vn 0.7089 0.7040 0.0440
vn 0.9951 -0.0989 -0.0062
vn -0.9189 0.0891 0.3844
vn -0.8974 -0.2956 0.3276
vn 0.1512 -0.9854 0.0784
vn -0.1071 -0.9878 0.1131
vn -0.0259 -0.9966 -0.0777
vn -0.8941 -0.0889 0.4390
vn 0.2154 -0.9635 -0.1587
vn 0.4172 -0.0234 0.9085
vn 0.9463 0.2556 0.1977
vn 0.9581 0.2281 0.1731
vn -0.9565 0.2291 0.1807
vn -0.2717 0.2178 0.9374
vn 0.3935 -0.0624 0.9172
vn -0.4172 -0.0234 0.9085
vn 0.0130 -0.9992 -0.0389
vn 0.8873 -0.1474 0.4370
vn 0.0235 -0.9991 -0.0353
vn 0.8988 -0.2604 0.3525
vn 0.2973 -0.9279 0.2252
vn 0.2495 -0.9426 0.2218
vn -0.5562 0.6688 0.4933
vn 0.6882 -0.6882 0.2294
vn 0.7884 -0.5781 0.2102
vn 0.7405 -0.4653 0.4849
vn 0.8202 -0.5468 0.1682
vn 0.0733 -0.9532 0.2933
vn 0.8290 0.3838 0.4068
vn 0.7686 0.4903 0.4108
vn -0.1333 0.9333 -0.3333
vn 0.3914 0.9188 0.0510
vn 0.7044 0.7087 0.0394
vn -0.8789 -0.4736 -0.0568
vn -0.8590 0.5083 0.0610
vn -0.9951 0.0757 0.0643
vn -0.8569 -0.5142 -0.0361
vn -0.9593 0.1118 0.2592
vn -0.2759 0.9530 0.1254
vn -0.4851 0.8547 0.1848
vn -0.9026 -0.1303 0.4103
vn 0.0486 0.9170 0.3960
vn -0.4193 -0.1492 0.8955
vn -0.8378 0.1602 0.5219
vn -0.8682 -0.0000 0.4961
vn -0.8485 -0.2121 0.4848
vn -0.4470 -0.8940 0.0319
vn -0.8642 0.0960 0.4938
vn -0.6272 -0.4373 0.6445
vn -0.6447 -0.3684 0.6698
vn 0.6272 -0.4373 0.6445
vn 0.8378 0.1602 0.5219
vn 0.6447 -0.3684 0.6698
vn 0.8642 0.0960 0.4938
vn 0.8682 -0.0000 0.4961
vn 0.9262 -0.2315 0.2977
vn 0.6905 -0.7086 0.1454
vn 0.4333 -0.8666 0.2476
vn 0.4130 -0.1450 0.8991
vn -0.0806 0.9670 0.2417
vn 0.2621 0.9611 0.0874
vn 0.2860 0.9535 0.0953
vn 0.8844 -0.1304 0.4481
vn -0.9739 -0.2261 0.0174
vn -0.8891 -0.4563 0.0351
vn 0.9593 0.1118 0.2592
vn 0.9951 0.0757 0.0643
vn 0.8493 -0.5271 -0.0293
vn 0.8522 0.5144 0.0958
vn 0.8569 -0.5142 -0.0361
vn -0.4352 0.8704 0.2304
vn -0.3841 0.8934 0.2328
vn -0.3994 0.8985 0.1821
vn -0.7779 0.3214 0.5400
vn -0.6708 0.4590 0.5825
vn -0.6595 0.5798 0.4783
vn -0.6909 -0.6909 0.2126
vn -0.0733 -0.9532 0.2933
vn -0.6645 -0.1072 0.7395
vn -0.6643 -0.1044 0.7402
vn -0.3313 0.4000 0.8545
vn 0.0894 0.7347 0.6725
vn 0.1769 0.7018 0.6900
vn 0.5102 0.5102 0.6924
vn 0.1998 0.6995 0.6861
vn 0.8575 -0.0000 0.5145
vn 0.7658 0.2331 0.5993
vn 0.5929 0.5324 0.6042
vn 0.6773 0.3387 0.6531
vn 0.3424 0.9393 -0.0190
vn -0.9945 0.0876 0.0570
vn -0.9898 -0.1350 0.0450
vn -0.9491 -0.0158 0.3145
vn -0.9277 -0.2477 0.2792
vn 0.9889 0.1141 0.0951
vn -0.5938 -0.6526 0.4707
vn -0.9169 -0.2763 0.2880
vn -0.1768 -0.7316 0.6584
vn 0.1636 -0.7333 0.6600
vn -0.2542 -0.6661 0.7012
vn 0.2281 -0.6766 0.7002
vn 0.7759 -0.2637 0.5731
vn -0.9907 0.1334 0.0286
vn 0.9405 -0.0559 0.3352
vn 0.9397 0.0022 0.3420
vn 0.8784 -0.3454 0.3303
vn 0.9898 -0.1350 0.0450
vn 0.9945 0.0876 0.0570
vn -0.0000 0.9285 -0.3714
vn -0.6290 0.4390 0.6416
vn 0.5481 -0.4796 -0.6852
vn -0.7524 0.2508 0.6091
vn -0.6881 0.3440 0.6389
vn 0.3109 -0.7550 -0.5773
vn 0.5792 -0.4758 -0.6619
vn 0.6881 -0.3440 -0.6389
vn -0.0344 0.7484 0.6624
vn 0.3470 -0.8832 0.3154
vn -0.5385 -0.7936 0.2834
vn 0.6021 -0.7606 0.2430
vn 0.1891 -0.9456 0.2648
vn 0.7312 -0.3334 0.5951
vn 0.7268 -0.3590 0.5856
vn 0.3849 0.3791 0.8415
vn 0.8680 -0.1896 0.4589
vn -0.4071 -0.8481 0.3392
vn 0.6412 -0.7125 0.2850
vn -0.2453 -0.9197 0.3066
vn -0.4092 0.9109 0.0536
vn -0.6664 -0.7443 -0.0438
vn 0.5769 0.6057 -0.5480
vn 0.9573 -0.1457 0.2497
vn 0.8923 -0.4283 0.1428
vn 0.9725 0.2035 0.1131
vn -0.1789 0.0199 0.9837
vn 0.1644 0.0183 0.9862
vn -0.9573 -0.1457 0.2497
vn -0.9488 0.3089 0.0662
vn -0.1991 0.7436 0.6382
vn -0.8616 0.1231 0.4924
vn -0.0136 0.7529 0.6580
vn -0.6480 -0.4698 0.5994
vn -0.6694 -0.4260 0.6086
vn -0.0000 -0.9701 0.2425
vn 0.0624 0.1717 0.9832
vn -0.7821 -0.4311 0.4499
vn -0.9592 0.1088 0.2608
vn -0.9678 -0.0606 0.2442
vn -0.8739 0.1939 0.4458
vn -0.0000 0.9990 0.0454
vn -0.8584 0.2263 0.4604
vn 0.3628 -0.6684 -0.6493
vn -0.0779 -0.8280 -0.5553
vn 0.2983 -0.7636 -0.5727
vn -0.1263 -0.7936 -0.5952
vn 0.9787 -0.1957 -0.0612
vn -0.1050 -0.9454 0.3086
vn -0.0232 0.7184 0.6952
vn -0.0294 0.7068 0.7068
vn -0.4266 -0.8280 0.3638
vn -0.0000 -0.9363 0.3511
vn -0.2402 -0.1373 0.9610
vn 0.2230 -0.1274 0.9664
vn -0.1736 -0.2136 0.9614
vn 0.1548 -0.2143 0.9644
vn -0.2411 0.1072 0.9646
vn 0.2236 0.1076 0.9687
vn -0.2425 -0.0000 0.9701
vn -0.4652 -0.8588 -0.2147
vn 0.4107 -0.8846 -0.2211
vn 0.1030 -0.9270 0.3605
vn 0.4266 -0.8280 0.3638
vn 0.0859 0.5917 0.8016
vn 0.0294 0.7068 0.7068
vn -0.9787 -0.1957 -0.0612
vn -0.0000 -0.9545 0.2983
vn 0.3135 -0.5674 -0.7614
vn -0.3628 -0.6684 -0.6493
vn -0.3634 -0.8799 0.3061
vn -0.3696 -0.6570 -0.6570
vn 0.1894 -0.6943 -0.6943
vn 0.8444 0.2531 0.4721
vn 0.8584 0.2263 0.4604
vn 0.9592 0.1088 0.2608
vn 0.9678 -0.0621 0.2440
vn 0.3015 -0.9045 0.3015
vn 0.9045 0.3015 0.3015
vn 0.6318 -0.3744 0.6787
vn -0.1922 0.9128 0.3603
vn -0.4784 -0.8534 -0.2069
vn -0.2673 -0.5345 0.8018
vn 0.2941 -0.0000 0.9558
vn -0.3158 -0.0499 0.9475
vn 0.2246 -0.0512 0.9731
vn 0.1155 0.5774 0.8083
vn -0.1874 0.1022 -0.9769
vn 0.4005 -0.8876 -0.2273
vn 0.1027 0.9759 0.1926
vn 0.4298 0.8987 0.0868
vn 0.6430 -0.7645 -0.0458
vn -0.6656 0.4992 -0.5547
vn 0.7845 -0.4493 0.4275
vn 0.5244 -0.3762 0.7638
vn -0.1393 -0.6271 0.7664
vn -0.9191 -0.0000 0.3939
vn -0.2576 -0.4162 0.8720
vn -0.9526 0.1361 0.2722
vn -0.1776 0.3316 0.9266
vn -0.1894 0.3247 0.9267
vn -0.7808 -0.1837 0.5971
vn 0.3438 0.1124 0.9323
vn 0.4061 0.0203 0.9136
vn 0.0986 -0.9371 0.3349
vn -0.9945 -0.0000 0.1047
vn 0.2680 0.2443 0.9320
vn -0.3880 0.1725 0.9054
vn 0.3174 0.2245 0.9213
vn -0.3906 -0.1302 0.9113
vn -0.1400 -0.1400 0.9802
vn 0.3269 0.1726 0.9292
vn -0.0878 -0.1317 0.9874
vn -0.3451 -0.1327 0.9291
vn -0.2182 0.8729 0.4364
vn -0.4264 0.6396 0.6396
vn -0.2691 -0.1449 0.9522
vn 0.1474 0.8847 0.4423
vn -0.9931 -0.0193 0.1157
vn -0.9929 -0.0288 0.1151
vn -0.3641 0.0405 -0.9305
vn 0.2457 0.4915 0.8355
vn 0.2813 0.0767 0.9565
vn 0.1210 0.5172 0.8473
vn -0.3151 0.0859 0.9452
vn 0.3100 0.1973 -0.9300
vn -0.3822 0.3903 -0.8376
vn -0.1374 0.5494 0.8242
vn -0.2784 0.1620 -0.9467
vn -0.2692 -0.4307 0.8614
vn 0.2653 -0.4312 0.8624
vn 0.1048 -0.3145 -0.9435
vn 0.3015 0.3015 0.9045
vn 0.9931 -0.0193 0.1157
vn 0.9929 -0.0288 0.1151
vn 0.2272 0.7791 0.5843
vn -0.0665 0.7982 0.5987
vn 0.3333 0.6667 0.6667
vn 0.2889 -0.1556 0.9446
vn 0.4205 -0.1577 0.8935
vn 0.3470 -0.1601 0.9241
vn 0.3880 0.1725 0.9054
vn -0.3133 0.2454 0.9174
vn 0.3906 -0.1302 0.9113
vn 0.1400 -0.1400 0.9802
vn -0.3269 0.1726 0.9292
vn 0.0878 -0.1317 0.9874
vn 0.9945 -0.0000 0.1047
vn -0.0986 -0.9371 0.3349
vn -0.1474 0.4423 0.8847
vn 0.1162 0.3487 0.9300
vn 0.1240 -0.0155 0.9922
vn 0.7944 -0.2336 0.5607
vn -0.2906 0.1327 0.9476
vn -0.1961 -0.5883 0.7845
vn 0.4993 -0.3795 0.7789
vn -0.3714 -0.0000 0.9285
vn -0.4056 0.0507 0.9126
vn -0.2910 0.1455 0.9456
vn -0.4798 -0.3322 0.8120
vn 0.1928 0.4097 0.8916
vn 0.3472 0.3665 0.8632
vn 0.3218 -0.1788 0.9298
vn 0.5317 -0.0197 0.8467
vn 0.0825 -0.4124 0.9073
vn 0.6238 -0.3743 0.6862
vn 0.9370 0.3123 0.1562
vn -0.5537 -0.1846 0.8120
vn -0.5516 -0.1602 0.8186
vn -0.1937 0.1785 0.9647
vn 0.1126 0.3941 0.9121
vn 0.3422 0.1711 0.9239
vn -0.7680 -0.1440 -0.6240
vn 0.1833 -0.6547 0.7333
vn 0.7231 -0.5062 0.4700
vn -0.1856 -0.3829 0.9050
vn 0.2568 -0.6048 0.7539
vn 0.0285 0.9992 0.0285
vn 0.8659 0.4329 -0.2506
vn 0.9522 -0.3052 0.0122
vn 0.1084 -0.9446 -0.3097
vn -0.6099 -0.0717 -0.7892
vn -0.4689 -0.8484 0.2456
vn 0.2514 0.1554 -0.9553
vn -0.4457 0.0810 0.8915
vn 0.1933 0.2380 -0.9518
vn 0.4364 0.2182 -0.8729
vn 0.2695 -0.2336 0.9342
vn 0.2357 -0.2357 0.9428
vn 0.2972 0.0864 -0.9509
vn 0.3926 -0.0833 0.9160
vn 0.2535 0.0876 -0.9634
vn -0.0379 -0.3790 0.9246
vn -0.5076 0.7614 0.4031
vn 0.4508 0.7889 0.4176
vn -0.4879 0.7757 0.4003
vn 0.4082 0.8165 0.4082
vn 0.0636 0.9221 -0.3816
vn -0.8778 0.4788 -0.0160
vn 0.4689 -0.8484 0.2456
vn -0.0926 0.9720 -0.2160
vn -0.0358 0.3755 -0.9261
vn 0.0886 -0.9308 0.3546
vn 0.0327 -0.9983 -0.0491
vn -0.8659 0.4329 -0.2506
vn -0.9522 -0.3052 0.0122
vn -0.0278 0.9992 0.0278
vn -0.5774 -0.5773 0.5774
vn -0.2936 -0.6459 0.7047
vn 0.1991 -0.4646 0.8628
vn -0.5467 -0.0951 0.8319
vn 0.0756 0.3889 0.9182
vn -0.5647 -0.1255 0.8157
vn -0.3578 -0.2683 0.8944
vn 0.1513 0.3909 0.9079
vn 0.1642 -0.0513 0.9851
vn -0.9228 0.0256 0.3845
vn -0.8835 0.3313 0.3313
vn -0.7714 0.4500 0.4500
vn -0.5955 0.1861 -0.7815
vn -0.1684 -0.2863 0.9432
vn 0.3443 0.2539 0.9039
vn 0.4146 0.3887 -0.8228
vn -0.3596 -0.3956 0.8451
vn 0.5419 -0.0079 0.8404
vn -0.6838 -0.4558 0.5698
vn 0.2776 0.2633 0.9239
vn 0.1588 -0.2077 0.9652
vn -0.0094 0.0702 0.9975
vn 0.0146 -0.1096 0.9939
vn -0.8078 0.0702 0.5853
vn -0.2822 0.9407 -0.1881
vn 0.5571 0.7428 -0.3714
vn -0.5013 -0.7916 0.3493
vn 0.0857 -0.9337 0.3475
vn 0.9267 0.3707 -0.0618
vn 0.9194 0.3900 -0.0511
vn 0.1117 0.9683 0.2235
vn -0.8745 0.2691 0.4036
vn -0.3156 -0.9468 -0.0631
vn -0.7913 0.5087 0.3391
vn -0.3562 -0.1632 0.9201
vn 0.0515 0.8932 0.4466
vn 0.8567 0.4613 0.2307
vn -0.3550 -0.1688 0.9195
vn 0.1761 0.8805 0.4402
vn -0.3117 -0.1679 0.9352
vn -0.3926 -0.1472 0.9079
vn 0.0874 0.9611 0.2621
vn -0.4150 -0.1383 0.8992
vn -0.9716 0.0769 -0.2237
vn 0.0883 0.9713 0.2208
vn 0.3678 -0.1379 0.9196
vn 0.9716 0.0769 -0.2237
vn -0.1761 0.8805 0.4402
vn 0.3505 -0.1623 0.9224
vn -0.0172 0.8943 0.4471
vn -0.8567 0.4613 0.2307
vn 0.3490 -0.1687 0.9218
vn 0.3117 -0.1679 0.9352
vn 0.8745 0.2691 0.4036
vn 0.3156 -0.9468 -0.0631
vn 0.8900 0.3461 0.2967
vn -0.9766 0.0360 -0.2121
vn 0.7903 0.4575 0.4076
vn -0.0901 -0.9349 0.3433
vn 0.8321 -0.0000 0.5547
vn -0.0954 0.8903 -0.4452
vn -0.6163 0.7044 -0.3522
vn -0.2593 0.1641 0.9518
vn -0.2670 0.1474 0.9524
vn 0.6304 0.1940 0.7516
vn 0.6838 0.4558 0.5698
vn -0.1338 -0.0721 0.9884
vn 0.1371 -0.1257 0.9826
vn -0.8618 0.4101 0.2985
vn -0.5247 -0.7470 0.4083
vn -0.9956 0.0664 0.0664
vn 0.2866 -0.8895 0.3558
vn -0.0242 -0.9282 0.3713
vn 0.9391 0.2974 -0.1722
vn -0.4678 -0.2399 0.8506
vn -0.4561 -0.2463 0.8552
vn -0.4027 0.5492 0.7323
vn -0.1406 0.9844 0.1055
vn -0.2691 0.9417 0.2018
vn -0.0205 0.9023 0.4306
vn 0.2722 0.6804 0.6804
vn -0.0705 -0.7053 -0.7053
vn -0.2875 -0.8213 0.4928
vn 0.2335 -0.8338 0.5003
vn -0.6728 -0.1794 0.7177
vn 0.5883 -0.1961 0.7845
vn -0.3855 0.3427 0.8567
vn 0.3170 0.3522 0.8806
vn -0.5300 0.8480 -0.0000
vn 0.0672 -0.7055 -0.7055
vn -0.2722 0.6804 0.6804
vn 0.0711 0.9960 0.0534
vn 0.2691 0.9417 0.2018
vn 0.0196 0.9020 0.4314
vn 0.4778 -0.2344 0.8466
vn 0.4561 -0.2463 0.8552
vn 0.4434 0.5378 0.7170
vn -0.9391 0.2974 -0.1722
vn 0.0742 -0.9197 0.3857
vn 0.0618 -0.9267 0.3707
vn -0.3733 -0.8614 0.3445
vn 0.9956 0.0664 0.0664
vn 0.4906 -0.7746 0.3991
vn 0.8743 0.3708 0.3132
vn 0.5202 -0.7707 0.3679
vn -0.5365 -0.7046 0.4644
vn -0.7797 -0.0309 0.6253
vn -0.0000 0.9701 0.2425
vn -0.7683 0.5488 0.3293
vn -0.8624 0.2938 0.4122
vn -0.5686 -0.7108 0.4141
vn -0.5967 -0.6909 0.4082
vn -0.4143 -0.8426 0.3441
vn -0.4631 -0.1062 0.8799
vn -0.3737 0.0291 0.9271
vn -0.1005 0.7035 0.7035
vn -0.3227 0.3944 0.8604
vn -0.4847 0.6610 0.5728
vn 0.6508 -0.7593 -0.0000
vn -0.0000 0.3162 0.9487
vn -0.0767 -0.0000 0.9971
vn 0.0712 -0.0000 0.9975
vn 0.8000 0.6000 -0.0000
vn 0.3227 0.3944 0.8604
vn 0.1005 0.7035 0.7035
vn 0.4675 -0.1066 0.8776
vn 0.0447 -0.9989 -0.0149
vn 0.3725 0.0292 0.9276
vn 0.5686 -0.7108 0.4141
vn 0.5967 -0.6909 0.4082
vn 0.4143 -0.8426 0.3441
vn -0.0000 0.9615 0.2747
vn 0.7880 0.4948 0.3665
vn 0.8408 0.3342 0.4258
vn 0.6945 -0.4167 0.5865
vn 0.6382 0.1166 0.7610
vn 0.5583 -0.7117 0.4264
vn 0.8171 -0.0485 0.5744
vn -0.3094 -0.9283 0.2063
vn -0.8107 0.2252 0.5405
vn 0.6086 0.2375 0.7571
vn -0.4219 0.1925 0.8860
vn 0.5697 -0.7596 0.3138
vn -0.7445 -0.5747 0.3396
vn 0.5486 0.2494 0.7980
vn 0.5898 -0.1002 0.8013
vn 0.5487 -0.2297 0.8039
vn 0.7754 0.5539 0.3032
vn -0.3238 -0.2208 0.9200
vn -0.2577 0.5797 0.7730
vn -0.3083 -0.2220 0.9250
vn 0.1961 0.5883 0.7845
vn -0.6835 -0.2563 0.6835
vn -0.9224 0.3099 -0.2306
vn -0.9673 0.0760 -0.2418
vn -0.9363 0.3511 -0.0000
vn -0.7633 0.3379 0.5506
vn -0.3132 -0.1370 0.9397
vn -0.3487 -0.1162 0.9300
vn -0.0761 -0.1237 0.9894
vn -0.3156 -0.0631 0.9468
vn -0.0434 0.9991 -0.0000
vn 0.0416 0.9991 -0.0000
vn 0.0849 0.0479 0.9952
vn 0.3132 -0.1370 0.9397
vn 0.3487 -0.1162 0.9300
vn 0.0707 -0.1237 0.9898
vn 0.9224 0.3099 -0.2306
vn 0.9673 0.0760 -0.2418
vn -0.6114 -0.3409 -0.7142
vn 0.3156 -0.0631 0.9468
vn 0.3238 -0.2208 0.9200
vn 0.2577 0.5797 0.7730
vn 0.5376 -0.2464 0.8064
vn -0.1961 0.5883 0.7845
vn 0.3083 -0.2220 0.9250
vn -0.8254 0.4716 0.3103
vn -0.5900 -0.1142 0.7993
vn -0.0000 -0.9884 -0.1521
vn 0.2929 -0.3391 0.8940
vn -0.5664 -0.1999 0.7996
vn 0.3510 -0.2271 0.9084
vn -0.5697 -0.7596 0.3138
vn -0.4867 -0.8111 0.3244
vn 0.7445 -0.5747 0.3396
vn -0.6086 0.2375 0.7571
vn 0.4219 0.1925 0.8860
vn 0.3094 -0.9283 0.2063
vn 0.8018 0.2673 0.5345
vn 0.2723 0.8132 0.5144
vn 0.9274 0.2992 -0.2244
vn -0.4951 0.1130 0.8615
vn 0.5109 0.0180 0.8595
vn -0.4154 -0.1155 0.9023
vn 0.5953 -0.1410 0.7911
vn 0.6557 -0.0071 0.7550
vn -0.4280 -0.0948 0.8988
vn -0.4146 -0.1555 0.8966
vn 0.5401 0.2025 0.8169
vn 0.8522 0.3292 0.4067
vn 0.5225 -0.6029 0.6029
vn -0.3482 0.3482 0.8704
vn -0.4428 0.2421 0.8633
vn -0.8913 0.0836 0.4457
vn -0.0491 0.1841 0.9817
vn 0.3482 0.3482 0.8704
vn 0.4428 0.2421 0.8633
vn 0.6963 0.1741 0.6963
vn 0.0920 0.2415 0.9660
vn -0.5690 -0.1497 0.8086
vn 0.4315 -0.1172 0.8945
vn -0.6500 0.0386 0.7589
vn 0.4266 -0.1249 0.8958
vn -0.5228 0.0800 0.8487
vn 0.2689 -0.4706 0.8404
vn -0.5313 0.1328 0.8367
vn 0.4316 -0.1079 0.8956
vn -0.9677 0.0133 -0.2519
vn -0.3015 0.6562 -0.6917
vn 0.9710 -0.0607 0.2312
vn 0.9728 -0.0000 0.2316
vn 0.9486 -0.1371 0.2851
vn -0.0966 0.9656 0.2414
vn -0.3651 -0.1826 0.9129
vn 0.0611 -0.2036 0.9772
vn -0.0611 -0.2036 0.9772
vn 0.3641 -0.1972 0.9102
vn 0.0966 0.9656 0.2414
vn -0.9728 -0.0000 0.2316
vn -0.9710 -0.0607 0.2312
vn -0.9486 -0.1371 0.2851
vn 0.9628 0.0637 0.2626
vn -0.0335 0.9715 0.2345
vn -0.0404 0.9694 0.2423
vn -0.1612 -0.1948 0.9675
vn 0.0651 -0.2061 0.9764
vn 0.0164 0.9690 0.2464
vn -0.3457 0.1747 0.9219
vn -0.3503 -0.0701 0.9340
vn -0.0764 -0.0830 0.9936
vn -0.0966 0.2414 0.9656
vn -0.1787 0.0423 0.9830
vn -0.0921 0.1477 0.9847
vn 0.1695 0.1462 0.9746
vn 0.1433 0.1584 0.9769
vn -0.1148 0.1590 0.9806
vn -0.0000 0.1280 0.9918
vn -0.0000 -0.0570 0.9984
vn 0.3434 0.2092 0.9156
vn 0.3503 -0.0701 0.9340
vn 0.0710 -0.0832 0.9940
vn -0.0000 0.1366 0.9906
vn 0.0335 0.9715 0.2345
vn -0.0154 0.9691 0.2461
vn 0.1610 -0.2013 0.9662
vn 0.0404 0.9694 0.2423
vn -0.8729 -0.4364 0.2182
vn -0.9325 -0.3055 0.1929
vn -0.8383 0.4367 0.3263
vn -0.5338 -0.6493 0.5417
vn -0.9628 0.0637 0.2626
vn -0.3081 0.6931 0.6517
vn -0.0326 0.6006 0.7989
vn -0.1599 0.7517 0.6398
vn -0.6126 0.5201 0.5952
vn 0.6629 0.0116 0.7486
vn -0.4180 -0.0662 0.9060
vn 0.6120 0.2486 0.7507
vn -0.4054 0.1639 0.8993
vn 0.6062 -0.0560 0.7933
vn -0.3299 -0.1258 0.9356
vn -0.6599 0.0332 0.7507
vn 0.4180 -0.0679 0.9059
vn -0.5680 -0.0613 0.8207
vn 0.3345 -0.1259 0.9340
vn -0.6120 0.2486 0.7507
vn 0.4054 0.1639 0.8993
vn 0.6061 -0.5522 0.5724
vn -0.5831 0.6784 0.4470
vn -0.1174 0.4261 0.8970
vn -0.4954 -0.2983 0.8158
vn -0.3536 0.1149 0.9283
vn -0.1113 0.4287 0.8966
vn -0.7719 -0.0000 0.6357
vn -0.7656 -0.1276 0.6305
vn 0.1283 -0.1236 0.9840
vn 0.1289 -0.0781 0.9886
vn -0.7814 -0.1037 0.6154
vn 0.2099 -0.0265 0.9774
vn 0.0905 -0.0000 0.9959
vn -0.6658 -0.3995 0.6302
vn -0.5131 -0.6718 0.5343
vn 0.1479 0.1578 0.9763
vn 0.2771 -0.3198 0.9061
vn -0.6295 -0.0403 0.7759
vn 0.1876 0.1126 0.9758
vn 0.0333 0.9989 0.0333
vn -0.3084 0.5443 0.7801
vn 0.0476 0.9988 0.0119
vn -0.0333 0.9989 0.0333
vn 0.3244 0.4867 0.8111
vn -0.0476 0.9988 0.0119
vn 0.7656 -0.1276 0.6305
vn 0.7700 -0.0700 0.6341
vn -0.1283 -0.1236 0.9840
vn -0.1289 -0.0781 0.9886
vn 0.7814 -0.1037 0.6154
vn -0.2099 -0.0265 0.9774
vn 0.7498 -0.0000 0.6616
vn -0.0905 -0.0000 0.9959
vn 0.4515 -0.2278 0.8627
vn 0.2470 0.2277 0.9419
vn 0.1667 0.2825 0.9447
vn 0.6072 0.6319 0.4817
vn 0.5929 -0.6895 0.4160
vn 0.3225 -0.4233 -0.8466
vn -0.3867 0.4124 0.8249
vn 0.1157 -0.5674 0.8153
vn -0.2616 -0.4141 0.8718
vn -0.2827 -0.1790 0.9423
vn -0.9879 0.1098 0.1098
vn -0.0000 -0.6247 0.7809
vn 0.9879 0.1098 0.1098
vn -0.1220 -0.5692 0.8131
vn 0.2532 -0.4185 0.8722
vn 0.2744 -0.1774 0.9451
vn -0.5004 0.0040 -0.8658
vn 0.2556 0.1278 0.9583
vn -0.2882 -0.8152 0.5023
vn -0.7964 0.1707 0.5802
vn -0.4194 0.2784 0.8641
vn -0.3246 -0.2389 0.9152
vn -0.0000 -0.2095 0.9778
vn -0.0558 -0.1594 0.9856
vn -0.3016 -0.5014 0.8109
vn -0.9487 -0.0000 0.3162
vn -0.3833 0.2136 0.8986
vn -0.3037 0.4502 0.8397
vn 0.3810 0.2540 0.8890
vn 0.3208 0.4491 0.8340
vn 0.0405 0.4501 0.8921
vn 0.3016 -0.5014 0.8109
vn 0.9487 -0.0000 0.3162
vn 0.5860 0.5139 0.6266
vn 0.7148 -0.5080 0.4806
vn 0.2490 -0.7384 0.6268
vn -0.2078 0.4108 0.8877
vn -0.3440 -0.4836 0.8049
vn 0.6673 0.4131 0.6197
vn -0.0873 0.5526 0.8289
vn 0.9206 -0.3392 0.1938
vn 0.5330 0.0622 0.8439
vn -0.6396 0.4264 -0.6396
vn -0.5071 -0.1690 -0.8452
vn 0.1610 0.6979 0.6979
vn -0.3051 0.9474 0.0963
vn -0.6155 0.4924 -0.6155
vn 0.5840 -0.5172 0.6257
vn -0.4082 -0.8165 -0.4082
vn -0.0518 -0.7948 -0.6047
vn 0.4571 -0.2391 0.8567
vn 0.4319 -0.7918 0.4319
vn -0.1907 0.2331 0.9536
vn -0.2713 0.2374 0.9327
vn -0.0717 0.1640 0.9839
vn -0.0275 0.2256 0.9738
vn -0.3670 0.1529 0.9176
vn 0.9371 0.2791 -0.2094
vn -0.1576 0.4729 0.8669
vn -0.1679 0.4409 0.8817
vn 0.3049 0.7317 0.6097
vn 0.8940 0.4470 -0.0319
vn -0.2408 -0.1204 0.9631
vn -0.6615 -0.3230 0.6768
vn -0.2318 -0.4930 0.8386
vn -0.2920 -0.9323 0.2134
vn -0.4559 -0.7007 0.5488
vn -0.3855 0.1517 0.9101
vn -0.0000 -0.4921 0.8706
vn -0.0433 0.4134 0.9095
vn -0.0202 0.4487 0.8934
vn 0.0216 0.4137 0.9102
vn -0.0373 0.1643 0.9857
vn 0.2920 -0.9323 0.2134
vn 0.4559 -0.7007 0.5488
vn 0.3855 0.1517 0.9101
vn 0.0357 0.1643 0.9858
vn 0.6615 -0.3230 0.6768
vn 0.2318 -0.4930 0.8386
vn 0.1411 0.1628 0.9765
vn 0.0159 0.3225 0.9464
vn 0.3670 0.1529 0.9176
vn -0.0601 -0.9470 0.3157
vn 0.0574 -0.9471 0.3157
vn -0.1294 -0.7224 0.6793
vn -0.0282 0.1240 0.9919
vn 0.1238 -0.7220 0.6807
vn 0.0270 0.1240 0.9919
vn -0.8667 0.2703 -0.4194
vn -0.2844 0.0105 -0.9586
vn 0.3016 -0.2149 0.9289
vn -0.0000 -0.2983 0.9545
vn -0.5265 0.2494 -0.8128
vn 0.8506 -0.5136 0.1123
vn 0.1790 -0.5483 -0.8169
vn -0.5365 0.0383 0.8430
vn 0.6513 0.2664 -0.7105
vn -0.4649 0.1713 0.8686
vn 0.2829 -0.2699 0.9204
vn -0.2248 0.4995 0.8367
vn 0.1729 -0.3458 0.9222
vn 0.2408 -0.4815 -0.8427
vn -0.9529 -0.1271 0.2753
vn -0.5702 0.3386 0.7485
vn -0.2758 0.4160 0.8665
vn -0.2617 0.6281 0.7328
vn -0.0424 -0.2122 0.9763
vn -0.2352 -0.0588 0.9702
vn -0.0000 -0.6000 0.8000
vn 0.2726 -0.5773 0.7697
vn -0.0487 0.6815 0.7302
vn -0.1164 -0.5959 0.7946
vn -0.1059 -0.4234 0.8997
vn -0.1428 0.1500 -0.9783
vn -0.2562 0.1546 -0.9542
vn 0.5639 0.3264 0.7586
vn 0.2792 0.4084 0.8691
vn -0.0709 0.8036 0.5909
vn 0.2860 0.0953 0.9535
vn 0.5654 0.8245 -0.0236
vn -0.2068 0.5224 0.8272
vn 0.2745 0.3548 0.8937
vn -0.1999 0.4758 -0.8565
vn 0.1280 0.5296 0.8385
vn -0.2592 -0.4319 0.8639
vn -0.4730 -0.0676 -0.8785
vn -0.3780 -0.0261 -0.9254
vn 0.3644 -0.4165 0.8329
vn -0.1250 0.1428 -0.9818
vn 0.2083 -0.4374 -0.8748
vn -0.2577 0.3407 0.9042
vn -0.1370 -0.3914 0.9100
vn 0.0233 0.8282 0.5599
vn -0.9358 -0.2752 0.2202
vn 0.6015 0.5575 0.5722
vn -0.0191 -0.0957 0.9952
vn 0.5868 -0.5216 0.6194
vn -0.8441 -0.2167 0.4905
vn -0.8443 -0.1257 0.5209
vn 0.0877 -0.6417 0.7620
vn -0.2425 -0.9701 -0.0000
vn -0.5868 -0.5216 0.6194
vn 0.8441 -0.2167 0.4905
vn -0.0877 -0.6417 0.7620
vn -0.3216 0.1185 -0.9394
vn 0.2314 0.0463 0.9718
vn -0.7548 -0.6470 0.1078
vn -0.7288 -0.0455 0.6832
vn 0.8427 -0.2408 0.4815
vn -0.1144 -0.2024 0.9726
vn -0.9080 -0.4191 -0.0000
vn 0.0337 -0.3198 0.9469
vn -0.6552 0.5054 -0.5616
vn 0.5260 -0.8241 0.2104
vn 0.4471 -0.8764 0.1789
vn -0.1288 0.3022 0.9445
vn -0.7680 -0.6240 0.1440
vn -0.1109 0.2384 -0.9648
vn 0.8087 0.5882 -0.0000
vn 0.9594 0.2822 -0.0000
vn 0.1489 0.3127 0.9381
vn 0.0210 0.5999 0.7998
vn 0.0061 0.5812 0.8137
vn -0.9428 -0.2357 0.2357
vn -0.9569 -0.1645 0.2392
vn -0.1323 0.2013 0.9706
vn -0.1250 0.0709 -0.9896
vn 0.0768 -0.2688 0.9601
vn 0.1735 0.0578 0.9831
vn 0.1895 -0.2572 0.9476
vn 0.1958 0.0576 0.9790
vn -0.0109 -0.1856 0.9826
vn -0.0135 -0.2288 -0.9734
vn -0.0293 0.3284 0.9441
vn 0.0280 0.3284 0.9441
vn 0.0128 -0.1217 0.9925
vn -0.0598 0.3042 0.9507
vn -0.0440 -0.0716 0.9965
vn 0.0431 0.3159 0.9478
vn 0.0239 -0.2290 0.9731
vn -0.0749 -0.2284 0.9707
vn -0.1028 -0.1234 0.9870
vn -0.1015 -0.1421 0.9846
vn 0.0453 0.0634 0.9970
vn -0.4202 0.1548 -0.8941
vn -0.4288 0.2925 -0.8547
vn 0.4213 -0.1665 0.8915
vn -0.2585 0.2615 -0.9300
vn -0.9905 0.0861 -0.1077
vn 0.2336 0.2544 0.9385
vn -0.4292 0.4039 -0.8079
vn -0.3734 0.2694 -0.8877
vn -0.4796 0.5482 -0.6852
vn 0.8447 -0.2011 0.4961
vn -0.1384 -0.4613 0.8764
vn 0.4298 -0.3455 0.8342
vn 0.7254 -0.2073 0.6563
vn 0.1488 0.2790 0.9487
vn 0.0159 -0.1506 0.9885
vn -0.0071 0.0670 0.9977
vn 0.6861 -0.2421 0.6861
vn -0.7013 0.3831 -0.6011
vn 0.8111 -0.4867 0.3244
vn -0.0210 0.5999 0.7998
vn -0.0061 0.5812 0.8137
vn -0.4500 0.3937 0.8015
vn -0.4324 0.5241 0.7337
vn -0.6991 -0.6492 0.2996
vn 0.5747 0.2873 0.7663
vn -0.1858 0.8595 -0.4762
vn -0.7886 -0.0438 0.6134
vn 0.3043 -0.4138 0.8580
vn -0.1690 -0.5071 0.8452
vn 0.0691 -0.5830 0.8095
vn -0.3489 -0.3779 0.8576
vn -0.0749 -0.5240 0.8484
vn 0.5646 -0.1224 0.8163
vn 0.1597 -0.4351 0.8861
vn 0.1721 0.9680 -0.1828
vn -0.6654 0.2772 0.6931
vn -0.5948 0.4823 0.6431
vn -0.2022 0.6874 -0.6975
vn -0.4742 0.4149 0.7765
vn 0.6654 0.2772 0.6931
vn 0.5948 0.4823 0.6431
vn 0.5172 0.3879 0.7629
vn -0.2251 0.9285 -0.2954
vn 0.2891 0.7517 -0.5927
vn 0.4749 -0.6445 -0.5993
vn -0.7805 0.1494 0.6071
vn -0.1648 -0.4320 0.8867
vn 0.6924 0.1060 0.7136
vn 0.2402 -0.2679 0.9330
vn 0.5770 0.4747 0.6646
vn 0.5849 0.4549 0.6715
vn -0.0130 -0.5954 0.8034
vn -0.2926 -0.6159 0.7314
vn -0.1002 -0.5611 0.8216
vn -0.6376 -0.6223 0.4540
vn -0.6421 -0.3589 0.6774
vn 0.2926 -0.6159 0.7314
vn 0.0977 -0.6069 0.7887
vn 0.6644 -0.6165 0.4225
vn -0.0336 0.8905 -0.4537
vn 0.1081 -0.9193 0.3785
vn 0.8034 -0.1339 0.5802
vn 0.2349 0.9190 -0.3166
vn 0.2762 0.9206 -0.2762
vn 0.5331 -0.6453 0.5471
vn -0.4167 0.6180 0.6667
vn 0.3023 0.4383 0.8464
vn 0.5792 -0.4591 0.6736
vn -0.5774 -0.5774 -0.5773
vn 0.6506 -0.4337 0.6234
vn 0.6306 0.0772 0.7722
vn 0.7692 0.2517 0.5874
vn 0.4739 -0.6516 0.5924
vn 0.6969 0.3690 -0.6149
vn 0.8078 0.4839 -0.3366
vn 0.1733 0.9822 -0.0722
vn -0.6331 0.0904 0.7688
vn -0.7663 0.2873 0.5747
vn -0.5632 -0.5498 0.6169
vn 0.5630 0.4562 0.6892
vn 0.1622 0.9733 -0.1622
vn 0.5482 0.4796 0.6852
vn -0.3942 0.8817 0.2593
vn -0.5793 0.7448 0.3310
vn 0.2525 -0.3673 0.8952
vn -0.1658 -0.4470 0.8790
vn 0.6412 -0.0110 0.7673
vn 0.1847 -0.3919 0.9013
vn 0.1704 -0.5182 0.8381
vn -0.0991 -0.5682 0.8169
vn 0.0065 -0.4933 0.8698
vn -0.5229 0.8323 0.1841
vn 0.4687 0.8450 0.2575
vn 0.6005 -0.5720 0.5588
vn -0.0741 -0.5185 0.8519
vn 0.1062 -0.5577 0.8232
vn -0.0470 -0.5194 0.8533
vn -0.6515 -0.0045 0.7586
vn 0.7465 0.2412 0.6202
vn 0.3578 -0.2683 0.8944
vn -0.0134 0.7769 -0.6295
vn 0.6636 -0.1952 -0.7222
vn 0.5298 0.5298 -0.6623
vn 0.4381 -0.6134 0.6572
vn 0.6054 -0.4036 0.6861
vn 0.6651 -0.4495 0.5963
vn 0.6021 -0.3537 0.7158
vn 0.0653 0.7927 -0.6062
vn -0.6258 0.2577 -0.7362
vn 0.6583 0.2532 0.7089
vn -0.6208 -0.3651 -0.6938
vn 0.0068 -0.4756 0.8796
vn -0.5982 -0.4382 0.6709
vn -0.6418 -0.4355 0.6312
vn -0.6457 -0.4315 0.6300
vn 0.6207 -0.4509 0.6414
vn 0.0153 -0.4782 0.8781
vn 0.9346 -0.2516 -0.2516
vn -0.3138 0.5419 -0.7796
vn 0.1149 -0.4404 0.8904
vn 0.4221 -0.1319 0.8969
vn 0.7442 0.2481 0.6202
vn 0.3822 0.7312 -0.5650
vn 0.5071 -0.1690 0.8452
vn 0.2535 0.8238 -0.5070
vn -0.0587 0.4698 0.8808
vn 0.4276 -0.7302 0.5329
vn -0.5628 -0.7675 0.3070
vn 0.8025 0.3759 -0.4633
vn 0.3101 -0.9387 0.1509
vn 0.0519 0.4673 0.8826
vn -0.0539 0.8191 -0.5712
vn 0.2393 0.3988 -0.8853
vn 0.8274 -0.3971 -0.3971
vn -0.3134 -0.3403 0.8865
vn -0.3801 -0.1521 0.9123
vn -0.7551 0.3171 0.5739
vn 0.1662 0.8281 -0.5354
vn 0.1516 0.8339 -0.5307
vn -0.2327 0.8572 -0.4595
vn -0.0081 0.8660 -0.5001
vn -0.1717 0.8038 -0.5697
vn 0.1250 0.3959 0.9098
vn 0.7345 0.5509 -0.3963
vn 0.3440 0.8943 -0.2860
vn 0.8143 0.1300 -0.5658
vn -0.2626 0.8626 -0.4323
vn 0.4034 0.7636 -0.5042
vn 0.4681 0.7734 -0.4274
vn -0.0467 -0.2398 0.9697
vn -0.2742 0.9323 -0.2358
vn -0.7076 0.6191 -0.3405
vn -0.8271 0.1152 -0.5501
vn 0.2590 0.8452 -0.4676
vn -0.1161 0.4231 0.8986
vn 0.0577 -0.2416 0.9686
vn -0.3268 0.7106 -0.6232
vn -0.6575 0.6780 -0.3287
vn 0.4162 -0.1015 0.9036
vn -0.7530 0.2953 -0.5880
vn 0.9496 0.2904 0.1177
vn -0.7539 0.2864 -0.5913
vn 0.8154 0.3706 -0.4447
vn -0.3737 -0.1139 0.9205
vn 0.1820 -0.3585 0.9156
vn -0.0169 -0.3498 0.9367
vn -0.1593 -0.3525 0.9222
vn 0.0168 -0.3505 0.9364
vn 0.6621 0.2053 0.7208
vn 0.4596 -0.0317 0.8875
vn -0.0045 -0.4145 0.9100
vn 0.1837 -0.3789 0.9070
vn -0.0269 -0.4035 0.9146
vn -0.0249 -0.4259 0.9044
vn -0.1849 -0.3936 0.9005
vn 0.0282 -0.4058 0.9135
vn -0.2560 -0.1635 0.9528
vn -0.6445 0.2603 0.7189
vn 0.2949 -0.1356 0.9458
vn 0.6560 0.2254 0.7204
vn 0.1915 0.5945 -0.7809
vn -0.2949 -0.1356 0.9458
vn -0.6560 0.2254 0.7204
vn -0.1761 0.5610 -0.8089
vn -0.1484 0.5528 -0.8200
vn -0.6165 -0.4486 0.6471
vn -0.6437 -0.2911 0.7078
vn -0.0763 0.1985 0.9771
vn -0.0398 0.2971 0.9540
vn -0.2394 0.2694 0.9328
vn -0.2603 0.1666 0.9510
vn 0.0905 0.3359 0.9375
vn 0.2290 0.3152 0.9210
vn 0.6165 -0.4486 0.6471
vn 0.6437 -0.2911 0.7078
vn 0.0763 0.1985 0.9771
vn 0.2603 0.1666 0.9510
vn 0.5901 0.6629 -0.4608
vn 0.7549 0.2145 0.6198
vn -0.6737 0.6577 -0.3369
vn -0.7549 0.2145 0.6198
vn -0.0286 -0.2797 0.9597
vn 0.3003 -0.1612 0.9401
vn 0.1280 -0.3328 0.9343
vn 0.1782 -0.3157 0.9320
vn -0.1280 -0.3328 0.9343
vn -0.1782 -0.3157 0.9320
vn -0.2986 -0.1530 0.9420
vn 0.6711 0.2320 0.7042
vn 0.7249 0.3020 0.6192
vn 0.2155 0.5620 -0.7986
vn 0.5271 0.6427 -0.5560
vn 0.3821 0.5196 -0.7642
vn 0.1069 0.5591 -0.8222
vn -0.1700 0.5269 -0.8328
vn -0.1157 0.5246 -0.8435
vn 0.0566 0.4530 -0.8897
vn -0.1710 0.5255 -0.8334
vn -0.5411 0.6254 -0.5622
vn -0.6711 0.2320 0.7042
vn -0.7249 0.3020 0.6192
vn -0.1369 -0.3602 0.9228
vn -0.0315 -0.3408 0.9396
vn 0.1877 -0.3194 0.9289
vn -0.0000 -0.3590 0.9333
vn 0.1520 0.5414 -0.8269
vn -0.1876 0.4301 -0.8831
vn -0.7902 0.5348 -0.2993
vn -0.8238 0.3967 -0.4048
vn -0.7816 0.5456 -0.3023
vn 0.7739 0.5550 -0.3049
vn 0.7715 0.5580 -0.3057
vn -0.1877 -0.3194 0.9289
vn 0.0152 -0.3600 0.9328
vn 0.0317 -0.3609 0.9321
vn 0.1306 -0.3135 0.9406
vn -0.0000 -0.3387 0.9409
vn 0.2167 -0.1649 0.9622
vn 0.6919 0.1294 0.7103
vn 0.3059 -0.3441 0.8877
vn 0.0201 -0.4302 0.9025
vn -0.7726 0.0736 -0.6307
vn 0.2021 0.3937 -0.8968
vn -0.7439 0.1484 -0.6516
vn 0.0594 0.4664 -0.8826
vn 0.7647 0.0956 -0.6373
vn -0.1852 0.4127 -0.8918
vn 0.7439 0.1484 -0.6516
vn -0.0655 0.4670 -0.8818
vn -0.3424 -0.3302 0.8796
vn -0.0201 -0.4302 0.9025
vn -0.2302 -0.1580 0.9602
vn -0.6919 0.1294 0.7103
vn 0.8706 0.4921 -0.0000
vn 0.6007 0.5435 -0.5864
vn -0.6007 0.5435 -0.5864
vn -0.8706 0.4921 -0.0000
vn -0.1358 -0.3519 0.9261
vn 0.5911 -0.4062 0.6968
vn 0.6190 -0.3663 0.6948
vn 0.3593 -0.4763 0.8025
vn -0.5867 -0.4080 0.6995
vn -0.5983 -0.3922 0.6987
vn -0.3593 -0.4763 0.8025
vn 0.1346 -0.3426 0.9298
vn 0.2132 -0.2005 0.9562
vn 0.1623 0.5163 -0.8409
vn 0.1502 0.5138 -0.8446
vn -0.1303 0.5069 -0.8521
vn -0.1623 0.5163 -0.8409
vn -0.2253 -0.2052 0.9524
vn 0.4948 -0.3288 0.8044
vn 0.2553 -0.4247 0.8686
vn 0.4642 -0.3989 0.7908
vn -0.4398 -0.8864 0.1443
vn 0.5988 -0.4478 0.6640
vn 0.3444 -0.9092 0.2342
vn -0.5860 -0.4422 0.6790
vn -0.4842 -0.3540 0.8001
vn -0.2738 -0.4395 0.8555
vn -0.4642 -0.3989 0.7908
vn 0.4657 0.4745 -0.7469
vn 0.2228 0.4296 -0.8751
vn -0.1914 -0.2778 0.9414
vn -0.1767 -0.2836 0.9425
vn -0.7974 -0.5696 0.1994
vn -0.9178 -0.3239 0.2295
vn 0.8232 -0.5292 0.2058
vn 0.1818 -0.2756 0.9439
vn 0.1770 -0.2776 0.9442
vn 0.9178 -0.3239 0.2295
vn -0.4657 0.4745 -0.7469
vn -0.2228 0.4296 -0.8751
vn 0.6178 0.1038 0.7795
vn 0.2371 -0.2098 0.9486
vn 0.6043 -0.0967 0.7908
vn 0.2111 -0.4925 0.8443
vn 0.1177 -0.5403 0.8332
vn -0.2137 -0.5149 0.8302
vn -0.1339 -0.5576 0.8192
vn -0.2371 -0.2098 0.9486
vn -0.6178 0.1038 0.7795
vn -0.8944 0.4472 -0.0000
vn -0.6043 -0.0967 0.7908
vn -0.1813 -0.1791 0.9670
vn 0.1813 -0.1791 0.9670
vn 0.7276 -0.4851 0.4851
vn -0.7525 0.5380 -0.3798
vn -0.7281 0.2564 -0.6358
vn -0.5250 -0.8502 0.0399
vn 0.7281 0.2564 -0.6358
vn 0.4609 -0.8818 0.1002
vn 0.7405 0.5490 -0.3876
vn -0.7829 -0.4836 0.3915
vn 0.2870 -0.0459 0.9568
vn 0.8402 0.4643 -0.2801
vn 0.2411 -0.1072 0.9646
vn 0.1220 -0.1807 0.9759
vn -0.0000 -0.5767 0.8170
vn -0.1591 -0.5568 0.8153
vn 0.0417 -0.5497 0.8343
vn -0.2767 -0.2965 0.9141
vn 0.2147 -0.3918 0.8947
vn 0.1740 -0.4077 0.8964
vn -0.0657 -0.1517 0.9862
vn -0.7113 0.1773 -0.6801
vn -0.6347 0.3323 -0.6977
vn 0.7010 0.1626 -0.6944
vn 0.6079 0.3515 -0.7120
vn -0.2225 -0.3981 0.8899
vn -0.1909 -0.4093 0.8922
vn 0.0618 -0.1412 0.9881
vn 0.1629 -0.5496 0.8194
vn -0.0417 -0.5514 0.8332
vn 0.2767 -0.2965 0.9141
vn -0.2411 -0.1072 0.9646
vn -0.1220 -0.1807 0.9759
vn -0.8402 0.4643 -0.2801
vn -0.2870 -0.0459 0.9568
vn -0.9692 -0.0449 0.2423
vn 0.1851 0.3880 -0.9029
vn 0.7276 -0.0970 0.6791
vn 0.7030 -0.1081 0.7030
vn 0.0494 -0.1412 0.9887
vn -0.8926 -0.0638 0.4463
vn -0.0494 -0.1412 0.9887
vn -0.1851 0.3880 -0.9029
vn 0.1927 -0.1856 0.9635
vn 0.9670 -0.0806 0.2417
vn 0.0795 0.3696 -0.9258
vn 0.1431 -0.2390 0.9604
vn -0.5303 0.1729 -0.8300
vn -0.4831 0.2532 -0.8382
vn 0.0087 0.0694 -0.9976
vn 0.5127 0.1700 -0.8416
vn 0.4707 0.2439 -0.8479
vn -0.0137 0.0683 -0.9976
vn -0.1389 -0.2342 0.9622
vn -0.0877 0.3697 -0.9250
vn 0.0494 0.1412 -0.9887
vn 0.7351 0.0959 0.6712
vn 0.8849 0.3605 -0.2950
vn -0.3605 -0.9013 0.2403
vn 0.3919 -0.1016 0.9144
vn 0.5999 -0.0222 0.7998
vn -0.1919 -0.2056 0.9596
vn 0.4185 0.3524 -0.8370
vn 0.0323 0.3879 -0.9212
vn 0.0573 0.3673 -0.9283
vn 0.7033 -0.1042 0.7033
vn 0.2722 -0.1361 0.9526
vn 0.0134 -0.2472 0.9689
vn -0.2754 -0.1403 0.9510
vn -0.0305 -0.2411 0.9700
vn 0.0482 0.3855 -0.9215
vn -0.0306 0.3892 -0.9206
vn -0.0573 0.3673 -0.9283
vn 0.1919 -0.2056 0.9596
vn -0.3919 -0.1016 0.9144
vn -0.7670 0.0568 0.6392
vn -0.8849 0.3605 -0.2950
vn -0.7351 0.0959 0.6712
vn 0.2249 -0.8994 0.3748
vn 0.4589 0.2642 -0.8483
vn -0.1839 0.3814 -0.9059
vn -0.4062 0.3169 -0.8571
vn 0.2313 -0.1342 0.9636
vn -0.0658 -0.1486 0.9867
vn -0.0705 -0.1462 0.9867
vn 0.2269 -0.1385 0.9640
vn 0.2528 -0.2753 0.9275
vn -0.7159 -0.6819 0.1500
vn -0.0510 -0.3417 0.9384
vn -0.2528 -0.2753 0.9275
vn 0.6667 -0.6984 0.2603
vn 0.0828 -0.3468 0.9343
vn -0.2404 -0.1335 0.9615
vn 0.0617 -0.1485 0.9870
vn -0.2316 -0.1420 0.9624
vn 0.0658 -0.1462 0.9871
vn 0.5947 0.2679 -0.7580
vn -0.1770 0.4306 -0.8850
vn -0.4589 0.2642 -0.8483
vn 0.1543 -0.6172 -0.7715
vn 0.4866 0.4211 -0.7654
vn 0.5179 0.4216 -0.7443
vn 0.0984 -0.1458 0.9844
vn -0.7174 0.4591 -0.5240
vn -0.8395 0.3292 -0.4322
vn -0.6553 0.6171 -0.4356
vn 0.0953 0.3783 -0.9208
vn 0.7174 0.4591 -0.5240
vn 0.8395 0.3292 -0.4322
vn 0.6553 0.6171 -0.4356
vn -0.1023 0.3770 -0.9206
vn -0.8925 -0.0661 0.4462
vn -0.0984 -0.1458 0.9844
vn 0.8914 -0.0825 0.4457
vn 0.1930 -0.1787 0.9648
vn -0.1204 -0.2408 0.9631
vn 0.1905 -0.2381 0.9524
vn -0.4866 0.4211 -0.7654
vn -0.5179 0.4216 -0.7443
vn 0.1213 -0.2080 0.9706
vn 0.0605 -0.2421 0.9684
vn -0.0341 0.1366 -0.9900
vn 0.0304 0.1397 -0.9897
vn -0.0610 -0.2091 0.9760
vn 0.3912 -0.1164 0.9129
vn -0.1213 -0.2080 0.9706
vn -0.9688 -0.0519 0.2422
vn 0.0683 0.1853 -0.9803
vn -0.1941 -0.1438 0.9704
vn -0.1300 -0.1805 0.9749
vn -0.0705 -0.1435 0.9871
vn 0.7051 -0.0755 0.7051
vn 0.1904 -0.1113 0.9754
vn -0.0000 -0.1065 0.9943
vn -0.3707 -0.0618 -0.9267
vn -0.3007 0.0172 -0.9536
vn 0.3497 -0.0411 -0.9360
vn 0.3013 0.0180 -0.9534
vn -0.1904 -0.1113 0.9754
vn 0.0659 -0.1411 0.9878
vn 0.1308 -0.1453 0.9807
vn -0.0682 0.1875 -0.9799
vn 0.8926 -0.0638 0.4463
vn 0.1214 -0.2038 0.9714
vn -0.3912 -0.1164 0.9129
vn 0.9799 -0.0363 -0.1960
vn -0.1004 -0.2183 0.9707
vn -0.9780 0.0724 -0.1956
vn 0.4444 -0.1111 0.8889
vn 0.9583 0.2122 -0.1917
vn 0.2017 0.3410 -0.9182
vn 0.2343 0.3385 -0.9113
vn -0.1083 0.1956 -0.9747
vn 0.0985 -0.1407 0.9851
vn 0.0993 0.2619 -0.9600
vn -0.6187 -0.4842 -0.6187
vn -0.1000 -0.2361 0.9666
vn -0.0000 -0.2696 0.9630
vn -0.0000 -0.1580 0.9874
vn -0.0985 -0.1407 0.9851
vn -0.1999 0.3462 -0.9166
vn -0.2479 0.3435 -0.9058
vn 0.1084 0.1923 -0.9753
vn -0.4444 -0.1111 0.8889
vn -0.9583 0.2122 -0.1917
vn -0.3419 -0.8547 0.3907
vn 0.4953 0.2708 -0.8255
vn 0.5351 0.2576 -0.8046
vn 0.6558 0.0902 -0.7495
vn -0.9472 -0.0564 0.3157
vn -0.1301 -0.1743 0.9761
vn -0.2512 0.0227 -0.9677
vn 0.3950 -0.4690 -0.7899
vn -0.3887 -0.4275 0.8162
vn -0.3532 0.1570 -0.9223
vn 0.0588 0.2116 -0.9756
vn -0.3951 0.1794 -0.9009
vn -0.6937 -0.6821 0.2312
vn -0.3205 0.1984 -0.9263
vn 0.3532 0.1570 -0.9223
vn -0.0588 0.2116 -0.9756
vn 0.2206 0.0274 -0.9750
vn -0.3714 -0.5571 -0.7428
vn -0.9524 -0.3048 -0.0000
vn -0.7962 0.6051 -0.0000
vn 0.1301 -0.1743 0.9761
vn 0.9472 -0.0564 0.3157
vn -0.4953 0.2708 -0.8255
vn -0.5351 0.2576 -0.8046
vn -0.8061 0.1365 -0.5758
vn -0.3564 0.1188 -0.9267
vn -0.4205 0.0771 -0.9040
vn 0.4438 0.1233 -0.8876
vn 0.2635 -0.9526 0.1520
vn 0.1198 0.1438 -0.9823
vn 0.3945 0.2025 -0.8963
vn 0.6860 -0.7007 0.1960
vn 0.2964 0.2277 -0.9275
vn -0.4497 -0.8863 0.1108
vn 0.1260 -0.1368 0.9826
vn 0.3544 0.1124 -0.9283
vn 0.4085 0.0743 -0.9098
vn -0.4441 0.1169 -0.8883
vn -0.2791 0.0983 0.9552
vn 0.4472 -0.0000 0.8944
vn 0.2070 -0.1035 0.9729
vn 0.6963 0.1741 -0.6963
vn -0.1091 0.1536 -0.9821
vn -0.0358 0.1730 -0.9843
vn 0.1461 -0.1739 0.9739
vn 0.8932 -0.0532 0.4466
vn -0.3988 0.2077 -0.8932
vn 0.0790 0.2258 -0.9710
vn -0.2239 -0.2208 0.9493
vn 0.7001 0.1400 0.7001
vn 0.1747 0.2230 -0.9590
vn -0.2571 -0.0643 -0.9642
vn -0.2393 0.1336 -0.9617
vn -0.0000 -0.1182 0.9930
vn 0.0414 0.2305 -0.9722
vn 0.3261 -0.0278 0.9449
vn 0.1382 -0.1362 0.9810
vn 0.0243 -0.1896 0.9816
vn -0.1129 -0.2040 0.9724
vn 0.1668 0.0412 -0.9851
vn -0.8878 -0.3526 0.2959
vn -0.0424 0.0263 -0.9988
vn -0.3554 0.1155 -0.9275
vn 0.9571 -0.2476 0.1506
vn 0.3909 -0.1192 0.9127
vn 0.2051 -0.0988 0.9737
vn -0.0609 0.0293 -0.9977
vn -0.0373 -0.1917 0.9807
vn 0.1309 -0.2095 0.9690
vn 0.3783 0.2461 -0.8924
vn 0.9006 -0.3504 0.2573
vn -0.0263 0.0313 -0.9992
vn -0.9777 -0.2086 0.0261
vn -0.7935 0.5134 -0.3267
vn -0.1332 -0.1439 0.9806
vn -0.4500 -0.8863 0.1091
vn 0.3264 0.0286 -0.9448
vn -0.9697 0.0074 -0.2443
vn -0.8977 -0.4244 -0.1183
vn 0.0815 0.0385 -0.9959
vn 0.5837 0.1581 -0.7965
vn 0.2258 -0.2306 0.9465
vn 0.2581 -0.0361 -0.9654
vn 0.2296 0.1270 -0.9650
vn -0.1461 -0.1739 0.9739
vn 0.1091 0.1575 -0.9815
vn 0.0386 0.1737 -0.9841
vn 0.9780 -0.0724 0.1956
vn -0.8162 0.1943 -0.5441
vn -0.4472 0.0166 0.8943
vn -0.1294 -0.1294 0.9831
vn 0.6379 0.0850 -0.7654
vn 0.1078 0.2157 -0.9705
vn 0.1596 0.1233 -0.9794
vn -0.1065 0.2181 -0.9701
vn -0.1596 0.1233 -0.9794
vn 0.1219 -0.1857 0.9750
vn -0.6379 0.0850 -0.7654
vn -0.6276 0.1972 -0.7531
vn 0.9734 0.2049 0.1025
vn 0.8729 -0.4364 -0.2182
vn -0.5968 -0.3126 0.7389
vn 0.2981 -0.5963 -0.7454
vn 0.0613 -0.1882 0.9802
vn 0.0653 -0.1867 0.9802
vn 0.2357 0.2274 -0.9449
vn 0.2362 0.2271 -0.9448
vn -0.1154 0.1560 -0.9810
vn 0.2411 0.1072 -0.9646
vn -0.1224 -0.1632 0.9790
vn -0.0613 -0.1868 0.9805
vn 0.4399 0.1800 -0.8798
vn -0.5424 0.2096 -0.8136
vn -0.3414 0.0726 -0.9371
vn -0.2523 0.1298 -0.9589
vn 0.3290 -0.8662 -0.3760
vn -0.2001 -0.9527 -0.2287
vn -0.4159 -0.9024 0.1128
vn 0.2429 0.1440 -0.9593
vn 0.3447 0.0825 -0.9351
vn -0.1911 0.2258 -0.9553
vn 0.5474 0.1617 -0.8211
vn -0.4391 0.1896 -0.8782
vn 0.9470 0.0601 0.3157
vn 0.0470 -0.1588 0.9862
vn -0.2495 0.2208 -0.9429
vn -0.2362 0.2271 -0.9448
vn 0.1153 0.1602 -0.9803
vn -0.2411 0.1072 -0.9646
vn -0.0613 -0.1882 0.9802
vn -0.0653 -0.1867 0.9802
vn 0.5241 -0.3276 0.7861
vn -0.9643 0.2368 0.1184
vn -0.6667 -0.6667 -0.3333
vn -0.3714 -0.7428 -0.5571
vn -0.0623 -0.0452 0.9970
vn 0.1469 -0.1399 0.9792
vn 0.9477 -0.0451 0.3159
vn -0.9480 -0.0376 0.3160
vn 0.1209 -0.2245 0.9670
vn 0.5467 -0.1692 0.8201
vn 0.4001 0.1715 -0.9003
vn 0.6380 0.0820 -0.7656
vn -0.7106 -0.3102 0.6316
vn 0.4023 0.1365 -0.9053
vn 0.7469 0.0356 -0.6639
vn -0.0554 -0.0429 0.9975
vn -0.0376 0.1655 -0.9855
vn -0.2011 0.1074 -0.9737
vn -0.2092 0.0798 -0.9746
vn 0.1311 -0.1249 0.9835
vn 0.8936 0.0426 0.4468
vn 0.0475 -0.0499 0.9976
vn 0.0554 -0.0457 0.9974
vn 0.8942 -0.0224 0.4471
vn -0.3696 0.0990 -0.9239
vn 0.7048 -0.3328 0.6265
vn -0.3682 0.1315 -0.9204
vn -0.1209 -0.2245 0.9670
vn -0.5467 -0.1692 0.8201
vn -0.7469 0.0356 -0.6639
vn 0.6804 0.2722 -0.6804
vn 0.6197 0.2837 -0.7317
vn -0.9733 -0.1622 -0.1622
vn 0.3333 -0.6667 -0.6667
vn -0.0554 -0.0346 0.9979
vn -0.0654 0.1794 -0.9816
vn -0.9474 -0.0526 0.3158
vn -0.9437 0.1022 0.3146
vn -0.1414 0.0303 -0.9895
vn 0.2372 0.1322 -0.9624
vn 0.2512 0.0851 -0.9642
vn -0.9973 0.0739 -0.0000
vn 0.0554 -0.0346 0.9979
vn -0.8018 0.2673 -0.5345
vn 0.9733 -0.1622 -0.1622
vn -0.6190 0.3058 -0.7234
vn -0.3333 -0.6667 -0.6667
vn 0.0662 -0.1009 0.9927
vn 0.1734 -0.0622 0.9829
vn -0.9969 0.0146 -0.0767
vn -0.1156 0.1456 -0.9826
vn 0.2953 0.1400 -0.9451
vn 0.2967 0.1017 -0.9495
vn -0.0614 0.1795 -0.9818
vn -0.2423 0.0485 0.9690
vn -0.1308 -0.1433 0.9810
vn 0.1401 -0.1368 0.9806
vn -0.0703 -0.1640 0.9840
vn -0.0712 -0.0036 0.9975
vn 0.1555 0.1149 -0.9811
vn 0.0936 0.1606 -0.9826
vn 0.0948 -0.0000 -0.9955
vn -0.9862 -0.0196 0.1644
vn -0.6479 -0.1785 0.7405
vn -0.1411 0.0705 -0.9875
vn 0.9862 -0.0196 0.1644
vn 0.6479 -0.1785 0.7405
vn 0.1870 0.0351 -0.9817
vn 0.1867 0.0622 -0.9804
vn -0.1555 0.1149 -0.9811
vn -0.0936 0.1606 -0.9826
vn -0.0948 -0.0000 -0.9955
vn -0.1470 -0.1365 0.9797
vn 0.2147 -0.1431 0.9661
vn 0.2425 -0.0061 0.9701
vn 0.1156 0.1456 -0.9826
vn -0.2953 0.1400 -0.9451
vn -0.2967 0.1017 -0.9495
vn 0.0655 0.1770 -0.9820
vn -0.0662 -0.1009 0.9927
vn -0.1734 -0.0622 0.9829
vn -0.1518 -0.0585 0.9867
vn -0.1520 0.0194 0.9882
vn -0.2422 -0.0555 0.9686
vn 0.1408 -0.0915 0.9858
vn -0.5499 0.1306 -0.8249
vn 0.4454 0.0891 -0.8909
vn -0.7032 0.1055 -0.7032
vn -0.7071 -0.0000 -0.7071
vn 0.4472 -0.0000 -0.8944
vn -0.0000 -0.1724 0.9850
vn 0.9412 -0.1255 0.3137
vn -0.9312 -0.3298 0.1552
vn -0.0000 -0.0995 0.9950
vn -0.9412 -0.1255 0.3137
vn 0.9312 -0.3298 0.1552
vn 0.5499 0.1306 -0.8249
vn -0.4454 0.0891 -0.8909
vn 0.5545 0.0297 -0.8317
vn 0.3162 -0.0000 -0.9487
vn -0.1408 -0.0915 0.9858
vn 0.1518 -0.0585 0.9867
vn 0.2422 -0.0555 0.9686
vn 0.1520 0.0190 0.9882
vn -0.9793 0.0508 -0.1959
vn 0.0179 0.2509 -0.9678
vn -0.9566 0.1012 -0.2733
vn 0.2217 0.1675 -0.9606
vn 0.5521 -0.0966 0.8282
vn 0.8936 0.0426 -0.4468
vn 0.8942 0.0224 -0.4471
vn 0.1957 -0.0652 0.9785
vn 0.1734 -0.0698 0.9824
vn 0.2420 0.0691 -0.9678
vn -0.0622 0.0711 -0.9955
vn -0.8940 -0.0319 0.4470
vn 0.2415 0.0920 -0.9660
vn -0.0939 0.1408 -0.9856
vn -0.5545 -0.0277 0.8317
vn 0.0554 -0.0512 0.9971
vn 0.2168 -0.0379 0.9755
vn 0.4470 0.0335 0.8939
vn -0.0586 -0.0528 0.9969
vn 0.0985 0.1442 -0.9846
vn -0.3807 0.0177 -0.9245
vn -0.2420 0.0691 -0.9678
vn 0.0664 0.0711 -0.9953
vn -0.1957 -0.0652 0.9785
vn -0.1734 -0.0698 0.9824
vn -0.7994 0.0381 -0.5996
vn -0.2416 0.0863 -0.9665
vn -0.5521 -0.0966 0.8282
vn -0.7994 0.0400 -0.5995
vn 0.1911 -0.0593 0.9798
vn -0.0659 0.1411 -0.9878
vn 0.0618 0.1412 -0.9881
vn 0.1999 -0.1453 0.9690
vn -0.0117 -0.0933 0.9956
vn -0.2086 0.0927 -0.9736
vn -0.7055 0.0672 -0.7055
vn 0.0117 -0.0933 0.9956
vn -0.7035 0.1005 -0.7035
vn -0.1914 -0.0615 0.9796
vn -0.1999 -0.1453 0.9690
vn 0.2565 -0.0940 0.9620
vn 0.1951 -0.0998 0.9757
vn 0.2575 -0.0405 0.9654
vn -0.0944 0.0944 -0.9911
vn 0.2736 0.0912 -0.9575
vn -0.4456 0.0849 -0.8912
vn -0.2566 -0.0918 0.9622
vn -0.1952 -0.0976 0.9759
vn -0.2574 -0.0421 0.9654
vn 0.5490 -0.1430 0.8235
vn 0.6996 -0.1457 0.6996
vn -0.4049 -0.0780 0.9110
vn -0.2908 0.0902 0.9525
vn -0.3406 0.0880 0.9361
vn -0.3401 0.0729 0.9376
vn 0.0553 -0.0852 0.9948
vn 0.4456 0.0849 -0.8912
vn -0.2417 0.0833 0.9668
vn -0.9439 -0.3304 -0.0000
vn -0.2093 0.0488 -0.9766
vn -0.7067 0.0353 -0.7067
vn 0.4471 -0.0224 -0.8942
vn -0.0000 -0.0830 0.9965
vn -0.9991 0.0416 -0.0000
vn 0.9439 -0.3304 -0.0000
vn 0.2746 0.0240 -0.9612
vn 0.9998 0.0208 -0.0000
vn 0.3149 0.0900 -0.9448
vn 0.3161 0.0237 -0.9484
vn -0.4470 -0.0335 -0.8939
vn -0.0585 -0.0853 0.9946
vn 0.3639 0.1015 0.9259
vn 0.2735 0.0943 0.9572
vn 0.2711 0.0871 0.9586
vn 0.3620 0.0517 0.9308
vn 0.4049 -0.0780 0.9110
vn 0.2227 0.1379 -0.9651
vn 0.2073 0.1456 -0.9674
vn -0.6996 -0.1457 0.6996
vn -0.5490 -0.1430 0.8235
vn 0.8879 -0.1202 -0.4440
vn 0.5446 -0.1900 0.8169
vn 0.6915 -0.2091 0.6915
vn 0.6676 -0.1710 0.7246
vn 0.5479 -0.1565 0.8218
vn -0.0000 0.9487 -0.3162
vn -0.7064 -0.0442 0.7064
vn 0.3905 -0.2840 0.8757
vn 0.5087 -0.3391 0.7913
vn -0.5538 -0.0577 0.8307
vn 0.0524 -0.0840 0.9951
vn -0.0000 -0.1240 0.9923
vn -0.3714 0.0130 0.9284
vn -0.4060 0.0260 0.9135
vn -0.2850 0.6412 0.7125
vn 0.0555 -0.0127 0.9984
vn 0.0526 -0.0135 0.9985
vn -0.0090 -0.0723 0.9973
vn -0.2425 -0.0061 0.9701
vn 0.3966 -0.2609 0.8801
vn 0.0554 -0.0420 0.9976
vn -0.0067 -0.0333 0.9994
vn -0.0000 -0.0345 0.9994
vn 0.0065 -0.0324 0.9995
vn -0.0000 -0.0333 0.9994
vn 0.0090 -0.0723 0.9973
vn 0.2747 0.0034 0.9615
vn -0.0555 -0.0123 0.9984
vn -0.0554 -0.0388 0.9977
vn 0.4460 -0.0743 0.8920
vn -0.0524 -0.0829 0.9952
vn -0.0526 -0.0131 0.9985
vn -0.3905 -0.2840 0.8757
vn -0.6658 -0.1770 0.7248
vn -0.5087 -0.3391 0.7913
vn -0.5450 -0.1858 0.8176
vn -0.6922 -0.2045 0.6922
vn -0.5474 -0.1622 0.8210
vn -0.8935 0.0447 -0.4468
vn -0.8879 -0.1202 -0.4440
vn -0.1404 0.1170 -0.9831
vn 0.4890 -0.3217 0.8108
vn -0.5019 -0.3067 0.8087
vn -0.3953 -0.2658 0.8792
vn 0.4223 0.0110 0.9064
vn 0.1938 0.8237 0.5330
vn 0.4061 0.0047 0.9138
vn 0.8265 -0.1148 -0.5510
vn 0.8127 -0.2142 -0.5418
vn 0.3480 0.1326 -0.9281
vn 0.3499 0.0846 -0.9330
vn -0.1317 0.0379 -0.9906
vn -0.0405 -0.3641 -0.9305
vn -0.1413 0.0323 -0.9894
vn -0.9297 0.1992 0.3099
vn -0.9017 0.3109 0.3006
vn -0.8311 0.0485 0.5540
vn -0.9997 0.0250 -0.0000
vn -0.7935 0.3010 0.5290
vn 0.7061 0.0530 0.7061
vn 0.7998 0.2758 0.5332
vn 0.8262 0.1180 0.5508
vn 0.6830 0.2591 0.6830
vn 0.0985 0.1407 -0.9851
vn 0.1953 0.0930 -0.9763
vn -0.3698 0.0924 -0.9245
vn -0.8136 -0.2096 -0.5424
vn -0.8265 -0.1148 -0.5510
vn 0.9156 -0.2616 -0.3052
vn 0.9235 -0.2291 -0.3078
vn -0.1313 0.1172 -0.9844
vn 0.8321 -0.5547 -0.0000
vn 0.8517 -0.5241 -0.0000
vn 0.9575 -0.2736 0.0912
vn 0.7810 -0.5925 0.1975
vn 0.7153 -0.6003 -0.3577
vn -0.9795 0.2017 -0.0000
vn 0.9995 -0.0322 -0.0000
vn 0.9749 0.2228 -0.0000
vn -0.1227 -0.0280 -0.9920
vn -0.8165 -0.5715 -0.0816
vn -0.7454 -0.5526 -0.3727
vn 0.0313 -0.0118 -0.9994
vn -0.8517 -0.5241 -0.0000
vn -0.7046 0.0839 -0.7046
vn -0.0618 0.1397 -0.9883
vn -0.9133 -0.2706 -0.3044
vn -0.9245 -0.2241 -0.3082
vn 0.8228 -0.5298 -0.2057
vn 0.8632 -0.2620 -0.4316
vn -0.7001 -0.1400 -0.7001
vn -0.9013 0.0381 -0.4316
vn 0.8847 -0.3975 0.2436
vn -0.0433 0.0848 -0.9955
vn -0.7786 0.0761 0.6229
vn 0.7884 -0.1697 -0.5913
vn -0.0127 -0.0253 -0.9996
vn 0.0044 -0.0333 -0.9994
vn -0.0434 0.0089 -0.9990
vn -0.7044 0.0880 -0.7044
vn -0.9568 0.2187 0.1914
vn 0.9778 0.2095 -0.0000
vn -0.0433 -0.0839 0.9955
vn -0.9428 -0.2357 -0.2357
vn 0.8550 0.0756 0.5130
vn 0.0433 0.0839 -0.9955
vn 0.0434 -0.0164 -0.9989
vn -0.1819 -0.0473 0.9822
vn -0.6804 0.2722 0.6804
vn -0.7052 -0.0735 0.7052
vn 0.2081 0.1156 -0.9712
vn -0.9285 -0.3714 -0.0000
vn 0.1400 0.1400 -0.9802
vn -0.1735 -0.0521 0.9834
vn -0.9159 -0.2704 -0.2966
vn -0.8228 -0.5298 -0.2057
vn -0.6963 0.6963 -0.1741
vn -0.2424 0.0303 -0.9697
vn -0.5855 0.7451 0.3193
vn -0.7859 0.0754 0.6137
vn -0.7715 -0.6172 0.1543
vn -0.2422 0.0495 -0.9690
vn 0.6334 -0.1296 -0.7629
vn -0.7935 0.3010 -0.5290
vn -0.8242 0.1374 -0.5494
vn -0.8320 0.0069 -0.5547
vn 0.7070 -0.0177 -0.7070
vn 0.6830 0.2591 -0.6830
vn 0.8242 0.1374 -0.5494
vn 0.7998 0.2758 -0.5332
vn 0.7149 0.0817 0.6945
vn 0.0086 0.9802 -0.1978
vn 0.1731 0.0873 -0.9810
vn 0.3161 0.0329 -0.9482
vn -0.6334 -0.1296 -0.7629
vn 0.3156 0.0645 -0.9467
vn 0.3162 -0.0132 -0.9486
vn 0.3154 0.0710 -0.9463
vn 0.0621 0.0947 -0.9936
vn -0.0856 -0.0856 -0.9927
vn 0.3902 -0.2850 -0.8755
vn 0.3925 -0.2764 -0.8772
vn 0.0856 -0.0856 -0.9927
vn -0.3902 -0.2850 -0.8755
vn -0.3925 -0.2764 -0.8772
vn -0.3154 0.0710 -0.9463
vn -0.3162 -0.0132 -0.9486
vn -0.0621 0.0947 -0.9936
vn 0.2978 -0.0540 -0.9531
vn 0.2982 -0.0174 -0.9543
vn -0.3993 0.0376 -0.9160
vn -0.3465 0.1617 -0.9240
vn 0.5406 0.6126 0.5766
vn 0.0552 0.0925 -0.9942
vn 0.0555 0.0139 -0.9984
vn -0.4032 0.0901 -0.9107
vn -0.2418 -0.0786 -0.9671
vn -0.2415 0.0916 -0.9661
vn 0.1006 -0.1746 -0.9795
vn 0.9642 0.2652 -0.0000
vn 0.2735 -0.0923 -0.9574
vn 0.2735 0.0943 -0.9572
vn -0.1006 -0.1746 -0.9795
vn 0.4032 0.0901 -0.9107
vn -0.7070 -0.0177 -0.7070
vn 0.3492 0.1048 -0.9312
vn -0.0552 0.0925 -0.9942
vn -0.2979 -0.0528 -0.9531
vn -0.2982 -0.0174 -0.9543
vn -0.0555 0.0139 -0.9984
vn 0.2705 -0.0921 -0.9583
vn -0.6509 0.3906 -0.6509
vn -0.1925 0.1924 -0.9623
vn -0.2038 0.2870 -0.9360
vn 0.7775 0.1175 -0.6178
vn -0.3158 0.3158 -0.8947
vn 0.5051 0.3030 -0.8081
vn -0.2766 -0.0903 -0.9567
vn -0.5164 -0.0136 -0.8562
vn 0.4962 0.6007 -0.6268
vn -0.3810 0.2571 -0.8881
s 0
f 2//1 3//1 310//1
f 312//2 5//2 4//2
f 355//3 361//3 353//3
f 274//4 20//4 38//4
f 20//5 9//5 38//5
f 9//6 280//6 281//6
f 355//7 353//7 379//7
f 14//8 11//8 299//8
f 14//9 12//9 299//9
f 14//10 13//10 12//10
f 15//11 301//11 262//11
f 41//12 263//12 46//12
f 361//13 372//13 353//13
f 362//14 367//14 353//14
f 362//15 353//15 372//15
f 262//16 263//16 300//16
f 367//17 378//17 353//17
f 275//18 296//18 32//18
f 378//19 379//19 353//19
f 294//20 296//20 17//20
f 364//21 358//21 354//21
f 358//22 384//22 354//22
f 19//23 259//23 266//23
f 34//24 19//24 266//24
f 22//25 34//25 266//25
f 21//26 23//26 19//26
f 363//27 354//27 368//27
f 23//28 22//28 34//28
f 23//29 34//29 19//29
f 23//30 19//30 259//30
f 21//31 259//31 258//31
f 259//32 21//32 23//32
f 259//33 266//33 22//33
f 363//34 375//34 354//34
f 364//35 354//35 375//35
f 259//36 266//36 23//36
f 23//37 22//37 259//37
f 24//38 25//38 35//38
f 321//39 25//39 24//39
f 321//40 24//40 26//40
f 24//41 36//41 26//41
f 24//42 25//42 26//42
f 25//43 36//43 26//43
f 31//44 27//44 30//44
f 30//45 265//45 31//45
f 28//46 27//46 30//46
f 28//47 31//47 27//47
f 28//48 265//48 31//48
f 265//49 31//49 27//49
f 27//50 28//50 265//50
f 56//51 32//51 249//51
f 32//52 275//52 249//52
f 33//53 323//53 322//53
f 368//54 354//54 385//54
f 384//55 385//55 354//55
f 227//56 37//56 226//56
f 31//57 30//57 28//57
f 42//58 329//58 328//58
f 329//59 327//59 328//59
f 256//60 51//60 43//60
f 44//61 234//61 235//61
f 44//62 240//62 234//62
f 240//63 234//63 235//63
f 235//64 44//64 240//64
f 232//65 233//65 49//65
f 54//66 53//66 224//66
f 333//67 57//67 58//67
f 61//68 335//68 60//68
f 61//69 336//69 335//69
f 65//70 62//70 64//70
f 62//71 68//71 64//71
f 62//72 67//72 68//72
f 203//73 62//73 69//73
f 63//74 68//74 69//74
f 62//75 63//75 69//75
f 68//76 65//76 62//76
f 67//77 68//77 63//77
f 68//78 62//78 63//78
f 62//79 68//79 203//79
f 62//80 63//80 67//80
f 68//81 69//81 203//81
f 62//82 67//82 65//82
f 67//83 68//83 65//83
f 209//84 210//84 208//84
f 210//85 66//85 208//85
f 73//86 63//86 203//86
f 63//87 69//87 203//87
f 203//88 62//88 67//88
f 73//89 67//89 69//89
f 67//90 68//90 69//90
f 68//91 203//91 63//91
f 63//92 67//92 203//92
f 201//93 200//93 70//93
f 76//94 71//94 198//94
f 71//95 199//95 198//95
f 72//96 199//96 77//96
f 72//97 71//97 199//97
f 81//98 72//98 71//98
f 74//99 72//99 77//99
f 72//100 81//100 77//100
f 76//101 199//101 198//101
f 199//102 81//102 198//102
f 199//50 81//50 71//50
f 75//103 81//103 198//103
f 75//104 71//104 81//104
f 77//105 74//105 81//105
f 74//103 72//103 81//103
f 78//106 81//106 198//106
f 78//107 199//107 81//107
f 78//108 75//108 199//108
f 79//109 81//109 198//109
f 75//110 198//110 78//110
f 75//111 79//111 198//111
f 75//112 79//112 81//112
f 81//113 197//113 71//113
f 197//114 72//114 71//114
f 197//115 72//115 81//115
f 80//116 196//116 202//116
f 84//117 193//117 192//117
f 193//118 83//118 192//118
f 84//119 83//119 192//119
f 84//120 193//120 83//120
f 89//121 194//121 90//121
f 194//122 189//122 90//122
f 100//123 98//123 91//123
f 355//124 359//124 356//124
f 98//8 188//8 1//8
f 188//125 93//125 1//125
f 99//126 182//126 95//126
f 356//127 361//127 355//127
f 355//128 386//128 359//128
f 104//129 182//129 97//129
f 98//130 1//130 93//130
f 99//131 105//131 97//131
f 343//132 183//132 97//132
f 188//133 98//133 99//133
f 188//134 91//134 100//134
f 386//135 355//135 379//135
f 100//136 91//136 92//136
f 182//137 106//137 95//137
f 360//138 356//138 359//138
f 105//139 99//139 98//139
f 356//140 360//140 139//140
f 182//141 99//141 97//141
f 98//142 188//142 91//142
f 105//143 93//143 94//143
f 105//144 99//144 188//144
f 105//145 188//145 93//145
f 95//146 97//146 106//146
f 97//147 182//147 106//147
f 99//148 93//148 98//148
f 99//149 188//149 93//149
f 93//150 94//150 98//150
f 98//151 188//151 100//151
f 107//152 93//152 98//152
f 188//153 93//153 92//153
f 107//154 92//154 93//154
f 188//155 92//155 100//155
f 93//156 97//156 98//156
f 98//157 105//157 93//157
f 105//158 97//158 103//158
f 183//159 105//159 99//159
f 183//160 95//160 105//160
f 105//161 95//161 97//161
f 187//162 101//162 342//162
f 106//163 103//163 182//163
f 106//164 97//164 103//164
f 95//165 104//165 105//165
f 97//166 104//166 183//166
f 104//167 182//167 183//167
f 99//168 183//168 103//168
f 103//169 105//169 99//169
f 104//170 103//170 183//170
f 106//171 103//171 183//171
f 97//172 103//172 95//172
f 103//173 106//173 95//173
f 99//174 183//174 97//174
f 106//175 182//175 183//175
f 104//176 103//176 182//176
f 93//177 107//177 188//177
f 93//178 97//178 107//178
f 97//179 98//179 107//179
f 110//180 108//180 109//180
f 111//181 114//181 110//181
f 109//182 111//182 110//182
f 114//183 173//183 109//183
f 173//184 172//184 109//184
f 111//185 108//185 109//185
f 111//186 110//186 108//186
f 114//187 175//187 111//187
f 347//188 177//188 113//188
f 180//189 179//189 108//189
f 111//190 114//190 109//190
f 114//191 110//191 109//191
f 361//192 356//192 380//192
f 370//193 356//193 139//193
f 370//194 380//194 356//194
f 357//195 358//195 364//195
f 174//196 114//196 111//196
f 109//197 114//197 172//197
f 111//198 173//198 109//198
f 358//199 357//199 365//199
f 357//200 364//200 381//200
f 115//201 170//201 348//201
f 117//202 129//202 116//202
f 117//203 157//203 129//203
f 117//204 128//204 157//204
f 128//205 130//205 157//205
f 116//206 130//206 129//206
f 116//207 117//207 130//207
f 119//208 163//208 118//208
f 121//209 163//209 120//209
f 121//210 165//210 163//210
f 162//211 120//211 121//211
f 162//212 163//212 120//212
f 123//213 132//213 122//213
f 132//214 124//214 122//214
f 132//215 161//215 124//215
f 123//216 161//216 124//216
f 123//217 132//217 161//217
f 122//218 132//218 161//218
f 122//219 123//219 161//219
f 145//220 365//220 357//220
f 145//221 357//221 383//221
f 161//222 131//222 122//222
f 164//223 127//223 158//223
f 164//224 125//224 127//224
f 164//225 125//225 158//225
f 125//226 127//226 158//226
f 127//227 126//227 133//227
f 133//228 126//228 158//228
f 125//229 133//229 158//229
f 125//230 127//230 160//230
f 126//231 158//231 160//231
f 127//232 126//232 160//232
f 128//233 129//233 116//233
f 128//234 157//234 129//234
f 152//235 134//235 156//235
f 136//236 140//236 138//236
f 140//237 137//237 138//237
f 141//238 136//238 139//238
f 136//239 138//239 139//239
f 142//240 137//240 139//240
f 137//241 148//241 139//241
f 139//242 141//242 142//242
f 142//243 140//243 137//243
f 137//103 138//103 139//103
f 137//244 148//244 140//244
f 142//245 140//245 139//245
f 140//246 148//246 139//246
f 142//247 140//247 138//247
f 138//248 139//248 141//248
f 138//249 141//249 142//249
f 144//250 143//250 146//250
f 145//251 144//251 147//251
f 144//252 146//252 147//252
f 145//253 146//253 147//253
f 145//254 144//254 146//254
f 146//255 145//255 143//255
f 377//256 357//256 381//256
f 377//257 383//257 357//257
f 142//258 149//258 141//258
f 142//259 140//259 149//259
f 140//8 141//8 136//8
f 140//8 149//8 141//8
f 138//260 141//260 140//260
f 152//261 135//261 134//261
f 157//262 117//262 130//262
f 117//103 128//103 130//103
f 125//263 126//263 158//263
f 124//264 122//264 123//264
f 123//265 132//265 124//265
f 130//266 129//266 117//266
f 160//267 125//267 158//267
f 166//268 168//268 167//268
f 171//269 349//269 169//269
f 172//270 114//270 173//270
f 344//271 176//271 112//271
f 344//272 345//272 176//272
f 114//273 108//273 111//273
f 114//131 110//131 108//131
f 108//274 181//274 110//274
f 95//275 183//275 106//275
f 183//276 95//276 104//276
f 183//277 103//277 182//277
f 103//278 183//278 95//278
f 97//279 104//279 103//279
f 99//280 93//280 105//280
f 98//281 105//281 97//281
f 105//282 93//282 97//282
f 102//283 185//283 186//283
f 92//284 107//284 188//284
f 92//285 100//285 107//285
f 103//286 95//286 104//286
f 96//287 95//287 103//287
f 96//288 103//288 99//288
f 95//289 97//289 104//289
f 94//290 98//290 99//290
f 99//291 93//291 94//291
f 89//292 189//292 90//292
f 89//293 194//293 189//293
f 85//294 87//294 191//294
f 87//295 86//295 191//295
f 341//296 196//296 207//296
f 341//297 80//297 196//297
f 77//298 82//298 81//298
f 77//299 72//299 82//299
f 206//300 199//300 74//300
f 199//301 81//301 74//301
f 206//302 72//302 199//302
f 77//303 206//303 72//303
f 79//304 198//304 78//304
f 81//305 78//305 71//305
f 77//306 81//306 71//306
f 76//307 71//307 78//307
f 198//308 76//308 78//308
f 71//309 199//309 197//309
f 199//310 81//310 197//310
f 74//311 206//311 72//311
f 199//312 76//312 71//312
f 72//313 199//313 74//313
f 73//314 69//314 203//314
f 73//315 63//315 69//315
f 214//316 205//316 338//316
f 214//317 204//317 205//317
f 209//318 66//318 208//318
f 209//319 210//319 66//319
f 65//320 63//320 64//320
f 63//321 68//321 64//321
f 68//322 65//322 63//322
f 68//323 64//323 65//323
f 67//324 65//324 63//324
f 67//325 64//325 65//325
f 65//326 62//326 63//326
f 64//327 62//327 67//327
f 68//328 203//328 73//328
f 68//329 73//329 67//329
f 218//330 217//330 216//330
f 220//331 334//331 222//331
f 47//332 227//332 228//332
f 228//333 37//333 47//333
f 230//334 231//334 272//334
f 231//335 229//335 272//335
f 237//336 238//336 236//336
f 48//337 286//337 244//337
f 48//338 245//338 286//338
f 337//339 45//339 330//339
f 251//340 51//340 43//340
f 51//341 252//341 43//341
f 43//342 256//342 252//342
f 256//343 51//343 252//343
f 324//344 325//344 40//344
f 324//345 39//345 325//345
f 258//346 22//346 34//346
f 29//347 287//347 265//347
f 30//348 265//348 27//348
f 265//349 287//349 27//349
f 265//350 29//350 27//350
f 36//351 24//351 25//351
f 38//352 282//352 20//352
f 283//353 38//353 282//353
f 283//354 20//354 38//354
f 283//355 9//355 38//355
f 283//356 20//356 9//356
f 283//357 20//357 284//357
f 365//358 396//358 358//358
f 384//22 358//22 396//22
f 293//359 307//359 292//359
f 13//360 14//360 16//360
f 8//361 20//361 9//361
f 9//362 299//362 8//362
f 302//363 296//363 17//363
f 14//364 16//364 299//364
f 313//365 312//365 5//365
f 3//176 310//176 6//176
f 304//366 306//366 305//366
f 318//367 285//367 290//367
f 288//368 270//368 271//368
f 242//369 241//369 243//369
f 219//370 212//370 213//370
f 1886//371 1884//371 1887//371
f 1885//372 1887//372 1884//372
f 308//373 1882//373 1883//373
f 1886//374 1887//374 1881//374
f 1885//375 1881//375 1887//375
f 1884//376 1886//376 1876//376
f 1876//8 313//8 1884//8
f 1884//377 1875//377 1885//377
f 4//378 1875//378 1884//378
f 1882//379 312//379 1883//379
f 313//380 1883//380 312//380
f 1880//381 1873//381 1874//381
f 1873//382 1880//382 1872//382
f 1877//383 1871//383 1879//383
f 1877//19 1878//19 1871//19
f 1880//384 1874//384 1870//384
f 1877//385 1879//385 1869//385
f 308//386 1883//386 314//386
f 313//387 314//387 1883//387
f 1876//388 1886//388 1866//388
f 1867//373 1864//373 1868//373
f 2//373 1864//373 1863//373
f 1872//389 1880//389 1862//389
f 1872//390 1861//390 1873//390
f 1871//391 1860//391 1879//391
f 1865//392 1868//392 3//392
f 2//393 311//393 3//393
f 1864//394 1857//394 1868//394
f 2//395 1857//395 1864//395
f 3//396 1868//396 1857//396
f 3//397 1857//397 2//397
f 1864//398 1867//398 1856//398
f 1863//398 1864//398 1856//398
f 1863//399 1855//399 2//399
f 310//400 2//400 1855//400
f 1877//401 1854//401 1878//401
f 1853//402 1852//402 1866//402
f 313//403 1876//403 7//403
f 314//404 313//404 7//404
f 1866//405 7//405 1876//405
f 1852//406 7//406 1866//406
f 314//407 308//407 309//407
f 309//265 1859//265 308//265
f 1859//408 309//408 1858//408
f 7//409 314//409 309//409
f 1851//408 1858//408 309//408
f 6//410 1865//410 3//410
f 6//50 3//50 311//50
f 1882//411 308//411 1849//411
f 1859//412 1849//412 308//412
f 1858//413 1849//413 1859//413
f 1849//414 1858//414 1850//414
f 1875//415 5//415 1885//415
f 1875//416 4//416 5//416
f 312//417 1882//417 5//417
f 1849//418 5//418 1882//418
f 1870//419 1847//419 1880//419
f 1862//420 1880//420 1847//420
f 1870//421 1874//421 1846//421
f 1860//422 1845//422 1879//422
f 1869//423 1879//423 1844//423
f 1845//31 1844//31 1879//31
f 1866//424 1886//424 1843//424
f 1881//425 1842//425 1886//425
f 1843//426 1886//426 1842//426
f 6//427 1841//427 1865//427
f 1881//428 1885//428 1840//428
f 5//429 1839//429 1885//429
f 1848//430 1839//430 5//430
f 1840//431 1885//431 1839//431
f 1862//432 1838//432 1872//432
f 1847//433 1838//433 1862//433
f 1861//434 1872//434 1837//434
f 1871//435 1878//435 1836//435
f 1854//436 1836//436 1878//436
f 1853//437 1866//437 1835//437
f 1835//438 1866//438 1843//438
f 310//439 1832//439 6//439
f 1839//440 1848//440 1831//440
f 1838//8 1830//8 1872//8
f 1830//441 1837//441 1872//441
f 1873//442 1829//442 1874//442
f 1846//443 1874//443 1829//443
f 1869//444 1828//444 1877//444
f 1854//445 1877//445 1828//445
f 7//446 1852//446 1827//446
f 7//447 1826//447 314//447
f 1827//408 1826//408 7//408
f 1856//448 1867//448 1825//448
f 1833//449 1856//449 1825//449
f 1858//450 1851//450 1824//450
f 1850//451 1858//451 1824//451
f 1841//452 6//452 1824//452
f 1834//453 1824//453 1851//453
f 1834//452 1841//452 1824//452
f 1832//103 1824//103 6//103
f 1856//454 1823//454 1863//454
f 1833//455 1823//455 1856//455
f 1848//456 5//456 1822//456
f 1822//457 5//457 1821//457
f 1847//458 1870//458 1820//458
f 1846//459 1820//459 1870//459
f 1824//451 1818//451 1850//451
f 1824//103 1832//103 1818//103
f 1817//460 1821//460 5//460
f 317//461 306//461 303//461
f 1852//462 1853//462 1815//462
f 1841//463 1814//463 1865//463
f 1855//464 1811//464 310//464
f 1832//465 310//465 1811//465
f 1831//466 1848//466 1810//466
f 1809//467 1808//467 1816//467
f 1808//373 1809//373 15//373
f 317//468 303//468 1807//468
f 306//469 304//469 303//469
f 1860//470 1871//470 1806//470
f 1836//471 1806//471 1871//471
f 1827//472 1852//472 1805//472
f 1815//473 1805//473 1852//473
f 1867//386 1868//386 1804//386
f 1865//474 1804//474 1868//474
f 1825//475 1867//475 1804//475
f 1804//476 1865//476 1814//476
f 309//477 314//477 1803//477
f 1851//478 309//478 1803//478
f 1826//479 1803//479 314//479
f 1850//480 1800//480 1849//480
f 5//481 1849//481 1800//481
f 1817//482 5//482 1800//482
f 1855//483 1863//483 1799//483
f 1823//484 1799//484 1863//484
f 1811//485 1855//485 1799//485
f 1822//486 1798//486 1848//486
f 1810//487 1848//487 1798//487
f 1861//488 1797//488 1873//488
f 1829//489 1873//489 1797//489
f 1796//490 1809//490 1816//490
f 304//491 1795//491 306//491
f 1835//492 1794//492 1853//492
f 1815//493 1853//493 1794//493
f 1810//494 1791//494 1831//494
f 15//495 1809//495 1790//495
f 1809//496 1796//496 1790//496
f 1844//497 1789//497 1869//497
f 1844//498 1845//498 1789//498
f 1828//499 1869//499 1789//499
f 1813//500 8//500 1819//500
f 8//501 11//501 1819//501
f 1842//502 1881//502 26//502
f 1840//503 26//503 1881//503
f 1812//504 1819//504 315//504
f 11//505 315//505 1819//505
f 1838//506 1847//506 1786//506
f 1830//507 1838//507 1786//507
f 1820//508 1786//508 1847//508
f 304//509 1784//509 303//509
f 1794//510 1835//510 1782//510
f 1826//511 1827//511 1781//511
f 1805//512 1781//512 1827//512
f 1804//513 1780//513 1825//513
f 1834//514 1851//514 1779//514
f 1834//515 1779//515 1841//515
f 1814//516 1841//516 1779//516
f 1803//517 1779//517 1851//517
f 1842//518 1778//518 1843//518
f 1825//519 17//519 1833//519
f 1793//520 1833//520 17//520
f 1780//521 17//521 1825//521
f 1777//522 1802//522 1776//522
f 11//8 8//8 299//8
f 315//103 299//103 11//103
f 18//523 299//523 1792//523
f 10//524 1792//524 299//524
f 1776//525 1802//525 1774//525
f 1823//526 1833//526 307//526
f 1793//527 307//527 1833//527
f 1839//528 1773//528 1840//528
f 1831//529 1773//529 1839//529
f 1818//530 1772//530 1850//530
f 1818//531 1832//531 1772//531
f 1811//532 1772//532 1832//532
f 1800//533 1850//533 1772//533
f 1799//534 1823//534 1771//534
f 307//535 1771//535 1823//535
f 1821//536 1770//536 1822//536
f 1798//537 1822//537 1770//537
f 1796//538 1816//538 1768//538
f 1795//539 305//539 306//539
f 1795//540 304//540 305//540
f 1785//541 305//541 306//541
f 1845//542 1860//542 1767//542
f 1806//543 1767//543 1860//543
f 1789//498 1845//498 1767//498
f 1828//544 1766//544 1854//544
f 1803//545 1826//545 1764//545
f 1781//546 1764//546 1826//546
f 8//547 1813//547 20//547
f 17//548 12//548 1793//548
f 12//50 11//50 299//50
f 12//549 307//549 1793//549
f 315//8 11//8 14//8
f 299//103 315//103 14//103
f 299//550 18//550 14//550
f 12//551 14//551 11//551
f 315//552 1762//552 1812//552
f 1762//553 298//553 1812//553
f 1821//554 1817//554 1761//554
f 1770//555 1821//555 1761//555
f 1829//556 1759//556 1846//556
f 1837//557 1758//557 1861//557
f 1797//558 1861//558 1758//558
f 1790//559 301//559 15//559
f 1790//560 1796//560 301//560
f 301//561 15//561 300//561
f 1784//562 304//562 1757//562
f 1764//563 1756//563 1803//563
f 1763//564 1801//564 1755//564
f 299//43 12//43 16//43
f 14//565 12//565 16//565
f 1813//566 1819//566 1754//566
f 1812//567 1754//567 1819//567
f 1763//568 1753//568 1801//568
f 298//569 1752//569 1812//569
f 1754//570 1812//570 1752//570
f 1762//571 315//571 1751//571
f 1761//572 1817//572 1750//572
f 1837//573 1830//573 1749//573
f 1786//574 1749//574 1830//574
f 1758//575 1837//575 1749//575
f 317//576 303//576 316//576
f 1807//577 303//577 316//577
f 1807//578 316//578 317//578
f 1784//579 316//579 303//579
f 1783//580 1748//580 1788//580
f 1748//581 1783//581 1747//581
f 1756//582 1746//582 1803//582
f 1843//583 1745//583 1835//583
f 1782//584 1835//584 1745//584
f 1778//585 1745//585 1843//585
f 1776//586 1744//586 1777//586
f 1743//587 1813//587 1754//587
f 26//588 1840//588 1742//588
f 1773//589 1742//589 1840//589
f 1774//590 1741//590 1776//590
f 1773//591 1831//591 1740//591
f 1769//592 1787//592 1738//592
f 1739//593 1769//593 1738//593
f 1768//594 1737//594 1796//594
f 1808//595 1736//595 1816//595
f 1789//596 1735//596 1828//596
f 1766//597 1828//597 1735//597
f 1783//598 1788//598 1733//598
f 1734//599 1783//599 1733//599
f 12//600 17//600 302//600
f 16//601 12//601 302//601
f 295//602 302//602 17//602
f 307//603 12//603 13//603
f 16//604 12//604 13//604
f 13//605 320//605 307//605
f 1800//606 1730//606 1817//606
f 1772//533 1730//533 1800//533
f 1750//607 1817//607 1730//607
f 1799//608 1729//608 1811//608
f 1772//609 1811//609 1729//609
f 1769//610 1727//610 1787//610
f 1728//611 1727//611 1769//611
f 1820//612 1846//612 1726//612
f 1759//613 1726//613 1846//613
f 306//614 317//614 1725//614
f 1785//615 306//615 1725//615
f 1836//176 1854//176 1724//176
f 1806//616 1836//616 1724//616
f 1766//176 1724//176 1854//176
f 17//617 1780//617 294//617
f 294//618 302//618 17//618
f 1777//619 1722//619 1802//619
f 1775//620 1802//620 1722//620
f 1775//621 1722//621 1801//621
f 1755//622 1801//622 1722//622
f 1775//623 1721//623 1802//623
f 1775//624 1801//624 1721//624
f 1774//625 1802//625 1721//625
f 1753//626 1721//626 1801//626
f 1771//627 307//627 292//627
f 13//628 292//628 307//628
f 1751//629 1720//629 1762//629
f 13//630 14//630 1720//630
f 1797//631 286//631 1829//631
f 1759//176 1829//176 286//176
f 15//632 262//632 1808//632
f 300//633 15//633 262//633
f 300//634 262//634 301//634
f 16//635 1718//635 299//635
f 302//636 1718//636 16//636
f 38//637 9//637 1717//637
f 1744//638 1716//638 1777//638
f 1731//639 326//639 278//639
f 1752//640 298//640 1714//640
f 14//641 18//641 297//641
f 298//642 18//642 297//642
f 298//643 1762//643 297//643
f 1720//644 14//644 297//644
f 1720//645 297//645 1762//645
f 1771//646 1713//646 1799//646
f 1729//647 1799//647 1713//647
f 305//648 1712//648 304//648
f 1757//649 304//649 1712//649
f 1805//650 1815//650 1711//650
f 1779//651 243//651 1814//651
f 1779//652 1803//652 243//652
f 1746//653 243//653 1803//653
f 1732//654 1814//654 243//654
f 295//655 17//655 296//655
f 302//656 295//656 296//656
f 302//657 294//657 296//657
f 296//658 1718//658 302//658
f 275//659 295//659 296//659
f 20//660 1813//660 1710//660
f 1743//661 1710//661 1813//661
f 1744//662 1776//662 1709//662
f 1741//663 1709//663 1776//663
f 318//664 1714//664 298//664
f 318//665 298//665 297//665
f 13//666 307//666 293//666
f 320//666 293//666 307//666
f 320//667 293//667 1751//667
f 320//605 13//605 293//605
f 292//668 13//668 293//668
f 1720//669 1751//669 293//669
f 1720//670 293//670 13//670
f 1730//671 1772//671 45//671
f 1729//672 45//672 1772//672
f 1798//673 1708//673 1810//673
f 1726//674 1759//674 1707//674
f 286//675 1707//675 1759//675
f 301//676 1796//676 1706//676
f 1737//677 1706//677 1796//677
f 262//678 301//678 1706//678
f 316//679 1705//679 317//679
f 1725//680 317//680 1705//680
f 1767//498 1704//498 1789//498
f 1735//681 1789//681 1704//681
f 1781//682 1805//682 1702//682
f 1711//650 1702//650 1805//650
f 277//683 1765//683 291//683
f 22//684 23//684 37//684
f 1814//685 1701//685 1804//685
f 1780//686 1804//686 1701//686
f 1732//687 1701//687 1814//687
f 1745//688 260//688 1782//688
f 275//689 1723//689 1700//689
f 1718//690 296//690 1700//690
f 296//691 275//691 1700//691
f 1716//692 1744//692 1699//692
f 10//693 284//693 1792//693
f 10//694 20//694 284//694
f 282//695 284//695 20//695
f 1710//696 284//696 20//696
f 326//697 278//697 1698//697
f 299//698 9//698 280//698
f 1752//699 1697//699 1754//699
f 1714//700 1697//700 1752//700
f 326//701 1696//701 278//701
f 18//702 1792//702 290//702
f 297//703 18//703 290//703
f 297//704 290//704 318//704
f 1741//705 1774//705 1695//705
f 1695//706 1774//706 1694//706
f 320//707 1751//707 1693//707
f 289//708 320//708 1693//708
f 289//709 1693//709 1719//709
f 1791//710 1692//710 1831//710
f 1740//711 1831//711 1692//711
f 271//712 1760//712 288//712
f 287//713 29//713 27//713
f 1770//714 1691//714 1798//714
f 1708//486 1798//486 1691//486
f 1786//715 1820//715 1689//715
f 1749//716 1786//716 1689//716
f 1726//717 1689//717 1820//717
f 286//718 1797//718 1688//718
f 1737//719 1768//719 1687//719
f 286//720 1687//720 1768//720
f 1688//721 1687//721 286//721
f 1736//722 1808//722 41//722
f 262//723 41//723 1808//723
f 1757//724 1686//724 1784//724
f 1724//725 1784//725 1686//725
f 1712//726 1686//726 1757//726
f 1724//727 1685//727 1806//727
f 1686//29 1685//29 1724//29
f 1754//728 285//728 1743//728
f 1710//729 1743//729 285//729
f 1714//730 318//730 285//730
f 284//731 285//731 1792//731
f 284//732 1710//732 285//732
f 285//50 1754//50 1697//50
f 285//730 1697//730 1714//730
f 285//733 290//733 1792//733
f 294//734 1780//734 1682//734
f 1701//735 1682//735 1780//735
f 282//736 20//736 283//736
f 284//737 282//737 283//737
f 285//738 284//738 283//738
f 299//739 281//739 9//739
f 1717//740 9//740 281//740
f 280//741 281//741 299//741
f 1709//742 1681//742 1744//742
f 1699//743 1744//743 1681//743
f 1715//744 26//744 25//744
f 1731//745 278//745 279//745
f 326//746 279//746 278//746
f 326//747 1731//747 279//747
f 25//748 279//748 326//748
f 1709//749 1741//749 1680//749
f 292//750 1679//750 1771//750
f 1713//751 1771//751 1679//751
f 27//752 29//752 28//752
f 1725//753 1677//753 1785//753
f 1705//754 1677//754 1725//754
f 316//755 1784//755 1676//755
f 1724//756 1676//756 1784//756
f 1767//757 1806//757 1675//757
f 1704//758 1767//758 1675//758
f 1685//759 1675//759 1806//759
f 1794//760 1674//760 1815//760
f 1782//761 1674//761 1794//761
f 1711//762 1815//762 1674//762
f 277//763 276//763 1765//763
f 291//764 1765//764 276//764
f 291//765 277//765 276//765
f 259//766 21//766 19//766
f 275//767 32//767 295//767
f 296//768 295//768 32//768
f 37//769 23//769 33//769
f 21//770 33//770 23//770
f 1722//771 1777//771 1673//771
f 1722//772 1673//772 1755//772
f 1716//773 1673//773 1777//773
f 1763//774 1672//774 278//774
f 1755//775 1672//775 1763//775
f 1698//776 278//776 1672//776
f 1673//777 1672//777 1755//777
f 9//778 20//778 274//778
f 38//779 9//779 274//779
f 282//780 274//780 20//780
f 282//781 38//781 274//781
f 280//782 9//782 274//782
f 1745//783 1778//783 24//783
f 1715//784 24//784 26//784
f 24//785 1715//785 25//785
f 290//786 319//786 318//786
f 285//787 318//787 319//787
f 285//788 319//788 284//788
f 290//789 285//789 319//789
f 283//790 284//790 319//790
f 283//791 319//791 285//791
f 1742//792 1773//792 1670//792
f 1721//793 1669//793 1774//793
f 1721//794 1753//794 1669//794
f 1694//795 1774//795 1669//795
f 1763//796 278//796 1668//796
f 1753//8 1763//8 1668//8
f 1696//797 1668//797 278//797
f 1669//798 1753//798 1668//798
f 287//799 1665//799 29//799
f 1683//800 29//800 1665//800
f 293//801 320//801 273//801
f 289//802 273//802 320//802
f 27//803 29//803 30//803
f 1683//804 30//804 29//804
f 30//805 29//805 28//805
f 1791//806 1810//806 272//806
f 1708//807 272//807 1810//807
f 271//808 270//808 1760//808
f 288//809 1760//809 270//809
f 1758//810 1664//810 1797//810
f 1688//811 1797//811 1664//811
f 1706//812 1737//812 1663//812
f 1687//813 1663//813 1737//813
f 1687//32 1688//32 1663//32
f 1663//814 1688//814 1664//814
f 1768//815 1816//815 1662//815
f 1736//816 1662//816 1816//816
f 286//817 1768//817 1662//817
f 260//818 1661//818 1782//818
f 1700//819 1723//819 269//819
f 257//820 268//820 269//820
f 322//447 323//447 260//447
f 21//121 19//121 323//121
f 33//821 21//821 323//821
f 1666//822 1692//822 1660//822
f 1665//823 1660//823 1683//823
f 30//824 1683//824 1660//824
f 1678//825 1659//825 332//825
f 267//826 332//826 1659//826
f 270//827 288//827 1658//827
f 1749//828 1657//828 1758//828
f 1689//829 1657//829 1749//829
f 1664//830 1758//830 1657//830
f 305//831 1785//831 1656//831
f 1712//832 305//832 1656//832
f 1677//486 1656//486 1785//486
f 1685//833 1686//833 1655//833
f 1675//834 1685//834 1655//834
f 1674//761 1782//761 1654//761
f 1654//835 1782//835 1661//835
f 276//836 1653//836 291//836
f 22//837 23//837 266//837
f 37//838 266//838 23//838
f 37//839 22//839 266//839
f 322//840 1652//840 33//840
f 1699//841 1651//841 1716//841
f 26//842 36//842 1842//842
f 1778//843 1842//843 36//843
f 24//844 1778//844 36//844
f 1742//845 321//845 26//845
f 25//846 26//846 321//846
f 279//32 25//32 321//32
f 1670//847 321//847 1742//847
f 36//848 321//848 26//848
f 36//849 25//849 321//849
f 1671//850 40//850 39//850
f 1667//851 40//851 39//851
f 28//852 29//852 265//852
f 30//853 29//853 265//853
f 28//854 30//854 265//854
f 1692//855 1791//855 43//855
f 272//856 43//856 1791//856
f 1664//857 1650//857 1663//857
f 1650//858 1664//858 1657//858
f 1705//859 316//859 1648//859
f 1676//860 1648//860 316//860
f 1748//861 1647//861 1788//861
f 1747//862 1647//862 1748//862
f 1646//862 1647//862 1747//862
f 1702//863 1711//863 1645//863
f 1674//864 1645//864 1711//864
f 32//865 296//865 1644//865
f 269//866 1643//866 257//866
f 322//867 264//867 33//867
f 323//868 264//868 322//868
f 323//869 33//869 264//869
f 296//870 294//870 1642//870
f 1682//871 1642//871 294//871
f 1644//872 296//872 1642//872
f 1698//873 1641//873 326//873
f 1696//874 326//874 1640//874
f 1660//875 1639//875 1666//875
f 1660//876 1665//876 1639//876
f 293//877 1638//877 292//877
f 1679//878 292//878 1638//878
f 273//879 1637//879 293//879
f 1638//880 293//880 1637//880
f 1659//881 1678//881 1636//881
f 1738//882 1787//882 1634//882
f 1738//883 1634//883 1739//883
f 1635//883 1739//883 1634//883
f 41//884 1633//884 1736//884
f 41//885 262//885 263//885
f 1649//886 263//886 41//886
f 1747//887 1783//887 1632//887
f 1734//888 1632//888 1783//888
f 1646//889 1747//889 1632//889
f 1661//890 1684//890 1631//890
f 1661//891 1631//891 1654//891
f 19//892 34//892 261//892
f 1661//893 260//893 261//893
f 1661//894 261//894 1684//894
f 323//895 261//895 260//895
f 323//896 19//896 261//896
f 259//897 22//897 258//897
f 259//898 19//898 258//898
f 19//899 34//899 258//899
f 266//900 258//900 22//900
f 266//901 259//901 258//901
f 269//902 1629//902 1700//902
f 269//903 257//903 1629//903
f 1733//904 1788//904 1628//904
f 1733//905 1628//905 1734//905
f 1681//906 1627//906 1699//906
f 1651//907 1699//907 1627//907
f 1717//908 1626//908 38//908
f 281//909 1626//909 1717//909
f 281//910 280//910 1626//910
f 1671//911 325//911 40//911
f 39//912 40//912 325//912
f 39//913 325//913 1671//913
f 1695//914 1625//914 1741//914
f 1694//915 1625//915 1695//915
f 1680//916 1741//916 1625//916
f 1727//917 1624//917 1787//917
f 1727//918 1728//918 1624//918
f 1693//919 1623//919 1719//919
f 1659//920 1719//920 1623//920
f 1659//921 1623//921 267//921
f 27//922 1622//922 287//922
f 28//923 1621//923 30//923
f 265//924 1621//924 28//924
f 265//925 30//925 1621//925
f 1660//926 1692//926 251//926
f 1660//446 251//446 30//446
f 31//927 30//927 251//927
f 43//928 251//928 1692//928
f 43//929 252//929 251//929
f 1658//930 1619//930 270//930
f 43//931 272//931 256//931
f 256//932 272//932 230//932
f 1739//933 1618//933 1769//933
f 1728//934 1769//934 1618//934
f 1618//935 1739//935 1635//935
f 1686//936 1712//936 1617//936
f 1655//937 1686//937 1617//937
f 1735//938 328//938 1766//938
f 1724//939 1766//939 328//939
f 1653//940 276//940 1616//940
f 1632//941 1734//941 255//941
f 1628//942 255//942 1734//942
f 25//943 326//943 35//943
f 36//944 35//944 25//944
f 36//945 24//945 35//945
f 321//946 1615//946 279//946
f 321//947 1670//947 1615//947
f 1624//948 1728//948 1614//948
f 1618//949 1614//949 1728//949
f 1622//950 27//950 1613//950
f 327//951 1724//951 328//951
f 37//952 228//952 22//952
f 260//953 1745//953 246//953
f 24//953 246//953 1745//953
f 261//954 246//954 260//954
f 246//955 24//955 35//955
f 1673//956 1716//956 1611//956
f 1672//957 1673//957 1611//957
f 1651//520 1611//520 1716//520
f 257//958 268//958 254//958
f 274//959 38//959 254//959
f 274//960 254//960 280//960
f 1630//961 254//961 268//961
f 1626//962 254//962 38//962
f 1626//963 280//963 254//963
f 1681//964 1709//964 1610//964
f 1680//965 1610//965 1709//965
f 267//966 332//966 324//966
f 1667//967 324//967 40//967
f 39//968 40//968 324//968
f 39//969 324//969 1667//969
f 1669//970 1609//970 1694//970
f 1625//971 1694//971 1609//971
f 1740//972 1608//972 1773//972
f 1692//973 1608//973 1740//973
f 1670//974 1773//974 1608//974
f 1666//975 1608//975 1692//975
f 1639//976 1608//976 1666//976
f 1615//977 1670//977 1608//977
f 1707//978 286//978 245//978
f 1663//979 1606//979 1706//979
f 1650//980 1606//980 1663//980
f 328//50 1735//50 1605//50
f 47//981 226//981 37//981
f 228//982 226//982 37//982
f 1619//983 1658//983 1603//983
f 1607//984 1603//984 1658//984
f 1707//985 1601//985 1726//985
f 245//986 1601//986 1707//986
f 1601//987 245//987 1600//987
f 1616//988 1598//988 1653//988
f 1612//989 1653//989 1598//989
f 33//990 1597//990 37//990
f 47//990 37//990 1597//990
f 1627//991 1681//991 1596//991
f 1610//992 1596//992 1681//992
f 1610//993 1680//993 1595//993
f 1665//994 287//994 1594//994
f 1622//995 1594//995 287//995
f 1648//996 1593//996 1705//996
f 1677//997 1705//997 1592//997
f 1656//998 1677//998 1592//998
f 1593//999 1592//999 1705//999
f 1704//1000 1591//1000 1735//1000
f 1675//1001 1591//1001 1704//1001
f 1655//1002 1591//1002 1675//1002
f 1605//1003 1735//1003 1591//1003
f 269//1004 1723//1004 1589//1004
f 1659//1005 1588//1005 1719//1005
f 230//1006 238//1006 256//1006
f 238//1007 230//1007 236//1007
f 1689//43 1726//43 1586//43
f 1657//1008 1689//1008 1586//1008
f 1657//1009 1586//1009 1650//1009
f 1601//1010 1586//1010 1726//1010
f 1633//1011 41//1011 1585//1011
f 1656//1012 1584//1012 1712//1012
f 1617//1013 1712//1013 1584//1013
f 1676//1014 1724//1014 1583//1014
f 327//1015 1583//1015 1724//1015
f 1631//1016 1684//1016 1581//1016
f 1599//1017 1581//1017 1684//1017
f 275//1018 249//1018 1723//1018
f 1589//1019 1723//1019 249//1019
f 1703//1020 1580//1020 277//1020
f 276//1021 277//1021 1580//1021
f 34//1022 22//1022 1577//1022
f 228//1023 1577//1023 22//1023
f 1703//1024 277//1024 1576//1024
f 291//1025 1576//1025 277//1025
f 1630//1026 1703//1026 1576//1026
f 1627//1027 1575//1027 1651//1027
f 1611//1028 1575//1028 1672//1028
f 1611//103 1651//103 1575//103
f 1672//1029 53//1029 1698//1029
f 1575//1030 53//1030 1672//1030
f 1641//1031 1574//1031 326//1031
f 35//1032 326//1032 1574//1032
f 1668//1033 1573//1033 1669//1033
f 1609//1034 1669//1034 1573//1034
f 1609//1035 1573//1035 1625//1035
f 1668//1036 1696//1036 253//1036
f 1573//1033 1668//1033 253//1033
f 279//1037 1572//1037 326//1037
f 1640//1038 326//1038 1572//1038
f 1615//1039 1572//1039 279//1039
f 1690//1040 1571//1040 271//1040
f 1620//1041 1571//1041 1690//1041
f 31//1042 1569//1042 27//1042
f 1613//1043 27//1043 1569//1043
f 1713//1044 330//1044 1729//1044
f 45//1045 1729//1045 330//1045
f 1570//1046 45//1046 330//1046
f 289//1047 1719//1047 247//1047
f 273//1048 247//1048 289//1048
f 247//1049 1719//1049 1588//1049
f 1690//1050 271//1050 1566//1050
f 270//1051 1566//1051 271//1051
f 1600//1052 1565//1052 1601//1052
f 1587//1053 1565//1053 1600//1053
f 1565//812 1586//812 1601//812
f 1662//1054 244//1054 286//1054
f 245//1055 244//1055 286//1055
f 1706//1056 1564//1056 262//1056
f 263//1057 262//1057 1564//1057
f 1606//1058 1564//1058 1706//1058
f 1649//1059 41//1059 46//1059
f 263//1060 1649//1060 46//1060
f 1585//1061 41//1061 46//1061
f 328//1062 42//1062 327//1062
f 329//1063 327//1063 42//1063
f 1605//1064 42//1064 328//1064
f 1591//1065 42//1065 1605//1065
f 1590//1066 329//1066 42//1066
f 1590//1067 1563//1067 329//1067
f 255//1068 44//1068 1632//1068
f 1652//1069 1559//1069 33//1069
f 1597//1070 33//1070 1559//1070
f 1596//1071 1558//1071 1627//1071
f 1575//1072 1627//1072 1558//1072
f 1641//1073 1698//1073 1557//1073
f 53//1074 1557//1074 1698//1074
f 1574//1075 1641//1075 1557//1075
f 1640//1076 1555//1076 1696//1076
f 253//1077 1696//1077 1555//1077
f 1572//1078 1555//1078 1640//1078
f 1625//1079 1554//1079 1680//1079
f 1595//1080 1680//1080 1554//1080
f 1573//1081 1554//1081 1625//1081
f 1639//1082 1665//1082 1553//1082
f 1594//1083 1553//1083 1665//1083
f 1614//1084 1618//1084 1552//1084
f 251//1085 252//1085 51//1085
f 250//1086 252//1086 51//1086
f 238//1087 51//1087 256//1087
f 236//1088 238//1088 51//1088
f 1587//1089 1600//1089 1548//1089
f 1648//1090 1676//1090 1546//1090
f 1583//1091 1546//1091 1676//1091
f 1617//1092 1544//1092 1655//1092
f 1591//1092 1655//1092 1544//1092
f 1544//1093 42//1093 1591//1093
f 1631//1094 1542//1094 1654//1094
f 1581//32 1542//32 1631//32
f 1542//1095 1561//1095 1654//1095
f 1644//1096 56//1096 32//1096
f 1756//1097 1764//1097 1541//1097
f 1746//1098 1756//1098 1541//1098
f 243//1099 241//1099 1732//1099
f 1701//1100 1732//1100 241//1100
f 241//1101 1540//1101 243//1101
f 1570//1102 337//1102 45//1102
f 330//103 337//103 1570//103
f 1750//1103 1539//1103 1761//1103
f 1730//1104 1539//1104 1750//1104
f 1637//1105 273//1105 248//1105
f 247//1106 273//1106 248//1106
f 1606//1107 1650//1107 1537//1107
f 1586//1108 1537//1108 1650//1108
f 1586//1109 1565//1109 1537//1109
f 1662//1110 1736//1110 1536//1110
f 1633//1111 1536//1111 1736//1111
f 244//1112 1662//1112 1536//1112
f 264//1113 34//1113 331//1113
f 261//1114 260//1114 331//1114
f 261//1115 34//1115 331//1115
f 1577//1116 331//1116 34//1116
f 1560//1117 261//1117 331//1117
f 243//1118 1746//1118 1534//1118
f 1541//1119 1534//1119 1746//1119
f 1576//1120 291//1120 1533//1120
f 1608//1121 1639//1121 1531//1121
f 1553//1122 1531//1122 1639//1122
f 45//1123 1530//1123 1730//1123
f 1539//1124 1730//1124 1530//1124
f 251//1125 1529//1125 31//1125
f 1569//1126 31//1126 1529//1126
f 1551//1127 1529//1127 251//1127
f 330//1128 1713//1128 1528//1128
f 1636//1129 1527//1129 1659//1129
f 1588//1005 1659//1005 1527//1005
f 1524//629 1538//629 239//629
f 1600//1130 245//1130 48//1130
f 244//1131 245//1131 48//1131
f 1547//1132 1600//1132 48//1132
f 329//1133 1523//1133 327//1133
f 1583//1134 327//1134 1523//1134
f 1545//1135 1523//1135 329//1135
f 1563//1136 1590//1136 1521//1136
f 1535//1137 1521//1137 1543//1137
f 1535//1138 1543//1138 1520//1138
f 1535//1139 1520//1139 1522//1139
f 1520//1140 1543//1140 1519//1140
f 1643//1141 269//1141 1518//1141
f 1589//1142 1518//1142 269//1142
f 56//1143 1644//1143 333//1143
f 1764//1144 1781//1144 1517//1144
f 1702//1145 1517//1145 1781//1145
f 1541//1146 1764//1146 1517//1146
f 1540//1147 242//1147 243//1147
f 1540//8 241//8 242//8
f 1534//1148 242//1148 243//1148
f 246//1149 1515//1149 1652//1149
f 1559//1150 1652//1150 1515//1150
f 44//1151 255//1151 240//1151
f 255//1152 1628//1152 234//1152
f 44//1153 255//1153 234//1153
f 240//1154 255//1154 234//1154
f 35//1155 1514//1155 246//1155
f 1574//1156 1514//1156 35//1156
f 1515//1157 246//1157 1514//1157
f 254//1158 1630//1158 1513//1158
f 1576//1159 1513//1159 1630//1159
f 1512//1160 1532//1160 1556//1160
f 1511//408 1532//408 1512//408
f 1512//1161 1556//1161 1510//1161
f 1532//1162 1509//1162 1556//1162
f 1510//1163 1556//1163 1509//1163
f 1509//1164 1532//1164 1508//1164
f 288//1165 271//1165 1507//1165
f 1571//1166 1507//1166 271//1166
f 1620//1167 267//1167 1506//1167
f 324//1168 1506//1168 267//1168
f 1571//1169 1620//1169 1506//1169
f 1608//1170 1505//1170 1615//1170
f 1572//1171 1615//1171 1505//1171
f 1505//1172 1608//1172 1531//1172
f 1552//1173 1504//1173 1614//1173
f 337//339 1503//339 45//339
f 1503//1174 1530//1174 45//1174
f 1761//1175 1501//1175 1770//1175
f 1691//1176 1770//1176 1501//1176
f 1539//1177 1501//1177 1761//1177
f 248//1178 222//1178 1637//1178
f 1525//1179 1549//1179 49//1179
f 49//1180 1538//1180 1524//1180
f 49//1181 239//1181 1538//1181
f 1524//1182 239//1182 49//1182
f 49//1183 1549//1183 232//1183
f 239//1184 232//1184 49//1184
f 1548//1185 1500//1185 1587//1185
f 232//1186 1549//1186 1500//1186
f 1499//1187 1498//1187 1520//1187
f 241//1188 218//1188 1701//1188
f 234//50 1628//50 1496//50
f 1614//1189 1495//1189 1624//1189
f 1504//1190 1495//1190 1614//1190
f 1679//1191 1494//1191 1713//1191
f 1638//1192 1494//1192 1679//1192
f 1528//1193 1713//1193 1494//1193
f 1691//1194 1492//1194 1708//1194
f 1634//1195 1491//1195 1635//1195
f 51//1196 238//1196 237//1196
f 51//1197 237//1197 236//1197
f 1526//265 238//265 237//265
f 1565//1198 1587//1198 1490//1198
f 42//1199 1489//1199 1590//1199
f 1647//1200 1646//1200 1488//1200
f 1582//1201 1488//1201 1646//1201
f 1517//1202 1702//1202 1487//1202
f 1517//1203 1487//1203 1541//1203
f 1653//1204 1486//1204 291//1204
f 1612//1205 1486//1205 1653//1205
f 1533//1206 291//1206 1486//1206
f 1658//1207 288//1207 1485//1207
f 1607//1208 1658//1208 1485//1208
f 1507//1209 1485//1209 288//1209
f 1501//1210 1484//1210 1691//1210
f 1501//1211 1539//1211 1484//1211
f 1484//1212 1492//1212 1691//1212
f 49//1213 1483//1213 1525//1213
f 1535//1214 1522//1214 1482//1214
f 1521//1215 1482//1215 1563//1215
f 1521//1216 1535//1216 1482//1216
f 1487//1217 1702//1217 1481//1217
f 1682//1218 1701//1218 216//1218
f 1642//1219 1682//1219 216//1219
f 218//1220 216//1220 1701//1220
f 1533//1221 1479//1221 1576//1221
f 1513//1222 1576//1222 1479//1222
f 1507//1223 1571//1223 1478//1223
f 1506//1224 1478//1224 1571//1224
f 1635//1225 1476//1225 1618//1225
f 1552//1226 1618//1226 1476//1226
f 1491//1227 1476//1227 1635//1227
f 1500//1228 1548//1228 1475//1228
f 1500//1229 1475//1229 232//1229
f 1592//1230 1474//1230 1656//1230
f 1584//1231 1656//1231 1474//1231
f 1584//1232 1473//1232 1617//1232
f 1544//412 1617//412 1473//412
f 1474//1233 1473//1233 1584//1233
f 1563//1234 1472//1234 329//1234
f 1545//1235 329//1235 1472//1235
f 1519//1236 1471//1236 1520//1236
f 261//1237 1470//1237 1684//1237
f 1599//1238 1684//1238 1470//1238
f 1560//1239 1470//1239 261//1239
f 1560//1240 1562//1240 1470//1240
f 1632//1241 1469//1241 1646//1241
f 1582//1242 1646//1242 1469//1242
f 44//1243 1469//1243 1632//1243
f 44//1244 1578//1244 1469//1244
f 1497//1245 1469//1245 1578//1245
f 1654//1246 1468//1246 1674//1246
f 1645//1247 1674//1247 1468//1247
f 1561//1248 1468//1248 1654//1248
f 1630//1249 1467//1249 1703//1249
f 1580//1250 1703//1250 1467//1250
f 1647//1251 1466//1251 1788//1251
f 1628//1252 1788//1252 1466//1252
f 1496//1253 1628//1253 1466//1253
f 1488//1254 1466//1254 1647//1254
f 216//445 1465//445 218//445
f 44//1255 235//1255 1578//1255
f 1497//1256 1578//1256 235//1256
f 1495//1257 1504//1257 1464//1257
f 1477//1257 1464//1257 1504//1257
f 1552//1258 1568//1258 1463//1258
f 1504//1259 1552//1259 1463//1259
f 1634//1260 1787//1260 1461//1260
f 1624//1261 1461//1261 1787//1261
f 1495//1262 1461//1262 1624//1262
f 1491//1263 1634//1263 1461//1263
f 1620//1264 1690//1264 1460//1264
f 1566//1265 1460//1265 1690//1265
f 1552//1266 1459//1266 1568//1266
f 1493//1256 1568//1256 1459//1256
f 1459//1267 1552//1267 1476//1267
f 1551//1268 251//1268 1458//1268
f 51//1269 1458//1269 251//1269
f 51//1270 250//1270 1458//1270
f 1550//1271 1551//1271 1458//1271
f 237//1272 236//1272 1457//1272
f 232//1273 239//1273 233//1273
f 239//1274 49//1274 233//1274
f 1548//1275 1600//1275 1456//1275
f 1547//1276 1456//1276 1600//1276
f 1564//1277 1606//1277 1455//1277
f 1537//1278 1455//1278 1606//1278
f 1564//1279 1454//1279 263//1279
f 46//1280 263//1280 1454//1280
f 1455//1281 1454//1281 1564//1281
f 1593//1282 1648//1282 1453//1282
f 1592//1283 1593//1283 1453//1283
f 1546//1284 1453//1284 1648//1284
f 1474//1285 1592//1285 1453//1285
f 1499//1286 1520//1286 52//1286
f 1471//1287 52//1287 1520//1287
f 272//1288 1708//1288 229//1288
f 230//1289 272//1289 229//1289
f 1492//1290 229//1290 1708//1290
f 1483//1291 49//1291 1452//1291
f 1585//1292 1451//1292 1633//1292
f 46//1293 1451//1293 1585//1293
f 1536//1294 1633//1294 1451//1294
f 1454//1295 1451//1295 46//1295
f 1472//1296 1563//1296 1450//1296
f 1520//1297 1449//1297 1522//1297
f 1498//1298 1449//1298 1520//1298
f 1645//1299 1448//1299 1702//1299
f 1481//1300 1702//1300 1448//1300
f 1468//628 1448//628 1645//628
f 236//1301 230//1301 231//1301
f 231//1302 230//1302 229//1302
f 1456//1303 1445//1303 1548//1303
f 1546//1304 1583//1304 1444//1304
f 1467//1305 1630//1305 1443//1305
f 235//1306 234//1306 1442//1306
f 235//1307 1442//1307 1497//1307
f 1513//1308 1441//1308 254//1308
f 1493//1309 1440//1309 1568//1309
f 1477//1310 1504//1310 1440//1310
f 1463//1311 1568//1311 1440//1311
f 1463//1312 1440//1312 1504//1312
f 1460//1313 1439//1313 1620//1313
f 267//1314 1438//1314 332//1314
f 1620//1315 1438//1315 267//1315
f 1439//1316 1438//1316 1620//1316
f 233//1317 232//1317 1437//1317
f 48//1318 60//1318 1547//1318
f 1536//1319 1436//1319 244//1319
f 1523//1320 1545//1320 1435//1320
f 1482//1321 1434//1321 1563//1321
f 1482//1322 1522//1322 1434//1322
f 1450//1323 1563//1323 1434//1323
f 52//1324 50//1324 1499//1324
f 1470//1325 1433//1325 1599//1325
f 1469//1326 1432//1326 1582//1326
f 1469//1327 1497//1327 1432//1327
f 257//1328 1431//1328 268//1328
f 1630//1329 268//1329 1431//1329
f 1431//1330 1443//1330 1630//1330
f 1613//1331 1429//1331 1622//1331
f 1429//1332 1613//1332 1428//1332
f 1464//1333 1427//1333 1495//1333
f 1461//1334 1495//1334 1427//1334
f 1461//1335 1427//1335 1491//1335
f 1678//1336 332//1336 1426//1336
f 1426//1337 332//1337 1438//1337
f 1636//1338 1678//1338 1425//1338
f 1527//1339 1636//1339 1425//1339
f 1426//1340 1425//1340 1678//1340
f 1459//1341 1424//1341 1493//1341
f 1476//1342 1424//1342 1459//1342
f 1476//1343 1491//1343 1423//1343
f 1424//1344 1476//1344 1423//1344
f 1458//1345 250//1345 1422//1345
f 1500//1346 1421//1346 1587//1346
f 1500//1347 1549//1347 1421//1347
f 1490//1348 1587//1348 1421//1348
f 1475//1349 1548//1349 1420//1349
f 1475//1350 1420//1350 232//1350
f 1445//1351 1420//1351 1548//1351
f 1455//1352 1537//1352 1419//1352
f 1523//1353 1418//1353 1583//1353
f 1444//1354 1583//1354 1418//1354
f 1435//1355 1418//1355 1523//1355
f 1473//1356 1417//1356 1544//1356
f 1521//1357 1590//1357 1416//1357
f 1521//1358 1416//1358 1543//1358
f 1489//1359 1416//1359 1590//1359
f 1519//1360 1543//1360 1415//1360
f 1416//1361 1415//1361 1543//1361
f 1643//1362 1413//1362 257//1362
f 1518//1363 1413//1363 1643//1363
f 1431//1328 257//1328 1412//1328
f 1413//1364 1412//1364 257//1364
f 1466//1365 1411//1365 1496//1365
f 47//1366 37//1366 227//1366
f 228//1367 37//1367 227//1367
f 226//1368 47//1368 227//1368
f 226//498 228//498 227//498
f 1430//1369 227//1369 47//1369
f 1496//1370 1410//1370 234//1370
f 1442//1371 234//1371 1410//1371
f 1411//8 1410//8 1496//8
f 1479//1372 1533//1372 1409//1372
f 1478//1373 1408//1373 1507//1373
f 1464//1374 1477//1374 1407//1374
f 1440//1375 1407//1375 1477//1375
f 1427//1376 1406//1376 1491//1376
f 1423//1377 1491//1377 1406//1377
f 48//1378 244//1378 1404//1378
f 60//1379 48//1379 1404//1379
f 1436//1380 1404//1380 244//1380
f 42//1381 1544//1381 1403//1381
f 1417//1382 1403//1382 1544//1382
f 50//1383 52//1383 225//1383
f 1560//1384 1402//1384 1562//1384
f 1414//1385 1562//1385 1402//1385
f 1401//8 1410//8 1411//8
f 1597//1386 1400//1386 47//1386
f 1430//1387 47//1387 1400//1387
f 1516//1388 1399//1388 1612//1388
f 1486//1389 1612//1389 1399//1389
f 1479//1390 1398//1390 1513//1390
f 1441//1391 1513//1391 1398//1391
f 1486//1392 1397//1392 1533//1392
f 1397//1393 1409//1393 1533//1393
f 1399//1394 1397//1394 1486//1394
f 1485//1395 1507//1395 1396//1395
f 1408//1396 1396//1396 1507//1396
f 1506//1397 324//1397 1395//1397
f 1478//1398 1506//1398 1395//1398
f 1408//1399 1478//1399 1394//1399
f 1395//1400 1394//1400 1478//1400
f 1502//1401 1607//1401 1393//1401
f 1485//1402 1393//1402 1607//1402
f 1396//1403 1393//1403 1485//1403
f 1594//1404 1622//1404 1392//1404
f 1429//1405 1392//1405 1622//1405
f 1427//1406 1464//1406 1391//1406
f 1407//1407 1391//1407 1464//1407
f 1391//8 1406//8 1427//8
f 1550//1408 1390//1408 1551//1408
f 1390//1409 1550//1409 1405//1409
f 1457//1410 236//1410 1389//1410
f 231//1411 1389//1411 236//1411
f 233//1412 1388//1412 49//1412
f 1452//1413 49//1413 1388//1413
f 1452//1414 1388//1414 1457//1414
f 1437//1415 1388//1415 233//1415
f 1525//1416 1387//1416 1549//1416
f 1421//1417 1549//1417 1387//1417
f 1537//1418 1565//1418 1386//1418
f 1490//1419 1386//1419 1565//1419
f 1419//1420 1537//1420 1386//1420
f 1472//1421 1385//1421 1545//1421
f 1450//1422 1385//1422 1472//1422
f 1435//1423 1545//1423 1385//1423
f 1471//1424 1519//1424 1383//1424
f 1415//1360 1383//1360 1519//1360
f 1542//1425 1581//1425 1382//1425
f 1581//1426 1599//1426 1381//1426
f 1433//1427 1381//1427 1599//1427
f 1382//1428 1581//1428 1381//1428
f 1616//1429 276//1429 1380//1429
f 1598//1430 1616//1430 1380//1430
f 1488//1431 1582//1431 1379//1431
f 1466//1432 1488//1432 1379//1432
f 1432//1433 1379//1433 1582//1433
f 1411//1434 1466//1434 1379//1434
f 1401//8 1411//8 1379//8
f 1577//1435 228//1435 1378//1435
f 227//1436 1378//1436 228//1436
f 1409//1437 1377//1437 1479//1437
f 1398//1438 1479//1438 1377//1438
f 1569//1439 1376//1439 1613//1439
f 1428//1440 1613//1440 1376//1440
f 51//1441 1375//1441 250//1441
f 51//1442 238//1442 1375//1442
f 1422//1443 250//1443 1375//1443
f 1526//1444 1374//1444 238//1444
f 1375//1445 238//1445 1374//1445
f 1473//1446 1474//1446 1373//1446
f 1453//1447 1373//1447 1474//1447
f 1417//1448 1473//1448 1373//1448
f 1498//1449 1499//1449 1372//1449
f 1449//1450 1372//1450 1522//1450
f 1449//1451 1498//1451 1372//1451
f 50//1452 1372//1452 1499//1452
f 1580//1453 1371//1453 276//1453
f 1371//1454 1380//1454 276//1454
f 1559//1455 1370//1455 1597//1455
f 1400//1456 1597//1456 1370//1456
f 1553//1457 1594//1457 1369//1457
f 1392//1458 1369//1458 1594//1458
f 1566//1459 270//1459 1368//1459
f 1483//1460 64//1460 1525//1460
f 1387//1461 1525//1461 64//1461
f 1456//1462 1547//1462 1367//1462
f 1445//1463 1456//1463 1367//1463
f 60//1464 1367//1464 1547//1464
f 1454//1465 1455//1465 1366//1465
f 1451//1295 1454//1295 1366//1295
f 1419//1466 1366//1466 1455//1466
f 1418//1467 1435//1467 1365//1467
f 52//1468 1471//1468 1364//1468
f 225//1469 52//1469 1364//1469
f 1561//1470 1542//1470 1363//1470
f 1382//1471 1363//1471 1542//1471
f 1598//1472 1362//1472 1612//1472
f 1516//1473 1612//1473 1362//1473
f 1380//1474 1362//1474 1598//1474
f 1380//1475 1371//1475 1362//1475
f 1467//1476 1361//1476 1580//1476
f 1371//1477 1580//1477 1361//1477
f 1642//1478 58//1478 1644//1478
f 333//1479 1644//1479 58//1479
f 331//1480 1577//1480 1360//1480
f 331//1481 1360//1481 1560//1481
f 1402//1482 1560//1482 1360//1482
f 1378//1483 1360//1483 1577//1483
f 216//1484 1358//1484 1642//1484
f 58//1485 1642//1485 1358//1485
f 1359//31 1358//31 216//31
f 53//1486 1575//1486 224//1486
f 224//1487 53//1487 1357//1487
f 1557//1488 1356//1488 1574//1488
f 1558//1489 1355//1489 1575//1489
f 1557//1490 53//1490 54//1490
f 1357//1491 53//1491 54//1491
f 1357//373 54//373 224//373
f 54//1492 1356//1492 1557//1492
f 1354//1493 54//1493 224//1493
f 224//1491 1575//1491 1353//1491
f 1355//1494 1353//1494 1575//1494
f 1354//1493 224//1493 1353//1493
f 1558//1495 1596//1495 1352//1495
f 1355//1496 1558//1496 1352//1496
f 1596//1497 1610//1497 1351//1497
f 1595//1498 1351//1498 1610//1498
f 1352//1499 1596//1499 1351//1499
f 1351//1500 1595//1500 1350//1500
f 1554//1501 1348//1501 1595//1501
f 1554//1502 1573//1502 1348//1502
f 1350//1503 1595//1503 1348//1503
f 1349//1504 1348//1504 1573//1504
f 1555//1505 223//1505 253//1505
f 253//1506 55//1506 1573//1506
f 1349//1491 1573//1491 55//1491
f 1347//1493 1349//1493 55//1493
f 55//1507 253//1507 223//1507
f 55//1493 223//1493 1347//1493
f 223//8 1346//8 253//8
f 55//1506 253//1506 1346//1506
f 223//1493 55//1493 1346//1493
f 1555//1508 1572//1508 1345//1508
f 223//1509 1555//1509 1345//1509
f 1494//1510 1638//1510 221//1510
f 221//1511 1344//1511 1494//1511
f 1529//1512 1343//1512 1569//1512
f 1529//1513 1551//1513 1343//1513
f 1390//1514 1343//1514 1551//1514
f 1376//1515 1569//1515 1343//1515
f 1637//1516 220//1516 1638//1516
f 222//1517 220//1517 1637//1517
f 221//1518 1638//1518 220//1518
f 1425//1519 1341//1519 1527//1519
f 1460//1520 1566//1520 1340//1520
f 1368//1521 1340//1521 1566//1521
f 1619//1522 1339//1522 270//1522
f 1603//1523 1339//1523 1619//1523
f 1368//1524 270//1524 1339//1524
f 1603//1525 1607//1525 1338//1525
f 1502//1526 1338//1526 1607//1526
f 1339//1527 1603//1527 1338//1527
f 1339//398 1338//398 1368//398
f 1452//1528 1457//1528 1337//1528
f 1389//1529 1337//1529 1457//1529
f 237//1530 1336//1530 1526//1530
f 1374//1531 1526//1531 1336//1531
f 1452//1532 1335//1532 1483//1532
f 1337//1533 1335//1533 1452//1533
f 64//1534 1483//1534 65//1534
f 1335//1535 65//1535 1483//1535
f 1404//1536 335//1536 60//1536
f 1453//1537 1546//1537 1334//1537
f 1444//1538 1334//1538 1546//1538
f 1373//1539 1453//1539 1334//1539
f 1418//1540 1333//1540 1444//1540
f 1373//1541 1333//1541 1417//1541
f 1365//1542 1333//1542 1418//1542
f 1334//1543 1444//1543 1333//1543
f 1334//1544 1333//1544 1373//1544
f 1383//1545 1332//1545 1471//1545
f 1332//1546 1364//1546 1471//1546
f 249//1547 1331//1547 1589//1547
f 1413//1548 1518//1548 1330//1548
f 1443//1549 210//1549 1467//1549
f 66//1550 210//1550 1443//1550
f 1361//1551 1467//1551 210//1551
f 56//1552 57//1552 249//1552
f 333//1553 57//1553 56//1553
f 1331//1554 249//1554 57//1554
f 1329//1555 333//1555 58//1555
f 57//1556 333//1556 1329//1556
f 1329//1557 58//1557 57//1557
f 58//1558 1358//1558 1328//1558
f 1328//1559 57//1559 58//1559
f 1515//1560 1327//1560 1559//1560
f 1514//1561 1327//1561 1515//1561
f 1370//1562 1559//1562 1327//1562
f 1480//1563 1604//1563 1326//1563
f 1514//1564 1574//1564 1325//1564
f 1325//1565 1574//1565 1356//1565
f 1327//1566 1514//1566 1325//1566
f 1505//1567 1324//1567 1572//1567
f 1345//1568 1572//1568 1324//1568
f 1462//1569 1323//1569 1602//1569
f 1531//1570 1553//1570 1322//1570
f 1531//1571 1322//1571 1505//1571
f 1369//1572 1322//1572 1553//1572
f 1324//1573 1505//1573 1322//1573
f 1321//1574 220//1574 221//1574
f 220//1575 222//1575 59//1575
f 220//1576 59//1576 221//1576
f 1321//1577 221//1577 59//1577
f 220//1578 1321//1578 59//1578
f 248//1579 247//1579 334//1579
f 222//1580 248//1580 334//1580
f 59//1581 222//1581 334//1581
f 59//1582 334//1582 220//1582
f 1439//1583 1460//1583 1320//1583
f 1342//1584 1439//1584 1320//1584
f 1320//1585 1460//1585 1340//1585
f 1588//1586 1319//1586 247//1586
f 334//1587 247//1587 1319//1587
f 1527//682 1318//682 1588//682
f 1341//1588 1318//1588 1527//1588
f 1319//1589 1588//1589 1318//1589
f 1457//1590 1317//1590 237//1590
f 1336//1591 237//1591 1317//1591
f 1404//1592 1436//1592 1316//1592
f 1366//1593 1419//1593 1316//1593
f 1316//1594 335//1594 1404//1594
f 1451//1595 1315//1595 1536//1595
f 1436//1596 1536//1596 1315//1596
f 1366//1597 1315//1597 1451//1597
f 1316//1598 1436//1598 1315//1598
f 1316//1599 1315//1599 1366//1599
f 1372//1600 1314//1600 1522//1600
f 1468//1601 1561//1601 1313//1601
f 1363//1602 1313//1602 1561//1602
f 1518//1603 1589//1603 1312//1603
f 1331//1604 1312//1604 1589//1604
f 1330//1605 1518//1605 1312//1605
f 1403//1606 1417//1606 1311//1606
f 1333//1606 1311//1606 1417//1606
f 1333//1607 1365//1607 1311//1607
f 1489//1608 42//1608 1310//1608
f 1416//1609 1489//1609 1310//1609
f 1403//1610 1310//1610 42//1610
f 1434//1088 1522//1088 1309//1088
f 1309//1611 1522//1611 1314//1611
f 1511//1612 1512//1612 1308//1612
f 1532//1613 1511//1613 1307//1613
f 1508//1614 1532//1614 1307//1614
f 1308//1615 1307//1615 1511//1615
f 1508//1616 1306//1616 1509//1616
f 1307//1617 1306//1617 1508//1617
f 1437//1618 232//1618 1305//1618
f 1420//1619 1304//1619 232//1619
f 1305//1620 232//1620 1304//1620
f 1421//1621 1303//1621 1490//1621
f 1386//1622 1490//1622 1303//1622
f 1386//1623 336//1623 1419//1623
f 61//1624 60//1624 336//1624
f 335//1625 336//1625 60//1625
f 1316//814 1419//814 336//814
f 335//1626 1316//1626 336//1626
f 1434//1627 1302//1627 1450//1627
f 1385//1628 1450//1628 1302//1628
f 1579//1629 1301//1629 1604//1629
f 1497//1630 1301//1630 1579//1630
f 1442//1631 1301//1631 1497//1631
f 1326//1632 1604//1632 1301//1632
f 1410//1633 1300//1633 1442//1633
f 1301//1634 1442//1634 1300//1634
f 1300//1635 1410//1635 1299//1635
f 1510//1636 1298//1636 1512//1636
f 1308//1637 1512//1637 1298//1637
f 1298//1638 1510//1638 1297//1638
f 1509//1639 1296//1639 1510//1639
f 1306//1640 1296//1640 1509//1640
f 1297//1641 1510//1641 1296//1641
f 1407//1642 1440//1642 1295//1642
f 1295//1643 1294//1643 1407//1643
f 1567//1644 1602//1644 1293//1644
f 1493//1645 1567//1645 1293//1645
f 1440//1646 1493//1646 1293//1646
f 1323//1647 1293//1647 1602//1647
f 1295//1648 1440//1648 1293//1648
f 1420//1649 1445//1649 1292//1649
f 1367//1650 1292//1650 1445//1650
f 1309//1651 1291//1651 1434//1651
f 1302//1652 1434//1652 1291//1652
f 1447//1653 1290//1653 1516//1653
f 1399//1654 1516//1654 1290//1654
f 1446//1655 1502//1655 1289//1655
f 1393//1656 1289//1656 1502//1656
f 1304//1657 1420//1657 1288//1657
f 1288//1658 1420//1658 1292//1658
f 1410//8 1401//8 1287//8
f 1299//1659 1410//1659 1287//1659
f 1391//1660 1407//1660 1286//1660
f 1406//8 1391//8 1286//8
f 1294//1661 1286//1661 1407//1661
f 1305//1662 1285//1662 1437//1662
f 225//1663 1284//1663 50//1663
f 1470//1664 1562//1664 219//1664
f 1433//1665 1470//1665 219//1665
f 1414//1666 219//1666 1562//1666
f 1379//1667 1432//1667 1283//1667
f 1379//1668 1282//1668 1401//1668
f 1282//1669 1287//1669 1401//1669
f 1283//1670 1282//1670 1379//1670
f 1480//1671 1281//1671 1604//1671
f 1579//1672 1604//1672 1280//1672
f 1497//1673 1579//1673 1280//1673
f 1432//1674 1497//1674 1280//1674
f 1283//1675 1432//1675 1280//1675
f 1281//1676 1280//1676 1604//1676
f 1344//1677 1279//1677 1494//1677
f 1567//1678 1278//1678 1602//1678
f 1493//1679 1278//1679 1567//1679
f 1424//1680 1278//1680 1493//1680
f 1462//1681 1602//1681 1277//1681
f 1278//1682 1277//1682 1602//1682
f 1423//1683 1276//1683 1424//1683
f 1278//1684 1424//1684 1276//1684
f 1458//1685 1275//1685 1550//1685
f 1422//1686 1275//1686 1458//1686
f 1405//1687 1550//1687 1275//1687
f 1388//1688 1437//1688 1274//1688
f 1274//1689 1437//1689 1285//1689
f 1385//1690 1273//1690 1435//1690
f 1302//1691 1273//1691 1385//1691
f 1284//1692 225//1692 1272//1692
f 1447//1693 1516//1693 1271//1693
f 1362//1694 1271//1694 1516//1694
f 242//1695 1270//1695 241//1695
f 218//1696 241//1696 1270//1696
f 1465//1697 217//1697 218//1697
f 1465//1698 216//1698 217//1698
f 1359//1699 216//1699 217//1699
f 1270//1700 242//1700 1269//1700
f 242//1701 1534//1701 1268//1701
f 1269//1700 242//1700 1268//1700
f 1503//1702 337//1702 1266//1702
f 1267//1703 1503//1703 1266//1703
f 1344//1704 221//1704 1265//1704
f 1279//1705 1344//1705 1265//1705
f 337//1706 330//1706 1264//1706
f 1528//1707 1264//1707 330//1707
f 1266//1708 337//1708 1264//1708
f 1446//1709 1263//1709 1502//1709
f 1338//1710 1502//1710 1263//1710
f 1406//1711 1262//1711 1423//1711
f 1286//8 1262//8 1406//8
f 1276//1712 1423//1712 1262//1712
f 1388//1713 1261//1713 1457//1713
f 1317//1714 1457//1714 1261//1714
f 1274//1715 1261//1715 1388//1715
f 1270//1716 1260//1716 218//1716
f 1260//1717 217//1717 218//1717
f 1259//103 1270//103 1269//103
f 1269//103 1268//103 1259//103
f 1259//1718 1260//1718 1270//1718
f 1358//1719 1359//1719 1258//1719
f 217//1720 1258//1720 1359//1720
f 1447//1721 1480//1721 1257//1721
f 1326//1722 1257//1722 1480//1722
f 1446//1723 1256//1723 1462//1723
f 1323//1724 1462//1724 1256//1724
f 1266//103 1255//103 1267//103
f 1255//103 1266//103 1264//103
f 1494//1725 1254//1725 1528//1725
f 1279//1726 1254//1726 1494//1726
f 1264//1727 1528//1727 1254//1727
f 1264//1728 1254//1728 1255//1728
f 217//265 1260//265 1253//265
f 1260//1729 1259//1729 1253//1729
f 1258//1730 217//1730 1253//1730
f 1265//1731 1252//1731 1279//1731
f 1254//412 1279//412 1252//412
f 1254//1732 1252//1732 1255//1732
f 1367//1733 60//1733 1251//1733
f 61//1734 1251//1734 60//1734
f 1292//1735 1367//1735 1251//1735
f 1447//1736 1250//1736 1480//1736
f 1281//1737 1480//1737 1250//1737
f 1534//1738 1541//1738 1249//1738
f 1487//1739 1249//1739 1541//1739
f 1249//1740 1248//1740 1534//1740
f 1268//1741 1534//1741 1247//1741
f 1248//1740 1247//1740 1534//1740
f 1530//1742 1503//1742 1246//1742
f 1267//1743 1246//1743 1503//1743
f 1246//1740 1245//1740 1530//1740
f 1530//1744 1244//1744 1539//1744
f 1484//1745 1539//1745 1244//1745
f 1245//1740 1244//1740 1530//1740
f 1446//1746 1462//1746 1243//1746
f 1277//1747 1243//1747 1462//1747
f 1415//1748 1416//1748 1242//1748
f 1310//1749 1242//1749 1416//1749
f 1313//1750 1241//1750 1468//1750
f 1271//1751 1240//1751 1447//1751
f 1250//1752 1447//1752 1240//1752
f 1249//1753 1487//1753 1239//1753
f 1481//1754 1238//1754 1487//1754
f 1239//1755 1487//1755 1238//1755
f 1492//43 1484//43 1237//43
f 229//1756 1492//1756 1237//1756
f 1244//1757 1236//1757 1484//1757
f 1237//1758 1484//1758 1236//1758
f 1263//1759 1446//1759 1235//1759
f 1243//1760 1235//1760 1446//1760
f 1387//1761 1234//1761 1421//1761
f 1303//1762 1421//1762 1234//1762
f 1365//1763 1435//1763 1233//1763
f 1273//1764 1233//1764 1435//1764
f 1311//1765 1232//1765 1403//1765
f 1310//1766 1403//1766 1232//1766
f 1232//1767 1242//1767 1310//1767
f 1364//1768 1231//1768 225//1768
f 1272//1769 225//1769 1231//1769
f 1272//1770 1231//1770 1313//1770
f 1231//1771 1241//1771 1313//1771
f 1448//1772 1468//1772 1230//1772
f 1241//1773 1230//1773 1468//1773
f 1448//1774 1229//1774 1481//1774
f 1229//1775 1238//1775 1481//1775
f 1230//1776 1229//1776 1448//1776
f 1389//1777 231//1777 1228//1777
f 1337//1778 1389//1778 1227//1778
f 1228//1779 1227//1779 1389//1779
f 1375//1780 1226//1780 1422//1780
f 1275//1781 1422//1781 1226//1781
f 1303//1782 1225//1782 1386//1782
f 336//1783 1386//1783 1225//1783
f 1234//1784 1225//1784 1303//1784
f 1381//1785 1433//1785 1224//1785
f 219//1786 1224//1786 1433//1786
f 1364//1787 1332//1787 1223//1787
f 1231//1788 1364//1788 1223//1788
f 1273//1789 1302//1789 1222//1789
f 229//1790 1220//1790 231//1790
f 1237//1791 1220//1791 229//1791
f 1335//1792 1337//1792 1219//1792
f 1227//1793 1219//1793 1337//1793
f 1226//1794 1218//1794 1275//1794
f 1291//1795 1309//1795 1217//1795
f 1291//1796 1216//1796 1302//1796
f 1222//1797 1302//1797 1216//1797
f 1217//1798 1216//1798 1291//1798
f 1314//1799 1215//1799 1309//1799
f 1217//1800 1309//1800 1215//1800
f 1242//1801 1214//1801 1415//1801
f 1381//1802 1213//1802 1382//1802
f 1224//1803 1213//1803 1381//1803
f 1402//1804 212//1804 1414//1804
f 219//1805 1414//1805 212//1805
f 1221//1806 219//1806 212//1806
f 1363//1807 1382//1807 1212//1807
f 1213//1808 1212//1808 1382//1808
f 1223//1809 1332//1809 1211//1809
f 1211//1810 1332//1810 214//1810
f 1360//1811 1210//1811 1402//1811
f 212//1812 1402//1812 1210//1812
f 1378//1813 227//1813 1209//1813
f 1360//1814 1378//1814 1208//1814
f 1210//1815 1360//1815 1208//1815
f 1209//1816 1208//1816 1378//1816
f 227//1817 1430//1817 1207//1817
f 1209//1818 227//1818 1207//1818
f 54//43 1354//43 1205//43
f 1356//1819 54//1819 1204//1819
f 1204//1820 1206//1820 1356//1820
f 1205//43 1204//43 54//43
f 1353//1821 1203//1821 1354//1821
f 1205//1821 1354//1821 1203//1821
f 1347//1821 1201//1821 1349//1821
f 1202//1821 1349//1821 1201//1821
f 223//50 1200//50 1347//50
f 1201//50 1347//50 1200//50
f 1345//1822 1199//1822 223//1822
f 1324//1823 1199//1823 1345//1823
f 1200//1824 223//1824 1199//1824
f 1428//1825 1198//1825 1429//1825
f 1376//1826 1197//1826 1428//1826
f 1198//1827 1428//1827 1197//1827
f 1343//1828 1196//1828 1376//1828
f 1197//1829 1376//1829 1196//1829
f 1405//1830 1195//1830 1390//1830
f 1343//1831 1390//1831 1195//1831
f 1196//1832 1343//1832 1195//1832
f 65//1833 1335//1833 62//1833
f 1219//1834 62//1834 1335//1834
f 1275//1835 1194//1835 1405//1835
f 1218//1836 1194//1836 1275//1836
f 1195//1837 1405//1837 1194//1837
f 1336//1838 211//1838 1374//1838
f 1374//1839 215//1839 1375//1839
f 1226//1840 1375//1840 215//1840
f 211//1841 215//1841 1374//1841
f 211//1842 1226//1842 215//1842
f 64//1843 1193//1843 1387//1843
f 1234//1844 1387//1844 1193//1844
f 1304//1845 1192//1845 1305//1845
f 1292//1846 1191//1846 1288//1846
f 1288//1847 1190//1847 1304//1847
f 1192//1848 1304//1848 1190//1848
f 1190//1849 1288//1849 1191//1849
f 1251//1850 1189//1850 1292//1850
f 1191//1851 1292//1851 1189//1851
f 336//1852 1188//1852 61//1852
f 1251//1853 61//1853 1188//1853
f 1225//1854 1188//1854 336//1854
f 1311//1855 1365//1855 1187//1855
f 1233//1856 1187//1856 1365//1856
f 1232//1857 1311//1857 1187//1857
f 1314//1858 1372//1858 1186//1858
f 1215//1859 1314//1859 1186//1859
f 1372//1860 50//1860 1185//1860
f 1284//1861 1185//1861 50//1861
f 1186//1862 1372//1862 1185//1862
f 1272//1863 1184//1863 1284//1863
f 1185//1864 1284//1864 1184//1864
f 1313//1865 1363//1865 1183//1865
f 1272//1866 1313//1866 1183//1866
f 1183//1867 1184//1867 1272//1867
f 1383//1868 1415//1868 1182//1868
f 1214//1869 1182//1869 1415//1869
f 1332//1870 1383//1870 338//1870
f 338//1871 214//1871 1332//1871
f 1182//1872 338//1872 1383//1872
f 1400//1873 1181//1873 1430//1873
f 1207//1874 1430//1874 1181//1874
f 1327//1875 1179//1875 1370//1875
f 1325//1876 1179//1876 1327//1876
f 1180//1877 1370//1877 1179//1877
f 1370//1878 1178//1878 1400//1878
f 1181//1879 1400//1879 1178//1879
f 1180//1880 1178//1880 1370//1880
f 1356//1881 1177//1881 1325//1881
f 1177//1882 1356//1882 1206//1882
f 1179//1876 1325//1876 1177//1876
f 1290//1883 1447//1883 1176//1883
f 1257//1884 1176//1884 1447//1884
f 1289//1885 1174//1885 1446//1885
f 1256//1886 1446//1886 1174//1886
f 1322//1887 1173//1887 1324//1887
f 1199//1888 1324//1888 1173//1888
f 1369//1889 1392//1889 1172//1889
f 1322//1890 1369//1890 1171//1890
f 1173//1887 1322//1887 1171//1887
f 1172//1891 1170//1891 1369//1891
f 1170//1892 1171//1892 1369//1892
f 1392//1893 1429//1893 1169//1893
f 1169//1894 1429//1894 1198//1894
f 1172//1895 1392//1895 1169//1895
f 62//1896 64//1896 63//1896
f 63//1897 64//1897 67//1897
f 1168//1898 1193//1898 64//1898
f 67//1899 1168//1899 64//1899
f 1317//1900 1167//1900 1336//1900
f 1261//1901 1167//1901 1317//1901
f 1285//1902 1166//1902 1274//1902
f 1261//1903 1274//1903 1166//1903
f 1167//1904 1261//1904 1166//1904
f 1166//1905 1285//1905 1165//1905
f 1285//1906 1305//1906 1164//1906
f 1164//1907 1305//1907 1192//1907
f 1165//629 1285//629 1164//629
f 1298//43 1163//43 1308//43
f 1297//539 1163//539 1298//539
f 1175//539 1163//539 1297//539
f 1296//50 1306//50 1162//50
f 1296//515 1162//515 1297//515
f 1175//515 1297//515 1162//515
f 1213//1908 1224//1908 1161//1908
f 1176//1909 1257//1909 1160//1909
f 1353//1910 1355//1910 1159//1910
f 1203//1911 1353//1911 1159//1911
f 1163//43 1158//43 1308//43
f 1307//1912 1308//1912 1157//1912
f 1306//1913 1307//1913 1157//1913
f 1158//1914 1157//1914 1308//1914
f 1162//50 1306//50 1156//50
f 1157//1915 1156//1915 1306//1915
f 1348//1916 1349//1916 1155//1916
f 1202//1917 1155//1917 1349//1917
f 1174//1088 1154//1088 1256//1088
f 215//1918 1153//1918 211//1918
f 1224//1919 219//1919 213//1919
f 1221//1920 213//1920 219//1920
f 212//1921 213//1921 1221//1921
f 1161//1922 1224//1922 213//1922
f 1352//1923 1152//1923 1355//1923
f 1159//1924 1355//1924 1152//1924
f 1348//1925 1151//1925 1350//1925
f 1155//1926 1151//1926 1348//1926
f 1412//1927 1413//1927 1150//1927
f 1330//1928 1150//1928 1413//1928
f 1443//1929 1431//1929 1149//1929
f 66//1930 1443//1930 1149//1930
f 1301//1931 1148//1931 1326//1931
f 1300//1932 1147//1932 1301//1932
f 1299//1933 1147//1933 1300//1933
f 1148//1934 1301//1934 1147//1934
f 1147//1933 1299//1933 1146//1933
f 1257//1310 1326//1310 1145//1310
f 1160//1935 1257//1935 1145//1935
f 1148//1936 1145//1936 1326//1936
f 1351//1937 1144//1937 1352//1937
f 1350//1938 1144//1938 1351//1938
f 1152//1939 1352//1939 1144//1939
f 1144//1940 1350//1940 1151//1940
f 1293//1941 1323//1941 1143//1941
f 1256//1942 1143//1942 1323//1942
f 1154//1943 1143//1943 1256//1943
f 1294//1944 1295//1944 1142//1944
f 1293//1945 1142//1945 1295//1945
f 1142//1944 1141//1944 1294//1944
f 1143//1946 1140//1946 1293//1946
f 1140//1947 1142//1947 1293//1947
f 1438//1948 1439//1948 1139//1948
f 1342//1949 1139//1949 1439//1949
f 1425//1950 1426//1950 1138//1950
f 1341//1951 1425//1951 1138//1951
f 1218//1952 1226//1952 1137//1952
f 1194//1953 1218//1953 1137//1953
f 211//1954 1137//1954 1226//1954
f 1153//1955 1137//1955 211//1955
f 1149//1956 208//1956 66//1956
f 1139//1957 1342//1957 1136//1957
f 67//1958 64//1958 68//1958
f 1377//1959 1134//1959 1398//1959
f 1135//1960 1134//1960 1377//1960
f 1394//1961 1132//1961 1408//1961
f 1394//1962 1395//1962 1132//1962
f 1133//1963 1132//1963 1395//1963
f 1287//1964 1131//1964 1299//1964
f 1287//1965 1282//1965 1131//1965
f 1146//8 1299//8 1131//8
f 1397//1966 1399//1966 1130//1966
f 1129//1967 1408//1967 1132//1967
f 1286//1968 1294//1968 1128//1968
f 1262//1969 1286//1969 1128//1969
f 1141//8 1128//8 1294//8
f 1320//539 1127//539 1342//539
f 1136//1970 1342//1970 1127//1970
f 1233//1971 1273//1971 1126//1971
f 1222//1972 1126//1972 1273//1972
f 1312//1973 1125//1973 1330//1973
f 1150//1974 1330//1974 1125//1974
f 1412//1975 1124//1975 1431//1975
f 1150//1976 1124//1976 1412//1976
f 1149//1977 1431//1977 1124//1977
f 1358//1978 1123//1978 1328//1978
f 1258//1979 1123//1979 1358//1979
f 1377//1980 1409//1980 1122//1980
f 1135//1981 1377//1981 1122//1981
f 1396//1982 1408//1982 1121//1982
f 1129//1983 1121//1983 1408//1983
f 220//1984 1120//1984 221//1984
f 1265//1985 221//1985 1120//1985
f 1438//1986 1119//1986 1426//1986
f 1139//1987 1119//1987 1438//1987
f 1138//1988 1426//1988 1119//1988
f 1318//1989 1341//1989 1118//1989
f 1138//1990 1118//1990 1341//1990
f 1242//1991 1232//1991 1117//1991
f 1214//1992 1242//1992 1117//1992
f 1187//1993 1117//1993 1232//1993
f 57//1994 1116//1994 1331//1994
f 1328//1995 1115//1995 57//1995
f 1115//1996 1328//1996 1123//1996
f 1116//1997 57//1997 1115//1997
f 1176//1998 1113//1998 1290//1998
f 1409//1999 1397//1999 1112//1999
f 1130//1464 1112//1464 1397//1464
f 1122//2000 1409//2000 1112//2000
f 1393//2001 1396//2001 1110//2001
f 1121//2002 1110//2002 1396//2002
f 1111//2003 1393//2003 1110//2003
f 1174//2004 1289//2004 1109//2004
f 334//2005 1107//2005 220//2005
f 1120//2006 220//2006 1107//2006
f 1319//2007 1106//2007 334//2007
f 1107//2008 334//2008 1106//2008
f 1225//2009 1234//2009 1105//2009
f 1193//2010 1105//2010 1234//2010
f 1188//2011 1225//2011 1105//2011
f 1216//43 1217//43 70//43
f 1215//2012 70//2012 1217//2012
f 1216//2013 1104//2013 1222//2013
f 1126//2014 1222//2014 1104//2014
f 70//43 1104//43 1216//43
f 1184//2015 1103//2015 1185//2015
f 1282//2016 1283//2016 1102//2016
f 1280//2017 1102//2017 1283//2017
f 1131//8 1282//8 1101//8
f 1102//2016 1101//2016 1282//2016
f 1280//2018 1281//2018 1100//2018
f 1102//2019 1280//2019 1100//2019
f 1312//2020 1331//2020 1099//2020
f 1125//2021 1312//2021 1099//2021
f 1116//2022 1099//2022 1331//2022
f 208//2023 1149//2023 1098//2023
f 1134//2024 1135//2024 1098//2024
f 1124//2025 1098//2025 1149//2025
f 1290//2026 1097//2026 1399//2026
f 1130//2027 1399//2027 1097//2027
f 1113//2028 1097//2028 1290//2028
f 1289//2029 1393//2029 1096//2029
f 1111//2030 1096//2030 1393//2030
f 1109//2031 1289//2031 1096//2031
f 1136//2032 1095//2032 1139//2032
f 1132//2033 1133//2033 1095//2033
f 1119//2034 1139//2034 1095//2034
f 1318//2035 1094//2035 1319//2035
f 1118//2036 1094//2036 1318//2036
f 1106//2037 1319//2037 1094//2037
f 1277//2038 1278//2038 1093//2038
f 1276//2039 1092//2039 1278//2039
f 1262//2040 1092//2040 1276//2040
f 1093//2041 1278//2041 1092//2041
f 1128//2042 1091//2042 1262//2042
f 1092//2043 1262//2043 1091//2043
f 1165//2044 1090//2044 1166//2044
f 1189//2045 1089//2045 1191//2045
f 1190//2046 1088//2046 1192//2046
f 1191//2047 1088//2047 1190//2047
f 1088//2048 1191//2048 1089//2048
f 1184//2049 1183//2049 202//2049
f 202//2050 1103//2050 1184//2050
f 1241//2051 1231//2051 207//2051
f 1223//2052 207//2052 1231//2052
f 1362//2053 1371//2053 83//2053
f 1361//2054 83//2054 1371//2054
f 210//2055 83//2055 1361//2055
f 209//2056 83//2056 210//2056
f 1268//2057 1087//2057 1259//2057
f 1253//2058 1259//2058 1087//2058
f 1114//2059 1087//2059 1268//2059
f 1098//2023 1086//2023 208//2023
f 1098//2060 1135//2060 1086//2060
f 1398//2061 1085//2061 1441//2061
f 1134//2062 1085//2062 1398//2062
f 1133//2063 1395//2063 1084//2063
f 1084//2064 1095//2064 1133//2064
f 1095//2065 1136//2065 1083//2065
f 1095//2066 1083//2066 1132//2066
f 1255//2067 1082//2067 1267//2067
f 1252//2068 1082//2068 1255//2068
f 1108//2069 1267//2069 1082//2069
f 1340//2070 1368//2070 1081//2070
f 1340//2071 1081//2071 1320//2071
f 1127//2072 1320//2072 1081//2072
f 1219//2073 1227//2073 1080//2073
f 1166//2074 1079//2074 1167//2074
f 1079//2075 1166//2075 1090//2075
f 1089//2076 1189//2076 1078//2076
f 1185//2077 1077//2077 1186//2077
f 1103//2078 1077//2078 1185//2078
f 1211//2079 1076//2079 1223//2079
f 207//2080 1223//2080 1076//2080
f 1212//2081 1213//2081 1075//2081
f 1230//2082 1241//2082 341//2082
f 207//2083 341//2083 1241//2083
f 1250//2084 1074//2084 1281//2084
f 1100//2085 1281//2085 1074//2085
f 1240//2086 1073//2086 1250//2086
f 1074//2087 1250//2087 1073//2087
f 1240//2088 1271//2088 1072//2088
f 1253//2089 1071//2089 1258//2089
f 1123//2090 1258//2090 1071//2090
f 1087//2091 1071//2091 1253//2091
f 1125//2092 1070//2092 1150//2092
f 1124//2093 1150//2093 1070//2093
f 1159//2094 1069//2094 1203//2094
f 1204//2095 1205//2095 1068//2095
f 1206//2096 1204//2096 1067//2096
f 76//2097 1206//2097 1067//2097
f 1068//2095 1067//2095 1204//2095
f 1203//103 1066//103 1205//103
f 1069//2098 1066//2098 1203//2098
f 1068//103 1205//103 1066//103
f 1152//2099 1065//2099 1159//2099
f 1069//2100 1159//2100 1065//2100
f 1151//2101 1155//2101 1064//2101
f 1155//2102 1202//2102 1062//2102
f 1064//2103 1155//2103 1062//2103
f 1063//2104 1062//2104 1202//2104
f 1201//103 1061//103 1202//103
f 1063//103 1202//103 1061//103
f 1200//2105 1060//2105 1201//2105
f 1061//2105 1201//2105 1060//2105
f 1199//2106 206//2106 1200//2106
f 1173//2107 206//2107 1199//2107
f 1060//2108 1200//2108 206//2108
f 74//1493 77//1493 206//1493
f 1119//2109 1059//2109 1138//2109
f 1118//2110 1138//2110 1059//2110
f 1252//2111 1265//2111 1058//2111
f 1120//2112 1058//2112 1265//2112
f 1082//2113 1252//2113 1058//2113
f 1228//2114 231//2114 1057//2114
f 1220//2115 1057//2115 231//2115
f 1235//2116 1056//2116 1263//2116
f 1235//2117 1243//2117 1055//2117
f 1243//2118 1277//2118 1054//2118
f 1093//2119 1054//2119 1277//2119
f 1055//2120 1243//2120 1054//2120
f 1227//2121 1228//2121 1053//2121
f 1080//2122 1227//2122 1053//2122
f 1057//2123 1053//2123 1228//2123
f 62//2124 1219//2124 69//2124
f 68//2125 62//2125 69//2125
f 1080//2126 69//2126 1219//2126
f 1164//2127 1052//2127 1165//2127
f 1090//2128 1165//2128 1052//2128
f 1187//2129 1233//2129 1051//2129
f 1126//2130 1051//2130 1233//2130
f 1117//2131 1187//2131 1051//2131
f 70//2012 1215//2012 201//2012
f 1117//2132 1050//2132 1214//2132
f 1182//2133 1214//2133 205//2133
f 338//2134 1182//2134 205//2134
f 1050//2135 205//2135 1214//2135
f 214//2136 204//2136 1211//2136
f 214//2137 338//2137 204//2137
f 204//2138 1076//2138 1211//2138
f 204//2139 338//2139 205//2139
f 341//2140 1049//2140 1230//2140
f 1048//2141 1073//2141 1240//2141
f 1048//2142 1240//2142 1072//2142
f 1271//2143 1362//2143 193//2143
f 83//2144 193//2144 1362//2144
f 1113//2145 1176//2145 1047//2145
f 1206//2146 198//2146 1177//2146
f 198//2147 1206//2147 76//2147
f 1144//2148 1045//2148 1152//2148
f 1151//2149 1045//2149 1144//2149
f 1065//2150 1152//2150 1045//2150
f 1045//2151 1151//2151 1064//2151
f 206//2152 1173//2152 72//2152
f 1109//2153 1043//2153 1174//2153
f 1338//2154 1042//2154 1368//2154
f 1263//2155 1042//2155 1338//2155
f 1081//2156 1368//2156 1042//2156
f 1056//2157 1235//2157 1041//2157
f 1055//2158 1041//2158 1235//2158
f 215//2159 211//2159 1040//2159
f 63//2160 62//2160 203//2160
f 68//2161 67//2161 203//2161
f 67//2162 63//2162 73//2162
f 1168//2163 67//2163 73//2163
f 68//2164 63//2164 73//2164
f 69//2165 68//2165 73//2165
f 203//2166 67//2166 73//2166
f 1105//2167 1193//2167 1039//2167
f 1192//2168 1038//2168 1164//2168
f 1052//2169 1164//2169 1038//2169
f 1088//2170 1037//2170 1192//2170
f 1038//2171 1192//2171 1037//2171
f 1189//2172 1251//2172 1036//2172
f 1188//2173 1036//2173 1251//2173
f 1105//2174 1036//2174 1188//2174
f 1078//2175 1189//2175 1036//2175
f 1186//2176 1035//2176 1215//2176
f 1077//2177 1035//2177 1186//2177
f 201//2178 1215//2178 1035//2178
f 1212//2179 90//2179 1363//2179
f 1183//2180 1363//2180 90//2180
f 1075//2181 90//2181 1212//2181
f 1160//2182 1034//2182 1176//2182
f 1145//2183 1034//2183 1160//2183
f 1047//2184 1176//2184 1034//2184
f 1066//2185 1069//2185 1033//2185
f 1066//103 1033//103 1068//103
f 1062//2186 1063//2186 1033//2186
f 1154//2187 1174//2187 1032//2187
f 1043//2188 1032//2188 1174//2188
f 1193//2189 1168//2189 1031//2189
f 73//2190 1031//2190 1168//2190
f 1039//2191 1193//2191 1031//2191
f 1104//2192 1030//2192 1126//2192
f 201//2193 1029//2193 70//2193
f 202//2194 1183//2194 80//2194
f 341//2195 207//2195 80//2195
f 80//2196 1183//2196 90//2196
f 1072//2197 1271//2197 1028//2197
f 193//2198 1028//2198 1271//2198
f 1247//2199 1027//2199 1268//2199
f 1247//2200 1248//2200 1027//2200
f 1114//2201 1268//2201 1027//2201
f 209//2202 208//2202 1026//2202
f 1122//2203 1026//2203 1135//2203
f 83//2194 209//2194 1026//2194
f 1086//2204 1026//2204 208//2204
f 1086//2205 1135//2205 1026//2205
f 1179//2206 1025//2206 1180//2206
f 1177//2207 1025//2207 1179//2207
f 1099//2208 1024//2208 1125//2208
f 1070//2209 1125//2209 1024//2209
f 198//2210 1023//2210 1177//2210
f 1025//2211 1177//2211 1023//2211
f 1065//2212 1019//2212 1069//2212
f 1062//2213 1019//2213 1064//2213
f 1045//2214 1019//2214 1065//2214
f 1064//2215 1019//2215 1045//2215
f 1019//2216 1033//2216 1069//2216
f 1019//2217 1062//2217 1033//2217
f 1067//2218 1068//2218 1018//2218
f 1061//103 1018//103 1063//103
f 1033//103 1018//103 1068//103
f 1033//103 1063//103 1018//103
f 1163//2219 1175//2219 1017//2219
f 1162//2220 1017//2220 1175//2220
f 1171//2221 1013//2221 1173//2221
f 72//2222 1173//2222 1013//2222
f 1094//2223 1118//2223 1012//2223
f 1059//2224 1012//2224 1118//2224
f 1171//2225 1170//2225 1011//2225
f 1013//2226 1171//2226 1011//2226
f 1132//2227 1010//2227 1129//2227
f 1127//2228 1010//2228 1136//2228
f 1121//2229 1129//2229 1010//2229
f 1083//2230 1136//2230 1010//2230
f 1083//2231 1010//2231 1132//2231
f 1246//2232 1267//2232 1009//2232
f 1245//2200 1246//2200 1009//2200
f 1108//2233 1009//2233 1267//2233
f 1056//2234 1008//2234 1263//2234
f 1042//2235 1263//2235 1008//2235
f 1079//2236 1007//2236 1167//2236
f 1089//2237 1005//2237 1088//2237
f 1037//2238 1088//2238 1004//2238
f 1005//2237 1004//2237 1088//2237
f 1071//2239 1003//2239 1123//2239
f 1017//2240 1002//2240 1163//2240
f 1067//2241 1001//2241 76//2241
f 1060//2242 1001//2242 1061//2242
f 1018//2243 1001//2243 1067//2243
f 1018//2244 1061//2244 1001//2244
f 75//2245 198//2245 199//2245
f 72//2246 197//2246 199//2246
f 1017//2247 1162//2247 1000//2247
f 1058//2248 1120//2248 999//2248
f 211//2249 1336//2249 188//2249
f 1167//2250 188//2250 1336//2250
f 1040//2251 211//2251 188//2251
f 1007//2252 188//2252 1167//2252
f 1078//2253 998//2253 1089//2253
f 1005//2254 1089//2254 998//2254
f 1104//2255 70//2255 200//2255
f 1035//2256 200//2256 201//2256
f 1029//2257 200//2257 70//2257
f 1029//1182 201//1182 200//1182
f 1051//2258 997//2258 1117//2258
f 1050//2259 1117//2259 997//2259
f 1103//2260 202//2260 196//2260
f 1076//2261 196//2261 207//2261
f 80//2262 207//2262 196//2262
f 1208//2263 996//2263 1210//2263
f 1208//2264 1209//2264 996//2264
f 1098//2265 995//2265 1134//2265
f 1098//2266 1124//2266 995//2266
f 1085//2267 1134//2267 995//2267
f 1070//2268 995//2268 1124//2268
f 1046//2269 995//2269 1070//2269
f 1020//2270 1085//2270 995//2270
f 1020//2271 995//2271 1046//2271
f 1115//2272 994//2272 1116//2272
f 1046//2273 1070//2273 993//2273
f 1024//2274 993//2274 1070//2274
f 1022//2275 993//2275 1024//2275
f 1021//2276 1046//2276 993//2276
f 1158//2277 1163//2277 990//2277
f 1002//2278 990//2278 1163//2278
f 74//2279 77//2279 71//2279
f 206//168 71//168 1060//168
f 206//2280 77//2280 71//2280
f 206//2281 74//2281 71//2281
f 75//2282 198//2282 71//2282
f 75//2283 78//2283 71//2283
f 78//2284 198//2284 71//2284
f 72//2285 77//2285 71//2285
f 72//2286 74//2286 71//2286
f 72//2287 206//2287 71//2287
f 1001//2288 71//2288 76//2288
f 1001//2289 1060//2289 71//2289
f 71//2290 75//2290 199//2290
f 71//2291 77//2291 199//2291
f 1156//2292 989//2292 1162//2292
f 1000//2293 1162//2293 989//2293
f 1059//2294 1044//2294 987//2294
f 1015//2295 987//2295 1044//2295
f 1012//2296 1059//2296 987//2296
f 1012//2297 987//2297 1014//2297
f 988//2298 1014//2298 987//2298
f 1106//2299 986//2299 1107//2299
f 1095//2300 985//2300 1119//2300
f 1095//2301 1084//2301 985//2301
f 1059//2302 1119//2302 985//2302
f 1059//2303 985//2303 1044//2303
f 1016//2304 985//2304 1084//2304
f 1016//2305 1044//2305 985//2305
f 1196//2306 984//2306 1197//2306
f 1195//2307 984//2307 1196//2307
f 1053//2308 983//2308 1080//2308
f 1006//2309 1080//2309 983//2309
f 1006//2310 983//2310 1007//2310
f 1090//2311 982//2311 1079//2311
f 69//2312 1080//2312 982//2312
f 1052//2313 982//2313 1090//2313
f 1007//2314 1079//2314 982//2314
f 1006//2315 982//2315 1080//2315
f 1006//2316 1007//2316 982//2316
f 73//2317 203//2317 981//2317
f 981//2318 1005//2318 998//2318
f 1039//2319 980//2319 1105//2319
f 1036//2320 1105//2320 980//2320
f 1036//2321 980//2321 1078//2321
f 998//2322 1078//2322 980//2322
f 1037//2323 979//2323 1038//2323
f 1004//2324 979//2324 1037//2324
f 1004//2325 1005//2325 979//2325
f 1051//2326 1126//2326 978//2326
f 1030//2327 978//2327 1126//2327
f 997//2328 1051//2328 978//2328
f 205//2329 1050//2329 977//2329
f 205//2330 977//2330 204//2330
f 997//2331 977//2331 1050//2331
f 1077//2332 1103//2332 976//2332
f 1035//2333 1077//2333 976//2333
f 200//2334 1035//2334 976//2334
f 196//2335 976//2335 1103//2335
f 1027//2336 1248//2336 974//2336
f 1178//2337 1180//2337 973//2337
f 1025//2338 973//2338 1180//2338
f 1023//176 973//176 1025//176
f 1087//2339 1114//2339 972//2339
f 75//2340 78//2340 79//2340
f 1023//2341 198//2341 79//2341
f 973//176 1023//176 79//176
f 76//2342 198//2342 81//2342
f 75//2343 78//2343 81//2343
f 199//2344 76//2344 81//2344
f 199//2345 75//2345 81//2345
f 199//2346 77//2346 81//2346
f 199//2347 72//2347 81//2347
f 71//2348 76//2348 81//2348
f 71//2349 74//2349 81//2349
f 71//2350 198//2350 81//2350
f 79//2351 78//2351 81//2351
f 1157//2352 1158//2352 969//2352
f 1156//2353 1157//2353 969//2353
f 990//2354 969//2354 1158//2354
f 989//2355 1156//2355 969//2355
f 72//2356 74//2356 82//2356
f 72//2357 197//2357 82//2357
f 1013//2358 82//2358 72//2358
f 81//2359 82//2359 74//2359
f 81//2360 82//2360 197//2360
f 81//2361 72//2361 82//2361
f 1082//2362 967//2362 1108//2362
f 1170//2363 1172//2363 965//2363
f 1011//2364 1170//2364 965//2364
f 1011//176 965//176 1013//176
f 82//176 1013//176 965//176
f 1009//2365 964//2365 1245//2365
f 1038//2366 963//2366 1052//2366
f 982//2367 1052//2367 963//2367
f 979//2368 963//2368 1038//2368
f 1031//2369 73//2369 962//2369
f 1031//2370 962//2370 1039//2370
f 981//2371 962//2371 73//2371
f 998//2372 962//2372 981//2372
f 980//2373 1039//2373 962//2373
f 980//2374 962//2374 998//2374
f 1030//849 1104//849 961//849
f 200//2375 961//2375 1104//2375
f 961//2376 978//2376 1030//2376
f 961//2377 997//2377 978//2377
f 961//2378 977//2378 997//2378
f 961//2379 200//2379 976//2379
f 1076//2380 204//2380 195//2380
f 80//2381 202//2381 195//2381
f 196//2382 195//2382 202//2382
f 196//2383 1076//2383 195//2383
f 196//2384 80//2384 195//2384
f 977//2385 195//2385 204//2385
f 976//2386 196//2386 195//2386
f 977//2387 961//2387 195//2387
f 976//2388 195//2388 961//2388
f 1161//2389 89//2389 1213//2389
f 1075//2390 1213//2390 89//2390
f 90//2391 1075//2391 89//2391
f 1210//2392 960//2392 212//2392
f 996//2393 960//2393 1210//2393
f 1229//2394 1230//2394 959//2394
f 1049//2395 959//2395 1230//2395
f 959//2396 975//2396 1229//2396
f 1239//2397 958//2397 1249//2397
f 1238//2398 958//2398 1239//2398
f 1238//542 1229//542 957//542
f 975//2399 957//2399 1229//2399
f 958//2398 1238//2398 957//2398
f 1099//2400 1116//2400 956//2400
f 1024//2401 1099//2401 956//2401
f 1022//2402 1024//2402 956//2402
f 994//2403 956//2403 1116//2403
f 992//2404 1022//2404 955//2404
f 956//2402 955//2402 1022//2402
f 956//2405 994//2405 955//2405
f 993//2406 1022//2406 954//2406
f 993//2407 954//2407 1021//2407
f 992//2408 954//2408 1022//2408
f 954//2409 970//2409 1021//2409
f 987//2410 1015//2410 950//2410
f 987//2411 950//2411 988//2411
f 968//2412 950//2412 1015//2412
f 988//2413 949//2413 1014//2413
f 1094//2414 948//2414 1106//2414
f 1012//2415 948//2415 1094//2415
f 1012//2416 1014//2416 948//2416
f 986//2417 1106//2417 948//2417
f 949//2416 948//2416 1014//2416
f 949//2418 986//2418 948//2418
f 1236//2419 1244//2419 946//2419
f 1236//2420 946//2420 1237//2420
f 947//2420 1237//2420 946//2420
f 1220//2421 1237//2421 945//2421
f 1057//2422 1220//2422 945//2422
f 947//2423 945//2423 1237//2423
f 984//2424 1195//2424 944//2424
f 1153//2425 215//2425 91//2425
f 1040//2426 91//2426 215//2426
f 188//2427 91//2427 1040//2427
f 203//2428 69//2428 943//2428
f 982//2429 943//2429 69//2429
f 981//2317 203//2317 943//2317
f 981//2430 943//2430 1005//2430
f 979//2431 1005//2431 943//2431
f 963//2432 943//2432 982//2432
f 963//2433 979//2433 943//2433
f 213//2434 212//2434 942//2434
f 960//2435 942//2435 212//2435
f 996//2436 1209//2436 941//2436
f 1026//2437 1122//2437 192//2437
f 1026//2438 192//2438 83//2438
f 973//2439 940//2439 1178//2439
f 79//176 940//176 973//176
f 1123//2440 939//2440 1115//2440
f 1003//2441 939//2441 1123//2441
f 994//2442 1115//2442 939//2442
f 1003//2443 1071//2443 938//2443
f 971//2444 1003//2444 938//2444
f 952//2445 971//2445 938//2445
f 955//2446 937//2446 992//2446
f 81//2447 936//2447 79//2447
f 940//176 79//176 936//176
f 952//103 933//103 971//103
f 934//103 971//103 933//103
f 936//103 81//103 931//103
f 1002//2448 1017//2448 930//2448
f 1000//2449 930//2449 1017//2449
f 990//2450 1002//2450 930//2450
f 989//2451 930//2451 1000//2451
f 969//2452 990//2452 930//2452
f 969//2453 930//2453 989//2453
f 953//2454 339//2454 991//2454
f 87//1464 340//1464 85//1464
f 339//1790 88//1790 340//1790
f 966//103 928//103 952//103
f 928//103 966//103 927//103
f 82//2455 926//2455 81//2455
f 931//103 81//103 926//103
f 949//2456 988//2456 925//2456
f 999//2457 924//2457 1058//2457
f 966//2458 924//2458 999//2458
f 966//2459 952//2459 924//2459
f 1107//2460 923//2460 1120//2460
f 999//2461 1120//2461 923//2461
f 986//2462 923//2462 1107//2462
f 965//2463 1172//2463 922//2463
f 965//176 922//176 82//176
f 926//176 82//176 922//176
f 1081//2464 921//2464 1127//2464
f 1010//2465 1127//2465 921//2465
f 1010//2466 921//2466 1121//2466
f 984//2467 920//2467 1197//2467
f 1194//2468 919//2468 1195//2468
f 1137//2469 919//2469 1194//2469
f 944//2470 1195//2470 919//2470
f 213//2471 918//2471 1161//2471
f 89//2472 1161//2472 918//2472
f 1248//2473 1249//2473 917//2473
f 974//2474 1248//2474 917//2474
f 958//2475 917//2475 1249//2475
f 1207//2476 916//2476 1209//2476
f 1181//2477 916//2477 1207//2477
f 941//2478 1209//2478 916//2478
f 1071//2479 1087//2479 915//2479
f 972//103 915//103 1087//103
f 915//2480 938//2480 1071//2480
f 915//103 972//103 935//103
f 937//2481 914//2481 992//2481
f 914//2482 932//2482 992//2482
f 913//2483 339//2483 953//2483
f 913//2484 88//2484 339//2484
f 932//2485 914//2485 911//2485
f 911//2486 910//2486 932//2486
f 910//2487 911//2487 929//2487
f 87//1060 85//1060 86//1060
f 339//2488 86//2488 88//2488
f 340//1060 86//1060 85//1060
f 340//2488 88//2488 86//2488
f 340//1464 87//1464 86//1464
f 340//1790 86//1790 339//1790
f 929//2489 909//2489 988//2489
f 909//2490 925//2490 988//2490
f 929//2485 911//2485 909//2485
f 1058//2491 908//2491 1082//2491
f 967//2492 1082//2492 908//2492
f 967//103 908//103 951//103
f 908//2493 1058//2493 924//2493
f 912//103 951//103 908//103
f 1197//2494 907//2494 1198//2494
f 1198//2495 907//2495 1169//2495
f 907//2496 1197//2496 920//2496
f 1244//2497 1245//2497 906//2497
f 964//2498 906//2498 1245//2498
f 946//2499 1244//2499 906//2499
f 1054//2500 905//2500 1055//2500
f 1041//2501 1055//2501 905//2501
f 1137//2502 1153//2502 904//2502
f 91//2503 904//2503 1153//2503
f 957//2504 903//2504 958//2504
f 917//2505 958//2505 903//2505
f 1097//2506 1113//2506 902//2506
f 1028//2507 902//2507 1072//2507
f 1178//2508 901//2508 1181//2508
f 940//1341 901//1341 1178//1341
f 916//2509 1181//2509 901//2509
f 1112//2510 1130//2510 84//2510
f 1112//2511 84//2511 1122//2511
f 192//2512 1122//2512 84//2512
f 1145//2513 1148//2513 900//2513
f 971//2514 899//2514 1003//2514
f 955//2515 994//2515 899//2515
f 939//2516 1003//2516 899//2516
f 939//2515 899//2515 994//2515
f 937//2517 955//2517 899//2517
f 934//2518 899//2518 971//2518
f 970//2519 898//2519 991//2519
f 970//2520 954//2520 898//2520
f 953//2521 991//2521 898//2521
f 913//2522 953//2522 898//2522
f 954//2523 992//2523 897//2523
f 932//2524 897//2524 992//2524
f 910//2525 897//2525 932//2525
f 898//2526 954//2526 897//2526
f 938//2527 896//2527 952//2527
f 924//2528 952//2528 896//2528
f 924//2529 896//2529 908//2529
f 950//2530 895//2530 988//2530
f 929//2531 988//2531 895//2531
f 929//2532 895//2532 910//2532
f 968//2533 85//2533 191//2533
f 950//2534 968//2534 191//2534
f 86//2535 85//2535 191//2535
f 895//2536 950//2536 191//2536
f 966//2537 999//2537 894//2537
f 949//2538 894//2538 986//2538
f 927//2539 966//2539 894//2539
f 925//2540 894//2540 949//2540
f 923//2541 894//2541 999//2541
f 923//2538 986//2538 894//2538
f 1140//2542 1143//2542 893//2542
f 1110//2543 1121//2543 892//2543
f 1110//2544 892//2544 1111//2544
f 1042//2545 892//2545 1081//2545
f 921//2546 892//2546 1121//2546
f 921//2547 1081//2547 892//2547
f 1169//2548 891//2548 1172//2548
f 922//2549 1172//2549 891//2549
f 907//2550 891//2550 1169//2550
f 1096//2551 890//2551 1109//2551
f 1008//2552 1056//2552 890//2552
f 946//2553 889//2553 947//2553
f 906//2554 889//2554 946//2554
f 1049//2555 341//2555 888//2555
f 959//2556 1049//2556 888//2556
f 1073//2557 1048//2557 887//2557
f 1034//2558 887//2558 1047//2558
f 1072//2559 886//2559 1048//2559
f 1047//2560 886//2560 1113//2560
f 886//2561 902//2561 1113//2561
f 886//2562 1072//2562 902//2562
f 887//2563 1048//2563 886//2563
f 887//2564 886//2564 1047//2564
f 1034//1342 1145//1342 885//1342
f 900//2565 885//2565 1145//2565
f 887//2566 1034//2566 885//2566
f 1027//2567 884//2567 1114//2567
f 972//2568 1114//2568 884//2568
f 935//2569 972//2569 884//2569
f 912//2570 935//2570 884//2570
f 897//2525 910//2525 883//2525
f 883//2532 910//2532 895//2532
f 1009//2571 1108//2571 882//2571
f 967//2572 882//2572 1108//2572
f 967//2573 951//2573 882//2573
f 912//2574 882//2574 951//2574
f 1043//2575 1109//2575 881//2575
f 1041//2576 881//2576 1056//2576
f 890//2577 881//2577 1109//2577
f 890//2578 1056//2578 881//2578
f 1032//2579 1043//2579 880//2579
f 905//2580 880//2580 1041//2580
f 881//2581 880//2581 1043//2581
f 881//2582 1041//2582 880//2582
f 945//2583 879//2583 1057//2583
f 91//2584 188//2584 92//2584
f 1147//2585 878//2585 1148//2585
f 1146//2586 878//2586 1147//2586
f 900//2587 1148//2587 878//2587
f 933//204 877//204 934//204
f 899//2588 877//2588 937//2588
f 899//2589 934//2589 877//2589
f 933//2590 952//2590 876//2590
f 928//2591 876//2591 952//2591
f 911//1766 914//1766 876//1766
f 909//1766 911//1766 876//1766
f 927//204 875//204 928//204
f 894//2592 875//2592 927//2592
f 894//2593 925//2593 875//2593
f 1141//2594 1142//2594 874//2594
f 1142//2595 1140//2595 874//2595
f 893//2596 874//2596 1140//2596
f 1131//8 873//8 1146//8
f 873//2597 878//2597 1146//2597
f 914//2598 937//2598 872//2598
f 877//2599 872//2599 937//2599
f 877//2600 933//2600 872//2600
f 872//2601 933//2601 876//2601
f 872//2602 876//2602 914//2602
f 898//2603 871//2603 913//2603
f 897//2604 871//2604 898//2604
f 883//2605 871//2605 897//2605
f 884//2606 870//2606 912//2606
f 882//2574 912//2574 870//2574
f 938//2607 915//2607 869//2607
f 935//103 869//103 915//103
f 912//103 869//103 935//103
f 908//103 869//103 912//103
f 896//2608 938//2608 869//2608
f 896//2609 869//2609 908//2609
f 913//2610 868//2610 88//2610
f 86//2611 88//2611 868//2611
f 871//2612 868//2612 913//2612
f 871//2613 883//2613 868//2613
f 191//2614 86//2614 867//2614
f 191//2615 867//2615 895//2615
f 895//2616 867//2616 883//2616
f 868//2617 867//2617 86//2617
f 868//2613 883//2613 867//2613
f 925//2618 909//2618 866//2618
f 876//2591 928//2591 866//2591
f 876//2619 866//2619 909//2619
f 866//2620 928//2620 875//2620
f 866//2621 875//2621 925//2621
f 1143//2622 1154//2622 865//2622
f 1032//2623 865//2623 1154//2623
f 893//2624 1143//2624 865//2624
f 880//2625 865//2625 1032//2625
f 1128//8 1141//8 864//8
f 874//2626 864//2626 1141//2626
f 1053//2627 1057//2627 863//2627
f 983//2628 1053//2628 863//2628
f 879//2629 863//2629 1057//2629
f 1074//2630 861//2630 1100//2630
f 1097//2631 860//2631 1130//2631
f 1028//2632 193//2632 860//2632
f 902//2633 860//2633 1097//2633
f 902//2634 1028//2634 860//2634
f 84//2635 1130//2635 860//2635
f 84//2636 860//2636 193//2636
f 1096//2637 1111//2637 859//2637
f 1008//2638 859//2638 1042//2638
f 892//2639 859//2639 1111//2639
f 892//2640 1042//2640 859//2640
f 890//2641 1096//2641 859//2641
f 890//2642 859//2642 1008//2642
f 100//2643 857//2643 188//2643
f 942//2644 856//2644 213//2644
f 80//2645 189//2645 341//2645
f 90//2646 189//2646 80//2646
f 918//2647 189//2647 89//2647
f 888//2648 341//2648 189//2648
f 1101//2649 1102//2649 855//2649
f 1100//2650 855//2650 1102//2650
f 878//2651 855//2651 900//2651
f 878//2652 873//2652 855//2652
f 855//2653 1100//2653 861//2653
f 855//2654 861//2654 900//2654
f 1101//8 854//8 1131//8
f 873//8 1131//8 854//8
f 855//2649 854//2649 1101//2649
f 855//2655 873//2655 854//2655
f 1073//2656 853//2656 1074//2656
f 887//2657 853//2657 1073//2657
f 885//2658 900//2658 853//2658
f 885//2659 853//2659 887//2659
f 861//2660 1074//2660 853//2660
f 861//2661 853//2661 900//2661
f 974//2662 852//2662 1027//2662
f 917//2663 852//2663 974//2663
f 884//2664 1027//2664 852//2664
f 964//2665 1009//2665 851//2665
f 906//2666 964//2666 851//2666
f 882//2667 851//2667 1009//2667
f 1092//2668 850//2668 1093//2668
f 1091//2669 850//2669 1092//2669
f 874//2670 893//2670 850//2670
f 864//2671 874//2671 850//2671
f 858//2672 1093//2672 850//2672
f 858//2673 850//2673 893//2673
f 1091//8 1128//8 849//8
f 864//8 849//8 1128//8
f 850//2674 1091//2674 849//2674
f 850//2675 849//2675 864//2675
f 188//2676 1007//2676 93//2676
f 983//2677 93//2677 1007//2677
f 863//2678 93//2678 983//2678
f 919//2679 1137//2679 848//2679
f 904//2680 848//2680 1137//2680
f 194//896 89//896 190//896
f 189//2681 190//2681 89//2681
f 189//2682 194//2682 190//2682
f 870//8 884//8 847//8
f 870//8 847//8 882//8
f 852//8 847//8 884//8
f 851//8 882//8 847//8
f 960//2683 996//2683 846//2683
f 942//2684 960//2684 846//2684
f 856//2685 942//2685 846//2685
f 941//2686 845//2686 996//2686
f 846//2687 996//2687 845//2687
f 920//2688 984//2688 96//2688
f 944//2689 844//2689 984//2689
f 919//2690 844//2690 944//2690
f 848//2691 844//2691 919//2691
f 96//2687 984//2687 844//2687
f 93//2692 188//2692 94//2692
f 833//2693 832//2693 841//2693
f 918//2694 213//2694 831//2694
f 856//2695 831//2695 213//2695
f 189//2696 918//2696 831//2696
f 846//2697 831//2697 856//2697
f 845//2698 830//2698 846//2698
f 831//2699 846//2699 830//2699
f 916//2700 829//2700 941//2700
f 845//2701 941//2701 829//2701
f 903//2702 828//2702 917//2702
f 852//2703 917//2703 828//2703
f 889//2704 906//2704 827//2704
f 851//2705 827//2705 906//2705
f 847//2706 827//2706 851//2706
f 920//2707 95//2707 907//2707
f 96//2708 95//2708 920//2708
f 1054//2709 1093//2709 826//2709
f 905//2710 1054//2710 826//2710
f 880//2711 905//2711 826//2711
f 865//2712 826//2712 893//2712
f 865//2713 880//2713 826//2713
f 858//2714 826//2714 1093//2714
f 858//2715 893//2715 826//2715
f 95//2716 96//2716 97//2716
f 904//2717 91//2717 98//2717
f 92//2718 188//2718 98//2718
f 92//2719 91//2719 98//2719
f 100//2720 92//2720 98//2720
f 100//2721 862//2721 98//2721
f 857//2722 98//2722 188//2722
f 857//2723 100//2723 98//2723
f 93//2724 188//2724 98//2724
f 93//2725 92//2725 98//2725
f 848//2726 904//2726 98//2726
f 94//2727 188//2727 98//2727
f 838//2728 842//2728 825//2728
f 825//2729 181//2729 838//2729
f 837//2730 841//2730 824//2730
f 832//2731 824//2731 841//2731
f 824//2732 823//2732 837//2732
f 888//2733 822//2733 959//2733
f 189//2734 822//2734 888//2734
f 190//2735 822//2735 189//2735
f 975//2736 959//2736 821//2736
f 822//2737 821//2737 959//2737
f 822//2738 190//2738 821//2738
f 901//2739 820//2739 916//2739
f 829//2740 916//2740 820//2740
f 903//2741 957//2741 819//2741
f 840//2742 819//2742 957//2742
f 819//2743 828//2743 903//2743
f 931//2744 101//2744 936//2744
f 926//2744 101//2744 931//2744
f 847//2745 852//2745 818//2745
f 828//2746 818//2746 852//2746
f 818//2747 827//2747 847//2747
f 828//2748 819//2748 818//2748
f 889//2749 817//2749 947//2749
f 839//2750 947//2750 817//2750
f 817//2751 889//2751 827//2751
f 817//2752 827//2752 818//2752
f 891//2753 907//2753 106//2753
f 106//2754 907//2754 95//2754
f 834//2755 815//2755 842//2755
f 815//2756 825//2756 842//2756
f 816//2757 815//2757 834//2757
f 836//2758 813//2758 840//2758
f 839//2759 813//2759 836//2759
f 819//2760 840//2760 813//2760
f 818//2761 819//2761 813//2761
f 817//2762 813//2762 839//2762
f 817//2763 818//2763 813//2763
f 879//2764 945//2764 812//2764
f 97//2765 835//2765 103//2765
f 844//2766 848//2766 99//2766
f 844//2767 99//2767 96//2767
f 94//2768 188//2768 99//2768
f 95//2769 96//2769 99//2769
f 97//2770 93//2770 99//2770
f 97//2771 96//2771 99//2771
f 97//2772 99//2772 835//2772
f 97//2773 95//2773 99//2773
f 98//2774 99//2774 848//2774
f 98//2775 97//2775 99//2775
f 103//2776 835//2776 99//2776
f 103//2777 97//2777 99//2777
f 830//2778 845//2778 811//2778
f 829//2778 811//2778 845//2778
f 957//2779 975//2779 810//2779
f 840//2780 957//2780 810//2780
f 821//2781 810//2781 975//2781
f 820//2269 809//2269 829//2269
f 811//2782 829//2782 809//2782
f 810//2783 821//2783 809//2783
f 936//2784 187//2784 940//2784
f 101//2785 187//2785 936//2785
f 187//2786 814//2786 101//2786
f 922//2784 807//2784 926//2784
f 101//2787 926//2787 807//2787
f 808//2788 101//2788 807//2788
f 95//2789 106//2789 104//2789
f 97//2790 106//2790 104//2790
f 945//2791 947//2791 343//2791
f 839//2792 343//2792 947//2792
f 343//2793 812//2793 945//2793
f 343//2794 97//2794 812//2794
f 343//2795 99//2795 97//2795
f 863//2796 879//2796 105//2796
f 93//2797 863//2797 105//2797
f 98//2798 94//2798 105//2798
f 812//2799 105//2799 879//2799
f 812//2800 97//2800 105//2800
f 105//2801 843//2801 99//2801
f 105//2802 94//2802 99//2802
f 104//2803 97//2803 105//2803
f 103//2804 104//2804 105//2804
f 190//2805 189//2805 805//2805
f 831//2806 805//2806 189//2806
f 830//2807 805//2807 831//2807
f 821//2808 190//2808 805//2808
f 811//2809 805//2809 830//2809
f 809//2810 821//2810 805//2810
f 809//2811 805//2811 811//2811
f 901//2812 940//2812 804//2812
f 820//2813 901//2813 804//2813
f 809//2814 820//2814 804//2814
f 187//2815 804//2815 940//2815
f 807//2816 803//2816 808//2816
f 891//2817 184//2817 922//2817
f 106//2818 184//2818 891//2818
f 807//2819 922//2819 184//2819
f 97//2820 95//2820 182//2820
f 103//2821 97//2821 182//2821
f 104//2822 95//2822 182//2822
f 104//2823 106//2823 182//2823
f 184//2824 106//2824 182//2824
f 808//2825 800//2825 101//2825
f 800//2826 808//2826 803//2826
f 801//2827 101//2827 800//2827
f 100//2828 188//2828 107//2828
f 98//103 188//103 107//103
f 98//2829 92//2829 107//2829
f 98//2830 100//2830 107//2830
f 810//2831 185//2831 840//2831
f 814//2832 342//2832 101//2832
f 814//2833 187//2833 342//2833
f 801//2834 342//2834 101//2834
f 185//2835 342//2835 801//2835
f 343//2836 839//2836 797//2836
f 824//2837 832//2837 796//2837
f 802//2838 796//2838 832//2838
f 809//2839 186//2839 810//2839
f 804//2840 186//2840 809//2840
f 186//2841 185//2841 810//2841
f 186//2842 185//2842 178//2842
f 804//2843 187//2843 102//2843
f 102//2844 178//2844 185//2844
f 102//2845 187//2845 342//2845
f 185//2846 102//2846 342//2846
f 186//2847 804//2847 102//2847
f 186//2848 178//2848 102//2848
f 836//2849 840//2849 795//2849
f 839//2850 836//2850 795//2850
f 800//2851 795//2851 801//2851
f 185//2852 795//2852 840//2852
f 185//2853 801//2853 795//2853
f 795//2854 797//2854 839//2854
f 803//2855 807//2855 794//2855
f 184//2856 794//2856 807//2856
f 803//2857 794//2857 800//2857
f 795//2858 800//2858 794//2858
f 794//2859 797//2859 795//2859
f 97//2860 95//2860 183//2860
f 97//2861 106//2861 183//2861
f 103//2862 97//2862 183//2862
f 99//2863 95//2863 183//2863
f 104//2864 106//2864 183//2864
f 99//2865 343//2865 183//2865
f 105//2866 97//2866 183//2866
f 105//2867 103//2867 183//2867
f 105//2868 104//2868 183//2868
f 184//2869 106//2869 183//2869
f 182//2870 95//2870 183//2870
f 182//2871 97//2871 183//2871
f 182//2872 183//2872 184//2872
f 797//2873 183//2873 343//2873
f 794//2874 184//2874 183//2874
f 797//2875 794//2875 183//2875
f 98//2876 793//2876 188//2876
f 107//2877 188//2877 793//2877
f 107//2878 793//2878 98//2878
f 825//2879 815//2879 792//2879
f 180//2880 825//2880 792//2880
f 181//2881 825//2881 108//2881
f 180//2882 108//2882 825//2882
f 798//2883 181//2883 108//2883
f 832//2884 833//2884 344//2884
f 806//1720 344//1720 833//1720
f 792//2885 790//2885 180//2885
f 798//2886 110//2886 181//2886
f 110//131 798//131 108//131
f 833//2887 841//2887 789//2887
f 838//2888 788//2888 842//2888
f 834//2889 842//2889 788//2889
f 181//2890 787//2890 838//2890
f 788//2891 838//2891 787//2891
f 806//2892 833//2892 786//2892
f 786//2893 833//2893 789//2893
f 796//2894 802//2894 785//2894
f 823//2895 824//2895 784//2895
f 796//2896 784//2896 824//2896
f 785//2897 784//2897 796//2897
f 784//2898 783//2898 823//2898
f 815//2899 816//2899 781//2899
f 792//2900 815//2900 781//2900
f 782//2901 781//2901 816//2901
f 790//2902 792//2902 780//2902
f 781//2903 780//2903 792//2903
f 108//2904 779//2904 180//2904
f 110//2905 778//2905 181//2905
f 787//2906 181//2906 778//2906
f 344//2907 806//2907 777//2907
f 786//2908 777//2908 806//2908
f 802//2909 832//2909 345//2909
f 344//2910 345//2910 832//2910
f 837//2911 776//2911 841//2911
f 823//2912 776//2912 837//2912
f 789//2913 841//2913 776//2913
f 783//2914 776//2914 823//2914
f 799//2915 113//2915 177//2915
f 816//2916 834//2916 774//2916
f 788//2917 774//2917 834//2917
f 782//2918 816//2918 774//2918
f 790//2919 179//2919 180//2919
f 779//2920 179//2920 180//2920
f 779//2921 108//2921 179//2921
f 785//2922 802//2922 176//2922
f 345//2923 176//2923 802//2923
f 775//2924 102//2924 773//2924
f 102//2925 772//2925 178//2925
f 775//2926 772//2926 102//2926
f 102//2927 178//2927 346//2927
f 791//2928 178//2928 346//2928
f 773//2929 102//2929 346//2929
f 777//2930 770//2930 344//2930
f 770//2931 771//2931 344//2931
f 769//2932 344//2932 771//2932
f 772//2933 775//2933 768//2933
f 799//2934 177//2934 347//2934
f 113//2935 799//2935 347//2935
f 778//2936 110//2936 767//2936
f 109//2937 767//2937 110//2937
f 109//2938 108//2938 114//2938
f 345//2939 344//2939 112//2939
f 176//2940 345//2940 112//2940
f 769//2941 112//2941 344//2941
f 179//2942 766//2942 108//2942
f 111//2943 108//2943 766//2943
f 777//2944 786//2944 764//2944
f 778//2945 763//2945 787//2945
f 770//2946 777//2946 762//2946
f 764//2947 762//2947 777//2947
f 789//2948 761//2948 786//2948
f 776//2949 761//2949 789//2949
f 764//2950 786//2950 761//2950
f 776//68 783//68 760//68
f 768//2951 775//2951 759//2951
f 347//2952 757//2952 113//2952
f 774//2953 756//2953 782//2953
f 787//2954 755//2954 788//2954
f 774//2955 788//2955 755//2955
f 763//2956 755//2956 787//2956
f 767//2957 754//2957 778//2957
f 763//2945 778//2945 754//2945
f 771//2958 770//2958 753//2958
f 771//2959 753//2959 769//2959
f 112//2960 752//2960 176//2960
f 112//2961 769//2961 752//2961
f 765//2962 752//2962 769//2962
f 773//2963 751//2963 775//2963
f 346//2964 751//2964 773//2964
f 759//2965 775//2965 751//2965
f 751//2966 346//2966 758//2966
f 113//2193 750//2193 177//2193
f 766//2967 179//2967 174//2967
f 766//2968 174//2968 111//2968
f 175//2969 174//2969 111//2969
f 175//2970 114//2970 174//2970
f 761//2971 776//2971 749//2971
f 760//2972 749//2972 776//2972
f 757//2973 748//2973 113//2973
f 750//2974 113//2974 748//2974
f 756//2975 774//2975 747//2975
f 755//2976 747//2976 774//2976
f 767//2937 109//2937 173//2937
f 114//2977 111//2977 173//2977
f 175//2978 173//2978 111//2978
f 175//2979 114//2979 173//2979
f 762//2980 746//2980 770//2980
f 753//2981 770//2981 746//2981
f 765//2982 769//2982 745//2982
f 753//2983 745//2983 769//2983
f 752//2984 744//2984 176//2984
f 759//2985 743//2985 768//2985
f 346//2986 178//2986 742//2986
f 758//2987 346//2987 742//2987
f 347//2988 177//2988 741//2988
f 750//2989 741//2989 177//2989
f 757//2990 347//2990 740//2990
f 174//2991 179//2991 739//2991
f 111//2992 109//2992 172//2992
f 114//2993 111//2993 172//2993
f 173//2994 111//2994 172//2994
f 754//2995 767//2995 738//2995
f 173//2996 738//2996 767//2996
f 176//2997 737//2997 785//2997
f 744//2998 737//2998 176//2998
f 780//2999 736//2999 790//2999
f 179//3000 790//3000 736//3000
f 739//3001 179//3001 736//3001
f 740//3002 735//3002 757//3002
f 781//3003 782//3003 734//3003
f 780//3004 781//3004 734//3004
f 756//3005 734//3005 782//3005
f 736//3006 780//3006 734//3006
f 752//3007 765//3007 733//3007
f 745//3008 733//3008 765//3008
f 749//3009 732//3009 761//3009
f 784//3010 785//3010 730//3010
f 783//3011 784//3011 730//3011
f 760//3012 783//3012 730//3012
f 737//3013 730//3013 785//3013
f 743//3014 759//3014 729//3014
f 747//3015 755//3015 727//3015
f 174//3016 726//3016 114//3016
f 172//3017 114//3017 726//3017
f 746//3018 762//3018 725//3018
f 772//3019 724//3019 178//3019
f 768//3020 724//3020 772//3020
f 742//3021 178//3021 724//3021
f 741//3022 723//3022 347//3022
f 738//3023 722//3023 754//3023
f 762//3024 764//3024 721//3024
f 725//3025 762//3025 721//3025
f 754//3026 720//3026 763//3026
f 720//3027 754//3027 722//3027
f 746//3028 719//3028 753//3028
f 745//3029 753//3029 719//3029
f 761//3030 718//3030 764//3030
f 732//3031 718//3031 761//3031
f 721//3032 764//3032 718//3032
f 755//3033 763//3033 717//3033
f 727//3034 755//3034 717//3034
f 720//3035 717//3035 763//3035
f 172//3036 716//3036 173//3036
f 738//3037 173//3037 716//3037
f 725//3038 715//3038 746//3038
f 715//3039 719//3039 746//3039
f 733//3040 714//3040 752//3040
f 722//3041 738//3041 713//3041
f 716//3042 713//3042 738//3042
f 739//3043 712//3043 174//3043
f 726//3044 174//3044 712//3044
f 749//3045 760//3045 711//3045
f 732//3046 749//3046 711//3046
f 731//3047 732//3047 711//3047
f 729//3048 710//3048 743//3048
f 729//3049 731//3049 710//3049
f 711//3050 710//3050 731//3050
f 735//3051 740//3051 709//3051
f 728//3052 735//3052 709//3052
f 747//3053 708//3053 756//3053
f 727//3054 708//3054 747//3054
f 727//3055 728//3055 708//3055
f 709//3056 708//3056 728//3056
f 733//3057 745//3057 707//3057
f 719//3058 707//3058 745//3058
f 726//3059 706//3059 172//3059
f 716//3060 172//3060 706//3060
f 721//3061 705//3061 725//3061
f 715//3062 725//3062 705//3062
f 731//3063 704//3063 732//3063
f 718//3064 732//3064 704//3064
f 727//3065 703//3065 728//3065
f 717//3066 703//3066 727//3066
f 713//3067 702//3067 722//3067
f 719//3068 715//3068 701//3068
f 707//3069 719//3069 701//3069
f 714//3070 733//3070 700//3070
f 707//3071 700//3071 733//3071
f 744//3072 752//3072 699//3072
f 714//3073 699//3073 752//3073
f 736//3074 696//3074 739//3074
f 712//3075 739//3075 696//3075
f 697//3076 696//3076 736//3076
f 712//3077 695//3077 726//3077
f 706//3078 726//3078 695//3078
f 713//3079 716//3079 694//3079
f 706//3080 694//3080 716//3080
f 705//3081 721//3081 693//3081
f 718//3082 692//3082 721//3082
f 704//3083 692//3083 718//3083
f 693//3084 721//3084 692//3084
f 737//3085 744//3085 691//3085
f 699//3072 691//3072 744//3072
f 691//3086 698//3086 737//3086
f 743//3087 690//3087 768//3087
f 724//3088 768//3088 690//3088
f 710//3089 690//3089 743//3089
f 740//3090 347//3090 689//3090
f 723//3022 689//3022 347//3022
f 709//3091 740//3091 689//3091
f 703//3092 717//3092 688//3092
f 722//3093 687//3093 720//3093
f 717//3094 720//3094 687//3094
f 702//3095 687//3095 722//3095
f 688//3096 717//3096 687//3096
f 705//3097 686//3097 715//3097
f 701//3098 715//3098 686//3098
f 729//3099 685//3099 731//3099
f 704//3100 731//3100 685//3100
f 730//3101 684//3101 760//3101
f 730//3102 737//3102 684//3102
f 711//3103 760//3103 684//3103
f 698//3104 684//3104 737//3104
f 734//3105 756//3105 683//3105
f 734//3106 683//3106 736//3106
f 708//3107 683//3107 756//3107
f 697//3108 736//3108 683//3108
f 728//3109 682//3109 735//3109
f 703//3110 682//3110 728//3110
f 702//3111 713//3111 681//3111
f 694//3112 681//3112 713//3112
f 701//3113 680//3113 707//3113
f 700//3114 707//3114 680//3114
f 695//3115 677//3115 706//3115
f 694//3116 706//3116 677//3116
f 693//3117 676//3117 705//3117
f 751//3118 675//3118 759//3118
f 758//3119 675//3119 751//3119
f 679//3120 759//3120 675//3120
f 748//3121 757//3121 674//3121
f 748//3122 674//3122 750//3122
f 674//3123 757//3123 678//3123
f 687//3124 702//3124 673//3124
f 686//3125 705//3125 672//3125
f 700//3126 671//3126 714//3126
f 699//3127 714//3127 671//3127
f 696//3128 670//3128 712//3128
f 695//3129 712//3129 670//3129
f 681//3130 669//3130 702//3130
f 729//3131 759//3131 668//3131
f 685//3132 729//3132 668//3132
f 679//3133 668//3133 759//3133
f 742//3134 667//3134 758//3134
f 675//3135 758//3135 667//3135
f 741//3136 750//3136 666//3136
f 674//3137 666//3137 750//3137
f 735//3138 665//3138 757//3138
f 682//3139 665//3139 735//3139
f 678//3140 757//3140 665//3140
f 680//3141 664//3141 700//3141
f 671//3142 700//3142 664//3142
f 676//3143 663//3143 705//3143
f 672//3144 705//3144 663//3144
f 676//3145 693//3145 662//3145
f 663//3146 676//3146 662//3146
f 673//3147 661//3147 687//3147
f 673//3148 702//3148 660//3148
f 669//3149 660//3149 702//3149
f 661//3150 673//3150 660//3150
f 677//3151 695//3151 659//3151
f 670//3152 659//3152 695//3152
f 686//3153 658//3153 701//3153
f 680//1871 701//1871 658//1871
f 672//3154 657//3154 686//3154
f 658//3155 686//3155 657//3155
f 692//3156 704//3156 656//3156
f 685//3157 656//3157 704//3157
f 688//3158 655//3158 703//3158
f 682//3159 703//3159 655//3159
f 669//3160 681//3160 654//3160
f 681//3161 694//3161 653//3161
f 677//3162 653//3162 694//3162
f 654//3163 681//3163 653//3163
f 663//3164 652//3164 672//3164
f 660//3165 669//3165 651//3165
f 656//3166 650//3166 692//3166
f 690//3167 710//3167 648//3167
f 724//3168 647//3168 742//3168
f 667//3169 742//3169 647//3169
f 723//3170 741//3170 646//3170
f 666//3171 646//3171 741//3171
f 689//3172 645//3172 709//3172
f 655//3173 688//3173 643//3173
f 657//3174 642//3174 658//3174
f 658//3175 168//3175 680//3175
f 657//3176 672//3176 641//3176
f 652//3177 641//3177 672//3177
f 662//3146 640//3146 663//3146
f 692//3178 115//3178 693//3178
f 662//3179 693//3179 115//3179
f 115//3180 692//3180 650//3180
f 640//3181 662//3181 115//3181
f 668//3182 639//3182 685//3182
f 656//3183 685//3183 639//3183
f 649//3184 656//3184 639//3184
f 690//3185 638//3185 724//3185
f 638//3186 647//3186 724//3186
f 689//3187 723//3187 637//3187
f 646//3188 637//3188 723//3188
f 665//3189 682//3189 636//3189
f 655//3190 636//3190 682//3190
f 636//3191 655//3191 644//3191
f 687//3178 171//3178 688//3178
f 661//3192 171//3192 687//3192
f 643//3193 688//3193 171//3193
f 660//3150 635//3150 661//3150
f 171//3194 661//3194 635//3194
f 654//3195 634//3195 669//3195
f 651//3196 669//3196 634//3196
f 653//3197 677//3197 633//3197
f 653//3198 632//3198 654//3198
f 652//3164 663//3164 631//3164
f 640//3199 631//3199 663//3199
f 664//3200 630//3200 671//3200
f 650//3201 656//3201 170//3201
f 649//3202 170//3202 656//3202
f 650//3203 170//3203 115//3203
f 644//3204 655//3204 169//3204
f 643//3204 169//3204 655//3204
f 171//3205 169//3205 643//3205
f 659//3206 670//3206 627//3206
f 651//3207 626//3207 660//3207
f 635//3208 660//3208 626//3208
f 625//3203 115//3203 170//3203
f 684//3209 698//3209 163//3209
f 675//3210 624//3210 679//3210
f 648//3211 623//3211 690//3211
f 638//3212 690//3212 623//3212
f 629//3213 623//3213 648//3213
f 645//3214 689//3214 622//3214
f 637//3215 622//3215 689//3215
f 622//3216 628//3216 645//3216
f 678//3217 621//3217 674//3217
f 683//3218 129//3218 697//3218
f 169//3219 620//3219 171//3219
f 642//3220 167//3220 658//3220
f 168//3221 658//3221 167//3221
f 642//103 657//103 618//103
f 167//3222 642//3222 618//3222
f 641//3223 617//3223 657//3223
f 618//3224 657//3224 617//3224
f 115//3225 348//3225 640//3225
f 625//50 348//50 115//50
f 170//103 348//103 625//103
f 691//3226 699//3226 616//3226
f 671//3227 616//3227 699//3227
f 630//3228 616//3228 671//3228
f 170//3229 649//3229 615//3229
f 668//3230 679//3230 614//3230
f 624//3231 614//3231 679//3231
f 665//3232 133//3232 678//3232
f 621//3233 678//3233 133//3233
f 696//3234 697//3234 612//3234
f 670//3235 696//3235 612//3235
f 627//3236 670//3236 612//3236
f 635//3237 349//3237 171//3237
f 620//50 349//50 171//50
f 620//8 169//8 349//8
f 632//103 611//103 654//103
f 634//3238 654//3238 610//3238
f 611//3239 610//3239 654//3239
f 633//3240 609//3240 653//3240
f 632//3241 653//3241 609//3241
f 611//3242 632//3242 609//3242
f 167//3243 608//3243 168//3243
f 698//3244 691//3244 607//3244
f 163//3245 698//3245 607//3245
f 616//3226 607//3226 691//3226
f 639//3246 668//3246 606//3246
f 639//3247 606//3247 649//3247
f 615//3248 649//3248 606//3248
f 606//3249 668//3249 614//3249
f 667//3250 605//3250 675//3250
f 647//3251 605//3251 667//3251
f 624//3252 675//3252 605//3252
f 666//3253 674//3253 604//3253
f 646//3254 666//3254 604//3254
f 621//3255 604//3255 674//3255
f 636//3256 603//3256 665//3256
f 644//3257 603//3257 636//3257
f 133//3258 665//3258 603//3258
f 603//3259 644//3259 613//3259
f 129//3260 602//3260 697//3260
f 602//3261 612//3261 697//3261
f 601//3262 609//3262 633//3262
f 601//3263 611//3263 609//3263
f 664//3264 680//3264 600//3264
f 168//3265 600//3265 680//3265
f 631//107 351//107 652//107
f 631//3199 640//3199 599//3199
f 348//3266 170//3266 598//3266
f 615//3229 598//3229 170//3229
f 710//3267 711//3267 165//3267
f 684//3268 165//3268 711//3268
f 648//3269 710//3269 165//3269
f 163//3270 165//3270 684//3270
f 708//3271 709//3271 116//3271
f 683//3272 708//3272 116//3272
f 645//3273 116//3273 709//3273
f 129//3274 683//3274 116//3274
f 169//3275 597//3275 644//3275
f 613//3275 644//3275 597//3275
f 349//3276 597//3276 169//3276
f 626//3277 596//3277 635//3277
f 349//3278 635//3278 596//3278
f 634//3279 595//3279 651//3279
f 626//3280 651//3280 595//3280
f 659//3281 594//3281 677//3281
f 633//3282 677//3282 594//3282
f 641//3283 652//3283 593//3283
f 593//3284 652//3284 351//3284
f 623//3285 629//3285 131//3285
f 628//3286 622//3286 158//3286
f 595//3287 634//3287 590//3287
f 617//3288 641//3288 589//3288
f 593//3283 589//3283 641//3283
f 351//3289 631//3289 588//3289
f 599//3290 588//3290 631//3290
f 616//3291 630//3291 587//3291
f 348//3292 586//3292 640//3292
f 599//3293 640//3293 586//3293
f 598//3266 586//3266 348//3266
f 606//3294 585//3294 615//3294
f 598//3295 615//3295 585//3295
f 614//3296 584//3296 606//3296
f 585//3297 606//3297 584//3297
f 629//3298 648//3298 583//3298
f 165//3299 583//3299 648//3299
f 628//3300 582//3300 645//3300
f 116//3301 645//3301 582//3301
f 603//3302 581//3302 133//3302
f 613//3303 580//3303 603//3303
f 581//3297 603//3297 580//3297
f 597//3276 349//3276 579//3276
f 596//3304 579//3304 349//3304
f 612//3305 578//3305 627//3305
f 596//3306 626//3306 577//3306
f 595//3307 577//3307 626//3307
f 610//3308 576//3308 634//3308
f 590//3289 634//3289 576//3289
f 617//3309 575//3309 618//3309
f 165//3310 118//3310 163//3310
f 610//3311 611//3311 574//3311
f 589//3312 573//3312 617//3312
f 575//3313 617//3313 573//3313
f 630//3314 664//3314 572//3314
f 600//3315 572//3315 664//3315
f 587//3316 630//3316 572//3316
f 586//3317 598//3317 571//3317
f 585//3306 571//3306 598//3306
f 165//3318 163//3318 119//3318
f 118//3319 165//3319 119//3319
f 165//3320 120//3320 163//3320
f 117//3321 129//3321 128//3321
f 117//3322 116//3322 128//3322
f 597//3204 570//3204 613//3204
f 580//3204 613//3204 570//3204
f 579//3323 570//3323 597//3323
f 627//3324 569//3324 659//3324
f 594//3325 659//3325 569//3325
f 578//3326 569//3326 627//3326
f 576//3327 610//3327 568//3327
f 574//3328 568//3328 610//3328
f 618//3329 166//3329 167//3329
f 608//3330 166//3330 168//3330
f 608//1162 167//1162 166//1162
f 600//3331 168//3331 166//3331
f 575//3332 166//3332 618//3332
f 588//3333 599//3333 567//3333
f 586//3334 567//3334 599//3334
f 583//3335 165//3335 121//3335
f 583//3336 121//3336 592//3336
f 120//3337 165//3337 121//3337
f 623//3338 122//3338 638//3338
f 131//3339 122//3339 623//3339
f 647//3340 638//3340 566//3340
f 605//3341 647//3341 566//3341
f 122//3342 566//3342 638//3342
f 622//3343 637//3343 160//3343
f 158//3344 622//3344 160//3344
f 582//3345 130//3345 116//3345
f 582//3346 591//3346 130//3346
f 128//3347 129//3347 130//3347
f 128//3348 116//3348 130//3348
f 579//3349 596//3349 565//3349
f 577//3350 565//3350 596//3350
f 601//3351 633//3351 564//3351
f 601//103 564//103 611//103
f 594//3352 564//3352 633//3352
f 574//3353 611//3353 564//3353
f 131//3354 629//3354 350//3354
f 583//3355 350//3355 629//3355
f 583//3356 592//3356 350//3356
f 584//3357 614//3357 132//3357
f 122//3358 131//3358 132//3358
f 637//3359 646//3359 562//3359
f 604//3360 562//3360 646//3360
f 160//3361 637//3361 562//3361
f 164//3362 127//3362 133//3362
f 160//3363 158//3363 127//3363
f 158//3364 159//3364 628//3364
f 582//3365 628//3365 159//3365
f 582//3366 159//3366 591//3366
f 164//3367 158//3367 159//3367
f 573//3368 589//3368 560//3368
f 560//3369 589//3369 559//3369
f 573//3370 558//3370 575//3370
f 572//3371 557//3371 587//3371
f 557//3372 563//3372 587//3372
f 571//3373 556//3373 586//3373
f 567//3334 586//3334 556//3334
f 571//3374 585//3374 555//3374
f 607//3375 162//3375 163//3375
f 118//3376 163//3376 162//3376
f 119//3377 162//3377 163//3377
f 119//3378 118//3378 162//3378
f 121//3379 163//3379 162//3379
f 121//3380 162//3380 592//3380
f 162//3381 350//3381 592//3381
f 584//3382 554//3382 585//3382
f 555//3382 585//3382 554//3382
f 122//3383 131//3383 123//3383
f 350//3384 131//3384 123//3384
f 123//3385 131//3385 132//3385
f 614//3386 624//3386 161//3386
f 605//3387 161//3387 624//3387
f 122//3388 124//3388 161//3388
f 566//3389 161//3389 605//3389
f 566//3390 122//3390 161//3390
f 350//3391 161//3391 131//3391
f 132//3392 614//3392 161//3392
f 132//3393 131//3393 161//3393
f 123//3394 131//3394 161//3394
f 123//3395 161//3395 350//3395
f 133//3396 125//3396 621//3396
f 604//3397 621//3397 125//3397
f 164//3398 133//3398 125//3398
f 562//3399 604//3399 125//3399
f 562//3400 125//3400 160//3400
f 125//3401 133//3401 127//3401
f 164//3402 158//3402 126//3402
f 127//3403 158//3403 126//3403
f 127//3404 164//3404 126//3404
f 159//3405 158//3405 126//3405
f 159//3406 126//3406 164//3406
f 125//3407 164//3407 126//3407
f 127//3408 125//3408 126//3408
f 602//3409 129//3409 157//3409
f 130//3410 129//3410 157//3410
f 130//3411 591//3411 157//3411
f 159//3412 157//3412 591//3412
f 580//3382 552//3382 581//3382
f 553//3382 581//3382 552//3382
f 570//3413 579//3413 551//3413
f 565//3349 551//3349 579//3349
f 569//3414 578//3414 134//3414
f 561//3415 134//3415 578//3415
f 134//3416 619//3416 156//3416
f 568//3417 574//3417 550//3417
f 568//3418 548//3418 576//3418
f 548//3419 549//3419 576//3419
f 166//3420 575//3420 547//3420
f 587//3421 546//3421 616//3421
f 563//3422 546//3422 587//3422
f 578//3423 612//3423 545//3423
f 561//3424 578//3424 545//3424
f 577//3425 595//3425 352//3425
f 564//3426 544//3426 574//3426
f 550//3427 574//3427 544//3427
f 560//3428 543//3428 573//3428
f 559//3429 543//3429 560//3429
f 559//3430 589//3430 542//3430
f 543//3431 559//3431 542//3431
f 351//3432 541//3432 593//3432
f 541//3433 351//3433 155//3433
f 572//3434 600//3434 540//3434
f 166//3435 540//3435 600//3435
f 557//3436 572//3436 540//3436
f 547//3437 540//3437 166//3437
f 588//3438 539//3438 351//3438
f 155//3439 351//3439 539//3439
f 607//3440 616//3440 538//3440
f 162//3441 607//3441 538//3441
f 546//3440 538//3440 616//3440
f 350//3442 537//3442 131//3442
f 132//3443 131//3443 537//3443
f 132//3444 537//3444 584//3444
f 581//3445 536//3445 133//3445
f 127//3446 133//3446 536//3446
f 127//3447 536//3447 158//3447
f 159//3448 158//3448 536//3448
f 612//3449 602//3449 535//3449
f 157//3450 535//3450 602//3450
f 535//3451 545//3451 612//3451
f 565//3452 577//3452 534//3452
f 534//3453 577//3453 352//3453
f 569//3454 533//3454 594//3454
f 564//3455 594//3455 533//3455
f 134//3456 533//3456 569//3456
f 533//3457 544//3457 564//3457
f 590//3458 532//3458 595//3458
f 352//3459 595//3459 532//3459
f 549//3460 531//3460 576//3460
f 548//3461 568//3461 530//3461
f 549//3462 548//3462 530//3462
f 531//3463 549//3463 530//3463
f 539//3464 529//3464 155//3464
f 556//3465 571//3465 528//3465
f 555//3466 528//3466 571//3466
f 570//3204 527//3204 580//3204
f 552//3467 580//3467 527//3467
f 589//3468 593//3468 526//3468
f 541//3469 526//3469 593//3469
f 558//3470 525//3470 575//3470
f 547//3471 575//3471 525//3471
f 542//3472 589//3472 525//3472
f 542//3473 525//3473 558//3473
f 526//3474 525//3474 589//3474
f 529//3475 539//3475 524//3475
f 563//3476 557//3476 523//3476
f 350//3477 162//3477 522//3477
f 537//3478 350//3478 522//3478
f 551//3479 565//3479 520//3479
f 534//3480 520//3480 565//3480
f 352//3481 519//3481 534//3481
f 519//3482 352//3482 150//3482
f 520//3483 534//3483 519//3483
f 544//3484 518//3484 550//3484
f 531//3485 518//3485 576//3485
f 531//3486 550//3486 518//3486
f 576//3487 517//3487 590//3487
f 532//3488 590//3488 517//3488
f 518//3489 517//3489 576//3489
f 558//3490 573//3490 516//3490
f 543//3491 516//3491 573//3491
f 542//3492 558//3492 516//3492
f 542//3493 516//3493 543//3493
f 524//3494 515//3494 529//3494
f 523//3495 557//3495 514//3495
f 567//3496 513//3496 588//3496
f 539//3496 588//3496 513//3496
f 524//3497 539//3497 513//3497
f 522//3498 512//3498 537//3498
f 157//3499 159//3499 511//3499
f 536//3500 511//3500 159//3500
f 156//3501 134//3501 135//3501
f 150//3502 510//3502 519//3502
f 550//3503 509//3503 568//3503
f 531//3504 509//3504 550//3504
f 530//3505 568//3505 509//3505
f 530//3506 509//3506 531//3506
f 155//3507 508//3507 541//3507
f 529//3508 508//3508 155//3508
f 155//3509 351//3509 154//3509
f 540//3510 153//3510 557//3510
f 540//3511 547//3511 153//3511
f 525//3512 153//3512 547//3512
f 153//3513 514//3513 557//3513
f 513//3514 506//3514 524//3514
f 556//3515 504//3515 567//3515
f 528//3516 504//3516 556//3516
f 513//3517 567//3517 504//3517
f 506//3518 513//3518 504//3518
f 546//3519 563//3519 503//3519
f 523//3520 503//3520 563//3520
f 503//3521 523//3521 502//3521
f 554//3522 584//3522 501//3522
f 537//3523 501//3523 584//3523
f 512//3524 501//3524 537//3524
f 553//3525 500//3525 581//3525
f 536//3526 581//3526 500//3526
f 511//3527 536//3527 499//3527
f 500//3528 499//3528 536//3528
f 545//3529 498//3529 561//3529
f 521//3530 561//3530 498//3530
f 498//3531 497//3531 521//3531
f 551//3532 496//3532 570//3532
f 527//2269 570//2269 496//2269
f 520//3533 496//3533 551//3533
f 519//3534 494//3534 520//3534
f 533//3535 134//3535 492//3535
f 544//3536 533//3536 492//3536
f 518//3537 544//3537 492//3537
f 135//3538 492//3538 134//3538
f 532//3539 491//3539 352//3539
f 150//3540 352//3540 491//3540
f 515//3541 524//3541 490//3541
f 507//3542 515//3542 490//3542
f 506//3543 490//3543 524//3543
f 504//3544 528//3544 489//3544
f 538//3545 488//3545 162//3545
f 538//3546 546//3546 488//3546
f 522//3547 162//3547 488//3547
f 512//3548 522//3548 488//3548
f 503//3546 488//3546 546//3546
f 502//3549 488//3549 503//3549
f 488//3548 487//3548 512//3548
f 488//3549 502//3549 487//3549
f 554//3550 486//3550 555//3550
f 528//3551 555//3551 486//3551
f 501//3552 486//3552 554//3552
f 489//3553 528//3553 486//3553
f 552//3550 485//3550 553//3550
f 527//3554 485//3554 552//3554
f 500//3555 553//3555 485//3555
f 535//3556 157//3556 484//3556
f 545//3557 535//3557 484//3557
f 511//3556 484//3556 157//3556
f 499//3558 484//3558 511//3558
f 498//3557 545//3557 484//3557
f 497//476 498//476 483//476
f 484//3559 499//3559 483//3559
f 484//476 483//476 498//476
f 496//3560 482//3560 527//3560
f 485//3553 527//3553 482//3553
f 510//3561 481//3561 519//3561
f 494//3562 519//3562 481//3562
f 510//3563 493//3563 481//3563
f 134//3564 152//3564 619//3564
f 134//3565 561//3565 152//3565
f 156//3566 619//3566 152//3566
f 521//3567 152//3567 561//3567
f 135//103 152//103 156//103
f 526//3568 541//3568 480//3568
f 508//3568 480//3568 541//3568
f 525//3569 526//3569 479//3569
f 479//3570 526//3570 480//3570
f 515//3571 478//3571 529//3571
f 508//3572 529//3572 478//3572
f 153//3573 525//3573 151//3573
f 514//3574 153//3574 151//3574
f 154//3575 153//3575 151//3575
f 479//3576 151//3576 525//3576
f 502//3577 523//3577 477//3577
f 504//3578 476//3578 506//3578
f 476//3579 504//3579 489//3579
f 496//3580 520//3580 475//3580
f 494//3581 475//3581 520//3581
f 482//3582 496//3582 475//3582
f 497//3583 474//3583 521//3583
f 150//3584 352//3584 136//3584
f 492//3585 473//3585 518//3585
f 492//3586 135//3586 473//3586
f 510//3587 150//3587 472//3587
f 491//3588 472//3588 150//3588
f 517//3589 518//3589 471//3589
f 473//3590 471//3590 518//3590
f 517//3591 470//3591 532//3591
f 491//3591 532//3591 470//3591
f 471//3592 470//3592 517//3592
f 505//3593 469//3593 507//3593
f 514//3594 468//3594 523//3594
f 151//3595 468//3595 514//3595
f 477//3594 523//3594 468//3594
f 469//3596 505//3596 467//3596
f 467//3597 505//3597 466//3597
f 501//3598 512//3598 465//3598
f 487//3599 465//3599 512//3599
f 464//3600 495//3600 463//3600
f 152//3601 462//3601 135//3601
f 473//3594 135//3594 462//3594
f 493//3602 461//3602 495//3602
f 463//3603 495//3603 461//3603
f 507//3604 460//3604 515//3604
f 478//3605 515//3605 460//3605
f 460//3606 507//3606 469//3606
f 477//3607 459//3607 502//3607
f 499//3608 500//3608 458//3608
f 483//3609 140//3609 497//3609
f 510//3610 457//3610 493//3610
f 472//3611 457//3611 510//3611
f 461//3612 493//3612 457//3612
f 480//3613 508//3613 456//3613
f 478//3614 456//3614 508//3614
f 490//3615 506//3615 455//3615
f 505//3616 507//3616 454//3616
f 466//3617 505//3617 453//3617
f 454//3618 453//3618 505//3618
f 489//3619 452//3619 476//3619
f 487//3620 502//3620 451//3620
f 465//3599 487//3599 451//3599
f 459//3620 451//3620 502//3620
f 453//3621 450//3621 466//3621
f 486//3622 501//3622 449//3622
f 465//3623 449//3623 501//3623
f 451//3624 449//3624 465//3624
f 451//3625 459//3625 449//3625
f 486//3626 448//3626 489//3626
f 452//3626 489//3626 448//3626
f 449//3627 448//3627 486//3627
f 448//1493 447//1493 452//1493
f 447//1493 448//1493 446//1493
f 482//3626 443//3626 485//3626
f 444//1493 445//1493 443//1493
f 485//3628 137//3628 500//3628
f 458//3629 500//3629 137//3629
f 443//3630 137//3630 485//3630
f 483//3631 499//3631 442//3631
f 458//3631 442//3631 499//3631
f 140//3609 483//3609 442//3609
f 137//3632 442//3632 458//3632
f 137//3633 140//3633 442//3633
f 475//3634 440//3634 482//3634
f 443//3626 482//3626 440//3626
f 443//1493 440//1493 444//1493
f 464//3635 439//3635 495//3635
f 441//3636 439//3636 464//3636
f 493//3637 495//3637 438//3637
f 439//3638 438//3638 495//3638
f 481//3639 437//3639 494//3639
f 152//3640 521//3640 436//3640
f 474//3641 436//3641 521//3641
f 462//3601 152//3601 436//3601
f 472//3642 491//3642 435//3642
f 470//3643 435//3643 491//3643
f 480//3570 434//3570 479//3570
f 434//3644 480//3644 456//3644
f 460//3645 433//3645 478//3645
f 456//3646 478//3646 433//3646
f 469//3647 431//3647 460//3647
f 433//3648 460//3648 431//3648
f 432//3649 431//3649 469//3649
f 455//3650 506//3650 430//3650
f 467//3651 429//3651 469//3651
f 432//3652 469//3652 429//3652
f 476//3653 427//3653 506//3653
f 427//3654 476//3654 452//3654
f 430//3655 506//3655 427//3655
f 490//3656 426//3656 507//3656
f 455//3657 426//3657 490//3657
f 426//3658 454//3658 507//3658
f 452//3659 447//3659 425//3659
f 425//3660 427//3660 452//3660
f 427//1493 425//1493 430//1493
f 466//3661 424//3661 467//3661
f 450//3662 424//3662 466//3662
f 429//3663 467//3663 424//3663
f 447//3664 423//3664 425//3664
f 446//3665 422//3665 447//3665
f 423//3666 447//3666 422//3666
f 421//3667 445//3667 444//3667
f 420//3668 421//3668 444//3668
f 463//3669 419//3669 464//3669
f 419//3670 441//3670 464//3670
f 440//3671 418//3671 444//3671
f 444//3672 418//3672 420//3672
f 475//3673 494//3673 417//3673
f 440//3674 475//3674 417//3674
f 417//3673 494//3673 437//3673
f 418//3675 440//3675 417//3675
f 461//3676 416//3676 463//3676
f 457//3677 415//3677 461//3677
f 416//3678 461//3678 414//3678
f 415//3649 414//3649 461//3649
f 457//3679 472//3679 413//3679
f 413//3680 472//3680 435//3680
f 415//3681 457//3681 413//3681
f 470//3682 471//3682 412//3682
f 435//3683 470//3683 412//3683
f 459//3684 477//3684 144//3684
f 424//3685 411//3685 429//3685
f 411//629 424//629 410//629
f 419//3686 463//3686 408//3686
f 416//3687 408//3687 463//3687
f 409//1464 419//1464 408//1464
f 481//3688 493//3688 407//3688
f 438//3689 407//3689 493//3689
f 437//3690 481//3690 407//3690
f 456//3691 406//3691 434//3691
f 433//3692 406//3692 456//3692
f 151//3693 479//3693 405//3693
f 468//3595 151//3595 405//3595
f 434//3694 405//3694 479//3694
f 449//3695 459//3695 143//3695
f 449//3696 143//3696 428//3696
f 144//3697 143//3697 459//3697
f 453//3698 454//3698 404//3698
f 450//3699 453//3699 404//3699
f 424//3700 450//3700 403//3700
f 403//3701 410//3701 424//3701
f 404//3702 403//3702 450//3702
f 422//103 402//103 423//103
f 420//103 401//103 421//103
f 441//3703 419//3703 400//3703
f 439//3704 441//3704 399//3704
f 438//3705 439//3705 399//3705
f 400//3706 399//3706 441//3706
f 474//3707 497//3707 149//3707
f 140//3708 149//3708 497//3708
f 140//103 136//103 149//103
f 471//3486 473//3486 398//3486
f 462//3594 398//3594 473//3594
f 412//3709 471//3709 398//3709
f 435//3710 397//3710 413//3710
f 412//3711 397//3711 435//3711
f 431//3712 396//3712 433//3712
f 406//3713 433//3713 396//3713
f 468//3594 146//3594 477//3594
f 144//3714 477//3714 146//3714
f 405//3595 146//3595 468//3595
f 429//3715 395//3715 432//3715
f 411//3716 395//3716 429//3716
f 425//3717 394//3717 430//3717
f 423//3718 394//3718 425//3718
f 402//3719 394//3719 423//3719
f 448//3627 449//3627 393//3627
f 446//3720 448//3720 393//3720
f 422//43 446//43 392//43
f 402//43 422//43 392//43
f 393//3720 392//3720 446//3720
f 421//3721 391//3721 445//3721
f 401//3721 391//3721 421//3721
f 443//3722 445//3722 390//3722
f 137//3630 443//3630 390//3630
f 391//3722 390//3722 445//3722
f 391//3723 401//3723 390//3723
f 418//3724 389//3724 420//3724
f 401//3725 420//3725 389//3725
f 390//3726 401//3726 389//3726
f 414//1180 388//1180 416//1180
f 408//3727 416//3727 388//3727
f 436//3728 387//3728 462//3728
f 398//3729 462//3729 387//3729
f 413//3730 386//3730 415//3730
f 397//3731 386//3731 413//3731
f 385//3732 432//3732 395//3732
f 431//8 432//8 384//8
f 396//3733 431//3733 384//3733
f 385//8 384//8 432//8
f 143//3734 383//3734 428//3734
f 143//3735 144//3735 147//3735
f 146//3736 143//3736 147//3736
f 430//103 382//103 455//103
f 449//3737 428//3737 382//3737
f 426//3738 455//3738 382//3738
f 382//3739 430//3739 394//3739
f 382//3740 394//3740 402//3740
f 382//3737 393//3737 449//3737
f 382//3741 402//3741 392//3741
f 393//3742 382//3742 392//3742
f 383//3743 382//3743 428//3743
f 404//3744 454//3744 381//3744
f 399//3745 380//3745 438//3745
f 138//3746 148//3746 137//3746
f 437//103 148//103 417//103
f 417//3747 148//3747 418//3747
f 407//3748 148//3748 437//3748
f 390//3749 148//3749 137//3749
f 389//3747 418//3747 148//3747
f 389//3750 148//3750 390//3750
f 137//3751 140//3751 139//3751
f 138//3752 140//3752 139//3752
f 148//3753 138//3753 139//3753
f 436//3754 474//3754 141//3754
f 138//3755 136//3755 141//3755
f 149//3756 141//3756 474//3756
f 149//103 136//103 141//103
f 141//3728 387//3728 436//3728
f 139//3757 140//3757 141//3757
f 414//2473 415//2473 379//2473
f 379//3758 415//3758 386//3758
f 388//3759 414//3759 378//3759
f 379//3760 378//3760 414//3760
f 382//3761 383//3761 377//3761
f 454//3762 426//3762 376//3762
f 382//3763 376//3763 426//3763
f 381//3764 454//3764 376//3764
f 377//3765 376//3765 382//3765
f 377//3766 381//3766 376//3766
f 403//3767 404//3767 375//3767
f 381//3768 375//3768 404//3768
f 410//3769 403//3769 374//3769
f 375//3767 374//3767 403//3767
f 400//3770 419//3770 373//3770
f 399//3771 400//3771 373//3771
f 380//3772 399//3772 372//3772
f 373//3773 372//3773 399//3773
f 407//1699 438//1699 371//1699
f 380//1464 371//1464 438//1464
f 148//3774 407//3774 371//3774
f 138//3775 137//3775 142//3775
f 139//983 138//983 142//983
f 141//3776 140//3776 142//3776
f 139//3777 148//3777 370//3777
f 371//3778 380//3778 370//3778
f 371//3779 370//3779 148//3779
f 406//3780 369//3780 434//3780
f 405//3781 434//3781 369//3781
f 146//3782 405//3782 369//3782
f 410//3783 368//3783 411//3783
f 395//3784 411//3784 368//3784
f 395//3785 368//3785 385//3785
f 408//3786 367//3786 409//3786
f 388//3787 367//3787 408//3787
f 378//3788 367//3788 388//3788
f 398//3789 366//3789 412//3789
f 397//3790 412//3790 366//3790
f 387//3791 366//3791 398//3791
f 396//3792 365//3792 406//3792
f 369//3793 406//3793 365//3793
f 143//3794 144//3794 145//3794
f 383//3795 143//3795 145//3795
f 147//3796 143//3796 145//3796
f 369//3797 145//3797 146//3797
f 365//3798 145//3798 369//3798
f 375//3799 381//3799 364//3799
f 374//3800 363//3800 410//3800
f 374//3801 375//3801 363//3801
f 368//3802 410//3802 363//3802
f 409//3803 362//3803 419//3803
f 373//3804 419//3804 362//3804
f 372//3805 373//3805 362//3805
f 367//3806 362//3806 409//3806
f 372//3807 361//3807 380//3807
f 387//3808 141//3808 360//3808
f 141//3809 139//3809 360//3809
f 366//3810 387//3810 360//3810
f 386//3811 397//3811 359//3811
f 366//3812 359//3812 397//3812
f 360//3813 359//3813 366//3813
f 254//3814 1629//3814 268//3814
f 254//3815 1700//3815 1629//3815
f 1717//3816 1718//3816 1700//3816
f 1700//3817 254//3817 1717//3817
f 254//3818 1626//3818 1717//3818
f 1718//3819 1717//3819 299//3819
f 1751//1614 1720//1614 1623//1614
f 1720//3820 324//3820 1623//3820
f 324//3821 332//3821 1623//3821
f 332//3822 1659//3822 1623//3822
f 1623//3823 1693//3823 1751//3823
f 40//3824 324//3824 1720//3824
l 225 1384
