# https://github.com/mikedh/trimesh
v 0.59960938 -0.25846353 0.58919269
v -0.63606769 -0.26497397 0.57747394
v 0.91471356 0.12304688 0.56835938
v 0.69596356 0.13085938 0.58658856
v 0.68684894 0.11132812 0.53841144
v 0.63476562 0.12434896 0.55533856
v 0.62695312 0.12695312 0.55924481
v 0.61523438 -0.26367188 0.56315106
v -0.91601562 0.11393229 0.57877606
v -0.94335938 0.11523438 0.57747394
v -0.90039062 0.12955730 0.54622394
v -0.91080731 0.10481771 0.57747394
v -0.94986981 0.10221354 0.57226562
v -0.90559894 0.12044271 0.55794269
v -0.95377606 0.08658854 0.59179688
v 0.92773438 0.10481771 0.54231769
v 0.91341144 0.12174479 0.56966144
v 0.46679688 0.12304688 0.56966144
v 0.40429688 0.12695312 0.55143231
v 0.35742188 0.09179688 0.59960938
v -0.49283853 -0.03059896 0.03059896
v -0.48502603 -0.00585938 0.03059896
v -0.52929688 -0.01627604 0.01367188
v -0.53971356 0.01106771 -0.03320312
v -0.46679688 -0.02799479 -0.03580729
v -0.40559897 -0.03580729 -0.01497396
v -0.42122397 -0.04882812 -0.00195312
v 0.42252603 -0.00585938 0.02148438
v 0.34309897 0.00585938 0.02148438
v -0.34440103 -0.05143229 0.00325521
v -0.33398438 -0.01888021 0.02929688
v 0.35872397 -0.01888021 0.00065104
v 0.31445312 -0.03059896 0.02148438
v -0.34700522 -0.01888021 0.00585938
v 0.45507812 -0.01757812 0.00846354
v 0.16341145 -0.02539062 -0.15559895
v 0.17122395 -0.01627604 -0.15559895
v 0.17122395 -0.01497396 -0.20377605
v 0.52018231 0.00976562 -0.20247395
v 0.49674478 0.00976562 -0.20247395
v 0.50195312 0.02539062 -0.20247395
v -0.27669272 0.10481771 -0.56445312
v -0.58658856 -0.25195312 -0.59309894
v 0.59700519 -0.22851562 -0.58789062
v 0.23893230 0.13780382 -0.59526908
v 0.24414062 0.13085938 -0.59179688
v 0.31184897 0.09700521 -0.53320312
v 0.30664062 0.11653646 -0.56054688
v 0.31054688 0.13216145 -0.58658856
v 0.31184897 0.12955730 -0.59440106
v 0.30403647 0.11783854 -0.58528644
v 0.30794272 0.09830729 -0.55403644
v 0.24674480 0.09440104 -0.54752606
v -0.56445312 0.12695312 -0.57877606
v -0.29361978 0.12434896 -0.53320312
v -0.94986981 0.12565105 -0.59049481
v -0.77148438 0.13085938 -0.58658856
v -0.94726562 0.12044271 -0.58138019
v -0.69205731 0.14518230 -0.60091144
v -0.87565106 0.11783854 -0.54622394
v 0.28059897 0.12174479 -0.58138019
v 0.28710938 0.10221354 -0.55664062
v 0.25716147 0.10872396 -0.56835938
v 0.47070312 0.14648438 -0.59179688
v 0.32877603 0.09570312 -0.55273438
v 0.34960938 0.09960938 -0.55143231
v 0.30664062 0.09700521 -0.54752606
v 0.30533853 0.10221354 -0.54231769
v -0.75065106 0.13216145 -0.58528644
v -0.85481769 0.13997395 -0.58789062
v -0.85351562 0.10742188 -0.54622394
v -0.82877606 0.11393229 -0.55533856
v -0.75065106 0.13085938 -0.56575519
v -0.29622397 0.12174479 -0.55273438
v -0.93554688 0.10481771 -0.54231769
v -0.74934894 0.10091146 -0.53580731
v -0.89257812 0.08398438 -0.49283853
v 0.44986978 -0.01888021 -0.09700521
v 0.50195312 -0.00325521 -0.09179688
v 0.31445312 -0.01888021 0.02148438
v -0.58398438 -0.00195312 0.47330728
v 0.27929688 0.12304688 0.54101562
v 0.29622397 0.12825520 0.53059894
v -0.95377606 0.08528646 0.59309894
v -0.79882812 0.11783854 0.57747394
v -0.79882812 0.11523438 0.57486981
v -0.62695312 -0.27278647 0.56184894
v 0.61914062 -0.25846353 0.57747394
v 0.60611981 -0.26367188 0.58007812
v 0.59309894 -0.24023438 0.58138019
v 0.27148438 0.07617188 0.63867188
v -0.59960938 0.11914062 0.63476562
v 0.27148438 0.06835938 0.63085938
v 0.34570312 0.07226562 0.62304688
v 0.27148438 0.06445312 0.62304688
v 0.28710938 0.06445312 0.62695312
v -0.63476562 0.11914062 0.61132812
v 0.78320312 0.14257812 0.63085938
v 0.78320312 0.15429688 0.63867188
v -0.63476562 0.14257812 0.60742188
v -0.64257812 0.11914062 0.60351562
v 0.59179688 -0.25195312 0.61132812
v 0.34570312 0.07617188 0.63085938
v -0.52929688 0.14257812 0.59179688
v -0.53710938 0.14257812 0.61914062
v -0.53710938 0.11914062 0.61132812
v -0.60742188 -0.27148438 0.60742188
v -0.62695312 -0.27148438 0.60742188
v 0.59960938 -0.25195312 0.61132812
v 0.60742188 -0.27148438 0.60742188
v 0.59570312 -0.25195312 0.58789062
v -0.61523438 -0.22851562 0.60351562
v -0.61523438 -0.21679688 0.58789062
v -0.59570312 -0.22851562 0.60742188
v -0.60742188 -0.23632812 0.60742188
v -0.62304688 -0.23632812 0.58789062
v -0.59570312 -0.27148438 0.60742188
v -0.59570312 -0.27929688 0.58789062
v -0.59570312 -0.24414062 0.58398438
v -0.59960938 -0.25195312 0.61132812
v 0.59570312 -0.27148438 0.60742188
v 0.62304688 -0.24414062 0.60351562
v 0.62695312 -0.27929688 0.58789062
v 0.59570312 -0.27929688 0.58789062
v -0.51367188 -0.25585938 0.59960938
v -0.51367188 -0.26757812 0.59570312
v -0.52929688 -0.27929688 0.59179688
v -0.55273438 -0.25585938 0.61132812
v -0.62695312 -0.27929688 0.58789062
v -0.92773438 0.06445312 0.62304688
v -0.92773438 0.06054688 0.63867188
v -0.64648438 0.11914062 0.59179688
v -0.99804688 0.09570312 0.58007812
v 0.94726562 0.14648438 0.61523438
v 0.93554688 0.14257812 0.60351562
v 0.95507812 0.12304688 0.56445312
v 0.99023438 0.12695312 0.58007812
v -0.55273438 -0.27929688 0.59570312
v -0.52929688 -0.26757812 0.60742188
v -0.50976562 -0.26757812 0.58007812
v -0.62304688 -0.25195312 0.56445312
v -0.62695312 -0.24414062 0.56835938
v 0.63476562 0.12695312 0.56445312
v 0.63476562 0.12695312 0.56054688
v 0.59570312 -0.28710938 0.56054688
v 0.62695312 -0.28710938 0.56054688
v 0.59179688 -0.27929688 0.58789062
v 0.59960938 -0.25195312 0.58007812
v 0.51367188 -0.25976562 0.58007812
v -0.49804688 -0.25195312 0.58007812
v -0.52929688 -0.25976562 0.58007812
v -0.63085938 -0.22070312 0.58007812
v -0.61523438 -0.22851562 0.56445312
v -0.59570312 -0.22851562 0.58398438
v -0.65039062 -0.27148438 0.58398438
v -0.63085938 -0.25585938 0.58007812
v 0.63867188 0.12695312 0.55664062
v 0.81445312 0.15039062 0.61914062
v 0.63476562 0.12304688 0.56445312
v -0.52539062 0.13867188 0.58789062
v -0.64648438 -0.24414062 0.56445312
v -0.65429688 -0.25195312 0.58007812
v 0.63867188 0.12304688 0.55273438
v 0.63867188 0.12695312 0.55273438
v 0.63476562 0.12695312 0.55273438
v 0.63476562 0.12304688 0.54882812
v 0.63085938 0.12695312 0.54882812
v 0.62304688 0.12695312 0.55273438
v 0.62695312 0.12695312 0.55273438
v 0.62695312 0.12304688 0.54882812
v 0.63085938 0.12304688 0.54882812
v 0.62304688 0.12304688 0.55273438
v 0.59570312 -0.22851562 0.60742188
v 0.61914062 -0.22851562 0.58398438
v 0.58789062 -0.23632812 0.56445312
v 0.60742188 -0.22851562 0.56054688
v 0.60742188 -0.25195312 0.59570312
v 0.19335938 0.09179688 0.58789062
v 0.21289062 0.07226562 0.60351562
v 0.19335938 0.08398438 0.58007812
v 0.59179688 -0.27148438 0.60742188
v 0.63085938 -0.27148438 0.56445312
v 0.64648438 -0.25976562 0.56054688
v -0.55273438 -0.28710938 0.56054688
v -0.52929688 -0.27929688 0.56054688
v -0.51757812 -0.25195312 0.56445312
v -0.59179688 -0.22851562 0.56054688
v -0.60742188 -0.22851562 0.56054688
v -0.60742188 -0.27148438 0.54492188
v -0.59179688 -0.25195312 0.54492188
v -0.60742188 -0.25195312 0.54492188
v -0.64648438 -0.26757812 0.55273438
v -0.99804688 0.11914062 0.55664062
v 0.59179688 -0.22851562 0.56054688
v 0.62304688 -0.23632812 0.55273438
v 0.60742188 -0.25195312 0.54101562
v 0.59179688 -0.25195312 0.54882812
v 0.62695312 -0.27148438 0.54492188
v 0.59179688 -0.25195312 0.54492188
v 0.60742188 -0.27148438 0.54101562
v -0.52929688 0.11914062 0.56054688
v -0.55273438 -0.27148438 0.54492188
v -0.62304688 -0.23632812 0.55273438
v -0.59570312 -0.28710938 0.56054688
v -0.62695312 -0.27148438 0.54492188
v 0.53710938 0.11914062 0.53710938
v 0.21289062 0.08007812 0.61132812
v 0.63476562 0.12695312 0.54882812
v 0.52929688 0.11914062 0.54492188
v -0.96679688 0.07617188 0.63867188
v -0.92773438 0.07226562 0.65039062
v -0.96679688 0.06835938 0.63085938
v -0.99804688 0.10351562 0.58789062
v -0.97070312 0.13085938 0.53320312
v -0.99804688 0.11132812 0.54882812
v 0.52539062 0.14257812 0.56054688
v -0.52929688 0.14257812 0.55273438
v -0.46679688 0.11132812 0.52929688
v -0.25195312 0.14648438 0.61132812
v -0.27539062 0.15820312 0.63476562
v -0.20117188 0.13867188 0.58789062
v -0.34960938 0.16601562 0.65039062
v -0.54492188 0.11914062 0.53710938
v -0.99023438 0.10351562 0.54492188
v -0.64648438 0.11523438 0.58398438
v 0.63476562 0.12304688 0.54492188
v -0.92773438 0.13476562 0.51367188
v -0.95117188 0.09960938 0.56835938
v 0.81835938 0.14648438 0.61132812
v 0.79492188 0.09570312 0.50976562
v 0.19335938 0.14257812 0.54492188
v 0.18164062 0.11132812 0.56054688
v -0.18554688 0.11914062 0.57226562
v -0.19335938 0.11132812 0.58007812
v -0.21679688 0.09179688 0.52929688
v -0.88476562 0.06445312 0.63476562
v -0.77929688 0.11523438 0.58398438
v -0.79882812 0.12695312 0.56445312
v -0.64257812 0.13867188 0.54101562
v -0.85742188 0.16210938 0.52539062
v -0.77929688 0.16992188 0.52148438
v -0.86523438 0.16601562 0.50585938
v -0.96289062 0.06445312 0.61914062
v -0.99023438 0.08789062 0.57226562
v -0.92382812 0.12304688 0.50585938
v -0.95117188 0.10351562 0.57226562
v 0.52539062 0.11914062 0.58789062
v 0.34960938 0.15820312 0.51367188
v -0.77929688 0.16210938 0.50976562
v -0.86914062 0.15429688 0.50195312
v 0.52539062 0.15039062 0.53320312
v 0.34570312 0.16601562 0.49804688
v 0.18164062 0.10351562 0.55273438
v 0.93945312 0.09570312 0.52929688
v 0.94335938 0.06835938 0.50585938
v -0.52539062 0.11914062 0.54101562
v -0.46679688 0.13867188 0.59179688
v -0.45117188 0.13867188 0.58789062
v -0.26757812 0.07226562 0.50976562
v -0.52929688 0.03710938 0.51757812
v -0.77929688 0.15039062 0.50585938
v -0.96679688 0.12304688 0.52539062
v 0.98242188 0.08789062 0.53710938
v 0.99023438 0.09570312 0.53320312
v 0.94726562 0.06835938 0.49804688
v 0.99804688 0.12304688 0.58398438
v 0.42382812 0.09179688 0.61523438
v 0.27148438 0.09960938 0.58398438
v 0.28320312 0.11523438 0.54882812
v 0.34179688 0.15429688 0.49023438
v 0.52929688 0.14257812 0.54492188
v 0.29101562 0.13085938 0.54101562
v 0.27148438 0.16601562 0.50195312
v 0.19335938 0.13476562 0.53710938
v 0.22070312 0.14257812 0.51757812
v 0.22070312 0.13476562 0.50976562
v -0.96679688 0.11523438 0.52148438
v 0.86914062 0.16210938 0.63867188
v 0.88085938 0.07226562 0.49414062
v 0.88476562 0.08007812 0.48632812
v -0.34960938 0.16601562 0.62304688
v -0.22070312 0.08789062 0.53710938
v -0.21679688 0.09960938 0.52539062
v -0.26367188 0.06445312 0.49804688
v -0.24804688 0.06835938 0.49414062
v -0.34960938 0.15429688 0.64648438
v -0.34960938 0.07617188 0.49414062
v -0.55664062 0.04101562 0.49414062
v 0.18945312 0.09960938 0.54882812
v 0.56054688 -0.03320312 0.47460938
v -0.56054688 0.03710938 0.47070312
v -0.55273438 -0.01757812 0.47460938
v -0.55273438 0.01757812 0.47460938
v -0.00585938 0.14257812 0.43554688
v -0.18164062 0.01757812 0.45117188
v -0.18554688 0.02539062 0.45507812
v -0.18164062 0.02929688 0.45117188
v -0.20507812 0.04882812 0.38867188
v 0.09179688 -0.09179688 0.35742188
v 0.61132812 -0.01757812 0.27148438
v 0.59179688 0.03320312 0.27148438
v -0.54101562 0.01757812 0.27148438
v -0.54101562 -0.01757812 0.27148438
v -0.55273438 0.03320312 0.27148438
v -0.57617188 0.00976562 0.27148438
v -0.56445312 -0.04101562 0.27148438
v -0.57617188 -0.04101562 0.27148438
v -0.58007812 -0.04492188 0.27148438
v -0.60742188 -0.01757812 0.27148438
v -0.59179688 -0.04101562 0.27148438
v -0.58007812 0.03710938 0.27148438
v -0.58789062 0.01757812 0.27148438
v -0.60742188 0.01757812 0.27148438
v -0.61132812 0.01757812 0.27148438
v 0.54101562 -0.01757812 0.27148438
v 0.53710938 0.01757812 0.27148438
v 0.54101562 0.01367188 0.27148438
v 0.54101562 -0.00976562 0.25976562
v -0.56054688 -0.04101562 0.27148438
v -0.58789062 -0.01757812 0.27148438
v -0.57617188 -0.00195312 0.25195312
v -0.54492188 -0.01757812 0.27148438
v -0.54492188 0.01757812 0.27148438
v -0.60742188 0.01757812 0.22851562
v 0.18164062 0.09179688 0.24804688
v 0.18945312 0.11132812 0.22460938
v 0.22460938 0.03710938 0.30664062
v 0.55273438 0.03320312 0.27148438
v -0.57617188 -0.04492188 0.27148438
v -0.60351562 0.02929688 0.27148438
v -0.58789062 -0.05664062 0.27148438
v 0.61132812 0.01757812 0.06835938
v 0.55664062 0.03710938 0.06835938
v 0.54492188 0.02929688 0.16992188
v 0.55273438 0.03710938 0.06835938
v -0.58007812 0.04101562 0.17382812
v -0.60351562 0.03320312 0.17382812
v -0.61523438 0.01757812 0.06835938
v 0.52929688 0.01757812 0.06835938
v -0.52929688 -0.03320312 0.04492188
v -0.21289062 -0.01367188 0.04492188
v -0.21679688 0.01757812 0.04492188
v -0.20898438 0.01757812 0.03320312
v -0.52929688 0.01757812 0.04492188
v -0.52929688 -0.01757812 0.04492188
v -0.49023438 0.01757812 0.04492188
v 0.48242188 -0.01367188 0.07226562
v 0.38867188 0.01757812 0.04492188
v 0.30273438 -0.05664062 0.02929688
v -0.20898438 -0.01367188 0.04492188
v -0.18945312 -0.04101562 0.04101562
v -0.20898438 -0.00976562 0.02929688
v -0.21679688 0.03710938 0.04492188
v -0.18164062 -0.01757812 0.01367188
v 0.29882812 -0.01757812 0.02929688
v -0.30664062 -0.01757812 0.02929688
v -0.16992188 -0.04101562 0.01367188
v -0.16992188 -0.01757812 0.02929688
v 0.29882812 -0.04101562 0.01367188
v -0.30664062 0.01757812 0.02929688
v -0.30664062 -0.04101562 0.01367188
v -0.25976562 -0.02539062 0.02539062
v -0.33398438 -0.01757812 0.02929688
v -0.34570312 -0.01757812 0.02929688
v -0.38867188 -0.05664062 0.02929688
v -0.34570312 -0.04101562 0.01367188
v -0.34179688 -0.01757812 -0.00976562
v 0.48242188 -0.00585938 -0.01757812
v 0.34570312 -0.05664062 0.04492188
v 0.38867188 -0.01757812 0.02929688
v 0.34570312 -0.01757812 0.02929688
v 0.34570312 -0.04101562 0.01367188
v 0.34179688 -0.01757812 -0.00976562
v -0.38867188 -0.01757812 0.02929688
v -0.30664062 -0.01757812 -0.00976562
v 0.29882812 -0.01757812 0.04492188
v 0.34179688 -0.01757812 0.02929688
v 0.34179688 0.01757812 -0.02148438
v 0.38867188 0.01757812 -0.01757812
v 0.29882812 0.01757812 0.02929688
v -0.16601562 0.01757812 -0.00976562
v -0.22460938 -0.01757812 0.00195312
v -0.30664062 -0.05664062 0.02929688
v -0.55273438 -0.05664062 0.04492188
v -0.38867188 0.01757812 0.04492188
v -0.38867188 0.01757812 0.02929688
v 0.43554688 -0.06445312 0.02929688
v 0.38867188 -0.01757812 -0.01757812
v 0.43164062 -0.06445312 -0.02148438
v 0.38867188 0.02539062 0.02929688
v 0.44726562 0.00195312 0.02539062
v 0.38867188 -0.05664062 0.02539062
v 0.38867188 -0.05664062 -0.02148438
v 0.38867188 0.01757812 -0.03320312
v 0.34570312 0.01757812 -0.03320312
v 0.30273438 -0.05664062 -0.02148438
v 0.29882812 0.01757812 0.04492188
v 0.29882812 -0.01757812 -0.00976562
v 0.29882812 0.01757812 -0.03320312
v 0.29882812 0.01757812 -0.02148438
v 0.29882812 -0.01757812 0.00585938
v 0.34570312 -0.02539062 -0.02929688
v 0.18554688 0.01757812 0.00195312
v -0.38085938 -0.04101562 -0.00195312
v -0.38867188 0.01757812 -0.01757812
v -0.38867188 -0.01757812 -0.02148438
v -0.38867188 -0.05664062 0.04492188
v -0.41992188 -0.05664062 -0.03320312
v -0.19335938 -0.00976562 -0.03320312
v 0.14648438 0.15429688 0.04101562
v 0.52929688 0.03320312 0.04492188
v 0.47851562 -0.00585938 -0.01757812
v 0.52929688 0.03320312 -0.04882812
v 0.52929688 -0.01757812 0.04492188
v 0.52929688 0.01757812 0.04492188
v 0.39257812 -0.01757812 -0.00976562
v 0.49023438 -0.01757812 -0.04882812
v 0.49023438 0.01757812 -0.04882812
v -0.51367188 -0.01367188 0.02539062
v -0.38867188 -0.05664062 -0.03320312
v -0.49023438 0.01757812 -0.04882812
v -0.52929688 -0.04882812 0.04492188
v -0.52929688 -0.01757812 -0.04882812
v 0.59570312 -0.04101562 -0.07226562
v 0.58007812 0.04101562 -0.07226562
v 0.58007812 0.04101562 -0.04882812
v -0.52929688 -0.04882812 -0.04882812
v -0.61523438 0.01757812 -0.07226562
v 0.60742188 -0.01757812 -0.07226562
v 0.59570312 -0.03710938 -0.07226562
v -0.17773438 -0.04492188 -0.03320312
v 0.17382812 0.01757812 -0.03320312
v 0.17382812 -0.01757812 -0.11132812
v 0.16992188 0.01757812 -0.03320312
v -0.59960938 0.03320312 -0.07226562
v 0.42382812 0.01757812 -0.11523438
v 0.14648438 0.08398438 -0.10742188
v 0.14648438 -0.04101562 -0.10742188
v 0.16992188 -0.01757812 -0.10742188
v 0.14257812 -0.04101562 -0.17773438
v 0.38867188 -0.05664062 -0.03320312
v -0.52929688 0.01757812 -0.04882812
v 0.14257812 -0.03710938 -0.25195312
v 0.33398438 -0.01757812 -0.06835938
v 0.16992188 0.01757812 -0.25195312
v 0.17382812 0.01757812 -0.25195312
v 0.16992188 -0.01367188 -0.25195312
v 0.17382812 -0.01367188 -0.26757812
v 0.17382812 -0.01367188 -0.25195312
v 0.17382812 0.01757812 -0.26757812
v -0.34570312 0.02539062 -0.03320312
v 0.61523438 -0.01757812 -0.22460938
v 0.60742188 0.01757812 -0.26757812
v 0.59570312 0.01367188 -0.28710938
v 0.45507812 -0.04101562 -0.10742188
v 0.58789062 -0.05664062 -0.26757812
v 0.49804688 -0.00585938 -0.21679688
v 0.58789062 0.02929688 -0.28710938
v 0.55664062 0.03320312 -0.26757812
v -0.59179688 0.02929688 -0.26757812
v 0.16210938 0.04492188 -0.25195312
v 0.10351562 0.10742188 -0.25195312
v -0.59570312 0.01367188 -0.28710938
v 0.57226562 0.02929688 -0.28710938
v -0.05273438 -0.07226562 -0.31445312
v -0.09570312 -0.04101562 -0.36914062
v -0.09960938 -0.04101562 -0.36914062
v 0.10742188 0.12304688 -0.42773438
v -0.59570312 0.01757812 -0.28710938
v -0.88085938 0.06835938 -0.49414062
v -0.92382812 0.06445312 -0.49414062
v -0.92382812 0.07226562 -0.48632812
v -0.94335938 0.07617188 -0.49804688
v -0.88085938 0.07617188 -0.48632812
v -0.81054688 0.09570312 -0.50195312
v 0.27929688 0.07226562 -0.49023438
v -0.36523438 0.15820312 -0.49804688
v -0.94335938 0.08398438 -0.49023438
v 0.28320312 0.06445312 -0.50195312
v 0.55664062 0.14257812 -0.52929688
v -0.52929688 0.14257812 -0.55273438
v -0.61132812 -0.27539062 -0.54101562
v -0.31835938 0.13476562 -0.52929688
v -0.23632812 0.12304688 -0.52539062
v 0.53710938 -0.27539062 -0.54882812
v 0.36132812 0.08789062 -0.50976562
v 0.63476562 0.11914062 -0.58007812
v 0.52539062 0.11523438 -0.56054688
v 0.19335938 0.09570312 -0.52929688
v -0.53320312 0.11914062 -0.54492188
v -0.53320312 0.11914062 -0.54882812
v -0.52539062 0.14257812 -0.58007812
v -0.59960938 -0.21679688 -0.54882812
v -0.59179688 -0.22851562 -0.54882812
v 0.61523438 -0.28320312 -0.54882812
v 0.61132812 -0.27148438 -0.54101562
v 0.62695312 -0.28710938 -0.56054688
v 0.59960938 -0.29101562 -0.56054688
v 0.55664062 -0.27539062 -0.54101562
v 0.55273438 -0.29101562 -0.58789062
v 0.55273438 -0.27148438 -0.54101562
v -0.52539062 -0.27148438 -0.56054688
v -0.55273438 -0.29101562 -0.56054688
v -0.55664062 -0.27539062 -0.54101562
v -0.59960938 -0.29101562 -0.56054688
v -0.53320312 -0.28320312 -0.57226562
v -0.53710938 -0.27148438 -0.54882812
v -0.52929688 -0.27148438 -0.58789062
v -0.63476562 -0.27539062 -0.54882812
v -0.62695312 -0.28710938 -0.56054688
v -0.98632812 0.11132812 -0.54101562
v -0.99414062 0.11523438 -0.57226562
v 0.63476562 0.14257812 -0.56054688
v 0.18164062 0.11914062 -0.57226562
v 0.18164062 0.11914062 -0.57617188
v -0.29882812 0.15820312 -0.49804688
v -0.20117188 0.11523438 -0.55273438
v -0.23242188 0.08007812 -0.59179688
v -0.20507812 0.10351562 -0.56445312
v -0.22851562 0.13476562 -0.52929688
v -0.20507812 0.11132812 -0.56835938
v -0.27148438 0.11132812 -0.55273438
v 0.96679688 0.12304688 -0.52929688
v 0.99804688 0.10351562 -0.55273438
v 0.99804688 0.11132812 -0.55664062
v 0.96679688 0.11523438 -0.52148438
v 0.91601562 0.15820312 -0.49804688
v 0.99023438 0.09570312 -0.59179688
v 0.65039062 -0.26757812 -0.58398438
v -0.55273438 -0.29101562 -0.58789062
v -0.63476562 0.14257812 -0.58007812
v 0.59179688 -0.27148438 -0.54101562
v 0.58789062 -0.22851562 -0.55273438
v 0.59960938 -0.22851562 -0.58398438
v 0.57617188 -0.28320312 -0.58398438
v 0.59960938 -0.29101562 -0.58789062
v 0.59960938 -0.27148438 -0.54101562
v 0.55664062 -0.25585938 -0.57617188
v 0.59960938 -0.22851562 -0.56054688
v 0.53710938 0.17382812 -0.54882812
v 0.52539062 0.14257812 -0.58007812
v 0.21679688 0.08007812 -0.50976562
v -0.59960938 -0.22851562 -0.56054688
v -0.59570312 -0.26367188 -0.56835938
v -0.59570312 -0.27929688 -0.56835938
v -0.59960938 -0.22851562 -0.58398438
v -0.63085938 -0.28710938 -0.58398438
v -0.65039062 -0.26757812 -0.58398438
v -0.59960938 -0.29101562 -0.58789062
v -0.62695312 -0.27929688 -0.60351562
v -0.62695312 -0.25976562 -0.61132812
v 0.60742188 -0.22851562 -0.60351562
v 0.58789062 -0.22851562 -0.60742188
v 0.60742188 -0.27929688 -0.60742188
v 0.59960938 -0.22851562 -0.60742188
v 0.18164062 0.10742188 -0.58007812
v -0.59960938 -0.27929688 -0.60742188
v -0.62304688 -0.27148438 -0.60742188
v -0.60351562 -0.25976562 -0.61523438
v 0.59570312 -0.22851562 -0.60742188
v 0.52929688 0.14257812 -0.60742188
v 0.27929688 0.08007812 -0.48632812
v -0.28710938 0.09179688 -0.58007812
v 0.52539062 0.11914062 -0.58007812
v -0.52539062 0.11914062 -0.58007812
v -0.61132812 0.11914062 -0.53320312
v -0.54492188 0.11914062 -0.53320312
v -0.52929688 0.11914062 -0.60351562
v -0.53710938 0.11914062 -0.61523438
v -0.52929688 0.14257812 -0.60742188
v -0.62304688 0.14257812 -0.62304688
v -0.98632812 0.13867188 -0.57617188
v -0.91992188 0.16992188 -0.62304688
v 0.96289062 0.07617188 -0.61523438
v -0.27929688 0.10351562 -0.56445312
v -0.28710938 0.10742188 -0.56445312
v -0.29101562 0.06445312 -0.61914062
v -0.52929688 0.12695312 -0.55273438
v -0.40429688 0.11523438 -0.56054688
v -0.52539062 0.10351562 -0.59570312
v -0.36523438 0.07617188 -0.61914062
v -0.36523438 0.14648438 -0.49023438
v -0.54492188 0.11914062 -0.62304688
v -0.88476562 0.11132812 -0.54492188
v -0.88085938 0.06445312 -0.50585938
v -0.98242188 0.09179688 -0.55273438
v -0.98632812 0.13476562 -0.58789062
v -0.98632812 0.09960938 -0.54492188
v 0.63085938 0.11914062 -0.61132812
v 0.60351562 0.11914062 -0.63476562
v 0.58398438 0.17382812 -0.61914062
v 0.52539062 0.12695312 -0.54882812
v 0.36132812 0.16992188 -0.61523438
v -0.68945312 0.14648438 -0.58789062
v -0.63476562 0.13867188 -0.60351562
v 0.96679688 0.07617188 -0.61914062
v 0.93164062 0.08007812 -0.63867188
v -0.28710938 0.06054688 -0.63085938
v -0.55664062 0.11914062 -0.62304688
v -0.81445312 0.17382812 -0.61914062
v 0.34570312 0.07617188 -0.49804688
v 0.22460938 0.09960938 -0.56835938
v 0.52539062 0.13476562 -0.58789062
v 0.28320312 0.16992188 -0.61914062
v 0.36132812 0.18164062 -0.63476562
v 0.18945312 0.09179688 -0.56445312
v 0.29882812 0.12304688 -0.58007812
v 0.20117188 0.12304688 -0.60742188
v -0.62695312 0.11914062 -0.54882812
v -0.85742188 0.10351562 -0.55273438
v -0.68945312 0.11132812 -0.55664062
v -0.81054688 0.16992188 -0.64648438
v -0.63085938 0.11523438 -0.56054688
v -0.87304688 0.17382812 -0.62304688
v -0.81054688 0.18164062 -0.63476562
v -0.63085938 0.11914062 -0.55273438
v -0.80664062 0.08398438 -0.50976562
v -0.80664062 0.07617188 -0.51757812
v -0.94726562 0.12695312 -0.57617188
v -0.86132812 0.13476562 -0.59960938
v -0.91992188 0.15820312 -0.63085938
v -0.87304688 0.18164062 -0.63867188
v -0.94335938 0.06835938 -0.50585938
v 0.21679688 0.07226562 -0.52148438
v 0.19335938 0.08398438 -0.53710938
v 0.33007812 0.09960938 -0.55273438
v 0.38476562 0.13476562 -0.57617188
v 0.47460938 0.14648438 -0.59179688
v 0.36132812 0.16992188 -0.64648438
v 0.28320312 0.16992188 -0.64648438
v 0.18945312 0.09179688 -0.56835938
v 0.35742188 0.15429688 -0.65039062
v 0.34570312 0.06835938 -0.50585938
v -0.87304688 0.16992188 -0.64648438
v -0.91992188 0.14648438 -0.63867188
v 0.34570312 0.08398438 -0.49023438
v 0.28320312 0.18164062 -0.63867188
v -0.75585938 0.12695312 -0.58789062
v 0.54882812 0.14257812 -0.63085938
v 0.61914062 0.14257812 -0.62304688
v -0.36132812 0.07226562 -0.63085938
v -0.52539062 0.11132812 -0.59960938
v -0.41992188 0.11914062 -0.55664062
v -0.23242188 0.07617188 -0.60351562
v -0.40039062 0.11523438 -0.56054688
v -0.90429688 0.12304688 -0.56054688
v -0.62695312 0.11914062 -0.61914062
v 0.63867188 0.11132812 -0.59179688
v 0.81054688 0.10351562 -0.62304688
v 0.96679688 0.08398438 -0.62304688
v 0.91601562 0.13867188 -0.49414062
v 0.99023438 0.09179688 -0.59570312
v -0.63476562 0.14257812 -0.60742188
v 0.54882812 0.17382812 -0.61914062
v -0.60742188 -0.22851562 -0.60351562
v 0.59179688 -0.25976562 -0.61523438
v 0.60351562 -0.25976562 -0.61523438
v -0.63476562 0.11914062 -0.60742188
v -0.59960938 -0.27148438 -0.54101562
v -0.59179688 -0.22851562 -0.60742188
v 0.20117188 0.13867188 -0.59179688
v 0.20507812 0.14257812 -0.60742188
v 0.52539062 0.11914062 -0.60351562
v 0.54101562 0.17382812 -0.60742188
v 0.59179688 -0.27929688 -0.60742188
v 0.58789062 -0.26367188 -0.54101562
v -0.63476562 0.15039062 -0.59570312
v 0.55273438 -0.27929688 -0.60351562
v 0.52929688 -0.27148438 -0.58789062
v -0.52539062 0.13085938 -0.56445312
v -0.20507812 0.10742188 -0.54882812
v 0.52929688 -0.27929688 -0.58789062
v 0.63476562 -0.27148438 -0.54882812
v 0.63476562 -0.27148438 -0.58789062
v -0.65039062 -0.27148438 -0.56054688
v -0.63476562 0.11914062 -0.58007812
v 0.52929688 0.11914062 -0.55273438
v 0.53710938 0.11914062 -0.54101562
v 0.63476562 0.14257812 -0.58007812
v 0.63085938 0.14257812 -0.55273438
v 0.63085938 0.13476562 -0.55273438
v 0.62304688 0.11914062 -0.54882812
v -0.25195312 0.12695312 -0.53320312
v 0.55273438 -0.29101562 -0.56054688
v -0.55664062 0.14257812 -0.52929688
v 0.52929688 0.11914062 -0.54882812
v 0.52929688 0.14257812 -0.55273438
v 0.55273438 0.11914062 -0.52929688
v 0.56054688 0.17382812 -0.53320312
v -0.56054688 0.17382812 -0.53320312
v -0.60742188 0.17382812 -0.53710938
v -0.58398438 0.14257812 -0.52929688
v -0.88476562 0.11132812 -0.53320312
v -0.62304688 0.00195312 -0.49804688
v -0.61914062 0.01757812 -0.35742188
v -0.29882812 0.14648438 -0.49023438
v 0.60742188 0.03710938 -0.49023438
v 0.11523438 0.09960938 -0.41992188
v -0.04882812 -0.07617188 -0.31445312
v -0.61914062 -0.01757812 -0.35742188
v -0.08398438 0.13867188 -0.32226562
v -0.05273438 -0.07617188 -0.31445312
v -0.56054688 0.01757812 -0.28710938
v 0.56054688 0.01757812 -0.28710938
v 0.58398438 -0.01757812 -0.28710938
v 0.56054688 -0.01757812 -0.28710938
v 0.57226562 -0.01757812 -0.28710938
v 0.60742188 -0.01757812 -0.26757812
v 0.59960938 0.01757812 -0.28710938
v -0.61523438 0.01757812 -0.26757812
v -0.61523438 -0.01757812 -0.26757812
v 0.14257812 -0.04101562 -0.25195312
v 0.11132812 -0.05664062 -0.25195312
v 0.14648438 -0.04492188 -0.10742188
v 0.40039062 0.00195312 -0.08789062
v 0.36914062 0.00195312 -0.07226562
v 0.16992188 0.01757812 -0.11132812
v 0.40820312 0.01757812 -0.09179688
v 0.42382812 0.01757812 -0.08789062
v 0.60742188 -0.01367188 -0.08007812
v 0.58007812 0.00976562 -0.06445312
v -0.60351562 0.03320312 -0.07226562
v -0.61132812 0.01757812 -0.07226562
v -0.61132812 0.01757812 -0.04882812
v -0.57617188 0.04101562 -0.07226562
v -0.55664062 0.03320312 -0.07226562
v 0.33007812 0.00195312 -0.04882812
v 0.55273438 0.03710938 -0.07226562
v 0.57617188 0.04101562 -0.07226562
v 0.58007812 -0.04101562 -0.07226562
v 0.57226562 -0.01367188 -0.06445312
v 0.29882812 -0.01757812 -0.03320312
v -0.59960938 0.03320312 -0.04882812
v -0.58007812 0.04101562 -0.04882812
v -0.43554688 -0.03320312 -0.01757812
v 0.52929688 -0.01757812 -0.04882812
v 0.55664062 -0.04101562 -0.04882812
v 0.52929688 0.01757812 -0.04882812
v 0.66210938 0.01757812 -0.04882812
v 0.64257812 0.04101562 -0.04882812
v 0.64257812 0.04101562 0.04492188
v -0.34570312 -0.05664062 -0.03320312
v -0.34570312 -0.05664062 0.04492188
v -0.43554688 -0.06445312 -0.01757812
v -0.38867188 0.02539062 -0.03320312
v -0.30664062 -0.01757812 -0.03320312
v -0.19726562 -0.00976562 -0.03320312
v 0.16992188 -0.01757812 -0.03320312
v 0.14257812 -0.04101562 -0.03320312
v 0.17382812 -0.01757812 -0.03320312
v 0.34570312 0.01757812 0.04492188
v 0.38867188 -0.05664062 0.04492188
v -0.34570312 0.01757812 0.04492188
v -0.30664062 -0.05664062 -0.02148438
v -0.30664062 -0.01757812 0.04492188
v -0.30664062 0.01757812 -0.02148438
v 0.34179688 0.01757812 0.02929688
v -0.16601562 0.01757812 0.01367188
v 0.15820312 -0.01757812 0.02929688
v 0.15820312 0.01757812 -0.00976562
v -0.18554688 -0.03320312 0.02148438
v -0.18554688 -0.04492188 0.04101562
v -0.21289062 0.01757812 0.02929688
v 0.34570312 0.00195312 0.02539062
v 0.49023438 0.02539062 0.05664062
v -0.34179688 0.01757812 0.02929688
v -0.30664062 0.01757812 0.04492188
v -0.10742188 -0.09960938 0.04101562
v 0.18164062 0.10351562 0.04101562
v -0.55664062 -0.04101562 0.06835938
v 0.66210938 0.01757812 0.04492188
v -0.59960938 0.03320312 0.06835938
v -0.61523438 0.01757812 0.17382812
v -0.58007812 0.04101562 0.06835938
v -0.53710938 -0.01757812 0.06835938
v 0.60351562 0.02929688 0.06835938
v 0.60351562 0.03320312 0.06835938
v 0.61523438 0.01757812 0.06835938
v 0.33007812 0.01757812 0.07617188
v -0.57617188 0.04101562 0.17382812
v -0.59570312 -0.05664062 0.22851562
v -0.61523438 -0.01757812 0.22851562
v 0.59570312 -0.05664062 0.27148438
v 0.18945312 0.10351562 0.24804688
v 0.53710938 -0.01757812 0.27148438
v -0.61523438 -0.01757812 0.27148438
v -0.61132812 -0.01757812 0.27148438
v -0.58789062 -0.04101562 0.27148438
v 0.59179688 0.01757812 0.27148438
v 0.61132812 0.01757812 0.27148438
v 0.60742188 0.01757812 0.27148438
v -0.20898438 0.03710938 0.39257812
v -0.00585938 0.16601562 0.39648438
v -0.61523438 0.01757812 0.47070312
v -0.60742188 0.03320312 0.47070312
v 0.56835938 -0.04101562 0.47070312
v -0.58398438 -0.04101562 0.47460938
v 0.58007812 -0.04101562 0.47460938
v 0.27148438 0.16210938 0.49023438
v 0.27148438 0.15039062 0.47851562
v -0.60742188 0.03710938 0.48242188
v -0.58398438 0.03710938 0.48632812
v -0.58007812 0.02929688 0.48632812
v -0.34570312 0.08398438 0.48632812
v -0.20117188 0.13085938 0.58007812
v -0.24414062 0.07617188 0.48632812
v 0.58007812 -0.05664062 0.48632812
v 0.95117188 0.07617188 0.49023438
v -0.58398438 -0.05664062 0.49023438
v -0.86523438 0.15820312 0.49414062
v -0.55273438 0.03320312 0.49414062
v -0.34960938 0.08007812 0.50195312
v 0.22070312 0.12304688 0.49804688
v 0.34570312 0.08007812 0.63476562
v -0.80273438 0.08398438 0.61523438
v -0.79101562 0.09570312 0.61523438
v -0.77929688 0.16210938 0.54101562
v -0.88476562 0.07226562 0.64257812
v 0.26367188 0.12695312 0.53320312
v 0.63085938 0.11914062 0.55273438
v 0.79492188 0.08789062 0.51367188
v -0.52929688 0.04101562 0.51757812
v -0.85351562 0.12695312 0.54882812
v -0.64257812 0.14257812 0.54882812
v -0.73632812 0.10742188 0.59179688
v -0.72460938 0.10742188 0.59179688
v -0.96289062 0.10742188 0.57226562
v -0.92773438 0.09179688 0.59179688
v 0.61523438 0.12304688 0.53320312
v -0.46679688 0.11523438 0.53710938
v -0.61523438 -0.25195312 0.54101562
v -0.61523438 -0.25195312 0.56835938
v 0.59179688 -0.27148438 0.54492188
v 0.58789062 -0.22851562 0.60742188
v 0.61523438 -0.25195312 0.54101562
v -0.63476562 -0.24804688 0.54882812
v -0.64648438 -0.25976562 0.55664062
v -0.62304688 -0.22851562 0.58398438
v -0.55273438 -0.25195312 0.54492188
v -0.52929688 -0.26757812 0.54882812
v -0.55273438 -0.22851562 0.58398438
v 0.64257812 -0.26757812 0.54882812
v 0.63476562 0.11914062 0.55273438
v 0.27148438 0.10351562 0.58789062
v 0.52929688 -0.26757812 0.54882812
v 0.52929688 -0.27929688 0.56054688
v 0.59570312 -0.21289062 0.54882812
v 0.62695312 0.12695312 0.54882812
v 0.62695312 0.12304688 0.55664062
v -0.66210938 -0.25195312 0.56054688
v 0.63476562 0.12695312 0.59570312
v 0.63867188 0.12304688 0.55664062
v 0.63476562 0.12304688 0.56054688
v 0.63867188 0.12304688 0.56054688
v 0.63867188 0.12695312 0.56054688
v -0.61914062 -0.21289062 0.56054688
v -0.51367188 -0.27148438 0.56054688
v -0.51367188 -0.25976562 0.56054688
v 0.52539062 0.11914062 0.56054688
v 0.52148438 -0.25195312 0.56445312
v 0.52929688 -0.27929688 0.58789062
v 0.62695312 -0.28710938 0.58398438
v 0.63085938 0.11914062 0.56445312
v 0.62304688 0.11914062 0.56054688
v 0.62695312 0.12304688 0.56445312
v 0.65039062 -0.27539062 0.56054688
v 0.65039062 -0.25195312 0.58007812
v 0.63085938 0.12695312 0.56445312
v -0.90429688 0.10351562 0.56835938
v -0.20507812 0.13085938 0.59960938
v -0.24804688 0.11914062 0.57617188
v 0.60742188 -0.24414062 0.57617188
v -0.63085938 -0.25585938 0.58398438
v -0.64648438 -0.25195312 0.60351562
v -0.62695312 -0.28710938 0.58398438
v -0.59179688 -0.25195312 0.61132812
v 0.61132812 -0.25195312 0.61132812
v -0.52929688 0.11914062 0.58789062
v -0.53320312 0.11914062 0.59179688
v -0.61914062 0.12695312 0.62304688
v -0.54101562 0.11914062 0.61914062
v -0.64257812 0.14257812 0.59570312
v -0.61914062 0.16210938 0.59570312
v 0.63476562 0.14257812 0.59570312
v -0.61914062 0.15820312 0.60351562
v -0.62304688 0.14257812 0.62304688
v -0.59570312 0.03710938 0.66210938
v -0.55664062 0.03710938 0.65039062
v -0.59960938 -0.05664062 0.66210938
v -0.58789062 -0.05664062 0.66601562
v -0.89648438 0.06835938 0.61914062
v -0.62304688 0.15820312 0.59960938
v 0.62695312 -0.27148438 0.60351562
v 0.51757812 -0.24804688 0.59179688
v 0.65039062 -0.27148438 0.58007812
v 0.51367188 -0.27148438 0.56054688
v 0.51367188 -0.25976562 0.56054688
v -0.55664062 0.14257812 0.52929688
v -0.58007812 0.11914062 0.52539062
v -0.51367188 0.03710938 0.54882812
v 0.34960938 0.16210938 0.51367188
v -0.86523438 0.14648438 0.49023438
v -0.04882812 0.14257812 0.43164062
v 0.13867188 -0.06835938 0.35351562
v 0.61523438 -0.01757812 0.27148438
v 0.58007812 0.03710938 0.27148438
v 0.22851562 0.03710938 0.20898438
v 0.58007812 0.04101562 0.06835938
v 0.61523438 -0.01757812 0.22851562
v 0.15820312 -0.04101562 0.01367188
v 0.17773438 0.09179688 -0.00195312
v 0.33007812 -0.01757812 -0.07226562
v -0.19726562 0.02539062 -0.03320312
v 0.61132812 0.01757812 -0.07226562
v 0.16210938 0.06445312 -0.10742188
v 0.14257812 0.07617188 -0.25195312
v 0.16210938 0.04882812 -0.26757812
v 0.15820312 0.05273438 -0.32226562
v 0.10351562 0.11523438 -0.32226562
v -0.10742188 0.11523438 -0.25195312
v 0.10742188 0.06835938 -0.42382812
v -0.58007812 -0.02148438 -0.35742188
v -0.58007812 0.11914062 -0.52539062
v 0.61914062 0.11914062 -0.54101562
v 0.65429688 -0.25585938 -0.58007812
v -0.58789062 -0.27539062 -0.54101562
v -0.60742188 -0.23632812 -0.60742188
v 0.20507812 0.13085938 -0.61523438
v 0.53320312 0.11914062 -0.61523438
v 0.56445312 0.17382812 -0.63476562
v -0.59960938 -0.05664062 -0.66601562
v -0.58398438 -0.05664062 -0.66601562
v 0.57617188 -0.05664062 -0.66601562
v 0.59960938 -0.05664062 -0.66601562
v -0.59570312 0.03710938 -0.66210938
v -0.58007812 -0.05664062 -0.66210938
v 0.60742188 0.03710938 -0.66210938
v 0.58007812 -0.05664062 -0.65820312
v -0.59570312 -0.05664062 -0.65429688
v 0.27929688 0.15429688 -0.65429688
v 0.58007812 0.03710938 -0.65429688
v 0.59570312 -0.05664062 -0.65429688
v -0.63476562 -0.05664062 -0.65039062
v -0.63476562 0.03710938 -0.65039062
v -0.60742188 0.04492188 -0.65039062
v -0.58398438 0.04492188 -0.65039062
v -0.55273438 0.03710938 -0.65039062
v -0.54882812 -0.05664062 -0.65039062
v 0.54882812 -0.05664062 -0.65039062
v 0.58007812 0.04492188 -0.65039062
v 0.60742188 0.04492188 -0.65039062
v 0.63476562 -0.05664062 -0.65039062
v 0.63476562 0.03710938 -0.65039062
v -0.59179688 -0.12304688 -0.64257812
v 0.55273438 0.03710938 -0.64257812
v 0.58007812 -0.12304688 -0.64257812
v 0.59570312 -0.12304688 -0.64257812
v -0.63085938 0.04492188 -0.63867188
v -0.62304688 -0.05664062 -0.63867188
v -0.58398438 0.11914062 -0.63867188
v -0.57617188 0.14257812 -0.63867188
v -0.56054688 -0.05664062 -0.63867188
v -0.55664062 0.04492188 -0.63867188
v -0.35742188 0.08007812 -0.63867188
v -0.28320312 0.07226562 -0.63867188
v 0.55664062 -0.05664062 -0.63867188
v 0.55664062 0.04492188 -0.63867188
v 0.57226562 0.14257812 -0.63867188
v 0.58007812 0.11914062 -0.63867188
v 0.61914062 -0.05664062 -0.63867188
v 0.63085938 0.04492188 -0.63867188
v 0.88085938 0.08789062 -0.63867188
v -0.61914062 -0.12304688 -0.63476562
v -0.60742188 0.11914062 -0.63476562
v -0.59960938 0.14257812 -0.63476562
v -0.59179688 0.17382812 -0.63476562
v -0.57226562 0.17382812 -0.63476562
v -0.56054688 -0.12304688 -0.63476562
v -0.56054688 0.11914062 -0.63476562
v 0.55664062 -0.12304688 -0.63476562
v 0.55664062 0.11914062 -0.63476562
v 0.55664062 0.14257812 -0.63476562
v 0.56054688 0.14257812 -0.63476562
v 0.59179688 0.17382812 -0.63476562
v 0.59570312 0.14257812 -0.63476562
v 0.61523438 -0.12304688 -0.63476562
v -0.54882812 0.14257812 -0.63085938
v 0.58007812 0.17382812 -0.63085938
v 0.88085938 0.07226562 -0.63085938
v 0.93164062 0.06835938 -0.63085938
v -0.54882812 0.17382812 -0.62695312
v 0.54882812 0.17382812 -0.62695312
v -0.66210938 -0.05664062 -0.62304688
v -0.66210938 0.03710938 -0.62304688
v -0.61523438 0.17382812 -0.62304688
v -0.59179688 -0.18164062 -0.62304688
v -0.58398438 0.11914062 -0.62304688
v -0.52539062 -0.05664062 -0.62304688
v 0.52539062 -0.05664062 -0.62304688
v 0.54492188 0.11914062 -0.62304688
v 0.56054688 0.04492188 -0.62304688
v 0.58007812 0.11914062 -0.62304688
v 0.58398438 -0.18164062 -0.62304688
v 0.59570312 -0.18164062 -0.62304688
v 0.61132812 0.17382812 -0.62304688
v 0.61914062 0.11914062 -0.62304688
v 0.65820312 -0.05664062 -0.62304688
v 0.65820312 0.03710938 -0.62304688
v 0.88085938 0.07226562 -0.62304688
v 0.93164062 0.06835938 -0.62304688
v -0.65039062 -0.05664062 -0.61914062
v -0.64648438 0.04492188 -0.61914062
v -0.61523438 -0.18164062 -0.61914062
v -0.61132812 0.04492188 -0.61914062
v -0.60742188 0.11914062 -0.61914062
v -0.58398438 0.04492188 -0.61914062
v -0.56054688 -0.18164062 -0.61914062
v -0.56054688 0.04492188 -0.61914062
v -0.54882812 0.17382812 -0.61914062
v -0.53710938 -0.05664062 -0.61914062
v -0.52539062 0.03710938 -0.61914062
v 0.52539062 0.03710938 -0.61914062
v 0.53710938 -0.05664062 -0.61914062
v 0.56054688 -0.18164062 -0.61914062
v 0.58007812 0.04492188 -0.61914062
v 0.60351562 0.11914062 -0.61914062
v 0.60742188 0.04492188 -0.61914062
v 0.61132812 -0.18164062 -0.61914062
v 0.64648438 0.04492188 -0.61914062
v 0.65039062 -0.05664062 -0.61914062
v -0.63867188 -0.12304688 -0.61523438
v -0.59179688 -0.25976562 -0.61523438
v -0.55273438 -0.25976562 -0.61523438
v -0.53710938 -0.12304688 -0.61523438
v -0.53710938 0.04492188 -0.61523438
v 0.53320312 0.04492188 -0.61523438
v 0.53710938 -0.12304688 -0.61523438
v 0.55273438 -0.25976562 -0.61523438
v 0.63085938 -0.12304688 -0.61523438
v -0.55273438 -0.23632812 -0.61132812
v -0.23242188 0.08398438 -0.61132812
v 0.54882812 0.04492188 -0.61132812
v 0.55273438 -0.23632812 -0.61132812
v 0.62695312 -0.25976562 -0.61132812
v -0.69335938 0.15820312 -0.60742188
v -0.62695312 0.17382812 -0.60742188
v -0.61523438 -0.25976562 -0.60742188
v -0.60742188 -0.27929688 -0.60742188
v -0.59179688 -0.27929688 -0.60742188
v -0.56054688 -0.22460938 -0.60742188
v -0.53710938 0.17382812 -0.60742188
v -0.53320312 -0.05664062 -0.60742188
v 0.56054688 -0.22851562 -0.60742188
v 0.61523438 -0.23632812 -0.60742188
v 0.62695312 0.17382812 -0.60742188
v 0.63085938 0.14257812 -0.60742188
v 0.63867188 -0.05664062 -0.60742188
v 0.79882812 0.09179688 -0.60742188
v -0.97460938 0.11914062 -0.60351562
v -0.63476562 -0.24414062 -0.60351562
v -0.63085938 -0.18164062 -0.60351562
v -0.55273438 -0.27929688 -0.60351562
v -0.54492188 -0.18164062 -0.60351562
v -0.54101562 -0.24023438 -0.60351562
v -0.53320312 -0.25976562 -0.60351562
v 0.53320312 -0.25976562 -0.60351562
v 0.54101562 -0.24023438 -0.60351562
v 0.54492188 -0.18164062 -0.60351562
v 0.62695312 -0.18164062 -0.60351562
v 0.63085938 -0.27539062 -0.60351562
v 0.63476562 -0.24414062 -0.60351562
v 0.63476562 0.11914062 -0.60351562
v -0.98242188 0.13085938 -0.59960938
v -0.64648438 -0.25976562 -0.59960938
v 0.62304688 0.17382812 -0.59960938
v 0.64648438 -0.25976562 -0.59960938
v -0.66601562 0.03710938 -0.59570312
v -0.54882812 -0.22851562 -0.59570312
v 0.54882812 -0.22851562 -0.59570312
v -0.66992188 -0.05664062 -0.59179688
v -0.51367188 -0.05664062 -0.59179688
v 0.51367188 -0.05664062 -0.59179688
v 0.66210938 -0.05664062 -0.59179688
v -0.65820312 -0.05664062 -0.58789062
v -0.65429688 0.04492188 -0.58789062
v -0.64648438 -0.12304688 -0.58789062
v -0.62304688 0.04492188 -0.58789062
v -0.53320312 -0.12304688 -0.58789062
v 0.52539062 -0.05664062 -0.58789062
v 0.53320312 -0.12304688 -0.58789062
v 0.61914062 0.04492188 -0.58789062
v 0.63867188 -0.12304688 -0.58789062
v 0.65039062 0.04492188 -0.58789062
v 0.65429688 0.03710938 -0.58789062
v -0.64257812 -0.24023438 -0.58398438
v -0.63476562 -0.18164062 -0.58398438
v -0.62304688 -0.22070312 -0.58398438
v -0.61914062 -0.22851562 -0.58398438
v -0.54882812 -0.22851562 -0.58398438
v -0.54101562 -0.18164062 -0.58398438
v -0.52929688 -0.24023438 -0.58398438
v -0.52539062 0.04492188 -0.58398438
v -0.52148438 -0.25195312 -0.58398438
v -0.51367188 0.03710938 -0.58398438
v 0.51367188 0.03710938 -0.58398438
v 0.52148438 -0.25195312 -0.58398438
v 0.52539062 0.04492188 -0.58398438
v 0.52929688 -0.24023438 -0.58398438
v 0.54101562 -0.18164062 -0.58398438
v 0.54882812 -0.22851562 -0.58398438
v 0.61914062 -0.22070312 -0.58398438
v 0.62304688 -0.22851562 -0.58398438
v 0.63085938 -0.28710938 -0.58398438
v 0.63085938 -0.18164062 -0.58398438
v 0.64257812 -0.24023438 -0.58398438
v -0.98632812 0.10351562 -0.58007812
v -0.65429688 -0.25195312 -0.58007812
v -0.62304688 0.17382812 -0.58007812
v -0.61914062 0.11914062 -0.58007812
v 0.62304688 0.11914062 -0.58007812
v 0.94726562 0.09960938 -0.58007812
v -0.29101562 0.09960938 -0.57617188
v 0.49804688 -0.25195312 -0.57617188
v -0.51757812 -0.25976562 -0.57226562
v 0.51757812 -0.25976562 -0.57226562
v 0.53320312 -0.28320312 -0.57226562
v -0.30273438 0.10351562 -0.56835938
v -0.63867188 -0.27148438 -0.56445312
v -0.56835938 0.12304688 -0.56445312
v 0.19335938 0.09179688 -0.56445312
v -0.66992188 -0.05664062 -0.56054688
v -0.66601562 0.03710938 -0.56054688
v -0.64257812 -0.24414062 -0.56054688
v -0.63085938 -0.18164062 -0.56054688
v -0.62304688 0.17382812 -0.56054688
v -0.52539062 -0.24414062 -0.56054688
v -0.27539062 0.10742188 -0.56054688
v 0.52539062 -0.27539062 -0.56054688
v 0.52539062 -0.24414062 -0.56054688
v 0.62695312 -0.20507812 -0.56054688
v 0.62695312 -0.18164062 -0.56054688
v 0.64257812 -0.24414062 -0.56054688
v 0.65039062 -0.27148438 -0.56054688
v 0.66210938 -0.05664062 -0.56054688
v -0.65429688 0.04492188 -0.55664062
v -0.62304688 0.04492188 -0.55664062
v -0.61914062 -0.21679688 -0.55664062
v -0.54882812 -0.22851562 -0.55664062
v -0.54882812 -0.20507812 -0.55664062
v -0.54492188 -0.18164062 -0.55664062
v 0.54492188 -0.18164062 -0.55664062
v 0.55273438 -0.22851562 -0.55664062
v 0.55273438 -0.20507812 -0.55664062
v -0.63867188 -0.12304688 -0.55273438
v -0.63085938 0.14257812 -0.55273438
v -0.62695312 0.17382812 -0.55273438
v -0.61523438 -0.23632812 -0.55273438
v -0.57617188 -0.22851562 -0.55273438
v -0.54492188 -0.23632812 -0.55273438
v -0.52929688 0.11914062 -0.55273438
v -0.52539062 -0.26367188 -0.55273438
v -0.52539062 0.04492188 -0.55273438
v -0.51367188 -0.05664062 -0.55273438
v 0.52539062 -0.26367188 -0.55273438
v 0.52539062 0.04492188 -0.55273438
v 0.54492188 -0.23632812 -0.55273438
v 0.61132812 -0.21679688 -0.55273438
v 0.61914062 0.04492188 -0.55273438
v 0.62695312 0.17382812 -0.55273438
v 0.63085938 -0.12304688 -0.55273438
v 0.63085938 0.11914062 -0.55273438
v 0.65039062 0.04492188 -0.55273438
v -0.64648438 -0.05664062 -0.54882812
v -0.62304688 0.11914062 -0.54882812
v -0.53710938 -0.12304688 -0.54882812
v -0.53710938 0.17382812 -0.54882812
v -0.51367188 0.03710938 -0.54882812
v 0.51367188 -0.05664062 -0.54882812
v 0.51367188 0.03710938 -0.54882812
v 0.53710938 -0.12304688 -0.54882812
v 0.63867188 -0.05664062 -0.54882812
v 0.65820312 0.03710938 -0.54882812
v -0.86132812 0.12304688 -0.54492188
v -0.63476562 -0.25976562 -0.54492188
v -0.53710938 -0.25585938 -0.54492188
v 0.52929688 -0.05664062 -0.54492188
v 0.53320312 -0.25195312 -0.54492188
v 0.62304688 0.11914062 -0.54492188
v 0.62304688 0.17382812 -0.54492188
v 0.63476562 -0.25976562 -0.54492188
v -0.61914062 -0.25585938 -0.54101562
v -0.61914062 -0.18164062 -0.54101562
v -0.61914062 0.11914062 -0.54101562
v -0.57226562 -0.26367188 -0.54101562
v -0.55273438 -0.18164062 -0.54101562
v -0.23242188 0.13476562 -0.54101562
v 0.56054688 -0.18164062 -0.54101562
v 0.59570312 -0.21289062 -0.54101562
v 0.61132812 -0.18164062 -0.54101562
v 0.62304688 -0.25195312 -0.54101562
v -0.63867188 -0.05664062 -0.53710938
v 0.63476562 -0.05664062 -0.53710938
v -0.65820312 0.03710938 -0.53320312
v -0.61132812 0.14257812 -0.53320312
v -0.59960938 -0.18164062 -0.53320312
v -0.59570312 0.17382812 -0.53320312
v -0.57226562 -0.18164062 -0.53320312
v 0.54492188 0.11914062 -0.53320312
v 0.58398438 -0.18164062 -0.53320312
v 0.59960938 0.17382812 -0.53320312
v 0.61132812 0.11914062 -0.53320312
v 0.61132812 0.17382812 -0.53320312
v 0.61523438 0.14257812 -0.53320312
v 0.76757812 0.15820312 -0.53320312
v -0.78710938 0.08398438 -0.52929688
v -0.65429688 -0.05664062 -0.52929688
v -0.64648438 0.04492188 -0.52929688
v -0.59960938 0.11914062 -0.52929688
v -0.58789062 -0.18164062 -0.52929688
v -0.56054688 0.11914062 -0.52929688
v -0.54882812 -0.12304688 -0.52929688
v -0.53710938 -0.05664062 -0.52929688
v 0.59179688 0.14257812 -0.52929688
v 0.59570312 -0.18164062 -0.52929688
v 0.59960938 0.11914062 -0.52929688
v 0.65039062 -0.05664062 -0.52929688
v -0.62304688 -0.12304688 -0.52539062
v -0.53710938 0.04492188 -0.52539062
v 0.55664062 -0.12304688 -0.52539062
v 0.56054688 0.11914062 -0.52539062
v 0.58007812 0.11914062 -0.52539062
v 0.58007812 0.14257812 -0.52539062
v 0.61523438 -0.12304688 -0.52539062
v 0.64648438 0.04492188 -0.52539062
v -0.62304688 0.04492188 -0.52148438
v -0.52539062 -0.05664062 -0.52148438
v 0.52929688 -0.05664062 -0.52148438
v 0.53320312 0.04492188 -0.52148438
v 0.65039062 0.03710938 -0.52148438
v -0.62304688 -0.05664062 -0.51757812
v -0.52539062 0.03710938 -0.51757812
v 0.36523438 0.08007812 -0.51757812
v 0.61914062 -0.05664062 -0.51757812
v 0.62304688 0.04492188 -0.51757812
v 0.76367188 0.16601562 -0.51757812
v -0.60351562 0.04492188 -0.51367188
v -0.59960938 -0.12304688 -0.51367188
v -0.56835938 -0.12304688 -0.51367188
v -0.36523438 0.15429688 -0.51367188
v -0.29882812 0.15429688 -0.51367188
v 0.52539062 -0.05664062 -0.51367188
v 0.52539062 0.03710938 -0.51367188
v 0.55273438 -0.05664062 -0.51367188
v 0.58007812 -0.12304688 -0.51367188
v 0.59570312 -0.12304688 -0.51367188
v 0.76367188 0.14648438 -0.51367188
v -0.58789062 -0.12304688 -0.50976562
v -0.56054688 -0.05664062 -0.50976562
v -0.63476562 -0.05664062 -0.50585938
v -0.59960938 -0.05664062 -0.50585938
v -0.58398438 0.04492188 -0.50585938
v -0.00976562 0.21679688 -0.50585938
v 0.55664062 0.04492188 -0.50585938
v 0.58007812 -0.05664062 -0.50585938
v 0.59570312 -0.05664062 -0.50585938
v 0.60351562 0.04492188 -0.50585938
v 0.63085938 -0.05664062 -0.50585938
v 0.75976562 0.15820312 -0.50585938
v 0.84960938 0.16601562 -0.50585938
v -0.63085938 0.04492188 -0.50195312
v -0.58398438 -0.05664062 -0.50195312
v -0.56054688 0.04492188 -0.50195312
v -0.03320312 0.21679688 -0.50195312
v 0.02148438 0.21679688 -0.50195312
v 0.21679688 0.08789062 -0.50195312
v 0.55664062 -0.05664062 -0.50195312
v 0.58007812 0.04492188 -0.50195312
v 0.63085938 0.04492188 -0.50195312
v -0.63476562 0.03710938 -0.49804688
v -0.61523438 -0.02929688 -0.49804688
v -0.59960938 0.02929688 -0.49804688
v -0.58007812 -0.03320312 -0.49804688
v -0.55664062 0.00195312 -0.49804688
v -0.55273438 -0.05664062 -0.49804688
v -0.05273438 0.21679688 -0.49804688
v -0.03320312 0.24804688 -0.49804688
v -0.01367188 0.24804688 -0.49804688
v 0.00976562 0.24804688 -0.49804688
v 0.02929688 0.24804688 -0.49804688
v 0.54101562 0.00195312 -0.49804688
v 0.55273438 -0.02929688 -0.49804688
v 0.55664062 0.02539062 -0.49804688
v 0.58398438 -0.03710938 -0.49804688
v 0.59960938 0.02929688 -0.49804688
v 0.61523438 -0.02539062 -0.49804688
v 0.62695312 0.00976562 -0.49804688
v 0.63085938 0.03710938 -0.49804688
v 0.63476562 0.03710938 -0.49804688
v -0.60742188 -0.05664062 -0.49414062
v -0.59960938 0.02929688 -0.49414062
v -0.55273438 0.03710938 -0.49414062
v -0.00585938 0.29492188 -0.49414062
v 0.04101562 0.21679688 -0.49414062
v 0.55273438 -0.05664062 -0.49414062
v 0.55273438 0.03710938 -0.49414062
v 0.60351562 -0.05664062 -0.49414062
v -0.60742188 0.04492188 -0.49023438
v -0.58398438 -0.05664062 -0.49023438
v -0.58398438 0.04492188 -0.49023438
v 0.58007812 -0.05664062 -0.49023438
v 0.58007812 0.03710938 -0.49023438
v 0.84960938 0.17382812 -0.49023438
v -0.58398438 0.03710938 -0.48632812
v -0.04101562 0.29101562 -0.48632812
v 0.02929688 0.29101562 -0.48632812
v 0.58007812 0.03710938 -0.48632812
v 0.60351562 0.03710938 -0.48632812
v 0.84570312 0.15429688 -0.48632812
v 0.91601562 0.15039062 -0.48632812
v -0.61132812 0.03710938 -0.48242188
v -0.07226562 0.27539062 -0.48242188
v 0.06054688 0.27539062 -0.48242188
v 0.84570312 0.16601562 -0.47851562
v -0.08789062 0.21679688 -0.47070312
v -0.04101562 0.29101562 -0.47070312
v 0.07617188 0.21679688 -0.47070312
v -0.07617188 0.27539062 -0.46679688
v -0.00585938 0.29492188 -0.46679688
v 0.02929688 0.29101562 -0.46679688
v 0.06445312 0.27539062 -0.46679688
v -0.09179688 0.21679688 -0.45898438
v -0.00195312 0.11132812 -0.45898438
v 0.08007812 0.21679688 -0.45898438
v -0.06835938 0.12304688 -0.45507812
v 0.05664062 0.11132812 -0.45507812
v -0.00195312 0.07226562 -0.45117188
v -0.05664062 0.07226562 -0.44726562
v 0.05273438 0.07226562 -0.44726562
v -0.04882812 0.27539062 -0.43554688
v -0.00585938 0.28320312 -0.43554688
v -0.00195312 0.02539062 -0.43554688
v 0.03710938 0.27539062 -0.43554688
v -0.03710938 0.02539062 -0.43164062
v 0.04101562 0.02539062 -0.43164062
v -0.11132812 0.12304688 -0.42773438
v -0.10742188 0.06835938 -0.42382812
v -0.06835938 0.21679688 -0.42382812
v -0.00195312 -0.00585938 -0.42382812
v 0.05664062 0.21679688 -0.42382812
v -0.02929688 -0.00585938 -0.41992188
v 0.03320312 -0.00585938 -0.41992188
v -0.11523438 0.12695312 -0.41601562
v -0.09960938 0.02539062 -0.41601562
v 0.09570312 0.02539062 -0.41601562
v 0.10351562 0.12695312 -0.41601562
v -0.12304688 0.10351562 -0.40820312
v 0.11523438 0.10742188 -0.40820312
v -0.09570312 -0.00585938 -0.40429688
v 0.08789062 -0.00585938 -0.40429688
v -0.00976562 -0.03320312 -0.40039062
v 0.00585938 -0.03320312 -0.40039062
v -0.02148438 -0.03710938 -0.39648438
v 0.01757812 -0.03710938 -0.39648438
v -0.14648438 0.06445312 -0.38476562
v -0.09179688 0.13476562 -0.38476562
v 0.08007812 0.13476562 -0.38476562
v 0.14257812 0.06445312 -0.38476562
v -0.15039062 0.02539062 -0.38085938
v -0.13476562 0.08398438 -0.38085938
v -0.10742188 0.11523438 -0.38085938
v -0.04492188 -0.04882812 -0.38085938
v -0.01757812 -0.04882812 -0.38085938
v 0.10351562 0.11523438 -0.38085938
v 0.13476562 0.08007812 -0.38085938
v 0.14257812 0.02539062 -0.38085938
v 0.01757812 -0.04882812 -0.37695312
v -0.14257812 -0.00585938 -0.37304688
v 0.13476562 -0.00585938 -0.37304688
v 0.06445312 -0.04101562 -0.36914062
v -0.62695312 0.00585938 -0.36132812
v -0.59179688 0.03320312 -0.36132812
v -0.56054688 0.02539062 -0.36132812
v -0.54882812 0.00585938 -0.36132812
v -0.03710938 0.24023438 -0.36132812
v -0.00585938 0.24414062 -0.36132812
v 0.02539062 0.24023438 -0.36132812
v 0.58789062 0.03710938 -0.36132812
v 0.61132812 0.02539062 -0.36132812
v 0.53710938 0.00585938 -0.35742188
v 0.55273438 -0.02148438 -0.35742188
v 0.55273438 0.02929688 -0.35742188
v 0.58398438 -0.02929688 -0.35742188
v 0.61132812 -0.01757812 -0.35742188
v 0.62304688 0.00585938 -0.35742188
v 0.11132812 -0.03320312 -0.34960938
v -0.05273438 0.19726562 -0.34570312
v 0.04101562 0.19726562 -0.34570312
v -0.08398438 0.14257812 -0.33398438
v -0.16992188 0.02539062 -0.32226562
v -0.16601562 -0.00585938 -0.32226562
v -0.15820312 0.06054688 -0.32226562
v -0.14648438 -0.03320312 -0.32226562
v -0.14257812 0.08007812 -0.32226562
v -0.12695312 -0.04492188 -0.32226562
v -0.10742188 0.11523438 -0.32226562
v 0.07226562 0.13867188 -0.32226562
v 0.14257812 0.07617188 -0.32226562
v 0.15820312 -0.00585938 -0.32226562
v 0.16210938 0.02148438 -0.32226562
v -0.02148438 -0.07617188 -0.31445312
v 0.01757812 -0.07226562 -0.31445312
v 0.06445312 -0.06054688 -0.31445312
v -0.09570312 -0.06445312 -0.31054688
v 0.11132812 -0.04492188 -0.31054688
v 0.13476562 -0.03320312 -0.31054688
v -0.58398438 -0.01757812 -0.28710938
v -0.56054688 -0.01757812 -0.28710938
v -0.03710938 0.20117188 -0.27539062
v 0.02539062 0.20117188 -0.27539062
v -0.00585938 0.20117188 -0.27148438
v -0.61132812 -0.01757812 -0.26757812
v -0.60351562 0.02929688 -0.26757812
v -0.59179688 -0.05664062 -0.26757812
v -0.59179688 -0.04492188 -0.26757812
v -0.59179688 -0.04101562 -0.26757812
v -0.58398438 -0.04101562 -0.26757812
v -0.56054688 -0.04101562 -0.26757812
v -0.56054688 0.03320312 -0.26757812
v -0.54101562 -0.01757812 -0.26757812
v -0.54101562 0.01757812 -0.26757812
v -0.18164062 -0.00585938 -0.26757812
v -0.18164062 0.02539062 -0.26757812
v 0.10351562 0.11132812 -0.26757812
v 0.54101562 -0.01757812 -0.26757812
v 0.54101562 0.01757812 -0.26757812
v 0.56054688 -0.04101562 -0.26757812
v 0.58398438 -0.04101562 -0.26757812
v 0.61132812 -0.01757812 -0.26757812
v 0.61132812 0.01757812 -0.26757812
v -0.58007812 -0.04492188 -0.26367188
v -0.56054688 -0.04101562 -0.26367188
v 0.56054688 -0.04101562 -0.26367188
v 0.58007812 -0.04492188 -0.26367188
v 0.58398438 -0.04101562 -0.26367188
v -0.18554688 -0.00585938 -0.25195312
v -0.18554688 0.02539062 -0.25195312
v -0.16992188 0.05664062 -0.25195312
v -0.16601562 -0.03710938 -0.25195312
v -0.14648438 0.08007812 -0.25195312
v -0.13867188 -0.05664062 -0.25195312
v -0.13476562 -0.05664062 -0.25195312
v -0.09960938 -0.07617188 -0.25195312
v -0.08398438 0.13867188 -0.25195312
v -0.05273438 -0.08789062 -0.25195312
v -0.04882812 0.17382812 -0.25195312
v -0.01757812 -0.08789062 -0.25195312
v -0.00585938 0.17773438 -0.25195312
v 0.02148438 -0.08398438 -0.25195312
v 0.03710938 0.17382812 -0.25195312
v 0.06835938 -0.07617188 -0.25195312
v 0.07226562 0.13867188 -0.25195312
v -0.62304688 -0.01757812 -0.22460938
v -0.62304688 0.01757812 -0.22460938
v -0.60351562 -0.05664062 -0.22460938
v 0.59570312 -0.05664062 -0.22460938
v 0.61523438 0.01757812 -0.22460938
v 0.49023438 -0.03320312 -0.20117188
v 0.49023438 0.01757812 -0.20117188
v -0.18945312 -0.00585938 -0.17773438
v -0.18945312 0.02539062 -0.17773438
v -0.16992188 -0.04101562 -0.17773438
v -0.16992188 0.06054688 -0.17773438
v -0.15039062 0.08007812 -0.17773438
v -0.14257812 -0.06054688 -0.17773438
v -0.11132812 0.11523438 -0.17773438
v -0.10351562 -0.08007812 -0.17773438
v -0.08398438 0.13867188 -0.17773438
v -0.05664062 -0.09570312 -0.17773438
v -0.04492188 0.16601562 -0.17773438
v -0.01757812 -0.09960938 -0.17773438
v -0.00585938 0.16992188 -0.17773438
v 0.02539062 -0.09570312 -0.17773438
v 0.02929688 0.16601562 -0.17773438
v 0.07226562 -0.08007812 -0.17773438
v 0.07226562 0.13867188 -0.17773438
v 0.10351562 0.11523438 -0.17773438
v 0.10742188 -0.06835938 -0.17773438
v 0.14257812 0.08007812 -0.17773438
v 0.16210938 0.05273438 -0.17773438
v 0.16992188 -0.01367188 -0.17773438
v 0.16992188 0.01757812 -0.17773438
v 0.49414062 -0.00976562 -0.17773438
v 0.50195312 0.02539062 -0.17773438
v -0.61914062 -0.01757812 -0.17382812
v -0.61914062 0.01757812 -0.17382812
v -0.60351562 0.03320312 -0.17382812
v -0.59570312 -0.04101562 -0.17382812
v -0.58398438 0.04101562 -0.17382812
v -0.58007812 -0.04492188 -0.17382812
v -0.55664062 -0.04101562 -0.17382812
v -0.55664062 0.03710938 -0.17382812
v -0.53710938 -0.01757812 -0.17382812
v -0.53710938 0.01757812 -0.17382812
v 0.53320312 -0.01757812 -0.17382812
v 0.53710938 0.01757812 -0.17382812
v 0.55664062 -0.04101562 -0.17382812
v 0.55664062 0.03710938 -0.17382812
v 0.58007812 -0.04492188 -0.17382812
v 0.58007812 0.04101562 -0.17382812
v 0.59570312 -0.04101562 -0.17382812
v 0.60351562 0.03320312 -0.17382812
v 0.61523438 -0.01757812 -0.17382812
v 0.61523438 0.01757812 -0.17382812
v 0.40429688 -0.03710938 -0.13085938
v 0.15820312 0.08398438 -0.11523438
v 0.39648438 0.01757812 -0.11523438
v -0.16992188 0.06835938 -0.10742188
v -0.15429688 0.08398438 -0.10742188
v -0.11914062 0.11914062 -0.10742188
v -0.09179688 0.13867188 -0.10742188
v -0.04492188 0.16601562 -0.10742188
v -0.00585938 0.16992188 -0.10742188
v 0.02929688 0.16601562 -0.10742188
v 0.07226562 0.13867188 -0.10742188
v 0.10742188 0.11914062 -0.10742188
v 0.16992188 0.01367188 -0.10742188
v -0.19335938 -0.00976562 -0.10351562
v -0.19335938 0.02539062 -0.10351562
v -0.17382812 -0.04101562 -0.10351562
v -0.14648438 -0.06835938 -0.10351562
v -0.10742188 -0.08789062 -0.10351562
v -0.06054688 -0.10351562 -0.10351562
v -0.01757812 -0.10742188 -0.10351562
v 0.02929688 -0.10351562 -0.10351562
v 0.07617188 -0.08789062 -0.10351562
v 0.11523438 -0.07226562 -0.10351562
v 0.39257812 -0.03320312 -0.09179688
v 0.44726562 -0.02539062 -0.08789062
v -0.61523438 -0.01757812 -0.07226562
v -0.61132812 -0.01757812 -0.07226562
v -0.59570312 -0.04101562 -0.07226562
v -0.59570312 -0.03710938 -0.07226562
v -0.58007812 -0.04492188 -0.07226562
v -0.58007812 -0.04101562 -0.07226562
v -0.58007812 0.04101562 -0.07226562
v -0.57617188 -0.04101562 -0.07226562
v -0.56054688 -0.04101562 -0.07226562
v -0.55664062 -0.04101562 -0.07226562
v -0.55273438 -0.04101562 -0.07226562
v -0.55273438 0.03710938 -0.07226562
v -0.54101562 -0.01757812 -0.07226562
v -0.54101562 0.01757812 -0.07226562
v -0.53710938 -0.01757812 -0.07226562
v -0.53710938 0.01757812 -0.07226562
v -0.53320312 -0.01757812 -0.07226562
v -0.53320312 0.01757812 -0.07226562
v -0.33398438 -0.01757812 -0.07226562
v -0.33398438 0.01757812 -0.07226562
v 0.33007812 0.01757812 -0.07226562
v 0.37304688 0.00195312 -0.07226562
v 0.52929688 -0.01757812 -0.07226562
v 0.53320312 -0.01757812 -0.07226562
v 0.53320312 0.01757812 -0.07226562
v 0.53710938 0.01757812 -0.07226562
v 0.55273438 -0.04101562 -0.07226562
v 0.55664062 -0.04101562 -0.07226562
v 0.57617188 -0.04492188 -0.07226562
v 0.59960938 0.03320312 -0.07226562
v 0.60351562 0.03320312 -0.07226562
v -0.33398438 -0.05664062 -0.06835938
v -0.33398438 -0.01757812 -0.06835938
v 0.33398438 -0.05664062 -0.06835938
v -0.05664062 0.18945312 -0.05664062
v -0.04882812 0.16601562 -0.05664062
v -0.00585938 0.16992188 -0.05664062
v -0.00585938 0.19335938 -0.05664062
v 0.02929688 0.16601562 -0.05664062
v 0.03710938 0.18945312 -0.05664062
v -0.10742188 0.16210938 -0.05273438
v -0.09570312 0.13867188 -0.05273438
v 0.07617188 0.13867188 -0.05273438
v 0.08789062 0.16210938 -0.05273438
v -0.66601562 -0.01757812 -0.04882812
v -0.66210938 0.01757812 -0.04882812
v -0.64257812 -0.04882812 -0.04882812
v -0.64257812 0.04101562 -0.04882812
v -0.61132812 -0.06835938 -0.04882812
v -0.61132812 -0.01757812 -0.04882812
v -0.61132812 0.04101562 -0.04882812
v -0.60351562 0.03320312 -0.04882812
v -0.59570312 -0.03710938 -0.04882812
v -0.58007812 -0.06835938 -0.04882812
v -0.58007812 -0.04101562 -0.04882812
v -0.57617188 0.04101562 -0.04882812
v -0.55664062 -0.04101562 -0.04882812
v -0.55273438 -0.06054688 -0.04882812
v -0.55273438 0.03710938 -0.04882812
v -0.55273438 0.04101562 -0.04882812
v -0.53710938 0.01757812 -0.04882812
v -0.49023438 -0.01757812 -0.04882812
v -0.12695312 0.11914062 -0.04882812
v -0.09960938 0.13867188 -0.04882812
v 0.52929688 -0.04882812 -0.04882812
v 0.55273438 -0.06054688 -0.04882812
v 0.55273438 0.03710938 -0.04882812
v 0.55273438 0.04101562 -0.04882812
v 0.57617188 -0.04101562 -0.04882812
v 0.58007812 -0.06835938 -0.04882812
v 0.59570312 -0.03710938 -0.04882812
v 0.59960938 0.03320312 -0.04882812
v 0.60351562 0.03320312 -0.04882812
v 0.61132812 -0.06835938 -0.04882812
v 0.61132812 -0.01757812 -0.04882812
v 0.61132812 0.01757812 -0.04882812
v 0.61132812 0.04101562 -0.04882812
v 0.64257812 -0.04882812 -0.04882812
v 0.66210938 -0.01757812 -0.04882812
v -0.13867188 0.12695312 -0.04492188
v 0.10742188 0.12695312 -0.04492188
v 0.12695312 0.13867188 -0.04492188
v -0.16992188 -0.04492188 -0.03710938
v -0.38867188 0.02929688 -0.03320312
v -0.30664062 0.01757812 -0.03320312
v -0.17773438 0.07226562 -0.03320312
v -0.16601562 0.08398438 -0.03320312
v -0.14648438 -0.07226562 -0.03320312
v -0.10742188 -0.09570312 -0.03320312
v -0.06054688 -0.10742188 -0.03320312
v -0.01367188 -0.11132812 -0.03320312
v 0.03320312 -0.10742188 -0.03320312
v 0.08007812 -0.09179688 -0.03320312
v 0.11914062 -0.07617188 -0.03320312
v 0.14648438 -0.04101562 -0.03320312
v 0.15039062 -0.04882812 -0.03320312
v 0.15039062 0.09179688 -0.03320312
v 0.16210938 0.09960938 -0.03320312
v 0.34570312 -0.05664062 -0.03320312
v 0.16601562 0.07226562 -0.02929688
v 0.35351562 0.01757812 -0.02929688
v -0.17773438 0.09179688 -0.02539062
v -0.31445312 0.02539062 -0.01757812
v -0.48242188 0.00195312 -0.01367188
v -0.18554688 0.07226562 -0.01367188
v -0.16601562 -0.01757812 -0.00976562
v 0.15820312 -0.01757812 -0.00976562
v -0.16992188 -0.01757812 -0.00585938
v 0.25585938 0.02929688 -0.00585938
v 0.18945312 0.02539062 -0.00195312
v 0.18554688 -0.01757812 0.00195312
v 0.18554688 0.07226562 0.00195312
v 0.18945312 -0.01757812 0.00195312
v 0.18945312 0.01757812 0.00195312
v 0.18164062 -0.03710938 0.02148438
v -0.43554688 -0.06445312 0.02539062
v 0.40820312 -0.00976562 0.02539062
v 0.15820312 0.01757812 0.02929688
v -0.20117188 0.07617188 0.04101562
v -0.18945312 0.10351562 0.04101562
v -0.16210938 0.14257812 0.04101562
v -0.15039062 -0.07617188 0.04101562
v -0.12304688 0.17382812 0.04101562
v -0.10742188 -0.09570312 0.04101562
v -0.10351562 -0.09960938 0.04101562
v -0.07617188 0.20117188 0.04101562
v -0.06054688 -0.11132812 0.04101562
v -0.02148438 0.20898438 0.04101562
v -0.01367188 -0.11523438 0.04101562
v -0.00585938 0.20898438 0.04101562
v 0.03710938 -0.10742188 0.04101562
v 0.04882812 0.20117188 0.04101562
v 0.08398438 -0.09570312 0.04101562
v 0.09960938 0.18164062 0.04101562
v 0.12304688 -0.07617188 0.04101562
v 0.16601562 -0.04882812 0.04101562
v 0.18945312 -0.04101562 0.04101562
v 0.19335938 0.07617188 0.04101562
v 0.20507812 -0.01757812 0.04101562
v 0.20898438 0.01757812 0.04101562
v 0.20898438 0.03320312 0.04101562
v -0.66601562 -0.01757812 0.04492188
v -0.66210938 0.01757812 0.04492188
v -0.64257812 -0.04882812 0.04492188
v -0.64257812 0.04101562 0.04492188
v -0.61132812 -0.06835938 0.04492188
v -0.61132812 -0.01757812 0.04492188
v -0.61132812 0.01757812 0.04492188
v -0.61132812 0.04101562 0.04492188
v -0.59960938 0.03320312 0.04492188
v -0.59570312 -0.03710938 0.04492188
v -0.58007812 -0.06835938 0.04492188
v -0.58007812 -0.04101562 0.04492188
v -0.58007812 0.04101562 0.04492188
v -0.55664062 -0.04101562 0.04492188
v -0.55273438 -0.06445312 0.04492188
v -0.55273438 0.03710938 0.04492188
v -0.55273438 0.04101562 0.04492188
v -0.52929688 0.03320312 0.04492188
v -0.49023438 -0.01757812 0.04492188
v 0.49023438 -0.01757812 0.04492188
v 0.52929688 -0.04882812 0.04492188
v 0.55273438 -0.06445312 0.04492188
v 0.55273438 -0.06054688 0.04492188
v 0.55273438 0.04101562 0.04492188
v 0.55664062 -0.04101562 0.04492188
v 0.55664062 0.03710938 0.04492188
v 0.58007812 -0.06835938 0.04492188
v 0.58007812 -0.04101562 0.04492188
v 0.58007812 0.04101562 0.04492188
v 0.59570312 -0.03710938 0.04492188
v 0.60351562 0.03320312 0.04492188
v 0.61132812 -0.06835938 0.04492188
v 0.61132812 -0.01757812 0.04492188
v 0.61132812 0.01757812 0.04492188
v 0.61132812 0.04101562 0.04492188
v 0.64257812 -0.04882812 0.04492188
v 0.66210938 -0.01757812 0.04492188
v 0.49023438 -0.00195312 0.04882812
v -0.61523438 -0.01757812 0.06835938
v -0.61132812 -0.01757812 0.06835938
v -0.61132812 0.01757812 0.06835938
v -0.59570312 -0.04101562 0.06835938
v -0.59570312 -0.03710938 0.06835938
v -0.58007812 -0.04492188 0.06835938
v -0.58007812 -0.04101562 0.06835938
v -0.55664062 0.03710938 0.06835938
v -0.55273438 -0.04101562 0.06835938
v -0.55273438 0.03710938 0.06835938
v -0.53710938 0.01757812 0.06835938
v -0.53320312 -0.01757812 0.06835938
v 0.52929688 -0.01757812 0.06835938
v 0.55273438 -0.04101562 0.06835938
v 0.55664062 -0.04101562 0.06835938
v 0.58007812 -0.04492188 0.06835938
v 0.58007812 -0.04101562 0.06835938
v 0.59570312 -0.04101562 0.06835938
v 0.59570312 -0.03710938 0.06835938
v 0.61132812 -0.01757812 0.06835938
v 0.61523438 -0.01757812 0.06835938
v -0.33398438 -0.05664062 0.07617188
v -0.33398438 -0.01757812 0.07617188
v -0.33398438 0.01757812 0.07617188
v 0.33007812 -0.05664062 0.07617188
v 0.33007812 -0.01757812 0.07617188
v -0.22851562 0.01757812 0.12304688
v -0.22851562 0.04101562 0.12304688
v -0.22070312 -0.01757812 0.12304688
v -0.21679688 0.07617188 0.12304688
v -0.20117188 0.11132812 0.12304688
v -0.19335938 -0.04882812 0.12304688
v -0.17382812 0.14648438 0.12304688
v -0.15429688 -0.08007812 0.12304688
v -0.13867188 0.17773438 0.12304688
v -0.11132812 -0.10351562 0.12304688
v -0.08789062 0.20507812 0.12304688
v -0.06054688 -0.11523438 0.12304688
v -0.03320312 0.21289062 0.12304688
v -0.00976562 -0.12304688 0.12304688
v -0.00585938 0.21289062 0.12304688
v 0.04101562 -0.11523438 0.12304688
v 0.05273438 0.20507812 0.12304688
v 0.09570312 -0.09960938 0.12304688
v 0.10351562 0.18554688 0.12304688
v 0.14257812 -0.07617188 0.12304688
v 0.15429688 0.15820312 0.12304688
v 0.18945312 -0.04882812 0.12304688
v 0.18945312 0.11132812 0.12304688
v 0.20507812 0.07617188 0.12304688
v 0.22070312 -0.01757812 0.12304688
v 0.22460938 0.01757812 0.12304688
v 0.22460938 0.03710938 0.12304688
v -0.61523438 -0.01757812 0.17382812
v -0.59570312 -0.04101562 0.17382812
v -0.58007812 -0.04492188 0.17382812
v -0.55664062 -0.04101562 0.17382812
v -0.55273438 0.03710938 0.17382812
v -0.53710938 -0.01757812 0.17382812
v -0.53710938 0.01757812 0.17382812
v 0.53320312 -0.01757812 0.17382812
v 0.53320312 0.01757812 0.17382812
v 0.55273438 0.03710938 0.17382812
v 0.55664062 -0.04101562 0.17382812
v 0.57617188 0.04101562 0.17382812
v 0.58007812 -0.04492188 0.17382812
v 0.59570312 -0.04101562 0.17382812
v 0.59960938 0.03320312 0.17382812
v 0.61523438 -0.01757812 0.17382812
v 0.61523438 0.01757812 0.17382812
v -0.17773438 0.14257812 0.18554688
v -0.15039062 0.16992188 0.18554688
v -0.09960938 0.19335938 0.18554688
v -0.04492188 0.20507812 0.18554688
v -0.00585938 0.20898438 0.18554688
v 0.04882812 0.20507812 0.18554688
v 0.10351562 0.18554688 0.18554688
v 0.15039062 0.15820312 0.18554688
v -0.20507812 0.10742188 0.20898438
v -0.23632812 0.01757812 0.21289062
v -0.23632812 0.04101562 0.21289062
v -0.22460938 -0.02148438 0.21289062
v -0.22460938 0.07617188 0.21289062
v -0.19335938 -0.05664062 0.21289062
v -0.15820312 -0.08398438 0.21289062
v -0.11132812 -0.10742188 0.21289062
v -0.06054688 -0.12304688 0.21289062
v -0.00976562 -0.12695312 0.21289062
v 0.04492188 -0.11914062 0.21289062
v 0.09570312 -0.10351562 0.21289062
v 0.14648438 -0.08007812 0.21289062
v 0.18164062 0.10351562 0.21289062
v 0.18945312 0.11132812 0.21289062
v 0.19335938 -0.04882812 0.21289062
v 0.21289062 0.07617188 0.21289062
v 0.22070312 -0.02148438 0.21289062
v 0.22851562 0.01757812 0.21289062
v 0.18164062 0.10351562 0.22460938
v 0.59570312 -0.05664062 0.22851562
v 0.60351562 0.01757812 0.22851562
v -0.20117188 0.09960938 0.24804688
v -0.19335938 0.10351562 0.24804688
v -0.15429688 0.15820312 0.24804688
v -0.10351562 0.18554688 0.24804688
v -0.04882812 0.19726562 0.24804688
v -0.00585938 0.20117188 0.24804688
v 0.04882812 0.19726562 0.24804688
v 0.09960938 0.18554688 0.24804688
v 0.14648438 0.15820312 0.24804688
v 0.18554688 0.11132812 0.25195312
v -0.57617188 0.04101562 0.27148438
v 0.54101562 0.01757812 0.27148438
v 0.55664062 0.03320312 0.27148438
v 0.56054688 -0.04101562 0.27148438
v 0.56445312 -0.04101562 0.27148438
v 0.57617188 -0.04492188 0.27148438
v 0.57617188 0.04101562 0.27148438
v 0.58007812 -0.04492188 0.27148438
v 0.59179688 -0.05664062 0.27148438
v 0.59179688 -0.04101562 0.27148438
v 0.61132812 -0.01367188 0.27148438
v 0.61523438 0.01757812 0.27148438
v 0.22460938 0.04101562 0.30273438
v -0.23242188 0.01757812 0.30664062
v -0.23242188 0.03710938 0.30664062
v -0.22851562 -0.00195312 0.30664062
v -0.22070312 0.07226562 0.30664062
v -0.20507812 -0.04101562 0.30664062
v -0.19726562 0.09179688 0.30664062
v -0.19335938 -0.04882812 0.30664062
v -0.19335938 0.09570312 0.30664062
v -0.18945312 0.09570312 0.30664062
v -0.15820312 0.15039062 0.30664062
v -0.15429688 -0.08007812 0.30664062
v -0.10742188 -0.10351562 0.30664062
v -0.10742188 0.17773438 0.30664062
v -0.06054688 -0.11523438 0.30664062
v -0.04882812 0.19335938 0.30664062
v -0.00976562 -0.11914062 0.30664062
v -0.00585938 0.19335938 0.30664062
v 0.04101562 -0.11523438 0.30664062
v 0.04492188 0.19335938 0.30664062
v 0.09179688 -0.09960938 0.30664062
v 0.09570312 -0.09960938 0.30664062
v 0.09570312 0.17773438 0.30664062
v 0.14257812 -0.07617188 0.30664062
v 0.14257812 0.15039062 0.30664062
v 0.17773438 0.08789062 0.30664062
v 0.18554688 -0.04882812 0.30664062
v 0.18554688 0.09570312 0.30664062
v 0.20507812 -0.03320312 0.30664062
v 0.20898438 0.07617188 0.30664062
v 0.22070312 -0.00195312 0.30664062
v 0.22460938 0.01757812 0.30664062
v 0.20507812 0.07226562 0.34179688
v 0.21289062 -0.00195312 0.34179688
v 0.21679688 0.01757812 0.34179688
v 0.21679688 0.03710938 0.34179688
v -0.22070312 -0.00195312 0.34570312
v -0.20117188 -0.03710938 0.34570312
v -0.19335938 0.08789062 0.34570312
v -0.18554688 -0.04492188 0.34570312
v -0.18554688 0.08789062 0.34570312
v -0.15429688 0.14257812 0.34570312
v 0.13867188 0.14257812 0.34570312
v 0.16992188 0.08789062 0.34570312
v 0.18164062 -0.04492188 0.34570312
v 0.18164062 0.09179688 0.34570312
v 0.19726562 -0.03320312 0.34570312
v -0.22460938 0.01757812 0.34960938
v -0.22460938 0.03710938 0.34960938
v -0.22070312 -0.00195312 0.34960938
v -0.21289062 0.07226562 0.34960938
v -0.10351562 0.16992188 0.34960938
v 0.09179688 0.16992188 0.34960938
v -0.03320312 0.18164062 0.35351562
v -0.00585938 0.18164062 0.35351562
v 0.03710938 0.18164062 0.35351562
v -0.15039062 -0.07226562 0.36132812
v -0.10351562 -0.09179688 0.36132812
v -0.05664062 -0.10351562 0.36132812
v -0.00976562 -0.10742188 0.36132812
v 0.04101562 -0.10351562 0.36132812
v 0.09179688 -0.09179688 0.36132812
v -0.18164062 -0.04492188 0.36523438
v -0.61914062 -0.01757812 0.36914062
v -0.61914062 0.01757812 0.36914062
v -0.60351562 0.03710938 0.36914062
v -0.59570312 -0.04101562 0.36914062
v -0.58007812 -0.04492188 0.36914062
v -0.58007812 0.04101562 0.36914062
v -0.56445312 -0.04101562 0.36914062
v -0.55664062 0.03710938 0.36914062
v -0.54101562 -0.01757812 0.36914062
v -0.54101562 0.01757812 0.36914062
v 0.54101562 -0.01757812 0.36914062
v 0.54101562 0.01757812 0.36914062
v 0.55664062 0.03710938 0.36914062
v 0.56445312 -0.04101562 0.36914062
v 0.58007812 -0.04492188 0.36914062
v 0.58007812 0.04101562 0.36914062
v 0.59570312 -0.04101562 0.36914062
v 0.60351562 0.03710938 0.36914062
v 0.61523438 -0.01757812 0.36914062
v 0.61523438 -0.01367188 0.36914062
v 0.61523438 0.01757812 0.36914062
v -0.15429688 0.12695312 0.37304688
v 0.13867188 0.12695312 0.37304688
v -0.18554688 0.07617188 0.38476562
v 0.17382812 0.08398438 0.38476562
v -0.18945312 0.08007812 0.38867188
v -0.10351562 0.15429688 0.38867188
v 0.09179688 0.15429688 0.38867188
v -0.20898438 0.01757812 0.39257812
v -0.20507812 -0.00195312 0.39257812
v -0.19726562 0.07226562 0.39257812
v -0.18554688 -0.03320312 0.39257812
v -0.17773438 -0.04101562 0.39257812
v -0.00585938 0.16992188 0.39257812
v 0.13867188 -0.05664062 0.39257812
v 0.16601562 -0.04492188 0.39257812
v 0.18554688 0.07226562 0.39257812
v -0.15429688 0.11132812 0.39648438
v -0.14648438 -0.06445312 0.39648438
v -0.02929688 0.16601562 0.39648438
v -0.02539062 0.16601562 0.39648438
v 0.03320312 0.16601562 0.39648438
v 0.13867188 0.11132812 0.39648438
v 0.17382812 -0.03320312 0.39648438
v 0.19335938 -0.00195312 0.39648438
v 0.19726562 0.01757812 0.39648438
v 0.19726562 0.03320312 0.39648438
v 0.08789062 -0.07617188 0.40039062
v -0.10351562 -0.07617188 0.40429688
v 0.03710938 -0.08789062 0.40429688
v -0.05273438 -0.08789062 0.40820312
v -0.00585938 -0.09179688 0.40820312
v 0.13867188 0.09179688 0.41601562
v -0.10351562 0.13476562 0.41992188
v 0.09179688 0.13085938 0.41992188
v -0.15039062 -0.04492188 0.42773438
v -0.15429688 0.07617188 0.43164062
v -0.04492188 0.14257812 0.43164062
v 0.03320312 0.14257812 0.43164062
v 0.13085938 -0.04492188 0.43164062
v 0.08398438 -0.06445312 0.43554688
v 0.14257812 0.07617188 0.43554688
v -0.16601562 0.07226562 0.43945312
v -0.09960938 -0.06054688 0.43945312
v 0.15820312 0.07226562 0.43945312
v -0.17773438 -0.00195312 0.44726562
v -0.04882812 -0.06835938 0.44726562
v -0.00585938 -0.07226562 0.44726562
v 0.03320312 -0.07226562 0.44726562
v 0.09179688 0.10351562 0.44726562
v -0.15429688 -0.03320312 0.45117188
v 0.13476562 -0.03320312 0.45507812
v 0.16210938 -0.00195312 0.45507812
v 0.16601562 0.01757812 0.45898438
v 0.16601562 0.02929688 0.45898438
v -0.10742188 0.07617188 0.46289062
v -0.02929688 0.11132812 0.46289062
v 0.03710938 0.11132812 0.46289062
v 0.08789062 -0.04882812 0.46289062
v -0.00195312 0.11132812 0.46679688
v 0.13867188 0.07226562 0.46679688
v -0.61914062 -0.01757812 0.47070312
v -0.61914062 0.01757812 0.47070312
v -0.61523438 -0.01757812 0.47070312
v -0.59960938 -0.04101562 0.47070312
v -0.58398438 -0.04492188 0.47070312
v -0.58398438 0.04101562 0.47070312
v -0.56835938 -0.04101562 0.47070312
v -0.54882812 -0.01757812 0.47070312
v -0.54882812 0.01757812 0.47070312
v -0.09960938 -0.04492188 0.47070312
v 0.09179688 0.07617188 0.47070312
v 0.54882812 -0.01757812 0.47070312
v 0.54882812 0.01757812 0.47070312
v 0.56054688 0.03320312 0.47070312
v 0.58007812 0.04101562 0.47070312
v 0.58398438 -0.04492188 0.47070312
v 0.59570312 -0.04101562 0.47070312
v 0.60351562 0.03320312 0.47070312
v 0.61523438 -0.01757812 0.47070312
v 0.61523438 0.01757812 0.47070312
v -0.59570312 -0.04101562 0.47460938
v -0.56835938 -0.04101562 0.47460938
v -0.12304688 0.07226562 0.47460938
v 0.54882812 -0.01757812 0.47460938
v 0.59570312 -0.04101562 0.47460938
v 0.61132812 -0.01757812 0.47460938
v 0.61132812 0.01757812 0.47460938
v -0.04101562 -0.05273438 0.47851562
v 0.03320312 -0.05273438 0.47851562
v -0.00585938 -0.05273438 0.48242188
v 0.57617188 0.03710938 0.48632812
v 0.59960938 0.03710938 0.48632812
v -0.61132812 0.04492188 0.49023438
v -0.59960938 -0.05664062 0.49023438
v -0.58398438 0.04492188 0.49023438
v -0.13476562 -0.00195312 0.49023438
v -0.03710938 0.07617188 0.49023438
v 0.03710938 0.07617188 0.49023438
v 0.08789062 -0.03320312 0.49023438
v 0.13476562 -0.00195312 0.49023438
v 0.57617188 0.04492188 0.49023438
v 0.58007812 -0.06054688 0.49023438
v 0.59960938 -0.05664062 0.49023438
v -0.13867188 0.00195312 0.49414062
v -0.09960938 -0.03320312 0.49414062
v -0.00195312 0.07617188 0.49414062
v 0.13867188 0.01757812 0.49414062
v 0.13867188 0.03320312 0.49414062
v 0.54882812 0.03710938 0.49414062
v 0.59960938 0.04492188 0.49414062
v 0.62695312 0.03710938 0.49414062
v -0.64257812 0.03710938 0.49804688
v -0.63867188 0.04492188 0.49804688
v -0.56054688 0.04492188 0.49804688
v -0.55273438 -0.05664062 0.49804688
v -0.13867188 0.01757812 0.49804688
v -0.13867188 0.03320312 0.49804688
v -0.09179688 0.07226562 0.49804688
v 0.09570312 0.07226562 0.49804688
v 0.55273438 -0.05664062 0.49804688
v 0.55664062 0.04492188 0.49804688
v 0.62304688 0.04492188 0.49804688
v -0.63085938 -0.05664062 0.50195312
v -0.58398438 -0.05664062 0.50195312
v 0.58007812 -0.05664062 0.50195312
v 0.59570312 -0.05664062 0.50195312
v 0.63085938 -0.05664062 0.50195312
v 0.88085938 0.06835938 0.50585938
v -0.63476562 -0.05664062 0.50976562
v -0.55664062 -0.05664062 0.50976562
v 0.03320312 -0.03320312 0.50976562
v 0.55664062 -0.05664062 0.50976562
v -0.46289062 0.09960938 0.51367188
v -0.03320312 -0.03320312 0.51367188
v -0.00195312 -0.03320312 0.51367188
v 0.65039062 0.03710938 0.51367188
v -0.62304688 -0.05664062 0.51757812
v -0.61132812 0.04492188 0.51757812
v -0.59179688 -0.12304688 0.51757812
v -0.58398438 0.04492188 0.51757812
v 0.52539062 0.03710938 0.51757812
v 0.57617188 0.04492188 0.51757812
v 0.58007812 -0.12304688 0.51757812
v 0.59570312 -0.12304688 0.51757812
v 0.59960938 0.04492188 0.51757812
v 0.62304688 -0.05664062 0.51757812
v 0.64648438 0.04882812 0.51757812
v 0.93945312 0.07226562 0.51757812
v -0.65820312 0.04492188 0.52148438
v -0.64257812 0.04492188 0.52148438
v -0.56054688 0.04492188 0.52148438
v -0.52539062 -0.05664062 0.52148438
v -0.03710938 0.07226562 0.52148438
v 0.04101562 0.07226562 0.52148438
v 0.09179688 -0.00195312 0.52148438
v 0.52929688 -0.05664062 0.52148438
v 0.53320312 0.04492188 0.52148438
v 0.62304688 0.04492188 0.52148438
v 0.79882812 0.08398438 0.52148438
v -0.60351562 0.11914062 0.52539062
v -0.58789062 0.14257812 0.52539062
v -0.56054688 -0.12304688 0.52539062
v -0.09570312 -0.00195312 0.52539062
v -0.00195312 0.07226562 0.52539062
v 0.53320312 -0.05273438 0.52539062
v 0.57617188 0.11914062 0.52539062
v 0.58398438 0.14257812 0.52539062
v 0.59960938 0.11914062 0.52539062
v 0.63867188 0.04882812 0.52539062
v 0.65039062 -0.05664062 0.52539062
v -0.66601562 0.03710938 0.52929688
v -0.61914062 -0.12304688 0.52929688
v -0.55664062 0.11914062 0.52929688
v -0.53710938 0.04492188 0.52929688
v -0.53320312 -0.05664062 0.52929688
v -0.09570312 0.01757812 0.52929688
v -0.09570312 0.03320312 0.52929688
v 0.09179688 0.01757812 0.52929688
v 0.09179688 0.03320312 0.52929688
v 0.55273438 0.11914062 0.52929688
v 0.55273438 0.14257812 0.52929688
v 0.55664062 -0.12304688 0.52929688
v 0.62304688 -0.12304688 0.52929688
v -0.62304688 0.11914062 0.53320312
v -0.61914062 0.14257812 0.53320312
v -0.56054688 0.17382812 0.53320312
v 0.56054688 0.17382812 0.53320312
v 0.61523438 0.14257812 0.53320312
v -0.61132812 0.17382812 0.53710938
v 0.61132812 0.17382812 0.53710938
v -0.66210938 -0.05664062 0.54101562
v -0.59179688 -0.27148438 0.54101562
v -0.59179688 -0.18164062 0.54101562
v 0.03710938 -0.00195312 0.54101562
v 0.54882812 0.17382812 0.54101562
v 0.58398438 -0.18164062 0.54101562
v 0.59570312 -0.18164062 0.54101562
v -0.63476562 0.11914062 0.54492188
v -0.53320312 0.11914062 0.54492188
v -0.02929688 -0.00195312 0.54492188
v -0.00195312 -0.00195312 0.54492188
v 0.04101562 0.03320312 0.54492188
v 0.54882812 -0.25195312 0.54492188
v 0.66210938 0.03710938 0.54492188
v 0.97460938 0.08398438 0.54492188
v -0.66601562 0.04492188 0.54882812
v -0.65820312 0.04492188 0.54882812
v -0.65039062 -0.05664062 0.54882812
v -0.63476562 0.14257812 0.54882812
v -0.62695312 -0.25195312 0.54882812
v -0.62695312 0.17382812 0.54882812
v -0.62304688 0.04492188 0.54882812
v -0.61914062 -0.18164062 0.54882812
v -0.56054688 -0.18164062 0.54882812
v -0.54492188 0.17382812 0.54882812
v -0.53710938 -0.12304688 0.54882812
v -0.51367188 -0.05273438 0.54882812
v -0.51367188 0.04101562 0.54882812
v -0.03320312 0.01757812 0.54882812
v -0.03320312 0.02929688 0.54882812
v -0.00195312 0.03320312 0.54882812
v 0.04101562 0.01757812 0.54882812
v 0.51367188 0.03710938 0.54882812
v 0.51757812 -0.04882812 0.54882812
v 0.52539062 -0.04492188 0.54882812
v 0.52539062 0.04492188 0.54882812
v 0.52929688 -0.04882812 0.54882812
v 0.54882812 -0.27539062 0.54882812
v 0.55273438 -0.27539062 0.54882812
v 0.56054688 -0.18164062 0.54882812
v 0.56835938 0.13085938 0.54882812
v 0.61914062 -0.18164062 0.54882812
v 0.61914062 0.04492188 0.54882812
v 0.62304688 0.12304688 0.54882812
v 0.63476562 -0.24804688 0.54882812
v 0.64257812 -0.05664062 0.54882812
v 0.65039062 0.04492188 0.54882812
v 0.65820312 -0.05664062 0.54882812
v 0.65820312 0.04492188 0.54882812
v -0.63867188 -0.12304688 0.55273438
v -0.60351562 -0.21679688 0.55273438
v -0.52148438 0.04492188 0.55273438
v -0.00195312 0.01757812 0.55273438
v 0.53710938 -0.12304688 0.55273438
v 0.60351562 0.12695312 0.55273438
v 0.61132812 -0.21679688 0.55273438
v 0.62304688 0.11914062 0.55273438
v 0.62695312 0.17382812 0.55273438
v 0.63476562 0.14257812 0.55273438
v 0.63867188 -0.12304688 0.55273438
v 0.59960938 0.12695312 0.55664062
v 0.62304688 0.12304688 0.55664062
v 0.62304688 0.12695312 0.55664062
v -0.65039062 -0.27539062 0.56054688
v -0.64257812 0.11914062 0.56054688
v -0.63867188 0.14257812 0.56054688
v -0.63085938 -0.18164062 0.56054688
v -0.62695312 -0.28710938 0.56054688
v -0.55273438 -0.22851562 0.56054688
v -0.55273438 -0.20507812 0.56054688
v -0.54492188 -0.18164062 0.56054688
v -0.53710938 0.17382812 0.56054688
v 0.53320312 0.17382812 0.56054688
v 0.54492188 -0.18164062 0.56054688
v 0.54882812 -0.22851562 0.56054688
v 0.54882812 -0.20507812 0.56054688
v 0.55273438 -0.28710938 0.56054688
v 0.62304688 0.12304688 0.56054688
v 0.62304688 0.12695312 0.56054688
v 0.62695312 -0.21289062 0.56054688
v 0.63085938 -0.18164062 0.56054688
v 0.66210938 -0.25195312 0.56054688
v 0.95898438 0.11914062 0.56054688
v -0.61132812 -0.25976562 0.56445312
v -0.56835938 -0.27929688 0.56445312
v 0.62695312 0.11914062 0.56445312
v 0.62695312 0.12695312 0.56445312
v 0.63867188 0.12695312 0.56445312
v 0.64257812 -0.24414062 0.56445312
v -0.78710938 0.11914062 0.56835938
v -0.64648438 0.11914062 0.56835938
v -0.64257812 0.14257812 0.56835938
v -0.63476562 0.17382812 0.56835938
v -0.61914062 -0.25195312 0.56835938
v 0.61523438 -0.22851562 0.56835938
v 0.63085938 0.17382812 0.56835938
v 0.63867188 0.12304688 0.56835938
v 0.63867188 0.14257812 0.56835938
v 0.95117188 0.11914062 0.56835938
v -0.52148438 -0.25976562 0.57226562
v -0.67773438 0.03710938 0.57617188
v -0.62304688 -0.25976562 0.57617188
v -0.67382812 -0.05664062 0.58007812
v -0.65429688 0.04492188 0.58007812
v -0.62304688 0.04492188 0.58007812
v 0.49804688 -0.25195312 0.58007812
v 0.61914062 0.04492188 0.58007812
v 0.65039062 0.04492188 0.58007812
v -0.66601562 0.04492188 0.58398438
v -0.65820312 -0.05664062 0.58398438
v -0.63867188 -0.12304688 0.58398438
v -0.63476562 -0.18164062 0.58398438
v -0.54101562 -0.18164062 0.58398438
v -0.53320312 -0.12304688 0.58398438
v -0.52148438 0.04492188 0.58398438
v 0.52539062 -0.05664062 0.58398438
v 0.52539062 0.04492188 0.58398438
v 0.52929688 -0.22851562 0.58398438
v 0.53320312 -0.12304688 0.58398438
v 0.54101562 -0.18164062 0.58398438
v 0.63085938 -0.21289062 0.58398438
v 0.63867188 -0.18164062 0.58398438
v 0.64257812 -0.12304688 0.58398438
v 0.98632812 0.10351562 0.58398438
v -0.65039062 -0.23632812 0.58789062
v -0.61914062 0.15429688 0.58789062
v -0.61914062 0.15820312 0.58789062
v -0.61523438 0.15820312 0.58789062
v -0.61132812 0.15429688 0.58789062
v -0.51367188 -0.05664062 0.58789062
v -0.51367188 0.03710938 0.58789062
v 0.51367188 -0.05664062 0.58789062
v 0.51367188 0.03710938 0.58789062
v 0.63867188 -0.23632812 0.58789062
v 0.65429688 0.03710938 0.58789062
v 0.66210938 -0.05664062 0.58789062
v 0.99804688 0.11523438 0.58789062
v -0.63085938 0.17382812 0.59179688
v -0.62304688 0.15039062 0.59179688
v -0.62304688 0.15820312 0.59179688
v -0.61523438 0.15039062 0.59179688
v -0.61523438 0.16210938 0.59179688
v -0.61132812 0.15820312 0.59179688
v 0.52539062 0.14257812 0.59179688
v 0.62304688 0.17382812 0.59179688
v -0.62695312 0.15429688 0.59570312
v -0.62304688 0.15039062 0.59570312
v -0.62304688 0.15820312 0.59570312
v -0.61914062 0.15039062 0.59570312
v -0.61523438 0.15039062 0.59570312
v -0.61523438 0.16210938 0.59570312
v -0.61132812 0.15429688 0.59570312
v -0.61132812 0.15820312 0.59570312
v 0.51367188 -0.26757812 0.59570312
v -0.63085938 -0.22851562 0.59960938
v -0.62304688 0.15429688 0.59960938
v -0.61523438 0.15820312 0.59960938
v -0.61132812 0.15429688 0.59960938
v 0.51367188 -0.25585938 0.59960938
v 0.53710938 -0.22851562 0.59960938
v 0.60742188 -0.25195312 0.59960938
v 0.62695312 -0.21289062 0.59960938
v 0.64648438 -0.06054688 0.59960938
v -0.61523438 0.15429688 0.60351562
v 0.52929688 -0.27148438 0.60351562
v 0.52929688 0.11914062 0.60351562
v 0.61132812 -0.22851562 0.60351562
v 0.63476562 -0.25195312 0.60351562
v 0.63476562 0.12304688 0.60351562
v -0.63476562 -0.24023438 0.60742188
v -0.63085938 -0.18164062 0.60742188
v -0.55664062 -0.22851562 0.60742188
v -0.55664062 -0.20507812 0.60742188
v -0.54492188 -0.18164062 0.60742188
v -0.22070312 0.12304688 0.60742188
v 0.52929688 -0.24804688 0.60742188
v 0.54492188 -0.18164062 0.60742188
v 0.54882812 -0.27148438 0.60742188
v 0.55273438 -0.22851562 0.60742188
v 0.63085938 -0.18164062 0.60742188
v 0.63085938 0.14257812 0.60742188
v -0.63476562 -0.12304688 0.61132812
v -0.63085938 -0.25195312 0.61132812
v -0.53710938 -0.12304688 0.61132812
v -0.53710938 0.17382812 0.61132812
v -0.27539062 0.15820312 0.61132812
v 0.53320312 0.17382812 0.61132812
v 0.53710938 -0.12304688 0.61132812
v 0.54882812 -0.25195312 0.61132812
v 0.61914062 0.17382812 0.61132812
v 0.63085938 0.11914062 0.61132812
v 0.63867188 -0.12304688 0.61132812
v -0.65820312 0.04492188 0.61523438
v -0.65039062 -0.05664062 0.61523438
v -0.61914062 -0.18164062 0.61523438
v -0.61132812 0.04492188 0.61523438
v -0.53710938 0.04492188 0.61523438
v -0.53320312 -0.05664062 0.61523438
v 0.53320312 0.04492188 0.61523438
v 0.53710938 -0.05664062 0.61523438
v 0.60742188 0.04492188 0.61523438
v 0.61914062 -0.18164062 0.61523438
v 0.65039062 -0.05664062 0.61523438
v 0.65039062 0.04492188 0.61523438
v 0.94335938 0.12304688 0.61523438
v -0.88867188 0.07226562 0.61914062
v -0.81835938 0.08007812 0.61914062
v -0.66210938 0.03710938 0.61914062
v -0.61523438 0.17382812 0.61914062
v -0.57617188 0.04492188 0.61914062
v -0.56054688 -0.18164062 0.61914062
v 0.52539062 0.03710938 0.61914062
v 0.53320312 0.14257812 0.61914062
v 0.53710938 0.11914062 0.61914062
v 0.56054688 -0.18164062 0.61914062
v 0.57617188 0.04492188 0.61914062
v 0.65820312 0.03710938 0.61914062
v -0.66210938 -0.05664062 0.62304688
v -0.62304688 0.11914062 0.62304688
v -0.59179688 -0.18164062 0.62304688
v -0.52929688 0.03710938 0.62304688
v -0.52539062 -0.05664062 0.62304688
v -0.27148438 0.16601562 0.62304688
v 0.52539062 -0.05664062 0.62304688
v 0.58398438 -0.18164062 0.62304688
v 0.59570312 -0.18164062 0.62304688
v 0.61132812 0.17382812 0.62304688
v 0.61523438 0.12695312 0.62304688
v 0.61914062 0.11914062 0.62304688
v 0.61914062 0.14257812 0.62304688
v 0.65820312 -0.05664062 0.62304688
v 0.94726562 0.13476562 0.62304688
v -0.55664062 0.11914062 0.63085938
v -0.55273438 0.14257812 0.63085938
v -0.55273438 0.17382812 0.63085938
v 0.54882812 0.14257812 0.63085938
v 0.54882812 0.17382812 0.63085938
v 0.55273438 0.11914062 0.63085938
v 0.60742188 0.11914062 0.63085938
v -0.61914062 -0.12304688 0.63476562
v -0.59960938 0.14257812 0.63476562
v -0.59179688 0.17382812 0.63476562
v -0.57226562 0.17382812 0.63476562
v -0.56054688 -0.12304688 0.63476562
v 0.55664062 -0.12304688 0.63476562
v 0.56835938 0.17382812 0.63476562
v 0.59179688 0.17382812 0.63476562
v 0.59570312 0.11914062 0.63476562
v 0.59570312 0.14257812 0.63476562
v 0.62304688 -0.12304688 0.63476562
v 0.86523438 0.13867188 0.63476562
v -0.64257812 0.04492188 0.63867188
v -0.62304688 -0.05664062 0.63867188
v -0.58007812 0.11914062 0.63867188
v -0.57617188 0.14257812 0.63867188
v -0.56054688 -0.05664062 0.63867188
v -0.55664062 0.04492188 0.63867188
v -0.34570312 0.17382812 0.63867188
v 0.54882812 0.03710938 0.63867188
v 0.54882812 0.04492188 0.63867188
v 0.55664062 -0.05664062 0.63867188
v 0.57226562 0.14257812 0.63867188
v 0.57617188 0.11914062 0.63867188
v 0.62304688 -0.05664062 0.63867188
v 0.63085938 0.04492188 0.63867188
v -0.59179688 -0.12304688 0.64257812
v -0.27929688 0.14648438 0.64257812
v 0.54492188 0.03710938 0.64257812
v 0.58007812 -0.12304688 0.64257812
v 0.59570312 -0.12304688 0.64257812
v 0.86914062 0.15039062 0.64648438
v -0.63476562 -0.05664062 0.65039062
v -0.63476562 0.03710938 0.65039062
v -0.61523438 0.04492188 0.65039062
v -0.59570312 -0.05664062 0.65039062
v -0.58789062 0.04492188 0.65039062
v -0.55273438 -0.05664062 0.65039062
v -0.35742188 0.16601562 0.65039062
v 0.54882812 -0.05664062 0.65039062
v 0.57617188 0.04492188 0.65039062
v 0.59570312 -0.05664062 0.65039062
v 0.60351562 0.04492188 0.65039062
v 0.63085938 0.03710938 0.65039062
v 0.63476562 -0.05664062 0.65039062
v -0.58007812 0.03710938 0.65429688
v -0.34960938 0.16601562 0.65429688
v -0.59179688 -0.04882812 0.65820312
v 0.58007812 -0.05664062 0.65820312
v 0.58007812 0.03710938 0.66210938
v 0.59960938 -0.05664062 0.66210938
v 0.57617188 -0.05664062 0.66601562
f 844 91 207
f 91 93 207
f 97 882 132
f 880 97 132
f 882 97 100
f 97 880 97
f 97 92 886
f 886 97 97
f 91 93 207
f 207 93 93
f 93 103 93
f 93 272 103
f 272 814 103
f 814 95 247
f 814 93 95
f 93 94 95
f 103 94 814
f 273 814 95
f 814 94 95
f 278 99 158
f 158 851 278
f 97 100 101
f 101 882 132
f 97 101 132
f 880 97 132
f 100 101 882
f 882 880 100
f 173 124 877
f 877 102 173
f 844 91 207
f 91 103 207
f 106 104 105
f 104 878 105
f 116 876 108
f 117 107 108
f 876 117 108
f 147 1 181
f 110 181 109
f 833 200 199
f 109 110 173
f 198 200 833
f 124 147 147
f 147 147 147
f 147 123 124
f 196 833 148
f 176 198 175
f 194 175 147
f 110 147 198
f 147 175 198
f 147 148 109
f 147 148 147
f 124 174 148
f 148 833 147
f 196 200 198
f 148 1 147
f 148 145 197
f 834 109 173
f 147 124 148
f 110 123 147
f 110 109 102
f 109 181 1
f 833 147 198
f 834 147 109
f 145 148 147
f 197 196 148
f 109 1 148
f 847 175 194
f 833 147 147
f 102 173 109
f 173 174 109
f 195 197 194
f 176 194 174
f 197 111 194
f 194 111 174
f 116 115 112
f 116 120 115
f 120 114 115
f 118 113 876
f 118 876 112
f 116 876 113
f 115 112 876
f 115 876 120
f 120 114 115
f 114 116 876
f 114 113 116
f 114 112 113
f 154 876 116
f 115 876 114
f 115 116 876
f 112 876 115
f 112 154 876
f 205 203 831
f 162 161 2
f 115 154 876
f 115 116 154
f 152 116 116
f 116 154 116
f 117 119 876
f 108 2 129
f 116 119 152
f 112 114 115
f 2 161 205
f 129 152 119
f 876 113 154
f 142 116 152
f 113 876 118
f 188 142 161
f 116 188 118
f 116 120 112
f 188 116 142
f 876 120 118
f 114 112 120
f 129 117 108
f 108 874 2
f 203 205 161
f 119 117 129
f 162 2 874
f 203 191 831
f 205 129 2
f 116 118 120
f 876 120 117
f 107 120 117
f 107 118 154
f 107 154 120
f 154 876 113
f 115 876 120
f 115 113 876
f 108 118 116
f 116 154 838
f 116 107 108
f 116 838 107
f 114 118 120
f 154 120 129
f 129 120 118
f 116 129 118
f 154 107 129
f 129 107 118
f 116 129 118
f 154 838 107
f 107 108 118
f 162 108 156
f 162 155 108
f 110 877 102
f 110 174 877
f 110 148 122
f 110 174 148
f 121 148 109
f 174 148 147
f 110 109 122
f 110 121 109
f 148 121 147
f 123 148 195
f 195 148 194
f 121 102 110
f 102 121 123
f 147 148 123
f 195 102 123
f 176 847 102
f 124 174 102
f 102 174 176
f 124 102 121
f 102 173 121
f 102 124 147
f 147 109 102
f 102 121 124
f 148 122 124
f 148 109 122
f 124 174 148
f 124 176 110
f 124 148 176
f 140 126 127
f 140 125 126
f 126 139 125
f 140 126 140
f 857 150 140
f 140 841 128
f 126 140 128
f 150 140 140
f 126 128 139
f 140 125 127
f 125 126 127
f 138 140 841
f 138 127 140
f 139 138 128
f 138 841 128
f 155 108 156
f 108 129 156
f 228 214 211
f 228 211 130
f 228 130 133
f 130 211 131
f 131 212 130
f 140 151 126
f 126 127 140
f 262 277 245
f 245 212 133
f 245 133 262
f 212 243 133
f 133 244 262
f 224 818 212
f 193 215 224
f 133 193 224
f 133 224 213
f 224 214 818
f 224 212 213
f 137 134 266
f 137 136 134
f 137 263 3
f 280 3 808
f 137 3 135
f 808 3 263
f 278 135 3
f 278 3 280
f 263 137 264
f 137 136 264
f 134 135 278
f 135 136 278
f 264 255 808
f 266 136 264
f 808 266 264
f 255 279 808
f 136 134 266
f 136 278 134
f 266 137 136
f 138 186 202
f 841 186 138
f 186 184 839
f 202 186 839
f 125 127 186
f 186 139 125
f 150 858 857
f 839 127 186
f 140 858 150
f 140 150 140
f 127 140 140
f 127 140 841
f 839 186 840
f 841 186 127
f 157 144 854
f 854 855 157
f 199 145 196
f 199 147 145
f 866 862 895
f 866 146 862
f 176 110 148
f 110 121 148
f 110 173 121
f 121 194 173
f 121 148 194
f 121 147 148
f 872 147 174
f 147 109 121
f 147 872 147
f 872 197 177
f 147 147 121
f 177 147 872
f 196 148 194
f 196 834 148
f 860 861 149
f 860 846 861
f 185 839 151
f 185 184 839
f 839 127 151
f 129 119 191
f 119 188 191
f 119 141 188
f 856 116 153
f 856 113 116
f 152 142 129
f 189 118 129
f 142 189 129
f 118 116 129
f 188 118 152
f 118 129 152
f 116 153 118
f 153 188 118
f 188 118 153
f 118 129 153
f 129 154 153
f 856 113 188
f 113 154 188
f 161 118 113
f 116 129 152
f 192 118 161
f 152 161 113
f 192 161 837
f 152 113 116
f 118 154 190
f 154 187 190
f 190 191 118
f 855 144 854
f 855 157 144
f 229 851 278
f 278 158 229
f 2210 2201 843
f 158 229 230
f 4 5 820
f 5 843 820
f 6 853 157
f 6 144 853
f 159 144 868
f 144 7 868
f 229 851 4
f 6 165 167
f 167 171 170
f 167 171 166
f 165 6 164
f 208 167 165
f 208 171 167
f 165 165 208
f 843 5 4
f 164 165 163
f 4 820 230
f 4 851 843
f 167 170 168
f 166 171 208
f 843 851 2210
f 854 853 144
f 7 167 2176
f 7 6 167
f 229 4 230
f 843 2201 164
f 868 7 2192
f 7 2176 2192
f 164 157 852
f 6 7 144
f 843 164 166
f 164 165 165
f 166 164 163
f 157 164 6
f 167 169 171
f 218 160 830
f 218 287 286
f 218 286 160
f 257 160 258
f 160 286 258
f 142 156 162
f 837 142 161
f 837 129 142
f 142 129 156
f 118 116 189
f 116 162 189
f 142 161 188
f 189 162 142
f 188 189 142
f 161 203 152
f 152 142 161
f 192 205 837
f 192 189 831
f 837 205 162
f 831 205 192
f 205 129 162
f 192 162 837
f 837 850 192
f 189 116 192
f 162 850 192
f 116 162 192
f 116 129 162
f 837 850 161
f 850 162 161
f 192 118 850
f 129 162 850
f 850 118 129
f 162 161 850
f 843 163 166
f 163 164 165
f 163 843 852
f 163 852 164
f 165 163 164
f 163 157 164
f 820 226 821
f 820 164 226
f 843 226 166
f 226 164 166
f 169 168 167
f 169 848 168
f 167 169 171
f 171 170 167
f 169 170 167
f 170 170 172
f 848 170 169
f 169 848 169
f 849 169 169
f 168 172 170
f 170 849 169
f 171 170 169
f 171 170 170
f 848 849 169
f 168 848 170
f 168 849 848
f 197 174 195
f 197 177 174
f 194 102 176
f 121 834 102
f 175 176 102
f 834 175 102
f 124 196 834
f 148 176 196
f 176 198 196
f 196 124 148
f 194 847 102
f 102 121 147
f 102 147 194
f 121 834 147
f 175 194 834
f 194 847 834
f 147 174 109
f 109 111 147
f 173 145 110
f 173 147 145
f 174 197 111
f 174 872 197
f 147 174 177
f 176 197 177
f 174 176 177
f 103 93 814
f 93 273 814
f 93 272 273
f 253 207 179
f 179 178 232
f 179 232 253
f 179 271 103
f 271 814 103
f 253 180 289
f 178 180 207
f 180 253 207
f 95 178 103
f 95 179 178
f 178 289 103
f 179 289 270
f 179 180 289
f 94 179 93
f 179 270 93
f 147 102 111
f 102 109 111
f 102 181 109
f 110 123 893
f 110 121 123
f 862 145 198
f 198 110 862
f 110 862 110
f 110 110 121
f 173 148 194
f 123 124 121
f 173 124 148
f 124 173 121
f 147 198 123
f 147 182 198
f 147 122 124
f 109 122 148
f 122 147 148
f 110 148 109
f 110 174 148
f 124 110 173
f 124 174 110
f 198 123 174
f 123 124 174
f 147 174 198
f 198 834 147
f 833 147 200
f 147 182 200
f 833 182 199
f 196 182 183
f 196 199 182
f 183 198 196
f 183 842 198
f 198 862 145
f 198 110 862
f 835 8 198
f 147 182 8
f 8 835 196
f 196 200 8
f 182 183 8
f 200 147 8
f 198 8 183
f 186 840 127
f 840 839 127
f 841 186 127
f 840 186 184
f 840 127 186
f 840 839 127
f 184 127 185
f 127 151 185
f 184 839 127
f 202 138 204
f 192 129 161
f 192 118 129
f 153 188 116
f 188 856 116
f 116 154 153
f 190 191 154
f 191 189 154
f 189 142 191
f 189 129 142
f 129 189 116
f 192 189 141
f 189 129 141
f 192 129 141
f 192 189 118
f 192 118 129
f 189 188 191
f 189 129 188
f 129 154 188
f 831 129 188
f 188 189 831
f 191 152 203
f 191 189 129
f 191 129 152
f 152 142 203
f 191 141 188
f 129 119 189
f 119 191 189
f 189 116 129
f 191 119 141
f 831 154 190
f 831 129 154
f 190 191 831
f 154 188 116
f 188 189 116
f 192 161 837
f 2207 191 2197
f 161 2215 837
f 192 832 161
f 192 205 832
f 161 203 2207
f 161 2207 873
f 2207 203 191
f 161 873 2215
f 831 188 191
f 831 205 161
f 831 161 188
f 205 832 161
f 174 176 197
f 174 197 147
f 194 197 176
f 197 199 147
f 174 194 196
f 194 847 196
f 199 194 197
f 199 174 148
f 199 148 194
f 148 176 147
f 197 176 194
f 147 176 196
f 176 197 196
f 174 196 147
f 196 833 147
f 194 174 148
f 194 196 174
f 195 197 176
f 197 199 176
f 174 198 147
f 198 196 147
f 198 196 148
f 196 199 148
f 199 174 148
f 148 176 198
f 194 196 174
f 196 199 174
f 196 199 197
f 195 197 194
f 197 833 194
f 199 833 197
f 196 124 835
f 198 835 124
f 198 124 147
f 196 834 124
f 194 199 833
f 194 197 199
f 197 196 199
f 196 200 199
f 147 197 833
f 197 199 833
f 194 199 176
f 194 197 196
f 194 196 199
f 199 198 196
f 199 145 198
f 145 196 147
f 196 833 147
f 205 189 831
f 205 204 189
f 205 204 191
f 191 189 205
f 142 831 129
f 191 142 203
f 191 189 142
f 142 189 831
f 203 205 161
f 203 831 205
f 269 103 844
f 269 252 103
f 103 207 844
f 829 208 166
f 829 164 208
f 208 166 226
f 166 843 163
f 166 166 208
f 166 843 166
f 206 216 209
f 245 828 869
f 869 828 236
f 211 818 236
f 236 828 211
f 214 211 828
f 212 828 131
f 828 245 131
f 9 212 818
f 9 10 262
f 213 10 210
f 262 10 244
f 212 9 250
f 250 9 242
f 212 213 818
f 244 213 133
f 244 10 213
f 9 818 210
f 10 9 210
f 262 242 9
f 210 212 818
f 818 236 210
f 212 828 818
f 818 214 211
f 818 131 214
f 210 828 818
f 828 214 818
f 214 262 827
f 250 245 11
f 827 262 213
f 213 262 245
f 212 213 245
f 242 250 11
f 242 11 227
f 262 227 245
f 245 227 11
f 212 214 211
f 211 210 212
f 236 210 245
f 213 193 215
f 215 245 210
f 215 210 213
f 245 227 250
f 245 215 214
f 245 214 227
f 131 212 827
f 212 213 827
f 818 827 214
f 818 131 827
f 224 214 193
f 212 213 827
f 262 827 214
f 262 245 827
f 214 224 262
f 827 245 212
f 215 214 193
f 214 262 193
f 256 257 160
f 221 805 283
f 806 284 287
f 221 806 804
f 2336 222 2371
f 160 217 256
f 222 2371 222
f 217 217 256
f 812 286 286
f 286 234 812
f 286 221 804
f 286 257 222
f 804 218 812
f 812 287 286
f 234 282 259
f 812 287 287
f 812 234 259
f 287 804 812
f 218 804 256
f 812 287 287
f 806 221 283
f 220 286 222
f 806 283 284
f 220 221 286
f 160 217 281
f 160 217 217
f 257 256 222
f 286 222 286
f 222 222 286
f 257 830 286
f 257 256 830
f 830 218 286
f 257 160 256
f 221 219 870
f 233 235 234
f 221 871 235
f 219 221 283
f 221 871 221
f 235 259 235
f 871 235 235
f 234 259 286
f 234 235 259
f 221 221 219
f 220 870 283
f 870 805 283
f 220 219 870
f 220 804 286
f 235 221 805
f 221 235 220
f 804 235 285
f 220 235 804
f 805 283 235
f 899 898 223
f 240 810 12
f 241 236 869
f 12 14 818
f 12 13 14
f 12 818 236
f 902 815 249
f 239 241 225
f 277 262 262
f 241 242 815
f 815 225 241
f 241 241 240
f 244 215 277
f 240 241 869
f 240 12 238
f 810 240 245
f 242 818 14
f 902 242 14
f 262 13 12
f 262 902 14
f 262 13 262
f 241 825 239
f 238 12 236
f 249 242 902
f 262 14 13
f 277 215 262
f 242 241 239
f 245 240 869
f 241 241 242
f 12 810 262
f 224 243 244
f 224 245 243
f 224 262 245
f 820 98 851
f 98 158 851
f 825 225 241
f 225 239 241
f 249 818 816
f 818 236 816
f 816 225 249
f 262 215 214
f 262 277 215
f 277 214 262
f 224 277 215
f 224 214 277
f 277 244 214
f 224 244 215
f 224 214 244
f 214 245 131
f 214 250 245
f 214 262 250
f 242 236 227
f 236 131 212
f 243 244 212
f 228 227 244
f 244 236 212
f 227 236 244
f 215 133 244
f 242 130 227
f 15 243 133
f 133 215 214
f 214 227 15
f 243 15 130
f 130 15 227
f 242 236 130
f 133 214 15
f 236 212 130
f 244 228 215
f 279 280 255
f 134 17 16
f 17 134 266
f 230 16 280
f 229 98 158
f 229 280 278
f 255 16 263
f 264 263 16
f 278 16 230
f 16 266 264
f 229 820 98
f 280 229 230
f 16 255 280
f 278 229 229
f 229 229 158
f 16 17 266
f 16 278 134
f 272 252 93
f 272 231 273
f 272 273 252
f 207 178 180
f 276 207 180
f 274 275 232
f 275 180 232
f 232 231 274
f 276 180 275
f 259 233 235
f 233 282 235
f 234 282 286
f 285 282 235
f 285 286 282
f 287 235 259
f 234 287 286
f 234 235 287
f 238 241 250
f 236 816 238
f 242 250 241
f 238 250 236
f 815 2319 891
f 249 2319 815
f 249 815 225
f 249 236 2319
f 816 245 236
f 225 241 816
f 242 245 816
f 241 242 816
f 241 249 242
f 826 239 241
f 816 826 241
f 816 241 242
f 826 225 239
f 815 237 818
f 242 237 249
f 242 818 237
f 815 225 237
f 237 249 236
f 237 236 815
f 249 242 816
f 249 816 225
f 236 816 242
f 225 237 249
f 245 241 242
f 242 241 249
f 239 241 816
f 241 236 816
f 236 241 245
f 239 825 225
f 242 236 815
f 249 815 825
f 239 249 825
f 242 818 236
f 815 249 242
f 236 249 818
f 236 239 249
f 236 237 239
f 241 825 240
f 825 225 240
f 238 236 816
f 818 238 240
f 818 236 238
f 240 242 818
f 225 240 236
f 240 242 236
f 239 250 237
f 239 242 250
f 245 244 262
f 245 243 244
f 245 212 277
f 245 236 212
f 212 214 277
f 245 212 246
f 245 236 212
f 250 214 227
f 250 245 131
f 250 131 214
f 267 252 103
f 267 247 252
f 95 252 93
f 247 252 207
f 273 252 248
f 252 247 248
f 252 95 207
f 815 237 242
f 237 249 242
f 236 815 250
f 815 242 250
f 262 227 214
f 227 245 214
f 242 245 236
f 236 227 242
f 814 103 247
f 273 814 251
f 814 206 251
f 247 206 814
f 103 93 247
f 247 251 270
f 247 206 251
f 270 179 247
f 270 95 179
f 251 273 270
f 247 271 206
f 799 268 252
f 799 207 268
f 252 270 799
f 253 207 180
f 207 179 180
f 180 232 253
f 263 254 264
f 254 265 808
f 254 808 136
f 254 136 264
f 278 135 136
f 280 278 136
f 254 255 280
f 808 280 279
f 255 265 279
f 280 255 279
f 280 136 254
f 135 137 136
f 136 264 254
f 279 136 265
f 136 263 265
f 263 255 265
f 254 280 263
f 808 280 279
f 280 264 263
f 280 254 279
f 287 286 258
f 258 256 812
f 258 257 256
f 258 812 287
f 257 218 258
f 257 256 218
f 218 287 258
f 287 830 218
f 217 830 257
f 830 287 257
f 217 256 830
f 286 256 235
f 286 160 256
f 235 285 286
f 235 806 283
f 235 285 806
f 806 805 283
f 812 804 218
f 257 160 256
f 257 804 286
f 812 287 804
f 257 256 218
f 257 218 804
f 257 218 286
f 257 217 218
f 286 258 257
f 259 804 805
f 805 235 259
f 287 259 284
f 287 804 259
f 804 287 806
f 284 806 259
f 806 283 259
f 256 283 812
f 283 259 812
f 812 287 256
f 288 260 811
f 808 255 265
f 263 808 266
f 263 255 808
f 266 136 263
f 137 808 266
f 263 137 264
f 137 265 808
f 263 265 137
f 94 207 93
f 901 252 93
f 901 93 207
f 901 207 247
f 207 93 95
f 103 93 207
f 273 103 207
f 207 247 273
f 93 94 95
f 93 814 103
f 93 231 273
f 93 273 814
f 207 231 93
f 95 207 93
f 247 270 267
f 247 273 270
f 252 103 273
f 93 207 179
f 273 179 247
f 103 179 273
f 93 179 103
f 179 800 94
f 179 799 800
f 179 252 799
f 269 289 207
f 289 253 207
f 207 179 269
f 94 179 270
f 94 207 179
f 252 179 247
f 252 270 179
f 252 267 273
f 267 251 273
f 267 247 251
f 252 103 269
f 207 269 94
f 269 103 94
f 207 268 269
f 207 270 95
f 269 207 268
f 269 270 207
f 207 289 270
f 207 180 289
f 270 95 207
f 289 94 180
f 179 180 95
f 180 94 95
f 95 207 179
f 289 276 178
f 289 178 180
f 179 178 207
f 178 799 207
f 799 178 276
f 289 93 269
f 93 95 269
f 179 269 103
f 269 270 103
f 269 252 270
f 268 269 207
f 799 269 270
f 799 207 269
f 18 247 271
f 18 271 251
f 247 103 207
f 19 247 18
f 207 103 93
f 19 248 270
f 247 19 103
f 251 248 19
f 19 18 251
f 270 103 19
f 93 206 270
f 93 247 206
f 103 94 270
f 94 271 252
f 94 252 270
f 94 179 271
f 95 179 93
f 247 271 273
f 179 247 273
f 273 252 270
f 93 179 273
f 270 93 273
f 231 252 93
f 93 272 231
f 20 271 206
f 95 179 20
f 93 20 270
f 20 93 95
f 206 270 20
f 179 271 20
f 267 270 103
f 267 248 273
f 267 273 270
f 267 271 248
f 231 273 207
f 273 270 207
f 270 93 207
f 103 248 252
f 248 179 247
f 252 248 273
f 248 103 207
f 207 179 248
f 267 248 103
f 267 247 248
f 103 248 273
f 271 248 247
f 247 251 94
f 247 271 251
f 270 94 248
f 94 251 248
f 267 248 103
f 267 247 248
f 252 103 248
f 251 248 247
f 248 273 252
f 93 247 252
f 273 252 271
f 93 179 247
f 252 247 271
f 799 273 270
f 799 231 273
f 267 271 270
f 267 247 271
f 271 206 270
f 269 270 268
f 270 94 268
f 231 252 207
f 252 799 207
f 276 207 275
f 274 275 231
f 275 207 231
f 232 799 207
f 232 275 799
f 232 231 275
f 274 276 231
f 276 799 231
f 273 270 799
f 799 272 273
f 272 231 252
f 252 270 93
f 252 93 272
f 272 252 103
f 252 270 103
f 269 275 268
f 800 207 274
f 269 274 275
f 275 799 268
f 276 800 274
f 276 274 269
f 276 799 800
f 799 272 252
f 231 273 252
f 272 231 252
f 224 244 215
f 224 133 244
f 244 130 133
f 244 902 130
f 245 810 277
f 810 262 277
f 265 280 137
f 263 265 137
f 263 137 136
f 265 279 280
f 263 255 264
f 280 255 279
f 280 264 255
f 279 136 265
f 136 264 265
f 279 280 136
f 264 255 265
f 279 808 280
f 136 263 279
f 280 136 279
f 254 280 136
f 254 255 280
f 136 264 254
f 235 284 282
f 284 287 282
f 217 160 201
f 217 281 160
f 804 235 285
f 282 235 234
f 235 804 234
f 285 284 806
f 806 282 285
f 806 235 284
f 806 283 235
f 235 285 284
f 283 287 286
f 283 235 285
f 283 285 287
f 804 287 806
f 804 286 287
f 256 806 804
f 806 285 284
f 806 256 283
f 806 283 285
f 806 282 285
f 806 804 286
f 806 286 282
f 288 260 811
f 800 269 270
f 800 207 268
f 800 268 269
f 270 269 252
f 270 799 207
f 270 207 269
f 269 252 800
f 252 270 800
f 800 179 276
f 800 94 179
f 289 179 178
f 289 276 179
f 276 800 269
f 276 799 800
f 799 800 273
f 252 270 799
f 273 252 799
f 799 268 252
f 799 207 268
f 800 94 252
f 179 273 252
f 94 179 252
f 289 799 269
f 289 270 799
f 179 800 207
f 799 800 270
f 179 273 270
f 800 179 270
f 270 273 252
f 207 273 800
f 273 270 800
f 798 796 2025
f 796 290 2025
f 292 797 293
f 797 794 293
f 292 794 293
f 292 797 794
f 298 295 792
f 298 297 295
f 297 295 298
f 298 296 297
f 296 297 295
f 792 298 296
f 295 792 296
f 296 297 295
f 295 792 298
f 295 298 296
f 301 789 791
f 789 790 791
f 322 319 303
f 319 306 303
f 312 302 311
f 312 303 302
f 302 304 311
f 312 323 303
f 309 305 312
f 309 322 305
f 310 309 308
f 306 308 319
f 308 309 319
f 322 319 303
f 305 320 321
f 319 305 303
f 303 305 323
f 305 312 320
f 305 321 323
f 309 305 313
f 309 314 305
f 305 312 313
f 319 307 309
f 319 306 307
f 786 310 314
f 310 309 314
f 311 312 314
f 312 309 314
f 312 313 309
f 311 312 305
f 314 312 330
f 314 305 312
f 785 317 316
f 317 315 316
f 316 317 315
f 318 316 785
f 318 317 316
f 316 318 317
f 316 785 318
f 321 322 320
f 320 331 309
f 320 309 321
f 322 319 320
f 313 323 320
f 323 322 320
f 313 324 323
f 320 322 312
f 320 321 322
f 324 312 309
f 312 313 309
f 312 320 313
f 309 312 320
f 309 324 312
f 320 313 309
f 325 326 784
f 314 311 313
f 330 313 312
f 313 311 312
f 332 777 778
f 339 334 333
f 336 774 780
f 336 774 780
f 773 338 337
f 337 772 337
f 337 337 773
f 337 772 336
f 336 337 336
f 780 336 336
f 419 340 384
f 423 340 419
f 423 419 421
f 423 345 340
f 341 763 342
f 341 343 763
f 350 341 343
f 343 763 351
f 343 351 350
f 343 352 763
f 763 342 343
f 419 419 22
f 345 419 345
f 22 419 21
f 345 340 345
f 22 21 419
f 423 23 421
f 726 442 24
f 726 24 442
f 23 21 419
f 345 384 419
f 419 23 422
f 345 384 384
f 344 345 419
f 1554 442 726
f 405 406 374
f 442 406 408
f 1556 726 442
f 408 406 405
f 374 406 753
f 344 374 753
f 427 422 23
f 419 344 419
f 23 423 427
f 422 384 374
f 344 384 442
f 365 366 405
f 419 421 23
f 422 374 419
f 384 384 344
f 442 442 24
f 340 770 775
f 365 405 374
f 21 23 419
f 406 421 419
f 775 345 340
f 406 442 384
f 442 344 442
f 752 391 348
f 391 368 348
f 376 369 397
f 376 349 369
f 349 359 369
f 352 341 343
f 352 354 762
f 352 762 341
f 762 350 341
f 351 352 762
f 354 352 763
f 354 762 352
f 352 761 350
f 761 762 350
f 350 352 352
f 341 352 342
f 343 352 350
f 352 352 763
f 342 352 763
f 353 342 763
f 343 342 341
f 763 343 352
f 343 353 342
f 763 353 343
f 371 380 359
f 380 355 359
f 382 362 354
f 362 356 354
f 364 357 360
f 358 357 382
f 358 360 357
f 360 356 364
f 371 359 398
f 380 355 359
f 380 359 377
f 398 359 401
f 371 377 359
f 399 378 400
f 397 377 359
f 373 388 399
f 373 399 732
f 359 373 732
f 359 732 397
f 399 388 378
f 360 381 358
f 381 758 358
f 375 360 357
f 375 753 360
f 357 361 375
f 362 356 375
f 356 361 375
f 356 357 361
f 375 363 375
f 375 356 361
f 375 361 375
f 383 363 755
f 363 375 755
f 375 362 356
f 383 363 361
f 361 367 383
f 25 406 421
f 27 365 26
f 25 27 406
f 25 421 423
f 427 25 423
f 25 427 422
f 406 26 365
f 374 27 25
f 365 27 374
f 406 365 366
f 406 366 367
f 25 422 374
f 26 406 27
f 354 375 360
f 375 367 360
f 360 356 354
f 360 357 367
f 357 354 367
f 360 361 405
f 361 375 405
f 375 405 361
f 363 361 743
f 743 361 405
f 408 743 405
f 406 366 367
f 361 366 753
f 406 367 405
f 366 406 753
f 375 367 366
f 367 408 366
f 408 344 366
f 742 374 367
f 363 742 383
f 363 374 742
f 742 743 383
f 368 348 391
f 415 391 388
f 391 390 388
f 348 390 391
f 751 369 397
f 397 764 751
f 371 359 369
f 371 372 359
f 416 373 388
f 388 370 416
f 377 380 369
f 380 359 369
f 369 371 377
f 369 376 372
f 372 359 369
f 371 416 370
f 416 373 388
f 736 415 28
f 736 28 388
f 28 370 416
f 414 370 28
f 388 28 416
f 414 28 415
f 357 375 356
f 375 367 356
f 356 364 357
f 405 366 367
f 405 364 366
f 375 356 382
f 356 375 755
f 360 755 767
f 755 375 754
f 360 356 755
f 405 364 374
f 356 360 363
f 366 375 756
f 374 366 756
f 366 366 375
f 755 366 754
f 360 356 767
f 755 356 363
f 366 366 363
f 374 756 405
f 361 366 363
f 366 375 754
f 363 366 755
f 377 355 369
f 355 359 369
f 400 377 378
f 377 373 378
f 378 390 379
f 378 348 390
f 400 732 380
f 380 359 401
f 398 400 401
f 380 732 376
f 399 732 400
f 400 380 401
f 395 752 400
f 397 400 751
f 400 752 751
f 378 400 377
f 400 397 377
f 377 349 397
f 349 359 397
f 400 380 378
f 376 380 397
f 380 400 397
f 369 376 752
f 388 752 372
f 752 376 372
f 376 355 359
f 359 398 396
f 359 396 376
f 376 380 355
f 441 371 394
f 373 394 371
f 752 371 441
f 394 373 388
f 371 372 359
f 359 373 371
f 380 359 377
f 359 396 377
f 348 751 29
f 373 378 29
f 29 751 380
f 29 380 373
f 397 380 751
f 378 348 29
f 753 756 405
f 381 375 360
f 753 375 756
f 375 753 360
f 361 367 30
f 30 406 408
f 30 367 406
f 361 30 383
f 408 743 30
f 743 383 30
f 367 405 406
f 361 743 383
f 361 367 743
f 754 755 361
f 755 356 361
f 382 364 357
f 367 364 375
f 364 382 375
f 367 405 364
f 754 746 375
f 31 361 375
f 374 766 745
f 405 385 374
f 451 745 766
f 367 405 374
f 408 384 374
f 385 766 374
f 408 344 384
f 743 374 404
f 404 742 743
f 405 408 374
f 31 374 743
f 404 367 406
f 375 367 404
f 405 374 374
f 361 31 383
f 744 420 374
f 742 404 406
f 374 374 404
f 361 754 375
f 31 360 374
f 375 756 360
f 745 344 408
f 375 360 31
f 383 31 743
f 408 374 745
f 744 374 408
f 375 756 405
f 354 382 360
f 382 405 360
f 405 382 375
f 385 419 406
f 385 344 419
f 384 419 345
f 419 344 345
f 366 405 374
f 408 743 374
f 405 408 374
f 366 753 374
f 374 753 385
f 386 374 385
f 385 344 386
f 366 405 753
f 405 374 367
f 407 374 385
f 374 405 385
f 374 406 385
f 386 374 385
f 405 406 367
f 406 404 367
f 406 374 404
f 766 451 385
f 451 745 385
f 421 366 406
f 421 374 366
f 421 345 374
f 372 388 395
f 388 394 395
f 369 372 751
f 372 395 751
f 401 396 377
f 359 401 349
f 401 377 349
f 388 371 379
f 388 370 371
f 388 752 370
f 413 411 379
f 411 415 379
f 392 441 387
f 388 393 389
f 393 392 389
f 392 393 441
f 373 392 372
f 393 392 388
f 392 373 388
f 393 395 392
f 378 348 377
f 751 397 377
f 348 378 394
f 378 377 373
f 377 348 751
f 388 372 373
f 388 395 752
f 388 394 395
f 388 752 391
f 388 391 392
f 371 372 392
f 372 388 392
f 389 388 392
f 395 752 388
f 395 388 441
f 388 752 392
f 388 394 441
f 441 389 393
f 441 387 389
f 392 388 752
f 388 393 752
f 388 392 389
f 391 392 752
f 371 372 392
f 441 387 392
f 372 441 392
f 372 388 441
f 389 393 752
f 393 441 752
f 751 373 400
f 376 380 359
f 376 359 373
f 751 397 376
f 751 376 373
f 390 388 348
f 395 388 378
f 395 348 388
f 395 391 394
f 752 391 348
f 391 395 348
f 395 388 441
f 380 395 399
f 369 397 751
f 397 399 751
f 397 380 399
f 395 380 388
f 415 388 738
f 738 388 394
f 348 388 415
f 348 390 388
f 372 388 392
f 388 441 392
f 390 394 415
f 390 378 394
f 390 388 378
f 395 392 388
f 388 393 395
f 395 379 378
f 395 391 379
f 388 390 379
f 394 388 378
f 394 415 388
f 388 415 390
f 348 394 415
f 348 378 394
f 348 391 378
f 388 441 751
f 394 388 378
f 394 441 388
f 379 415 391
f 379 411 415
f 395 379 394
f 395 390 379
f 388 417 372
f 392 372 370
f 372 417 370
f 380 378 395
f 395 399 397
f 395 397 380
f 395 394 441
f 441 752 373
f 373 395 32
f 372 373 396
f 395 373 394
f 395 752 32
f 373 373 398
f 372 32 752
f 396 373 398
f 752 377 373
f 752 751 377
f 369 372 396
f 359 373 732
f 32 373 373
f 372 373 32
f 373 372 441
f 359 398 373
f 732 401 398
f 396 732 398
f 401 377 349
f 359 401 349
f 401 732 397
f 397 377 401
f 373 398 380
f 398 400 395
f 395 399 398
f 399 751 380
f 380 398 399
f 751 397 380
f 377 378 371
f 377 380 378
f 732 359 396
f 732 376 359
f 380 355 371
f 359 373 371
f 355 359 371
f 373 398 371
f 398 732 359
f 398 400 732
f 359 401 398
f 398 400 33
f 359 33 349
f 33 732 397
f 359 398 33
f 376 33 397
f 33 400 732
f 355 349 33
f 33 376 355
f 373 398 359
f 399 732 400
f 732 397 380
f 373 732 380
f 400 373 378
f 400 732 373
f 372 396 402
f 349 732 397
f 396 732 396
f 349 397 376
f 396 372 396
f 397 764 751
f 349 396 732
f 397 376 397
f 751 397 397
f 397 373 400
f 400 732 397
f 763 350 343
f 763 354 351
f 763 351 350
f 754 366 375
f 754 743 366
f 374 406 407
f 406 742 407
f 408 407 742
f 407 404 742
f 375 367 742
f 404 408 374
f 742 408 375
f 404 375 408
f 374 367 743
f 367 742 743
f 34 367 405
f 405 406 34
f 366 367 34
f 366 375 367
f 34 406 753
f 743 361 366
f 743 34 753
f 34 743 366
f 345 408 344
f 420 404 406
f 374 404 420
f 345 420 408
f 374 420 345
f 406 367 405
f 404 367 406
f 374 419 345
f 419 421 345
f 379 738 391
f 379 394 738
f 379 411 391
f 379 413 411
f 348 388 395
f 395 388 394
f 752 388 348
f 752 391 388
f 388 394 392
f 391 394 395
f 391 392 394
f 738 379 413
f 738 418 379
f 417 391 736
f 417 414 391
f 379 379 388
f 371 736 391
f 392 371 391
f 391 392 391
f 391 391 390
f 348 391 390
f 388 390 391
f 379 388 395
f 395 348 379
f 441 388 393
f 395 388 441
f 736 418 738
f 418 379 379
f 418 379 413
f 418 413 738
f 390 379 348
f 390 388 415
f 752 391 348
f 413 418 379
f 413 738 736
f 413 736 418
f 388 417 371
f 417 414 371
f 394 370 388
f 379 388 370
f 752 370 394
f 370 371 379
f 391 736 415
f 391 388 736
f 412 413 391
f 413 738 391
f 736 418 388
f 417 35 736
f 418 388 388
f 371 388 370
f 370 35 414
f 388 736 35
f 388 370 388
f 35 417 414
f 388 35 370
f 371 416 369
f 416 388 369
f 736 416 388
f 736 417 414
f 414 370 416
f 736 414 416
f 387 752 391
f 388 441 389
f 752 387 441
f 395 752 441
f 389 441 387
f 392 389 387
f 370 371 417
f 371 416 417
f 394 441 444
f 452 388 395
f 456 394 455
f 441 394 441
f 388 441 441
f 441 395 388
f 394 444 455
f 395 752 751
f 441 395 388
f 395 751 388
f 378 732 727
f 378 400 732
f 458 453 458
f 400 395 399
f 456 458 453
f 458 458 394
f 395 458 394
f 395 399 395
f 395 395 394
f 455 456 707
f 707 454 464
f 707 456 453
f 399 727 400
f 707 453 454
f 374 405 386
f 405 406 386
f 406 421 345
f 374 406 345
f 374 345 422
f 421 423 345
f 406 345 374
f 406 423 345
f 345 384 374
f 427 419 423
f 427 422 419
f 384 421 427
f 384 419 406
f 422 384 427
f 421 384 406
f 406 374 405
f 423 374 421
f 374 406 421
f 408 406 420
f 408 374 406
f 374 405 406
f 420 423 735
f 422 374 735
f 423 422 735
f 422 735 423
f 735 420 423
f 423 422 419
f 422 384 419
f 420 423 374
f 374 735 420
f 419 421 384
f 427 421 423
f 427 384 421
f 406 423 422
f 423 427 422
f 406 420 423
f 426 729 728
f 426 425 729
f 732 727 399
f 727 912 399
f 723 435 724
f 428 435 723
f 428 723 428
f 428 435 723
f 724 435 733
f 723 428 428
f 720 731 429
f 429 430 720
f 720 721 429
f 439 438 433
f 730 429 430
f 722 723 435
f 723 428 435
f 715 436 718
f 447 448 449
f 448 447 712
f 439 37 440
f 439 438 433
f 443 38 440
f 36 439 714
f 440 712 713
f 36 714 440
f 38 440 440
f 36 440 37
f 38 443 712
f 440 36 440
f 433 439 439
f 448 712 443
f 36 37 439
f 712 440 38
f 37 439 439
f 440 712 713
f 440 443 712
f 446 443 448
f 443 712 448
f 446 449 443
f 441 452 394
f 452 456 394
f 446 445 461
f 446 449 445
f 461 450 446
f 449 447 712
f 449 445 447
f 449 447 712
f 447 449 445
f 446 449 448
f 449 712 448
f 712 447 443
f 449 443 712
f 449 447 443
f 450 445 461
f 450 446 445
f 448 446 712
f 446 445 712
f 448 445 450
f 448 446 445
f 445 461 449
f 461 916 918
f 449 461 450
f 449 450 448
f 461 450 461
f 461 461 916
f 456 458 458
f 458 705 453
f 464 40 41
f 455 40 707
f 456 39 455
f 458 458 704
f 456 458 39
f 455 395 40
f 394 395 455
f 39 458 394
f 394 455 39
f 453 454 458
f 40 464 707
f 395 458 40
f 458 454 458
f 458 41 40
f 454 458 453
f 458 458 458
f 458 454 458
f 41 458 464
f 458 704 459
f 458 464 458
f 458 705 453
f 453 454 458
f 706 705 704
f 464 704 454
f 704 705 454
f 459 458 704
f 458 464 704
f 710 469 460
f 469 463 460
f 463 700 469
f 700 700 463
f 700 695 700
f 700 694 695
f 467 465 466
f 465 699 466
f 699 467 465
f 699 466 467
f 471 585 623
f 623 470 471
f 478 474 472
f 478 475 474
f 623 470 473
f 470 471 473
f 474 472 475
f 473 472 470
f 473 475 472
f 618 470 475
f 475 585 618
f 473 617 474
f 474 470 473
f 478 617 474
f 478 475 617
f 573 478 614
f 614 615 612
f 614 612 573
f 612 475 573
f 585 618 470
f 470 475 585
f 601 486 476
f 582 42 598
f 519 518 671
f 484 671 42
f 671 518 42
f 644 42 518
f 477 42 582
f 42 644 598
f 42 477 484
f 626 479 624
f 562 476 601
f 601 626 636
f 601 636 562
f 636 626 629
f 626 601 479
f 678 687 688
f 687 480 688
f 481 492 490
f 492 568 490
f 568 567 490
f 546 546 494
f 655 546 660
f 546 655 559
f 543 546 494
f 546 559 546
f 559 551 927
f 559 660 546
f 559 546 557
f 550 559 557
f 547 550 557
f 659 509 547
f 547 509 675
f 482 509 659
f 550 547 548
f 559 550 551
f 557 659 547
f 473 478 614
f 634 614 573
f 573 621 612
f 634 473 614
f 586 646 572
f 612 634 573
f 478 473 623
f 478 623 586
f 572 478 586
f 483 519 516
f 483 683 519
f 519 518 671
f 484 518 516
f 484 671 518
f 498 500 485
f 500 669 485
f 498 684 500
f 669 501 485
f 629 601 486
f 556 608 624
f 608 486 624
f 486 608 629
f 629 476 601
f 624 602 556
f 487 680 679
f 603 636 488
f 603 605 636
f 625 556 624
f 630 624 515
f 556 542 489
f 515 624 556
f 489 515 556
f 515 556 630
f 565 490 492
f 491 490 481
f 491 492 490
f 565 567 481
f 481 491 565
f 481 565 567
f 481 492 565
f 567 566 481
f 546 557 493
f 659 557 558
f 659 493 557
f 495 498 537
f 536 496 537
f 498 536 537
f 537 673 495
f 665 495 536
f 665 537 495
f 536 537 498
f 497 498 537
f 500 537 536
f 498 496 537
f 673 497 537
f 496 498 536
f 498 498 497
f 657 656 555
f 534 555 534
f 553 534 534
f 498 534 536
f 534 536 534
f 665 532 534
f 553 665 534
f 536 498 498
f 673 495 497
f 656 534 555
f 534 534 534
f 536 496 498
f 673 495 498
f 496 673 498
f 500 499 498
f 499 501 498
f 498 535 501
f 669 535 500
f 669 501 535
f 507 506 504
f 502 503 506
f 502 506 507
f 506 508 530
f 504 506 530
f 43 659 494
f 558 659 505
f 549 505 530
f 494 543 546
f 504 43 530
f 543 544 546
f 558 505 43
f 659 549 558
f 659 43 504
f 504 507 503
f 43 546 927
f 549 557 558
f 530 505 508
f 659 505 549
f 505 530 43
f 507 502 503
f 927 558 43
f 659 504 505
f 504 503 505
f 494 546 43
f 506 502 503
f 506 508 502
f 508 530 502
f 505 547 549
f 549 509 505
f 506 507 503
f 530 507 506
f 530 506 508
f 507 502 503
f 507 530 504
f 507 508 530
f 505 508 503
f 508 507 503
f 505 510 549
f 659 509 505
f 549 659 505
f 505 510 549
f 510 547 549
f 509 675 482
f 659 482 547
f 482 675 547
f 549 509 545
f 509 505 545
f 572 478 511
f 572 573 478
f 587 621 512
f 512 511 586
f 473 511 512
f 473 512 621
f 648 513 487
f 648 649 513
f 556 608 631
f 631 514 556
f 608 928 631
f 484 518 516
f 519 518 484
f 517 671 519
f 516 520 484
f 519 484 517
f 522 644 484
f 518 644 519
f 644 522 519
f 519 517 521
f 519 520 517
f 671 518 517
f 671 519 518
f 518 580 581
f 598 671 581
f 598 484 671
f 477 582 516
f 484 598 582
f 581 671 518
f 671 484 517
f 477 484 582
f 517 521 520
f 521 518 520
f 518 520 521
f 520 517 521
f 521 519 518
f 518 520 519
f 520 521 519
f 519 484 522
f 519 518 520
f 519 520 484
f 523 525 527
f 525 652 527
f 597 528 596
f 528 524 525
f 526 524 652
f 523 652 527
f 528 652 524
f 525 652 523
f 524 525 525
f 652 652 528
f 524 525 523
f 525 652 652
f 524 525 525
f 652 651 574
f 596 528 652
f 574 596 652
f 523 524 527
f 524 528 527
f 524 596 526
f 524 652 596
f 596 651 526
f 523 525 526
f 652 525 528
f 652 526 525
f 527 524 528
f 524 525 528
f 528 652 527
f 487 680 679
f 557 505 530
f 557 659 505
f 530 549 557
f 617 612 634
f 617 531 612
f 612 531 595
f 609 531 617
f 609 613 531
f 533 534 44
f 560 553 44
f 552 560 44
f 533 553 666
f 532 533 666
f 534 552 44
f 553 533 44
f 532 499 537
f 499 501 537
f 665 537 498
f 537 501 498
f 498 536 665
f 536 500 665
f 665 498 500
f 498 535 500
f 536 500 665
f 665 532 536
f 498 537 532
f 498 665 537
f 498 534 665
f 500 665 536
f 665 534 536
f 498 534 536
f 536 500 536
f 673 498 536
f 498 536 536
f 533 534 666
f 665 534 555
f 665 666 534
f 555 553 665
f 539 534 533
f 534 532 533
f 534 665 532
f 666 532 537
f 532 665 537
f 532 533 553
f 533 534 553
f 537 532 665
f 532 553 665
f 534 665 537
f 539 534 537
f 666 533 539
f 534 553 665
f 539 537 666
f 665 498 500
f 498 536 500
f 688 686 480
f 488 678 678
f 686 678 678
f 688 678 686
f 689 540 541
f 687 488 678
f 564 678 488
f 564 488 564
f 541 564 564
f 561 541 564
f 540 541 541
f 541 541 564
f 686 678 687
f 541 605 592
f 605 636 592
f 661 514 556
f 662 928 661
f 48 52 47
f 603 488 541
f 624 51 45
f 46 940 631
f 661 928 514
f 48 51 52
f 52 51 46
f 605 488 603
f 542 489 45
f 542 624 489
f 661 45 489
f 632 940 605
f 49 51 48
f 601 542 48
f 605 51 624
f 51 50 45
f 48 47 601
f 45 48 542
f 50 48 45
f 489 624 556
f 51 940 46
f 45 556 624
f 49 48 50
f 601 542 562
f 542 489 562
f 45 661 556
f 52 601 47
f 630 632 605
f 608 630 46
f 488 605 624
f 608 514 556
f 51 605 940
f 46 630 52
f 631 514 608
f 605 637 630
f 605 636 592
f 605 605 636
f 630 601 52
f 562 476 601
f 46 631 608
f 605 605 632
f 51 49 50
f 592 604 605
f 543 544 546
f 546 557 543
f 544 546 659
f 493 543 544
f 659 493 544
f 557 659 546
f 659 545 546
f 557 505 549
f 505 545 549
f 545 547 549
f 557 659 546
f 659 505 546
f 659 926 505
f 558 659 557
f 549 557 545
f 557 659 545
f 493 659 494
f 493 546 659
f 547 509 510
f 549 558 547
f 509 547 509
f 509 509 675
f 659 509 675
f 558 659 675
f 558 675 547
f 505 549 557
f 505 545 547
f 505 547 549
f 509 505 547
f 558 659 509
f 558 509 547
f 558 547 548
f 557 547 549
f 550 557 558
f 550 547 557
f 549 550 547
f 549 558 550
f 558 545 548
f 545 547 548
f 657 656 554
f 536 656 534
f 536 554 656
f 562 53 608
f 601 624 53
f 602 53 625
f 53 562 601
f 624 625 53
f 602 556 608
f 53 602 608
f 559 546 558
f 546 927 558
f 558 546 557
f 558 559 546
f 652 524 528
f 652 596 651
f 652 651 524
f 561 564 929
f 561 663 564
f 630 632 562
f 489 631 556
f 562 479 562
f 562 601 562
f 562 542 556
f 562 556 630
f 601 624 562
f 542 562 479
f 489 556 542
f 608 632 607
f 562 624 625
f 562 625 607
f 632 562 607
f 577 581 563
f 581 579 563
f 579 576 563
f 576 644 484
f 576 518 644
f 484 575 576
f 570 583 492
f 583 599 492
f 54 54 54
f 54 599 492
f 54 54 54
f 54 54 54
f 54 54 54
f 54 54 54
f 54 54 54
f 54 54 54
f 54 54 54
f 54 54 54
f 599 54 570
f 566 492 599
f 54 54 54
f 54 54 54
f 54 54 54
f 54 54 54
f 54 54 54
f 54 54 599
f 54 492 570
f 54 54 54
f 54 54 54
f 492 54 54
f 491 567 481
f 492 568 491
f 568 570 570
f 599 567 568
f 567 491 568
f 54 54 492
f 570 570 492
f 599 570 583
f 54 54 54
f 492 570 568
f 481 565 567
f 599 568 569
f 599 567 568
f 481 567 566
f 568 567 565
f 568 481 565
f 566 481 599
f 481 568 599
f 599 567 566
f 599 568 569
f 570 568 492
f 568 599 492
f 492 569 599
f 491 490 481
f 567 490 599
f 565 568 492
f 599 490 492
f 568 569 492
f 492 490 491
f 653 571 647
f 619 478 511
f 511 586 619
f 634 473 572
f 473 511 572
f 621 572 587
f 621 634 572
f 634 573 621
f 623 586 572
f 572 573 634
f 623 572 634
f 587 573 572
f 621 614 573
f 621 475 614
f 598 575 563
f 575 576 563
f 563 644 598
f 518 577 575
f 577 598 575
f 575 576 518
f 576 484 522
f 563 644 598
f 641 582 576
f 576 582 484
f 576 563 598
f 576 598 641
f 598 598 644
f 598 581 598
f 598 645 581
f 522 575 576
f 581 563 577
f 581 598 582
f 581 582 563
f 643 580 581
f 579 641 477
f 579 581 641
f 579 477 578
f 581 579 643
f 581 641 641
f 563 520 519
f 580 598 641
f 598 598 644
f 644 598 518
f 641 598 598
f 578 579 641
f 563 518 598
f 563 598 641
f 582 516 582
f 55 641 582
f 563 55 520
f 516 55 582
f 582 477 582
f 477 483 582
f 483 683 582
f 520 521 519
f 520 55 516
f 581 641 579
f 581 579 643
f 641 642 580
f 641 55 563
f 641 598 641
f 641 582 579
f 582 578 579
f 579 581 641
f 579 580 581
f 641 582 580
f 518 582 563
f 518 580 582
f 484 683 516
f 518 644 519
f 644 598 683
f 577 518 518
f 516 683 582
f 519 644 683
f 518 644 518
f 576 577 582
f 516 477 582
f 576 518 577
f 598 582 683
f 683 484 519
f 519 582 683
f 516 520 683
f 582 516 683
f 683 520 484
f 484 483 519
f 477 579 582
f 579 576 582
f 516 477 484
f 641 577 598
f 518 577 563
f 577 641 563
f 580 598 579
f 598 641 579
f 641 477 579
f 643 641 579
f 643 580 641
f 580 581 641
f 580 641 579
f 580 598 641
f 641 580 581
f 641 642 580
f 580 598 579
f 580 581 598
f 641 477 580
f 641 582 477
f 580 641 643
f 641 477 643
f 477 579 643
f 619 473 584
f 585 473 475
f 585 584 473
f 619 621 473
f 473 585 635
f 473 475 585
f 623 635 634
f 634 473 623
f 623 586 635
f 623 588 586
f 573 478 614
f 573 621 478
f 621 634 573
f 56 512 587
f 634 56 573
f 512 56 586
f 634 511 56
f 511 586 56
f 587 573 56
f 621 478 587
f 588 587 511
f 587 573 621
f 588 586 587
f 587 478 511
f 584 621 478
f 478 473 623
f 478 623 584
f 584 619 621
f 589 640 590
f 488 636 592
f 605 629 603
f 488 629 636
f 541 603 488
f 603 629 488
f 595 613 611
f 595 615 475
f 615 612 475
f 609 613 595
f 609 595 475
f 613 57 618
f 617 618 57
f 634 57 615
f 634 617 57
f 615 57 595
f 613 531 595
f 595 57 613
f 531 594 595
f 615 617 600
f 612 615 622
f 585 615 612
f 615 585 617
f 585 612 473
f 633 636 601
f 479 636 633
f 636 479 542
f 636 542 629
f 636 476 601
f 601 479 476
f 479 624 476
f 602 601 479
f 562 602 608
f 562 601 602
f 608 562 624
f 562 601 624
f 601 542 624
f 476 608 629
f 542 479 624
f 606 542 625
f 608 542 606
f 601 542 602
f 608 476 542
f 542 476 479
f 602 542 624
f 541 632 592
f 541 605 630
f 541 630 632
f 488 541 592
f 541 605 592
f 603 628 592
f 488 541 603
f 628 629 630
f 592 488 603
f 628 630 592
f 488 627 603
f 630 601 488
f 603 630 488
f 602 629 624
f 629 479 624
f 630 592 604
f 604 605 630
f 604 605 636
f 605 629 636
f 636 603 629
f 636 541 603
f 592 604 636
f 637 629 636
f 604 637 636
f 624 606 608
f 606 556 608
f 608 630 624
f 479 602 601
f 608 602 556
f 602 608 630
f 632 601 602
f 602 630 632
f 542 624 625
f 602 479 542
f 625 602 542
f 601 606 632
f 601 625 606
f 606 630 632
f 608 629 476
f 476 607 608
f 476 601 607
f 625 607 608
f 608 630 625
f 634 610 622
f 634 585 610
f 585 617 610
f 611 618 613
f 611 595 615
f 611 615 618
f 612 617 618
f 611 595 613
f 595 618 613
f 618 595 612
f 612 617 595
f 612 475 617
f 475 585 617
f 614 634 600
f 614 622 634
f 475 585 617
f 615 622 475
f 617 615 475
f 617 610 615
f 595 616 615
f 611 475 617
f 611 595 475
f 615 475 595
f 634 617 610
f 617 618 610
f 610 612 634
f 634 585 588
f 585 623 588
f 572 623 588
f 635 634 588
f 588 635 588
f 586 588 588
f 572 512 587
f 634 623 572
f 586 572 588
f 621 634 572
f 587 621 572
f 634 620 615
f 634 618 620
f 585 588 473
f 585 623 588
f 588 635 473
f 586 635 58
f 634 511 58
f 634 58 635
f 586 58 511
f 586 511 588
f 586 635 473
f 473 511 586
f 618 613 473
f 613 612 473
f 594 618 613
f 634 594 595
f 594 473 618
f 634 473 594
f 586 621 511
f 586 619 621
f 588 619 623
f 619 621 623
f 588 619 473
f 619 634 473
f 585 620 634
f 612 634 621
f 634 620 621
f 634 617 615
f 620 615 617
f 473 617 634
f 617 618 620
f 617 609 612
f 595 609 613
f 595 612 609
f 613 611 595
f 618 595 585
f 634 585 612
f 585 595 612
f 615 59 595
f 667 595 59
f 617 613 59
f 612 634 617
f 613 667 59
f 615 612 59
f 59 612 617
f 600 615 622
f 622 634 617
f 622 617 600
f 621 634 614
f 621 622 634
f 573 634 614
f 612 634 622
f 634 573 622
f 612 475 621
f 475 618 621
f 600 621 622
f 600 573 621
f 620 612 618
f 620 615 612
f 612 634 618
f 615 622 612
f 615 612 634
f 615 634 618
f 615 618 531
f 531 595 615
f 618 634 585
f 531 594 595
f 622 612 614
f 614 615 622
f 618 621 585
f 621 634 585
f 618 620 621
f 634 614 621
f 634 600 614
f 600 614 622
f 614 621 622
f 475 600 612
f 600 622 612
f 621 614 573
f 621 634 614
f 622 634 60
f 60 473 475
f 60 618 621
f 618 60 475
f 585 618 475
f 621 622 60
f 60 634 473
f 623 573 585
f 573 634 585
f 511 573 473
f 573 634 473
f 586 573 473
f 573 634 473
f 626 601 479
f 601 633 479
f 542 608 479
f 608 632 479
f 608 601 624
f 608 630 601
f 624 601 542
f 624 629 601
f 636 61 629
f 629 629 632
f 479 476 601
f 542 625 606
f 61 542 606
f 476 61 636
f 629 61 629
f 61 476 542
f 61 606 608
f 61 608 629
f 488 629 632
f 479 542 476
f 601 633 479
f 629 624 626
f 629 479 624
f 633 626 601
f 626 632 601
f 624 629 630
f 605 629 488
f 629 624 488
f 601 603 630
f 488 603 592
f 603 601 592
f 632 627 605
f 632 488 627
f 603 632 592
f 603 630 632
f 488 627 603
f 632 601 605
f 603 605 488
f 601 488 605
f 603 632 592
f 603 628 632
f 625 607 608
f 624 625 542
f 625 608 542
f 608 562 542
f 605 637 629
f 630 632 629
f 601 592 629
f 603 629 592
f 488 603 592
f 629 603 605
f 632 601 629
f 630 624 629
f 630 601 624
f 624 488 629
f 629 486 603
f 601 486 632
f 486 629 632
f 486 488 603
f 488 627 603
f 629 632 62
f 63 624 625
f 608 629 62
f 62 63 608
f 632 629 630
f 562 62 632
f 62 562 479
f 479 63 62
f 479 624 63
f 625 608 63
f 624 608 542
f 624 625 608
f 601 542 608
f 629 632 601
f 601 608 629
f 637 488 605
f 541 64 488
f 541 603 64
f 488 64 605
f 637 632 488
f 637 629 632
f 603 605 64
f 632 592 630
f 592 488 630
f 625 630 601
f 625 607 629
f 625 629 630
f 488 628 592
f 629 632 592
f 628 629 592
f 488 603 628
f 627 624 488
f 629 627 628
f 627 629 632
f 632 479 627
f 624 627 479
f 627 603 628
f 65 626 629
f 626 65 66
f 601 633 65
f 601 65 632
f 632 65 629
f 479 626 633
f 633 626 66
f 66 65 633
f 479 542 624
f 632 562 67
f 629 67 624
f 68 67 562
f 476 479 68
f 68 562 476
f 629 632 67
f 67 479 624
f 479 67 68
f 630 602 629
f 601 630 632
f 601 624 630
f 630 624 602
f 608 632 624
f 632 601 624
f 632 562 607
f 562 601 607
f 607 608 632
f 486 624 488
f 601 486 629
f 486 605 629
f 488 605 486
f 479 626 601
f 626 632 601
f 601 592 605
f 592 541 605
f 632 605 629
f 632 601 605
f 629 603 605
f 629 592 603
f 625 632 562
f 562 601 625
f 621 612 634
f 588 586 473
f 586 634 473
f 634 586 621
f 473 617 610
f 473 585 617
f 473 610 622
f 618 610 617
f 622 612 473
f 622 634 614
f 614 634 600
f 475 634 473
f 600 634 475
f 614 573 622
f 634 600 621
f 600 614 621
f 634 623 621
f 623 586 621
f 586 619 621
f 473 617 638
f 617 618 638
f 634 638 595
f 634 473 638
f 511 586 634
f 511 588 586
f 586 619 634
f 622 612 573
f 612 475 573
f 620 475 618
f 620 473 475
f 612 620 621
f 612 473 620
f 586 619 511
f 619 634 511
f 511 634 473
f 511 619 634
f 511 586 635
f 511 588 586
f 635 634 511
f 623 586 473
f 586 621 473
f 622 475 615
f 475 614 615
f 615 475 610
f 475 617 610
f 615 612 475
f 613 617 609
f 613 612 617
f 612 475 617
f 612 618 610
f 612 475 618
f 615 612 595
f 585 617 595
f 612 585 595
f 531 69 618
f 667 595 531
f 478 473 618
f 475 617 600
f 600 621 622
f 600 622 475
f 615 622 621
f 618 621 478
f 69 595 615
f 531 595 69
f 69 615 618
f 618 615 621
f 473 475 618
f 608 601 606
f 608 630 601
f 629 601 605
f 541 605 592
f 605 601 592
f 541 603 605
f 605 592 604
f 605 593 592
f 625 602 542
f 629 630 608
f 601 602 630
f 479 602 601
f 542 602 479
f 630 602 608
f 541 629 592
f 541 628 629
f 603 629 592
f 629 601 592
f 629 601 603
f 629 636 601
f 624 629 636
f 624 488 629
f 562 476 636
f 624 636 486
f 486 636 476
f 476 601 486
f 624 629 601
f 624 626 629
f 479 624 601
f 624 608 601
f 600 573 475
f 573 622 475
f 573 621 622
f 70 475 71
f 70 71 600
f 71 585 617
f 617 600 71
f 615 475 70
f 71 475 585
f 615 70 614
f 70 600 614
f 585 622 475
f 621 622 584
f 622 585 584
f 615 72 610
f 622 475 72
f 610 72 618
f 618 72 475
f 618 475 617
f 615 622 72
f 615 617 594
f 618 613 594
f 594 617 618
f 531 594 613
f 594 595 615
f 613 595 73
f 475 618 73
f 73 595 615
f 615 475 73
f 618 613 73
f 618 638 617
f 612 638 615
f 617 638 612
f 617 612 585
f 640 590 589
f 587 586 572
f 621 586 587
f 621 587 573
f 621 473 586
f 621 572 573
f 478 473 511
f 621 478 572
f 478 511 572
f 511 586 572
f 621 585 620
f 621 473 585
f 473 586 478
f 586 621 478
f 588 621 623
f 588 619 621
f 473 511 621
f 511 619 621
f 511 588 619
f 586 619 478
f 619 621 478
f 621 473 584
f 623 473 585
f 623 584 473
f 475 621 473
f 475 584 621
f 473 475 621
f 475 618 621
f 646 572 573
f 473 588 586
f 646 573 473
f 586 646 473
f 598 671 518
f 484 598 477
f 484 671 598
f 598 641 477
f 577 598 563
f 641 582 563
f 598 641 563
f 477 641 582
f 643 580 578
f 477 580 641
f 580 477 578
f 641 582 74
f 516 74 582
f 74 484 575
f 484 74 520
f 520 74 516
f 575 518 74
f 518 641 74
f 579 576 578
f 477 576 518
f 477 578 576
f 518 598 477
f 683 519 484
f 598 582 484
f 581 598 577
f 518 484 519
f 484 518 598
f 582 477 484
f 598 518 577
f 518 519 563
f 644 563 518
f 644 598 563
f 598 576 563
f 519 563 518
f 580 598 518
f 484 517 518
f 598 582 484
f 518 517 519
f 598 484 518
f 581 598 645
f 511 573 473
f 511 586 573
f 587 621 572
f 634 588 572
f 621 634 572
f 646 75 586
f 573 478 75
f 586 75 623
f 623 75 478
f 623 478 473
f 646 573 75
f 586 512 511
f 587 573 478
f 512 587 511
f 587 478 511
f 586 572 512
f 573 475 614
f 573 478 475
f 565 569 492
f 565 568 569
f 924 648 681
f 924 487 648
f 924 682 487
f 652 650 524
f 650 596 524
f 653 658 676
f 658 647 676
f 563 518 577
f 577 519 563
f 597 528 596
f 528 652 596
f 596 524 528
f 596 652 650
f 596 650 596
f 652 596 596
f 528 652 596
f 596 651 524
f 652 650 596
f 596 651 528
f 656 555 657
f 656 534 555
f 555 657 534
f 657 656 534
f 656 552 553
f 552 560 553
f 557 659 549
f 659 510 549
f 659 505 510
f 550 547 558
f 547 548 558
f 510 549 659
f 549 558 659
f 558 659 509
f 659 482 509
f 505 510 509
f 547 558 509
f 510 547 509
f 493 659 494
f 659 544 557
f 659 493 543
f 659 543 544
f 544 546 557
f 549 505 545
f 549 659 505
f 479 608 601
f 479 625 608
f 625 602 608
f 624 625 542
f 479 542 562
f 542 608 562
f 625 608 542
f 608 601 542
f 608 629 601
f 601 479 542
f 564 677 541
f 677 488 541
f 498 666 499
f 498 537 666
f 665 498 534
f 665 537 498
f 666 532 499
f 666 539 537
f 666 533 539
f 539 534 537
f 667 609 531
f 1193 1174 609
f 616 531 609
f 1174 616 609
f 531 667 616
f 667 595 616
f 490 481 567
f 492 565 567
f 481 492 567
f 672 500 669
f 500 668 669
f 528 523 525
f 528 527 523
f 523 524 526
f 524 525 526
f 652 527 524
f 524 525 652
f 528 523 524
f 528 527 523
f 588 512 511
f 588 572 512
f 586 587 473
f 586 512 587
f 473 588 586
f 586 511 588
f 586 587 511
f 549 545 547
f 549 659 545
f 503 508 507
f 508 530 507
f 503 508 507
f 503 506 508
f 603 636 592
f 592 488 603
f 603 601 592
f 603 636 601
f 501 498 538
f 501 498 499
f 498 684 500
f 498 500 499
f 485 498 501
f 532 498 500
f 532 499 501
f 532 501 498
f 537 497 500
f 537 495 497
f 497 498 500
f 495 498 673
f 498 536 673
f 495 497 498
f 534 536 532
f 496 537 532
f 536 496 532
f 500 495 536
f 673 495 537
f 495 500 537
f 545 659 505
f 545 546 659
f 546 659 494
f 494 544 546
f 496 532 498
f 496 537 532
f 678 480 688
f 678 687 480
f 487 680 679
f 1188 680 1171
f 1188 679 680
f 513 487 681
f 487 648 681
f 473 511 478
f 511 572 478
f 619 473 511
f 619 478 473
f 619 623 584
f 585 623 473
f 623 619 473
f 512 511 572
f 511 588 572
f 530 502 506
f 530 507 502
f 507 503 504
f 503 505 504
f 484 519 520
f 484 683 519
f 519 520 522
f 520 484 522
f 484 519 516
f 484 517 519
f 517 671 519
f 516 520 484
f 483 683 582
f 516 484 483
f 582 516 483
f 473 646 470
f 473 586 646
f 646 472 470
f 478 693 472
f 618 613 76
f 617 618 76
f 531 76 613
f 531 475 76
f 475 617 76
f 498 537 495
f 498 496 537
f 688 686 480
f 478 471 473
f 472 478 693
f 474 478 473
f 471 478 470
f 472 470 478
f 690 691 692
f 542 489 625
f 625 562 476
f 625 476 542
f 477 683 582
f 477 484 683
f 484 483 683
f 585 617 618
f 618 470 473
f 618 473 585
f 473 585 470
f 585 618 470
f 475 474 77
f 77 473 475
f 617 474 475
f 473 472 478
f 77 474 472
f 77 472 473
f 473 475 471
f 475 617 471
f 617 470 471
f 473 585 623
f 623 471 473
f 585 473 475
f 585 472 478
f 585 478 473
f 699 467 465
f 469 922 711
f 922 700 711
f 463 460 469
f 460 710 710
f 1416 1421 1424
f 711 1421 710
f 460 463 703
f 1421 711 1424
f 710 469 463
f 460 710 463
f 460 710 710
f 469 710 1421
f 460 710 463
f 459 464 704
f 459 458 464
f 707 458 464
f 707 454 458
f 395 452 79
f 79 78 395
f 348 441 415
f 371 752 751
f 458 79 456
f 441 348 394
f 79 441 78
f 752 371 348
f 394 371 378
f 395 78 441
f 371 377 378
f 394 79 458
f 441 79 415
f 79 452 456
f 394 738 79
f 371 394 348
f 751 369 371
f 79 738 415
f 395 458 394
f 456 458 452
f 458 395 452
f 745 766 451
f 745 385 766
f 445 448 449
f 445 712 448
f 445 447 712
f 440 443 713
f 443 712 713
f 390 378 394
f 415 390 394
f 415 394 738
f 390 379 378
f 1560 716 715
f 715 436 395
f 715 395 1560
f 715 436 716
f 436 716 715
f 719 715 436
f 424 429 730
f 429 430 730
f 425 729 426
f 729 728 426
f 429 430 730
f 720 721 429
f 423 427 421
f 421 374 406
f 384 421 427
f 384 374 421
f 423 419 406
f 423 422 419
f 384 374 422
f 422 423 345
f 422 405 421
f 422 421 423
f 374 405 422
f 423 405 420
f 405 406 420
f 345 420 423
f 345 405 420
f 345 405 423
f 420 405 406
f 420 423 405
f 345 374 423
f 406 374 419
f 406 423 374
f 374 735 384
f 735 423 384
f 423 422 384
f 422 423 345
f 422 374 423
f 374 419 423
f 422 419 345
f 419 421 345
f 344 405 442
f 344 386 405
f 732 378 399
f 732 727 378
f 373 371 416
f 417 370 388
f 370 373 388
f 373 370 371
f 415 412 736
f 415 391 412
f 738 736 413
f 736 412 413
f 414 388 417
f 392 388 370
f 388 414 370
f 388 417 370
f 417 414 370
f 380 388 371
f 388 370 371
f 738 736 413
f 736 414 413
f 413 414 391
f 415 414 736
f 380 378 371
f 380 388 378
f 395 390 379
f 379 378 395
f 379 388 378
f 412 413 391
f 413 415 391
f 395 388 393
f 395 391 388
f 425 728 426
f 425 729 728
f 740 771 739
f 740 741 771
f 408 406 742
f 408 743 374
f 408 374 406
f 367 406 374
f 408 406 742
f 408 374 406
f 374 367 408
f 408 743 374
f 753 366 367
f 753 743 366
f 367 406 753
f 420 345 406
f 345 422 406
f 422 374 406
f 407 404 743
f 404 367 743
f 405 345 374
f 345 422 374
f 405 420 345
f 345 422 384
f 384 406 385
f 384 385 345
f 374 742 743
f 374 404 742
f 356 375 755
f 375 754 755
f 356 361 375
f 372 359 376
f 359 396 376
f 378 400 399
f 399 380 378
f 369 397 399
f 373 399 380
f 399 751 369
f 399 397 380
f 378 373 388
f 378 399 373
f 355 359 397
f 400 397 398
f 397 359 398
f 399 400 395
f 399 397 400
f 399 377 355
f 369 377 751
f 377 399 751
f 355 399 751
f 751 380 355
f 387 395 752
f 441 395 388
f 392 388 387
f 388 393 441
f 388 395 387
f 398 376 355
f 751 398 395
f 376 380 355
f 398 400 395
f 398 355 910
f 398 751 376
f 395 348 379
f 379 388 395
f 395 348 388
f 348 751 388
f 909 752 783
f 395 752 752
f 752 909 752
f 752 347 348
f 395 371 379
f 369 371 752
f 379 388 395
f 395 752 371
f 348 369 752
f 394 391 379
f 394 348 752
f 394 752 391
f 370 441 752
f 370 394 441
f 370 379 394
f 379 388 394
f 370 441 752
f 392 389 441
f 441 370 392
f 389 393 441
f 441 752 388
f 752 392 388
f 757 394 348
f 757 378 394
f 394 348 373
f 348 751 373
f 373 388 394
f 394 391 379
f 394 415 391
f 391 388 348
f 388 378 348
f 378 387 388
f 391 387 348
f 387 378 348
f 371 402 369
f 371 377 355
f 402 371 355
f 396 402 355
f 359 396 355
f 359 355 349
f 404 367 406
f 406 743 404
f 385 766 374
f 344 386 367
f 344 374 346
f 367 374 344
f 374 406 385
f 406 374 367
f 367 344 374
f 367 405 344
f 743 406 753
f 743 374 406
f 374 406 753
f 753 385 407
f 753 407 374
f 754 755 375
f 755 383 375
f 356 366 754
f 356 364 366
f 366 375 754
f 375 356 354
f 375 367 356
f 360 363 756
f 756 405 360
f 366 363 374
f 366 756 363
f 751 397 399
f 376 378 400
f 400 399 397
f 400 397 376
f 751 377 380
f 373 398 359
f 359 398 400
f 380 359 751
f 751 359 400
f 377 359 369
f 359 396 369
f 377 396 369
f 377 380 396
f 377 380 371
f 380 378 371
f 355 396 376
f 355 349 396
f 377 396 369
f 377 349 396
f 398 396 80
f 380 355 80
f 80 396 369
f 369 376 80
f 376 380 80
f 80 355 401
f 398 80 401
f 380 378 751
f 380 373 378
f 379 348 391
f 348 752 391
f 379 388 348
f 378 380 373
f 380 359 373
f 378 371 380
f 377 398 371
f 377 380 398
f 380 373 398
f 387 388 391
f 388 393 391
f 387 392 752
f 392 393 752
f 387 389 752
f 389 388 752
f 389 388 387
f 388 752 387
f 752 751 388
f 751 373 388
f 366 405 360
f 366 367 405
f 753 743 374
f 743 407 374
f 404 375 405
f 405 753 374
f 405 374 404
f 383 361 743
f 361 753 743
f 361 405 753
f 361 375 405
f 407 405 743
f 407 374 405
f 366 360 374
f 366 375 360
f 375 367 360
f 374 405 753
f 753 344 374
f 405 374 366
f 405 386 374
f 344 386 753
f 386 405 753
f 345 374 344
f 374 405 344
f 405 385 345
f 405 753 385
f 345 374 405
f 367 753 363
f 375 367 363
f 375 363 361
f 753 743 363
f 372 388 371
f 392 388 752
f 392 371 388
f 391 348 752
f 415 348 391
f 415 391 411
f 391 379 411
f 751 380 388
f 348 752 751
f 388 348 751
f 751 369 380
f 367 356 366
f 367 360 356
f 356 361 366
f 367 753 375
f 363 753 360
f 363 375 753
f 374 743 407
f 742 366 367
f 374 366 743
f 366 742 743
f 367 743 361
f 361 366 367
f 386 385 344
f 386 367 753
f 386 753 385
f 374 406 344
f 374 367 406
f 406 385 344
f 385 344 367
f 344 386 367
f 360 367 753
f 360 374 367
f 361 367 357
f 361 366 367
f 367 356 357
f 362 357 375
f 382 357 354
f 382 375 357
f 375 360 382
f 360 356 382
f 360 357 367
f 375 367 382
f 367 357 382
f 753 360 364
f 360 356 364
f 364 375 753
f 364 366 375
f 375 362 366
f 362 356 366
f 354 375 357
f 356 375 362
f 356 357 375
f 759 380 760
f 759 380 760
f 398 371 355
f 359 355 349
f 359 398 355
f 373 752 392
f 392 371 380
f 392 380 373
f 752 370 392
f 358 360 382
f 354 382 357
f 382 356 357
f 360 356 382
f 358 356 382
f 358 360 356
f 358 356 354
f 356 357 354
f 354 382 358
f 358 356 354
f 358 360 356
f 753 385 366
f 385 344 366
f 761 354 351
f 354 762 351
f 351 352 761
f 352 350 341
f 351 350 352
f 354 352 352
f 352 341 352
f 354 358 352
f 343 352 763
f 352 358 763
f 763 353 342
f 351 352 354
f 763 342 343
f 350 343 354
f 343 763 354
f 371 359 369
f 371 355 359
f 371 380 355
f 359 397 377
f 377 355 359
f 369 376 359
f 376 380 359
f 376 369 397
f 376 349 369
f 376 355 349
f 377 380 355
f 349 369 377
f 355 349 377
f 369 397 377
f 752 391 348
f 391 347 348
f 347 391 765
f 347 348 391
f 384 374 407
f 374 385 407
f 384 374 344
f 385 374 753
f 385 344 374
f 345 374 346
f 345 374 346
f 345 384 374
f 345 422 384
f 763 350 341
f 763 351 350
f 351 350 761
f 350 352 761
f 762 761 354
f 762 351 761
f 355 369 397
f 397 376 355
f 751 369 397
f 380 397 377
f 380 355 397
f 397 355 751
f 344 384 346
f 344 345 384
f 376 779 369
f 779 751 369
f 334 333 339
f 777 778 332
f 322 309 323
f 309 324 323
f 322 312 309
f 307 321 322
f 307 309 321
f 305 321 323
f 305 311 309
f 305 309 321
f 311 312 309
f 328 315 316
f 328 317 315
f 312 320 314
f 320 309 314
f 314 305 312
f 310 309 307
f 322 306 307
f 309 322 307
f 322 308 309
f 322 319 308
f 310 319 308
f 305 311 319
f 322 319 323
f 319 311 323
f 789 791 301
f 789 300 791
f 789 790 300
f 300 301 790
f 301 789 790
f 300 791 301
f 794 81 797
f 797 81 292
f 293 81 794
f 81 293 292
f 2007 290 807
f 798 1999 2008
f 290 1999 807
f 798 807 1999
f 94 95 82
f 82 799 83
f 82 83 800
f 83 799 800
f 269 276 82
f 82 276 799
f 800 94 82
f 95 207 269
f 269 82 95
f 274 800 207
f 274 799 800
f 274 275 799
f 94 207 844
f 269 800 94
f 844 269 94
f 269 270 800
f 269 289 270
f 289 270 269
f 270 800 269
f 800 94 269
f 207 269 289
f 289 800 207
f 180 289 179
f 289 270 179
f 809 801 803
f 801 802 803
f 803 801 802
f 803 809 801
f 287 806 804
f 804 282 285
f 804 285 287
f 285 805 283
f 287 804 284
f 804 285 284
f 804 805 285
f 285 284 282
f 234 804 286
f 234 284 804
f 234 282 284
f 287 804 284
f 806 282 287
f 282 235 287
f 804 235 284
f 804 283 235
f 804 235 284
f 804 282 235
f 285 805 235
f 806 285 284
f 806 805 285
f 233 282 234
f 259 282 235
f 259 234 282
f 256 235 286
f 284 287 286
f 284 235 259
f 284 286 235
f 263 254 265
f 280 136 263
f 265 280 263
f 808 263 254
f 263 808 280
f 255 279 808
f 808 254 255
f 254 255 264
f 255 280 264
f 255 279 280
f 264 263 254
f 803 809 802
f 809 801 802
f 272 231 799
f 231 275 799
f 272 275 799
f 272 231 275
f 276 207 274
f 93 276 270
f 93 207 276
f 231 276 232
f 231 270 276
f 207 103 95
f 207 231 103
f 231 270 103
f 231 252 270
f 252 94 207
f 252 207 179
f 94 252 270
f 179 271 252
f 94 95 269
f 95 179 269
f 269 270 94
f 270 251 252
f 270 267 271
f 270 271 251
f 94 270 103
f 94 207 273
f 94 273 270
f 207 270 93
f 252 270 268
f 270 207 268
f 270 267 273
f 267 271 273
f 207 247 273
f 273 270 207
f 207 248 93
f 248 270 93
f 270 93 273
f 247 273 179
f 273 93 179
f 93 94 179
f 206 270 95
f 103 93 95
f 270 103 95
f 271 206 247
f 206 95 247
f 247 103 179
f 247 206 270
f 247 270 103
f 206 216 859
f 94 289 270
f 179 289 207
f 289 94 207
f 267 247 103
f 247 270 103
f 179 93 207
f 103 93 179
f 179 289 270
f 103 179 270
f 179 269 289
f 269 270 95
f 94 95 93
f 95 270 93
f 207 270 103
f 269 207 268
f 269 270 207
f 95 268 93
f 270 103 93
f 268 270 93
f 207 270 94
f 207 180 270
f 207 178 180
f 270 103 268
f 103 94 268
f 95 268 94
f 268 270 94
f 270 93 94
f 252 207 273
f 252 94 207
f 252 272 273
f 252 93 272
f 266 136 265
f 136 254 265
f 265 279 266
f 136 264 254
f 264 265 266
f 265 279 266
f 279 136 263
f 255 265 254
f 265 263 254
f 265 279 263
f 255 808 263
f 255 265 808
f 264 263 266
f 263 808 266
f 810 212 242
f 242 245 810
f 243 245 212
f 245 810 212
f 242 245 262
f 245 243 262
f 810 262 242
f 810 212 262
f 287 286 256
f 256 283 285
f 256 285 287
f 287 286 259
f 286 282 259
f 286 256 812
f 256 218 812
f 217 218 2399
f 287 220 2399
f 218 287 2399
f 2399 160 217
f 287 286 220
f 287 233 235
f 287 234 233
f 287 286 234
f 285 287 283
f 256 283 804
f 283 287 804
f 804 283 285
f 804 805 283
f 286 218 812
f 286 256 218
f 264 808 136
f 279 808 254
f 808 264 254
f 136 255 137
f 255 279 137
f 279 266 137
f 265 266 255
f 264 266 136
f 264 255 266
f 279 264 265
f 279 266 264
f 279 136 263
f 279 266 136
f 286 235 259
f 286 283 235
f 252 103 273
f 103 272 273
f 251 247 271
f 95 247 252
f 247 251 252
f 252 103 95
f 179 93 95
f 179 269 252
f 179 252 93
f 179 103 94
f 179 269 252
f 179 252 103
f 268 252 93
f 252 103 93
f 94 252 93
f 94 247 252
f 265 136 254
f 265 266 136
f 262 242 212
f 242 245 212
f 250 225 249
f 239 225 237
f 250 236 225
f 239 249 225
f 242 238 249
f 242 818 816
f 241 249 238
f 241 238 240
f 242 816 238
f 262 245 214
f 245 227 250
f 245 236 210
f 214 245 210
f 245 262 227
f 210 212 214
f 262 250 212
f 262 227 250
f 212 214 262
f 131 250 236
f 131 214 250
f 212 214 236
f 227 242 250
f 214 227 250
f 214 250 236
f 235 286 283
f 286 256 283
f 259 812 282
f 812 286 282
f 273 179 271
f 273 103 93
f 273 93 179
f 95 247 273
f 273 103 95
f 95 207 247
f 93 207 273
f 207 179 273
f 814 267 273
f 267 247 273
f 270 179 273
f 270 103 179
f 273 94 179
f 273 814 94
f 273 103 267
f 273 814 103
f 206 93 247
f 206 103 93
f 93 207 247
f 273 103 271
f 273 814 103
f 242 250 236
f 236 131 243
f 236 243 242
f 250 245 236
f 245 131 84
f 84 243 262
f 130 243 84
f 131 130 84
f 262 227 245
f 131 212 130
f 245 84 262
f 227 242 245
f 243 131 212
f 245 243 227
f 245 131 243
f 243 262 212
f 262 245 212
f 262 227 245
f 239 249 225
f 249 236 225
f 249 242 236
f 815 225 242
f 225 237 242
f 225 249 85
f 818 236 85
f 242 85 249
f 225 824 249
f 242 818 85
f 236 225 85
f 824 241 249
f 241 225 239
f 241 242 816
f 241 816 225
f 239 241 225
f 816 241 242
f 816 225 241
f 225 241 86
f 236 816 86
f 242 86 241
f 242 236 86
f 816 225 86
f 817 242 816
f 817 240 242
f 213 818 212
f 237 239 242
f 242 225 237
f 815 818 236
f 815 237 818
f 815 225 237
f 237 242 818
f 241 238 240
f 241 816 238
f 237 242 816
f 242 818 816
f 243 818 131
f 242 818 262
f 818 243 262
f 255 263 254
f 255 266 263
f 815 237 818
f 249 237 239
f 249 818 237
f 816 239 818
f 249 239 241
f 249 818 239
f 235 286 871
f 235 259 286
f 259 233 282
f 259 234 233
f 231 276 207
f 231 274 276
f 277 215 262
f 277 244 228
f 277 228 215
f 215 224 262
f 224 262 215
f 224 214 262
f 262 193 215
f 225 241 826
f 225 824 241
f 816 241 236
f 816 238 241
f 225 241 826
f 241 816 238
f 241 225 241
f 238 241 241
f 818 225 240
f 818 816 225
f 212 246 131
f 246 262 131
f 817 240 816
f 818 816 242
f 816 240 242
f 827 818 212
f 214 818 827
f 212 818 236
f 283 220 219
f 257 256 283
f 219 222 257
f 219 257 283
f 221 219 870
f 805 219 221
f 805 220 219
f 805 283 220
f 217 160 201
f 257 160 217
f 217 256 830
f 257 217 830
f 133 193 213
f 193 215 213
f 212 133 131
f 243 212 130
f 243 133 212
f 211 236 212
f 211 818 236
f 236 210 212
f 267 271 103
f 271 206 103
f 855 157 852
f 164 166 829
f 164 855 163
f 164 163 166
f 852 163 855
f 859 206 216
f 241 816 240
f 816 817 240
f 816 237 236
f 237 239 236
f 205 204 189
f 189 87 189
f 189 204 191
f 87 189 118
f 87 118 129
f 189 205 189
f 141 192 87
f 129 141 87
f 192 189 87
f 188 831 832
f 188 203 831
f 189 832 191
f 832 188 191
f 189 205 832
f 199 198 196
f 199 147 198
f 196 200 199
f 196 833 197
f 196 200 833
f 833 145 197
f 200 194 196
f 200 147 194
f 145 200 833
f 145 198 200
f 200 145 198
f 200 199 147
f 200 147 145
f 833 198 200
f 145 833 147
f 145 198 833
f 847 199 176
f 847 196 199
f 196 834 195
f 194 195 176
f 195 834 176
f 195 196 176
f 195 197 196
f 872 197 174
f 197 196 174
f 194 196 174
f 194 195 196
f 195 147 174
f 195 833 147
f 195 197 833
f 174 194 195
f 176 834 174
f 196 176 847
f 196 834 176
f 176 194 847
f 867 183 88
f 110 88 122
f 122 88 174
f 88 124 174
f 198 196 88
f 88 834 124
f 834 88 196
f 867 88 123
f 199 176 195
f 199 174 176
f 176 174 148
f 198 835 196
f 877 122 174
f 174 174 122
f 183 198 88
f 123 88 110
f 174 176 174
f 199 176 198
f 199 174 176
f 124 147 182
f 182 198 834
f 182 834 124
f 205 129 189
f 129 838 189
f 129 161 189
f 161 188 189
f 189 205 129
f 837 832 161
f 837 205 832
f 141 205 129
f 141 192 205
f 162 205 129
f 142 161 188
f 205 162 142
f 188 205 142
f 118 154 189
f 191 189 190
f 189 154 190
f 190 189 187
f 154 189 129
f 154 187 189
f 113 129 118
f 129 189 118
f 192 189 141
f 189 118 141
f 118 838 189
f 118 154 838
f 118 116 189
f 116 142 189
f 116 152 142
f 162 837 116
f 837 192 116
f 189 152 188
f 189 116 152
f 191 116 153
f 188 191 153
f 116 191 118
f 129 142 116
f 191 118 116
f 142 191 116
f 202 138 184
f 184 840 839
f 184 839 202
f 138 186 184
f 151 185 127
f 185 184 127
f 127 140 151
f 269 94 207
f 269 289 103
f 269 103 94
f 271 94 247
f 103 94 814
f 94 271 814
f 289 95 179
f 289 103 95
f 199 833 197
f 833 145 197
f 174 199 147
f 174 198 199
f 109 110 89
f 199 147 89
f 197 89 145
f 862 145 89
f 862 89 110
f 147 109 89
f 197 199 89
f 145 181 147
f 110 145 198
f 110 181 145
f 198 182 842
f 198 123 182
f 198 123 182
f 198 110 123
f 842 182 183
f 842 198 182
f 834 110 173
f 198 110 147
f 110 834 147
f 147 174 198
f 181 147 110
f 147 198 110
f 124 198 121
f 198 110 121
f 167 820 166
f 167 171 820
f 228 212 133
f 212 243 133
f 253 180 232
f 253 207 180
f 180 289 179
f 289 253 179
f 253 178 232
f 253 179 178
f 93 207 103
f 207 289 103
f 269 95 268
f 94 95 93
f 95 269 93
f 269 93 844
f 269 103 93
f 179 269 289
f 289 95 179
f 94 95 93
f 95 289 93
f 93 844 91
f 207 844 95
f 844 93 95
f 207 103 95
f 207 269 103
f 95 179 94
f 179 180 94
f 846 846 860
f 845 2151 2152
f 846 2190 846
f 846 149 860
f 846 2152 2190
f 2152 2151 2190
f 176 194 174
f 173 174 847
f 174 194 847
f 173 834 174
f 847 173 90
f 124 147 90
f 834 90 173
f 90 147 194
f 124 90 834
f 194 847 90
f 174 102 834
f 174 194 847
f 174 847 102
f 196 174 847
f 196 834 174
f 834 175 173
f 194 175 176
f 194 173 175
f 124 174 834
f 847 102 834
f 174 847 834
f 172 170 168
f 167 171 166
f 171 820 166
f 167 163 166
f 167 164 163
f 167 157 165
f 157 164 165
f 165 166 167
f 165 208 166
f 161 188 129
f 188 203 129
f 201 281 160
f 201 217 281
f 253 179 232
f 180 179 178
f 180 232 179
f 195 174 194
f 195 173 174
f 144 854 159
f 144 157 854
f 144 855 157
f 154 188 113
f 188 856 113
f 113 116 154
f 154 856 116
f 154 153 856
f 116 188 113
f 116 152 188
f 116 118 113
f 188 116 141
f 188 118 116
f 116 129 141
f 154 188 113
f 154 153 188
f 140 138 127
f 841 186 140
f 184 138 140
f 186 184 140
f 186 184 140
f 127 184 138
f 127 140 184
f 894 860 149
f 846 861 149
f 860 846 149
f 174 102 834
f 194 102 174
f 194 174 176
f 102 173 834
f 194 834 174
f 194 102 834
f 194 102 123
f 102 110 123
f 123 147 194
f 148 110 124
f 148 102 110
f 834 176 102
f 176 195 102
f 102 173 834
f 173 124 148
f 124 147 148
f 148 110 173
f 863 864 865
f 147 148 110
f 147 110 124
f 109 110 148
f 110 123 124
f 161 129 152
f 161 118 129
f 186 139 841
f 139 138 841
f 126 150 125
f 125 140 186
f 125 150 140
f 139 125 186
f 186 138 841
f 186 139 138
f 135 136 134
f 135 137 136
f 108 116 129
f 129 162 108
f 212 243 131
f 243 133 131
f 220 221 871
f 220 870 221
f 874 162 108
f 162 155 108
f 107 116 120
f 116 119 120
f 107 118 116
f 118 838 107
f 875 108 129
f 118 875 129
f 118 129 838
f 127 128 138
f 127 841 128
f 127 841 126
f 841 139 126
f 140 139 127
f 140 128 139
f 207 178 94
f 178 180 94
f 148 109 147
f 109 102 121
f 147 109 121
f 147 121 834
f 148 102 110
f 110 147 148
f 148 147 174
f 173 147 110
f 102 173 121
f 148 102 834
f 102 121 834
f 834 102 173
f 834 147 148
f 834 148 102
f 173 121 834
f 109 110 877
f 877 110 147
f 110 124 147
f 174 877 147
f 109 122 110
f 102 121 834
f 102 110 121
f 109 124 148
f 834 124 109
f 834 109 102
f 102 173 148
f 173 834 148
f 237 816 225
f 237 818 816
f 154 876 116
f 876 107 116
f 120 129 119
f 120 118 129
f 120 117 118
f 119 115 116
f 116 115 113
f 876 115 119
f 876 114 115
f 115 119 120
f 115 116 119
f 108 116 107
f 116 119 107
f 120 107 876
f 107 119 876
f 876 114 119
f 114 115 119
f 119 120 118
f 120 114 118
f 154 114 118
f 114 112 118
f 129 154 120
f 118 129 120
f 118 120 117
f 117 107 118
f 118 119 108
f 120 119 876
f 120 108 119
f 116 154 112
f 154 114 112
f 113 112 118
f 113 116 112
f 118 116 114
f 154 120 114
f 116 154 114
f 128 139 841
f 127 139 138
f 127 841 139
f 110 109 102
f 124 110 121
f 124 174 110
f 110 174 109
f 877 834 174
f 877 109 102
f 877 102 834
f 174 102 173
f 174 109 102
f 110 174 109
f 174 877 109
f 129 118 116
f 129 107 118
f 118 120 107
f 118 116 120
f 116 876 120
f 876 107 118
f 876 120 107
f 107 108 118
f 120 117 107
f 106 104 105
f 104 879 105
f 879 106 878
f 879 105 106
f 106 104 878
f 179 814 93
f 179 247 814
f 814 93 247
f 93 179 247
f 93 179 96
f 93 207 179
f 93 95 207
f 123 147 109
f 123 124 147
f 173 123 109
f 123 124 109
f 173 121 123
f 109 173 147
f 173 834 147
f 147 121 123
f 147 109 121
f 110 181 147
f 122 110 147
f 122 147 174
f 174 109 122
f 121 123 173
f 123 110 173
f 123 893 110
f 121 834 124
f 877 109 121
f 124 877 121
f 102 110 109
f 110 124 109
f 124 877 109
f 210 214 818
f 210 828 214
f 210 212 828
f 105 878 879
f 105 106 878
f 97 132 880
f 97 100 882
f 97 882 132
f 100 101 882
f 229 98 158
f 851 278 98
f 229 851 98
f 158 851 278
f 99 98 158
f 278 99 158
f 179 94 207
f 93 94 96
f 94 179 96
f 93 94 207
f 207 96 93
f 94 207 96
f 94 95 207
f 211 818 131
f 818 236 131
f 131 212 211
f 890 887 889
f 890 887 889
f 2269 2261 2259
f 2269 892 2261
f 140 151 126
f 854 157 144
f 854 852 157
f 852 853 157
f 897 846 896
f 166 171 208
f 161 205 836
f 161 837 205
f 239 249 815
f 249 261 815
f 235 805 283
f 806 235 285
f 806 805 235
f 285 287 806
f 292 794 293
f 318 317 785
f 317 316 785
f 784 325 326
f 740 771 739
f 740 741 771
f 740 741 739
f 741 771 739
f 705 704 706
f 454 458 464
f 454 464 704
f 705 454 704
f 1371 699 1410
f 466 467 702
f 699 466 702
f 699 702 1410
f 564 561 663
f 540 541 689
f 697 1317 1297
f 697 1316 1317
f 1450 1474 1451
f 1451 1402 1450
f 1849 1880 1848
f 1848 1819 1849
f 1889 1877 1876
f 1876 1887 1889
f 2260 2252 2254
f 2252 2239 2254
f 2403 2402 2404
f 887 890 889
f 2400 887 890
f 2400 890 889
f 887 2400 889
f 2402 2403 2396
f 2397 2396 2403
f 2403 2404 2394
f 2401 2394 2404
f 2395 2393 2402
f 2402 2392 2404
f 2401 2404 2392
f 887 890 2390
f 888 887 2398
f 2390 888 887
f 889 2388 890
f 2389 2387 887
f 889 887 2386
f 2387 2386 887
f 2388 889 2385
f 2386 2385 889
f 2394 2401 2382
f 2383 2394 2382
f 2393 2381 2402
f 278 99 2384
f 2396 2378 2402
f 2395 2402 2378
f 2397 2403 2377
f 2394 2377 2403
f 2383 2377 2394
f 2392 2374 2401
f 2381 2393 2373
f 2392 2402 2372
f 888 2370 887
f 2389 887 2370
f 2390 890 2369
f 2388 2369 890
f 2385 2366 2388
f 2379 2388 2366
f 2386 2387 2365
f 818 211 131
f 818 211 210
f 2364 2384 99
f 2377 2383 2363
f 2375 2362 2376
f 2361 2376 2362
f 2360 2362 2375
f 2375 2359 2360
f 2382 2401 2358
f 2374 2358 2401
f 286 2399 220
f 286 220 2380
f 2379 2357 2388
f 2369 2388 2357
f 2368 2356 2355
f 2367 2368 2354
f 2355 2354 2368
f 2354 92 2367
f 2366 2353 2379
f 236 818 131
f 236 818 210
f 99 278 98
f 99 98 2364
f 2361 2362 2352
f 2376 2351 2375
f 2359 2375 2349
f 2349 2375 2351
f 2350 2359 2349
f 91 103 814
f 91 814 93
f 103 91 93
f 103 814 93
f 2368 2347 2356
f 2348 2356 2347
f 2367 2346 2368
f 2347 2368 2346
f 818 211 212
f 131 211 212
f 131 818 212
f 210 211 212
f 210 818 212
f 236 818 212
f 131 236 212
f 210 236 212
f 2352 2362 2343
f 2352 2342 2361
f 2343 2342 2352
f 2376 2361 2341
f 2360 2340 2362
f 2359 2340 2360
f 2343 2362 2340
f 2382 2339 2383
f 2358 2338 2382
f 2339 2382 2338
f 2374 2392 2337
f 2372 2337 2392
f 103 814 94
f 93 814 94
f 93 103 94
f 93 96 94
f 103 91 95
f 93 91 95
f 93 103 95
f 93 96 95
f 94 103 95
f 94 93 95
f 94 96 95
f 220 222 2336
f 888 2390 2335
f 2334 888 2335
f 2357 2379 2333
f 92 880 2367
f 92 2354 886
f 886 2332 92
f 131 236 130
f 212 131 130
f 212 236 130
f 99 278 158
f 98 278 158
f 98 99 158
f 2396 2397 2330
f 2330 2397 2344
f 2393 2395 2329
f 2338 2358 2328
f 2351 2376 2327
f 2351 2327 2349
f 2341 2327 2376
f 2349 2326 2350
f 2326 2349 2327
f 2381 2325 2402
f 2373 2325 2381
f 2372 2402 2325
f 2325 2337 2372
f 2347 105 2348
f 2346 2367 881
f 2346 881 2347
f 881 2367 880
f 105 2347 881
f 2324 2357 2333
f 2387 2389 2323
f 2355 2356 2322
f 2354 2355 2322
f 2322 886 2354
f 2385 2386 2321
f 2365 2321 2386
f 2321 2331 2385
f 891 236 130
f 2319 236 891
f 212 131 243
f 130 131 243
f 130 212 243
f 278 2384 134
f 2345 134 2384
f 2364 2318 2384
f 2345 2384 2318
f 2378 2396 2317
f 2330 2317 2396
f 2377 2316 2397
f 2363 2316 2377
f 2344 2397 2316
f 2363 2383 2315
f 2339 2315 2383
f 2378 2314 2395
f 2329 2395 2314
f 2317 2314 2378
f 2337 2313 2374
f 2373 2393 2312
f 2329 2312 2393
f 2325 2373 2312
f 103 814 267
f 2369 2311 2390
f 2335 2390 2311
f 2370 888 2310
f 2370 2310 2389
f 2334 2310 888
f 2323 2389 2310
f 2365 2387 2309
f 2323 2309 2387
f 2353 2308 2379
f 2333 2379 2308
f 2366 2385 2307
f 2353 2366 2307
f 2331 2307 2385
f 2321 2365 2306
f 2309 2306 2365
f 236 818 816
f 236 818 815
f 2320 236 815
f 891 236 815
f 158 278 229
f 134 229 278
f 2305 2363 2315
f 2342 2304 2361
f 2342 2343 2304
f 2341 2361 2304
f 2340 2303 2343
f 109 877 102
f 2358 2374 2301
f 2328 2358 2301
f 2313 2301 2374
f 2350 2300 2359
f 2340 2359 2300
f 2326 2300 2350
f 103 91 207
f 93 91 207
f 93 103 207
f 93 96 207
f 94 103 207
f 94 93 207
f 94 96 207
f 95 91 207
f 95 103 207
f 95 93 207
f 95 96 207
f 95 94 207
f 220 222 219
f 2336 2371 2299
f 281 2299 2371
f 2348 2298 2356
f 105 2298 2348
f 2322 2356 2298
f 881 106 105
f 2357 2297 2369
f 2324 2297 2357
f 2311 2369 2297
f 880 92 97
f 886 92 97
f 2332 97 92
f 2332 886 97
f 2308 2353 2295
f 2295 2353 2307
f 2304 2343 2294
f 2303 2294 2343
f 2315 2293 2305
f 109 877 110
f 102 877 110
f 102 109 110
f 2338 173 2339
f 102 109 173
f 110 109 173
f 110 102 173
f 102 109 121
f 110 109 121
f 110 102 121
f 173 109 121
f 173 102 121
f 173 110 121
f 102 109 181
f 2302 181 102
f 110 109 181
f 110 102 181
f 2328 834 2338
f 102 109 834
f 173 2338 834
f 173 109 834
f 173 102 834
f 121 109 834
f 121 102 834
f 121 173 834
f 2302 102 2292
f 834 2328 2292
f 834 2292 102
f 181 2302 2291
f 2301 2290 2328
f 2292 2328 2290
f 2292 2289 2302
f 286 2380 2288
f 2297 2324 2287
f 2287 2324 2286
f 876 128 2285
f 2333 114 2324
f 120 876 114
f 2286 2324 114
f 2285 114 876
f 2285 2286 114
f 120 876 117
f 120 876 115
f 2296 120 115
f 114 876 115
f 114 120 115
f 120 876 107
f 117 876 107
f 117 120 107
f 2296 108 120
f 117 120 108
f 107 120 108
f 107 117 108
f 2295 2284 2308
f 886 2322 100
f 97 880 100
f 97 886 100
f 115 2283 2296
f 134 278 135
f 229 135 278
f 229 134 135
f 2304 2282 2341
f 2282 2304 2294
f 893 110 877
f 110 893 121
f 2281 893 877
f 109 877 122
f 122 877 110
f 122 109 110
f 2281 877 122
f 2315 2339 2280
f 2280 2339 173
f 2327 2279 2326
f 2291 2302 2278
f 2289 2278 2302
f 103 814 179
f 93 814 179
f 93 103 179
f 93 96 179
f 94 814 179
f 94 103 179
f 94 93 179
f 94 96 179
f 95 103 179
f 95 93 179
f 95 96 179
f 95 94 179
f 207 103 179
f 207 93 179
f 207 96 179
f 207 94 179
f 207 95 179
f 2308 112 2333
f 114 2333 112
f 114 876 112
f 115 876 112
f 115 114 112
f 112 2308 2284
f 112 2283 115
f 97 880 101
f 100 880 101
f 100 97 101
f 108 2296 874
f 2283 874 2296
f 2293 2315 2275
f 2280 2275 2315
f 122 109 2274
f 2290 2273 2292
f 2289 2292 2273
f 2278 2289 2272
f 220 870 2380
f 219 220 870
f 2288 2380 870
f 885 2277 2270
f 2270 2277 2271
f 2270 892 885
f 885 2269 2277
f 892 2269 885
f 2283 112 2268
f 98 884 99
f 2294 2303 884
f 99 278 851
f 98 278 851
f 98 99 851
f 158 278 851
f 158 99 851
f 158 98 851
f 229 278 851
f 229 158 851
f 2282 851 2341
f 2294 851 2282
f 884 851 99
f 884 98 851
f 884 851 2294
f 121 109 177
f 2272 2267 2278
f 125 139 126
f 139 128 138
f 2270 2271 2266
f 2271 2265 2266
f 2270 2264 892
f 2266 2264 2270
f 2271 2277 2263
f 2265 2271 2263
f 883 885 892
f 883 892 2264
f 2269 2262 2277
f 2263 2277 2262
f 892 883 2261
f 2262 2269 2260
f 2262 2260 2263
f 2260 2269 2259
f 100 880 882
f 101 880 882
f 101 100 882
f 2303 2340 2258
f 2300 2258 2340
f 884 2303 2258
f 2300 2326 2257
f 2279 2257 2326
f 2273 894 2289
f 2272 2289 894
f 286 257 2391
f 2298 105 104
f 106 105 104
f 139 128 127
f 125 139 127
f 126 139 127
f 126 125 127
f 138 128 127
f 138 139 127
f 881 105 879
f 106 105 879
f 106 881 879
f 104 105 879
f 104 106 879
f 2265 2256 2266
f 2266 2256 2264
f 883 2264 2255
f 2255 2264 2256
f 2263 2254 2265
f 2260 2254 2263
f 2261 883 2253
f 2259 2261 2253
f 2259 2252 2260
f 2253 2252 2259
f 100 2322 2251
f 882 100 2251
f 101 880 132
f 882 880 132
f 882 101 132
f 210 818 828
f 236 818 828
f 210 236 828
f 212 818 828
f 212 210 828
f 212 236 828
f 2316 2363 2249
f 2316 2249 2344
f 2305 2249 2363
f 2276 2249 2305
f 2344 2248 2330
f 2249 2248 2344
f 122 2247 2281
f 110 109 123
f 121 109 123
f 121 110 123
f 110 893 123
f 121 893 123
f 893 2281 123
f 181 111 109
f 109 877 124
f 102 877 124
f 102 109 124
f 110 877 124
f 110 109 124
f 110 102 124
f 173 109 124
f 173 102 124
f 173 110 124
f 121 109 124
f 121 102 124
f 121 110 124
f 121 173 124
f 834 109 124
f 834 102 124
f 834 173 124
f 834 121 124
f 122 877 124
f 122 109 124
f 110 122 124
f 123 109 124
f 123 110 124
f 123 121 124
f 102 109 147
f 110 109 147
f 110 102 147
f 173 109 147
f 173 102 147
f 173 110 147
f 121 109 147
f 121 102 147
f 121 110 147
f 121 173 147
f 181 109 147
f 181 102 147
f 181 110 147
f 834 109 147
f 834 102 147
f 834 173 147
f 834 121 147
f 2291 147 181
f 177 109 147
f 177 147 121
f 123 109 147
f 123 110 147
f 123 121 147
f 111 109 147
f 111 181 147
f 124 109 147
f 124 102 147
f 124 110 147
f 124 173 147
f 124 121 147
f 124 834 147
f 124 123 147
f 2278 861 2291
f 2267 861 2278
f 147 2291 861
f 103 814 247
f 93 814 247
f 93 103 247
f 94 814 247
f 94 103 247
f 94 93 247
f 95 103 247
f 95 93 247
f 95 94 247
f 267 814 247
f 267 103 247
f 207 103 247
f 207 93 247
f 207 94 247
f 207 95 247
f 2279 2327 247
f 179 814 247
f 179 103 247
f 179 93 247
f 179 94 247
f 179 95 247
f 179 207 247
f 2257 2279 247
f 2312 2246 2325
f 2337 2325 2245
f 2313 2337 2245
f 2246 2245 2325
f 103 91 844
f 93 91 844
f 93 103 844
f 207 91 844
f 207 103 844
f 207 93 844
f 207 94 178
f 179 94 178
f 179 207 178
f 2336 221 220
f 870 220 221
f 258 286 257
f 2335 2243 2334
f 2311 2243 2335
f 2244 2334 2243
f 286 160 2399
f 281 2371 160
f 257 286 160
f 104 160 281
f 106 105 878
f 104 105 878
f 104 106 878
f 878 105 879
f 878 106 879
f 878 104 879
f 876 118 128
f 120 876 118
f 114 876 118
f 114 120 118
f 117 876 118
f 117 120 118
f 107 876 118
f 107 120 118
f 107 117 118
f 108 120 118
f 108 117 118
f 108 107 118
f 112 876 118
f 112 114 118
f 138 128 118
f 2256 2265 2242
f 2242 2265 2254
f 2256 2241 2255
f 2241 2256 2242
f 115 114 113
f 112 114 113
f 112 115 113
f 2268 112 113
f 118 114 113
f 118 112 113
f 2255 2240 883
f 2240 2253 883
f 2241 2240 2255
f 2239 2252 2253
f 2254 2239 2242
f 2242 2239 2241
f 2253 2240 2239
f 2240 2241 2239
f 120 876 116
f 114 876 116
f 114 120 116
f 115 876 116
f 115 120 116
f 115 114 116
f 107 876 116
f 107 120 116
f 108 120 116
f 108 107 116
f 112 876 116
f 112 114 116
f 112 115 116
f 118 876 116
f 118 120 116
f 118 114 116
f 118 107 116
f 118 108 116
f 118 112 116
f 113 114 116
f 113 115 116
f 113 112 116
f 113 118 116
f 108 107 129
f 118 107 129
f 118 108 129
f 113 118 129
f 116 107 129
f 116 108 129
f 116 118 129
f 116 113 129
f 874 2283 2238
f 2268 2238 2283
f 210 818 213
f 212 818 213
f 212 210 213
f 134 2345 266
f 2250 266 2345
f 2318 2237 2345
f 2250 2345 2237
f 2293 2236 2305
f 2276 2305 2236
f 2236 2293 2235
f 2275 2234 2293
f 2235 2293 2234
f 110 893 862
f 147 862 110
f 109 877 174
f 102 877 174
f 102 109 174
f 110 877 174
f 110 109 174
f 110 102 174
f 173 109 174
f 173 102 174
f 173 110 174
f 834 109 174
f 834 102 174
f 834 173 174
f 122 877 174
f 122 109 174
f 110 122 174
f 173 174 2280
f 2275 2280 174
f 177 109 174
f 2247 122 174
f 111 109 174
f 124 877 174
f 124 109 174
f 124 102 174
f 124 110 174
f 124 173 174
f 124 834 174
f 124 122 174
f 147 109 174
f 147 102 174
f 147 110 174
f 147 173 174
f 147 834 174
f 147 177 174
f 147 111 174
f 147 124 174
f 2234 2275 174
f 2290 2301 2233
f 2273 2290 2233
f 2301 2313 2232
f 2233 2301 2232
f 894 2273 2231
f 2233 2231 2273
f 2312 2329 2230
f 2246 2312 2230
f 2245 2229 2313
f 2232 2313 2229
f 93 103 268
f 94 103 268
f 94 93 268
f 95 103 268
f 95 93 268
f 95 94 268
f 207 103 268
f 207 93 268
f 207 94 268
f 207 95 268
f 2310 2334 2228
f 2244 2228 2334
f 2297 2227 2311
f 2287 2226 2297
f 2286 2226 2287
f 2227 2297 2226
f 139 128 841
f 2285 128 841
f 2285 841 2286
f 138 128 841
f 138 139 841
f 127 128 841
f 127 139 841
f 127 138 841
f 2226 2286 841
f 120 876 154
f 114 876 154
f 114 120 154
f 115 876 154
f 115 120 154
f 115 114 154
f 107 876 154
f 107 120 154
f 112 876 154
f 112 114 154
f 112 115 154
f 118 876 154
f 118 120 154
f 118 114 154
f 118 107 154
f 118 112 154
f 113 114 154
f 113 115 154
f 113 112 154
f 113 118 154
f 116 876 154
f 116 120 154
f 116 114 154
f 116 115 154
f 116 107 154
f 116 112 154
f 116 118 154
f 116 113 154
f 129 107 154
f 129 118 154
f 129 113 154
f 129 116 154
f 120 876 119
f 114 876 119
f 114 120 119
f 117 876 119
f 117 120 119
f 115 876 119
f 115 120 119
f 115 114 119
f 118 876 119
f 118 120 119
f 118 114 119
f 118 117 119
f 116 876 119
f 116 120 119
f 116 114 119
f 116 115 119
f 116 118 119
f 129 118 119
f 129 116 119
f 108 107 838
f 129 107 838
f 129 108 838
f 154 107 838
f 154 112 838
f 154 129 838
f 108 875 107
f 118 107 875
f 118 108 875
f 2284 2225 112
f 838 112 2225
f 2284 2295 2224
f 2224 2225 2284
f 236 818 225
f 816 818 225
f 816 236 225
f 815 818 225
f 815 236 225
f 826 816 225
f 825 815 225
f 874 108 155
f 129 108 155
f 875 155 108
f 2307 2223 2295
f 2224 2295 2223
f 236 818 237
f 816 818 237
f 816 236 237
f 815 818 237
f 815 236 237
f 225 818 237
f 225 236 237
f 225 816 237
f 225 815 237
f 134 278 137
f 135 278 137
f 135 134 137
f 266 134 137
f 2317 2330 2221
f 2248 2221 2330
f 2247 867 2281
f 123 2281 867
f 123 895 893
f 895 862 893
f 867 895 123
f 2314 2220 2329
f 2314 2317 2220
f 2221 2220 2317
f 102 109 148
f 110 109 148
f 110 102 148
f 173 109 148
f 173 102 148
f 173 110 148
f 121 109 148
f 121 102 148
f 121 110 148
f 121 173 148
f 834 109 148
f 834 102 148
f 834 173 148
f 834 121 148
f 122 109 148
f 110 122 148
f 123 109 148
f 123 110 148
f 123 121 148
f 124 109 148
f 124 102 148
f 124 110 148
f 124 173 148
f 124 121 148
f 124 834 148
f 124 122 148
f 124 123 148
f 147 109 148
f 147 102 148
f 147 110 148
f 147 173 148
f 147 121 148
f 147 834 148
f 147 123 148
f 147 124 148
f 174 109 148
f 174 102 148
f 174 110 148
f 174 173 148
f 174 834 148
f 174 122 148
f 174 124 148
f 174 147 148
f 894 149 2272
f 894 149 861
f 2267 2272 2219
f 149 2219 2272
f 95 94 180
f 207 94 180
f 207 95 180
f 179 94 180
f 179 95 180
f 179 207 180
f 178 94 180
f 178 207 180
f 178 179 180
f 2288 234 286
f 870 234 2288
f 2299 805 2336
f 870 219 805
f 221 2336 805
f 221 870 805
f 126 125 150
f 139 128 140
f 125 139 140
f 126 139 140
f 126 125 140
f 127 128 140
f 127 139 140
f 127 125 140
f 127 126 140
f 140 128 841
f 140 139 841
f 140 127 841
f 150 125 140
f 150 126 140
f 127 126 151
f 140 126 151
f 140 127 151
f 2310 2218 2323
f 2309 2323 2218
f 2306 2309 2218
f 113 152 2268
f 113 118 152
f 116 118 152
f 116 113 152
f 129 118 152
f 129 113 152
f 129 116 152
f 2238 2268 152
f 156 108 155
f 156 129 155
f 2217 2222 2306
f 2218 2217 2306
f 874 108 162
f 116 108 162
f 129 108 162
f 129 116 162
f 2238 162 874
f 873 108 162
f 162 108 155
f 162 874 155
f 162 129 155
f 156 129 162
f 162 156 155
f 2307 2331 2216
f 2223 2307 2216
f 212 131 133
f 212 133 210
f 130 131 133
f 130 212 133
f 243 131 133
f 243 212 133
f 243 130 133
f 213 210 133
f 213 212 133
f 174 111 872
f 220 286 871
f 870 220 871
f 221 220 871
f 221 870 871
f 2331 2321 2214
f 2306 2214 2321
f 2222 2214 2306
f 2216 2331 2214
f 221 233 870
f 234 870 233
f 140 126 2213
f 151 2213 126
f 151 140 2213
f 212 236 246
f 213 212 246
f 828 827 212
f 213 212 827
f 243 212 244
f 133 212 244
f 133 243 244
f 851 884 2211
f 2211 2210 851
f 2258 2209 884
f 2211 884 2209
f 174 2208 2234
f 2215 873 2207
f 116 118 142
f 129 118 142
f 129 116 142
f 152 118 142
f 152 116 142
f 152 129 142
f 162 116 142
f 162 129 142
f 2251 2322 2206
f 2251 2205 882
f 2206 2205 2251
f 132 882 2204
f 2205 2204 882
f 815 2203 2320
f 825 2203 815
f 131 869 236
f 2320 869 236
f 130 212 228
f 243 212 228
f 243 130 228
f 133 212 228
f 133 130 228
f 133 243 228
f 244 212 228
f 244 243 228
f 244 133 228
f 134 278 136
f 135 278 136
f 135 134 136
f 266 134 136
f 137 278 136
f 137 134 136
f 137 135 136
f 137 266 136
f 867 2247 2202
f 2201 2210 2211
f 159 143 868
f 868 863 159
f 147 123 182
f 2200 863 868
f 865 863 2200
f 863 865 2199
f 894 861 860
f 2231 860 894
f 149 894 860
f 149 861 860
f 138 139 186
f 127 139 186
f 127 138 186
f 841 139 186
f 841 138 186
f 841 127 186
f 140 139 186
f 140 127 186
f 841 140 186
f 2197 2215 2207
f 116 113 153
f 154 113 153
f 154 116 153
f 116 118 141
f 129 118 141
f 129 116 141
f 119 118 141
f 119 116 141
f 119 129 141
f 153 116 141
f 129 118 161
f 152 118 161
f 152 129 161
f 152 161 2238
f 162 129 161
f 162 2238 161
f 142 118 161
f 142 129 161
f 142 152 161
f 142 162 161
f 236 818 238
f 816 818 238
f 816 236 238
f 826 238 816
f 137 266 2196
f 136 2196 266
f 136 137 2196
f 895 867 2195
f 862 895 866
f 2195 866 895
f 867 123 183
f 2202 183 867
f 182 123 183
f 2195 867 183
f 159 854 143
f 855 143 854
f 159 143 144
f 868 143 144
f 868 144 159
f 855 144 143
f 144 159 854
f 144 855 854
f 854 159 853
f 144 159 853
f 854 144 853
f 2235 2194 2236
f 2234 2194 2235
f 2208 2193 2234
f 2194 2234 2193
f 862 146 895
f 866 146 862
f 866 895 146
f 2200 868 2192
f 865 2200 2192
f 2192 2191 865
f 863 865 864
f 2199 864 863
f 2199 865 864
f 2191 864 865
f 173 110 176
f 834 173 176
f 174 110 176
f 174 173 176
f 174 834 176
f 148 110 176
f 148 173 176
f 148 834 176
f 148 174 176
f 2208 174 176
f 175 834 176
f 2193 2208 176
f 147 110 145
f 862 110 145
f 862 147 145
f 146 145 862
f 173 102 194
f 121 102 194
f 121 173 194
f 834 102 194
f 834 173 194
f 834 121 194
f 147 102 194
f 147 173 194
f 147 121 194
f 147 834 194
f 174 102 194
f 174 173 194
f 174 834 194
f 174 147 194
f 148 102 194
f 148 173 194
f 148 121 194
f 148 834 194
f 148 147 194
f 148 174 194
f 175 834 194
f 176 173 194
f 176 834 194
f 176 174 194
f 176 148 194
f 176 175 194
f 861 2190 147
f 145 147 2190
f 2231 2233 2189
f 2189 2188 2231
f 2189 194 2188
f 2232 2187 2233
f 2189 2233 2187
f 2257 2186 2300
f 149 861 846
f 860 861 846
f 860 149 846
f 2190 861 846
f 2186 2257 216
f 247 859 2257
f 216 2257 859
f 2219 149 897
f 846 897 149
f 861 2267 896
f 2219 896 2267
f 846 861 896
f 897 896 2219
f 897 846 896
f 179 207 232
f 178 207 232
f 178 179 232
f 180 207 232
f 180 179 232
f 180 178 232
f 140 150 858
f 186 140 858
f 150 857 126
f 140 126 857
f 140 150 857
f 858 150 857
f 858 140 857
f 160 104 201
f 878 201 104
f 140 127 185
f 151 127 185
f 151 140 185
f 857 140 185
f 104 2185 2298
f 2226 2184 2227
f 841 2183 2226
f 2184 2226 2183
f 2183 841 2182
f 127 138 184
f 140 127 184
f 186 138 184
f 186 127 184
f 186 140 184
f 185 127 184
f 185 140 184
f 2182 187 2183
f 118 204 138
f 841 138 204
f 119 204 118
f 875 118 204
f 2198 204 138
f 184 204 138
f 113 118 188
f 116 118 188
f 116 113 188
f 129 118 188
f 129 113 188
f 129 116 188
f 154 118 188
f 154 113 188
f 154 116 188
f 154 129 188
f 152 118 188
f 152 113 188
f 152 116 188
f 152 129 188
f 153 113 188
f 153 116 188
f 153 154 188
f 141 118 188
f 141 116 188
f 141 129 188
f 141 188 153
f 161 118 188
f 161 129 188
f 161 152 188
f 161 832 188
f 187 154 188
f 116 113 856
f 154 113 856
f 154 116 856
f 838 856 154
f 2225 856 838
f 153 113 856
f 153 116 856
f 153 154 856
f 188 113 856
f 188 116 856
f 188 154 856
f 188 153 856
f 155 875 2181
f 204 2181 875
f 2225 2224 2180
f 856 2225 2180
f 225 816 2179
f 2204 2178 132
f 2204 2205 2178
f 2181 2177 155
f 155 850 162
f 161 162 850
f 2177 850 155
f 157 855 854
f 157 855 144
f 144 157 854
f 854 157 853
f 144 157 853
f 854 852 855
f 852 854 853
f 157 855 852
f 854 157 852
f 852 157 853
f 2176 2191 2192
f 2175 864 2191
f 2191 2176 2175
f 838 129 837
f 156 129 837
f 162 129 837
f 162 156 837
f 161 129 837
f 161 162 837
f 837 162 850
f 837 161 850
f 133 213 193
f 246 193 213
f 827 213 193
f 851 164 2341
f 157 855 164
f 852 157 164
f 852 157 163
f 164 157 163
f 164 852 163
f 2194 2173 2236
f 2201 2211 2172
f 2172 164 2201
f 164 157 165
f 165 157 163
f 165 164 163
f 853 843 852
f 163 852 843
f 158 98 820
f 229 158 820
f 851 98 820
f 851 158 820
f 851 229 820
f 863 820 159
f 853 159 820
f 864 820 863
f 164 851 820
f 843 853 820
f 2209 2171 2211
f 2172 2211 2171
f 169 849 820
f 2175 2176 168
f 169 849 168
f 168 849 172
f 168 172 2175
f 168 169 172
f 864 2175 2170
f 820 864 2170
f 172 2170 2175
f 173 102 195
f 174 102 195
f 174 173 195
f 174 177 195
f 174 195 2247
f 2202 2247 195
f 176 173 195
f 176 174 195
f 194 102 195
f 194 173 195
f 194 174 195
f 194 176 195
f 176 2169 2193
f 2229 2167 2232
f 2187 2232 2167
f 179 207 253
f 178 207 253
f 178 179 253
f 180 207 253
f 180 179 253
f 180 178 253
f 232 207 253
f 232 179 253
f 232 178 253
f 232 180 253
f 2228 2165 2310
f 2228 2244 2165
f 104 281 217
f 257 258 217
f 160 281 217
f 160 257 217
f 160 104 217
f 201 104 217
f 201 160 217
f 2185 104 217
f 188 2164 187
f 856 2164 188
f 152 129 203
f 142 129 203
f 142 152 203
f 161 129 203
f 161 152 203
f 161 832 203
f 161 142 203
f 188 129 203
f 188 152 203
f 188 832 203
f 188 161 203
f 2180 2224 2163
f 116 118 192
f 129 118 192
f 129 116 192
f 162 116 192
f 162 129 192
f 141 118 192
f 141 116 192
f 141 129 192
f 161 118 192
f 161 129 192
f 161 162 192
f 2177 2181 192
f 850 162 192
f 850 161 192
f 850 2177 192
f 837 129 192
f 837 162 192
f 837 161 192
f 850 837 192
f 2221 2248 2162
f 2249 2276 2161
f 2162 2160 2221
f 2236 2159 2276
f 2159 2236 2173
f 2161 2276 2159
f 123 110 842
f 182 123 842
f 866 2195 842
f 183 123 842
f 183 182 842
f 183 842 2195
f 146 866 842
f 165 164 208
f 164 852 166
f 163 852 166
f 163 164 166
f 165 164 166
f 163 165 166
f 166 852 843
f 166 163 843
f 166 164 820
f 843 166 820
f 208 164 166
f 208 165 166
f 183 2202 2158
f 2158 2202 195
f 164 157 167
f 165 164 167
f 167 164 820
f 169 167 820
f 167 168 2176
f 169 167 168
f 208 164 167
f 208 165 167
f 166 164 167
f 166 165 167
f 167 166 820
f 166 208 167
f 171 169 820
f 171 166 820
f 171 167 820
f 169 167 171
f 167 166 171
f 848 169 168
f 169 167 848
f 848 167 168
f 848 171 167
f 170 820 849
f 169 849 170
f 170 169 820
f 170 849 168
f 170 169 168
f 170 172 849
f 170 172 169
f 168 170 172
f 820 2170 170
f 172 170 2170
f 169 167 170
f 170 171 820
f 171 169 170
f 171 167 170
f 848 169 170
f 170 848 168
f 848 167 170
f 171 848 170
f 172 168 2157
f 168 170 2157
f 172 2157 170
f 2220 2221 2156
f 2160 2156 2221
f 2193 2155 2194
f 2173 2194 2155
f 2155 2193 2169
f 173 102 847
f 834 102 847
f 834 173 847
f 174 102 847
f 174 173 847
f 174 834 847
f 175 834 847
f 176 173 847
f 176 834 847
f 176 174 847
f 176 175 847
f 194 102 847
f 194 173 847
f 194 834 847
f 194 174 847
f 194 175 847
f 194 176 847
f 2169 176 847
f 147 177 197
f 147 111 197
f 174 177 197
f 174 111 197
f 174 147 197
f 872 111 197
f 872 174 197
f 176 174 197
f 145 147 197
f 194 147 197
f 194 174 197
f 194 176 197
f 195 177 197
f 195 174 197
f 195 176 197
f 195 194 197
f 2189 2153 194
f 2187 2153 2189
f 2153 2187 2167
f 2190 2151 145
f 2167 2229 2150
f 846 860 845
f 897 845 846
f 896 846 845
f 896 845 897
f 2152 846 845
f 2230 2329 2149
f 2148 2150 2229
f 2245 2246 2147
f 2229 2245 2147
f 2148 2229 2147
f 2230 2146 2246
f 2149 2146 2230
f 2147 2246 2146
f 93 103 269
f 94 103 269
f 94 93 269
f 95 103 269
f 95 93 269
f 95 94 269
f 207 103 269
f 207 93 269
f 207 94 269
f 207 95 269
f 179 103 269
f 179 93 269
f 179 94 269
f 179 95 269
f 179 207 269
f 844 103 269
f 844 93 269
f 844 207 269
f 268 103 269
f 268 93 269
f 268 94 269
f 268 95 269
f 268 207 269
f 93 103 289
f 94 103 289
f 94 93 289
f 95 103 289
f 95 93 289
f 95 94 289
f 207 103 289
f 207 93 289
f 207 94 289
f 207 95 289
f 179 103 289
f 179 93 289
f 179 94 289
f 179 95 289
f 179 207 289
f 178 94 289
f 178 207 289
f 178 179 289
f 180 94 289
f 180 95 289
f 180 207 289
f 180 179 289
f 180 178 289
f 289 207 253
f 289 179 253
f 289 178 253
f 289 180 253
f 269 103 289
f 269 93 289
f 269 94 289
f 269 95 289
f 269 207 289
f 269 179 289
f 2166 2142 2144
f 2143 2144 2142
f 900 2165 2244
f 2243 2140 2244
f 900 2244 2140
f 858 840 186
f 857 840 858
f 185 840 857
f 184 186 840
f 184 185 840
f 2227 2139 2311
f 2184 2139 2227
f 2185 2138 2298
f 217 2138 2185
f 2183 2137 2184
f 187 2137 2183
f 2139 2184 2137
f 2180 2136 856
f 2164 856 2136
f 2136 2180 2163
f 2217 2218 2135
f 2133 192 141
f 2205 2206 2132
f 2134 2132 2206
f 837 161 836
f 203 161 836
f 225 826 824
f 2179 824 225
f 2223 2131 2224
f 2163 2224 2131
f 2135 2130 2217
f 2222 2217 2129
f 2214 2222 2129
f 2130 2129 2217
f 2203 823 2320
f 869 2320 823
f 133 213 215
f 244 133 215
f 228 133 215
f 228 244 215
f 193 213 215
f 193 133 215
f 2237 2128 2250
f 2248 2249 2127
f 2162 2248 2127
f 2161 2127 2249
f 843 226 163
f 166 163 226
f 843 166 226
f 166 208 226
f 171 226 208
f 171 166 226
f 181 110 198
f 123 110 198
f 124 110 198
f 124 834 198
f 124 123 198
f 147 110 198
f 147 181 198
f 147 834 198
f 147 123 198
f 147 124 198
f 174 110 198
f 174 834 198
f 174 124 198
f 174 147 198
f 182 123 198
f 182 147 198
f 183 123 198
f 183 182 198
f 176 110 198
f 176 834 198
f 176 174 198
f 145 110 198
f 145 147 198
f 145 146 198
f 842 110 198
f 842 123 198
f 842 182 198
f 842 183 198
f 842 198 146
f 2158 198 183
f 174 147 199
f 176 174 199
f 145 147 199
f 194 147 199
f 194 174 199
f 194 176 199
f 2188 194 199
f 195 174 199
f 195 176 199
f 195 194 199
f 197 147 199
f 197 174 199
f 197 176 199
f 197 145 199
f 197 194 199
f 197 195 199
f 198 147 199
f 198 174 199
f 198 176 199
f 198 145 199
f 182 147 833
f 145 147 833
f 194 147 833
f 197 147 833
f 197 145 833
f 197 194 833
f 2151 833 145
f 198 147 833
f 198 182 833
f 198 145 833
f 199 147 833
f 199 145 833
f 199 194 833
f 199 197 833
f 199 198 833
f 860 2231 2126
f 2188 2126 2231
f 845 860 2126
f 845 2126 2151
f 199 2126 2188
f 833 2151 2126
f 833 2126 199
f 103 814 271
f 267 814 271
f 267 103 271
f 179 814 271
f 179 103 271
f 247 814 271
f 247 103 271
f 247 267 271
f 247 179 271
f 859 216 209
f 207 93 231
f 232 207 231
f 2166 2125 2145
f 2166 2144 2125
f 2166 2145 2124
f 2142 2166 2123
f 2124 2123 2166
f 201 878 2122
f 217 201 2122
f 841 127 839
f 151 127 839
f 186 127 839
f 186 841 839
f 185 127 839
f 185 151 839
f 2182 841 839
f 184 127 839
f 184 186 839
f 184 185 839
f 840 186 839
f 840 185 839
f 840 184 839
f 841 138 202
f 186 138 202
f 186 841 202
f 2198 138 202
f 184 138 202
f 184 186 202
f 204 138 202
f 204 202 841
f 204 2198 202
f 204 184 202
f 840 186 202
f 840 184 202
f 839 841 202
f 839 186 202
f 839 184 202
f 839 840 202
f 118 190 876
f 154 876 190
f 154 118 190
f 187 154 190
f 187 2182 190
f 839 190 2182
f 129 118 191
f 154 118 191
f 154 129 191
f 142 118 191
f 142 129 191
f 141 118 191
f 141 129 191
f 187 154 191
f 204 118 191
f 188 118 191
f 188 129 191
f 188 154 191
f 188 832 191
f 188 141 191
f 188 187 191
f 203 129 191
f 203 832 191
f 203 142 191
f 203 188 191
f 2133 141 191
f 190 118 191
f 190 154 191
f 190 187 191
f 116 118 189
f 129 118 189
f 129 116 189
f 154 118 189
f 154 116 189
f 154 129 189
f 838 129 189
f 838 154 189
f 142 118 189
f 142 116 189
f 142 129 189
f 141 118 189
f 141 116 189
f 141 129 189
f 204 118 189
f 188 118 189
f 188 116 189
f 188 129 189
f 188 154 189
f 188 141 189
f 837 129 189
f 837 189 838
f 192 118 189
f 192 116 189
f 192 129 189
f 192 141 189
f 192 837 189
f 190 118 189
f 190 154 189
f 191 118 189
f 191 129 189
f 191 154 189
f 191 142 189
f 191 141 189
f 191 204 189
f 191 188 189
f 191 190 189
f 2197 205 2215
f 161 129 205
f 161 832 205
f 188 129 205
f 188 832 205
f 188 161 205
f 2181 204 205
f 837 129 205
f 837 2215 205
f 837 161 205
f 192 129 205
f 192 161 205
f 192 2181 205
f 192 837 205
f 192 2133 205
f 836 161 205
f 836 205 837
f 191 129 205
f 191 832 205
f 191 205 2197
f 191 204 205
f 191 188 205
f 191 205 2133
f 189 129 205
f 189 204 205
f 189 188 205
f 189 837 205
f 189 192 205
f 189 191 205
f 2178 2205 2121
f 2132 2121 2205
f 244 133 224
f 193 133 224
f 215 133 224
f 215 244 224
f 215 193 224
f 195 835 2158
f 198 2158 835
f 147 834 196
f 174 834 196
f 174 147 196
f 148 834 196
f 148 147 196
f 148 174 196
f 872 174 196
f 176 834 196
f 176 174 196
f 176 148 196
f 145 147 196
f 194 834 196
f 194 147 196
f 194 174 196
f 194 148 196
f 194 176 196
f 195 174 196
f 195 176 196
f 195 194 196
f 847 834 196
f 847 174 196
f 847 176 196
f 847 194 196
f 197 147 196
f 197 174 196
f 197 872 196
f 197 176 196
f 197 145 196
f 197 194 196
f 197 195 196
f 198 834 196
f 198 147 196
f 198 174 196
f 198 176 196
f 198 145 196
f 196 147 199
f 196 174 199
f 196 176 199
f 196 145 199
f 196 194 199
f 196 195 199
f 196 197 199
f 196 198 199
f 196 147 833
f 196 145 833
f 196 194 833
f 196 197 833
f 196 198 833
f 199 196 833
f 835 195 196
f 835 198 196
f 182 147 200
f 145 147 200
f 198 147 200
f 198 182 200
f 198 145 200
f 200 147 199
f 200 145 199
f 200 198 199
f 200 147 833
f 200 182 833
f 200 145 833
f 200 198 833
f 199 200 833
f 835 198 200
f 196 147 200
f 196 145 200
f 196 198 200
f 200 196 199
f 200 196 833
f 196 835 200
f 2169 2120 2155
f 847 2120 2169
f 847 194 2119
f 2153 2119 194
f 2120 847 2119
f 216 2118 2186
f 103 814 272
f 93 814 272
f 93 103 272
f 272 93 231
f 2117 2124 2145
f 286 2391 256
f 2371 222 256
f 257 222 256
f 257 256 2391
f 257 286 256
f 160 286 256
f 160 2371 256
f 160 257 256
f 201 160 256
f 217 257 256
f 217 160 256
f 217 201 256
f 2164 2116 187
f 2137 187 2116
f 2136 2116 2164
f 202 204 2115
f 202 2115 839
f 190 839 2115
f 2115 204 189
f 2115 189 190
f 119 129 831
f 204 119 831
f 203 129 831
f 203 832 831
f 836 831 203
f 191 129 831
f 191 832 831
f 191 204 831
f 191 203 831
f 189 129 831
f 189 204 831
f 189 191 831
f 831 129 205
f 831 832 205
f 831 204 205
f 831 836 205
f 831 191 205
f 831 189 205
f 816 236 239
f 815 236 239
f 825 815 239
f 225 236 239
f 225 816 239
f 225 815 239
f 225 825 239
f 237 236 239
f 237 816 239
f 237 815 239
f 237 225 239
f 824 239 225
f 2216 2114 2223
f 2131 2223 2114
f 816 818 817
f 2179 816 817
f 824 2179 817
f 266 2250 263
f 136 266 263
f 2212 263 136
f 2128 263 2250
f 2209 2258 2113
f 2171 2209 2113
f 267 103 206
f 179 103 206
f 247 103 206
f 247 2327 206
f 247 267 206
f 247 179 206
f 859 247 206
f 859 216 206
f 271 103 206
f 271 267 206
f 271 179 206
f 271 247 206
f 271 2154 206
f 209 216 206
f 209 206 859
f 207 93 274
f 232 207 274
f 253 274 207
f 253 232 274
f 231 274 93
f 231 207 274
f 231 232 274
f 234 286 282
f 233 234 282
f 160 257 830
f 256 257 830
f 256 160 830
f 879 881 223
f 879 223 878
f 2122 878 223
f 2122 223 217
f 2298 2112 2322
f 2206 2322 2112
f 2138 2112 2298
f 2134 2206 2112
f 137 266 264
f 136 266 264
f 136 137 264
f 264 266 263
f 264 136 263
f 164 2172 2111
f 2171 2111 2172
f 2113 2111 2171
f 2327 2341 829
f 164 829 2341
f 164 829 852
f 2168 2174 829
f 208 164 829
f 166 852 829
f 166 164 829
f 166 208 829
f 226 829 208
f 226 166 829
f 271 829 2154
f 829 206 2327
f 829 206 2154
f 829 271 206
f 2111 829 164
f 2258 2300 2110
f 2186 2110 2300
f 2118 2110 2186
f 2113 2258 2110
f 247 267 251
f 271 267 251
f 271 247 251
f 209 216 251
f 206 267 251
f 206 247 251
f 206 251 216
f 206 271 251
f 206 209 251
f 2138 217 2109
f 2109 2112 2138
f 2132 2134 2108
f 2112 2108 2134
f 880 2107 881
f 132 2107 880
f 2178 2107 132
f 2121 2107 2178
f 2121 2132 2107
f 223 881 2107
f 2108 2107 2132
f 818 211 214
f 131 211 214
f 131 818 214
f 210 211 214
f 210 818 214
f 236 818 214
f 131 236 214
f 210 236 214
f 212 211 214
f 212 818 214
f 212 131 214
f 212 210 214
f 212 236 214
f 828 818 214
f 828 210 214
f 828 236 214
f 828 212 214
f 213 818 214
f 213 210 214
f 213 212 214
f 827 212 214
f 827 828 214
f 827 213 214
f 228 212 214
f 193 213 214
f 193 214 827
f 215 213 214
f 215 228 214
f 215 193 214
f 224 193 214
f 224 215 214
f 136 266 254
f 2212 136 254
f 263 266 254
f 263 2212 254
f 263 136 254
f 264 266 254
f 264 136 254
f 263 264 254
f 2173 2106 2159
f 2155 2106 2173
f 2120 2106 2155
f 2167 2105 2153
f 2150 2105 2167
f 2119 2153 2105
f 2118 216 2104
f 2110 2118 2104
f 206 2103 216
f 2104 216 2103
f 2125 2102 2145
f 2117 2145 2101
f 2102 2101 2145
f 2142 2100 2143
f 2100 2142 2099
f 234 286 235
f 805 221 235
f 871 286 235
f 871 221 235
f 233 221 235
f 233 234 235
f 256 286 235
f 282 286 235
f 282 234 235
f 282 233 235
f 257 286 218
f 258 286 218
f 257 258 218
f 160 286 218
f 160 257 218
f 217 257 218
f 217 258 218
f 217 160 218
f 256 286 218
f 256 257 218
f 256 160 218
f 256 217 218
f 830 257 218
f 830 160 218
f 830 256 218
f 2243 2311 2098
f 2140 2243 2098
f 2139 2098 2311
f 2165 900 2097
f 223 898 217
f 2109 217 898
f 898 2096 223
f 2163 2095 2136
f 2214 2094 2216
f 2129 2094 2214
f 2114 2216 2094
f 2159 2093 2161
f 2160 2162 2092
f 829 2111 2091
f 2111 2113 2090
f 2110 2090 2113
f 2090 2110 2104
f 2091 2111 2090
f 206 829 2089
f 2089 2103 206
f 2104 2103 2089
f 2091 2089 829
f 2089 2090 2104
f 2090 2089 2091
f 2150 2148 2088
f 2123 2086 2142
f 2099 2142 2086
f 220 283 222
f 220 286 283
f 219 220 283
f 870 220 283
f 870 219 283
f 221 220 283
f 221 870 283
f 805 219 283
f 805 870 283
f 805 221 283
f 256 222 283
f 256 286 283
f 283 286 235
f 283 221 235
f 283 805 235
f 283 256 235
f 2137 2085 2139
f 2116 2085 2137
f 2098 2139 2085
f 2107 899 223
f 898 223 899
f 2096 899 223
f 2096 898 899
f 2112 2109 2084
f 2108 2112 2084
f 898 2084 2109
f 899 2084 898
f 2107 2108 2083
f 899 2107 2083
f 2084 2083 2108
f 2084 899 2083
f 816 818 240
f 225 818 240
f 225 816 240
f 238 818 240
f 238 816 240
f 817 818 240
f 817 816 240
f 212 131 262
f 243 131 262
f 243 212 262
f 246 212 262
f 244 212 262
f 244 243 262
f 193 246 262
f 215 244 262
f 215 193 262
f 224 244 262
f 224 193 262
f 224 215 262
f 214 131 262
f 214 212 262
f 214 193 262
f 214 215 262
f 214 224 262
f 98 2082 2364
f 820 2082 98
f 2156 2160 2081
f 2092 2081 2160
f 2147 2079 2148
f 2146 2079 2147
f 2088 2148 2079
f 2101 2078 2117
f 2125 2144 2077
f 2087 2077 2144
f 2143 2076 2144
f 2087 2144 2076
f 2140 2075 900
f 2098 2075 2140
f 2218 2310 2074
f 2165 2074 2310
f 2135 2218 2074
f 2097 2074 2165
f 2129 2130 2072
f 2094 2129 2072
f 2073 2072 2130
f 816 236 241
f 826 816 241
f 225 236 241
f 225 816 241
f 225 826 241
f 225 825 241
f 2203 825 241
f 238 236 241
f 238 816 241
f 238 826 241
f 824 826 241
f 824 225 241
f 823 2203 241
f 239 236 241
f 239 816 241
f 239 825 241
f 239 225 241
f 239 824 241
f 817 816 241
f 817 241 824
f 240 816 241
f 240 225 241
f 240 238 241
f 240 817 241
f 215 244 277
f 224 244 277
f 224 215 277
f 214 215 277
f 214 224 277
f 262 244 277
f 262 215 277
f 262 224 277
f 262 214 277
f 2318 2364 2071
f 2237 2318 2071
f 2128 2237 2071
f 263 2128 2071
f 2127 2070 2162
f 2092 2162 2070
f 2106 2069 2159
f 2093 2159 2069
f 2081 2068 2156
f 2106 2120 2067
f 2069 2106 2067
f 2119 2066 2120
f 2105 2066 2119
f 2067 2120 2066
f 2220 2065 2329
f 2156 2065 2220
f 2149 2329 2065
f 2065 2080 2149
f 2068 2065 2156
f 2146 2149 2064
f 2080 2064 2149
f 2064 2079 2146
f 231 207 275
f 231 272 275
f 274 207 275
f 274 231 275
f 900 822 2141
f 900 2141 260
f 2097 900 260
f 260 900 2075
f 260 2074 2097
f 822 260 2141
f 822 900 260
f 2074 2063 2135
f 2116 2136 2062
f 2095 2062 2136
f 2085 2116 2062
f 2130 2135 2061
f 2061 2073 2130
f 2063 2061 2135
f 2131 2060 2163
f 2095 2163 2060
f 820 821 843
f 226 843 821
f 2082 820 821
f 2127 2161 2059
f 2093 2059 2161
f 2070 2127 2059
f 207 93 248
f 247 93 248
f 247 207 248
f 271 247 248
f 251 247 248
f 251 271 248
f 2124 2117 2058
f 2123 2124 2057
f 2058 2057 2124
f 218 256 2056
f 212 236 227
f 243 212 227
f 228 212 227
f 228 243 227
f 214 236 227
f 214 212 227
f 214 228 227
f 262 212 227
f 262 243 227
f 262 214 227
f 158 278 230
f 229 278 230
f 229 158 230
f 820 158 230
f 820 229 230
f 230 821 820
f 2105 2150 2055
f 2088 2055 2150
f 2066 2105 2055
f 844 207 276
f 232 207 276
f 269 207 276
f 269 844 276
f 289 207 276
f 289 269 276
f 231 207 276
f 231 232 276
f 274 207 276
f 274 232 276
f 274 231 276
f 819 276 269
f 275 207 276
f 275 231 276
f 275 274 276
f 275 276 819
f 2078 2054 2117
f 2054 2058 2117
f 234 286 259
f 871 286 259
f 233 234 259
f 282 286 259
f 282 234 259
f 282 233 259
f 235 286 259
f 235 234 259
f 235 871 259
f 235 233 259
f 235 282 259
f 283 286 259
f 235 283 259
f 2085 2053 2098
f 2062 2053 2085
f 2114 2052 2131
f 2094 2052 2114
f 2060 2131 2052
f 236 818 249
f 816 818 249
f 816 236 249
f 815 818 249
f 815 236 249
f 225 818 249
f 225 236 249
f 225 816 249
f 225 815 249
f 237 818 249
f 237 236 249
f 237 816 249
f 237 815 249
f 237 225 249
f 239 236 249
f 239 816 249
f 239 815 249
f 239 225 249
f 239 237 249
f 241 236 249
f 241 816 249
f 241 225 249
f 241 239 249
f 136 266 255
f 263 266 255
f 263 136 255
f 264 266 255
f 264 136 255
f 263 264 255
f 254 266 255
f 254 136 255
f 254 263 255
f 254 264 255
f 2071 255 263
f 2082 2051 2364
f 2071 2364 2051
f 821 2051 2082
f 255 2071 2051
f 239 815 261
f 249 815 261
f 249 239 261
f 131 818 242
f 236 818 242
f 131 236 242
f 212 818 242
f 212 131 242
f 212 236 242
f 243 131 242
f 243 212 242
f 816 818 242
f 816 236 242
f 815 818 242
f 815 236 242
f 213 242 818
f 213 212 242
f 225 818 242
f 225 236 242
f 225 816 242
f 225 815 242
f 237 818 242
f 237 236 242
f 237 816 242
f 237 815 242
f 237 225 242
f 238 818 242
f 238 236 242
f 238 816 242
f 239 236 242
f 239 816 242
f 239 815 242
f 239 225 242
f 239 237 242
f 817 818 242
f 817 816 242
f 240 818 242
f 240 816 242
f 240 225 242
f 240 238 242
f 240 817 242
f 262 131 242
f 262 212 242
f 262 243 242
f 241 236 242
f 241 816 242
f 241 225 242
f 241 238 242
f 241 242 823
f 241 239 242
f 241 817 242
f 241 240 242
f 227 236 242
f 227 212 242
f 227 243 242
f 227 262 242
f 249 818 242
f 249 236 242
f 249 816 242
f 249 815 242
f 249 225 242
f 249 237 242
f 249 239 242
f 249 241 242
f 131 236 245
f 212 131 245
f 212 236 245
f 243 131 245
f 243 212 245
f 816 236 245
f 246 236 245
f 246 212 245
f 244 212 245
f 244 243 245
f 869 131 245
f 869 236 245
f 823 245 869
f 214 131 245
f 214 236 245
f 214 212 245
f 262 131 245
f 262 212 245
f 262 243 245
f 262 246 245
f 262 244 245
f 262 214 245
f 277 244 245
f 277 214 245
f 277 262 245
f 227 236 245
f 227 212 245
f 227 243 245
f 227 214 245
f 227 262 245
f 242 131 245
f 242 236 245
f 242 212 245
f 242 243 245
f 242 816 245
f 242 823 245
f 242 262 245
f 242 227 245
f 2069 2050 2093
f 2059 2093 2050
f 2067 2049 2069
f 2050 2069 2049
f 2066 2048 2067
f 2055 2048 2066
f 2049 2067 2048
f 103 814 273
f 93 814 273
f 93 103 273
f 94 814 273
f 94 103 273
f 94 93 273
f 95 103 273
f 95 93 273
f 95 94 273
f 267 814 273
f 267 103 273
f 207 103 273
f 207 93 273
f 207 94 273
f 207 95 273
f 179 814 273
f 179 103 273
f 179 93 273
f 179 94 273
f 179 95 273
f 179 207 273
f 247 814 273
f 247 103 273
f 247 93 273
f 247 94 273
f 247 95 273
f 247 267 273
f 247 207 273
f 247 179 273
f 271 814 273
f 271 103 273
f 271 267 273
f 271 179 273
f 271 247 273
f 231 93 273
f 231 207 273
f 272 814 273
f 272 103 273
f 272 93 273
f 231 272 273
f 251 267 273
f 251 247 273
f 251 271 273
f 901 273 93
f 248 207 273
f 248 247 273
f 248 271 273
f 248 251 273
f 257 286 812
f 256 286 812
f 256 257 812
f 218 286 812
f 218 257 812
f 218 256 812
f 259 286 812
f 2062 2095 2047
f 2060 2047 2095
f 2053 2062 2047
f 2052 2094 2046
f 212 236 250
f 237 236 250
f 214 236 250
f 214 212 250
f 262 212 250
f 262 214 250
f 227 236 250
f 227 212 250
f 227 214 250
f 227 262 250
f 249 236 250
f 249 237 250
f 242 236 250
f 242 212 250
f 242 237 250
f 242 262 250
f 242 227 250
f 242 249 250
f 250 236 245
f 250 212 245
f 250 214 245
f 250 262 245
f 250 227 245
f 250 242 245
f 136 266 265
f 263 266 265
f 263 136 265
f 264 266 265
f 264 136 265
f 263 264 265
f 254 266 265
f 254 136 265
f 254 263 265
f 254 264 265
f 255 266 265
f 255 136 265
f 255 263 265
f 255 264 265
f 255 254 265
f 2081 2092 2045
f 2070 2045 2092
f 2080 2065 2044
f 2079 2043 2088
f 2079 2064 2043
f 2055 2088 2043
f 93 103 252
f 94 103 252
f 94 93 252
f 267 103 252
f 207 103 252
f 207 93 252
f 207 94 252
f 179 103 252
f 179 93 252
f 179 94 252
f 179 207 252
f 247 103 252
f 247 93 252
f 247 94 252
f 247 267 252
f 247 207 252
f 247 179 252
f 268 103 252
f 268 93 252
f 268 94 252
f 268 207 252
f 269 103 252
f 269 93 252
f 269 94 252
f 269 207 252
f 269 179 252
f 269 268 252
f 271 103 252
f 271 267 252
f 271 179 252
f 271 247 252
f 231 93 252
f 231 207 252
f 272 103 252
f 272 93 252
f 231 272 252
f 251 267 252
f 251 247 252
f 251 271 252
f 901 93 252
f 901 247 252
f 273 103 252
f 273 93 252
f 273 94 252
f 273 267 252
f 273 207 252
f 273 179 252
f 273 247 252
f 273 271 252
f 273 231 252
f 273 272 252
f 273 251 252
f 273 901 252
f 253 289 813
f 276 813 289
f 2102 2125 2042
f 2077 2042 2125
f 2100 2041 2143
f 2076 2143 2041
f 2099 2040 2100
f 2086 2039 2099
f 2040 2099 2039
f 235 805 284
f 235 282 284
f 283 805 284
f 235 283 284
f 259 282 284
f 259 235 284
f 259 283 284
f 812 259 284
f 2075 2098 2038
f 2075 2038 260
f 2053 2038 2098
f 2074 260 2037
f 2063 2074 2037
f 2072 2073 2036
f 2072 2035 2094
f 2046 2094 2035
f 2036 2035 2072
f 136 266 279
f 263 266 279
f 263 136 279
f 264 266 279
f 264 136 279
f 263 264 279
f 254 266 279
f 254 136 279
f 254 263 279
f 254 264 279
f 821 230 279
f 255 266 279
f 255 136 279
f 255 263 279
f 255 264 279
f 255 254 279
f 2051 821 279
f 2051 279 255
f 265 266 279
f 265 136 279
f 265 263 279
f 265 264 279
f 265 254 279
f 265 255 279
f 2059 2034 2070
f 2050 2034 2059
f 2034 2045 2070
f 2068 2081 2033
f 2045 2033 2081
f 2064 2080 2032
f 2044 2032 2080
f 2032 2043 2064
f 2101 2102 2031
f 2078 2101 2030
f 2031 2030 2101
f 2086 2123 2028
f 2057 2028 2123
f 2039 2086 2027
f 160 286 285
f 234 286 285
f 256 286 285
f 256 160 285
f 282 286 285
f 282 234 285
f 235 286 285
f 235 234 285
f 235 805 285
f 235 256 285
f 235 282 285
f 283 286 285
f 283 805 285
f 283 256 285
f 235 283 285
f 285 805 284
f 285 282 284
f 285 235 284
f 285 283 284
f 257 286 287
f 258 286 287
f 257 258 287
f 256 286 287
f 256 257 287
f 282 286 287
f 235 286 287
f 235 256 287
f 235 282 287
f 218 286 287
f 218 257 287
f 218 258 287
f 218 256 287
f 283 286 287
f 283 256 287
f 235 283 287
f 2056 256 287
f 2056 287 218
f 259 286 287
f 259 282 287
f 259 235 287
f 259 283 287
f 812 286 287
f 812 257 287
f 812 256 287
f 812 218 287
f 812 259 287
f 284 282 287
f 284 235 287
f 284 283 287
f 284 259 287
f 284 287 812
f 285 286 287
f 285 256 287
f 285 282 287
f 285 235 287
f 285 283 287
f 284 285 287
f 260 822 811
f 811 260 2038
f 260 288 822
f 2037 260 288
f 811 822 288
f 811 260 288
f 262 212 810
f 261 810 249
f 242 212 810
f 242 810 823
f 242 262 810
f 242 249 810
f 245 212 810
f 245 823 810
f 245 262 810
f 245 242 810
f 136 266 808
f 263 266 808
f 263 136 808
f 264 266 808
f 264 136 808
f 263 264 808
f 265 266 808
f 265 136 808
f 265 263 808
f 265 264 808
f 279 266 808
f 279 136 808
f 279 263 808
f 279 264 808
f 279 265 808
f 2049 2026 2050
f 2048 2026 2049
f 2034 2050 2026
f 2065 2068 2024
f 2044 2065 2024
f 2033 2024 2068
f 93 103 270
f 94 103 270
f 94 93 270
f 95 103 270
f 95 93 270
f 95 94 270
f 267 103 270
f 207 103 270
f 207 93 270
f 207 94 270
f 207 95 270
f 179 103 270
f 179 93 270
f 179 94 270
f 179 95 270
f 179 207 270
f 247 103 270
f 247 93 270
f 247 94 270
f 247 95 270
f 247 267 270
f 247 207 270
f 247 179 270
f 268 103 270
f 268 93 270
f 268 94 270
f 268 95 270
f 268 207 270
f 180 94 270
f 180 95 270
f 180 207 270
f 180 179 270
f 269 103 270
f 269 93 270
f 269 94 270
f 269 95 270
f 269 207 270
f 269 179 270
f 269 268 270
f 289 103 270
f 289 93 270
f 289 94 270
f 289 95 270
f 289 207 270
f 289 179 270
f 289 180 270
f 289 269 270
f 271 103 270
f 271 267 270
f 271 179 270
f 271 247 270
f 231 93 270
f 231 207 270
f 272 103 270
f 272 93 270
f 231 272 270
f 206 103 270
f 206 267 270
f 206 179 270
f 206 247 270
f 206 271 270
f 248 93 270
f 248 207 270
f 248 247 270
f 248 271 270
f 273 103 270
f 273 93 270
f 273 94 270
f 273 95 270
f 273 267 270
f 273 207 270
f 273 179 270
f 273 247 270
f 273 271 270
f 273 231 270
f 273 272 270
f 273 248 270
f 252 103 270
f 252 93 270
f 252 94 270
f 252 267 270
f 252 207 270
f 252 179 270
f 252 247 270
f 252 268 270
f 252 269 270
f 252 271 270
f 252 231 270
f 252 272 270
f 252 273 270
f 268 207 799
f 269 207 799
f 269 268 799
f 231 207 799
f 231 272 799
f 274 207 799
f 274 231 799
f 819 269 799
f 275 207 799
f 275 231 799
f 275 272 799
f 275 274 799
f 275 819 799
f 276 207 799
f 276 269 799
f 276 231 799
f 276 274 799
f 276 819 799
f 276 275 799
f 273 207 799
f 273 231 799
f 273 272 799
f 252 207 799
f 252 268 799
f 252 269 799
f 252 231 799
f 252 272 799
f 252 273 799
f 270 207 799
f 270 268 799
f 270 269 799
f 270 231 799
f 270 272 799
f 270 273 799
f 270 252 799
f 2030 2023 2078
f 2054 2078 2022
f 2023 2022 2078
f 2077 2087 2021
f 2029 2021 2087
f 2076 2020 2087
f 2029 2087 2020
f 2028 2019 2086
f 2027 2086 2019
f 2061 2063 2018
f 2037 2018 2063
f 288 2018 2037
f 2047 809 2053
f 2038 2053 809
f 2038 809 811
f 2052 2017 2060
f 2047 2060 2017
f 2046 2017 2052
f 2035 2017 2046
f 809 2047 2017
f 2073 2061 2016
f 2036 2073 2016
f 2018 2016 2061
f 133 130 902
f 244 133 902
f 262 244 902
f 277 902 244
f 277 262 902
f 261 815 902
f 810 902 262
f 810 261 902
f 137 278 280
f 136 278 280
f 136 137 280
f 263 136 280
f 264 137 280
f 264 136 280
f 263 264 280
f 230 278 280
f 255 136 280
f 255 263 280
f 255 264 280
f 265 136 280
f 265 263 280
f 265 264 280
f 265 255 280
f 279 136 280
f 279 263 280
f 279 264 280
f 279 230 280
f 279 255 280
f 279 265 280
f 808 136 280
f 808 263 280
f 808 264 280
f 808 265 280
f 808 279 280
f 2045 2034 2015
f 2033 2045 2015
f 2015 2034 2026
f 2048 2055 807
f 2043 807 2055
f 2043 2032 807
f 2026 2048 807
f 2026 807 2015
f 2032 2044 2014
f 2024 2014 2044
f 2024 2033 2014
f 2015 2014 2033
f 807 2032 2014
f 807 2014 2015
f 235 805 806
f 235 282 806
f 283 805 806
f 235 283 806
f 284 805 806
f 284 282 806
f 284 235 806
f 284 283 806
f 285 805 806
f 285 282 806
f 285 235 806
f 285 283 806
f 284 285 806
f 287 282 806
f 287 235 806
f 287 283 806
f 287 284 806
f 287 285 806
f 2299 281 804
f 234 286 804
f 805 2299 804
f 217 804 281
f 256 286 804
f 256 804 217
f 282 286 804
f 282 234 804
f 283 286 804
f 283 805 804
f 283 256 804
f 284 805 804
f 284 282 804
f 284 283 804
f 285 286 804
f 285 234 804
f 285 805 804
f 285 256 804
f 285 282 804
f 285 283 804
f 284 285 804
f 287 286 804
f 287 256 804
f 287 282 804
f 287 283 804
f 287 284 804
f 287 285 804
f 806 805 804
f 806 282 804
f 806 283 804
f 806 284 804
f 806 285 804
f 806 287 804
f 288 811 803
f 803 811 809
f 2018 288 802
f 802 2016 2018
f 802 288 803
f 803 802 809
f 2058 2054 2013
f 2035 2036 801
f 2017 2035 801
f 2017 801 809
f 2016 801 2036
f 809 803 801
f 809 802 801
f 2016 802 801
f 803 802 801
f 207 94 800
f 269 94 800
f 269 207 800
f 289 94 800
f 289 207 800
f 289 269 800
f 275 207 800
f 276 207 800
f 276 269 800
f 276 289 800
f 276 275 800
f 273 94 800
f 273 207 800
f 252 94 800
f 252 207 800
f 252 269 800
f 252 273 800
f 813 800 289
f 813 276 800
f 270 94 800
f 270 207 800
f 270 269 800
f 270 289 800
f 270 273 800
f 270 252 800
f 799 207 800
f 799 269 800
f 799 275 800
f 799 276 800
f 799 273 800
f 799 252 800
f 799 270 800
f 2022 2012 2054
f 2012 2013 2054
f 2057 2058 2011
f 2013 2011 2058
f 2009 2010 798
f 2008 2009 798
f 798 2025 290
f 2041 2100 2006
f 2040 2006 2100
f 292 293 797
f 2005 797 292
f 2002 2010 2009
f 2010 2002 2003
f 2001 798 2010
f 2010 2003 2001
f 2008 2000 2009
f 2009 2000 2002
f 2000 2008 1999
f 796 798 290
f 796 1999 290
f 798 1996 807
f 1996 2007 807
f 798 2001 1996
f 1998 1996 2001
f 1997 1996 1998
f 2007 1995 290
f 290 1995 796
f 2007 1996 1995
f 2042 2077 1994
f 2021 1994 2077
f 2028 2057 1993
f 2011 1993 2057
f 1991 292 293
f 292 1991 2005
f 293 1992 1991
f 292 293 291
f 293 291 1992
f 1990 797 2005
f 2005 1991 1990
f 1988 2004 797
f 797 1990 1988
f 2004 1988 1987
f 291 293 795
f 1989 291 795
f 292 293 794
f 797 293 794
f 797 292 794
f 291 293 794
f 291 794 292
f 795 293 794
f 795 291 794
f 2004 1986 797
f 1987 1986 2004
f 794 797 1986
f 794 1985 795
f 1986 1987 1984
f 1986 1984 794
f 1985 794 1984
f 2042 1983 2102
f 2031 2102 1983
f 2020 1982 2029
f 2012 2022 1981
f 2021 2029 1980
f 1980 2029 1982
f 1982 2020 1979
f 2041 1978 2076
f 2020 2076 1978
f 2006 1978 2041
f 1979 2020 1978
f 1983 1977 2031
f 2030 2031 1976
f 2023 2030 1976
f 1977 1976 2031
f 1976 1975 2023
f 2022 2023 1974
f 1981 2022 1974
f 1975 1974 2023
f 2019 2028 1973
f 1993 1973 2028
f 2039 297 2040
f 2027 295 2039
f 297 2039 295
f 297 296 295
f 1994 2021 1972
f 1980 1972 2021
f 1981 1971 2012
f 2013 2012 1970
f 1971 1970 2012
f 2011 2013 1969
f 1970 1969 2013
f 2019 1968 2027
f 1973 1968 2019
f 1968 295 2027
f 1977 1983 1967
f 1993 2011 1966
f 1969 1966 2011
f 2006 2040 1965
f 297 1965 2040
f 1994 1964 2042
f 1983 2042 1964
f 1967 1983 1964
f 1971 1981 1963
f 1979 294 1982
f 1974 1962 1981
f 1962 1963 1981
f 1982 1961 1980
f 1961 1982 294
f 1978 903 1979
f 294 1979 903
f 1960 294 903
f 1978 2006 1959
f 1965 1959 2006
f 1973 1993 1958
f 1966 1958 1993
f 1972 1980 1957
f 1961 1957 1980
f 903 1978 1956
f 1959 1956 1978
f 1972 1955 1994
f 1964 1994 1955
f 1970 1971 1954
f 1969 1970 1953
f 1954 1953 1970
f 1963 1952 1971
f 1954 1971 1952
f 1966 1969 1951
f 1953 1951 1969
f 1963 1962 1950
f 1950 1952 1963
f 1967 1949 1977
f 1976 1977 1948
f 1949 1948 1977
f 1975 1976 1947
f 1948 1947 1976
f 1974 1975 1946
f 1947 1946 1975
f 1957 1945 1972
f 1955 1972 1945
f 294 1944 1961
f 903 793 294
f 1944 294 793
f 1956 1942 903
f 793 903 1942
f 1958 1966 1941
f 1951 1941 1966
f 1956 1959 1940
f 1964 1939 1967
f 1949 1967 1939
f 1962 1974 1938
f 1946 1938 1974
f 1950 1962 1937
f 1938 1937 1962
f 793 1936 1943
f 1958 1935 1973
f 1941 1935 1958
f 1935 1934 1973
f 1968 1973 1932
f 1934 1932 1973
f 297 296 792
f 295 296 792
f 295 297 792
f 1933 297 792
f 295 1968 1931
f 1931 1968 1932
f 792 295 1931
f 1957 1961 1930
f 1944 1930 1961
f 1942 1956 1929
f 1940 1929 1956
f 1965 297 1928
f 1933 1928 297
f 297 296 298
f 295 296 298
f 295 297 298
f 792 296 298
f 792 297 298
f 792 295 298
f 1955 1927 1964
f 1939 1964 1927
f 1959 1965 1926
f 1940 1959 1926
f 1926 1965 1928
f 1945 1957 1925
f 1930 1925 1957
f 1929 1940 1924
f 1926 1924 1940
f 2001 2003 1923
f 1923 2003 1922
f 2002 1921 2003
f 1922 2003 1921
f 1998 2001 1920
f 1923 1920 2001
f 2000 1919 2002
f 1921 2002 1919
f 1997 1998 1918
f 1920 1918 1998
f 1999 1917 2000
f 1919 2000 1917
f 796 1916 1999
f 1917 1999 1916
f 1996 1997 1915
f 1918 1915 1997
f 1995 1996 1914
f 1915 1914 1996
f 1995 1913 796
f 1916 796 1913
f 1914 1913 1995
f 1991 1992 1912
f 1990 1991 1911
f 1912 1911 1991
f 291 1910 1992
f 1912 1992 1910
f 1988 1990 1909
f 1911 1909 1990
f 1989 1908 291
f 1910 291 1908
f 1987 1988 1907
f 1909 1907 1988
f 1984 1987 1906
f 1907 1906 1987
f 795 1905 1989
f 1908 1989 1905
f 1985 1904 795
f 1905 795 1904
f 1984 1903 1985
f 1906 1903 1984
f 1904 1985 1903
f 1935 1941 1902
f 1934 1935 1902
f 1952 1950 1900
f 1952 1899 1954
f 1900 1899 1952
f 1953 1954 1898
f 1899 1898 1954
f 1951 1953 1897
f 1898 1897 1953
f 1941 1951 1896
f 1896 1902 1941
f 1897 1896 1951
f 1937 299 1950
f 1900 1950 299
f 1937 1938 904
f 904 299 1937
f 904 1901 299
f 793 1895 1944
f 1942 1894 793
f 1895 793 1894
f 1929 1893 1942
f 1894 1942 1893
f 1930 1944 1892
f 1895 1892 1944
f 1924 1891 1929
f 1893 1929 1891
f 792 1890 1933
f 1932 1934 1889
f 1931 1888 792
f 1890 792 1888
f 1932 1887 1931
f 1887 1932 1889
f 1888 1931 1887
f 1946 1947 1886
f 1938 1946 1884
f 904 1938 1884
f 1886 1884 1946
f 1945 1883 1955
f 1927 1955 1883
f 1925 1883 1945
f 1885 1927 1883
f 1925 1930 1882
f 1882 1930 1892
f 1883 1925 1882
f 1891 1924 1881
f 1924 1926 1880
f 1881 1924 1880
f 1902 1896 1879
f 1928 1933 1878
f 1928 1878 1926
f 1878 1933 1890
f 1880 1926 1878
f 1902 1877 1934
f 1877 1889 1934
f 1879 1877 1902
f 1939 1875 1949
f 1948 1949 1874
f 1875 1874 1949
f 1947 1948 1873
f 1886 1947 1873
f 1874 1873 1948
f 1927 1872 1939
f 1885 1872 1927
f 1875 1939 1872
f 1872 327 1875
f 1874 1875 1871
f 327 1871 1875
f 1873 1874 1870
f 1871 1870 1874
f 1872 1885 1869
f 327 1872 1869
f 1873 1868 1886
f 1870 1868 1873
f 1869 1885 1867
f 1884 1886 1866
f 1868 1866 1886
f 1883 1865 1885
f 1882 1865 1883
f 1867 1885 1865
f 1892 1864 1882
f 1865 1882 1864
f 1884 1863 904
f 1866 1863 1884
f 1892 1895 1862
f 1864 1892 1862
f 1863 1861 904
f 299 904 1860
f 1861 1860 904
f 1894 1859 1895
f 1862 1895 1859
f 299 1858 1900
f 1860 1858 299
f 1893 1857 1894
f 1859 1894 1857
f 1899 1900 1856
f 1858 1856 1900
f 1891 1855 1893
f 1857 1893 1855
f 1898 1899 1854
f 1856 1854 1899
f 1881 1853 1891
f 1855 1891 1853
f 1897 1898 1852
f 1854 1852 1898
f 1896 1897 1851
f 1852 1851 1897
f 1880 1850 1881
f 1853 1881 1850
f 1850 1880 1849
f 1878 1848 1880
f 1879 1896 1847
f 1851 1847 1896
f 1890 1846 1878
f 1848 1878 1846
f 1877 1879 1845
f 1847 1845 1879
f 1888 1844 1890
f 1846 1890 1844
f 1876 1877 1843
f 1845 1843 1877
f 1887 1842 1888
f 1844 1888 1842
f 1876 1841 1887
f 1841 1876 1843
f 1842 1887 1841
f 1920 1923 790
f 790 905 1839
f 1922 300 1923
f 1921 300 1922
f 790 1923 300
f 905 790 300
f 1838 300 790
f 790 1839 791
f 1838 790 791
f 300 790 791
f 300 1838 791
f 300 905 783
f 1918 1920 301
f 790 301 1920
f 791 790 301
f 300 790 789
f 791 790 789
f 791 300 789
f 301 790 789
f 301 791 789
f 1919 1837 1921
f 300 1921 1837
f 300 1837 905
f 783 1836 300
f 789 300 1836
f 301 906 1918
f 301 790 906
f 789 906 790
f 789 301 906
f 1917 1835 1919
f 1837 1919 1835
f 906 301 1834
f 1835 1833 1837
f 1916 1832 1917
f 1835 1917 1832
f 1833 1835 1832
f 1832 1831 1833
f 1915 1918 1830
f 1914 1915 1830
f 906 1830 1918
f 1834 328 906
f 1830 906 328
f 1913 1914 1829
f 1830 1829 1914
f 328 1829 1830
f 1913 315 1916
f 1832 1916 315
f 1829 315 1913
f 1829 328 316
f 317 328 316
f 315 1829 316
f 315 317 316
f 1831 1832 785
f 315 785 1832
f 315 317 785
f 316 317 785
f 316 315 785
f 1911 1912 302
f 1909 1911 303
f 302 303 1911
f 323 302 303
f 303 323 322
f 1910 304 1912
f 302 1912 304
f 303 302 304
f 323 304 302
f 303 323 304
f 322 303 304
f 322 303 319
f 1907 1909 306
f 303 306 1909
f 322 303 306
f 319 303 306
f 319 322 306
f 322 323 305
f 319 322 305
f 306 322 307
f 1908 311 1910
f 304 1910 311
f 304 323 311
f 1828 304 311
f 305 323 311
f 1906 1907 308
f 306 308 1907
f 306 319 308
f 329 308 319
f 322 323 312
f 304 323 312
f 319 322 312
f 305 323 312
f 305 322 312
f 305 319 312
f 311 323 312
f 311 304 312
f 311 305 312
f 322 323 320
f 319 322 320
f 307 322 320
f 308 319 320
f 312 323 320
f 312 322 320
f 312 319 320
f 320 319 331
f 1903 1906 310
f 306 319 310
f 307 306 310
f 329 319 310
f 308 310 1906
f 308 319 310
f 308 306 310
f 308 329 310
f 788 329 310
f 1905 330 1908
f 311 1908 330
f 312 311 330
f 312 311 313
f 320 312 313
f 330 311 313
f 330 312 313
f 319 322 309
f 306 322 309
f 306 319 309
f 305 322 309
f 305 319 309
f 307 322 309
f 307 306 309
f 308 319 309
f 308 306 309
f 312 322 309
f 312 319 309
f 312 305 309
f 320 322 309
f 320 319 309
f 320 309 307
f 320 309 308
f 320 312 309
f 331 319 309
f 331 320 309
f 310 319 309
f 310 306 309
f 310 308 309
f 310 309 788
f 313 312 309
f 313 320 309
f 1904 314 1905
f 311 305 314
f 312 305 314
f 312 311 314
f 330 1905 314
f 330 311 314
f 330 312 314
f 313 311 314
f 313 312 314
f 313 330 314
f 309 305 314
f 309 312 314
f 309 313 314
f 310 788 787
f 309 787 788
f 309 310 787
f 309 313 787
f 314 787 313
f 314 309 787
f 1903 786 1904
f 310 786 1903
f 309 310 786
f 314 1904 786
f 314 309 786
f 315 317 318
f 316 317 318
f 316 315 318
f 785 317 318
f 785 315 318
f 785 316 318
f 1867 1827 1869
f 322 323 321
f 319 322 321
f 312 323 321
f 312 322 321
f 312 319 321
f 320 323 321
f 320 322 321
f 320 319 321
f 320 312 321
f 309 322 321
f 309 319 321
f 309 312 321
f 309 320 321
f 1865 784 1867
f 1827 1867 784
f 1864 325 1865
f 784 1865 325
f 1862 1826 1864
f 325 1864 1826
f 1859 1825 1862
f 1826 1862 1825
f 1857 1824 1859
f 1825 1859 1824
f 1855 1823 1857
f 1824 1857 1823
f 1853 1822 1855
f 1823 1855 1822
f 1850 1821 1853
f 1822 1853 1821
f 1849 1820 1850
f 1821 1850 1820
f 1846 1819 1848
f 1820 1849 1819
f 1844 1818 1846
f 1819 1846 1818
f 783 300 909
f 791 1817 300
f 909 300 1817
f 909 1816 783
f 322 323 324
f 312 323 324
f 312 322 324
f 320 323 324
f 320 322 324
f 320 312 324
f 331 320 324
f 313 312 324
f 313 320 324
f 309 322 324
f 309 312 324
f 309 320 324
f 309 331 324
f 309 313 324
f 309 331 782
f 781 782 331
f 324 331 782
f 324 309 782
f 784 326 1827
f 325 784 326
f 325 784 1815
f 326 1815 784
f 326 325 1815
f 1871 327 1814
f 1870 1871 1814
f 1868 1870 1813
f 1814 1813 1870
f 1827 1812 1869
f 1866 1868 1811
f 1813 1811 1868
f 326 1810 1827
f 1812 1827 1810
f 1826 1809 325
f 326 325 1809
f 1810 326 1809
f 1863 1866 1808
f 1811 1808 1866
f 1861 1863 1807
f 1860 1861 1807
f 1808 1807 1863
f 1858 1860 1806
f 1807 1806 1860
f 1856 1858 1805
f 1806 1805 1858
f 1854 1856 1804
f 1805 1804 1856
f 1852 1854 1803
f 1804 1803 1854
f 1851 1852 1802
f 1803 1802 1852
f 1847 1851 1801
f 1802 1801 1851
f 1842 1800 1844
f 1818 1844 1800
f 1845 1847 1799
f 1843 1845 1799
f 1801 1799 1847
f 1841 1798 1842
f 1800 1842 1798
f 1843 1797 1841
f 1799 1797 1843
f 1798 1841 1797
f 1869 907 327
f 1840 327 907
f 1814 327 907
f 1812 907 1869
f 1818 1796 1819
f 1800 1796 1818
f 1825 1795 1826
f 1809 1826 1795
f 1809 1795 1810
f 1824 1794 1825
f 1795 1825 1794
f 1823 1793 1824
f 1794 1824 1793
f 1822 1792 1823
f 1793 1823 1792
f 1821 1791 1822
f 1792 1822 1791
f 1820 1790 1821
f 1791 1821 1790
f 1819 1789 1820
f 1796 1789 1819
f 1790 1820 1789
f 1789 1796 1788
f 791 1839 1787
f 301 791 1787
f 905 1786 1839
f 1787 1839 1786
f 1834 301 1785
f 1787 1785 301
f 1837 1784 905
f 1786 905 1784
f 1833 1783 1837
f 1784 1837 1783
f 328 1834 1782
f 1785 1782 1834
f 1831 1781 1833
f 1783 1833 1781
f 316 328 1780
f 1782 1780 328
f 785 316 1779
f 1780 1779 316
f 785 1778 1831
f 1781 1831 1778
f 1779 1778 785
f 304 1777 303
f 319 303 1776
f 1777 1776 303
f 1828 1775 304
f 1777 304 1775
f 309 319 1774
f 309 1774 307
f 1776 1774 319
f 1775 1828 780
f 311 336 1828
f 780 1828 336
f 310 329 1773
f 786 310 1772
f 1773 1772 310
f 330 337 311
f 336 311 337
f 314 773 330
f 337 330 773
f 786 1771 314
f 1772 1771 786
f 773 314 1771
f 1779 1780 334
f 907 1812 1770
f 907 1769 1814
f 1770 1769 907
f 1813 1814 1768
f 1769 1768 1814
f 1810 1767 1812
f 1770 1812 1767
f 1795 1766 1810
f 1767 1810 1766
f 1811 1813 1765
f 1768 1765 1813
f 1794 1764 1795
f 1766 1795 1764
f 1808 1811 1763
f 1765 1763 1811
f 1793 1762 1794
f 1764 1794 1762
f 1807 1808 1761
f 1763 1761 1808
f 1792 1760 1793
f 1762 1793 1760
f 1806 1807 1759
f 1761 1759 1807
f 1791 1758 1792
f 1760 1792 1758
f 1805 1806 1757
f 1759 1757 1806
f 1790 1756 1791
f 1758 1791 1756
f 1804 1805 1755
f 1757 1755 1805
f 1789 1754 1790
f 1756 1790 1754
f 1803 1804 1753
f 1755 1753 1804
f 1788 1752 1789
f 1754 1789 1752
f 1802 1803 1751
f 1753 1751 1803
f 1788 1796 1750
f 1752 1788 1750
f 1801 1802 1749
f 1751 1749 1802
f 1796 1800 1748
f 1750 1796 1748
f 1798 1747 1800
f 1748 1800 1747
f 1799 1801 1746
f 1749 1746 1801
f 1797 1745 1798
f 1747 1798 1745
f 1797 1799 1744
f 1746 1744 1799
f 1745 1797 1744
f 1836 779 789
f 779 1836 1743
f 1743 1836 1742
f 320 312 1741
f 331 320 1740
f 1741 1740 320
f 1740 1739 331
f 1817 347 909
f 1786 1738 1787
f 778 1787 1738
f 1738 1737 778
f 332 778 1737
f 1785 1787 777
f 778 777 1787
f 332 778 777
f 1782 1785 776
f 332 778 776
f 777 776 1785
f 777 776 778
f 777 332 776
f 1737 1738 1736
f 1784 1735 1786
f 1738 1786 1735
f 1736 1738 1735
f 1780 1782 908
f 776 908 1782
f 776 777 908
f 1735 1734 1736
f 1783 1733 1784
f 1735 1784 1733
f 1734 1735 1733
f 334 1780 333
f 908 333 1780
f 1733 1732 1734
f 333 334 335
f 333 908 335
f 1781 1731 1783
f 1733 1783 1731
f 1732 1733 1731
f 1778 1779 339
f 334 339 1779
f 333 334 339
f 335 334 339
f 335 339 333
f 1778 1730 1781
f 1731 1781 1730
f 1731 1730 1732
f 339 1730 1778
f 1776 1777 1729
f 1775 1728 1777
f 1728 1729 1777
f 1729 1728 775
f 780 1727 1775
f 1728 1775 1727
f 1774 1776 1726
f 1729 1726 1776
f 1727 1725 1728
f 775 770 1729
f 1726 1729 770
f 336 780 774
f 337 774 336
f 1727 780 774
f 1725 1727 774
f 770 1724 1726
f 1773 1774 1723
f 1726 1723 1774
f 1724 1723 1726
f 1723 1724 1722
f 1772 1773 1721
f 1723 1721 1773
f 1722 1721 1723
f 336 780 772
f 337 336 772
f 773 772 337
f 774 772 780
f 774 336 772
f 774 337 772
f 1721 1722 1719
f 337 336 338
f 773 337 338
f 1771 338 773
f 772 338 336
f 772 337 338
f 772 773 338
f 1720 772 338
f 1771 1772 1718
f 1721 1718 1772
f 1719 1718 1721
f 1719 1720 1718
f 338 1771 1718
f 338 1718 1720
f 765 1717 347
f 1716 771 1713
f 741 1713 771
f 1714 1713 741
f 1737 1712 332
f 1715 1716 1712
f 1713 332 1712
f 1713 1712 1716
f 777 332 1710
f 1713 1710 332
f 1713 1714 1710
f 1736 1709 1737
f 1712 1737 1709
f 1712 1709 1715
f 1711 1715 1709
f 908 777 1708
f 1710 1708 777
f 1734 1707 1736
f 1709 1736 1707
f 1709 1707 1711
f 1707 1706 1711
f 333 908 1705
f 1708 1705 908
f 1732 1704 1734
f 1707 1734 1704
f 1706 1707 1704
f 1705 1708 1703
f 1704 1701 1706
f 1702 1706 1701
f 1703 411 1705
f 339 333 415
f 1730 339 415
f 1705 415 333
f 411 415 1705
f 1730 414 1732
f 1704 1732 414
f 1701 1704 414
f 415 414 1730
f 1701 1700 1702
f 414 1700 1701
f 1817 791 348
f 347 1817 348
f 765 348 347
f 909 783 752
f 1816 752 783
f 1816 909 752
f 347 752 909
f 348 347 752
f 789 751 791
f 779 751 789
f 348 791 751
f 752 348 751
f 1836 783 369
f 1742 1836 369
f 752 369 783
f 752 348 369
f 751 348 369
f 751 752 369
f 751 779 397
f 369 751 397
f 1743 376 779
f 751 779 376
f 369 751 376
f 397 779 376
f 397 751 376
f 397 369 376
f 1746 1749 341
f 1744 353 1745
f 1744 1746 342
f 342 1746 341
f 353 1744 342
f 1740 1741 767
f 1739 1740 755
f 767 755 1740
f 1741 312 753
f 767 1741 753
f 1739 743 331
f 324 385 312
f 753 312 385
f 781 331 407
f 782 331 407
f 782 781 407
f 743 407 331
f 385 753 344
f 775 1728 345
f 770 775 345
f 1698 345 346
f 344 345 1728
f 344 385 345
f 344 346 345
f 770 340 775
f 345 775 340
f 345 340 770
f 345 346 422
f 344 1696 1697
f 1725 1695 1728
f 344 1728 1695
f 1696 344 1695
f 782 781 384
f 782 384 324
f 385 324 384
f 385 753 384
f 407 384 781
f 407 782 384
f 407 385 384
f 344 753 384
f 344 385 384
f 344 346 384
f 345 385 384
f 345 346 384
f 345 344 384
f 340 345 384
f 422 346 384
f 422 345 384
f 384 1694 340
f 1724 770 1693
f 340 1693 770
f 1694 1693 340
f 774 1692 1725
f 1695 1725 1692
f 1695 1692 1696
f 1693 1691 1724
f 1693 1694 1691
f 1694 384 1690
f 1691 1694 1690
f 1722 1724 1689
f 1691 1689 1724
f 1690 1689 1691
f 772 1688 774
f 1692 774 1688
f 1720 1686 772
f 1719 1686 1720
f 1688 772 1686
f 1719 1722 1685
f 1689 1685 1722
f 1686 1719 1685
f 1689 1690 1684
f 1685 1689 1684
f 1686 1683 1687
f 1684 1682 1685
f 1683 1686 1681
f 1685 1680 1686
f 1682 1680 1685
f 1681 1686 1680
f 1767 1679 1770
f 1769 1770 1678
f 1679 1678 1770
f 1768 1769 1677
f 1678 1677 1769
f 1766 1676 1767
f 1679 1767 1676
f 1765 1768 1675
f 1677 1675 1768
f 1764 769 1766
f 1676 1766 769
f 1763 1765 1674
f 1675 1674 1765
f 1762 410 1764
f 769 1764 410
f 1761 1763 1673
f 1674 1673 1763
f 1760 1672 1762
f 410 1762 1672
f 1673 1671 1761
f 1758 1670 1760
f 1672 1760 1670
f 1759 1761 1669
f 1671 1669 1761
f 1756 1668 1758
f 1670 1758 1668
f 1757 1759 1667
f 1669 1667 1759
f 1754 1666 1756
f 1668 1756 1666
f 1755 1757 1665
f 1667 1665 1757
f 1752 1664 1754
f 1666 1754 1664
f 1753 1755 768
f 1665 768 1755
f 1663 1662 768
f 1750 1661 1752
f 1664 1752 1661
f 1751 1753 1660
f 768 1660 1753
f 1748 1659 1750
f 1661 1750 1659
f 1749 1751 762
f 1660 762 1751
f 1747 1658 1748
f 1659 1748 1658
f 351 341 1749
f 350 351 341
f 762 351 1749
f 351 762 350
f 1745 1657 1747
f 1657 1745 353
f 1658 1747 1657
f 341 350 343
f 341 342 343
f 342 353 343
f 415 411 390
f 348 415 390
f 1699 370 414
f 369 752 371
f 370 414 371
f 370 752 371
f 751 348 377
f 369 348 377
f 369 751 377
f 397 751 377
f 397 369 377
f 371 369 377
f 1742 349 1743
f 369 349 1742
f 397 369 349
f 376 1743 349
f 376 369 349
f 376 397 349
f 371 369 349
f 377 369 349
f 377 397 349
f 377 371 349
f 369 751 380
f 397 751 380
f 397 369 380
f 376 751 380
f 376 369 380
f 376 397 380
f 371 369 380
f 377 751 380
f 377 369 380
f 377 397 380
f 377 371 380
f 369 751 355
f 397 751 355
f 397 369 355
f 376 751 355
f 376 369 355
f 376 397 355
f 371 369 355
f 377 751 355
f 377 369 355
f 377 397 355
f 377 371 355
f 355 369 349
f 355 397 349
f 355 376 349
f 355 371 349
f 355 377 349
f 380 751 355
f 380 369 355
f 380 397 355
f 380 376 355
f 380 371 355
f 380 377 355
f 355 380 759
f 1656 380 759
f 341 350 352
f 341 342 352
f 350 762 352
f 350 351 352
f 341 351 352
f 351 762 352
f 343 350 352
f 343 341 352
f 343 342 352
f 341 350 763
f 341 342 763
f 342 353 763
f 350 351 763
f 341 351 763
f 343 350 763
f 343 341 763
f 343 353 763
f 343 342 763
f 352 350 763
f 352 341 763
f 352 342 763
f 352 351 763
f 352 343 763
f 352 763 358
f 753 360 767
f 755 767 356
f 360 767 356
f 360 358 356
f 755 383 1739
f 743 1739 383
f 383 743 363
f 344 385 386
f 344 346 386
f 766 385 386
f 743 753 374
f 385 753 374
f 407 743 374
f 407 385 374
f 1698 346 374
f 344 753 374
f 344 385 374
f 344 346 374
f 345 385 374
f 345 346 374
f 345 1698 374
f 345 344 374
f 422 346 374
f 422 345 374
f 384 753 374
f 384 385 374
f 384 407 374
f 384 346 374
f 384 344 374
f 384 345 374
f 384 422 374
f 360 753 374
f 363 743 374
f 363 360 374
f 766 385 374
f 766 374 360
f 386 385 374
f 386 346 374
f 386 344 374
f 386 374 766
f 374 407 365
f 765 347 391
f 1717 391 347
f 1717 765 391
f 415 411 391
f 414 415 391
f 1700 414 391
f 348 347 391
f 348 765 391
f 348 415 391
f 752 347 391
f 752 348 391
f 391 387 1700
f 391 752 387
f 752 348 1655
f 391 1655 348
f 391 752 1655
f 387 392 1700
f 387 752 392
f 370 752 392
f 392 752 371
f 392 370 371
f 391 752 392
f 387 391 392
f 751 764 348
f 369 348 764
f 369 751 764
f 397 751 764
f 397 369 764
f 362 755 356
f 365 1654 407
f 345 344 419
f 340 345 419
f 422 345 419
f 384 344 419
f 384 345 419
f 384 340 419
f 384 422 419
f 374 344 419
f 374 345 419
f 374 422 419
f 374 384 419
f 1675 1677 1653
f 1674 1675 1653
f 351 762 761
f 352 762 761
f 352 351 761
f 369 752 372
f 376 369 372
f 371 752 372
f 371 369 372
f 392 752 372
f 371 392 372
f 397 369 359
f 376 369 359
f 376 397 359
f 371 369 359
f 377 369 359
f 377 397 359
f 377 371 359
f 349 369 359
f 349 397 359
f 349 376 359
f 349 371 359
f 349 377 359
f 380 369 359
f 380 397 359
f 380 376 359
f 380 371 359
f 380 377 359
f 355 369 359
f 355 397 359
f 355 376 359
f 355 371 359
f 355 377 359
f 349 355 359
f 355 380 359
f 372 369 359
f 372 376 359
f 372 371 359
f 759 910 355
f 359 355 910
f 763 358 758
f 360 358 758
f 360 358 357
f 356 358 357
f 356 360 357
f 364 356 357
f 356 362 357
f 350 762 354
f 350 351 354
f 351 762 354
f 343 350 354
f 343 353 354
f 352 350 354
f 352 762 354
f 352 351 354
f 352 343 354
f 352 358 354
f 763 350 354
f 763 354 353
f 763 351 354
f 763 343 354
f 763 358 354
f 763 352 354
f 360 358 354
f 356 358 354
f 356 360 354
f 356 362 354
f 761 762 354
f 761 351 354
f 761 352 354
f 357 358 354
f 357 360 354
f 357 356 354
f 357 362 354
f 743 753 361
f 360 753 361
f 356 755 361
f 356 360 361
f 383 755 361
f 383 743 361
f 363 743 361
f 363 360 361
f 363 383 361
f 357 360 361
f 357 356 361
f 743 753 366
f 407 743 366
f 344 753 366
f 360 753 366
f 356 360 366
f 364 356 366
f 374 753 366
f 374 743 366
f 374 407 366
f 374 344 366
f 374 360 366
f 374 364 366
f 365 407 366
f 365 374 366
f 361 753 366
f 361 743 366
f 361 360 366
f 361 356 366
f 355 376 401
f 359 376 401
f 359 355 401
f 1678 1679 1652
f 1677 1678 1651
f 1653 1677 1651
f 1653 1651 1674
f 1652 1651 1678
f 1676 1650 1679
f 1651 1652 1649
f 403 1649 1652
f 360 358 382
f 356 358 382
f 356 360 382
f 356 362 382
f 357 358 382
f 357 360 382
f 357 356 382
f 357 362 382
f 354 358 382
f 354 360 382
f 354 356 382
f 354 362 382
f 354 357 382
f 1652 1679 1648
f 769 911 1676
f 410 769 911
f 1650 1676 911
f 407 743 404
f 374 743 404
f 374 407 404
f 759 1647 380
f 354 1646 357
f 371 370 416
f 751 752 373
f 397 751 373
f 370 752 373
f 371 752 373
f 371 370 373
f 377 751 373
f 377 397 373
f 377 371 373
f 380 751 373
f 380 397 373
f 380 371 373
f 380 377 373
f 372 752 373
f 372 371 373
f 359 397 373
f 359 371 373
f 359 377 373
f 359 380 373
f 359 372 373
f 416 370 373
f 416 371 373
f 380 371 398
f 355 371 398
f 355 380 398
f 359 371 398
f 359 380 398
f 359 355 398
f 910 355 398
f 910 398 359
f 401 355 398
f 401 359 398
f 373 371 398
f 373 380 398
f 373 359 398
f 1656 760 380
f 759 380 760
f 759 760 1656
f 1647 760 380
f 1647 759 760
f 910 759 1645
f 398 910 1645
f 760 1645 759
f 763 381 358
f 360 358 381
f 758 358 381
f 758 381 763
f 758 381 360
f 743 753 375
f 360 753 375
f 356 755 375
f 356 360 375
f 383 755 375
f 383 743 375
f 363 743 375
f 363 360 375
f 363 383 375
f 364 356 375
f 362 375 755
f 356 362 375
f 357 360 375
f 357 356 375
f 357 364 375
f 357 362 375
f 354 360 375
f 354 356 375
f 354 362 375
f 354 357 375
f 361 755 375
f 361 753 375
f 361 743 375
f 361 360 375
f 361 356 375
f 361 383 375
f 361 363 375
f 361 357 375
f 366 753 375
f 366 743 375
f 366 360 375
f 366 356 375
f 366 364 375
f 366 361 375
f 382 360 375
f 382 356 375
f 382 362 375
f 382 357 375
f 382 354 375
f 404 743 375
f 1646 375 357
f 1646 354 375
f 381 360 375
f 1644 375 381
f 743 753 367
f 385 753 367
f 407 743 367
f 407 385 367
f 344 753 367
f 344 385 367
f 360 753 367
f 356 360 367
f 383 743 367
f 363 743 367
f 363 360 367
f 363 383 367
f 364 356 367
f 386 385 367
f 386 344 367
f 374 753 367
f 374 743 367
f 374 385 367
f 374 407 367
f 374 344 367
f 374 360 367
f 374 363 367
f 374 364 367
f 374 386 367
f 365 407 367
f 365 374 367
f 354 360 367
f 354 356 367
f 361 753 367
f 361 743 367
f 361 360 367
f 361 356 367
f 361 383 367
f 361 363 367
f 366 753 367
f 366 743 367
f 366 407 367
f 366 344 367
f 366 360 367
f 366 356 367
f 366 364 367
f 366 374 367
f 366 365 367
f 366 361 367
f 404 743 367
f 404 407 367
f 404 374 367
f 375 753 367
f 375 743 367
f 375 360 367
f 375 356 367
f 375 383 367
f 375 363 367
f 375 364 367
f 375 354 367
f 375 361 367
f 375 366 367
f 375 404 367
f 353 1643 1657
f 1657 1643 1658
f 343 1643 353
f 419 344 1642
f 348 368 415
f 752 348 368
f 391 415 368
f 391 348 368
f 391 752 368
f 391 415 412
f 415 411 379
f 348 415 379
f 752 348 379
f 390 411 379
f 390 415 379
f 390 348 379
f 370 752 379
f 371 752 379
f 371 370 379
f 391 411 379
f 391 415 379
f 391 348 379
f 391 752 379
f 414 415 388
f 348 415 388
f 752 348 388
f 751 348 388
f 751 752 388
f 369 348 388
f 369 752 388
f 369 751 388
f 387 752 388
f 390 415 388
f 390 348 388
f 370 414 388
f 370 752 388
f 371 414 388
f 371 752 388
f 371 369 388
f 371 370 388
f 380 751 388
f 380 369 388
f 380 371 388
f 391 415 388
f 391 414 388
f 391 348 388
f 391 752 388
f 387 391 388
f 392 752 388
f 392 387 388
f 392 370 388
f 371 392 388
f 392 391 388
f 372 752 388
f 372 369 388
f 372 371 388
f 372 392 388
f 416 370 388
f 416 371 388
f 373 752 388
f 373 751 388
f 373 370 388
f 373 371 388
f 373 380 388
f 373 372 388
f 373 416 388
f 379 415 388
f 379 348 388
f 379 752 388
f 379 390 388
f 379 370 388
f 379 371 388
f 379 391 388
f 743 753 405
f 385 753 405
f 344 753 405
f 344 385 405
f 345 385 405
f 345 344 405
f 360 753 405
f 386 385 405
f 386 344 405
f 374 753 405
f 374 743 405
f 374 385 405
f 374 344 405
f 374 345 405
f 374 360 405
f 374 364 405
f 374 386 405
f 357 360 405
f 357 364 405
f 366 753 405
f 366 743 405
f 366 344 405
f 366 360 405
f 366 364 405
f 366 374 405
f 375 753 405
f 375 743 405
f 375 360 405
f 375 364 405
f 375 357 405
f 375 366 405
f 367 753 405
f 367 743 405
f 367 385 405
f 367 344 405
f 367 360 405
f 367 364 405
f 367 386 405
f 367 374 405
f 367 366 405
f 367 375 405
f 1641 360 405
f 374 422 735
f 1654 365 744
f 387 752 389
f 392 752 389
f 392 387 389
f 389 752 388
f 389 387 388
f 389 392 388
f 387 752 393
f 391 752 393
f 387 391 393
f 392 752 393
f 392 387 393
f 392 391 393
f 388 752 393
f 388 387 393
f 388 391 393
f 388 392 393
f 389 752 393
f 389 387 393
f 389 392 393
f 388 389 393
f 751 348 378
f 397 751 378
f 376 751 378
f 376 397 378
f 390 348 378
f 757 348 378
f 377 348 378
f 377 751 378
f 377 397 378
f 377 371 378
f 380 751 378
f 380 397 378
f 380 376 378
f 380 371 378
f 380 757 378
f 380 377 378
f 391 348 378
f 373 751 378
f 373 397 378
f 373 371 378
f 373 377 378
f 373 380 378
f 379 348 378
f 379 390 378
f 379 371 378
f 379 391 378
f 388 348 378
f 388 751 378
f 388 390 378
f 388 371 378
f 388 380 378
f 388 391 378
f 388 373 378
f 388 379 378
f 376 369 396
f 377 369 396
f 349 369 396
f 349 376 396
f 349 377 396
f 380 369 396
f 380 376 396
f 380 377 396
f 372 369 396
f 372 376 396
f 359 369 396
f 359 376 396
f 359 377 396
f 359 349 396
f 359 380 396
f 359 372 396
f 401 376 396
f 401 359 396
f 398 380 396
f 398 359 396
f 398 401 396
f 397 751 400
f 377 751 400
f 377 397 400
f 380 751 400
f 380 397 400
f 380 400 757
f 380 377 400
f 373 751 400
f 373 397 400
f 373 377 400
f 373 380 400
f 398 380 400
f 398 401 400
f 398 373 400
f 760 380 400
f 1645 400 398
f 1645 760 400
f 378 751 400
f 378 397 400
f 378 757 400
f 378 377 400
f 378 380 400
f 378 373 400
f 755 756 767
f 360 767 756
f 766 360 756
f 366 360 756
f 381 360 756
f 1644 381 756
f 375 756 755
f 375 360 756
f 375 366 756
f 375 381 756
f 375 1644 756
f 756 360 1641
f 756 360 405
f 756 366 405
f 756 375 405
f 1641 405 756
f 755 754 767
f 356 767 754
f 356 755 754
f 383 755 754
f 383 743 754
f 361 755 754
f 361 743 754
f 361 356 754
f 361 383 754
f 382 356 754
f 375 755 754
f 375 743 754
f 375 356 754
f 375 383 754
f 375 361 754
f 375 382 754
f 743 753 406
f 385 753 406
f 345 385 406
f 422 345 406
f 384 753 406
f 384 385 406
f 384 345 406
f 384 422 406
f 386 385 406
f 374 753 406
f 374 743 406
f 374 385 406
f 374 345 406
f 374 422 406
f 374 384 406
f 374 386 406
f 419 345 406
f 419 422 406
f 419 384 406
f 419 374 406
f 366 753 406
f 366 743 406
f 366 374 406
f 367 753 406
f 367 743 406
f 367 385 406
f 367 386 406
f 367 374 406
f 367 366 406
f 405 753 406
f 405 743 406
f 405 385 406
f 405 345 406
f 405 386 406
f 405 374 406
f 405 366 406
f 405 367 406
f 1643 1640 1658
f 349 369 402
f 764 402 369
f 372 369 402
f 388 402 369
f 388 372 402
f 396 369 402
f 396 349 402
f 396 372 402
f 1650 1638 1679
f 1648 1679 1638
f 911 1638 1650
f 348 415 394
f 752 348 394
f 751 348 394
f 751 752 394
f 390 415 394
f 390 348 394
f 391 415 394
f 391 348 394
f 391 752 394
f 373 752 394
f 373 751 394
f 379 415 394
f 379 348 394
f 379 752 394
f 379 390 394
f 379 391 394
f 388 415 394
f 388 348 394
f 388 752 394
f 388 751 394
f 388 390 394
f 388 391 394
f 388 373 394
f 388 379 394
f 389 752 394
f 388 389 394
f 378 348 394
f 378 751 394
f 378 390 394
f 378 391 394
f 378 373 394
f 378 379 394
f 378 388 394
f 751 752 441
f 387 752 441
f 392 752 441
f 392 387 441
f 372 752 441
f 372 392 441
f 373 752 441
f 373 751 441
f 373 372 441
f 388 752 441
f 388 751 441
f 388 387 441
f 388 392 441
f 388 372 441
f 388 373 441
f 389 752 441
f 389 387 441
f 389 392 441
f 388 389 441
f 393 752 441
f 393 387 441
f 393 392 441
f 393 388 441
f 393 389 441
f 394 752 441
f 394 751 441
f 394 373 441
f 394 388 441
f 394 389 441
f 752 348 395
f 751 348 395
f 751 752 395
f 390 348 395
f 391 348 395
f 391 752 395
f 392 752 395
f 392 391 395
f 372 752 395
f 372 392 395
f 388 348 395
f 388 752 395
f 388 751 395
f 388 390 395
f 388 391 395
f 388 392 395
f 388 372 395
f 393 752 395
f 393 391 395
f 393 392 395
f 393 388 395
f 378 348 395
f 378 751 395
f 378 390 395
f 378 391 395
f 378 388 395
f 400 751 395
f 400 398 395
f 400 378 395
f 1639 378 395
f 394 348 395
f 394 752 395
f 394 751 395
f 394 390 395
f 394 391 395
f 394 388 395
f 394 378 395
f 441 752 395
f 441 751 395
f 441 392 395
f 441 372 395
f 441 388 395
f 441 393 395
f 441 394 395
f 369 1637 752
f 396 1637 369
f 441 752 1637
f 397 751 399
f 380 751 399
f 380 397 399
f 355 751 399
f 355 397 399
f 355 380 399
f 398 380 399
f 398 355 399
f 378 751 399
f 378 397 399
f 378 380 399
f 400 751 399
f 400 397 399
f 400 380 399
f 400 398 399
f 400 378 399
f 395 751 399
f 395 398 399
f 395 378 399
f 395 400 399
f 376 397 732
f 764 397 732
f 359 397 732
f 359 376 732
f 401 376 732
f 401 359 732
f 373 397 732
f 373 359 732
f 398 359 732
f 398 401 732
f 398 373 732
f 396 376 732
f 396 359 732
f 396 401 732
f 396 398 732
f 400 397 732
f 400 401 732
f 400 373 732
f 400 398 732
f 402 764 732
f 402 732 396
f 399 397 732
f 399 398 732
f 399 400 732
f 403 1652 432
f 1648 432 1652
f 1638 432 1648
f 1649 750 1651
f 432 434 403
f 1649 403 748
f 432 403 748
f 750 1649 748
f 750 748 432
f 434 748 403
f 434 432 748
f 911 769 1636
f 1638 911 1636
f 1636 1635 1638
f 1651 1634 1674
f 750 1634 1651
f 748 1634 750
f 748 750 1633
f 750 432 749
f 748 749 432
f 748 750 749
f 1633 750 749
f 1633 749 748
f 1673 1674 1632
f 1634 1632 1674
f 1671 1673 1631
f 1632 1631 1673
f 1669 1671 1630
f 1631 1630 1671
f 1667 1669 1629
f 1630 1629 1669
f 1665 1667 1628
f 1629 1628 1667
f 768 1665 1627
f 1628 1627 1665
f 1660 768 1626
f 1627 1626 768
f 1640 1643 1625
f 1643 343 1624
f 1625 1643 1624
f 762 1660 431
f 1626 431 1660
f 343 350 913
f 1624 343 913
f 350 762 747
f 431 747 762
f 409 747 431
f 913 350 747
f 913 409 747
f 756 375 1623
f 375 755 746
f 754 746 755
f 754 375 746
f 1623 375 746
f 766 385 451
f 756 451 766
f 1623 451 756
f 407 743 742
f 374 743 742
f 374 407 742
f 404 743 742
f 404 407 742
f 404 374 742
f 367 743 742
f 367 407 742
f 367 374 742
f 367 404 742
f 754 743 742
f 406 743 742
f 406 374 742
f 406 367 742
f 344 385 745
f 384 745 385
f 384 344 745
f 766 385 745
f 451 385 745
f 451 766 745
f 422 345 420
f 374 345 420
f 374 422 420
f 365 374 420
f 404 374 420
f 405 345 420
f 405 374 420
f 735 422 420
f 735 374 420
f 744 365 420
f 406 345 420
f 406 422 420
f 406 374 420
f 406 405 420
f 744 420 406
f 407 743 408
f 374 743 408
f 374 407 408
f 374 344 408
f 1654 408 407
f 404 743 408
f 404 407 408
f 404 374 408
f 375 743 408
f 375 404 408
f 367 743 408
f 367 407 408
f 367 344 408
f 367 374 408
f 367 404 408
f 367 375 408
f 405 743 408
f 405 344 408
f 405 374 408
f 405 375 408
f 405 367 408
f 744 408 1654
f 406 743 408
f 406 374 408
f 406 367 408
f 406 405 408
f 744 406 408
f 742 743 408
f 742 407 408
f 742 374 408
f 742 404 408
f 742 367 408
f 742 406 408
f 420 374 408
f 420 408 404
f 420 405 408
f 420 744 408
f 420 406 408
f 431 1621 409
f 431 747 1621
f 409 1621 747
f 410 1620 769
f 1672 1620 410
f 1636 769 1620
f 1635 1636 1619
f 1620 1619 1636
f 1658 1618 1659
f 1640 1618 1658
f 1716 739 771
f 741 739 771
f 1715 1617 1716
f 739 1716 1617
f 741 740 771
f 739 771 740
f 739 741 740
f 1711 1616 1715
f 1617 1715 1616
f 1714 741 1615
f 1710 1714 1615
f 740 1615 741
f 1617 1614 739
f 740 739 1614
f 1615 740 1614
f 1616 1613 1617
f 1614 1617 1613
f 1706 1612 1711
f 1616 1711 1612
f 1613 1616 1612
f 1708 1710 1610
f 1615 1610 1710
f 1614 1610 1615
f 1611 1610 1614
f 1612 1609 1613
f 1610 426 1708
f 1610 1611 426
f 1702 1608 1706
f 1612 1706 1608
f 1609 1612 1607
f 1608 1607 1612
f 1703 1708 1606
f 426 1606 1708
f 1606 426 1605
f 1700 1604 1702
f 1608 1702 1604
f 1607 1608 1604
f 737 1607 1604
f 411 1703 413
f 415 411 413
f 391 411 413
f 391 415 413
f 412 415 413
f 412 391 413
f 379 411 413
f 379 415 413
f 379 391 413
f 1606 413 1703
f 390 415 738
f 391 415 738
f 412 415 738
f 412 391 738
f 379 415 738
f 379 390 738
f 379 391 738
f 394 415 738
f 394 390 738
f 394 391 738
f 394 379 738
f 737 738 415
f 1605 738 1606
f 413 415 738
f 413 391 738
f 413 412 738
f 413 379 738
f 413 1606 738
f 414 415 736
f 370 414 736
f 371 414 736
f 371 370 736
f 388 415 736
f 388 414 736
f 388 370 736
f 388 371 736
f 393 388 736
f 737 415 736
f 1604 736 737
f 738 415 736
f 738 737 736
f 392 1603 1700
f 393 1603 392
f 1604 1700 1603
f 736 1603 393
f 736 1604 1603
f 388 379 418
f 413 379 418
f 738 379 418
f 738 413 418
f 736 388 418
f 736 738 418
f 1699 414 417
f 370 414 417
f 370 1699 417
f 371 414 417
f 371 370 417
f 380 371 417
f 391 414 417
f 392 370 417
f 371 392 417
f 392 391 417
f 416 370 417
f 416 371 417
f 388 414 417
f 388 370 417
f 388 371 417
f 388 380 417
f 388 391 417
f 388 392 417
f 388 416 417
f 736 414 417
f 736 370 417
f 736 371 417
f 736 388 417
f 418 417 388
f 418 736 417
f 400 378 727
f 1639 727 378
f 395 378 727
f 395 400 727
f 395 727 1639
f 399 378 727
f 399 400 727
f 399 395 727
f 732 400 727
f 732 399 727
f 1625 1601 1640
f 1618 1640 1601
f 422 345 421
f 374 345 421
f 374 422 421
f 419 345 421
f 419 422 421
f 419 374 421
f 405 345 421
f 405 374 421
f 406 345 421
f 406 422 421
f 406 374 421
f 406 419 421
f 406 405 421
f 421 406 1600
f 344 1697 442
f 386 344 442
f 1642 344 442
f 405 344 442
f 405 386 442
f 745 442 344
f 408 344 442
f 408 405 442
f 421 405 442
f 422 345 423
f 384 345 423
f 384 422 423
f 374 345 423
f 374 422 423
f 374 384 423
f 419 345 423
f 419 422 423
f 419 384 423
f 419 374 423
f 1642 423 419
f 405 345 423
f 405 374 423
f 735 422 423
f 735 374 423
f 406 345 423
f 406 422 423
f 406 384 423
f 406 374 423
f 406 419 423
f 406 405 423
f 420 345 423
f 420 422 423
f 420 374 423
f 420 405 423
f 420 735 423
f 420 406 423
f 421 345 423
f 421 422 423
f 421 374 423
f 421 419 423
f 421 405 423
f 421 406 423
f 1600 406 423
f 1600 423 421
f 442 423 1642
f 442 405 423
f 442 423 421
f 384 422 427
f 419 422 427
f 419 384 427
f 420 422 427
f 421 422 427
f 421 419 427
f 423 422 427
f 423 384 427
f 423 419 427
f 423 420 427
f 423 421 427
f 374 344 1599
f 405 1599 344
f 405 374 1599
f 1696 1598 1697
f 442 1697 1598
f 1598 1597 442
f 1690 384 1596
f 427 1596 384
f 1596 427 1595
f 1597 1598 1594
f 1692 734 1696
f 1598 1696 734
f 1594 1598 734
f 1595 1593 1596
f 1684 1690 1592
f 1596 1592 1690
f 1593 1592 1596
f 734 733 1594
f 733 734 1590
f 1686 1687 1589
f 1688 724 1692
f 1686 724 1688
f 734 1692 724
f 733 734 724
f 1590 734 724
f 1590 724 733
f 1589 724 1686
f 1682 1684 1587
f 1592 1587 1684
f 1592 1593 1587
f 1591 1587 1593
f 1588 1587 1591
f 1683 1586 1687
f 1589 1687 1586
f 724 1589 1586
f 1680 1682 1585
f 1587 1585 1682
f 1587 1588 1585
f 1681 1584 1683
f 1586 1683 1584
f 1586 1584 724
f 1680 1583 1681
f 1588 724 1583
f 1585 1583 1680
f 1585 1588 1583
f 1584 1681 1583
f 1584 1583 724
f 1670 1582 1672
f 1620 1672 1582
f 1619 1620 1582
f 1582 1581 1619
f 1580 1602 1618
f 1580 1618 1601
f 1659 1579 1661
f 1618 1579 1659
f 1602 1579 1618
f 1668 1578 1670
f 1582 1670 1578
f 1581 1582 1578
f 1578 1577 1581
f 1666 1576 1668
f 1664 1576 1666
f 1578 1668 1576
f 1577 1578 1576
f 1576 1575 1577
f 1602 1580 1574
f 1579 1602 1574
f 1661 1573 1664
f 1579 1573 1661
f 1576 1664 1573
f 1575 1576 1573
f 1574 1573 1579
f 1574 1575 1573
f 441 444 373
f 732 373 444
f 1637 396 1572
f 732 1572 396
f 444 1572 732
f 746 754 1571
f 742 1570 754
f 1571 754 1570
f 1613 914 1614
f 1609 429 1613
f 731 429 721
f 914 1613 429
f 914 429 721
f 1611 1614 1569
f 914 1569 1614
f 1569 914 1568
f 1607 430 1609
f 429 1609 430
f 429 731 430
f 430 429 424
f 426 1611 425
f 1569 425 1611
f 430 1607 730
f 430 429 730
f 424 429 730
f 424 730 430
f 1568 729 1569
f 425 426 729
f 425 1569 729
f 730 1567 424
f 737 1566 1607
f 736 1566 737
f 730 1607 1566
f 1567 730 1566
f 1605 426 728
f 425 426 728
f 729 426 728
f 729 425 728
f 1566 1565 1567
f 738 1605 1564
f 728 1564 1605
f 1564 728 1563
f 736 738 1562
f 1566 736 1562
f 1565 1566 1562
f 1564 1562 738
f 1563 1562 1564
f 1562 1561 1565
f 1562 1563 1561
f 727 716 395
f 399 395 1559
f 732 399 912
f 727 399 912
f 727 732 912
f 716 727 912
f 1559 912 399
f 746 1558 1623
f 451 1623 1558
f 1571 1557 746
f 1558 746 1557
f 423 442 1553
f 1554 1553 442
f 1555 1552 1556
f 1553 1554 1551
f 1552 1555 1551
f 1552 1551 1554
f 1597 1550 442
f 1556 442 1550
f 1551 1555 1549
f 1552 726 1556
f 1552 1554 726
f 1550 726 1556
f 427 423 1548
f 1595 427 1548
f 1553 1548 423
f 1551 1547 1553
f 1549 1547 1551
f 1548 1553 1547
f 1594 725 1597
f 1550 1597 725
f 1547 1546 1548
f 726 1550 1545
f 725 1545 1550
f 1593 1595 1544
f 1548 1544 1595
f 1546 1544 1548
f 1547 1549 1543
f 1591 1593 1542
f 1544 1542 1593
f 1544 1546 1542
f 1546 1547 1541
f 1543 1541 1547
f 1542 1546 1541
f 733 435 1594
f 724 733 435
f 725 1594 435
f 1545 725 435
f 435 722 725
f 724 723 733
f 1588 723 724
f 435 733 723
f 435 723 724
f 435 725 723
f 722 723 725
f 722 435 723
f 1588 1591 1540
f 1542 1540 1591
f 723 1588 1540
f 722 435 428
f 723 435 428
f 723 722 428
f 428 723 1540
f 1541 1539 1542
f 1540 1542 1539
f 1540 1539 428
f 731 721 720
f 914 721 720
f 429 721 720
f 429 731 720
f 429 914 720
f 430 731 720
f 430 429 720
f 730 720 429
f 730 430 720
f 441 752 1538
f 395 1538 752
f 395 441 1538
f 719 715 716
f 718 715 719
f 912 1537 716
f 715 716 1537
f 1632 1634 1536
f 1631 1632 1535
f 1536 1535 1632
f 1630 1631 1534
f 1535 1534 1631
f 1629 1630 1533
f 1534 1533 1630
f 1628 1629 1532
f 1533 1532 1629
f 1627 1628 1531
f 1532 1531 1628
f 1626 1627 1530
f 1531 1530 1627
f 431 1626 1529
f 1530 1529 1626
f 747 1528 913
f 747 431 1527
f 1529 1527 431
f 1528 747 1527
f 444 441 455
f 432 1638 1526
f 1635 915 1638
f 1526 1638 915
f 1619 437 1635
f 915 1635 437
f 1634 748 438
f 714 1536 1634
f 438 714 1634
f 438 439 714
f 1581 1525 1619
f 437 1619 1525
f 1577 1524 1581
f 1525 1581 1524
f 1575 1523 1577
f 1524 1577 1523
f 1574 1522 1575
f 1523 1575 1522
f 1574 1580 1521
f 1522 1574 1521
f 1601 1520 1580
f 1521 1580 1520
f 1601 1625 1519
f 1520 1601 1519
f 1624 1518 1625
f 1519 1625 1518
f 913 1517 1624
f 1517 913 1528
f 1518 1624 1517
f 748 432 433
f 438 748 433
f 438 439 433
f 714 439 433
f 714 433 438
f 434 432 717
f 1526 717 432
f 439 717 1526
f 433 432 717
f 433 717 439
f 1560 395 436
f 716 436 395
f 716 1560 436
f 719 716 436
f 715 716 436
f 715 719 436
f 718 719 436
f 715 718 436
f 715 718 1516
f 436 715 1516
f 436 1516 718
f 437 915 1515
f 1537 912 1514
f 1537 1514 715
f 436 715 1514
f 429 1513 914
f 424 1512 429
f 1513 429 1512
f 1568 914 1511
f 1513 1511 914
f 1567 1510 424
f 1512 424 1510
f 729 1568 1509
f 1511 1509 1568
f 1565 1508 1567
f 1510 1567 1508
f 728 729 1507
f 1509 1507 729
f 1561 1506 1565
f 1508 1565 1506
f 1563 728 1505
f 1507 1505 728
f 1561 1563 1504
f 1506 1561 1504
f 1505 1504 1563
f 726 1503 1556
f 1555 1556 1502
f 1503 1502 1556
f 1545 1501 726
f 435 1501 1545
f 1503 726 1501
f 1549 1555 1500
f 1502 1500 1555
f 1543 1549 1499
f 1500 1499 1549
f 1501 435 1498
f 1541 1543 1497
f 1499 1497 1543
f 428 1496 435
f 1498 435 1496
f 1539 1495 428
f 1496 428 1495
f 1539 1541 1494
f 1497 1494 1541
f 1495 1539 1494
f 436 1493 395
f 1514 1492 436
f 1493 436 1492
f 915 1491 1526
f 439 1526 1490
f 1491 1490 1526
f 437 1489 915
f 1491 915 1489
f 1525 1488 437
f 1489 437 1488
f 438 439 440
f 714 439 440
f 714 438 440
f 1490 440 439
f 1536 714 1487
f 440 1487 714
f 1524 1486 1525
f 1488 1525 1486
f 1523 1485 1524
f 1486 1524 1485
f 1535 1536 1484
f 1487 1484 1536
f 1522 1483 1523
f 1485 1523 1483
f 1534 1535 1482
f 1484 1482 1535
f 1521 1481 1522
f 1483 1522 1481
f 1533 1534 1480
f 1482 1480 1534
f 1520 1479 1521
f 1481 1521 1479
f 1532 1533 1478
f 1480 1478 1533
f 1519 1477 1520
f 1479 1520 1477
f 1531 1532 1476
f 1478 1476 1532
f 1518 1475 1519
f 1477 1519 1475
f 1530 1531 1474
f 1476 1474 1531
f 1517 1473 1518
f 1475 1518 1473
f 1528 1472 1517
f 1473 1517 1472
f 1529 1530 1471
f 1474 1471 1530
f 1527 1470 1528
f 1472 1528 1470
f 1527 1529 1469
f 1471 1469 1529
f 1470 1527 1469
f 1492 1468 1493
f 1514 912 1467
f 1492 1514 1467
f 1468 1492 1467
f 394 388 452
f 441 388 452
f 441 394 452
f 395 388 452
f 395 394 452
f 395 441 452
f 1466 452 394
f 452 1465 441
f 442 745 1463
f 442 1462 408
f 1464 408 1462
f 1463 1462 442
f 1489 445 1491
f 449 446 445
f 1490 1491 447
f 449 446 447
f 445 447 1491
f 445 446 447
f 445 449 447
f 1488 461 1489
f 445 1489 461
f 445 446 461
f 1486 916 1488
f 461 1488 916
f 440 1490 443
f 447 443 1490
f 447 449 443
f 445 449 712
f 447 449 712
f 447 445 712
f 443 440 712
f 443 449 712
f 443 447 712
f 1487 440 713
f 443 440 713
f 712 440 713
f 712 443 713
f 1485 462 1486
f 916 1486 462
f 1483 1461 1485
f 462 1485 1461
f 1484 1487 1460
f 713 1460 1487
f 1481 1459 1483
f 1461 1483 1459
f 1482 1484 1458
f 1460 1458 1484
f 1479 1457 1481
f 1459 1481 1457
f 1480 1482 1456
f 1458 1456 1482
f 1477 1455 1479
f 1457 1479 1455
f 1478 1480 1454
f 1456 1454 1480
f 1475 1453 1477
f 1455 1477 1453
f 1476 1478 1452
f 1454 1452 1478
f 1473 920 1475
f 1453 1475 920
f 1474 1476 1451
f 1452 1451 1476
f 1472 1449 1473
f 920 1473 1449
f 1471 1474 1448
f 1450 1448 1474
f 1470 1447 1472
f 1449 1472 1447
f 1469 1446 1470
f 1447 1470 1446
f 1469 1471 1445
f 1448 1445 1471
f 1446 1469 1445
f 1508 1444 1510
f 1506 1443 1508
f 1444 1508 1443
f 1504 1442 1506
f 1443 1506 1442
f 1500 1502 1441
f 1499 1500 1440
f 1441 1440 1500
f 1512 1439 1513
f 1511 1513 1439
f 1510 1438 1512
f 1444 1438 1510
f 1439 1512 1438
f 395 394 453
f 1466 394 453
f 1438 453 1439
f 452 1466 708
f 1438 1444 708
f 453 708 1466
f 453 1438 708
f 441 394 456
f 1637 456 441
f 444 441 456
f 1572 456 1637
f 1572 444 456
f 455 441 456
f 455 444 456
f 457 456 455
f 452 394 456
f 452 441 456
f 1465 456 441
f 1465 452 456
f 453 394 456
f 708 456 452
f 708 453 456
f 1443 1437 1444
f 1442 1437 1443
f 708 1444 1437
f 1437 1442 1436
f 1507 1509 459
f 1505 1507 459
f 1504 1505 1434
f 1442 1504 1434
f 1436 1442 1434
f 459 1434 1505
f 1435 1434 459
f 449 446 450
f 445 446 450
f 445 449 450
f 461 446 450
f 461 445 450
f 449 446 448
f 445 446 448
f 445 449 448
f 447 446 448
f 447 449 448
f 447 445 448
f 443 449 448
f 443 447 448
f 712 449 448
f 712 445 448
f 712 447 448
f 712 443 448
f 450 446 448
f 450 449 448
f 450 445 448
f 461 445 917
f 916 917 461
f 450 917 445
f 450 461 917
f 1446 1432 1447
f 1445 1432 1446
f 1445 1448 1431
f 1432 1445 1431
f 1501 1430 1503
f 1502 1503 1429
f 1441 1502 1429
f 1430 1429 1503
f 1498 1428 1501
f 1430 1501 1428
f 1429 1427 1441
f 1440 1441 1426
f 1427 1426 1441
f 1622 451 460
f 745 451 460
f 1558 460 451
f 1497 1499 1425
f 1440 1425 1499
f 1426 1425 1440
f 1425 1426 1424
f 408 1423 742
f 1570 742 1423
f 1570 1423 1571
f 1557 1571 1423
f 1557 1423 1558
f 1464 1423 408
f 460 1558 1423
f 1496 1422 1498
f 1428 1498 1422
f 460 1428 1422
f 1495 710 1496
f 1494 710 1495
f 1463 745 710
f 1462 1463 710
f 460 710 745
f 1422 1496 710
f 1422 710 460
f 1494 1497 711
f 1462 711 1464
f 1425 711 1497
f 1424 711 1425
f 1423 1464 711
f 1423 711 460
f 710 1494 711
f 710 711 1462
f 710 460 711
f 1455 1420 1457
f 1457 1419 1459
f 1420 1419 1457
f 1420 1455 1418
f 708 454 453
f 709 454 453
f 394 458 348
f 395 348 458
f 395 394 458
f 1559 395 458
f 1509 1511 458
f 1493 458 395
f 452 394 458
f 452 395 458
f 1439 458 1511
f 453 394 458
f 453 458 395
f 453 458 1439
f 456 394 458
f 456 457 458
f 456 452 458
f 456 453 458
f 459 1509 458
f 709 453 458
f 454 453 458
f 454 709 458
f 708 453 705
f 1437 705 708
f 454 453 705
f 454 708 705
f 458 453 705
f 458 454 705
f 1468 464 1493
f 454 709 464
f 458 1493 464
f 458 459 464
f 458 464 709
f 458 454 464
f 912 1559 707
f 455 707 444
f 1467 912 707
f 1467 707 1468
f 457 455 707
f 456 444 707
f 456 455 707
f 456 457 707
f 458 707 1559
f 458 457 707
f 458 456 707
f 458 454 707
f 705 707 454
f 705 458 707
f 464 1468 707
f 464 454 707
f 464 458 707
f 1435 459 704
f 458 459 704
f 705 704 458
f 464 459 704
f 464 458 704
f 1436 706 1437
f 1434 706 1436
f 1434 1435 706
f 705 1437 706
f 705 706 454
f 464 454 706
f 704 706 1435
f 704 705 706
f 704 464 706
f 1428 703 1430
f 460 703 1428
f 1429 1430 1417
f 1427 1429 1417
f 703 1417 1430
f 1426 1427 1416
f 1424 1426 1416
f 1417 1416 1427
f 1417 703 1416
f 710 460 469
f 1421 710 469
f 703 469 460
f 710 460 463
f 1421 463 710
f 703 460 463
f 1416 463 1421
f 1416 703 463
f 469 460 463
f 469 710 463
f 469 703 463
f 712 447 1415
f 713 712 1414
f 1415 1414 712
f 1452 1454 1413
f 1460 713 1412
f 1414 1412 713
f 1458 1460 1411
f 1412 1411 1460
f 1456 1458 1410
f 1411 1410 1458
f 1454 1456 702
f 1413 1454 702
f 1410 702 1456
f 699 465 702
f 461 1409 445
f 916 461 918
f 917 918 461
f 917 916 918
f 918 1409 461
f 447 445 1408
f 1415 447 1408
f 1409 1408 445
f 462 1407 916
f 918 916 1407
f 1461 919 462
f 1433 462 919
f 1407 462 919
f 1459 1406 1461
f 919 1461 1406
f 920 701 1453
f 1449 1405 920
f 701 920 1405
f 1451 1452 1404
f 1413 1404 1452
f 1447 1403 1449
f 1405 1449 1403
f 1448 1450 1402
f 1404 1402 1451
f 1432 1401 1447
f 1403 1447 1401
f 1431 1448 1400
f 1402 1400 1448
f 1431 1399 1432
f 1401 1432 1399
f 1399 1431 1400
f 701 920 1398
f 1419 1397 1459
f 1406 1459 1397
f 1453 1396 1455
f 701 1396 1453
f 1414 1415 1395
f 1408 1395 1415
f 705 1393 454
f 1394 454 1393
f 1393 705 1392
f 704 464 1391
f 706 1390 705
f 1392 705 1390
f 706 704 1389
f 1391 1389 704
f 1390 706 1389
f 463 922 469
f 463 469 695
f 469 711 700
f 463 469 700
f 922 469 700
f 922 463 700
f 695 469 700
f 695 700 463
f 458 454 1388
f 1394 1388 454
f 464 458 1387
f 1391 464 1387
f 1388 1387 458
f 1419 1420 1386
f 1397 1419 1386
f 1418 1385 1420
f 1386 1420 1385
f 1418 1455 1384
f 1396 1384 1455
f 1385 1418 1384
f 922 1383 469
f 1383 1382 469
f 695 469 1381
f 1382 1381 469
f 700 695 1380
f 1412 1414 1379
f 1395 1379 1414
f 699 465 466
f 699 465 467
f 702 467 1413
f 702 467 699
f 702 465 467
f 1404 1413 467
f 1402 1404 467
f 466 699 467
f 466 465 467
f 1408 1409 1378
f 1395 1408 1378
f 1400 1402 1377
f 467 1377 1402
f 1411 1412 1376
f 1379 1376 1412
f 1409 918 1375
f 1378 1409 1375
f 919 1373 1407
f 1374 1407 1373
f 1410 1411 1372
f 1376 1372 1411
f 466 699 1371
f 1372 1371 1410
f 1403 1370 1405
f 1401 1369 1403
f 1370 1403 1369
f 1399 1368 1401
f 1400 1368 1399
f 1377 1368 1400
f 1407 1367 918
f 1375 918 1367
f 1374 1367 1407
f 1406 1366 919
f 1373 919 1366
f 1405 1365 701
f 1370 1365 1405
f 1369 1401 1364
f 1368 1364 1401
f 1372 1376 1363
f 1371 1372 1362
f 1363 1362 1372
f 1362 1363 1361
f 1361 1360 1362
f 1379 1395 1359
f 1378 1359 1395
f 467 466 1358
f 1377 467 1358
f 1371 1358 466
f 1368 1377 1358
f 1373 1357 1374
f 1369 1356 1370
f 1364 1356 1369
f 1366 1355 1373
f 1357 1373 1355
f 1375 1354 1378
f 1359 1378 1354
f 1364 1368 1353
f 1358 1353 1368
f 1365 1370 1352
f 1356 1352 1370
f 1367 1374 698
f 1357 698 1374
f 1376 1379 1351
f 1363 1376 1351
f 1361 1363 1351
f 1359 1351 1379
f 1362 1350 1371
f 1360 1350 1362
f 1358 1371 1350
f 1350 1353 1358
f 1367 921 1375
f 1354 1375 921
f 698 921 1367
f 1397 1349 1406
f 1366 1406 1349
f 1355 1366 1349
f 1360 1361 1348
f 1351 1348 1361
f 1350 1360 1348
f 1396 701 1347
f 1365 1347 701
f 1356 1364 1346
f 1353 1346 1364
f 1355 468 1357
f 698 1357 468
f 468 698 921
f 1352 1356 1345
f 1346 1345 1356
f 1354 1344 1359
f 1351 1359 1344
f 1353 1350 1343
f 1346 1353 1343
f 1386 1342 1397
f 1349 1397 1342
f 1348 1351 1341
f 1348 1341 1350
f 1344 1341 1351
f 1341 1343 1350
f 1385 1340 1386
f 1342 1386 1340
f 1384 1396 1339
f 1384 1339 1385
f 1347 1339 1396
f 1340 1385 1339
f 921 1338 1354
f 1344 1354 1338
f 1343 1337 1346
f 1341 1344 1336
f 1343 1341 1336
f 1338 1336 1344
f 1336 1337 1343
f 921 698 1335
f 1338 921 1335
f 1345 1346 1334
f 1337 1334 1346
f 1349 1333 1355
f 468 1355 1333
f 1342 1333 1349
f 1336 1338 1332
f 1337 1336 1332
f 1335 1332 1338
f 1352 1331 1365
f 1347 1365 1331
f 1333 1342 1330
f 1340 1329 1342
f 1330 1342 1329
f 1329 1340 1328
f 1339 1347 1327
f 1331 1327 1347
f 468 1326 698
f 1333 1326 468
f 1330 1326 1333
f 1339 1325 1340
f 1328 1340 1325
f 1327 1325 1339
f 1345 1324 1352
f 1331 1352 1324
f 1329 1322 1330
f 1326 1330 1322
f 1327 1331 1321
f 1324 1321 1331
f 1328 1315 1329
f 1322 1329 1315
f 1325 1314 1328
f 1325 1327 1314
f 1321 1314 1327
f 1319 1312 1323
f 1316 1311 1317
f 1317 1311 697
f 562 636 476
f 1309 1313 1320
f 1309 1320 1307
f 472 474 478
f 1319 1323 651
f 1318 651 1323
f 1316 697 1306
f 1310 1316 1306
f 1311 1316 1305
f 1310 1305 1316
f 1305 1310 1304
f 1335 698 1303
f 1326 1303 698
f 1315 1328 1302
f 1315 1302 1322
f 1314 1302 1328
f 1313 1300 1320
f 1301 1300 1313
f 1301 1308 1300
f 1300 1308 1299
f 472 474 470
f 470 472 471
f 1312 1319 527
f 1317 697 1298
f 1297 1306 697
f 1298 1297 1317
f 1388 1394 1296
f 1393 1295 1394
f 1296 1394 1295
f 1387 1294 1391
f 1387 1388 1294
f 1296 1294 1388
f 1392 1293 1393
f 1295 1393 1293
f 1389 1391 1292
f 1294 1292 1391
f 1390 1291 1392
f 1295 1291 1296
f 1294 1296 1291
f 1293 1392 1291
f 1293 1291 1295
f 1292 1294 1291
f 1389 1290 1390
f 1292 1290 1389
f 1291 1390 1290
f 1291 1290 1292
f 562 636 601
f 476 562 601
f 476 636 601
f 1322 1289 1326
f 1303 1326 1289
f 1289 1322 1302
f 1288 1289 1302
f 1302 1287 1288
f 1302 1314 1286
f 1287 1302 1286
f 1334 1285 1345
f 1324 1345 1285
f 1321 1324 1285
f 1314 1321 1285
f 1286 1314 1285
f 582 696 516
f 516 582 477
f 1301 1284 1308
f 1382 1383 1283
f 1383 922 1282
f 1283 1383 1282
f 1381 1281 695
f 1381 1382 1281
f 1283 1281 1382
f 1282 1281 1283
f 700 1280 922
f 1282 922 1280
f 1281 1282 1280
f 695 694 469
f 700 469 694
f 700 695 694
f 1380 695 694
f 1380 694 700
f 1281 694 695
f 1280 700 694
f 1280 694 1281
f 1307 1320 1279
f 1300 1279 1320
f 1299 1279 1300
f 472 474 473
f 478 474 473
f 478 472 473
f 470 474 473
f 470 472 473
f 471 472 473
f 471 470 473
f 1298 697 1278
f 1305 1277 1311
f 1304 1310 1276
f 476 562 479
f 601 562 479
f 601 476 479
f 1332 1335 1274
f 1303 1274 1335
f 1289 1274 1303
f 1288 1274 1289
f 1334 1337 1273
f 1286 1273 1287
f 1285 1334 1273
f 1285 1273 1286
f 1313 1309 1272
f 1301 1313 1272
f 1279 1270 1307
f 472 474 475
f 478 474 475
f 478 472 475
f 470 474 475
f 470 472 475
f 473 474 475
f 473 472 475
f 473 478 475
f 473 470 475
f 527 1269 1312
f 1318 1323 1268
f 1306 1297 1267
f 1311 1266 697
f 1266 1311 1277
f 1306 1265 1310
f 1264 1276 1310
f 1265 1264 1310
f 1277 1305 1263
f 601 476 633
f 633 476 479
f 633 601 479
f 1332 1262 1337
f 1287 1262 1288
f 1274 1262 1332
f 1274 1288 1262
f 1262 1273 1337
f 1262 1287 1273
f 1272 1309 1261
f 1299 1308 1260
f 1271 1260 1308
f 1279 1299 1259
f 470 472 585
f 471 472 585
f 471 470 585
f 473 472 585
f 473 470 585
f 473 471 585
f 475 472 585
f 475 470 585
f 475 473 585
f 471 470 623
f 473 470 623
f 473 471 623
f 585 470 623
f 585 471 623
f 585 473 623
f 601 476 486
f 476 562 542
f 601 562 542
f 601 476 542
f 479 562 542
f 479 476 542
f 479 601 542
f 1275 542 562
f 1284 1258 1308
f 1271 1308 1258
f 1258 1257 1271
f 470 474 617
f 473 474 617
f 473 470 617
f 475 474 617
f 475 470 617
f 475 473 617
f 585 470 617
f 585 473 617
f 585 475 617
f 1268 1256 1318
f 1264 1265 1255
f 1255 1254 1264
f 1276 1264 1253
f 1254 1253 1264
f 1304 1252 1305
f 1263 1305 1252
f 1276 1251 1304
f 1252 1304 1251
f 477 1250 516
f 1250 477 1249
f 1248 1257 1258
f 1260 1271 1247
f 1257 1247 1271
f 1307 1246 1309
f 1261 1309 1246
f 1312 1245 1323
f 1269 1245 1312
f 1268 1323 1245
f 1278 697 1244
f 1266 1244 697
f 1267 1243 1306
f 1265 1306 1243
f 601 476 1242
f 486 1242 476
f 486 601 1242
f 1284 1301 1241
f 1260 1240 1299
f 1259 1299 1240
f 1247 1240 1260
f 473 470 618
f 475 470 618
f 475 473 618
f 585 470 618
f 585 473 618
f 585 475 618
f 617 470 618
f 617 473 618
f 617 475 618
f 617 585 618
f 651 526 1319
f 1297 1298 1239
f 1278 1239 1298
f 1252 1238 1263
f 1253 1237 1276
f 1251 1276 1237
f 562 636 624
f 476 562 624
f 476 636 624
f 601 562 624
f 601 636 624
f 601 476 624
f 479 562 624
f 479 476 624
f 479 601 624
f 486 476 624
f 486 601 624
f 542 562 624
f 542 476 624
f 542 601 624
f 542 479 624
f 1258 1284 1236
f 1241 1236 1284
f 1270 1235 1307
f 1246 1307 1235
f 1244 1234 1278
f 1239 1278 1234
f 1255 1265 1233
f 1243 1233 1265
f 1231 1230 1232
f 1253 1254 1229
f 582 484 696
f 516 696 484
f 516 582 484
f 477 582 484
f 477 516 484
f 1272 1228 1301
f 1241 1301 1228
f 1240 1247 1227
f 527 1319 523
f 526 523 1319
f 1267 1297 1226
f 1239 1226 1297
f 1254 1255 1224
f 1232 1223 1231
f 1223 1225 1231
f 480 1232 1230
f 1230 1231 688
f 1230 688 480
f 479 562 489
f 1275 562 489
f 542 562 489
f 542 479 489
f 542 1275 489
f 516 696 520
f 520 696 484
f 520 516 484
f 516 582 483
f 477 582 483
f 477 516 483
f 484 582 483
f 484 516 483
f 484 477 483
f 1248 1258 1222
f 1236 1222 1258
f 1222 1221 1248
f 1220 923 685
f 692 685 923
f 1257 1248 1219
f 923 1218 692
f 1235 1270 1217
f 1259 1216 1279
f 617 585 1215
f 618 1215 585
f 618 617 1215
f 1245 1269 1214
f 1223 1213 1225
f 1212 1213 1223
f 1231 1225 1211
f 1213 1211 1225
f 1232 1210 1223
f 1212 1223 1210
f 1229 1254 1209
f 1224 1209 1254
f 480 689 1232
f 1210 1232 689
f 1210 689 1212
f 688 480 1208
f 516 582 683
f 477 582 683
f 477 516 683
f 484 582 683
f 484 516 683
f 484 477 683
f 520 516 683
f 484 520 683
f 483 582 683
f 483 516 683
f 483 477 683
f 483 484 683
f 923 685 567
f 923 1220 567
f 1220 685 567
f 692 690 685
f 1221 1207 1248
f 1219 1248 1207
f 690 692 1206
f 1247 1257 1205
f 1219 1205 1257
f 1218 1204 692
f 1218 923 566
f 567 566 923
f 1204 1218 566
f 1270 1279 1203
f 1217 1270 1203
f 1216 1203 1279
f 472 693 474
f 478 474 693
f 478 472 693
f 1243 1267 1202
f 1226 1202 1267
f 601 562 625
f 479 562 625
f 479 601 625
f 542 562 625
f 542 601 625
f 542 479 625
f 624 562 625
f 624 601 625
f 624 479 625
f 624 542 625
f 489 562 625
f 489 479 625
f 489 542 625
f 690 692 691
f 1206 692 691
f 1206 691 690
f 691 692 1204
f 1240 1201 1259
f 1216 1259 1201
f 1211 1213 924
f 1233 1199 1255
f 1224 1255 1199
f 496 1200 537
f 1209 1224 1198
f 666 537 532
f 1209 1197 1229
f 532 501 666
f 499 532 501
f 688 1231 678
f 688 480 678
f 1250 1196 516
f 520 516 1196
f 1207 1221 1195
f 1194 504 926
f 926 659 1194
f 566 1193 1204
f 1227 1247 1192
f 1205 1192 1247
f 482 659 1191
f 473 478 511
f 1200 496 1190
f 1213 1212 1189
f 1237 1253 1186
f 1229 1186 1253
f 567 685 490
f 504 1194 1185
f 1191 1184 482
f 475 1183 478
f 475 473 584
f 585 473 584
f 585 475 584
f 623 473 584
f 623 585 584
f 623 473 588
f 511 473 588
f 1234 1182 1239
f 1202 1181 1243
f 1202 1226 1181
f 537 496 673
f 496 673 1190
f 924 682 1211
f 537 496 495
f 673 496 495
f 673 537 495
f 689 480 540
f 1197 1180 1229
f 1186 1229 1180
f 501 499 485
f 1187 501 485
f 688 480 686
f 1208 480 686
f 1208 686 688
f 601 636 592
f 1251 1179 1252
f 1238 1252 1179
f 1237 1178 1251
f 1179 1251 1178
f 484 520 671
f 483 671 484
f 1236 1241 1177
f 567 491 685
f 690 1176 685
f 1221 1222 1175
f 1195 1221 1175
f 504 1185 507
f 1207 494 1219
f 1205 1219 493
f 494 493 1219
f 494 659 493
f 1193 566 1174
f 617 475 609
f 482 659 509
f 1184 509 482
f 1227 1173 1240
f 1201 1240 1173
f 1201 1173 1216
f 526 651 524
f 523 527 524
f 523 526 524
f 1234 1244 1172
f 1182 1234 1172
f 924 1213 680
f 680 682 924
f 1256 1268 681
f 681 682 924
f 1233 1243 1170
f 1199 1233 1170
f 1181 1170 1243
f 1189 1169 1213
f 1169 680 1213
f 1277 1168 1266
f 1244 1266 1168
f 1172 1244 1168
f 1199 1167 1224
f 1198 1224 1167
f 1198 533 1209
f 532 537 533
f 666 537 533
f 532 666 533
f 1197 1209 533
f 501 1166 666
f 1187 1166 501
f 533 666 1166
f 688 480 687
f 678 480 687
f 678 688 687
f 540 480 687
f 687 480 686
f 687 688 686
f 687 678 677
f 1263 1165 1277
f 1238 1165 1263
f 1165 1238 1179
f 485 1164 1187
f 479 601 626
f 633 601 626
f 479 633 626
f 624 601 626
f 624 479 626
f 484 520 517
f 517 484 671
f 517 520 671
f 683 522 484
f 1222 1236 1163
f 1177 1163 1236
f 1228 1272 1162
f 1228 1162 1241
f 1177 1241 1162
f 1161 507 1185
f 567 685 481
f 566 567 481
f 490 685 481
f 490 567 481
f 481 685 491
f 481 567 491
f 481 685 1176
f 477 582 578
f 1249 477 578
f 481 490 1160
f 1194 1159 1185
f 1195 1158 1207
f 659 1158 1194
f 1158 494 1207
f 1158 659 494
f 1159 1194 1158
f 1191 659 1157
f 1204 1156 691
f 1193 1155 1204
f 1155 1193 609
f 1156 1204 1155
f 1192 1154 1227
f 1154 1173 1227
f 585 475 610
f 617 475 610
f 617 585 610
f 618 475 610
f 618 585 610
f 618 617 610
f 478 472 586
f 473 472 586
f 473 478 586
f 623 473 586
f 511 478 586
f 511 473 586
f 588 473 586
f 588 623 586
f 588 511 586
f 523 527 525
f 523 526 525
f 524 527 525
f 524 526 525
f 524 523 525
f 533 1153 1197
f 1166 1152 533
f 1153 533 1152
f 1180 1197 1151
f 1153 1151 1197
f 1175 1150 1195
f 1158 1195 1149
f 1150 1149 1195
f 1158 1148 1159
f 1149 1148 1158
f 1192 1205 1147
f 493 1147 1205
f 1261 1146 1272
f 1246 1146 1261
f 1235 1146 1246
f 1217 1145 1235
f 1146 1235 1145
f 609 617 611
f 1226 1239 1144
f 1182 1144 1239
f 1181 1226 1144
f 673 1143 1190
f 1200 1190 1142
f 1245 513 1268
f 1214 513 1245
f 681 1268 513
f 1170 1141 1199
f 1167 1199 1140
f 1141 1140 1199
f 495 673 497
f 1143 673 497
f 1167 539 1198
f 533 537 539
f 533 1198 539
f 537 496 498
f 532 537 498
f 499 532 498
f 501 532 498
f 501 499 498
f 673 496 498
f 673 537 498
f 495 496 498
f 495 537 498
f 495 673 498
f 485 499 498
f 485 501 498
f 497 673 498
f 497 495 498
f 501 499 684
f 485 499 684
f 485 501 684
f 498 499 684
f 498 501 684
f 498 485 684
f 601 636 488
f 633 601 488
f 486 601 488
f 624 636 488
f 624 601 488
f 624 486 488
f 686 688 488
f 592 636 488
f 592 601 488
f 687 488 688
f 686 488 687
f 1166 1187 1139
f 1164 485 1138
f 683 484 1137
f 483 579 477
f 578 477 579
f 579 578 643
f 1159 1136 1185
f 507 1161 502
f 507 504 503
f 502 507 503
f 494 659 543
f 493 659 543
f 493 494 543
f 1157 659 543
f 543 1147 493
f 926 504 505
f 659 926 505
f 482 659 505
f 507 504 505
f 509 659 505
f 509 482 505
f 503 504 505
f 503 507 505
f 1156 1135 691
f 509 659 510
f 505 659 510
f 505 509 510
f 617 475 613
f 618 475 613
f 618 617 613
f 609 475 613
f 609 617 613
f 609 613 1155
f 613 617 611
f 613 609 611
f 1154 1192 1134
f 1147 1134 1192
f 1184 1191 1133
f 1157 1133 1191
f 509 1184 675
f 510 675 509
f 1203 1132 1217
f 1145 1217 1132
f 1203 1216 1131
f 1173 1131 1216
f 1132 1203 1131
f 478 472 646
f 693 646 472
f 693 478 646
f 586 472 646
f 586 478 646
f 624 601 1130
f 516 582 519
f 484 582 519
f 484 516 519
f 520 516 519
f 484 520 519
f 483 582 519
f 483 516 519
f 483 484 519
f 683 582 519
f 683 516 519
f 683 484 519
f 683 520 519
f 683 483 519
f 671 484 519
f 671 520 519
f 671 483 519
f 517 484 519
f 517 520 519
f 671 517 519
f 522 484 519
f 522 683 519
f 522 484 575
f 683 576 483
f 1137 576 683
f 579 483 576
f 578 670 1249
f 1133 1128 1184
f 675 1184 1128
f 479 601 602
f 624 601 602
f 624 479 602
f 625 601 602
f 625 479 602
f 625 624 602
f 602 606 625
f 625 631 489
f 1196 521 520
f 517 520 521
f 521 520 519
f 521 517 519
f 576 575 1127
f 494 659 544
f 543 659 544
f 543 494 544
f 494 659 545
f 505 659 545
f 684 1126 485
f 1138 485 1126
f 1164 1125 1187
f 1139 1187 1125
f 631 489 514
f 1161 1185 1124
f 1136 1124 1185
f 502 1161 1124
f 502 507 506
f 503 507 506
f 503 502 506
f 588 511 512
f 586 511 512
f 586 588 512
f 501 538 499
f 498 499 538
f 498 501 538
f 1138 1123 1164
f 1125 1164 1123
f 486 601 627
f 488 601 627
f 488 486 627
f 625 515 489
f 575 1122 522
f 473 478 619
f 623 473 619
f 511 478 619
f 511 473 619
f 584 473 619
f 584 623 619
f 588 473 619
f 588 623 619
f 588 511 619
f 586 478 619
f 586 473 619
f 586 623 619
f 586 511 619
f 586 588 619
f 473 478 572
f 511 478 572
f 511 473 572
f 588 473 572
f 588 511 572
f 586 478 572
f 586 473 572
f 586 511 572
f 586 588 572
f 646 478 572
f 646 586 572
f 572 511 512
f 572 588 512
f 572 586 512
f 1143 925 1190
f 1142 1190 925
f 1169 1189 679
f 680 1169 679
f 513 679 680
f 682 680 487
f 682 681 487
f 1171 487 1188
f 1171 680 487
f 513 680 487
f 513 681 487
f 679 1188 487
f 679 680 487
f 679 513 487
f 1211 1120 1231
f 682 1120 1211
f 487 1120 682
f 689 541 1212
f 540 689 541
f 592 636 541
f 687 541 540
f 488 636 541
f 488 592 541
f 488 687 541
f 687 678 564
f 677 678 564
f 677 564 687
f 488 687 564
f 488 677 564
f 541 687 564
f 541 488 564
f 601 562 607
f 625 562 607
f 625 601 607
f 624 542 556
f 489 542 556
f 625 542 556
f 625 624 556
f 625 489 556
f 602 624 556
f 602 625 556
f 631 489 556
f 631 625 556
f 514 489 556
f 514 631 556
f 515 489 556
f 515 625 556
f 519 582 563
f 566 567 492
f 491 567 492
f 481 567 492
f 481 566 492
f 491 481 492
f 1176 492 481
f 1129 566 492
f 566 567 565
f 490 567 565
f 491 567 565
f 481 567 565
f 481 566 565
f 481 490 565
f 491 481 565
f 1160 490 565
f 1160 565 481
f 492 567 565
f 492 566 565
f 492 491 565
f 492 481 565
f 691 1118 690
f 1135 1118 691
f 618 475 531
f 1155 531 1156
f 616 475 531
f 1135 1156 531
f 613 475 531
f 613 618 531
f 613 531 1155
f 1118 1135 531
f 1174 566 676
f 616 1174 676
f 1119 676 566
f 531 616 676
f 1128 1133 1117
f 512 586 1116
f 925 1143 529
f 925 1115 1142
f 1141 1170 1114
f 1140 1141 1114
f 497 1113 1143
f 529 1143 1113
f 1142 1112 1200
f 1115 1112 1142
f 1140 1111 1167
f 539 1167 1111
f 1114 1111 1140
f 537 1200 534
f 532 537 534
f 666 537 534
f 532 666 534
f 533 537 534
f 533 532 534
f 533 666 534
f 539 537 534
f 539 533 534
f 498 537 534
f 498 532 534
f 538 534 498
f 1112 534 1200
f 1111 534 539
f 498 537 535
f 1152 1166 1110
f 1152 1110 1153
f 1139 1110 1166
f 1151 1153 1109
f 1110 1109 1153
f 1110 1139 1108
f 1125 1106 1139
f 1108 1139 1106
f 1178 1105 1179
f 1179 1105 1165
f 1107 1165 1105
f 1163 1177 1104
f 1124 1136 1103
f 1162 1102 1177
f 1104 1177 1102
f 1103 1136 1101
f 1149 1150 1100
f 1148 1099 1159
f 1148 1149 1099
f 1136 1159 1099
f 1101 1136 1099
f 1100 1099 1149
f 494 659 546
f 493 659 546
f 493 494 546
f 543 659 546
f 543 494 546
f 543 493 546
f 505 659 546
f 544 659 546
f 544 494 546
f 544 543 546
f 545 659 546
f 545 546 494
f 545 505 546
f 543 1098 1157
f 1133 1157 1098
f 546 1098 543
f 1147 543 1097
f 1134 1147 1097
f 546 1097 543
f 509 659 547
f 505 659 547
f 505 509 547
f 510 659 547
f 510 509 547
f 510 505 547
f 675 509 547
f 675 510 547
f 545 659 547
f 545 505 547
f 1134 1096 1154
f 1097 1096 1134
f 1095 1117 1133
f 1098 1095 1133
f 1128 548 675
f 1117 548 1128
f 547 659 548
f 547 675 548
f 1172 1094 1182
f 1168 1093 1172
f 1093 1094 1172
f 1170 1181 1092
f 1114 1170 1092
f 673 674 537
f 529 925 674
f 1168 1277 1091
f 1093 1168 1091
f 537 496 536
f 532 537 536
f 673 496 536
f 673 537 536
f 495 496 536
f 495 537 536
f 495 673 536
f 497 673 536
f 497 495 536
f 498 496 536
f 498 537 536
f 498 532 536
f 498 673 536
f 498 495 536
f 498 497 536
f 1113 497 536
f 534 537 536
f 534 532 536
f 534 498 536
f 674 536 537
f 674 673 536
f 532 537 500
f 499 532 500
f 501 532 500
f 501 499 500
f 495 537 500
f 498 537 500
f 498 532 500
f 498 499 500
f 498 501 500
f 498 495 500
f 684 499 500
f 684 501 500
f 684 498 500
f 1126 684 500
f 535 537 500
f 535 498 500
f 536 537 500
f 536 532 500
f 536 495 500
f 536 498 500
f 1151 1090 1180
f 1109 1090 1151
f 498 501 669
f 538 501 669
f 538 498 669
f 1123 669 1125
f 1106 1125 669
f 500 501 669
f 500 498 669
f 1126 672 1138
f 1123 1138 672
f 500 672 1126
f 669 1123 672
f 669 500 672
f 601 636 603
f 592 636 603
f 592 601 603
f 488 636 603
f 488 601 603
f 488 592 603
f 627 601 603
f 627 488 603
f 541 636 603
f 541 592 603
f 541 488 603
f 1180 1089 1186
f 1090 1089 1180
f 502 507 508
f 503 507 508
f 503 502 508
f 505 507 508
f 505 503 508
f 1124 508 502
f 506 507 508
f 506 502 508
f 506 503 508
f 1103 508 1124
f 1150 1175 1088
f 1100 1150 1088
f 507 504 530
f 502 507 530
f 503 504 530
f 503 507 530
f 503 502 530
f 505 504 530
f 505 507 530
f 505 503 530
f 506 507 530
f 506 502 530
f 506 503 530
f 547 505 530
f 508 507 530
f 508 502 530
f 508 503 530
f 508 505 530
f 508 506 530
f 509 659 549
f 505 659 549
f 505 509 549
f 510 659 549
f 510 509 549
f 510 505 549
f 545 659 549
f 545 505 549
f 547 659 549
f 547 509 549
f 547 505 549
f 547 510 549
f 547 545 549
f 530 505 549
f 530 549 547
f 1146 1087 1272
f 1173 1154 1086
f 1096 1086 1154
f 1145 1085 1146
f 1087 1146 1085
f 1086 1084 1173
f 613 618 594
f 531 618 594
f 531 613 594
f 610 638 618
f 613 618 638
f 511 473 587
f 588 473 587
f 588 511 587
f 586 473 587
f 586 511 587
f 586 588 587
f 512 511 587
f 512 588 587
f 512 586 587
f 572 473 587
f 572 511 587
f 572 588 587
f 572 586 587
f 512 572 587
f 523 527 528
f 524 651 528
f 524 527 528
f 524 523 528
f 525 527 528
f 525 523 528
f 525 524 528
f 1144 1182 1083
f 1083 1182 1094
f 681 648 1256
f 513 681 648
f 487 681 648
f 487 513 648
f 1186 1082 1237
f 1178 1237 1082
f 1105 1178 1082
f 1089 1082 1186
f 541 592 628
f 603 592 628
f 603 541 628
f 489 661 562
f 514 661 489
f 515 661 489
f 516 582 518
f 484 582 518
f 484 516 518
f 520 516 518
f 484 520 518
f 671 484 518
f 671 520 518
f 517 484 518
f 517 520 518
f 671 517 518
f 522 484 518
f 1137 484 518
f 519 582 518
f 519 516 518
f 519 484 518
f 519 520 518
f 519 671 518
f 519 517 518
f 519 522 518
f 575 484 518
f 575 522 518
f 576 1137 518
f 576 575 518
f 521 520 518
f 521 517 518
f 519 521 518
f 1122 518 522
f 1122 575 518
f 563 582 518
f 563 519 518
f 563 576 518
f 1163 1081 1222
f 1104 1081 1163
f 1131 1173 1080
f 1131 1080 1132
f 1084 1080 1173
f 526 651 652
f 523 527 652
f 523 526 652
f 524 651 652
f 524 527 652
f 524 526 652
f 524 523 652
f 525 527 652
f 525 526 652
f 525 523 652
f 525 524 652
f 528 651 652
f 528 527 652
f 528 523 652
f 528 524 652
f 528 525 652
f 1109 1110 1079
f 477 582 580
f 578 582 580
f 578 477 580
f 643 578 580
f 579 477 580
f 579 578 580
f 643 579 580
f 670 490 580
f 670 578 580
f 518 582 580
f 1099 1100 1078
f 613 609 667
f 531 613 667
f 1132 1077 1145
f 1085 1145 1077
f 1080 1077 1132
f 529 1076 925
f 1115 925 1076
f 1189 1212 1075
f 679 1189 1075
f 642 670 580
f 1117 1095 1074
f 548 1117 1074
f 585 473 620
f 618 473 620
f 618 585 620
f 1116 1073 512
f 587 512 1073
f 487 679 1072
f 1112 1115 1071
f 1076 1071 1115
f 1113 1070 529
f 536 1070 1113
f 1076 529 1070
f 1111 1114 1069
f 1092 1069 1114
f 534 1111 552
f 1069 552 1111
f 500 535 668
f 500 536 668
f 669 668 538
f 669 500 668
f 672 668 500
f 672 669 668
f 1079 1068 1109
f 1108 1067 1110
f 1079 1110 1067
f 1106 1066 1108
f 669 1066 1106
f 668 1066 669
f 1067 1108 1066
f 564 663 541
f 519 484 644
f 575 484 644
f 576 575 644
f 563 519 644
f 563 576 644
f 518 484 644
f 518 519 644
f 518 575 644
f 518 576 644
f 518 563 644
f 492 567 568
f 565 567 568
f 565 492 568
f 1101 1065 1103
f 508 1103 1065
f 1099 1064 1101
f 1078 1064 1099
f 1065 1101 1064
f 1078 1100 1063
f 530 508 1062
f 549 530 1062
f 1065 1062 508
f 1097 546 655
f 548 547 550
f 549 547 550
f 1074 550 548
f 1096 1097 1061
f 1086 1096 1061
f 655 1061 1097
f 617 585 595
f 618 585 595
f 618 617 595
f 616 595 617
f 611 617 595
f 611 616 595
f 613 617 595
f 613 618 595
f 611 613 595
f 531 618 595
f 531 616 595
f 531 613 595
f 594 618 595
f 594 613 595
f 594 531 595
f 638 618 595
f 638 595 613
f 667 613 595
f 667 531 595
f 1095 1098 1060
f 1074 1095 1060
f 1116 586 1059
f 1073 1116 1059
f 651 1318 1058
f 1256 1058 1318
f 648 1058 1256
f 1144 1057 1181
f 1092 1181 1057
f 1083 1057 1144
f 1072 679 1056
f 1075 1055 679
f 1055 1056 679
f 1071 1054 1112
f 1070 536 554
f 534 1112 555
f 1054 555 1112
f 532 537 665
f 666 537 665
f 532 666 665
f 533 537 665
f 533 532 665
f 533 666 665
f 498 537 665
f 498 532 665
f 538 498 665
f 534 537 665
f 534 532 665
f 534 666 665
f 534 533 665
f 534 498 665
f 534 538 665
f 535 537 665
f 535 498 665
f 536 537 665
f 536 532 665
f 536 498 665
f 536 534 665
f 500 537 665
f 500 532 665
f 500 498 665
f 500 535 665
f 500 536 665
f 665 538 668
f 665 668 535
f 665 668 536
f 665 500 668
f 554 536 665
f 533 666 553
f 539 533 553
f 534 666 553
f 534 533 553
f 534 539 553
f 534 498 553
f 552 534 553
f 555 534 553
f 560 552 553
f 560 555 553
f 553 666 665
f 553 533 665
f 553 498 665
f 553 534 665
f 1053 1068 1079
f 540 689 664
f 541 664 689
f 541 540 664
f 564 541 561
f 561 541 663
f 561 564 663
f 661 514 662
f 661 515 662
f 601 562 608
f 479 562 608
f 479 601 608
f 542 562 608
f 542 601 608
f 542 479 608
f 624 562 608
f 624 601 608
f 624 479 608
f 624 542 608
f 625 562 608
f 625 601 608
f 625 479 608
f 625 542 608
f 625 624 608
f 606 625 608
f 602 601 608
f 602 479 608
f 602 624 608
f 602 625 608
f 606 602 608
f 607 562 608
f 607 601 608
f 607 625 608
f 556 542 608
f 556 624 608
f 556 625 608
f 556 602 608
f 570 492 568
f 1175 1222 1052
f 1088 1175 1052
f 1081 1052 1222
f 1176 690 1051
f 492 1176 1051
f 1063 1050 1078
f 660 655 546
f 1062 1049 549
f 659 557 926
f 543 659 557
f 505 926 557
f 505 659 557
f 544 659 557
f 544 543 557
f 545 659 557
f 545 505 557
f 546 659 557
f 546 543 557
f 546 505 557
f 546 544 557
f 546 545 557
f 530 505 557
f 549 659 557
f 549 505 557
f 549 545 557
f 549 530 557
f 1049 557 549
f 1098 546 927
f 655 927 546
f 927 1060 1098
f 1048 549 550
f 557 549 1048
f 493 659 558
f 510 659 558
f 545 659 558
f 546 659 558
f 546 493 558
f 546 545 558
f 547 659 558
f 547 510 558
f 547 545 558
f 548 659 558
f 548 547 558
f 549 659 558
f 549 510 558
f 549 545 558
f 549 547 558
f 558 547 550
f 558 548 550
f 558 549 550
f 557 659 558
f 557 545 558
f 557 546 558
f 557 549 558
f 927 546 558
f 1047 927 558
f 531 1046 1118
f 676 653 531
f 1046 531 653
f 653 676 658
f 595 594 1045
f 1120 487 589
f 1072 589 487
f 1056 589 1072
f 1071 1076 1044
f 1070 1044 1076
f 1054 1071 1044
f 554 1044 1070
f 1067 1043 1079
f 1053 1079 1043
f 1053 1043 553
f 521 1196 1041
f 519 521 1041
f 644 519 1041
f 1064 1078 1040
f 1050 1040 1078
f 660 1040 1050
f 550 1074 551
f 1060 551 1074
f 1060 927 551
f 550 551 1048
f 1048 551 557
f 1047 551 927
f 550 558 551
f 558 557 551
f 558 927 551
f 558 551 1047
f 528 651 574
f 1069 1092 1039
f 1057 1039 1092
f 536 534 657
f 552 657 534
f 554 536 657
f 555 534 657
f 555 1054 657
f 1044 657 1054
f 1044 554 657
f 552 534 656
f 555 534 656
f 560 552 656
f 560 656 555
f 665 534 656
f 665 656 554
f 553 534 656
f 553 552 656
f 553 555 656
f 553 560 656
f 665 553 656
f 656 553 1043
f 657 534 656
f 657 552 656
f 657 554 656
f 657 555 656
f 1066 668 1038
f 1066 1038 1067
f 668 665 1038
f 1043 1067 1038
f 656 1038 665
f 1043 1038 656
f 1090 1109 1037
f 1068 1037 1109
f 663 929 564
f 561 564 929
f 663 561 929
f 1042 1107 1036
f 541 592 593
f 514 631 928
f 556 631 928
f 556 514 928
f 556 928 515
f 662 514 928
f 662 515 928
f 608 556 928
f 565 492 569
f 568 492 569
f 568 565 569
f 570 492 569
f 568 570 569
f 1102 1035 1104
f 1088 1034 1100
f 1063 1100 1034
f 1064 1033 1065
f 1062 1065 1033
f 1049 1062 1033
f 1040 1033 1064
f 557 1049 1032
f 1040 660 1032
f 1033 1032 1049
f 1033 1040 1032
f 546 544 559
f 655 546 559
f 660 546 559
f 655 660 559
f 557 559 544
f 557 546 559
f 927 546 559
f 927 655 559
f 558 546 559
f 558 557 559
f 558 927 559
f 1032 660 559
f 1032 559 557
f 1084 1086 1031
f 1061 1031 1086
f 524 651 596
f 528 651 596
f 528 524 596
f 528 1121 596
f 652 651 596
f 652 524 596
f 652 528 596
f 574 651 596
f 574 596 528
f 1057 1083 1030
f 1091 1029 1093
f 552 1069 1028
f 560 552 1028
f 1039 1028 1069
f 1029 1091 1027
f 589 1026 1120
f 541 591 1212
f 1075 1212 591
f 1165 1025 1277
f 1107 1025 1165
f 1091 1277 1025
f 1042 1025 1107
f 1027 1091 1025
f 1068 1053 1024
f 1053 553 1024
f 1037 1068 1024
f 664 541 654
f 561 654 541
f 591 541 654
f 1089 1090 1023
f 1037 1023 1090
f 1105 1022 1107
f 1082 1022 1105
f 1036 1107 1022
f 562 604 636
f 592 636 604
f 661 604 562
f 593 604 592
f 519 582 577
f 563 582 577
f 563 519 577
f 563 576 577
f 518 582 577
f 518 519 577
f 518 576 577
f 518 563 577
f 643 579 581
f 576 581 645
f 576 579 581
f 580 582 581
f 580 643 581
f 580 579 581
f 580 642 581
f 577 582 581
f 577 576 581
f 1081 1104 1021
f 1035 1021 1104
f 1052 1020 1088
f 1034 1088 1020
f 1118 1019 690
f 570 492 1019
f 1051 690 1019
f 1051 1019 492
f 1162 1272 1018
f 1102 1162 1018
f 1087 1018 1272
f 1035 1102 1018
f 1050 1063 1017
f 660 1050 1017
f 1034 1017 1063
f 1018 1087 1016
f 1016 1087 1014
f 1061 655 1013
f 1031 1061 1013
f 676 1119 647
f 653 676 647
f 658 676 647
f 658 653 647
f 1015 647 1119
f 1085 1012 1087
f 1014 1087 1012
f 1031 1011 1084
f 617 475 600
f 531 475 600
f 667 531 600
f 528 651 650
f 528 650 1121
f 652 651 650
f 652 528 650
f 650 651 596
f 650 596 1121
f 650 528 596
f 650 652 596
f 574 651 1010
f 1058 1009 651
f 1058 648 1009
f 1010 651 1009
f 1269 527 649
f 1214 1269 649
f 513 1214 649
f 487 513 649
f 648 513 649
f 648 487 649
f 1094 1093 1008
f 1008 1093 1029
f 1094 1007 1083
f 1007 1030 1083
f 1008 1007 1094
f 1056 1055 640
f 589 1056 640
f 640 589 1006
f 1055 1075 1005
f 1005 1075 591
f 640 1055 1005
f 1028 1004 560
f 553 560 1003
f 1003 1024 553
f 1004 1003 560
f 678 1231 1002
f 1120 1002 1231
f 564 678 1002
f 929 564 1002
f 1026 1002 1120
f 1025 1042 1001
f 929 1000 561
f 1002 1000 929
f 1082 1089 999
f 1023 999 1089
f 1022 1082 999
f 1052 1081 998
f 1021 998 1081
f 998 1020 1052
f 569 583 570
f 566 567 599
f 1129 599 566
f 492 567 599
f 492 566 599
f 492 599 1129
f 565 567 599
f 565 566 599
f 565 492 599
f 1119 566 599
f 568 567 599
f 568 492 599
f 568 565 599
f 570 492 599
f 568 570 599
f 569 492 599
f 569 565 599
f 569 568 599
f 569 570 599
f 583 570 599
f 583 569 599
f 997 1015 1119
f 599 997 1119
f 655 660 996
f 1017 996 660
f 996 1013 655
f 1046 995 1118
f 653 995 1046
f 1019 1118 995
f 658 571 653
f 571 653 647
f 571 658 647
f 995 653 571
f 1077 994 1085
f 1012 1085 994
f 1080 1084 993
f 1077 1080 993
f 1011 993 1084
f 994 1077 993
f 475 478 614
f 1183 614 478
f 1183 475 614
f 572 614 478
f 600 475 614
f 473 478 573
f 475 478 573
f 475 473 573
f 623 473 573
f 511 478 573
f 511 473 573
f 586 478 573
f 586 473 573
f 586 623 573
f 586 511 573
f 646 478 573
f 646 586 573
f 572 478 573
f 572 473 573
f 572 511 573
f 572 586 573
f 572 646 573
f 587 473 573
f 587 511 573
f 587 586 573
f 587 572 573
f 600 475 573
f 614 478 573
f 614 475 573
f 614 572 573
f 614 600 573
f 654 561 992
f 1019 991 570
f 596 574 990
f 1010 990 574
f 1009 648 989
f 1009 989 1010
f 649 989 648
f 990 1010 989
f 1000 639 561
f 992 561 639
f 477 582 598
f 484 582 598
f 484 477 598
f 579 477 598
f 575 484 598
f 576 645 598
f 576 579 598
f 576 575 598
f 1127 575 598
f 1127 598 576
f 563 582 598
f 563 576 598
f 518 582 598
f 518 484 598
f 518 575 598
f 518 576 598
f 518 563 598
f 580 582 598
f 580 477 598
f 580 579 598
f 580 518 598
f 644 484 598
f 644 575 598
f 644 576 598
f 644 563 598
f 644 518 598
f 577 582 598
f 577 576 598
f 577 563 598
f 577 518 598
f 581 582 598
f 581 645 598
f 581 579 598
f 581 576 598
f 581 580 598
f 581 577 598
f 477 582 641
f 484 582 641
f 484 477 641
f 578 582 641
f 578 477 641
f 643 578 641
f 579 477 641
f 579 578 641
f 643 579 641
f 563 582 641
f 518 582 641
f 518 484 641
f 518 563 641
f 580 582 641
f 580 477 641
f 580 578 641
f 580 643 641
f 580 579 641
f 580 518 641
f 580 642 641
f 581 582 641
f 581 643 641
f 581 645 641
f 581 579 641
f 581 580 641
f 581 642 641
f 598 582 641
f 598 477 641
f 598 484 641
f 598 641 645
f 598 579 641
f 598 563 641
f 598 518 641
f 598 580 641
f 598 581 641
f 583 570 987
f 991 987 570
f 473 478 621
f 475 478 621
f 475 473 621
f 585 473 621
f 585 475 621
f 623 473 621
f 623 585 621
f 618 473 621
f 618 475 621
f 618 585 621
f 511 478 621
f 511 473 621
f 584 473 621
f 584 475 621
f 584 585 621
f 584 623 621
f 588 473 621
f 588 623 621
f 588 511 621
f 586 478 621
f 586 473 621
f 586 623 621
f 586 511 621
f 586 588 621
f 619 478 621
f 619 473 621
f 619 623 621
f 619 511 621
f 619 584 621
f 619 588 621
f 619 586 621
f 587 473 621
f 587 511 621
f 587 588 621
f 587 586 621
f 620 473 621
f 620 585 621
f 620 618 621
f 1073 621 587
f 600 475 621
f 614 478 621
f 614 475 621
f 614 600 621
f 573 478 621
f 573 473 621
f 573 475 621
f 573 623 621
f 573 511 621
f 573 586 621
f 573 587 621
f 573 600 621
f 573 614 621
f 1039 1057 986
f 1028 1039 986
f 1004 1028 986
f 1026 589 590
f 640 589 590
f 1006 589 590
f 1006 590 640
f 1002 1026 590
f 1005 985 640
f 590 640 985
f 591 984 1005
f 985 1005 984
f 654 930 591
f 992 930 654
f 988 591 930
f 639 930 992
f 984 591 930
f 930 639 983
f 639 561 982
f 639 1000 981
f 983 639 981
f 1024 980 1037
f 1024 1003 980
f 592 636 605
f 488 636 605
f 488 592 605
f 627 488 605
f 541 636 605
f 541 592 605
f 541 488 605
f 603 636 605
f 603 592 605
f 603 488 605
f 603 627 605
f 603 541 605
f 593 592 605
f 593 605 541
f 604 636 605
f 604 592 605
f 604 593 605
f 987 979 583
f 1017 1034 978
f 996 1017 978
f 995 977 1019
f 991 1019 977
f 987 991 977
f 977 995 976
f 571 975 995
f 976 995 975
f 647 1015 974
f 1015 997 974
f 647 974 571
f 975 571 974
f 1013 973 1031
f 1011 1031 973
f 617 475 615
f 618 475 615
f 618 617 615
f 616 617 615
f 610 475 615
f 610 617 615
f 610 618 615
f 611 617 615
f 611 615 616
f 594 618 615
f 638 618 615
f 638 610 615
f 620 618 615
f 595 617 615
f 595 618 615
f 595 616 615
f 595 611 615
f 595 594 615
f 595 638 615
f 595 667 615
f 1045 594 615
f 1045 615 595
f 600 475 615
f 600 617 615
f 600 615 667
f 614 475 615
f 614 600 615
f 528 597 527
f 596 528 597
f 650 528 597
f 596 650 597
f 649 527 597
f 990 597 596
f 989 649 972
f 989 972 990
f 597 972 649
f 597 990 972
f 1027 971 1029
f 1030 970 1057
f 970 986 1057
f 1000 1002 969
f 590 969 1002
f 985 969 590
f 969 981 1000
f 984 968 985
f 968 984 930
f 930 983 968
f 983 981 968
f 969 985 968
f 968 981 969
f 1036 967 1042
f 1001 1042 967
f 1023 1037 966
f 966 1037 980
f 662 637 661
f 604 661 637
f 605 604 637
f 1041 965 644
f 598 644 965
f 1249 964 1250
f 1196 1250 964
f 670 964 1249
f 642 964 670
f 1041 1196 964
f 641 964 642
f 641 598 964
f 965 1041 964
f 965 964 598
f 1021 1035 963
f 1018 963 1035
f 1020 962 1034
f 962 978 1034
f 979 987 961
f 977 961 987
f 961 977 976
f 976 975 961
f 599 583 960
f 997 599 960
f 979 960 583
f 960 974 997
f 975 974 960
f 961 960 979
f 960 961 975
f 959 1011 973
f 1012 958 1014
f 617 475 622
f 610 475 622
f 610 617 622
f 600 475 622
f 600 617 622
f 614 475 622
f 614 600 622
f 573 475 622
f 573 600 622
f 573 614 622
f 621 475 622
f 621 620 622
f 621 600 622
f 621 614 622
f 621 573 622
f 615 475 622
f 615 617 622
f 615 610 622
f 615 620 622
f 615 600 622
f 615 614 622
f 475 473 635
f 585 473 635
f 585 475 635
f 623 473 635
f 623 585 635
f 511 473 635
f 588 473 635
f 588 623 635
f 588 511 635
f 586 473 635
f 586 623 635
f 586 511 635
f 586 588 635
f 1059 586 635
f 1059 635 1073
f 986 957 1004
f 986 970 957
f 1003 1004 956
f 980 1003 956
f 957 956 1004
f 1022 955 1036
f 999 955 1022
f 967 1036 955
f 1013 996 954
f 978 954 996
f 973 1013 954
f 973 954 959
f 476 636 629
f 601 636 629
f 601 476 629
f 479 476 629
f 479 601 629
f 542 476 629
f 542 601 629
f 542 479 629
f 624 636 629
f 624 476 629
f 624 601 629
f 624 479 629
f 624 542 629
f 592 636 629
f 592 601 629
f 626 601 629
f 626 479 629
f 626 624 629
f 488 636 629
f 488 601 629
f 488 624 629
f 488 592 629
f 602 601 629
f 602 479 629
f 602 624 629
f 541 636 629
f 541 592 629
f 541 488 629
f 607 601 629
f 603 636 629
f 603 601 629
f 603 592 629
f 603 488 629
f 603 541 629
f 628 592 629
f 628 541 629
f 628 603 629
f 608 601 629
f 608 479 629
f 608 542 629
f 608 624 629
f 608 602 629
f 608 607 629
f 604 636 629
f 604 592 629
f 605 636 629
f 605 592 629
f 605 488 629
f 605 541 629
f 605 603 629
f 605 604 629
f 637 604 629
f 637 605 629
f 624 601 630
f 625 601 630
f 625 624 630
f 592 601 630
f 488 601 630
f 488 624 630
f 488 592 630
f 606 601 630
f 606 624 630
f 606 625 630
f 607 601 630
f 607 625 630
f 556 624 630
f 556 625 630
f 556 606 630
f 603 601 630
f 603 592 630
f 603 488 630
f 608 601 630
f 608 624 630
f 608 625 630
f 608 606 630
f 608 607 630
f 608 556 630
f 605 592 630
f 605 488 630
f 605 603 630
f 637 662 630
f 637 605 630
f 629 601 630
f 629 624 630
f 629 592 630
f 629 488 630
f 629 607 630
f 629 608 630
f 629 605 630
f 629 637 630
f 475 473 612
f 585 473 612
f 585 475 612
f 617 473 612
f 617 475 612
f 617 585 612
f 618 473 612
f 618 475 612
f 618 585 612
f 618 617 612
f 609 475 612
f 609 617 612
f 610 475 612
f 610 585 612
f 610 617 612
f 610 618 612
f 611 617 612
f 613 475 612
f 613 617 612
f 613 618 612
f 613 609 612
f 611 613 612
f 595 585 612
f 595 617 612
f 595 618 612
f 595 611 612
f 595 613 612
f 614 475 612
f 621 473 612
f 621 475 612
f 621 585 612
f 621 618 612
f 621 614 612
f 615 475 612
f 615 617 612
f 615 618 612
f 615 616 612
f 615 610 612
f 615 611 612
f 615 595 612
f 615 614 612
f 622 475 612
f 622 617 612
f 622 610 612
f 622 614 612
f 622 621 612
f 622 615 612
f 585 473 634
f 623 473 634
f 623 585 634
f 617 473 634
f 617 585 634
f 618 473 634
f 618 585 634
f 618 617 634
f 511 473 634
f 588 473 634
f 588 623 634
f 588 511 634
f 586 473 634
f 586 623 634
f 586 511 634
f 586 588 634
f 613 617 634
f 613 618 634
f 619 473 634
f 619 623 634
f 619 511 634
f 619 588 634
f 619 586 634
f 620 473 634
f 620 585 634
f 620 618 634
f 595 585 634
f 595 617 634
f 595 618 634
f 595 613 634
f 600 617 634
f 614 600 634
f 573 473 634
f 573 623 634
f 573 511 634
f 573 586 634
f 573 600 634
f 573 614 634
f 621 473 634
f 621 585 634
f 621 623 634
f 621 618 634
f 621 511 634
f 621 588 634
f 621 586 634
f 621 619 634
f 621 620 634
f 621 1073 634
f 621 600 634
f 621 614 634
f 621 573 634
f 615 617 634
f 615 618 634
f 615 620 634
f 615 595 634
f 615 600 634
f 615 614 634
f 622 617 634
f 622 620 634
f 622 600 634
f 622 614 634
f 622 573 634
f 622 621 634
f 622 615 634
f 635 473 634
f 635 585 634
f 635 623 634
f 635 511 634
f 635 588 634
f 635 586 634
f 635 634 1073
f 612 473 634
f 612 585 634
f 612 617 634
f 612 618 634
f 612 613 634
f 612 595 634
f 612 614 634
f 612 621 634
f 612 615 634
f 612 622 634
f 1029 953 1008
f 971 953 1029
f 1030 1007 952
f 1007 1008 952
f 970 1030 952
f 953 952 1008
f 1025 951 1027
f 971 1027 951
f 1001 950 1025
f 967 950 1001
f 951 1025 950
f 999 1023 949
f 966 949 1023
f 955 999 949
f 601 562 632
f 479 562 632
f 479 601 632
f 633 601 632
f 479 633 632
f 542 562 632
f 542 601 632
f 542 479 632
f 624 562 632
f 624 601 632
f 624 479 632
f 624 542 632
f 625 562 632
f 625 601 632
f 625 479 632
f 625 542 632
f 625 624 632
f 592 601 632
f 626 601 632
f 626 479 632
f 626 633 632
f 626 624 632
f 488 601 632
f 488 632 633
f 488 624 632
f 488 592 632
f 627 601 632
f 627 488 632
f 603 601 632
f 603 592 632
f 603 488 632
f 603 627 632
f 628 592 632
f 628 603 632
f 608 562 632
f 608 601 632
f 608 479 632
f 608 542 632
f 608 624 632
f 608 625 632
f 605 592 632
f 605 488 632
f 605 627 632
f 605 603 632
f 629 601 632
f 629 479 632
f 629 542 632
f 629 624 632
f 629 592 632
f 629 626 632
f 629 488 632
f 629 603 632
f 629 628 632
f 629 608 632
f 629 605 632
f 630 601 632
f 630 624 632
f 630 625 632
f 630 592 632
f 630 488 632
f 630 603 632
f 630 608 632
f 630 605 632
f 630 629 632
f 1020 998 948
f 962 1020 948
f 998 1021 947
f 963 947 1021
f 947 948 998
f 1016 946 1018
f 963 1018 946
f 947 963 946
f 1014 945 1016
f 958 945 1014
f 946 1016 945
f 994 944 1012
f 958 1012 944
f 945 958 944
f 993 1011 943
f 993 943 994
f 959 943 1011
f 944 994 943
f 957 970 942
f 956 957 942
f 952 942 970
f 955 941 967
f 950 967 941
f 941 955 949
f 928 631 940
f 928 940 662
f 630 662 940
f 632 630 940
f 978 962 939
f 954 978 939
f 954 939 959
f 980 938 966
f 956 938 980
f 942 938 956
f 953 971 937
f 951 937 971
f 950 937 951
f 941 937 950
f 948 936 962
f 939 962 936
f 948 947 935
f 946 935 947
f 945 935 946
f 944 935 945
f 936 948 935
f 952 953 934
f 942 952 934
f 937 934 953
f 949 966 933
f 949 933 941
f 938 933 966
f 938 942 933
f 937 941 933
f 934 933 942
f 934 937 933
f 936 932 939
f 935 932 936
f 943 959 931
f 943 931 944
f 939 931 959
f 935 944 931
f 932 931 939
f 932 935 931

