# https://github.com/mikedh/trimesh
v -0.25976562 0.47981772 0.43294272
v 0.15690105 -0.09830729 0.36263022
v 0.14127605 -0.06184896 0.24804688
v -0.03580729 -0.19596355 -0.52278644
v -0.20768230 -0.64257812 -0.60221356
v -0.05924479 0.55533856 0.50195312
v 0.28971353 -0.44335938 0.26106772
v -0.09309896 0.57356769 0.50716144
v 0.07617188 0.05664062 0.83398438
v 0.08007812 0.04101562 0.82617188
v 0.10742188 0.03320312 0.79882812
v 0.05273438 -0.01367188 0.76757812
v -0.04101562 0.23632812 0.67773438
v 0.15429688 0.43554688 0.60742188
v 0.00195312 -0.42773438 0.61132812
v 0.12695312 -0.39648438 0.56054688
v 0.13867188 -0.36914062 0.54882812
v 0.14648438 -0.41601562 0.53320312
v 0.06835938 -0.27929688 0.53320312
v 0.10742188 -0.35351562 0.57226562
v 0.10742188 -0.31445312 0.52929688
v 0.15039062 -0.37304688 0.53320312
v -0.22460938 0.41210938 0.54882812
v -0.08007812 -0.35742188 0.53710938
v -0.10742188 -0.35351562 0.53320312
v -0.10351562 -0.32617188 0.52539062
v -0.25195312 0.43945312 0.51757812
v -0.06835938 -0.28320312 0.53320312
v -0.24414062 0.40820312 0.54492188
v 0.14257812 -0.31054688 0.50195312
v -0.16210938 -0.31445312 0.50976562
v -0.10351562 -0.29492188 0.51757812
v -0.04882812 -0.18164062 0.52148438
v -0.24804688 0.44335938 0.52929688
v 0.15429688 -0.26757812 0.50195312
v -0.15429688 -0.36132812 0.50976562
v -0.20898438 -0.35742188 0.50585938
v -0.15039062 -0.30664062 0.50195312
v -0.27539062 0.49414062 0.54492188
v -0.16992188 -0.30664062 0.51367188
v -0.17773438 -0.29101562 0.49804688
v 0.10351562 -0.16210938 0.50585938
v 0.13085938 -0.13867188 0.50195312
v -0.10351562 -0.27148438 0.50585938
v -0.18164062 -0.36132812 0.49804688
v -0.29101562 0.51367188 0.49804688
v 0.17773438 -0.29101562 0.49414062
v 0.14648438 -0.31054688 0.50195312
v 0.10351562 -0.26757812 0.50585938
v 0.10742188 -0.26367188 0.47460938
v 0.18164062 -0.26757812 0.47851562
v -0.21289062 -0.34960938 0.49804688
v -0.20117188 -0.36132812 0.49414062
v 0.06054688 0.55664062 0.47851562
v -0.22070312 0.41601562 0.46679688
v 0.27148438 0.47460938 0.49414062
v 0.23632812 -0.31835938 0.47070312
v 0.22070312 -0.34570312 0.48242188
v -0.24804688 0.44335938 0.49414062
v -0.26367188 0.46289062 0.48242188
v -0.24023438 0.44335938 0.45507812
v -0.22851562 -0.31835938 0.47070312
v 0.06445312 0.58007812 0.46679688
v -0.24023438 0.44335938 0.45117188
v 0.27929688 -0.37304688 0.44726562
v 0.41992188 0.53320312 0.43554688
v -0.26757812 0.47851562 0.44335938
v -0.23632812 -0.41210938 0.46679688
v 0.15039062 -0.11914062 0.45507812
v 0.23242188 -0.33007812 0.48242188
v 0.18945312 -0.08007812 0.44726562
v -0.24023438 0.45117188 0.42382812
v 0.27929688 0.52539062 0.41210938
v -0.26757812 -0.35742188 0.44335938
v 0.25195312 0.50195312 0.38867188
v -0.22851562 0.44726562 0.37695312
v -0.24414062 0.47070312 0.39257812
v 0.19335938 0.73242188 0.38476562
v 0.12695312 -0.58398438 0.40039062
v -0.29492188 -0.42773438 0.40820312
v 0.27929688 -0.35351562 0.40820312
v 0.15429688 -0.08398438 0.40429688
v 0.16601562 -0.11523438 0.40039062
v 0.17382812 -0.06054688 0.34570312
v -0.26757812 0.52929688 0.39257812
v -0.22070312 0.48242188 0.37695312
v -0.24414062 -0.09179688 0.40429688
v -0.33007812 -0.46679688 0.38476562
v -0.52539062 0.34960938 0.34960938
v 0.29492188 -0.42382812 0.36914062
v 0.29492188 -0.40820312 0.33398438
v 0.28320312 -0.44335938 0.39257812
v 0.29492188 -0.42382812 0.39648438
v 0.13476562 -0.64257812 0.35351562
v -0.23242188 0.45117188 0.34570312
v -0.22851562 0.42382812 0.32226562
v -0.02539062 0.74804688 0.32226562
v -0.22460938 0.49414062 0.34179688
v -0.25585938 0.50195312 0.38867188
v -0.20898438 0.39257812 0.30664062
v -0.34570312 -0.48242188 0.34179688
v 0.22851562 0.72851562 0.36132812
v 0.22070312 0.72851562 0.36523438
v 0.25195312 -0.06445312 0.32226562
v 0.22460938 -0.01757812 0.33398438
v 0.58789062 0.59570312 0.27539062
v 0.58398438 0.60351562 0.27539062
v 0.17382812 0.02929688 0.29882812
v -0.15429688 -0.08789062 0.29492188
v -0.25585938 -0.56054688 0.29882812
v 0.24804688 -0.07617188 0.29101562
v 0.33398438 -0.49414062 0.25195312
v 0.33007812 -0.45507812 0.29492188
v -0.15429688 -0.04492188 0.27539062
v -0.13085938 -0.07617188 0.26757812
v -0.24414062 0.01757812 0.23632812
v 0.13867188 -0.04492188 0.22851562
v 0.15820312 -0.02148438 0.27148438
v -0.12695312 -0.04492188 0.24023438
v 0.29882812 -0.43164062 0.24804688
v -0.26367188 -0.53710938 0.24023438
v -0.09960938 -0.63085938 0.22070312
v 0.29492188 -0.42773438 0.28710938
v 0.33398438 -0.47851562 0.29882812
v 0.33007812 -0.46289062 0.24414062
v 0.39648438 -0.34570312 0.22851562
v 0.27539062 -0.48242188 0.20507812
v -0.24023438 -0.05273438 0.23632812
v -0.05273438 -0.62695312 0.22851562
v 0.29882812 -0.46679688 0.19335938
v -0.20117188 -0.08007812 0.19335938
v -0.29492188 -0.47070312 0.22070312
v -0.23632812 -0.17382812 0.20507812
v 0.41601562 -0.32226562 0.19335938
v 0.30273438 -0.43164062 0.21679688
v 0.31054688 -0.43945312 0.18945312
v 0.28710938 -0.43945312 0.21679688
v 0.29492188 -0.42773438 0.18164062
v 0.28320312 -0.48242188 0.17382812
v 0.28320312 -0.44335938 0.14648438
v -0.17382812 -0.08398438 0.17382812
v 0.09570312 0.11132812 0.14257812
v -0.17382812 -0.06445312 0.16601562
v 0.09570312 0.06835938 0.13085938
v 0.09960938 0.03320312 0.12304688
v -0.10351562 0.04882812 0.12695312
v -0.08007812 0.02929688 0.10742188
v 0.08007812 0.02929688 0.10742188
v 0.42382812 -0.34570312 0.14257812
v 0.28710938 -0.47851562 0.14648438
v -0.29101562 -0.50195312 0.09960938
v 0.05273438 0.15429688 0.09179688
v 0.00976562 0.16601562 0.00976562
v 0.28710938 -0.18945312 0.03320312
v 0.27539062 -0.20117188 -0.02929688
v 0.28710938 -0.18945312 -0.03320312
v 0.27539062 -0.22460938 -0.04882812
v 0.29882812 -0.16601562 -0.05664062
v 0.27929688 -0.20898438 -0.07617188
v 0.27539062 -0.23242188 -0.08398438
v 0.27929688 -0.25976562 -0.09179688
v -0.29101562 -0.46289062 -0.09960938
v 0.28710938 -0.34570312 -0.11914062
v -0.24804688 -0.50585938 -0.14257812
v -0.24023438 -0.49414062 -0.20507812
v 0.00195312 -0.61914062 -0.27929688
v 0.09179688 -0.59960938 -0.27929688
v 0.00195312 -0.16601562 -0.49804688
v -0.02929688 -0.16601562 -0.51757812
v 0.12695312 -0.58398438 -0.49414062
v 0.04101562 -0.18945312 -0.49804688
v 0.06445312 -0.19335938 -0.52148438
v 0.04101562 -0.16601562 -0.51757812
v -0.04492188 -0.16601562 -0.46679688
v -0.02929688 -0.18945312 -0.49414062
v -0.05664062 -0.19335938 -0.52539062
v 0.00195312 -0.20117188 -0.50585938
v 0.04101562 -0.21679688 -0.52148438
v 0.04101562 -0.22070312 -0.52148438
v -0.05273438 -0.18554688 -0.50195312
v 0.00195312 -0.22070312 -0.51757812
v -0.04101562 -0.20117188 -0.51757812
v -0.03710938 -0.20117188 -0.52148438
v -0.05664062 -0.16601562 -0.52929688
v 0.00195312 -0.18945312 -0.49023438
v 0.00195312 -0.18554688 -0.49414062
v 0.04101562 -0.16601562 -0.46679688
v 0.00195312 -0.16601562 -0.46289062
v 0.18554688 -0.53710938 -0.54101562
v -0.02929688 -0.22070312 -0.52148438
v -0.02539062 -0.23632812 -0.53320312
v -0.05273438 -0.22070312 -0.53320312
v -0.11523438 -0.48632812 -0.53710938
v 0.06445312 -0.22070312 -0.53320312
v 0.02929688 -0.26757812 -0.54882812
v -0.04492188 -0.13867188 -0.55273438
v -0.21679688 -0.61914062 -0.56054688
v -0.22460938 -0.62695312 -0.57617188
v -0.20507812 -0.63867188 -0.59960938
v -0.27148438 -0.65039062 -0.50195312
v -0.18554688 -0.64648438 -0.62304688
v -0.22070312 -0.66210938 -0.62304688
v -0.06054688 -0.13476562 -0.58789062
v 0.01757812 0.02929688 -0.65429688
v -0.08007812 0.64257812 0.52539062
v 0.05273438 -0.28320312 -0.77148438
v 0.02929688 -0.27929688 -0.80273438
v 0.06445312 -0.27148438 -0.76367188
v 0.07617188 -0.26367188 -0.74804688
v 0.06835938 -0.28710938 -0.72070312
v -0.02148438 0.00976562 -0.64648438
v 0.00976562 0.01367188 -0.63085938
v -0.21289062 -0.66992188 -0.63085938
v -0.18554688 -0.65820312 -0.62304688
v -0.04882812 -0.11914062 -0.58789062
v 0.04882812 -0.25976562 -0.55273438
v 0.06835938 -0.26367188 -0.58789062
v -0.02148438 -0.26757812 -0.54882812
v -0.04101562 -0.25976562 -0.55273438
v -0.17382812 -0.48242188 -0.54492188
v 0.00195312 -0.14257812 -0.53710938
v -0.02539062 -0.14257812 -0.53710938
v -0.00976562 -0.20117188 -0.52929688
v 0.06445312 -0.16601562 -0.52929688
v 0.02539062 -0.21289062 -0.53320312
v -0.11914062 -0.55664062 -0.50195312
v -0.15429688 -0.57617188 -0.52929688
v -0.11132812 -0.58398438 -0.49414062
v 0.12304688 -0.56054688 -0.50585938
v -0.27148438 -0.62304688 -0.47460938
v 0.04882812 -0.61132812 -0.27929688
v -0.25976562 -0.50195312 -0.17382812
v -0.24414062 -0.50195312 -0.17382812
v 0.27148438 -0.49023438 -0.17382812
v 0.27148438 -0.47070312 -0.20507812
v -0.30273438 -0.48242188 -0.10351562
v -0.31445312 -0.50195312 -0.08398438
v 0.46679688 -0.29492188 -0.10351562
v -0.28710938 -0.47070312 -0.09179688
v -0.28320312 -0.50976562 -0.09570312
v 0.29101562 -0.26367188 -0.08789062
v 0.25976562 -0.20898438 -0.08789062
v 0.24804688 -0.17773438 -0.02539062
v 0.27929688 -0.25195312 -0.06054688
v 0.31445312 -0.16210938 -0.08007812
v -0.31054688 -0.47070312 -0.07617188
v -0.30664062 -0.45898438 -0.06054688
v -0.29882812 -0.45117188 -0.06054688
v 0.27539062 -0.19726562 0.02929688
v -0.32226562 -0.50195312 -0.02929688
v -0.30664062 -0.45898438 -0.02929688
v -0.30664062 -0.47070312 0.00195312
v 0.26367188 -0.18554688 0.01757812
v -0.30664062 -0.47070312 0.03320312
v -0.02539062 0.34179688 0.02539062
v -0.02539062 0.35742188 0.00976562
v -0.05273438 0.38085938 0.03710938
v 0.05273438 0.16992188 0.02929688
v 0.01757812 0.17773438 0.08398438
v 0.43945312 -0.31835938 0.08789062
v -0.29101562 -0.47070312 0.09960938
v -0.29492188 -0.50195312 0.03320312
v -0.06054688 0.36523438 0.05273438
v 0.45898438 -0.31835938 0.09179688
v -0.29492188 -0.44335938 0.09960938
v -0.29492188 -0.43945312 0.15429688
v -0.28710938 -0.47070312 0.16601562
v -0.09570312 0.06835938 0.13085938
v 0.08398438 0.06835938 0.11523438
v -0.09960938 0.03320312 0.12304688
v -0.14648438 -0.04882812 0.14257812
v -0.12304688 -0.02929688 0.12695312
v 0.08789062 0.11132812 0.13476562
v 0.27929688 -0.48242188 0.14257812
v 0.28320312 -0.47460938 0.22070312
v 0.30273438 -0.47070312 0.14257812
v 0.42773438 -0.31445312 0.14257812
v 0.32617188 -0.47070312 0.19335938
v 0.31835938 -0.44335938 0.14648438
v -0.29492188 -0.44335938 0.18554688
v -0.20898438 -0.09570312 0.20507812
v 0.42382812 -0.40820312 0.19726562
v 0.43945312 -0.42773438 0.17773438
v -0.20117188 -0.08007812 0.18554688
v 0.42382812 -0.28710938 0.18554688
v -0.18554688 -0.08789062 0.18945312
v 0.33007812 -0.49804688 0.19726562
v 0.26757812 -0.50195312 0.21289062
v 0.29882812 -0.47460938 0.24023438
v 0.41601562 -0.35742188 0.20898438
v 0.29492188 -0.40820312 0.21289062
v -0.12695312 -0.00976562 0.22070312
v -0.07226562 -0.60351562 0.25585938
v 0.13476562 -0.04492188 0.23242188
v -0.24023438 0.02148438 0.26367188
v -0.23242188 -0.08398438 0.24804688
v -0.13085938 -0.04492188 0.23632812
v -0.25195312 -0.56054688 0.25976562
v 0.33398438 -0.49023438 0.24804688
v -0.29882812 -0.42382812 0.24804688
v -0.14257812 -0.07226562 0.26757812
v 0.15039062 0.02929688 0.26757812
v 0.59179688 0.60742188 0.26757812
v 0.58398438 0.62695312 0.28320312
v 0.57226562 0.59179688 0.27929688
v 0.57617188 0.54882812 0.29101562
v 0.29492188 -0.40820312 0.27929688
v 0.15820312 -0.06445312 0.28320312
v 0.15039062 -0.09570312 0.28320312
v 0.15039062 -0.09179688 0.28710938
v 0.16601562 -0.09570312 0.34570312
v 0.56835938 0.60742188 0.29101562
v -0.29101562 -0.50585938 0.28710938
v -0.29492188 -0.47851562 0.33398438
v 0.29882812 -0.41992188 0.29101562
v 0.29492188 -0.41210938 0.34570312
v 0.24804688 -0.09570312 0.33398438
v 0.23242188 0.77539062 0.33789062
v 0.25195312 0.82617188 0.29101562
v -0.14648438 -0.09570312 0.29882812
v 0.25195312 -0.07226562 0.29492188
v -0.30273438 -0.41601562 0.31445312
v -0.29492188 -0.40820312 0.30273438
v 0.00195312 0.75585938 0.31445312
v 0.00195312 0.74414062 0.30664062
v -0.24804688 0.43164062 0.31054688
v -0.25195312 0.46289062 0.33398438
v -0.22460938 0.38085938 0.31054688
v -0.02148438 0.74804688 0.31835938
v 0.29101562 -0.47851562 0.33007812
v -0.29492188 -0.48242188 0.35351562
v 0.17773438 0.02929688 0.33398438
v 0.24414062 -0.04492188 0.34570312
v -0.27539062 -0.50585938 0.33789062
v 0.30664062 -0.40820312 0.33789062
v -0.47070312 0.29101562 0.34179688
v -0.53320312 0.34570312 0.34179688
v -0.40429688 0.25976562 0.34570312
v -0.46679688 0.29492188 0.35351562
v -0.33789062 -0.49804688 0.34960938
v -0.27929688 0.71679688 0.34570312
v -0.25585938 0.72070312 0.34179688
v -0.23242188 -0.02539062 0.34179688
v -0.24023438 -0.03710938 0.34570312
v -0.19335938 0.47460938 0.35351562
v 0.16601562 -0.09179688 0.34179688
v 0.24414062 -0.92773438 0.46289062
v 0.29492188 -0.40039062 0.39257812
v -0.30273438 -0.47460938 0.38476562
v -0.29101562 -0.42382812 0.38476562
v 0.12695312 -0.60742188 0.36914062
v 0.15820312 -0.60351562 0.39257812
v 0.28320312 -0.49023438 0.35351562
v -0.40429688 0.26757812 0.36132812
v -0.29492188 -0.43945312 0.37695312
v -0.25976562 -0.35351562 0.41992188
v -0.29101562 -0.43164062 0.36132812
v -0.24023438 0.50585938 0.36132812
v 0.20898438 0.68164062 0.38085938
v -0.33789062 -0.45898438 0.37695312
v -0.27539062 0.65429688 0.37695312
v -0.32617188 -0.43554688 0.38476562
v -0.25976562 0.48242188 0.38476562
v -0.26367188 0.48242188 0.40820312
v 0.23632812 0.47070312 0.39257812
v -0.28320312 0.52929688 0.41601562
v -0.22460938 0.43945312 0.40820312
v 0.20507812 -0.04101562 0.39257812
v 0.22460938 -0.84179688 0.39257812
v 0.15429688 -0.84179688 0.39648438
v 0.24023438 -0.09179688 0.40429688
v 0.25195312 -0.29492188 0.41601562
v 0.27929688 -0.34960938 0.39257812
v -0.26757812 0.59960938 0.40039062
v -0.24414062 0.59960938 0.39648438
v -0.23242188 -0.06054688 0.39648438
v -0.16992188 -0.12695312 0.39648438
v 0.16601562 -0.12695312 0.39648438
v -0.27929688 0.56835938 0.40820312
v -0.29492188 0.52539062 0.45117188
v 0.20898438 -0.86132812 0.41601562
v 0.24023438 0.45898438 0.42382812
v 0.26367188 0.47851562 0.44726562
v 0.24023438 0.43945312 0.45898438
v 0.25976562 0.45898438 0.47460938
v 0.22460938 0.43164062 0.43164062
v 0.26757812 -0.92773438 0.43554688
v 0.27929688 -0.36132812 0.43164062
v 0.24023438 -0.30664062 0.45898438
v -0.13867188 -0.92773438 0.46289062
v -0.11132812 -0.92773438 0.43554688
v -0.11523438 -0.95898438 0.46289062
v 0.38085938 0.49414062 0.45117188
v 0.05664062 0.56054688 0.45898438
v -0.27148438 -0.36132812 0.45507812
v -0.22460938 -0.31445312 0.45898438
v -0.24023438 0.43554688 0.47851562
v -0.26757812 0.47070312 0.48632812
v 0.26757812 -0.39648438 0.44726562
v 0.38476562 0.49414062 0.45117188
v -0.22070312 0.40820312 0.49804688
v -0.22460938 -0.41601562 0.46289062
v -0.10351562 -0.16210938 0.50585938
v -0.07226562 0.61132812 0.47070312
v 0.14648438 -0.13867188 0.46289062
v 0.10351562 -0.16992188 0.48632812
v 0.33398438 0.45898438 0.47070312
v -0.24804688 -0.40039062 0.47070312
v -0.11523438 0.63476562 0.49804688
v -0.12304688 0.62304688 0.47070312
v -0.08007812 0.59570312 0.47070312
v 0.15820312 -0.31445312 0.49023438
v 0.31835938 0.56054688 0.48242188
v 0.29882812 0.52539062 0.47460938
v 0.31054688 0.54882812 0.51367188
v 0.27539062 0.48632812 0.51757812
v -0.14648438 -0.13085938 0.47851562
v 0.06445312 0.55664062 0.49023438
v 0.14257812 -0.25585938 0.47851562
v -0.17773438 -0.27148438 0.48242188
v 0.28320312 0.50585938 0.50195312
v -0.28710938 0.50585938 0.50195312
v -0.17773438 -0.33789062 0.48632812
v -0.14648438 -0.31835938 0.50976562
v -0.14257812 -0.26367188 0.48632812
v -0.10351562 -0.16992188 0.48632812
v 0.10351562 -0.16210938 0.53320312
v -0.22460938 -0.33007812 0.49023438
v -0.17382812 0.77929688 0.49023438
v -0.13476562 -0.97070312 0.49023438
v -0.13867188 -0.99414062 0.49023438
v -0.17382812 -0.99414062 0.51367188
v 0.16601562 -0.36132812 0.49804688
v 0.23242188 0.41601562 0.49414062
v 0.24804688 0.43554688 0.49414062
v 0.04882812 -0.19335938 0.49804688
v 0.04882812 -0.18945312 0.51757812
v 0.10351562 -0.28710938 0.51757812
v -0.24804688 0.41992188 0.52148438
v -0.25976562 0.42382812 0.50585938
v -0.26367188 0.39648438 0.52539062
v -0.14257812 -0.22851562 0.52929688
v 0.15820312 -0.28710938 0.50585938
v -0.06054688 0.54882812 0.50976562
v -0.17382812 -0.97851562 0.52148438
v -0.11523438 -0.40429688 0.52539062
v -0.14257812 -0.38476562 0.51367188
v -0.08007812 0.55273438 0.52929688
v 0.00195312 -0.18945312 0.53710938
v 0.24804688 0.43945312 0.52929688
v -0.22460938 0.40429688 0.54882812
v -0.14257812 0.02539062 0.54882812
v 0.23632812 0.41210938 0.52539062
v 0.12695312 -0.34179688 0.53320312
v 0.08007812 -0.32617188 0.57617188
v -0.04882812 -0.18945312 0.54101562
v -0.10742188 -0.16210938 0.53320312
v -0.02929688 -0.28710938 0.57226562
v -0.05273438 -0.25195312 0.58789062
v -0.07617188 -0.18945312 0.54882812
v 0.24804688 0.40820312 0.54101562
v 0.23632812 0.39648438 0.57226562
v -0.24804688 0.39648438 0.55664062
v 0.09960938 -0.20898438 0.57617188
v 0.14257812 -0.20117188 0.54492188
v 0.27539062 0.49414062 0.54492188
v -0.08398438 0.54492188 0.55664062
v 0.11914062 -0.34570312 0.55664062
v 0.12304688 -0.39257812 0.55664062
v -0.08398438 0.58398438 0.56445312
v 0.24023438 0.40039062 0.56835938
v 0.24023438 0.40039062 0.57226562
v 0.03320312 -0.28710938 0.57226562
v 0.25585938 0.11132812 0.60742188
v 0.29101562 0.12695312 0.57617188
v 0.25976562 0.13085938 0.60742188
v -0.09960938 0.00195312 0.58007812
v -0.07617188 0.52929688 0.58789062
v 0.05273438 -0.22070312 0.59960938
v 0.21289062 0.40039062 0.61523438
v -0.02929688 -0.42773438 0.60742188
v -0.02929688 -0.39648438 0.62304688
v 0.13476562 0.43945312 0.61132812
v 0.13476562 0.43554688 0.61132812
v -0.06445312 0.21679688 0.64648438
v -0.06445312 0.19726562 0.64648438
v -0.04882812 0.24023438 0.66601562
v 0.01367188 -0.01367188 0.77148438
v 0.05273438 0.00585938 0.78320312
v 0.01367188 0.00976562 0.78710938
v 0.10742188 0.05273438 0.81835938
v 0.07617188 0.02929688 0.81445312
v 0.00195312 -0.39648438 0.62304688
v -0.22070312 0.40429688 0.58007812
v -0.08007812 0.52929688 0.58398438
v -0.23632812 0.43945312 0.56054688
v -0.08398438 -0.40820312 0.53710938
v 0.06445312 -0.35742188 0.53710938
v -0.13085938 -0.16210938 0.54101562
v -0.20117188 0.03320312 0.52539062
v -0.05273438 -0.18945312 0.49804688
v -0.15820312 0.73242188 0.55273438
v -0.08398438 0.58398438 0.51757812
v -0.15039062 0.72851562 0.52929688
v -0.14648438 -0.14257812 0.46289062
v 0.04882812 0.57617188 0.43945312
v 0.42773438 0.51757812 0.43554688
v -0.21679688 0.42773438 0.43945312
v 0.16992188 -0.86132812 0.41601562
v -0.22460938 0.56835938 0.40429688
v 0.25585938 0.49023438 0.41210938
v -0.29492188 -0.41210938 0.40429688
v -0.31835938 -0.47460938 0.38867188
v 0.25976562 -0.84570312 0.34570312
v -0.56054688 0.41210938 0.34960938
v 0.22851562 -0.05273438 0.39257812
v -0.24023438 0.46679688 0.36523438
v -0.05664062 0.71679688 0.38085938
v 0.25585938 0.72851562 0.33789062
v -0.29492188 -0.44726562 0.31835938
v -0.22460938 0.02539062 0.27148438
v 0.15429688 -0.04882812 0.27148438
v 0.13085938 -0.01367188 0.22851562
v -0.10351562 -0.61523438 0.22070312
v 0.29101562 -0.40820312 0.22460938
v 0.39648438 -0.28710938 0.23632812
v -0.02929688 -0.62695312 0.21289062
v -0.21679688 -0.05273438 0.18164062
v -0.23632812 -0.18554688 0.17382812
v -0.20507812 -0.13867188 0.15039062
v -0.29492188 -0.40820312 0.16601562
v 0.45898438 -0.31445312 0.05664062
v 0.45117188 -0.31835938 0.02929688
v 0.35351562 -0.29492188 -0.10742188
v 0.29882812 -0.29492188 -0.10351562
v 0.28320312 -0.50976562 -0.09570312
v 0.29492188 -0.40820312 -0.11523438
v 0.27148438 -0.27929688 -0.13085938
v 0.27929688 -0.47070312 -0.17382812
v 0.14648438 -0.55273438 -0.52929688
v 0.11523438 -0.48632812 -0.53710938
v -0.18554688 -0.53710938 -0.54101562
v -0.26757812 -0.52929688 -0.11523438
v -0.26367188 -0.51367188 -0.14257812
v -0.22460938 -0.52148438 -0.21289062
v -0.22070312 -0.51757812 -0.23242188
v -0.20507812 -0.54882812 -0.24414062
v -0.21679688 -0.57617188 -0.25585938
v -0.20898438 -0.60742188 -0.27148438
v -0.20117188 -0.63085938 -0.29492188
v -0.15039062 -0.64257812 -0.32617188
v -0.11523438 -0.61523438 -0.36523438
v -0.10742188 -0.59570312 -0.41210938
v -0.08789062 -0.55273438 -0.44335938
v -0.04882812 -0.50585938 -0.47460938
v 0.00195312 -0.46289062 -0.50976562
v 0.05273438 -0.46679688 -0.51757812
v 0.24023438 -0.57617188 -0.52148438
v 0.27148438 -0.60742188 -0.50585938
v 0.27929688 -0.65039062 -0.50585938
v 0.27148438 -0.66992188 -0.47460938
v 0.25585938 -0.68945312 -0.45117188
v 0.22851562 -0.69726562 -0.43554688
v 0.20117188 -0.70507812 -0.42773438
v 0.16992188 -0.68164062 -0.39648438
v 0.16601562 -0.66601562 -0.35742188
v 0.15429688 -0.64257812 -0.32226562
v 0.13476562 -0.61914062 -0.30664062
v 0.11914062 -0.59960938 -0.28710938
v 0.00195312 -0.63476562 -0.23242188
v -0.05273438 -0.63867188 -0.18945312
v -0.05273438 -0.64257812 -0.14257812
v -0.05273438 -0.64257812 -0.11132812
v -0.04101562 -0.65429688 -0.10742188
v -0.05273438 -0.65039062 -0.07617188
v -0.05273438 -0.65039062 -0.03320312
v -0.03710938 -0.65039062 -0.02539062
v -0.07617188 -0.64648438 -0.01757812
v -0.07617188 -0.64648438 -0.00195312
v -0.07617188 -0.63085938 0.00195312
v -0.11523438 -0.62695312 0.03320312
v -0.11523438 -0.62695312 0.06835938
v -0.12304688 -0.62695312 0.09960938
v -0.12304688 -0.62695312 0.13867188
v -0.12695312 -0.61132812 0.17773438
v -0.15429688 -0.61523438 0.19726562
v -0.15039062 -0.64257812 0.20507812
v -0.14257812 -0.67773438 0.22070312
v -0.18164062 -0.74023438 0.23632812
v -0.21679688 -0.71679688 0.24414062
v -0.24023438 -0.67773438 0.27148438
v -0.24804688 -0.64257812 0.28320312
v -0.24804688 -0.60351562 0.29492188
v 0.00195312 -0.17382812 -0.85742188
v -0.02148438 -0.17382812 -0.85351562
v 0.00195312 -0.14257812 -0.85351562
v 0.02539062 -0.17382812 -0.85351562
v -0.02148438 -0.14257812 -0.84960938
v 0.00195312 -0.20898438 -0.84960938
v 0.02539062 -0.14257812 -0.84960938
v -0.02148438 -0.20898438 -0.84570312
v 0.02539062 -0.20898438 -0.84570312
v 0.00195312 -0.11132812 -0.84179688
v -0.02148438 -0.11132812 -0.83789062
v 0.02539062 -0.11132812 -0.83789062
v -0.04101562 -0.15429688 -0.83398438
v 0.00195312 -0.24414062 -0.83398438
v 0.04882812 -0.15429688 -0.83398438
v -0.02148438 -0.24414062 -0.83007812
v -0.01367188 -0.09179688 -0.83007812
v 0.00195312 -0.08398438 -0.83007812
v 0.02929688 -0.24414062 -0.83007812
v -0.04101562 -0.22070312 -0.82617188
v 0.02148438 -0.09179688 -0.82617188
v 0.04492188 -0.22070312 -0.82617188
v -0.02539062 -0.09570312 -0.81835938
v -0.03710938 -0.10742188 -0.81445312
v -0.01367188 -0.08007812 -0.81445312
v 0.00195312 -0.28710938 -0.81445312
v 0.00195312 -0.06835938 -0.81445312
v 0.02539062 -0.08398438 -0.81445312
v 0.04101562 -0.10742188 -0.81445312
v 0.00195312 -0.27929688 -0.81054688
v -0.05273438 -0.20898438 -0.80664062
v -0.02148438 -0.28320312 -0.80664062
v 0.02539062 -0.28320312 -0.80664062
v 0.06054688 -0.20898438 -0.80664062
v -0.05273438 -0.14257812 -0.80273438
v 0.06054688 -0.14257812 -0.80273438
v -0.06445312 -0.17773438 -0.79882812
v -0.04882812 -0.24804688 -0.79882812
v -0.02148438 -0.08789062 -0.79882812
v 0.00195312 -0.30664062 -0.79882812
v 0.02539062 -0.08789062 -0.79882812
v 0.05273438 -0.24804688 -0.79882812
v 0.07226562 -0.17773438 -0.79882812
v 0.00195312 -0.08007812 -0.79492188
v -0.02148438 -0.30273438 -0.79101562
v 0.02539062 -0.30273438 -0.79101562
v -0.04882812 -0.27148438 -0.77929688
v -0.04882812 -0.11132812 -0.77929688
v 0.05273438 -0.11132812 -0.77929688
v 0.00195312 -0.32617188 -0.77539062
v -0.02539062 -0.08789062 -0.77148438
v -0.02148438 -0.32226562 -0.77148438
v 0.00195312 -0.08007812 -0.77148438
v 0.02539062 -0.32226562 -0.77148438
v 0.02929688 -0.08789062 -0.77148438
v -0.04101562 -0.30273438 -0.76367188
v 0.04101562 -0.31445312 -0.76367188
v 0.04882812 -0.30273438 -0.76367188
v -0.08007812 -0.19726562 -0.75585938
v -0.08007812 -0.16601562 -0.75585938
v -0.07617188 -0.23242188 -0.75585938
v 0.08398438 -0.23242188 -0.75585938
v 0.08789062 -0.19726562 -0.75585938
v 0.08789062 -0.16601562 -0.75585938
v -0.07226562 -0.13476562 -0.74804688
v -0.06835938 -0.26367188 -0.74804688
v -0.02539062 -0.07226562 -0.74804688
v 0.00195312 -0.33398438 -0.74804688
v 0.00195312 -0.06445312 -0.74804688
v 0.02929688 -0.07226562 -0.74804688
v 0.08007812 -0.13476562 -0.74804688
v -0.02148438 -0.33007812 -0.74414062
v 0.02539062 -0.33007812 -0.74414062
v 0.04101562 -0.32226562 -0.74414062
v -0.05664062 -0.29101562 -0.74023438
v -0.05273438 -0.09570312 -0.74023438
v 0.05273438 -0.30664062 -0.74023438
v 0.05273438 -0.08789062 -0.74023438
v 0.06835938 -0.10742188 -0.74023438
v 0.00195312 -0.03710938 -0.73632812
v 0.00195312 -0.01757812 -0.72851562
v -0.00976562 -0.02148438 -0.72460938
v 0.01367188 -0.02148438 -0.72460938
v -0.04492188 -0.31445312 -0.72070312
v -0.02539062 -0.03710938 -0.72070312
v 0.02929688 -0.03710938 -0.72070312
v 0.00195312 -0.00195312 -0.71679688
v -0.01367188 -0.00976562 -0.70898438
v 0.01757812 -0.00976562 -0.70898438
v -0.09179688 -0.19726562 -0.70507812
v -0.09179688 -0.16601562 -0.70507812
v -0.08789062 -0.22851562 -0.70507812
v -0.08398438 -0.13476562 -0.70507812
v -0.07617188 -0.26367188 -0.70507812
v -0.07226562 -0.10742188 -0.70507812
v -0.06054688 -0.29101562 -0.70507812
v -0.06054688 -0.08398438 -0.70507812
v -0.02148438 -0.33007812 -0.70507812
v 0.00195312 -0.33398438 -0.70507812
v 0.02929688 -0.33007812 -0.70507812
v 0.05273438 -0.31054688 -0.70507812
v 0.06445312 -0.08398438 -0.70507812
v 0.08007812 -0.10742188 -0.70507812
v 0.08398438 -0.26367188 -0.70507812
v 0.09179688 -0.13476562 -0.70507812
v 0.09570312 -0.22851562 -0.70507812
v 0.09960938 -0.19726562 -0.70507812
v 0.09960938 -0.16601562 -0.70507812
v 0.00195312 0.01367188 -0.69335938
v -0.02539062 0.00585938 -0.67773438
v 0.02929688 0.00585938 -0.67773438
v -0.06054688 -0.08007812 -0.66992188
v -0.04101562 -0.02929688 -0.66992188
v 0.00976562 0.02539062 -0.66992188
v 0.04492188 -0.02929688 -0.66992188
v -0.08398438 -0.13476562 -0.66601562
v -0.07617188 -0.10742188 -0.66601562
v 0.06445312 -0.08398438 -0.66601562
v 0.08007812 -0.10742188 -0.66601562
v 0.09179688 -0.13476562 -0.66601562
v -0.09179688 -0.19726562 -0.64648438
v -0.09179688 -0.16601562 -0.64648438
v -0.08789062 -0.22851562 -0.64648438
v -0.07617188 -0.25976562 -0.64648438
v -0.06054688 -0.28710938 -0.64648438
v -0.04492188 -0.30664062 -0.64648438
v -0.02539062 -0.32226562 -0.64648438
v -0.02539062 -0.04492188 -0.64648438
v 0.00195312 -0.33007812 -0.64648438
v 0.02929688 -0.04492188 -0.64648438
v 0.03320312 -0.32226562 -0.64648438
v 0.04101562 0.00585938 -0.64648438
v 0.05273438 -0.30664062 -0.64648438
v 0.06835938 -0.28710938 -0.64648438
v 0.08398438 -0.25976562 -0.64648438
v 0.09570312 -0.22851562 -0.64648438
v 0.09960938 -0.19726562 -0.64648438
v 0.09960938 -0.16601562 -0.64648438
v -0.02148438 -0.01367188 -0.64257812
v 0.00585938 0.02539062 -0.64257812
v 0.02929688 -0.01367188 -0.64257812
v -0.05273438 -0.09570312 -0.63867188
v 0.05273438 -0.08007812 -0.63867188
v 0.00195312 -0.04101562 -0.63476562
v 0.06835938 -0.10351562 -0.63476562
v -0.02539062 -0.08398438 -0.63085938
v 0.02929688 -0.08007812 -0.63085938
v 0.20117188 -0.66992188 -0.63085938
v -0.23242188 -0.66992188 -0.62695312
v -0.07617188 -0.13476562 -0.62695312
v 0.00195312 -0.08007812 -0.62695312
v 0.00195312 -0.00976562 -0.62695312
v 0.08398438 -0.13476562 -0.62695312
v 0.23242188 -0.66992188 -0.62695312
v 0.20898438 -0.65039062 -0.61914062
v -0.16210938 -0.65820312 -0.61132812
v 0.16601562 -0.66992188 -0.61132812
v 0.18945312 -0.65039062 -0.61132812
v 0.23242188 -0.65039062 -0.61132812
v -0.25585938 -0.66992188 -0.60742188
v -0.18164062 -0.70507812 -0.60742188
v 0.17773438 -0.70507812 -0.60742188
v 0.23242188 -0.70507812 -0.60742188
v 0.25585938 -0.66992188 -0.60742188
v 0.20898438 -0.73242188 -0.59960938
v -0.21289062 -0.73242188 -0.59570312
v -0.16992188 -0.63867188 -0.59570312
v 0.20898438 -0.63476562 -0.59570312
v -0.24804688 -0.70507812 -0.59179688
v -0.24804688 -0.65039062 -0.59179688
v -0.18554688 -0.73242188 -0.59179688
v 0.16210938 -0.65039062 -0.59179688
v 0.18554688 -0.73242188 -0.59179688
v 0.23242188 -0.73242188 -0.59179688
v 0.25585938 -0.65039062 -0.59179688
v -0.14648438 -0.69335938 -0.58789062
v -0.13867188 -0.65429688 -0.58789062
v -0.08398438 -0.19335938 -0.58789062
v -0.08398438 -0.16601562 -0.58789062
v -0.07617188 -0.22460938 -0.58789062
v -0.06054688 -0.25585938 -0.58789062
v -0.05273438 -0.27539062 -0.58789062
v -0.04101562 -0.29101562 -0.58789062
v -0.02929688 -0.11132812 -0.58789062
v -0.02148438 -0.30273438 -0.58789062
v 0.00195312 -0.30664062 -0.58789062
v 0.00195312 -0.10742188 -0.58789062
v 0.02929688 -0.10742188 -0.58789062
v 0.03320312 -0.30273438 -0.58789062
v 0.05273438 -0.28710938 -0.58789062
v 0.05273438 -0.11523438 -0.58789062
v 0.06835938 -0.13476562 -0.58789062
v 0.08398438 -0.22460938 -0.58789062
v 0.09179688 -0.16601562 -0.58789062
v 0.09570312 -0.19335938 -0.58789062
v 0.15429688 -0.70117188 -0.58789062
v 0.23242188 -0.63476562 -0.58789062
v 0.26367188 -0.70117188 -0.58789062
v 0.18164062 -0.63476562 -0.58398438
v 0.20898438 -0.76367188 -0.58398438
v -0.23632812 -0.73242188 -0.58007812
v -0.21679688 -0.76367188 -0.58007812
v 0.22851562 -0.76367188 -0.58007812
v -0.26757812 -0.66992188 -0.57617188
v -0.20117188 -0.76367188 -0.57617188
v -0.18554688 -0.76367188 -0.57617188
v -0.15820312 -0.72851562 -0.57617188
v 0.14257812 -0.67382812 -0.57617188
v 0.16210938 -0.72851562 -0.57617188
v 0.18945312 -0.76367188 -0.57617188
v 0.25585938 -0.73242188 -0.57617188
v 0.27539062 -0.67382812 -0.57617188
v -0.19335938 -0.61914062 -0.57226562
v 0.19726562 -0.62304688 -0.57226562
v -0.23242188 -0.76367188 -0.56835938
v -0.20117188 -0.79882812 -0.56835938
v -0.16601562 -0.61914062 -0.56835938
v -0.11914062 -0.35742188 -0.56835938
v -0.06054688 -0.34570312 -0.56835938
v 0.21679688 -0.61914062 -0.56835938
v 0.22070312 -0.79882812 -0.56835938
v -0.21289062 -0.86132812 -0.56445312
v -0.21289062 -0.83007812 -0.56445312
v -0.16210938 -0.75976562 -0.56445312
v -0.13867188 -0.63085938 -0.56445312
v -0.11914062 -0.41992188 -0.56445312
v 0.06445312 -0.34570312 -0.56445312
v 0.11914062 -0.41210938 -0.56445312
v 0.16601562 -0.75976562 -0.56445312
v 0.22851562 -0.86132812 -0.56445312
v 0.22851562 -0.83007812 -0.56445312
v 0.24804688 -0.76367188 -0.56445312
v 0.27148438 -0.65039062 -0.56445312
v -0.26367188 -0.65039062 -0.56054688
v -0.24804688 -0.73242188 -0.56054688
v -0.24804688 -0.63085938 -0.56054688
v -0.22851562 -0.92382812 -0.56054688
v -0.21289062 -0.89257812 -0.56054688
v -0.19335938 -0.83007812 -0.56054688
v -0.09960938 -0.29492188 -0.56054688
v -0.05273438 -0.27929688 -0.56054688
v 0.00195312 -0.34570312 -0.56054688
v 0.06445312 -0.25195312 -0.56054688
v 0.15820312 -0.64257812 -0.56054688
v 0.18945312 -0.79882812 -0.56054688
v 0.20507812 -0.83007812 -0.56054688
v 0.22070312 -0.92382812 -0.56054688
v 0.23242188 -0.89257812 -0.56054688
v 0.23242188 -0.61914062 -0.56054688
v 0.25195312 -0.63085938 -0.56054688
v -0.24023438 -0.89257812 -0.55664062
v -0.24023438 -0.86132812 -0.55664062
v -0.18554688 -0.89257812 -0.55664062
v -0.18554688 -0.86132812 -0.55664062
v 0.00195312 -0.27539062 -0.55664062
v 0.05664062 -0.27929688 -0.55664062
v 0.10351562 -0.29492188 -0.55664062
v 0.14257812 -0.33398438 -0.55664062
v 0.17382812 -0.62695312 -0.55664062
v 0.18945312 -0.83007812 -0.55664062
v 0.19726562 -0.86132812 -0.55664062
v 0.20117188 -0.89257812 -0.55664062
v 0.25585938 -0.86132812 -0.55664062
v 0.25976562 -0.89257812 -0.55664062
v -0.26367188 -0.70117188 -0.55273438
v -0.24804688 -0.76367188 -0.55273438
v -0.24023438 -0.83007812 -0.55273438
v -0.22070312 -0.94726562 -0.55273438
v -0.18554688 -0.42773438 -0.55273438
v -0.14648438 -0.31835938 -0.55273438
v -0.05664062 -0.41210938 -0.55273438
v 0.04882812 -0.13867188 -0.55273438
v 0.06054688 -0.41210938 -0.55273438
v 0.18554688 -0.42773438 -0.55273438
v 0.18945312 -0.61132812 -0.55273438
v 0.25195312 -0.83007812 -0.55273438
v -0.20117188 -0.59570312 -0.54882812
v -0.18554688 -0.48242188 -0.54882812
v -0.17773438 -0.37304688 -0.54882812
v -0.16992188 -0.43554688 -0.54882812
v -0.13867188 -0.72460938 -0.54882812
v -0.11523438 -0.65820312 -0.54882812
v 0.00195312 -0.27148438 -0.54882812
v 0.14257812 -0.72460938 -0.54882812
v 0.18164062 -0.37304688 -0.54882812
v 0.18554688 -0.48242188 -0.54882812
v 0.23242188 -0.94726562 -0.54882812
v 0.27929688 -0.92382812 -0.54882812
v -0.17382812 -0.43554688 -0.54492188
v -0.16601562 -0.59960938 -0.54492188
v -0.14648438 -0.75976562 -0.54492188
v -0.12304688 -0.69335938 -0.54492188
v 0.00195312 -0.40820312 -0.54492188
v 0.17382812 -0.48242188 -0.54492188
v 0.20898438 -0.59570312 -0.54492188
v 0.25976562 -0.76367188 -0.54492188
v 0.26757812 -0.72460938 -0.54492188
v -0.27148438 -0.89257812 -0.54101562
v -0.26367188 -0.94726562 -0.54101562
v -0.25976562 -0.86132812 -0.54101562
v -0.24804688 -0.79882812 -0.54101562
v -0.18554688 -0.94726562 -0.54101562
v -0.16601562 -0.86132812 -0.54101562
v -0.16210938 -0.89257812 -0.54101562
v 0.13476562 -0.66210938 -0.54101562
v 0.15039062 -0.75976562 -0.54101562
v 0.17382812 -0.89257812 -0.54101562
v 0.17382812 -0.86132812 -0.54101562
v 0.27539062 -0.94726562 -0.54101562
v 0.27929688 -0.86132812 -0.54101562
v 0.29101562 -0.89257812 -0.54101562
v -0.27148438 -0.66992188 -0.53710938
v -0.25195312 -0.72851562 -0.53710938
v -0.24023438 -0.61132812 -0.53710938
v 0.02929688 -0.14257812 -0.53710938
v 0.18554688 -0.94726562 -0.53710938
v 0.24804688 -0.61132812 -0.53710938
v 0.27929688 -0.66992188 -0.53710938
v -0.26367188 -0.63476562 -0.53320312
v -0.12695312 -0.61132812 -0.53320312
v 0.27148438 -0.83007812 -0.53320312
v 0.27148438 -0.63476562 -0.53320312
v -0.25195312 -0.75976562 -0.52929688
v -0.21289062 -0.95898438 -0.52929688
v -0.14648438 -0.54492188 -0.52929688
v -0.10351562 -0.24023438 -0.52929688
v 0.11132812 -0.24023438 -0.52929688
v 0.14257812 -0.63085938 -0.52929688
v 0.15820312 -0.61132812 -0.52929688
v 0.16601562 -0.59179688 -0.52929688
v 0.21679688 -0.95898438 -0.52929688
v 0.26757812 -0.79882812 -0.52929688
v -0.24023438 -0.96289062 -0.52539062
v -0.15039062 -0.79492188 -0.52539062
v -0.15039062 -0.27148438 -0.52539062
v -0.11132812 -0.63085938 -0.52539062
v 0.15429688 -0.79492188 -0.52539062
v 0.15820312 -0.27148438 -0.52539062
v 0.24414062 -0.96289062 -0.52539062
v -0.25585938 -0.79492188 -0.52148438
v -0.23632812 -0.57617188 -0.52148438
v -0.19335938 -0.32226562 -0.52148438
v 0.19726562 -0.32226562 -0.52148438
v 0.26367188 -0.75976562 -0.52148438
v -0.29101562 -0.89257812 -0.51757812
v -0.27148438 -0.85742188 -0.51757812
v -0.26757812 -0.96289062 -0.51757812
v -0.25976562 -0.82226562 -0.51757812
v -0.23632812 -0.52929688 -0.51757812
v -0.23632812 -0.47851562 -0.51757812
v -0.23242188 -0.42773438 -0.51757812
v -0.21679688 -0.37695312 -0.51757812
v -0.18164062 -0.96289062 -0.51757812
v -0.15039062 -0.85742188 -0.51757812
v -0.15039062 -0.82617188 -0.51757812
v -0.14648438 -0.89257812 -0.51757812
v -0.13867188 -0.75976562 -0.51757812
v -0.13476562 -0.72851562 -0.51757812
v -0.05273438 -0.46679688 -0.51757812
v 0.14257812 -0.75976562 -0.51757812
v 0.14257812 -0.72851562 -0.51757812
v 0.15039062 -0.89257812 -0.51757812
v 0.15429688 -0.85742188 -0.51757812
v 0.15429688 -0.82617188 -0.51757812
v 0.22070312 -0.37695312 -0.51757812
v 0.23242188 -0.42773438 -0.51757812
v 0.23632812 -0.52929688 -0.51757812
v 0.23632812 -0.47851562 -0.51757812
v 0.27148438 -0.96289062 -0.51757812
v 0.29101562 -0.85742188 -0.51757812
v 0.31445312 -0.89257812 -0.51757812
v -0.29882812 -0.91992188 -0.51367188
v -0.29492188 -0.94726562 -0.51367188
v -0.15429688 -0.94726562 -0.51367188
v -0.14648438 -0.91992188 -0.51367188
v 0.13476562 -0.70507812 -0.51367188
v 0.15039062 -0.91992188 -0.51367188
v 0.15820312 -0.94726562 -0.51367188
v 0.18945312 -0.96289062 -0.51367188
v 0.31445312 -0.94726562 -0.51367188
v 0.31835938 -0.91992188 -0.51367188
v -0.26367188 -0.69335938 -0.50976562
v -0.24414062 -0.72460938 -0.50976562
v -0.12695312 -0.70507812 -0.50976562
v -0.12695312 -0.56054688 -0.50976562
v -0.11132812 -0.66992188 -0.50976562
v 0.25585938 -0.72460938 -0.50976562
v 0.27148438 -0.69335938 -0.50976562
v 0.29882812 -0.96289062 -0.50976562
v -0.26367188 -0.60742188 -0.50585938
v -0.24023438 -0.75195312 -0.50585938
v 0.26757812 -0.79492188 -0.50585938
v 0.11914062 -0.55664062 -0.50195312
v 0.12304688 -0.66210938 -0.50195312
v 0.24804688 -0.75195312 -0.50195312
v -0.25195312 -0.79101562 -0.49804688
v -0.21289062 -0.95507812 -0.49804688
v 0.12695312 -0.63085938 -0.49804688
v 0.21679688 -0.95507812 -0.49804688
v 0.27539062 -0.82226562 -0.49804688
v -0.24023438 -0.95898438 -0.49414062
v -0.10351562 -0.20117188 -0.49414062
v -0.09960938 -0.64257812 -0.49414062
v 0.11132812 -0.20117188 -0.49414062
v 0.12695312 -0.60742188 -0.49414062
v 0.24414062 -0.95898438 -0.49414062
v -0.27539062 -0.85351562 -0.49023438
v -0.26757812 -0.96289062 -0.49023438
v -0.26367188 -0.82226562 -0.49023438
v -0.22851562 -0.74023438 -0.49023438
v -0.16210938 -0.96289062 -0.49023438
v -0.14648438 -0.75976562 -0.49023438
v 0.15039062 -0.75976562 -0.49023438
v 0.16601562 -0.96289062 -0.49023438
v 0.27148438 -0.96289062 -0.49023438
v 0.29492188 -0.85351562 -0.49023438
v -0.29882812 -0.88867188 -0.48632812
v -0.15039062 -0.79492188 -0.48632812
v -0.14648438 -0.82617188 -0.48632812
v -0.14648438 -0.72851562 -0.48632812
v -0.14257812 -0.85742188 -0.48632812
v -0.13867188 -0.88867188 -0.48632812
v -0.09179688 -0.52148438 -0.48632812
v 0.09179688 -0.52148438 -0.48632812
v 0.13085938 -0.68945312 -0.48632812
v 0.14257812 -0.88867188 -0.48632812
v 0.14648438 -0.85742188 -0.48632812
v 0.15039062 -0.82617188 -0.48632812
v 0.15039062 -0.72851562 -0.48632812
v 0.15429688 -0.79492188 -0.48632812
v 0.24023438 -0.74023438 -0.48632812
v 0.25976562 -0.79101562 -0.48632812
v 0.31835938 -0.88867188 -0.48632812
v -0.31054688 -0.94726562 -0.48242188
v -0.30273438 -0.96289062 -0.48242188
v -0.26757812 -0.57226562 -0.48242188
v -0.13867188 -0.94726562 -0.48242188
v 0.14257812 -0.94726562 -0.48242188
v 0.25195312 -0.70898438 -0.48242188
v 0.27148438 -0.57226562 -0.48242188
v 0.29882812 -0.96679688 -0.48242188
v 0.31835938 -0.96289062 -0.48242188
v 0.33007812 -0.94726562 -0.48242188
v -0.24023438 -0.70898438 -0.47851562
v -0.09179688 -0.61523438 -0.47851562
v -0.27148438 -0.52148438 -0.47460938
v -0.26757812 -0.66601562 -0.47460938
v -0.20117188 -0.28320312 -0.47460938
v -0.18554688 -0.96679688 -0.47460938
v -0.15429688 -0.22460938 -0.47460938
v -0.11914062 -0.67773438 -0.47460938
v 0.04882812 -0.50585938 -0.47460938
v 0.18945312 -0.96679688 -0.47460938
v 0.27148438 -0.52148438 -0.47460938
v 0.27929688 -0.62304688 -0.47460938
v -0.31054688 -0.91992188 -0.47070312
v -0.26757812 -0.47070312 -0.47070312
v -0.25585938 -0.41210938 -0.47070312
v -0.24414062 -0.79101562 -0.47070312
v -0.23632812 -0.34960938 -0.47070312
v -0.22070312 -0.75195312 -0.47070312
v -0.14648438 -0.70898438 -0.47070312
v -0.13476562 -0.91992188 -0.47070312
v 0.13867188 -0.91992188 -0.47070312
v 0.15039062 -0.70898438 -0.47070312
v 0.16210938 -0.22460938 -0.47070312
v 0.20898438 -0.28320312 -0.47070312
v 0.22851562 -0.75195312 -0.47070312
v 0.24414062 -0.34960938 -0.47070312
v 0.25976562 -0.41210938 -0.47070312
v 0.26757812 -0.47070312 -0.47070312
v 0.27148438 -0.82226562 -0.47070312
v 0.33007812 -0.91992188 -0.47070312
v -0.16992188 -0.75976562 -0.46679688
v 0.00195312 -0.50195312 -0.46679688
v 0.09960938 -0.17773438 -0.46679688
v 0.17382812 -0.75976562 -0.46679688
v -0.22851562 -0.96679688 -0.46289062
v 0.22851562 -0.72460938 -0.46289062
v 0.23242188 -0.96679688 -0.46289062
v 0.24414062 -0.79101562 -0.46289062
v -0.27148438 -0.85351562 -0.45898438
v -0.26757812 -0.96679688 -0.45898438
v -0.20117188 -0.74804688 -0.45898438
v -0.16992188 -0.72460938 -0.45898438
v -0.15039062 -0.96289062 -0.45898438
v 0.11523438 -0.63867188 -0.45898438
v 0.15429688 -0.96289062 -0.45898438
v 0.17382812 -0.72851562 -0.45898438
v 0.20898438 -0.75195312 -0.45898438
v 0.27148438 -0.96679688 -0.45898438
v 0.28710938 -0.85351562 -0.45898438
v -0.31445312 -0.96289062 -0.45507812
v -0.29882812 -0.88867188 -0.45507812
v -0.20507812 -0.72070312 -0.45507812
v -0.15039062 -0.85351562 -0.45507812
v -0.13476562 -0.88867188 -0.45507812
v -0.10742188 -0.58007812 -0.45507812
v -0.10351562 -0.65429688 -0.45507812
v 0.10742188 -0.58007812 -0.45507812
v 0.11132812 -0.60742188 -0.45507812
v 0.12695312 -0.66992188 -0.45507812
v 0.13867188 -0.88867188 -0.45507812
v 0.15429688 -0.85351562 -0.45507812
v 0.20507812 -0.72851562 -0.45507812
v 0.31445312 -0.88867188 -0.45507812
v 0.31835938 -0.96289062 -0.45507812
v -0.31835938 -0.94726562 -0.45117188
v -0.24804688 -0.68164062 -0.45117188
v -0.13867188 -0.94726562 -0.45117188
v -0.09960938 -0.17382812 -0.45117188
v 0.14257812 -0.94726562 -0.45117188
v 0.32617188 -0.94726562 -0.45117188
v -0.27539062 -0.59570312 -0.44726562
v -0.24804688 -0.82617188 -0.44726562
v -0.21679688 -0.79492188 -0.44726562
v -0.19335938 -0.79492188 -0.44726562
v 0.22070312 -0.79492188 -0.44726562
v 0.27929688 -0.59960938 -0.44726562
v -0.27148438 -0.64257812 -0.44335938
v -0.13867188 -0.68554688 -0.44335938
v -0.09570312 -0.63085938 -0.44335938
v 0.08789062 -0.55273438 -0.44335938
v 0.27539062 -0.64648438 -0.44335938
v 0.14648438 -0.68554688 -0.43945312
v -0.22460938 -0.68554688 -0.43554688
v 0.25195312 -0.83398438 -0.43554688
v -0.27929688 -0.56835938 -0.43164062
v -0.25976562 -0.86132812 -0.43164062
v -0.15039062 -0.19726562 -0.43164062
v -0.04882812 -0.53710938 -0.43164062
v 0.04882812 -0.53710938 -0.43164062
v 0.17382812 -0.70117188 -0.43164062
v 0.27929688 -0.86132812 -0.43164062
v 0.27929688 -0.56835938 -0.43164062
v -0.31445312 -0.96679688 -0.42773438
v -0.29101562 -0.89648438 -0.42773438
v -0.22460938 -0.83398438 -0.42773438
v -0.16601562 -0.86523438 -0.42773438
v -0.16601562 -0.69335938 -0.42773438
v -0.14257812 -0.90429688 -0.42773438
v 0.14648438 -0.90429688 -0.42773438
v 0.16601562 -0.86523438 -0.42773438
v 0.22460938 -0.83398438 -0.42773438
v 0.30273438 -0.89648438 -0.42773438
v 0.31445312 -0.95507812 -0.42773438
v 0.31445312 -0.92773438 -0.42773438
v -0.19726562 -0.69726562 -0.42382812
v -0.18945312 -0.84570312 -0.42382812
v -0.17382812 -0.99414062 -0.42382812
v -0.10351562 -0.61523438 -0.42382812
v 0.00195312 -0.53320312 -0.42382812
v 0.16992188 -0.99414062 -0.42382812
v 0.19335938 -0.84570312 -0.42382812
v -0.28320312 -0.51757812 -0.41992188
v -0.20117188 -0.25195312 -0.41992188
v -0.15820312 -0.97851562 -0.41992188
v -0.04101562 -0.14648438 -0.41992188
v 0.00195312 -0.14648438 -0.41992188
v 0.02929688 -0.14648438 -0.41992188
v 0.09570312 -0.15820312 -0.41992188
v 0.15820312 -0.97851562 -0.41992188
v 0.15820312 -0.19335938 -0.41992188
v 0.28320312 -0.51757812 -0.41992188
v -0.27929688 -0.46289062 -0.41601562
v -0.26757812 -0.40039062 -0.41601562
v -0.25585938 -0.65820312 -0.41601562
v -0.24414062 -0.32617188 -0.41601562
v 0.20898438 -0.25195312 -0.41601562
v 0.25195312 -0.32617188 -0.41601562
v 0.25585938 -0.86132812 -0.41601562
v 0.25585938 -0.66210938 -0.41601562
v 0.27539062 -0.40039062 -0.41601562
v 0.27929688 -0.46289062 -0.41601562
v -0.27539062 -0.61523438 -0.41210938
v -0.23242188 -0.86132812 -0.41210938
v -0.09179688 -0.15820312 -0.41210938
v 0.10742188 -0.59570312 -0.41210938
v 0.27539062 -0.61914062 -0.41210938
v -0.26757812 -0.99804688 -0.40820312
v -0.22851562 -0.99804688 -0.40820312
v -0.19726562 -0.86523438 -0.40820312
v -0.13085938 -0.66601562 -0.40820312
v 0.11132812 -0.62304688 -0.40820312
v 0.19726562 -0.86523438 -0.40820312
v 0.22851562 -0.86132812 -0.40820312
v 0.23242188 -0.99804688 -0.40820312
v 0.27148438 -0.99414062 -0.40820312
v -0.29882812 -0.99414062 -0.40429688
v 0.14257812 -0.66992188 -0.40429688
v 0.19335938 -0.99804688 -0.40429688
v -0.22851562 -0.66992188 -0.40039062
v -0.08789062 -0.57617188 -0.40039062
v 0.08789062 -0.57617188 -0.40039062
v 0.12695312 -0.64648438 -0.40039062
v 0.22851562 -0.67382812 -0.40039062
v -0.30273438 -0.97460938 -0.39648438
v -0.27929688 -0.92773438 -0.39648438
v -0.25976562 -0.89257812 -0.39648438
v -0.18164062 -0.99414062 -0.39648438
v -0.17382812 -0.89648438 -0.39648438
v -0.16210938 -0.92773438 -0.39648438
v 0.15820312 -0.92773438 -0.39648438
v 0.17382812 -0.89648438 -0.39648438
v 0.17773438 -0.99414062 -0.39648438
v 0.26367188 -0.89257812 -0.39648438
v 0.29101562 -0.95898438 -0.39648438
v 0.29101562 -0.92773438 -0.39648438
v -0.16992188 -0.98242188 -0.39257812
v -0.16210938 -0.95898438 -0.39257812
v -0.16210938 -0.67773438 -0.39257812
v -0.14257812 -0.18164062 -0.39257812
v -0.11523438 -0.63867188 -0.39257812
v 0.15820312 -0.95898438 -0.39257812
v 0.16601562 -0.98242188 -0.39257812
v 0.20117188 -0.68164062 -0.39257812
v 0.27929688 -0.98242188 -0.39257812
v -0.19726562 -0.67773438 -0.38867188
v -0.04882812 -0.56445312 -0.38867188
v 0.04882812 -0.56445312 -0.38867188
v -0.27929688 -0.58398438 -0.38476562
v -0.23242188 -0.89257812 -0.38476562
v -0.20117188 -0.89257812 -0.38476562
v -0.04492188 -0.13867188 -0.38476562
v 0.00195312 -0.56445312 -0.38476562
v 0.00195312 -0.13867188 -0.38476562
v 0.04101562 -0.13867188 -0.38476562
v 0.09570312 -0.14648438 -0.38476562
v 0.20117188 -0.89257812 -0.38476562
v 0.23242188 -0.89257812 -0.38476562
v 0.27929688 -0.58789062 -0.38476562
v -0.28710938 -0.99414062 -0.38085938
v -0.26757812 -0.99804688 -0.38085938
v -0.25976562 -0.63867188 -0.38085938
v -0.08789062 -0.14648438 -0.38085938
v 0.25976562 -0.63867188 -0.38085938
v -0.25195312 -0.99804688 -0.37695312
v -0.22851562 -0.99804688 -0.37695312
v -0.20898438 -0.99804688 -0.37695312
v 0.17382812 -0.92773438 -0.37695312
v 0.20507812 -0.99804688 -0.37695312
v 0.22851562 -0.99804688 -0.37695312
v 0.24804688 -0.99804688 -0.37695312
v 0.26757812 -0.99414062 -0.37695312
v -0.28710938 -0.52148438 -0.37304688
v -0.19726562 -0.22460938 -0.37304688
v -0.19335938 -0.99414062 -0.37304688
v -0.17773438 -0.92773438 -0.37304688
v 0.15429688 -0.17382812 -0.37304688
v 0.17773438 -0.98242188 -0.37304688
v 0.18945312 -0.99414062 -0.37304688
v 0.28710938 -0.52148438 -0.37304688
v -0.28320312 -0.98242188 -0.36914062
v -0.27929688 -0.95898438 -0.36914062
v -0.25976562 -0.92773438 -0.36914062
v -0.18164062 -0.98242188 -0.36914062
v 0.17773438 -0.95898438 -0.36914062
v 0.20507812 -0.22460938 -0.36914062
v 0.26367188 -0.92773438 -0.36914062
v 0.27539062 -0.98242188 -0.36914062
v 0.27539062 -0.95898438 -0.36914062
v -0.28320312 -0.45898438 -0.36523438
v -0.27148438 -0.99414062 -0.36523438
v -0.27148438 -0.38867188 -0.36523438
v -0.24023438 -0.30273438 -0.36523438
v -0.18554688 -0.95898438 -0.36523438
v -0.13867188 -0.65429688 -0.36523438
v -0.12304688 -0.16601562 -0.36523438
v 0.11523438 -0.61523438 -0.36523438
v 0.13085938 -0.63867188 -0.36523438
v 0.23242188 -0.65820312 -0.36523438
v 0.24804688 -0.30273438 -0.36523438
v 0.27539062 -0.38867188 -0.36523438
v 0.28320312 -0.45898438 -0.36523438
v -0.23242188 -0.65820312 -0.36132812
v -0.20117188 -0.92773438 -0.36132812
v -0.19335938 -0.22851562 -0.36132812
v 0.20117188 -0.92773438 -0.36132812
v -0.25195312 -0.99414062 -0.35742188
v -0.22851562 -0.92773438 -0.35742188
v -0.20898438 -0.99414062 -0.35742188
v -0.09179688 -0.59179688 -0.35742188
v -0.04882812 -0.09179688 -0.35742188
v -0.04492188 -0.12304688 -0.35742188
v 0.00195312 -0.12304688 -0.35742188
v 0.00195312 -0.09570312 -0.35742188
v 0.04101562 -0.12304688 -0.35742188
v 0.04492188 -0.09570312 -0.35742188
v 0.09179688 -0.59179688 -0.35742188
v 0.14257812 -0.65039062 -0.35742188
v 0.19335938 -0.98242188 -0.35742188
v 0.20117188 -0.66601562 -0.35742188
v 0.20507812 -0.99414062 -0.35742188
v 0.23242188 -0.92773438 -0.35742188
v 0.24804688 -0.99414062 -0.35742188
v 0.25976562 -0.99414062 -0.35742188
v -0.22851562 -0.99414062 -0.35351562
v -0.20117188 -0.98242188 -0.35351562
v -0.20117188 -0.66210938 -0.35351562
v -0.16601562 -0.66210938 -0.35351562
v -0.09960938 -0.10351562 -0.35351562
v -0.09179688 -0.13085938 -0.35351562
v 0.09570312 -0.13085938 -0.35351562
v 0.09960938 -0.10351562 -0.35351562
v 0.20117188 -0.95898438 -0.35351562
v 0.22851562 -0.99414062 -0.35351562
v -0.25976562 -0.61914062 -0.34960938
v -0.25585938 -0.98242188 -0.34960938
v -0.25585938 -0.95898438 -0.34960938
v 0.25195312 -0.98242188 -0.34960938
v 0.25195312 -0.95898438 -0.34960938
v 0.25976562 -0.61914062 -0.34960938
v -0.27539062 -0.56445312 -0.34570312
v -0.22851562 -0.98242188 -0.34570312
v -0.04882812 -0.58789062 -0.34570312
v 0.04882812 -0.58789062 -0.34570312
v 0.22851562 -0.97460938 -0.34570312
v 0.27539062 -0.56445312 -0.34570312
v -0.22851562 -0.95898438 -0.34179688
v -0.13085938 -0.15039062 -0.34179688
v 0.14257812 -0.15820312 -0.34179688
v -0.04882812 -0.07226562 -0.33789062
v 0.00195312 -0.59570312 -0.33789062
v 0.00195312 -0.06835938 -0.33789062
v 0.09960938 -0.07617188 -0.33789062
v -0.17773438 -0.21289062 -0.33398438
v -0.14257812 -0.13085938 -0.33398438
v -0.09960938 -0.08398438 -0.33398438
v 0.14648438 -0.13476562 -0.33398438
v -0.27929688 -0.52148438 -0.32617188
v -0.23242188 -0.29101562 -0.32617188
v 0.19726562 -0.21289062 -0.32617188
v 0.22460938 -0.64257812 -0.32617188
v 0.27929688 -0.52148438 -0.32617188
v -0.22460938 -0.64257812 -0.32226562
v 0.14648438 -0.10742188 -0.32226562
v 0.24414062 -0.29101562 -0.32226562
v -0.27929688 -0.45898438 -0.31835938
v -0.26367188 -0.38085938 -0.31835938
v -0.14648438 -0.11132812 -0.31835938
v -0.10351562 -0.59960938 -0.31835938
v 0.10351562 -0.59960938 -0.31835938
v 0.26757812 -0.38085938 -0.31835938
v 0.27929688 -0.45898438 -0.31835938
v -0.26367188 -0.58789062 -0.31445312
v -0.17382812 -0.18945312 -0.31445312
v 0.26367188 -0.58789062 -0.31445312
v -0.05273438 -0.59960938 -0.31054688
v -0.13476562 -0.61914062 -0.30664062
v 0.17382812 -0.14257812 -0.30664062
v 0.18945312 -0.19335938 -0.30664062
v -0.17773438 -0.17773438 -0.30273438
v -0.09570312 -0.08007812 -0.30273438
v -0.04882812 -0.07226562 -0.30273438
v 0.00195312 -0.07226562 -0.30273438
v 0.09570312 -0.07617188 -0.30273438
v -0.22851562 -0.28320312 -0.29492188
v -0.14648438 -0.09960938 -0.29492188
v 0.14648438 -0.09570312 -0.29492188
v 0.19335938 -0.18164062 -0.29492188
v 0.20117188 -0.63085938 -0.29492188
v -0.24023438 -0.60351562 -0.29101562
v -0.16601562 -0.62695312 -0.29101562
v 0.16601562 -0.62695312 -0.29101562
v 0.24023438 -0.60351562 -0.29101562
v 0.24023438 -0.28710938 -0.29101562
v -0.27148438 -0.52539062 -0.28710938
v 0.27148438 -0.52539062 -0.28710938
v -0.27148438 -0.45898438 -0.28320312
v -0.25976562 -0.38085938 -0.28320312
v -0.22070312 -0.24804688 -0.28320312
v -0.17382812 -0.12695312 -0.28320312
v -0.12304688 -0.59960938 -0.28320312
v 0.04882812 -0.60742188 -0.28320312
v 0.17382812 -0.12695312 -0.28320312
v 0.26367188 -0.38085938 -0.28320312
v 0.27148438 -0.45898438 -0.28320312
v -0.09179688 -0.59960938 -0.27929688
v -0.04882812 -0.61132812 -0.27929688
v -0.18554688 -0.16601562 -0.27539062
v 0.22851562 -0.25195312 -0.27539062
v -0.25195312 -0.55664062 -0.27148438
v -0.04492188 -0.07617188 -0.27148438
v 0.04101562 -0.07617188 -0.27148438
v 0.20898438 -0.60742188 -0.27148438
v 0.25195312 -0.55664062 -0.27148438
v -0.21679688 -0.24414062 -0.26757812
v -0.09179688 -0.08398438 -0.26757812
v 0.00195312 -0.07617188 -0.26757812
v 0.09570312 -0.08007812 -0.26757812
v 0.19726562 -0.16992188 -0.26757812
v -0.16992188 -0.60351562 -0.26367188
v -0.14257812 -0.09960938 -0.26367188
v 0.14648438 -0.09570312 -0.26367188
v 0.16601562 -0.60351562 -0.26367188
v 0.22851562 -0.24804688 -0.26367188
v -0.13085938 -0.58789062 -0.25976562
v 0.13085938 -0.58789062 -0.25976562
v -0.25195312 -0.32617188 -0.25585938
v -0.17382812 -0.12304688 -0.25585938
v 0.17382812 -0.12304688 -0.25585938
v 0.21679688 -0.57617188 -0.25585938
v 0.25585938 -0.32617188 -0.25585938
v -0.27148438 -0.45898438 -0.25195312
v -0.26757812 -0.40820312 -0.25195312
v -0.26367188 -0.48242188 -0.25195312
v -0.24414062 -0.49414062 -0.25195312
v -0.22851562 -0.52148438 -0.25195312
v 0.22851562 -0.52148438 -0.25195312
v 0.24414062 -0.49414062 -0.25195312
v 0.25976562 -0.48242188 -0.25195312
v 0.26757812 -0.45898438 -0.25195312
v 0.26757812 -0.40820312 -0.25195312
v -0.17382812 -0.57617188 -0.24804688
v 0.17382812 -0.57617188 -0.24804688
v -0.21679688 -0.22460938 -0.24414062
v -0.15039062 -0.57617188 -0.24414062
v 0.15039062 -0.57617188 -0.24414062
v 0.20507812 -0.54882812 -0.24414062
v -0.19726562 -0.16601562 -0.24023438
v -0.04492188 -0.09179688 -0.24023438
v 0.00195312 -0.09179688 -0.24023438
v 0.04101562 -0.09179688 -0.24023438
v 0.20117188 -0.16210938 -0.24023438
v 0.22851562 -0.22460938 -0.24023438
v -0.24804688 -0.32617188 -0.23632812
v -0.18554688 -0.55664062 -0.23632812
v -0.10351562 -0.60742188 -0.23632812
v -0.09179688 -0.09570312 -0.23632812
v 0.09570312 -0.09570312 -0.23632812
v 0.10351562 -0.60742188 -0.23632812
v 0.18554688 -0.55664062 -0.23632812
v 0.25585938 -0.32617188 -0.23632812
v -0.26757812 -0.46289062 -0.23242188
v -0.26757812 -0.40820312 -0.23242188
v -0.25976562 -0.48242188 -0.23242188
v -0.24023438 -0.49023438 -0.23242188
v -0.14257812 -0.10742188 -0.23242188
v -0.05273438 -0.62695312 -0.23242188
v 0.05273438 -0.62695312 -0.23242188
v 0.14648438 -0.11132812 -0.23242188
v 0.22070312 -0.51757812 -0.23242188
v 0.24023438 -0.49023438 -0.23242188
v 0.25976562 -0.48242188 -0.23242188
v 0.26757812 -0.46289062 -0.23242188
v 0.27148438 -0.40820312 -0.23242188
v -0.24414062 -0.28710938 -0.22460938
v -0.17773438 -0.12695312 -0.22460938
v -0.15039062 -0.58789062 -0.22460938
v 0.14648438 -0.58789062 -0.22460938
v -0.18945312 -0.55664062 -0.22070312
v 0.18945312 -0.55664062 -0.22070312
v 0.25195312 -0.28710938 -0.22070312
v 0.19335938 -0.15039062 -0.21679688
v -0.22460938 -0.22070312 -0.21289062
v 0.22460938 -0.52148438 -0.21289062
v 0.23242188 -0.22070312 -0.21289062
v -0.25976562 -0.34570312 -0.20898438
v 0.26757812 -0.34570312 -0.20898438
v -0.27148438 -0.47070312 -0.20507812
v -0.27148438 -0.40820312 -0.20507812
v -0.25976562 -0.49023438 -0.20507812
v -0.20117188 -0.16601562 -0.20507812
v -0.09179688 -0.09960938 -0.20507812
v -0.04492188 -0.09960938 -0.20507812
v 0.00195312 -0.09960938 -0.20507812
v 0.09570312 -0.09960938 -0.20507812
v 0.24023438 -0.49414062 -0.20507812
v 0.25976562 -0.49023438 -0.20507812
v 0.27539062 -0.40820312 -0.20507812
v -0.14257812 -0.10742188 -0.20117188
v 0.02929688 -0.09570312 -0.20117188
v 0.14648438 -0.11523438 -0.20117188
v -0.17773438 -0.13085938 -0.19726562
v -0.24804688 -0.28320312 -0.18945312
v -0.10351562 -0.62304688 -0.18945312
v 0.05273438 -0.63867188 -0.18945312
v 0.10351562 -0.62304688 -0.18945312
v 0.25585938 -0.28320312 -0.18945312
v -0.15039062 -0.59960938 -0.18554688
v 0.15039062 -0.59960938 -0.18554688
v 0.19335938 -0.14648438 -0.18554688
v -0.22851562 -0.22070312 -0.18164062
v 0.19335938 -0.56835938 -0.18164062
v 0.23632812 -0.21289062 -0.18164062
v -0.26757812 -0.34570312 -0.17773438
v -0.22851562 -0.52148438 -0.17773438
v -0.17773438 -0.13085938 -0.17773438
v 0.22851562 -0.52929688 -0.17773438
v 0.27539062 -0.34570312 -0.17773438
v -0.27929688 -0.47070312 -0.17382812
v -0.27929688 -0.40820312 -0.17382812
v -0.27148438 -0.49023438 -0.17382812
v -0.24414062 -0.49804688 -0.17382812
v -0.20117188 -0.16601562 -0.17382812
v -0.09179688 -0.09570312 -0.17382812
v -0.04492188 -0.09570312 -0.17382812
v 0.00195312 -0.09570312 -0.17382812
v 0.09570312 -0.09570312 -0.17382812
v 0.24023438 -0.50585938 -0.17382812
v 0.25976562 -0.50195312 -0.17382812
v 0.28320312 -0.40820312 -0.17382812
v -0.14257812 -0.10742188 -0.16992188
v 0.14648438 -0.11132812 -0.16992188
v -0.25585938 -0.28320312 -0.15820312
v 0.26367188 -0.28320312 -0.15820312
v 0.19335938 -0.14257812 -0.15429688
v -0.23242188 -0.22070312 -0.15039062
v -0.17773438 -0.13085938 -0.15039062
v 0.23632812 -0.20117188 -0.15039062
v -0.28320312 -0.46679688 -0.14648438
v -0.27539062 -0.34570312 -0.14648438
v 0.28320312 -0.34570312 -0.14648438
v -0.27539062 -0.49804688 -0.14257812
v -0.22070312 -0.53710938 -0.14257812
v -0.20117188 -0.16992188 -0.14257812
v -0.18554688 -0.58007812 -0.14257812
v -0.14648438 -0.61132812 -0.14257812
v -0.10351562 -0.63085938 -0.14257812
v -0.09179688 -0.09179688 -0.14257812
v -0.04492188 -0.08789062 -0.14257812
v 0.00195312 -0.65039062 -0.14257812
v 0.00195312 -0.08789062 -0.14257812
v 0.04101562 -0.08789062 -0.14257812
v 0.05273438 -0.64257812 -0.14257812
v 0.09570312 -0.09179688 -0.14257812
v 0.10351562 -0.63085938 -0.14257812
v 0.15429688 -0.61132812 -0.14257812
v 0.19726562 -0.58007812 -0.14257812
v 0.23632812 -0.53710938 -0.14257812
v 0.26367188 -0.50585938 -0.14257812
v 0.27929688 -0.49023438 -0.14257812
v 0.28710938 -0.46289062 -0.14257812
v 0.29101562 -0.40820312 -0.14257812
v -0.28320312 -0.40820312 -0.13867188
v -0.14257812 -0.10742188 -0.13867188
v 0.14648438 -0.10742188 -0.13867188
v -0.25976562 -0.28320312 -0.13085938
v 0.19335938 -0.13867188 -0.12695312
v -0.23242188 -0.22460938 -0.12304688
v -0.17773438 -0.13476562 -0.12304688
v 0.45898438 -0.33007812 -0.12304688
v -0.27929688 -0.34570312 -0.11914062
v -0.09179688 -0.11132812 -0.11914062
v -0.04492188 -0.10351562 -0.11914062
v 0.00195312 -0.10351562 -0.11914062
v 0.04101562 -0.10742188 -0.11914062
v 0.09570312 -0.11132812 -0.11914062
v 0.23632812 -0.18554688 -0.11914062
v 0.46289062 -0.33007812 -0.11914062
v -0.29101562 -0.46289062 -0.11523438
v -0.28710938 -0.48242188 -0.11523438
v -0.28710938 -0.40820312 -0.11523438
v -0.25195312 -0.50585938 -0.11523438
v -0.24414062 -0.56835938 -0.11523438
v -0.22460938 -0.53710938 -0.11523438
v -0.21289062 -0.59960938 -0.11523438
v -0.20117188 -0.17382812 -0.11523438
v 0.24023438 -0.53710938 -0.11523438
v 0.26757812 -0.24414062 -0.11523438
v 0.27148438 -0.53320312 -0.11523438
v 0.27148438 -0.50585938 -0.11523438
v 0.28320312 -0.48242188 -0.11523438
v 0.28320312 -0.34570312 -0.11523438
v 0.29101562 -0.45898438 -0.11523438
v 0.39257812 -0.34179688 -0.11523438
v 0.42382812 -0.34179688 -0.11523438
v 0.42773438 -0.39257812 -0.11523438
v 0.45898438 -0.34179688 -0.11523438
v -0.25585938 -0.28320312 -0.11132812
v -0.18554688 -0.58007812 -0.11132812
v -0.16601562 -0.62695312 -0.11132812
v -0.14648438 -0.61132812 -0.11132812
v -0.14257812 -0.12695312 -0.11132812
v -0.10351562 -0.63085938 -0.11132812
v 0.00195312 -0.64648438 -0.11132812
v 0.05273438 -0.64257812 -0.11132812
v 0.10351562 -0.63085938 -0.11132812
v 0.14648438 -0.12304688 -0.11132812
v 0.15429688 -0.61132812 -0.11132812
v 0.17382812 -0.62695312 -0.11132812
v 0.20117188 -0.58007812 -0.11132812
v 0.22070312 -0.59960938 -0.11132812
v 0.25195312 -0.56835938 -0.11132812
v 0.28320312 -0.29492188 -0.11132812
v 0.35351562 -0.34179688 -0.11132812
v 0.39257812 -0.39257812 -0.11132812
v 0.39257812 -0.29492188 -0.11132812
v 0.45507812 -0.39257812 -0.11132812
v -0.11523438 -0.64257812 -0.10742188
v -0.08007812 -0.65039062 -0.10742188
v 0.00195312 -0.65429688 -0.10742188
v 0.06054688 -0.65039062 -0.10742188
v 0.11914062 -0.64257812 -0.10742188
v 0.29882812 -0.47851562 -0.10742188
v 0.29882812 -0.44335938 -0.10742188
v 0.29882812 -0.34179688 -0.10742188
v 0.31445312 -0.34179688 -0.10742188
v 0.35351562 -0.39257812 -0.10742188
v 0.45507812 -0.29492188 -0.10742188
v -0.27539062 -0.34570312 -0.10351562
v -0.23242188 -0.22460938 -0.10351562
v 0.29882812 -0.40039062 -0.10351562
v 0.31835938 -0.39648438 -0.10351562
v -0.28710938 -0.40820312 -0.09960938
v -0.17773438 -0.15039062 -0.09960938
v 0.29882812 -0.51367188 -0.09960938
v 0.39257812 -0.25195312 -0.09960938
v 0.42773438 -0.25195312 -0.09960938
v -0.30273438 -0.51367188 -0.09570312
v -0.25585938 -0.28320312 -0.09570312
v -0.24804688 -0.56835938 -0.09570312
v 0.19335938 -0.14648438 -0.09570312
v 0.27539062 -0.53320312 -0.09570312
v 0.35351562 -0.25195312 -0.09570312
v -0.28320312 -0.40820312 -0.09179688
v -0.27148438 -0.34570312 -0.09179688
v -0.26757812 -0.53320312 -0.09179688
v 0.25585938 -0.56835938 -0.09179688
v 0.28320312 -0.48242188 -0.09179688
v 0.31445312 -0.25195312 -0.09179688
v 0.35351562 -0.20507812 -0.09179688
v 0.39257812 -0.20507812 -0.09179688
v 0.39257812 -0.16210938 -0.09179688
v 0.42773438 -0.20507812 -0.09179688
v 0.45898438 -0.25195312 -0.09179688
v -0.21679688 -0.59960938 -0.08789062
v -0.20117188 -0.17773438 -0.08789062
v 0.31445312 -0.50585938 -0.08789062
v 0.31445312 -0.20507812 -0.08789062
v 0.35351562 -0.16210938 -0.08789062
v 0.44726562 -0.16210938 -0.08789062
v 0.45898438 -0.20117188 -0.08789062
v 0.47070312 -0.39648438 -0.08789062
v 0.47070312 -0.25195312 -0.08789062
v -0.09179688 -0.10742188 -0.08398438
v -0.04492188 -0.10351562 -0.08398438
v 0.00195312 -0.09960938 -0.08398438
v 0.09570312 -0.10742188 -0.08398438
v 0.22460938 -0.59960938 -0.08398438
v 0.31835938 -0.47851562 -0.08398438
v 0.38476562 -0.12695312 -0.08398438
v 0.45507812 -0.42382812 -0.08398438
v 0.46289062 -0.18945312 -0.08398438
v 0.47070312 -0.36132812 -0.08398438
v 0.47070312 -0.22070312 -0.08398438
v -0.23242188 -0.22460938 -0.08007812
v -0.16992188 -0.62695312 -0.08007812
v 0.17382812 -0.62695312 -0.08007812
v 0.24023438 -0.18164062 -0.08007812
v 0.31835938 -0.44335938 -0.08007812
v 0.35351562 -0.42382812 -0.08007812
v 0.35351562 -0.12695312 -0.08007812
v 0.39257812 -0.42382812 -0.08007812
v 0.41210938 -0.12695312 -0.08007812
v -0.28710938 -0.40820312 -0.07617188
v -0.27148438 -0.34570312 -0.07617188
v -0.25585938 -0.28320312 -0.07617188
v -0.14257812 -0.12695312 -0.07617188
v -0.11523438 -0.64257812 -0.07617188
v 0.00195312 -0.65429688 -0.07617188
v 0.06835938 -0.65039062 -0.07617188
v 0.12304688 -0.64257812 -0.07617188
v 0.15039062 -0.11914062 -0.07617188
v 0.29492188 -0.17773438 -0.07617188
v 0.38476562 -0.11132812 -0.06445312
v -0.20117188 -0.17382812 -0.06054688
v 0.19726562 -0.14648438 -0.06054688
v 0.31835938 -0.13476562 -0.06054688
v 0.35742188 -0.11132812 -0.06054688
v 0.41210938 -0.11523438 -0.06054688
v 0.42773438 -0.12695312 -0.06054688
v 0.44726562 -0.13867188 -0.06054688
v 0.46679688 -0.33007812 -0.06054688
v 0.47460938 -0.22070312 -0.06054688
v 0.47851562 -0.26367188 -0.06054688
v -0.29882812 -0.40820312 -0.05664062
v -0.29101562 -0.40820312 -0.05664062
v -0.28710938 -0.34570312 -0.05664062
v -0.27929688 -0.34570312 -0.05664062
v -0.23632812 -0.22460938 -0.05664062
v -0.27148438 -0.28320312 -0.05273438
v -0.25976562 -0.28320312 -0.05273438
v -0.24804688 -0.22851562 -0.05273438
v -0.23242188 -0.22460938 -0.05273438
v 0.43164062 -0.12304688 -0.05273438
v -0.20117188 -0.17382812 -0.04492188
v -0.14257812 -0.12695312 -0.04492188
v -0.09570312 -0.10351562 -0.04492188
v -0.04882812 -0.09570312 -0.04492188
v 0.00195312 -0.09570312 -0.04492188
v 0.00976562 0.18554688 -0.04492188
v 0.09960938 -0.09960938 -0.04492188
v 0.15039062 -0.11523438 -0.04492188
v -0.21679688 -0.59960938 -0.03320312
v -0.16992188 -0.62695312 -0.03320312
v -0.11523438 -0.64257812 -0.03320312
v 0.00195312 -0.65429688 -0.03320312
v 0.12304688 -0.64257812 -0.03320312
v 0.17382812 -0.62695312 -0.03320312
v 0.22460938 -0.59960938 -0.03320312
v 0.25585938 -0.56835938 -0.03320312
v 0.29101562 -0.51757812 -0.03320312
v 0.30664062 -0.52148438 -0.03320312
v 0.32226562 -0.50976562 -0.03320312
v 0.32226562 -0.45507812 -0.03320312
v 0.32226562 -0.44335938 -0.03320312
v 0.32617188 -0.48242188 -0.03320312
v 0.35742188 -0.43945312 -0.03320312
v 0.39257812 -0.44335938 -0.03320312
v 0.42382812 -0.44335938 -0.03320312
v 0.45507812 -0.43945312 -0.03320312
v 0.47070312 -0.41992188 -0.03320312
v 0.47070312 -0.39648438 -0.03320312
v -0.32226562 -0.47070312 -0.02929688
v -0.31445312 -0.51757812 -0.02929688
v -0.30664062 -0.47070312 -0.02929688
v -0.30273438 -0.52539062 -0.02929688
v -0.30273438 -0.40820312 -0.02929688
v -0.29101562 -0.34570312 -0.02929688
v -0.28710938 -0.52539062 -0.02929688
v -0.28710938 -0.50195312 -0.02929688
v -0.27929688 -0.50585938 -0.02929688
v -0.27539062 -0.28320312 -0.02929688
v -0.26757812 -0.53320312 -0.02929688
v -0.25195312 -0.22851562 -0.02929688
v -0.24804688 -0.56835938 -0.02929688
v 0.07617188 -0.65039062 -0.02929688
v 0.27539062 -0.53320312 -0.02929688
v 0.28320312 -0.50585938 -0.02929688
v 0.28320312 -0.48242188 -0.02929688
v 0.45898438 -0.36523438 -0.02929688
v 0.46679688 -0.17773438 -0.02929688
v 0.47070312 -0.29492188 -0.02929688
v -0.31445312 -0.44335938 -0.02539062
v -0.31054688 -0.44335938 -0.02539062
v -0.24804688 -0.56835938 -0.02539062
v -0.22460938 -0.18554688 -0.02539062
v 0.00195312 -0.65039062 -0.02539062
v 0.00195312 0.21289062 -0.02539062
v 0.02539062 0.21289062 -0.02539062
v 0.03710938 -0.65039062 -0.02539062
v 0.25976562 -0.18554688 -0.02539062
v 0.45898438 -0.33398438 -0.02539062
v 0.47460938 -0.21679688 -0.02539062
v 0.47851562 -0.26757812 -0.02539062
v 0.47851562 -0.24414062 -0.02539062
v -0.21679688 -0.59960938 -0.02148438
v -0.19335938 -0.15429688 -0.02148438
v -0.16992188 -0.62695312 -0.02148438
v -0.02539062 0.18554688 -0.02148438
v 0.04882812 0.18554688 -0.02148438
v 0.20117188 -0.14257812 -0.02148438
v 0.24804688 -0.16210938 -0.02148438
v 0.25585938 -0.56835938 -0.02148438
v 0.30273438 -0.16210938 -0.02148438
v 0.31835938 -0.13476562 -0.02148438
v 0.33398438 -0.11914062 -0.02148438
v 0.35742188 -0.11132812 -0.02148438
v 0.38476562 -0.11132812 -0.02148438
v 0.41210938 -0.11523438 -0.02148438
v 0.43164062 -0.12304688 -0.02148438
v 0.44726562 -0.13867188 -0.02148438
v -0.11523438 -0.64257812 -0.01757812
v 0.12304688 -0.64257812 -0.01757812
v 0.17382812 -0.62695312 -0.01757812
v 0.21679688 -0.12695312 -0.01757812
v 0.22460938 -0.59960938 -0.01757812
v -0.28320312 -0.48242188 -0.01367188
v -0.14648438 -0.12304688 -0.01367188
v -0.09960938 -0.09960938 -0.01367188
v -0.04882812 -0.08789062 -0.01367188
v -0.03710938 -0.65039062 -0.01367188
v 0.00195312 -0.65429688 -0.01367188
v 0.00195312 -0.08398438 -0.01367188
v 0.03710938 -0.65039062 -0.01367188
v 0.04882812 -0.08398438 -0.01367188
v 0.07617188 -0.65039062 -0.01367188
v 0.09960938 -0.09179688 -0.01367188
v 0.15429688 -0.11132812 -0.01367188
v -0.02539062 0.21289062 -0.00976562
v 0.04882812 0.21289062 -0.00976562
v 0.17382812 -0.09960938 -0.00976562
v -0.16992188 -0.62695312 -0.00195312
v -0.15039062 -0.10742188 -0.00195312
v -0.11523438 -0.64257812 -0.00195312
v -0.03710938 -0.65039062 -0.00195312
v 0.00195312 -0.65039062 -0.00195312
v 0.00195312 0.35742188 -0.00195312
v 0.03710938 -0.65039062 -0.00195312
v 0.07617188 -0.64648438 -0.00195312
v 0.12304688 -0.64257812 -0.00195312
v 0.17382812 -0.62695312 -0.00195312
v -0.30664062 -0.40820312 0.00195312
v -0.29492188 -0.34570312 0.00195312
v -0.27929688 -0.50195312 0.00195312
v -0.27539062 -0.28320312 0.00195312
v -0.27148438 -0.53320312 0.00195312
v -0.25585938 -0.22851562 0.00195312
v -0.24804688 -0.56835938 0.00195312
v -0.24414062 -0.53710938 0.00195312
v -0.22851562 -0.18164062 0.00195312
v -0.21679688 -0.59960938 0.00195312
v -0.20898438 -0.57617188 0.00195312
v -0.19335938 -0.13867188 0.00195312
v -0.16601562 -0.60742188 0.00195312
v -0.11523438 -0.62695312 0.00195312
v -0.10351562 -0.08398438 0.00195312
v -0.05273438 -0.07226562 0.00195312
v -0.03710938 -0.63476562 0.00195312
v 0.00195312 -0.63476562 0.00195312
v 0.00195312 -0.06835938 0.00195312
v 0.00195312 0.24804688 0.00195312
v 0.03710938 -0.63476562 0.00195312
v 0.05273438 -0.06835938 0.00195312
v 0.08007812 -0.63085938 0.00195312
v 0.10351562 -0.07226562 0.00195312
v 0.12304688 -0.62695312 0.00195312
v 0.14257812 -0.08007812 0.00195312
v 0.16992188 -0.60742188 0.00195312
v 0.21289062 -0.57617188 0.00195312
v 0.22460938 -0.59960938 0.00195312
v 0.24414062 -0.53710938 0.00195312
v 0.25585938 -0.56835938 0.00195312
v 0.27539062 -0.53320312 0.00195312
v 0.00195312 0.34570312 0.00585938
v 0.02539062 0.25195312 0.00585938
v 0.25195312 -0.16210938 0.00585938
v -0.02929688 0.24414062 0.00976562
v 0.00195312 0.03320312 0.00976562
v 0.02539062 0.35742188 0.00976562
v 0.22070312 -0.12695312 0.00976562
v 0.46289062 -0.17773438 0.00976562
v 0.00195312 0.06835938 0.01367188
v 0.05273438 0.24804688 0.01367188
v 0.47460938 -0.21679688 0.01367188
v 0.47851562 -0.26757812 0.01367188
v 0.47851562 -0.24414062 0.01367188
v -0.06054688 0.19335938 0.01757812
v -0.05664062 0.21679688 0.01757812
v -0.05273438 -0.05664062 0.01757812
v -0.01757812 0.38476562 0.01757812
v 0.00195312 0.02539062 0.01757812
v 0.01757812 0.38476562 0.01757812
v 0.07226562 0.21679688 0.01757812
v 0.07617188 0.19335938 0.01757812
v 0.17382812 -0.09570312 0.01757812
v -0.09179688 -0.06835938 0.02539062
v -0.02929688 0.03320312 0.02539062
v -0.20898438 -0.57617188 0.02929688
v -0.19335938 -0.13867188 0.02929688
v -0.15429688 -0.10742188 0.02929688
v -0.12304688 -0.08398438 0.02929688
v -0.02929688 0.16992188 0.02929688
v 0.00195312 -0.04492188 0.02929688
v 0.00976562 0.27929688 0.02929688
v 0.02929688 0.06835938 0.02929688
v 0.14257812 -0.07226562 0.02929688
v 0.28320312 -0.48242188 0.02929688
v 0.29492188 -0.52148438 0.02929688
v 0.31445312 -0.52148438 0.02929688
v 0.32226562 -0.44335938 0.02929688
v 0.33007812 -0.50976562 0.02929688
v 0.33007812 -0.48242188 0.02929688
v 0.35742188 -0.43945312 0.02929688
v 0.39257812 -0.44726562 0.02929688
v 0.42382812 -0.45117188 0.02929688
v 0.44726562 -0.34570312 0.02929688
v 0.45117188 -0.44726562 0.02929688
v 0.45507812 -0.38085938 0.02929688
v 0.46679688 -0.43164062 0.02929688
v 0.46679688 -0.40820312 0.02929688
v 0.47460938 -0.29492188 0.02929688
v -0.33007812 -0.50195312 0.03320312
v -0.33007812 -0.47070312 0.03320312
v -0.32617188 -0.52148438 0.03320312
v -0.31054688 -0.52929688 0.03320312
v -0.30664062 -0.40820312 0.03320312
v -0.29492188 -0.52929688 0.03320312
v -0.29492188 -0.34570312 0.03320312
v -0.27929688 -0.28320312 0.03320312
v -0.25585938 -0.22851562 0.03320312
v -0.25195312 -0.49804688 0.03320312
v -0.24804688 -0.50195312 0.03320312
v -0.24023438 -0.53710938 0.03320312
v -0.22851562 -0.18164062 0.03320312
v -0.16601562 -0.60742188 0.03320312
v -0.04882812 -0.63867188 0.03320312
v -0.02929688 0.02539062 0.03320312
v -0.02929688 0.06835938 0.03320312
v -0.02929688 0.27148438 0.03320312
v 0.02929688 -0.63867188 0.03320312
v 0.02929688 0.02929688 0.03320312
v 0.05273438 -0.04492188 0.03320312
v 0.12304688 -0.62695312 0.03320312
v 0.16992188 -0.60742188 0.03320312
v 0.20898438 -0.57617188 0.03320312
v 0.23632812 -0.53710938 0.03320312
v 0.24804688 -0.50195312 0.03320312
v 0.25195312 -0.49804688 0.03320312
v 0.27929688 -0.50195312 0.03320312
v 0.30273438 -0.16210938 0.03320312
v 0.31835938 -0.13867188 0.03320312
v 0.33398438 -0.12304688 0.03320312
v 0.35742188 -0.11914062 0.03320312
v 0.38476562 -0.11914062 0.03320312
v 0.40820312 -0.12304688 0.03320312
v -0.31835938 -0.44335938 0.03710938
v 0.05273438 0.38085938 0.03710938
v 0.07617188 0.24414062 0.03710938
v 0.42773438 -0.13476562 0.03710938
v -0.04882812 -0.04101562 0.04101562
v 0.00195312 0.11132812 0.04101562
v 0.04882812 0.27929688 0.04101562
v 0.22460938 -0.12695312 0.04101562
v 0.44726562 -0.15039062 0.04101562
v -0.06054688 0.24804688 0.04492188
v 0.09960938 -0.05273438 0.04492188
v 0.00195312 0.02539062 0.04882812
v 0.25195312 -0.16210938 0.04882812
v 0.47851562 -0.24804688 0.04882812
v 0.48242188 -0.27148438 0.04882812
v 0.02929688 0.11132812 0.05273438
v 0.05664062 0.36523438 0.05273438
v 0.09179688 0.21679688 0.05273438
v 0.17773438 -0.09570312 0.05273438
v 0.46289062 -0.18164062 0.05273438
v 0.49414062 -0.26757812 0.05273438
v 0.49414062 -0.25585938 0.05273438
v -0.09179688 -0.05273438 0.05664062
v -0.06054688 0.17773438 0.05664062
v -0.03320312 0.42773438 0.05664062
v -0.02929688 0.11132812 0.05664062
v 0.01757812 0.34179688 0.05664062
v 0.02929688 0.42773438 0.05664062
v 0.47070312 -0.22070312 0.05664062
v 0.49023438 -0.24414062 0.05664062
v -0.30664062 -0.47070312 0.06054688
v -0.30664062 -0.40820312 0.06054688
v -0.15429688 -0.10351562 0.06054688
v -0.12695312 -0.08007812 0.06054688
v -0.08789062 0.21679688 0.06054688
v -0.05664062 0.03320312 0.06054688
v -0.02539062 0.02929688 0.06054688
v -0.02539062 0.30273438 0.06054688
v 0.00195312 -0.00585938 0.06054688
v 0.00976562 0.31054688 0.06054688
v 0.02539062 0.02929688 0.06054688
v 0.05273438 0.06835938 0.06054688
v 0.08007812 0.18945312 0.06054688
v -0.29492188 -0.34570312 0.06445312
v -0.27929688 -0.50195312 0.06445312
v -0.27929688 -0.28320312 0.06445312
v -0.25585938 -0.22851562 0.06445312
v -0.22851562 -0.18164062 0.06445312
v -0.19335938 -0.13867188 0.06445312
v -0.05664062 0.06835938 0.06445312
v 0.00195312 0.15039062 0.06445312
v 0.05273438 0.03320312 0.06445312
v 0.08007812 0.26757812 0.06445312
v 0.14257812 -0.06835938 0.06445312
v -0.24414062 -0.49804688 0.06835938
v -0.23632812 -0.53710938 0.06835938
v -0.20898438 -0.57617188 0.06835938
v -0.16601562 -0.60742188 0.06835938
v -0.04882812 -0.63867188 0.06835938
v -0.04882812 -0.00976562 0.06835938
v 0.00195312 -0.63867188 0.06835938
v 0.04882812 -0.00976562 0.06835938
v 0.12304688 -0.62695312 0.06835938
v 0.16601562 -0.60742188 0.06835938
v 0.20898438 -0.57617188 0.06835938
v 0.23242188 -0.53710938 0.06835938
v 0.24414062 -0.49804688 0.06835938
v 0.31835938 0.99023438 0.06835938
v 0.49414062 -0.24414062 0.06835938
v 0.49804688 -0.25585938 0.06835938
v -0.30664062 -0.40820312 0.07226562
v -0.06054688 0.27929688 0.07226562
v -0.02929688 0.15039062 0.07226562
v -0.02539062 0.01367188 0.07226562
v 0.00195312 0.02539062 0.07226562
v 0.02539062 0.01367188 0.07226562
v 0.02929688 0.15039062 0.07226562
v 0.04882812 0.31054688 0.07226562
v 0.22851562 -0.12695312 0.07226562
v 0.32617188 0.97070312 0.07226562
v 0.32617188 0.99804688 0.07226562
v 0.33398438 0.98242188 0.07226562
v 0.48632812 -0.27929688 0.07226562
v 0.49804688 -0.27148438 0.07226562
v -0.29492188 -0.40820312 0.07617188
v -0.05273438 0.03320312 0.07617188
v 0.02539062 0.02929688 0.07617188
v 0.05273438 0.11132812 0.07617188
v 0.31445312 0.97460938 0.07617188
v 0.47851562 -0.24023438 0.07617188
v -0.07226562 0.41601562 0.08007812
v -0.05664062 0.11132812 0.08007812
v -0.02539062 0.02929688 0.08007812
v -0.02539062 0.17382812 0.08007812
v 0.07226562 0.41601562 0.08007812
v 0.11523438 -0.04492188 0.08007812
v -0.28320312 -0.34570312 0.08398438
v -0.27929688 -0.34570312 0.08398438
v -0.08398438 -0.01757812 0.08398438
v -0.05273438 0.01367188 0.08398438
v -0.03320312 0.34570312 0.08398438
v 0.05273438 0.01367188 0.08398438
v 0.08398438 -0.01757812 0.08398438
v 0.18554688 -0.09570312 0.08398438
v 0.49023438 -0.24414062 0.08398438
v -0.27929688 -0.28320312 0.08789062
v -0.26757812 -0.28710938 0.08789062
v -0.25585938 -0.22851562 0.08789062
v -0.22851562 -0.18164062 0.08789062
v -0.19335938 -0.13867188 0.08789062
v -0.15429688 -0.09960938 0.08789062
v -0.11914062 -0.06054688 0.08789062
v -0.05273438 0.02929688 0.08789062
v 0.05273438 0.02929688 0.08789062
v 0.27539062 -0.49023438 0.08789062
v 0.28320312 -0.48242188 0.08789062
v 0.28320312 -0.45898438 0.08789062
v 0.32226562 -0.44335938 0.08789062
v 0.33007812 -0.50976562 0.08789062
v 0.33007812 -0.48242188 0.08789062
v 0.35742188 -0.43945312 0.08789062
v 0.39257812 -0.44726562 0.08789062
v 0.41992188 -0.45117188 0.08789062
v 0.43554688 -0.34960938 0.08789062
v 0.44335938 -0.38476562 0.08789062
v 0.49414062 -0.25585938 0.08789062
v -0.24804688 -0.23242188 0.09179688
v -0.22460938 -0.18554688 0.09179688
v -0.08789062 0.24414062 0.09179688
v -0.07226562 0.06835938 0.09179688
v -0.05273438 0.15429688 0.09179688
v 0.00976562 0.33789062 0.09179688
v 0.07226562 0.06835938 0.09179688
v 0.10351562 0.24414062 0.09179688
v 0.29492188 -0.51757812 0.09179688
v 0.31445312 -0.52148438 0.09179688
v 0.44335938 -0.44726562 0.09179688
v 0.45898438 -0.43164062 0.09179688
v 0.45898438 -0.40820312 0.09179688
v 0.47460938 -0.29492188 0.09179688
v -0.33789062 -0.50195312 0.09570312
v -0.33789062 -0.47460938 0.09570312
v -0.33007812 -0.52539062 0.09570312
v -0.33007812 0.97070312 0.09570312
v -0.32617188 -0.44335938 0.09570312
v -0.31835938 -0.53710938 0.09570312
v -0.30273438 -0.54101562 0.09570312
v -0.08007812 0.40039062 0.09570312
v -0.02539062 0.33007812 0.09570312
v 0.08007812 0.40039062 0.09570312
v 0.08398438 0.29882812 0.09570312
v 0.15039062 -0.06835938 0.09570312
v 0.25585938 -0.16210938 0.09570312
v 0.30273438 0.97851562 0.09570312
v 0.31054688 0.99414062 0.09570312
v 0.49414062 -0.26757812 0.09570312
v -0.33398438 0.98242188 0.09960938
v -0.29101562 -0.53320312 0.09960938
v -0.08789062 -0.63476562 0.09960938
v -0.08789062 0.20117188 0.09960938
v -0.08007812 0.00976562 0.09960938
v -0.04492188 -0.63867188 0.09960938
v 0.00195312 -0.63867188 0.09960938
v 0.00195312 0.47851562 0.09960938
v 0.03710938 -0.63867188 0.09960938
v 0.08007812 -0.63476562 0.09960938
v 0.08007812 0.00976562 0.09960938
v 0.09179688 0.20117188 0.09960938
v 0.12304688 -0.62695312 0.09960938
v 0.23242188 -0.53710938 0.09960938
v 0.24023438 -0.50195312 0.09960938
v 0.25976562 -0.50976562 0.09960938
v 0.31445312 0.95117188 0.09960938
v 0.32226562 0.99804688 0.09960938
v 0.32617188 0.95117188 0.09960938
v 0.33789062 0.95898438 0.09960938
v 0.33789062 0.99414062 0.09960938
v 0.34179688 0.97851562 0.09960938
v -0.29492188 -0.40820312 0.10351562
v -0.20898438 -0.57617188 0.10351562
v -0.20507812 0.15429688 0.10351562
v -0.16601562 -0.60742188 0.10351562
v -0.10742188 -0.02539062 0.10351562
v -0.07226562 0.11132812 0.10351562
v -0.05664062 0.31054688 0.10351562
v -0.02929688 0.47851562 0.10351562
v 0.02929688 0.47851562 0.10351562
v 0.07226562 0.11132812 0.10351562
v 0.16601562 -0.60742188 0.10351562
v 0.20507812 -0.57617188 0.10351562
v 0.20898438 0.15039062 0.10351562
v 0.23632812 -0.12695312 0.10351562
v 0.48242188 -0.27539062 0.10351562
v 0.48632812 -0.24414062 0.10351562
v -0.27929688 -0.49414062 0.10742188
v -0.24804688 -0.49023438 0.10742188
v -0.24414062 -0.50195312 0.10742188
v -0.23632812 -0.53710938 0.10742188
v -0.17382812 0.00585938 0.10742188
v -0.17382812 0.02929688 0.10742188
v -0.16601562 0.18164062 0.10742188
v -0.14648438 0.00585938 0.10742188
v -0.14648438 0.03320312 0.10742188
v 0.04882812 0.34179688 0.10742188
v 0.10351562 -0.01367188 0.10742188
v 0.14648438 0.03320312 0.10742188
v 0.16992188 0.17773438 0.10742188
v 0.17382812 0.02929688 0.10742188
v 0.30273438 0.95507812 0.10742188
v 0.46679688 -0.21679688 0.10742188
v 0.47460938 -0.24023438 0.10742188
v -0.33007812 0.99023438 0.11132812
v -0.31054688 0.97460938 0.11132812
v -0.28320312 -0.34570312 0.11132812
v -0.22070312 0.17382812 0.11132812
v -0.15039062 0.16210938 0.11132812
v -0.14648438 -0.01757812 0.11132812
v -0.05664062 0.47460938 0.11132812
v 0.05664062 0.47460938 0.11132812
v 0.06054688 0.37304688 0.11132812
v 0.13085938 -0.03710938 0.11132812
v 0.15039062 0.00976562 0.11132812
v 0.15429688 0.15820312 0.11132812
v 0.17773438 0.00195312 0.11132812
v 0.22460938 0.16992188 0.11132812
v 0.27539062 -0.19726562 0.11132812
v 0.28710938 -0.18945312 0.11132812
v 0.30273438 -0.16210938 0.11132812
v 0.31835938 -0.13867188 0.11132812
v 0.33398438 -0.12304688 0.11132812
v 0.35742188 -0.12304688 0.11132812
v 0.38476562 -0.12304688 0.11132812
v 0.40820312 -0.12695312 0.11132812
v 0.42773438 -0.13867188 0.11132812
v 0.44335938 -0.15429688 0.11132812
v 0.45507812 -0.18164062 0.11132812
v -0.34570312 0.96289062 0.11523438
v -0.33789062 0.95117188 0.11523438
v -0.32617188 0.95117188 0.11523438
v -0.26757812 -0.28710938 0.11523438
v -0.24804688 -0.23242188 0.11523438
v -0.22460938 -0.18945312 0.11523438
v -0.19726562 -0.13867188 0.11523438
v -0.18945312 0.13867188 0.11523438
v -0.18554688 0.19726562 0.11523438
v -0.17773438 -0.01757812 0.11523438
v -0.16992188 -0.10351562 0.11523438
v -0.14648438 -0.08007812 0.11523438
v -0.14648438 0.06835938 0.11523438
v -0.10351562 -0.00585938 0.11523438
v -0.09960938 0.00976562 0.11523438
v -0.08398438 0.06835938 0.11523438
v -0.07226562 0.15429688 0.11523438
v -0.06835938 0.37304688 0.11523438
v 0.07226562 0.15429688 0.11523438
v 0.10351562 0.00976562 0.11523438
v 0.14648438 0.06835938 0.11523438
v 0.18554688 0.19335938 0.11523438
v 0.19335938 0.13476562 0.11523438
v 0.19726562 -0.09570312 0.11523438
v 0.48242188 -0.25976562 0.11523438
v -0.31445312 0.95507812 0.11914062
v -0.31445312 0.99023438 0.11914062
v -0.24414062 0.14648438 0.11914062
v -0.20117188 0.00585938 0.11914062
v -0.19726562 0.03320312 0.11914062
v -0.17773438 0.06835938 0.11914062
v -0.13476562 0.21289062 0.11914062
v -0.13085938 -0.04882812 0.11914062
v -0.12304688 -0.01367188 0.11914062
v -0.12304688 0.00976562 0.11914062
v -0.08398438 0.28320312 0.11914062
v -0.07617188 0.18164062 0.11914062
v 0.07226562 0.18164062 0.11914062
v 0.13867188 0.20898438 0.11914062
v 0.16601562 -0.00585938 0.11914062
v 0.17773438 0.06835938 0.11914062
v 0.20117188 0.00195312 0.11914062
v 0.20117188 0.03320312 0.11914062
v 0.24414062 0.14257812 0.11914062
v -0.20117188 -0.01367188 0.12304688
v -0.12304688 0.03320312 0.12304688
v -0.11914062 0.19335938 0.12304688
v -0.08007812 0.11132812 0.12304688
v 0.08007812 0.11132812 0.12304688
v 0.10351562 0.23242188 0.12304688
v 0.12304688 0.03320312 0.12304688
v 0.12695312 -0.01367188 0.12304688
v 0.12695312 0.00976562 0.12304688
v 0.12695312 0.18554688 0.12304688
v 0.18945312 -0.01367188 0.12304688
v 0.25585938 0.15820312 0.12304688
v -0.25585938 0.16210938 0.12695312
v -0.15039062 0.23632812 0.12695312
v -0.11914062 0.06835938 0.12695312
v -0.08398438 0.45898438 0.12695312
v 0.00976562 0.35742188 0.12695312
v 0.08007812 0.33007812 0.12695312
v 0.08398438 0.45898438 0.12695312
v 0.10351562 0.04882812 0.12695312
v 0.10742188 0.27539062 0.12695312
v 0.11914062 0.06835938 0.12695312
v 0.14648438 0.00195312 0.12695312
v 0.15039062 0.23632812 0.12695312
v 0.15820312 0.00195312 0.12695312
v 0.16992188 -0.06445312 0.12695312
v 0.17382812 -0.00585938 0.12695312
v 0.17382812 0.00585938 0.12695312
v 0.19335938 0.00195312 0.12695312
v 0.20507812 -0.01757812 0.12695312
v 0.22851562 -0.53710938 0.12695312
v 0.24023438 -0.50195312 0.12695312
v 0.25195312 0.17382812 0.12695312
v -0.24804688 0.17773438 0.13085938
v -0.08007812 0.15429688 0.13085938
v -0.02929688 0.34960938 0.13085938
v 0.08007812 0.15429688 0.13085938
v 0.18945312 -0.00976562 0.13085938
v 0.25976562 -0.16210938 0.13085938
v -0.29492188 -0.40820312 0.13476562
v -0.22851562 0.13085938 0.13476562
v -0.21679688 0.00585938 0.13476562
v -0.14257812 0.11132812 0.13476562
v -0.14257812 0.15039062 0.13476562
v -0.10351562 0.24023438 0.13476562
v -0.08789062 0.11132812 0.13476562
v -0.08398438 0.19726562 0.13476562
v -0.06054688 0.33007812 0.13476562
v 0.08398438 0.19726562 0.13476562
v 0.09570312 0.07617188 0.13476562
v 0.14257812 0.11132812 0.13476562
v 0.14257812 0.15039062 0.13476562
v 0.15820312 -0.03320312 0.13476562
v 0.15820312 -0.00976562 0.13476562
v 0.20507812 -0.01757812 0.13476562
v 0.21289062 0.20117188 0.13476562
v 0.22460938 0.02929688 0.13476562
v 0.22851562 0.00585938 0.13476562
v 0.22851562 0.12695312 0.13476562
v 0.26367188 -0.50585938 0.13476562
v -0.34960938 0.98242188 0.13867188
v -0.21679688 -0.01367188 0.13867188
v -0.21289062 0.20507812 0.13867188
v -0.20898438 -0.57617188 0.13867188
v -0.18164062 -0.04101562 0.13867188
v -0.16601562 -0.60742188 0.13867188
v -0.14648438 -0.04492188 0.13867188
v -0.11523438 0.11132812 0.13867188
v -0.10742188 0.16992188 0.13867188
v -0.09570312 0.22070312 0.13867188
v -0.08789062 -0.63085938 0.13867188
v -0.04101562 -0.63476562 0.13867188
v -0.01367188 0.36132812 0.13867188
v 0.00195312 -0.63476562 0.13867188
v 0.03710938 -0.63476562 0.13867188
v 0.08007812 -0.63085938 0.13867188
v 0.09960938 0.20117188 0.13867188
v 0.10351562 0.22070312 0.13867188
v 0.10742188 0.16992188 0.13867188
v 0.11523438 0.11132812 0.13867188
v 0.11914062 -0.62695312 0.13867188
v 0.16210938 -0.60742188 0.13867188
v 0.21289062 0.06835938 0.13867188
v 0.22851562 -0.01367188 0.13867188
v 0.24414062 -0.12695312 0.13867188
v -0.28710938 -0.34570312 0.14257812
v -0.27148438 -0.28710938 0.14257812
v -0.24804688 -0.49023438 0.14257812
v -0.24414062 -0.50195312 0.14257812
v -0.23632812 -0.53710938 0.14257812
v -0.22070312 0.02929688 0.14257812
v -0.17773438 0.13476562 0.14257812
v -0.15039062 -0.06835938 0.14257812
v -0.10351562 0.26757812 0.14257812
v -0.09570312 0.11132812 0.14257812
v -0.09179688 0.44335938 0.14257812
v -0.08789062 0.15429688 0.14257812
v -0.08789062 0.19726562 0.14257812
v -0.08398438 0.24414062 0.14257812
v -0.08398438 0.27929688 0.14257812
v 0.02539062 0.36914062 0.14257812
v 0.08789062 0.15429688 0.14257812
v 0.08789062 0.19726562 0.14257812
v 0.09179688 0.44335938 0.14257812
v 0.09960938 0.24023438 0.14257812
v 0.10742188 0.14257812 0.14257812
v 0.17382812 0.11132812 0.14257812
v 0.17773438 0.13476562 0.14257812
v 0.20117188 -0.57617188 0.14257812
v 0.22070312 -0.02539062 0.14257812
v 0.43554688 -0.38476562 0.14257812
v -0.33007812 0.99414062 0.14648438
v -0.27148438 0.14257812 0.14648438
v -0.25195312 -0.23242188 0.14648438
v -0.23242188 -0.18554688 0.14648438
v -0.21289062 -0.02929688 0.14648438
v -0.21289062 0.06835938 0.14648438
v -0.17382812 0.11132812 0.14648438
v -0.13867188 0.13867188 0.14648438
v -0.13476562 0.27929688 0.14648438
v -0.10742188 0.14257812 0.14648438
v 0.10351562 0.26367188 0.14648438
v 0.13476562 0.27929688 0.14648438
v 0.13867188 0.13867188 0.14648438
v 0.21679688 -0.09570312 0.14648438
v 0.27539062 0.14257812 0.14648438
v 0.27929688 0.15429688 0.14648438
v 0.28320312 0.96289062 0.14648438
v 0.29492188 0.98242188 0.14648438
v 0.33007812 -0.50585938 0.14648438
v 0.33007812 -0.47851562 0.14648438
v 0.35742188 -0.43945312 0.14648438
v 0.39257812 -0.44726562 0.14648438
v 0.41601562 -0.44726562 0.14648438
v 0.43554688 -0.44335938 0.14648438
v 0.44726562 -0.42773438 0.14648438
v 0.44726562 -0.40820312 0.14648438
v 0.44726562 -0.31445312 0.14648438
v 0.46289062 -0.29492188 0.14648438
v 0.46679688 -0.27148438 0.14648438
v -0.36132812 0.95507812 0.15039062
v -0.27929688 0.15429688 0.15039062
v -0.18554688 0.24023438 0.15039062
v -0.17773438 -0.09960938 0.15039062
v -0.04882812 0.36132812 0.15039062
v -0.02148438 0.53320312 0.15039062
v 0.02148438 0.53320312 0.15039062
v 0.05273438 0.36914062 0.15039062
v 0.18554688 0.24023438 0.15039062
v 0.20117188 -0.02929688 0.15039062
v 0.27539062 0.16601562 0.15039062
v 0.29882812 -0.50976562 0.15039062
v 0.31054688 0.99023438 0.15039062
v 0.31445312 -0.51367188 0.15039062
v 0.33007812 0.99023438 0.15039062
v 0.34570312 0.97851562 0.15039062
v 0.46679688 -0.24414062 0.15039062
v -0.34179688 -0.50195312 0.15429688
v -0.34179688 -0.47460938 0.15429688
v -0.33789062 -0.52539062 0.15429688
v -0.33007812 -0.44335938 0.15429688
v -0.31054688 0.99023438 0.15429688
v -0.29492188 0.97851562 0.15429688
v -0.29101562 0.95898438 0.15429688
v -0.27539062 0.16601562 0.15429688
v -0.23242188 0.00585938 0.15429688
v -0.08398438 0.41992188 0.15429688
v -0.07226562 0.33398438 0.15429688
v 0.08007812 0.34570312 0.15429688
v 0.08398438 0.41992188 0.15429688
v 0.09960938 0.31054688 0.15429688
v 0.22851562 -0.53710938 0.15429688
v 0.35351562 0.94726562 0.15429688
v 0.45898438 -0.21289062 0.15429688
v -0.35351562 0.93164062 0.15820312
v -0.32226562 -0.54101562 0.15820312
v -0.16992188 0.13867188 0.15820312
v -0.09570312 0.31054688 0.15820312
v -0.05664062 0.52148438 0.15820312
v 0.05664062 0.52148438 0.15820312
v 0.16992188 0.13867188 0.15820312
v 0.19726562 -0.06445312 0.15820312
v 0.20898438 0.13085938 0.15820312
v 0.24023438 -0.50195312 0.15820312
v 0.24414062 -0.49414062 0.15820312
v 0.24414062 0.00585938 0.15820312
v 0.29882812 0.91601562 0.15820312
v 0.31835938 0.91210938 0.15820312
v 0.33789062 0.91992188 0.15820312
v -0.30273438 -0.54492188 0.16210938
v -0.23242188 -0.01367188 0.16210938
v 0.12695312 0.33007812 0.16210938
v 0.20117188 0.11132812 0.16210938
v 0.24414062 -0.00976562 0.16210938
v 0.24414062 0.02929688 0.16210938
v -0.29101562 -0.53320312 0.16601562
v -0.29101562 -0.50195312 0.16601562
v -0.20898438 0.13085938 0.16601562
v -0.12304688 0.33007812 0.16601562
v 0.16992188 0.28710938 0.16601562
v 0.24023438 0.19726562 0.16601562
v 0.26757812 -0.50195312 0.16601562
v 0.33398438 -0.12304688 0.16601562
v 0.44726562 -0.18164062 0.16601562
v -0.33398438 0.90820312 0.16992188
v -0.31054688 0.91210938 0.16992188
v -0.24023438 0.19726562 0.16992188
v -0.23632812 -0.16992188 0.16992188
v -0.20117188 0.11132812 0.16992188
v -0.16992188 0.28710938 0.16992188
v -0.10351562 0.36914062 0.16992188
v -0.08398438 0.49804688 0.16992188
v 0.10351562 0.36914062 0.16992188
v 0.23632812 0.06835938 0.16992188
v 0.24023438 -0.02539062 0.16992188
v 0.28320312 0.92773438 0.16992188
v -0.29492188 -0.47070312 0.17382812
v -0.28710938 -0.34570312 0.17382812
v -0.25976562 0.13085938 0.17382812
v -0.24023438 0.02929688 0.17382812
v -0.22851562 -0.02929688 0.17382812
v -0.20507812 -0.57617188 0.17382812
v -0.16601562 -0.60351562 0.17382812
v -0.09960938 -0.62695312 0.17382812
v -0.07226562 0.39257812 0.17382812
v 0.07226562 0.39648438 0.17382812
v 0.08398438 0.50195312 0.17382812
v 0.11132812 -0.62695312 0.17382812
v 0.15429688 -0.60351562 0.17382812
v 0.19726562 -0.57617188 0.17382812
v 0.19726562 0.13867188 0.17382812
v 0.25976562 0.13085938 0.17382812
v 0.27539062 -0.19726562 0.17382812
v 0.31445312 -0.13867188 0.17382812
v 0.39257812 -0.43945312 0.17382812
v 0.43554688 -0.15429688 0.17382812
v -0.29101562 0.92382812 0.17773438
v -0.27148438 -0.28710938 0.17773438
v -0.25585938 -0.23242188 0.17773438
v -0.24414062 -0.49804688 0.17773438
v -0.23632812 -0.53710938 0.17773438
v -0.19726562 0.13867188 0.17773438
v -0.03710938 -0.62695312 0.17773438
v 0.00195312 -0.62695312 0.17773438
v 0.02929688 -0.62695312 0.17773438
v 0.25195312 -0.12304688 0.17773438
v 0.26367188 -0.16601562 0.17773438
v 0.28710938 -0.18945312 0.17773438
v 0.30273438 -0.15820312 0.17773438
v 0.35742188 -0.12695312 0.17773438
v 0.38476562 -0.12695312 0.17773438
v 0.40429688 -0.13085938 0.17773438
v 0.41992188 -0.13867188 0.17773438
v -0.24023438 0.00585938 0.18164062
v -0.21289062 0.24023438 0.18164062
v 0.21289062 0.24023438 0.18164062
v 0.23632812 -0.09570312 0.18164062
v 0.27929688 0.14257812 0.18164062
v 0.42382812 -0.36523438 0.18164062
v 0.43554688 -0.40039062 0.18164062
v -0.27929688 0.14257812 0.18554688
v -0.27929688 0.15429688 0.18554688
v -0.24023438 -0.00976562 0.18554688
v -0.23632812 0.06835938 0.18554688
v -0.09179688 0.47460938 0.18554688
v 0.09179688 0.47851562 0.18554688
v 0.22460938 0.13867188 0.18554688
v 0.24804688 0.00976562 0.18554688
v 0.25195312 -0.00195312 0.18554688
v 0.27929688 0.15429688 0.18554688
v -0.36523438 0.93164062 0.18945312
v 0.05273438 -0.61523438 0.18945312
v 0.16601562 0.34179688 0.18945312
v 0.22851562 -0.54492188 0.18945312
v 0.22851562 0.11132812 0.18945312
v 0.24414062 -0.50195312 0.18945312
v 0.35742188 -0.42773438 0.18945312
v 0.11914062 -0.60742188 0.19335938
v 0.19335938 -0.60351562 0.19335938
v 0.25195312 -0.01757812 0.19335938
v 0.25195312 0.03320312 0.19335938
v 0.31445312 -0.49804688 0.19335938
v 0.43164062 -0.41210938 0.19335938
v -0.37695312 0.95117188 0.19726562
v -0.19335938 -0.60742188 0.19726562
v -0.16210938 0.34179688 0.19726562
v -0.11132812 0.42773438 0.19726562
v -0.10351562 -0.60742188 0.19726562
v 0.11523438 0.42773438 0.19726562
v 0.15820312 -0.61132812 0.19726562
v 0.19726562 0.28710938 0.19726562
v 0.23242188 -0.06835938 0.19726562
v 0.23632812 -0.04492188 0.19726562
v 0.39257812 -0.42382812 0.19726562
v 0.43164062 -0.41210938 0.19726562
v 0.43554688 -0.27929688 0.19726562
v 0.44726562 -0.26757812 0.19726562
v 0.44726562 -0.20507812 0.19726562
v 0.45117188 -0.24023438 0.19726562
v -0.29492188 -0.40820312 0.20117188
v -0.24023438 -0.02929688 0.20117188
v -0.22851562 0.11132812 0.20117188
v -0.14257812 0.40039062 0.20117188
v 0.14257812 0.40039062 0.20117188
v 0.22460938 -0.60351562 0.20117188
v 0.25195312 0.06835938 0.20117188
v 0.35351562 0.90820312 0.20117188
v -0.25195312 0.19335938 0.20507812
v -0.24804688 -0.50195312 0.20507812
v -0.23632812 0.13476562 0.20507812
v -0.22070312 0.13867188 0.20507812
v -0.19726562 0.28710938 0.20507812
v -0.17773438 -0.64257812 0.20507812
v -0.12695312 -0.61523438 0.20507812
v -0.08398438 0.44726562 0.20507812
v 0.08007812 -0.62695312 0.20507812
v 0.08398438 0.44726562 0.20507812
v 0.19335938 -0.64257812 0.20507812
v 0.24804688 0.00195312 0.20507812
v 0.25195312 0.19335938 0.20507812
v 0.26367188 0.93554688 0.20507812
v 0.27148438 0.95898438 0.20507812
v -0.34960938 0.96679688 0.20898438
v -0.33007812 -0.43945312 0.20898438
v -0.28710938 -0.34570312 0.20898438
v -0.27148438 0.93554688 0.20898438
v -0.26757812 -0.48632812 0.20898438
v -0.24804688 0.02929688 0.20898438
v -0.24414062 -0.53710938 0.20898438
v -0.24414062 0.00976562 0.20898438
v -0.09179688 -0.62695312 0.20898438
v 0.12695312 -0.61132812 0.20898438
v 0.24804688 -0.53320312 0.20898438
v 0.25195312 -0.00585938 0.20898438
v 0.25195312 0.00976562 0.20898438
v 0.33398438 -0.13476562 0.20898438
v -0.34570312 -0.47070312 0.21289062
v -0.31835938 0.97851562 0.21289062
v -0.27148438 -0.28710938 0.21289062
v -0.27148438 0.95898438 0.21289062
v -0.25585938 -0.22851562 0.21289062
v -0.23242188 -0.57226562 0.21289062
v -0.22851562 0.23632812 0.21289062
v -0.20117188 -0.64257812 0.21289062
v 0.00195312 -0.62695312 0.21289062
v 0.02539062 -0.62695312 0.21289062
v 0.15820312 -0.64257812 0.21289062
v 0.22460938 -0.64257812 0.21289062
v 0.22851562 0.23632812 0.21289062
v 0.24414062 0.11132812 0.21289062
v 0.24414062 0.13867188 0.21289062
v 0.27539062 -0.20117188 0.21289062
v 0.28710938 0.97070312 0.21289062
v 0.35351562 0.95117188 0.21289062
v 0.39648438 -0.40429688 0.21289062
v 0.41210938 -0.27929688 0.21289062
v -0.35742188 0.90429688 0.21679688
v -0.34179688 -0.50195312 0.21679688
v -0.31835938 0.86914062 0.21679688
v -0.29101562 0.97460938 0.21679688
v -0.26757812 0.15429688 0.21679688
v -0.26367188 0.14257812 0.21679688
v -0.24414062 -0.00585938 0.21679688
v -0.02148438 0.58007812 0.21679688
v 0.02148438 0.58007812 0.21679688
v 0.25195312 -0.56835938 0.21679688
v 0.25195312 -0.11914062 0.21679688
v 0.25195312 -0.03710938 0.21679688
v 0.26367188 0.14257812 0.21679688
v 0.26757812 0.15429688 0.21679688
v 0.31054688 0.97070312 0.21679688
v 0.33398438 0.96679688 0.21679688
v 0.35742188 -0.40429688 0.21679688
v -0.34179688 -0.52148438 0.22070312
v -0.31445312 -0.42773438 0.22070312
v -0.22460938 -0.13085938 0.22070312
v -0.12695312 0.01757812 0.22070312
v -0.11523438 -0.63476562 0.22070312
v -0.05664062 0.56835938 0.22070312
v -0.02929688 -0.62695312 0.22070312
v 0.05664062 0.56835938 0.22070312
v 0.09179688 -0.60742188 0.22070312
v 0.13476562 -0.63476562 0.22070312
v 0.22070312 -0.67773438 0.22070312
v 0.25585938 -0.60351562 0.22070312
v 0.30273438 0.86523438 0.22070312
v 0.31445312 -0.50195312 0.22070312
v 0.31445312 -0.40820312 0.22070312
v 0.32617188 -0.40820312 0.22070312
v 0.41210938 -0.25195312 0.22070312
v -0.08789062 -0.60351562 0.22460938
v 0.04882812 -0.62304688 0.22460938
v 0.13085938 -0.01367188 0.22460938
v 0.24804688 0.00195312 0.22460938
v 0.27929688 0.87304688 0.22460938
v 0.35742188 -0.14257812 0.22460938
v -0.33007812 -0.53710938 0.22851562
v -0.29492188 -0.49804688 0.22851562
v -0.29101562 0.87304688 0.22851562
v -0.24804688 0.06835938 0.22851562
v -0.24023438 0.00585938 0.22851562
v -0.23242188 -0.60351562 0.22851562
v -0.22851562 -0.64257812 0.22851562
v -0.13867188 0.04101562 0.22851562
v -0.08398438 0.54882812 0.22851562
v 0.05273438 -0.62695312 0.22851562
v 0.10351562 -0.61132812 0.22851562
v 0.12695312 0.01367188 0.22851562
v 0.18945312 0.34179688 0.22851562
v 0.25195312 0.00976562 0.22851562
v 0.25585938 -0.64257812 0.22851562
v 0.25976562 0.02929688 0.22851562
v 0.27539062 -0.50195312 0.22851562
v 0.29492188 -0.34570312 0.22851562
v 0.30664062 -0.16210938 0.22851562
v 0.33007812 0.86523438 0.22851562
v 0.36523438 0.92382812 0.22851562
v 0.39257812 -0.13867188 0.22851562
v 0.42382812 -0.16210938 0.22851562
v 0.43554688 -0.22460938 0.22851562
v -0.31054688 -0.54101562 0.23242188
v -0.29492188 -0.40820312 0.23242188
v 0.08398438 0.54882812 0.23242188
v 0.17382812 0.39648438 0.23242188
v 0.21289062 0.28710938 0.23242188
v 0.25195312 -0.02148438 0.23242188
v 0.26367188 -0.16992188 0.23242188
v 0.27148438 -0.52929688 0.23242188
v 0.27929688 -0.22851562 0.23242188
v 0.29882812 -0.34570312 0.23242188
v 0.35742188 -0.34570312 0.23242188
v 0.41601562 -0.22460938 0.23242188
v 0.51757812 0.55664062 0.23242188
v -0.29492188 -0.53320312 0.23632812
v -0.27539062 0.88476562 0.23632812
v -0.26757812 -0.50195312 0.23632812
v -0.24804688 -0.02539062 0.23632812
v -0.24804688 0.03710938 0.23632812
v -0.24023438 0.11132812 0.23632812
v -0.22070312 -0.68164062 0.23632812
v -0.18945312 0.34179688 0.23632812
v -0.17382812 0.39648438 0.23632812
v -0.14648438 -0.71289062 0.23632812
v 0.11523438 -0.63085938 0.23632812
v 0.15039062 -0.68554688 0.23632812
v 0.17773438 -0.71289062 0.23632812
v 0.20898438 -0.71289062 0.23632812
v 0.25976562 0.06835938 0.23632812
v 0.26367188 0.88476562 0.23632812
v 0.28710938 -0.28710938 0.23632812
v 0.32617188 -0.34570312 0.23632812
v 0.47851562 0.51367188 0.23632812
v 0.50195312 0.47851562 0.23632812
v 0.53710938 0.53320312 0.23632812
v 0.55664062 0.58789062 0.23632812
v -0.24023438 -0.00195312 0.24023438
v -0.21289062 0.28710938 0.24023438
v -0.09960938 -0.64257812 0.24023438
v -0.02539062 -0.64257812 0.24023438
v 0.00195312 -0.64257812 0.24023438
v 0.02539062 -0.64257812 0.24023438
v 0.04492188 -0.63476562 0.24023438
v 0.13476562 0.03710938 0.24023438
v 0.24023438 -0.00195312 0.24023438
v 0.25195312 -0.67773438 0.24023438
v 0.29101562 -0.34570312 0.24023438
v 0.29101562 -0.22851562 0.24023438
v 0.29492188 -0.28710938 0.24023438
v 0.32617188 -0.28710938 0.24023438
v 0.35742188 -0.28710938 0.24023438
v 0.35742188 -0.15820312 0.24023438
v 0.38867188 0.43945312 0.24023438
v 0.39257812 -0.15820312 0.24023438
v 0.40429688 -0.15820312 0.24023438
v 0.42773438 0.49414062 0.24023438
v 0.45117188 0.45507812 0.24023438
v 0.55273438 0.50585938 0.24023438
v 0.57226562 0.56835938 0.24023438
v -0.36523438 0.91601562 0.24414062
v -0.34570312 0.86523438 0.24414062
v -0.28710938 -0.34570312 0.24414062
v -0.25585938 0.18945312 0.24414062
v -0.25195312 0.13867188 0.24414062
v -0.24023438 -0.16992188 0.24414062
v -0.23632812 0.00976562 0.24414062
v -0.23632812 0.13867188 0.24414062
v -0.23632812 0.23632812 0.24414062
v -0.17773438 0.04101562 0.24414062
v -0.11914062 0.47851562 0.24414062
v -0.11132812 -0.67773438 0.24414062
v 0.11914062 0.47851562 0.24414062
v 0.12695312 -0.65429688 0.24414062
v 0.14648438 0.45507812 0.24414062
v 0.23632812 0.23632812 0.24414062
v 0.24414062 0.00976562 0.24414062
v 0.25195312 0.13867188 0.24414062
v 0.25585938 0.11132812 0.24414062
v 0.25585938 0.18945312 0.24414062
v 0.31445312 -0.43554688 0.24414062
v 0.32226562 -0.22460938 0.24414062
v 0.39257812 -0.22851562 0.24414062
v 0.40039062 -0.15820312 0.24414062
v 0.50585938 0.58789062 0.24414062
v 0.54492188 0.61523438 0.24414062
v 0.58007812 0.61914062 0.24414062
v -0.27929688 0.15820312 0.24804688
v -0.27539062 0.14648438 0.24804688
v -0.27148438 -0.28710938 0.24804688
v -0.25585938 -0.22851562 0.24804688
v -0.20898438 -0.74804688 0.24804688
v -0.15039062 -0.74804688 0.24804688
v -0.14648438 0.45507812 0.24804688
v -0.09179688 0.50195312 0.24804688
v 0.07617188 -0.60742188 0.24804688
v 0.09570312 0.50195312 0.24804688
v 0.14257812 -0.08007812 0.24804688
v 0.23632812 -0.71289062 0.24804688
v 0.24414062 -0.06835938 0.24804688
v 0.27148438 -0.22851562 0.24804688
v 0.27539062 0.14257812 0.24804688
v 0.27929688 0.15820312 0.24804688
v 0.28320312 -0.28710938 0.24804688
v 0.31835938 -0.49804688 0.24804688
v 0.34960938 0.86523438 0.24804688
v 0.35742188 -0.22851562 0.24804688
v 0.35742188 -0.18945312 0.24804688
v 0.36914062 0.48242188 0.24804688
v 0.39257812 -0.18945312 0.24804688
v 0.45898438 0.55664062 0.24804688
v 0.51757812 0.44726562 0.24804688
v 0.56835938 0.63085938 0.24804688
v 0.58398438 0.55273438 0.24804688
v -0.23242188 -0.00195312 0.25195312
v -0.22851562 0.00976562 0.25195312
v -0.22070312 0.03320312 0.25195312
v -0.14648438 -0.00976562 0.25195312
v -0.11914062 -0.71289062 0.25195312
v 0.14257812 -0.07617188 0.25195312
v 0.15039062 -0.01367188 0.25195312
v 0.17382812 -0.74804688 0.25195312
v 0.20117188 -0.74804688 0.25195312
v 0.25195312 0.01757812 0.25195312
v 0.27148438 -0.64257812 0.25195312
v 0.27539062 -0.60351562 0.25195312
v 0.27539062 -0.56054688 0.25195312
v 0.29101562 -0.40820312 0.25195312
v 0.34179688 0.43164062 0.25195312
v 0.40820312 0.52539062 0.25195312
v 0.41601562 0.40039062 0.25195312
v 0.47070312 0.41992188 0.25195312
v 0.59179688 0.60351562 0.25195312
v -0.26367188 0.89257812 0.25585938
v -0.24414062 -0.64257812 0.25585938
v -0.18164062 -0.79101562 0.25585938
v -0.14648438 0.00976562 0.25585938
v 0.09179688 -0.61132812 0.25585938
v 0.14648438 0.00976562 0.25585938
v 0.16992188 0.43945312 0.25585938
v 0.25195312 -0.06054688 0.25585938
v 0.25585938 0.89257812 0.25585938
v 0.25976562 0.03710938 0.25585938
v 0.56445312 0.49023438 0.25585938
v -0.25195312 0.92773438 0.25976562
v -0.24414062 -0.60351562 0.25976562
v -0.20507812 -0.79101562 0.25976562
v -0.17382812 0.03710938 0.25976562
v -0.16992188 0.43945312 0.25976562
v -0.15820312 -0.79101562 0.25976562
v -0.15429688 0.02929688 0.25976562
v -0.07617188 -0.61523438 0.25976562
v 0.15039062 -0.74023438 0.25976562
v 0.22851562 -0.74804688 0.25976562
v 0.22851562 -0.00195312 0.25976562
v 0.22851562 0.00976562 0.25976562
v 0.25195312 0.92773438 0.25976562
v 0.36523438 0.38867188 0.25976562
v 0.58789062 0.54492188 0.25976562
v 0.59179688 0.58789062 0.25976562
v -0.29492188 -0.46679688 0.26367188
v -0.18164062 -0.89648438 0.26367188
v -0.08398438 -0.64257812 0.26367188
v 0.10351562 -0.62695312 0.26367188
v 0.16992188 -0.79101562 0.26367188
v 0.20117188 -0.79101562 0.26367188
v 0.20117188 0.34179688 0.26367188
v 0.31445312 0.43164062 0.26367188
v 0.54101562 0.64648438 0.26367188
v 0.56835938 0.65429688 0.26367188
v 0.58398438 0.65429688 0.26367188
v -0.35742188 0.87304688 0.26757812
v -0.34960938 0.93164062 0.26757812
v -0.32617188 -0.42773438 0.26757812
v -0.31054688 -0.41992188 0.26757812
v -0.29492188 -0.40820312 0.26757812
v -0.24804688 -0.02148438 0.26757812
v -0.24804688 0.04101562 0.26757812
v -0.24804688 0.06835938 0.26757812
v -0.24414062 0.11132812 0.26757812
v -0.22851562 -0.74414062 0.26757812
v 0.11523438 -0.65039062 0.26757812
v 0.21679688 0.28710938 0.26757812
v 0.25195312 -0.11523438 0.26757812
v 0.28320312 -0.47460938 0.26757812
v 0.32226562 0.38085938 0.26757812
v 0.32226562 0.47460938 0.26757812
v 0.49804688 0.61914062 0.26757812
v 0.58007812 0.58398438 0.26757812
v 0.59179688 0.63476562 0.26757812
v -0.34179688 -0.45117188 0.27148438
v -0.32617188 0.95117188 0.27148438
v -0.31054688 0.81445312 0.27148438
v -0.27929688 -0.53320312 0.27148438
v -0.24804688 0.18554688 0.27148438
v -0.24023438 -0.01757812 0.27148438
v -0.23632812 -0.12304688 0.27148438
v -0.23632812 0.23242188 0.27148438
v -0.22070312 -0.79101562 0.27148438
v -0.21679688 0.28320312 0.27148438
v -0.21289062 -0.89648438 0.27148438
v -0.20117188 0.33789062 0.27148438
v -0.18164062 -0.86132812 0.27148438
v -0.12304688 -0.74804688 0.27148438
v 0.12695312 -0.68554688 0.27148438
v 0.16601562 -0.89648438 0.27148438
v 0.20117188 -0.89648438 0.27148438
v 0.20117188 -0.86132812 0.27148438
v 0.20117188 -0.83007812 0.27148438
v 0.22851562 -0.79101562 0.27148438
v 0.23632812 0.02148438 0.27148438
v 0.25195312 0.18554688 0.27148438
v 0.25585938 -0.71679688 0.27148438
v 0.25585938 -0.04882812 0.27148438
v 0.26757812 -0.67773438 0.27148438
v 0.29101562 -0.34960938 0.27148438
v 0.35351562 0.92773438 0.27148438
v 0.36523438 0.87304688 0.27148438
v 0.44726562 0.58789062 0.27148438
v 0.47460938 0.38085938 0.27148438
v 0.53320312 0.42382812 0.27148438
v 0.56054688 0.48632812 0.27148438
v 0.56835938 0.54101562 0.27148438
v -0.38085938 0.36523438 0.27539062
v -0.38085938 0.41992188 0.27539062
v -0.32226562 0.39257812 0.27539062
v -0.29492188 0.95507812 0.27539062
v -0.25976562 0.14648438 0.27539062
v -0.25976562 0.15820312 0.27539062
v -0.25195312 0.93945312 0.27539062
v -0.24804688 -0.04492188 0.27539062
v -0.21679688 -0.83007812 0.27539062
v -0.21289062 -0.86132812 0.27539062
v -0.15039062 -0.89648438 0.27539062
v -0.15039062 -0.83007812 0.27539062
v -0.13476562 -0.79101562 0.27539062
v -0.10351562 -0.71289062 0.27539062
v 0.15039062 -0.79101562 0.27539062
v 0.19335938 0.40039062 0.27539062
v 0.22851562 -0.92773438 0.27539062
v 0.23632812 0.23242188 0.27539062
v 0.24804688 -0.74804688 0.27539062
v 0.25195312 0.13867188 0.27539062
v 0.25585938 0.11132812 0.27539062
v 0.25976562 0.14648438 0.27539062
v 0.25976562 0.15820312 0.27539062
v 0.25976562 0.93945312 0.27539062
v 0.28320312 -0.50585938 0.27539062
v 0.28710938 0.44726562 0.27539062
v 0.29101562 0.40039062 0.27539062
v 0.35742188 0.52539062 0.27539062
v 0.40039062 0.55664062 0.27539062
v 0.40820312 0.35351562 0.27539062
v -0.44335938 0.39648438 0.27929688
v -0.34570312 -0.48242188 0.27929688
v -0.26757812 0.95117188 0.27929688
v -0.25195312 0.90039062 0.27929688
v -0.23242188 -0.92773438 0.27929688
v -0.17382812 -0.96679688 0.27929688
v -0.15039062 -0.86132812 0.27929688
v -0.08789062 -0.67773438 0.27929688
v 0.13476562 -0.73632812 0.27929688
v 0.16992188 -0.86132812 0.27929688
v 0.16992188 0.00976562 0.27929688
v 0.17382812 -0.00976562 0.27929688
v 0.20117188 -0.96679688 0.27929688
v 0.20507812 -0.00585938 0.27929688
v 0.20507812 0.00976562 0.27929688
v 0.22851562 -0.89257812 0.27929688
v 0.25195312 -0.02539062 0.27929688
v 0.25195312 0.03320312 0.27929688
v 0.25976562 0.06835938 0.27929688
v 0.27929688 0.93554688 0.27929688
v 0.30273438 0.93945312 0.27929688
v 0.33007812 0.93945312 0.27929688
v 0.58007812 0.58789062 0.27929688
v -0.44335938 0.43945312 0.28320312
v -0.32617188 0.34179688 0.28320312
v -0.29101562 -0.47070312 0.28320312
v -0.28710938 -0.34960938 0.28320312
v -0.24414062 -0.16992188 0.28320312
v -0.20898438 -0.97070312 0.28320312
v -0.19335938 0.40039062 0.28320312
v -0.14257812 -0.92773438 0.28320312
v 0.22851562 -0.86132812 0.28320312
v 0.24414062 0.90039062 0.28320312
v 0.25976562 -0.16992188 0.28320312
v 0.27539062 -0.64257812 0.28320312
v 0.27929688 -0.28710938 0.28320312
v 0.35351562 0.33789062 0.28320312
v 0.56835938 0.67382812 0.28320312
v 0.58398438 0.54492188 0.28320312
v 0.58789062 0.65429688 0.28320312
v -0.45117188 0.34960938 0.28710938
v -0.38867188 0.32226562 0.28710938
v -0.34570312 -0.50585938 0.28710938
v -0.32226562 0.43945312 0.28710938
v -0.27148438 -0.28710938 0.28710938
v -0.25976562 0.83007812 0.28710938
v -0.25585938 -0.22851562 0.28710938
v -0.16601562 -0.01367188 0.28710938
v 0.16992188 -0.96679688 0.28710938
v 0.26367188 0.41992188 0.28710938
v 0.26757812 -0.22851562 0.28710938
v 0.27539062 0.80273438 0.28710938
v 0.27929688 -0.60351562 0.28710938
v 0.30664062 0.79492188 0.28710938
v 0.31835938 0.50585938 0.28710938
v 0.54101562 0.66601562 0.28710938
v 0.57617188 0.48242188 0.28710938
v -0.49414062 0.43164062 0.29101562
v -0.38085938 0.45898438 0.29101562
v -0.27539062 0.35742188 0.29101562
v -0.27539062 0.40820312 0.29101562
v -0.23632812 -0.96679688 0.29101562
v -0.23242188 -0.79101562 0.29101562
v -0.17382812 0.02929688 0.29101562
v -0.16601562 0.00976562 0.29101562
v -0.07617188 -0.64257812 0.29101562
v -0.02148438 0.60351562 0.29101562
v 0.02148438 0.60351562 0.29101562
v 0.07226562 -0.60351562 0.29101562
v 0.08789062 -0.60742188 0.29101562
v 0.21289062 0.34179688 0.29101562
v 0.23242188 -0.96679688 0.29101562
v 0.25976562 0.04882812 0.29101562
v 0.27148438 0.36523438 0.29101562
v 0.29882812 -0.46289062 0.29101562
v 0.31835938 -0.42773438 0.29101562
v 0.54492188 0.42382812 0.29101562
v 0.56445312 0.55273438 0.29101562
v 0.57617188 0.67382812 0.29101562
v -0.50585938 0.39257812 0.29492188
v -0.33789062 -0.52148438 0.29492188
v -0.24414062 -0.08007812 0.29492188
v -0.24414062 0.03710938 0.29492188
v -0.22460938 0.28320312 0.29492188
v -0.21289062 0.33398438 0.29492188
v -0.07226562 -0.61523438 0.29492188
v -0.06445312 -0.59960938 0.29492188
v -0.05664062 0.59179688 0.29492188
v -0.05273438 -0.60742188 0.29492188
v 0.05273438 -0.60742188 0.29492188
v 0.05664062 0.59179688 0.29492188
v 0.10351562 -0.62695312 0.29492188
v 0.16601562 0.00585938 0.29492188
v 0.22460938 0.28710938 0.29492188
v 0.24804688 -0.79101562 0.29492188
v 0.28320312 -0.54492188 0.29492188
v 0.28320312 0.47851562 0.29492188
v 0.30273438 0.33789062 0.29492188
v 0.31835938 -0.48242188 0.29492188
v 0.49804688 0.64257812 0.29492188
v 0.54882812 0.56054688 0.29492188
v -0.50195312 0.47851562 0.29882812
v -0.44335938 0.47460938 0.29882812
v -0.36132812 0.88476562 0.29882812
v -0.33007812 0.29882812 0.29882812
v -0.31835938 -0.52929688 0.29882812
v -0.29882812 -0.52539062 0.29882812
v -0.24804688 -0.89648438 0.29882812
v -0.24804688 0.14257812 0.29882812
v -0.24414062 0.38867188 0.29882812
v -0.23632812 -0.86132812 0.29882812
v -0.23632812 -0.74023438 0.29882812
v -0.23632812 0.22851562 0.29882812
v -0.22460938 0.03710938 0.29882812
v -0.14257812 -0.96679688 0.29882812
v -0.12304688 -0.79101562 0.29882812
v -0.11523438 -0.89257812 0.29882812
v -0.08398438 0.57617188 0.29882812
v -0.04882812 -0.63476562 0.29882812
v 0.04882812 -0.63476562 0.29882812
v 0.08398438 0.57617188 0.29882812
v 0.11523438 -0.65039062 0.29882812
v 0.13476562 -0.92773438 0.29882812
v 0.13476562 -0.89257812 0.29882812
v 0.13476562 -0.79101562 0.29882812
v 0.20898438 0.39648438 0.29882812
v 0.24804688 0.40039062 0.29882812
v 0.25585938 -0.92773438 0.29882812
v 0.25585938 -0.89257812 0.29882812
v 0.25585938 -0.74414062 0.29882812
v 0.33398438 0.79492188 0.29882812
v 0.36523438 0.88476562 0.29882812
v 0.44726562 0.61523438 0.29882812
v 0.50976562 0.36523438 0.29882812
v 0.56835938 0.48632812 0.29882812
v 0.58398438 0.63867188 0.29882812
v -0.25195312 0.04882812 0.30273438
v -0.25195312 0.07226562 0.30273438
v -0.25195312 0.11132812 0.30273438
v -0.24804688 0.17773438 0.30273438
v -0.24804688 0.34179688 0.30273438
v -0.20507812 -0.99414062 0.30273438
v -0.16992188 0.47460938 0.30273438
v -0.14257812 0.49804688 0.30273438
v -0.12304688 -0.86132812 0.30273438
v -0.12304688 -0.83007812 0.30273438
v -0.11914062 0.52539062 0.30273438
v -0.11523438 -0.92773438 0.30273438
v -0.11132812 -0.74414062 0.30273438
v -0.09179688 0.54882812 0.30273438
v -0.02539062 -0.64257812 0.30273438
v 0.00195312 -0.64648438 0.30273438
v 0.02539062 -0.64257812 0.30273438
v 0.09179688 0.54882812 0.30273438
v 0.11914062 0.52148438 0.30273438
v 0.12695312 -0.68554688 0.30273438
v 0.13085938 -0.73632812 0.30273438
v 0.13867188 -0.86132812 0.30273438
v 0.13867188 -0.83007812 0.30273438
v 0.14257812 0.49804688 0.30273438
v 0.16992188 0.47460938 0.30273438
v 0.22460938 0.03710938 0.30273438
v 0.24804688 -0.86132812 0.30273438
v 0.25195312 0.11132812 0.30273438
v 0.25976562 0.45117188 0.30273438
v 0.45898438 0.33398438 0.30273438
v 0.58398438 0.66601562 0.30273438
v -0.53710938 0.43945312 0.30664062
v -0.45898438 0.31835938 0.30664062
v -0.39648438 0.29101562 0.30664062
v -0.32226562 0.47070312 0.30664062
v -0.27539062 0.31054688 0.30664062
v -0.27539062 0.44726562 0.30664062
v -0.24804688 -0.03710938 0.30664062
v -0.24414062 -0.03320312 0.30664062
v -0.24023438 0.84179688 0.30664062
v -0.22851562 0.33398438 0.30664062
v -0.19335938 0.44726562 0.30664062
v -0.16992188 -0.99414062 0.30664062
v 0.14648438 -0.96679688 0.30664062
v 0.17382812 0.02929688 0.30664062
v 0.18945312 0.44726562 0.30664062
v 0.23242188 0.34179688 0.30664062
v 0.23632812 0.84179688 0.30664062
v 0.24023438 0.23242188 0.30664062
v 0.24804688 0.14257812 0.30664062
v 0.24804688 0.18164062 0.30664062
v 0.25195312 0.34960938 0.30664062
v 0.25585938 -0.96679688 0.30664062
v 0.29101562 -0.34960938 0.30664062
v 0.29492188 -0.40820312 0.30664062
v 0.39648438 0.31445312 0.30664062
v 0.39648438 0.58398438 0.30664062
v 0.55273438 0.42382812 0.30664062
v 0.55273438 0.49414062 0.30664062
v 0.55273438 0.67773438 0.30664062
v 0.56445312 0.62304688 0.30664062
v -0.38085938 0.49023438 0.31054688
v -0.25976562 -0.96679688 0.31054688
v -0.25976562 -0.92773438 0.31054688
v -0.23632812 -0.99414062 0.31054688
v -0.23242188 0.90039062 0.31054688
v 0.17382812 -0.99414062 0.31054688
v 0.22851562 0.39257812 0.31054688
v 0.23242188 -0.99414062 0.31054688
v 0.23242188 0.90039062 0.31054688
v 0.24804688 0.04882812 0.31054688
v 0.35351562 0.55664062 0.31054688
v 0.54101562 0.50585938 0.31054688
v 0.54101562 0.58007812 0.31054688
v -0.54882812 0.48632812 0.31445312
v -0.51367188 0.36523438 0.31445312
v -0.34570312 0.81054688 0.31445312
v -0.30664062 0.76757812 0.31445312
v -0.24414062 -0.64257812 0.31445312
v -0.24414062 -0.12304688 0.31445312
v -0.23632812 0.28320312 0.31445312
v -0.20117188 0.04101562 0.31445312
v 0.17382812 -0.02148438 0.31445312
v 0.18554688 -0.02929688 0.31445312
v 0.25195312 -0.11914062 0.31445312
v 0.27148438 -0.64257812 0.31445312
v 0.29101562 -0.45117188 0.31445312
v 0.31445312 0.53320312 0.31445312
v 0.52148438 0.35742188 0.31445312
v 0.52539062 0.51367188 0.31445312
v 0.58007812 0.64648438 0.31445312
v -0.49804688 0.51367188 0.31835938
v -0.43945312 0.50195312 0.31835938
v -0.31835938 -0.41992188 0.31835938
v -0.29882812 -0.41210938 0.31835938
v -0.28320312 -0.34960938 0.31835938
v -0.24804688 0.29882812 0.31835938
v -0.23632812 -0.78710938 0.31835938
v 0.02148438 0.74804688 0.31835938
v 0.23632812 0.29101562 0.31835938
v 0.27148438 0.31835938 0.31835938
v 0.28320312 0.50585938 0.31835938
v 0.33398438 0.30273438 0.31835938
v 0.35351562 0.79882812 0.31835938
v 0.53710938 0.43554688 0.31835938
v -0.56054688 0.42382812 0.32226562
v -0.33398438 0.26757812 0.32226562
v -0.33007812 0.77539062 0.32226562
v -0.29882812 -0.41210938 0.32226562
v -0.26757812 -0.29101562 0.32226562
v -0.24414062 -0.16992188 0.32226562
v -0.23632812 0.04882812 0.32226562
v -0.17773438 -0.01367188 0.32226562
v -0.17382812 0.00976562 0.32226562
v -0.08398438 -0.64257812 0.32226562
v 0.23632812 0.43945312 0.32226562
v 0.25195312 -0.78710938 0.32226562
v 0.25195312 0.06054688 0.32226562
v 0.25585938 0.47460938 0.32226562
v 0.25976562 -0.16992188 0.32226562
v 0.27539062 -0.60351562 0.32226562
v 0.27539062 -0.29101562 0.32226562
v 0.50585938 0.65429688 0.32226562
v 0.51367188 0.52929688 0.32226562
v 0.51757812 0.44726562 0.32226562
v 0.56445312 0.63085938 0.32226562
v 0.56445312 0.67382812 0.32226562
v -0.52539062 0.34960938 0.32617188
v -0.46679688 0.29882812 0.32617188
v -0.40429688 0.26757812 0.32617188
v -0.33398438 -0.43554688 0.32617188
v -0.33007812 0.91601562 0.32617188
v -0.27929688 0.47460938 0.32617188
v -0.27929688 0.74804688 0.32617188
v -0.27148438 0.75195312 0.32617188
v -0.25585938 -0.22851562 0.32617188
v -0.25195312 0.05273438 0.32617188
v -0.24804688 -0.07617188 0.32617188
v -0.24414062 -0.60351562 0.32617188
v -0.17773438 0.02929688 0.32617188
v 0.17382812 0.00585938 0.32617188
v 0.25195312 0.30664062 0.32617188
v 0.26367188 -0.22851562 0.32617188
v 0.46289062 0.31445312 0.32617188
v 0.52539062 0.35742188 0.32617188
v 0.54101562 0.59960938 0.32617188
v -0.55273438 0.52539062 0.33007812
v -0.34960938 0.89257812 0.33007812
v -0.27539062 0.27539062 0.33007812
v -0.26367188 -0.89257812 0.33007812
v -0.26367188 0.11132812 0.33007812
v -0.25195312 0.23242188 0.33007812
v -0.24414062 -0.83007812 0.33007812
v -0.24023438 0.77539062 0.33007812
v -0.23242188 0.91210938 0.33007812
v -0.22460938 0.85351562 0.33007812
v -0.12304688 -0.78710938 0.33007812
v -0.11523438 -0.96679688 0.33007812
v 0.11132812 -0.61914062 0.33007812
v 0.11914062 -0.89257812 0.33007812
v 0.12304688 -0.64648438 0.33007812
v 0.13476562 -0.78710938 0.33007812
v 0.13476562 -0.73632812 0.33007812
v 0.22460938 0.85351562 0.33007812
v 0.23632812 0.05273438 0.33007812
v 0.25585938 -0.73632812 0.33007812
v 0.25976562 0.09570312 0.33007812
v 0.26367188 -0.86132812 0.33007812
v 0.27539062 -0.89257812 0.33007812
v 0.27929688 -0.54882812 0.33007812
v 0.27929688 0.72460938 0.33007812
v 0.35351562 0.88867188 0.33007812
v 0.45117188 0.62695312 0.33007812
v 0.50585938 0.47070312 0.33007812
v -0.57617188 0.48242188 0.33398438
v -0.35351562 0.82617188 0.33398438
v -0.34179688 -0.45898438 0.33398438
v -0.32226562 0.49804688 0.33398438
v -0.30273438 0.92382812 0.33398438
v -0.29492188 -0.40820312 0.33398438
v -0.26757812 0.14257812 0.33398438
v -0.24804688 -0.86132812 0.33398438
v -0.23242188 -0.73632812 0.33398438
v -0.11914062 -0.73632812 0.33398438
v -0.11132812 -0.86132812 0.33398438
v -0.09960938 -0.89257812 0.33398438
v -0.08007812 -0.61132812 0.33398438
v 0.00195312 0.68554688 0.33398438
v 0.09570312 -0.60351562 0.33398438
v 0.12695312 -0.96679688 0.33398438
v 0.12695312 -0.86132812 0.33398438
v 0.13085938 -0.83007812 0.33398438
v 0.23632812 0.77539062 0.33398438
v 0.24023438 0.91210938 0.33398438
v 0.26367188 0.14257812 0.33398438
v 0.30664062 0.72070312 0.33398438
v 0.40039062 0.59570312 0.33398438
v 0.49023438 0.49414062 0.33398438
v 0.50976562 0.55664062 0.33398438
v 0.51757812 0.36132812 0.33398438
v 0.56835938 0.65820312 0.33398438
v -0.38085938 0.51757812 0.33789062
v -0.27148438 -0.97070312 0.33789062
v -0.25976562 -0.99414062 0.33789062
v -0.24804688 -0.56054688 0.33789062
v -0.22070312 0.41992188 0.33789062
v 0.08007812 -0.59570312 0.33789062
v 0.22460938 0.43554688 0.33789062
v 0.25585938 0.23632812 0.33789062
v 0.26367188 -0.99414062 0.33789062
v 0.26367188 0.18164062 0.33789062
v 0.27539062 -0.97070312 0.33789062
v 0.28710938 -0.35351562 0.33789062
v 0.31445312 0.91210938 0.33789062
v 0.35351562 0.57226562 0.33789062
v 0.36523438 0.82226562 0.33789062
v 0.39257812 0.29492188 0.33789062
v 0.56445312 0.64257812 0.33789062
v -0.57226562 0.41601562 0.34179688
v -0.50195312 0.54882812 0.34179688
v -0.44335938 0.52929688 0.34179688
v -0.27148438 0.92382812 0.34179688
v -0.24804688 0.91992188 0.34179688
v -0.23242188 -0.64257812 0.34179688
v -0.22070312 -0.99804688 0.34179688
v -0.18554688 -0.99804688 0.34179688
v -0.16992188 -0.09179688 0.34179688
v -0.15820312 -0.99804688 0.34179688
v -0.07226562 -0.59570312 0.34179688
v -0.02539062 0.68945312 0.34179688
v 0.02539062 0.68945312 0.34179688
v 0.14257812 -0.68554688 0.34179688
v 0.23242188 -0.99804688 0.34179688
v 0.25976562 0.91601562 0.34179688
v 0.28710938 0.91601562 0.34179688
v 0.29882812 -0.44726562 0.34179688
v 0.32226562 -0.41992188 0.34179688
v 0.48242188 0.51757812 0.34179688
v 0.50585938 0.38085938 0.34179688
v -0.58007812 0.52539062 0.34570312
v -0.55273438 0.55664062 0.34570312
v -0.33789062 0.25195312 0.34570312
v -0.26367188 0.25976562 0.34570312
v -0.25976562 0.08007812 0.34570312
v -0.22851562 -0.78320312 0.34570312
v -0.22070312 0.40429688 0.34570312
v -0.17773438 -0.06054688 0.34570312
v -0.16601562 -0.09960938 0.34570312
v -0.11132812 -0.68554688 0.34570312
v 0.14648438 -0.73242188 0.34570312
v 0.16992188 -0.99804688 0.34570312
v 0.20117188 -0.99804688 0.34570312
v 0.21289062 0.05273438 0.34570312
v 0.24414062 0.06054688 0.34570312
v 0.25195312 -0.68554688 0.34570312
v 0.27929688 0.52539062 0.34570312
v 0.31054688 0.55273438 0.34570312
v 0.33789062 0.89648438 0.34570312
v 0.45117188 0.30664062 0.34570312
v 0.45507812 0.48242188 0.34570312
v 0.46679688 0.31445312 0.34570312
v 0.47851562 0.41992188 0.34570312
v 0.49023438 0.40039062 0.34570312
v 0.51757812 0.65429688 0.34570312
v 0.54492188 0.60742188 0.34570312
v -0.59179688 0.47070312 0.34960938
v -0.30664062 0.71289062 0.34960938
v -0.27929688 -0.34960938 0.34960938
v -0.25195312 0.06054688 0.34960938
v -0.22070312 0.05664062 0.34960938
v -0.09570312 -0.64257812 0.34960938
v -0.06054688 -0.59960938 0.34960938
v 0.06054688 -0.59960938 0.34960938
v 0.24414062 -0.73242188 0.34960938
v 0.25585938 -0.64257812 0.34960938
v 0.25585938 0.49414062 0.34960938
v 0.27929688 0.29492188 0.34960938
v 0.31445312 -0.45507812 0.34960938
v 0.33007812 -0.44335938 0.34960938
v 0.33007812 0.28710938 0.34960938
v 0.33007812 0.71679688 0.34960938
v 0.50976562 0.57226562 0.34960938
v -0.52148438 0.35351562 0.35351562
v -0.34570312 0.77148438 0.35351562
v -0.31835938 -0.50585938 0.35351562
v -0.30273438 -0.50195312 0.35351562
v -0.28320312 0.16601562 0.35351562
v -0.27929688 0.25976562 0.35351562
v -0.27929688 0.49414062 0.35351562
v -0.21289062 0.78710938 0.35351562
v -0.18554688 -0.01367188 0.35351562
v -0.17773438 0.00976562 0.35351562
v -0.13085938 -0.73242188 0.35351562
v 0.05273438 -0.62304688 0.35351562
v 0.15039062 -0.78320312 0.35351562
v 0.19335938 0.47851562 0.35351562
v 0.21289062 0.78710938 0.35351562
v 0.24023438 -0.78320312 0.35351562
v 0.26757812 0.26757812 0.35351562
v 0.29101562 0.12304688 0.35351562
v 0.47070312 0.46679688 0.35351562
v 0.47460938 0.44335938 0.35351562
v -0.58789062 0.46289062 0.35742188
v -0.57617188 0.45117188 0.35742188
v -0.57617188 0.55664062 0.35742188
v -0.56054688 0.41601562 0.35742188
v -0.29101562 -0.40820312 0.35742188
v -0.26367188 -0.29101562 0.35742188
v -0.25585938 0.47851562 0.35742188
v -0.23242188 -0.60351562 0.35742188
v -0.21679688 -0.73242188 0.35742188
v -0.21679688 -0.68554688 0.35742188
v -0.21289062 0.86523438 0.35742188
v -0.18164062 0.03320312 0.35742188
v -0.16992188 0.50195312 0.35742188
v -0.13867188 -0.78320312 0.35742188
v -0.05273438 -0.62304688 0.35742188
v 0.02929688 -0.63085938 0.35742188
v 0.16992188 0.50195312 0.35742188
v 0.17773438 -0.02929688 0.35742188
v 0.18554688 0.04492188 0.35742188
v 0.21289062 0.86523438 0.35742188
v 0.22070312 0.45507812 0.35742188
v 0.25976562 -0.60351562 0.35742188
v 0.27148438 -0.29101562 0.35742188
v 0.29492188 0.15429688 0.35742188
v 0.45898438 0.32226562 0.35742188
v 0.46289062 0.62304688 0.35742188
v 0.48242188 0.53320312 0.35742188
v -0.59570312 0.51757812 0.36132812
v -0.50976562 0.37304688 0.36132812
v -0.49414062 0.39257812 0.36132812
v -0.46679688 0.31054688 0.36132812
v -0.35351562 0.83789062 0.36132812
v -0.30273438 -0.40820312 0.36132812
v -0.28320312 0.10351562 0.36132812
v -0.27929688 0.22070312 0.36132812
v -0.25195312 -0.22851562 0.36132812
v -0.24804688 -0.08007812 0.36132812
v -0.24414062 -0.16992188 0.36132812
v -0.24414062 -0.12695312 0.36132812
v -0.22070312 0.72460938 0.36132812
v -0.14257812 0.52929688 0.36132812
v -0.11914062 0.56054688 0.36132812
v -0.05664062 0.59960938 0.36132812
v -0.04882812 0.69726562 0.36132812
v -0.02929688 -0.63085938 0.36132812
v -0.02148438 0.60742188 0.36132812
v 0.00195312 -0.63085938 0.36132812
v 0.02148438 0.60742188 0.36132812
v 0.04492188 0.69726562 0.36132812
v 0.05664062 0.59960938 0.36132812
v 0.11914062 0.56054688 0.36132812
v 0.14257812 0.52929688 0.36132812
v 0.16601562 -0.72851562 0.36132812
v 0.23632812 0.46679688 0.36132812
v 0.24804688 -0.13476562 0.36132812
v 0.25585938 -0.17382812 0.36132812
v 0.25976562 -0.22851562 0.36132812
v 0.27148438 0.66210938 0.36132812
v 0.29492188 0.08789062 0.36132812
v 0.36132812 0.77148438 0.36132812
v 0.38867188 0.29101562 0.36132812
v 0.41210938 0.59960938 0.36132812
v 0.53320312 0.64648438 0.36132812
v -0.57226562 0.47070312 0.36523438
v -0.54492188 0.42773438 0.36523438
v -0.45898438 0.32617188 0.36523438
v -0.44726562 0.34960938 0.36523438
v -0.33007812 0.71289062 0.36523438
v -0.32617188 0.52148438 0.36523438
v -0.26367188 -0.51367188 0.36523438
v -0.24023438 -0.83398438 0.36523438
v -0.20898438 -0.77148438 0.36523438
v -0.09179688 -0.60742188 0.36523438
v -0.09179688 0.58007812 0.36523438
v 0.00195312 0.63476562 0.36523438
v 0.09179688 0.58007812 0.36523438
v 0.13476562 -0.83398438 0.36523438
v 0.17382812 -0.00195312 0.36523438
v 0.24414062 0.66992188 0.36523438
v 0.25195312 -0.83398438 0.36523438
v 0.25585938 0.06054688 0.36523438
v 0.26367188 -0.55273438 0.36523438
v 0.26757812 -0.86132812 0.36523438
v 0.28710938 -0.35351562 0.36523438
v 0.36132812 0.83398438 0.36523438
v 0.43554688 0.46289062 0.36523438
v 0.44726562 0.36523438 0.36523438
v 0.45507812 0.34179688 0.36523438
v 0.45507812 0.49804688 0.36523438
v 0.52148438 0.58789062 0.36523438
v -0.57226562 0.57226562 0.36914062
v -0.54882812 0.57617188 0.36914062
v -0.50195312 0.57226562 0.36914062
v -0.44335938 0.55664062 0.36914062
v -0.38476562 0.54101562 0.36914062
v -0.33789062 0.25585938 0.36914062
v -0.29492188 0.12695312 0.36914062
v -0.27929688 -0.96679688 0.36914062
v -0.27929688 -0.92773438 0.36914062
v -0.26757812 -0.99414062 0.36914062
v -0.26757812 -0.89257812 0.36914062
v -0.25195312 -0.86132812 0.36914062
v -0.24804688 0.06445312 0.36914062
v -0.24023438 -0.99804688 0.36914062
v -0.21289062 -0.99804688 0.36914062
v -0.21289062 -0.64257812 0.36914062
v -0.18554688 -0.99804688 0.36914062
v -0.18554688 -0.72851562 0.36914062
v -0.18554688 -0.04492188 0.36914062
v -0.15820312 -0.77148438 0.36914062
v -0.15429688 -0.99804688 0.36914062
v -0.15429688 -0.72851562 0.36914062
v -0.12304688 -0.83398438 0.36914062
v -0.11523438 -0.99414062 0.36914062
v -0.11132812 -0.86132812 0.36914062
v -0.09960938 -0.89257812 0.36914062
v -0.09570312 -0.96679688 0.36914062
v -0.08789062 -0.92773438 0.36914062
v 0.10351562 -0.59570312 0.36914062
v 0.10742188 -0.92773438 0.36914062
v 0.11132812 -0.89257812 0.36914062
v 0.11523438 -0.96679688 0.36914062
v 0.12304688 -0.86132812 0.36914062
v 0.13476562 -0.99414062 0.36914062
v 0.16992188 -0.77148438 0.36914062
v 0.22070312 -0.77148438 0.36914062
v 0.22460938 -0.72851562 0.36914062
v 0.24804688 -0.09179688 0.36914062
v 0.27539062 -0.99414062 0.36914062
v 0.27929688 -0.89257812 0.36914062
v 0.27929688 0.22851562 0.36914062
v 0.29101562 -0.96679688 0.36914062
v 0.29101562 -0.92773438 0.36914062
v 0.29882812 0.65429688 0.36914062
v 0.31445312 0.13085938 0.36914062
v 0.34570312 0.71679688 0.36914062
v 0.36523438 0.58007812 0.36914062
v 0.53710938 0.61132812 0.36914062
v 0.53710938 0.63085938 0.36914062
v -0.59179688 0.50585938 0.37304688
v -0.58789062 0.55664062 0.37304688
v -0.40039062 0.28320312 0.37304688
v -0.33007812 0.88476562 0.37304688
v -0.31835938 -0.41992188 0.37304688
v -0.24023438 0.65820312 0.37304688
v -0.23632812 -0.56054688 0.37304688
v -0.18554688 -0.77148438 0.37304688
v -0.18554688 -0.68554688 0.37304688
v -0.11914062 -0.64257812 0.37304688
v -0.02539062 0.63867188 0.37304688
v 0.02539062 0.63867188 0.37304688
v 0.15820312 -0.64257812 0.37304688
v 0.17382812 -0.99804688 0.37304688
v 0.17382812 0.02148438 0.37304688
v 0.18945312 -0.68554688 0.37304688
v 0.19335938 -0.77148438 0.37304688
v 0.19335938 -0.72851562 0.37304688
v 0.20507812 -0.99804688 0.37304688
v 0.23632812 -0.99804688 0.37304688
v 0.25195312 0.50195312 0.37304688
v 0.31835938 0.56054688 0.37304688
v 0.33007812 0.28710938 0.37304688
v 0.48632812 0.54882812 0.37304688
v -0.57617188 0.50585938 0.37695312
v -0.55273438 0.47460938 0.37695312
v -0.52539062 0.43945312 0.37695312
v -0.47851562 0.41210938 0.37695312
v -0.43945312 0.37695312 0.37695312
v -0.39257812 0.32226562 0.37695312
v -0.29492188 0.17773438 0.37695312
v -0.28320312 0.23632812 0.37695312
v -0.28320312 0.25976562 0.37695312
v -0.27148438 -0.34960938 0.37695312
v -0.26757812 0.65039062 0.37695312
v -0.21289062 -0.81054688 0.37695312
v -0.19726562 0.04882812 0.37695312
v -0.15039062 -0.68554688 0.37695312
v 0.12304688 -0.60742188 0.37695312
v 0.22070312 -0.81054688 0.37695312
v 0.22460938 -0.68554688 0.37695312
v 0.22851562 -0.64257812 0.37695312
v 0.23242188 0.06054688 0.37695312
v 0.23242188 0.47851562 0.37695312
v 0.23632812 -0.84570312 0.37695312
v 0.25195312 0.60742188 0.37695312
v 0.27148438 0.52929688 0.37695312
v 0.28320312 0.29492188 0.37695312
v 0.30664062 0.17382812 0.37695312
v 0.38867188 0.30273438 0.37695312
v 0.44726562 0.39257812 0.37695312
v -0.57617188 0.57617188 0.38085938
v -0.45507812 0.41992188 0.38085938
v -0.39648438 0.29882812 0.38085938
v -0.34960938 0.77539062 0.38085938
v -0.28320312 0.50195312 0.38085938
v -0.21289062 0.87304688 0.38085938
v -0.19726562 0.79882812 0.38085938
v -0.15429688 -0.81054688 0.38085938
v 0.05664062 0.71679688 0.38085938
v 0.16210938 -0.81054688 0.38085938
v 0.19726562 0.79882812 0.38085938
v 0.21289062 0.87304688 0.38085938
v 0.27539062 0.59960938 0.38085938
v 0.28320312 0.24804688 0.38085938
v 0.28320312 0.27148438 0.38085938
v 0.32226562 0.11132812 0.38085938
v 0.48242188 0.61914062 0.38085938
v -0.58789062 0.54882812 0.38476562
v -0.51757812 0.46679688 0.38476562
v -0.48242188 0.44335938 0.38476562
v -0.43164062 0.39257812 0.38476562
v -0.33789062 0.26757812 0.38476562
v -0.32226562 -0.43164062 0.38476562
v -0.31054688 0.89257812 0.38476562
v -0.29882812 0.65039062 0.38476562
v -0.22851562 0.06054688 0.38476562
v -0.21289062 -0.60351562 0.38476562
v -0.19335938 0.73242188 0.38476562
v -0.18554688 -0.81054688 0.38476562
v -0.18554688 -0.01367188 0.38476562
v -0.17773438 0.00976562 0.38476562
v -0.08789062 -0.58398438 0.38476562
v 0.17382812 0.04101562 0.38476562
v 0.19335938 -0.81054688 0.38476562
v 0.19335938 -0.64257812 0.38476562
v 0.19726562 0.05664062 0.38476562
v 0.20898438 0.49023438 0.38476562
v 0.23242188 -0.60351562 0.38476562
v 0.26757812 -0.49804688 0.38476562
v 0.27148438 0.05664062 0.38476562
v 0.27929688 0.56835938 0.38476562
v 0.30664062 -0.38867188 0.38476562
v 0.30664062 0.88867188 0.38476562
v 0.31835938 0.65039062 0.38476562
v 0.32226562 0.14257812 0.38476562
v 0.39257812 0.31835938 0.38476562
v 0.42773438 0.47460938 0.38476562
v 0.45117188 0.42382812 0.38476562
v -0.57617188 0.53710938 0.38867188
v -0.55273438 0.50195312 0.38867188
v -0.54882812 0.58398438 0.38867188
v -0.39257812 0.34570312 0.38867188
v -0.34179688 0.71679688 0.38867188
v -0.32226562 -0.43554688 0.38867188
v -0.25585938 -0.29101562 0.38867188
v -0.25585938 0.06445312 0.38867188
v -0.23242188 0.51367188 0.38867188
v -0.20507812 0.66601562 0.38867188
v -0.19335938 0.49804688 0.38867188
v -0.18945312 -0.03320312 0.38867188
v -0.18164062 -0.64257812 0.38867188
v -0.17773438 0.02929688 0.38867188
v -0.15039062 -0.64257812 0.38867188
v -0.04492188 0.64257812 0.38867188
v 0.04492188 0.64257812 0.38867188
v 0.21679688 0.61914062 0.38867188
v 0.25585938 -0.86132812 0.38867188
v 0.26367188 -0.29101562 0.38867188
v 0.26757812 0.53320312 0.38867188
v 0.27148438 -0.88867188 0.38867188
v 0.29492188 0.59960938 0.38867188
v 0.33007812 0.29882812 0.38867188
v 0.36523438 0.77539062 0.38867188
v 0.39257812 0.34179688 0.38867188
v 0.42382812 0.59570312 0.38867188
v 0.45117188 0.45507812 0.38867188
v 0.45898438 0.51367188 0.38867188
v 0.49414062 0.56054688 0.38867188
v -0.57617188 0.56835938 0.39257812
v -0.34179688 0.84570312 0.39257812
v -0.33398438 0.28710938 0.39257812
v -0.33398438 0.31054688 0.39257812
v -0.30664062 0.13867188 0.39257812
v -0.28710938 -0.39648438 0.39257812
v -0.28710938 0.27148438 0.39257812
v -0.24804688 0.54882812 0.39257812
v -0.24414062 -0.23242188 0.39257812
v -0.24023438 -0.18554688 0.39257812
v -0.22070312 -0.84179688 0.39257812
v -0.11914062 -0.60351562 0.39257812
v -0.07226562 -0.58789062 0.39257812
v 0.18554688 0.50195312 0.39257812
v 0.22851562 0.51367188 0.39257812
v 0.24414062 0.54882812 0.39257812
v 0.25195312 -0.23242188 0.39257812
v 0.25195312 -0.18945312 0.39257812
v 0.27539062 0.53320312 0.39257812
v 0.29101562 -0.41601562 0.39257812
v 0.29882812 0.06835938 0.39257812
v 0.34960938 0.84570312 0.39257812
v 0.37695312 0.57617188 0.39257812
v -0.57226562 0.55273438 0.39648438
v -0.51757812 0.48632812 0.39648438
v -0.50195312 0.58007812 0.39648438
v -0.45898438 0.43164062 0.39648438
v -0.44726562 0.56835938 0.39648438
v -0.31054688 -0.44726562 0.39648438
v -0.27929688 0.89257812 0.39648438
v -0.24414062 -0.51367188 0.39648438
v -0.21679688 0.60351562 0.39648438
v -0.21289062 -0.99804688 0.39648438
v -0.18164062 -0.99804688 0.39648438
v -0.15039062 -0.99804688 0.39648438
v -0.15039062 -0.84179688 0.39648438
v -0.04882812 0.73632812 0.39648438
v 0.00195312 0.59960938 0.39648438
v 0.04882812 0.73632812 0.39648438
v 0.19335938 -0.60351562 0.39648438
v 0.22070312 0.57226562 0.39648438
v 0.22460938 0.88085938 0.39648438
v 0.23632812 -0.56054688 0.39648438
v 0.31445312 -0.40429688 0.39648438
v 0.35742188 0.71679688 0.39648438
v 0.49414062 0.61132812 0.39648438
v 0.50195312 0.58007812 0.39648438
v -0.55273438 0.52539062 0.40039062
v -0.38867188 0.55273438 0.40039062
v -0.33007812 0.52929688 0.40039062
v -0.31835938 0.65039062 0.40039062
v -0.28320312 0.07226562 0.40039062
v -0.27929688 -0.96679688 0.40039062
v -0.27539062 -0.92773438 0.40039062
v -0.26757812 -0.99414062 0.40039062
v -0.26367188 -0.34960938 0.40039062
v -0.24023438 -0.99804688 0.40039062
v -0.23632812 -0.86132812 0.40039062
v -0.22460938 0.43554688 0.40039062
v -0.22460938 0.88085938 0.40039062
v -0.18554688 0.04492188 0.40039062
v -0.18164062 -0.60351562 0.40039062
v -0.16992188 0.51757812 0.40039062
v -0.13476562 -0.86132812 0.40039062
v -0.11132812 -0.99414062 0.40039062
v -0.09179688 -0.96679688 0.40039062
v -0.02539062 0.59960938 0.40039062
v 0.02539062 0.59960938 0.40039062
v 0.06054688 -0.59960938 0.40039062
v 0.07617188 -0.58007812 0.40039062
v 0.10351562 -0.57617188 0.40039062
v 0.11132812 -0.96679688 0.40039062
v 0.13867188 -0.86132812 0.40039062
v 0.16210938 0.52148438 0.40039062
v 0.20898438 -0.99804688 0.40039062
v 0.24414062 -0.99804688 0.40039062
v 0.27148438 0.88867188 0.40039062
v 0.27929688 -0.99414062 0.40039062
v 0.28710938 -0.92773438 0.40039062
v 0.28710938 0.30664062 0.40039062
v 0.29101562 -0.96679688 0.40039062
v 0.30273438 -0.41992188 0.40039062
v 0.33007812 0.55273438 0.40039062
v 0.33398438 0.31445312 0.40039062
v 0.50195312 0.59570312 0.40039062
v -0.55273438 0.57617188 0.40429688
v -0.30664062 0.09960938 0.40429688
v -0.29492188 0.19726562 0.40429688
v -0.25976562 -0.89257812 0.40429688
v -0.25195312 0.88867188 0.40429688
v -0.21679688 -0.56054688 0.40429688
v -0.20507812 0.52929688 0.40429688
v -0.16992188 -0.10742188 0.40429688
v -0.15039062 -0.60351562 0.40429688
v -0.11132812 -0.89257812 0.40429688
v -0.09570312 -0.92773438 0.40429688
v -0.05664062 -0.59960938 0.40429688
v 0.03320312 -0.60742188 0.40429688
v 0.11132812 -0.92773438 0.40429688
v 0.11914062 -0.89257812 0.40429688
v 0.13085938 -0.99414062 0.40429688
v 0.17382812 -0.99804688 0.40429688
v 0.17773438 0.68945312 0.40429688
v 0.20507812 0.52929688 0.40429688
v 0.24023438 -0.86132812 0.40429688
v 0.24414062 -0.15820312 0.40429688
v 0.24414062 0.88476562 0.40429688
v 0.26757812 -0.45507812 0.40429688
v 0.27148438 -0.89257812 0.40429688
v 0.29882812 0.21289062 0.40429688
v 0.31054688 0.59960938 0.40429688
v 0.32226562 0.08789062 0.40429688
v 0.40039062 0.36523438 0.40429688
v 0.46289062 0.52929688 0.40429688
v -0.47851562 0.45898438 0.40820312
v -0.42773438 0.39648438 0.40820312
v -0.34179688 0.32617188 0.40820312
v -0.29882812 0.30664062 0.40820312
v -0.29101562 0.59960938 0.40820312
v -0.28710938 0.22851562 0.40820312
v -0.28710938 0.28320312 0.40820312
v -0.28710938 0.50195312 0.40820312
v -0.18945312 0.81054688 0.40820312
v -0.14257812 0.54101562 0.40820312
v -0.06054688 0.65429688 0.40820312
v -0.02539062 0.74804688 0.40820312
v 0.02539062 0.74804688 0.40820312
v 0.06054688 0.65429688 0.40820312
v 0.14257812 0.54492188 0.40820312
v 0.18945312 0.81054688 0.40820312
v 0.22851562 0.45117188 0.40820312
v 0.28320312 0.05273438 0.40820312
v 0.31445312 0.17773438 0.40820312
v 0.32617188 0.15039062 0.40820312
v 0.33007812 0.11914062 0.40820312
v 0.33398438 0.65039062 0.40820312
v 0.43945312 0.58789062 0.40820312
v -0.55273438 0.54492188 0.41210938
v -0.55273438 0.56054688 0.41210938
v -0.51757812 0.50585938 0.41210938
v -0.37304688 0.34179688 0.41210938
v -0.34960938 0.78320312 0.41210938
v -0.27929688 -0.44726562 0.41210938
v -0.26367188 -0.46289062 0.41210938
v -0.24023438 -0.14648438 0.41210938
v -0.18164062 0.61132812 0.41210938
v -0.17773438 0.74414062 0.41210938
v -0.17382812 0.67773438 0.41210938
v -0.02929688 -0.60742188 0.41210938
v 0.00195312 -0.60742188 0.41210938
v 0.16210938 0.00976562 0.41210938
v 0.17382812 -0.08398438 0.41210938
v 0.17773438 0.62695312 0.41210938
v 0.17773438 0.74414062 0.41210938
v 0.24023438 -0.50976562 0.41210938
v 0.24023438 0.06054688 0.41210938
v 0.29101562 0.24414062 0.41210938
v 0.31445312 0.57617188 0.41210938
v 0.33007812 0.85351562 0.41210938
v 0.34179688 0.33007812 0.41210938
v 0.42773438 0.48242188 0.41210938
v -0.34570312 0.71679688 0.41601562
v -0.28320312 0.25585938 0.41601562
v -0.24414062 -0.29492188 0.41601562
v -0.20507812 -0.86132812 0.41601562
v -0.16601562 -0.86132812 0.41601562
v -0.11914062 0.56445312 0.41601562
v -0.04492188 0.60351562 0.41601562
v 0.00195312 0.75195312 0.41601562
v 0.04882812 0.60351562 0.41601562
v 0.11914062 0.56445312 0.41601562
v 0.16601562 -0.02148438 0.41601562
v 0.16992188 -0.05273438 0.41601562
v 0.17382812 0.54101562 0.41601562
v 0.20117188 -0.56445312 0.41601562
v 0.29882812 0.31835938 0.41601562
v 0.38867188 0.56835938 0.41601562
v 0.46679688 0.54492188 0.41601562
v -0.33007812 0.84570312 0.41992188
v -0.23632812 -0.23242188 0.41992188
v -0.22070312 0.05273438 0.41992188
v -0.18164062 -0.08007812 0.41992188
v -0.17382812 0.54101562 0.41992188
v -0.16992188 0.00195312 0.41992188
v -0.09570312 -0.55664062 0.41992188
v -0.09179688 0.58007812 0.41992188
v -0.03320312 0.58398438 0.41992188
v 0.03320312 0.58398438 0.41992188
v 0.09179688 0.58007812 0.41992188
v 0.16210938 0.03320312 0.41992188
v 0.17773438 0.58398438 0.41992188
v 0.18554688 -0.06054688 0.41992188
v 0.24414062 -0.23242188 0.41992188
v 0.28710938 0.26757812 0.41992188
v 0.36132812 0.78320312 0.41992188
v 0.41210938 0.39257812 0.41992188
v -0.51367188 0.51757812 0.42382812
v -0.50585938 0.56835938 0.42382812
v -0.47460938 0.47460938 0.42382812
v -0.45117188 0.56054688 0.42382812
v -0.33007812 0.65039062 0.42382812
v -0.31445312 0.32617188 0.42382812
v -0.31054688 0.15039062 0.42382812
v -0.30664062 0.59960938 0.42382812
v -0.28320312 0.27929688 0.42382812
v -0.22070312 -0.51367188 0.42382812
v -0.18554688 -0.56445312 0.42382812
v -0.17773438 0.57617188 0.42382812
v -0.16992188 0.02539062 0.42382812
v -0.12304688 -0.56054688 0.42382812
v -0.06054688 0.58398438 0.42382812
v 0.06054688 0.58007812 0.42382812
v 0.30273438 0.06445312 0.42382812
v 0.36132812 0.71679688 0.42382812
v 0.43164062 0.46289062 0.42382812
v 0.43164062 0.49414062 0.42382812
v 0.45507812 0.57617188 0.42382812
v 0.46289062 0.56054688 0.42382812
v -0.43554688 0.40820312 0.42773438
v -0.24023438 -0.99804688 0.42773438
v -0.18164062 -0.05273438 0.42773438
v -0.17773438 -0.02539062 0.42773438
v -0.14648438 -0.99804688 0.42773438
v 0.10351562 -0.55664062 0.42773438
v 0.16601562 -0.56054688 0.42773438
v 0.28320312 0.31445312 0.42773438
v 0.31445312 0.33007812 0.42773438
v 0.33789062 0.54101562 0.42773438
v 0.42382812 0.42773438 0.42773438
v -0.39257812 0.54492188 0.43164062
v -0.34960938 0.33789062 0.43164062
v -0.29101562 0.32617188 0.43164062
v -0.26757812 -0.99414062 0.43164062
v -0.25585938 0.04882812 0.43164062
v -0.24023438 -0.89257812 0.43164062
v -0.24023438 -0.46679688 0.43164062
v -0.15039062 -0.56054688 0.43164062
v -0.13476562 -0.89257812 0.43164062
v -0.11132812 -0.99414062 0.43164062
v -0.08007812 -0.56445312 0.43164062
v 0.13085938 -0.55664062 0.43164062
v 0.13867188 -0.89257812 0.43164062
v 0.15429688 -0.09960938 0.43164062
v 0.18554688 0.05273438 0.43164062
v 0.23632812 -0.15039062 0.43164062
v 0.24023438 -0.46289062 0.43164062
v 0.24414062 -0.89257812 0.43164062
v 0.24804688 -0.99804688 0.43164062
v 0.27929688 -0.99414062 0.43164062
v 0.32226562 0.59960938 0.43164062
v 0.34570312 0.65039062 0.43164062
v 0.40039062 0.55273438 0.43164062
v 0.43164062 0.50585938 0.43164062
v -0.51367188 0.52539062 0.43554688
v -0.47070312 0.48632812 0.43554688
v -0.38476562 0.35742188 0.43554688
v -0.33789062 0.51757812 0.43554688
v -0.31445312 0.84960938 0.43554688
v -0.27539062 -0.97460938 0.43554688
v -0.26367188 -0.92773438 0.43554688
v -0.22070312 0.42773438 0.43554688
v -0.19335938 0.82617188 0.43554688
v -0.10351562 -0.97460938 0.43554688
v 0.11914062 -0.96679688 0.43554688
v 0.12304688 -0.92773438 0.43554688
v 0.12695312 -0.99414062 0.43554688
v 0.14648438 0.56445312 0.43554688
v 0.15039062 -0.99804688 0.43554688
v 0.19335938 0.82617188 0.43554688
v 0.20507812 -0.51757812 0.43554688
v 0.25195312 -0.40820312 0.43554688
v 0.35351562 0.34570312 0.43554688
v -0.50976562 0.53710938 0.43945312
v -0.50585938 0.55273438 0.43945312
v -0.42773438 0.42382812 0.43945312
v -0.23242188 -0.29882812 0.43945312
v -0.16992188 0.75976562 0.43945312
v -0.14648438 0.56054688 0.43945312
v -0.14648438 0.61914062 0.43945312
v -0.07226562 0.68164062 0.43945312
v -0.04492188 0.57617188 0.43945312
v 0.06445312 -0.57617188 0.43945312
v 0.07226562 0.68164062 0.43945312
v 0.15039062 0.68554688 0.43945312
v 0.16992188 0.75976562 0.43945312
v 0.24414062 -0.29492188 0.43945312
v 0.26367188 0.05273438 0.43945312
v 0.31445312 0.56054688 0.43945312
v -0.46679688 0.49414062 0.44335938
v -0.34179688 0.79101562 0.44335938
v -0.33789062 0.34570312 0.44335938
v -0.31835938 0.35351562 0.44335938
v -0.31835938 0.59960938 0.44335938
v -0.27929688 0.27148438 0.44335938
v -0.15039062 0.68554688 0.44335938
v 0.06054688 0.60742188 0.44335938
v 0.22851562 -0.10742188 0.44335938
v 0.27929688 0.49804688 0.44335938
v 0.29492188 0.85351562 0.44335938
v -0.45507812 0.54882812 0.44726562
v -0.41992188 0.43945312 0.44726562
v -0.37695312 0.37304688 0.44726562
v -0.34570312 0.72070312 0.44726562
v -0.31054688 0.10742188 0.44726562
v -0.27929688 0.05664062 0.44726562
v -0.21679688 -0.09179688 0.44726562
v -0.20507812 -0.89257812 0.44726562
v -0.18554688 -0.51367188 0.44726562
v -0.16601562 -0.89257812 0.44726562
v -0.13476562 0.58007812 0.44726562
v -0.06445312 -0.57226562 0.44726562
v 0.04101562 -0.57617188 0.44726562
v 0.13476562 0.58398438 0.44726562
v 0.14257812 0.01367188 0.44726562
v 0.14648438 -0.00195312 0.44726562
v 0.16992188 -0.89257812 0.44726562
v 0.20898438 -0.89257812 0.44726562
v 0.21289062 -0.08789062 0.44726562
v 0.22851562 -0.23242188 0.44726562
v 0.28320312 0.27929688 0.44726562
v 0.29101562 0.51757812 0.44726562
v 0.30273438 0.34960938 0.44726562
v 0.31835938 0.56445312 0.44726562
v 0.32617188 0.34960938 0.44726562
v 0.34960938 0.52148438 0.44726562
v 0.37304688 0.38085938 0.44726562
v 0.37695312 0.50976562 0.44726562
v 0.38867188 0.43554688 0.44726562
v 0.38867188 0.45117188 0.44726562
v 0.39257812 0.41992188 0.44726562
v -0.46679688 0.50195312 0.45117188
v -0.41601562 0.44726562 0.45117188
v -0.36523438 0.38867188 0.45117188
v -0.33398438 0.65039062 0.45117188
v -0.30664062 0.35742188 0.45117188
v -0.30664062 0.56445312 0.45117188
v -0.29101562 0.85351562 0.45117188
v -0.22460938 -0.23242188 0.45117188
v -0.15039062 -0.00585938 0.45117188
v -0.14648438 0.00976562 0.45117188
v -0.13085938 -0.52148438 0.45117188
v -0.12304688 -0.92773438 0.45117188
v -0.10742188 -0.52148438 0.45117188
v 0.09179688 0.58398438 0.45117188
v 0.14257812 0.62304688 0.45117188
v 0.34570312 0.79101562 0.45117188
v -0.41210938 0.45898438 0.45507812
v -0.40039062 0.52539062 0.45507812
v -0.29492188 0.35351562 0.45507812
v -0.22851562 -0.15429688 0.45507812
v -0.22851562 -0.11914062 0.45507812
v -0.21679688 0.04492188 0.45507812
v -0.20898438 -0.46679688 0.45507812
v -0.17773438 -0.51757812 0.45507812
v -0.15429688 -0.51757812 0.45507812
v -0.03710938 -0.57617188 0.45507812
v 0.00195312 -0.57617188 0.45507812
v 0.10742188 -0.52929688 0.45507812
v 0.16992188 -0.51757812 0.45507812
v 0.20898438 -0.46679688 0.45507812
v 0.22851562 -0.41210938 0.45507812
v 0.29101562 0.35351562 0.45507812
v 0.33007812 0.59960938 0.45507812
v 0.34960938 0.65039062 0.45507812
v 0.35742188 0.72070312 0.45507812
v 0.38085938 0.48242188 0.45507812
v 0.38476562 0.47460938 0.45507812
v 0.38867188 0.46289062 0.45507812
v -0.46289062 0.51367188 0.45898438
v -0.45898438 0.52929688 0.45898438
v -0.35742188 0.40039062 0.45898438
v -0.28710938 0.19726562 0.45898438
v -0.27539062 0.22460938 0.45898438
v -0.20507812 0.83789062 0.45898438
v -0.14648438 -0.99804688 0.45898438
v -0.14648438 0.02539062 0.45898438
v -0.10742188 0.59179688 0.45898438
v -0.04882812 0.56054688 0.45898438
v 0.13476562 -0.52148438 0.45898438
v 0.14257812 0.02929688 0.45898438
v 0.20507812 0.83789062 0.45898438
v 0.20898438 0.05664062 0.45898438
v 0.29492188 0.20898438 0.45898438
v 0.30664062 0.18164062 0.45898438
v 0.33789062 0.40039062 0.45898438
v 0.33789062 0.41210938 0.45898438
v 0.34570312 0.38476562 0.45898438
v -0.41210938 0.47070312 0.46289062
v -0.35351562 0.41601562 0.46289062
v -0.34570312 0.50195312 0.46289062
v -0.30273438 0.16601562 0.46289062
v -0.26757812 -0.98242188 0.46289062
v -0.26367188 -0.95898438 0.46289062
v -0.26367188 -0.37695312 0.46289062
v -0.25976562 -0.99414062 0.46289062
v -0.25585938 0.85351562 0.46289062
v -0.24023438 -0.99804688 0.46289062
v -0.24023438 -0.92773438 0.46289062
v -0.12304688 -0.99414062 0.46289062
v -0.11523438 -0.97851562 0.46289062
v -0.04882812 0.57617188 0.46289062
v 0.15039062 -0.92773438 0.46289062
v 0.22460938 0.41992188 0.46289062
v 0.22851562 0.42382812 0.46289062
v 0.24804688 -0.99804688 0.46289062
v 0.25585938 0.85351562 0.46289062
v 0.27148438 -0.99414062 0.46289062
v 0.27148438 -0.95898438 0.46289062
v 0.27539062 -0.98242188 0.46289062
v 0.28320312 0.23632812 0.46289062
v 0.31054688 0.08398438 0.46289062
v 0.31835938 0.15429688 0.46289062
v 0.32226562 0.10742188 0.46289062
v 0.32226562 0.13085938 0.46289062
v 0.33007812 0.48242188 0.46289062
v -0.32226562 0.59960938 0.46679688
v -0.27148438 0.25195312 0.46679688
v -0.22851562 0.84570312 0.46679688
v -0.16992188 0.77148438 0.46679688
v -0.09179688 -0.53320312 0.46679688
v -0.05664062 0.71679688 0.46679688
v 0.05664062 0.71679688 0.46679688
v 0.08007812 -0.54101562 0.46679688
v 0.13476562 -0.97851562 0.46679688
v 0.13476562 -0.95898438 0.46679688
v 0.14257812 -0.99414062 0.46679688
v 0.16992188 0.77148438 0.46679688
v 0.22070312 -0.14648438 0.46679688
v 0.22851562 0.84570312 0.46679688
v 0.29492188 0.06445312 0.46679688
v 0.33789062 0.42773438 0.46679688
v -0.40820312 0.48632812 0.47070312
v -0.40429688 0.50585938 0.47070312
v -0.34960938 0.43554688 0.47070312
v -0.33007812 0.79101562 0.47070312
v -0.30664062 0.08007812 0.47070312
v -0.30664062 0.13476562 0.47070312
v -0.29101562 0.39257812 0.47070312
v -0.19726562 -0.25585938 0.47070312
v -0.18164062 -0.47460938 0.47070312
v -0.14648438 0.70507812 0.47070312
v 0.11132812 0.59179688 0.47070312
v 0.11914062 -0.02148438 0.47070312
v 0.14257812 -0.13867188 0.47070312
v 0.14648438 0.70507812 0.47070312
v 0.17382812 -0.47070312 0.47070312
v 0.20117188 -0.41601562 0.47070312
v 0.20117188 -0.25585938 0.47070312
v 0.24414062 -0.34570312 0.47070312
v 0.27929688 0.25585938 0.47070312
v 0.29101562 0.39257812 0.47070312
v 0.33398438 0.43945312 0.47070312
v 0.36132812 0.72070312 0.47070312
v -0.27148438 0.45898438 0.47460938
v -0.23632812 0.04101562 0.47460938
v -0.20507812 -0.92773438 0.47460938
v -0.20507812 -0.20117188 0.47460938
v -0.17773438 -0.11132812 0.47460938
v -0.16601562 -0.92773438 0.47460938
v -0.16601562 0.03710938 0.47460938
v -0.16210938 -0.47851562 0.47460938
v -0.14257812 -0.48242188 0.47460938
v -0.12304688 -0.02148438 0.47460938
v -0.11132812 -0.00585938 0.47460938
v 0.10742188 -0.00585938 0.47460938
v 0.14257812 -0.04492188 0.47460938
v 0.15039062 -0.10742188 0.47460938
v 0.15429688 0.03710938 0.47460938
v 0.16992188 -0.92773438 0.47460938
v 0.20507812 -0.20117188 0.47460938
v 0.20898438 -0.92773438 0.47460938
v 0.24414062 -0.34960938 0.47460938
v 0.27148438 0.05273438 0.47460938
v 0.32226562 0.79882812 0.47460938
v 0.35351562 0.72070312 0.47460938
v -0.34960938 0.45507812 0.47851562
v -0.34570312 0.47851562 0.47851562
v -0.34179688 0.72460938 0.47851562
v -0.33398438 0.65429688 0.47851562
v -0.31054688 0.10742188 0.47851562
v -0.27539062 0.27539062 0.47851562
v -0.19726562 -0.41992188 0.47851562
v -0.15429688 -0.11132812 0.47851562
v -0.14648438 -0.04492188 0.47851562
v -0.11914062 -0.49023438 0.47851562
v 0.14257812 -0.48242188 0.47851562
v 0.14648438 -0.12304688 0.47851562
v 0.14648438 -0.08007812 0.47851562
v 0.20117188 -0.34960938 0.47851562
v 0.20898438 -0.13085938 0.47851562
v 0.27929688 0.27929688 0.47851562
v 0.33398438 0.59960938 0.47851562
v 0.34960938 0.65429688 0.47851562
v -0.28710938 0.41601562 0.48242188
v -0.27929688 0.30664062 0.48242188
v -0.27929688 0.33789062 0.48242188
v -0.25585938 -0.98242188 0.48242188
v -0.21289062 -0.12695312 0.48242188
v -0.20117188 -0.11523438 0.48242188
v -0.15039062 -0.08007812 0.48242188
v -0.07226562 -0.54101562 0.48242188
v 0.04882812 -0.54101562 0.48242188
v 0.11523438 -0.49414062 0.48242188
v 0.17382812 -0.11132812 0.48242188
v 0.19726562 -0.11523438 0.48242188
v 0.23632812 0.04882812 0.48242188
v 0.26367188 -0.98242188 0.48242188
v 0.27929688 0.31054688 0.48242188
v 0.27929688 0.34179688 0.48242188
v 0.28320312 0.41601562 0.48242188
v -0.27929688 0.43945312 0.48632812
v -0.27539062 0.37304688 0.48632812
v -0.15039062 -0.99414062 0.48632812
v -0.12304688 -0.26757812 0.48632812
v -0.05273438 0.55273438 0.48632812
v 0.08007812 0.62304688 0.48632812
v 0.17382812 -0.27539062 0.48632812
v 0.18945312 -0.36132812 0.48632812
v 0.27539062 0.37304688 0.48632812
v 0.27539062 0.43945312 0.48632812
v -0.31445312 0.79492188 0.49023438
v -0.16992188 -0.42773438 0.49023438
v -0.11132812 0.01367188 0.49023438
v -0.05273438 0.56445312 0.49023438
v -0.04101562 -0.54101562 0.49023438
v -0.02929688 0.72851562 0.49023438
v 0.00585938 -0.54101562 0.49023438
v 0.02929688 0.72851562 0.49023438
v 0.10742188 0.00976562 0.49023438
v 0.11914062 0.63085938 0.49023438
v 0.16992188 -0.41992188 0.49023438
v 0.17382812 0.77929688 0.49023438
v -0.32226562 0.59960938 0.49414062
v -0.30664062 0.55664062 0.49414062
v -0.27148438 0.40429688 0.49414062
v -0.26367188 0.04882812 0.49414062
v -0.23632812 -0.99414062 0.49414062
v -0.22460938 -0.95117188 0.49414062
v -0.20117188 -0.17773438 0.49414062
v -0.16210938 -0.95117188 0.49414062
v -0.13867188 -0.23632812 0.49414062
v -0.10351562 -0.49804688 0.49414062
v 0.00195312 -0.20117188 0.49414062
v 0.14257812 -0.44335938 0.49414062
v 0.16601562 -0.95117188 0.49414062
v 0.20117188 -0.17773438 0.49414062
v 0.22851562 -0.95117188 0.49414062
v 0.24414062 -0.99414062 0.49414062
v 0.27148438 0.40429688 0.49414062
v 0.34570312 0.72460938 0.49414062
v -0.24023438 -0.98242188 0.49804688
v -0.17773438 -0.22460938 0.49804688
v -0.14257812 -0.43945312 0.49804688
v -0.08789062 -0.04492188 0.49804688
v -0.08007812 -0.02539062 0.49804688
v -0.08007812 0.56054688 0.49804688
v 0.08007812 -0.02539062 0.49804688
v 0.08789062 -0.50195312 0.49804688
v 0.08789062 -0.04101562 0.49804688
v 0.13085938 -0.24804688 0.49804688
v 0.17382812 -0.22460938 0.49804688
v 0.24804688 -0.98242188 0.49804688
v 0.33398438 0.59960938 0.49804688
v 0.34570312 0.65429688 0.49804688
v -0.24804688 0.43945312 0.50195312
v -0.20117188 -0.16210938 0.50195312
v -0.18164062 0.03710938 0.50195312
v -0.14648438 0.72070312 0.50195312
v -0.12304688 -0.45507812 0.50195312
v 0.00195312 0.73242188 0.50195312
v 0.14648438 0.72070312 0.50195312
v 0.16992188 0.04101562 0.50195312
v 0.28710938 0.79882812 0.50195312
v 0.34179688 0.72851562 0.50195312
v -0.33007812 0.72851562 0.50585938
v -0.15039062 -0.13476562 0.50585938
v 0.08398438 0.55664062 0.50585938
v 0.11914062 -0.45117188 0.50585938
v 0.18945312 -0.15820312 0.50585938
v 0.25976562 0.42382812 0.50585938
v -0.33007812 0.65429688 0.50976562
v -0.28320312 0.79882812 0.50976562
v -0.26367188 0.22070312 0.50976562
v -0.20898438 -0.95898438 0.50976562
v -0.18945312 -0.15039062 0.50976562
v -0.17382812 -0.13867188 0.50976562
v -0.08007812 -0.50195312 0.50976562
v -0.07617188 -0.00976562 0.50976562
v 0.05273438 -0.50195312 0.50976562
v 0.09960938 -0.07617188 0.50976562
v 0.14257812 -0.35742188 0.50976562
v 0.15429688 -0.13476562 0.50976562
v 0.17382812 -0.99414062 0.50976562
v 0.17773438 -0.95898438 0.50976562
v 0.17773438 -0.14257812 0.50976562
v 0.21289062 -0.95898438 0.50976562
v 0.25195312 0.04882812 0.50976562
v 0.25195312 0.43945312 0.50976562
v 0.28320312 0.06445312 0.50976562
v -0.27539062 0.19335938 0.51367188
v -0.25585938 0.24804688 0.51367188
v -0.20898438 -0.99414062 0.51367188
v -0.17382812 -0.95898438 0.51367188
v -0.17382812 -0.19726562 0.51367188
v -0.12304688 0.02148438 0.51367188
v -0.09960938 -0.07617188 0.51367188
v 0.11523438 0.01757812 0.51367188
v 0.13085938 -0.40039062 0.51367188
v 0.14257812 -0.35742188 0.51367188
v 0.17382812 -0.19726562 0.51367188
v 0.21289062 -0.99414062 0.51367188
v -0.28710938 0.16601562 0.51757812
v -0.20898438 -0.97851562 0.51757812
v -0.18554688 0.79101562 0.51757812
v -0.10742188 -0.45507812 0.51757812
v -0.10742188 -0.13867188 0.51757812
v -0.04882812 -0.06445312 0.51757812
v -0.04492188 -0.49804688 0.51757812
v -0.04492188 -0.04101562 0.51757812
v -0.02929688 -0.18945312 0.51757812
v 0.00195312 -0.19726562 0.51757812
v 0.00585938 -0.50195312 0.51757812
v 0.01757812 -0.18945312 0.51757812
v 0.04882812 -0.06054688 0.51757812
v 0.04882812 -0.03710938 0.51757812
v 0.06445312 -0.01367188 0.51757812
v 0.07226562 0.54882812 0.51757812
v 0.08007812 0.58007812 0.51757812
v 0.09179688 -0.45507812 0.51757812
v 0.10351562 -0.10742188 0.51757812
v 0.10742188 -0.13867188 0.51757812
v 0.17773438 -0.97851562 0.51757812
v 0.18554688 0.79101562 0.51757812
v 0.21289062 -0.97851562 0.51757812
v 0.27148438 0.22851562 0.51757812
v 0.28320312 0.20507812 0.51757812
v 0.29492188 0.18164062 0.51757812
v 0.29882812 0.08398438 0.51757812
v -0.29492188 0.11132812 0.52148438
v -0.29492188 0.13867188 0.52148438
v -0.28710938 0.08789062 0.52148438
v -0.10351562 -0.10742188 0.52148438
v -0.04882812 -0.28320312 0.52148438
v 0.00195312 -0.28320312 0.52148438
v 0.05273438 -0.28320312 0.52148438
v 0.31054688 0.10742188 0.52148438
v 0.31054688 0.15820312 0.52148438
v 0.31445312 0.13085938 0.52148438
v 0.32617188 0.72851562 0.52148438
v -0.31835938 0.59960938 0.52539062
v -0.30273438 0.55273438 0.52539062
v -0.24023438 0.79882812 0.52539062
v -0.08007812 0.59179688 0.52539062
v -0.07617188 -0.00195312 0.52539062
v -0.04882812 -0.27929688 0.52539062
v 0.00195312 -0.27929688 0.52539062
v 0.00195312 -0.04492188 0.52539062
v 0.05273438 -0.09570312 0.52539062
v 0.08007812 0.64257812 0.52539062
v 0.09960938 -0.40429688 0.52539062
v 0.19726562 0.03710938 0.52539062
v 0.24023438 0.79882812 0.52539062
v 0.26367188 0.24804688 0.52539062
v 0.32617188 0.59960938 0.52539062
v -0.31445312 0.73242188 0.52929688
v -0.27148438 0.36523438 0.52929688
v -0.20898438 0.79492188 0.52929688
v -0.11523438 0.65039062 0.52929688
v -0.08398438 -0.45507812 0.52929688
v -0.05664062 0.68945312 0.52929688
v -0.04492188 -0.31835938 0.52929688
v -0.04101562 -0.02539062 0.52929688
v 0.00195312 -0.31835938 0.52929688
v 0.00195312 -0.08007812 0.52929688
v 0.05273438 -0.12304688 0.52929688
v 0.05664062 -0.45898438 0.52929688
v 0.05664062 0.68945312 0.52929688
v 0.11523438 0.65039062 0.52929688
v 0.14257812 -0.22851562 0.52929688
v 0.15039062 0.72851562 0.52929688
v 0.20898438 0.79492188 0.52929688
v 0.26367188 0.39257812 0.52929688
v 0.27148438 0.36132812 0.52929688
v 0.33007812 0.65429688 0.52929688
v -0.27148438 0.33398438 0.53320312
v -0.24804688 0.04492188 0.53320312
v -0.09570312 0.57226562 0.53320312
v -0.05273438 -0.09960938 0.53320312
v 0.00195312 -0.02929688 0.53320312
v 0.02929688 -0.18164062 0.53320312
v 0.05273438 -0.15429688 0.53320312
v 0.09570312 -0.34960938 0.53320312
v 0.09570312 0.55273438 0.53320312
v 0.26367188 0.27148438 0.53320312
v 0.26757812 0.29882812 0.53320312
v 0.27148438 0.33007812 0.53320312
v -0.31835938 0.65820312 0.53710938
v -0.27148438 0.30273438 0.53710938
v -0.25976562 0.27929688 0.53710938
v -0.05273438 -0.15820312 0.53710938
v -0.05273438 -0.13085938 0.53710938
v -0.04492188 -0.45898438 0.53710938
v 0.00195312 -0.11523438 0.53710938
v 0.00585938 -0.45898438 0.53710938
v 0.06445312 -0.40820312 0.53710938
v 0.30664062 0.73242188 0.53710938
v -0.24023438 0.25195312 0.54101562
v -0.13867188 0.02539062 0.54101562
v -0.09570312 0.54882812 0.54101562
v -0.09570312 0.57226562 0.54101562
v -0.04492188 -0.36132812 0.54101562
v 0.00195312 -0.16601562 0.54101562
v 0.00195312 -0.14257812 0.54101562
v 0.03320312 -0.36132812 0.54101562
v 0.06835938 -0.00585938 0.54101562
v 0.12695312 -0.16210938 0.54101562
v 0.13085938 0.01757812 0.54101562
v -0.14257812 -0.20117188 0.54492188
v -0.14257812 -0.17773438 0.54492188
v -0.04492188 -0.40820312 0.54492188
v 0.00195312 -0.36132812 0.54492188
v 0.03320312 -0.40820312 0.54492188
v 0.09960938 0.58789062 0.54492188
v 0.14257812 -0.17773438 0.54492188
v 0.26367188 0.05273438 0.54492188
v -0.11914062 -0.39648438 0.54882812
v -0.11914062 -0.35351562 0.54882812
v -0.08398438 0.00195312 0.54882812
v -0.07226562 -0.18945312 0.54882812
v -0.04101562 -0.01757812 0.54882812
v -0.02929688 -0.50585938 0.54882812
v 0.00195312 -0.51757812 0.54882812
v 0.00195312 -0.40820312 0.54882812
v 0.02929688 -0.50585938 0.54882812
v 0.06445312 -0.18945312 0.54882812
v 0.21679688 0.03710938 0.54882812
v 0.24023438 0.43945312 0.54882812
v -0.30664062 0.60351562 0.55273438
v -0.29492188 0.54882812 0.55273438
v -0.29101562 0.73242188 0.55273438
v -0.24414062 0.21679688 0.55273438
v -0.05273438 -0.47460938 0.55273438
v -0.02929688 0.69726562 0.55273438
v 0.00195312 -0.02148438 0.55273438
v 0.02929688 0.69726562 0.55273438
v 0.05273438 -0.47460938 0.55273438
v 0.08007812 0.54492188 0.55273438
v 0.15820312 0.73242188 0.55273438
v 0.22460938 0.40429688 0.55273438
v 0.22460938 0.40820312 0.55273438
v 0.24804688 0.22070312 0.55273438
v 0.29882812 0.54882812 0.55273438
v 0.31445312 0.60351562 0.55273438
v -0.27148438 0.08007812 0.55664062
v -0.19726562 0.03320312 0.55664062
v -0.10742188 -0.24023438 0.55664062
v 0.10742188 -0.24023438 0.55664062
v 0.24023438 0.24414062 0.55664062
v 0.31445312 0.65820312 0.55664062
v -0.25976562 0.19335938 0.56054688
v -0.23242188 0.04101562 0.56054688
v -0.22070312 0.24023438 0.56054688
v -0.11914062 0.65820312 0.56054688
v -0.08789062 -0.43554688 0.56054688
v -0.04882812 -0.28320312 0.56054688
v 0.00195312 0.69726562 0.56054688
v 0.11914062 0.65820312 0.56054688
v 0.24023438 0.27148438 0.56054688
v 0.25976562 0.19726562 0.56054688
v 0.27148438 0.73242188 0.56054688
v -0.30273438 0.65820312 0.56445312
v -0.27929688 0.10742188 0.56445312
v -0.27539062 0.16601562 0.56445312
v -0.21679688 0.26367188 0.56445312
v 0.08007812 0.58398438 0.56445312
v 0.15429688 0.01757812 0.56445312
v 0.27929688 0.07617188 0.56445312
v -0.27929688 0.13476562 0.56835938
v -0.09960938 0.59960938 0.56835938
v -0.06445312 -0.29882812 0.56835938
v 0.06445312 -0.29882812 0.56835938
v 0.23632812 0.44726562 0.56835938
v 0.24804688 0.29882812 0.56835938
v 0.27929688 0.17773438 0.56835938
v -0.24804688 0.39257812 0.57226562
v -0.22851562 0.28320312 0.57226562
v -0.17773438 0.73242188 0.57226562
v -0.09179688 -0.18164062 0.57226562
v -0.08789062 -0.32226562 0.57226562
v -0.08007812 -0.24804688 0.57226562
v -0.02929688 -0.50585938 0.57226562
v -0.02539062 -0.02539062 0.57226562
v 0.00195312 -0.51757812 0.57226562
v 0.00195312 -0.02539062 0.57226562
v 0.02929688 -0.50585938 0.57226562
v 0.02929688 -0.02539062 0.57226562
v 0.08007812 -0.24804688 0.57226562
v 0.09179688 -0.18164062 0.57226562
v 0.09179688 -0.01367188 0.57226562
v 0.09960938 0.59960938 0.57226562
v 0.17382812 0.73242188 0.57226562
v 0.22851562 0.04492188 0.57226562
v 0.28710938 0.09960938 0.57226562
v 0.29101562 0.15429688 0.57226562
v -0.26367188 0.49414062 0.57617188
v -0.24804688 0.73242188 0.57617188
v -0.20507812 0.41601562 0.57617188
v -0.10351562 -0.39648438 0.57617188
v -0.10351562 -0.35351562 0.57617188
v -0.09960938 -0.20898438 0.57617188
v -0.04882812 -0.47070312 0.57617188
v 0.04882812 -0.47070312 0.57617188
v 0.10742188 -0.39648438 0.57617188
v 0.20507812 0.41601562 0.57617188
v 0.26367188 0.49414062 0.57617188
v -0.29101562 0.60351562 0.58007812
v -0.27929688 0.54882812 0.58007812
v -0.25585938 0.36132812 0.58007812
v -0.24023438 0.05664062 0.58007812
v -0.20507812 0.41210938 0.58007812
v -0.20507812 0.73242188 0.58007812
v -0.20117188 0.21289062 0.58007812
v -0.18554688 0.24023438 0.58007812
v -0.05664062 0.64648438 0.58007812
v -0.05273438 -0.01757812 0.58007812
v 0.05664062 0.64648438 0.58007812
v 0.08007812 0.52929688 0.58007812
v 0.18945312 0.73242188 0.58007812
v 0.20507812 0.41210938 0.58007812
v 0.21289062 0.24414062 0.58007812
v 0.21679688 0.21289062 0.58007812
v 0.22070312 0.27148438 0.58007812
v 0.25195312 0.38085938 0.58007812
v 0.28320312 0.54882812 0.58007812
v 0.29101562 0.11132812 0.58007812
v 0.29101562 0.65820312 0.58007812
v 0.29492188 0.60351562 0.58007812
v -0.24804688 0.29101562 0.58398438
v -0.14648438 0.02539062 0.58398438
v -0.13085938 0.66210938 0.58398438
v 0.07617188 0.52929688 0.58398438
v 0.12695312 0.66210938 0.58398438
v 0.17773438 0.02539062 0.58398438
v 0.21679688 0.73242188 0.58398438
v 0.26367188 0.32617188 0.58398438
v 0.26367188 0.35351562 0.58398438
v -0.25976562 0.33398438 0.58789062
v -0.22460938 0.18945312 0.58789062
v -0.22070312 0.44335938 0.58789062
v -0.19726562 0.03710938 0.58789062
v -0.02539062 -0.49023438 0.58789062
v 0.02539062 -0.49023438 0.58789062
v 0.05273438 -0.25195312 0.58789062
v 0.22070312 0.44335938 0.58789062
v 0.22851562 0.18945312 0.58789062
v -0.25976562 0.30664062 0.59179688
v -0.18164062 0.26367188 0.59179688
v -0.06835938 -0.42773438 0.59179688
v -0.05273438 -0.18554688 0.59179688
v 0.00195312 -0.49804688 0.59179688
v 0.00195312 -0.31445312 0.59179688
v 0.07226562 -0.42773438 0.59179688
v 0.22851562 0.29882812 0.59179688
v 0.24023438 0.06054688 0.59179688
v -0.26757812 0.65820312 0.59570312
v -0.24804688 0.08007812 0.59570312
v -0.17773438 0.42773438 0.59570312
v -0.10742188 0.60351562 0.59570312
v -0.08398438 -0.39648438 0.59570312
v -0.08398438 -0.35351562 0.59570312
v -0.06054688 -0.32617188 0.59570312
v -0.02929688 -0.46289062 0.59570312
v -0.02929688 -0.03320312 0.59570312
v 0.00585938 -0.04101562 0.59570312
v 0.05273438 -0.18554688 0.59570312
v 0.08007812 -0.35351562 0.59570312
v 0.08398438 -0.39648438 0.59570312
v 0.10742188 0.60351562 0.59570312
v 0.12695312 -0.00195312 0.59570312
v 0.17773438 0.42773438 0.59570312
v 0.20117188 0.27148438 0.59570312
v 0.26757812 0.65820312 0.59570312
v -0.24023438 0.16601562 0.59960938
v -0.08007812 0.50195312 0.59960938
v -0.06835938 0.48632812 0.59960938
v -0.05273438 -0.22070312 0.59960938
v 0.02929688 -0.46289062 0.59960938
v 0.04101562 -0.04101562 0.59960938
v 0.06835938 0.48632812 0.59960938
v 0.08007812 0.50195312 0.59960938
v 0.14257812 0.66210938 0.59960938
v 0.18164062 0.24023438 0.59960938
v 0.18554688 0.20898438 0.59960938
v 0.24414062 0.16992188 0.59960938
v 0.27539062 0.60351562 0.59960938
v -0.25195312 0.10742188 0.60351562
v -0.25195312 0.13867188 0.60351562
v -0.24023438 0.49414062 0.60351562
v -0.17382812 0.42382812 0.60351562
v -0.15429688 0.20507812 0.60351562
v -0.14257812 0.22851562 0.60351562
v -0.02929688 0.64648438 0.60351562
v -0.02539062 -0.25976562 0.60351562
v 0.00195312 -0.46289062 0.60351562
v 0.02539062 -0.25976562 0.60351562
v 0.02929688 0.64648438 0.60351562
v 0.07226562 -0.03320312 0.60351562
v 0.17382812 0.42382812 0.60351562
v 0.18945312 0.03710938 0.60351562
v 0.24023438 0.49414062 0.60351562
v 0.24804688 0.08398438 0.60351562
v -0.25195312 0.54882812 0.60742188
v -0.18554688 0.44335938 0.60742188
v -0.15429688 0.43554688 0.60742188
v -0.15429688 0.66210938 0.60742188
v -0.09570312 0.54882812 0.60742188
v 0.00195312 -0.26367188 0.60742188
v 0.02929688 -0.42773438 0.60742188
v 0.09570312 0.54882812 0.60742188
v 0.18554688 0.44335938 0.60742188
v 0.18945312 0.18164062 0.60742188
v 0.25585938 0.15039062 0.60742188
v 0.25585938 0.54882812 0.60742188
v -0.25976562 0.60351562 0.61132812
v -0.20117188 0.05273438 0.61132812
v -0.19335938 0.27929688 0.61132812
v -0.17382812 0.18164062 0.61132812
v -0.15039062 0.03320312 0.61132812
v -0.13476562 0.43554688 0.61132812
v -0.13476562 0.43945312 0.61132812
v -0.12304688 0.60351562 0.61132812
v -0.10351562 0.00585938 0.61132812
v -0.10351562 0.44335938 0.61132812
v -0.07617188 0.45898438 0.61132812
v -0.06054688 -0.39648438 0.61132812
v -0.05664062 -0.35351562 0.61132812
v 0.00195312 0.64648438 0.61132812
v 0.05273438 -0.39648438 0.61132812
v 0.05273438 -0.35351562 0.61132812
v 0.07617188 0.45898438 0.61132812
v 0.10742188 0.44335938 0.61132812
v 0.12695312 0.60351562 0.61132812
v 0.16601562 0.66210938 0.61132812
v -0.22460938 0.65429688 0.61523438
v -0.21289062 0.39648438 0.61523438
v -0.13867188 0.25195312 0.61523438
v -0.08789062 0.49414062 0.61523438
v -0.06445312 -0.02148438 0.61523438
v -0.06054688 0.52929688 0.61523438
v -0.05664062 0.58789062 0.61523438
v -0.05273438 0.48632812 0.61523438
v 0.05664062 0.48632812 0.61523438
v 0.05664062 0.58789062 0.61523438
v 0.06054688 0.52929688 0.61523438
v 0.08789062 0.49414062 0.61523438
v 0.18554688 0.26757812 0.61523438
v 0.22851562 0.65429688 0.61523438
v 0.25195312 0.60351562 0.61523438
v -0.18554688 0.65820312 0.61914062
v -0.15820312 0.44726562 0.61914062
v -0.02929688 -0.35351562 0.61914062
v -0.02539062 -0.23242188 0.61914062
v -0.02539062 -0.18945312 0.61914062
v 0.00195312 -0.35351562 0.61914062
v 0.02539062 -0.23242188 0.61914062
v 0.02539062 -0.18945312 0.61914062
v 0.14257812 0.00195312 0.61914062
v 0.15820312 0.20117188 0.61914062
v 0.15820312 0.44726562 0.61914062
v 0.19335938 0.65820312 0.61914062
v 0.19726562 0.16210938 0.61914062
v -0.20507812 0.49414062 0.62304688
v -0.18945312 0.15820312 0.62304688
v -0.15039062 0.60351562 0.62304688
v -0.13476562 0.45507812 0.62304688
v -0.11523438 0.54882812 0.62304688
v -0.10742188 0.19726562 0.62304688
v -0.10742188 0.45898438 0.62304688
v -0.04882812 0.45898438 0.62304688
v 0.00195312 -0.23632812 0.62304688
v 0.00195312 -0.18945312 0.62304688
v 0.04882812 0.45898438 0.62304688
v 0.09570312 -0.02539062 0.62304688
v 0.10742188 0.45898438 0.62304688
v 0.11914062 0.54882812 0.62304688
v 0.13476562 0.45117188 0.62304688
v 0.15039062 0.23632812 0.62304688
v 0.15429688 0.60351562 0.62304688
v 0.20117188 0.05664062 0.62304688
v 0.20507812 0.49414062 0.62304688
v 0.24023438 0.31445312 0.62304688
v -0.22460938 0.36523438 0.62695312
v -0.22070312 0.29882812 0.62695312
v -0.22070312 0.60351562 0.62695312
v -0.21679688 0.54882812 0.62695312
v -0.20117188 0.07617188 0.62695312
v -0.11132812 0.49414062 0.62695312
v -0.09960938 0.22070312 0.62695312
v -0.02929688 -0.04492188 0.62695312
v -0.02539062 -0.21289062 0.62695312
v 0.00585938 -0.06054688 0.62695312
v 0.02148438 -0.21289062 0.62695312
v 0.11132812 0.49414062 0.62695312
v 0.22070312 0.54882812 0.62695312
v 0.22070312 0.60351562 0.62695312
v 0.22851562 0.37304688 0.62695312
v -0.18164062 0.60351562 0.63085938
v 0.00195312 -0.21289062 0.63085938
v 0.04101562 -0.06054688 0.63085938
v 0.18554688 0.60351562 0.63085938
v 0.20507812 0.08789062 0.63085938
v 0.20507812 0.14257812 0.63085938
v -0.22851562 0.34179688 0.63476562
v -0.20117188 0.10351562 0.63476562
v -0.19726562 0.13085938 0.63476562
v -0.18164062 0.54882812 0.63476562
v -0.17382812 0.49414062 0.63476562
v -0.15039062 0.54882812 0.63476562
v -0.14257812 0.26367188 0.63476562
v -0.14257812 0.49414062 0.63476562
v -0.12304688 0.17382812 0.63476562
v -0.10351562 0.01367188 0.63476562
v 0.14257812 0.49414062 0.63476562
v 0.15429688 0.54882812 0.63476562
v 0.15820312 0.16992188 0.63476562
v 0.17382812 0.49414062 0.63476562
v 0.18945312 0.54882812 0.63476562
v 0.19726562 0.28320312 0.63476562
v 0.20898438 0.11914062 0.63476562
v 0.23632812 0.35351562 0.63476562
v 0.24414062 0.33007812 0.63476562
v -0.22851562 0.31835938 0.63867188
v -0.15429688 0.04492188 0.63867188
v -0.15429688 0.40820312 0.63867188
v -0.09570312 0.23632812 0.63867188
v -0.04882812 0.52929688 0.63867188
v -0.04492188 0.48632812 0.63867188
v -0.02929688 0.58789062 0.63867188
v 0.02929688 0.58789062 0.63867188
v 0.04492188 0.48632812 0.63867188
v 0.04882812 0.52929688 0.63867188
v 0.05273438 0.52929688 0.63867188
v 0.15039062 0.25976562 0.63867188
v 0.15429688 0.40820312 0.63867188
v 0.15429688 0.01367188 0.64257812
v -0.09960938 0.41210938 0.64648438
v 0.00195312 0.58789062 0.64648438
v 0.09960938 0.41210938 0.64648438
v 0.10742188 -0.02148438 0.64648438
v 0.12304688 0.22851562 0.64648438
v -0.13476562 0.15039062 0.65039062
v -0.02539062 0.45507812 0.65039062
v 0.02539062 0.45507812 0.65039062
v 0.13085938 0.19726562 0.65039062
v -0.10351562 0.02929688 0.65429688
v -0.06054688 -0.02539062 0.65429688
v -0.05273438 0.40820312 0.65429688
v -0.02539062 0.48632812 0.65429688
v 0.00195312 0.45117188 0.65429688
v 0.05273438 0.40820312 0.65429688
v 0.07617188 -0.04492188 0.65429688
v -0.16601562 0.38085938 0.65820312
v -0.15429688 0.06054688 0.65820312
v -0.15429688 0.27148438 0.65820312
v -0.09570312 0.24804688 0.65820312
v -0.07617188 0.16992188 0.65820312
v -0.02929688 0.52929688 0.65820312
v 0.02539062 0.48632812 0.65820312
v 0.02929688 0.52929688 0.65820312
v 0.16210938 0.14257812 0.65820312
v 0.16601562 0.38476562 0.65820312
v -0.15039062 0.09179688 0.66210938
v -0.14648438 0.12304688 0.66210938
v 0.00195312 0.48632812 0.66210938
v 0.00195312 0.52929688 0.66210938
v 0.11132812 0.25195312 0.66210938
v 0.15820312 0.27148438 0.66210938
v 0.16601562 0.04492188 0.66210938
v 0.20507812 0.29882812 0.66210938
v -0.17773438 0.28710938 0.66601562
v -0.02539062 0.40820312 0.66601562
v 0.02539062 0.40820312 0.66601562
v 0.04101562 -0.06835938 0.66601562
v 0.10742188 0.21679688 0.66601562
v 0.16601562 0.08007812 0.66601562
v 0.16601562 0.11523438 0.66601562
v -0.17382812 0.35351562 0.66992188
v -0.10351562 0.38085938 0.66992188
v -0.08789062 0.14257812 0.66992188
v -0.02929688 -0.06054688 0.66992188
v 0.00195312 0.40429688 0.66992188
v 0.00585938 -0.07226562 0.66992188
v 0.10351562 0.38085938 0.66992188
v 0.14257812 0.16601562 0.66992188
v 0.17773438 0.35742188 0.66992188
v -0.09960938 0.04882812 0.67382812
v -0.18554688 0.30664062 0.67773438
v -0.18164062 0.33007812 0.67773438
v -0.09960938 0.08007812 0.67773438
v -0.09570312 0.11523438 0.67773438
v -0.09179688 0.25195312 0.67773438
v -0.08398438 0.00976562 0.67773438
v -0.05664062 0.37304688 0.67773438
v 0.05664062 0.37304688 0.67773438
v 0.08789062 0.25195312 0.67773438
v 0.11523438 -0.01757812 0.67773438
v 0.15039062 0.01367188 0.67773438
v 0.18554688 0.33789062 0.67773438
v 0.19726562 0.31835938 0.67773438
v -0.03320312 0.25585938 0.68164062
v -0.02539062 0.36914062 0.68164062
v 0.02539062 0.36914062 0.68164062
v 0.11523438 0.19335938 0.68164062
v -0.13085938 0.26757812 0.68554688
v -0.11132812 0.35351562 0.68554688
v 0.08789062 0.22851562 0.68554688
v 0.11132812 0.35351562 0.68554688
v 0.11914062 0.26757812 0.68554688
v -0.06054688 0.34179688 0.68945312
v -0.02929688 0.33789062 0.68945312
v -0.01757812 0.30664062 0.68945312
v 0.00195312 0.34179688 0.68945312
v 0.01757812 0.30664062 0.68945312
v 0.02929688 0.33789062 0.68945312
v 0.06054688 0.34179688 0.68945312
v 0.06835938 0.25585938 0.68945312
v 0.15820312 0.28320312 0.68945312
v -0.06054688 0.16992188 0.69335938
v -0.04492188 0.19726562 0.69335938
v -0.02148438 0.27148438 0.69335938
v 0.00195312 0.30664062 0.69335938
v -0.11914062 0.33007812 0.69726562
v -0.09179688 0.25976562 0.69726562
v -0.05664062 0.25976562 0.69726562
v 0.02539062 0.27148438 0.69726562
v 0.04882812 0.26367188 0.69726562
v 0.12304688 0.33398438 0.69726562
v -0.02148438 0.23632812 0.70117188
v 0.00195312 0.27148438 0.70117188
v 0.06445312 0.23632812 0.70117188
v 0.14648438 0.29492188 0.70117188
v -0.13476562 0.28710938 0.70507812
v -0.12695312 0.30664062 0.70507812
v -0.07226562 0.14257812 0.70507812
v -0.03320312 0.31445312 0.70507812
v 0.03320312 0.31445312 0.70507812
v 0.09179688 0.27539062 0.70507812
v 0.13476562 0.31054688 0.70507812
v 0.15039062 0.14257812 0.70507812
v -0.06445312 0.31835938 0.70898438
v 0.02929688 0.23632812 0.70898438
v 0.04492188 -0.06445312 0.70898438
v 0.06445312 0.31835938 0.70898438
v 0.09570312 0.19726562 0.70898438
v 0.12695312 0.16601562 0.70898438
v -0.08398438 0.27539062 0.71289062
v -0.08007812 0.11523438 0.71289062
v -0.03710938 0.27929688 0.71289062
v -0.02539062 -0.05273438 0.71289062
v 0.00195312 0.23632812 0.71289062
v 0.00976562 -0.06445312 0.71289062
v 0.03710938 0.27929688 0.71289062
v 0.11914062 -0.01367188 0.71289062
v 0.14648438 0.01367188 0.71289062
v 0.15820312 0.11523438 0.71289062
v -0.07617188 0.00976562 0.71679688
v -0.07226562 0.29101562 0.71679688
v 0.07226562 0.29101562 0.71679688
v -0.08398438 0.04492188 0.72070312
v -0.08398438 0.08007812 0.72070312
v -0.05273438 -0.02148438 0.72070312
v -0.02539062 0.19726562 0.72070312
v 0.15429688 0.04492188 0.72070312
v 0.15820312 0.08007812 0.72070312
v -0.04492188 0.16601562 0.72851562
v 0.07226562 0.20117188 0.72851562
v 0.08789062 -0.02929688 0.72851562
v -0.00585938 0.19726562 0.73632812
v 0.03710938 0.20117188 0.73632812
v 0.11132812 0.16992188 0.73632812
v 0.01367188 0.19726562 0.74023438
v -0.07226562 0.02539062 0.74414062
v -0.06054688 0.00195312 0.74414062
v -0.05664062 0.14257812 0.74414062
v 0.04882812 -0.04101562 0.74414062
v 0.12304688 -0.00195312 0.74414062
v 0.13867188 0.14257812 0.74414062
v 0.14257812 0.02148438 0.74414062
v 0.15039062 0.11914062 0.74414062
v -0.07226562 0.11523438 0.74804688
v -0.04492188 -0.01367188 0.74804688
v -0.02148438 -0.02929688 0.74804688
v 0.01367188 -0.04101562 0.74804688
v 0.15429688 0.09960938 0.74804688
v -0.02539062 0.16601562 0.75195312
v 0.08398438 0.16992188 0.75976562
v 0.08789062 -0.00976562 0.75976562
v -0.03710938 0.14648438 0.76367188
v -0.06835938 0.04882812 0.76757812
v -0.06054688 0.12304688 0.76757812
v -0.05273438 0.01367188 0.76757812
v -0.00585938 0.16601562 0.76757812
v 0.04882812 0.16992188 0.76757812
v 0.11914062 0.14648438 0.76757812
v 0.14648438 0.12304688 0.76757812
v -0.06835938 0.08007812 0.77148438
v -0.06445312 0.10351562 0.77148438
v -0.04882812 0.13476562 0.77148438
v -0.02148438 -0.00585938 0.77148438
v 0.01757812 0.16601562 0.77148438
v 0.11914062 0.01367188 0.77148438
v 0.13476562 0.13476562 0.77148438
v 0.13867188 0.04492188 0.77148438
v 0.15039062 0.10351562 0.77148438
v 0.08398438 0.00976562 0.78320312
v 0.14648438 0.08007812 0.78320312
v -0.01757812 0.01367188 0.78710938
v -0.05664062 0.10742188 0.79101562
v -0.04882812 0.12304688 0.79101562
v -0.02929688 0.13476562 0.79101562
v -0.01367188 0.14257812 0.79101562
v 0.09570312 0.14648438 0.79101562
v 0.11914062 0.13476562 0.79101562
v 0.13476562 0.12304688 0.79101562
v 0.14257812 0.10742188 0.79101562
v -0.05664062 0.08789062 0.79492188
v -0.05273438 0.06054688 0.79492188
v -0.04101562 0.03710938 0.79492188
v 0.02929688 0.14648438 0.79492188
v 0.13085938 0.06054688 0.80273438
v 0.09179688 0.02929688 0.80664062
v 0.12304688 0.12304688 0.80664062
v 0.13867188 0.08789062 0.80664062
v -0.04492188 0.10742188 0.81054688
v -0.01757812 0.13085938 0.81054688
v 0.04882812 0.02148438 0.81054688
v 0.13476562 0.10742188 0.81054688
v -0.02929688 0.12304688 0.81445312
v -0.01757812 0.03320312 0.81445312
v 0.01367188 0.02539062 0.81445312
v 0.10742188 0.12695312 0.81445312
v -0.04101562 0.08789062 0.82226562
v 0.08398438 0.12695312 0.82226562
v 0.12695312 0.09570312 0.82226562
v -0.02539062 0.06054688 0.82617188
v 0.00585938 0.12695312 0.82617188
v 0.04101562 0.12695312 0.82617188
v 0.11523438 0.11132812 0.82617188
v 0.11914062 0.08007812 0.82617188
v -0.02539062 0.10742188 0.83007812
v -0.01367188 0.11914062 0.83007812
v 0.00976562 0.04882812 0.83398438
v 0.04492188 0.04492188 0.83398438
v 0.08398438 0.11132812 0.83789062
v 0.09570312 0.09179688 0.84179688
v -0.01367188 0.08789062 0.84570312
v 0.00195312 0.10742188 0.84570312
v 0.04101562 0.10742188 0.84570312
v 0.02539062 0.08007812 0.84960938
f 10 491 9
f 491 11 9
f 491 492 11
f 11 10 491
f 11 10 492
f 11 9 10
f 486 13 485
f 493 15 482
f 15 481 482
f 469 17 16
f 20 17 22
f 22 21 20
f 22 454 21
f 16 17 20
f 16 17 18
f 16 17 16
f 16 16 469
f 18 16 17
f 16 469 17
f 17 21 20
f 17 22 21
f 16 469 17
f 21 20 16
f 17 21 16
f 398 422 39
f 23 39 46
f 39 34 398
f 39 422 46
f 26 446 24
f 24 25 26
f 439 27 451
f 27 23 451
f 30 412 50
f 50 48 30
f 32 31 38
f 40 44 38
f 31 40 38
f 49 47 419
f 419 35 49
f 38 53 36
f 32 36 40
f 36 52 40
f 40 44 32
f 53 52 36
f 36 38 45
f 38 41 45
f 45 423 36
f 36 423 424
f 53 423 45
f 406 4001 43
f 4001 405 43
f 44 41 425
f 44 38 41
f 41 425 40
f 40 44 41
f 428 45 52
f 428 41 45
f 45 52 423
f 45 53 52
f 423 38 45
f 36 45 424
f 45 53 424
f 45 52 38
f 45 53 52
f 52 423 38
f 60 39 46
f 39 34 46
f 60 34 46
f 46 398 60
f 50 30 49
f 50 48 30
f 406 43 42
f 406 405 43
f 37 53 52
f 408 68 37
f 52 408 37
f 68 37 402
f 37 52 402
f 56 413 421
f 67 72 364
f 364 61 60
f 64 397 61
f 77 61 364
f 364 60 67
f 397 60 61
f 61 401 397
f 397 55 61
f 396 41 74
f 396 420 41
f 41 62 74
f 506 63 394
f 367 61 72
f 397 55 61
f 397 61 64
f 61 61 72
f 61 61 64
f 399 57 65
f 399 58 57
f 58 389 70
f 58 57 389
f 389 388 70
f 1 77 61
f 61 401 380
f 60 380 401
f 61 380 1
f 380 67 1
f 1 67 72
f 77 1 72
f 401 397 60
f 83 82 2
f 311 309 310
f 522 308 522
f 294 118 3
f 2 84 311
f 523 117 118
f 309 84 522
f 522 3 522
f 309 311 84
f 311 311 84
f 117 294 3
f 118 117 3
f 117 294 3
f 294 3 3
f 3 294 522
f 311 346 2
f 522 2863 308
f 2 82 84
f 2863 84 308
f 83 83 82
f 308 309 522
f 311 311 346
f 2719 2863 522
f 346 83 84
f 83 83 346
f 84 311 308
f 83 82 69
f 3 522 117
f 522 3 3
f 346 83 2
f 84 311 346
f 76 367 77
f 76 72 367
f 365 73 511
f 365 75 73
f 364 77 72
f 77 76 72
f 359 102 78
f 102 103 78
f 352 94 79
f 311 82 84
f 311 83 82
f 311 346 83
f 346 83 84
f 84 311 346
f 98 85 345
f 85 86 345
f 85 99 358
f 99 86 358
f 358 98 85
f 316 81 348
f 90 353 92
f 92 90 316
f 353 330 92
f 91 348 316
f 93 92 348
f 93 92 330
f 90 330 93
f 93 90 92
f 316 348 92
f 93 348 90
f 90 353 92
f 353 330 92
f 78 102 103
f 102 519 319
f 359 102 78
f 102 103 102
f 102 102 519
f 319 103 318
f 319 102 103
f 104 321 317
f 321 111 317
f 105 516 333
f 516 371 333
f 106 312 304
f 106 305 312
f 106 107 305
f 109 114 115
f 115 301 109
f 111 104 321
f 111 317 104
f 113 112 124
f 112 125 287
f 125 112 112
f 299 112 125
f 112 112 299
f 112 299 124
f 287 124 299
f 113 125 299
f 124 113 299
f 114 115 119
f 115 297 119
f 115 301 114
f 115 114 115
f 115 115 301
f 127 123 289
f 120 275 123
f 275 127 123
f 112 125 124
f 287 124 299
f 124 125 299
f 290 526 126
f 290 134 526
f 127 130 274
f 140 150 274
f 130 140 274
f 274 275 127
f 130 140 275
f 138 137 127
f 138 130 138
f 274 137 138
f 127 130 138
f 130 138 140
f 137 138 138
f 275 130 139
f 274 275 139
f 130 275 135
f 139 150 274
f 130 140 274
f 138 137 127
f 138 130 135
f 138 135 137
f 130 138 140
f 274 130 140
f 274 275 130
f 529 530 133
f 285 277 134
f 277 149 134
f 136 276 135
f 138 150 137
f 138 140 150
f 150 274 137
f 150 130 140
f 137 130 275
f 130 150 275
f 130 140 137
f 130 138 140
f 150 274 138
f 275 137 138
f 274 275 138
f 137 130 138
f 131 141 286
f 273 144 142
f 131 143 528
f 131 141 143
f 144 144 273
f 145 144 269
f 145 269 148
f 144 269 144
f 144 142 273
f 269 145 144
f 269 148 145
f 147 268 270
f 268 146 270
f 147 146 270
f 147 268 146
f 149 285 277
f 149 134 285
f 151 262 261
f 262 254 261
f 153 259 258
f 259 152 258
f 152 258 259
f 258 153 259
f 249 155 154
f 156 155 243
f 156 154 155
f 156 157 243
f 155 157 160
f 155 243 157
f 157 158 160
f 157 159 155
f 159 159 157
f 159 158 159
f 159 245 158
f 243 156 253
f 253 156 155
f 156 159 155
f 155 159 160
f 158 159 156
f 156 157 158
f 157 159 160
f 157 158 159
f 156 155 155
f 249 155 156
f 243 242 155
f 156 154 249
f 155 155 243
f 169 176 175
f 175 180 169
f 224 188 173
f 185 171 172
f 185 172 173
f 188 185 173
f 177 172 188
f 187 172 224
f 187 188 172
f 175 188 186
f 175 184 188
f 188 174 186
f 169 185 175
f 185 171 175
f 181 192 175
f 181 191 192
f 181 190 191
f 177 174 186
f 177 184 174
f 188 172 184
f 172 173 184
f 181 184 179
f 181 169 184
f 184 171 179
f 184 188 177
f 169 184 177
f 185 177 188
f 177 181 169
f 192 175 176
f 177 181 176
f 175 177 176
f 190 185 181
f 185 177 181
f 181 171 178
f 181 185 171
f 178 179 181
f 179 190 185
f 171 172 179
f 185 171 179
f 179 181 190
f 171 179 185
f 179 225 185
f 225 172 178
f 178 194 225
f 194 172 179
f 194 171 172
f 177 172 179
f 179 194 177
f 179 172 178
f 194 225 179
f 171 172 179
f 225 171 179
f 187 179 224
f 174 185 188
f 186 169 185
f 186 185 186
f 186 177 185
f 186 185 186
f 172 179 177
f 187 185 179
f 185 169 188
f 179 185 177
f 184 192 180
f 184 176 192
f 192 218 190
f 218 181 190
f 221 188 185
f 221 187 188
f 184 221 185
f 184 185 182
f 185 177 182
f 192 183 176
f 183 182 176
f 182 184 176
f 192 177 4
f 184 176 4
f 177 183 4
f 176 192 4
f 183 184 4
f 180 223 184
f 184 192 175
f 184 175 180
f 171 184 188
f 171 177 184
f 192 224 184
f 177 192 175
f 177 224 192
f 222 169 221
f 222 186 169
f 169 184 221
f 188 175 221
f 175 184 221
f 188 186 175
f 174 185 186
f 221 186 224
f 174 186 188
f 186 177 224
f 186 221 188
f 224 222 173
f 224 184 222
f 187 175 221
f 175 184 221
f 186 175 185
f 175 169 184
f 175 187 185
f 177 221 175
f 221 185 175
f 173 169 221
f 221 188 171
f 221 171 173
f 187 188 173
f 169 221 187
f 173 169 187
f 222 181 184
f 222 173 181
f 181 169 184
f 187 188 221
f 184 221 169
f 221 188 169
f 188 173 169
f 192 218 181
f 181 191 192
f 181 216 178
f 178 179 181
f 195 194 216
f 181 194 178
f 194 195 178
f 192 181 176
f 192 218 181
f 202 199 201
f 198 199 197
f 199 202 197
f 199 197 198
f 202 199 214
f 202 200 199
f 199 200 197
f 213 201 202
f 213 199 201
f 213 197 199
f 213 199 202
f 197 199 5
f 202 213 5
f 201 202 5
f 213 197 5
f 199 201 5
f 203 196 215
f 203 184 196
f 3934 4113 4244
f 404 3958 3725
f 6 4113 3958
f 3958 4113 411
f 205 470 4244
f 404 6 3958
f 4244 4113 6
f 4244 6 404
f 3958 3935 3725
f 4244 404 205
f 3958 411 404
f 495 4244 470
f 206 210 209
f 209 206 210
f 211 204 212
f 212 211 204
f 202 199 201
f 202 197 199
f 202 200 197
f 214 198 199
f 202 198 214
f 202 197 198
f 202 200 197
f 195 178 216
f 181 178 179
f 181 216 178
f 173 177 172
f 173 181 216
f 173 216 177
f 181 190 177
f 192 190 191
f 192 177 190
f 186 175 181
f 222 186 169
f 186 181 169
f 169 221 222
f 221 173 184
f 173 224 184
f 177 221 175
f 221 186 175
f 180 185 175
f 221 185 169
f 221 169 184
f 180 169 185
f 184 221 183
f 177 188 171
f 221 188 177
f 221 177 183
f 223 174 175
f 223 188 174
f 223 221 188
f 224 187 177
f 187 188 177
f 188 171 177
f 184 192 175
f 175 182 184
f 175 180 171
f 184 180 223
f 184 171 180
f 175 183 192
f 175 177 183
f 183 176 192
f 183 182 176
f 179 192 177
f 176 192 181
f 192 179 181
f 176 177 182
f 177 183 182
f 179 171 178
f 194 179 181
f 194 171 179
f 179 225 177
f 181 225 179
f 181 194 225
f 177 225 171
f 172 178 171
f 194 178 181
f 194 171 178
f 181 194 175
f 194 171 175
f 225 178 179
f 225 172 178
f 184 177 224
f 184 175 177
f 177 179 224
f 184 171 175
f 226 227 228
f 181 169 175
f 184 176 175
f 169 184 175
f 185 171 177
f 185 177 188
f 184 177 182
f 188 177 184
f 171 175 177
f 171 172 173
f 173 224 171
f 171 184 188
f 224 171 179
f 224 184 171
f 177 171 175
f 177 179 171
f 174 185 184
f 223 185 186
f 223 184 185
f 180 223 175
f 223 186 175
f 185 184 188
f 185 186 184
f 176 180 182
f 176 175 180
f 188 173 221
f 173 224 221
f 171 224 187
f 171 173 224
f 229 540 170
f 176 175 184
f 175 182 184
f 175 177 182
f 185 175 177
f 177 190 185
f 185 173 187
f 172 173 171
f 173 185 171
f 173 188 171
f 173 169 188
f 172 171 177
f 172 187 171
f 188 171 187
f 171 172 187
f 169 221 175
f 221 185 175
f 169 186 175
f 169 188 186
f 232 165 164
f 236 250 237
f 236 246 250
f 244 241 160
f 241 161 160
f 158 159 245
f 158 159 245
f 156 157 158
f 158 155 156
f 156 249 155
f 156 154 249
f 249 156 154
f 249 155 156
f 155 243 156
f 254 151 262
f 254 261 151
f 153 152 258
f 153 259 152
f 151 262 261
f 262 254 261
f 145 144 148
f 144 269 148
f 146 270 268
f 270 147 268
f 137 138 275
f 291 138 135
f 274 275 138
f 140 274 138
f 138 140 138
f 138 138 135
f 134 277 149
f 134 285 277
f 275 127 130
f 130 138 150
f 127 275 137
f 150 275 130
f 278 279 135
f 267 132 280
f 267 300 132
f 131 141 281
f 137 138 275
f 275 135 137
f 275 127 120
f 287 124 125
f 124 113 125
f 125 299 287
f 275 137 127
f 127 120 275
f 127 120 7
f 123 289 7
f 315 7 120
f 315 123 7
f 289 127 7
f 137 120 275
f 137 307 120
f 113 299 124
f 113 112 299
f 301 109 115
f 107 305 106
f 312 304 106
f 305 312 106
f 104 111 317
f 104 321 111
f 327 96 95
f 96 328 95
f 348 316 81
f 354 339 338
f 339 336 338
f 316 348 90
f 316 81 348
f 331 80 349
f 359 103 78
f 359 102 103
f 99 98 85
f 380 366 379
f 77 72 367
f 77 61 72
f 82 368 71
f 509 381 370
f 381 369 370
f 90 353 93
f 93 92 90
f 375 379 374
f 375 510 379
f 368 71 82
f 69 71 71
f 71 368 71
f 379 380 366
f 385 382 384
f 385 383 382
f 57 47 70
f 507 393 66
f 397 60 67
f 46 398 380
f 398 60 380
f 46 60 380
f 46 398 60
f 54 418 394
f 418 63 394
f 52 402 53
f 68 37 53
f 402 68 53
f 436 427 437
f 406 42 42
f 42 43 42
f 42 405 43
f 427 427 42
f 427 42 406
f 42 427 43
f 427 427 437
f 205 4210 4336
f 4266 444 8
f 4336 4225 205
f 448 503 8
f 410 8 404
f 410 4267 8
f 409 404 205
f 503 404 8
f 8 444 448
f 410 404 409
f 4267 4266 8
f 4225 409 205
f 438 48 49
f 48 30 49
f 421 56 413
f 414 416 415
f 416 466 415
f 466 414 416
f 466 415 414
f 46 60 39
f 46 398 60
f 39 46 23
f 423 38 53
f 423 424 36
f 423 36 38
f 31 40 38
f 31 38 45
f 52 31 45
f 41 52 428
f 53 52 52
f 45 53 52
f 52 52 428
f 41 425 38
f 44 38 40
f 38 425 40
f 445 431 432
f 445 430 431
f 48 433 438
f 433 4166 438
f 52 31 37
f 37 53 52
f 53 31 37
f 31 40 37
f 40 52 31
f 40 37 52
f 53 424 41
f 424 38 41
f 41 45 53
f 35 49 443
f 23 39 34
f 34 46 23
f 41 53 38
f 53 40 38
f 45 52 36
f 424 36 423
f 36 52 423
f 436 427 437
f 32 40 38
f 32 31 40
f 40 38 31
f 38 32 31
f 440 29 441
f 447 446 446
f 25 446 446
f 26 446 447
f 446 24 25
f 441 440 29
f 19 21 473
f 21 455 473
f 19 455 473
f 22 20 17
f 21 20 454
f 20 22 454
f 468 21 20
f 454 16 22
f 454 20 16
f 489 490 12
f 490 488 12
f 11 10 491
f 11 9 10
f 11 10 491
f 491 492 9
f 430 431 445
f 431 432 445
f 431 432 430
f 432 445 430
f 414 416 415
f 416 466 415
f 392 390 391
f 385 383 382
f 95 100 76
f 304 303 107
f 305 312 107
f 312 304 107
f 106 107 303
f 264 532 260
f 532 533 260
f 263 255 257
f 255 256 257
f 535 534 161
f 226 227 228
f 192 177 184
f 177 224 184
f 4598 4599 4626
f 4598 4511 4599
f 4816 4814 4815
f 4814 4816 4813
f 4816 4815 4812
f 4812 4815 4811
f 4812 9 4816
f 9 4810 4816
f 4810 4809 4816
f 4807 4814 4813
f 4814 4807 4808
f 9 4812 4806
f 4811 4805 4812
f 4811 4815 4804
f 4814 4803 4815
f 4808 4803 4814
f 4804 4815 4803
f 4816 4802 4813
f 4809 4802 4816
f 4801 4806 4812
f 4801 4812 4805
f 4805 4811 4800
f 4800 4811 4804
f 4813 4799 4807
f 4799 4813 4802
f 4806 491 9
f 10 9 491
f 4800 4798 4805
f 4810 9 492
f 10 9 492
f 491 9 492
f 491 10 492
f 4809 4810 4797
f 4802 4809 4796
f 4797 4796 4809
f 4795 4808 4807
f 4805 4794 4801
f 492 4793 4810
f 4797 4810 4793
f 4808 4792 4803
f 4792 4808 4795
f 4791 4807 4799
f 4807 4791 4795
f 4806 4801 4790
f 4794 4790 4801
f 4798 4789 4805
f 4794 4805 4789
f 491 10 4788
f 491 4806 4787
f 4790 4787 4806
f 10 9 11
f 491 9 11
f 491 10 11
f 492 9 11
f 492 10 11
f 492 491 11
f 4788 10 11
f 4788 11 491
f 4787 11 491
f 4803 4786 4804
f 4804 4786 4800
f 4796 4785 4802
f 4802 4784 4799
f 4784 4802 4785
f 4799 4783 4791
f 4783 4799 4784
f 4790 4794 4782
f 4789 4781 4794
f 4782 4794 4781
f 4789 4798 4780
f 4781 4789 4780
f 4798 4800 4779
f 4779 4800 4786
f 4780 4798 4779
f 4778 4803 4792
f 4803 4778 4786
f 4795 4777 4792
f 4792 4777 4778
f 4776 4795 4791
f 4795 4776 4777
f 4791 4783 4775
f 4791 4775 4776
f 4793 490 4797
f 4796 4797 4774
f 4785 4796 4774
f 490 4774 4797
f 4787 4790 4773
f 4782 4773 4790
f 11 4772 492
f 4793 492 489
f 489 490 4793
f 4772 489 492
f 4773 4782 4771
f 11 4787 4770
f 4773 4770 4787
f 4780 4769 4781
f 4772 11 4768
f 4770 4768 11
f 4774 490 488
f 490 489 488
f 488 4766 4774
f 4765 4777 4776
f 4764 4775 4783
f 4784 4763 4783
f 4783 4763 4764
f 4781 4762 4782
f 4771 4782 4762
f 4762 4781 4769
f 4779 4761 4780
f 4769 4780 4761
f 490 489 12
f 489 4772 12
f 12 488 490
f 12 488 489
f 4786 4760 4779
f 4760 4786 4767
f 4759 4786 4778
f 4767 4786 4759
f 4774 4758 4785
f 4766 4758 4774
f 4757 4776 4775
f 4776 4757 4765
f 4775 4764 4757
f 4785 4756 4784
f 4784 4756 4763
f 4756 4785 4758
f 4755 4778 4777
f 4755 4777 4765
f 4768 4754 4772
f 12 4772 4754
f 4761 4779 4753
f 4760 4753 4779
f 4778 4752 4759
f 4752 4778 4755
f 4771 4751 4773
f 4766 488 4749
f 4750 4749 488
f 4758 4766 4748
f 4749 4748 4766
f 4747 4764 4763
f 4747 4757 4764
f 4762 4746 4771
f 4746 4751 4771
f 4768 4770 4745
f 4769 4744 4762
f 4761 4744 4769
f 4746 4762 4744
f 4754 4768 4743
f 4745 4743 4768
f 488 12 4742
f 4742 4750 488
f 4741 4765 4757
f 4765 4741 4755
f 4757 4747 4741
f 4748 4740 4758
f 4758 4739 4756
f 4740 4739 4758
f 4767 4738 4760
f 4753 4737 4761
f 4744 4761 4737
f 4753 4760 4736
f 4736 4760 4738
f 4735 4767 4759
f 4735 4759 4752
f 4738 4767 4735
f 4754 4734 12
f 4743 4734 4754
f 4742 12 4734
f 4737 4753 4733
f 4736 4733 4753
f 4755 4732 4752
f 4732 4755 4741
f 4770 4773 4731
f 4751 4731 4773
f 4745 4770 4730
f 4731 4730 4770
f 4752 4729 4735
f 4729 4752 4732
f 4748 4749 4728
f 4740 4748 4728
f 4727 4763 4756
f 4763 4727 4747
f 4726 4756 4739
f 4756 4726 4727
f 4739 4740 4723
f 4728 4723 4740
f 4739 4723 4726
f 4751 4746 4722
f 4731 4751 4722
f 4743 4745 4721
f 4730 4721 4745
f 4734 4743 4720
f 4721 4720 4743
f 4738 4717 4736
f 4717 4738 4735
f 4717 4735 4729
f 4749 4750 4716
f 4728 4749 4716
f 4718 4716 4750
f 4714 4747 4727
f 4737 4712 4744
f 4733 4711 4737
f 4712 4737 4711
f 4719 4710 4725
f 4750 4742 4709
f 4734 4709 4742
f 4718 4750 4709
f 4733 4736 4708
f 4717 4708 4736
f 4707 4715 4724
f 4744 4706 4746
f 4722 4746 4706
f 4706 4744 4712
f 4705 4704 4725
f 4710 4719 4703
f 4715 4707 4702
f 4701 4741 4747
f 4701 4747 4714
f 4700 4724 4713
f 4713 4699 4700
f 4704 4705 4698
f 4711 4733 4697
f 4708 4697 4733
f 4708 4717 4696
f 4729 4695 4717
f 4717 4695 4696
f 4710 4694 4725
f 4705 4725 4694
f 4719 4725 4693
f 4704 4693 4725
f 4697 4708 4693
f 4692 4708 4696
f 4693 4692 4719
f 4693 4708 4692
f 4715 4691 4724
f 4724 4691 4713
f 4713 4690 4699
f 4690 4713 4691
f 4724 4689 4707
f 4689 4724 4700
f 4688 4692 4696
f 4687 4696 4695
f 4696 4687 4688
f 4732 4686 4729
f 4729 4686 4695
f 4741 4685 4732
f 4685 4741 4701
f 4732 4685 4686
f 4693 4704 4683
f 4693 4683 4697
f 4703 4682 4710
f 4682 4703 4681
f 4703 4719 4680
f 4692 4680 4719
f 4680 4692 4688
f 4681 4703 4680
f 4679 4680 4688
f 4680 4679 4681
f 4678 4715 4702
f 4687 4715 4678
f 4688 4687 4678
f 4688 4678 4679
f 4678 4702 4677
f 4678 4677 4679
f 4676 4702 4707
f 4702 4676 4677
f 4698 4675 4704
f 4684 4675 4698
f 4694 4710 4674
f 4682 4674 4710
f 4697 4673 4711
f 4683 4673 4697
f 4672 4707 4689
f 4707 4672 4676
f 4671 4699 4690
f 4711 4670 4712
f 4670 4711 4673
f 4679 4669 4681
f 4677 4668 4679
f 4715 4667 4691
f 4667 4715 4687
f 4684 4698 4666
f 4698 4705 4665
f 4694 4665 4705
f 4666 4698 4665
f 4720 4721 4664
f 4720 4663 4734
f 4664 4663 4720
f 4683 4704 4662
f 4675 4662 4704
f 4673 4683 4662
f 4681 4661 4682
f 4674 4682 4661
f 4669 4661 4681
f 4695 13 4687
f 13 4695 4686
f 4687 13 4667
f 4660 4677 4676
f 4668 4677 4660
f 4723 4728 4659
f 4691 4658 4690
f 4690 4658 4671
f 4727 4657 4714
f 4656 4727 4726
f 4727 4656 4657
f 4700 4655 4689
f 4654 4700 4699
f 4700 4654 4655
f 4653 4726 4723
f 4653 4723 4659
f 4726 4653 4656
f 4674 4652 4694
f 4665 4694 4652
f 4712 4651 4706
f 4670 4651 4712
f 4661 4650 4674
f 4669 4679 4648
f 4668 4648 4679
f 4716 4718 4647
f 4649 4647 4718
f 4714 4646 4701
f 4646 4714 4657
f 4645 4676 4672
f 4676 4645 4660
f 4689 4644 4672
f 4644 4689 4655
f 4722 4643 4731
f 4730 4731 4642
f 4643 4642 4731
f 4673 4641 4670
f 4709 4640 4718
f 4640 4649 4718
f 4639 4669 4648
f 4648 4668 4638
f 487 4691 4667
f 487 4667 13
f 4691 487 4658
f 487 13 4658
f 4637 4699 4671
f 4637 4671 4658
f 4699 4637 4654
f 4666 4636 4684
f 4721 4730 4635
f 4664 4721 4635
f 4642 4635 4730
f 4675 4684 4634
f 4636 4634 4684
f 4662 4675 4633
f 4662 4633 4673
f 4641 4673 4633
f 4634 4633 4675
f 4630 4657 4656
f 4629 4656 4653
f 4656 4629 4630
f 4652 4674 4628
f 4650 4628 4674
f 4706 4627 4722
f 4651 4627 4706
f 4643 4722 4627
f 4632 4625 4631
f 4625 4632 4626
f 4701 4623 4685
f 4623 4701 4646
f 13 4622 4658
f 4658 4621 4637
f 4621 4658 4622
f 4653 4620 4629
f 4672 4619 4645
f 4619 4672 4644
f 4709 4734 4618
f 4663 4618 4734
f 4640 4709 4618
f 4661 4669 4617
f 4639 4617 4669
f 4648 4616 4639
f 4638 4616 4648
f 4631 4615 4632
f 4624 4632 4615
f 4660 4614 4668
f 4638 4668 4614
f 4716 4613 4728
f 4659 4728 4613
f 4647 4613 4716
f 4659 4612 4653
f 4653 4612 4620
f 4651 4670 4611
f 4641 4611 4670
f 4631 4625 4610
f 4617 4639 4610
f 4610 4639 4616
f 4610 4616 4631
f 4616 4638 4609
f 4616 4609 4631
f 4615 4631 4609
f 4609 4638 4614
f 4657 4608 4646
f 4608 4657 4630
f 4633 4607 4641
f 4611 4641 4607
f 4618 4663 4606
f 4650 4661 4605
f 4617 4605 4661
f 487 485 13
f 13 485 4622
f 486 4686 4685
f 4686 486 13
f 487 13 486
f 486 4685 4623
f 485 13 486
f 485 487 486
f 4603 4660 4645
f 4660 4603 4614
f 4663 4664 4602
f 4635 4602 4664
f 4602 4606 4663
f 4628 4650 4601
f 4605 4601 4650
f 4633 4634 4600
f 4607 4633 4600
f 4625 4626 4597
f 4610 4625 4597
f 4599 4597 4626
f 4632 4596 4626
f 4604 4596 4632
f 4598 4626 4596
f 4624 4595 4632
f 4604 4632 4595
f 4615 4594 4624
f 4609 4594 4615
f 4595 4624 4593
f 4594 4593 4624
f 4592 4622 485
f 4591 4645 4619
f 4645 4591 4603
f 4590 4620 4612
f 4589 4655 4654
f 4589 4654 4637
f 4636 4666 4588
f 4665 4587 4666
f 4652 4587 4665
f 4588 4666 4587
f 4642 4643 4586
f 4634 4636 4585
f 4585 4600 4634
f 4627 4651 4582
f 4611 4582 4651
f 4583 4581 4584
f 4581 4583 4580
f 4613 4579 4659
f 4659 4579 4612
f 4590 4612 4579
f 4646 4578 4623
f 4578 4646 4608
f 4622 4576 4621
f 4576 4622 4592
f 4575 4577 4573
f 4574 4573 4577
f 4572 4630 4629
f 4571 4629 4620
f 4629 4571 4572
f 4655 4570 4644
f 4655 4589 4570
f 4627 4569 4643
f 4586 4643 4569
f 4635 4642 4568
f 4586 4568 4642
f 4581 4567 4584
f 4649 4640 4566
f 4618 4566 4640
f 4573 4564 4575
f 4628 4563 4652
f 4587 4652 4563
f 4562 4584 4567
f 4562 4561 4584
f 4647 4649 4558
f 4566 4558 4649
f 4613 4647 4556
f 4558 4556 4647
f 4555 485 486
f 485 4555 4592
f 4575 4554 4577
f 4553 4620 4590
f 4620 4553 4571
f 4573 4574 4552
f 4564 4573 4551
f 4552 4551 4573
f 4550 4637 4621
f 4637 4550 4589
f 4644 4549 4619
f 4549 4644 4570
f 4588 4548 4636
f 4585 4636 4548
f 4583 4584 4547
f 4561 4547 4584
f 4602 4635 4546
f 4568 4546 4635
f 4567 4581 4545
f 4607 4544 4611
f 4600 4544 4607
f 4560 4580 4543
f 4580 4542 4581
f 4560 4542 4580
f 4545 4581 4542
f 4543 4541 4560
f 4606 4540 4618
f 4610 4539 4617
f 4597 4539 4610
f 4538 4559 4565
f 4538 4565 4557
f 4559 4537 4565
f 4565 4537 4557
f 4614 4536 4609
f 4594 4609 4536
f 4623 4534 486
f 4534 4623 4578
f 486 4534 4555
f 4554 4575 4533
f 4554 4532 4577
f 4535 4532 4554
f 4564 4531 4575
f 4533 4575 4531
f 4630 4530 4608
f 4530 4630 4572
f 4552 4574 4529
f 4582 4528 4627
f 4569 4627 4528
f 4567 4527 4562
f 4580 4583 4526
f 4526 4543 4580
f 4582 4611 4525
f 4525 4611 4544
f 4606 4602 4524
f 4524 4540 4606
f 4559 4538 4523
f 4537 4559 4522
f 4522 4559 4523
f 482 4521 493
f 4557 4520 4538
f 4519 4557 4537
f 4557 4519 4520
f 4521 482 4518
f 4574 4577 4517
f 4532 4517 4577
f 4531 4564 4516
f 4561 4562 4515
f 4527 4514 4562
f 4601 480 4628
f 4563 4628 480
f 4600 4585 4513
f 4544 4600 4513
f 4542 4560 4512
f 4541 4512 4560
f 4596 4510 4598
f 4510 4511 4598
f 4597 4599 4509
f 4539 4597 4509
f 4511 4509 4599
f 4593 4594 4508
f 4536 4508 4594
f 4593 4507 4595
f 4508 4506 4593
f 4507 4593 4506
f 4556 4505 4613
f 4535 4554 4504
f 4533 4504 4554
f 4592 4503 4576
f 4503 4592 4555
f 4619 4502 4591
f 4502 4619 4549
f 4551 4501 4564
f 4516 4564 4501
f 4545 4500 4567
f 4527 4567 4500
f 4541 4543 483
f 4601 4605 484
f 4543 4526 484
f 483 4543 484
f 4542 4499 4545
f 483 4498 4541
f 484 4605 4498
f 484 4498 483
f 4605 4617 4497
f 4539 4497 4617
f 4512 4541 4497
f 4498 4605 4497
f 4498 4497 4541
f 4521 4495 493
f 4495 4521 4496
f 4596 4604 4494
f 4595 4494 4604
f 482 493 15
f 4492 4518 482
f 4518 4492 4493
f 4491 4614 4603
f 4536 4614 4491
f 4491 4535 4504
f 4532 4535 4490
f 4603 4490 4491
f 4491 4490 4535
f 4579 4613 4489
f 4505 4489 4613
f 4531 4488 4533
f 4532 4487 4517
f 4487 4532 4490
f 4486 4603 4591
f 4603 4486 4490
f 4490 4486 4487
f 4579 4485 4590
f 4485 4579 4489
f 4608 4484 4578
f 4484 4608 4530
f 4483 4621 4576
f 4621 4483 4550
f 4483 4576 4503
f 4590 4482 4553
f 4482 4590 4485
f 4551 4552 4481
f 4547 4561 4480
f 4515 4480 4561
f 4569 4479 4586
f 476 4586 4479
f 4568 4586 474
f 476 474 4586
f 4528 4582 4478
f 4525 4478 4582
f 4547 4477 4583
f 4526 4583 4477
f 484 4526 14
f 484 483 14
f 4477 14 4526
f 4512 4476 4542
f 4475 493 4495
f 493 4475 15
f 482 481 493
f 15 493 481
f 15 481 482
f 482 481 4492
f 4504 4533 4473
f 4516 4472 4531
f 4488 4531 4472
f 4471 4517 4487
f 4574 4470 4529
f 4470 4574 4517
f 4470 4517 4471
f 4529 4469 4552
f 4481 4552 4469
f 4546 4568 4468
f 474 4468 4568
f 4480 4467 4547
f 4546 4466 4602
f 4524 4602 4466
f 480 4601 4465
f 484 4465 4601
f 4465 484 14
f 4540 4464 4618
f 4510 4596 4463
f 4494 4463 4596
f 4522 4462 4537
f 4474 4537 4462
f 4461 15 4475
f 481 15 4461
f 4537 4460 4519
f 4460 4537 4474
f 4507 4459 4595
f 4494 4595 4459
f 4458 4555 4534
f 4555 4458 4503
f 4578 4457 4534
f 4457 4578 4484
f 4534 4457 4458
f 4456 4591 4502
f 4591 4456 4486
f 4456 4487 4486
f 4487 4456 4471
f 4469 4529 4455
f 4454 4572 4571
f 4453 4571 4553
f 4571 4453 4454
f 4480 4515 4452
f 4528 4451 4569
f 4479 4569 4451
f 4478 4525 4450
f 4544 4449 4525
f 4513 4449 4544
f 4449 4450 4525
f 4500 4545 4448
f 4499 4448 4545
f 4476 4512 4447
f 4509 4446 4539
f 4497 4539 4446
f 4497 4446 4512
f 4447 4512 4446
f 4523 479 4522
f 4522 479 4462
f 4566 4618 4445
f 4558 4566 4445
f 4464 4445 4618
f 4475 4444 4461
f 4443 4520 4519
f 4443 4519 4460
f 4508 4536 4442
f 4491 4442 4536
f 4504 4442 4491
f 4473 4441 4504
f 4442 4504 4441
f 4572 4440 4530
f 4440 4572 4454
f 4515 4562 4439
f 4514 4439 4562
f 4452 4515 4439
f 4438 4449 4513
f 14 4477 4437
f 14 4437 4465
f 4540 4524 4436
f 4464 4540 4436
f 4499 4542 4435
f 4476 4435 4542
f 4496 4434 4495
f 4434 4496 4433
f 479 4523 4432
f 4556 4558 4431
f 4445 4431 4558
f 4505 4556 4430
f 4431 4430 4556
f 4461 4429 481
f 4428 4518 4493
f 4493 4427 4428
f 4426 4493 4492
f 4493 4426 4427
f 4488 4425 4533
f 4473 4533 4425
f 4471 4424 4470
f 4424 4471 4456
f 4423 4553 4482
f 4553 4423 4453
f 4501 4551 4422
f 4481 4422 4551
f 4468 4421 4546
f 4466 4546 4421
f 4548 4420 4585
f 4513 4585 4420
f 4438 4513 4420
f 4495 4419 4475
f 4419 4495 4434
f 4418 4521 4518
f 4521 4418 4496
f 4417 4461 4444
f 4461 4417 4429
f 4416 4520 4443
f 4415 4492 481
f 4492 4415 4426
f 4503 4414 4483
f 4414 4503 4458
f 4413 4589 4550
f 4478 4412 4528
f 4451 4528 4412
f 4477 4547 4411
f 4467 4411 4547
f 4437 4477 4411
f 4410 4462 479
f 4417 4444 4409
f 4408 4429 4417
f 4460 459 4443
f 4506 4508 478
f 4442 478 4508
f 4485 4407 4482
f 4406 4529 4470
f 4529 4406 4455
f 4406 4470 4424
f 4530 4405 4484
f 4405 4530 4440
f 4404 4570 4589
f 4570 4404 4549
f 4589 4413 4404
f 4587 4403 4588
f 4563 4403 4587
f 4548 4588 4402
f 4403 4402 4588
f 4514 4527 4401
f 4466 4400 4524
f 4436 4524 4400
f 4448 4499 4399
f 4435 4399 4499
f 4511 4510 4398
f 4509 4511 4398
f 4446 4509 4398
f 4441 4473 495
f 4441 495 4442
f 478 4442 495
f 4472 4397 4488
f 4425 4488 4397
f 4489 4396 4485
f 4485 4396 4407
f 4395 4550 4483
f 4550 4395 4413
f 4452 4394 4480
f 4439 4393 4452
f 4393 4394 4452
f 474 476 4392
f 4467 4480 4391
f 4394 4391 4480
f 480 4390 4563
f 4403 4563 4390
f 4420 4389 4438
f 4450 4388 4478
f 4412 4478 4388
f 4450 4449 4387
f 4449 4438 4387
f 4389 4387 4438
f 4387 4388 4450
f 4465 4386 480
f 4437 4386 4465
f 4500 4385 4527
f 4401 4527 4385
f 4447 4384 4476
f 4446 4384 4447
f 4384 4446 4398
f 4463 4383 4510
f 4430 4382 4505
f 4459 4507 4381
f 4505 477 4489
f 4396 4489 477
f 477 4505 4382
f 4380 4458 4457
f 4458 4380 4414
f 4484 4379 4457
f 4379 4484 4405
f 4457 4379 4380
f 4501 4378 4516
f 4456 4377 4424
f 4502 494 4456
f 4456 494 4377
f 4482 4376 4423
f 4376 4482 4407
f 4549 4375 4502
f 4375 4549 4404
f 4455 4374 4469
f 4469 4373 4481
f 4373 4469 4374
f 474 476 475
f 4392 476 475
f 4392 475 474
f 4411 4467 4372
f 4391 4372 4467
f 4411 4371 4437
f 4386 4437 4371
f 4433 4370 4434
f 4434 4370 4419
f 4496 455 4433
f 4444 4369 4409
f 4368 481 4429
f 481 4368 4415
f 4368 4429 4408
f 4365 4427 4426
f 4365 4426 4415
f 4427 4365 4366
f 4424 4364 4406
f 4364 4424 4377
f 4422 4363 4501
f 4378 4501 4363
f 4362 4455 4406
f 4455 4362 4374
f 4479 4361 476
f 4361 475 476
f 4468 474 4360
f 475 4360 474
f 4390 480 462
f 4386 462 480
f 472 480 462
f 4421 4359 4466
f 4400 4466 4359
f 4448 4358 4500
f 4385 4500 4358
f 4370 4433 20
f 4433 455 20
f 4435 4476 4357
f 4384 4357 4476
f 4436 4356 4464
f 479 4432 4355
f 464 479 4355
f 479 4354 4410
f 4354 479 464
f 4462 473 4474
f 473 4496 4418
f 473 4462 4410
f 4496 473 455
f 4445 4464 4353
f 4431 4445 4353
f 4356 4353 4464
f 4409 4352 4417
f 4352 4409 4369
f 4430 4431 4351
f 4353 4351 4431
f 4350 4417 4352
f 4382 4430 4349
f 4351 4349 4430
f 4474 458 4460
f 458 4518 4428
f 4518 458 4418
f 4460 458 459
f 458 4474 473
f 4418 458 473
f 4417 4348 4408
f 4368 4408 4348
f 4348 4417 4350
f 4347 4443 459
f 4367 4443 4347
f 4346 4428 4427
f 4427 4366 4346
f 4443 4345 4416
f 4443 4367 4345
f 4472 4516 4344
f 4378 4344 4516
f 4343 4483 4414
f 4483 4343 4395
f 4502 4342 494
f 4342 4502 4375
f 4451 4341 4479
f 4412 4341 4451
f 4361 4479 4341
f 4420 4548 4340
f 4402 4340 4548
f 472 471 480
f 462 480 471
f 462 472 471
f 4372 4339 4411
f 4371 4411 4339
f 473 455 4338
f 4428 4337 458
f 4337 4428 4346
f 4425 4336 4473
f 495 4473 4336
f 4335 4454 4453
f 4421 4468 4334
f 4360 4334 4468
f 4400 4333 4436
f 4356 4436 4333
f 4398 4510 4332
f 4383 4332 4510
f 4506 470 4507
f 478 470 4506
f 495 470 478
f 4331 4414 4380
f 4414 4331 4343
f 4454 4330 4440
f 4454 4335 4330
f 4329 4453 4423
f 4453 4329 4335
f 4422 4481 4328
f 4373 4328 4481
f 4439 4514 4327
f 4401 4327 4514
f 4388 4326 4412
f 4341 4412 4326
f 4389 4420 4325
f 4340 4325 4420
f 4399 4435 4324
f 4357 4324 4435
f 4463 4494 4323
f 4459 4323 4494
f 458 4322 459
f 4321 4415 4368
f 4415 4321 4365
f 4397 4320 4425
f 4336 4425 4320
f 4319 4380 4379
f 4380 4319 4331
f 4407 4318 4376
f 496 4406 4364
f 4406 496 4362
f 4440 4317 4405
f 4317 4440 4330
f 4394 4393 4316
f 4387 4389 4315
f 4325 4315 4389
f 16 20 469
f 455 468 20
f 4354 464 4314
f 495 478 467
f 4336 467 495
f 4347 4313 4367
f 4312 4407 4396
f 4318 4407 4312
f 4311 4423 4376
f 4423 4311 4329
f 4311 4376 4318
f 4391 4394 4310
f 4316 4310 4394
f 4372 4391 4309
f 4310 4309 4391
f 4388 4387 4308
f 4326 4388 4308
f 4315 4308 4387
f 4371 4307 4386
f 462 4386 4306
f 4307 4306 4386
f 4399 4305 4448
f 4358 4448 4305
f 4398 4304 4384
f 4332 4304 4398
f 4369 4303 4352
f 4383 4463 4302
f 4323 4302 4463
f 4351 4353 4301
f 4349 4351 4301
f 4381 4300 4459
f 4323 4459 4300
f 4348 4299 4368
f 4368 4299 4321
f 4397 4472 502
f 4344 502 4472
f 4405 4298 4379
f 4379 4298 4319
f 4298 4331 4319
f 4298 4405 4317
f 4363 4422 4297
f 4328 4297 4422
f 4362 4296 4374
f 4373 4374 4295
f 4328 4373 4295
f 4296 4295 4374
f 4339 4294 4371
f 4294 4307 4371
f 4359 4293 4400
f 4333 4400 4293
f 16 20 17
f 469 20 17
f 469 16 17
f 468 17 20
f 4291 4352 4303
f 4352 4289 4350
f 4350 4289 4348
f 4289 4352 4291
f 4299 4348 4288
f 4288 4348 4289
f 4349 4287 4382
f 4301 4287 4349
f 4382 4285 477
f 4287 4285 4382
f 4284 4346 4366
f 4283 4366 4365
f 4283 4365 4321
f 4366 4283 4284
f 477 452 4396
f 4396 452 4312
f 452 477 4285
f 4364 23 496
f 4377 451 4364
f 4364 451 23
f 4339 4372 466
f 4309 466 4372
f 4294 4339 466
f 4359 4421 4282
f 4334 4282 4421
f 4293 4359 4282
f 4355 4281 464
f 464 479 465
f 4314 464 465
f 4281 465 464
f 4357 4384 4280
f 4276 4345 4367
f 4275 4367 4313
f 4367 4275 4276
f 29 4377 494
f 29 494 4342
f 463 494 29
f 4377 29 451
f 39 4362 496
f 4296 4362 39
f 23 496 39
f 462 461 472
f 471 472 461
f 471 461 462
f 4306 461 462
f 4333 4274 4356
f 4432 4523 4273
f 4355 4432 4273
f 4292 4273 4523
f 4281 4355 4273
f 4353 4356 4272
f 4301 4353 4272
f 4274 4272 4356
f 4271 4279 4290
f 4271 4290 4278
f 4278 4290 4268
f 4268 4290 4277
f 460 4286 456
f 470 495 4267
f 467 4266 495
f 4267 495 4266
f 4345 4276 499
f 456 499 460
f 452 4265 477
f 4264 4343 4331
f 4264 4331 4298
f 4393 4439 4263
f 4327 4263 4439
f 4316 4393 4263
f 4279 4271 4262
f 498 4262 4271
f 4279 4261 4290
f 4277 4290 4261
f 4262 4261 4279
f 4292 4523 449
f 4261 4259 4277
f 4269 4258 4270
f 4258 4269 4257
f 4277 497 4268
f 4259 497 4277
f 24 4268 497
f 4256 4413 4395
f 4256 4395 4343
f 4256 4343 4264
f 4255 4404 4413
f 4255 4413 4256
f 4295 4254 4328
f 4402 4403 4253
f 4340 4402 4252
f 4253 4252 4402
f 4325 4340 4251
f 4252 4251 4340
f 16 20 22
f 17 20 22
f 17 16 22
f 469 16 18
f 17 16 18
f 17 469 18
f 22 16 18
f 22 18 17
f 17 20 454
f 22 20 454
f 22 17 454
f 4273 4292 427
f 427 4292 449
f 4304 4250 4384
f 4280 4384 4250
f 19 4410 4354
f 4410 19 473
f 473 455 19
f 4338 455 19
f 4338 19 473
f 19 4354 4314
f 454 19 17
f 4269 4270 4248
f 4247 4257 4269
f 4248 4247 4269
f 4287 4301 4246
f 4260 4270 4245
f 4245 4270 4258
f 458 459 28
f 459 28 4347
f 28 458 4337
f 4346 28 4337
f 4322 28 459
f 4322 458 28
f 4347 28 4313
f 470 4244 495
f 456 460 457
f 499 457 460
f 499 456 457
f 497 25 24
f 4312 4243 4318
f 4318 4243 4311
f 4404 4242 4375
f 4404 4255 4242
f 4310 4316 4241
f 4390 4240 4403
f 4253 4403 4240
f 462 4239 4390
f 461 4239 462
f 4240 4390 4239
f 4307 4294 450
f 4385 4238 4401
f 4358 4238 4385
f 4324 4237 4399
f 4305 4399 4237
f 465 4236 4314
f 4324 4357 4235
f 4280 4235 4357
f 455 20 21
f 468 455 21
f 468 20 21
f 17 20 21
f 17 468 21
f 22 20 21
f 22 17 21
f 454 20 21
f 454 17 21
f 454 22 21
f 19 455 21
f 19 21 17
f 19 454 21
f 4302 4234 4383
f 4261 4262 4233
f 4260 4232 4270
f 4248 4270 4232
f 4278 4230 4271
f 498 4271 4230
f 4246 4229 4287
f 4268 4228 4278
f 24 4228 4268
f 4230 4278 4228
f 4300 4381 4227
f 4266 467 448
f 497 4259 4226
f 4320 4225 4336
f 4313 442 4275
f 4320 4397 504
f 502 504 4397
f 502 4344 504
f 4344 4378 4224
f 23 34 496
f 39 496 34
f 39 23 34
f 4375 4223 4342
f 4223 4375 4242
f 4297 4328 4222
f 4254 4222 4328
f 4309 4310 4221
f 4241 4221 4310
f 4315 4325 4220
f 4251 4220 4325
f 4327 4401 4219
f 4219 4401 4238
f 4306 4307 453
f 461 4306 453
f 450 453 4307
f 4293 4218 4333
f 4274 4333 4218
f 4262 498 4217
f 498 4249 4217
f 4217 4233 4262
f 4332 4383 4216
f 4216 4383 4234
f 4215 4232 4260
f 4215 4260 4231
f 4214 4229 4246
f 4285 4287 4211
f 4229 4211 4287
f 4381 4507 205
f 470 205 4507
f 4227 4381 205
f 26 4346 4284
f 4346 26 28
f 24 28 26
f 25 24 26
f 4228 24 26
f 497 24 446
f 24 446 28
f 25 24 446
f 25 497 446
f 4226 446 497
f 26 24 446
f 26 28 446
f 26 25 446
f 452 477 500
f 500 4312 452
f 4265 500 477
f 4265 452 500
f 4312 500 4243
f 4363 4209 4378
f 4224 4378 4209
f 4342 441 29
f 29 463 441
f 4342 4223 441
f 4295 4296 4208
f 39 4208 4296
f 4254 4295 4207
f 4208 4207 4295
f 4263 4206 4316
f 4241 4316 4206
f 475 4361 4205
f 4341 4204 4361
f 4205 4361 4204
f 4360 475 4203
f 4205 4203 475
f 4230 4202 498
f 4212 4213 4201
f 4202 4230 4201
f 4202 4201 4213
f 4257 4247 33
f 4228 4200 4230
f 26 4200 4228
f 4201 4230 4200
f 4201 4200 4212
f 4257 4199 4258
f 451 23 439
f 439 451 29
f 34 439 23
f 441 29 439
f 4198 4329 4311
f 4198 4311 4243
f 4197 4330 4335
f 4196 4335 4329
f 4196 4329 4198
f 4335 4196 4197
f 4334 4360 4195
f 4203 4195 4360
f 4326 4194 4341
f 4204 4341 4194
f 4308 4193 4326
f 4194 4326 4193
f 466 416 4294
f 450 4294 416
f 4308 4315 4192
f 4220 4192 4315
f 4193 4308 4192
f 4305 4190 4358
f 4238 4358 4190
f 4247 4248 4188
f 4232 4187 4248
f 4187 4188 4248
f 498 438 4249
f 21 438 498
f 21 19 438
f 438 498 4202
f 438 4202 19
f 4233 4217 4186
f 4304 4332 4185
f 4185 4184 4304
f 4272 4183 4301
f 4246 4301 4183
f 4214 4246 4182
f 4183 4182 4246
f 4231 4181 4215
f 4231 4214 4181
f 4182 4181 4214
f 449 437 427
f 4180 33 4247
f 4259 4261 4179
f 4233 4179 4261
f 437 449 4178
f 4178 449 4177
f 4231 4176 4214
f 4229 4214 4176
f 4226 4259 4175
f 4179 4175 4259
f 4245 4174 4260
f 4231 4260 4174
f 4176 4231 4174
f 467 4336 503
f 448 467 503
f 503 4336 4210
f 4212 32 28
f 26 28 32
f 4200 32 4212
f 4200 26 32
f 33 4173 4257
f 4199 4257 4173
f 446 4226 4172
f 504 4344 4171
f 4224 4171 4344
f 451 23 27
f 34 23 27
f 439 23 27
f 439 451 27
f 439 34 27
f 4330 4169 4317
f 4330 4197 4169
f 466 4309 415
f 4221 415 4309
f 416 415 466
f 4189 4191 4168
f 465 4281 4167
f 4236 465 4167
f 4217 4249 4165
f 4272 4274 4164
f 4183 4272 4164
f 4258 4163 4245
f 4199 4163 4258
f 4285 4162 452
f 4162 4285 4211
f 26 447 25
f 446 25 447
f 446 26 447
f 4161 4275 442
f 4170 4160 445
f 4170 445 4159
f 432 4159 445
f 4264 4158 4256
f 4317 4157 4298
f 4157 4317 4169
f 4282 4334 4156
f 4195 4156 4334
f 453 450 4155
f 4282 4154 4293
f 4218 4293 4154
f 4156 4154 4282
f 4273 4152 4281
f 4189 4151 4191
f 4153 4191 4151
f 4168 4150 4189
f 427 4149 4273
f 4152 4273 4149
f 4232 4215 4147
f 4187 4232 4147
f 4186 4146 4233
f 4179 4233 4146
f 448 444 4266
f 503 448 444
f 4211 4229 4145
f 4176 4145 4229
f 4175 4144 4226
f 4172 4226 4144
f 32 26 36
f 447 36 26
f 424 32 36
f 31 32 40
f 4143 499 4276
f 4276 4142 4143
f 4160 4170 4141
f 4298 4140 4264
f 4264 4140 4158
f 4298 4157 4140
f 4297 4139 4363
f 4209 4363 4139
f 4207 4138 4254
f 4239 461 4137
f 453 4137 461
f 4152 4136 4281
f 4186 4217 4135
f 4165 4135 4217
f 4188 42 4247
f 437 427 42
f 19 4314 49
f 4236 49 4314
f 438 19 49
f 443 49 438
f 4250 4304 4134
f 4184 4134 4304
f 456 403 449
f 403 456 457
f 4173 33 403
f 44 4313 28
f 4313 44 442
f 44 28 32
f 40 32 44
f 36 32 44
f 31 32 44
f 40 31 44
f 499 4133 457
f 4133 499 4143
f 457 4133 403
f 40 31 37
f 29 440 463
f 441 463 440
f 441 29 440
f 439 29 440
f 439 440 441
f 4222 4254 4132
f 4138 4132 4254
f 4263 4327 4130
f 4219 4130 4327
f 4218 4129 4274
f 4164 4274 4129
f 443 438 35
f 35 438 49
f 35 443 49
f 4237 4324 4128
f 4235 4128 4324
f 4166 48 438
f 48 438 49
f 4148 438 30
f 30 438 49
f 48 438 30
f 30 48 49
f 4149 427 43
f 43 427 42
f 4302 4323 4127
f 4300 4127 4323
f 4172 4126 446
f 4225 4320 4125
f 504 4125 4320
f 40 32 38
f 424 38 32
f 36 32 38
f 36 424 38
f 31 32 38
f 40 31 38
f 44 32 38
f 44 40 38
f 44 38 36
f 44 31 38
f 452 4124 500
f 4124 452 4162
f 4123 4276 4275
f 4123 4275 4161
f 4276 4123 4142
f 4122 451 439
f 4221 4241 4121
f 415 4221 4120
f 4121 4120 4221
f 4168 4191 4119
f 4167 4118 4236
f 48 4166 433
f 30 433 4148
f 30 48 433
f 49 35 4117
f 4181 4116 4215
f 4147 4215 4116
f 4146 4186 4115
f 4135 4115 4186
f 4182 4183 4114
f 4181 4182 4114
f 4116 4181 4114
f 437 427 436
f 4180 4247 436
f 42 427 436
f 42 436 4247
f 42 436 437
f 33 4180 501
f 33 501 4177
f 403 33 501
f 503 4113 448
f 4174 4112 4176
f 4145 4176 4112
f 4174 4245 4111
f 4163 4111 4245
f 4112 4174 4111
f 4267 409 470
f 4244 470 409
f 447 446 4110
f 4126 4110 446
f 442 4109 4161
f 44 40 41
f 38 40 41
f 38 44 41
f 36 424 45
f 38 424 45
f 38 36 45
f 41 38 45
f 40 31 52
f 37 40 52
f 37 31 52
f 38 40 52
f 38 31 52
f 41 40 52
f 41 38 52
f 45 38 52
f 45 41 52
f 401 23 451
f 401 451 4122
f 4159 4108 4170
f 39 23 46
f 34 23 46
f 34 39 46
f 4208 39 46
f 422 34 46
f 4206 4107 4241
f 4131 4107 4206
f 4107 4121 4241
f 416 56 450
f 4155 450 56
f 421 450 56
f 4137 4106 4239
f 4155 435 453
f 4137 453 435
f 4150 4168 4105
f 4119 4105 4168
f 435 453 434
f 4153 4104 4191
f 4119 4191 4104
f 4167 4281 4103
f 4136 4103 4281
f 49 47 443
f 35 443 47
f 49 35 47
f 4151 4189 4102
f 4151 4102 4153
f 4104 4153 4102
f 4135 4165 4101
f 4178 4100 437
f 4177 4100 4178
f 436 437 4100
f 436 4100 4180
f 4100 501 4180
f 4100 4177 501
f 4144 4099 4172
f 4126 4172 4099
f 4141 4097 4160
f 4161 4096 4123
f 36 424 53
f 40 31 53
f 37 40 53
f 37 31 53
f 38 40 53
f 38 424 53
f 38 36 53
f 38 31 53
f 41 40 53
f 41 38 53
f 45 424 53
f 45 36 53
f 45 38 53
f 45 41 53
f 53 40 52
f 53 31 52
f 53 37 52
f 53 38 52
f 53 41 52
f 53 45 52
f 4141 4170 4095
f 4095 4170 4108
f 4097 4141 4095
f 4159 432 4094
f 4108 4159 4094
f 39 23 59
f 59 23 401
f 59 23 46
f 59 46 39
f 4093 4243 500
f 4243 4093 4198
f 441 4092 440
f 4207 4208 4091
f 46 4091 4208
f 4138 4207 4090
f 4091 4090 4207
f 4237 4089 4305
f 4190 4305 4089
f 4165 4148 4088
f 433 4088 4148
f 4101 4165 4088
f 30 48 412
f 433 48 412
f 433 30 412
f 4250 4087 4280
f 4235 4280 4087
f 4164 4086 4183
f 4114 4183 4086
f 4184 4185 418
f 4234 4302 4085
f 4127 4085 4302
f 4175 4179 4084
f 4146 4084 4179
f 4227 4083 4300
f 4127 4300 4083
f 4144 4175 4082
f 4084 4082 4175
f 444 4081 503
f 4211 4080 4162
f 4080 4211 4145
f 4080 4145 4112
f 4160 430 445
f 432 430 445
f 4097 430 4160
f 432 431 445
f 430 445 431
f 430 432 431
f 36 447 4079
f 4110 4079 447
f 504 502 429
f 4171 429 504
f 41 428 40
f 52 40 428
f 52 41 428
f 4222 4078 4297
f 4139 4297 4078
f 4106 4137 4077
f 4239 4076 4240
f 4106 4076 4239
f 4075 433 412
f 47 35 4074
f 42 427 406
f 43 427 406
f 42 43 406
f 436 406 427
f 436 42 406
f 4216 4073 4332
f 4185 4332 4073
f 444 448 4072
f 4113 4072 448
f 4081 444 4072
f 501 426 403
f 38 4071 44
f 425 442 44
f 44 40 425
f 38 40 425
f 38 44 425
f 442 425 4109
f 41 40 425
f 41 44 425
f 41 38 425
f 4098 442 425
f 4071 425 44
f 4071 38 425
f 4094 432 4070
f 431 4070 432
f 38 424 423
f 45 424 423
f 45 38 423
f 52 38 423
f 52 45 423
f 53 424 423
f 53 38 423
f 53 45 423
f 52 53 423
f 34 39 398
f 27 398 34
f 422 398 34
f 46 39 398
f 46 34 398
f 46 422 398
f 4069 441 4223
f 441 4069 4092
f 4068 440 4092
f 421 413 450
f 4120 413 415
f 56 450 413
f 56 421 413
f 4077 4067 4106
f 4240 4066 4253
f 4076 4066 4240
f 4252 4253 4065
f 4066 4065 4253
f 4105 4119 4064
f 4104 4064 4119
f 4154 4063 4218
f 4129 4218 4063
f 70 47 58
f 4149 4061 4152
f 43 4061 4149
f 4062 4152 4061
f 4115 4135 4060
f 4101 4060 4135
f 4115 4059 4146
f 4084 4146 4059
f 4099 4144 4058
f 4082 4058 4144
f 4173 4057 4199
f 420 4109 425
f 41 420 425
f 4056 4143 4142
f 4055 4142 4123
f 4142 4055 4056
f 4108 4054 4095
f 4094 4054 4108
f 34 39 60
f 27 34 60
f 46 39 60
f 46 34 60
f 398 39 60
f 398 34 60
f 398 27 60
f 398 46 60
f 4242 4053 4223
f 4223 4053 4069
f 4052 4242 4255
f 4242 4052 4053
f 4092 4051 4068
f 4120 4121 4050
f 4049 413 4120
f 4050 4049 4120
f 4251 4252 4048
f 4220 4251 4048
f 4065 4048 4252
f 4136 4152 4047
f 4047 4152 4062
f 412 4046 4075
f 58 4046 47
f 70 47 51
f 4188 4187 4045
f 4061 43 4044
f 49 4236 419
f 49 35 419
f 4118 419 4236
f 4117 419 49
f 4117 35 419
f 47 49 419
f 47 35 419
f 4074 35 419
f 4074 419 47
f 4046 419 47
f 4046 412 419
f 51 419 4118
f 51 47 419
f 4043 4060 4101
f 4134 4184 54
f 418 54 4184
f 4110 4126 4042
f 4099 4042 4126
f 4163 4199 4041
f 4041 4199 4057
f 417 403 4133
f 426 403 417
f 403 4040 4173
f 4057 4173 4040
f 45 36 4039
f 4079 4039 36
f 4122 397 401
f 397 398 60
f 4256 4038 4255
f 4038 4256 4158
f 4255 4038 4052
f 4037 4197 4196
f 4090 4036 4138
f 4132 4138 4035
f 4036 4035 4138
f 4033 4068 4051
f 4068 4033 4034
f 4050 4121 4032
f 4206 4263 4031
f 4131 4206 4031
f 4130 4031 4263
f 416 414 466
f 415 466 414
f 415 416 414
f 56 416 414
f 56 421 414
f 413 414 415
f 413 414 421
f 413 56 414
f 4154 4156 4030
f 4063 4154 4030
f 56 385 4155
f 435 4155 385
f 435 385 4137
f 434 385 435
f 4077 4137 385
f 4118 4167 4027
f 4103 4027 4167
f 51 4118 4027
f 4102 4026 4104
f 4028 4104 4026
f 4129 4025 4164
f 4086 4164 4025
f 42 4188 4024
f 4045 4024 4188
f 4147 4023 4187
f 4045 4187 4023
f 4114 4022 4116
f 4086 4022 4114
f 49 48 50
f 49 30 50
f 30 48 50
f 412 48 50
f 412 30 50
f 419 50 49
f 419 412 50
f 4021 4112 4111
f 4112 4021 4080
f 4111 4163 4020
f 4041 4020 4163
f 4111 4020 4021
f 4042 4019 4110
f 4079 4110 4018
f 4019 4018 4110
f 4162 4017 4124
f 4017 4162 4080
f 4095 4016 4097
f 430 4097 4016
f 4143 4015 4133
f 4015 4143 4056
f 4133 4015 417
f 4014 4161 4109
f 4161 4014 4096
f 4016 4095 4013
f 4012 500 4124
f 500 4012 4093
f 4011 439 440
f 439 4011 4122
f 4011 440 4068
f 4011 4068 4034
f 4107 4131 4010
f 4121 4107 4010
f 4010 4131 4032
f 4010 4032 4121
f 4067 4077 407
f 407 4009 4067
f 4076 4106 4008
f 4067 4008 4106
f 4009 4008 4067
f 4192 4220 4007
f 4048 4007 4220
f 4006 4029 70
f 70 47 57
f 58 47 57
f 58 70 57
f 51 47 57
f 51 57 70
f 4027 4005 51
f 57 51 4005
f 4088 433 4004
f 4075 4004 433
f 4088 4003 4101
f 4043 4101 4003
f 4128 4235 4002
f 4087 4002 4235
f 4116 4000 4147
f 4023 4147 4000
f 4000 4116 4022
f 4134 3999 4250
f 4087 4250 3999
f 205 404 4210
f 4210 404 503
f 4081 404 503
f 4113 503 411
f 404 411 503
f 409 4267 410
f 409 410 4244
f 4125 3998 4225
f 409 4225 3998
f 4018 3997 4079
f 3996 4109 420
f 4014 4109 3996
f 428 62 41
f 420 62 41
f 52 37 408
f 3995 4092 4069
f 4092 3995 4051
f 3994 4169 4197
f 3994 4197 4037
f 4198 3993 4196
f 3993 4198 4093
f 4196 3993 4037
f 4132 3992 4222
f 4078 4222 3992
f 4035 3992 4132
f 4051 3991 4033
f 3991 4051 3995
f 3989 4034 4033
f 4034 3989 3990
f 4008 4009 3988
f 4156 4195 3987
f 4030 4156 3987
f 4238 3986 4219
f 4103 4136 3985
f 4047 3985 4136
f 4027 4103 3985
f 4128 3984 4237
f 4089 4237 3984
f 4105 3983 4150
f 4026 4102 3982
f 4150 3981 4189
f 4102 4189 3981
f 3983 3981 4150
f 3982 4102 3981
f 4060 3980 4115
f 4059 4115 3980
f 418 4185 63
f 4073 63 4185
f 54 63 4134
f 54 418 63
f 4234 3979 4216
f 4085 3979 4234
f 205 3978 4227
f 4083 4227 3978
f 4058 3977 4099
f 4042 4099 3977
f 4125 504 3976
f 429 3976 504
f 397 401 55
f 4209 3975 4224
f 52 37 68
f 53 37 68
f 52 53 68
f 408 37 68
f 408 52 68
f 3974 4158 4140
f 4158 3974 4038
f 4036 4090 3973
f 385 3972 4077
f 407 4077 3972
f 4204 3971 4205
f 4203 4205 3970
f 3971 3970 4205
f 3971 4204 3969
f 4195 4203 3968
f 3968 3987 4195
f 3970 3968 4203
f 4192 3967 4193
f 4007 3967 4192
f 4064 4104 3965
f 3966 4064 3965
f 4064 3964 4105
f 3966 3964 4064
f 4130 4219 3963
f 3963 4219 3986
f 3962 3983 4105
f 3964 3962 4105
f 4028 347 4104
f 3965 4104 347
f 385 434 3961
f 434 435 3960
f 3961 434 3960
f 4026 3959 4028
f 3959 4026 3982
f 42 43 405
f 406 42 405
f 406 43 405
f 4044 43 405
f 4024 405 42
f 4001 406 405
f 4072 3958 4081
f 404 4081 3958
f 431 430 3957
f 392 3957 430
f 4070 431 3956
f 3957 3956 431
f 4016 390 430
f 392 430 390
f 426 505 403
f 417 403 505
f 417 505 426
f 4040 403 505
f 52 37 402
f 52 45 402
f 53 37 402
f 53 45 402
f 52 53 402
f 4039 402 45
f 402 37 68
f 402 52 68
f 402 53 68
f 4013 4095 3955
f 4070 3954 4094
f 4139 3953 4209
f 3975 4209 3953
f 4054 4094 3952
f 3954 3952 4094
f 428 52 3951
f 408 3951 52
f 4054 3950 4095
f 3955 4095 3950
f 3952 3949 4054
f 3950 4054 3949
f 3948 4169 3994
f 4034 3947 4011
f 3947 4034 3990
f 3995 3946 3991
f 3945 4033 3991
f 4033 3945 3989
f 3988 3943 4008
f 4194 3941 4204
f 3969 4204 3941
f 4193 3940 4194
f 3967 3940 4193
f 3941 4194 3940
f 385 384 435
f 3960 435 384
f 4005 389 57
f 4063 3939 4129
f 4025 4129 3939
f 4190 3938 4238
f 4089 3938 4190
f 3986 4238 3938
f 4025 3937 4086
f 4022 4086 3937
f 4003 3936 4043
f 54 394 418
f 63 418 394
f 63 54 394
f 4072 4113 3935
f 411 3935 4113
f 3958 4072 3935
f 411 4113 3934
f 410 3934 4244
f 3933 4080 4021
f 4080 3933 4017
f 3956 3932 4070
f 3954 4070 3932
f 4171 4224 3931
f 429 4171 3931
f 3975 3931 4224
f 420 41 396
f 420 396 3996
f 62 396 41
f 62 420 396
f 3930 4140 4157
f 4140 3930 3974
f 4169 3929 4157
f 3929 4169 3948
f 4157 3929 3930
f 3926 3990 3989
f 3990 3926 3927
f 3925 3943 3988
f 3988 4009 3924
f 3924 3925 3988
f 4009 407 3923
f 3924 4009 3923
f 4032 3922 4050
f 4049 4050 3921
f 3922 3921 4050
f 413 4049 3920
f 3921 3920 4049
f 4066 4076 3919
f 4065 4066 3919
f 4008 3919 4076
f 3943 3919 4008
f 3942 3919 3943
f 4046 3918 4075
f 4004 4075 3918
f 4004 3917 4088
f 4003 4088 3917
f 3916 3936 4003
f 3917 3916 4003
f 4044 69 4061
f 405 69 4044
f 4060 4043 3915
f 3980 4060 3915
f 3936 3915 4043
f 4082 4084 3914
f 4059 3914 4084
f 4058 4082 3913
f 3914 3913 4082
f 3997 4018 3912
f 3912 3911 3997
f 4039 4079 3910
f 3997 3910 4079
f 3911 3910 3997
f 3909 4124 4017
f 4124 3909 4012
f 3908 4123 4096
f 4123 3908 4055
f 3907 4096 4014
f 4096 3907 3908
f 401 61 59
f 397 401 61
f 60 397 61
f 55 401 61
f 55 397 61
f 396 395 62
f 3906 4069 4053
f 4069 3906 3995
f 3995 3906 3946
f 3928 3946 3906
f 3990 3905 3947
f 3990 3927 3905
f 3904 3991 3946
f 3991 3904 3945
f 3972 393 407
f 3923 407 393
f 400 407 393
f 4032 4131 3903
f 4031 3903 4131
f 3922 4032 3903
f 3999 3902 4087
f 3999 4134 3901
f 63 3901 4134
f 394 3901 63
f 4019 4042 3900
f 3977 3900 4042
f 390 3899 392
f 4018 4019 3898
f 3912 4018 3898
f 3900 3898 4019
f 3897 4021 4020
f 4021 3897 3933
f 4041 3896 4020
f 4020 3896 3897
f 3996 3895 4014
f 4014 3895 3907
f 55 397 64
f 61 397 64
f 61 55 64
f 4078 3894 4139
f 3953 4139 3894
f 46 380 422
f 4091 46 380
f 398 422 380
f 398 46 380
f 60 46 380
f 60 398 380
f 4090 4091 3893
f 3973 4090 3893
f 380 3893 4091
f 3906 3892 3928
f 3973 3891 4036
f 3889 3946 3928
f 3946 3889 3904
f 3888 3989 3945
f 3989 3888 3926
f 3942 3943 3886
f 3943 3925 3886
f 3942 3885 3944
f 3887 3944 3885
f 3886 3885 3942
f 3884 393 3972
f 3887 3883 3944
f 3972 385 3882
f 3884 3972 3882
f 3883 3881 3944
f 414 413 3880
f 3920 3880 413
f 3942 3944 3879
f 3919 3942 3879
f 3881 3879 3944
f 414 3878 56
f 4048 4065 3877
f 4007 4048 3877
f 3919 3877 4065
f 58 70 65
f 57 70 65
f 57 58 65
f 389 65 57
f 58 399 70
f 65 70 399
f 65 58 399
f 385 56 383
f 384 383 385
f 3878 383 56
f 4005 4027 3876
f 389 4005 3876
f 4062 3875 4047
f 347 4028 3874
f 3959 3874 4028
f 4061 71 4062
f 69 71 4061
f 3875 4062 71
f 3874 3959 3873
f 4000 3872 4023
f 4022 3871 4000
f 3937 3871 4022
f 3871 3872 4000
f 3902 3999 3870
f 3870 3999 3901
f 3980 3869 4059
f 3914 4059 3869
f 3977 4058 3868
f 3913 3868 4058
f 390 4016 3866
f 3910 3911 3865
f 4013 3864 4016
f 3955 3864 4013
f 3866 4016 3864
f 3863 4056 4055
f 4056 3863 4015
f 3863 4055 3908
f 3862 4093 4012
f 4093 3862 3993
f 4037 3861 3994
f 3861 4037 3993
f 4035 4036 3860
f 3891 3860 4036
f 3858 3928 3890
f 3928 3858 3889
f 3927 3857 3905
f 4031 4130 3856
f 3963 3856 4130
f 3882 385 3855
f 3985 4047 3854
f 3875 3854 4047
f 63 4073 3853
f 410 409 3852
f 3998 3852 409
f 59 67 46
f 398 46 67
f 60 46 67
f 60 398 67
f 397 67 398
f 60 397 67
f 67 4011 3947
f 67 59 61
f 61 67 60
f 61 397 67
f 64 67 397
f 64 61 67
f 380 46 67
f 380 398 67
f 380 60 67
f 62 428 74
f 3951 74 428
f 396 62 74
f 395 74 62
f 395 396 74
f 3851 4053 4052
f 3851 4052 4038
f 3851 4038 3974
f 4053 3851 3906
f 3893 3850 3973
f 3891 3973 3850
f 3849 3928 3892
f 3928 3849 3890
f 3890 3848 3859
f 3848 3890 3849
f 3992 4035 3847
f 3860 3847 4035
f 3846 3945 3904
f 3945 3846 3888
f 3880 3845 414
f 3878 414 3845
f 4030 3844 4063
f 3987 3844 4030
f 3939 4063 3844
f 3876 3843 389
f 4002 3842 4128
f 3984 4128 3842
f 4002 4087 3841
f 3902 3841 4087
f 4073 4216 3840
f 3979 3840 4216
f 3840 3853 4073
f 3869 3980 3839
f 63 506 54
f 394 54 506
f 394 63 506
f 3853 506 63
f 404 3837 205
f 3978 205 3837
f 3934 410 3836
f 3867 3934 3836
f 3836 410 3852
f 3998 4125 3834
f 3976 3834 4125
f 55 401 508
f 61 508 401
f 61 55 508
f 64 508 55
f 64 61 508
f 3833 3996 396
f 3996 3833 3895
f 3832 3890 3859
f 3890 3832 3858
f 3857 3927 3831
f 3830 3927 3926
f 3830 3926 3888
f 3927 3830 3831
f 3923 507 3924
f 393 507 3923
f 393 507 400
f 393 400 66
f 393 3884 66
f 507 66 400
f 507 393 66
f 3881 3883 3829
f 347 387 3965
f 4046 58 3828
f 3918 4046 3828
f 399 3828 58
f 3916 3917 3827
f 3984 3826 4089
f 3938 4089 3826
f 3983 3962 3825
f 3981 3983 3823
f 3825 3823 3983
f 3982 3822 3959
f 3981 3821 3982
f 3823 3821 3981
f 3822 3982 3821
f 3957 392 3820
f 3956 3957 3820
f 390 392 391
f 3899 391 392
f 3899 390 391
f 3820 392 391
f 3976 429 3819
f 3931 3819 429
f 508 3818 55
f 3950 3817 3955
f 3949 3816 3950
f 3817 3950 3816
f 3992 3815 4078
f 3894 4078 3815
f 3905 3814 3947
f 67 3947 3814
f 3812 3904 3889
f 3812 3889 3858
f 3904 3812 3846
f 3811 3888 3846
f 3888 3811 3830
f 3925 3924 3810
f 3810 3924 507
f 3882 3809 3884
f 66 3884 3809
f 3920 3921 3808
f 3880 3920 3807
f 3808 3807 3920
f 4006 70 388
f 57 70 388
f 389 57 388
f 65 70 388
f 65 57 388
f 65 389 388
f 3843 388 389
f 3964 3966 3806
f 3962 3964 3806
f 3806 3805 3962
f 3874 3804 347
f 387 347 3804
f 3918 3803 4004
f 3917 4004 3803
f 3803 3827 3917
f 3985 3802 4027
f 3876 4027 3802
f 3960 386 3961
f 384 386 3960
f 3939 3801 4025
f 3937 4025 3801
f 71 3800 69
f 3873 3959 3799
f 3799 3959 3822
f 3936 3916 3798
f 3900 3977 3797
f 3868 3797 3977
f 3932 3956 3796
f 3820 3796 3956
f 3866 3795 390
f 391 390 3795
f 3911 3912 3794
f 402 4039 3793
f 3910 3793 4039
f 3864 3955 3792
f 3792 3955 3817
f 3791 4012 3909
f 4012 3791 3862
f 3952 3954 3790
f 3949 3952 3790
f 3790 3816 3949
f 3906 3789 3892
f 3892 3789 3849
f 3788 3859 3848
f 3813 3859 3788
f 3857 3787 3905
f 3814 3905 3787
f 3883 3887 3786
f 3855 3785 3882
f 3809 3882 3785
f 3879 3881 3784
f 3829 3784 3881
f 3879 3783 3919
f 3877 3919 3783
f 3827 3782 3916
f 3798 3916 3782
f 3915 3936 3781
f 3798 3781 3936
f 3796 3780 3932
f 3779 4041 4057
f 3778 4057 4040
f 4057 3778 3779
f 3932 3777 3954
f 3790 3954 3777
f 3859 3776 3832
f 3776 3859 3813
f 66 3775 507
f 3809 3774 66
f 3775 66 3774
f 3886 3925 3773
f 3810 3773 3925
f 3885 3772 3887
f 3772 3786 3887
f 3921 3922 3771
f 3808 3921 3771
f 3987 3968 3770
f 3844 3987 3770
f 3961 382 385
f 384 385 382
f 383 385 382
f 383 384 382
f 386 382 3961
f 386 384 382
f 3901 394 3769
f 506 3769 394
f 3935 411 3768
f 3934 3768 411
f 3838 3935 3768
f 3898 3767 3912
f 3794 3912 3767
f 3766 3933 3897
f 3766 3897 3896
f 3835 3867 3765
f 3865 3911 3764
f 3794 3764 3911
f 3865 3763 3910
f 3793 3910 3763
f 61 55 72
f 67 61 72
f 3818 72 55
f 3762 3906 3851
f 3906 3762 3789
f 3850 3893 3761
f 3994 3760 3948
f 3760 3994 3861
f 3849 3759 3848
f 3759 3849 3789
f 3848 3759 3788
f 3850 3758 3891
f 3761 3758 3850
f 3787 3857 3757
f 3756 3858 3832
f 3858 3756 3812
f 3831 3755 3857
f 3757 3857 3755
f 3754 3846 3812
f 3846 3754 3811
f 3829 3883 3753
f 3786 3753 3883
f 3903 3752 3922
f 3771 3922 3752
f 3967 4007 3751
f 3877 3751 4007
f 3783 3751 3877
f 3843 3876 3750
f 3870 3748 3902
f 3824 3748 3870
f 3871 3937 3747
f 3872 3871 3747
f 3801 3747 3937
f 3901 3746 3870
f 3769 3746 3901
f 3769 506 3745
f 3768 3744 3838
f 3867 3743 3934
f 3768 3934 3743
f 3898 3900 3742
f 3797 3742 3900
f 3767 3898 3742
f 4041 3741 3896
f 3741 4041 3779
f 3896 3741 3766
f 3765 3740 3835
f 505 3739 4040
f 4040 3739 3778
f 3738 4017 3933
f 4017 3738 3909
f 3909 3738 3791
f 3738 3933 3766
f 356 396 74
f 396 356 3833
f 3847 3736 3992
f 3815 3992 3736
f 507 3735 3810
f 3775 3735 507
f 3785 3734 3809
f 3784 3733 3879
f 3783 3879 3733
f 372 3843 3750
f 3873 381 3874
f 3782 3827 3732
f 3748 3824 3731
f 4024 4045 3730
f 3799 509 3873
f 381 3873 509
f 4023 3729 4045
f 3729 3730 4045
f 3824 3870 3728
f 3728 3870 3746
f 506 3853 3727
f 3727 3745 506
f 4085 4127 3726
f 4083 3726 4127
f 3838 3725 3935
f 3744 3725 3838
f 3835 3724 3867
f 3743 3867 3724
f 3795 3866 3723
f 3864 3722 3866
f 3723 3866 3722
f 3721 3895 3833
f 3895 3721 3737
f 67 366 380
f 3720 3974 3930
f 3974 3720 3851
f 3860 3891 3719
f 3758 3719 3891
f 3885 3886 3718
f 3773 3718 3886
f 3772 3885 3718
f 3784 3829 3717
f 3903 4031 3716
f 3856 3716 4031
f 3845 3880 3715
f 3940 3967 3714
f 3751 3714 3967
f 383 3878 73
f 3845 73 3878
f 3785 3855 73
f 3715 73 3845
f 382 383 511
f 73 511 383
f 3844 3713 3939
f 3801 3939 3713
f 3827 3803 3712
f 3732 3827 3712
f 3842 4002 3711
f 3841 3711 4002
f 3841 3902 3710
f 3748 3710 3902
f 405 4024 3709
f 3730 3709 4024
f 3872 3708 4023
f 3747 3708 3872
f 3729 4023 3708
f 3913 3914 3707
f 3869 3707 3914
f 3868 3913 3706
f 3707 3706 3913
f 3852 3705 3836
f 3852 3998 3704
f 3834 3704 3998
f 3704 3705 3852
f 3836 3703 3867
f 3765 3867 3703
f 3705 3703 3836
f 3702 3907 3895
f 3702 3895 3737
f 68 3701 408
f 68 402 3701
f 3793 3701 402
f 3951 408 3700
f 3701 3700 408
f 3847 3860 3699
f 3719 3699 3860
f 3788 3698 3813
f 3697 3812 3756
f 3812 3697 3754
f 3696 3831 3830
f 3695 3830 3811
f 3695 3811 3754
f 3830 3695 3696
f 3774 3809 3694
f 3734 3694 3809
f 3807 3808 3693
f 3970 3971 3692
f 3969 3691 3971
f 3692 3971 3691
f 3941 3690 3969
f 3691 3969 3690
f 3770 3689 3844
f 3689 3713 3844
f 388 3843 81
f 372 81 3843
f 382 3688 386
f 3842 3687 3984
f 3826 3984 3687
f 3731 3824 3686
f 3728 3686 3824
f 3853 3840 3685
f 3727 3853 3685
f 3979 4085 3684
f 3726 3684 4085
f 3978 3683 4083
f 3726 4083 3683
f 3837 404 3682
f 3725 3682 404
f 3740 3681 3835
f 3724 3835 3681
f 3834 3976 3680
f 3819 3680 3976
f 508 61 367
f 3818 508 367
f 72 61 367
f 72 3818 367
f 72 67 364
f 3893 380 379
f 3761 3893 379
f 366 380 379
f 3814 3679 67
f 364 67 3679
f 3851 3678 3762
f 3678 3789 3762
f 3678 3851 3720
f 3677 3930 3929
f 3930 3677 3720
f 379 3676 3761
f 74 3951 80
f 74 395 80
f 3700 80 3951
f 3789 3675 3759
f 3675 3789 3678
f 3674 3788 3759
f 3698 3788 3674
f 3813 3673 3776
f 3673 3813 3698
f 3672 3832 3776
f 3832 3672 3756
f 3773 3810 3671
f 3735 3671 3810
f 3753 3670 3829
f 3717 3829 3670
f 3968 3970 3669
f 3770 3968 3669
f 3692 3669 3970
f 3807 3668 3880
f 3715 3880 3668
f 3693 3668 3807
f 3940 3667 3941
f 3714 3667 3940
f 3690 3941 3667
f 3804 3666 387
f 3828 3665 3918
f 3803 3918 3665
f 3986 3664 3963
f 3802 3663 3876
f 3750 3876 3663
f 3854 371 3985
f 3802 3985 371
f 3804 3874 3662
f 381 3662 3874
f 3666 3804 3662
f 3731 3661 3748
f 3711 3841 3660
f 3710 3660 3841
f 71 69 82
f 3800 82 69
f 3800 71 82
f 3749 82 71
f 3823 3825 3658
f 3659 3658 3825
f 3822 3657 3799
f 3821 3656 3822
f 3657 3822 3656
f 3839 3655 3869
f 3707 3869 3655
f 3797 3868 3654
f 3706 3654 3868
f 391 3653 3820
f 3795 3652 391
f 3653 391 3652
f 3764 3794 3651
f 505 3650 3739
f 3764 3648 3865
f 3763 3865 3648
f 3740 3765 510
f 3649 3740 510
f 87 3908 3907
f 87 3907 3702
f 3953 3647 3975
f 3817 3646 3792
f 3948 3645 3929
f 3645 3948 3760
f 3929 3645 3677
f 74 512 395
f 80 395 512
f 80 512 74
f 3993 3644 3861
f 3755 3831 3643
f 3643 3831 3696
f 3774 3642 3775
f 3733 3784 3641
f 3717 3641 3784
f 73 3640 3785
f 4029 4006 3639
f 3965 3638 3966
f 387 3638 3965
f 3806 3966 3638
f 3751 3783 3637
f 3733 3637 3783
f 3636 387 3666
f 3638 387 3636
f 3805 3806 3635
f 3638 3635 3806
f 3856 3963 3634
f 3634 3963 3664
f 3635 3633 3805
f 3825 3962 3632
f 3805 3632 3962
f 3632 3659 3825
f 3633 3632 3805
f 69 405 83
f 3709 83 405
f 83 69 82
f 3686 3631 3731
f 509 3799 3630
f 3630 3799 3657
f 3782 79 3798
f 3821 3823 3629
f 3658 3629 3823
f 3656 3821 3629
f 3781 3798 3628
f 79 3628 3798
f 3915 3627 3980
f 3839 3980 3627
f 3781 3627 3915
f 3628 3627 3781
f 3626 3655 3839
f 3627 3626 3839
f 3745 3727 3625
f 3725 3744 3624
f 3796 3820 3623
f 3623 3820 3653
f 3780 3796 3622
f 3623 3622 3796
f 3723 3621 3795
f 3652 3795 3621
f 3681 3740 3620
f 3620 3740 3649
f 3651 3619 3764
f 3766 3618 3738
f 3931 3975 3617
f 3819 3931 3617
f 3617 3975 3647
f 367 72 3616
f 3792 3615 3864
f 3722 3864 3615
f 3615 3792 3646
f 3613 3833 356
f 3833 3613 3721
f 3676 379 374
f 510 374 379
f 3777 3612 3790
f 3614 3612 3777
f 3816 3611 3817
f 3646 3817 3611
f 3816 3790 3610
f 3612 3610 3790
f 3611 3816 3610
f 3609 3993 3862
f 3609 3862 3791
f 3644 3993 3609
f 3758 3761 3608
f 3676 3608 3761
f 3787 3607 3814
f 3679 3814 3607
f 3757 3606 3787
f 3607 3787 3606
f 3605 3754 3697
f 3754 3605 3695
f 3735 3775 3604
f 3642 3604 3775
f 3694 3603 3774
f 3642 3774 3603
f 3771 3602 3808
f 3693 3808 3602
f 388 3601 4006
f 3639 4006 3601
f 399 65 93
f 3712 3600 3732
f 3938 3599 3986
f 3826 3599 3938
f 3664 3986 3599
f 3661 3598 3748
f 3600 3597 3732
f 69 405 378
f 83 378 405
f 83 69 378
f 509 370 381
f 3630 370 509
f 3840 3979 3596
f 3684 3596 3979
f 3744 3745 3595
f 3625 3595 3745
f 3624 3744 3595
f 3837 3594 3978
f 3683 3978 3594
f 3621 3723 3593
f 3622 3592 3780
f 505 377 3650
f 3780 3591 3932
f 3777 3932 3591
f 3592 3591 3780
f 3614 3777 3590
f 3591 3590 3777
f 3703 3589 3765
f 510 3765 3589
f 3908 376 3863
f 376 3908 87
f 510 375 379
f 374 379 375
f 374 510 375
f 3589 375 510
f 3763 3588 3793
f 3701 3793 3588
f 3894 3587 3953
f 3647 3953 3587
f 3606 3757 3585
f 3584 3776 3673
f 3776 3584 3672
f 3755 3583 3757
f 3585 3757 3583
f 3756 3582 3697
f 3582 3756 3672
f 3581 3696 3695
f 3734 3785 3580
f 3640 3580 3785
f 3752 3903 3579
f 3716 3579 3903
f 3689 3770 3578
f 3669 3578 3770
f 388 348 65
f 81 388 348
f 81 372 348
f 348 93 65
f 4029 3577 70
f 388 70 3577
f 3639 3577 4029
f 348 388 3577
f 3828 399 92
f 93 92 399
f 81 373 372
f 348 372 373
f 348 81 373
f 3640 73 3576
f 3663 3575 3750
f 3750 3574 372
f 3575 3574 3750
f 3573 3598 3661
f 3855 385 365
f 382 365 385
f 382 386 365
f 73 3855 365
f 511 365 382
f 511 73 365
f 3688 365 386
f 3688 382 365
f 3576 73 365
f 3573 3661 3572
f 3854 3875 516
f 371 3854 516
f 509 369 381
f 3662 381 369
f 369 381 370
f 369 509 370
f 71 69 368
f 71 368 3875
f 3749 71 368
f 82 368 69
f 82 71 368
f 82 3749 368
f 516 3875 368
f 3661 3731 3571
f 3631 3571 3731
f 3732 352 3782
f 79 3782 352
f 3597 352 3732
f 3742 3797 3570
f 3654 3570 3797
f 3767 3569 3794
f 3651 3794 3569
f 3722 3568 3723
f 3615 3568 3722
f 3593 3723 3568
f 3737 3567 3702
f 67 61 77
f 72 61 77
f 72 67 77
f 366 67 77
f 367 61 77
f 367 72 77
f 364 67 77
f 364 72 77
f 3737 3566 3567
f 379 366 3565
f 510 379 3565
f 510 3565 3649
f 366 380 85
f 379 85 380
f 379 366 85
f 3720 3564 3678
f 3861 3562 3760
f 3562 3861 3644
f 3561 3759 3675
f 3759 3561 3674
f 3678 3560 3675
f 3675 3560 3561
f 3736 3847 3559
f 3699 3559 3847
f 3696 3558 3643
f 3696 3581 3558
f 3671 3735 3557
f 3604 3557 3735
f 3718 3773 3556
f 3671 3556 3773
f 3786 3772 3555
f 3694 3734 3554
f 3580 3554 3734
f 3670 3553 3717
f 3752 3552 3771
f 3602 3771 3552
f 3641 3551 3733
f 3637 3733 3551
f 387 347 3549
f 3572 3548 3573
f 81 372 3547
f 3574 3547 372
f 3662 3546 3666
f 369 3546 3662
f 511 73 75
f 365 73 75
f 365 511 75
f 3548 75 73
f 3548 3572 75
f 3710 3748 3545
f 3598 3545 3748
f 3685 3544 3727
f 3625 3727 3544
f 3682 3725 3543
f 3624 3543 3725
f 3541 3766 3741
f 3766 3541 3618
f 3619 3651 3540
f 3542 3540 3651
f 3649 3538 3620
f 3703 3705 3537
f 3589 3703 3537
f 3565 366 3536
f 3565 3536 3649
f 3538 3649 3536
f 77 99 366
f 85 366 99
f 3536 366 99
f 3535 3791 3738
f 3791 3535 3609
f 3534 3737 3721
f 3737 3534 3566
f 3719 3758 3532
f 3608 3532 3758
f 3674 3531 3698
f 3530 3755 3643
f 3583 3755 3530
f 3697 3529 3605
f 3529 3697 3582
f 3528 3695 3605
f 3695 3528 3581
f 3528 3605 3529
f 3753 3786 3527
f 3555 3527 3786
f 3718 3526 3772
f 3556 3526 3718
f 3641 3717 3525
f 3553 3525 3717
f 3691 3524 3692
f 3668 3693 3523
f 3523 3550 3668
f 3716 3856 3522
f 3634 3522 3856
f 81 3521 388
f 3601 388 3521
f 73 3715 3520
f 3668 3520 3715
f 3598 3573 3520
f 3550 3520 3668
f 3520 3548 73
f 3520 3573 3548
f 3713 3689 3519
f 3578 3519 3689
f 3712 3803 3518
f 3665 3518 3803
f 3597 3600 3517
f 3572 3661 3516
f 3571 3516 3661
f 3713 3515 3801
f 3660 78 3711
f 3517 3514 3597
f 3747 3801 3512
f 3708 3747 3512
f 3515 3512 3801
f 3742 3511 3767
f 3570 3511 3742
f 3569 3767 3511
f 3779 3510 3741
f 3741 3510 3541
f 3509 3779 3778
f 3778 3539 3509
f 3779 3509 3510
f 3705 3704 3507
f 3507 3537 3705
f 3648 3764 3506
f 3619 3506 3764
f 3535 3738 3505
f 364 363 72
f 77 72 363
f 77 364 363
f 74 350 356
f 350 74 80
f 374 3504 3676
f 3608 3676 3504
f 349 80 3586
f 3586 513 349
f 350 349 80
f 3815 3503 3894
f 3587 3894 3503
f 362 80 512
f 80 362 3586
f 3533 3502 362
f 3586 88 513
f 88 3586 362
f 3501 3678 3564
f 3678 3501 3560
f 3698 3500 3673
f 3500 3698 3531
f 3499 3672 3584
f 3672 3498 3582
f 3498 3672 3499
f 3497 3558 3581
f 3497 3581 3528
f 3603 3694 3496
f 3554 3496 3694
f 3669 3692 3495
f 3524 3495 3692
f 3714 3751 3494
f 3667 3714 3493
f 3494 3493 3714
f 3520 3550 3492
f 3687 3491 3826
f 3599 3826 3491
f 3660 3710 359
f 3545 359 3710
f 78 3660 359
f 3711 3490 3842
f 3687 3842 3490
f 78 3490 3711
f 370 3489 369
f 3513 369 3489
f 3685 3840 3488
f 3596 3488 3840
f 3682 518 3837
f 3594 3837 518
f 3508 3487 3593
f 3704 3834 3486
f 3680 3486 3834
f 3507 3704 3486
f 3680 3819 3485
f 3617 3485 3819
f 3679 3484 364
f 3607 3484 3679
f 363 364 3484
f 3699 3719 3483
f 3532 3483 3719
f 3482 3561 3560
f 3673 3481 3584
f 3481 3673 3500
f 3584 3481 3499
f 3480 3643 3558
f 3643 3480 3530
f 3670 3753 3479
f 3527 3479 3753
f 3551 3641 3478
f 3525 3478 3641
f 3690 3477 3691
f 3667 3477 3690
f 3524 3691 3477
f 3637 3476 3751
f 3476 3494 3751
f 365 3475 3576
f 3545 3598 3474
f 3520 3474 3598
f 3492 3474 3520
f 75 3472 365
f 75 3572 3472
f 3516 3472 3572
f 3519 3471 3713
f 3515 3713 3471
f 3514 3517 3470
f 3513 3468 369
f 352 79 3467
f 3465 3738 3618
f 3465 3618 3541
f 3738 3465 3505
f 3568 3464 3593
f 3508 3593 3464
f 3536 86 3538
f 99 85 86
f 99 86 3536
f 367 72 76
f 364 72 76
f 3616 72 76
f 3616 76 367
f 77 72 76
f 77 367 76
f 77 364 76
f 99 77 76
f 375 3463 374
f 3462 3721 3613
f 3721 3462 3534
f 3504 374 361
f 3463 361 374
f 3461 3720 3677
f 3720 3461 3564
f 3460 3677 3645
f 3677 3460 3461
f 3760 3459 3645
f 3459 3760 3562
f 512 355 3563
f 88 513 360
f 3458 3674 3561
f 3674 3458 3531
f 3561 3482 3458
f 3531 3457 3500
f 3500 3456 3481
f 3456 3499 3481
f 3456 3500 3457
f 3499 3455 3498
f 3455 3499 3456
f 3582 3454 3529
f 3454 3582 3498
f 3454 3498 3455
f 3529 3453 3528
f 3453 3529 3454
f 3557 3452 3671
f 3556 3671 3452
f 3551 3451 3637
f 3476 3637 3451
f 3576 3450 3640
f 3475 365 3449
f 3632 3633 3448
f 3448 3447 3632
f 3468 3513 3445
f 3470 3444 3514
f 3469 3444 3470
f 3444 3469 3446
f 3708 3443 3729
f 3512 3443 3708
f 3659 3632 3442
f 3447 3442 3632
f 352 3597 3441
f 3514 3441 3597
f 3544 3440 3625
f 3543 3624 3439
f 3569 3438 3651
f 3542 3651 3438
f 3540 3542 3437
f 3466 3437 3542
f 3487 3508 3436
f 3648 3435 3763
f 3588 3763 3435
f 375 3589 3434
f 3537 3434 3589
f 3463 375 3434
f 3433 512 3563
f 512 3433 362
f 3736 3432 3815
f 3559 3432 3736
f 3503 3815 3432
f 3431 3560 3501
f 3560 3431 3482
f 3430 3558 3497
f 3558 3430 3480
f 3528 3429 3497
f 3429 3528 3453
f 3603 3428 3642
f 3604 3642 3427
f 3428 3427 3642
f 3580 3640 3426
f 3426 3640 3450
f 3602 3425 3693
f 3523 3693 3425
f 3495 3524 3424
f 3550 3523 3423
f 3492 3550 3423
f 81 90 388
f 348 388 90
f 348 81 90
f 93 348 90
f 92 93 90
f 3636 3422 3638
f 3635 3638 3421
f 3422 3421 3638
f 3493 3420 3667
f 3477 3667 3420
f 3666 3419 3636
f 3422 3636 3419
f 3633 3635 3418
f 3418 3448 3633
f 3421 3418 3635
f 3663 3802 3417
f 371 3417 3802
f 3416 3446 3469
f 3415 3468 3445
f 3446 3415 3445
f 3415 3446 3416
f 3489 3414 3513
f 3445 3513 3414
f 3658 3659 3413
f 3442 3413 3659
f 352 351 79
f 3657 3412 3630
f 3629 3658 3411
f 3413 3411 3658
f 3656 3410 3657
f 3412 3657 3410
f 3629 3409 3656
f 3411 3409 3629
f 3410 3656 3409
f 3628 79 3408
f 3627 3628 3408
f 351 3408 79
f 3653 3407 3623
f 3622 3623 3406
f 3407 3406 3623
f 3652 3405 3653
f 3407 3653 3405
f 3621 3404 3652
f 3405 3652 3404
f 3592 3622 3403
f 3406 3403 3622
f 3593 3402 3621
f 3404 3621 3402
f 3591 3592 3400
f 3403 3400 3592
f 3399 3487 3436
f 3398 3778 3739
f 3398 3739 3650
f 3778 3398 3539
f 3437 3466 3397
f 3401 3397 3466
f 3397 3399 3436
f 3399 3397 3401
f 3590 3591 3396
f 3400 3396 3591
f 3540 3395 3619
f 3506 3619 3395
f 3396 3394 3590
f 3590 3393 3614
f 3394 3393 3590
f 3505 3392 3535
f 3646 3391 3615
f 3611 3390 3646
f 3391 3646 3390
f 3612 3614 3389
f 3393 3389 3614
f 3610 3388 3611
f 3390 3611 3388
f 3610 3612 3387
f 3389 3387 3612
f 3388 3610 3387
f 3644 3386 3562
f 3564 3385 3501
f 3385 3564 3461
f 3606 3384 3607
f 3585 3383 3606
f 3384 3606 3383
f 3583 3382 3585
f 3383 3585 3382
f 3530 3381 3583
f 3382 3583 3381
f 3380 3530 3480
f 3530 3380 3381
f 3557 3604 3379
f 3452 3557 3379
f 3427 3379 3604
f 3526 3556 3378
f 3525 3553 3377
f 3553 3670 3376
f 3479 3376 3670
f 3377 3553 3376
f 3555 3772 3375
f 3526 3375 3772
f 3378 3375 3526
f 3579 3374 3752
f 3552 3752 3374
f 348 81 3373
f 3547 3373 81
f 3546 3372 3666
f 3419 3666 3372
f 3600 3712 3371
f 3518 3371 3712
f 3471 3519 3370
f 3546 369 3369
f 3372 3546 3369
f 359 3545 3368
f 3474 3368 3545
f 359 78 103
f 3730 3729 3367
f 3443 3367 3729
f 370 3630 3366
f 3412 3366 3630
f 3746 3769 3365
f 3746 3365 3728
f 3595 3625 3364
f 3595 3364 3624
f 3440 3364 3625
f 3439 3624 3364
f 3724 3363 3743
f 3511 3362 3569
f 3464 3361 3508
f 3436 3508 3361
f 3436 3361 3397
f 363 517 77
f 76 77 517
f 3568 3615 3360
f 3391 3360 3615
f 3700 3701 3359
f 3588 3359 3701
f 3484 3607 3358
f 3384 3358 3607
f 3532 3608 3357
f 3504 3357 3608
f 3356 3531 3458
f 3531 3356 3457
f 3355 3458 3482
f 3458 3355 3356
f 3455 3354 3454
f 3454 3353 3453
f 3453 3353 3429
f 3353 3454 3354
f 3496 3352 3603
f 3428 3603 3352
f 3554 3580 3351
f 3426 3351 3580
f 3478 3350 3551
f 3451 3551 3350
f 3552 3349 3602
f 3425 3602 3349
f 3578 3669 3348
f 3519 3578 3348
f 3495 3348 3669
f 3348 3370 3519
f 3474 3492 3347
f 3423 3347 3492
f 3347 3368 3474
f 3547 3574 3346
f 3574 3575 3345
f 3346 3574 3345
f 3575 3663 3344
f 3417 3344 3663
f 3345 3575 3344
f 3449 365 3343
f 359 78 102
f 3368 102 359
f 102 78 103
f 102 359 103
f 3445 3342 3446
f 3414 3342 3445
f 3631 3686 3341
f 3686 3728 3340
f 3340 3728 3365
f 3341 3686 3340
f 3745 3339 3769
f 3365 3769 3339
f 3544 3685 3338
f 3488 3338 3685
f 3339 3745 3337
f 3706 3707 3336
f 3655 3336 3707
f 3744 3335 3745
f 3337 3745 3335
f 3654 3706 3334
f 3336 3334 3706
f 3543 3333 3682
f 518 3682 3333
f 3744 3768 3332
f 3743 3332 3768
f 3332 3743 3363
f 3335 3744 3332
f 3681 3331 3724
f 3363 3724 3331
f 3620 3330 3681
f 3331 3681 3330
f 3537 3507 3329
f 3434 3537 3329
f 86 85 358
f 3328 3702 3567
f 3327 3567 3566
f 3567 3327 3328
f 3702 3326 87
f 3702 3328 3326
f 3566 3325 3327
f 3645 3324 3460
f 3324 3645 3459
f 3609 3323 3644
f 3644 3323 3386
f 357 356 3563
f 357 3563 355
f 3613 3322 3462
f 3563 3322 3433
f 3559 3699 3321
f 3483 3321 3699
f 3501 354 3431
f 354 3501 3385
f 3320 3482 3431
f 3482 3320 3355
f 3457 3319 3456
f 3456 3319 3455
f 3319 3457 3356
f 3354 3455 3319
f 3318 3356 3355
f 3356 3318 3319
f 3354 3319 3318
f 3497 3317 3430
f 3317 3497 3429
f 3452 3316 3556
f 3378 3556 3316
f 3496 3554 3315
f 3351 3315 3554
f 3478 3525 3314
f 3377 3314 3525
f 3477 3313 3524
f 3424 3524 3313
f 3420 3313 3477
f 3373 3547 3312
f 3346 3312 3547
f 3517 3600 3311
f 3470 3517 3311
f 3371 3311 3600
f 3472 3310 365
f 3472 3516 3310
f 3343 365 3310
f 3491 3687 3309
f 3490 3309 3687
f 3512 3515 3308
f 3443 3512 3308
f 3709 3730 3307
f 3367 3307 3730
f 3571 3631 3306
f 3341 3306 3631
f 3655 3626 3305
f 3336 3655 3305
f 3570 3654 3304
f 3334 3304 3654
f 3487 3303 3593
f 3402 3593 3303
f 3399 3303 3487
f 3399 3401 3303
f 3538 3302 3620
f 3330 3620 3302
f 3301 3541 3510
f 3541 3301 3465
f 3486 3680 3300
f 3485 3300 3680
f 3437 3299 3540
f 3397 3299 3437
f 3395 3540 3299
f 3361 3298 3397
f 3299 3397 3298
f 3506 3297 3648
f 3435 3648 3297
f 3484 3296 363
f 517 363 3296
f 3295 3566 3534
f 3566 3295 3325
f 356 3294 3613
f 3294 356 350
f 3613 3294 3322
f 3354 3293 3353
f 3318 3293 3354
f 3292 3480 3430
f 3480 3292 3380
f 3291 3429 3353
f 3291 3353 3293
f 3429 3290 3317
f 3290 3429 3291
f 3527 3555 3289
f 3375 3288 3555
f 3288 3289 3555
f 3424 3287 3495
f 3348 3495 3287
f 3313 3287 3424
f 3665 3828 353
f 92 353 3828
f 92 93 353
f 3518 3665 353
f 90 93 353
f 90 92 353
f 3493 3494 3286
f 3420 3493 3286
f 3468 3285 369
f 3415 3285 3468
f 3415 3416 3285
f 3369 369 3285
f 3490 78 3284
f 103 3284 78
f 3516 3571 3283
f 3310 3516 3283
f 3283 3571 3306
f 3489 370 3282
f 3414 3489 3282
f 3366 3282 370
f 352 79 94
f 3467 79 94
f 3467 94 352
f 3441 94 352
f 351 79 94
f 351 352 94
f 3626 3627 3281
f 3281 3305 3626
f 3280 3303 3401
f 3279 3510 3509
f 3301 3510 3279
f 3278 3509 3539
f 3278 3539 3398
f 3509 3278 3279
f 86 345 3538
f 358 345 86
f 3302 3538 345
f 3486 3277 3507
f 3329 3507 3277
f 3358 3276 3484
f 3296 3484 3276
f 3275 3461 3460
f 3562 3274 3459
f 3274 3562 3386
f 3459 3274 3324
f 80 3700 331
f 350 80 331
f 349 80 331
f 349 350 331
f 357 355 331
f 3273 349 513
f 349 3273 331
f 3272 513 88
f 513 3272 3273
f 3483 3532 3271
f 3357 3271 3532
f 339 3431 354
f 3431 339 3320
f 3270 3355 3320
f 3355 3270 3318
f 3293 3318 3270
f 3379 3269 3452
f 3316 3452 3269
f 3425 3268 3523
f 3423 3523 3268
f 3451 3267 3476
f 3350 3267 3451
f 3601 3266 3639
f 3577 3639 3265
f 3266 3265 3639
f 3494 3476 3264
f 3286 3494 3264
f 3267 3264 3476
f 3343 3263 3449
f 3469 3470 3262
f 3311 3262 3470
f 3285 3416 3261
f 3408 3260 3627
f 3281 3627 3260
f 3511 3570 3259
f 3304 3259 3570
f 3438 3569 3258
f 3362 3258 3569
f 3257 3505 3465
f 3505 3257 3392
f 3257 3465 3301
f 3256 3392 3257
f 3255 3534 3462
f 3534 3255 3295
f 361 3254 3504
f 3357 3504 3254
f 360 340 88
f 88 340 3272
f 3291 515 3290
f 3253 3317 3290
f 3379 3427 3252
f 3252 3269 3379
f 3352 3496 3251
f 3315 3251 3496
f 3376 3479 3250
f 3479 3527 3249
f 3289 3249 3527
f 3250 3479 3249
f 3375 3378 3247
f 3288 3375 3247
f 3350 3478 3246
f 3314 3246 3478
f 3248 3246 3314
f 3579 3716 3245
f 3522 3245 3716
f 3475 3244 3576
f 3450 3576 3244
f 348 81 316
f 373 81 316
f 373 316 348
f 90 81 316
f 90 348 316
f 3449 3243 3475
f 3243 3449 3263
f 3244 3475 3243
f 387 514 347
f 3549 347 514
f 3549 514 387
f 3473 347 514
f 3416 3469 3242
f 3262 3242 3469
f 3242 3261 3416
f 3370 3241 3471
f 516 333 371
f 3417 371 333
f 3471 3240 3515
f 3308 3515 3240
f 3241 3240 3471
f 3442 3447 3239
f 83 3709 84
f 82 83 84
f 368 82 84
f 3307 84 3709
f 3413 3442 3238
f 3239 3238 3442
f 82 83 311
f 378 311 83
f 84 82 311
f 84 83 311
f 3342 3414 3237
f 3282 3237 3414
f 3466 3542 3236
f 3438 3236 3542
f 3401 3466 3236
f 3280 3401 3236
f 3258 3236 3438
f 3650 3234 3398
f 3464 3568 3232
f 3361 3464 3232
f 3360 3232 3568
f 3298 3361 3232
f 364 72 95
f 76 95 72
f 76 364 95
f 517 95 76
f 376 344 87
f 344 87 3326
f 3231 3609 3535
f 3231 3535 3392
f 3609 3231 3323
f 3231 3392 3256
f 3230 3460 3324
f 3460 3230 3275
f 361 3463 341
f 3434 341 3463
f 341 3254 361
f 3461 3229 3385
f 3229 3461 3275
f 3385 338 354
f 339 354 338
f 338 3385 3229
f 3381 3228 3382
f 3228 3381 3380
f 3228 3380 3292
f 3227 3430 3317
f 3430 3227 3292
f 3376 3226 3377
f 3250 3226 3376
f 3316 3225 3378
f 3247 3378 3225
f 3521 3224 3601
f 3266 3601 3224
f 3577 3223 348
f 3265 3223 3577
f 316 348 3223
f 3522 3634 3222
f 3664 3221 3634
f 3222 3634 3221
f 3447 3448 3220
f 3239 3447 3220
f 82 83 346
f 378 83 346
f 84 82 346
f 84 83 346
f 311 82 346
f 311 83 346
f 311 378 346
f 311 84 346
f 3444 3219 3514
f 3446 3219 3444
f 3441 3514 3219
f 3342 3219 3446
f 94 3441 3219
f 3237 3219 3342
f 3440 3544 3218
f 3338 3218 3544
f 3439 3217 3543
f 3333 3543 3217
f 3259 3216 3511
f 3400 3403 3215
f 3396 3400 3215
f 3214 377 3235
f 3394 3396 3213
f 3215 3213 3396
f 3393 3394 3212
f 3213 3212 3394
f 85 98 366
f 99 366 98
f 99 85 98
f 86 85 98
f 86 99 98
f 358 85 98
f 358 86 98
f 345 86 98
f 345 358 98
f 376 87 343
f 344 343 87
f 344 376 343
f 3395 3211 3506
f 3299 3211 3395
f 3297 3506 3211
f 3647 3210 3617
f 3485 3617 3210
f 3329 342 3434
f 341 361 342
f 341 3434 342
f 3587 3209 3647
f 3210 3647 3209
f 360 88 101
f 340 88 101
f 340 360 101
f 3383 3208 3384
f 339 354 336
f 336 3320 339
f 3320 336 3270
f 89 339 336
f 338 336 354
f 338 336 339
f 3382 3207 3383
f 3228 3207 3382
f 3208 3383 3207
f 3293 337 3291
f 3270 337 3293
f 89 337 339
f 3291 337 515
f 515 89 337
f 336 339 337
f 337 3270 336
f 336 337 89
f 3206 3290 515
f 3290 3206 3253
f 3206 515 337
f 3427 3428 3205
f 3252 3427 3205
f 3267 3350 3204
f 3246 3204 3350
f 3374 3203 3552
f 3349 3552 3203
f 3450 3202 3426
f 3244 3202 3450
f 3245 3522 3201
f 3201 3522 3222
f 3521 81 335
f 316 335 81
f 3224 3521 335
f 3312 3200 3373
f 3418 3421 3199
f 3448 3418 3197
f 3197 3220 3448
f 3199 3197 3418
f 3368 3347 519
f 102 3368 519
f 3313 3420 3196
f 3286 3196 3420
f 3198 3313 3196
f 103 102 318
f 3284 103 318
f 519 318 102
f 3310 3195 3343
f 3260 3408 3194
f 95 76 3193
f 3435 3192 3588
f 3359 3588 3192
f 3389 3393 3191
f 3212 3191 3393
f 3387 3389 3190
f 3387 3190 3388
f 3191 3190 3389
f 3359 334 3700
f 331 3700 334
f 3358 3384 3189
f 3189 3384 3208
f 3352 3188 3428
f 3205 3428 3188
f 3314 3377 3187
f 3248 3314 3187
f 3226 3187 3377
f 3269 3186 3316
f 3225 3316 3186
f 3247 3185 3288
f 3225 3185 3247
f 3351 3426 3184
f 3202 3184 3426
f 3347 3423 3183
f 3268 3183 3423
f 90 348 91
f 3373 91 348
f 316 348 91
f 316 90 91
f 335 316 91
f 3287 3313 3182
f 3198 3182 3313
f 3344 3417 317
f 3599 3181 3664
f 3491 3181 3599
f 3309 3181 3491
f 3221 3664 3181
f 318 3180 102
f 516 105 371
f 368 105 516
f 333 371 105
f 333 516 105
f 84 105 368
f 3367 3443 332
f 3308 332 3443
f 3240 332 3308
f 3366 3412 3178
f 3179 3366 3178
f 3411 3413 3177
f 3409 3411 3177
f 3238 3177 3413
f 3408 351 3176
f 3194 3408 3176
f 3364 3440 3175
f 3364 3175 3439
f 3218 3175 3440
f 3217 3439 3175
f 3362 3511 3174
f 3216 3174 3511
f 3406 3407 3173
f 3405 3173 3407
f 3404 3172 3405
f 3402 3172 3404
f 3173 3405 3172
f 3303 3280 3171
f 3236 3171 3280
f 3298 3170 3299
f 3232 3170 3298
f 3211 3299 3170
f 3360 3391 3169
f 3296 327 517
f 95 517 327
f 3168 3386 3323
f 3386 3168 3274
f 3167 3462 3322
f 3462 3167 3255
f 357 314 355
f 350 314 3294
f 314 350 331
f 331 355 314
f 331 314 357
f 314 331 3273
f 3503 3166 3587
f 3209 3587 3166
f 3276 3358 3165
f 3189 3165 3358
f 362 3164 88
f 3164 362 3433
f 88 3164 101
f 3321 3483 3163
f 3271 3163 3483
f 3162 3317 3253
f 3317 3162 3227
f 3162 3253 3206
f 3289 3288 3161
f 3161 3288 3185
f 3315 3351 3160
f 3160 3351 3184
f 3374 3579 3159
f 3245 3159 3579
f 92 93 330
f 90 93 330
f 90 92 330
f 353 93 330
f 353 92 330
f 353 90 330
f 316 330 90
f 519 3347 3158
f 3183 3158 3347
f 3371 3518 3157
f 353 3157 3518
f 3421 3422 3156
f 3419 3156 3422
f 3372 3156 3419
f 3199 3421 3156
f 3369 3155 3372
f 3156 3372 3155
f 3370 3348 3154
f 3287 3154 3348
f 3241 3370 3154
f 3182 3154 3287
f 3261 3153 3285
f 3261 3242 3153
f 3240 3241 3152
f 3309 3490 3151
f 3284 3151 3490
f 3237 3282 3150
f 3219 3237 3150
f 3282 3366 3149
f 3149 3366 3179
f 3150 3282 3149
f 3219 3148 94
f 3410 3147 3412
f 3409 3147 3410
f 3178 3412 3147
f 94 3146 351
f 3146 3176 351
f 3148 3146 94
f 3403 3406 3145
f 3215 3403 3145
f 3173 3145 3406
f 3303 3144 3402
f 3172 3402 3144
f 3171 3144 3303
f 3300 3143 3486
f 3277 3486 3143
f 3300 3485 3142
f 3210 3142 3485
f 3277 3141 3329
f 342 3329 3141
f 3232 3360 3140
f 3140 3360 3169
f 3139 3324 3274
f 3324 3139 3230
f 3138 3323 3231
f 3168 3323 3138
f 3390 3137 3391
f 3388 3137 3390
f 3169 3391 3137
f 3136 3275 3230
f 3432 3559 3135
f 3321 3135 3559
f 3292 3134 3228
f 3134 3292 3227
f 3207 3228 3134
f 3269 3252 3133
f 3186 3269 3133
f 3187 3132 3248
f 3246 3248 3131
f 3204 3246 3131
f 3132 3131 3248
f 3312 3346 3130
f 3264 3129 3286
f 3307 3367 3128
f 332 3128 3367
f 3279 3127 3301
f 3301 3127 3257
f 3297 3126 3435
f 3192 3435 3126
f 3125 3326 3328
f 3256 3124 3231
f 342 3122 341
f 3141 3122 342
f 3122 3121 341
f 3276 3120 3296
f 327 3296 3120
f 3165 3120 3276
f 3432 3119 3503
f 3166 3503 3119
f 3135 3119 3432
f 3118 3433 3322
f 3433 3118 3164
f 3229 3117 338
f 338 3117 336
f 3116 336 3117
f 336 3115 337
f 3115 336 3116
f 3251 3114 3352
f 3188 3352 3114
f 3205 3113 3252
f 3113 3133 3252
f 3249 3289 3112
f 3249 3112 3250
f 3161 3112 3289
f 3186 3111 3225
f 3185 3225 3111
f 3251 3315 3110
f 3160 3110 3315
f 3200 3312 3109
f 3109 3312 3130
f 3311 3371 3108
f 3157 3108 3371
f 3345 3107 3346
f 3107 3130 3346
f 3263 3343 3106
f 3154 3105 3241
f 3152 3241 3105
f 333 104 3417
f 317 3417 104
f 3285 3104 3369
f 3155 3369 3104
f 3153 3104 3285
f 3195 3103 3343
f 3106 3343 3103
f 3594 97 3683
f 518 97 3594
f 3333 97 518
f 3217 97 3333
f 3258 3362 3102
f 3236 3258 3102
f 3174 3102 3362
f 3101 3279 3278
f 3279 3101 3127
f 3398 3100 3278
f 3100 3398 3234
f 3278 3100 3101
f 95 96 517
f 95 96 3233
f 327 517 96
f 327 95 96
f 3257 3099 3256
f 3124 3256 3099
f 3098 3327 3325
f 3325 3123 3098
f 3097 3325 3295
f 3325 3097 3123
f 3271 3357 3095
f 3254 3095 3357
f 3275 3094 3229
f 3094 3275 3136
f 3117 3229 3094
f 337 3093 3206
f 3206 3093 3162
f 3093 337 3115
f 3226 3250 3092
f 3112 3092 3250
f 3349 3091 3425
f 3268 3425 3091
f 3203 3091 3349
f 3264 3267 3090
f 3204 3090 3267
f 3263 3089 3243
f 3106 3089 3263
f 3129 3264 3088
f 3196 3286 3087
f 3129 3087 3286
f 3596 3684 3086
f 3488 3596 3086
f 3338 3488 3086
f 3218 3338 3086
f 97 518 329
f 3170 3232 3085
f 3140 3085 3232
f 3230 3084 3136
f 3083 3295 3255
f 3295 3083 3097
f 520 3294 314
f 3081 3322 3294
f 3322 3081 3118
f 3208 3080 3189
f 3207 3079 3208
f 3134 3079 3207
f 3080 3208 3079
f 3188 3078 3205
f 3113 3205 3078
f 3185 3077 3161
f 3111 3077 3185
f 3131 3132 3076
f 3243 3075 3244
f 3202 3244 3075
f 3075 3243 3089
f 330 316 3074
f 3262 3311 3073
f 3242 3262 3073
f 3108 3073 3311
f 3344 3072 3345
f 317 3072 3344
f 3107 3345 3072
f 105 84 3071
f 84 3307 3070
f 3128 3070 3307
f 3684 3726 324
f 3683 324 3726
f 97 324 3683
f 3086 3684 324
f 324 97 329
f 3069 3257 3127
f 3257 3069 3099
f 3068 3230 3139
f 3084 3230 3068
f 3067 3328 3327
f 3067 3327 3098
f 3211 3066 3297
f 3126 3297 3066
f 3082 3096 322
f 3081 3294 322
f 3254 341 3065
f 3121 3065 341
f 3095 3254 3065
f 3163 3271 3064
f 3095 3064 3271
f 3115 3063 3093
f 3062 3227 3162
f 3227 3062 3134
f 3062 3162 3093
f 3133 3061 3186
f 3111 3186 3061
f 3077 3060 3161
f 3075 3059 3202
f 3105 3058 3152
f 3181 3309 3057
f 3151 3057 3309
f 3220 3056 3239
f 3220 3197 3056
f 3103 3195 3055
f 3238 3239 3054
f 3056 3054 3239
f 95 3233 328
f 327 95 328
f 96 328 3233
f 96 95 328
f 96 327 328
f 3143 3300 3053
f 3142 3053 3300
f 3191 3212 3052
f 327 326 95
f 96 95 326
f 96 327 326
f 3137 3388 3051
f 3190 3050 3388
f 3190 3191 3050
f 3051 3388 3050
f 3165 3189 3049
f 3080 3049 3189
f 3133 3113 3048
f 3078 3048 3113
f 3048 3061 3133
f 3114 3251 3047
f 3110 3047 3251
f 3112 3161 3046
f 3092 3112 3046
f 3046 3161 3060
f 3187 3226 3045
f 3132 3187 3045
f 3092 3045 3226
f 3076 3132 3045
f 3184 3202 3044
f 3044 3202 3059
f 3131 3043 3204
f 3090 3204 3043
f 3200 3042 3373
f 91 3373 3042
f 91 3042 335
f 3109 3041 3200
f 3197 3199 3040
f 3088 3039 3129
f 3182 3198 3038
f 3154 3182 3037
f 3038 3037 3182
f 3196 3036 3198
f 3087 3036 3196
f 3038 3198 3036
f 318 3035 3284
f 3151 3284 3035
f 3087 3129 3034
f 3039 3034 3129
f 3055 3034 3039
f 3283 3033 3310
f 3177 3238 3031
f 3054 3031 3238
f 3175 3218 325
f 3175 325 3217
f 97 3217 325
f 3086 325 3218
f 329 97 325
f 324 97 325
f 324 325 3086
f 329 325 324
f 3213 3215 3030
f 98 3029 345
f 76 100 99
f 95 76 100
f 98 99 100
f 3193 76 100
f 3193 100 95
f 100 95 328
f 3029 98 100
f 3068 3028 3084
f 3143 3027 3277
f 3141 3277 3027
f 344 3026 343
f 3326 3025 344
f 3025 3326 3125
f 344 3025 3026
f 3120 3024 327
f 326 327 3024
f 3023 3136 3084
f 3120 3165 3022
f 3022 3165 3049
f 3024 3120 3022
f 3117 3021 3116
f 3094 3021 3117
f 3116 3020 3115
f 3115 3020 3063
f 3020 3116 3021
f 3093 3019 3062
f 3114 3018 3188
f 3078 3188 3018
f 3043 3131 3017
f 3103 3016 3106
f 3037 3015 3154
f 3152 3013 3240
f 3058 3013 3152
f 3306 3012 3283
f 3033 3283 3012
f 3306 3341 3011
f 3012 3306 3011
f 3178 3010 3179
f 3010 3178 3009
f 3149 3008 3150
f 3150 3007 3219
f 3007 3150 3008
f 3340 3006 3341
f 3011 3341 3006
f 3365 3005 3340
f 3006 3340 3005
f 3305 3281 3004
f 3334 3336 3003
f 3305 3003 3336
f 3004 3003 3305
f 3304 3334 3002
f 3003 3002 3334
f 3331 3001 3363
f 3171 3236 3000
f 3144 3171 3000
f 3145 3173 2999
f 3330 2998 3331
f 3001 3331 2998
f 3172 2996 3173
f 2997 2996 3172
f 3302 2995 3330
f 2998 3330 2995
f 345 2994 3302
f 3029 2994 345
f 2995 3302 2994
f 3212 3213 2993
f 3052 3212 2993
f 3030 2993 3213
f 2992 3084 3028
f 3028 328 2992
f 3084 2992 3023
f 2991 3274 3168
f 3274 2991 3139
f 3231 2989 3138
f 3138 2989 2990
f 2988 3231 3124
f 3231 2988 2989
f 323 3255 3167
f 3255 323 3083
f 323 3294 520
f 3082 323 3096
f 3294 323 322
f 322 3096 323
f 322 323 3082
f 3048 3078 2987
f 3018 2987 3078
f 3046 2986 3092
f 3045 3092 2986
f 3076 2985 3131
f 2985 3017 3131
f 3184 2984 3160
f 3044 2984 3184
f 3203 3374 2983
f 3159 2983 3374
f 3183 3268 2982
f 3091 2982 3268
f 3265 3266 124
f 3153 3242 2981
f 3104 3153 2981
f 3155 2980 3156
f 2980 3155 3014
f 3156 2979 3199
f 3040 3199 2979
f 2980 2979 3156
f 3055 2978 3103
f 3055 3039 2978
f 3016 3103 2978
f 3195 3310 2977
f 3055 3195 2977
f 3033 2977 3310
f 332 3240 108
f 3128 332 108
f 3032 332 108
f 3013 108 3240
f 3179 2976 3149
f 2976 3179 3010
f 2976 3008 3149
f 3147 2975 3178
f 3009 3178 2975
f 3177 2974 3409
f 3147 3409 2974
f 3031 2974 3177
f 2975 3147 2974
f 3148 3219 2973
f 3007 2973 3219
f 3339 2972 3365
f 3005 3365 2972
f 3260 2971 3281
f 2971 3004 3281
f 3259 3304 2970
f 3002 2970 3304
f 3363 2969 3332
f 2969 3363 3001
f 2968 2999 3173
f 2968 3173 2996
f 3144 2967 3172
f 3000 2967 3144
f 2967 2997 3172
f 3145 2966 3215
f 3030 3215 2966
f 2999 2966 3145
f 2965 3099 3069
f 3139 2964 3068
f 3139 2991 2964
f 3170 2963 3211
f 3085 2963 3170
f 3169 2962 3140
f 3085 3140 2962
f 328 96 2961
f 326 2961 96
f 2961 2992 328
f 3138 2960 3168
f 3168 2960 2991
f 3138 2990 2960
f 3137 2959 3169
f 3051 2959 3137
f 2962 3169 2959
f 3192 110 3359
f 334 3359 110
f 334 331 110
f 2958 3273 3272
f 3273 2958 314
f 2957 3272 340
f 3272 2957 2958
f 3136 2956 3094
f 2956 3136 3023
f 3094 2956 3021
f 3163 2955 3321
f 3135 3321 2955
f 3079 2954 3080
f 3049 3080 2954
f 3079 3134 2953
f 2953 3134 3062
f 2953 3062 3019
f 2954 3079 2953
f 3077 3111 2952
f 3061 2952 3111
f 3060 3077 2952
f 3110 3160 2951
f 2984 2951 3160
f 3224 113 3266
f 124 3266 113
f 3223 3265 2950
f 124 2950 3265
f 3090 2949 3264
f 3088 3264 2949
f 3089 3106 2948
f 3016 2948 3106
f 330 2947 353
f 3157 353 2947
f 104 317 321
f 3104 2946 3155
f 3014 3155 2946
f 2981 2946 3104
f 3036 3087 2945
f 3034 2945 3087
f 3070 3128 2944
f 108 2944 3128
f 3146 3148 2943
f 2973 2943 3148
f 3337 2942 3339
f 2972 3339 2942
f 3194 2941 3260
f 2971 3260 2941
f 3216 3259 2940
f 2970 2940 3259
f 3332 2939 3335
f 2969 2939 3332
f 2940 2938 3216
f 3174 3216 2937
f 2938 2937 3216
f 3235 109 3214
f 109 3235 320
f 328 2936 100
f 3028 2936 328
f 3068 2935 3028
f 2935 3068 2964
f 2936 3028 2935
f 3099 2934 3124
f 3124 2934 2988
f 2934 3099 2965
f 3328 2933 3125
f 2933 3328 3067
f 3126 593 3192
f 110 3192 593
f 2932 340 101
f 340 2932 2957
f 2931 3093 3063
f 3093 2931 3019
f 3047 2930 3114
f 3018 3114 2930
f 2986 3046 306
f 3061 3048 312
f 312 2952 3061
f 3060 2929 3046
f 2929 3060 2952
f 306 3046 2929
f 3045 2928 3076
f 2985 3076 2928
f 335 2927 3224
f 3042 2927 335
f 113 3224 2927
f 335 316 315
f 3223 2926 316
f 2950 2926 3223
f 3039 3088 2925
f 2978 3039 2925
f 2949 2925 3088
f 3058 3105 2924
f 103 102 319
f 519 102 319
f 318 103 319
f 318 102 319
f 318 519 319
f 3180 319 102
f 3180 318 319
f 3035 318 319
f 104 317 111
f 3072 317 111
f 321 317 111
f 321 104 111
f 3056 3197 2923
f 3040 2923 3197
f 3034 3055 2922
f 2977 2922 3055
f 2945 3034 2922
f 3176 3146 2921
f 2943 2921 3146
f 3176 2920 3194
f 2920 2941 3194
f 2921 2920 3176
f 3335 2919 3337
f 2942 3337 2919
f 2918 3335 2939
f 2919 3335 2918
f 3102 3174 2917
f 2937 2917 3174
f 2916 3101 3100
f 2915 3127 3101
f 3127 2915 3069
f 3069 2915 2965
f 2915 3101 2916
f 2963 3085 2914
f 2962 2914 3085
f 3052 2913 3191
f 3050 3191 2913
f 3024 2912 326
f 2961 326 2912
f 2911 3023 2992
f 2992 2961 2911
f 2912 2911 2961
f 3049 2910 3022
f 2954 2910 3049
f 3019 2909 2953
f 3019 2931 2909
f 2986 2908 3045
f 2928 3045 2908
f 3047 3110 2907
f 2951 2907 3110
f 3089 2906 3075
f 3059 3075 2906
f 2948 2906 3089
f 3158 3183 2905
f 2982 2905 3183
f 335 123 316
f 3074 316 123
f 315 316 123
f 315 123 335
f 2926 123 316
f 3108 3157 2904
f 2947 2904 3157
f 3158 2903 519
f 319 519 2903
f 2905 2903 3158
f 3130 2902 3109
f 2978 2901 3016
f 2925 2901 2978
f 3031 3054 2900
f 2974 3031 2900
f 346 311 310
f 3234 2899 3100
f 3100 2899 2916
f 3122 3141 2897
f 3027 2897 3141
f 3097 2896 3123
f 2898 3123 2896
f 331 313 334
f 313 331 314
f 314 313 520
f 313 314 2958
f 3022 2895 3024
f 2912 3024 2895
f 2910 2895 3022
f 2894 101 3164
f 101 2894 2932
f 3021 2893 3020
f 2893 3021 2956
f 2892 3063 3020
f 3063 2892 2931
f 2892 3020 2893
f 2987 3018 2891
f 2930 2891 3018
f 2987 304 3048
f 312 3048 304
f 2891 304 2987
f 306 2890 2986
f 2890 2908 2986
f 2930 3047 2889
f 2889 3047 2907
f 3043 2888 3090
f 2949 3090 2888
f 3041 3109 2887
f 2887 3109 2902
f 3073 3108 2886
f 2904 2886 3108
f 3130 3107 2885
f 2902 3130 2885
f 3057 3151 2884
f 3035 2884 3151
f 3014 2883 2980
f 2946 2883 3014
f 311 84 308
f 3070 308 84
f 308 310 311
f 310 309 311
f 308 311 309
f 310 308 309
f 2999 2968 2882
f 2966 2999 2882
f 100 2881 3029
f 2993 2880 3052
f 2913 3052 2880
f 3123 2879 3098
f 2879 3123 2898
f 3066 592 3126
f 593 3126 592
f 2878 3097 3083
f 2896 3097 2878
f 3167 2877 323
f 2877 520 323
f 313 520 2877
f 3023 2876 2956
f 2876 3023 2911
f 2893 2956 2876
f 2953 2875 2954
f 2910 2954 2875
f 2875 2953 2909
f 2929 2874 306
f 2952 312 305
f 2952 305 2929
f 304 312 305
f 2874 2929 305
f 3201 2873 3245
f 3222 2872 3201
f 2873 3201 2872
f 3042 3200 307
f 3041 307 3200
f 3221 2871 3222
f 2872 3222 2871
f 3105 3154 2870
f 3015 2870 3154
f 2924 3105 2870
f 3013 3058 2869
f 2924 2869 3058
f 105 2868 333
f 2979 2980 2867
f 2883 2867 2980
f 108 3013 2866
f 3071 2865 105
f 3054 3056 2864
f 2923 2864 3056
f 2900 3054 2864
f 3071 84 2863
f 2865 3071 2863
f 2866 2862 108
f 2865 2862 2866
f 2863 2862 2865
f 3009 2861 3010
f 3008 2976 2860
f 3102 2859 3236
f 3000 3236 2859
f 2917 2859 3102
f 2993 3030 2857
f 2966 2857 3030
f 2882 2857 2966
f 2880 2993 2857
f 3050 2856 3051
f 2959 3051 2856
f 2959 2856 2962
f 2913 2856 3050
f 2880 2856 2913
f 3053 2855 3143
f 3027 3143 2855
f 3209 2854 3210
f 2853 3164 3118
f 3164 2853 2894
f 2852 2909 2931
f 2852 2931 2892
f 2909 2852 2875
f 304 306 106
f 2890 306 106
f 106 306 2874
f 304 312 107
f 107 312 305
f 107 304 305
f 2874 305 107
f 106 304 107
f 107 106 2874
f 3017 2851 3043
f 2888 3043 2851
f 3059 2850 3044
f 2906 2849 3059
f 2850 3059 2849
f 2925 2949 2848
f 2901 2925 2848
f 2948 3016 2847
f 2901 2847 3016
f 2848 2847 2901
f 3074 2846 330
f 2947 330 2846
f 3181 2845 3221
f 3057 2845 3181
f 2871 3221 2845
f 3037 3038 2844
f 2844 2843 3037
f 2870 3015 2842
f 3015 3037 2841
f 2843 2841 3037
f 2841 2842 3015
f 2946 2981 2840
f 3036 2839 3038
f 2945 2839 3036
f 2979 2838 3040
f 2923 3040 2838
f 2867 2838 2979
f 2838 2864 2923
f 2977 3033 2837
f 3010 2836 2976
f 2861 2836 3010
f 2836 2860 2976
f 2859 2835 3000
f 2997 2967 2834
f 2996 2997 2833
f 2833 2858 2996
f 2834 2833 2997
f 2996 2832 2968
f 2882 2968 2832
f 2858 2832 2996
f 114 3234 3214
f 114 3214 109
f 3234 114 2899
f 2914 2962 2830
f 2830 2962 2831
f 3125 2829 3025
f 2829 3125 2933
f 3142 3210 2828
f 3053 3142 2828
f 2828 3210 2854
f 2827 2991 2960
f 2960 2826 2827
f 3166 2825 3209
f 2854 3209 2825
f 2911 2912 2824
f 2895 2824 2912
f 2911 2824 2876
f 2895 2910 2823
f 2875 2823 2910
f 2875 2852 2823
f 2824 2895 2823
f 2893 2822 2892
f 2876 2822 2893
f 2852 2892 2822
f 2822 2876 2824
f 2823 2852 2822
f 2822 2824 2823
f 2908 2890 2821
f 2908 2820 2928
f 2821 2820 2908
f 2928 2819 2985
f 2820 2819 2928
f 3017 2985 2818
f 2851 3017 2818
f 2819 2818 2985
f 2984 3044 2817
f 2850 2817 3044
f 3091 3203 2816
f 2983 2816 3203
f 3159 3245 2815
f 2983 3159 2815
f 2873 2815 3245
f 2887 2814 3041
f 3073 2813 3242
f 2981 3242 2813
f 2886 2813 3073
f 104 333 2812
f 321 104 2812
f 2868 2812 333
f 2840 2981 2811
f 2813 2811 2981
f 2844 3038 2810
f 2839 2810 3038
f 2869 2809 3013
f 2866 3013 2809
f 2883 2946 2808
f 2840 2808 2946
f 2808 2807 2883
f 2867 2883 2806
f 2807 2806 2883
f 2807 2861 2806
f 2838 2867 2805
f 2806 2805 2867
f 2806 2861 2805
f 2975 2804 3009
f 2974 2804 2975
f 2900 2804 2974
f 2864 2804 2900
f 2861 3009 2804
f 2864 2838 2804
f 2805 2861 2804
f 2805 2804 2838
f 2944 118 3070
f 308 3070 118
f 346 522 84
f 310 522 346
f 3008 2803 3007
f 2860 2803 3008
f 2967 3000 2802
f 2835 2802 3000
f 2834 2967 2802
f 2858 2833 2801
f 2832 2858 2801
f 2831 2801 2830
f 2936 2800 100
f 2881 100 2800
f 2856 2799 2962
f 2831 2962 2799
f 2935 2798 2936
f 2800 2936 2798
f 2830 2797 2914
f 2965 521 2934
f 521 2965 2915
f 2964 2796 2935
f 2798 2935 2796
f 3098 2795 3067
f 3067 2795 2933
f 2879 2795 3098
f 2794 3026 3025
f 3066 3211 591
f 2963 591 3211
f 592 3066 591
f 2793 2964 2991
f 2793 2991 2827
f 2964 2793 2796
f 3065 3121 2791
f 3065 2791 3095
f 3119 2790 3166
f 2825 3166 2790
f 2789 3118 3081
f 3118 2789 2853
f 304 2891 2788
f 106 304 303
f 107 303 304
f 107 106 303
f 2788 303 304
f 106 2787 2890
f 2787 2821 2890
f 303 2787 106
f 2951 2984 2786
f 2786 2984 2817
f 2906 2948 2785
f 2849 2906 2785
f 2847 2785 2948
f 2888 2784 2949
f 2848 2949 2784
f 123 2783 3074
f 2846 3074 2783
f 3072 2782 3107
f 2885 3107 2782
f 2922 2781 2945
f 2839 2945 2781
f 3032 302 332
f 108 332 302
f 108 302 3032
f 2944 108 302
f 2862 302 108
f 118 2944 302
f 2973 3007 2780
f 2803 2780 3007
f 109 320 115
f 114 109 115
f 109 301 320
f 114 109 301
f 115 320 301
f 115 109 301
f 115 114 301
f 2914 2779 2963
f 2797 2779 2914
f 2779 591 2963
f 2778 2960 2990
f 2777 2990 2989
f 2990 2777 2778
f 2776 2989 2988
f 2776 2988 2934
f 2989 2776 2777
f 2775 3025 2829
f 3025 2775 2794
f 2774 3083 323
f 3083 2774 2878
f 2773 322 323
f 322 2772 3081
f 2789 3081 2772
f 2772 322 2773
f 3119 3135 2771
f 2955 2771 3135
f 2790 3119 2771
f 3064 2770 3163
f 2955 3163 2770
f 2891 2930 2769
f 2788 2891 2769
f 2889 2768 2930
f 2907 2768 2889
f 2769 2930 2768
f 2907 2951 2767
f 2786 2767 2951
f 2768 2907 2767
f 2847 2848 2766
f 2785 2847 2766
f 2784 2766 2848
f 2922 2977 2765
f 2837 2765 2977
f 2781 2922 2765
f 2807 2808 2764
f 2836 2861 2763
f 2807 2763 2861
f 2764 2763 2807
f 2943 2973 2762
f 2780 2762 2973
f 2917 2937 2761
f 2859 2917 2761
f 2857 2882 2760
f 2857 2760 2880
f 2856 2880 2760
f 2832 2760 2882
f 2801 2760 2832
f 2801 2831 2760
f 2799 2856 2760
f 2799 2760 2831
f 295 2934 521
f 2934 295 2776
f 520 2759 323
f 2759 520 313
f 2787 303 2758
f 2820 2821 2757
f 2821 2787 2757
f 2758 2757 2787
f 2851 2756 2888
f 2784 2888 2756
f 2884 2755 3057
f 2845 3057 2755
f 2809 2754 2866
f 2868 105 2753
f 2865 2753 105
f 2865 2866 2753
f 2754 2753 2866
f 2811 2752 2840
f 2808 2840 2752
f 2752 2764 2808
f 2860 2836 2751
f 2803 2860 2751
f 2763 2751 2836
f 2937 2938 2750
f 2750 2761 2937
f 2916 2749 2915
f 2833 2834 2748
f 2994 3029 2747
f 2881 2747 3029
f 2915 2746 521
f 2746 2915 2749
f 2801 2745 2830
f 2797 2830 2745
f 110 2744 593
f 2855 3053 2743
f 2828 2743 3053
f 334 298 110
f 298 334 313
f 2792 298 313
f 2819 2820 2742
f 2757 2742 2820
f 2870 2741 2924
f 2869 2924 2741
f 319 2740 3035
f 2884 3035 2740
f 2755 2884 2740
f 2812 2739 321
f 3012 2738 3033
f 2837 3033 2738
f 2862 2863 2737
f 302 2862 2737
f 2921 2943 2736
f 2762 2736 2943
f 2750 2938 293
f 2735 2916 2899
f 2916 2735 2749
f 2801 2833 2734
f 2748 2734 2833
f 2745 2801 2734
f 593 2733 592
f 592 2733 591
f 2733 593 2744
f 2897 3027 2732
f 2855 2732 3027
f 2743 2732 2855
f 303 2788 2731
f 2758 303 2731
f 2818 2729 2851
f 2756 2851 2729
f 2730 2729 2818
f 2849 2728 2850
f 2817 2850 2728
f 2766 2727 2785
f 2766 2784 2727
f 2756 2727 2784
f 113 124 112
f 2950 124 112
f 307 3041 2726
f 2814 2726 3041
f 2846 2725 2947
f 2904 2947 2724
f 2725 2724 2947
f 2886 2904 2723
f 2813 2886 2723
f 2724 2723 2904
f 2809 2869 2722
f 2741 2722 2869
f 2764 2752 2721
f 2763 2764 2720
f 2751 2763 2720
f 2721 2720 2764
f 2719 2737 2863
f 309 2718 310
f 522 310 2718
f 2835 2859 2717
f 2802 2835 2717
f 2716 2899 114
f 2899 2716 2735
f 521 2715 295
f 2715 521 2746
f 521 2714 295
f 2713 2794 2775
f 2757 2758 2712
f 2742 2757 2712
f 2731 2712 2758
f 2768 2711 2769
f 2767 2711 2768
f 2818 2819 2710
f 2742 2710 2819
f 2730 2818 2710
f 2728 2709 2817
f 2785 2707 2849
f 2728 2849 2707
f 2727 2707 2785
f 2982 3091 2704
f 2816 2704 3091
f 113 124 299
f 112 124 299
f 112 113 299
f 2926 2950 2703
f 112 2703 2950
f 123 315 120
f 307 120 3042
f 2814 2887 2702
f 2843 2844 2701
f 2841 2843 2700
f 2701 2700 2843
f 2902 2699 2887
f 2702 2887 2699
f 111 2698 3072
f 111 321 2698
f 2782 3072 2698
f 2739 2698 321
f 2811 2813 2697
f 2752 2811 2697
f 2721 2752 2697
f 309 308 2696
f 2718 309 2696
f 3005 2695 3006
f 2920 2921 2694
f 2736 2694 2921
f 2998 2693 3001
f 2994 2692 2995
f 2747 2692 2994
f 2802 2691 2834
f 2748 2834 2691
f 2717 2691 2802
f 2779 2797 2690
f 2745 2690 2797
f 296 2933 2795
f 2896 2688 2898
f 2689 2898 2688
f 2687 2827 2826
f 2827 2686 2793
f 2827 2687 2686
f 323 300 2774
f 323 300 2773
f 300 323 2759
f 2769 2685 2788
f 2731 2788 2685
f 2685 2769 2711
f 2767 2786 2684
f 2711 2767 2684
f 2817 2683 2786
f 2683 2817 2709
f 2684 2786 2683
f 2681 2706 2708
f 2706 2681 2705
f 113 124 125
f 2927 125 113
f 112 124 125
f 112 113 125
f 125 124 299
f 125 113 299
f 125 112 299
f 2705 2680 2706
f 2927 3042 2679
f 2679 3042 120
f 125 2927 2679
f 2810 2678 2844
f 2810 2839 2678
f 2701 2844 2678
f 2842 2677 2870
f 2842 2841 2676
f 2700 2676 2841
f 2676 2677 2842
f 2754 2809 2675
f 2722 2675 2809
f 2781 2674 2839
f 2678 2839 2674
f 3011 2673 3012
f 2738 3012 2673
f 2780 2803 2672
f 3006 2671 3011
f 2671 3006 2695
f 2673 3011 2671
f 2761 2670 2859
f 2717 2859 2670
f 2995 2669 2998
f 2693 2998 2669
f 2669 2995 2692
f 2746 2668 2715
f 591 2779 590
f 2690 590 2779
f 2796 2667 2798
f 2960 2666 2826
f 2666 2960 2778
f 2665 295 2714
f 2898 2664 2879
f 2664 2898 2689
f 2687 2826 2663
f 2663 2826 2666
f 2662 2796 2793
f 2793 2686 2662
f 2667 2796 2662
f 2878 2661 2896
f 2688 2896 2661
f 3064 3095 2660
f 2791 2660 3095
f 2770 3064 2660
f 2771 2955 2659
f 2770 2659 2955
f 2712 2731 2658
f 2685 2658 2731
f 2712 2657 2742
f 2710 2742 2657
f 2658 2657 2712
f 2729 2730 2656
f 2709 2728 2655
f 2707 2655 2728
f 2708 2682 2654
f 2708 2653 2682
f 2729 2652 2756
f 2727 2756 2652
f 2707 2727 2652
f 2656 2652 2729
f 2655 2707 2652
f 2655 2652 2656
f 2706 2651 2708
f 2680 2651 2706
f 2653 2708 2651
f 2680 2705 2650
f 2650 2649 2680
f 123 2926 289
f 2703 289 2926
f 120 289 123
f 2649 2647 2680
f 2647 2649 2648
f 2702 2646 2814
f 2723 2645 2813
f 2697 2813 2645
f 2753 2644 2868
f 2753 2754 2644
f 2675 2644 2754
f 302 2643 118
f 2737 2643 302
f 2941 2642 2971
f 3004 2971 2641
f 2642 2641 2971
f 3003 3004 2640
f 3002 3003 2640
f 2641 2640 3004
f 2970 3002 2639
f 2640 2639 3002
f 2761 2750 2638
f 2670 2761 2638
f 115 114 119
f 2798 2637 2800
f 2667 2637 2798
f 2775 2636 2713
f 2636 2714 2713
f 2714 2636 2665
f 2792 313 121
f 298 313 121
f 298 2792 121
f 2711 2635 2685
f 2684 2635 2711
f 2658 2685 2635
f 2657 2658 2634
f 2635 2634 2658
f 2710 2633 2730
f 2657 2633 2710
f 2633 2656 2730
f 2634 2633 2657
f 2632 2709 2655
f 2656 2632 2655
f 2632 2656 2633
f 2633 2634 2632
f 2705 2681 526
f 526 2650 2705
f 2631 2648 2649
f 2646 2702 2630
f 2740 319 2629
f 2741 2870 2628
f 2677 2628 2870
f 2720 2721 2627
f 2697 2627 2721
f 2720 2626 2751
f 2627 2626 2720
f 2751 2625 2803
f 2672 2803 2625
f 2626 2625 2751
f 2762 2780 2624
f 2672 2624 2780
f 115 114 297
f 301 297 114
f 301 115 297
f 119 114 297
f 119 297 115
f 2691 2717 2623
f 2670 2623 2717
f 2747 2881 2622
f 2734 2748 589
f 2734 589 2745
f 2691 589 2748
f 2690 2745 589
f 590 2690 589
f 2623 589 2691
f 2800 2621 2881
f 2621 2800 2637
f 2622 2881 2621
f 2620 591 2733
f 591 2620 590
f 590 2620 589
f 2778 2619 2666
f 2933 128 2829
f 128 2933 296
f 116 2776 295
f 116 295 2715
f 116 295 2665
f 2618 2777 2776
f 2776 116 2618
f 2829 2617 2775
f 2775 2617 2636
f 2617 2829 128
f 2877 2616 313
f 313 2616 121
f 2732 2615 2897
f 2614 2958 2957
f 2958 2614 313
f 313 2614 2759
f 2709 2613 2683
f 2683 2613 2684
f 2635 2684 2613
f 2634 2635 2613
f 2632 2613 2709
f 2632 2634 2613
f 2681 2708 2612
f 2654 2612 2708
f 2649 2650 2611
f 2631 2649 2611
f 2648 2631 2610
f 2630 2648 2610
f 2699 2609 2702
f 2648 2609 2647
f 2630 2702 2609
f 2630 2609 2648
f 2725 2846 2608
f 2885 2607 2902
f 2699 2902 2607
f 2812 2868 2606
f 2644 2606 2868
f 2765 2605 2781
f 2674 2781 2605
f 2738 2604 2837
f 522 294 118
f 2718 294 522
f 2696 294 2718
f 2972 2603 3005
f 2695 3005 2603
f 2774 2602 2878
f 2661 2878 2602
f 2601 2957 2932
f 2957 2601 2614
f 2599 2612 2654
f 2599 2600 2612
f 2650 526 126
f 126 2611 2650
f 2654 2682 2598
f 2653 2598 2682
f 2599 2654 2598
f 2816 2983 2597
f 2815 2597 2983
f 2905 2982 2596
f 2704 2596 2982
f 2651 2680 2595
f 2647 2595 2680
f 2630 2594 2646
f 2610 2594 2630
f 2783 2593 2846
f 2593 2608 2846
f 2722 2741 2592
f 2628 2592 2741
f 2723 2724 2591
f 2645 2723 2591
f 2675 2722 2590
f 2592 2590 2722
f 2765 2837 2589
f 2605 2765 2589
f 2589 2837 2604
f 118 117 308
f 522 118 117
f 2696 308 117
f 117 118 294
f 117 522 294
f 117 294 2696
f 294 523 118
f 117 118 523
f 294 117 523
f 2737 2719 2588
f 2643 2588 118
f 2643 2737 2588
f 2588 523 118
f 2736 2762 2587
f 2624 2587 2762
f 2941 2920 2586
f 2694 2586 2920
f 293 2938 129
f 3001 2585 2969
f 2693 2585 3001
f 2749 2584 2746
f 2584 2749 2735
f 2746 2584 2668
f 2744 2583 2733
f 2733 2583 2620
f 110 2582 2744
f 2582 110 298
f 2583 2744 2582
f 2581 2665 2636
f 2665 2581 116
f 2580 2778 2777
f 2778 2580 2619
f 2580 2777 2618
f 3121 3122 2579
f 2897 2579 3122
f 2791 3121 2579
f 2615 2579 2897
f 2578 2759 2614
f 2577 2932 2894
f 2932 2577 2601
f 2651 2576 2653
f 2598 2653 2576
f 2726 2814 525
f 2646 525 2814
f 2903 2575 319
f 2629 319 2575
f 2644 2675 2574
f 2606 2644 2574
f 2590 2574 2675
f 2719 522 2573
f 117 2573 522
f 523 2573 117
f 2588 2719 2573
f 523 2588 2573
f 2642 2941 2572
f 2586 2572 2941
f 526 2681 2570
f 2612 2570 2681
f 2610 2631 2569
f 2569 2568 2610
f 2703 112 2567
f 289 2703 2567
f 2903 2905 2566
f 2596 2566 2905
f 2566 2575 2903
f 120 307 275
f 2724 2725 2565
f 2591 2724 2565
f 2645 2564 2697
f 2627 2697 2564
f 2626 2627 2564
f 2625 2626 2564
f 2591 2564 2645
f 2625 2563 2672
f 2624 2672 2563
f 2694 2736 2562
f 2587 2562 2736
f 2942 2561 2972
f 2603 2972 2561
f 2939 2969 2559
f 2585 2559 2969
f 129 122 293
f 2571 524 293
f 122 293 524
f 293 2558 2750
f 2638 2750 2558
f 524 2558 293
f 2557 2735 2716
f 2735 2557 2584
f 114 292 2716
f 119 292 114
f 297 114 292
f 297 292 119
f 2716 292 2557
f 2638 588 2670
f 2623 2670 588
f 589 2623 588
f 2558 588 2638
f 2795 2879 2556
f 2664 2556 2879
f 132 2774 300
f 2602 2774 132
f 2773 2555 2772
f 2555 2773 300
f 2554 2894 2853
f 2894 2554 2577
f 2611 2553 2631
f 2569 2631 2553
f 2872 2552 2873
f 2815 2873 2552
f 2871 2551 2872
f 2552 2872 2551
f 120 135 2679
f 275 120 135
f 2726 137 307
f 120 307 137
f 275 307 137
f 275 120 137
f 135 120 137
f 135 275 137
f 2700 2701 2550
f 2678 2550 2701
f 2676 2700 2549
f 2550 2549 2700
f 2739 2812 2548
f 2698 2739 2548
f 2606 2548 2812
f 2782 2547 2885
f 2607 2885 2547
f 2608 2546 2725
f 2565 2725 2546
f 2919 2545 2942
f 2918 2545 2919
f 2561 2942 2545
f 2939 2544 2918
f 2559 2544 2939
f 2545 2918 2544
f 2543 2636 2617
f 2636 2543 2581
f 2687 2663 2542
f 2687 2541 2686
f 2686 2541 2662
f 2542 2541 2687
f 2825 2540 2854
f 2660 2791 2539
f 2579 2539 2791
f 2538 2853 2789
f 2853 2538 2554
f 2660 2537 2770
f 2659 2770 2537
f 2570 2536 526
f 2611 126 2535
f 2535 2553 2611
f 2597 2815 2534
f 2534 2815 2552
f 2594 291 2646
f 2594 2610 291
f 525 291 2726
f 525 2646 291
f 2568 291 2610
f 135 525 291
f 135 291 2568
f 291 137 2726
f 291 135 137
f 2845 2533 2871
f 2551 2871 2533
f 2609 2699 2532
f 2609 2532 2647
f 2607 2532 2699
f 2595 2647 2532
f 2608 2593 288
f 275 120 288
f 2677 2676 2531
f 2549 2531 2676
f 2628 2677 2530
f 2531 2530 2677
f 2674 2529 2678
f 2605 2529 2674
f 2565 2528 2591
f 2564 2591 2528
f 2563 2625 2527
f 2641 2642 2526
f 2572 2526 2642
f 2640 2641 2525
f 2639 2640 2525
f 2526 2525 2641
f 2940 2970 527
f 2938 2940 527
f 2639 527 2970
f 129 2938 527
f 2560 129 527
f 2525 527 2639
f 2524 2620 2583
f 2582 2524 2583
f 2637 2667 2523
f 2522 298 121
f 298 2522 2582
f 2854 2520 2828
f 2743 2828 2520
f 2520 2854 2540
f 2688 2519 2689
f 2521 2689 2519
f 2790 2518 2825
f 2540 2825 2518
f 2789 2517 2538
f 126 526 290
f 2595 2516 2651
f 2576 2651 2516
f 2590 2592 2515
f 2574 2590 2515
f 2574 2514 2606
f 2546 2608 2513
f 288 2513 2608
f 2587 2624 2512
f 2563 2512 2624
f 2571 293 2511
f 122 2511 293
f 2510 116 2581
f 2510 2581 2543
f 2509 121 2616
f 121 2509 2522
f 2508 2618 116
f 2618 2508 2580
f 116 2510 2508
f 2732 2743 2506
f 2615 2732 2506
f 2520 2506 2743
f 2661 2505 2688
f 2519 2688 2505
f 2772 2504 2789
f 2504 2772 2555
f 2789 2504 2517
f 2771 2503 2790
f 2659 2503 2771
f 2518 2790 2503
f 2783 123 127
f 120 123 127
f 289 123 127
f 289 120 127
f 2593 2783 127
f 275 120 127
f 137 120 127
f 137 275 127
f 288 120 127
f 288 2593 127
f 288 127 275
f 2755 2502 2845
f 2533 2845 2502
f 2740 2501 2755
f 2629 2501 2740
f 2502 2755 2501
f 2550 2678 2500
f 2529 2500 2678
f 2515 2499 2574
f 2514 2574 2499
f 2564 2498 2625
f 2528 2498 2564
f 2527 2625 2498
f 2695 2497 2671
f 2586 2694 2496
f 2572 2586 2496
f 2562 2496 2694
f 2669 2495 2693
f 2558 524 2494
f 588 2558 587
f 2494 587 2558
f 2493 589 2620
f 589 2493 588
f 2493 2620 2524
f 588 2493 587
f 2637 2492 2621
f 2523 2492 2637
f 296 2795 281
f 128 296 281
f 2556 281 2795
f 2491 2666 2619
f 2663 2666 2490
f 2542 2663 2490
f 2491 2490 2666
f 2689 133 2664
f 2556 2664 133
f 2521 133 2689
f 2509 2616 2489
f 2616 2507 2489
f 2662 2488 2667
f 2541 2488 2662
f 2523 2667 2488
f 2704 2816 2487
f 2597 2487 2816
f 2596 2704 2487
f 2592 2628 2486
f 2530 2486 2628
f 2546 2485 2565
f 2528 2565 2485
f 2498 2528 2485
f 2673 2484 2738
f 2604 2738 2484
f 2692 2747 2483
f 2622 2483 2747
f 2482 2619 2580
f 2619 2482 2491
f 128 2481 2617
f 2617 2481 2543
f 2602 2480 2661
f 2505 2661 2480
f 2599 2478 2600
f 2478 2479 2600
f 2479 2477 2600
f 2612 2600 2476
f 2570 2612 2476
f 2477 2476 2600
f 2535 126 282
f 290 282 126
f 2553 2535 2474
f 282 2474 2535
f 112 124 287
f 299 124 287
f 299 112 287
f 125 124 287
f 125 112 287
f 299 125 287
f 2567 112 287
f 2548 2473 2698
f 2698 2472 2782
f 2547 2782 2472
f 2473 2472 2698
f 2589 2471 2605
f 2529 2605 2471
f 2527 2470 2563
f 2512 2563 2470
f 2671 2469 2673
f 2497 2469 2671
f 2484 2673 2469
f 524 2571 2468
f 2511 2468 2571
f 2494 524 2468
f 2692 2467 2669
f 2495 2669 2467
f 2467 2692 2483
f 587 2494 586
f 2621 2466 2622
f 2492 2466 2621
f 2483 2622 2466
f 2582 2465 2524
f 2465 2582 2522
f 2524 2465 2493
f 2465 587 2493
f 587 2465 586
f 2503 2659 2464
f 282 2463 2475
f 126 526 134
f 2536 134 526
f 290 526 134
f 290 126 134
f 2679 278 125
f 135 278 2679
f 287 125 278
f 2567 2462 289
f 287 2462 2567
f 137 275 130
f 127 289 130
f 127 275 130
f 127 137 130
f 2462 130 289
f 2515 2592 2461
f 2486 2461 2592
f 2548 2606 2460
f 2514 2460 2606
f 2498 2459 2527
f 2485 2459 2498
f 2470 2527 2459
f 2562 2587 2458
f 2512 2458 2587
f 2496 2562 2458
f 131 296 281
f 2553 2457 2569
f 2474 2457 2553
f 278 135 136
f 2513 288 2456
f 127 2456 288
f 2486 2530 2455
f 2513 2454 2546
f 2485 2546 2454
f 2454 2459 2485
f 2456 2454 2513
f 2604 2453 2589
f 2484 2453 2604
f 2471 2589 2453
f 2526 2572 2452
f 2496 2452 2572
f 286 131 281
f 2537 2451 2659
f 2464 2659 2451
f 2536 2570 285
f 2476 285 2570
f 134 2536 285
f 2500 2450 2550
f 2499 2449 2514
f 2460 2514 2449
f 2499 2515 2448
f 2461 2448 2515
f 2449 2499 2448
f 2530 2531 2447
f 2455 2530 2447
f 2603 2446 2695
f 2497 2695 2446
f 2495 2445 2693
f 131 281 284
f 2444 2580 2508
f 2580 2444 2482
f 2543 2443 2510
f 2443 2543 2481
f 2488 2541 2442
f 2541 2542 2441
f 2442 2541 2441
f 132 300 280
f 132 280 2602
f 300 280 2555
f 2555 280 2504
f 2480 2602 280
f 282 290 2440
f 134 2439 290
f 2440 290 2439
f 135 275 138
f 137 275 138
f 137 135 138
f 291 135 138
f 137 291 138
f 127 275 138
f 127 137 138
f 130 275 138
f 130 137 138
f 130 127 138
f 136 135 138
f 2549 2550 2438
f 2450 2438 2550
f 2472 2437 2547
f 2500 2529 2436
f 2471 2436 2529
f 2492 2523 2435
f 296 528 128
f 128 528 2481
f 528 296 131
f 284 131 528
f 2434 2508 2510
f 2510 2443 2434
f 282 2475 283
f 2463 283 2475
f 2463 282 283
f 2440 283 282
f 2598 2433 2599
f 2433 2598 2432
f 2576 2431 2598
f 2432 2598 2431
f 2516 2430 2576
f 2431 2576 2430
f 2532 2429 2595
f 2429 2532 2428
f 2547 2426 2607
f 2437 2426 2547
f 2427 2607 2426
f 2525 2526 2425
f 2452 2425 2526
f 2425 2424 2525
f 122 129 2423
f 527 2423 129
f 527 2525 2423
f 2424 2423 2525
f 2468 585 2494
f 586 2494 585
f 2482 2422 2491
f 2421 2522 2509
f 2489 2421 2509
f 2420 2489 2507
f 2489 2420 2421
f 2519 2418 2521
f 2419 2521 2418
f 2579 2615 2417
f 2506 2417 2615
f 2416 2599 2433
f 2474 282 2415
f 2457 2474 2415
f 283 2415 282
f 2516 2595 2414
f 2414 2595 2429
f 130 139 127
f 130 2462 139
f 2532 2607 2413
f 2428 2532 2413
f 2413 2607 2427
f 2531 2549 2412
f 2447 2531 2412
f 2438 2412 2549
f 2447 2411 2455
f 2459 2410 2470
f 2459 2454 2410
f 2470 2409 2512
f 2458 2512 2409
f 2410 2409 2470
f 2458 2408 2496
f 2409 2408 2458
f 2561 2407 2603
f 2446 2603 2407
f 2469 2497 2406
f 2467 2405 2495
f 2511 122 2404
f 2468 2511 2404
f 2423 2404 122
f 2404 585 2468
f 2403 586 2465
f 586 2403 585
f 131 281 141
f 286 281 141
f 131 286 141
f 2522 2402 2465
f 2522 2421 2402
f 2465 2402 2403
f 2481 2401 2443
f 2401 2481 528
f 133 2521 529
f 529 2521 2419
f 2508 2400 2444
f 2400 2508 2434
f 2490 2399 2542
f 2441 2542 2399
f 2505 2398 2519
f 2418 2519 2398
f 2575 2396 2629
f 2501 2629 2396
f 2473 2548 2395
f 2460 2395 2548
f 2461 2486 2394
f 2455 2394 2486
f 2469 2393 2484
f 2406 2393 2469
f 2585 2693 2392
f 2445 2392 2693
f 2483 2391 2467
f 2405 2467 2391
f 2466 2492 2390
f 2435 2390 2492
f 2444 2389 2482
f 2422 2482 2389
f 529 2388 133
f 2488 2387 2523
f 2442 2387 2488
f 2435 2523 2387
f 2539 2579 2386
f 2417 2386 2579
f 2539 2385 2660
f 2537 2660 2385
f 2386 2385 2539
f 2478 2599 2384
f 2416 2384 2599
f 2414 2383 2516
f 139 2382 127
f 2450 2500 2381
f 2436 2381 2500
f 2453 2380 2471
f 2436 2471 2380
f 2466 2379 2483
f 2391 2483 2379
f 2379 2466 2390
f 131 286 143
f 284 143 131
f 528 131 143
f 528 143 284
f 141 131 143
f 141 143 286
f 2490 2491 2378
f 2422 2378 2491
f 2759 267 300
f 267 2759 2578
f 132 300 267
f 280 300 267
f 280 132 267
f 2507 267 2420
f 2614 2377 2578
f 2578 2377 267
f 2376 2614 2601
f 2614 2376 2377
f 2480 531 2505
f 2398 2505 531
f 267 531 2397
f 2448 2461 2375
f 2394 2375 2461
f 2449 2374 2460
f 2395 2460 2374
f 2411 2373 2455
f 2394 2455 2373
f 2453 2484 2372
f 2393 2372 2484
f 2380 2453 2372
f 2443 2371 2434
f 2401 2371 2443
f 2370 2601 2577
f 2601 2370 2376
f 2487 2369 2596
f 2566 2596 2368
f 2369 2368 2596
f 2575 2566 2367
f 2396 2575 2367
f 2368 2367 2566
f 2448 2366 2449
f 2375 2366 2448
f 2366 2374 2449
f 2456 127 2365
f 2382 2365 127
f 2454 2456 2364
f 2365 2364 2456
f 2411 2447 2363
f 2437 2472 2362
f 2373 2411 2361
f 2545 2360 2561
f 2407 2561 2360
f 2559 2585 2359
f 2392 2359 2585
f 2379 2358 2391
f 2389 2357 2422
f 2356 2577 2554
f 2577 2356 2370
f 2451 2537 2355
f 2385 2355 2537
f 2384 2354 2478
f 2534 2353 2597
f 2487 2597 2353
f 2369 2487 2353
f 2410 2454 2352
f 2364 2352 2454
f 2372 2393 2351
f 2446 2350 2497
f 2406 2497 2350
f 2393 2406 2349
f 2351 2393 2349
f 2391 2348 2405
f 2358 2348 2391
f 2445 2495 2347
f 2405 2347 2495
f 2400 2434 2346
f 2371 2346 2434
f 2387 2442 2345
f 2506 2520 2344
f 2417 2506 2344
f 2540 2343 2520
f 2343 2344 2520
f 266 2504 280
f 280 266 2480
f 267 280 266
f 267 2397 266
f 531 2480 266
f 531 266 2397
f 531 267 266
f 2518 2342 2540
f 2343 2540 2342
f 2341 2504 266
f 2340 2554 2538
f 2554 2340 2356
f 2339 2517 2504
f 2339 2504 2341
f 2338 2538 2517
f 2340 2538 2338
f 2338 2517 2339
f 2479 2478 2337
f 2337 2478 2354
f 2552 2336 2534
f 2353 2534 2336
f 2551 2335 2552
f 2336 2552 2335
f 2533 2333 2551
f 2335 2551 2333
f 139 2462 2332
f 2334 2332 2462
f 2381 2331 2450
f 2472 2473 2330
f 2395 2330 2473
f 2362 2472 2330
f 2381 2436 2329
f 2380 2329 2436
f 2349 2406 2328
f 2544 2327 2545
f 2360 2545 2327
f 2544 2559 2326
f 2359 2326 2559
f 2327 2544 2326
f 2325 2405 2348
f 281 2556 2324
f 141 281 2324
f 2390 2435 2323
f 133 530 2556
f 529 133 530
f 2388 530 133
f 2388 529 530
f 2324 2556 530
f 2441 2322 2442
f 2345 2442 2322
f 2451 2321 2464
f 2355 2321 2451
f 2477 2479 2320
f 2337 2320 2479
f 2476 2477 2319
f 2320 2319 2477
f 2319 2318 2476
f 283 2440 2317
f 2317 2316 283
f 2316 2315 283
f 2415 283 2314
f 2315 2314 283
f 2314 2313 2415
f 2415 2312 2457
f 2313 2312 2415
f 278 2311 287
f 2462 287 2310
f 2334 2462 2310
f 2311 2310 287
f 2568 2569 279
f 135 2568 279
f 278 135 279
f 2457 279 2569
f 136 135 279
f 136 279 278
f 2312 279 2457
f 2311 278 279
f 2502 2309 2533
f 2333 2533 2309
f 130 275 150
f 138 275 150
f 138 130 150
f 139 130 150
f 2332 150 139
f 2501 2308 2502
f 2396 2308 2501
f 2309 2502 2308
f 137 275 140
f 137 140 291
f 130 275 140
f 130 137 140
f 138 275 140
f 138 137 140
f 138 291 140
f 138 130 140
f 140 275 150
f 140 130 150
f 140 138 150
f 2438 2450 2307
f 2331 2307 2450
f 2412 2438 2306
f 2307 2306 2438
f 2426 2437 2305
f 2362 2305 2437
f 2372 2303 2380
f 2351 2303 2372
f 2329 2380 2303
f 2303 2351 2302
f 2390 2300 2379
f 2358 2379 2300
f 2323 2300 2390
f 2357 2389 2298
f 2299 2357 2298
f 2389 2444 2297
f 2298 2389 2297
f 2401 528 2296
f 2371 2401 2296
f 2419 2295 529
f 530 529 2295
f 2295 2419 2294
f 2399 2293 2441
f 2322 2441 2293
f 2503 2292 2518
f 2342 2518 2292
f 2439 2291 2440
f 2317 2440 2291
f 285 2476 277
f 285 134 277
f 2318 277 2476
f 285 134 149
f 2439 134 149
f 2291 2439 149
f 277 134 149
f 277 285 149
f 136 135 276
f 138 135 276
f 138 276 130
f 138 276 136
f 279 276 135
f 279 136 276
f 276 140 130
f 276 138 140
f 137 275 274
f 130 275 274
f 130 137 274
f 138 275 274
f 138 137 274
f 138 130 274
f 139 130 274
f 2382 139 274
f 150 275 274
f 150 130 274
f 150 138 274
f 150 139 274
f 140 275 274
f 140 137 274
f 140 130 274
f 140 138 274
f 150 140 274
f 2330 2395 2290
f 2409 2410 2289
f 2352 2289 2410
f 2363 2288 2411
f 2361 2411 2288
f 2361 2287 2373
f 2287 2361 2304
f 2407 2284 2446
f 2350 2446 2284
f 142 2286 2282
f 2348 2358 2280
f 2392 2445 2276
f 2347 2276 2445
f 2275 2277 2301
f 2274 2358 2300
f 2280 2358 2274
f 2279 2280 2274
f 143 141 2273
f 2324 2273 141
f 271 143 2273
f 2378 2422 2272
f 2357 2272 2422
f 2400 2271 2444
f 2346 2271 2400
f 2297 2444 2271
f 2270 2402 2421
f 2269 2421 2420
f 2421 2269 2270
f 2268 2420 267
f 2269 2420 2268
f 2418 2267 2419
f 2294 2419 2267
f 2398 2266 2418
f 2267 2418 2266
f 2426 2265 2427
f 2305 2265 2426
f 2374 2264 2395
f 2290 2395 2264
f 2375 2394 2263
f 2373 2263 2394
f 2287 2263 2373
f 2408 2409 2262
f 2289 2262 2409
f 2262 2261 2408
f 142 2260 2286
f 2286 2304 2259
f 2282 2286 2259
f 2282 2259 2283
f 2283 2258 2285
f 2259 2257 2283
f 2258 2283 2257
f 2452 2496 2256
f 2425 2452 2256
f 2408 2256 2496
f 2261 2256 2408
f 2424 2425 2255
f 2256 2255 2425
f 2255 2254 2424
f 2423 2424 2252
f 2254 2252 2424
f 2404 2423 2251
f 2252 2251 2423
f 2278 2279 2250
f 2301 2277 2249
f 2277 2278 2249
f 2299 2248 2301
f 2301 2248 2275
f 585 2404 584
f 2251 584 2404
f 271 2247 143
f 2246 585 2403
f 585 2246 584
f 143 2245 528
f 2296 528 2245
f 271 2245 143
f 2244 2403 2402
f 2244 2402 2270
f 2403 2244 2246
f 2387 2243 2435
f 2323 2435 2243
f 2346 2371 2242
f 2296 2242 2371
f 2464 2241 2503
f 2321 2241 2464
f 2292 2503 2241
f 274 2240 2382
f 2412 2239 2447
f 2363 2447 2239
f 2306 2239 2412
f 2374 2366 2238
f 2238 2264 2374
f 2366 2375 2237
f 2237 2375 2263
f 2238 2366 2237
f 2329 2236 2381
f 2290 2235 2330
f 2330 2233 2362
f 2234 2233 2330
f 2304 2361 2232
f 2288 2232 2361
f 2232 2259 2304
f 2304 2231 2287
f 2286 2231 2304
f 2231 2286 2260
f 2282 273 142
f 2230 273 142
f 2283 2285 2229
f 2282 2283 2229
f 2348 2228 2325
f 2280 2228 2348
f 2278 2227 2279
f 2277 2227 2278
f 2275 2226 2277
f 2274 2225 2279
f 2250 2279 2225
f 2299 2224 2357
f 2299 2301 2224
f 2272 2357 2224
f 2249 2224 2301
f 2298 2223 2299
f 2248 2299 2223
f 2271 2346 2222
f 2222 2346 2242
f 2399 2490 2221
f 2378 2221 2490
f 2293 2399 2221
f 2272 2221 2378
f 531 2220 2398
f 266 2220 531
f 2266 2398 2220
f 2265 2219 2427
f 2235 2290 2218
f 2230 142 144
f 273 142 144
f 273 2230 144
f 273 2282 2217
f 2229 2217 2282
f 2253 2325 2216
f 2228 2216 2325
f 2227 2277 2215
f 2226 2215 2277
f 2226 2275 268
f 2345 2214 2387
f 2243 2387 2214
f 2331 2381 2213
f 2236 2213 2381
f 2365 2382 2212
f 2364 2365 2212
f 2352 2364 2212
f 2240 2212 2382
f 2289 2352 2211
f 2212 2211 2352
f 2264 2210 2290
f 2235 2209 2330
f 2234 2330 2209
f 2209 2235 2218
f 2209 2208 2234
f 2218 2208 2209
f 2208 2218 2207
f 2305 2362 2206
f 2233 2206 2362
f 2208 2205 2234
f 2207 2205 2208
f 2303 2204 2329
f 2302 2204 2303
f 2285 2204 2302
f 2258 2204 2285
f 2236 2329 2204
f 2205 2203 2234
f 2260 142 2202
f 2202 142 144
f 2302 2351 2201
f 2285 2302 2201
f 2200 2202 144
f 2360 2199 2407
f 2284 2407 2199
f 2349 2198 2351
f 2328 2198 2349
f 2201 2351 2198
f 2281 2197 2328
f 2253 2197 2281
f 2197 2253 2216
f 2359 2392 2196
f 2276 2196 2392
f 2248 2195 2275
f 268 2275 2195
f 146 268 2195
f 271 143 272
f 2247 272 143
f 2247 271 272
f 2300 2323 2194
f 2300 2194 2274
f 2225 2274 2194
f 2322 2193 2345
f 2293 2193 2322
f 2214 2345 2193
f 2307 2331 2192
f 2306 2307 2192
f 2213 2192 2331
f 2218 2290 2191
f 2210 2191 2290
f 2207 2218 2191
f 2257 2259 2190
f 2203 2189 2234
f 2233 2234 2188
f 2189 2188 2234
f 2200 2187 2202
f 2229 2285 2186
f 2201 2186 2285
f 144 145 2200
f 2187 2200 145
f 2187 145 2189
f 2217 2185 273
f 2215 2226 2184
f 146 268 270
f 2250 2183 2278
f 2249 2278 2183
f 2195 2182 146
f 270 146 2182
f 2242 2296 2181
f 2242 2181 2222
f 2239 2306 2180
f 2192 2180 2306
f 2263 2179 2237
f 2237 2179 2238
f 2264 2238 2178
f 2210 2264 2178
f 2179 2178 2238
f 2263 2287 2177
f 2231 2177 2287
f 2179 2263 2177
f 2205 2207 2176
f 2203 2205 2176
f 2191 2176 2207
f 2257 2175 2258
f 2204 2258 2175
f 2175 2257 2190
f 2217 2229 2174
f 2215 2173 2227
f 2228 2280 2172
f 2182 2171 270
f 272 2170 271
f 2273 2169 271
f 272 271 2169
f 2225 2168 2250
f 2194 2168 2225
f 2183 2250 2168
f 2297 2167 2298
f 2223 2298 2167
f 2271 2166 2297
f 2167 2297 2166
f 2222 2165 2271
f 2165 2222 2181
f 2166 2271 2165
f 2221 2164 2293
f 2193 2293 2164
f 2342 2163 2343
f 2292 2163 2342
f 2386 2417 2162
f 2344 2162 2417
f 2320 2337 2161
f 2265 2305 2160
f 2206 2160 2305
f 2288 2363 2159
f 2239 2159 2363
f 2204 2158 2236
f 2175 2158 2204
f 2260 2157 2231
f 2202 2157 2260
f 2177 2231 2157
f 2188 2189 2156
f 145 2156 2189
f 144 273 269
f 145 269 144
f 2185 269 273
f 2185 2217 2155
f 2174 2155 2217
f 2347 2405 2154
f 2325 2154 2405
f 2173 2215 2153
f 268 2152 2226
f 2184 2226 2152
f 2171 2151 270
f 2170 2151 2171
f 2170 272 2150
f 2151 2170 2150
f 2223 2149 2248
f 2195 2248 2149
f 2167 2149 2223
f 2273 2324 2148
f 2169 2273 2148
f 530 2147 2324
f 2148 2324 2147
f 2245 2146 2296
f 2181 2296 2146
f 2243 2145 2323
f 2194 2323 2145
f 2168 2194 2145
f 2221 2272 2144
f 2295 2143 530
f 2147 530 2143
f 2294 2142 2295
f 2143 2295 2142
f 2142 2294 2141
f 2267 2140 2294
f 2141 2294 2140
f 2385 2386 2139
f 2162 2139 2386
f 2355 2385 2138
f 2139 2138 2385
f 2321 2355 2137
f 2241 2321 2137
f 2138 2137 2355
f 2384 2416 2136
f 2433 2135 2416
f 2136 2416 2135
f 2432 2134 2433
f 2135 2433 2134
f 2431 2133 2432
f 2134 2432 2133
f 2133 2431 2132
f 2430 2516 2131
f 2430 2131 2431
f 2383 2131 2516
f 2132 2431 2131
f 2383 2414 2130
f 2131 2383 2130
f 2429 2129 2414
f 2130 2414 2129
f 2428 2128 2429
f 2129 2429 2128
f 2413 2127 2428
f 2128 2428 2127
f 2427 2126 2413
f 2219 2126 2427
f 2127 2413 2126
f 2213 2236 2125
f 2192 2213 2125
f 2180 2192 2125
f 2125 2236 2158
f 2191 2210 2124
f 2178 2124 2210
f 2176 2191 2124
f 2232 2288 2123
f 2259 2232 2123
f 2190 2259 2123
f 2159 2123 2288
f 2189 2203 2122
f 2187 2189 2122
f 2176 2122 2203
f 2124 2122 2176
f 2206 2233 2121
f 2188 2121 2233
f 2350 2120 2406
f 2328 2406 2120
f 2281 2328 2120
f 2253 2281 2120
f 2327 2119 2360
f 2199 2360 2119
f 2326 2359 2118
f 2196 2118 2359
f 2245 271 2117
f 2170 2117 271
f 2170 2171 2117
f 2117 2146 2245
f 2224 2116 2272
f 2224 2249 2116
f 2183 2116 2249
f 2116 2144 2272
f 2214 2115 2243
f 2193 2115 2214
f 2164 2115 2193
f 2145 2243 2115
f 2266 2114 2267
f 2140 2267 2114
f 2344 2343 2113
f 2163 2113 2343
f 2162 2344 2113
f 2241 2112 2292
f 2163 2292 2112
f 2354 2111 2337
f 2161 2337 2111
f 2354 2384 2110
f 2136 2110 2384
f 2111 2354 2110
f 2367 2109 2396
f 2308 2396 2109
f 2178 2179 2108
f 2177 2108 2179
f 2157 2108 2177
f 2124 2178 2108
f 2190 2107 2175
f 2158 2175 2107
f 2123 2107 2190
f 2123 2159 2107
f 2187 2106 2202
f 2157 2202 2106
f 2122 2106 2187
f 2122 2124 2106
f 2108 2157 2106
f 2108 2106 2124
f 2156 2105 2188
f 2121 2188 2105
f 145 148 144
f 2156 145 148
f 269 144 148
f 269 145 148
f 2198 2328 2104
f 2197 2104 2328
f 146 268 147
f 270 268 147
f 270 146 147
f 2152 268 147
f 2151 147 270
f 2182 2195 2103
f 2149 2103 2195
f 2171 2182 2102
f 2117 2171 2102
f 2146 2117 2102
f 2103 2102 2182
f 2168 2101 2183
f 2145 2101 2168
f 2116 2183 2101
f 2144 2116 2101
f 2166 2100 2167
f 2165 2100 2166
f 2149 2167 2100
f 2103 2149 2100
f 2181 2099 2165
f 2146 2099 2181
f 2102 2099 2146
f 2102 2103 2099
f 2100 2165 2099
f 2100 2099 2103
f 2270 2098 2244
f 2097 2270 2269
f 2268 2097 2269
f 2270 2097 2098
f 2097 2268 2096
f 267 2095 2268
f 2268 2095 2096
f 2094 2161 2111
f 2161 2093 2320
f 2219 2265 2092
f 2160 2092 2265
f 2180 2091 2239
f 2159 2239 2091
f 2125 2091 2180
f 2158 2091 2125
f 2091 2107 2159
f 2091 2158 2107
f 2262 2289 2090
f 2211 2090 2289
f 2261 2262 2089
f 2090 2089 2262
f 2155 2088 2185
f 2119 2327 2087
f 2326 2086 2327
f 2118 2086 2326
f 2216 2228 2085
f 2172 2085 2228
f 2184 2084 2215
f 2153 2215 2084
f 2169 2083 272
f 2150 272 2083
f 2082 584 2246
f 2164 2221 2081
f 2144 2081 2221
f 2115 2164 2081
f 2115 2081 2145
f 2101 2145 2081
f 2101 2081 2144
f 2080 2246 2244
f 2244 2098 2080
f 2246 2080 2082
f 2220 2079 2266
f 2114 2266 2079
f 2336 2078 2353
f 2335 2077 2336
f 2077 2078 2336
f 2353 2076 2369
f 2078 2076 2353
f 2368 2369 2075
f 2076 2075 2369
f 2333 2074 2335
f 2077 2335 2074
f 2367 2368 2073
f 2109 2367 2073
f 2075 2073 2368
f 2240 274 2072
f 2212 2240 2071
f 2072 2071 2240
f 2211 2212 2070
f 2090 2211 2070
f 2071 2070 2212
f 2256 2261 2069
f 2089 2069 2261
f 2186 2068 2229
f 2174 2229 2068
f 2105 2156 2067
f 148 2067 2156
f 2255 2256 2066
f 2069 2066 2256
f 2254 2255 2065
f 2066 2065 2255
f 2087 2327 2064
f 2086 2064 2327
f 2065 2063 2254
f 2252 2254 2062
f 2063 2062 2254
f 2150 2061 2151
f 147 2151 2061
f 2083 2061 2150
f 2279 2060 2280
f 2227 2060 2279
f 2173 2060 2227
f 2251 2252 2059
f 2062 2059 2252
f 584 2251 583
f 583 584 2082
f 2059 583 2251
f 261 267 2377
f 267 261 266
f 151 2377 2376
f 2377 151 261
f 2058 2376 2370
f 2376 2058 151
f 266 265 2341
f 2220 266 265
f 2079 2220 265
f 266 261 265
f 2137 2057 2241
f 2113 2163 2057
f 2112 2241 2057
f 2112 2057 2163
f 2094 2056 2161
f 2093 2161 2056
f 2309 2055 2333
f 2074 2333 2055
f 2308 2054 2309
f 2109 2054 2308
f 2055 2309 2054
f 2092 2053 2219
f 2160 2206 2052
f 2121 2052 2206
f 2198 2051 2201
f 2104 2051 2198
f 2284 2050 2350
f 2199 2050 2284
f 2120 2350 2050
f 2216 2049 2197
f 2085 2049 2216
f 2276 2347 2048
f 2196 2276 2048
f 2154 2048 2347
f 2047 2370 2356
f 2370 2047 2058
f 2046 2356 2340
f 2356 2046 2047
f 2045 2341 265
f 2139 2162 2044
f 2138 2139 2044
f 2137 2138 2044
f 2113 2044 2162
f 2057 2137 2044
f 2057 2044 2113
f 2338 2043 2340
f 2340 2043 2046
f 2341 2042 2339
f 2042 2341 2045
f 2339 2041 2338
f 2338 2041 2043
f 2041 2339 2042
f 2319 2320 2040
f 2093 2040 2320
f 2318 2319 264
f 2040 264 2319
f 2291 2039 2317
f 2316 2317 2038
f 2039 2038 2317
f 2315 2316 2037
f 2038 2037 2316
f 2310 2036 2334
f 2332 2334 2035
f 2036 2035 2334
f 2186 2201 2034
f 2068 2186 2034
f 2051 2034 2201
f 269 2185 2033
f 148 269 2033
f 2088 2033 2185
f 2155 2174 152
f 2088 2155 152
f 2068 152 2174
f 2104 2197 2032
f 2049 2032 2197
f 2153 2031 2173
f 2060 2173 2031
f 2152 2030 2184
f 147 2030 2152
f 2084 2184 2030
f 2172 2280 2029
f 2060 2029 2280
f 2142 2028 2143
f 2141 2027 2142
f 2028 2142 2027
f 2056 2094 2026
f 149 2025 2291
f 2039 2291 2025
f 277 2318 260
f 264 260 2318
f 149 277 2024
f 2025 149 2024
f 260 2024 277
f 2314 2315 2023
f 2037 2023 2315
f 2313 2314 2022
f 2023 2022 2314
f 2312 2313 2021
f 2022 2021 2313
f 279 2020 2311
f 2310 2311 2019
f 2019 2036 2310
f 2020 2019 2311
f 279 2312 2018
f 2021 2018 2312
f 2020 279 2018
f 150 2017 140
f 150 2332 2016
f 2035 2016 2332
f 2017 150 2016
f 274 140 2015
f 2072 274 2015
f 2017 2015 140
f 2067 148 2014
f 2061 2013 147
f 2148 2012 2169
f 2083 2169 2012
f 2147 2011 2148
f 2143 2011 2147
f 2012 2148 2011
f 2010 2143 2028
f 2011 2143 2010
f 2028 2009 2010
f 2027 2008 2028
f 2009 2028 2008
f 2140 2007 2141
f 2027 2141 2007
f 2008 2027 2006
f 2007 2006 2027
f 2026 2094 2005
f 2092 2160 2004
f 2052 2004 2160
f 2067 2003 2105
f 2014 2002 2067
f 2003 2067 2002
f 2253 2001 2325
f 2154 2325 2001
f 2013 2061 2000
f 2061 2083 1999
f 2012 1999 2083
f 2000 2061 1999
f 2006 2007 1998
f 2114 1997 2140
f 2007 2140 1997
f 1998 2007 1997
f 2105 1996 2121
f 2052 2121 1996
f 1996 2105 2003
f 2119 1995 2199
f 2050 2199 1995
f 1993 2013 2000
f 2084 1992 2153
f 2031 2153 1992
f 2118 2196 1991
f 2048 1991 2196
f 2110 1990 2111
f 2111 1990 2094
f 2005 2094 1990
f 2073 1989 2109
f 2054 2109 1989
f 2033 2088 1988
f 152 1988 2088
f 2002 2014 1987
f 2013 1986 147
f 2079 1985 2114
f 265 1985 2079
f 1997 2114 1985
f 1997 1985 1998
f 2026 1984 2056
f 2056 1983 2093
f 2040 2093 1983
f 1984 1983 2056
f 2078 2077 1982
f 2076 2078 1982
f 2074 1981 2077
f 2055 1981 2074
f 1982 2077 1981
f 2075 2076 1980
f 2073 2075 1980
f 1980 1989 2073
f 1982 1980 2076
f 2053 2092 1979
f 2004 1979 2092
f 2051 2104 1978
f 2032 1978 2104
f 259 1977 152
f 1988 152 1977
f 1987 1976 2002
f 1976 1987 1975
f 2000 1974 1993
f 1975 1993 1974
f 1994 2031 1973
f 2085 2172 1972
f 2029 1972 2172
f 1998 1971 2006
f 1985 1971 1998
f 2005 1970 2026
f 1984 2026 1970
f 1990 1969 2005
f 1969 1970 2005
f 2054 1968 2055
f 1989 1968 2054
f 1981 2055 1968
f 1981 1968 1982
f 1989 1980 1968
f 1980 1982 1968
f 2071 2072 1967
f 2015 1967 2072
f 2070 1966 2090
f 2070 2071 1966
f 1967 1966 2071
f 2089 2090 1965
f 1966 1965 2090
f 2069 2089 1964
f 1965 1964 2089
f 2066 2069 1963
f 1964 1963 2069
f 2002 1962 2003
f 1976 1962 2002
f 2065 2066 1961
f 2063 2065 1961
f 1999 1960 2000
f 1974 2000 1960
f 2062 2063 1959
f 1961 1959 2063
f 2059 2062 582
f 583 2059 582
f 1959 582 2062
f 2082 1958 583
f 583 1958 582
f 1957 2082 2080
f 2082 1957 1958
f 1956 2098 2097
f 1956 2080 2098
f 2080 1956 1957
f 2096 1955 2097
f 2097 1955 1956
f 2004 2052 1954
f 1996 1954 2052
f 2034 2051 1953
f 1978 1953 2051
f 2033 1952 148
f 2014 148 1952
f 1994 1951 259
f 1977 259 1951
f 1973 1951 1994
f 2030 1950 2084
f 1992 2084 1950
f 2010 1949 2011
f 2009 1948 2010
f 2008 1948 2009
f 1949 2010 1948
f 2006 1947 2008
f 1948 2008 1947
f 1971 1946 2006
f 1947 2006 1946
f 1945 2096 2095
f 2096 1945 1955
f 1946 1971 1944
f 152 2068 1943
f 1988 1942 2033
f 1952 2033 1942
f 1987 2014 1941
f 1952 1941 2014
f 2032 2049 1940
f 1978 2032 1940
f 1975 1939 1976
f 1974 1939 1975
f 1962 1976 1939
f 1960 1939 1974
f 2049 2085 1938
f 1972 1938 2085
f 1940 2049 1938
f 1993 1937 2013
f 1986 2013 1937
f 2030 147 1936
f 1986 1936 147
f 1950 2030 1936
f 2029 2060 1935
f 2011 1934 2012
f 1949 1933 2011
f 1934 2011 1933
f 1944 1971 1932
f 1985 265 1931
f 1971 1985 1931
f 1932 1971 1931
f 1969 1990 1930
f 1990 2110 1929
f 264 2040 532
f 260 264 532
f 2087 1928 2119
f 2064 1928 2087
f 1995 2119 1928
f 2120 1927 2253
f 2001 2253 1927
f 1992 1926 2031
f 1973 2031 1926
f 2086 2118 1925
f 2064 2086 1925
f 1991 1925 2118
f 1928 2064 1925
f 2031 1924 2060
f 1994 1924 2031
f 1999 2012 1923
f 1923 2012 1934
f 1970 1969 1922
f 1930 1922 1969
f 1983 1984 1921
f 1970 1921 1984
f 1922 1921 1970
f 2135 1920 2136
f 2110 2136 1920
f 1929 2110 1920
f 1979 2004 1919
f 1954 1919 2004
f 2034 1918 2068
f 1953 1918 2034
f 1943 2068 1918
f 2050 1917 2120
f 1995 1917 2050
f 1927 2120 1917
f 1977 1916 1988
f 1951 1916 1977
f 1942 1988 1916
f 2048 2154 263
f 2001 263 2154
f 1991 2048 263
f 1921 1915 1983
f 1921 1922 1915
f 1930 1990 1914
f 1929 1914 1990
f 1922 1930 1914
f 1914 1915 1922
f 2053 1913 2219
f 1979 1913 2053
f 1975 1912 1993
f 1975 1987 1912
f 1941 1912 1987
f 1937 1993 1912
f 2003 1911 1996
f 1972 2029 1910
f 1935 1910 2029
f 2134 1909 2135
f 1920 2135 1909
f 1919 1908 1979
f 1913 1979 1908
f 1953 1978 1907
f 1940 1907 1978
f 1951 1973 1906
f 1926 1906 1973
f 1916 1951 1906
f 1960 1999 1905
f 1939 1960 1905
f 1923 1905 1999
f 2133 1904 2134
f 1909 2134 1904
f 1918 1953 1903
f 1907 1903 1953
f 1928 1902 1995
f 1917 1995 1902
f 1925 1991 257
f 263 257 1991
f 265 1901 2045
f 2045 1901 2042
f 2132 1900 2133
f 1904 2133 1900
f 2131 1899 2132
f 1900 2132 1899
f 2130 1898 2131
f 1899 2131 1898
f 2129 1897 2130
f 1898 2130 1897
f 2128 1896 2129
f 1897 2129 1896
f 2127 1895 2128
f 1896 2128 1895
f 2126 154 2127
f 1895 2127 154
f 1967 2015 1893
f 1894 1893 2015
f 1966 1967 1892
f 1893 1892 1967
f 1893 1894 1892
f 1965 1966 1891
f 1892 1891 1966
f 1964 1965 1890
f 1891 1890 1965
f 1963 1964 1889
f 1890 1889 1964
f 1963 1888 2066
f 1889 1888 1963
f 1962 1887 2003
f 1939 1887 1962
f 1911 2003 1887
f 1942 1886 1952
f 1941 1952 1886
f 1912 1941 1886
f 1938 1972 1884
f 1910 1884 1972
f 1950 1883 1992
f 1936 1883 1950
f 1926 1992 1883
f 1937 1882 1986
f 1936 1986 1882
f 1912 1882 1937
f 1959 1961 1881
f 582 1959 581
f 1881 581 1959
f 1880 582 1958
f 582 1880 581
f 1947 1879 1948
f 1878 1957 1956
f 1877 1956 1955
f 1956 1877 1878
f 1955 1876 1877
f 1946 1875 1947
f 1879 1947 1875
f 1944 1874 1946
f 1875 1946 1874
f 1932 1873 1944
f 1874 1944 1873
f 151 261 262
f 262 151 2058
f 262 1955 1945
f 1955 262 1876
f 1872 2058 2047
f 2058 1872 262
f 1931 1871 1932
f 1873 1932 1871
f 151 261 254
f 254 265 261
f 1931 265 254
f 1901 265 254
f 262 261 254
f 262 151 254
f 1871 1931 254
f 1870 2047 2046
f 2047 1870 1872
f 1869 2046 2043
f 2046 1869 1870
f 2042 1868 2041
f 1868 2042 1901
f 1867 2043 2041
f 2043 1867 1869
f 1867 2041 1868
f 1983 1866 2040
f 532 2040 1866
f 1915 1866 1983
f 2025 1865 2039
f 2038 2039 1864
f 1865 1864 2039
f 2024 1863 2025
f 1865 2025 1863
f 260 533 264
f 532 264 533
f 532 533 260
f 1866 533 532
f 2037 2038 1862
f 1864 1862 2038
f 2024 260 1861
f 1863 2024 1861
f 533 1861 260
f 2023 2037 1860
f 1862 1860 2037
f 2022 2023 1859
f 1860 1859 2023
f 2021 2022 1858
f 1859 1858 2022
f 2018 1857 2020
f 2019 2020 1856
f 1857 1856 2020
f 2018 2021 1855
f 1858 1855 2021
f 1857 2018 1855
f 2036 2019 1854
f 1856 1854 2019
f 2035 2036 1853
f 1854 1853 2036
f 2016 2035 1852
f 2016 1852 2017
f 2015 2017 1852
f 1894 2015 1852
f 1853 1852 2035
f 2126 2219 249
f 154 2126 249
f 1954 1996 1851
f 1919 1954 1851
f 1911 1851 1996
f 259 258 152
f 1943 258 152
f 1916 1850 1942
f 1906 1850 1916
f 1886 1942 1850
f 1938 1849 1940
f 1907 1940 1849
f 1884 1849 1938
f 1905 1848 1939
f 1887 1939 1848
f 1924 1994 1847
f 1933 1845 1934
f 1846 1934 1845
f 1948 1844 1949
f 1933 1949 1844
f 1879 1844 1948
f 1845 1933 1844
f 1843 1958 1957
f 1958 1843 1880
f 1843 1957 1878
f 1927 255 2001
f 263 2001 255
f 257 263 255
f 1883 1936 1842
f 1882 1842 1936
f 1934 1841 1923
f 1905 1923 1841
f 1841 1934 1846
f 1908 1919 1840
f 1851 1840 1919
f 1918 1839 1943
f 258 1943 1839
f 1903 1838 1918
f 1838 1839 1918
f 1902 1928 1837
f 1886 1836 1912
f 1882 1912 1836
f 1842 1882 1836
f 1925 1835 1928
f 257 1835 1925
f 1837 1928 1835
f 1848 1905 1834
f 1841 1834 1905
f 1910 1935 1833
f 1935 2060 1832
f 1924 1832 2060
f 1847 1832 1924
f 1833 1935 1832
f 1915 1914 1830
f 1866 1915 1830
f 1831 1830 1914
f 1914 1929 1829
f 1831 1914 1829
f 1903 1907 1828
f 1838 1903 1828
f 1906 1926 1827
f 1883 1827 1926
f 1850 1906 1827
f 1920 1826 1929
f 1909 1826 1920
f 1829 1929 1826
f 1908 1825 1913
f 1840 1825 1908
f 1917 1824 1927
f 1902 1824 1917
f 1837 1824 1902
f 259 153 152
f 1994 259 153
f 258 152 153
f 258 259 153
f 1847 1994 153
f 1850 1823 1886
f 1842 1823 1883
f 1836 1886 1823
f 1836 1823 1842
f 1827 1883 1823
f 1827 1823 1850
f 257 256 263
f 255 263 256
f 255 256 257
f 1835 257 256
f 1884 1910 1822
f 1833 1822 1910
f 1825 1821 1913
f 1849 1820 1907
f 1828 1907 1820
f 255 1927 1819
f 1824 1819 1927
f 256 255 1819
f 1892 1894 1816
f 1891 1892 1816
f 1890 1891 1816
f 1818 1816 1894
f 1817 1816 1818
f 1816 1817 1815
f 1889 1890 1814
f 1816 1814 1890
f 1815 1814 1816
f 1888 1889 1813
f 1814 1813 1889
f 1814 1815 1813
f 1851 1911 1812
f 1840 1851 1812
f 1813 1811 1888
f 1887 1810 1911
f 1812 1911 1810
f 1961 2066 1809
f 1888 1809 2066
f 1885 1961 1809
f 1811 1809 1888
f 1848 1808 1887
f 1810 1887 1808
f 1809 1807 1885
f 1849 1884 1806
f 1822 1806 1884
f 1820 1849 1806
f 1808 1848 1805
f 1885 1804 1961
f 1881 1961 1804
f 1807 1804 1885
f 1804 1803 1881
f 1834 1802 1848
f 1805 1848 1802
f 581 1881 580
f 1803 580 1881
f 1846 1801 1841
f 1834 1841 1801
f 1802 1834 1801
f 581 1800 580
f 1799 581 1880
f 581 1799 1800
f 1844 1879 1798
f 1844 1798 1845
f 1797 1880 1843
f 1880 1797 1799
f 1875 1795 1879
f 1798 1879 1795
f 1794 1878 1877
f 1878 1794 1843
f 1843 1794 1797
f 1793 1799 1797
f 1799 1793 1796
f 1793 1797 1794
f 1874 1792 1875
f 1795 1875 1792
f 1794 1791 1793
f 1873 1790 1874
f 1792 1874 1790
f 1789 1877 1876
f 1877 1789 1794
f 1794 1789 1791
f 1871 1788 1873
f 1790 1873 1788
f 254 1787 1871
f 1788 1871 1787
f 262 252 254
f 1787 254 252
f 1813 1815 1786
f 1811 1813 1786
f 1809 1811 1785
f 1786 1785 1811
f 1807 1809 1784
f 1785 1784 1809
f 1804 1807 1783
f 1784 1783 1807
f 1835 1782 1837
f 1824 1837 1782
f 256 1782 1835
f 1819 1824 1782
f 1819 1782 256
f 1783 1781 1804
f 1803 1804 1780
f 1781 1780 1804
f 580 1803 579
f 1780 579 1803
f 1779 580 1800
f 580 1779 579
f 1845 1778 1846
f 1801 1846 1778
f 1798 1778 1845
f 1777 1800 1799
f 1777 1799 1796
f 1800 1777 1779
f 1825 1840 1776
f 1812 1776 1840
f 1839 1838 1775
f 1828 1775 1838
f 1832 1774 1833
f 1822 1833 1774
f 1810 1773 1812
f 1776 1812 1773
f 1808 1772 1810
f 1773 1810 1772
f 1783 1784 1771
f 1805 1770 1808
f 1772 1808 1770
f 1781 1783 1769
f 1771 1769 1783
f 1770 1805 1768
f 1769 1767 1781
f 1780 1781 1766
f 1767 1766 1781
f 1802 1765 1805
f 1768 1805 1765
f 1801 1764 1802
f 1765 1802 1764
f 1778 1763 1801
f 1764 1801 1763
f 1876 1762 1789
f 1815 1817 1761
f 1786 1815 1761
f 1821 1825 1760
f 1776 1760 1825
f 1773 1760 1776
f 1785 1786 1759
f 1761 1759 1786
f 1784 1785 1758
f 1771 1784 1758
f 1759 1758 1785
f 579 1780 578
f 1766 578 1780
f 1757 579 1779
f 579 1757 578
f 1904 1756 1909
f 1826 1909 1756
f 1900 1755 1904
f 1756 1904 1755
f 1899 1754 1900
f 1755 1900 1754
f 1898 1753 1899
f 1754 1899 1753
f 1897 1752 1898
f 1753 1898 1752
f 1896 1751 1897
f 1752 1897 1751
f 1895 1750 1896
f 1751 1896 1750
f 154 1749 1895
f 1750 1895 1749
f 1748 1761 1817
f 1821 1747 1913
f 1747 1821 1760
f 1760 1773 1746
f 1760 1746 1747
f 1839 1745 258
f 153 258 1745
f 1775 1745 1839
f 1832 1847 1744
f 153 1744 1847
f 1774 1832 1744
f 1796 1743 1777
f 1743 1779 1777
f 1779 1743 1757
f 1795 1742 1798
f 1778 1798 1742
f 1763 1778 1742
f 1796 1741 1743
f 1830 1831 1739
f 1740 1739 1831
f 1829 1738 1831
f 1740 1831 1738
f 1861 533 1737
f 1913 243 2219
f 249 2219 243
f 249 154 243
f 253 249 243
f 1747 243 1913
f 1746 243 1747
f 1736 243 253
f 1767 1769 1735
f 1820 1734 1828
f 1806 1734 1820
f 1775 1828 1734
f 1745 1775 1734
f 1806 1822 1733
f 1774 1733 1822
f 1744 1733 1774
f 1734 1806 1733
f 1735 1732 1767
f 1766 1767 577
f 578 1766 577
f 1732 577 1767
f 1792 1731 1795
f 1742 1795 1731
f 1730 1796 1793
f 1796 1730 1741
f 254 1729 1901
f 1901 1728 1868
f 1728 1901 1729
f 533 1866 1727
f 1830 1727 1866
f 1739 1727 1830
f 1727 1737 533
f 1826 1726 1829
f 1756 1726 1826
f 1738 1829 1726
f 1861 1725 1863
f 1737 1725 1861
f 1852 1853 1724
f 1852 1723 1894
f 1818 1894 1723
f 1724 1723 1852
f 249 154 155
f 253 155 249
f 155 1736 253
f 155 154 243
f 155 249 243
f 155 253 243
f 1736 155 243
f 1817 1818 1722
f 1748 1817 1722
f 1723 1722 1818
f 1769 1771 1721
f 1721 1735 1769
f 1720 1741 1730
f 1790 1719 1792
f 1731 1792 1719
f 1718 1793 1791
f 1793 1718 1730
f 1730 1718 1720
f 1788 1717 1790
f 1719 1790 1717
f 1716 1791 1789
f 1716 1789 1762
f 1791 1716 1718
f 262 1715 252
f 1762 1715 1716
f 1714 262 1872
f 262 1714 1715
f 1787 1713 1788
f 1717 1788 1713
f 252 1712 1787
f 1713 1787 1712
f 1711 1872 1870
f 1872 1711 1714
f 251 254 252
f 254 251 1729
f 1712 252 251
f 1710 252 1715
f 252 1710 251
f 1709 1870 1869
f 1870 1709 1711
f 1868 1708 1867
f 1708 1868 1728
f 250 1869 1867
f 1869 250 1709
f 250 1867 1708
f 1863 1707 1865
f 1725 1707 1863
f 1864 1865 1706
f 1707 1706 1865
f 1862 1864 1705
f 1706 1705 1864
f 1860 1862 1704
f 1705 1704 1862
f 1859 1860 1703
f 1704 1703 1860
f 1858 1859 1702
f 1703 1702 1859
f 1856 1857 1701
f 1855 1858 1700
f 1702 1700 1858
f 1855 1699 1857
f 1699 1701 1857
f 1700 1699 1855
f 1854 1856 1698
f 1701 1698 1856
f 1853 1854 1697
f 1698 1697 1854
f 1724 1853 1696
f 1697 1696 1853
f 249 154 156
f 1749 154 156
f 243 154 156
f 243 249 156
f 155 154 156
f 155 249 156
f 243 155 156
f 1761 1748 1695
f 1722 1695 1748
f 1759 1761 1694
f 1695 1694 1761
f 1758 1759 1693
f 1694 1693 1759
f 1758 1692 1771
f 1721 1771 1692
f 1693 1692 1758
f 1732 1735 1691
f 1735 1721 1691
f 577 1732 576
f 1691 576 1732
f 1690 578 1757
f 578 1690 577
f 577 1690 576
f 1689 1757 1743
f 1689 1743 1741
f 1757 1689 1690
f 1688 1741 1720
f 1741 1688 1689
f 1772 1687 1773
f 1746 1773 1687
f 1770 1686 1772
f 1687 1772 1686
f 1745 1685 153
f 1744 153 1685
f 1734 1685 1745
f 1733 1744 1685
f 1733 1685 1734
f 1768 1684 1770
f 1686 1770 1684
f 1765 1683 1768
f 1684 1768 1683
f 1764 1682 1765
f 1683 1765 1682
f 1763 1681 1764
f 1742 1681 1763
f 1682 1764 1681
f 1731 1680 1742
f 1719 1680 1731
f 1681 1742 1680
f 243 155 157
f 156 243 157
f 156 155 157
f 1754 1679 1755
f 1717 1677 1719
f 1680 1719 1677
f 1678 1680 1677
f 1713 1675 1717
f 1677 1717 1675
f 1677 1675 1678
f 156 158 1749
f 156 155 158
f 157 155 158
f 157 156 158
f 1675 1674 1678
f 1675 1676 1674
f 1712 1672 1713
f 1675 1713 1672
f 1675 1672 1676
f 1673 1676 1672
f 251 1670 1712
f 1672 1712 1670
f 1672 1670 1673
f 1671 1673 1670
f 1739 1740 1669
f 1727 1739 1669
f 1738 1668 1740
f 1726 1668 1738
f 1669 1740 1668
f 1737 1727 1667
f 1725 1737 1667
f 1755 1666 1756
f 1726 1756 1666
f 1679 1666 1755
f 1666 1679 1665
f 1753 1664 1754
f 1679 1754 1664
f 1665 1679 1664
f 1752 1663 1753
f 1751 1663 1752
f 1750 1662 1751
f 1749 1662 1750
f 1662 1749 158
f 1663 1751 1662
f 243 1746 1661
f 1687 1661 1746
f 1680 1660 1681
f 1678 1660 1680
f 1660 1678 1674
f 1729 248 1728
f 248 1729 251
f 247 251 1710
f 1670 251 247
f 1670 247 1671
f 251 247 248
f 248 1671 247
f 1664 1753 1659
f 1663 1659 1753
f 156 155 159
f 157 155 159
f 157 156 159
f 158 155 159
f 158 156 159
f 158 157 159
f 1658 159 158
f 1686 1657 1687
f 1661 1687 1657
f 1692 1656 1721
f 1691 1721 1655
f 1656 1655 1721
f 1655 1654 1691
f 576 1691 575
f 1654 575 1691
f 1653 576 1690
f 576 1653 575
f 1681 1652 1682
f 1660 1652 1681
f 1673 1651 1676
f 1671 1650 1673
f 1651 1673 1650
f 248 1649 1671
f 1650 1671 1649
f 1728 246 1708
f 1708 246 250
f 246 1728 248
f 1710 246 247
f 246 248 247
f 1665 1648 1666
f 1664 1648 1665
f 1659 1648 1664
f 1704 1705 1647
f 1703 1704 1647
f 1702 1703 1647
f 1662 1646 1663
f 1659 1663 1646
f 1700 1702 1645
f 1647 1645 1702
f 1701 1699 1644
f 1699 1700 1644
f 1645 1644 1700
f 158 245 155
f 158 245 1662
f 1658 158 245
f 159 155 245
f 159 158 245
f 159 1658 245
f 1646 1662 245
f 1661 1643 243
f 1692 1693 1642
f 1656 1692 1642
f 1641 1690 1689
f 1641 1689 1688
f 1690 1641 1653
f 1674 1676 1640
f 1651 1640 1676
f 1707 1725 1638
f 1667 1638 1725
f 1668 1726 1637
f 1639 1668 1637
f 1705 1706 1636
f 1636 1647 1705
f 1648 1659 1635
f 1635 1659 1646
f 1698 1701 1634
f 1644 1634 1701
f 157 155 160
f 158 155 160
f 158 157 160
f 244 160 157
f 159 155 160
f 159 157 160
f 159 158 160
f 1693 1694 1633
f 1633 1642 1693
f 1684 1632 1686
f 1657 1686 1632
f 1632 1684 1631
f 1683 1630 1684
f 1631 1684 1630
f 1682 1629 1683
f 1652 1629 1682
f 1630 1683 1629
f 237 1709 250
f 246 237 250
f 1668 1628 1669
f 1639 1628 1668
f 1706 1707 1627
f 1638 1627 1707
f 1636 1706 1627
f 1637 1626 1639
f 1628 1639 1626
f 1666 1625 1726
f 1648 1625 1666
f 1637 1726 1625
f 1626 1637 1625
f 245 1624 1646
f 1646 1624 1635
f 245 159 1623
f 160 1623 159
f 1624 245 1623
f 1697 1698 1622
f 1634 1622 1698
f 244 157 241
f 160 241 157
f 160 244 241
f 243 242 249
f 155 249 242
f 243 155 242
f 1643 242 243
f 160 155 242
f 1674 1621 1660
f 1640 1621 1674
f 1688 1620 1641
f 1626 1619 1628
f 1619 1626 1618
f 1635 1617 1648
f 1625 1648 1617
f 1625 1617 1626
f 1617 1635 1624
f 1618 1626 1617
f 1617 1616 1618
f 1615 1624 1623
f 1624 1615 1617
f 1616 1617 1615
f 1623 160 1614
f 1623 1614 1615
f 1723 1724 1613
f 1696 1613 1724
f 160 161 244
f 241 244 161
f 241 160 161
f 1614 160 161
f 1694 1695 1612
f 1633 1694 1612
f 1611 1720 1718
f 1649 1610 1650
f 1610 1649 1609
f 1649 248 239
f 1609 1649 239
f 1615 1608 1616
f 1614 1608 1615
f 1722 1723 536
f 1613 536 1723
f 1613 1696 536
f 1695 1722 1607
f 1612 1695 1607
f 536 1607 1722
f 1657 1606 1661
f 1643 1661 1606
f 1720 1605 1688
f 1688 1605 1620
f 1605 1720 1611
f 1650 1604 1651
f 1610 1604 1650
f 240 1718 1716
f 240 1716 1715
f 240 1715 1714
f 240 1714 1711
f 1718 240 1611
f 1603 1711 1709
f 1603 1709 237
f 1711 1603 240
f 1618 1602 1619
f 1616 1602 1618
f 1601 1616 1608
f 1602 1616 1601
f 1696 1697 1600
f 1622 1600 1697
f 1600 536 1696
f 1652 1660 1599
f 1621 1599 1660
f 239 1598 1609
f 246 162 248
f 239 248 162
f 240 239 162
f 1598 239 162
f 1669 238 1727
f 1667 1727 238
f 1638 1667 238
f 1628 238 1669
f 1619 238 1628
f 1644 1645 1597
f 161 241 535
f 1597 1596 1644
f 1640 1651 1595
f 1604 1595 1651
f 1609 1594 1610
f 1598 1594 1609
f 246 236 250
f 237 250 236
f 237 246 236
f 240 236 239
f 237 236 1603
f 236 240 1603
f 162 246 236
f 162 239 236
f 162 236 240
f 1602 1593 1619
f 238 1619 1593
f 161 534 241
f 161 534 1614
f 1608 1614 534
f 534 535 241
f 534 161 535
f 1592 1597 1645
f 1591 534 535
f 1591 1597 1592
f 1590 1596 1597
f 1597 1591 1590
f 535 1590 1591
f 1634 1644 1589
f 1596 1589 1644
f 1622 1634 1588
f 536 1588 1613
f 1600 1622 1588
f 536 1600 1588
f 1589 1588 1634
f 1589 1613 1588
f 1655 1656 1587
f 1654 1655 1586
f 1587 1586 1655
f 1586 1585 1654
f 575 1654 574
f 1585 574 1654
f 1584 575 1653
f 575 1584 574
f 1653 1583 1584
f 1627 1582 1636
f 1608 1581 1601
f 1601 1581 1602
f 1593 1602 1581
f 534 1581 1608
f 1645 1647 1580
f 1592 1645 1580
f 1591 1579 534
f 1591 1592 1579
f 1580 1579 1592
f 535 161 1578
f 1590 535 1578
f 1612 1577 1633
f 1607 1577 1612
f 1642 1633 1576
f 1577 1576 1633
f 1642 1574 1656
f 1587 1656 1574
f 1576 1574 1642
f 1575 1574 1576
f 1574 1573 1587
f 1574 1575 1573
f 1632 1572 1657
f 1606 1657 1572
f 1586 1587 1571
f 1573 1571 1587
f 1585 1586 1570
f 1571 1570 1586
f 1570 1569 1585
f 574 1585 573
f 1569 573 1585
f 1568 574 1584
f 574 1568 573
f 1629 1652 1567
f 1599 1567 1652
f 1566 1584 1583
f 1584 1566 1568
f 1565 1653 1641
f 1653 1565 1583
f 1583 1565 1566
f 1564 1566 1565
f 1604 1610 1563
f 1594 1563 1610
f 1627 1638 1562
f 238 1562 1638
f 1593 1562 238
f 1562 1582 1627
f 1562 1593 1581
f 1647 1636 1561
f 1582 1561 1636
f 1561 1580 1647
f 1582 1562 1560
f 1560 1562 1581
f 1560 1561 1582
f 1581 534 1559
f 1559 534 1579
f 1580 1559 1579
f 1559 1580 1561
f 1581 1559 1560
f 1561 1560 1559
f 1589 1596 537
f 536 1613 1558
f 1589 1558 1613
f 537 1558 1589
f 1558 1556 536
f 1556 1555 536
f 1607 536 1554
f 1554 1577 1607
f 1577 1554 1576
f 1555 1554 536
f 242 1553 160
f 161 160 1553
f 1578 161 1553
f 1576 1552 1575
f 1552 1576 1554
f 1554 1555 1552
f 1621 1640 1551
f 1595 1551 1640
f 1550 1641 1620
f 1641 1550 1565
f 1565 1550 1564
f 1549 1564 1550
f 1548 1620 1605
f 1620 1548 1550
f 1550 1548 1549
f 1547 1549 1548
f 1611 543 1605
f 543 1611 240
f 1605 543 1548
f 1548 543 1547
f 162 1546 1598
f 236 240 1545
f 543 1545 240
f 236 1544 162
f 1546 162 1544
f 1545 1544 236
f 1596 1590 163
f 1578 163 1590
f 537 1596 163
f 1557 537 163
f 242 1643 1542
f 1606 1542 1643
f 1553 242 1542
f 1572 1632 1541
f 1631 1540 1632
f 1541 1632 1540
f 1540 1631 1539
f 1630 1538 1631
f 1539 1631 1538
f 1629 1537 1630
f 1567 1537 1629
f 1538 1630 1537
f 1594 1598 1536
f 1546 1536 1598
f 1543 238 1535
f 1599 1621 1534
f 1567 1599 1534
f 1551 1534 1621
f 1595 1604 1533
f 1563 1533 1604
f 1572 1532 1606
f 1542 1606 1532
f 1557 538 537
f 1553 538 1578
f 163 1578 538
f 163 537 538
f 163 538 1557
f 1563 1594 1531
f 1536 1531 1594
f 1541 1530 1572
f 1532 1572 1530
f 1537 1567 1529
f 1534 1529 1567
f 1558 537 1527
f 1556 1558 1526
f 1527 1526 1558
f 1555 1556 1525
f 1526 1525 1556
f 1552 1555 1524
f 1525 1524 1555
f 1575 1552 1523
f 1524 1523 1552
f 1573 1575 1522
f 1523 1522 1575
f 1571 1573 1521
f 1522 1521 1573
f 1570 1571 1520
f 1521 1520 1571
f 1540 1519 1541
f 1530 1541 1519
f 1569 1570 1518
f 1520 1518 1570
f 1539 1517 1540
f 1519 1540 1517
f 1517 1539 1516
f 1518 1515 1569
f 1538 1514 1539
f 1516 1539 1514
f 573 1569 572
f 1515 572 1569
f 1537 1513 1538
f 1529 1513 1537
f 1514 1538 1513
f 1512 573 1568
f 573 1512 572
f 1511 1568 1566
f 1568 1511 1512
f 1510 1566 1564
f 1566 1510 1511
f 1551 1595 1509
f 1533 1509 1595
f 1508 1564 1549
f 1564 1508 1510
f 164 1549 1547
f 1549 164 1508
f 544 1547 543
f 1547 544 164
f 1545 543 1507
f 544 1507 543
f 163 1506 537
f 1527 537 1506
f 1536 1546 1505
f 1528 1505 1546
f 1507 1504 1545
f 1542 1503 1553
f 538 1553 1503
f 1534 1551 1502
f 1529 1534 1502
f 1509 1502 1551
f 1533 1563 1501
f 1531 1501 1563
f 1532 1500 1542
f 1530 1500 1532
f 1503 1542 1500
f 538 1499 163
f 1506 163 1499
f 1531 1536 1498
f 1505 1498 1536
f 1519 1497 1530
f 1500 1530 1497
f 1513 1529 1496
f 1502 1496 1529
f 1526 1527 1495
f 1525 1526 539
f 1495 539 1526
f 1524 1525 234
f 539 234 1525
f 539 1495 234
f 1523 1524 1494
f 234 1494 1524
f 1494 1493 1523
f 1517 1492 1519
f 1497 1519 1492
f 1516 1491 1517
f 1514 1490 1516
f 1491 1516 1490
f 1513 1489 1514
f 1496 1489 1513
f 1490 1514 1489
f 1509 1533 1488
f 1501 1488 1533
f 1487 233 164
f 232 164 544
f 233 232 164
f 1507 544 1486
f 1504 1507 1486
f 232 1486 544
f 1544 1485 1546
f 1528 1546 1485
f 1544 1545 1484
f 1504 1484 1545
f 1485 1544 1484
f 1506 1483 1527
f 1495 1527 1483
f 1522 1523 1482
f 1493 1482 1523
f 1502 1509 1481
f 1496 1502 1481
f 1481 1509 1488
f 1480 1508 164
f 1505 1528 1479
f 1479 1528 1485
f 1503 1478 538
f 1499 538 1478
f 1521 1522 1477
f 1482 1477 1522
f 1501 1531 1476
f 1498 1476 1531
f 1500 1475 1503
f 1497 1475 1500
f 1478 1503 1475
f 1520 1521 1474
f 1477 1474 1521
f 1473 1512 1511
f 1473 1511 1510
f 1473 1510 1508
f 1499 1472 1506
f 1483 1506 1472
f 1518 1520 1471
f 1474 1471 1520
f 1515 1518 1470
f 1471 1470 1518
f 572 1515 571
f 1469 572 1512
f 1469 1512 1473
f 572 1469 571
f 1498 1505 1468
f 1479 1468 1505
f 1488 1467 1481
f 1492 1466 1497
f 1475 1497 1466
f 1492 1517 1465
f 1491 1465 1517
f 1489 1496 1464
f 1481 1464 1496
f 1464 1481 1467
f 234 1495 1463
f 234 539 235
f 1463 235 234
f 1494 234 1462
f 1493 1494 1462
f 235 1462 234
f 1482 1493 1461
f 1462 1461 1493
f 1466 1492 1460
f 1465 1460 1492
f 1465 1491 1459
f 1490 1458 1491
f 1459 1491 1458
f 1489 1457 1490
f 1464 1457 1489
f 1458 1490 1457
f 1488 1501 1456
f 1476 1456 1501
f 1487 164 165
f 233 164 165
f 233 1487 165
f 232 164 165
f 232 233 165
f 164 165 1480
f 1486 232 1455
f 165 1455 232
f 1484 1454 1485
f 1486 1453 1504
f 1484 1504 1453
f 1455 1453 1486
f 1454 1484 1453
f 1483 1452 1495
f 1463 1495 1452
f 1485 1451 1479
f 1451 1485 1454
f 1478 1450 1499
f 1472 1499 1450
f 1477 1482 1449
f 1461 1449 1482
f 1476 1498 1448
f 1468 1448 1498
f 545 1508 1480
f 545 1480 165
f 1475 1447 1478
f 1466 1447 1475
f 1472 1446 1483
f 1452 1483 1446
f 1474 1477 1445
f 1449 1445 1477
f 1508 1444 1473
f 1444 1508 545
f 1471 1474 1443
f 1445 1443 1474
f 1473 1442 1469
f 1473 1444 1442
f 1467 1488 1441
f 1456 1441 1488
f 1468 1479 1440
f 1451 1440 1479
f 235 1463 1439
f 1462 235 1438
f 1439 1438 235
f 1461 1462 1437
f 1438 1437 1462
f 1449 1461 1436
f 1437 1436 1461
f 1445 1449 1435
f 1436 1435 1449
f 1447 1466 1434
f 1470 570 1515
f 571 1515 570
f 1433 570 1470
f 571 1432 570
f 1467 1431 1464
f 1441 1431 1467
f 545 546 1444
f 545 1430 165
f 546 1430 545
f 1455 165 1429
f 1430 1429 165
f 1453 1428 1454
f 1453 1455 1427
f 1429 1427 1455
f 1428 1453 1427
f 1452 1426 1463
f 1446 1426 1452
f 1439 1463 1426
f 1443 1445 1425
f 1435 1425 1445
f 1470 1471 1424
f 1443 1424 1471
f 1433 1470 1424
f 1460 1423 1466
f 1434 1466 1423
f 1457 1464 1422
f 1431 1422 1464
f 1421 571 1469
f 1421 1469 1442
f 571 1421 1432
f 1420 1442 1444
f 1420 1444 546
f 1454 1419 1451
f 1440 1451 1419
f 1428 1419 1454
f 1450 1418 1472
f 1446 1472 1418
f 1450 1478 1417
f 1447 1417 1478
f 1460 1465 1416
f 1423 1460 1416
f 1459 1415 1465
f 1458 1415 1459
f 1416 1465 1415
f 1457 1414 1458
f 1414 1457 1422
f 1415 1458 1414
f 1456 1476 1413
f 1448 1413 1476
f 1425 1435 1412
f 1425 1411 1443
f 1424 1443 1411
f 1442 1410 1421
f 1410 1442 1420
f 546 547 1420
f 1448 1468 1409
f 1440 1409 1468
f 1412 1408 1425
f 1408 1411 1425
f 1420 1407 1410
f 1420 547 1407
f 1438 1439 1406
f 1437 1438 1405
f 1406 1405 1438
f 1436 1437 1404
f 1405 1404 1437
f 1435 1436 1403
f 1404 1403 1436
f 1412 1435 1402
f 1403 1402 1435
f 547 1401 546
f 1430 546 1400
f 1401 1400 546
f 1429 1430 1399
f 1400 1399 1430
f 1427 1398 1428
f 1427 1429 1397
f 1399 1397 1429
f 1398 1427 1397
f 1426 1396 1439
f 1406 1439 1396
f 1408 1412 1395
f 1402 1395 1412
f 1417 1447 1394
f 1441 1456 1393
f 1413 1393 1456
f 548 1407 547
f 548 1401 547
f 1419 1428 1392
f 1392 1428 1398
f 1411 1391 1424
f 1411 1408 1391
f 1390 1421 1410
f 1390 1410 1407
f 1426 1446 1389
f 1418 1389 1446
f 1396 1426 1389
f 1395 1388 1408
f 1388 1391 1408
f 1434 1387 1447
f 1394 1447 1387
f 1431 1441 1386
f 1393 1386 1441
f 1407 1385 1390
f 1418 1450 1384
f 1417 1384 1450
f 1423 1383 1434
f 1387 1434 1383
f 1415 1382 1416
f 1414 1382 1415
f 1422 1431 1381
f 1386 1381 1431
f 1419 1380 1440
f 1409 1440 1380
f 1402 1403 1379
f 1395 1402 1379
f 1388 1395 1378
f 1416 1377 1423
f 1383 1423 1377
f 1377 1416 1382
f 1422 1376 1414
f 1382 1414 1376
f 1376 1422 1381
f 549 1407 548
f 1407 549 1385
f 1400 1401 1375
f 1401 548 1375
f 1389 1374 1396
f 1413 1448 1373
f 1409 1373 1448
f 1424 167 1433
f 1391 167 1424
f 570 1433 231
f 167 231 1433
f 570 166 231
f 231 167 166
f 1372 570 1432
f 570 1372 166
f 1371 1432 1421
f 1371 1421 1390
f 1432 1371 1372
f 1405 1406 1369
f 1396 1369 1406
f 1370 1405 1369
f 1394 1368 1417
f 1384 1417 1368
f 231 167 1367
f 166 1367 167
f 166 231 1367
f 1366 1390 1385
f 1390 1366 1371
f 1393 1413 1365
f 1373 1365 1413
f 1392 1364 1419
f 1380 1419 1364
f 1397 1363 1398
f 1398 1363 1392
f 1363 1397 1362
f 1404 1405 1361
f 1403 1404 1361
f 1379 1403 1361
f 1370 1361 1405
f 1391 1388 569
f 167 1391 569
f 1399 1400 1360
f 1397 1399 1360
f 1375 1360 1400
f 1362 1397 1360
f 1374 1359 1396
f 1369 1396 1359
f 1379 1358 1395
f 1378 1395 1358
f 1378 1357 1388
f 549 1355 548
f 1375 548 1355
f 1358 1354 1378
f 1354 1357 1378
f 1389 1418 1353
f 1384 1353 1418
f 1387 1352 1394
f 1368 1394 1352
f 1386 1393 1351
f 1365 1351 1393
f 550 1385 549
f 1385 550 1356
f 550 1355 549
f 1364 1392 1350
f 1363 1350 1392
f 1383 1349 1387
f 1352 1387 1349
f 1377 1348 1383
f 1382 1348 1377
f 1376 1348 1382
f 1349 1383 1348
f 1381 1347 1376
f 1348 1376 1347
f 1381 1386 1346
f 1351 1346 1386
f 1347 1381 1346
f 1380 1345 1409
f 1373 1409 1345
f 1374 1389 1344
f 1353 1344 1389
f 1368 1343 1384
f 1353 1384 1343
f 569 1388 568
f 1357 568 1388
f 1385 1342 1366
f 1342 1385 1356
f 1341 166 1372
f 1341 1372 1371
f 1361 1340 1379
f 1358 1379 1340
f 1364 1339 1380
f 1345 1380 1339
f 1360 1375 1338
f 1355 1338 1375
f 1361 1370 1337
f 1369 1336 1370
f 1337 1370 1336
f 167 1335 569
f 569 1335 568
f 1334 1371 1366
f 1334 1366 1342
f 1371 1334 1341
f 1365 1373 1333
f 1351 1365 1333
f 1362 1332 1363
f 1360 1331 1362
f 1332 1362 1331
f 1359 1330 1369
f 1336 1369 1330
f 1357 1354 567
f 568 1357 567
f 1352 1329 1368
f 1343 1368 1329
f 1355 550 1328
f 1338 1355 1328
f 1340 1361 1327
f 1337 1327 1361
f 1354 1358 1326
f 1340 1326 1358
f 1326 567 1354
f 1359 1374 1325
f 1344 1325 1374
f 1330 1359 1325
f 551 1356 550
f 1356 551 1342
f 551 1328 550
f 1350 1363 1324
f 1332 1324 1363
f 1338 1323 1360
f 1331 1360 1323
f 1344 1353 1322
f 1343 1322 1353
f 1329 1322 1343
f 1346 1351 1321
f 1333 1321 1351
f 1345 1320 1373
f 1333 1373 1320
f 1350 1319 1364
f 1339 1364 1319
f 1324 1319 1350
f 1349 1318 1352
f 1329 1352 1318
f 1348 1317 1349
f 1347 1317 1348
f 1318 1349 1317
f 1316 166 1341
f 1346 1315 1347
f 1321 1315 1346
f 1317 1347 1315
f 1325 1344 1314
f 1322 1314 1344
f 1339 1313 1345
f 1320 1345 1313
f 1327 1311 1340
f 1309 167 166
f 1309 166 1316
f 1308 1341 1334
f 1341 1308 1316
f 1323 1338 1306
f 1326 1340 1305
f 1311 1305 1340
f 1304 1310 1303
f 1307 1301 1312
f 1302 1312 1301
f 1328 1300 1338
f 1300 1306 1338
f 1299 1303 1310
f 1322 1329 1297
f 1318 1297 1329
f 1314 1322 1296
f 1297 1296 1322
f 1313 1295 1320
f 1321 1333 1294
f 1320 1294 1333
f 1295 1294 1320
f 1328 551 1293
f 1293 1292 1328
f 1307 1312 1291
f 1303 1299 1288
f 1303 1288 1289
f 1304 1287 1310
f 1310 1286 1299
f 1310 1298 1286
f 1284 1286 1298
f 567 1326 566
f 1285 566 1326
f 567 1283 566
f 167 1282 1335
f 1282 167 1309
f 1317 1281 1318
f 1297 1318 1281
f 1296 1297 1280
f 1281 1280 1297
f 1315 1279 1317
f 1281 1317 1279
f 1280 1281 1278
f 1279 1278 1281
f 1295 1277 1294
f 1315 1321 1276
f 1276 1321 1294
f 1279 1315 1276
f 1278 1279 1276
f 1276 1294 1277
f 1277 1278 1276
f 1334 1275 1308
f 1291 1274 1307
f 1274 1290 1307
f 1302 1273 1312
f 1301 1307 1272
f 1290 1272 1307
f 1310 1271 1298
f 1271 1310 1287
f 1319 1324 1270
f 1273 1269 1312
f 1300 1328 1268
f 1292 1268 1328
f 1327 1337 1267
f 1336 1266 1337
f 1267 1337 1266
f 1330 1265 1336
f 1266 1336 1265
f 1305 1264 1326
f 1285 1326 1264
f 567 1263 1283
f 1262 568 1335
f 568 1262 567
f 1262 1335 1282
f 567 1262 1263
f 1342 552 1334
f 552 1342 551
f 1334 552 1275
f 1319 1261 1339
f 1313 1339 1261
f 1295 1313 1261
f 1293 551 1260
f 1291 1312 1259
f 1259 1312 1269
f 1324 1332 1258
f 1270 1324 1258
f 1331 1257 1332
f 1258 1332 1257
f 1272 1256 1301
f 1323 1255 1331
f 1257 1331 1255
f 1254 1304 1303
f 1253 1303 1289
f 1303 1253 1254
f 1304 1252 1287
f 1252 1304 1254
f 1325 1251 1330
f 1265 1330 1251
f 1298 1250 1284
f 1259 1249 1291
f 1273 1302 1248
f 1301 1247 1302
f 1248 1302 1247
f 1256 1246 1301
f 1247 1301 1246
f 1311 1327 1245
f 1267 1245 1327
f 1244 1286 1284
f 1243 1284 1250
f 1284 1243 1244
f 1314 1242 1325
f 1251 1325 1242
f 1269 1241 1259
f 1274 1291 1240
f 1249 1240 1291
f 1258 1239 1270
f 1306 1238 1323
f 1255 1323 1238
f 1237 1289 1288
f 1289 1237 1253
f 1236 1288 1299
f 1288 1236 1237
f 1299 1235 1236
f 1234 1299 1286
f 1234 1286 1244
f 1299 1234 1235
f 1233 1298 1271
f 1298 1233 1250
f 1240 1232 1274
f 1290 1274 1231
f 1232 1231 1274
f 1272 1290 1230
f 1256 1272 1230
f 1231 1230 1290
f 1264 1305 1229
f 1261 1228 1295
f 1268 1227 1300
f 1230 1226 1256
f 1246 1256 1225
f 1226 1225 1256
f 1305 1311 1224
f 1245 1224 1311
f 1229 1305 1224
f 1223 1287 1252
f 1287 1222 1271
f 1222 1287 1223
f 1296 1221 1314
f 1242 1314 1221
f 1280 1220 1296
f 1221 1296 1220
f 1278 1219 1280
f 1277 1219 1278
f 1220 1280 1219
f 1316 1218 1309
f 1218 1316 1308
f 1295 1217 1277
f 1228 1217 1295
f 1219 1277 1217
f 1269 1273 1216
f 1248 1215 1273
f 1216 1273 1215
f 1306 1300 1214
f 1238 1306 1214
f 1227 1214 1300
f 1309 1213 1282
f 1309 1218 1213
f 1212 1308 1275
f 1308 1212 1218
f 1268 1292 1211
f 1210 1253 1237
f 1264 1209 1285
f 1250 1207 1243
f 1243 1207 1208
f 552 1206 551
f 1260 551 1206
f 1270 1205 1319
f 1261 1319 1205
f 1239 1205 1270
f 1292 1293 1204
f 1211 1292 1204
f 1249 1259 1203
f 1203 1202 1249
f 1254 1201 1252
f 1200 1254 1253
f 1253 1210 1200
f 1254 1200 1201
f 1252 1199 1223
f 1199 1252 1201
f 1198 1244 1243
f 1243 1208 1198
f 1271 1197 1233
f 1197 1271 1222
f 566 1285 565
f 1209 565 1285
f 1196 1250 1233
f 1207 1250 1196
f 1196 1233 1197
f 1241 1195 1259
f 1195 1203 1259
f 1241 1269 1194
f 1216 1194 1269
f 1195 1241 1194
f 1240 1249 1193
f 1232 1240 1193
f 1202 1193 1249
f 1215 1248 1192
f 1247 1191 1248
f 1192 1248 1191
f 1246 1190 1247
f 1225 1190 1246
f 1191 1247 1190
f 1229 1189 1264
f 1209 1264 1189
f 1188 566 1283
f 1188 1283 1263
f 1282 1187 1262
f 1187 1282 1213
f 1186 1275 552
f 1275 1186 1212
f 1227 1268 1185
f 1211 1185 1268
f 1244 1184 1234
f 1184 1244 1198
f 566 1183 565
f 566 1188 1183
f 1190 1225 1182
f 1181 1237 1236
f 1237 1181 1210
f 1181 1200 1210
f 1180 1236 1235
f 1180 1235 1234
f 1180 1234 1184
f 1236 1180 1181
f 1179 1223 1199
f 1223 1178 1222
f 1222 1178 1197
f 1178 1223 1179
f 1177 1263 1262
f 1263 1177 1188
f 1260 1176 1293
f 1206 1176 1260
f 1204 1293 1176
f 1215 1175 1216
f 1194 1216 1175
f 1231 1232 1174
f 1230 1231 1174
f 1193 1174 1232
f 1226 1230 1173
f 1225 1226 1173
f 1182 1225 1173
f 1174 1173 1230
f 1224 1172 1229
f 1171 1262 1187
f 1262 1171 1177
f 1228 1261 1170
f 1205 1170 1261
f 552 553 1186
f 1192 1169 1215
f 1175 1215 1169
f 1214 1227 1168
f 1245 1267 1167
f 1266 1166 1267
f 1166 1167 1267
f 1189 1229 1165
f 1172 1165 1229
f 1199 1164 1179
f 1265 1163 1266
f 1166 1266 1163
f 1251 1162 1265
f 1163 1265 1162
f 1257 1161 1258
f 1185 1160 1227
f 1168 1227 1160
f 1255 1159 1257
f 1161 1257 1159
f 1238 1158 1255
f 1159 1255 1158
f 1224 1245 1157
f 1157 1245 1167
f 1242 1156 1251
f 1162 1251 1156
f 1155 1208 1207
f 1221 1154 1242
f 1156 1242 1154
f 1220 1153 1221
f 1154 1221 1153
f 1219 1152 1220
f 1217 1152 1219
f 1153 1220 1152
f 1217 1228 1151
f 1170 1151 1228
f 1152 1217 1151
f 1202 1203 1150
f 1193 1202 1150
f 1239 1258 1149
f 1149 1258 1161
f 1214 1148 1238
f 1158 1238 1148
f 1179 1147 1178
f 1146 1198 1208
f 1198 1146 1184
f 1146 1208 1155
f 1145 1213 1218
f 1145 1218 1212
f 1206 552 1144
f 553 1144 552
f 1174 1193 1143
f 1150 1143 1193
f 1169 1142 1175
f 1185 1211 1141
f 1139 1201 1200
f 1139 1200 1181
f 1201 1139 1140
f 1138 1201 1140
f 1137 1179 1164
f 1147 1179 1137
f 565 1209 564
f 1189 564 1209
f 1136 1197 1178
f 1136 1178 1147
f 1196 1135 1207
f 1197 1135 1196
f 1207 1135 1155
f 1135 1197 1136
f 1203 1195 1134
f 1194 1134 1195
f 1150 1203 1134
f 1204 1133 1211
f 1133 1141 1211
f 1175 1132 1194
f 1132 1175 1142
f 1134 1194 1132
f 1142 1169 1131
f 1191 1130 1192
f 1190 1130 1191
f 1182 1129 1190
f 1172 1224 1128
f 1157 1128 1224
f 1201 1127 1199
f 1199 1127 1164
f 1127 1201 1138
f 565 1126 564
f 1213 1125 1187
f 1125 1213 1145
f 1124 1212 1186
f 1212 1124 1145
f 1205 1239 1123
f 1170 1205 1123
f 1149 1123 1239
f 1169 1192 1122
f 1131 1169 1122
f 1130 1122 1192
f 1168 1121 1214
f 1148 1214 1121
f 1164 1120 1137
f 1120 1164 1127
f 1165 563 1189
f 564 1189 563
f 1160 1185 1119
f 1141 1119 1185
f 1118 565 1183
f 565 1118 1126
f 1165 1172 1117
f 1187 1116 1171
f 1116 1187 1125
f 554 1186 553
f 1186 554 1124
f 1144 1115 1206
f 1176 1114 1204
f 1133 1204 1114
f 1160 1113 1168
f 1128 1112 1172
f 1117 1172 1112
f 1137 1111 1147
f 1111 1137 1120
f 1131 1109 1142
f 1110 1142 1109
f 1122 1108 1131
f 1109 1131 1108
f 1121 1168 1107
f 1113 1107 1168
f 1106 1140 1139
f 563 1165 562
f 1117 562 1165
f 1151 1170 1104
f 1123 1104 1170
f 1134 1103 1150
f 1119 1102 1160
f 1113 1160 1102
f 1129 1101 1190
f 1139 1100 1106
f 564 1098 563
f 1147 1097 1136
f 1136 1097 1135
f 1096 1135 1097
f 1183 1095 1118
f 1094 1177 1171
f 1093 1171 1116
f 1171 1093 1094
f 1176 1206 1092
f 1115 1092 1206
f 1144 553 1091
f 554 1091 553
f 1142 1089 1132
f 1132 1089 1134
f 1110 1089 1142
f 1090 1134 1089
f 1119 1141 1088
f 1129 1182 1086
f 1101 1129 1086
f 1138 1085 1127
f 1085 1138 1099
f 1084 1181 1180
f 1181 1084 1139
f 1139 1084 1100
f 1082 564 1126
f 564 1082 1098
f 1098 1082 1083
f 1155 1081 1146
f 1081 1155 1105
f 1080 1183 1188
f 1080 1188 1177
f 1183 1080 1095
f 1080 1177 1094
f 1143 1150 1079
f 1103 1079 1150
f 1141 1133 1078
f 1078 1088 1141
f 1109 1077 1110
f 1077 1088 1078
f 1173 1076 1182
f 1122 1130 1075
f 1108 1122 1075
f 1075 1130 1087
f 1120 1074 1111
f 1111 1074 1083
f 1184 1073 1180
f 1180 1073 1084
f 563 1072 562
f 1072 563 1098
f 1152 188 1153
f 1151 188 1152
f 1173 1174 1071
f 1143 1071 1174
f 1076 1173 1071
f 1070 1147 1111
f 1147 1070 1097
f 1070 1111 1083
f 1070 1083 1082
f 1153 1069 1154
f 187 1153 188
f 1069 1153 187
f 1145 1068 1125
f 1068 1145 1124
f 1104 174 1151
f 188 1151 174
f 1089 1110 1067
f 1077 1067 1110
f 1077 1078 1067
f 1140 1066 1138
f 1066 1140 1106
f 1138 1066 1099
f 1127 1065 1120
f 1065 1127 1085
f 1120 1065 1074
f 1167 1064 1157
f 1167 1166 1063
f 1064 1167 1063
f 1163 1062 1166
f 1063 1166 1062
f 1061 1098 1083
f 1061 1083 1074
f 1098 1061 1072
f 1162 1060 1163
f 1062 1163 1060
f 1156 1059 1162
f 1154 1059 1156
f 1069 1059 1154
f 1060 1162 1059
f 1058 1126 1118
f 1126 1058 1082
f 1057 1155 1135
f 1155 1057 1105
f 1057 1135 1096
f 1103 1134 1056
f 1090 1056 1134
f 1114 1055 1133
f 1078 1133 1055
f 1077 1109 1054
f 1088 1077 1054
f 1159 1053 1161
f 1108 1052 1109
f 1075 1052 1108
f 1054 1109 1052
f 1158 1051 1159
f 1053 1159 1051
f 1148 1050 1158
f 1051 1158 1050
f 1130 1190 1049
f 1101 1049 1190
f 1087 1130 1049
f 1112 1048 1117
f 1128 1157 1047
f 1064 1047 1157
f 562 1117 561
f 1048 561 1117
f 1046 1184 1146
f 1046 1146 1081
f 1184 1046 1073
f 1125 1045 1116
f 1045 1125 1068
f 555 1124 554
f 1124 555 1068
f 1114 1176 1044
f 1092 1044 1176
f 1044 1055 1114
f 1123 1149 1043
f 1104 1123 1043
f 1079 1042 1143
f 1071 1143 1042
f 1161 1041 1149
f 1041 1161 1053
f 1043 1149 1041
f 1102 1040 1113
f 1121 1039 1148
f 1050 1148 1039
f 1107 1113 230
f 230 1113 1040
f 1115 1144 1038
f 1091 1038 1144
f 1102 1119 1037
f 1088 1037 1119
f 1040 1102 1037
f 1036 1106 1100
f 1106 1036 1066
f 1100 1035 1036
f 1034 1100 1084
f 1100 1034 1035
f 1112 1128 1033
f 1048 1112 1033
f 1047 1033 1128
f 1032 562 1072
f 562 1032 561
f 1105 1031 1081
f 1031 1105 1057
f 1079 1103 1030
f 1056 1030 1103
f 1107 1029 1121
f 1039 1121 1029
f 230 1029 1107
f 1086 1182 1028
f 1076 1028 1182
f 1086 1027 1101
f 1049 1101 1027
f 1028 1027 1086
f 1026 1099 1066
f 1025 1074 1065
f 1074 1024 1061
f 1024 1072 1061
f 1072 1024 1032
f 1023 1097 1070
f 1082 1022 1070
f 1022 1082 1058
f 1021 1097 1023
f 1097 1020 1096
f 1020 1097 1021
f 1096 1019 1057
f 1019 1096 1020
f 1018 1118 1095
f 1118 1018 1058
f 1116 1017 1093
f 1017 1116 1045
f 1091 554 1016
f 555 1016 554
f 1056 1090 1015
f 1089 1014 1090
f 1015 1090 1014
f 1067 1078 1013
f 1055 1013 1078
f 1012 1014 1089
f 1067 1011 1089
f 1012 1089 1011
f 1049 1010 1087
f 1099 1009 1085
f 1009 1099 1026
f 1008 1084 1073
f 1084 1008 1034
f 1081 1007 1046
f 1007 1081 1031
f 1023 1070 1006
f 1006 1070 1022
f 188 187 185
f 174 188 185
f 1013 1005 1067
f 1005 1011 1067
f 1042 1079 1004
f 1030 1004 1079
f 1054 1003 1088
f 1052 1003 1054
f 1037 1088 1003
f 1052 1075 1002
f 1028 1076 1001
f 1087 1000 1075
f 1000 1087 1010
f 1002 1075 1000
f 1073 999 1008
f 998 1094 1093
f 998 1093 170
f 1059 1069 997
f 174 188 186
f 185 188 186
f 185 174 186
f 174 188 175
f 185 188 175
f 185 174 175
f 186 188 175
f 186 174 175
f 186 185 175
f 1092 1115 996
f 1038 996 1115
f 1043 995 1104
f 1038 1091 228
f 1071 994 1076
f 1001 1076 994
f 1085 993 1065
f 993 1085 1009
f 992 1073 1046
f 1073 992 999
f 1094 991 1080
f 991 1094 998
f 188 187 171
f 185 188 171
f 185 187 171
f 171 188 175
f 171 185 175
f 188 168 187
f 185 188 168
f 185 187 168
f 168 188 186
f 168 186 185
f 1042 990 1071
f 990 994 1071
f 1002 989 1052
f 988 1074 1025
f 1074 988 1024
f 987 1095 1080
f 1095 987 1018
f 987 1080 991
f 174 1104 180
f 175 174 180
f 995 180 1104
f 1016 226 1091
f 228 1091 226
f 1040 200 230
f 561 1048 560
f 1033 559 1048
f 560 1048 559
f 1065 985 1025
f 985 1065 993
f 229 1093 1017
f 1093 229 170
f 986 170 229
f 188 187 177
f 185 188 177
f 185 187 177
f 186 188 177
f 186 185 177
f 175 188 177
f 175 185 177
f 175 186 177
f 171 188 177
f 171 187 177
f 171 185 177
f 175 171 177
f 1003 1052 984
f 989 984 1052
f 1029 230 983
f 983 230 200
f 982 1035 1034
f 982 1034 1008
f 981 561 1032
f 561 981 560
f 980 1032 1024
f 980 1024 988
f 1032 980 981
f 1068 556 1045
f 556 1068 555
f 1044 1092 979
f 996 979 1092
f 226 228 978
f 1055 1044 977
f 1013 1055 977
f 979 977 1044
f 1003 976 1037
f 984 976 1003
f 1037 975 1040
f 200 1040 975
f 976 975 1037
f 974 1066 1036
f 973 1036 1035
f 1035 982 973
f 1036 973 974
f 972 1046 1007
f 1046 972 992
f 1031 971 1007
f 1007 971 972
f 1057 970 1031
f 1031 970 971
f 1058 969 1022
f 969 1058 1018
f 969 1018 987
f 1030 1056 968
f 1004 1030 967
f 968 967 1030
f 1027 1028 966
f 1001 966 1028
f 1027 965 1049
f 966 965 1027
f 1066 964 1026
f 964 1066 974
f 1026 963 1009
f 963 1026 964
f 962 1008 999
f 1008 962 982
f 1047 1064 961
f 1033 1047 960
f 961 960 1047
f 1063 959 1064
f 961 1064 959
f 1062 958 1063
f 959 1063 958
f 1021 957 1020
f 1020 956 1019
f 956 1020 957
f 955 1057 1019
f 1057 955 970
f 955 1019 956
f 1022 954 1006
f 954 1022 969
f 1006 953 1023
f 953 1006 954
f 1045 557 1017
f 557 1045 556
f 188 187 173
f 171 188 173
f 171 187 173
f 175 185 181
f 171 185 181
f 175 171 181
f 177 185 181
f 177 175 181
f 177 171 181
f 173 171 181
f 185 188 169
f 186 188 169
f 186 185 169
f 175 188 169
f 175 185 169
f 175 186 169
f 171 188 169
f 171 185 169
f 175 171 169
f 180 175 169
f 173 188 169
f 173 171 169
f 181 185 169
f 181 175 169
f 181 171 169
f 181 173 169
f 180 175 182
f 177 175 182
f 1016 555 952
f 556 952 555
f 1005 1013 951
f 977 951 1013
f 1011 1005 950
f 951 950 1005
f 1015 949 1056
f 968 1056 949
f 1014 1012 948
f 1014 947 1015
f 949 1015 947
f 948 947 1014
f 1004 946 1042
f 990 1042 946
f 967 946 1004
f 1051 945 1053
f 1050 944 1051
f 945 1051 944
f 1039 943 1050
f 944 1050 943
f 1029 942 1039
f 943 1039 942
f 1000 941 1002
f 994 940 1001
f 966 1001 940
f 1010 939 1000
f 941 1000 939
f 1010 1049 938
f 965 938 1049
f 939 1010 938
f 1025 937 988
f 937 1025 985
f 988 937 980
f 559 1033 558
f 960 558 1033
f 1060 936 1062
f 958 1062 936
f 188 187 172
f 187 172 1069
f 997 1069 172
f 171 188 172
f 171 187 172
f 177 188 172
f 177 187 172
f 177 171 172
f 172 188 173
f 172 187 173
f 172 171 173
f 172 171 181
f 172 177 181
f 173 172 181
f 178 171 181
f 172 171 178
f 178 172 181
f 171 185 179
f 177 185 179
f 177 171 179
f 179 185 181
f 179 171 181
f 179 177 181
f 172 171 179
f 172 177 179
f 179 172 181
f 178 171 179
f 179 178 181
f 178 172 179
f 175 185 190
f 177 185 190
f 177 175 190
f 181 185 190
f 181 175 190
f 181 177 190
f 183 177 182
f 1053 935 1041
f 935 1053 945
f 983 934 1029
f 942 1029 934
f 989 1002 933
f 933 1002 941
f 932 999 992
f 999 932 962
f 1059 931 1060
f 936 1060 931
f 1023 930 1021
f 1021 930 957
f 930 1023 953
f 180 175 176
f 177 175 176
f 181 175 176
f 181 177 176
f 169 175 176
f 169 180 176
f 169 181 176
f 182 175 176
f 182 180 176
f 182 177 176
f 183 177 176
f 182 183 176
f 996 1038 929
f 1041 928 1043
f 935 928 1041
f 1011 927 1012
f 950 927 1011
f 948 1012 927
f 994 990 926
f 940 994 926
f 993 925 985
f 924 992 972
f 992 924 932
f 170 922 998
f 922 170 923
f 986 540 170
f 229 170 540
f 229 540 986
f 170 540 923
f 998 921 991
f 921 998 922
f 997 920 1059
f 931 1059 920
f 188 187 224
f 171 188 224
f 171 187 224
f 177 188 224
f 177 187 224
f 177 171 224
f 173 188 224
f 173 187 224
f 173 171 224
f 172 188 224
f 172 187 224
f 172 171 224
f 172 177 224
f 173 172 224
f 179 171 224
f 179 177 224
f 179 172 224
f 175 185 223
f 180 175 223
f 174 188 184
f 186 188 184
f 186 174 184
f 175 188 184
f 175 174 184
f 175 186 184
f 171 188 184
f 175 171 184
f 180 174 184
f 180 175 184
f 177 188 184
f 177 186 184
f 177 175 184
f 177 171 184
f 173 188 184
f 173 171 184
f 169 188 184
f 169 186 184
f 169 175 184
f 169 171 184
f 169 180 184
f 169 173 184
f 182 175 184
f 182 180 184
f 182 177 184
f 183 177 184
f 182 183 184
f 184 175 176
f 184 180 176
f 184 177 176
f 184 169 176
f 184 182 176
f 184 183 176
f 224 188 184
f 224 171 184
f 224 177 184
f 224 173 184
f 223 175 184
f 223 180 184
f 995 1043 919
f 919 1043 928
f 226 1016 918
f 226 228 227
f 978 228 227
f 978 227 226
f 918 227 226
f 946 917 990
f 917 926 990
f 984 989 916
f 933 916 989
f 560 915 559
f 1009 914 993
f 914 1009 963
f 993 914 925
f 177 171 194
f 181 171 194
f 181 177 194
f 172 194 997
f 172 171 194
f 172 177 194
f 181 172 194
f 178 171 194
f 181 178 194
f 178 172 194
f 179 171 194
f 179 177 194
f 181 179 194
f 179 172 194
f 179 178 194
f 920 997 194
f 171 185 225
f 172 171 225
f 178 171 225
f 178 172 225
f 179 185 225
f 179 171 225
f 179 172 225
f 179 178 225
f 223 225 185
f 194 171 225
f 194 172 225
f 194 178 225
f 194 179 225
f 190 181 191
f 180 175 192
f 180 995 192
f 177 175 192
f 181 175 192
f 181 177 192
f 182 175 192
f 182 180 192
f 182 177 192
f 190 175 192
f 190 177 192
f 190 181 192
f 183 177 192
f 182 183 192
f 176 175 192
f 176 180 192
f 176 177 192
f 176 181 192
f 176 182 192
f 176 183 192
f 224 177 192
f 223 175 192
f 223 180 192
f 184 175 192
f 184 180 192
f 184 177 192
f 184 182 192
f 184 183 192
f 176 184 192
f 184 224 192
f 184 223 192
f 919 192 995
f 191 181 192
f 191 190 192
f 228 913 1038
f 929 1038 913
f 227 913 228
f 200 912 983
f 911 560 981
f 915 560 911
f 559 910 558
f 910 559 915
f 909 972 971
f 972 909 924
f 1017 541 229
f 541 1017 557
f 229 541 540
f 188 187 221
f 185 188 221
f 185 187 221
f 186 188 221
f 186 185 221
f 175 188 221
f 175 185 221
f 175 186 221
f 177 188 221
f 177 187 221
f 177 185 221
f 177 186 221
f 177 175 221
f 173 188 221
f 173 187 221
f 169 188 221
f 169 185 221
f 169 186 221
f 169 175 221
f 169 173 221
f 224 188 221
f 224 187 221
f 224 177 221
f 224 173 221
f 223 185 221
f 223 175 221
f 184 188 221
f 184 186 221
f 184 175 221
f 184 177 221
f 184 173 221
f 184 169 221
f 184 224 221
f 184 223 221
f 908 173 221
f 169 186 222
f 169 173 222
f 184 186 222
f 184 173 222
f 184 169 222
f 221 186 222
f 221 173 222
f 221 169 222
f 221 184 222
f 952 193 1016
f 918 1016 193
f 934 983 907
f 907 983 912
f 976 984 906
f 975 976 906
f 916 906 984
f 975 905 200
f 912 200 905
f 974 904 964
f 964 904 963
f 963 903 914
f 903 963 904
f 902 973 982
f 902 982 962
f 902 962 932
f 558 960 189
f 189 540 541
f 957 901 956
f 956 901 955
f 901 957 930
f 900 971 970
f 900 970 955
f 971 900 909
f 900 955 901
f 953 899 930
f 991 898 987
f 987 898 969
f 898 991 921
f 949 897 968
f 947 896 949
f 947 948 896
f 927 896 948
f 897 949 896
f 934 542 942
f 193 542 918
f 967 968 895
f 946 967 895
f 917 946 895
f 941 894 933
f 938 893 939
f 940 892 966
f 926 892 940
f 965 966 891
f 938 965 891
f 893 938 891
f 892 891 966
f 890 981 980
f 890 980 937
f 981 890 911
f 985 889 937
f 889 985 925
f 937 889 890
f 888 923 540
f 888 558 910
f 189 558 888
f 540 189 888
f 189 541 887
f 557 886 556
f 952 556 886
f 977 979 885
f 927 950 884
f 913 227 883
f 220 193 542
f 881 974 973
f 974 881 904
f 881 973 902
f 880 932 924
f 932 880 902
f 960 961 879
f 189 960 879
f 189 879 541
f 958 878 959
f 936 878 958
f 969 877 954
f 954 877 953
f 953 877 899
f 877 969 898
f 181 178 195
f 181 179 195
f 179 178 195
f 195 876 181
f 190 181 218
f 176 181 218
f 191 181 218
f 191 190 218
f 192 181 218
f 192 190 218
f 192 176 218
f 192 191 218
f 876 218 181
f 979 996 875
f 929 875 996
f 885 979 875
f 951 977 874
f 950 951 874
f 885 874 977
f 884 950 874
f 220 882 873
f 944 872 945
f 945 872 935
f 942 871 943
f 542 871 942
f 542 193 871
f 227 918 870
f 907 870 934
f 542 934 870
f 542 870 918
f 883 227 870
f 869 914 903
f 923 868 922
f 868 923 888
f 959 867 961
f 867 879 961
f 878 867 959
f 541 866 557
f 886 557 866
f 224 173 865
f 908 865 173
f 181 177 216
f 181 178 216
f 179 177 216
f 181 179 216
f 179 178 216
f 194 177 216
f 194 181 216
f 194 178 216
f 194 179 216
f 216 181 195
f 216 178 195
f 216 179 195
f 192 190 219
f 218 219 190
f 218 192 219
f 222 184 196
f 193 952 864
f 886 864 952
f 928 935 863
f 863 935 872
f 943 862 944
f 872 944 862
f 862 943 871
f 926 917 861
f 895 861 917
f 892 926 861
f 939 860 941
f 894 941 860
f 893 860 939
f 916 933 859
f 906 916 859
f 894 859 933
f 906 858 975
f 905 975 858
f 857 904 881
f 904 856 903
f 903 856 869
f 856 904 857
f 901 854 900
f 855 900 854
f 930 853 901
f 901 853 854
f 922 852 921
f 852 922 868
f 931 851 936
f 878 936 851
f 920 850 931
f 851 931 850
f 194 849 920
f 225 849 194
f 850 920 849
f 225 223 848
f 192 848 223
f 849 225 848
f 896 847 897
f 897 846 968
f 895 968 846
f 861 895 846
f 847 846 897
f 891 845 893
f 860 893 845
f 845 891 844
f 915 843 910
f 910 842 888
f 842 910 843
f 881 841 857
f 841 855 854
f 840 924 909
f 840 909 900
f 902 840 881
f 924 840 880
f 840 902 880
f 900 855 840
f 881 840 841
f 855 841 840
f 853 839 854
f 853 930 838
f 839 853 838
f 921 837 898
f 837 921 852
f 216 836 194
f 866 835 886
f 864 886 835
f 848 835 849
f 192 919 834
f 848 192 834
f 835 848 834
f 928 833 919
f 863 833 928
f 834 919 833
f 847 896 832
f 200 230 197
f 891 892 830
f 861 830 892
f 846 830 861
f 830 844 891
f 831 830 846
f 830 831 844
f 912 829 907
f 859 828 906
f 858 906 828
f 905 827 912
f 829 912 827
f 911 826 915
f 915 826 843
f 925 825 889
f 824 869 856
f 857 823 856
f 823 857 841
f 823 841 854
f 839 823 854
f 856 823 824
f 823 839 824
f 822 930 899
f 879 821 541
f 879 867 821
f 867 878 821
f 866 541 821
f 851 821 878
f 850 820 851
f 849 820 850
f 835 866 820
f 835 820 849
f 821 820 866
f 821 851 820
f 871 193 819
f 864 819 193
f 871 819 862
f 913 818 929
f 875 929 818
f 884 817 927
f 845 816 860
f 846 847 815
f 844 815 845
f 832 815 847
f 831 846 815
f 844 831 815
f 816 845 815
f 816 815 832
f 814 925 914
f 814 914 869
f 814 839 838
f 925 814 825
f 814 869 824
f 839 814 824
f 888 813 868
f 813 888 842
f 835 812 864
f 834 812 835
f 833 812 834
f 812 819 864
f 872 811 863
f 862 811 872
f 833 863 811
f 811 862 819
f 812 833 811
f 811 819 812
f 883 810 913
f 818 913 810
f 896 927 809
f 860 809 894
f 832 896 809
f 809 860 816
f 809 816 832
f 859 894 808
f 809 808 894
f 868 807 852
f 807 868 813
f 870 806 883
f 810 883 806
f 805 911 890
f 911 805 826
f 804 890 889
f 804 889 825
f 930 803 838
f 803 930 822
f 802 899 877
f 899 802 822
f 898 801 877
f 801 898 837
f 874 800 884
f 817 884 800
f 817 799 927
f 809 927 798
f 799 798 927
f 870 907 198
f 829 198 907
f 806 870 198
f 858 797 905
f 827 905 797
f 796 825 814
f 808 809 795
f 798 795 809
f 828 859 794
f 808 794 859
f 795 794 808
f 838 793 814
f 793 838 803
f 814 793 796
f 852 792 837
f 792 852 807
f 890 791 805
f 791 890 804
f 843 790 842
f 842 790 813
f 877 789 802
f 789 877 801
f 224 788 172
f 788 224 787
f 194 172 786
f 788 786 172
f 865 785 224
f 787 224 785
f 194 217 177
f 216 177 217
f 216 194 217
f 836 217 194
f 836 216 217
f 786 217 194
f 865 908 784
f 785 865 784
f 195 216 783
f 217 783 216
f 876 195 782
f 783 782 195
f 221 781 908
f 784 908 781
f 222 780 221
f 781 221 780
f 218 876 779
f 782 779 876
f 779 778 218
f 196 777 222
f 780 222 777
f 219 218 776
f 778 776 218
f 196 184 215
f 777 196 215
f 219 775 192
f 776 775 219
f 196 184 203
f 215 184 203
f 215 196 203
f 775 774 192
f 192 773 176
f 774 773 192
f 176 772 184
f 203 184 772
f 773 771 176
f 772 176 771
f 818 770 875
f 875 769 885
f 874 885 769
f 800 874 769
f 770 769 875
f 768 843 826
f 768 826 805
f 790 843 768
f 825 767 804
f 767 825 796
f 822 766 803
f 766 822 802
f 837 765 801
f 765 837 792
f 800 764 817
f 799 817 764
f 827 763 829
f 198 829 763
f 797 763 827
f 828 762 858
f 797 858 762
f 794 762 828
f 813 761 807
f 807 761 792
f 761 813 790
f 810 760 818
f 806 760 810
f 770 818 760
f 798 799 759
f 795 798 759
f 794 795 759
f 764 759 799
f 762 794 759
f 803 758 793
f 758 796 793
f 796 758 767
f 758 803 766
f 197 200 199
f 198 197 199
f 198 199 806
f 760 806 199
f 757 805 791
f 805 757 768
f 804 756 791
f 756 804 767
f 756 767 758
f 791 756 757
f 755 802 789
f 802 755 766
f 766 755 758
f 769 754 800
f 764 800 754
f 759 764 754
f 763 797 753
f 762 753 797
f 768 752 790
f 790 752 761
f 752 768 757
f 792 751 765
f 751 792 761
f 801 750 789
f 750 801 765
f 789 750 755
f 750 765 751
f 769 770 749
f 760 749 770
f 748 761 752
f 761 748 751
f 200 201 230
f 197 230 201
f 197 200 201
f 198 197 201
f 199 200 201
f 199 197 201
f 199 198 201
f 199 198 214
f 199 214 760
f 754 769 214
f 749 214 769
f 749 760 214
f 197 200 202
f 198 197 202
f 763 202 198
f 199 200 202
f 199 197 202
f 199 198 202
f 754 202 759
f 201 200 202
f 201 197 202
f 201 198 202
f 201 199 202
f 214 198 202
f 214 199 202
f 214 202 754
f 747 757 756
f 757 747 752
f 752 747 748
f 785 746 787
f 777 744 780
f 772 743 203
f 753 742 763
f 753 762 742
f 202 763 742
f 758 741 756
f 741 758 755
f 741 755 750
f 751 741 750
f 741 751 748
f 756 741 747
f 741 748 747
f 780 740 781
f 740 780 744
f 215 739 777
f 744 777 739
f 759 213 762
f 199 197 213
f 201 197 213
f 201 199 213
f 214 199 213
f 202 197 213
f 202 213 759
f 202 199 213
f 202 201 213
f 202 214 213
f 213 742 762
f 213 202 742
f 784 738 785
f 746 785 738
f 781 736 784
f 740 736 781
f 738 784 736
f 203 735 215
f 743 735 203
f 739 215 735
f 745 212 734
f 737 745 734
f 737 732 745
f 787 731 788
f 746 731 787
f 731 730 788
f 786 788 729
f 730 729 788
f 217 786 728
f 729 728 786
f 783 217 727
f 728 727 217
f 782 783 726
f 727 726 783
f 725 734 212
f 779 782 724
f 726 724 782
f 744 723 740
f 737 723 744
f 736 740 723
f 734 723 737
f 778 779 722
f 724 722 779
f 745 211 212
f 733 211 212
f 211 745 732
f 739 721 744
f 737 744 721
f 735 721 739
f 732 737 721
f 776 778 720
f 722 720 778
f 775 776 719
f 720 719 776
f 774 775 718
f 719 718 775
f 773 774 717
f 718 717 774
f 771 773 716
f 717 716 773
f 771 715 772
f 743 772 715
f 714 771 716
f 715 771 714
f 733 212 204
f 725 212 204
f 211 212 204
f 211 733 204
f 731 746 713
f 738 712 746
f 713 746 712
f 736 711 738
f 712 738 711
f 715 709 743
f 710 743 709
f 734 725 708
f 723 708 736
f 723 734 708
f 711 736 708
f 732 706 211
f 721 706 732
f 735 743 705
f 721 735 705
f 705 743 710
f 706 721 705
f 204 704 725
f 708 725 704
f 707 704 204
f 204 211 703
f 707 204 703
f 706 703 211
f 704 707 702
f 703 702 707
f 730 731 701
f 701 700 730
f 729 730 699
f 700 699 730
f 713 698 731
f 701 731 698
f 728 729 697
f 699 697 729
f 712 696 713
f 698 713 696
f 711 695 712
f 696 712 695
f 726 727 694
f 724 726 693
f 694 693 726
f 722 724 692
f 720 722 692
f 693 692 724
f 719 720 691
f 692 691 720
f 710 690 705
f 705 690 706
f 717 718 689
f 709 688 710
f 690 710 688
f 716 717 687
f 689 687 717
f 709 715 686
f 688 709 686
f 716 685 714
f 687 685 716
f 714 684 715
f 686 715 684
f 683 714 685
f 684 714 683
f 704 682 708
f 702 682 704
f 703 706 681
f 702 703 681
f 682 702 680
f 681 680 702
f 727 728 210
f 697 210 728
f 694 727 210
f 708 679 711
f 695 711 679
f 682 679 708
f 690 678 706
f 681 706 678
f 718 719 677
f 691 677 719
f 689 718 677
f 679 682 676
f 675 681 678
f 680 674 682
f 680 681 674
f 676 682 674
f 675 674 681
f 676 673 679
f 678 673 675
f 674 673 676
f 674 675 673
f 696 672 698
f 695 671 696
f 679 671 695
f 672 696 671
f 210 670 694
f 688 669 690
f 686 669 688
f 678 690 669
f 687 689 668
f 677 668 689
f 693 694 667
f 670 667 694
f 667 666 693
f 677 691 665
f 698 664 701
f 672 664 698
f 697 699 209
f 210 697 209
f 671 679 663
f 673 662 679
f 673 678 662
f 663 679 662
f 692 693 661
f 691 692 661
f 666 661 693
f 661 665 691
f 669 660 678
f 662 678 660
f 685 687 659
f 668 659 687
f 684 658 686
f 669 686 658
f 700 701 657
f 664 657 701
f 657 656 700
f 699 700 655
f 209 699 655
f 656 655 700
f 685 654 683
f 659 654 685
f 683 653 684
f 658 684 653
f 654 652 683
f 653 683 652
f 209 210 208
f 670 210 651
f 667 670 651
f 666 667 650
f 651 650 667
f 668 677 649
f 659 668 649
f 209 210 206
f 655 206 209
f 208 210 206
f 208 206 209
f 651 210 206
f 663 648 671
f 661 666 647
f 650 647 666
f 650 651 647
f 662 646 663
f 660 646 662
f 648 663 646
f 665 645 677
f 665 661 645
f 649 677 645
f 660 669 644
f 646 660 644
f 647 643 661
f 645 661 643
f 671 642 672
f 664 672 642
f 657 664 642
f 648 642 671
f 658 641 669
f 644 669 641
f 654 659 640
f 649 640 659
f 206 639 651
f 647 651 639
f 643 647 639
f 645 638 649
f 643 638 645
f 646 637 648
f 644 637 646
f 656 657 636
f 206 655 635
f 642 648 634
f 637 634 648
f 639 633 643
f 638 643 633
f 641 632 644
f 637 644 632
f 640 631 654
f 652 630 653
f 642 629 657
f 636 657 629
f 206 208 207
f 635 207 206
f 653 628 658
f 641 658 628
f 628 653 630
f 655 656 627
f 636 627 656
f 635 655 627
f 639 206 626
f 633 639 626
f 207 626 206
f 640 649 625
f 638 625 649
f 633 625 638
f 631 640 625
f 652 654 624
f 631 624 654
f 630 652 624
f 626 207 623
f 634 622 642
f 629 642 622
f 622 634 621
f 634 637 620
f 632 620 637
f 621 634 620
f 626 619 633
f 625 633 619
f 623 619 626
f 625 619 623
f 620 632 618
f 632 641 617
f 628 617 641
f 618 632 616
f 616 632 617
f 207 635 615
f 627 615 635
f 621 614 622
f 620 614 621
f 625 613 631
f 624 631 613
f 623 207 612
f 615 612 207
f 618 611 620
f 614 620 611
f 616 610 618
f 617 610 616
f 611 618 610
f 625 623 609
f 613 625 609
f 629 608 636
f 627 636 608
f 622 608 629
f 615 627 608
f 612 607 623
f 607 609 623
f 630 606 628
f 624 606 630
f 617 628 606
f 613 606 624
f 614 605 622
f 611 605 614
f 608 622 605
f 610 617 604
f 610 604 611
f 606 604 617
f 605 611 603
f 603 611 604
f 612 615 602
f 607 612 602
f 609 601 613
f 609 607 601
f 605 600 608
f 603 600 605
f 602 599 607
f 599 601 607
f 604 606 598
f 604 598 603
f 608 597 615
f 602 615 597
f 600 597 608
f 599 602 597
f 600 603 596
f 598 596 603
f 606 613 595
f 601 595 613
f 601 599 595
f 598 606 595
f 597 600 594
f 597 594 599
f 596 594 600
f 596 598 594
f 594 595 599
f 594 598 595

