# https://github.com/mikedh/trimesh
v -0.00520833 0.79687500 0.16145833
v -0.52604169 -0.33854166 0.07812500
v -0.53645831 -0.30729166 0.08854166
v 0.14062500 -0.61979169 -0.00520833
v -0.15104167 -0.60937500 -0.01562500
v 0.11979166 -0.78645831 -0.04687500
v 0.13020833 -0.77604169 -0.10937500
v 0.10937500 -0.77604169 -0.13020833
v 0.07812500 -0.78645831 -0.09895834
v 0.21354167 -0.57812500 -0.06770834
v -0.13020833 -0.75520831 -0.10937500
v 0.10937500 -0.64062500 -0.17187500
v 0.11979166 -0.64062500 -0.17187500
v 0.14062500 -0.60937500 -0.17187500
v -0.10937500 -0.66145831 -0.16145833
v -0.11631945 -0.72743058 -0.16493055
v -0.13715278 -0.76909721 -0.11284722
v -0.09895834 -0.74479169 -0.15104167
v -0.07812500 -0.78645831 -0.13020833
v -0.08854166 -0.74479169 -0.15104167
v -0.09895834 -0.76562500 -0.15104167
v -0.09895834 -0.77604169 -0.11979166
v -0.11979166 -0.75520831 -0.15104167
v -0.11979166 -0.75520831 -0.11979166
v 0.17187500 -0.82812500 -0.11979166
v 0.07812500 0.45312500 0.60937500
v -0.01562500 0.51562500 0.60937500
v 0.04687500 0.45312500 0.57812500
v 0.14062500 0.35937500 0.26562500
v 0.07812500 0.14062500 0.26562500
v 0.14062500 0.35937500 0.23437500
v 0.10937500 0.42187500 0.23437500
v -0.07812500 0.45312500 0.20312500
v -0.23437500 0.42187500 0.23437500
v -0.14062500 0.42187500 0.23437500
v 0.42187500 -0.29687500 0.20312500
v 0.17187500 0.26562500 0.20312500
v 0.14062500 0.45312500 0.20312500
v 0.14062500 0.42187500 0.20312500
v 0.14062500 0.39062500 0.23437500
v 0.14062500 0.39062500 0.17187500
v 0.10937500 0.42187500 0.20312500
v 0.07812500 0.45312500 0.20312500
v -0.07812500 0.64062500 0.20312500
v -0.04687500 0.67187500 0.17187500
v -0.10937500 0.70312500 0.17187500
v -0.14062500 0.39062500 0.17187500
v -0.17187500 0.48437500 0.20312500
v -0.17187500 0.45312500 0.17187500
v -0.14062500 0.26562500 0.20312500
v -0.42187500 -0.29687500 0.20312500
v 0.35937500 -0.57812500 0.17187500
v 0.17187500 0.39062500 0.17187500
v 0.14062500 0.76562500 0.17187500
v 0.20312500 0.73437500 0.14062500
v 0.10937500 0.76562500 0.17187500
v 0.07812500 0.76562500 0.17187500
v 0.07812500 0.79687500 0.17187500
v 0.10937500 0.42187500 0.17187500
v -0.10937500 0.76562500 0.17187500
v -0.07812500 0.76562500 0.17187500
v -0.07812500 0.79687500 0.17187500
v -0.20312500 0.70312500 0.14062500
v -0.23437500 0.64062500 0.14062500
v -0.39062500 -0.54687500 0.17187500
v -0.39062500 -0.57812500 0.17187500
v 0.73437500 -0.48437500 0.14062500
v 0.73437500 -0.51562500 0.14062500
v 0.73437500 -0.54687500 0.10937500
v 0.70312500 -0.54687500 0.14062500
v 0.54687500 -0.35937500 0.14062500
v 0.57812500 -0.35937500 0.10937500
v -0.51562500 -0.32812500 0.10937500
v -0.54687500 -0.35937500 0.14062500
v -0.54687500 -0.35937500 0.10937500
v 0.67187500 -0.54687500 0.10937500
v 0.54687500 -0.39062500 0.07812500
v 0.54687500 -0.39062500 0.10937500
v 0.51562500 -0.45312500 0.07812500
v 0.48437500 -0.39062500 0.10937500
v -0.48437500 -0.39062500 0.07812500
v -0.48437500 -0.39062500 0.14062500
v -0.48437500 -0.42187500 0.07812500
v -0.51562500 -0.45312500 0.07812500
v -0.54687500 -0.39062500 0.10937500
v -0.60937500 -0.29687500 0.10937500
v 0.57812500 -0.23437500 0.07812500
v 0.54687500 -0.23437500 0.04687500
v 0.51562500 -0.39062500 0.07812500
v 0.45312500 -0.39062500 0.07812500
v 0.45312500 0.01562500 0.01562500
v 0.32812500 0.82812500 0.01562500
v 0.35937500 0.79687500 0.01562500
v 0.17187500 -0.70312500 0.01562500
v 0.10937500 -0.64062500 0.01562500
v -0.10937500 -0.64062500 0.01562500
v -0.07812500 -0.64062500 0.01562500
v -0.70312500 -0.23437500 0.04687500
v 0.64062500 -0.14062500 0.01562500
v 0.70312500 -0.17187500 -0.01562500
v 0.57812500 -0.20312500 0.01562500
v 0.17187500 -0.64062500 0.01562500
v 0.20312500 -0.60937500 0.01562500
v 0.20312500 -0.64062500 0.01562500
v 0.20312500 -0.70312500 0.01562500
v 0.14062500 -0.85937500 0.01562500
v 0.14062500 -0.60937500 -0.01562500
v 0.14062500 -0.64062500 0.01562500
v 0.14062500 -0.60937500 0.01562500
v 0.10937500 -0.85937500 -0.01562500
v 0.07812500 -0.64062500 0.01562500
v -0.10937500 -0.67187500 0.01562500
v -0.10937500 -0.60937500 0.01562500
v -0.14062500 -0.60937500 0.01562500
v -0.17187500 -0.60937500 0.01562500
v -0.57812500 -0.20312500 0.01562500
v -0.64062500 -0.14062500 0.01562500
v -0.64062500 -0.39062500 0.01562500
v -0.67187500 -0.42187500 0.01562500
v -0.67187500 -0.17187500 0.01562500
v -0.70312500 -0.20312500 0.01562500
v 0.67187500 -0.42187500 -0.01562500
v 0.64062500 -0.17187500 -0.01562500
v 0.60937500 -0.20312500 -0.01562500
v 0.57812500 -0.23437500 -0.04687500
v 0.54687500 -0.26562500 -0.04687500
v 0.20312500 -0.64062500 -0.01562500
v 0.10937500 -0.79687500 -0.01562500
v 0.14062500 -0.79687500 -0.01562500
v 0.04687500 -0.60937500 -0.01562500
v -0.14062500 -0.70312500 -0.01562500
v -0.20312500 -0.60937500 -0.01562500
v -0.57812500 -0.20312500 -0.01562500
v -0.67187500 -0.42187500 -0.01562500
v -0.73437500 -0.45312500 -0.04687500
v 0.20312500 -0.54687500 -0.01562500
v 0.17187500 -0.76562500 -0.07812500
v 0.01562500 -0.57812500 -0.07812500
v -0.04687500 -0.64062500 -0.01562500
v -0.04687500 -0.60937500 -0.04687500
v -0.07812500 -0.79687500 -0.07812500
v -0.10937500 -0.79687500 -0.04687500
v -0.10937500 -0.70312500 0.01562500
v -0.10937500 -0.67187500 -0.04687500
v -0.10937500 -0.70312500 -0.07812500
v -0.10937500 -0.73437500 -0.07812500
v -0.23437500 -0.54687500 -0.04687500
v -0.23437500 -0.64062500 -0.04687500
v -0.20312500 -0.64062500 -0.01562500
v -0.23437500 -0.60937500 -0.04687500
v -0.23437500 -0.64062500 -0.07812500
v -0.17187500 -0.85937500 -0.01562500
v -0.23437500 -0.85937500 -0.07812500
v -0.64062500 -0.17187500 -0.01562500
v -0.64062500 -0.17187500 -0.07812500
v 0.23437500 -0.64062500 -0.10937500
v 0.20312500 -0.60937500 -0.10937500
v 0.20312500 -0.85937500 -0.04687500
v 0.20312500 -0.76562500 -0.07812500
v 0.17187500 -0.76562500 -0.10937500
v 0.07812500 -0.82812500 -0.04687500
v 0.04687500 -0.64062500 -0.04687500
v 0.04687500 -0.60937500 -0.10937500
v 0.01562500 -0.60937500 -0.07812500
v 0.01562500 -0.64062500 -0.07812500
v 0.04687500 -0.64062500 -0.10937500
v 0.04687500 -0.79687500 -0.10937500
v -0.01562500 -0.64062500 -0.07812500
v -0.04687500 -0.64062500 -0.10937500
v -0.10937500 -0.76562500 -0.07812500
v -0.10937500 -0.82812500 -0.04687500
v -0.14062500 -0.76562500 -0.07812500
v -0.23437500 -0.60937500 -0.07812500
v -0.23437500 -0.57812500 -0.04687500
v -0.64062500 -0.26562500 -0.10937500
v 0.20312500 -0.64062500 -0.14062500
v 0.20312500 -0.85937500 -0.10937500
v 0.17187500 -0.85937500 -0.10937500
v -0.04687500 -0.64062500 -0.14062500
v -0.04687500 -0.82812500 -0.10937500
v -0.07812500 -0.73437500 -0.10937500
v -0.17187500 -0.76562500 -0.10937500
v -0.23437500 -0.64062500 -0.10937500
v -0.17187500 -0.85937500 -0.10937500
v 0.20312500 -0.57812500 -0.10937500
v 0.17187500 -0.60937500 -0.17187500
v 0.14062500 -0.64062500 -0.17187500
v 0.17187500 -0.73437500 -0.14062500
v 0.14062500 -0.79687500 -0.17187500
v 0.14062500 -0.57812500 -0.17187500
v 0.14062500 -0.73437500 -0.17187500
v 0.07812500 -0.76562500 -0.10937500
v 0.07812500 -0.76562500 -0.14062500
v 0.14062500 -0.76562500 -0.17187500
v 0.04687500 -0.57812500 -0.14062500
v 0.07812500 -0.64062500 -0.17187500
v 0.07812500 -0.85937500 -0.17187500
v 0.01562500 0.95312500 -0.14062500
v 0.07812500 -0.85937500 -0.14062500
v -0.10937500 -0.60937500 -0.17187500
v -0.07812500 -0.64062500 -0.17187500
v -0.10937500 -0.64062500 -0.14062500
v -0.14062500 -0.64062500 -0.17187500
v -0.10937500 -0.70312500 -0.17187500
v -0.14062500 -0.73437500 -0.17187500
v -0.17187500 -0.76562500 -0.14062500
v -0.10937500 -0.76562500 -0.17187500
v -0.14062500 -0.79687500 -0.17187500
v -0.20312500 -0.60937500 -0.10937500
v -0.20312500 -0.57812500 -0.14062500
v -0.20312500 -0.60937500 -0.14062500
v -0.17187500 -0.60937500 -0.17187500
v -0.14062500 -0.57812500 -0.17187500
v -0.14062500 -0.67187500 -0.07812500
v -0.14062500 -0.70312500 -0.17187500
v -0.17187500 -0.64062500 -0.17187500
v 0.20312500 -0.82812500 -0.14062500
v 0.10937500 -0.57812500 -0.17187500
v -0.42187500 0.29687500 -0.17187500
v -0.23437500 0.14062500 -0.32812500
v 0.14062500 0.42187500 -0.39062500
v -0.01562500 0.82812500 -0.42187500
v 0.10937500 0.82812500 -0.42187500
v -0.20312500 0.14062500 -0.32812500
v -0.20312500 0.10937500 -0.32812500
v 0.45312500 -0.29687500 -0.26562500
v -0.39062500 -0.29687500 -0.20312500
v -0.42187500 0.23437500 -0.20312500
v -0.39062500 0.23437500 -0.20312500
v -0.42187500 -0.32812500 -0.17187500
v -0.39062500 0.29687500 -0.14062500
v -0.20312500 -0.79687500 -0.17187500
v -0.20312500 -0.85937500 -0.14062500
v -0.17187500 -0.82812500 -0.17187500
v -0.20312500 -0.64062500 -0.14062500
v -0.14062500 -0.60937500 -0.17187500
v -0.20312500 -0.57812500 -0.10937500
v -0.14062500 -0.76562500 -0.17187500
v -0.17187500 -0.73437500 -0.14062500
v -0.10937500 -0.64062500 -0.17187500
v -0.14062500 -0.64062500 -0.14062500
v -0.10937500 -0.79687500 -0.17187500
v -0.07812500 -0.76562500 -0.14062500
v -0.10937500 -0.73437500 -0.17187500
v -0.07812500 -0.85937500 -0.14062500
v -0.07812500 -0.60937500 -0.17187500
v -0.04687500 -0.60937500 -0.14062500
v 0.04687500 0.92187500 -0.17187500
v 0.07812500 -0.79687500 -0.14062500
v 0.07812500 -0.82812500 -0.14062500
v 0.07812500 -0.60937500 -0.17187500
v 0.04687500 -0.64062500 -0.14062500
v 0.10937500 -0.60937500 -0.17187500
v 0.07812500 -0.73437500 -0.14062500
v 0.10937500 -0.76562500 -0.17187500
v 0.10937500 -0.73437500 -0.17187500
v 0.14062500 -0.70312500 -0.17187500
v 0.10937500 -0.70312500 -0.17187500
v 0.10937500 0.89062500 -0.17187500
v 0.17187500 -0.64062500 -0.17187500
v 0.20312500 -0.60937500 -0.14062500
v 0.20312500 -0.57812500 -0.14062500
v -0.73437500 -0.39062500 -0.14062500
v -0.23437500 -0.82812500 -0.14062500
v -0.23437500 -0.82812500 -0.10937500
v -0.23437500 -0.79687500 -0.14062500
v -0.17187500 -0.85937500 -0.14062500
v -0.20312500 -0.85937500 -0.10937500
v -0.20312500 -0.70312500 -0.14062500
v -0.20312500 -0.70312500 -0.10937500
v -0.07812500 -0.85937500 -0.10937500
v -0.07812500 -0.73437500 -0.14062500
v -0.04687500 -0.70312500 -0.14062500
v -0.04687500 -0.57812500 -0.14062500
v -0.04687500 -0.60937500 -0.10937500
v -0.07812500 0.95312500 -0.10937500
v 0.04687500 0.95312500 -0.14062500
v 0.04687500 -0.70312500 -0.14062500
v 0.04687500 -0.60937500 -0.14062500
v 0.07812500 -0.82812500 -0.10937500
v 0.07812500 -0.85937500 -0.07812500
v 0.07812500 -0.73437500 -0.10937500
v 0.17187500 -0.85937500 -0.14062500
v 0.17187500 -0.76562500 -0.14062500
v 0.20312500 -0.85937500 -0.14062500
v 0.14062500 -0.76562500 -0.10937500
v 0.17187500 -0.73437500 -0.10937500
v 0.23437500 -0.85937500 -0.14062500
v 0.20312500 -0.70312500 -0.14062500
v -0.64062500 -0.29687500 -0.10937500
v -0.42187500 -0.57812500 -0.10937500
v -0.42187500 -0.51562500 -0.10937500
v -0.17187500 -0.73437500 -0.10937500
v -0.07812500 -0.76562500 -0.10937500
v -0.04687500 -0.79687500 -0.10937500
v -0.04687500 -0.70312500 -0.10937500
v -0.01562500 -0.70312500 -0.07812500
v 0.04687500 -0.79687500 -0.07812500
v 0.04687500 -0.70312500 -0.10937500
v 0.07812500 -0.79687500 -0.04687500
v 0.10937500 -0.76562500 -0.07812500
v 0.14062500 -0.73437500 -0.07812500
v 0.23437500 -0.82812500 -0.10937500
v 0.23437500 -0.85937500 -0.07812500
v 0.17187500 -0.85937500 -0.01562500
v 0.23437500 -0.60937500 -0.07812500
v 0.23437500 -0.57812500 -0.04687500
v 0.23437500 -0.54687500 -0.07812500
v 0.23437500 -0.70312500 -0.10937500
v 0.64062500 -0.23437500 -0.10937500
v 0.64062500 -0.26562500 -0.10937500
v 0.67187500 -0.26562500 -0.10937500
v -0.67187500 -0.20312500 -0.07812500
v -0.60937500 -0.29687500 -0.07812500
v -0.17187500 -0.85937500 -0.07812500
v -0.20312500 -0.85937500 -0.04687500
v -0.20312500 -0.82812500 -0.04687500
v -0.23437500 -0.70312500 -0.07812500
v -0.23437500 -0.54687500 -0.07812500
v -0.14062500 -0.73437500 -0.07812500
v -0.14062500 -0.64062500 -0.07812500
v -0.04687500 -0.64062500 -0.04687500
v -0.01562500 -0.60937500 -0.07812500
v -0.01562500 -0.57812500 -0.07812500
v 0.17187500 -0.85937500 -0.07812500
v 0.17187500 -0.79687500 -0.04687500
v 0.23437500 -0.64062500 -0.07812500
v 0.23437500 -0.70312500 -0.07812500
v 0.23437500 -0.64062500 -0.04687500
v 0.23437500 -0.60937500 -0.04687500
v 0.67187500 -0.23437500 -0.07812500
v -0.42187500 -0.51562500 -0.04687500
v -0.42187500 -0.54687500 -0.04687500
v -0.42187500 0.01562500 0.01562500
v -0.07812500 -0.79687500 -0.04687500
v -0.10937500 -0.70312500 -0.04687500
v 0.04687500 -0.64062500 -0.01562500
v 0.10937500 -0.79687500 -0.04687500
v 0.14062500 -0.79687500 -0.04687500
v 0.23437500 -0.70312500 -0.04687500
v 0.45312500 -0.35937500 0.01562500
v 0.57812500 -0.20312500 -0.01562500
v -0.67187500 -0.39062500 -0.01562500
v -0.64062500 -0.14062500 -0.01562500
v -0.60937500 -0.20312500 -0.01562500
v -0.60937500 -0.20312500 0.01562500
v -0.23437500 -0.54687500 -0.01562500
v -0.20312500 -0.70312500 -0.01562500
v -0.20312500 -0.64062500 0.01562500
v -0.20312500 -0.57812500 0.01562500
v -0.14062500 -0.64062500 -0.01562500
v -0.10937500 -0.60937500 -0.01562500
v -0.14062500 -0.60937500 -0.01562500
v -0.10937500 -0.70312500 -0.01562500
v -0.07812500 -0.60937500 -0.01562500
v -0.04687500 -0.60937500 -0.01562500
v 0.04687500 -0.70312500 -0.01562500
v 0.14062500 -0.82812500 -0.01562500
v 0.10937500 -0.64062500 -0.01562500
v 0.10937500 -0.60937500 -0.01562500
v 0.10937500 -0.60937500 0.01562500
v 0.20312500 -0.70312500 -0.01562500
v 0.20312500 -0.60937500 -0.01562500
v 0.17187500 -0.60937500 0.01562500
v 0.20312500 -0.57812500 0.01562500
v 0.54687500 -0.23437500 -0.01562500
v 0.67187500 -0.17187500 0.04687500
v 0.64062500 -0.14062500 -0.01562500
v 0.70312500 -0.20312500 0.01562500
v -0.70312500 -0.17187500 0.01562500
v -0.20312500 -0.60937500 0.01562500
v -0.14062500 -0.64062500 0.01562500
v -0.07812500 -0.70312500 0.01562500
v 0.17187500 -0.85937500 0.04687500
v 0.29687500 0.82812500 0.04687500
v 0.42187500 0.01562500 0.01562500
v 0.45312500 -0.04687500 0.01562500
v 0.45312500 -0.01562500 0.01562500
v 0.60937500 -0.20312500 0.01562500
v 0.60937500 -0.17187500 0.04687500
v 0.57812500 -0.17187500 0.01562500
v -0.60937500 -0.17187500 0.04687500
v -0.57812500 -0.35937500 0.04687500
v -0.51562500 -0.35937500 0.04687500
v -0.54687500 -0.32812500 0.04687500
v -0.57812500 -0.29687500 0.10937500
v -0.51562500 -0.29687500 0.04687500
v -0.54687500 -0.26562500 0.07812500
v 0.51562500 -0.35937500 0.04687500
v 0.54687500 -0.26562500 0.07812500
v 0.60937500 -0.20312500 0.07812500
v -0.51562500 -0.39062500 0.07812500
v -0.54687500 -0.39062500 0.07812500
v -0.48437500 -0.45312500 0.10937500
v -0.48437500 -0.45312500 0.07812500
v -0.45312500 -0.35937500 0.07812500
v -0.48437500 -0.35937500 0.14062500
v 0.48437500 -0.35937500 0.07812500
v 0.48437500 -0.42187500 0.10937500
v 0.48437500 -0.35937500 0.10937500
v 0.48437500 -0.32812500 0.10937500
v 0.48437500 -0.35937500 0.14062500
v -0.57812500 -0.32812500 0.14062500
v -0.57812500 -0.35937500 0.10937500
v 0.29687500 0.85937500 0.10937500
v 0.48437500 -0.39062500 0.14062500
v 0.54687500 -0.39062500 0.14062500
v 0.57812500 -0.32812500 0.14062500
v 0.70312500 -0.57812500 0.10937500
v 0.76562500 -0.48437500 0.10937500
v -0.54687500 -0.39062500 0.14062500
v -0.42187500 -0.54687500 0.14062500
v -0.39062500 -0.57812500 0.14062500
v -0.42187500 -0.54687500 0.17187500
v -0.42187500 -0.48437500 0.17187500
v -0.20312500 0.64062500 0.14062500
v -0.20312500 0.73437500 0.14062500
v -0.23437500 0.67187500 0.14062500
v -0.17187500 0.39062500 0.17187500
v -0.17187500 0.76562500 0.14062500
v -0.17187500 0.79687500 0.14062500
v -0.14062500 0.76562500 0.17187500
v -0.14062500 0.73437500 0.14062500
v -0.04687500 0.79687500 0.14062500
v 0.01562500 0.79687500 0.14062500
v 0.04687500 0.76562500 0.17187500
v 0.17187500 0.73437500 0.14062500
v 0.17187500 0.76562500 0.14062500
v 0.14062500 0.73437500 0.17187500
v 0.17187500 0.45312500 0.17187500
v 0.20312500 0.70312500 0.14062500
v -0.17187500 0.32812500 0.17187500
v -0.23437500 0.39062500 0.17187500
v -0.20312500 0.45312500 0.17187500
v -0.14062500 0.32812500 0.20312500
v -0.14062500 0.45312500 0.17187500
v -0.14062500 0.39062500 0.20312500
v -0.14062500 0.70312500 0.17187500
v -0.10937500 0.42187500 0.17187500
v -0.04687500 0.42187500 0.17187500
v -0.07812500 0.67187500 0.17187500
v -0.10937500 0.64062500 0.20312500
v -0.04687500 0.79687500 0.17187500
v 0.14062500 0.45312500 0.17187500
v 0.17187500 0.32812500 0.17187500
v 0.14062500 0.35937500 0.20312500
v 0.14062500 0.26562500 0.20312500
v 0.42187500 -0.35937500 0.17187500
v -0.17187500 0.26562500 0.20312500
v -0.14062500 0.45312500 0.20312500
v -0.07812500 -0.01562500 0.20312500
v -0.10937500 0.42187500 0.20312500
v -0.10937500 0.45312500 0.20312500
v -0.07812500 -0.04687500 0.20312500
v -0.04687500 0.01562500 0.20312500
v -0.01562500 0.01562500 0.20312500
v 0.01562500 0.45312500 0.20312500
v 0.01562500 0.45312500 0.23437500
v 0.10937500 0.45312500 0.20312500
v 0.14062500 0.42187500 0.23437500
v 0.17187500 0.51562500 0.20312500
v 0.17187500 0.48437500 0.23437500
v 0.14062500 0.45312500 0.26562500
v 0.29687500 0.20312500 0.20312500
v 0.35937500 0.26562500 0.20312500
v -0.20312500 0.39062500 0.23437500
v -0.10937500 0.42187500 0.23437500
v 0.07812500 0.17187500 0.23437500
v 0.10937500 0.17187500 0.23437500
v 0.07812500 0.14062500 0.23437500
v 0.04687500 0.14062500 0.26562500
v -0.14062500 0.35937500 0.26562500
v 0.10937500 0.39062500 0.26562500
v -0.10937500 0.39062500 0.29687500
v 0.01562500 0.32812500 0.51562500
v -0.01562500 0.48437500 0.54687500
v -0.04687500 0.45312500 0.51562500
v 0.04687500 0.35937500 0.54687500
v 0.04687500 0.32812500 0.51562500
v 0.04687500 0.39062500 0.57812500
v 0.04687500 0.48437500 0.57812500
v -0.04687500 0.48437500 0.60937500
v -0.04687500 0.48437500 0.64062500
v -0.01562500 0.48437500 0.67187500
v -0.01562500 0.51562500 0.64062500
v -0.04687500 0.45312500 0.64062500
v 0.04687500 0.42187500 0.60937500
v -0.04687500 0.51562500 0.60937500
v -0.04687500 0.48437500 0.57812500
v -0.14062500 0.35937500 0.29687500
v 0.10937500 0.42187500 0.26562500
v -0.04687500 -0.01562500 0.20312500
v 0.45312500 -0.29687500 0.17187500
v -0.04687500 0.45312500 0.20312500
v -0.07812500 0.73437500 0.17187500
v -0.14062500 0.42187500 0.20312500
v -0.42187500 -0.35937500 0.17187500
v -0.45312500 -0.29687500 0.17187500
v 0.39062500 -0.57812500 0.17187500
v 0.20312500 0.45312500 0.14062500
v 0.01562500 0.76562500 0.17187500
v 0.04687500 0.39062500 0.17187500
v 0.01562500 0.39062500 0.17187500
v 0.73437500 -0.51562500 0.10937500
v 0.57812500 -0.35937500 0.14062500
v 0.51562500 -0.35937500 0.14062500
v -0.45312500 -0.39062500 0.10937500
v -0.54687500 -0.29687500 0.10937500
v 0.64062500 -0.20312500 0.07812500
v 0.35937500 0.85937500 0.04687500
v 0.10937500 -0.70312500 0.01562500
v 0.14062500 -0.85937500 -0.01562500
v 0.07812500 -0.70312500 0.01562500
v -0.10937500 -0.64062500 -0.01562500
v -0.45312500 -0.04687500 0.01562500
v -0.70312500 -0.45312500 0.01562500
v -0.70312500 -0.17187500 -0.01562500
v 0.70312500 -0.48437500 -0.01562500
v 0.45312500 -0.35937500 -0.04687500
v 0.42187500 0.01562500 -0.04687500
v 0.04687500 -0.60937500 -0.04687500
v -0.14062500 -0.67187500 -0.01562500
v -0.20312500 -0.54687500 -0.01562500
v -0.42187500 0.01562500 -0.04687500
v -0.57812500 -0.23437500 -0.04687500
v -0.70312500 -0.48437500 -0.01562500
v 0.23437500 -0.54687500 0.01562500
v 0.01562500 -0.57812500 -0.04687500
v -0.07812500 -0.82812500 -0.04687500
v -0.23437500 -0.70312500 -0.04687500
v 0.04687500 -0.70312500 -0.04687500
v -0.10937500 -0.67187500 -0.07812500
v -0.10937500 -0.85937500 -0.01562500
v -0.07812500 -0.85937500 -0.07812500
v -0.60937500 -0.26562500 -0.10937500
v -0.04687500 0.92187500 -0.14062500
v -0.23437500 -0.70312500 -0.10937500
v -0.73437500 -0.32812500 -0.10937500
v 0.10937500 -0.76562500 -0.10937500
v 0.01562500 0.92187500 -0.14062500
v 0.10937500 0.92187500 -0.14062500
v -0.07812500 -0.85937500 -0.17187500
v -0.10937500 -0.82812500 -0.10937500
v -0.14062500 -0.85937500 -0.14062500
v -0.17187500 -0.57812500 -0.10937500
v -0.10937500 -0.57812500 -0.17187500
v -0.45312500 -0.35937500 -0.23437500
v 0.42187500 -0.26562500 -0.23437500
v -0.23437500 0.10937500 -0.32812500
v -0.01562500 0.82812500 -0.51562500
v 0.10937500 0.82812500 -0.51562500
v -0.51562500 0.70312500 -0.64062500
v -0.48437500 0.67187500 -0.64062500
v -0.48437500 0.73437500 -0.64062500
v -0.45312500 0.67187500 -0.64062500
v -0.45312500 0.73437500 -0.64062500
v -0.39062500 0.67187500 -0.64062500
v -0.39062500 0.73437500 -0.64062500
v -0.32812500 0.67187500 -0.64062500
v -0.32812500 0.73437500 -0.64062500
v -0.23437500 0.67187500 -0.64062500
v -0.23437500 0.73437500 -0.64062500
v -0.17187500 0.67187500 -0.64062500
v -0.17187500 0.73437500 -0.64062500
v -0.10937500 0.67187500 -0.64062500
v -0.10937500 0.73437500 -0.64062500
v -0.01562500 0.67187500 -0.64062500
v -0.01562500 0.73437500 -0.64062500
v -0.01562500 0.76562500 -0.64062500
v 0.01562500 0.57812500 -0.64062500
v 0.07812500 0.67187500 -0.64062500
v 0.07812500 0.73437500 -0.64062500
v 0.14062500 0.67187500 -0.64062500
v 0.14062500 0.73437500 -0.64062500
v 0.20312500 0.67187500 -0.64062500
v 0.20312500 0.73437500 -0.64062500
v 0.29687500 0.60937500 -0.64062500
v 0.29687500 0.67187500 -0.64062500
v 0.29687500 0.73437500 -0.64062500
v 0.35937500 0.67187500 -0.64062500
v 0.35937500 0.73437500 -0.64062500
v 0.42187500 0.67187500 -0.64062500
v 0.42187500 0.73437500 -0.64062500
v 0.48437500 0.67187500 -0.64062500
v 0.48437500 0.73437500 -0.64062500
v 0.51562500 0.70312500 -0.64062500
v -0.51562500 0.73437500 -0.60937500
v -0.51562500 0.76562500 -0.60937500
v -0.45312500 0.60937500 -0.60937500
v -0.45312500 0.76562500 -0.60937500
v -0.42187500 0.51562500 -0.60937500
v -0.42187500 0.60937500 -0.60937500
v -0.39062500 0.76562500 -0.60937500
v -0.35937500 0.51562500 -0.60937500
v -0.35937500 0.60937500 -0.60937500
v -0.32812500 0.57812500 -0.60937500
v -0.32812500 0.76562500 -0.60937500
v -0.29687500 0.60937500 -0.60937500
v -0.23437500 0.60937500 -0.60937500
v -0.23437500 0.76562500 -0.60937500
v -0.17187500 0.60937500 -0.60937500
v -0.17187500 0.76562500 -0.60937500
v -0.17187500 0.79687500 -0.60937500
v -0.10937500 0.57812500 -0.60937500
v -0.10937500 0.76562500 -0.60937500
v -0.10937500 0.79687500 -0.60937500
v -0.04687500 0.51562500 -0.60937500
v -0.04687500 0.57812500 -0.60937500
v -0.01562500 0.79687500 -0.60937500
v 0.01562500 0.45312500 -0.60937500
v 0.01562500 0.51562500 -0.60937500
v 0.04687500 0.51562500 -0.60937500
v 0.07812500 0.57812500 -0.60937500
v 0.07812500 0.76562500 -0.60937500
v 0.07812500 0.79687500 -0.60937500
v 0.14062500 0.60937500 -0.60937500
v 0.14062500 0.76562500 -0.60937500
v 0.14062500 0.79687500 -0.60937500
v 0.20312500 0.60937500 -0.60937500
v 0.20312500 0.76562500 -0.60937500
v 0.29687500 0.76562500 -0.60937500
v 0.35937500 0.51562500 -0.60937500
v 0.35937500 0.60937500 -0.60937500
v 0.35937500 0.76562500 -0.60937500
v 0.42187500 0.51562500 -0.60937500
v 0.42187500 0.60937500 -0.60937500
v 0.42187500 0.76562500 -0.60937500
v 0.45312500 0.60937500 -0.60937500
v 0.48437500 0.76562500 -0.60937500
v 0.51562500 0.73437500 -0.60937500
v -0.51562500 0.70312500 -0.57812500
v -0.51562500 0.76562500 -0.57812500
v -0.48437500 0.60937500 -0.57812500
v -0.45312500 0.45312500 -0.57812500
v -0.45312500 0.51562500 -0.57812500
v -0.45312500 0.79687500 -0.57812500
v -0.42187500 0.39062500 -0.57812500
v -0.42187500 0.45312500 -0.57812500
v -0.39062500 0.79687500 -0.57812500
v -0.35937500 0.39062500 -0.57812500
v -0.35937500 0.45312500 -0.57812500
v -0.35937500 0.51562500 -0.57812500
v -0.32812500 0.79687500 -0.57812500
v -0.29687500 0.57812500 -0.57812500
v -0.26562500 0.60937500 -0.57812500
v -0.23437500 0.79687500 -0.57812500
v -0.20312500 0.60937500 -0.57812500
v -0.14062500 0.60937500 -0.57812500
v -0.10937500 0.57812500 -0.57812500
v -0.10937500 0.82812500 -0.57812500
v -0.07812500 0.45312500 -0.57812500
v -0.07812500 0.51562500 -0.57812500
v -0.04687500 0.39062500 -0.57812500
v -0.04687500 0.45312500 -0.57812500
v -0.01562500 0.82812500 -0.57812500
v 0.01562500 0.39062500 -0.57812500
v 0.04687500 0.39062500 -0.57812500
v 0.04687500 0.45312500 -0.57812500
v 0.07812500 0.45312500 -0.57812500
v 0.07812500 0.51562500 -0.57812500
v 0.10937500 0.57812500 -0.57812500
v 0.14062500 0.60937500 -0.57812500
v 0.20312500 0.60937500 -0.57812500
v 0.20312500 0.79687500 -0.57812500
v 0.26562500 0.60937500 -0.57812500
v 0.29687500 0.57812500 -0.57812500
v 0.29687500 0.79687500 -0.57812500
v 0.35937500 0.39062500 -0.57812500
v 0.35937500 0.45312500 -0.57812500
v 0.35937500 0.51562500 -0.57812500
v 0.35937500 0.79687500 -0.57812500
v 0.42187500 0.39062500 -0.57812500
v 0.42187500 0.45312500 -0.57812500
v 0.42187500 0.79687500 -0.57812500
v 0.45312500 0.45312500 -0.57812500
v 0.45312500 0.51562500 -0.57812500
v 0.48437500 0.60937500 -0.57812500
v 0.48437500 0.79687500 -0.57812500
v 0.51562500 0.70312500 -0.57812500
v 0.51562500 0.76562500 -0.57812500
v -0.51562500 0.73437500 -0.54687500
v -0.48437500 0.45312500 -0.54687500
v -0.48437500 0.51562500 -0.54687500
v -0.48437500 0.60937500 -0.54687500
v -0.45312500 0.32812500 -0.54687500
v -0.45312500 0.39062500 -0.54687500
v -0.42187500 0.26562500 -0.54687500
v -0.42187500 0.32812500 -0.54687500
v -0.35937500 0.26562500 -0.54687500
v -0.35937500 0.32812500 -0.54687500
v -0.35937500 0.39062500 -0.54687500
v -0.32812500 0.35937500 -0.54687500
v -0.32812500 0.51562500 -0.54687500
v -0.29687500 0.26562500 -0.54687500
v -0.29687500 0.32812500 -0.54687500
v -0.26562500 0.60937500 -0.54687500
v -0.20312500 0.60937500 -0.54687500
v -0.14062500 0.60937500 -0.54687500
v -0.10937500 0.54687500 -0.54687500
v -0.07812500 0.32812500 -0.54687500
v -0.07812500 0.39062500 -0.54687500
v -0.07812500 0.51562500 -0.54687500
v -0.04687500 0.32812500 -0.54687500
v 0.01562500 0.32812500 -0.54687500
v 0.04687500 0.32812500 -0.54687500
v 0.07812500 0.32812500 -0.54687500
v 0.07812500 0.39062500 -0.54687500
v 0.07812500 0.51562500 -0.54687500
v 0.07812500 0.82812500 -0.54687500
v 0.10937500 0.54687500 -0.54687500
v 0.14062500 0.60937500 -0.54687500
v 0.26562500 0.57812500 -0.54687500
v 0.29687500 0.26562500 -0.54687500
v 0.29687500 0.32812500 -0.54687500
v 0.32812500 0.35937500 -0.54687500
v 0.32812500 0.54687500 -0.54687500
v 0.35937500 0.26562500 -0.54687500
v 0.35937500 0.32812500 -0.54687500
v 0.42187500 0.26562500 -0.54687500
v 0.42187500 0.32812500 -0.54687500
v 0.45312500 0.32812500 -0.54687500
v 0.45312500 0.39062500 -0.54687500
v 0.48437500 0.45312500 -0.54687500
v 0.48437500 0.51562500 -0.54687500
v 0.48437500 0.60937500 -0.54687500
v 0.51562500 0.73437500 -0.54687500
v -0.51562500 0.79687500 -0.51562500
v -0.48437500 0.45312500 -0.51562500
v -0.48437500 0.51562500 -0.51562500
v -0.45312500 0.26562500 -0.51562500
v -0.45312500 0.32812500 -0.51562500
v -0.45312500 0.39062500 -0.51562500
v -0.45312500 0.82812500 -0.51562500
v -0.42187500 0.20312500 -0.51562500
v -0.39062500 0.20312500 -0.51562500
v -0.39062500 0.82812500 -0.51562500
v -0.35937500 0.20312500 -0.51562500
v -0.32812500 0.39062500 -0.51562500
v -0.32812500 0.45312500 -0.51562500
v -0.32812500 0.82812500 -0.51562500
v -0.29687500 0.20312500 -0.51562500
v -0.29687500 0.35937500 -0.51562500
v -0.29687500 0.54687500 -0.51562500
v -0.26562500 0.23437500 -0.51562500
v -0.26562500 0.26562500 -0.51562500
v -0.26562500 0.32812500 -0.51562500
v -0.23437500 0.82812500 -0.51562500
v -0.20312500 0.23437500 -0.51562500
v -0.20312500 0.29687500 -0.51562500
v -0.20312500 0.32812500 -0.51562500
v -0.20312500 0.60937500 -0.51562500
v -0.14062500 0.23437500 -0.51562500
v -0.14062500 0.29687500 -0.51562500
v -0.14062500 0.32812500 -0.51562500
v -0.10937500 0.20312500 -0.51562500
v -0.10937500 0.26562500 -0.51562500
v -0.10937500 0.35937500 -0.51562500
v -0.10937500 0.82812500 -0.51562500
v -0.07812500 0.42187500 -0.51562500
v -0.07812500 0.45312500 -0.51562500
v -0.04687500 0.26562500 -0.51562500
v 0.01562500 0.26562500 -0.51562500
v 0.04687500 0.26562500 -0.51562500
v 0.07812500 0.42187500 -0.51562500
v 0.07812500 0.45312500 -0.51562500
v 0.10937500 0.20312500 -0.51562500
v 0.10937500 0.26562500 -0.51562500
v 0.10937500 0.35937500 -0.51562500
v 0.14062500 0.23437500 -0.51562500
v 0.14062500 0.29687500 -0.51562500
v 0.14062500 0.32812500 -0.51562500
v 0.20312500 0.23437500 -0.51562500
v 0.20312500 0.29687500 -0.51562500
v 0.20312500 0.32812500 -0.51562500
v 0.20312500 0.60937500 -0.51562500
v 0.20312500 0.82812500 -0.51562500
v 0.26562500 0.23437500 -0.51562500
v 0.26562500 0.26562500 -0.51562500
v 0.26562500 0.32812500 -0.51562500
v 0.29687500 0.20312500 -0.51562500
v 0.29687500 0.35937500 -0.51562500
v 0.29687500 0.82812500 -0.51562500
v 0.32812500 0.42187500 -0.51562500
v 0.32812500 0.48437500 -0.51562500
v 0.35937500 0.20312500 -0.51562500
v 0.35937500 0.82812500 -0.51562500
v 0.39062500 0.20312500 -0.51562500
v 0.42187500 0.20312500 -0.51562500
v 0.42187500 0.82812500 -0.51562500
v 0.45312500 0.26562500 -0.51562500
v 0.45312500 0.32812500 -0.51562500
v 0.45312500 0.39062500 -0.51562500
v 0.48437500 0.45312500 -0.51562500
v 0.48437500 0.51562500 -0.51562500
v 0.48437500 0.79687500 -0.51562500
v -0.51562500 0.76562500 -0.48437500
v -0.48437500 0.51562500 -0.48437500
v -0.48437500 0.60937500 -0.48437500
v -0.48437500 0.67187500 -0.48437500
v -0.45312500 0.20312500 -0.48437500
v -0.45312500 0.26562500 -0.48437500
v -0.45312500 0.32812500 -0.48437500
v -0.42187500 0.14062500 -0.48437500
v -0.39062500 0.14062500 -0.48437500
v -0.35937500 0.14062500 -0.48437500
v -0.29687500 0.14062500 -0.48437500
v -0.29687500 0.45312500 -0.48437500
v -0.29687500 0.51562500 -0.48437500
v -0.26562500 0.20312500 -0.48437500
v -0.26562500 0.32812500 -0.48437500
v -0.26562500 0.54687500 -0.48437500
v -0.23437500 0.20312500 -0.48437500
v -0.23437500 0.57812500 -0.48437500
v -0.14062500 0.23437500 -0.48437500
v -0.14062500 0.57812500 -0.48437500
v -0.10937500 0.07812500 -0.48437500
v -0.10937500 0.17187500 -0.48437500
v -0.10937500 0.20312500 -0.48437500
v -0.10937500 0.54687500 -0.48437500
v -0.07812500 0.45312500 -0.48437500
v -0.07812500 0.51562500 -0.48437500
v -0.04687500 0.07812500 -0.48437500
v -0.04687500 0.17187500 -0.48437500
v 0.01562500 0.07812500 -0.48437500
v 0.01562500 0.17187500 -0.48437500
v 0.04687500 0.07812500 -0.48437500
v 0.04687500 0.17187500 -0.48437500
v 0.07812500 0.45312500 -0.48437500
v 0.07812500 0.51562500 -0.48437500
v 0.10937500 0.07812500 -0.48437500
v 0.10937500 0.17187500 -0.48437500
v 0.10937500 0.20312500 -0.48437500
v 0.10937500 0.54687500 -0.48437500
v 0.14062500 0.23437500 -0.48437500
v 0.14062500 0.32812500 -0.48437500
v 0.17187500 0.57812500 -0.48437500
v 0.23437500 0.20312500 -0.48437500
v 0.23437500 0.57812500 -0.48437500
v 0.26562500 0.20312500 -0.48437500
v 0.26562500 0.54687500 -0.48437500
v 0.29687500 0.14062500 -0.48437500
v 0.29687500 0.48437500 -0.48437500
v 0.29687500 0.51562500 -0.48437500
v 0.35937500 0.14062500 -0.48437500
v 0.39062500 0.14062500 -0.48437500
v 0.42187500 0.14062500 -0.48437500
v 0.45312500 0.20312500 -0.48437500
v 0.45312500 0.26562500 -0.48437500
v 0.45312500 0.32812500 -0.48437500
v 0.48437500 0.51562500 -0.48437500
v 0.48437500 0.60937500 -0.48437500
v 0.51562500 0.67187500 -0.48437500
v 0.51562500 0.76562500 -0.48437500
v -0.45312500 0.20312500 -0.45312500
v -0.45312500 0.26562500 -0.45312500
v -0.45312500 0.42187500 -0.45312500
v -0.45312500 0.45312500 -0.45312500
v -0.42187500 0.07812500 -0.45312500
v -0.42187500 0.14062500 -0.45312500
v -0.39062500 0.01562500 -0.45312500
v -0.39062500 0.07812500 -0.45312500
v -0.35937500 0.07812500 -0.45312500
v -0.32812500 -0.14062500 -0.45312500
v -0.32812500 -0.07812500 -0.45312500
v -0.32812500 -0.04687500 -0.45312500
v -0.32812500 0.01562500 -0.45312500
v -0.29687500 -0.14062500 -0.45312500
v -0.29687500 -0.07812500 -0.45312500
v -0.29687500 -0.04687500 -0.45312500
v -0.29687500 0.01562500 -0.45312500
v -0.29687500 0.07812500 -0.45312500
v -0.29687500 0.10937500 -0.45312500
v -0.29687500 0.17187500 -0.45312500
v -0.26562500 0.07812500 -0.45312500
v -0.26562500 0.20312500 -0.45312500
v -0.26562500 0.39062500 -0.45312500
v -0.26562500 0.51562500 -0.45312500
v -0.23437500 -0.14062500 -0.45312500
v -0.23437500 -0.07812500 -0.45312500
v -0.23437500 -0.04687500 -0.45312500
v -0.23437500 0.01562500 -0.45312500
v -0.23437500 0.04687500 -0.45312500
v -0.23437500 0.23437500 -0.45312500
v -0.23437500 0.35937500 -0.45312500
v -0.23437500 0.54687500 -0.45312500
v -0.20312500 0.32812500 -0.45312500
v -0.20312500 0.57812500 -0.45312500
v -0.17187500 -0.14062500 -0.45312500
v -0.17187500 -0.07812500 -0.45312500
v -0.17187500 -0.04687500 -0.45312500
v -0.17187500 0.01562500 -0.45312500
v -0.17187500 0.04687500 -0.45312500
v -0.17187500 0.23437500 -0.45312500
v -0.14062500 -0.17187500 -0.45312500
v -0.14062500 0.20312500 -0.45312500
v -0.14062500 0.32812500 -0.45312500
v -0.14062500 0.54687500 -0.45312500
v -0.10937500 -0.17187500 -0.45312500
v -0.10937500 -0.14062500 -0.45312500
v -0.10937500 -0.07812500 -0.45312500
v -0.10937500 -0.04687500 -0.45312500
v -0.10937500 0.01562500 -0.45312500
v -0.10937500 0.07812500 -0.45312500
v -0.10937500 0.10937500 -0.45312500
v -0.10937500 0.17187500 -0.45312500
v -0.10937500 0.35937500 -0.45312500
v -0.10937500 0.51562500 -0.45312500
v -0.07812500 -0.07812500 -0.45312500
v -0.07812500 0.42187500 -0.45312500
v -0.04687500 -0.04687500 -0.45312500
v -0.04687500 0.01562500 -0.45312500
v 0.01562500 -0.04687500 -0.45312500
v 0.01562500 0.01562500 -0.45312500
v 0.04687500 -0.04687500 -0.45312500
v 0.04687500 0.01562500 -0.45312500
v 0.07812500 -0.07812500 -0.45312500
v 0.07812500 0.42187500 -0.45312500
v 0.10937500 -0.17187500 -0.45312500
v 0.10937500 -0.14062500 -0.45312500
v 0.10937500 -0.07812500 -0.45312500
v 0.10937500 -0.04687500 -0.45312500
v 0.10937500 0.01562500 -0.45312500
v 0.10937500 0.07812500 -0.45312500
v 0.10937500 0.10937500 -0.45312500
v 0.10937500 0.17187500 -0.45312500
v 0.10937500 0.35937500 -0.45312500
v 0.10937500 0.51562500 -0.45312500
v 0.14062500 -0.17187500 -0.45312500
v 0.14062500 0.20312500 -0.45312500
v 0.14062500 0.32812500 -0.45312500
v 0.14062500 0.54687500 -0.45312500
v 0.17187500 -0.14062500 -0.45312500
v 0.17187500 -0.07812500 -0.45312500
v 0.17187500 -0.04687500 -0.45312500
v 0.17187500 0.01562500 -0.45312500
v 0.17187500 0.04687500 -0.45312500
v 0.17187500 0.23437500 -0.45312500
v 0.17187500 0.57812500 -0.45312500
v 0.20312500 0.32812500 -0.45312500
v 0.23437500 -0.14062500 -0.45312500
v 0.23437500 -0.07812500 -0.45312500
v 0.23437500 -0.04687500 -0.45312500
v 0.23437500 0.01562500 -0.45312500
v 0.23437500 0.04687500 -0.45312500
v 0.23437500 0.23437500 -0.45312500
v 0.23437500 0.35937500 -0.45312500
v 0.23437500 0.54687500 -0.45312500
v 0.26562500 0.07812500 -0.45312500
v 0.26562500 0.20312500 -0.45312500
v 0.26562500 0.39062500 -0.45312500
v 0.26562500 0.42187500 -0.45312500
v 0.26562500 0.51562500 -0.45312500
v 0.29687500 -0.14062500 -0.45312500
v 0.29687500 -0.07812500 -0.45312500
v 0.29687500 -0.04687500 -0.45312500
v 0.29687500 0.01562500 -0.45312500
v 0.29687500 0.07812500 -0.45312500
v 0.29687500 0.10937500 -0.45312500
v 0.29687500 0.17187500 -0.45312500
v 0.32812500 -0.14062500 -0.45312500
v 0.32812500 -0.07812500 -0.45312500
v 0.32812500 -0.04687500 -0.45312500
v 0.32812500 0.01562500 -0.45312500
v 0.35937500 0.07812500 -0.45312500
v 0.39062500 0.01562500 -0.45312500
v 0.39062500 0.07812500 -0.45312500
v 0.42187500 0.07812500 -0.45312500
v 0.42187500 0.14062500 -0.45312500
v 0.45312500 0.20312500 -0.45312500
v 0.45312500 0.26562500 -0.45312500
v 0.45312500 0.42187500 -0.45312500
v 0.45312500 0.45312500 -0.45312500
v -0.51562500 0.79687500 -0.42187500
v -0.48437500 0.60937500 -0.42187500
v -0.48437500 0.70312500 -0.42187500
v -0.48437500 0.82812500 -0.42187500
v -0.45312500 0.29687500 -0.42187500
v -0.45312500 0.32812500 -0.42187500
v -0.45312500 0.45312500 -0.42187500
v -0.45312500 0.51562500 -0.42187500
v -0.45312500 0.54687500 -0.42187500
v -0.45312500 0.82812500 -0.42187500
v -0.42187500 -0.14062500 -0.42187500
v -0.42187500 -0.07812500 -0.42187500
v -0.42187500 -0.04687500 -0.42187500
v -0.42187500 0.01562500 -0.42187500
v -0.42187500 0.07812500 -0.42187500
v -0.42187500 0.14062500 -0.42187500
v -0.42187500 0.51562500 -0.42187500
v -0.39062500 -0.23437500 -0.42187500
v -0.39062500 -0.17187500 -0.42187500
v -0.39062500 -0.14062500 -0.42187500
v -0.39062500 -0.07812500 -0.42187500
v -0.39062500 -0.04687500 -0.42187500
v -0.39062500 0.82812500 -0.42187500
v -0.32812500 -0.23437500 -0.42187500
v -0.32812500 -0.17187500 -0.42187500
v -0.32812500 0.82812500 -0.42187500
v -0.29687500 -0.17187500 -0.42187500
v -0.23437500 -0.17187500 -0.42187500
v -0.23437500 0.42187500 -0.42187500
v -0.23437500 0.45312500 -0.42187500
v -0.23437500 0.51562500 -0.42187500
v -0.23437500 0.82812500 -0.42187500
v -0.20312500 0.35937500 -0.42187500
v -0.20312500 0.54687500 -0.42187500
v -0.17187500 -0.17187500 -0.42187500
v -0.14062500 -0.20312500 -0.42187500
v -0.14062500 0.35937500 -0.42187500
v -0.14062500 0.51562500 -0.42187500
v -0.14062500 0.54687500 -0.42187500
v -0.10937500 -0.20312500 -0.42187500
v -0.10937500 0.35937500 -0.42187500
v -0.10937500 0.42187500 -0.42187500
v -0.10937500 0.45312500 -0.42187500
v -0.10937500 0.82812500 -0.42187500
v -0.07812500 -0.23437500 -0.42187500
v -0.07812500 -0.17187500 -0.42187500
v -0.07812500 -0.14062500 -0.42187500
v -0.04687500 -0.51562500 -0.42187500
v -0.04687500 -0.48437500 -0.42187500
v -0.04687500 -0.45312500 -0.42187500
v -0.04687500 -0.42187500 -0.42187500
v -0.04687500 -0.35937500 -0.42187500
v -0.04687500 -0.29687500 -0.42187500
v -0.04687500 -0.23437500 -0.42187500
v 0.01562500 -0.51562500 -0.42187500
v 0.01562500 -0.48437500 -0.42187500
v 0.01562500 -0.45312500 -0.42187500
v 0.01562500 -0.42187500 -0.42187500
v 0.01562500 -0.35937500 -0.42187500
v 0.01562500 -0.29687500 -0.42187500
v 0.01562500 -0.23437500 -0.42187500
v 0.04687500 -0.51562500 -0.42187500
v 0.04687500 -0.48437500 -0.42187500
v 0.04687500 -0.42187500 -0.42187500
v 0.04687500 -0.35937500 -0.42187500
v 0.04687500 -0.29687500 -0.42187500
v 0.04687500 -0.23437500 -0.42187500
v 0.07812500 -0.23437500 -0.42187500
v 0.07812500 -0.17187500 -0.42187500
v 0.07812500 -0.14062500 -0.42187500
v 0.10937500 -0.20312500 -0.42187500
v 0.10937500 0.42187500 -0.42187500
v 0.10937500 0.45312500 -0.42187500
v 0.14062500 -0.20312500 -0.42187500
v 0.14062500 0.35937500 -0.42187500
v 0.14062500 0.51562500 -0.42187500
v 0.14062500 0.54687500 -0.42187500
v 0.17187500 -0.17187500 -0.42187500
v 0.17187500 0.35937500 -0.42187500
v 0.20312500 0.39062500 -0.42187500
v 0.20312500 0.54687500 -0.42187500
v 0.20312500 0.85937500 -0.42187500
v 0.23437500 -0.17187500 -0.42187500
v 0.23437500 0.42187500 -0.42187500
v 0.23437500 0.48437500 -0.42187500
v 0.23437500 0.51562500 -0.42187500
v 0.29687500 -0.17187500 -0.42187500
v 0.29687500 0.85937500 -0.42187500
v 0.32812500 -0.23437500 -0.42187500
v 0.32812500 -0.17187500 -0.42187500
v 0.35937500 0.85937500 -0.42187500
v 0.39062500 -0.23437500 -0.42187500
v 0.39062500 -0.17187500 -0.42187500
v 0.39062500 -0.14062500 -0.42187500
v 0.39062500 -0.07812500 -0.42187500
v 0.39062500 -0.04687500 -0.42187500
v 0.42187500 -0.14062500 -0.42187500
v 0.42187500 -0.07812500 -0.42187500
v 0.42187500 -0.04687500 -0.42187500
v 0.42187500 0.01562500 -0.42187500
v 0.42187500 0.07812500 -0.42187500
v 0.42187500 0.14062500 -0.42187500
v 0.42187500 0.51562500 -0.42187500
v 0.45312500 0.29687500 -0.42187500
v 0.45312500 0.32812500 -0.42187500
v 0.45312500 0.45312500 -0.42187500
v 0.45312500 0.51562500 -0.42187500
v 0.45312500 0.57812500 -0.42187500
v 0.45312500 0.85937500 -0.42187500
v 0.48437500 0.60937500 -0.42187500
v 0.48437500 0.82812500 -0.42187500
v 0.51562500 0.70312500 -0.42187500
v -0.45312500 0.20312500 -0.39062500
v -0.45312500 0.35937500 -0.39062500
v -0.45312500 0.42187500 -0.39062500
v -0.42187500 -0.29687500 -0.39062500
v -0.42187500 -0.23437500 -0.39062500
v -0.42187500 -0.04687500 -0.39062500
v -0.42187500 0.01562500 -0.39062500
v -0.42187500 0.07812500 -0.39062500
v -0.42187500 0.14062500 -0.39062500
v -0.42187500 0.42187500 -0.39062500
v -0.42187500 0.45312500 -0.39062500
v -0.42187500 0.54687500 -0.39062500
v -0.39062500 -0.35937500 -0.39062500
v -0.39062500 -0.29687500 -0.39062500
v -0.39062500 0.51562500 -0.39062500
v -0.35937500 -0.57812500 -0.39062500
v -0.35937500 -0.51562500 -0.39062500
v -0.35937500 -0.48437500 -0.39062500
v -0.35937500 -0.42187500 -0.39062500
v -0.35937500 -0.35937500 -0.39062500
v -0.35937500 -0.29687500 -0.39062500
v -0.35937500 0.45312500 -0.39062500
v -0.35937500 0.54687500 -0.39062500
v -0.32812500 -0.57812500 -0.39062500
v -0.32812500 -0.51562500 -0.39062500
v -0.32812500 -0.45312500 -0.39062500
v -0.32812500 -0.42187500 -0.39062500
v -0.32812500 -0.29687500 -0.39062500
v -0.32812500 -0.23437500 -0.39062500
v -0.29687500 -0.57812500 -0.39062500
v -0.29687500 -0.51562500 -0.39062500
v -0.29687500 -0.48437500 -0.39062500
v -0.29687500 0.10937500 -0.39062500
v -0.29687500 0.17187500 -0.39062500
v -0.26562500 -0.57812500 -0.39062500
v -0.26562500 -0.51562500 -0.39062500
v -0.26562500 -0.20312500 -0.39062500
v -0.26562500 0.07812500 -0.39062500
v -0.26562500 0.20312500 -0.39062500
v -0.23437500 -0.17187500 -0.39062500
v -0.23437500 0.04687500 -0.39062500
v -0.23437500 0.23437500 -0.39062500
v -0.20312500 -0.57812500 -0.39062500
v -0.20312500 -0.51562500 -0.39062500
v -0.20312500 0.39062500 -0.39062500
v -0.20312500 0.45312500 -0.39062500
v -0.20312500 0.51562500 -0.39062500
v -0.17187500 -0.57812500 -0.39062500
v -0.17187500 -0.51562500 -0.39062500
v -0.17187500 -0.20312500 -0.39062500
v -0.17187500 0.04687500 -0.39062500
v -0.17187500 0.23437500 -0.39062500
v -0.14062500 0.07812500 -0.39062500
v -0.14062500 0.20312500 -0.39062500
v -0.14062500 0.42187500 -0.39062500
v -0.14062500 0.45312500 -0.39062500
v -0.10937500 -0.57812500 -0.39062500
v -0.10937500 -0.51562500 -0.39062500
v -0.10937500 -0.48437500 -0.39062500
v -0.10937500 -0.23437500 -0.39062500
v -0.10937500 0.10937500 -0.39062500
v -0.10937500 0.17187500 -0.39062500
v -0.07812500 -0.45312500 -0.39062500
v -0.07812500 -0.29687500 -0.39062500
v -0.04687500 -0.57812500 -0.39062500
v -0.04687500 -0.20312500 -0.39062500
v -0.04687500 -0.17187500 -0.39062500
v -0.04687500 -0.14062500 -0.39062500
v -0.04687500 -0.10937500 -0.39062500
v -0.04687500 -0.07812500 -0.39062500
v 0.01562500 -0.57812500 -0.39062500
v 0.01562500 -0.20312500 -0.39062500
v 0.01562500 -0.07812500 -0.39062500
v 0.01562500 -0.04687500 -0.39062500
v 0.04687500 -0.57812500 -0.39062500
v 0.04687500 -0.17187500 -0.39062500
v 0.04687500 -0.14062500 -0.39062500
v 0.04687500 -0.10937500 -0.39062500
v 0.04687500 -0.07812500 -0.39062500
v 0.07812500 -0.45312500 -0.39062500
v 0.07812500 -0.29687500 -0.39062500
v 0.10937500 -0.57812500 -0.39062500
v 0.10937500 -0.51562500 -0.39062500
v 0.10937500 -0.48437500 -0.39062500
v 0.10937500 -0.23437500 -0.39062500
v 0.10937500 0.10937500 -0.39062500
v 0.10937500 0.17187500 -0.39062500
v 0.14062500 0.07812500 -0.39062500
v 0.14062500 0.20312500 -0.39062500
v 0.14062500 0.45312500 -0.39062500
v 0.17187500 -0.57812500 -0.39062500
v 0.17187500 -0.51562500 -0.39062500
v 0.17187500 -0.20312500 -0.39062500
v 0.17187500 0.04687500 -0.39062500
v 0.17187500 0.23437500 -0.39062500
v 0.17187500 0.42187500 -0.39062500
v 0.20312500 -0.57812500 -0.39062500
v 0.20312500 -0.51562500 -0.39062500
v 0.20312500 0.45312500 -0.39062500
v 0.20312500 0.51562500 -0.39062500
v 0.23437500 -0.17187500 -0.39062500
v 0.23437500 0.04687500 -0.39062500
v 0.23437500 0.23437500 -0.39062500
v 0.26562500 -0.57812500 -0.39062500
v 0.26562500 -0.51562500 -0.39062500
v 0.26562500 -0.20312500 -0.39062500
v 0.26562500 0.07812500 -0.39062500
v 0.26562500 0.20312500 -0.39062500
v 0.29687500 -0.57812500 -0.39062500
v 0.29687500 -0.51562500 -0.39062500
v 0.29687500 -0.48437500 -0.39062500
v 0.29687500 0.10937500 -0.39062500
v 0.29687500 0.17187500 -0.39062500
v 0.32812500 -0.57812500 -0.39062500
v 0.32812500 -0.51562500 -0.39062500
v 0.32812500 -0.45312500 -0.39062500
v 0.32812500 -0.42187500 -0.39062500
v 0.32812500 -0.29687500 -0.39062500
v 0.32812500 -0.23437500 -0.39062500
v 0.35937500 -0.57812500 -0.39062500
v 0.35937500 -0.51562500 -0.39062500
v 0.35937500 -0.48437500 -0.39062500
v 0.35937500 -0.42187500 -0.39062500
v 0.35937500 -0.35937500 -0.39062500
v 0.35937500 -0.29687500 -0.39062500
v 0.35937500 0.45312500 -0.39062500
v 0.35937500 0.54687500 -0.39062500
v 0.39062500 -0.35937500 -0.39062500
v 0.39062500 -0.29687500 -0.39062500
v 0.39062500 0.48437500 -0.39062500
v 0.39062500 0.51562500 -0.39062500
v 0.42187500 -0.29687500 -0.39062500
v 0.42187500 -0.23437500 -0.39062500
v 0.42187500 -0.04687500 -0.39062500
v 0.42187500 0.01562500 -0.39062500
v 0.42187500 0.07812500 -0.39062500
v 0.42187500 0.14062500 -0.39062500
v 0.42187500 0.42187500 -0.39062500
v 0.42187500 0.45312500 -0.39062500
v 0.42187500 0.54687500 -0.39062500
v 0.45312500 0.20312500 -0.39062500
v 0.45312500 0.35937500 -0.39062500
v 0.45312500 0.42187500 -0.39062500
v 0.51562500 0.79687500 -0.39062500
v -0.48437500 0.64062500 -0.35937500
v -0.48437500 0.82812500 -0.35937500
v -0.45312500 -0.29687500 -0.35937500
v -0.45312500 -0.23437500 -0.35937500
v -0.45312500 -0.17187500 -0.35937500
v -0.45312500 -0.14062500 -0.35937500
v -0.45312500 -0.07812500 -0.35937500
v -0.45312500 0.32812500 -0.35937500
v -0.45312500 0.85937500 -0.35937500
v -0.42187500 -0.48437500 -0.35937500
v -0.42187500 -0.42187500 -0.35937500
v -0.42187500 -0.35937500 -0.35937500
v -0.42187500 0.35937500 -0.35937500
v -0.42187500 0.57812500 -0.35937500
v -0.42187500 0.85937500 -0.35937500
v -0.39062500 -0.60937500 -0.35937500
v -0.39062500 -0.57812500 -0.35937500
v -0.39062500 -0.51562500 -0.35937500
v -0.39062500 -0.48437500 -0.35937500
v -0.39062500 -0.42187500 -0.35937500
v -0.35937500 -0.60937500 -0.35937500
v -0.35937500 0.39062500 -0.35937500
v -0.35937500 0.45312500 -0.35937500
v -0.35937500 0.51562500 -0.35937500
v -0.32812500 -0.60937500 -0.35937500
v -0.32812500 -0.35937500 -0.35937500
v -0.32812500 0.85937500 -0.35937500
v -0.29687500 -0.45312500 -0.35937500
v -0.29687500 -0.23437500 -0.35937500
v -0.26562500 -0.60937500 -0.35937500
v -0.26562500 -0.48437500 -0.35937500
v -0.26562500 -0.20312500 -0.35937500
v -0.26562500 0.07812500 -0.35937500
v -0.26562500 0.10937500 -0.35937500
v -0.26562500 0.14062500 -0.35937500
v -0.26562500 0.17187500 -0.35937500
v -0.23437500 -0.20312500 -0.35937500
v -0.23437500 0.04687500 -0.35937500
v -0.23437500 0.20312500 -0.35937500
v -0.23437500 0.85937500 -0.35937500
v -0.20312500 -0.60937500 -0.35937500
v -0.20312500 -0.48437500 -0.35937500
v -0.20312500 0.04687500 -0.35937500
v -0.17187500 -0.60937500 -0.35937500
v -0.17187500 -0.48437500 -0.35937500
v -0.17187500 -0.20312500 -0.35937500
v -0.17187500 0.20312500 -0.35937500
v -0.14062500 -0.42187500 -0.35937500
v -0.14062500 -0.23437500 -0.35937500
v -0.14062500 0.07812500 -0.35937500
v -0.14062500 0.10937500 -0.35937500
v -0.14062500 0.14062500 -0.35937500
v -0.10937500 -0.60937500 -0.35937500
v -0.10937500 -0.45312500 -0.35937500
v -0.10937500 -0.29687500 -0.35937500
v -0.07812500 -0.42187500 -0.35937500
v -0.07812500 -0.35937500 -0.35937500
v -0.04687500 -0.60937500 -0.35937500
v -0.04687500 -0.17187500 -0.35937500
v -0.04687500 -0.14062500 -0.35937500
v -0.04687500 -0.10937500 -0.35937500
v 0.01562500 -0.60937500 -0.35937500
v 0.01562500 -0.17187500 -0.35937500
v 0.01562500 -0.10937500 -0.35937500
v 0.04687500 -0.60937500 -0.35937500
v 0.04687500 -0.17187500 -0.35937500
v 0.04687500 -0.14062500 -0.35937500
v 0.04687500 -0.10937500 -0.35937500
v 0.07812500 -0.42187500 -0.35937500
v 0.07812500 -0.35937500 -0.35937500
v 0.10937500 -0.60937500 -0.35937500
v 0.10937500 -0.45312500 -0.35937500
v 0.10937500 -0.29687500 -0.35937500
v 0.14062500 -0.42187500 -0.35937500
v 0.14062500 -0.23437500 -0.35937500
v 0.14062500 0.07812500 -0.35937500
v 0.14062500 0.10937500 -0.35937500
v 0.14062500 0.14062500 -0.35937500
v 0.14062500 0.17187500 -0.35937500
v 0.17187500 -0.60937500 -0.35937500
v 0.17187500 -0.48437500 -0.35937500
v 0.17187500 -0.20312500 -0.35937500
v 0.17187500 0.20312500 -0.35937500
v 0.20312500 -0.60937500 -0.35937500
v 0.20312500 -0.48437500 -0.35937500
v 0.20312500 0.04687500 -0.35937500
v 0.23437500 -0.20312500 -0.35937500
v 0.23437500 0.04687500 -0.35937500
v 0.23437500 0.20312500 -0.35937500
v 0.26562500 -0.60937500 -0.35937500
v 0.26562500 -0.48437500 -0.35937500
v 0.26562500 -0.20312500 -0.35937500
v 0.26562500 0.07812500 -0.35937500
v 0.26562500 0.10937500 -0.35937500
v 0.26562500 0.14062500 -0.35937500
v 0.26562500 0.17187500 -0.35937500
v 0.29687500 -0.45312500 -0.35937500
v 0.29687500 -0.23437500 -0.35937500
v 0.32812500 -0.60937500 -0.35937500
v 0.32812500 -0.35937500 -0.35937500
v 0.32812500 0.45312500 -0.35937500
v 0.35937500 -0.60937500 -0.35937500
v 0.35937500 0.42187500 -0.35937500
v 0.35937500 0.48437500 -0.35937500
v 0.35937500 0.51562500 -0.35937500
v 0.39062500 -0.60937500 -0.35937500
v 0.39062500 -0.57812500 -0.35937500
v 0.39062500 -0.51562500 -0.35937500
v 0.39062500 -0.48437500 -0.35937500
v 0.39062500 -0.42187500 -0.35937500
v 0.42187500 -0.48437500 -0.35937500
v 0.42187500 -0.42187500 -0.35937500
v 0.42187500 -0.35937500 -0.35937500
v 0.42187500 0.35937500 -0.35937500
v 0.45312500 -0.29687500 -0.35937500
v 0.45312500 -0.23437500 -0.35937500
v 0.45312500 -0.17187500 -0.35937500
v 0.45312500 -0.14062500 -0.35937500
v 0.45312500 -0.07812500 -0.35937500
v 0.45312500 0.32812500 -0.35937500
v 0.48437500 0.64062500 -0.35937500
v 0.51562500 0.73437500 -0.35937500
v -0.51562500 0.79687500 -0.32812500
v -0.48437500 0.73437500 -0.32812500
v -0.45312500 -0.35937500 -0.32812500
v -0.45312500 -0.29687500 -0.32812500
v -0.45312500 -0.23437500 -0.32812500
v -0.45312500 -0.14062500 -0.32812500
v -0.45312500 -0.07812500 -0.32812500
v -0.45312500 -0.04687500 -0.32812500
v -0.45312500 0.29687500 -0.32812500
v -0.42187500 -0.54687500 -0.32812500
v -0.42187500 -0.48437500 -0.32812500
v -0.42187500 -0.42187500 -0.32812500
v -0.42187500 0.01562500 -0.32812500
v -0.42187500 0.07812500 -0.32812500
v -0.42187500 0.14062500 -0.32812500
v -0.42187500 0.20312500 -0.32812500
v -0.42187500 0.32812500 -0.32812500
v -0.39062500 -0.60937500 -0.32812500
v -0.35937500 -0.60937500 -0.32812500
v -0.35937500 0.57812500 -0.32812500
v -0.32812500 -0.35937500 -0.32812500
v -0.32812500 -0.29687500 -0.32812500
v -0.32812500 0.42187500 -0.32812500
v -0.32812500 0.45312500 -0.32812500
v -0.32812500 0.51562500 -0.32812500
v -0.29687500 -0.42187500 -0.32812500
v -0.26562500 -0.60937500 -0.32812500
v -0.26562500 -0.45312500 -0.32812500
v -0.26562500 -0.42187500 -0.32812500
v -0.26562500 -0.35937500 -0.32812500
v -0.26562500 -0.29687500 -0.32812500
v -0.26562500 -0.23437500 -0.32812500
v -0.23437500 -0.45312500 -0.32812500
v -0.23437500 -0.42187500 -0.32812500
v -0.23437500 -0.35937500 -0.32812500
v -0.23437500 -0.29687500 -0.32812500
v -0.23437500 -0.23437500 -0.32812500
v -0.23437500 0.07812500 -0.32812500
v -0.23437500 0.17187500 -0.32812500
v -0.20312500 -0.60937500 -0.32812500
v -0.17187500 -0.60937500 -0.32812500
v -0.17187500 -0.45312500 -0.32812500
v -0.17187500 -0.42187500 -0.32812500
v -0.17187500 -0.35937500 -0.32812500
v -0.17187500 -0.29687500 -0.32812500
v -0.17187500 -0.23437500 -0.32812500
v -0.17187500 0.10937500 -0.32812500
v -0.17187500 0.14062500 -0.32812500
v -0.17187500 0.17187500 -0.32812500
v -0.14062500 -0.35937500 -0.32812500
v -0.14062500 -0.29687500 -0.32812500
v -0.10937500 -0.60937500 -0.32812500
v -0.10937500 0.85937500 -0.32812500
v -0.04687500 -0.60937500 -0.32812500
v -0.01562500 0.85937500 -0.32812500
v 0.01562500 -0.60937500 -0.32812500
v 0.10937500 -0.60937500 -0.32812500
v 0.10937500 0.85937500 -0.32812500
v 0.14062500 -0.35937500 -0.32812500
v 0.14062500 -0.29687500 -0.32812500
v 0.17187500 -0.60937500 -0.32812500
v 0.17187500 -0.45312500 -0.32812500
v 0.17187500 -0.42187500 -0.32812500
v 0.17187500 -0.35937500 -0.32812500
v 0.17187500 -0.29687500 -0.32812500
v 0.17187500 -0.23437500 -0.32812500
v 0.17187500 0.10937500 -0.32812500
v 0.17187500 0.14062500 -0.32812500
v 0.20312500 -0.60937500 -0.32812500
v 0.20312500 0.10937500 -0.32812500
v 0.20312500 0.14062500 -0.32812500
v 0.20312500 0.85937500 -0.32812500
v 0.23437500 -0.45312500 -0.32812500
v 0.23437500 -0.42187500 -0.32812500
v 0.23437500 -0.35937500 -0.32812500
v 0.23437500 -0.29687500 -0.32812500
v 0.23437500 -0.23437500 -0.32812500
v 0.23437500 0.07812500 -0.32812500
v 0.23437500 0.10937500 -0.32812500
v 0.23437500 0.14062500 -0.32812500
v 0.23437500 0.17187500 -0.32812500
v 0.26562500 -0.60937500 -0.32812500
v 0.26562500 -0.45312500 -0.32812500
v 0.26562500 -0.42187500 -0.32812500
v 0.26562500 -0.35937500 -0.32812500
v 0.26562500 -0.29687500 -0.32812500
v 0.26562500 -0.23437500 -0.32812500
v 0.29687500 -0.42187500 -0.32812500
v 0.29687500 0.89062500 -0.32812500
v 0.32812500 -0.35937500 -0.32812500
v 0.32812500 -0.29687500 -0.32812500
v 0.32812500 0.42187500 -0.32812500
v 0.32812500 0.48437500 -0.32812500
v 0.32812500 0.54687500 -0.32812500
v 0.35937500 -0.60937500 -0.32812500
v 0.35937500 0.39062500 -0.32812500
v 0.35937500 0.57812500 -0.32812500
v 0.39062500 -0.60937500 -0.32812500
v 0.39062500 0.89062500 -0.32812500
v 0.42187500 -0.54687500 -0.32812500
v 0.42187500 -0.48437500 -0.32812500
v 0.42187500 -0.42187500 -0.32812500
v 0.42187500 0.01562500 -0.32812500
v 0.42187500 0.07812500 -0.32812500
v 0.42187500 0.14062500 -0.32812500
v 0.42187500 0.20312500 -0.32812500
v 0.42187500 0.32812500 -0.32812500
v 0.42187500 0.60937500 -0.32812500
v 0.45312500 -0.35937500 -0.32812500
v 0.45312500 -0.29687500 -0.32812500
v 0.45312500 -0.23437500 -0.32812500
v 0.45312500 -0.14062500 -0.32812500
v 0.45312500 -0.07812500 -0.32812500
v 0.45312500 -0.04687500 -0.32812500
v 0.45312500 0.29687500 -0.32812500
v 0.45312500 0.85937500 -0.32812500
v 0.48437500 0.85937500 -0.32812500
v -0.48437500 0.67187500 -0.29687500
v -0.45312500 -0.42187500 -0.29687500
v -0.45312500 -0.35937500 -0.29687500
v -0.45312500 -0.29687500 -0.29687500
v -0.45312500 -0.23437500 -0.29687500
v -0.45312500 -0.17187500 -0.29687500
v -0.45312500 -0.14062500 -0.29687500
v -0.45312500 -0.07812500 -0.29687500
v -0.45312500 -0.04687500 -0.29687500
v -0.42187500 -0.57812500 -0.29687500
v -0.42187500 -0.54687500 -0.29687500
v -0.42187500 -0.48437500 -0.29687500
v -0.42187500 0.60937500 -0.29687500
v -0.39062500 -0.60937500 -0.29687500
v -0.35937500 -0.60937500 -0.29687500
v -0.35937500 0.35937500 -0.29687500
v -0.35937500 0.57812500 -0.29687500
v -0.32812500 -0.60937500 -0.29687500
v -0.32812500 0.42187500 -0.29687500
v -0.26562500 -0.60937500 -0.29687500
v -0.20312500 -0.60937500 -0.29687500
v -0.17187500 -0.60937500 -0.29687500
v -0.10937500 -0.60937500 -0.29687500
v -0.04687500 -0.60937500 -0.29687500
v 0.01562500 -0.60937500 -0.29687500
v 0.04687500 -0.60937500 -0.29687500
v 0.10937500 -0.60937500 -0.29687500
v 0.17187500 -0.60937500 -0.29687500
v 0.20312500 -0.60937500 -0.29687500
v 0.26562500 -0.60937500 -0.29687500
v 0.29687500 0.42187500 -0.29687500
v 0.32812500 -0.60937500 -0.29687500
v 0.32812500 0.39062500 -0.29687500
v 0.35937500 -0.60937500 -0.29687500
v 0.39062500 -0.60937500 -0.29687500
v 0.42187500 -0.57812500 -0.29687500
v 0.42187500 -0.54687500 -0.29687500
v 0.42187500 -0.48437500 -0.29687500
v 0.45312500 -0.42187500 -0.29687500
v 0.45312500 -0.35937500 -0.29687500
v 0.45312500 -0.29687500 -0.29687500
v 0.45312500 -0.23437500 -0.29687500
v 0.45312500 -0.17187500 -0.29687500
v 0.45312500 -0.14062500 -0.29687500
v 0.45312500 -0.07812500 -0.29687500
v 0.45312500 -0.04687500 -0.29687500
v 0.51562500 0.73437500 -0.29687500
v 0.51562500 0.82812500 -0.29687500
v -0.51562500 0.82812500 -0.26562500
v -0.48437500 0.73437500 -0.26562500
v -0.48437500 0.85937500 -0.26562500
v -0.45312500 -0.29687500 -0.26562500
v -0.45312500 -0.04687500 -0.26562500
v -0.45312500 0.85937500 -0.26562500
v -0.42187500 0.01562500 -0.26562500
v -0.42187500 0.07812500 -0.26562500
v -0.42187500 0.14062500 -0.26562500
v -0.42187500 0.23437500 -0.26562500
v -0.42187500 0.29687500 -0.26562500
v -0.42187500 0.32812500 -0.26562500
v -0.42187500 0.89062500 -0.26562500
v -0.39062500 0.35937500 -0.26562500
v -0.32812500 0.39062500 -0.26562500
v -0.32812500 0.89062500 -0.26562500
v -0.29687500 0.42187500 -0.26562500
v -0.29687500 0.48437500 -0.26562500
v -0.29687500 0.54687500 -0.26562500
v -0.23437500 0.85937500 -0.26562500
v 0.29687500 0.48437500 -0.26562500
v 0.29687500 0.54687500 -0.26562500
v 0.35937500 0.57812500 -0.26562500
v 0.39062500 0.35937500 -0.26562500
v 0.42187500 -0.04687500 -0.26562500
v 0.42187500 0.01562500 -0.26562500
v 0.42187500 0.07812500 -0.26562500
v 0.42187500 0.14062500 -0.26562500
v 0.42187500 0.23437500 -0.26562500
v 0.42187500 0.29687500 -0.26562500
v 0.42187500 0.32812500 -0.26562500
v 0.42187500 0.60937500 -0.26562500
v 0.45312500 -0.04687500 -0.26562500
v 0.48437500 0.67187500 -0.26562500
v -0.48437500 0.67187500 -0.23437500
v -0.45312500 -0.42187500 -0.23437500
v -0.45312500 -0.23437500 -0.23437500
v -0.45312500 -0.17187500 -0.23437500
v -0.45312500 -0.14062500 -0.23437500
v -0.45312500 -0.07812500 -0.23437500
v -0.42187500 -0.57812500 -0.23437500
v -0.42187500 -0.54687500 -0.23437500
v -0.42187500 -0.48437500 -0.23437500
v -0.42187500 -0.26562500 -0.23437500
v -0.42187500 -0.23437500 -0.23437500
v -0.42187500 -0.04687500 -0.23437500
v -0.42187500 0.60937500 -0.23437500
v -0.39062500 -0.60937500 -0.23437500
v -0.39062500 -0.26562500 -0.23437500
v -0.39062500 -0.23437500 -0.23437500
v -0.39062500 -0.20312500 -0.23437500
v -0.39062500 0.35937500 -0.23437500
v -0.35937500 -0.60937500 -0.23437500
v -0.35937500 -0.26562500 -0.23437500
v -0.35937500 -0.23437500 -0.23437500
v -0.35937500 0.57812500 -0.23437500
v -0.32812500 -0.60937500 -0.23437500
v -0.32812500 0.39062500 -0.23437500
v -0.32812500 0.54687500 -0.23437500
v -0.29687500 0.42187500 -0.23437500
v -0.29687500 0.48437500 -0.23437500
v -0.26562500 -0.60937500 -0.23437500
v -0.20312500 -0.98437500 -0.23437500
v -0.20312500 -0.89062500 -0.23437500
v -0.20312500 -0.60937500 -0.23437500
v -0.17187500 -0.98437500 -0.23437500
v -0.17187500 -0.89062500 -0.23437500
v -0.17187500 -0.85937500 -0.23437500
v -0.14062500 -0.98437500 -0.23437500
v -0.14062500 -0.92187500 -0.23437500
v -0.14062500 -0.89062500 -0.23437500
v -0.14062500 -0.85937500 -0.23437500
v -0.14062500 -0.60937500 -0.23437500
v -0.10937500 -0.98437500 -0.23437500
v -0.10937500 -0.95312500 -0.23437500
v -0.10937500 -0.92187500 -0.23437500
v -0.10937500 -0.89062500 -0.23437500
v -0.10937500 -0.85937500 -0.23437500
v -0.10937500 -0.60937500 -0.23437500
v -0.10937500 0.89062500 -0.23437500
v -0.04687500 -0.60937500 -0.23437500
v -0.01562500 0.89062500 -0.23437500
v 0.01562500 -0.60937500 -0.23437500
v 0.04687500 -0.60937500 -0.23437500
v 0.10937500 -0.98437500 -0.23437500
v 0.10937500 -0.95312500 -0.23437500
v 0.10937500 -0.92187500 -0.23437500
v 0.10937500 -0.89062500 -0.23437500
v 0.10937500 -0.85937500 -0.23437500
v 0.10937500 -0.60937500 -0.23437500
v 0.10937500 0.89062500 -0.23437500
v 0.14062500 -0.98437500 -0.23437500
v 0.14062500 -0.92187500 -0.23437500
v 0.14062500 -0.89062500 -0.23437500
v 0.14062500 -0.85937500 -0.23437500
v 0.14062500 -0.82812500 -0.23437500
v 0.14062500 -0.60937500 -0.23437500
v 0.17187500 -0.98437500 -0.23437500
v 0.17187500 -0.89062500 -0.23437500
v 0.17187500 -0.85937500 -0.23437500
v 0.20312500 -0.98437500 -0.23437500
v 0.20312500 -0.89062500 -0.23437500
v 0.20312500 -0.60937500 -0.23437500
v 0.20312500 0.89062500 -0.23437500
v 0.26562500 -0.60937500 -0.23437500
v 0.29687500 0.42187500 -0.23437500
v 0.29687500 0.45312500 -0.23437500
v 0.29687500 0.89062500 -0.23437500
v 0.32812500 -0.60937500 -0.23437500
v 0.32812500 0.39062500 -0.23437500
v 0.35937500 -0.60937500 -0.23437500
v 0.35937500 -0.26562500 -0.23437500
v 0.35937500 -0.23437500 -0.23437500
v 0.39062500 -0.60937500 -0.23437500
v 0.39062500 -0.26562500 -0.23437500
v 0.39062500 -0.23437500 -0.23437500
v 0.39062500 0.35937500 -0.23437500
v 0.39062500 0.89062500 -0.23437500
v 0.42187500 -0.57812500 -0.23437500
v 0.42187500 -0.54687500 -0.23437500
v 0.42187500 -0.48437500 -0.23437500
v 0.42187500 -0.23437500 -0.23437500
v 0.42187500 -0.04687500 -0.23437500
v 0.45312500 -0.42187500 -0.23437500
v 0.45312500 -0.35937500 -0.23437500
v 0.45312500 -0.23437500 -0.23437500
v 0.45312500 -0.17187500 -0.23437500
v 0.45312500 -0.14062500 -0.23437500
v 0.45312500 -0.07812500 -0.23437500
v 0.45312500 0.89062500 -0.23437500
v 0.48437500 0.89062500 -0.23437500
v 0.51562500 0.82812500 -0.23437500
v -0.48437500 0.89062500 -0.20312500
v -0.45312500 0.89062500 -0.20312500
v -0.42187500 -0.32812500 -0.20312500
v -0.42187500 -0.17187500 -0.20312500
v -0.42187500 -0.14062500 -0.20312500
v -0.42187500 -0.07812500 -0.20312500
v -0.42187500 -0.04687500 -0.20312500
v -0.42187500 0.01562500 -0.20312500
v -0.42187500 0.07812500 -0.20312500
v -0.42187500 0.17187500 -0.20312500
v -0.42187500 0.29687500 -0.20312500
v -0.42187500 0.32812500 -0.20312500
v -0.42187500 0.89062500 -0.20312500
v -0.39062500 -0.17187500 -0.20312500
v -0.39062500 0.17187500 -0.20312500
v -0.35937500 -0.29687500 -0.20312500
v -0.35937500 -0.20312500 -0.20312500
v -0.32812500 -0.26562500 -0.20312500
v -0.32812500 -0.23437500 -0.20312500
v -0.32812500 0.39062500 -0.20312500
v -0.32812500 0.42187500 -0.20312500
v -0.32812500 0.89062500 -0.20312500
v -0.23437500 -0.98437500 -0.20312500
v -0.23437500 -0.95312500 -0.20312500
v -0.23437500 -0.92187500 -0.20312500
v -0.23437500 0.89062500 -0.20312500
v -0.20312500 -0.89062500 -0.20312500
v -0.20312500 -0.85937500 -0.20312500
v -0.17187500 -0.79687500 -0.20312500
v -0.14062500 -0.98437500 -0.20312500
v -0.14062500 -0.82812500 -0.20312500
v -0.14062500 -0.79687500 -0.20312500
v -0.14062500 -0.57812500 -0.20312500
v -0.10937500 -0.98437500 -0.20312500
v -0.10937500 -0.82812500 -0.20312500
v -0.10937500 -0.79687500 -0.20312500
v -0.10937500 -0.57812500 -0.20312500
v -0.07812500 -0.89062500 -0.20312500
v -0.07812500 -0.85937500 -0.20312500
v 0.01562500 -0.57812500 -0.20312500
v 0.07812500 -0.98437500 -0.20312500
v 0.07812500 -0.89062500 -0.20312500
v 0.07812500 -0.85937500 -0.20312500
v 0.10937500 -0.82812500 -0.20312500
v 0.10937500 -0.79687500 -0.20312500
v 0.10937500 -0.57812500 -0.20312500
v 0.14062500 -0.98437500 -0.20312500
v 0.14062500 -0.79687500 -0.20312500
v 0.14062500 -0.57812500 -0.20312500
v 0.17187500 -0.79687500 -0.20312500
v 0.20312500 -0.89062500 -0.20312500
v 0.20312500 -0.85937500 -0.20312500
v 0.20312500 -0.82812500 -0.20312500
v 0.23437500 -0.98437500 -0.20312500
v 0.23437500 -0.95312500 -0.20312500
v 0.23437500 -0.92187500 -0.20312500
v 0.29687500 0.48437500 -0.20312500
v 0.32812500 -0.26562500 -0.20312500
v 0.32812500 -0.23437500 -0.20312500
v 0.32812500 0.42187500 -0.20312500
v 0.32812500 0.54687500 -0.20312500
v 0.35937500 -0.29687500 -0.20312500
v 0.35937500 -0.20312500 -0.20312500
v 0.35937500 0.57812500 -0.20312500
v 0.39062500 -0.29687500 -0.20312500
v 0.39062500 -0.20312500 -0.20312500
v 0.39062500 -0.17187500 -0.20312500
v 0.39062500 0.17187500 -0.20312500
v 0.39062500 0.23437500 -0.20312500
v 0.42187500 -0.32812500 -0.20312500
v 0.42187500 -0.17187500 -0.20312500
v 0.42187500 -0.14062500 -0.20312500
v 0.42187500 -0.07812500 -0.20312500
v 0.42187500 -0.04687500 -0.20312500
v 0.42187500 0.01562500 -0.20312500
v 0.42187500 0.07812500 -0.20312500
v 0.42187500 0.17187500 -0.20312500
v 0.42187500 0.23437500 -0.20312500
v 0.42187500 0.29687500 -0.20312500
v 0.42187500 0.32812500 -0.20312500
v 0.42187500 0.60937500 -0.20312500
v 0.48437500 0.67187500 -0.20312500
v 0.51562500 0.76562500 -0.20312500
v -0.51562500 0.82812500 -0.17187500
v -0.45312500 0.60937500 -0.17187500
v -0.42187500 -0.57812500 -0.17187500
v -0.42187500 -0.54687500 -0.17187500
v -0.42187500 -0.48437500 -0.17187500
v -0.42187500 -0.42187500 -0.17187500
v -0.42187500 -0.35937500 -0.17187500
v -0.39062500 -0.60937500 -0.17187500
v -0.39062500 -0.29687500 -0.17187500
v -0.39062500 -0.14062500 -0.17187500
v -0.39062500 0.10937500 -0.17187500
v -0.39062500 0.35937500 -0.17187500
v -0.39062500 0.57812500 -0.17187500
v -0.35937500 -0.60937500 -0.17187500
v -0.35937500 -0.29687500 -0.17187500
v -0.35937500 -0.17187500 -0.17187500
v -0.35937500 0.17187500 -0.17187500
v -0.35937500 0.23437500 -0.17187500
v -0.35937500 0.35937500 -0.17187500
v -0.35937500 0.39062500 -0.17187500
v -0.35937500 0.51562500 -0.17187500
v -0.32812500 -0.60937500 -0.17187500
v -0.32812500 -0.26562500 -0.17187500
v -0.32812500 -0.23437500 -0.17187500
v -0.32812500 0.48437500 -0.17187500
v -0.26562500 -0.98437500 -0.17187500
v -0.26562500 -0.92187500 -0.17187500
v -0.26562500 -0.60937500 -0.17187500
v -0.23437500 -0.89062500 -0.17187500
v -0.20312500 -0.98437500 -0.17187500
v -0.20312500 -0.57812500 -0.17187500
v -0.14062500 -0.98437500 -0.17187500
v -0.10937500 -0.98437500 -0.17187500
v -0.10937500 0.89062500 -0.17187500
v -0.04687500 -0.98437500 -0.17187500
v -0.04687500 -0.89062500 -0.17187500
v -0.04687500 -0.57812500 -0.17187500
v -0.01562500 0.92187500 -0.17187500
v 0.01562500 -0.57812500 -0.17187500
v 0.04687500 -0.98437500 -0.17187500
v 0.04687500 -0.89062500 -0.17187500
v 0.10937500 -0.98437500 -0.17187500
v 0.14062500 -0.98437500 -0.17187500
v 0.14062500 -0.82812500 -0.17187500
v 0.20312500 -0.98437500 -0.17187500
v 0.20312500 -0.79687500 -0.17187500
v 0.20312500 -0.57812500 -0.17187500
v 0.23437500 -0.98437500 -0.17187500
v 0.23437500 -0.89062500 -0.17187500
v 0.26562500 -0.98437500 -0.17187500
v 0.26562500 -0.92187500 -0.17187500
v 0.26562500 -0.60937500 -0.17187500
v 0.32812500 -0.60937500 -0.17187500
v 0.32812500 -0.26562500 -0.17187500
v 0.32812500 -0.23437500 -0.17187500
v 0.32812500 0.42187500 -0.17187500
v 0.32812500 0.48437500 -0.17187500
v 0.35937500 -0.60937500 -0.17187500
v 0.35937500 -0.29687500 -0.17187500
v 0.35937500 -0.17187500 -0.17187500
v 0.35937500 0.17187500 -0.17187500
v 0.35937500 0.23437500 -0.17187500
v 0.35937500 0.35937500 -0.17187500
v 0.35937500 0.39062500 -0.17187500
v 0.35937500 0.51562500 -0.17187500
v 0.39062500 -0.60937500 -0.17187500
v 0.39062500 -0.29687500 -0.17187500
v 0.39062500 -0.14062500 -0.17187500
v 0.39062500 0.10937500 -0.17187500
v 0.39062500 0.35937500 -0.17187500
v 0.39062500 0.57812500 -0.17187500
v 0.42187500 -0.57812500 -0.17187500
v 0.42187500 -0.51562500 -0.17187500
v 0.42187500 -0.48437500 -0.17187500
v 0.42187500 -0.35937500 -0.17187500
v 0.42187500 -0.32812500 -0.17187500
v 0.42187500 -0.07812500 -0.17187500
v 0.42187500 0.29687500 -0.17187500
v 0.45312500 -0.42187500 -0.17187500
v 0.45312500 0.60937500 -0.17187500
v -0.76562500 -0.45312500 -0.14062500
v -0.76562500 -0.42187500 -0.14062500
v -0.73437500 -0.45312500 -0.14062500
v -0.73437500 -0.42187500 -0.14062500
v -0.73437500 -0.35937500 -0.14062500
v -0.51562500 0.76562500 -0.14062500
v -0.48437500 0.67187500 -0.14062500
v -0.48437500 0.89062500 -0.14062500
v -0.48437500 0.92187500 -0.14062500
v -0.42187500 -0.14062500 -0.14062500
v -0.42187500 -0.07812500 -0.14062500
v -0.42187500 -0.04687500 -0.14062500
v -0.42187500 0.01562500 -0.14062500
v -0.42187500 0.07812500 -0.14062500
v -0.42187500 0.32812500 -0.14062500
v -0.42187500 0.35937500 -0.14062500
v -0.42187500 0.39062500 -0.14062500
v -0.42187500 0.51562500 -0.14062500
v -0.42187500 0.92187500 -0.14062500
v -0.39062500 -0.26562500 -0.14062500
v -0.39062500 -0.17187500 -0.14062500
v -0.39062500 0.39062500 -0.14062500
v -0.39062500 0.51562500 -0.14062500
v -0.35937500 -0.26562500 -0.14062500
v -0.35937500 -0.23437500 -0.14062500
v -0.35937500 -0.20312500 -0.14062500
v -0.35937500 0.14062500 -0.14062500
v -0.35937500 0.45312500 -0.14062500
v -0.32812500 0.17187500 -0.14062500
v -0.32812500 0.23437500 -0.14062500
v -0.32812500 0.26562500 -0.14062500
v -0.32812500 0.92187500 -0.14062500
v -0.29687500 -0.98437500 -0.14062500
v -0.29687500 -0.92187500 -0.14062500
v -0.26562500 -0.98437500 -0.14062500
v -0.26562500 -0.89062500 -0.14062500
v -0.23437500 -0.98437500 -0.14062500
v -0.23437500 -0.85937500 -0.14062500
v -0.23437500 0.92187500 -0.14062500
v -0.20312500 -0.98437500 -0.14062500
v -0.20312500 -0.76562500 -0.14062500
v -0.14062500 -0.98437500 -0.14062500
v -0.10937500 -0.98437500 -0.14062500
v -0.10937500 -0.85937500 -0.14062500
v -0.10937500 0.92187500 -0.14062500
v -0.07812500 -0.98437500 -0.14062500
v -0.07812500 0.95312500 -0.14062500
v -0.04687500 -0.98437500 -0.14062500
v -0.04687500 -0.95312500 -0.14062500
v -0.04687500 -0.92187500 -0.14062500
v -0.04687500 -0.89062500 -0.14062500
v -0.04687500 -0.82812500 -0.14062500
v -0.04687500 -0.79687500 -0.14062500
v -0.04687500 0.95312500 -0.14062500
v 0.04687500 -0.98437500 -0.14062500
v 0.04687500 -0.95312500 -0.14062500
v 0.04687500 -0.92187500 -0.14062500
v 0.04687500 -0.89062500 -0.14062500
v 0.04687500 -0.79687500 -0.14062500
v 0.07812500 -0.98437500 -0.14062500
v 0.07812500 0.95312500 -0.14062500
v 0.10937500 -0.98437500 -0.14062500
v 0.10937500 -0.64062500 -0.14062500
v 0.14062500 -0.85937500 -0.14062500
v 0.14062500 -0.64062500 -0.14062500
v 0.17187500 -0.98437500 -0.14062500
v 0.20312500 -0.98437500 -0.14062500
v 0.20312500 -0.76562500 -0.14062500
v 0.20312500 0.92187500 -0.14062500
v 0.23437500 -0.79687500 -0.14062500
v 0.26562500 -0.98437500 -0.14062500
v 0.26562500 -0.89062500 -0.14062500
v 0.29687500 -0.98437500 -0.14062500
v 0.29687500 -0.92187500 -0.14062500
v 0.29687500 0.92187500 -0.14062500
v 0.32812500 0.17187500 -0.14062500
v 0.32812500 0.23437500 -0.14062500
v 0.32812500 0.26562500 -0.14062500
v 0.35937500 -0.26562500 -0.14062500
v 0.35937500 -0.23437500 -0.14062500
v 0.35937500 -0.20312500 -0.14062500
v 0.35937500 0.14062500 -0.14062500
v 0.35937500 0.45312500 -0.14062500
v 0.39062500 -0.26562500 -0.14062500
v 0.39062500 -0.23437500 -0.14062500
v 0.39062500 -0.17187500 -0.14062500
v 0.39062500 0.29687500 -0.14062500
v 0.39062500 0.35937500 -0.14062500
v 0.39062500 0.39062500 -0.14062500
v 0.39062500 0.51562500 -0.14062500
v 0.39062500 0.92187500 -0.14062500
v 0.42187500 -0.14062500 -0.14062500
v 0.42187500 -0.07812500 -0.14062500
v 0.42187500 -0.04687500 -0.14062500
v 0.42187500 0.01562500 -0.14062500
v 0.42187500 0.07812500 -0.14062500
v 0.42187500 0.32812500 -0.14062500
v 0.42187500 0.39062500 -0.14062500
v 0.42187500 0.51562500 -0.14062500
v 0.45312500 0.92187500 -0.14062500
v 0.48437500 0.67187500 -0.14062500
v 0.48437500 0.92187500 -0.14062500
v 0.51562500 0.76562500 -0.14062500
v 0.51562500 0.85937500 -0.14062500
v 0.73437500 -0.45312500 -0.14062500
v 0.73437500 -0.42187500 -0.14062500
v 0.73437500 -0.39062500 -0.14062500
v 0.76562500 -0.45312500 -0.14062500
v 0.76562500 -0.42187500 -0.14062500
v -0.76562500 -0.48437500 -0.10937500
v -0.76562500 -0.45312500 -0.10937500
v -0.76562500 -0.42187500 -0.10937500
v -0.76562500 -0.39062500 -0.10937500
v -0.73437500 -0.48437500 -0.10937500
v -0.73437500 -0.45312500 -0.10937500
v -0.70312500 -0.42187500 -0.10937500
v -0.70312500 -0.39062500 -0.10937500
v -0.70312500 -0.35937500 -0.10937500
v -0.70312500 -0.29687500 -0.10937500
v -0.67187500 -0.32812500 -0.10937500
v -0.67187500 -0.26562500 -0.10937500
v -0.64062500 -0.23437500 -0.10937500
v -0.60937500 -0.23437500 -0.10937500
v -0.48437500 0.57812500 -0.10937500
v -0.45312500 0.39062500 -0.10937500
v -0.45312500 0.45312500 -0.10937500
v -0.45312500 0.51562500 -0.10937500
v -0.42187500 -0.48437500 -0.10937500
v -0.42187500 -0.42187500 -0.10937500
v -0.42187500 -0.35937500 -0.10937500
v -0.42187500 -0.32812500 -0.10937500
v -0.42187500 -0.26562500 -0.10937500
v -0.42187500 -0.23437500 -0.10937500
v -0.42187500 -0.17187500 -0.10937500
v -0.42187500 -0.14062500 -0.10937500
v -0.42187500 -0.07812500 -0.10937500
v -0.42187500 -0.04687500 -0.10937500
v -0.42187500 0.01562500 -0.10937500
v -0.42187500 0.07812500 -0.10937500
v -0.42187500 0.35937500 -0.10937500
v -0.42187500 0.45312500 -0.10937500
v -0.39062500 -0.57812500 -0.10937500
v -0.39062500 -0.20312500 -0.10937500
v -0.39062500 0.10937500 -0.10937500
v -0.39062500 0.29687500 -0.10937500
v -0.35937500 -0.57812500 -0.10937500
v -0.32812500 -0.98437500 -0.10937500
v -0.32812500 -0.95312500 -0.10937500
v -0.32812500 -0.92187500 -0.10937500
v -0.32812500 -0.57812500 -0.10937500
v -0.32812500 0.14062500 -0.10937500
v -0.32812500 0.29687500 -0.10937500
v -0.29687500 -0.98437500 -0.10937500
v -0.29687500 -0.89062500 -0.10937500
v -0.29687500 0.17187500 -0.10937500
v -0.29687500 0.23437500 -0.10937500
v -0.26562500 -0.85937500 -0.10937500
v -0.26562500 -0.57812500 -0.10937500
v -0.23437500 -0.79687500 -0.10937500
v -0.20312500 -0.76562500 -0.10937500
v -0.17187500 -0.67187500 -0.10937500
v -0.14062500 -0.76562500 -0.10937500
v -0.07812500 -0.67187500 -0.10937500
v -0.04687500 0.26562500 -0.10937500
v -0.04687500 0.29687500 -0.10937500
v -0.04687500 0.32812500 -0.10937500
v 0.01562500 0.23437500 -0.10937500
v 0.01562500 0.26562500 -0.10937500
v 0.01562500 0.29687500 -0.10937500
v 0.01562500 0.32812500 -0.10937500
v 0.04687500 -0.82812500 -0.10937500
v 0.04687500 -0.76562500 -0.10937500
v 0.04687500 0.26562500 -0.10937500
v 0.07812500 -0.85937500 -0.10937500
v 0.07812500 -0.67187500 -0.10937500
v 0.07812500 0.95312500 -0.10937500
v 0.17187500 -0.67187500 -0.10937500
v 0.17187500 -0.57812500 -0.10937500
v 0.20312500 -0.76562500 -0.10937500
v 0.23437500 -0.79687500 -0.10937500
v 0.26562500 -0.85937500 -0.10937500
v 0.26562500 -0.57812500 -0.10937500
v 0.29687500 -0.98437500 -0.10937500
v 0.29687500 -0.89062500 -0.10937500
v 0.29687500 0.23437500 -0.10937500
v 0.32812500 -0.98437500 -0.10937500
v 0.32812500 -0.95312500 -0.10937500
v 0.32812500 -0.92187500 -0.10937500
v 0.32812500 -0.57812500 -0.10937500
v 0.32812500 0.14062500 -0.10937500
v 0.32812500 0.17187500 -0.10937500
v 0.32812500 0.29687500 -0.10937500
v 0.35937500 -0.57812500 -0.10937500
v 0.39062500 -0.57812500 -0.10937500
v 0.39062500 -0.20312500 -0.10937500
v 0.39062500 0.10937500 -0.10937500
v 0.39062500 0.29687500 -0.10937500
v 0.42187500 -0.57812500 -0.10937500
v 0.42187500 -0.51562500 -0.10937500
v 0.42187500 -0.45312500 -0.10937500
v 0.42187500 -0.32812500 -0.10937500
v 0.42187500 -0.26562500 -0.10937500
v 0.42187500 -0.23437500 -0.10937500
v 0.42187500 -0.17187500 -0.10937500
v 0.42187500 -0.14062500 -0.10937500
v 0.42187500 -0.07812500 -0.10937500
v 0.42187500 -0.04687500 -0.10937500
v 0.42187500 0.01562500 -0.10937500
v 0.42187500 0.07812500 -0.10937500
v 0.42187500 0.35937500 -0.10937500
v 0.42187500 0.45312500 -0.10937500
v 0.45312500 -0.42187500 -0.10937500
v 0.45312500 -0.35937500 -0.10937500
v 0.45312500 0.39062500 -0.10937500
v 0.45312500 0.45312500 -0.10937500
v 0.45312500 0.51562500 -0.10937500
v 0.48437500 0.57812500 -0.10937500
v 0.60937500 -0.26562500 -0.10937500
v 0.60937500 -0.23437500 -0.10937500
v 0.64062500 -0.29687500 -0.10937500
v 0.67187500 -0.32812500 -0.10937500
v 0.70312500 -0.42187500 -0.10937500
v 0.70312500 -0.39062500 -0.10937500
v 0.70312500 -0.35937500 -0.10937500
v 0.70312500 -0.32812500 -0.10937500
v 0.70312500 -0.29687500 -0.10937500
v 0.73437500 -0.48437500 -0.10937500
v 0.73437500 -0.45312500 -0.10937500
v 0.73437500 -0.32812500 -0.10937500
v 0.76562500 -0.48437500 -0.10937500
v 0.76562500 -0.45312500 -0.10937500
v 0.76562500 -0.42187500 -0.10937500
v 0.76562500 -0.39062500 -0.10937500
v -0.76562500 -0.48437500 -0.07812500
v -0.76562500 -0.39062500 -0.07812500
v -0.76562500 -0.32812500 -0.07812500
v -0.73437500 -0.48437500 -0.07812500
v -0.73437500 -0.26562500 -0.07812500
v -0.70312500 -0.42187500 -0.07812500
v -0.70312500 -0.23437500 -0.07812500
v -0.67187500 -0.39062500 -0.07812500
v -0.67187500 -0.35937500 -0.07812500
v -0.67187500 -0.23437500 -0.07812500
v -0.67187500 -0.17187500 -0.07812500
v -0.64062500 -0.32812500 -0.07812500
v -0.60937500 -0.20312500 -0.07812500
v -0.60937500 -0.17187500 -0.07812500
v -0.57812500 -0.26562500 -0.07812500
v -0.57812500 -0.23437500 -0.07812500
v -0.57812500 -0.14062500 -0.07812500
v -0.54687500 -0.26562500 -0.07812500
v -0.54687500 -0.10937500 -0.07812500
v -0.51562500 -0.07812500 -0.07812500
v -0.48437500 -0.04687500 -0.07812500
v -0.48437500 0.51562500 -0.07812500
v -0.48437500 0.57812500 -0.07812500
v -0.48437500 0.64062500 -0.07812500
v -0.48437500 0.70312500 -0.07812500
v -0.45312500 -0.01562500 -0.07812500
v -0.45312500 0.35937500 -0.07812500
v -0.45312500 0.39062500 -0.07812500
v -0.45312500 0.45312500 -0.07812500
v -0.42187500 -0.01562500 -0.07812500
v -0.42187500 0.01562500 -0.07812500
v -0.42187500 0.32812500 -0.07812500
v -0.35937500 -0.98437500 -0.07812500
v -0.35937500 -0.92187500 -0.07812500
v -0.35937500 0.10937500 -0.07812500
v -0.32812500 -0.89062500 -0.07812500
v -0.32812500 0.17187500 -0.07812500
v -0.29687500 -0.85937500 -0.07812500
v -0.26562500 -0.98437500 -0.07812500
v -0.23437500 -0.98437500 -0.07812500
v -0.23437500 -0.79687500 -0.07812500
v -0.20312500 -0.98437500 -0.07812500
v -0.14062500 -0.98437500 -0.07812500
v -0.14062500 -0.70312500 -0.07812500
v -0.14062500 0.95312500 -0.07812500
v -0.10937500 -0.98437500 -0.07812500
v -0.10937500 0.95312500 -0.07812500
v -0.07812500 -0.98437500 -0.07812500
v -0.07812500 0.26562500 -0.07812500
v -0.07812500 0.29687500 -0.07812500
v -0.07812500 0.32812500 -0.07812500
v -0.04687500 -0.98437500 -0.07812500
v -0.04687500 -0.95312500 -0.07812500
v -0.04687500 -0.92187500 -0.07812500
v -0.04687500 -0.89062500 -0.07812500
v -0.04687500 -0.82812500 -0.07812500
v -0.04687500 0.23437500 -0.07812500
v -0.04687500 0.35937500 -0.07812500
v -0.04687500 0.89062500 -0.07812500
v -0.01562500 0.20312500 -0.07812500
v -0.01562500 0.35937500 -0.07812500
v 0.01562500 -0.70312500 -0.07812500
v 0.01562500 0.20312500 -0.07812500
v 0.01562500 0.35937500 -0.07812500
v 0.01562500 0.89062500 -0.07812500
v 0.04687500 -0.98437500 -0.07812500
v 0.04687500 -0.95312500 -0.07812500
v 0.04687500 -0.92187500 -0.07812500
v 0.04687500 -0.89062500 -0.07812500
v 0.04687500 -0.82812500 -0.07812500
v 0.04687500 0.23437500 -0.07812500
v 0.04687500 0.35937500 -0.07812500
v 0.04687500 0.92187500 -0.07812500
v 0.07812500 -0.98437500 -0.07812500
v 0.07812500 0.26562500 -0.07812500
v 0.07812500 0.29687500 -0.07812500
v 0.07812500 0.32812500 -0.07812500
v 0.10937500 -0.98437500 -0.07812500
v 0.10937500 -0.73437500 -0.07812500
v 0.10937500 -0.70312500 -0.07812500
v 0.10937500 -0.67187500 -0.07812500
v 0.10937500 0.95312500 -0.07812500
v 0.14062500 -0.70312500 -0.07812500
v 0.14062500 -0.67187500 -0.07812500
v 0.14062500 0.95312500 -0.07812500
v 0.17187500 -0.98437500 -0.07812500
v 0.23437500 -0.98437500 -0.07812500
v 0.26562500 -0.98437500 -0.07812500
v 0.29687500 -0.85937500 -0.07812500
v 0.32812500 -0.89062500 -0.07812500
v 0.32812500 0.14062500 -0.07812500
v 0.35937500 -0.98437500 -0.07812500
v 0.35937500 -0.92187500 -0.07812500
v 0.42187500 0.01562500 -0.07812500
v 0.42187500 0.32812500 -0.07812500
v 0.45312500 -0.01562500 -0.07812500
v 0.45312500 0.01562500 -0.07812500
v 0.45312500 0.35937500 -0.07812500
v 0.45312500 0.39062500 -0.07812500
v 0.45312500 0.45312500 -0.07812500
v 0.48437500 -0.04687500 -0.07812500
v 0.48437500 -0.01562500 -0.07812500
v 0.48437500 0.51562500 -0.07812500
v 0.48437500 0.57812500 -0.07812500
v 0.48437500 0.67187500 -0.07812500
v 0.51562500 -0.07812500 -0.07812500
v 0.54687500 -0.10937500 -0.07812500
v 0.57812500 -0.26562500 -0.07812500
v 0.57812500 -0.23437500 -0.07812500
v 0.57812500 -0.14062500 -0.07812500
v 0.60937500 -0.29687500 -0.07812500
v 0.60937500 -0.20312500 -0.07812500
v 0.60937500 -0.17187500 -0.07812500
v 0.64062500 -0.32812500 -0.07812500
v 0.64062500 -0.20312500 -0.07812500
v 0.64062500 -0.17187500 -0.07812500
v 0.67187500 -0.39062500 -0.07812500
v 0.67187500 -0.35937500 -0.07812500
v 0.67187500 -0.17187500 -0.07812500
v 0.70312500 -0.42187500 -0.07812500
v 0.70312500 -0.23437500 -0.07812500
v 0.73437500 -0.48437500 -0.07812500
v 0.73437500 -0.26562500 -0.07812500
v 0.76562500 -0.48437500 -0.07812500
v 0.76562500 -0.39062500 -0.07812500
v 0.76562500 -0.32812500 -0.07812500
v -0.79687500 -0.42187500 -0.04687500
v -0.79687500 -0.39062500 -0.04687500
v -0.76562500 -0.48437500 -0.04687500
v -0.76562500 -0.45312500 -0.04687500
v -0.76562500 -0.32812500 -0.04687500
v -0.73437500 -0.48437500 -0.04687500
v -0.73437500 -0.26562500 -0.04687500
v -0.70312500 -0.23437500 -0.04687500
v -0.67187500 -0.39062500 -0.04687500
v -0.67187500 -0.20312500 -0.04687500
v -0.64062500 -0.35937500 -0.04687500
v -0.64062500 -0.14062500 -0.04687500
v -0.60937500 -0.32812500 -0.04687500
v -0.60937500 -0.10937500 -0.04687500
v -0.57812500 -0.29687500 -0.04687500
v -0.57812500 -0.17187500 -0.04687500
v -0.57812500 -0.07812500 -0.04687500
v -0.54687500 -0.26562500 -0.04687500
v -0.54687500 -0.23437500 -0.04687500
v -0.54687500 -0.14062500 -0.04687500
v -0.54687500 -0.04687500 -0.04687500
v -0.51562500 -0.07812500 -0.04687500
v -0.51562500 0.76562500 -0.04687500
v -0.51562500 0.85937500 -0.04687500
v -0.51562500 0.92187500 -0.04687500
v -0.48437500 -0.01562500 -0.04687500
v -0.48437500 0.01562500 -0.04687500
v -0.48437500 0.51562500 -0.04687500
v -0.48437500 0.95312500 -0.04687500
v -0.45312500 -0.04687500 -0.04687500
v -0.45312500 0.32812500 -0.04687500
v -0.45312500 0.39062500 -0.04687500
v -0.45312500 0.45312500 -0.04687500
v -0.42187500 -0.45312500 -0.04687500
v -0.42187500 -0.42187500 -0.04687500
v -0.42187500 -0.35937500 -0.04687500
v -0.42187500 -0.29687500 -0.04687500
v -0.42187500 -0.23437500 -0.04687500
v -0.42187500 -0.17187500 -0.04687500
v -0.42187500 -0.14062500 -0.04687500
v -0.42187500 -0.07812500 -0.04687500
v -0.42187500 -0.04687500 -0.04687500
v -0.42187500 0.04687500 -0.04687500
v -0.42187500 0.07812500 -0.04687500
v -0.42187500 0.95312500 -0.04687500
v -0.39062500 -0.57812500 -0.04687500
v -0.39062500 0.10937500 -0.04687500
v -0.39062500 0.29687500 -0.04687500
v -0.35937500 -0.89062500 -0.04687500
v -0.35937500 -0.57812500 -0.04687500
v -0.35937500 0.17187500 -0.04687500
v -0.32812500 -0.98437500 -0.04687500
v -0.32812500 -0.85937500 -0.04687500
v -0.32812500 -0.57812500 -0.04687500
v -0.32812500 0.23437500 -0.04687500
v -0.32812500 0.29687500 -0.04687500
v -0.32812500 0.95312500 -0.04687500
v -0.29687500 -0.98437500 -0.04687500
v -0.26562500 -0.85937500 -0.04687500
v -0.26562500 -0.57812500 -0.04687500
v -0.23437500 0.95312500 -0.04687500
v -0.20312500 -0.79687500 -0.04687500
v -0.17187500 -0.79687500 -0.04687500
v -0.14062500 -0.79687500 -0.04687500
v -0.04687500 -0.70312500 -0.04687500
v -0.01562500 -0.57812500 -0.04687500
v 0.20312500 -0.82812500 -0.04687500
v 0.20312500 -0.79687500 -0.04687500
v 0.23437500 -0.79687500 -0.04687500
v 0.23437500 0.95312500 -0.04687500
v 0.26562500 -0.85937500 -0.04687500
v 0.26562500 -0.57812500 -0.04687500
v 0.29687500 -0.98437500 -0.04687500
v 0.32812500 -0.98437500 -0.04687500
v 0.32812500 -0.85937500 -0.04687500
v 0.32812500 -0.57812500 -0.04687500
v 0.32812500 0.17187500 -0.04687500
v 0.32812500 0.23437500 -0.04687500
v 0.32812500 0.29687500 -0.04687500
v 0.32812500 0.95312500 -0.04687500
v 0.35937500 -0.89062500 -0.04687500
v 0.35937500 -0.57812500 -0.04687500
v 0.35937500 0.14062500 -0.04687500
v 0.39062500 -0.57812500 -0.04687500
v 0.39062500 0.10937500 -0.04687500
v 0.39062500 0.29687500 -0.04687500
v 0.42187500 -0.54687500 -0.04687500
v 0.42187500 -0.51562500 -0.04687500
v 0.42187500 -0.45312500 -0.04687500
v 0.42187500 -0.32812500 -0.04687500
v 0.42187500 -0.26562500 -0.04687500
v 0.42187500 -0.23437500 -0.04687500
v 0.42187500 -0.17187500 -0.04687500
v 0.42187500 -0.14062500 -0.04687500
v 0.42187500 -0.07812500 -0.04687500
v 0.42187500 -0.04687500 -0.04687500
v 0.42187500 0.04687500 -0.04687500
v 0.42187500 0.07812500 -0.04687500
v 0.42187500 0.95312500 -0.04687500
v 0.45312500 -0.39062500 -0.04687500
v 0.45312500 -0.04687500 -0.04687500
v 0.45312500 0.32812500 -0.04687500
v 0.45312500 0.39062500 -0.04687500
v 0.45312500 0.45312500 -0.04687500
v 0.48437500 -0.01562500 -0.04687500
v 0.48437500 0.01562500 -0.04687500
v 0.48437500 0.51562500 -0.04687500
v 0.48437500 0.95312500 -0.04687500
v 0.51562500 -0.35937500 -0.04687500
v 0.51562500 -0.07812500 -0.04687500
v 0.51562500 0.76562500 -0.04687500
v 0.51562500 0.85937500 -0.04687500
v 0.51562500 0.89062500 -0.04687500
v 0.51562500 0.92187500 -0.04687500
v 0.54687500 -0.23437500 -0.04687500
v 0.54687500 -0.14062500 -0.04687500
v 0.54687500 -0.04687500 -0.04687500
v 0.57812500 -0.29687500 -0.04687500
v 0.57812500 -0.17187500 -0.04687500
v 0.57812500 -0.07812500 -0.04687500
v 0.60937500 -0.32812500 -0.04687500
v 0.60937500 -0.10937500 -0.04687500
v 0.64062500 -0.35937500 -0.04687500
v 0.64062500 -0.14062500 -0.04687500
v 0.67187500 -0.39062500 -0.04687500
v 0.67187500 -0.20312500 -0.04687500
v 0.70312500 -0.23437500 -0.04687500
v 0.73437500 -0.48437500 -0.04687500
v 0.73437500 -0.45312500 -0.04687500
v 0.73437500 -0.26562500 -0.04687500
v 0.76562500 -0.48437500 -0.04687500
v 0.76562500 -0.45312500 -0.04687500
v 0.76562500 -0.32812500 -0.04687500
v 0.76562500 -0.29687500 -0.04687500
v 0.79687500 -0.42187500 -0.04687500
v 0.79687500 -0.39062500 -0.04687500
v -0.82812500 -0.48437500 -0.01562500
v -0.82812500 -0.45312500 -0.01562500
v -0.82812500 -0.42187500 -0.01562500
v -0.79687500 -0.51562500 -0.01562500
v -0.79687500 -0.48437500 -0.01562500
v -0.79687500 -0.32812500 -0.01562500
v -0.76562500 -0.54687500 -0.01562500
v -0.76562500 -0.51562500 -0.01562500
v -0.76562500 -0.26562500 -0.01562500
v -0.73437500 -0.54687500 -0.01562500
v -0.73437500 -0.51562500 -0.01562500
v -0.73437500 -0.26562500 -0.01562500
v -0.73437500 -0.23437500 -0.01562500
v -0.70312500 -0.51562500 -0.01562500
v -0.70312500 -0.42187500 -0.01562500
v -0.70312500 -0.20312500 -0.01562500
v -0.64062500 -0.35937500 -0.01562500
v -0.60937500 -0.35937500 -0.01562500
v -0.60937500 -0.10937500 -0.01562500
v -0.57812500 -0.32812500 -0.01562500
v -0.54687500 -0.29687500 -0.01562500
v -0.54687500 -0.23437500 -0.01562500
v -0.54687500 -0.14062500 -0.01562500
v -0.54687500 -0.04687500 -0.01562500
v -0.51562500 -0.26562500 -0.01562500
v -0.51562500 -0.07812500 -0.01562500
v -0.51562500 -0.01562500 -0.01562500
v -0.48437500 -0.26562500 -0.01562500
v -0.48437500 0.01562500 -0.01562500
v -0.48437500 0.60937500 -0.01562500
v -0.48437500 0.67187500 -0.01562500
v -0.45312500 -0.04687500 -0.01562500
v -0.45312500 0.04687500 -0.01562500
v -0.42187500 0.04687500 -0.01562500
v -0.42187500 0.29687500 -0.01562500
v -0.39062500 -0.98437500 -0.01562500
v -0.39062500 -0.95312500 -0.01562500
v -0.39062500 -0.92187500 -0.01562500
v -0.39062500 -0.89062500 -0.01562500
v -0.39062500 0.17187500 -0.01562500
v -0.39062500 0.23437500 -0.01562500
v -0.35937500 -0.98437500 -0.01562500
v -0.35937500 -0.85937500 -0.01562500
v -0.35937500 0.23437500 -0.01562500
v -0.32812500 -0.82812500 -0.01562500
v -0.26562500 -0.98437500 -0.01562500
v -0.23437500 -0.85937500 -0.01562500
v -0.20312500 -0.98437500 -0.01562500
v -0.17187500 -0.64062500 -0.01562500
v -0.17187500 -0.60937500 -0.01562500
v -0.17187500 0.98437500 -0.01562500
v -0.14062500 -0.98437500 -0.01562500
v -0.14062500 -0.85937500 -0.01562500
v -0.14062500 -0.82812500 -0.01562500
v -0.14062500 -0.79687500 -0.01562500
v -0.10937500 -0.98437500 -0.01562500
v -0.10937500 0.23437500 -0.01562500
v -0.10937500 0.26562500 -0.01562500
v -0.10937500 0.32812500 -0.01562500
v -0.10937500 0.35937500 -0.01562500
v -0.10937500 0.92187500 -0.01562500
v -0.10937500 0.98437500 -0.01562500
v -0.07812500 -0.98437500 -0.01562500
v -0.07812500 -0.95312500 -0.01562500
v -0.07812500 -0.92187500 -0.01562500
v -0.07812500 -0.89062500 -0.01562500
v -0.07812500 0.20312500 -0.01562500
v -0.07812500 0.39062500 -0.01562500
v -0.04687500 -0.70312500 -0.01562500
v -0.04687500 -0.54687500 -0.01562500
v -0.04687500 0.20312500 -0.01562500
v -0.04687500 0.39062500 -0.01562500
v -0.04687500 0.89062500 -0.01562500
v 0.01562500 0.17187500 -0.01562500
v 0.01562500 0.39062500 -0.01562500
v 0.01562500 0.89062500 -0.01562500
v 0.04687500 0.20312500 -0.01562500
v 0.04687500 0.39062500 -0.01562500
v 0.04687500 0.89062500 -0.01562500
v 0.07812500 -0.98437500 -0.01562500
v 0.07812500 -0.95312500 -0.01562500
v 0.07812500 -0.92187500 -0.01562500
v 0.07812500 -0.89062500 -0.01562500
v 0.07812500 -0.60937500 -0.01562500
v 0.07812500 0.20312500 -0.01562500
v 0.07812500 0.39062500 -0.01562500
v 0.10937500 -0.98437500 -0.01562500
v 0.10937500 -0.82812500 -0.01562500
v 0.10937500 -0.70312500 -0.01562500
v 0.10937500 0.23437500 -0.01562500
v 0.10937500 0.26562500 -0.01562500
v 0.10937500 0.32812500 -0.01562500
v 0.10937500 0.35937500 -0.01562500
v 0.10937500 0.92187500 -0.01562500
v 0.10937500 0.98437500 -0.01562500
v 0.14062500 -0.98437500 -0.01562500
v 0.14062500 -0.70312500 -0.01562500
v 0.14062500 -0.64062500 -0.01562500
v 0.17187500 -0.64062500 -0.01562500
v 0.17187500 -0.60937500 -0.01562500
v 0.17187500 0.98437500 -0.01562500
v 0.20312500 -0.98437500 -0.01562500
v 0.23437500 -0.85937500 -0.01562500
v 0.26562500 -0.98437500 -0.01562500
v 0.32812500 -0.82812500 -0.01562500
v 0.35937500 -0.98437500 -0.01562500
v 0.35937500 -0.85937500 -0.01562500
v 0.35937500 0.17187500 -0.01562500
v 0.35937500 0.23437500 -0.01562500
v 0.39062500 -0.98437500 -0.01562500
v 0.39062500 -0.95312500 -0.01562500
v 0.39062500 -0.92187500 -0.01562500
v 0.39062500 -0.89062500 -0.01562500
v 0.39062500 0.17187500 -0.01562500
v 0.39062500 0.23437500 -0.01562500
v 0.42187500 0.04687500 -0.01562500
v 0.42187500 0.29687500 -0.01562500
v 0.45312500 -0.04687500 -0.01562500
v 0.45312500 0.04687500 -0.01562500
v 0.48437500 -0.35937500 -0.01562500
v 0.48437500 0.01562500 -0.01562500
v 0.48437500 0.60937500 -0.01562500
v 0.48437500 0.67187500 -0.01562500
v 0.51562500 -0.26562500 -0.01562500
v 0.51562500 -0.07812500 -0.01562500
v 0.51562500 -0.01562500 -0.01562500
v 0.54687500 -0.29687500 -0.01562500
v 0.54687500 -0.14062500 -0.01562500
v 0.54687500 -0.04687500 -0.01562500
v 0.57812500 -0.32812500 -0.01562500
v 0.57812500 -0.29687500 -0.01562500
v 0.60937500 -0.35937500 -0.01562500
v 0.60937500 -0.10937500 -0.01562500
v 0.64062500 -0.35937500 -0.01562500
v 0.67187500 -0.39062500 -0.01562500
v 0.70312500 -0.51562500 -0.01562500
v 0.70312500 -0.42187500 -0.01562500
v 0.70312500 -0.20312500 -0.01562500
v 0.73437500 -0.54687500 -0.01562500
v 0.73437500 -0.51562500 -0.01562500
v 0.73437500 -0.26562500 -0.01562500
v 0.73437500 -0.23437500 -0.01562500
v 0.76562500 -0.54687500 -0.01562500
v 0.76562500 -0.51562500 -0.01562500
v 0.76562500 -0.26562500 -0.01562500
v 0.79687500 -0.51562500 -0.01562500
v 0.79687500 -0.48437500 -0.01562500
v 0.79687500 -0.39062500 -0.01562500
v 0.79687500 -0.32812500 -0.01562500
v 0.82812500 -0.48437500 -0.01562500
v 0.82812500 -0.45312500 -0.01562500
v 0.82812500 -0.42187500 -0.01562500
v -0.82812500 -0.48437500 0.01562500
v -0.82812500 -0.45312500 0.01562500
v -0.82812500 -0.42187500 0.01562500
v -0.79687500 -0.51562500 0.01562500
v -0.79687500 -0.32812500 0.01562500
v -0.76562500 -0.54687500 0.01562500
v -0.76562500 -0.26562500 0.01562500
v -0.73437500 -0.57812500 0.01562500
v -0.73437500 -0.54687500 0.01562500
v -0.73437500 -0.23437500 0.01562500
v -0.70312500 -0.51562500 0.01562500
v -0.70312500 -0.48437500 0.01562500
v -0.60937500 -0.35937500 0.01562500
v -0.60937500 -0.10937500 0.01562500
v -0.57812500 -0.32812500 0.01562500
v -0.57812500 -0.17187500 0.01562500
v -0.57812500 -0.14062500 0.01562500
v -0.57812500 -0.07812500 0.01562500
v -0.54687500 -0.23437500 0.01562500
v -0.54687500 -0.14062500 0.01562500
v -0.54687500 -0.10937500 0.01562500
v -0.54687500 -0.04687500 0.01562500
v -0.54687500 0.92187500 0.01562500
v -0.51562500 -0.26562500 0.01562500
v -0.51562500 -0.07812500 0.01562500
v -0.51562500 -0.01562500 0.01562500
v -0.51562500 0.70312500 0.01562500
v -0.51562500 0.79687500 0.01562500
v -0.51562500 0.85937500 0.01562500
v -0.51562500 0.95312500 0.01562500
v -0.48437500 -0.04687500 0.01562500
v -0.48437500 0.01562500 0.01562500
v -0.48437500 0.51562500 0.01562500
v -0.48437500 0.98437500 0.01562500
v -0.45312500 -0.29687500 0.01562500
v -0.45312500 -0.23437500 0.01562500
v -0.45312500 -0.17187500 0.01562500
v -0.45312500 -0.14062500 0.01562500
v -0.45312500 -0.07812500 0.01562500
v -0.45312500 -0.01562500 0.01562500
v -0.45312500 0.01562500 0.01562500
v -0.45312500 0.04687500 0.01562500
v -0.45312500 0.26562500 0.01562500
v -0.45312500 0.32812500 0.01562500
v -0.45312500 0.39062500 0.01562500
v -0.45312500 0.45312500 0.01562500
v -0.42187500 -0.95312500 0.01562500
v -0.42187500 -0.92187500 0.01562500
v -0.42187500 -0.54687500 0.01562500
v -0.42187500 -0.51562500 0.01562500
v -0.42187500 -0.45312500 0.01562500
v -0.42187500 -0.42187500 0.01562500
v -0.42187500 -0.35937500 0.01562500
v -0.42187500 -0.04687500 0.01562500
v -0.42187500 0.04687500 0.01562500
v -0.42187500 0.07812500 0.01562500
v -0.42187500 0.14062500 0.01562500
v -0.42187500 0.20312500 0.01562500
v -0.42187500 0.98437500 0.01562500
v -0.39062500 -0.98437500 0.01562500
v -0.39062500 -0.89062500 0.01562500
v -0.39062500 -0.85937500 0.01562500
v -0.39062500 -0.57812500 0.01562500
v -0.35937500 -0.98437500 0.01562500
v -0.35937500 -0.82812500 0.01562500
v -0.35937500 -0.57812500 0.01562500
v -0.35937500 0.79687500 0.01562500
v -0.32812500 -0.82812500 0.01562500
v -0.32812500 -0.57812500 0.01562500
v -0.32812500 0.76562500 0.01562500
v -0.32812500 0.82812500 0.01562500
v -0.32812500 0.98437500 0.01562500
v -0.29687500 -0.98437500 0.01562500
v -0.29687500 -0.82812500 0.01562500
v -0.29687500 0.79687500 0.01562500
v -0.26562500 -0.98437500 0.01562500
v -0.26562500 -0.82812500 0.01562500
v -0.26562500 -0.57812500 0.01562500
v -0.23437500 -0.54687500 0.01562500
v -0.23437500 0.98437500 0.01562500
v -0.20312500 -0.98437500 0.01562500
v -0.20312500 -0.82812500 0.01562500
v -0.20312500 -0.70312500 0.01562500
v -0.20312500 -0.54687500 0.01562500
v -0.17187500 -0.98437500 0.01562500
v -0.17187500 -0.70312500 0.01562500
v -0.17187500 -0.64062500 0.01562500
v -0.17187500 -0.54687500 0.01562500
v -0.14062500 -0.85937500 0.01562500
v -0.14062500 -0.70312500 0.01562500
v -0.14062500 -0.57812500 0.01562500
v -0.10937500 -0.89062500 0.01562500
v -0.10937500 -0.57812500 0.01562500
v -0.10937500 0.95312500 0.01562500
v -0.07812500 -0.60937500 0.01562500
v -0.07812500 -0.54687500 0.01562500
v -0.04687500 -0.57812500 0.01562500
v -0.04687500 -0.54687500 0.01562500
v 0.01562500 -0.54687500 0.01562500
v 0.04687500 -0.57812500 0.01562500
v 0.04687500 -0.54687500 0.01562500
v 0.07812500 -0.60937500 0.01562500
v 0.07812500 -0.54687500 0.01562500
v 0.07812500 0.95312500 0.01562500
v 0.10937500 -0.89062500 0.01562500
v 0.10937500 -0.57812500 0.01562500
v 0.14062500 -0.70312500 0.01562500
v 0.14062500 -0.57812500 0.01562500
v 0.17187500 -0.98437500 0.01562500
v 0.17187500 -0.54687500 0.01562500
v 0.20312500 -0.98437500 0.01562500
v 0.20312500 -0.82812500 0.01562500
v 0.20312500 -0.54687500 0.01562500
v 0.23437500 0.98437500 0.01562500
v 0.26562500 -0.98437500 0.01562500
v 0.26562500 -0.82812500 0.01562500
v 0.26562500 -0.57812500 0.01562500
v 0.29687500 -0.98437500 0.01562500
v 0.29687500 -0.82812500 0.01562500
v 0.29687500 0.79687500 0.01562500
v 0.32812500 -0.82812500 0.01562500
v 0.32812500 -0.57812500 0.01562500
v 0.32812500 0.76562500 0.01562500
v 0.32812500 0.98437500 0.01562500
v 0.35937500 -0.98437500 0.01562500
v 0.35937500 -0.82812500 0.01562500
v 0.35937500 -0.57812500 0.01562500
v 0.39062500 -0.98437500 0.01562500
v 0.39062500 -0.89062500 0.01562500
v 0.39062500 -0.85937500 0.01562500
v 0.39062500 -0.57812500 0.01562500
v 0.42187500 -0.95312500 0.01562500
v 0.42187500 -0.92187500 0.01562500
v 0.42187500 -0.54687500 0.01562500
v 0.42187500 -0.48437500 0.01562500
v 0.42187500 -0.42187500 0.01562500
v 0.42187500 -0.04687500 0.01562500
v 0.42187500 0.04687500 0.01562500
v 0.42187500 0.07812500 0.01562500
v 0.42187500 0.14062500 0.01562500
v 0.42187500 0.20312500 0.01562500
v 0.42187500 0.98437500 0.01562500
v 0.45312500 -0.39062500 0.01562500
v 0.45312500 -0.29687500 0.01562500
v 0.45312500 -0.23437500 0.01562500
v 0.45312500 -0.17187500 0.01562500
v 0.45312500 -0.14062500 0.01562500
v 0.45312500 -0.07812500 0.01562500
v 0.45312500 0.04687500 0.01562500
v 0.45312500 0.26562500 0.01562500
v 0.45312500 0.32812500 0.01562500
v 0.45312500 0.39062500 0.01562500
v 0.45312500 0.45312500 0.01562500
v 0.48437500 -0.04687500 0.01562500
v 0.48437500 0.01562500 0.01562500
v 0.48437500 0.51562500 0.01562500
v 0.48437500 0.98437500 0.01562500
v 0.51562500 -0.26562500 0.01562500
v 0.51562500 -0.07812500 0.01562500
v 0.51562500 -0.01562500 0.01562500
v 0.51562500 0.70312500 0.01562500
v 0.51562500 0.79687500 0.01562500
v 0.51562500 0.85937500 0.01562500
v 0.51562500 0.95312500 0.01562500
v 0.54687500 -0.29687500 0.01562500
v 0.54687500 -0.23437500 0.01562500
v 0.54687500 -0.14062500 0.01562500
v 0.54687500 -0.10937500 0.01562500
v 0.54687500 -0.04687500 0.01562500
v 0.54687500 0.92187500 0.01562500
v 0.57812500 -0.32812500 0.01562500
v 0.57812500 -0.14062500 0.01562500
v 0.57812500 -0.07812500 0.01562500
v 0.60937500 -0.35937500 0.01562500
v 0.60937500 -0.10937500 0.01562500
v 0.64062500 -0.39062500 0.01562500
v 0.64062500 -0.35937500 0.01562500
v 0.70312500 -0.51562500 0.01562500
v 0.70312500 -0.48437500 0.01562500
v 0.70312500 -0.45312500 0.01562500
v 0.70312500 -0.17187500 0.01562500
v 0.73437500 -0.57812500 0.01562500
v 0.73437500 -0.54687500 0.01562500
v 0.73437500 -0.23437500 0.01562500
v 0.76562500 -0.54687500 0.01562500
v 0.76562500 -0.26562500 0.01562500
v 0.79687500 -0.51562500 0.01562500
v 0.79687500 -0.32812500 0.01562500
v 0.82812500 -0.48437500 0.01562500
v 0.82812500 -0.45312500 0.01562500
v 0.82812500 -0.42187500 0.01562500
v 0.82812500 -0.39062500 0.01562500
v -0.82812500 -0.48437500 0.04687500
v -0.82812500 -0.42187500 0.04687500
v -0.79687500 -0.48437500 0.04687500
v -0.79687500 -0.45312500 0.04687500
v -0.79687500 -0.42187500 0.04687500
v -0.79687500 -0.39062500 0.04687500
v -0.79687500 -0.32812500 0.04687500
v -0.76562500 -0.51562500 0.04687500
v -0.76562500 -0.48437500 0.04687500
v -0.76562500 -0.32812500 0.04687500
v -0.76562500 -0.26562500 0.04687500
v -0.73437500 -0.51562500 0.04687500
v -0.73437500 -0.48437500 0.04687500
v -0.73437500 -0.26562500 0.04687500
v -0.70312500 -0.42187500 0.04687500
v -0.67187500 -0.20312500 0.04687500
v -0.64062500 -0.39062500 0.04687500
v -0.64062500 -0.17187500 0.04687500
v -0.60937500 -0.39062500 0.04687500
v -0.57812500 -0.20312500 0.04687500
v -0.54687500 -0.39062500 0.04687500
v -0.54687500 -0.35937500 0.04687500
v -0.54687500 -0.26562500 0.04687500
v -0.54687500 -0.23437500 0.04687500
v -0.51562500 -0.39062500 0.04687500
v -0.51562500 0.70312500 0.04687500
v -0.48437500 0.60937500 0.04687500
v -0.39062500 -0.85937500 0.04687500
v -0.39062500 0.76562500 0.04687500
v -0.39062500 0.79687500 0.04687500
v -0.39062500 0.82812500 0.04687500
v -0.35937500 -0.82812500 0.04687500
v -0.35937500 0.73437500 0.04687500
v -0.35937500 0.85937500 0.04687500
v -0.32812500 0.73437500 0.04687500
v -0.29687500 0.73437500 0.04687500
v -0.29687500 0.82812500 0.04687500
v -0.29687500 0.98437500 0.04687500
v -0.26562500 0.73437500 0.04687500
v -0.26562500 0.76562500 0.04687500
v -0.26562500 0.79687500 0.04687500
v -0.23437500 0.98437500 0.04687500
v -0.17187500 0.98437500 0.04687500
v -0.14062500 -0.98437500 0.04687500
v -0.14062500 -0.54687500 0.04687500
v -0.14062500 0.29687500 0.04687500
v -0.14062500 0.32812500 0.04687500
v -0.10937500 -0.98437500 0.04687500
v -0.10937500 -0.95312500 0.04687500
v -0.10937500 -0.92187500 0.04687500
v -0.10937500 -0.54687500 0.04687500
v -0.10937500 0.23437500 0.04687500
v -0.10937500 0.39062500 0.04687500
v -0.10937500 0.98437500 0.04687500
v -0.07812500 0.20312500 0.04687500
v -0.07812500 0.39062500 0.04687500
v -0.04687500 0.17187500 0.04687500
v -0.04687500 0.42187500 0.04687500
v -0.04687500 0.92187500 0.04687500
v -0.04687500 0.98437500 0.04687500
v 0.01562500 0.17187500 0.04687500
v 0.01562500 0.42187500 0.04687500
v 0.01562500 0.92187500 0.04687500
v 0.01562500 0.98437500 0.04687500
v 0.04687500 0.17187500 0.04687500
v 0.04687500 0.42187500 0.04687500
v 0.04687500 0.92187500 0.04687500
v 0.04687500 0.98437500 0.04687500
v 0.07812500 0.20312500 0.04687500
v 0.07812500 0.39062500 0.04687500
v 0.10937500 -0.98437500 0.04687500
v 0.10937500 -0.95312500 0.04687500
v 0.10937500 -0.92187500 0.04687500
v 0.10937500 -0.54687500 0.04687500
v 0.10937500 0.23437500 0.04687500
v 0.10937500 0.39062500 0.04687500
v 0.10937500 0.98437500 0.04687500
v 0.14062500 -0.98437500 0.04687500
v 0.14062500 -0.54687500 0.04687500
v 0.14062500 0.29687500 0.04687500
v 0.14062500 0.32812500 0.04687500
v 0.17187500 0.98437500 0.04687500
v 0.23437500 0.98437500 0.04687500
v 0.26562500 0.73437500 0.04687500
v 0.26562500 0.76562500 0.04687500
v 0.26562500 0.79687500 0.04687500
v 0.29687500 0.73437500 0.04687500
v 0.29687500 0.98437500 0.04687500
v 0.32812500 0.73437500 0.04687500
v 0.35937500 -0.82812500 0.04687500
v 0.35937500 0.76562500 0.04687500
v 0.39062500 -0.85937500 0.04687500
v 0.39062500 0.79687500 0.04687500
v 0.39062500 0.82812500 0.04687500
v 0.48437500 0.60937500 0.04687500
v 0.51562500 -0.39062500 0.04687500
v 0.51562500 -0.32812500 0.04687500
v 0.51562500 0.70312500 0.04687500
v 0.54687500 -0.39062500 0.04687500
v 0.54687500 -0.35937500 0.04687500
v 0.54687500 -0.26562500 0.04687500
v 0.57812500 -0.35937500 0.04687500
v 0.57812500 -0.20312500 0.04687500
v 0.60937500 -0.39062500 0.04687500
v 0.64062500 -0.39062500 0.04687500
v 0.64062500 -0.20312500 0.04687500
v 0.64062500 -0.17187500 0.04687500
v 0.67187500 -0.42187500 0.04687500
v 0.67187500 -0.20312500 0.04687500
v 0.70312500 -0.42187500 0.04687500
v 0.70312500 -0.23437500 0.04687500
v 0.73437500 -0.51562500 0.04687500
v 0.73437500 -0.48437500 0.04687500
v 0.73437500 -0.26562500 0.04687500
v 0.76562500 -0.51562500 0.04687500
v 0.76562500 -0.48437500 0.04687500
v 0.76562500 -0.32812500 0.04687500
v 0.76562500 -0.26562500 0.04687500
v 0.79687500 -0.48437500 0.04687500
v 0.79687500 -0.45312500 0.04687500
v 0.79687500 -0.42187500 0.04687500
v 0.79687500 -0.39062500 0.04687500
v 0.79687500 -0.32812500 0.04687500
v 0.82812500 -0.48437500 0.04687500
v 0.82812500 -0.42187500 0.04687500
v -0.76562500 -0.51562500 0.07812500
v -0.76562500 -0.48437500 0.07812500
v -0.76562500 -0.45312500 0.07812500
v -0.76562500 -0.39062500 0.07812500
v -0.76562500 -0.32812500 0.07812500
v -0.73437500 -0.57812500 0.07812500
v -0.73437500 -0.54687500 0.07812500
v -0.73437500 -0.51562500 0.07812500
v -0.73437500 -0.48437500 0.07812500
v -0.73437500 -0.29687500 0.07812500
v -0.70312500 -0.48437500 0.07812500
v -0.70312500 -0.23437500 0.07812500
v -0.67187500 -0.51562500 0.07812500
v -0.67187500 -0.48437500 0.07812500
v -0.67187500 -0.26562500 0.07812500
v -0.67187500 -0.23437500 0.07812500
v -0.67187500 -0.17187500 0.07812500
v -0.64062500 -0.39062500 0.07812500
v -0.64062500 -0.26562500 0.07812500
v -0.64062500 -0.23437500 0.07812500
v -0.64062500 -0.20312500 0.07812500
v -0.64062500 -0.17187500 0.07812500
v -0.60937500 -0.39062500 0.07812500
v -0.60937500 -0.26562500 0.07812500
v -0.60937500 -0.23437500 0.07812500
v -0.60937500 -0.20312500 0.07812500
v -0.60937500 -0.17187500 0.07812500
v -0.57812500 -0.39062500 0.07812500
v -0.57812500 -0.23437500 0.07812500
v -0.54687500 -0.23437500 0.07812500
v -0.51562500 -0.32812500 0.07812500
v -0.51562500 -0.29687500 0.07812500
v -0.51562500 0.79687500 0.07812500
v -0.51562500 0.85937500 0.07812500
v -0.51562500 0.92187500 0.07812500
v -0.51562500 0.95312500 0.07812500
v -0.48437500 -0.35937500 0.07812500
v -0.48437500 0.39062500 0.07812500
v -0.48437500 0.45312500 0.07812500
v -0.48437500 0.51562500 0.07812500
v -0.48437500 0.60937500 0.07812500
v -0.48437500 0.98437500 0.07812500
v -0.45312500 -0.29687500 0.07812500
v -0.45312500 -0.23437500 0.07812500
v -0.45312500 -0.17187500 0.07812500
v -0.45312500 -0.14062500 0.07812500
v -0.45312500 -0.07812500 0.07812500
v -0.45312500 -0.04687500 0.07812500
v -0.45312500 0.01562500 0.07812500
v -0.45312500 0.07812500 0.07812500
v -0.45312500 0.14062500 0.07812500
v -0.45312500 0.20312500 0.07812500
v -0.45312500 0.26562500 0.07812500
v -0.45312500 0.32812500 0.07812500
v -0.42187500 -0.54687500 0.07812500
v -0.42187500 -0.48437500 0.07812500
v -0.42187500 -0.45312500 0.07812500
v -0.42187500 -0.42187500 0.07812500
v -0.42187500 -0.39062500 0.07812500
v -0.42187500 0.98437500 0.07812500
v -0.39062500 -0.98437500 0.07812500
v -0.39062500 -0.89062500 0.07812500
v -0.39062500 -0.57812500 0.07812500
v -0.35937500 -0.98437500 0.07812500
v -0.35937500 -0.85937500 0.07812500
v -0.35937500 -0.57812500 0.07812500
v -0.35937500 0.98437500 0.07812500
v -0.32812500 -0.82812500 0.07812500
v -0.32812500 -0.57812500 0.07812500
v -0.29687500 -0.98437500 0.07812500
v -0.29687500 0.98437500 0.07812500
v -0.26562500 -0.98437500 0.07812500
v -0.26562500 -0.82812500 0.07812500
v -0.26562500 -0.54687500 0.07812500
v -0.26562500 -0.29687500 0.07812500
v -0.23437500 -0.98437500 0.07812500
v -0.23437500 -0.82812500 0.07812500
v -0.23437500 -0.54687500 0.07812500
v -0.23437500 0.98437500 0.07812500
v -0.20312500 -0.54687500 0.07812500
v -0.17187500 -0.98437500 0.07812500
v -0.17187500 -0.85937500 0.07812500
v -0.17187500 0.98437500 0.07812500
v -0.14062500 -0.98437500 0.07812500
v -0.14062500 -0.95312500 0.07812500
v -0.14062500 -0.92187500 0.07812500
v -0.14062500 -0.89062500 0.07812500
v -0.14062500 -0.54687500 0.07812500
v -0.10937500 -0.54687500 0.07812500
v -0.10937500 0.98437500 0.07812500
v -0.04687500 -0.54687500 0.07812500
v -0.04687500 -0.14062500 0.07812500
v -0.04687500 -0.07812500 0.07812500
v -0.04687500 -0.01562500 0.07812500
v -0.04687500 0.98437500 0.07812500
v 0.01562500 -0.54687500 0.07812500
v 0.01562500 -0.14062500 0.07812500
v 0.01562500 -0.07812500 0.07812500
v 0.01562500 -0.01562500 0.07812500
v 0.04687500 -0.54687500 0.07812500
v 0.04687500 -0.14062500 0.07812500
v 0.04687500 -0.07812500 0.07812500
v 0.04687500 -0.01562500 0.07812500
v 0.04687500 0.98437500 0.07812500
v 0.10937500 -0.54687500 0.07812500
v 0.10937500 0.98437500 0.07812500
v 0.14062500 -0.98437500 0.07812500
v 0.14062500 -0.95312500 0.07812500
v 0.14062500 -0.92187500 0.07812500
v 0.14062500 -0.89062500 0.07812500
v 0.14062500 -0.54687500 0.07812500
v 0.17187500 -0.98437500 0.07812500
v 0.17187500 -0.85937500 0.07812500
v 0.17187500 0.98437500 0.07812500
v 0.20312500 -0.98437500 0.07812500
v 0.20312500 -0.54687500 0.07812500
v 0.23437500 -0.98437500 0.07812500
v 0.23437500 -0.82812500 0.07812500
v 0.23437500 0.98437500 0.07812500
v 0.26562500 -0.82812500 0.07812500
v 0.26562500 -0.54687500 0.07812500
v 0.26562500 -0.29687500 0.07812500
v 0.29687500 -0.98437500 0.07812500
v 0.29687500 0.98437500 0.07812500
v 0.32812500 -0.98437500 0.07812500
v 0.32812500 -0.82812500 0.07812500
v 0.32812500 -0.57812500 0.07812500
v 0.35937500 -0.98437500 0.07812500
v 0.35937500 -0.85937500 0.07812500
v 0.35937500 -0.57812500 0.07812500
v 0.35937500 0.98437500 0.07812500
v 0.39062500 -0.98437500 0.07812500
v 0.39062500 -0.89062500 0.07812500
v 0.39062500 -0.57812500 0.07812500
v 0.42187500 -0.54687500 0.07812500
v 0.42187500 -0.48437500 0.07812500
v 0.42187500 -0.45312500 0.07812500
v 0.42187500 0.98437500 0.07812500
v 0.45312500 -0.29687500 0.07812500
v 0.45312500 -0.23437500 0.07812500
v 0.45312500 -0.17187500 0.07812500
v 0.45312500 -0.14062500 0.07812500
v 0.45312500 -0.07812500 0.07812500
v 0.45312500 -0.04687500 0.07812500
v 0.45312500 0.01562500 0.07812500
v 0.45312500 0.07812500 0.07812500
v 0.45312500 0.14062500 0.07812500
v 0.45312500 0.20312500 0.07812500
v 0.45312500 0.26562500 0.07812500
v 0.45312500 0.32812500 0.07812500
v 0.48437500 0.39062500 0.07812500
v 0.48437500 0.45312500 0.07812500
v 0.48437500 0.51562500 0.07812500
v 0.48437500 0.60937500 0.07812500
v 0.48437500 0.98437500 0.07812500
v 0.51562500 -0.32812500 0.07812500
v 0.51562500 -0.29687500 0.07812500
v 0.51562500 0.79687500 0.07812500
v 0.51562500 0.85937500 0.07812500
v 0.51562500 0.92187500 0.07812500
v 0.51562500 0.95312500 0.07812500
v 0.54687500 -0.23437500 0.07812500
v 0.57812500 -0.39062500 0.07812500
v 0.57812500 -0.26562500 0.07812500
v 0.60937500 -0.39062500 0.07812500
v 0.60937500 -0.26562500 0.07812500
v 0.60937500 -0.23437500 0.07812500
v 0.60937500 -0.17187500 0.07812500
v 0.64062500 -0.39062500 0.07812500
v 0.64062500 -0.26562500 0.07812500
v 0.64062500 -0.23437500 0.07812500
v 0.64062500 -0.17187500 0.07812500
v 0.67187500 -0.51562500 0.07812500
v 0.67187500 -0.48437500 0.07812500
v 0.67187500 -0.26562500 0.07812500
v 0.67187500 -0.23437500 0.07812500
v 0.67187500 -0.17187500 0.07812500
v 0.70312500 -0.57812500 0.07812500
v 0.70312500 -0.48437500 0.07812500
v 0.70312500 -0.23437500 0.07812500
v 0.73437500 -0.57812500 0.07812500
v 0.73437500 -0.51562500 0.07812500
v 0.73437500 -0.48437500 0.07812500
v 0.73437500 -0.26562500 0.07812500
v 0.76562500 -0.51562500 0.07812500
v 0.76562500 -0.48437500 0.07812500
v 0.76562500 -0.45312500 0.07812500
v 0.76562500 -0.39062500 0.07812500
v 0.76562500 -0.32812500 0.07812500
v -0.76562500 -0.54687500 0.10937500
v -0.76562500 -0.51562500 0.10937500
v -0.76562500 -0.48437500 0.10937500
v -0.76562500 -0.42187500 0.10937500
v -0.76562500 -0.39062500 0.10937500
v -0.73437500 -0.57812500 0.10937500
v -0.73437500 -0.51562500 0.10937500
v -0.73437500 -0.48437500 0.10937500
v -0.73437500 -0.32812500 0.10937500
v -0.70312500 -0.57812500 0.10937500
v -0.70312500 -0.29687500 0.10937500
v -0.67187500 -0.54687500 0.10937500
v -0.67187500 -0.51562500 0.10937500
v -0.67187500 -0.48437500 0.10937500
v -0.67187500 -0.45312500 0.10937500
v -0.67187500 -0.42187500 0.10937500
v -0.67187500 -0.29687500 0.10937500
v -0.64062500 -0.39062500 0.10937500
v -0.64062500 -0.35937500 0.10937500
v -0.64062500 -0.32812500 0.10937500
v -0.60937500 -0.39062500 0.10937500
v -0.60937500 -0.35937500 0.10937500
v -0.60937500 -0.32812500 0.10937500
v -0.51562500 -0.45312500 0.10937500
v -0.48437500 -0.32812500 0.10937500
v -0.48437500 0.51562500 0.10937500
v -0.48437500 0.57812500 0.10937500
v -0.48437500 0.70312500 0.10937500
v -0.48437500 0.79687500 0.10937500
v -0.48437500 0.85937500 0.10937500
v -0.48437500 0.92187500 0.10937500
v -0.48437500 0.95312500 0.10937500
v -0.45312500 0.45312500 0.10937500
v -0.45312500 0.79687500 0.10937500
v -0.45312500 0.82812500 0.10937500
v -0.45312500 0.92187500 0.10937500
v -0.45312500 0.95312500 0.10937500
v -0.42187500 0.73437500 0.10937500
v -0.42187500 0.79687500 0.10937500
v -0.42187500 0.82812500 0.10937500
v -0.42187500 0.85937500 0.10937500
v -0.42187500 0.92187500 0.10937500
v -0.42187500 0.95312500 0.10937500
v -0.39062500 -0.98437500 0.10937500
v -0.39062500 -0.95312500 0.10937500
v -0.39062500 -0.92187500 0.10937500
v -0.39062500 -0.89062500 0.10937500
v -0.39062500 0.70312500 0.10937500
v -0.35937500 -0.98437500 0.10937500
v -0.35937500 -0.85937500 0.10937500
v -0.35937500 0.67187500 0.10937500
v -0.35937500 0.85937500 0.10937500
v -0.35937500 0.92187500 0.10937500
v -0.35937500 0.95312500 0.10937500
v -0.32812500 -0.29687500 0.10937500
v -0.29687500 -0.82812500 0.10937500
v -0.29687500 -0.23437500 0.10937500
v -0.29687500 0.67187500 0.10937500
v -0.29687500 0.85937500 0.10937500
v -0.29687500 0.92187500 0.10937500
v -0.29687500 0.95312500 0.10937500
v -0.26562500 -0.82812500 0.10937500
v -0.26562500 -0.35937500 0.10937500
v -0.26562500 -0.23437500 0.10937500
v -0.26562500 0.70312500 0.10937500
v -0.26562500 0.73437500 0.10937500
v -0.26562500 0.82812500 0.10937500
v -0.23437500 -0.82812500 0.10937500
v -0.23437500 -0.35937500 0.10937500
v -0.23437500 -0.29687500 0.10937500
v -0.23437500 -0.23437500 0.10937500
v -0.23437500 0.79687500 0.10937500
v -0.23437500 0.92187500 0.10937500
v -0.23437500 0.98437500 0.10937500
v -0.20312500 -0.85937500 0.10937500
v -0.17187500 -0.89062500 0.10937500
v -0.17187500 0.32812500 0.10937500
v -0.17187500 0.70312500 0.10937500
v -0.17187500 0.92187500 0.10937500
v -0.17187500 0.98437500 0.10937500
v -0.14062500 0.26562500 0.10937500
v -0.14062500 0.39062500 0.10937500
v -0.10937500 -0.07812500 0.10937500
v -0.10937500 -0.04687500 0.10937500
v -0.10937500 0.23437500 0.10937500
v -0.10937500 0.42187500 0.10937500
v -0.10937500 0.98437500 0.10937500
v -0.07812500 -0.10937500 0.10937500
v -0.07812500 -0.01562500 0.10937500
v -0.07812500 0.20312500 0.10937500
v -0.04687500 0.01562500 0.10937500
v -0.04687500 0.17187500 0.10937500
v -0.04687500 0.42187500 0.10937500
v -0.04687500 0.98437500 0.10937500
v 0.01562500 0.01562500 0.10937500
v 0.01562500 0.17187500 0.10937500
v 0.01562500 0.42187500 0.10937500
v 0.01562500 0.98437500 0.10937500
v 0.04687500 0.01562500 0.10937500
v 0.04687500 0.17187500 0.10937500
v 0.04687500 0.42187500 0.10937500
v 0.04687500 0.98437500 0.10937500
v 0.07812500 -0.10937500 0.10937500
v 0.07812500 -0.01562500 0.10937500
v 0.07812500 0.20312500 0.10937500
v 0.10937500 -0.07812500 0.10937500
v 0.10937500 -0.04687500 0.10937500
v 0.10937500 0.23437500 0.10937500
v 0.10937500 0.42187500 0.10937500
v 0.10937500 0.98437500 0.10937500
v 0.14062500 0.26562500 0.10937500
v 0.14062500 0.39062500 0.10937500
v 0.17187500 -0.89062500 0.10937500
v 0.17187500 0.32812500 0.10937500
v 0.17187500 0.92187500 0.10937500
v 0.17187500 0.98437500 0.10937500
v 0.20312500 -0.85937500 0.10937500
v 0.23437500 -0.82812500 0.10937500
v 0.23437500 -0.35937500 0.10937500
v 0.23437500 -0.29687500 0.10937500
v 0.23437500 -0.23437500 0.10937500
v 0.23437500 0.79687500 0.10937500
v 0.23437500 0.92187500 0.10937500
v 0.23437500 0.98437500 0.10937500
v 0.26562500 -0.82812500 0.10937500
v 0.26562500 -0.35937500 0.10937500
v 0.26562500 -0.23437500 0.10937500
v 0.26562500 -0.20312500 0.10937500
v 0.26562500 0.70312500 0.10937500
v 0.26562500 0.73437500 0.10937500
v 0.26562500 0.82812500 0.10937500
v 0.29687500 -0.82812500 0.10937500
v 0.29687500 -0.23437500 0.10937500
v 0.29687500 0.67187500 0.10937500
v 0.29687500 0.92187500 0.10937500
v 0.29687500 0.95312500 0.10937500
v 0.32812500 -0.29687500 0.10937500
v 0.35937500 -0.85937500 0.10937500
v 0.35937500 0.85937500 0.10937500
v 0.35937500 0.92187500 0.10937500
v 0.35937500 0.95312500 0.10937500
v 0.39062500 -0.98437500 0.10937500
v 0.39062500 -0.95312500 0.10937500
v 0.39062500 -0.92187500 0.10937500
v 0.39062500 -0.89062500 0.10937500
v 0.39062500 0.76562500 0.10937500
v 0.42187500 0.82812500 0.10937500
v 0.42187500 0.85937500 0.10937500
v 0.42187500 0.92187500 0.10937500
v 0.42187500 0.95312500 0.10937500
v 0.45312500 0.39062500 0.10937500
v 0.45312500 0.45312500 0.10937500
v 0.45312500 0.79687500 0.10937500
v 0.45312500 0.92187500 0.10937500
v 0.45312500 0.95312500 0.10937500
v 0.48437500 0.51562500 0.10937500
v 0.48437500 0.57812500 0.10937500
v 0.48437500 0.70312500 0.10937500
v 0.48437500 0.79687500 0.10937500
v 0.48437500 0.85937500 0.10937500
v 0.48437500 0.92187500 0.10937500
v 0.48437500 0.95312500 0.10937500
v 0.51562500 -0.45312500 0.10937500
v 0.54687500 -0.35937500 0.10937500
v 0.54687500 -0.29687500 0.10937500
v 0.60937500 -0.39062500 0.10937500
v 0.60937500 -0.35937500 0.10937500
v 0.60937500 -0.32812500 0.10937500
v 0.60937500 -0.29687500 0.10937500
v 0.64062500 -0.39062500 0.10937500
v 0.64062500 -0.35937500 0.10937500
v 0.64062500 -0.32812500 0.10937500
v 0.64062500 -0.29687500 0.10937500
v 0.67187500 -0.51562500 0.10937500
v 0.67187500 -0.48437500 0.10937500
v 0.67187500 -0.45312500 0.10937500
v 0.67187500 -0.42187500 0.10937500
v 0.70312500 -0.26562500 0.10937500
v 0.73437500 -0.48437500 0.10937500
v 0.73437500 -0.32812500 0.10937500
v 0.76562500 -0.51562500 0.10937500
v 0.76562500 -0.42187500 0.10937500
v 0.76562500 -0.39062500 0.10937500
v -0.76562500 -0.48437500 0.14062500
v -0.76562500 -0.45312500 0.14062500
v -0.73437500 -0.57812500 0.14062500
v -0.73437500 -0.54687500 0.14062500
v -0.73437500 -0.51562500 0.14062500
v -0.73437500 -0.48437500 0.14062500
v -0.73437500 -0.45312500 0.14062500
v -0.73437500 -0.42187500 0.14062500
v -0.73437500 -0.39062500 0.14062500
v -0.70312500 -0.57812500 0.14062500
v -0.70312500 -0.54687500 0.14062500
v -0.70312500 -0.48437500 0.14062500
v -0.70312500 -0.39062500 0.14062500
v -0.70312500 -0.32812500 0.14062500
v -0.67187500 -0.54687500 0.14062500
v -0.67187500 -0.51562500 0.14062500
v -0.67187500 -0.48437500 0.14062500
v -0.67187500 -0.45312500 0.14062500
v -0.67187500 -0.42187500 0.14062500
v -0.67187500 -0.39062500 0.14062500
v -0.67187500 -0.35937500 0.14062500
v -0.57812500 -0.35937500 0.14062500
v -0.51562500 -0.42187500 0.14062500
v -0.51562500 -0.39062500 0.14062500
v -0.51562500 -0.35937500 0.14062500
v -0.51562500 -0.32812500 0.14062500
v -0.48437500 -0.42187500 0.14062500
v -0.48437500 0.20312500 0.14062500
v -0.48437500 0.26562500 0.14062500
v -0.48437500 0.64062500 0.14062500
v -0.45312500 -0.39062500 0.14062500
v -0.45312500 -0.35937500 0.14062500
v -0.45312500 -0.29687500 0.14062500
v -0.45312500 -0.23437500 0.14062500
v -0.45312500 -0.17187500 0.14062500
v -0.45312500 -0.14062500 0.14062500
v -0.45312500 -0.07812500 0.14062500
v -0.45312500 -0.04687500 0.14062500
v -0.45312500 0.01562500 0.14062500
v -0.45312500 0.07812500 0.14062500
v -0.45312500 0.14062500 0.14062500
v -0.45312500 0.32812500 0.14062500
v -0.45312500 0.39062500 0.14062500
v -0.45312500 0.45312500 0.14062500
v -0.45312500 0.51562500 0.14062500
v -0.45312500 0.57812500 0.14062500
v -0.45312500 0.64062500 0.14062500
v -0.45312500 0.70312500 0.14062500
v -0.45312500 0.85937500 0.14062500
v -0.42187500 -0.48437500 0.14062500
v -0.42187500 -0.45312500 0.14062500
v -0.42187500 -0.42187500 0.14062500
v -0.42187500 0.45312500 0.14062500
v -0.42187500 0.51562500 0.14062500
v -0.42187500 0.57812500 0.14062500
v -0.42187500 0.64062500 0.14062500
v -0.42187500 0.70312500 0.14062500
v -0.39062500 0.67187500 0.14062500
v -0.35937500 -0.98437500 0.14062500
v -0.35937500 -0.95312500 0.14062500
v -0.35937500 -0.92187500 0.14062500
v -0.35937500 -0.89062500 0.14062500
v -0.35937500 -0.57812500 0.14062500
v -0.35937500 -0.29687500 0.14062500
v -0.35937500 0.45312500 0.14062500
v -0.35937500 0.51562500 0.14062500
v -0.35937500 0.57812500 0.14062500
v -0.35937500 0.64062500 0.14062500
v -0.32812500 -0.85937500 0.14062500
v -0.32812500 -0.57812500 0.14062500
v -0.32812500 -0.35937500 0.14062500
v -0.32812500 -0.23437500 0.14062500
v -0.29687500 -0.98437500 0.14062500
v -0.29687500 -0.85937500 0.14062500
v -0.29687500 -0.20312500 0.14062500
v -0.29687500 0.45312500 0.14062500
v -0.29687500 0.51562500 0.14062500
v -0.29687500 0.57812500 0.14062500
v -0.29687500 0.64062500 0.14062500
v -0.26562500 -0.98437500 0.14062500
v -0.26562500 -0.85937500 0.14062500
v -0.26562500 -0.54687500 0.14062500
v -0.26562500 -0.39062500 0.14062500
v -0.26562500 -0.17187500 0.14062500
v -0.26562500 0.67187500 0.14062500
v -0.23437500 -0.98437500 0.14062500
v -0.23437500 -0.85937500 0.14062500
v -0.23437500 -0.54687500 0.14062500
v -0.23437500 -0.39062500 0.14062500
v -0.23437500 -0.20312500 0.14062500
v -0.23437500 0.45312500 0.14062500
v -0.23437500 0.51562500 0.14062500
v -0.23437500 0.57812500 0.14062500
v -0.23437500 0.73437500 0.14062500
v -0.23437500 0.79687500 0.14062500
v -0.23437500 0.85937500 0.14062500
v -0.20312500 -0.98437500 0.14062500
v -0.20312500 -0.89062500 0.14062500
v -0.20312500 -0.54687500 0.14062500
v -0.20312500 -0.39062500 0.14062500
v -0.20312500 -0.35937500 0.14062500
v -0.20312500 -0.29687500 0.14062500
v -0.20312500 -0.23437500 0.14062500
v -0.20312500 0.45312500 0.14062500
v -0.20312500 0.51562500 0.14062500
v -0.20312500 0.57812500 0.14062500
v -0.17187500 -0.98437500 0.14062500
v -0.17187500 -0.95312500 0.14062500
v -0.17187500 -0.92187500 0.14062500
v -0.17187500 0.32812500 0.14062500
v -0.17187500 0.85937500 0.14062500
v -0.14062500 -0.54687500 0.14062500
v -0.14062500 0.26562500 0.14062500
v -0.14062500 0.39062500 0.14062500
v -0.10937500 -0.54687500 0.14062500
v -0.10937500 -0.07812500 0.14062500
v -0.10937500 -0.04687500 0.14062500
v -0.10937500 0.23437500 0.14062500
v -0.10937500 0.42187500 0.14062500
v -0.10937500 0.85937500 0.14062500
v -0.10937500 0.92187500 0.14062500
v -0.07812500 -0.14062500 0.14062500
v -0.07812500 -0.01562500 0.14062500
v -0.07812500 0.20312500 0.14062500
v -0.04687500 -0.54687500 0.14062500
v -0.04687500 -0.17187500 0.14062500
v -0.04687500 0.01562500 0.14062500
v -0.04687500 0.17187500 0.14062500
v -0.04687500 0.42187500 0.14062500
v -0.04687500 0.85937500 0.14062500
v -0.04687500 0.92187500 0.14062500
v 0.01562500 -0.54687500 0.14062500
v 0.01562500 -0.17187500 0.14062500
v 0.01562500 0.01562500 0.14062500
v 0.01562500 0.17187500 0.14062500
v 0.01562500 0.42187500 0.14062500
v 0.01562500 0.85937500 0.14062500
v 0.01562500 0.92187500 0.14062500
v 0.04687500 -0.54687500 0.14062500
v 0.04687500 -0.17187500 0.14062500
v 0.04687500 0.01562500 0.14062500
v 0.04687500 0.17187500 0.14062500
v 0.04687500 0.85937500 0.14062500
v 0.04687500 0.92187500 0.14062500
v 0.07812500 -0.14062500 0.14062500
v 0.07812500 -0.01562500 0.14062500
v 0.07812500 0.20312500 0.14062500
v 0.10937500 -0.54687500 0.14062500
v 0.10937500 -0.07812500 0.14062500
v 0.10937500 -0.04687500 0.14062500
v 0.10937500 0.23437500 0.14062500
v 0.10937500 0.42187500 0.14062500
v 0.10937500 0.85937500 0.14062500
v 0.10937500 0.92187500 0.14062500
v 0.14062500 -0.54687500 0.14062500
v 0.14062500 0.26562500 0.14062500
v 0.14062500 0.39062500 0.14062500
v 0.17187500 -0.98437500 0.14062500
v 0.17187500 -0.95312500 0.14062500
v 0.17187500 -0.92187500 0.14062500
v 0.17187500 0.32812500 0.14062500
v 0.17187500 0.79687500 0.14062500
v 0.17187500 0.85937500 0.14062500
v 0.20312500 -0.98437500 0.14062500
v 0.20312500 -0.89062500 0.14062500
v 0.20312500 -0.54687500 0.14062500
v 0.20312500 -0.39062500 0.14062500
v 0.20312500 -0.35937500 0.14062500
v 0.20312500 -0.29687500 0.14062500
v 0.20312500 -0.23437500 0.14062500
v 0.20312500 0.51562500 0.14062500
v 0.20312500 0.57812500 0.14062500
v 0.20312500 0.64062500 0.14062500
v 0.20312500 0.67187500 0.14062500
v 0.23437500 -0.98437500 0.14062500
v 0.23437500 -0.85937500 0.14062500
v 0.23437500 -0.39062500 0.14062500
v 0.23437500 -0.20312500 0.14062500
v 0.23437500 0.45312500 0.14062500
v 0.23437500 0.51562500 0.14062500
v 0.23437500 0.57812500 0.14062500
v 0.23437500 0.64062500 0.14062500
v 0.23437500 0.73437500 0.14062500
v 0.23437500 0.79687500 0.14062500
v 0.23437500 0.85937500 0.14062500
v 0.26562500 -0.98437500 0.14062500
v 0.26562500 -0.85937500 0.14062500
v 0.26562500 -0.54687500 0.14062500
v 0.26562500 -0.39062500 0.14062500
v 0.26562500 -0.17187500 0.14062500
v 0.26562500 0.67187500 0.14062500
v 0.29687500 -0.98437500 0.14062500
v 0.29687500 -0.85937500 0.14062500
v 0.29687500 -0.20312500 0.14062500
v 0.29687500 0.45312500 0.14062500
v 0.29687500 0.51562500 0.14062500
v 0.29687500 0.57812500 0.14062500
v 0.29687500 0.64062500 0.14062500
v 0.32812500 -0.85937500 0.14062500
v 0.32812500 -0.57812500 0.14062500
v 0.32812500 -0.35937500 0.14062500
v 0.32812500 -0.23437500 0.14062500
v 0.35937500 -0.98437500 0.14062500
v 0.35937500 -0.95312500 0.14062500
v 0.35937500 -0.92187500 0.14062500
v 0.35937500 -0.89062500 0.14062500
v 0.35937500 -0.57812500 0.14062500
v 0.35937500 -0.29687500 0.14062500
v 0.35937500 0.45312500 0.14062500
v 0.35937500 0.51562500 0.14062500
v 0.35937500 0.57812500 0.14062500
v 0.35937500 0.64062500 0.14062500
v 0.35937500 0.67187500 0.14062500
v 0.39062500 -0.57812500 0.14062500
v 0.39062500 0.67187500 0.14062500
v 0.42187500 -0.54687500 0.14062500
v 0.42187500 -0.48437500 0.14062500
v 0.42187500 -0.45312500 0.14062500
v 0.42187500 0.45312500 0.14062500
v 0.42187500 0.51562500 0.14062500
v 0.42187500 0.57812500 0.14062500
v 0.42187500 0.64062500 0.14062500
v 0.42187500 0.70312500 0.14062500
v 0.42187500 0.79687500 0.14062500
v 0.45312500 -0.39062500 0.14062500
v 0.45312500 -0.35937500 0.14062500
v 0.45312500 -0.29687500 0.14062500
v 0.45312500 -0.23437500 0.14062500
v 0.45312500 -0.17187500 0.14062500
v 0.45312500 -0.14062500 0.14062500
v 0.45312500 -0.07812500 0.14062500
v 0.45312500 -0.04687500 0.14062500
v 0.45312500 0.01562500 0.14062500
v 0.45312500 0.07812500 0.14062500
v 0.45312500 0.14062500 0.14062500
v 0.45312500 0.32812500 0.14062500
v 0.45312500 0.39062500 0.14062500
v 0.45312500 0.45312500 0.14062500
v 0.45312500 0.51562500 0.14062500
v 0.45312500 0.57812500 0.14062500
v 0.45312500 0.64062500 0.14062500
v 0.45312500 0.70312500 0.14062500
v 0.45312500 0.85937500 0.14062500
v 0.48437500 -0.42187500 0.14062500
v 0.48437500 0.20312500 0.14062500
v 0.48437500 0.26562500 0.14062500
v 0.48437500 0.64062500 0.14062500
v 0.51562500 -0.42187500 0.14062500
v 0.51562500 -0.39062500 0.14062500
v 0.51562500 -0.32812500 0.14062500
v 0.67187500 -0.54687500 0.14062500
v 0.67187500 -0.51562500 0.14062500
v 0.67187500 -0.48437500 0.14062500
v 0.67187500 -0.45312500 0.14062500
v 0.67187500 -0.42187500 0.14062500
v 0.67187500 -0.39062500 0.14062500
v 0.67187500 -0.35937500 0.14062500
v 0.70312500 -0.48437500 0.14062500
v 0.70312500 -0.39062500 0.14062500
v 0.70312500 -0.32812500 0.14062500
v 0.73437500 -0.54687500 0.14062500
v 0.73437500 -0.45312500 0.14062500
v 0.73437500 -0.42187500 0.14062500
v 0.73437500 -0.39062500 0.14062500
v 0.76562500 -0.48437500 0.14062500
v 0.76562500 -0.45312500 0.14062500
v -0.45312500 -0.35937500 0.17187500
v -0.45312500 -0.23437500 0.17187500
v -0.45312500 -0.14062500 0.17187500
v -0.45312500 -0.07812500 0.17187500
v -0.45312500 -0.04687500 0.17187500
v -0.45312500 0.01562500 0.17187500
v -0.45312500 0.07812500 0.17187500
v -0.45312500 0.14062500 0.17187500
v -0.45312500 0.20312500 0.17187500
v -0.45312500 0.26562500 0.17187500
v -0.45312500 0.32812500 0.17187500
v -0.45312500 0.39062500 0.17187500
v -0.42187500 -0.42187500 0.17187500
v -0.42187500 -0.29687500 0.17187500
v -0.42187500 0.32812500 0.17187500
v -0.42187500 0.39062500 0.17187500
v -0.39062500 -0.29687500 0.17187500
v -0.35937500 -0.57812500 0.17187500
v -0.35937500 -0.35937500 0.17187500
v -0.35937500 -0.23437500 0.17187500
v -0.35937500 -0.20312500 0.17187500
v -0.35937500 0.32812500 0.17187500
v -0.35937500 0.39062500 0.17187500
v -0.32812500 -0.98437500 0.17187500
v -0.32812500 -0.89062500 0.17187500
v -0.32812500 -0.39062500 0.17187500
v -0.29687500 -0.89062500 0.17187500
v -0.29687500 0.32812500 0.17187500
v -0.29687500 0.39062500 0.17187500
v -0.26562500 -0.98437500 0.17187500
v -0.26562500 -0.92187500 0.17187500
v -0.26562500 -0.89062500 0.17187500
v -0.26562500 -0.54687500 0.17187500
v -0.26562500 -0.42187500 0.17187500
v -0.23437500 -0.98437500 0.17187500
v -0.23437500 -0.92187500 0.17187500
v -0.23437500 -0.89062500 0.17187500
v -0.23437500 -0.54687500 0.17187500
v -0.23437500 -0.42187500 0.17187500
v -0.23437500 0.32812500 0.17187500
v -0.20312500 -0.20312500 0.17187500
v -0.20312500 0.35937500 0.17187500
v -0.20312500 0.51562500 0.17187500
v -0.20312500 0.57812500 0.17187500
v -0.17187500 -0.39062500 0.17187500
v -0.17187500 -0.32812500 0.17187500
v -0.17187500 -0.29687500 0.17187500
v -0.17187500 -0.23437500 0.17187500
v -0.17187500 0.51562500 0.17187500
v -0.17187500 0.64062500 0.17187500
v -0.17187500 0.67187500 0.17187500
v -0.14062500 -0.54687500 0.17187500
v -0.14062500 0.26562500 0.17187500
v -0.14062500 0.35937500 0.17187500
v -0.14062500 0.67187500 0.17187500
v -0.14062500 0.73437500 0.17187500
v -0.10937500 -0.54687500 0.17187500
v -0.10937500 0.23437500 0.17187500
v -0.10937500 0.32812500 0.17187500
v -0.10937500 0.35937500 0.17187500
v -0.10937500 0.39062500 0.17187500
v -0.10937500 0.73437500 0.17187500
v -0.07812500 0.45312500 0.17187500
v -0.04687500 -0.54687500 0.17187500
v -0.04687500 0.17187500 0.17187500
v -0.04687500 0.32812500 0.17187500
v -0.04687500 0.35937500 0.17187500
v -0.04687500 0.39062500 0.17187500
v -0.04687500 0.45312500 0.17187500
v -0.04687500 0.70312500 0.17187500
v -0.04687500 0.73437500 0.17187500
v -0.04687500 0.76562500 0.17187500
v -0.01562500 0.60937500 0.17187500
v -0.01562500 0.67187500 0.17187500
v -0.01562500 0.70312500 0.17187500
v 0.01562500 -0.54687500 0.17187500
v 0.01562500 0.17187500 0.17187500
v 0.01562500 0.32812500 0.17187500
v 0.01562500 0.35937500 0.17187500
v 0.01562500 0.45312500 0.17187500
v 0.01562500 0.60937500 0.17187500
v 0.01562500 0.67187500 0.17187500
v 0.01562500 0.70312500 0.17187500
v 0.04687500 0.35937500 0.17187500
v 0.04687500 0.45312500 0.17187500
v 0.04687500 0.67187500 0.17187500
v 0.04687500 0.70312500 0.17187500
v 0.04687500 0.73437500 0.17187500
v 0.07812500 0.32812500 0.17187500
v 0.07812500 0.35937500 0.17187500
v 0.07812500 0.45312500 0.17187500
v 0.07812500 0.67187500 0.17187500
v 0.07812500 0.73437500 0.17187500
v 0.10937500 -0.54687500 0.17187500
v 0.10937500 0.23437500 0.17187500
v 0.10937500 0.39062500 0.17187500
v 0.10937500 0.45312500 0.17187500
v 0.10937500 0.70312500 0.17187500
v 0.10937500 0.73437500 0.17187500
v 0.14062500 -0.54687500 0.17187500
v 0.14062500 0.23437500 0.17187500
v 0.14062500 0.26562500 0.17187500
v 0.14062500 0.35937500 0.17187500
v 0.14062500 0.70312500 0.17187500
v 0.17187500 -0.39062500 0.17187500
v 0.17187500 -0.32812500 0.17187500
v 0.17187500 -0.29687500 0.17187500
v 0.17187500 -0.23437500 0.17187500
v 0.17187500 0.64062500 0.17187500
v 0.17187500 0.67187500 0.17187500
v 0.20312500 -0.54687500 0.17187500
v 0.20312500 -0.20312500 0.17187500
v 0.20312500 0.39062500 0.17187500
v 0.20312500 0.42187500 0.17187500
v 0.20312500 0.45312500 0.17187500
v 0.20312500 0.51562500 0.17187500
v 0.20312500 0.57812500 0.17187500
v 0.23437500 -0.98437500 0.17187500
v 0.23437500 -0.92187500 0.17187500
v 0.23437500 -0.89062500 0.17187500
v 0.23437500 -0.42187500 0.17187500
v 0.23437500 0.32812500 0.17187500
v 0.23437500 0.39062500 0.17187500
v 0.26562500 -0.98437500 0.17187500
v 0.26562500 -0.92187500 0.17187500
v 0.26562500 -0.89062500 0.17187500
v 0.26562500 -0.54687500 0.17187500
v 0.26562500 -0.42187500 0.17187500
v 0.29687500 -0.89062500 0.17187500
v 0.29687500 0.32812500 0.17187500
v 0.29687500 0.39062500 0.17187500
v 0.32812500 -0.98437500 0.17187500
v 0.32812500 -0.89062500 0.17187500
v 0.32812500 -0.39062500 0.17187500
v 0.35937500 -0.35937500 0.17187500
v 0.35937500 -0.23437500 0.17187500
v 0.35937500 -0.20312500 0.17187500
v 0.35937500 0.32812500 0.17187500
v 0.35937500 0.39062500 0.17187500
v 0.39062500 -0.54687500 0.17187500
v 0.39062500 -0.29687500 0.17187500
v 0.42187500 -0.54687500 0.17187500
v 0.42187500 -0.48437500 0.17187500
v 0.42187500 -0.42187500 0.17187500
v 0.42187500 -0.29687500 0.17187500
v 0.42187500 0.32812500 0.17187500
v 0.42187500 0.39062500 0.17187500
v 0.45312500 -0.35937500 0.17187500
v 0.45312500 -0.23437500 0.17187500
v 0.45312500 -0.14062500 0.17187500
v 0.45312500 -0.07812500 0.17187500
v 0.45312500 -0.04687500 0.17187500
v 0.45312500 0.01562500 0.17187500
v 0.45312500 0.07812500 0.17187500
v 0.45312500 0.14062500 0.17187500
v 0.45312500 0.20312500 0.17187500
v 0.45312500 0.26562500 0.17187500
v 0.45312500 0.32812500 0.17187500
v 0.45312500 0.39062500 0.17187500
v -0.45312500 0.07812500 0.20312500
v -0.45312500 0.14062500 0.20312500
v -0.45312500 0.20312500 0.20312500
v -0.45312500 0.26562500 0.20312500
v -0.42187500 -0.48437500 0.20312500
v -0.42187500 -0.42187500 0.20312500
v -0.42187500 -0.35937500 0.20312500
v -0.42187500 -0.23437500 0.20312500
v -0.42187500 -0.17187500 0.20312500
v -0.42187500 -0.14062500 0.20312500
v -0.42187500 -0.07812500 0.20312500
v -0.42187500 -0.04687500 0.20312500
v -0.42187500 0.01562500 0.20312500
v -0.42187500 0.07812500 0.20312500
v -0.42187500 0.14062500 0.20312500
v -0.42187500 0.20312500 0.20312500
v -0.42187500 0.26562500 0.20312500
v -0.39062500 -0.54687500 0.20312500
v -0.39062500 -0.48437500 0.20312500
v -0.39062500 -0.45312500 0.20312500
v -0.39062500 -0.42187500 0.20312500
v -0.39062500 -0.35937500 0.20312500
v -0.39062500 -0.29687500 0.20312500
v -0.39062500 -0.23437500 0.20312500
v -0.35937500 -0.54687500 0.20312500
v -0.35937500 -0.48437500 0.20312500
v -0.35937500 -0.45312500 0.20312500
v -0.35937500 -0.42187500 0.20312500
v -0.35937500 -0.17187500 0.20312500
v -0.35937500 -0.14062500 0.20312500
v -0.35937500 -0.07812500 0.20312500
v -0.35937500 -0.04687500 0.20312500
v -0.35937500 0.01562500 0.20312500
v -0.35937500 0.07812500 0.20312500
v -0.35937500 0.14062500 0.20312500
v -0.35937500 0.20312500 0.20312500
v -0.35937500 0.26562500 0.20312500
v -0.32812500 -0.54687500 0.20312500
v -0.32812500 -0.48437500 0.20312500
v -0.32812500 -0.42187500 0.20312500
v -0.32812500 -0.17187500 0.20312500
v -0.29687500 -0.14062500 0.20312500
v -0.29687500 -0.07812500 0.20312500
v -0.29687500 -0.04687500 0.20312500
v -0.29687500 0.01562500 0.20312500
v -0.29687500 0.07812500 0.20312500
v -0.29687500 0.14062500 0.20312500
v -0.29687500 0.20312500 0.20312500
v -0.29687500 0.26562500 0.20312500
v -0.26562500 -0.51562500 0.20312500
v -0.26562500 -0.48437500 0.20312500
v -0.26562500 -0.45312500 0.20312500
v -0.26562500 -0.17187500 0.20312500
v -0.23437500 -0.17187500 0.20312500
v -0.23437500 -0.14062500 0.20312500
v -0.23437500 -0.07812500 0.20312500
v -0.23437500 -0.04687500 0.20312500
v -0.23437500 0.01562500 0.20312500
v -0.23437500 0.07812500 0.20312500
v -0.23437500 0.14062500 0.20312500
v -0.23437500 0.20312500 0.20312500
v -0.23437500 0.26562500 0.20312500
v -0.23437500 0.35937500 0.20312500
v -0.23437500 0.39062500 0.20312500
v -0.23437500 0.45312500 0.20312500
v -0.20312500 -0.51562500 0.20312500
v -0.20312500 -0.48437500 0.20312500
v -0.20312500 -0.42187500 0.20312500
v -0.20312500 -0.17187500 0.20312500
v -0.20312500 0.35937500 0.20312500
v -0.20312500 0.48437500 0.20312500
v -0.17187500 -0.14062500 0.20312500
v -0.17187500 -0.07812500 0.20312500
v -0.17187500 -0.04687500 0.20312500
v -0.17187500 0.01562500 0.20312500
v -0.17187500 0.07812500 0.20312500
v -0.17187500 0.14062500 0.20312500
v -0.17187500 0.20312500 0.20312500
v -0.17187500 0.35937500 0.20312500
v -0.17187500 0.57812500 0.20312500
v -0.14062500 -0.51562500 0.20312500
v -0.14062500 -0.45312500 0.20312500
v -0.14062500 -0.42187500 0.20312500
v -0.14062500 -0.35937500 0.20312500
v -0.14062500 -0.29687500 0.20312500
v -0.14062500 -0.23437500 0.20312500
v -0.14062500 -0.17187500 0.20312500
v -0.14062500 -0.14062500 0.20312500
v -0.14062500 -0.07812500 0.20312500
v -0.14062500 0.14062500 0.20312500
v -0.14062500 0.20312500 0.20312500
v -0.14062500 0.23437500 0.20312500
v -0.14062500 0.35937500 0.20312500
v -0.14062500 0.51562500 0.20312500
v -0.14062500 0.57812500 0.20312500
v -0.14062500 0.64062500 0.20312500
v -0.10937500 -0.51562500 0.20312500
v -0.10937500 -0.45312500 0.20312500
v -0.10937500 -0.39062500 0.20312500
v -0.10937500 -0.32812500 0.20312500
v -0.10937500 -0.26562500 0.20312500
v -0.10937500 -0.20312500 0.20312500
v -0.10937500 -0.17187500 0.20312500
v -0.10937500 -0.14062500 0.20312500
v -0.10937500 -0.07812500 0.20312500
v -0.10937500 -0.04687500 0.20312500
v -0.10937500 0.01562500 0.20312500
v -0.10937500 0.07812500 0.20312500
v -0.10937500 0.10937500 0.20312500
v -0.10937500 0.20312500 0.20312500
v -0.10937500 0.32812500 0.20312500
v -0.10937500 0.51562500 0.20312500
v -0.07812500 -0.14062500 0.20312500
v -0.07812500 0.01562500 0.20312500
v -0.07812500 0.20312500 0.20312500
v -0.07812500 0.51562500 0.20312500
v -0.07812500 0.57812500 0.20312500
v -0.04687500 -0.51562500 0.20312500
v -0.04687500 -0.45312500 0.20312500
v -0.04687500 -0.39062500 0.20312500
v -0.04687500 -0.32812500 0.20312500
v -0.04687500 -0.26562500 0.20312500
v -0.04687500 -0.20312500 0.20312500
v -0.04687500 -0.17187500 0.20312500
v -0.04687500 0.07812500 0.20312500
v -0.04687500 0.10937500 0.20312500
v -0.04687500 0.17187500 0.20312500
v -0.04687500 0.29687500 0.20312500
v -0.04687500 0.48437500 0.20312500
v -0.04687500 0.51562500 0.20312500
v -0.04687500 0.57812500 0.20312500
v -0.04687500 0.60937500 0.20312500
v 0.01562500 -0.51562500 0.20312500
v 0.01562500 -0.45312500 0.20312500
v 0.01562500 -0.39062500 0.20312500
v 0.01562500 -0.32812500 0.20312500
v 0.01562500 -0.26562500 0.20312500
v 0.01562500 -0.20312500 0.20312500
v 0.01562500 -0.17187500 0.20312500
v 0.01562500 -0.01562500 0.20312500
v 0.01562500 0.01562500 0.20312500
v 0.01562500 0.07812500 0.20312500
v 0.01562500 0.17187500 0.20312500
v 0.01562500 0.29687500 0.20312500
v 0.01562500 0.32812500 0.20312500
v 0.01562500 0.48437500 0.20312500
v 0.01562500 0.51562500 0.20312500
v 0.01562500 0.57812500 0.20312500
v 0.04687500 -0.51562500 0.20312500
v 0.04687500 -0.45312500 0.20312500
v 0.04687500 -0.39062500 0.20312500
v 0.04687500 -0.32812500 0.20312500
v 0.04687500 -0.26562500 0.20312500
v 0.04687500 -0.20312500 0.20312500
v 0.04687500 -0.17187500 0.20312500
v 0.04687500 -0.01562500 0.20312500
v 0.04687500 0.01562500 0.20312500
v 0.04687500 0.17187500 0.20312500
v 0.04687500 0.51562500 0.20312500
v 0.04687500 0.57812500 0.20312500
v 0.04687500 0.60937500 0.20312500
v 0.07812500 -0.14062500 0.20312500
v 0.07812500 -0.04687500 0.20312500
v 0.07812500 -0.01562500 0.20312500
v 0.07812500 0.01562500 0.20312500
v 0.07812500 0.20312500 0.20312500
v 0.07812500 0.29687500 0.20312500
v 0.07812500 0.32812500 0.20312500
v 0.07812500 0.51562500 0.20312500
v 0.07812500 0.57812500 0.20312500
v 0.07812500 0.64062500 0.20312500
v 0.10937500 -0.51562500 0.20312500
v 0.10937500 -0.45312500 0.20312500
v 0.10937500 -0.39062500 0.20312500
v 0.10937500 -0.32812500 0.20312500
v 0.10937500 -0.26562500 0.20312500
v 0.10937500 -0.20312500 0.20312500
v 0.10937500 -0.17187500 0.20312500
v 0.10937500 -0.14062500 0.20312500
v 0.10937500 -0.07812500 0.20312500
v 0.10937500 -0.04687500 0.20312500
v 0.10937500 0.01562500 0.20312500
v 0.10937500 0.07812500 0.20312500
v 0.10937500 0.10937500 0.20312500
v 0.10937500 0.20312500 0.20312500
v 0.10937500 0.32812500 0.20312500
v 0.10937500 0.67187500 0.20312500
v 0.14062500 -0.51562500 0.20312500
v 0.14062500 -0.45312500 0.20312500
v 0.14062500 -0.42187500 0.20312500
v 0.14062500 -0.35937500 0.20312500
v 0.14062500 -0.29687500 0.20312500
v 0.14062500 -0.23437500 0.20312500
v 0.14062500 -0.17187500 0.20312500
v 0.14062500 -0.14062500 0.20312500
v 0.14062500 -0.07812500 0.20312500
v 0.14062500 0.14062500 0.20312500
v 0.14062500 0.20312500 0.20312500
v 0.14062500 0.23437500 0.20312500
v 0.14062500 0.51562500 0.20312500
v 0.14062500 0.57812500 0.20312500
v 0.14062500 0.64062500 0.20312500
v 0.14062500 0.67187500 0.20312500
v 0.17187500 -0.14062500 0.20312500
v 0.17187500 -0.07812500 0.20312500
v 0.17187500 -0.04687500 0.20312500
v 0.17187500 0.01562500 0.20312500
v 0.17187500 0.07812500 0.20312500
v 0.17187500 0.14062500 0.20312500
v 0.17187500 0.20312500 0.20312500
v 0.17187500 0.57812500 0.20312500
v 0.17187500 0.64062500 0.20312500
v 0.20312500 -0.54687500 0.20312500
v 0.20312500 -0.48437500 0.20312500
v 0.20312500 -0.42187500 0.20312500
v 0.20312500 -0.17187500 0.20312500
v 0.20312500 0.26562500 0.20312500
v 0.20312500 0.35937500 0.20312500
v 0.20312500 0.48437500 0.20312500
v 0.23437500 -0.17187500 0.20312500
v 0.23437500 -0.14062500 0.20312500
v 0.23437500 -0.07812500 0.20312500
v 0.23437500 -0.04687500 0.20312500
v 0.23437500 0.01562500 0.20312500
v 0.23437500 0.07812500 0.20312500
v 0.23437500 0.14062500 0.20312500
v 0.23437500 0.20312500 0.20312500
v 0.23437500 0.26562500 0.20312500
v 0.23437500 0.39062500 0.20312500
v 0.23437500 0.42187500 0.20312500
v 0.26562500 -0.54687500 0.20312500
v 0.26562500 -0.48437500 0.20312500
v 0.26562500 -0.45312500 0.20312500
v 0.26562500 -0.17187500 0.20312500
v 0.29687500 -0.14062500 0.20312500
v 0.29687500 -0.07812500 0.20312500
v 0.29687500 -0.04687500 0.20312500
v 0.29687500 0.01562500 0.20312500
v 0.29687500 0.07812500 0.20312500
v 0.29687500 0.14062500 0.20312500
v 0.29687500 0.26562500 0.20312500
v 0.32812500 -0.54687500 0.20312500
v 0.32812500 -0.48437500 0.20312500
v 0.32812500 -0.42187500 0.20312500
v 0.32812500 -0.17187500 0.20312500
v 0.35937500 -0.54687500 0.20312500
v 0.35937500 -0.48437500 0.20312500
v 0.35937500 -0.45312500 0.20312500
v 0.35937500 -0.42187500 0.20312500
v 0.35937500 -0.17187500 0.20312500
v 0.35937500 -0.14062500 0.20312500
v 0.35937500 -0.07812500 0.20312500
v 0.35937500 -0.04687500 0.20312500
v 0.35937500 0.01562500 0.20312500
v 0.35937500 0.07812500 0.20312500
v 0.35937500 0.14062500 0.20312500
v 0.35937500 0.20312500 0.20312500
v 0.35937500 0.23437500 0.20312500
v 0.39062500 -0.54687500 0.20312500
v 0.39062500 -0.48437500 0.20312500
v 0.39062500 -0.45312500 0.20312500
v 0.39062500 -0.42187500 0.20312500
v 0.39062500 -0.35937500 0.20312500
v 0.39062500 -0.29687500 0.20312500
v 0.39062500 -0.23437500 0.20312500
v 0.42187500 -0.48437500 0.20312500
v 0.42187500 -0.42187500 0.20312500
v 0.42187500 -0.35937500 0.20312500
v 0.42187500 -0.23437500 0.20312500
v 0.42187500 -0.17187500 0.20312500
v 0.42187500 -0.14062500 0.20312500
v 0.42187500 -0.07812500 0.20312500
v 0.42187500 -0.04687500 0.20312500
v 0.42187500 0.01562500 0.20312500
v 0.42187500 0.07812500 0.20312500
v 0.42187500 0.14062500 0.20312500
v 0.42187500 0.20312500 0.20312500
v 0.42187500 0.26562500 0.20312500
v 0.45312500 0.07812500 0.20312500
v 0.45312500 0.14062500 0.20312500
v 0.45312500 0.20312500 0.20312500
v 0.45312500 0.26562500 0.20312500
v -0.20312500 0.35937500 0.23437500
v -0.20312500 0.45312500 0.23437500
v -0.17187500 0.45312500 0.23437500
v -0.14062500 0.17187500 0.23437500
v -0.10937500 0.17187500 0.23437500
v -0.10937500 0.20312500 0.23437500
v -0.10937500 0.32812500 0.23437500
v -0.10937500 0.35937500 0.23437500
v -0.10937500 0.39062500 0.23437500
v -0.07812500 0.14062500 0.23437500
v -0.07812500 0.17187500 0.23437500
v -0.04687500 0.10937500 0.23437500
v -0.04687500 0.17187500 0.23437500
v -0.04687500 0.29687500 0.23437500
v -0.04687500 0.45312500 0.23437500
v 0.01562500 0.10937500 0.23437500
v 0.01562500 0.29687500 0.23437500
v 0.04687500 0.10937500 0.23437500
v 0.04687500 0.17187500 0.23437500
v 0.04687500 0.29687500 0.23437500
v 0.10937500 0.20312500 0.23437500
v 0.10937500 0.32812500 0.23437500
v 0.14062500 0.17187500 0.23437500
v 0.14062500 0.45312500 0.23437500
v 0.17187500 0.35937500 0.23437500
v 0.20312500 0.35937500 0.23437500
v 0.20312500 0.48437500 0.23437500
v 0.23437500 0.35937500 0.23437500
v 0.23437500 0.39062500 0.23437500
v 0.23437500 0.45312500 0.23437500
v -0.14062500 0.39062500 0.26562500
v -0.10937500 0.32812500 0.26562500
v -0.10937500 0.35937500 0.26562500
v -0.10937500 0.39062500 0.26562500
v -0.10937500 0.42187500 0.26562500
v -0.07812500 0.14062500 0.26562500
v -0.04687500 0.14062500 0.26562500
v -0.04687500 0.17187500 0.26562500
v -0.04687500 0.29687500 0.26562500
v -0.04687500 0.45312500 0.26562500
v 0.01562500 0.14062500 0.26562500
v 0.01562500 0.17187500 0.26562500
v 0.01562500 0.29687500 0.26562500
v 0.01562500 0.45312500 0.26562500
v 0.04687500 0.29687500 0.26562500
v 0.04687500 0.45312500 0.26562500
v 0.07812500 0.32812500 0.26562500
v 0.10937500 0.32812500 0.26562500
v 0.14062500 0.39062500 0.26562500
v 0.14062500 0.42187500 0.26562500
v 0.17187500 0.35937500 0.26562500
v 0.17187500 0.39062500 0.26562500
v 0.17187500 0.45312500 0.26562500
v 0.20312500 0.35937500 0.26562500
v 0.20312500 0.39062500 0.26562500
v 0.20312500 0.45312500 0.26562500
v 0.23437500 0.35937500 0.26562500
v 0.23437500 0.39062500 0.26562500
v 0.23437500 0.42187500 0.26562500
v 0.23437500 0.45312500 0.26562500
v -0.10937500 0.32812500 0.29687500
v -0.04687500 0.29687500 0.29687500
v -0.04687500 0.45312500 0.29687500
v 0.01562500 0.29687500 0.29687500
v 0.01562500 0.45312500 0.29687500
v 0.10937500 0.32812500 0.29687500
v 0.10937500 0.42187500 0.29687500
v 0.14062500 0.35937500 0.29687500
v -0.14062500 0.35937500 0.35937500
v -0.10937500 0.32812500 0.35937500
v -0.10937500 0.39062500 0.35937500
v -0.07812500 0.42187500 0.35937500
v -0.04687500 0.29687500 0.35937500
v -0.04687500 0.45312500 0.35937500
v -0.01562500 0.29687500 0.35937500
v 0.01562500 0.45312500 0.35937500
v 0.04687500 0.29687500 0.35937500
v 0.04687500 0.45312500 0.35937500
v 0.07812500 0.29687500 0.35937500
v 0.07812500 0.42187500 0.35937500
v 0.10937500 0.32812500 0.35937500
v 0.10937500 0.35937500 0.35937500
v 0.10937500 0.39062500 0.35937500
v 0.14062500 0.35937500 0.35937500
v -0.10937500 0.32812500 0.39062500
v -0.10937500 0.35937500 0.39062500
v -0.10937500 0.39062500 0.39062500
v -0.07812500 0.42187500 0.39062500
v -0.04687500 0.29687500 0.39062500
v -0.04687500 0.45312500 0.39062500
v -0.01562500 0.29687500 0.39062500
v 0.01562500 0.45312500 0.39062500
v 0.04687500 0.29687500 0.39062500
v 0.04687500 0.45312500 0.39062500
v 0.07812500 0.29687500 0.39062500
v 0.07812500 0.42187500 0.39062500
v 0.10937500 0.32812500 0.39062500
v 0.10937500 0.35937500 0.39062500
v 0.10937500 0.39062500 0.39062500
v -0.10937500 0.35937500 0.45312500
v -0.07812500 0.32812500 0.45312500
v -0.07812500 0.39062500 0.45312500
v -0.04687500 0.29687500 0.45312500
v -0.04687500 0.45312500 0.45312500
v -0.01562500 0.29687500 0.45312500
v 0.01562500 0.45312500 0.45312500
v 0.04687500 0.29687500 0.45312500
v 0.07812500 0.32812500 0.45312500
v 0.10937500 0.35937500 0.45312500
v 0.10937500 0.39062500 0.45312500
v -0.07812500 0.35937500 0.48437500
v -0.07812500 0.39062500 0.48437500
v -0.07812500 0.42187500 0.48437500
v -0.04687500 0.45312500 0.48437500
v 0.01562500 0.48437500 0.48437500
v 0.04687500 0.45312500 0.48437500
v 0.07812500 0.35937500 0.48437500
v 0.07812500 0.39062500 0.48437500
v 0.07812500 0.42187500 0.48437500
v -0.07812500 0.35937500 0.51562500
v -0.07812500 0.39062500 0.51562500
v -0.04687500 0.32812500 0.51562500
v -0.01562500 0.48437500 0.51562500
v 0.01562500 0.48437500 0.51562500
v 0.04687500 0.45312500 0.51562500
v 0.07812500 0.35937500 0.51562500
v 0.07812500 0.39062500 0.51562500
v 0.07812500 0.42187500 0.51562500
v -0.07812500 0.39062500 0.54687500
v -0.04687500 0.35937500 0.54687500
v -0.04687500 0.42187500 0.54687500
v -0.01562500 0.32812500 0.54687500
v 0.01562500 0.48437500 0.54687500
v 0.04687500 0.42187500 0.54687500
v 0.07812500 0.39062500 0.54687500
v -0.04687500 0.39062500 0.57812500
v -0.04687500 0.45312500 0.57812500
v -0.01562500 0.35937500 0.57812500
v -0.01562500 0.51562500 0.57812500
v 0.01562500 0.35937500 0.57812500
v 0.01562500 0.51562500 0.57812500
v -0.07812500 0.45312500 0.60937500
v -0.04687500 0.42187500 0.60937500
v -0.01562500 0.39062500 0.60937500
v 0.01562500 0.39062500 0.60937500
v 0.01562500 0.51562500 0.60937500
v 0.04687500 0.48437500 0.60937500
v 0.04687500 0.51562500 0.60937500
v -0.04687500 0.42187500 0.64062500
v -0.01562500 0.42187500 0.64062500
v 0.01562500 0.42187500 0.64062500
v 0.01562500 0.51562500 0.64062500
v 0.04687500 0.42187500 0.64062500
v 0.04687500 0.45312500 0.64062500
v 0.04687500 0.48437500 0.64062500
v 0.01562500 0.45312500 0.67187500
f 39 39 39
f 39 40 39
f 43 39 42
f 39 32 42
f 460 39 32
f 39 43 32
f 42 41 39
f 42 39 39
f 444 38 39
f 32 39 40
f 40 42 39
f 38 39 39
f 35 466 437
f 35 34 466
f 493 448 36
f 41 39 446
f 39 40 446
f 41 430 53
f 32 457 43
f 32 458 457
f 442 441 44
f 442 46 441
f 441 44 46
f 44 442 46
f 434 47 419
f 434 49 47
f 436 48 450
f 436 49 48
f 436 49 450
f 3452 433 419
f 48 450 49
f 49 48 49
f 434 49 49
f 419 434 49
f 419 49 47
f 419 47 432
f 432 449 432
f 432 50 449
f 432 432 419
f 419 432 3452
f 449 432 50
f 434 49 419
f 49 47 419
f 499 52 3360
f 3353 3360 2904
f 3353 499 3360
f 427 54 428
f 427 429 54
f 424 443 443
f 501 58 57
f 443 424 501
f 501 1 425
f 424 425 1
f 425 58 56
f 1 501 443
f 54 428 427
f 425 1 425
f 425 58 501
f 58 56 54
f 427 429 54
f 58 425 58
f 54 56 54
f 56 58 58
f 428 54 54
f 443 443 424
f 424 3283 501
f 1 443 424
f 57 3500 501
f 426 56 56
f 425 58 425
f 3289 56 426
f 56 56 54
f 444 59 41
f 444 3509 59
f 61 60 62
f 420 60 421
f 420 62 60
f 61 422 62
f 60 61 61
f 60 422 61
f 420 61 421
f 420 61 61
f 61 60 62
f 420 62 422
f 62 60 422
f 62 62 61
f 61 62 62
f 62 422 420
f 420 60 422
f 420 61 60
f 64 63 416
f 64 417 63
f 63 418 416
f 63 418 417
f 64 418 416
f 64 417 418
f 413 412 412
f 65 414 412
f 414 412 412
f 65 412 415
f 413 412 66
f 504 67 410
f 404 74 85
f 74 411 85
f 79 78 89
f 78 77 89
f 505 78 407
f 78 77 89
f 78 505 71
f 78 77 78
f 89 79 78
f 78 78 71
f 79 77 89
f 79 78 77
f 396 397 81
f 397 82 81
f 82 507 81
f 395 83 394
f 386 388 3
f 385 387 386
f 3 388 387
f 384 2 385
f 2 85 74
f 404 74 85
f 404 403 74
f 392 85 2
f 2 386 3
f 74 386 2
f 2 384 392
f 3 387 385
f 2 3 385
f 390 88 87
f 89 90 389
f 90 389 89
f 91 377 376
f 378 376 376
f 376 377 376
f 378 377 376
f 109 4 360
f 363 103 104
f 104 105 102
f 108 95 4
f 95 359 95
f 359 108 95
f 4 109 364
f 359 109 95
f 102 108 4
f 103 103 104
f 104 127 363
f 104 102 127
f 103 363 103
f 111 361 360
f 108 95 109
f 364 104 102
f 363 104 364
f 109 109 4
f 4 364 102
f 111 360 95
f 95 108 95
f 95 360 4
f 359 95 359
f 359 109 95
f 108 109 109
f 95 359 359
f 103 104 363
f 97 112 143
f 97 96 112
f 112 373 143
f 96 143 97
f 96 112 143
f 123 99 368
f 369 367 100
f 124 379 342
f 379 101 342
f 127 105 102
f 127 104 105
f 365 363 364
f 363 103 364
f 104 105 102
f 102 127 104
f 358 305 110
f 305 512 110
f 112 514 113
f 351 5 514
f 351 321 149
f 132 5 149
f 132 115 5
f 352 113 114
f 514 5 113
f 5 114 113
f 350 115 132
f 371 115 115
f 371 132 115
f 371 349 132
f 114 5 115
f 115 114 115
f 149 5 351
f 353 114 352
f 132 115 349
f 115 371 349
f 382 345 154
f 345 382 116
f 117 382 154
f 116 346 345
f 118 343 119
f 343 134 119
f 134 119 343
f 119 118 343
f 101 380 381
f 123 381 368
f 101 381 124
f 381 99 368
f 123 124 381
f 379 101 124
f 124 101 125
f 124 379 101
f 101 342 125
f 125 366 126
f 9 6 7
f 137 7 6
f 6 300 129
f 300 9 298
f 7 137 160
f 255 539 8
f 8 286 194
f 6 9 300
f 300 6 338
f 286 8 7
f 6 129 137
f 9 539 192
f 300 128 6
f 6 128 338
f 7 160 286
f 8 539 7
f 192 298 9
f 194 255 8
f 9 7 539
f 360 130 111
f 360 2389 130
f 360 111 361
f 337 111 130
f 112 373 522
f 131 522 143
f 522 373 143
f 143 354 131
f 306 307 10
f 185 306 10
f 527 136 307
f 136 308 10
f 308 185 10
f 136 10 307
f 138 164 195
f 279 195 163
f 521 163 164
f 163 195 164
f 163 164 279
f 139 322 168
f 139 322 140
f 322 168 140
f 146 170 172
f 170 141 172
f 171 141 142
f 336 131 144
f 96 112 143
f 514 96 143
f 143 144 131
f 143 131 514
f 214 144 145
f 146 294 170
f 170 141 146
f 318 148 183
f 151 148 148
f 151 183 148
f 348 321 149
f 149 148 148
f 149 148 348
f 348 321 148
f 321 149 148
f 154 120 120
f 154 313 155
f 154 344 154
f 154 154 155
f 117 120 154
f 117 154 344
f 517 120 121
f 517 120 120
f 306 157 261
f 186 185 306
f 261 186 306
f 286 287 160
f 287 137 160
f 163 299 162
f 163 165 299
f 163 166 165
f 168 140 322
f 322 297 296
f 296 168 169
f 296 168 322
f 168 140 168
f 168 168 169
f 247 169 179
f 247 275 169
f 172 170 11
f 170 1972 11
f 239 11 1972
f 239 182 11
f 182 172 11
f 239 206 182
f 239 1972 205
f 146 170 181
f 146 294 170
f 172 543 141
f 543 271 534
f 543 1854 271
f 1854 543 207
f 141 543 171
f 534 271 245
f 1854 542 271
f 533 171 534
f 543 534 171
f 173 147 209
f 147 237 209
f 285 177 288
f 1874 189 250
f 284 178 1774
f 189 197 250
f 284 1874 137
f 137 178 284
f 325 178 137
f 1874 284 189
f 178 283 1774
f 181 170 243
f 181 294 170
f 243 181 272
f 206 182 239
f 537 183 318
f 148 151 270
f 151 537 270
f 269 183 270
f 318 148 270
f 183 318 270
f 537 151 183
f 182 320 293
f 182 172 146
f 182 146 320
f 268 233 184
f 233 184 233
f 264 233 233
f 264 233 265
f 153 152 316
f 265 264 233
f 233 184 233
f 264 233 233
f 233 184 153
f 153 233 153
f 316 153 153
f 233 184 153
f 184 268 153
f 262 261 157
f 185 157 186
f 157 186 157
f 157 157 156
f 157 156 176
f 157 176 186
f 261 186 157
f 157 262 185
f 262 186 185
f 218 14 190
f 218 253 14
f 251 196 12
f 253 14 187
f 253 253 12
f 13 253 12
f 196 258 12
f 12 253 251
f 12 13 12
f 253 253 14
f 12 196 12
f 12 253 13
f 187 12 253
f 14 12 253
f 253 14 14
f 186 14 190
f 257 260 14
f 260 187 14
f 14 187 12
f 14 14 14
f 14 187 257
f 14 14 187
f 14 14 190
f 258 191 257
f 258 256 191
f 254 249 192
f 254 193 249
f 191 284 256
f 255 256 194
f 256 284 194
f 255 193 256
f 254 193 256
f 251 12 253
f 251 196 12
f 248 277 198
f 248 259 277
f 167 250 199
f 249 167 298
f 167 249 250
f 255 249 298
f 167 192 298
f 198 541 277
f 541 259 277
f 198 248 541
f 204 179 240
f 179 246 240
f 240 246 200
f 247 246 179
f 204 201 179
f 204 204 215
f 202 204 203
f 200 247 246
f 200 240 15
f 15 203 215
f 247 201 179
f 204 204 203
f 15 215 204
f 15 201 200
f 201 247 200
f 201 15 204
f 240 203 15
f 18 207 16
f 21 238 17
f 21 18 20
f 141 22 170
f 204 16 215
f 22 21 17
f 20 18 244
f 18 16 244
f 21 20 207
f 16 207 205
f 17 170 22
f 19 295 180
f 243 19 294
f 2099 295 141
f 207 238 21
f 141 19 22
f 243 21 22
f 243 207 21
f 20 244 207
f 19 180 294
f 21 207 18
f 206 182 17
f 16 205 215
f 206 17 238
f 172 17 182
f 172 170 17
f 204 244 16
f 141 142 335
f 141 295 19
f 142 171 335
f 22 19 243
f 335 141 141
f 141 295 141
f 146 293 172
f 293 182 172
f 146 320 293
f 235 212 211
f 212 210 211
f 235 209 212
f 237 210 211
f 209 237 209
f 235 212 216
f 210 209 212
f 209 212 235
f 209 209 235
f 237 209 210
f 293 206 24
f 23 272 243
f 239 206 293
f 146 320 24
f 145 532 1973
f 202 240 203
f 145 214 144
f 144 145 145
f 204 205 215
f 202 216 145
f 532 145 145
f 23 24 206
f 204 203 240
f 1973 202 145
f 204 204 240
f 205 204 244
f 244 272 23
f 24 23 243
f 146 24 181
f 202 203 216
f 24 320 293
f 206 205 23
f 243 181 24
f 244 204 204
f 205 244 23
f 253 190 218
f 253 14 190
f 228 219 229
f 225 220 549
f 225 224 220
f 550 222 551
f 222 223 551
f 230 547 227
f 229 228 219
f 231 1962 1841
f 231 1841 219
f 219 231 219
f 228 219 219
f 234 233 208
f 172 208 267
f 208 233 267
f 267 544 172
f 205 241 207
f 204 241 203
f 207 241 204
f 207 204 244
f 203 215 204
f 203 216 215
f 211 237 209
f 209 210 211
f 169 169 179
f 179 247 275
f 179 275 169
f 169 296 169
f 296 168 169
f 249 199 280
f 249 250 199
f 278 252 299
f 252 165 299
f 191 284 194
f 249 250 280
f 250 199 280
f 186 261 186
f 260 176 186
f 186 260 186
f 186 157 262
f 186 262 261
f 268 265 264
f 233 184 268
f 264 233 268
f 268 153 265
f 233 317 153
f 233 152 317
f 151 183 173
f 183 209 173
f 247 275 274
f 275 324 274
f 275 324 247
f 324 274 247
f 536 2102 2090
f 2102 2366 2090
f 536 276 2102
f 192 281 161
f 192 280 281
f 192 254 193
f 193 282 192
f 284 25 286
f 158 304 177
f 25 137 286
f 25 284 285
f 177 283 325
f 177 25 283
f 177 137 25
f 177 283 177
f 305 304 158
f 177 304 177
f 283 25 285
f 159 137 326
f 137 160 326
f 175 314 290
f 175 535 314
f 292 332 291
f 332 333 291
f 146 294 181
f 294 170 181
f 192 280 298
f 298 161 192
f 162 164 521
f 162 163 164
f 286 287 137
f 137 160 286
f 306 157 327
f 157 156 327
f 306 308 185
f 306 307 308
f 311 331 310
f 311 312 331
f 153 152 316
f 150 149 151
f 149 148 151
f 168 140 322
f 140 139 356
f 291 292 333
f 292 332 333
f 334 515 2497
f 2482 2488 2337
f 515 2488 2497
f 2488 515 2337
f 338 129 128
f 338 339 129
f 134 118 343
f 134 119 118
f 369 367 100
f 123 99 368
f 367 99 367
f 369 367 367
f 123 367 99
f 154 117 120
f 375 405 92
f 405 92 375
f 75 386 385
f 384 392 393
f 384 393 383
f 383 75 385
f 85 74 75
f 385 384 383
f 74 386 75
f 402 400 90
f 398 400 398
f 398 90 400
f 389 398 90
f 398 398 90
f 392 385 384
f 392 404 385
f 385 404 386
f 85 404 392
f 404 74 386
f 395 83 394
f 400 406 402
f 399 406 400
f 399 400 90
f 406 506 402
f 402 398 401
f 402 400 398
f 74 73 85
f 73 75 85
f 70 69 76
f 412 65 414
f 412 66 65
f 412 415 65
f 65 414 412
f 416 3041 63
f 423 438 63
f 3041 423 63
f 64 63 418
f 63 64 417
f 416 64 418
f 60 422 61
f 422 420 61
f 420 62 61
f 424 501 443
f 424 426 501
f 54 428 429
f 428 427 429
f 55 427 431
f 55 428 427
f 466 437 34
f 437 35 34
f 441 442 46
f 441 44 442
f 447 445 37
f 457 43 458
f 43 32 458
f 43 42 459
f 43 32 42
f 38 39 459
f 38 463 462
f 3769 3874 3770
f 3769 469 3874
f 480 487 28
f 478 475 3985
f 478 3985 3993
f 3975 3958 3956
f 475 3958 3975
f 475 3975 475
f 3985 475 475
f 478 475 478
f 3988 478 478
f 479 480 478
f 480 3988 480
f 480 480 487
f 480 3988 478
f 488 27 485
f 485 483 488
f 470 471 468
f 455 456 451
f 65 412 66
f 69 76 70
f 88 87 390
f 366 126 125
f 310 311 312
f 312 331 310
f 311 312 310
f 312 331 310
f 332 333 292
f 333 291 292
f 280 281 199
f 269 183 270
f 233 266 264
f 233 232 266
f 548 1640 1717
f 1717 1712 226
f 1717 226 548
f 1180 1047 221
f 1180 221 1051
f 1052 1180 1051
f 1894 1806 2012
f 1894 1797 1806
f 1986 2125 2116
f 2125 2399 2116
f 2924 3114 2609
f 2924 2925 3114
f 2633 2631 2754
f 2633 2634 2631
f 2964 2969 2780
f 2964 3149 2969
f 3249 3236 3453
f 3249 3034 3236
f 3703 3485 3719
f 3485 3493 3719
f 3715 3738 3739
f 3738 3757 3739
f 4007 4009 4008
f 4009 4007 4006
f 4009 484 4005
f 4008 4009 4005
f 4006 4004 4009
f 485 4005 484
f 484 483 485
f 484 4009 486
f 4004 486 4009
f 486 4004 4003
f 483 484 486
f 4003 4002 486
f 4008 4005 4001
f 4007 4008 4000
f 4001 4000 4008
f 4006 4007 487
f 485 3999 4005
f 4001 4005 3999
f 4004 4006 3998
f 4003 4004 3998
f 487 3998 4006
f 483 485 27
f 3999 485 27
f 4002 4003 3997
f 3998 3997 4003
f 483 488 485
f 486 488 483
f 27 485 488
f 27 488 483
f 486 484 482
f 488 486 482
f 4002 3996 486
f 3996 4002 3997
f 482 486 3995
f 3996 3995 486
f 4000 4001 481
f 4000 28 4007
f 28 487 4007
f 28 487 26
f 481 26 28
f 481 28 4000
f 487 480 26
f 480 3998 487
f 28 26 480
f 487 28 480
f 3999 3994 4001
f 3994 3999 27
f 3994 481 4001
f 3998 480 3993
f 3992 27 488
f 27 3992 3994
f 3997 3998 3991
f 3993 3991 3998
f 482 489 488
f 488 489 3992
f 3990 482 3995
f 3996 3990 3995
f 489 482 3990
f 3997 3989 3996
f 3989 3997 3991
f 3996 3989 3990
f 3988 480 3987
f 481 3994 3986
f 3992 3986 3994
f 489 476 3992
f 3990 476 489
f 3986 3992 476
f 3991 3993 3985
f 3991 3983 3989
f 3983 3991 3985
f 3984 3989 3982
f 3983 3982 3989
f 3980 3988 3987
f 3980 478 3988
f 3980 3987 3981
f 3979 478 3980
f 28 481 3978
f 480 28 3978
f 3978 3987 480
f 3986 3978 481
f 3978 3981 3987
f 3993 480 479
f 478 3993 479
f 478 3979 479
f 3977 3986 476
f 3977 3978 3986
f 479 475 478
f 476 3976 3977
f 3989 477 3990
f 476 489 477
f 476 3990 477
f 477 3989 3984
f 3976 476 477
f 3985 3975 3983
f 3985 475 3975
f 3982 3974 3984
f 3982 3983 3974
f 3984 3974 477
f 3975 3973 3983
f 3974 3983 3973
f 3978 3972 3981
f 3980 3981 3971
f 3972 3971 3981
f 3979 3980 3970
f 3971 3970 3980
f 3972 3978 3969
f 3978 3977 3968
f 3968 3969 3978
f 3976 3967 3977
f 477 3966 3976
f 3974 3966 477
f 3967 3976 3966
f 3966 3974 3965
f 3973 3964 3974
f 3965 3974 3964
f 3963 3971 3972
f 3971 3963 3970
f 3962 3970 3963
f 479 3979 3961
f 3970 3961 3979
f 3970 3962 3961
f 475 479 3960
f 3961 3960 479
f 3969 3959 3972
f 3968 3977 3959
f 3969 3968 3959
f 3959 3977 3967
f 3960 3958 475
f 3957 3967 3966
f 3967 3957 3959
f 3965 3955 3966
f 3955 3965 3964
f 3966 3955 3957
f 3973 3975 3954
f 3964 3973 3954
f 3956 3954 3975
f 3964 3953 3955
f 3953 3964 3954
f 3962 3963 3952
f 3961 3962 3951
f 3952 3951 3962
f 3951 3950 3961
f 3963 3972 3949
f 3959 3949 3972
f 3949 3952 3963
f 3960 3961 3948
f 3950 3948 3961
f 3949 3959 3947
f 3958 3960 3946
f 3948 3946 3960
f 3957 3945 3959
f 3947 3959 3945
f 3956 3958 3944
f 3946 3944 3958
f 3955 3943 3957
f 3945 3957 3943
f 3954 3956 3942
f 3944 3942 3956
f 3943 3955 3941
f 3953 3940 3955
f 3941 3955 3940
f 3954 3939 3953
f 3940 3953 3939
f 3942 3938 3954
f 3939 3954 3938
f 3950 3951 3937
f 3951 3952 3936
f 3937 3951 3935
f 3936 3935 3951
f 3948 3950 3934
f 3937 3934 3950
f 3952 3949 3933
f 3933 3936 3952
f 3946 3948 3932
f 3934 3932 3948
f 3947 3931 3949
f 3933 3949 3931
f 3944 3946 3930
f 3932 3930 3946
f 3945 3929 3947
f 3943 3929 3945
f 3931 3947 3929
f 3942 3944 3928
f 3930 3928 3944
f 3941 3927 3943
f 3929 3943 3927
f 3938 3942 3926
f 3928 3926 3942
f 3940 3925 3941
f 3927 3941 3925
f 3939 3924 3940
f 3925 3940 3924
f 3938 3923 3939
f 3926 3923 3938
f 3924 3939 3922
f 3923 3922 3939
f 3934 3937 3921
f 3931 3920 3933
f 3932 3934 3919
f 3921 3919 3934
f 3929 3918 3931
f 3927 3918 3929
f 3920 3931 3918
f 3928 3930 3917
f 3925 3916 3927
f 3918 3927 3916
f 3926 3928 3915
f 3917 3915 3928
f 3924 474 3925
f 3922 474 3924
f 3916 3925 474
f 3923 3926 3914
f 3922 3923 3914
f 3915 3914 3926
f 474 3922 490
f 3914 490 3922
f 3912 3908 3913
f 3911 3908 3912
f 3909 3913 3908
f 3910 3907 3911
f 3908 3911 3907
f 3908 3905 3909
f 3906 3909 3905
f 3907 3904 3908
f 3905 3908 3904
f 3903 3906 3905
f 463 3906 3903
f 3905 3902 3903
f 29 3919 3921
f 3904 29 3905
f 3902 3905 29
f 3902 491 3903
f 3936 3933 473
f 3920 473 3933
f 29 473 3902
f 491 473 3920
f 491 3902 473
f 3919 29 3901
f 3930 3932 3900
f 3919 3900 3932
f 3900 3917 3930
f 3901 3900 3919
f 3899 3920 3918
f 491 3920 3899
f 3898 3917 3900
f 3897 3918 3916
f 3918 3897 3899
f 3896 3915 3917
f 3917 3898 3896
f 471 3894 3895
f 3893 3916 474
f 3916 3893 3897
f 3892 3914 3915
f 3915 3896 3892
f 3894 3890 3895
f 3891 3895 3890
f 3890 3889 3891
f 3888 3893 474
f 3914 3892 3885
f 3884 474 490
f 474 3884 3888
f 490 474 472
f 490 3914 472
f 3886 3887 472
f 3885 472 3914
f 3885 3886 472
f 490 472 3884
f 3884 472 3887
f 3912 3913 3883
f 3909 3883 3913
f 3911 3912 3882
f 3910 3911 3882
f 3883 3882 3912
f 3906 3880 3909
f 3880 3883 3909
f 3907 3910 3879
f 3882 3879 3910
f 3881 3879 3882
f 463 462 3906
f 3880 3906 462
f 3904 3907 3878
f 3879 3878 3907
f 462 463 3877
f 3903 460 463
f 491 460 3903
f 473 29 40
f 29 3904 31
f 3901 29 31
f 3878 31 3904
f 40 29 31
f 473 32 491
f 460 491 32
f 40 32 473
f 40 460 32
f 3900 3901 3875
f 3898 3900 3875
f 31 3875 3901
f 471 468 30
f 471 30 470
f 469 30 470
f 469 3876 470
f 469 470 3874
f 468 470 30
f 468 471 470
f 468 3874 470
f 3896 3898 3873
f 3875 3873 3898
f 471 3895 3872
f 468 471 3872
f 3894 471 3871
f 470 3871 471
f 3899 458 491
f 3897 458 3899
f 3893 458 3897
f 32 491 458
f 3892 3896 3870
f 3873 3870 3896
f 3871 3869 3894
f 3888 3868 3893
f 458 3893 3868
f 3885 3892 3867
f 3870 3867 3892
f 3891 3866 3895
f 3890 3894 3865
f 3869 3865 3894
f 3889 3864 3891
f 3866 3891 3864
f 3889 3890 3863
f 3865 3863 3890
f 3864 3889 3863
f 3884 467 3888
f 3884 3887 467
f 3868 3888 467
f 3886 3862 3887
f 467 3887 3862
f 3885 3861 3886
f 3862 3886 3861
f 3867 3860 3885
f 3861 3885 3860
f 3858 3864 3863
f 3864 3858 3859
f 3862 35 467
f 3863 3857 3858
f 35 3856 3855
f 3855 34 35
f 34 35 466
f 3852 3848 3853
f 3849 3853 3848
f 3851 3847 3852
f 3848 3852 3847
f 3850 3846 3851
f 3847 3851 3846
f 3846 3850 3845
f 3840 3836 3841
f 36 3835 3840
f 3836 3840 3835
f 3839 3834 36
f 3835 36 3834
f 3838 3833 3839
f 3834 3839 3833
f 3832 3838 3837
f 3833 3838 3832
f 3837 3831 3832
f 3848 3828 3849
f 465 3849 3828
f 3847 3827 3848
f 3846 3827 3847
f 3828 3848 3827
f 3827 3846 3826
f 3845 3825 3846
f 3826 3846 3825
f 3844 3824 3845
f 3825 3845 3824
f 3843 3823 3844
f 3824 3844 3823
f 3842 3822 3843
f 3823 3843 3822
f 3841 3821 3842
f 3836 3821 3841
f 3822 3842 3821
f 3833 3820 3834
f 3832 3819 3833
f 3820 3833 3819
f 3831 3818 3832
f 3830 3818 3831
f 3819 3832 3818
f 3818 3830 3817
f 3815 3820 3819
f 3818 3814 3819
f 3814 3818 3817
f 3819 3814 3815
f 3817 3813 3814
f 3829 465 464
f 3828 464 465
f 3812 465 464
f 3827 3811 3828
f 464 3828 3811
f 3826 3810 3827
f 3811 3827 3810
f 3825 3809 3826
f 3810 3826 3809
f 3824 3808 3825
f 3809 3825 3808
f 3823 3807 3824
f 3808 3824 3807
f 3822 3806 3823
f 3821 3806 3822
f 3816 3806 3821
f 3807 3823 3806
f 3806 3816 3805
f 3813 3803 3814
f 3804 3814 3803
f 3803 3813 3802
f 3801 3882 3883
f 3800 3881 3882
f 3882 3801 3800
f 464 3798 3812
f 3799 3812 3798
f 3811 3797 464
f 3798 464 3797
f 3810 3796 3811
f 3797 3811 3796
f 3809 3795 3810
f 3796 3810 3795
f 3808 3794 3809
f 3795 3809 3794
f 3807 3793 3808
f 3806 3793 3807
f 3794 3808 3793
f 3805 3792 3806
f 3793 3806 3792
f 3792 3805 3791
f 3790 3883 3880
f 3790 3880 462
f 3879 3881 3789
f 3881 3800 3789
f 3803 3786 3804
f 3802 3785 3803
f 3786 3803 3785
f 3785 3802 3784
f 3798 3781 3799
f 3788 3799 3781
f 3797 3780 3798
f 3781 3798 3780
f 3796 3779 3797
f 3780 3797 3779
f 3795 3778 3796
f 3779 3796 3778
f 3794 3777 3795
f 3778 3795 3777
f 3793 3776 3794
f 3792 3776 3793
f 3777 3794 3776
f 3791 3775 3792
f 3787 3775 3791
f 3776 3792 3775
f 3783 3773 3774
f 3782 3772 3783
f 3773 3783 3772
f 461 3771 3782
f 3772 3782 3771
f 462 463 38
f 3877 463 38
f 3877 38 462
f 38 463 460
f 3771 461 38
f 39 460 40
f 460 39 38
f 38 461 39
f 3878 3879 446
f 31 3878 446
f 31 446 40
f 446 3875 31
f 3789 446 3879
f 40 446 3789
f 37 446 447
f 3876 469 3769
f 37 3788 3769
f 3781 3769 3788
f 447 37 3769
f 3770 447 3769
f 3780 3768 3781
f 3876 3769 3768
f 3769 3781 3768
f 3776 3767 3777
f 3767 3776 3775
f 3775 3766 3767
f 3775 3787 3765
f 3766 3775 3765
f 3765 3787 3764
f 3785 3761 3786
f 3784 3760 3785
f 3761 3785 3760
f 3760 3784 3759
f 3773 3758 3774
f 38 459 3771
f 39 38 459
f 32 42 460
f 32 40 42
f 39 460 42
f 40 39 42
f 32 459 42
f 459 39 42
f 3875 446 3757
f 3756 3874 468
f 3874 3756 3770
f 470 3876 3755
f 3755 3871 470
f 3768 3755 3876
f 3779 3754 3780
f 3768 3780 3754
f 3755 3768 3754
f 3778 3753 3779
f 3754 3779 3753
f 3777 3752 3778
f 3767 3752 3777
f 3753 3778 3752
f 3766 3751 3767
f 3752 3767 3751
f 3751 3766 3750
f 3765 3749 3766
f 3750 3766 3749
f 3764 3748 3765
f 3749 3765 3748
f 3763 3747 3764
f 3762 3747 3763
f 3748 3764 3747
f 3761 3746 3762
f 3747 3762 3746
f 3760 3745 3761
f 3746 3761 3745
f 3759 3744 3760
f 3745 3760 3744
f 3744 3759 3743
f 3758 3773 3742
f 3772 3741 3773
f 3742 3773 3741
f 3771 3740 3772
f 3740 3771 459
f 3741 3772 3740
f 32 43 458
f 43 459 32
f 32 43 42
f 43 459 42
f 459 43 3740
f 3757 446 3739
f 3738 3873 3875
f 3873 3738 3870
f 3757 3738 3875
f 3737 3756 468
f 3753 3736 3754
f 3735 3753 3752
f 3736 3753 3735
f 3734 3752 3751
f 3752 3734 3735
f 3750 3733 3751
f 3733 3750 3749
f 3741 3731 3742
f 3732 3742 3731
f 3740 3730 3741
f 43 3730 3740
f 3731 3741 3730
f 3872 3729 468
f 468 3729 3737
f 3736 3728 3754
f 3735 3727 3736
f 3734 3727 3735
f 3728 3736 3727
f 3749 3726 3733
f 3748 3725 3749
f 3747 3725 3748
f 3726 3749 3725
f 3746 3724 3747
f 3725 3747 3724
f 3745 3723 3746
f 3724 3746 3723
f 3744 3722 3745
f 3723 3745 3722
f 3743 3721 3744
f 3722 3744 3721
f 3721 3743 3720
f 3731 3719 3732
f 3730 3718 3731
f 3719 3731 3718
f 3730 43 3717
f 3718 3730 3717
f 458 32 457
f 457 458 3868
f 32 43 457
f 458 43 457
f 3717 43 457
f 3715 3867 3870
f 3870 3738 3715
f 3716 3715 3739
f 3872 3895 3714
f 3714 3895 3866
f 3729 3872 3714
f 3869 3871 3713
f 3871 3755 3713
f 3754 3713 3755
f 3713 3754 3728
f 3712 3728 3727
f 3728 3712 3713
f 3727 3711 3712
f 3725 3709 3726
f 3710 3726 3709
f 3724 3708 3725
f 3709 3725 3708
f 3723 3707 3724
f 3708 3724 3707
f 3722 3706 3723
f 3707 3723 3706
f 3721 3705 3722
f 3706 3722 3705
f 3720 3704 3721
f 3705 3721 3704
f 3711 456 3712
f 3718 3702 3719
f 3703 3719 3702
f 3717 3701 3718
f 3702 3718 3701
f 3701 3717 3700
f 494 3868 467
f 3868 494 457
f 457 494 3717
f 3700 3717 494
f 3699 3860 3867
f 3867 3715 3699
f 3715 3716 3699
f 3698 3866 3864
f 3866 3698 3714
f 3865 3869 3697
f 3713 3697 3869
f 3697 3713 3696
f 3712 455 3713
f 456 455 3712
f 3696 3713 455
f 455 492 456
f 3709 3695 3710
f 3708 3694 3709
f 3695 3709 3694
f 3707 3693 3708
f 3694 3708 3693
f 3706 3692 3707
f 3693 3707 3692
f 3705 3691 3706
f 3692 3706 3691
f 3704 3690 3705
f 3691 3705 3690
f 3690 3704 3689
f 3702 44 3703
f 44 3702 3688
f 3701 3687 3702
f 3688 3702 3687
f 3700 33 3701
f 33 494 467
f 494 33 3700
f 3687 3701 33
f 3686 3698 3864
f 455 456 451
f 492 451 456
f 492 455 451
f 3685 455 451
f 451 492 454
f 442 44 3688
f 3687 3683 3688
f 453 33 467
f 33 453 3687
f 3683 3687 453
f 467 33 452
f 467 452 453
f 453 33 452
f 3860 3699 3682
f 3681 3864 3859
f 3681 3686 3864
f 3863 3865 3680
f 3680 3857 3863
f 3697 3680 3865
f 3696 3680 3697
f 455 3679 3696
f 3679 455 3685
f 3680 3696 3679
f 3678 3685 451
f 3685 3678 3679
f 454 3677 451
f 451 3677 3678
f 3677 454 3676
f 3684 3675 3676
f 3684 3695 3674
f 3675 3684 3674
f 3694 3673 3695
f 3674 3695 3673
f 3693 3672 3694
f 3673 3694 3672
f 3692 3671 3693
f 3672 3693 3671
f 3691 3670 3692
f 3671 3692 3670
f 3690 3669 3691
f 3670 3691 3669
f 3689 3668 3690
f 3669 3690 3668
f 3688 3666 442
f 3683 3666 3688
f 3667 442 3666
f 453 3665 3683
f 3666 3683 3665
f 3856 35 450
f 452 496 453
f 35 496 450
f 35 3862 437
f 437 466 35
f 437 34 35
f 34 437 466
f 496 35 437
f 3861 3664 3862
f 3860 3664 3861
f 3682 3664 3860
f 437 3862 3664
f 3681 3859 3663
f 3858 3662 3859
f 3663 3859 3662
f 3663 3662 50
f 3857 3680 3661
f 3679 3661 3680
f 3676 3660 3677
f 3675 3659 3676
f 3674 3659 3675
f 3660 3676 3659
f 3673 3658 3674
f 3659 3674 3658
f 3672 3657 3673
f 3658 3673 3657
f 3657 3672 3656
f 3671 3655 3672
f 3656 3672 3655
f 3670 3654 3671
f 3655 3671 3654
f 3669 3653 3670
f 3654 3670 3653
f 3668 3652 3669
f 3653 3669 3652
f 3666 3651 3667
f 3651 3666 3665
f 450 48 3856
f 466 3854 3650
f 3650 437 466
f 50 435 449
f 449 50 3662
f 3649 3858 3857
f 3662 3858 3649
f 3857 3661 3649
f 3662 3649 449
f 3661 3679 3648
f 3661 3648 3649
f 3678 3647 3679
f 3648 3679 3647
f 3677 3646 3678
f 3647 3678 3646
f 3645 3677 3660
f 3646 3677 3645
f 3660 3644 3645
f 3659 3643 3660
f 3644 3660 3643
f 3642 3855 3856
f 3856 48 3642
f 3854 3641 3650
f 3658 3640 3659
f 3657 3640 3658
f 3643 3659 3640
f 3653 3638 3654
f 3639 3654 3638
f 3652 3637 3653
f 3638 3653 3637
f 3636 34 3855
f 3855 3642 3636
f 466 34 3635
f 34 3636 3635
f 3854 466 3634
f 3641 3854 3634
f 3635 3634 466
f 3649 3633 449
f 3648 3632 3649
f 3633 3649 3632
f 3647 3631 3648
f 3632 3648 3631
f 3646 3630 3647
f 3631 3647 3630
f 3645 3629 3646
f 3630 3646 3629
f 3644 3628 3645
f 3629 3645 3628
f 3628 3644 3627
f 3643 3626 3644
f 3627 3644 3626
f 3640 3625 3643
f 3626 3643 3625
f 3625 3624 3626
f 3638 3622 3639
f 3623 3639 3622
f 3637 3621 3638
f 3622 3638 3621
f 3632 3620 3633
f 3631 3619 3632
f 3620 3632 3619
f 3630 3618 3631
f 3619 3631 3618
f 3629 3617 3630
f 3618 3630 3617
f 3628 3616 3629
f 3617 3629 3616
f 3627 3615 3628
f 3616 3628 3615
f 3615 3627 3614
f 3626 3613 3627
f 3613 3626 3624
f 3614 3627 3613
f 3624 3612 3613
f 3622 3610 3623
f 3621 3609 3622
f 3610 3622 3609
f 3619 3608 3620
f 3618 3607 3619
f 3608 3619 3607
f 3617 3606 3618
f 3607 3618 3606
f 3616 3605 3617
f 3606 3617 3605
f 3615 3604 3616
f 3605 3616 3604
f 3614 3603 3615
f 3604 3615 3603
f 3613 3602 3614
f 3603 3614 3602
f 3602 3613 3601
f 3612 3600 3613
f 3601 3613 3600
f 3598 3611 3610
f 3599 3611 3598
f 3597 3610 3609
f 3610 3597 3598
f 3609 3596 3597
f 3598 3592 3599
f 3593 3599 3592
f 3597 3591 3598
f 3592 3598 3591
f 3596 3590 3597
f 3591 3597 3590
f 3590 3596 3589
f 3607 3588 3608
f 3606 3587 3607
f 3588 3607 3587
f 3587 3606 3586
f 3605 3585 3606
f 3604 3585 3605
f 3586 3606 3585
f 3603 3584 3604
f 3585 3604 3584
f 3602 3583 3603
f 3584 3603 3583
f 3601 3582 3602
f 3583 3602 3582
f 3600 3581 3601
f 3582 3601 3581
f 3580 3600 3595
f 3581 3600 3580
f 3579 3595 3594
f 3595 3579 3580
f 51 3594 3593
f 3594 51 3579
f 3578 3593 3592
f 3593 3578 51
f 3577 3592 3591
f 3592 3577 3578
f 3590 3576 3591
f 3576 3590 3589
f 3591 3576 3577
f 3587 3575 3588
f 3586 3574 3587
f 3575 3587 3574
f 3585 3573 3586
f 3574 3586 3573
f 3584 3572 3585
f 3573 3585 3572
f 3849 3570 3853
f 3852 3853 3569
f 3570 3569 3853
f 3851 3852 3568
f 3569 3568 3852
f 3568 3567 3851
f 3850 3851 3566
f 3567 3566 3851
f 3845 3850 3565
f 3844 3845 3565
f 3566 3565 3850
f 3843 3844 3564
f 3565 3564 3844
f 3842 3843 3563
f 3564 3563 3843
f 3841 3842 3562
f 3563 3562 3842
f 3840 3841 3561
f 36 3840 3561
f 3561 493 36
f 465 3558 3849
f 3570 3849 3558
f 3570 3558 3571
f 3559 3571 3558
f 493 3557 36
f 3839 36 448
f 3838 3839 448
f 493 36 448
f 3560 448 493
f 3557 448 36
f 3557 493 448
f 3837 3838 3556
f 448 3556 3838
f 448 3560 3556
f 3556 3555 3837
f 3555 3554 3837
f 3835 3553 3836
f 3831 3837 3552
f 3830 3831 3552
f 3554 3552 3837
f 3817 3830 499
f 3552 499 3830
f 3552 3554 499
f 3812 3550 465
f 3558 465 3550
f 3558 3550 3559
f 3551 3559 3550
f 3816 3821 3549
f 3821 3836 3548
f 3553 3548 3836
f 3549 3821 3548
f 3834 3547 3835
f 3820 3547 3834
f 3553 3835 3547
f 3813 3817 52
f 499 52 3817
f 3815 3546 3820
f 3547 3820 3546
f 3799 3542 3812
f 3550 3812 3542
f 3550 3542 3551
f 3543 3551 3542
f 3814 3540 3815
f 3804 3540 3814
f 3802 3813 3539
f 3784 3802 3539
f 3544 3545 3537
f 3541 3537 3545
f 3538 3537 3541
f 3537 3536 3544
f 3542 3535 3543
f 3788 3534 3799
f 3542 3799 3534
f 3535 3542 3534
f 3786 3533 3804
f 3540 3804 3533
f 3537 3538 3531
f 3532 3531 3538
f 3536 3537 3530
f 3531 3530 3537
f 461 3782 3529
f 3529 3528 461
f 3801 3883 3527
f 3883 3790 3527
f 462 3527 3790
f 3800 3801 3526
f 3527 3526 3801
f 40 3789 3525
f 3789 3800 3525
f 3526 3525 3800
f 3787 3791 3524
f 3759 3784 3523
f 3539 3523 3784
f 3783 3774 3522
f 3782 3783 3521
f 3529 3782 3521
f 3522 3521 3783
f 38 430 462
f 3527 462 430
f 3526 3527 430
f 3534 53 3535
f 3525 53 40
f 3525 3526 53
f 430 53 3526
f 37 445 3788
f 37 445 446
f 447 37 445
f 447 446 445
f 3534 3788 445
f 53 3534 445
f 3764 3787 3520
f 3524 3520 3787
f 3763 3764 3519
f 3762 3763 3519
f 3520 3519 3764
f 3519 3518 3762
f 3761 3517 3786
f 3761 3762 3517
f 3533 3786 3517
f 3518 3517 3762
f 3516 3522 3774
f 38 444 461
f 39 461 444
f 39 38 444
f 459 444 38
f 459 39 444
f 430 38 444
f 40 39 41
f 446 40 41
f 42 40 41
f 42 39 41
f 53 41 40
f 53 430 41
f 41 446 445
f 41 53 445
f 444 39 41
f 444 41 430
f 3739 446 3515
f 41 3515 446
f 3770 3514 447
f 445 447 3514
f 3756 3513 3770
f 3737 3513 3756
f 3514 3770 3513
f 3743 3759 3512
f 3523 3512 3759
f 429 3511 54
f 56 54 3511
f 3758 3510 3774
f 3516 3774 3510
f 3516 3510 429
f 3511 429 3510
f 41 3509 444
f 41 59 42
f 3509 41 59
f 59 3508 41
f 3513 3737 3507
f 3513 3507 3514
f 3720 3743 3506
f 3512 3506 3743
f 58 54 56
f 56 57 58
f 3511 3505 56
f 3505 3511 3510
f 57 56 3505
f 3742 3504 3758
f 3510 3758 3504
f 3510 3504 3505
f 42 3503 43
f 3503 42 59
f 3515 41 3502
f 3508 3502 41
f 3716 3739 3501
f 3515 3501 3739
f 3502 3501 3515
f 56 58 426
f 57 58 426
f 3505 3500 57
f 3500 3505 3499
f 3732 3498 3742
f 3504 3742 3498
f 3504 3498 3505
f 3499 3505 3498
f 457 43 3497
f 3503 3497 43
f 59 3497 3503
f 3508 59 502
f 3502 3508 502
f 3497 59 502
f 3501 3502 3496
f 502 3496 3502
f 3499 3495 3500
f 3500 3495 501
f 3498 3494 3499
f 3495 3499 3494
f 3719 3493 3732
f 3498 3732 3493
f 3494 3498 3493
f 3497 3492 457
f 3492 3497 502
f 503 3496 502
f 502 503 3492
f 3496 503 3491
f 3501 3490 3716
f 3496 3490 3501
f 3491 3490 3496
f 3714 3489 3729
f 3698 3489 3714
f 3704 3720 3488
f 3689 3704 3488
f 3506 3488 3720
f 3495 3487 501
f 3494 3487 3495
f 3493 3486 3494
f 3487 3494 3486
f 3486 3493 3485
f 501 426 443
f 3484 501 3487
f 443 501 3484
f 3483 3484 3487
f 3482 3487 3486
f 3487 3482 3483
f 44 45 3703
f 45 3485 3703
f 45 3486 3485
f 3486 45 3482
f 494 457 3481
f 3492 3481 457
f 503 440 3492
f 3481 3492 440
f 440 3480 503
f 3491 503 3479
f 3480 3479 503
f 3699 3716 3478
f 3490 3478 3716
f 3490 3491 3478
f 3479 3478 3491
f 3686 3477 3698
f 3489 3698 3477
f 3488 3476 3689
f 3484 62 443
f 3483 61 3484
f 62 3484 61
f 3482 495 3483
f 61 3483 495
f 442 44 441
f 45 44 441
f 33 494 3475
f 452 33 3475
f 3481 3475 494
f 61 62 60
f 495 3474 61
f 60 61 3474
f 442 44 46
f 45 44 46
f 45 46 3482
f 495 3482 46
f 46 44 441
f 46 442 441
f 46 45 441
f 46 495 441
f 3474 495 46
f 496 452 439
f 440 439 3481
f 3475 439 452
f 3475 3481 439
f 3480 440 3473
f 439 3473 440
f 3479 3480 3472
f 3473 3472 3480
f 3682 3699 3471
f 3478 3471 3699
f 3478 3479 3471
f 3472 3471 3479
f 3663 3470 3681
f 3668 3689 3469
f 3476 3469 3689
f 61 62 422
f 60 62 422
f 60 61 422
f 3474 3468 60
f 422 60 3468
f 46 438 3474
f 3468 3474 438
f 3667 3467 442
f 46 442 3467
f 438 46 3467
f 3665 453 436
f 496 436 453
f 496 436 450
f 450 48 436
f 437 47 496
f 3664 47 437
f 439 47 496
f 3473 439 47
f 436 496 47
f 3664 3682 3466
f 3472 3473 3466
f 3471 3466 3682
f 3471 3472 3466
f 47 3664 3466
f 47 3466 3473
f 3663 50 3465
f 3470 3663 3465
f 3652 3668 3464
f 3469 3464 3668
f 3467 3463 438
f 3651 3462 3667
f 3467 3667 3462
f 3463 3467 3462
f 3665 3461 3651
f 3461 3665 436
f 450 48 49
f 3642 48 49
f 436 450 49
f 436 48 49
f 49 436 47
f 436 49 3461
f 3650 419 437
f 47 437 419
f 47 49 419
f 50 432 435
f 449 435 432
f 449 50 432
f 47 435 432
f 432 3465 50
f 419 3650 432
f 419 432 47
f 3656 3459 3657
f 3460 3657 3459
f 3655 3458 3656
f 3459 3656 3458
f 3654 3457 3655
f 3639 3457 3654
f 3458 3655 3457
f 3462 3651 3456
f 3461 3456 3651
f 49 3455 3461
f 3456 3461 3455
f 47 49 434
f 419 47 434
f 419 49 434
f 3641 3454 3650
f 432 3650 3454
f 3640 3657 3453
f 3625 3640 3453
f 3460 3453 3657
f 3634 433 3641
f 3634 3635 433
f 433 3454 3641
f 3633 3452 449
f 432 449 3452
f 3623 3451 3639
f 3457 3639 3451
f 3637 3652 3450
f 3621 3637 3450
f 3464 3450 3652
f 3610 3446 3623
f 3610 3611 3446
f 3451 3623 3446
f 3609 3621 3445
f 3450 3445 3621
f 3448 3449 3444
f 3447 3448 3443
f 3444 3443 3448
f 3443 3442 3447
f 3452 3441 433
f 3620 3440 3633
f 3452 3633 3440
f 3441 3452 3440
f 3439 3443 3444
f 3599 3438 3611
f 3443 3439 3437
f 3440 3435 3441
f 3608 3434 3620
f 3440 3620 3434
f 3435 3440 3434
f 3600 3612 3433
f 3595 3600 3432
f 3433 3432 3600
f 3593 3431 3599
f 3593 3594 3431
f 3431 3438 3599
f 3596 3609 3430
f 3589 3596 3430
f 3445 3430 3609
f 3594 3595 3429
f 3432 3429 3595
f 3431 3594 3429
f 3589 65 3576
f 3430 66 3589
f 65 3589 66
f 3434 3428 3435
f 3588 3427 3608
f 3434 3608 3427
f 3428 3434 3427
f 3578 497 51
f 3577 497 3578
f 3426 51 497
f 3576 3425 3577
f 497 3577 3425
f 415 3576 65
f 3425 3576 415
f 414 65 66
f 65 415 414
f 3427 3424 3428
f 3575 3423 3588
f 3427 3588 3423
f 3424 3427 3423
f 3574 3422 3575
f 3423 3575 3422
f 3573 3421 3574
f 3422 3574 3421
f 3421 3573 3420
f 3572 3419 3573
f 3420 3573 3419
f 3583 3418 3584
f 3572 3584 3418
f 3419 3572 3418
f 3582 3417 3583
f 3418 3583 3417
f 3581 3416 3582
f 3417 3582 3416
f 3580 3415 3581
f 3416 3581 3415
f 51 3414 3579
f 3426 498 51
f 497 51 498
f 497 498 3426
f 3414 51 498
f 3425 3413 497
f 498 497 3413
f 3411 3408 3412
f 3409 3412 3408
f 3408 3411 67
f 3405 3410 3409
f 3410 3405 3406
f 3408 3404 3409
f 67 3404 3408
f 3404 67 68
f 3407 70 68
f 68 70 3404
f 3405 3403 3406
f 3409 3402 3405
f 3403 3405 3402
f 3404 3401 3409
f 3402 3409 3401
f 3401 3404 3400
f 70 3399 3404
f 3400 3404 3399
f 3399 70 3398
f 3398 70 3397
f 505 71 408
f 71 505 407
f 71 506 3396
f 407 3395 71
f 506 71 3395
f 3395 407 3394
f 3569 3392 3568
f 3568 3391 3567
f 3391 3568 3392
f 506 402 3396
f 3395 406 506
f 402 506 406
f 3394 3390 3395
f 406 3395 3390
f 3387 3393 3386
f 3571 3559 3384
f 3383 3570 3571
f 3382 3569 3570
f 3392 3569 3382
f 3567 3391 3381
f 3566 3567 3380
f 3380 3565 3566
f 3381 3380 3567
f 3379 3564 3565
f 3565 3380 3379
f 3378 3563 3564
f 3564 3379 3378
f 3377 3562 3563
f 3563 3378 3377
f 3562 3377 3376
f 3562 3375 3841
f 3375 3561 3841
f 3376 3375 3562
f 3561 3375 3374
f 493 3561 3373
f 3374 3373 3561
f 3560 493 3372
f 3373 3372 493
f 3371 3556 3560
f 3372 3371 3560
f 3370 3388 3369
f 3387 3368 3388
f 3369 3388 3368
f 3386 3367 3387
f 3368 3387 3367
f 3385 3366 3386
f 3367 3386 3366
f 3559 3551 3365
f 3365 3384 3559
f 3384 3365 3385
f 3366 3385 3365
f 3364 3555 3556
f 3556 3371 3364
f 3555 3364 3363
f 3554 3555 3362
f 3363 3362 3555
f 3361 3369 3368
f 499 3554 3360
f 3360 52 499
f 3362 3360 3554
f 3368 3358 3361
f 3359 3361 3358
f 3367 3357 3368
f 3358 3368 3357
f 3366 3356 3367
f 3357 3367 3356
f 3551 3543 3355
f 3355 3365 3551
f 3365 3355 3366
f 3356 3366 3355
f 3548 3553 3354
f 3354 3553 3547
f 52 499 3353
f 3545 3351 3352
f 3350 3545 3544
f 3351 3545 3350
f 3349 3350 3544
f 3548 3348 3549
f 3348 3548 3354
f 3347 3547 3546
f 3547 3347 3354
f 52 3346 3813
f 3346 3539 3813
f 3353 3346 52
f 3352 3345 3545
f 3358 3344 3359
f 3357 3343 3358
f 3344 3358 3343
f 3356 3342 3357
f 3343 3357 3342
f 3543 3535 3341
f 3341 3355 3543
f 3355 3341 3356
f 3342 3356 3341
f 3339 3541 3545
f 3541 3339 3538
f 3545 3345 3339
f 3338 3544 3536
f 3805 3816 3336
f 3791 3805 3336
f 3549 3336 3816
f 3336 3549 3340
f 3546 3815 3335
f 3335 3815 3540
f 3334 3523 3539
f 3539 3346 3334
f 3538 3333 3532
f 3333 3538 3339
f 3536 3332 3338
f 3343 3328 3344
f 3344 3328 3337
f 3328 3343 3327
f 3342 3326 3343
f 3327 3343 3326
f 3535 53 3325
f 3325 3341 3535
f 3341 3325 3342
f 3326 3342 3325
f 3324 3524 3791
f 3336 3324 3791
f 3323 3540 3533
f 3540 3323 3335
f 3322 3532 3333
f 3530 3321 3536
f 3332 3536 3321
f 3329 3337 55
f 55 3337 3328
f 431 55 3328
f 3320 3516 431
f 3320 431 3328
f 3529 3521 3319
f 3522 3319 3521
f 3516 3319 3522
f 3319 3328 3327
f 3319 3516 3320
f 3328 3319 3320
f 3318 3528 3529
f 3529 3319 3318
f 3327 3318 3319
f 3317 430 3528
f 3326 3317 3327
f 3528 3318 3317
f 3318 3327 3317
f 430 500 53
f 430 41 500
f 53 500 41
f 500 3325 53
f 3325 500 3326
f 500 430 3317
f 3317 3326 500
f 3316 3520 3524
f 3524 3324 3316
f 3520 3315 3519
f 3315 3520 3316
f 3519 3314 3518
f 3314 3519 3315
f 3533 3517 3313
f 3518 3313 3517
f 3313 3323 3533
f 3313 3518 3314
f 3323 3313 3314
f 3312 3512 3523
f 3523 3334 3312
f 3311 3531 3532
f 3532 3322 3311
f 3530 3531 3310
f 3321 3530 3310
f 3531 3311 3310
f 3330 3309 3331
f 3329 3308 3330
f 55 3308 3329
f 3309 3330 3308
f 54 429 428
f 54 56 428
f 431 428 55
f 428 56 3308
f 3308 55 428
f 427 54 429
f 429 427 3516
f 427 431 3516
f 431 427 55
f 54 427 428
f 427 428 429
f 428 55 427
f 428 431 427
f 445 3307 41
f 3310 3311 3305
f 3306 3305 3311
f 3305 3304 3310
f 3303 41 3307
f 3514 3302 445
f 3307 445 3302
f 3301 3506 3512
f 3512 3312 3301
f 3299 3308 56
f 3308 3299 3309
f 3300 3309 3299
f 59 41 3298
f 3303 3298 41
f 3507 3297 3514
f 3302 3514 3297
f 3751 3296 3734
f 3733 3295 3751
f 3296 3751 3295
f 3294 3488 3506
f 3506 3301 3294
f 3729 3293 3737
f 3507 3737 3293
f 3293 3729 3489
f 3297 3507 3293
f 3727 3734 3292
f 3292 3734 3296
f 3726 3291 3733
f 3295 3733 3291
f 3299 3290 3300
f 56 3289 3299
f 3290 3299 3289
f 3288 3293 3489
f 3711 3727 3287
f 3292 3287 3727
f 3291 3726 3286
f 3285 3488 3294
f 3284 3290 3289
f 426 501 3283
f 3283 3289 426
f 3289 3283 3284
f 56 58 425
f 57 58 425
f 425 426 58
f 426 425 501
f 501 425 443
f 3282 502 59
f 502 3282 503
f 503 3282 440
f 3298 3282 59
f 3281 3489 3477
f 3489 3281 3288
f 456 3711 3280
f 3287 3280 3711
f 3710 3279 3726
f 3695 3279 3710
f 3286 3726 3279
f 3278 3476 3488
f 3488 3285 3278
f 3283 3276 3284
f 3277 3284 3276
f 443 426 424
f 424 443 62
f 62 60 424
f 443 425 424
f 3276 3283 424
f 3275 439 440
f 440 3282 3275
f 3477 3274 3281
f 451 456 3273
f 3280 3273 456
f 3279 3695 3272
f 3476 3278 3271
f 3681 3270 3686
f 3477 3686 3270
f 3470 3270 3681
f 3274 3477 3270
f 454 451 3269
f 3273 3269 451
f 3684 3268 3695
f 3272 3695 3268
f 3276 3267 3277
f 3266 424 60
f 424 3266 3276
f 3267 3276 3266
f 3265 47 439
f 439 3275 3265
f 3264 3470 3465
f 3264 3270 3470
f 3676 454 3263
f 3269 3263 454
f 3684 3676 3262
f 3262 3268 3684
f 3263 3262 3676
f 3469 3476 3261
f 3271 3261 3476
f 3468 423 422
f 423 3468 438
f 47 3265 3260
f 3465 432 3259
f 3465 3259 3264
f 3464 3469 3258
f 3261 3258 3469
f 3266 3257 3267
f 61 62 421
f 60 62 421
f 60 61 421
f 60 421 3266
f 3257 3266 421
f 61 62 420
f 60 62 420
f 60 61 420
f 422 62 420
f 422 61 420
f 422 60 420
f 420 422 423
f 421 62 420
f 421 61 420
f 421 60 420
f 432 47 3256
f 3260 3256 47
f 3256 3259 432
f 3253 3254 3447
f 420 417 421
f 438 63 423
f 423 63 420
f 417 420 63
f 3463 416 438
f 3462 416 3463
f 416 3462 3456
f 63 438 416
f 3252 3456 3455
f 3456 3252 416
f 3455 49 3251
f 3251 49 434
f 3455 3251 3252
f 419 49 3250
f 3453 3460 3249
f 3459 3248 3460
f 3249 3460 3248
f 3458 3247 3459
f 3248 3459 3247
f 3457 3246 3458
f 3246 3457 3451
f 3247 3458 3246
f 3245 3450 3464
f 3258 3245 3464
f 3449 3448 3244
f 3448 3447 3244
f 3244 3447 3254
f 3254 3255 3244
f 3243 3253 3447
f 421 3242 3257
f 3242 421 3241
f 417 3240 421
f 3241 421 3240
f 63 438 418
f 63 417 418
f 418 438 416
f 418 63 416
f 63 417 64
f 416 63 64
f 64 416 3252
f 418 417 64
f 418 63 64
f 416 418 64
f 3239 3252 3251
f 3252 3239 64
f 3251 3238 3239
f 434 419 3237
f 3237 419 433
f 434 3237 3251
f 3238 3251 3237
f 3453 3236 3625
f 3451 3446 3235
f 3235 3246 3451
f 3246 3235 3247
f 3234 3445 3450
f 3450 3245 3234
f 3244 3233 3449
f 3232 3447 3442
f 3447 3232 3243
f 3240 417 3231
f 64 3231 417
f 3624 3625 3230
f 3236 3230 3625
f 3229 3446 3611
f 3229 3611 3438
f 3229 3235 3446
f 3228 3430 3445
f 3445 3234 3228
f 3227 3444 3449
f 3449 3233 3227
f 3442 3226 3232
f 3239 3225 64
f 3231 64 3225
f 3238 3224 3239
f 3225 3239 3224
f 3224 3238 3223
f 3222 433 3441
f 433 3222 3237
f 3237 3222 3238
f 3223 3238 3222
f 3612 3624 3221
f 3230 3221 3624
f 3444 3220 3439
f 3439 3220 3437
f 3220 3444 3227
f 3442 3443 3219
f 3219 3443 3437
f 3437 3436 3219
f 3226 3442 3219
f 3433 3612 3218
f 3218 3432 3433
f 3221 3218 3612
f 3431 3217 3438
f 3216 3430 3228
f 3215 3437 3220
f 3224 3214 3225
f 3223 3213 3224
f 3214 3224 3213
f 3222 3212 3223
f 3213 3223 3212
f 3211 3441 3435
f 3441 3211 3222
f 3212 3222 3211
f 3210 3429 3432
f 3431 3429 3210
f 3432 3218 3210
f 3217 3431 3210
f 3209 66 3430
f 3430 3216 3209
f 3437 3215 3208
f 3208 3207 3437
f 3206 3436 3437
f 3207 3206 3437
f 3436 3206 3205
f 66 413 65
f 66 3209 413
f 3213 3202 3214
f 3204 3214 3202
f 3204 3202 3203
f 3212 3201 3213
f 3202 3213 3201
f 3211 3200 3212
f 3201 3212 3200
f 3199 3435 3428
f 3435 3199 3211
f 3200 3211 3199
f 3198 3413 3425
f 3197 3425 415
f 3198 3425 3197
f 415 3196 3197
f 412 65 66
f 65 415 412
f 414 65 412
f 412 414 66
f 414 415 412
f 412 65 413
f 66 412 413
f 3196 415 412
f 3202 3194 3203
f 3201 3193 3202
f 3194 3202 3193
f 3200 3192 3201
f 3193 3201 3192
f 3199 3191 3200
f 3192 3200 3191
f 3190 3428 3424
f 3428 3190 3199
f 3191 3199 3190
f 3189 3424 3423
f 3188 3423 3422
f 3423 3188 3189
f 3419 3186 3420
f 3186 3419 3418
f 3187 3420 3186
f 3185 3418 3417
f 3418 3185 3186
f 3184 3417 3416
f 3417 3184 3185
f 3183 3416 3415
f 3416 3183 3184
f 3415 3182 3183
f 3579 3181 3580
f 3415 3580 3181
f 3181 3579 3414
f 3182 3415 3181
f 3414 3180 3181
f 498 3179 3414
f 3180 3414 3179
f 3413 3178 498
f 3179 498 3178
f 3413 3198 3177
f 3178 3413 3177
f 3176 3193 3192
f 3175 3422 3421
f 3422 3175 3188
f 3174 3421 3420
f 3420 3187 3174
f 3421 3174 3175
f 82 397 3171
f 3172 3171 397
f 3173 82 3170
f 3171 3170 82
f 3170 3169 3173
f 3171 3172 74
f 74 3170 3171
f 411 3169 3170
f 3170 74 411
f 403 3168 74
f 3166 3159 3167
f 3160 3167 3159
f 3164 3158 3165
f 3163 3158 3164
f 3162 3157 3163
f 3161 3157 3162
f 3158 3163 3157
f 3159 3155 3160
f 3165 3154 3166
f 3159 3166 3154
f 3154 3165 3158
f 3155 3159 3154
f 3153 3154 3158
f 3158 3152 3153
f 3151 3158 3157
f 3152 3158 3151
f 3150 3157 3156
f 3157 3150 3151
f 3156 3149 3150
f 3153 3148 3154
f 3152 3147 3153
f 3148 3153 3147
f 3409 3410 3146
f 3409 3145 3412
f 3146 3145 3409
f 3411 3412 410
f 67 3411 410
f 3145 410 3412
f 3410 3406 3143
f 3146 3410 3143
f 410 3142 67
f 68 67 504
f 410 67 504
f 3144 504 410
f 3142 504 67
f 3142 410 504
f 3407 68 69
f 70 68 69
f 70 3407 69
f 504 69 68
f 504 3144 69
f 3141 3143 3406
f 69 70 409
f 3401 3140 3402
f 3400 3140 3401
f 3399 3139 3400
f 3140 3400 3139
f 3398 3138 3399
f 3139 3399 3138
f 3397 3137 3398
f 3138 3398 3137
f 3397 70 76
f 69 70 76
f 409 70 76
f 409 76 69
f 3137 3397 76
f 3403 3136 3406
f 3141 3406 3136
f 3136 3403 3135
f 3402 3134 3403
f 3135 3403 3134
f 3133 3402 3140
f 3134 3402 3133
f 71 3132 408
f 3135 3131 3136
f 3132 3131 408
f 3132 3136 3131
f 3134 3130 3135
f 3131 3135 3130
f 3133 3129 3134
f 3130 3134 3129
f 505 408 72
f 71 408 72
f 71 505 72
f 3131 72 408
f 3130 72 3131
f 71 3396 3128
f 3132 71 3128
f 407 3127 71
f 407 71 78
f 3394 407 78
f 72 78 71
f 3127 78 71
f 3127 407 78
f 78 3126 3394
f 3124 3123 3389
f 3387 3121 3393
f 3387 3388 3121
f 3122 3121 3388
f 3386 3393 3120
f 3385 3386 3120
f 3384 3385 3119
f 3120 3119 3385
f 402 401 3396
f 402 506 400
f 401 400 402
f 406 80 506
f 400 506 80
f 3390 3394 399
f 3390 399 406
f 3126 399 3394
f 80 406 399
f 3124 3389 3117
f 3124 3117 3125
f 3118 3125 3117
f 3370 3389 3116
f 3370 3116 3388
f 3123 3116 3389
f 3122 3388 3116
f 3122 3116 3123
f 3571 3384 3115
f 3383 3571 3115
f 3119 3115 3384
f 3570 3383 3114
f 3382 3570 3114
f 3117 3389 3112
f 3117 3112 3118
f 3113 3118 3112
f 3112 3389 3111
f 3370 3110 3389
f 3111 3389 3110
f 3369 3109 3370
f 3361 3109 3369
f 3359 3109 3361
f 3110 3370 3109
f 3351 3107 3352
f 3108 3352 3107
f 3350 3106 3351
f 3107 3351 3106
f 3349 3105 3350
f 3106 3350 3105
f 3112 3104 3113
f 3111 3103 3112
f 3104 3112 3103
f 3103 3111 3102
f 3352 3101 3345
f 3354 3100 3348
f 3347 3100 3354
f 3103 3099 3104
f 3102 3098 3103
f 3099 3103 3098
f 3098 405 3331
f 3098 3102 405
f 3344 3097 3359
f 3344 3337 3097
f 3348 3096 3549
f 3340 3549 3096
f 3100 3096 3348
f 3339 3345 3095
f 3333 3339 3095
f 405 3094 3331
f 3329 3092 3337
f 3092 3097 3337
f 3093 3092 3329
f 3340 3091 3336
f 3324 3336 3091
f 3096 3090 3340
f 3091 3340 3090
f 3546 3089 3347
f 3335 3089 3546
f 3100 3347 3089
f 3322 3333 3088
f 3095 3088 3333
f 3098 3331 3086
f 3098 3086 3099
f 3087 3099 3086
f 3330 3331 3085
f 3329 3330 3085
f 3094 3085 3331
f 3093 3329 3085
f 3316 3324 3084
f 3091 3084 3324
f 3090 3084 3091
f 3315 3316 3083
f 3084 3083 3316
f 3323 3082 3335
f 3323 3314 3082
f 3314 3315 3082
f 3089 3335 3082
f 3083 3082 3315
f 3083 3089 3082
f 3088 3081 3322
f 3311 3322 3080
f 3081 3080 3322
f 3086 3079 3087
f 3309 3078 3331
f 3300 3078 3309
f 3086 3331 3078
f 3079 3086 3078
f 3307 3077 3303
f 3306 3311 3076
f 3080 3076 3311
f 3075 3303 3077
f 3302 3074 3307
f 3077 3307 3074
f 3078 3300 3073
f 3078 3073 3079
f 3298 3303 3072
f 3075 3072 3303
f 3297 3071 3302
f 3074 3302 3071
f 3295 3070 3296
f 3291 3069 3295
f 3070 3295 3069
f 3293 3068 3297
f 3071 3297 3068
f 3296 3067 3292
f 3287 3292 3067
f 3067 3296 3070
f 3069 3291 3066
f 3290 3065 3300
f 3284 3065 3290
f 3073 3300 3065
f 3282 3298 3064
f 3072 3064 3298
f 3288 3063 3293
f 3068 3293 3063
f 3280 3287 3062
f 3067 3062 3287
f 3065 3284 3061
f 3275 3282 3060
f 3064 3060 3282
f 3281 3059 3288
f 3274 3059 3281
f 3063 3288 3059
f 3273 3280 3058
f 3062 3058 3280
f 3277 3057 3284
f 3267 3057 3277
f 3061 3284 3057
f 3265 3275 3056
f 3060 3056 3275
f 3270 3055 3274
f 3059 3274 3055
f 3269 3273 3054
f 3058 3054 3273
f 3270 3264 3053
f 3055 3270 3053
f 3263 3269 3052
f 3054 3052 3269
f 3057 3267 3050
f 3260 3265 3049
f 3056 3049 3265
f 3259 3048 3264
f 3048 3053 3264
f 3262 3263 3047
f 3052 3047 3263
f 3268 3262 3046
f 3046 3051 3268
f 3047 3046 3262
f 3049 3045 3260
f 3259 3256 3044
f 3048 3259 3044
f 3257 3042 3267
f 3242 3042 3257
f 3050 3267 3042
f 3043 3050 3042
f 438 423 3041
f 416 438 3041
f 3256 3260 3040
f 3045 3040 3260
f 3040 3044 3256
f 3244 3255 3039
f 3244 3038 3233
f 3039 3038 3244
f 3042 3242 3036
f 3042 3036 3043
f 3037 3043 3036
f 3240 3035 3241
f 3248 3033 3249
f 3034 3249 3033
f 3247 3032 3248
f 3235 3032 3247
f 3229 3032 3235
f 3033 3248 3032
f 3031 3233 3038
f 3241 3030 3242
f 3035 3030 3241
f 3035 3240 3029
f 3231 3028 3240
f 3029 3240 3028
f 3230 3236 3027
f 3034 3027 3236
f 3033 3027 3034
f 3438 3026 3229
f 3438 3217 3026
f 3032 3229 3026
f 3032 3026 3033
f 3227 3233 3025
f 3031 3025 3233
f 3036 3024 3037
f 3036 3242 3023
f 3024 3036 3023
f 3022 3242 3030
f 3023 3242 3022
f 3225 3021 3231
f 3028 3231 3021
f 3221 3230 3020
f 3218 3221 3020
f 3027 3020 3230
f 3220 3227 3019
f 3215 3220 3019
f 3025 3019 3227
f 3210 3218 3018
f 3217 3210 3018
f 3026 3217 3018
f 3020 3018 3218
f 3023 3017 3024
f 3017 3023 3016
f 3022 3015 3023
f 3016 3023 3015
f 3214 3014 3225
f 3204 3014 3214
f 3021 3225 3014
f 3208 3215 3013
f 3436 3012 3219
f 3205 3012 3436
f 3204 3203 3011
f 3014 3204 3011
f 3013 3010 3208
f 3207 3208 3009
f 3010 3009 3208
f 3206 3207 3008
f 3009 3008 3207
f 3205 3206 3007
f 3012 3205 3007
f 3008 3007 3206
f 3016 3006 3017
f 3015 3005 3016
f 3006 3016 3005
f 3005 3004 3195
f 3005 3015 3004
f 3004 3003 3195
f 3194 3001 3203
f 3001 3011 3203
f 3005 3000 3006
f 3005 3195 2999
f 3000 3005 2999
f 3003 2998 3195
f 3002 2998 3003
f 3001 3194 2997
f 3001 2997 3002
f 2998 3002 2997
f 3424 2996 3190
f 3189 2996 3424
f 82 397 507
f 2995 3000 2999
f 2999 3195 2994
f 2999 2994 2995
f 2993 3195 2998
f 2998 2997 2993
f 2994 3195 2993
f 2997 3194 2992
f 2997 2992 2993
f 3193 2991 3194
f 3176 2991 3193
f 2992 3194 2991
f 3191 2990 3192
f 3192 2990 3176
f 3190 2989 3191
f 2989 3190 2996
f 2990 3191 2989
f 3172 397 2988
f 3169 394 3173
f 74 3172 73
f 2988 73 3172
f 394 3169 2987
f 411 74 75
f 73 74 75
f 3169 411 85
f 411 74 85
f 85 2987 3169
f 75 74 85
f 75 85 411
f 403 386 74
f 73 386 74
f 73 508 386
f 403 74 404
f 3168 404 74
f 3168 403 404
f 75 74 404
f 85 74 404
f 85 75 404
f 386 403 86
f 386 508 86
f 2986 403 404
f 86 403 2986
f 404 2985 2986
f 404 85 2984
f 2985 404 2984
f 2986 2983 86
f 3166 3167 2982
f 2985 2982 2986
f 2983 2982 3167
f 2983 2986 2982
f 2984 2981 2985
f 2982 2981 3166
f 2982 2985 2981
f 3160 2980 3167
f 2980 2983 3167
f 2980 86 2983
f 3165 3166 2979
f 3164 3165 2979
f 2981 2979 3166
f 3163 3164 2978
f 2979 2978 3164
f 3162 3163 2977
f 2978 2977 3163
f 3161 3162 2976
f 2977 2976 3162
f 3157 3161 2975
f 2976 2975 3161
f 2980 3160 2974
f 3156 3157 2973
f 3149 3156 2973
f 3155 2972 3160
f 2974 3160 2972
f 3151 2971 3152
f 3150 2970 3151
f 2971 3151 2970
f 2973 2969 3149
f 3154 2968 3155
f 2972 3155 2968
f 3148 2967 3154
f 2968 3154 2967
f 3147 3152 2966
f 3147 2966 3148
f 2971 2966 3152
f 2967 3148 2966
f 2970 2965 2971
f 2966 2971 2965
f 3149 2964 3150
f 2970 3150 2964
f 2965 2970 2964
f 3146 3143 2963
f 2962 3145 3146
f 3146 2963 2962
f 2961 410 3145
f 410 2961 2960
f 3144 410 2959
f 2959 69 3144
f 2960 2959 410
f 3141 2958 3143
f 2958 2963 3143
f 69 2956 76
f 2956 69 2959
f 2959 2960 2956
f 2957 2956 2960
f 2955 409 69
f 2953 2956 2957
f 409 2952 69
f 2955 69 2952
f 409 2955 2952
f 2949 3141 3136
f 3141 2949 2958
f 2958 2949 2954
f 2950 2954 2949
f 3139 2948 3140
f 3138 2948 3139
f 2948 3138 3137
f 3140 2948 2953
f 2947 3137 76
f 2947 76 2956
f 2956 2953 2947
f 3137 2947 2948
f 2948 2947 2953
f 509 2951 2950
f 2946 2951 509
f 2950 2945 509
f 3136 3132 2944
f 2944 2949 3136
f 2949 2944 2950
f 2945 2950 2944
f 2943 3133 3140
f 509 391 2946
f 2942 2946 391
f 2945 2941 509
f 391 509 2941
f 2940 2944 3132
f 2944 2940 2945
f 2941 2945 2940
f 3129 3133 2939
f 2943 2939 3133
f 2941 87 391
f 3132 3128 2938
f 2938 2940 3132
f 2940 2938 2941
f 87 2941 2938
f 3129 2937 3130
f 72 3130 2937
f 2937 78 72
f 2939 2937 3129
f 390 2938 3128
f 2938 390 87
f 2936 390 87
f 78 2937 77
f 3125 2934 3124
f 3124 2934 3123
f 2934 3125 2935
f 3123 2933 3122
f 2933 3123 2934
f 3122 2932 3121
f 2932 3122 2933
f 3128 3396 2931
f 2931 3396 401
f 3128 2931 390
f 2930 2931 401
f 77 78 89
f 3126 78 79
f 79 399 3126
f 77 78 79
f 89 78 79
f 79 89 399
f 89 77 79
f 3125 3118 2929
f 2929 2935 3125
f 3121 2928 3393
f 2928 3120 3393
f 3120 2928 3119
f 2927 3115 3119
f 3119 2928 2927
f 2926 3383 3115
f 2926 3114 3383
f 2926 3115 2927
f 2925 3382 3114
f 3372 3373 398
f 401 402 398
f 400 402 398
f 400 401 398
f 401 398 2930
f 3392 3382 2924
f 2925 2924 3382
f 3391 3392 2923
f 2924 2923 3392
f 3381 3391 2922
f 2923 2922 3391
f 2922 2921 3381
f 3380 3381 2920
f 3379 3380 2920
f 2921 2920 3381
f 3378 3379 2919
f 2920 2919 3379
f 3377 3378 2918
f 2919 2918 3378
f 3376 3377 2917
f 2918 2917 3377
f 2917 2916 3376
f 3375 3376 2915
f 2916 2915 3376
f 3374 3375 2914
f 2915 2914 3375
f 3373 3374 2913
f 2913 398 3373
f 2914 2913 3374
f 406 90 402
f 3371 3372 90
f 400 402 90
f 80 406 90
f 80 90 400
f 90 406 399
f 90 80 399
f 90 399 89
f 398 402 90
f 398 90 3372
f 398 400 90
f 398 90 89
f 2912 3118 3113
f 3118 2912 2929
f 3364 3371 2911
f 90 2911 3371
f 3363 3364 2910
f 2911 2910 3364
f 3362 3363 2909
f 2910 2909 3363
f 3360 3362 2908
f 2909 2908 3362
f 2907 3108 3107
f 3106 2906 3107
f 3105 2906 3106
f 2905 3113 3104
f 3113 2905 2912
f 2908 2904 3360
f 3108 2903 3352
f 3101 3352 2903
f 3105 3349 2902
f 2906 3105 2902
f 3346 3353 2901
f 2904 2901 3353
f 2900 3345 3101
f 2900 3095 3345
f 3101 2903 2900
f 3544 2899 3349
f 3338 2899 3544
f 2902 3349 2899
f 2898 3104 3099
f 3099 3087 2898
f 3104 2898 2905
f 3332 2897 3338
f 2899 3338 2897
f 3096 3100 2896
f 3090 3096 2896
f 2896 3100 3089
f 2896 3084 3090
f 3089 3083 2896
f 3084 2896 3083
f 3334 3346 2895
f 3312 3334 2895
f 2901 2895 3346
f 3088 3095 2894
f 2894 3081 3088
f 3095 2900 2894
f 3087 2893 2898
f 2892 3080 3081
f 3081 2894 2892
f 3321 2891 3332
f 2897 3332 2891
f 3301 3312 2890
f 2895 2890 3312
f 3310 2889 3321
f 2891 3321 2889
f 3079 2888 3087
f 2888 3079 3073
f 2893 3087 2888
f 2887 3076 3080
f 3080 2892 2887
f 3304 2886 3310
f 2889 3310 2886
f 3294 3301 2885
f 2890 2885 3301
f 3076 2887 2884
f 3305 3306 2883
f 3076 2883 3306
f 2884 2883 3076
f 2883 2882 3305
f 3304 3305 2881
f 2886 3304 2881
f 2882 2881 3305
f 3073 2880 2888
f 3285 3294 2879
f 2885 2879 3294
f 3065 2878 3073
f 2878 3065 3061
f 2880 3073 2878
f 3069 2877 3070
f 3070 2877 3067
f 3062 3067 2877
f 3066 2876 3069
f 2877 3069 2876
f 3286 2875 3291
f 3066 3291 2875
f 2876 3066 2875
f 3278 3285 2874
f 2879 2874 3285
f 3058 3062 2873
f 2873 3054 3058
f 2877 2873 3062
f 2876 2872 2877
f 2872 2876 2875
f 2873 2877 2872
f 3279 2871 3286
f 3272 2871 3279
f 2875 3286 2871
f 2875 2871 2872
f 3271 3278 2870
f 2874 2870 3278
f 3057 2869 3061
f 2869 3057 3050
f 2868 3052 3054
f 3052 2868 3047
f 3047 2868 3046
f 3054 2873 2868
f 2872 2868 2873
f 3046 2867 3051
f 2867 3046 2868
f 2868 2872 2867
f 3268 2866 3272
f 2866 3268 3051
f 2871 3272 2866
f 2871 2866 2872
f 2866 3051 2867
f 2867 2872 2866
f 2870 2865 3271
f 2864 3050 3043
f 3050 2864 2869
f 3261 3271 2863
f 2865 2863 3271
f 3258 3261 2862
f 2863 2862 3261
f 3254 2860 3255
f 3039 3255 2860
f 3039 2860 2861
f 3253 2859 3254
f 2860 3254 2859
f 3243 2858 3253
f 2859 3253 2858
f 2857 3043 3037
f 3043 2857 2864
f 3039 2856 3038
f 2861 2856 3039
f 2858 3243 2855
f 3245 3258 2854
f 3234 3245 2854
f 2862 2854 3258
f 2853 3037 3024
f 3037 2853 2857
f 3228 3234 2852
f 2854 2852 3234
f 2851 3031 3038
f 2851 3038 2856
f 3232 2850 3243
f 2855 3243 2850
f 3027 3033 2849
f 2849 3033 3026
f 3020 3027 2849
f 3026 3018 2849
f 2849 3018 3020
f 3216 3228 2848
f 2852 2848 3228
f 3025 3031 2847
f 2847 3019 3025
f 2851 2847 3031
f 3226 2846 3232
f 2850 3232 2846
f 3024 3017 2845
f 2845 2853 3024
f 3219 2844 3226
f 2846 3226 2844
f 3209 3216 2843
f 2848 2843 3216
f 3019 2842 3215
f 2842 3013 3215
f 3017 3006 2841
f 2841 2845 3017
f 413 3209 2840
f 2843 2840 3209
f 2839 3010 3013
f 3013 2842 2839
f 3012 2838 3219
f 2844 3219 2838
f 413 2837 412
f 2840 2837 413
f 2836 3009 3010
f 3010 2839 2836
f 3008 3009 2835
f 3007 2835 3012
f 3007 3008 2835
f 2838 3012 2835
f 3006 3000 2834
f 2834 2841 3006
f 3177 3198 2832
f 3197 2831 3198
f 2832 3198 2831
f 3196 2830 3197
f 2831 3197 2830
f 412 2829 3196
f 2829 412 2837
f 2830 3196 2829
f 3175 2828 3188
f 3174 2827 3175
f 2828 3175 2827
f 3187 2826 3174
f 2827 3174 2826
f 2826 3187 2825
f 3186 2824 3187
f 3185 2824 3186
f 2825 3187 2824
f 3184 2823 3185
f 2824 3185 2823
f 3183 2822 3184
f 2823 3184 2822
f 3182 2821 3183
f 2822 3183 2821
f 2821 3182 2820
f 3181 2819 3182
f 2820 3182 2819
f 3180 2818 3181
f 2819 3181 2818
f 3179 2817 3180
f 2818 3180 2817
f 3178 396 3179
f 3177 396 3178
f 82 396 397
f 396 507 397
f 396 82 507
f 2988 397 396
f 396 507 2833
f 2832 396 3177
f 2817 3179 396
f 3000 2995 2816
f 2816 2834 3000
f 2991 3176 2815
f 2815 3176 2990
f 2990 2989 2815
f 2814 2989 2996
f 2989 2814 2815
f 2996 3189 2813
f 2996 2813 2814
f 3188 2812 3189
f 2812 3188 2828
f 2813 3189 2812
f 396 2811 2988
f 507 81 2833
f 507 396 81
f 396 2833 81
f 2811 396 81
f 3173 83 82
f 507 82 83
f 83 3173 394
f 83 507 394
f 81 507 83
f 394 507 395
f 395 394 2987
f 83 395 507
f 394 83 395
f 2995 2810 2816
f 2994 2809 2995
f 2993 2809 2994
f 2810 2995 2809
f 2992 2808 2993
f 2809 2993 2808
f 2991 2807 2992
f 2808 2992 2807
f 73 2988 2805
f 73 2805 508
f 2811 2805 2988
f 508 2805 2806
f 392 74 85
f 2987 85 84
f 2987 84 395
f 395 84 83
f 85 392 84
f 392 83 84
f 508 388 386
f 2806 388 508
f 85 75 393
f 85 392 393
f 393 84 85
f 393 392 84
f 2803 388 386
f 388 2803 2804
f 2802 2984 85
f 393 2802 85
f 2799 2803 386
f 2803 2799 2800
f 386 86 2798
f 2798 2799 386
f 2984 2802 2797
f 2800 2796 2801
f 2799 2795 2800
f 2796 2800 2795
f 2798 2794 2799
f 2795 2799 2794
f 2793 86 2980
f 86 2793 2798
f 2794 2798 2793
f 2981 2984 2792
f 2792 2979 2981
f 2797 2792 2984
f 2791 2796 2795
f 2794 2790 2795
f 2790 2794 2793
f 2795 2790 2791
f 2980 2974 2789
f 2789 2793 2980
f 2793 2789 2790
f 2978 2979 2788
f 2977 2978 2788
f 2976 2977 2787
f 2787 2975 2976
f 2788 2787 2977
f 2786 2789 2974
f 2789 2786 2790
f 2788 2979 2785
f 2784 2974 2972
f 2974 2784 2786
f 2787 2788 2782
f 2785 2782 2788
f 2783 2782 2785
f 2975 2781 3157
f 2781 2973 3157
f 2975 2787 2781
f 2782 2781 2787
f 2969 2973 2780
f 2973 2781 2780
f 2780 2781 2964
f 2779 2972 2968
f 2972 2779 2784
f 2778 2968 2967
f 2968 2778 2779
f 2777 2967 2966
f 2782 2783 2776
f 2966 2776 2777
f 2965 2775 2966
f 2775 2965 2964
f 2775 2964 2781
f 2781 2782 2775
f 2776 2966 2775
f 2776 2775 2782
f 3145 2962 2771
f 2961 3145 2770
f 2771 2770 3145
f 2771 2774 2770
f 2773 2769 2774
f 2770 2769 2961
f 2770 2774 2769
f 2769 2768 2961
f 2769 2773 2768
f 2962 2963 2766
f 2766 2771 2962
f 2766 2772 2771
f 2772 2766 2767
f 2960 2961 2765
f 2957 2960 2765
f 2768 2765 2961
f 2765 2768 2764
f 2958 2763 2963
f 2958 2954 2763
f 2766 2963 2763
f 2766 2763 2767
f 2765 2762 2957
f 2764 2761 2765
f 2762 2765 2761
f 2950 2760 2954
f 2760 2763 2954
f 2760 2767 2763
f 3140 2953 2759
f 2950 2951 367
f 2946 367 2951
f 2760 2950 2758
f 367 2758 2950
f 3140 2757 2943
f 2759 2757 3140
f 2942 2756 2946
f 367 2946 2756
f 391 509 2755
f 2939 2943 2754
f 2754 2943 2757
f 2756 2942 380
f 2937 2939 2753
f 2754 2753 2939
f 391 2752 2942
f 87 2752 391
f 380 2942 2752
f 77 2937 2751
f 2751 2937 2753
f 2751 2753 2754
f 2936 87 88
f 390 87 88
f 390 2936 88
f 2752 87 88
f 2931 2750 390
f 88 390 2750
f 89 77 2748
f 2751 2748 77
f 2749 2748 2751
f 3121 2932 2747
f 2928 3121 2747
f 398 2746 2930
f 398 89 389
f 90 89 389
f 90 398 389
f 389 89 2748
f 389 2748 2749
f 2746 398 389
f 2749 2746 389
f 90 89 2745
f 389 2745 89
f 389 90 2745
f 2927 2928 2744
f 2747 2744 2928
f 3110 2743 3111
f 3102 3111 2743
f 3109 2742 3110
f 2743 3110 2742
f 2907 2741 3108
f 2903 3108 2741
f 3109 3359 2740
f 2742 3109 2740
f 2903 2739 2900
f 2741 2739 2903
f 3097 2738 3359
f 2740 3359 2738
f 2898 2737 2905
f 2893 2737 2898
f 3094 405 375
f 510 405 375
f 3097 3092 2736
f 2738 3097 2736
f 3085 3094 2735
f 375 2735 3094
f 3085 2734 3093
f 2735 2734 3085
f 3092 3093 2733
f 2736 3092 2733
f 2734 2733 3093
f 2737 2893 2732
f 2888 2731 2893
f 2880 2731 2888
f 2732 2893 2731
f 2887 2892 374
f 3077 2730 3075
f 3074 2729 3077
f 2730 3077 2729
f 2879 2885 2728
f 2881 2727 2886
f 2878 2726 2880
f 2731 2880 2726
f 3072 3075 2725
f 2730 2725 3075
f 3071 2724 3074
f 2729 3074 2724
f 2874 2879 2723
f 2728 2723 2879
f 2883 2884 2722
f 2882 2883 2721
f 2722 2721 2883
f 2881 2882 2720
f 2727 2881 2720
f 2721 2720 2882
f 2725 2719 3072
f 3068 2718 3071
f 2724 3071 2718
f 2726 2878 2717
f 3064 3072 2715
f 2719 2715 3072
f 3063 2714 3068
f 2718 3068 2714
f 3061 2713 2878
f 2869 2713 3061
f 2717 2878 2713
f 2716 2717 2712
f 2713 2712 2717
f 3060 3064 2711
f 2715 2711 3064
f 3059 2710 3063
f 3055 2710 3059
f 2714 3063 2710
f 2713 2869 2709
f 2712 2713 2709
f 2709 2708 2712
f 3056 3060 2707
f 2711 2707 3060
f 3053 2706 3055
f 2710 3055 2706
f 3049 3056 2705
f 2707 2705 3056
f 3053 3048 2704
f 2706 3053 2704
f 2864 2703 2869
f 2857 2703 2864
f 2709 2869 2703
f 3045 3049 2702
f 2705 2702 3049
f 3044 2701 3048
f 2701 2704 3048
f 2863 2865 2700
f 2859 2699 2860
f 2858 2698 2859
f 2699 2859 2698
f 2698 2858 2697
f 3040 3045 2696
f 2702 2696 3045
f 3044 3040 2695
f 2701 3044 2695
f 2696 2695 3040
f 2862 2863 2694
f 2700 2694 2863
f 2855 2693 2858
f 2697 2858 2693
f 2853 2692 2857
f 2703 2857 2692
f 2845 2691 2853
f 2692 2853 2691
f 3030 3035 2690
f 3029 2689 3035
f 2690 3035 2689
f 3028 2688 3029
f 2689 3029 2688
f 2841 2687 2845
f 2691 2845 2687
f 3030 2686 3022
f 3015 3022 2686
f 2686 3030 2690
f 3021 2685 3028
f 2688 3028 2685
f 3014 2684 3021
f 3011 2684 3014
f 2685 3021 2684
f 3004 3015 2683
f 2686 2683 3015
f 3011 3001 2682
f 2684 3011 2682
f 2842 3019 2681
f 3003 3004 2680
f 2683 2680 3004
f 3002 3003 2679
f 2680 2679 3003
f 3001 3002 2678
f 2682 3001 2678
f 2679 2678 3002
f 2839 2842 2677
f 2836 2839 2677
f 2681 2677 2842
f 2814 2676 2815
f 2815 2675 2991
f 2807 2991 2675
f 2676 2675 2815
f 386 388 387
f 2806 387 388
f 81 384 2811
f 2805 2811 384
f 2805 384 2806
f 392 384 74
f 387 2806 384
f 83 2674 81
f 392 2674 83
f 384 81 2674
f 384 2674 392
f 2803 2673 2804
f 388 2804 2672
f 2672 387 388
f 2673 2672 2804
f 386 74 385
f 387 385 386
f 385 74 384
f 385 387 384
f 384 385 2671
f 393 392 2670
f 384 2670 392
f 2671 2670 384
f 2803 2800 2669
f 2800 2801 2669
f 2673 2803 2669
f 393 75 383
f 2802 393 383
f 2671 385 383
f 2670 383 393
f 2670 2671 383
f 382 2669 2801
f 2797 2802 2668
f 2792 2797 2668
f 383 2668 2802
f 2796 2667 2801
f 2791 2667 2796
f 382 2801 2667
f 2979 2792 2666
f 2668 2666 2792
f 2786 98 2790
f 2784 98 2786
f 2665 2790 98
f 2779 2663 2784
f 98 2784 2663
f 2776 2783 2662
f 2778 2659 2779
f 2663 2779 2659
f 2660 2663 2659
f 2662 2658 2776
f 2661 2658 2662
f 2658 2661 2657
f 2659 2656 2660
f 2967 2655 2778
f 2659 2778 2655
f 2656 2659 2655
f 2777 2654 2967
f 2655 2967 2654
f 2654 2777 2653
f 2776 2652 2777
f 2658 2652 2776
f 2652 2658 2657
f 2653 2777 2652
f 2654 2651 2655
f 2653 2651 2654
f 2652 2650 2653
f 2651 2653 2650
f 2648 2774 2771
f 2648 2771 2649
f 2647 2773 2774
f 2648 2647 2774
f 2773 2647 2646
f 2645 2771 2772
f 2772 2767 2645
f 2645 2649 2771
f 2768 2773 2644
f 2644 2764 2768
f 2646 2644 2773
f 2643 2767 2760
f 2643 2645 2767
f 2764 2644 2642
f 2641 2643 2760
f 2761 2764 2640
f 2642 2640 2764
f 2640 2642 2639
f 2760 2758 369
f 367 369 2758
f 2641 2760 369
f 369 2638 367
f 2953 2957 2637
f 2637 2957 2762
f 2759 2953 2637
f 2637 2757 2759
f 2636 2762 2761
f 2762 2636 2637
f 2635 2761 2640
f 2761 2635 2636
f 367 2756 99
f 2756 380 99
f 2633 2754 2757
f 2632 99 380
f 380 379 99
f 2631 2751 2754
f 2629 2632 380
f 2632 2629 2630
f 380 99 381
f 380 381 2629
f 2752 101 380
f 379 380 101
f 381 380 101
f 2751 2628 2749
f 2631 2628 2751
f 2933 2934 2627
f 2629 2625 2630
f 381 2625 2629
f 2626 2630 2625
f 101 2624 381
f 2625 381 2624
f 88 2623 2752
f 2623 88 2750
f 101 2752 2623
f 2930 2622 2931
f 2750 2931 2622
f 2622 2930 2746
f 2746 2749 2622
f 2622 2749 2628
f 2934 2935 2621
f 2621 2627 2934
f 2932 2933 2620
f 2627 2620 2933
f 2619 2747 2932
f 2620 2619 2932
f 2618 2744 2747
f 2747 2619 2618
f 2616 2626 2625
f 2625 2624 2616
f 2626 2616 2617
f 2750 2615 2623
f 2615 2750 2622
f 2929 2614 2935
f 2621 2935 2614
f 2744 2613 2927
f 2616 2611 2617
f 2612 2617 2611
f 3114 2926 2610
f 2926 2927 2610
f 2613 2610 2927
f 2610 2609 3114
f 2923 2924 2608
f 2609 2608 2924
f 2922 2923 2607
f 2608 2607 2923
f 2918 2919 91
f 378 2612 2611
f 2612 378 2606
f 2917 2918 377
f 2611 2616 377
f 91 377 2918
f 2611 377 378
f 378 377 91
f 2916 2917 2605
f 377 2605 2917
f 2605 2604 2916
f 2915 2916 2603
f 2604 2603 2916
f 2914 2915 2602
f 2603 2602 2915
f 2913 2914 2601
f 2602 2601 2914
f 398 2913 341
f 2601 341 2913
f 90 398 2600
f 341 2600 398
f 2912 2599 2929
f 2614 2929 2599
f 2921 2922 2598
f 2607 2598 2922
f 2598 2597 2921
f 2920 2921 2596
f 2919 2920 2596
f 91 2919 2596
f 2597 2596 2921
f 378 376 2606
f 378 91 376
f 377 91 376
f 377 378 376
f 2596 376 91
f 2595 2606 376
f 2605 377 2594
f 376 2594 377
f 2911 90 2593
f 2600 2593 90
f 2910 2911 2592
f 2593 2592 2911
f 2909 2910 2591
f 2592 2591 2910
f 2906 2590 3107
f 2590 2906 2589
f 2908 2909 2588
f 2591 2588 2909
f 2741 2907 2587
f 3107 2586 2907
f 2586 3107 2590
f 2587 2907 2586
f 2902 2585 2906
f 2589 2906 2585
f 2742 93 2743
f 93 2742 2740
f 2740 2738 93
f 2904 2908 2584
f 2588 2584 2908
f 2739 2741 2583
f 2587 2583 2741
f 2899 2582 2902
f 2585 2902 2582
f 2905 2581 2912
f 2581 2905 2737
f 2599 2912 2581
f 405 3102 92
f 2743 92 3102
f 510 92 405
f 92 405 375
f 92 510 375
f 92 2743 93
f 92 510 93
f 2738 2736 2580
f 2736 2733 2580
f 2580 93 2738
f 2901 2904 2579
f 2584 2579 2904
f 2739 2578 2900
f 2583 2578 2739
f 2577 2735 375
f 2735 2577 2734
f 2734 2577 2733
f 375 92 2577
f 93 2577 92
f 2577 2580 2733
f 2580 2577 93
f 2894 2900 2576
f 2578 2576 2900
f 2897 2575 2899
f 2582 2899 2575
f 2895 2901 2574
f 2890 2895 2574
f 2579 2574 2901
f 2892 2894 2573
f 2576 2573 2894
f 2891 2572 2897
f 2575 2897 2572
f 2732 2571 2737
f 2571 2732 2731
f 2737 2571 2581
f 2574 527 2890
f 2885 2890 2570
f 527 2570 2890
f 2569 374 2892
f 2573 2569 2892
f 2889 2568 2891
f 2572 2891 2568
f 2567 2728 2885
f 2570 2567 2885
f 365 2567 2570
f 103 365 364
f 104 103 364
f 2728 2567 364
f 2567 365 364
f 105 104 102
f 364 102 104
f 105 104 94
f 102 104 94
f 102 105 94
f 2886 2566 2889
f 2566 2886 2727
f 2568 2889 2566
f 2565 2723 2728
f 2565 2728 364
f 364 109 104
f 364 109 2565
f 102 364 108
f 108 102 94
f 109 108 364
f 94 2564 108
f 2884 2887 106
f 374 106 2887
f 2723 2565 2563
f 109 2563 2565
f 2563 109 361
f 108 109 95
f 361 95 109
f 2564 511 108
f 95 108 511
f 2562 2722 2884
f 106 2562 2884
f 2561 2726 2717
f 2717 2716 2561
f 2723 2560 2874
f 2560 2723 2563
f 361 2559 2563
f 2563 2559 2560
f 95 361 111
f 111 511 95
f 2559 361 111
f 511 513 95
f 111 95 513
f 511 111 513
f 2870 2874 2558
f 2560 2558 2874
f 2559 2558 2560
f 2558 2559 2557
f 2865 2870 2556
f 2558 2556 2870
f 2556 2558 2557
f 2556 2555 2865
f 2553 2700 2865
f 2555 2553 2865
f 2554 2553 2555
f 2553 2554 2552
f 2708 2709 2551
f 2703 2551 2709
f 2700 2553 2550
f 2550 2553 2552
f 113 2552 97
f 2552 113 2550
f 96 97 373
f 112 97 373
f 97 112 113
f 96 97 112
f 112 96 373
f 373 97 143
f 96 97 143
f 373 96 143
f 112 97 143
f 373 112 143
f 112 96 143
f 2860 2549 2861
f 2549 2860 2699
f 2694 2700 2548
f 2550 2548 2700
f 113 114 2550
f 112 113 114
f 2548 2550 114
f 143 372 112
f 114 112 372
f 372 143 2547
f 2861 2546 2856
f 2549 2546 2861
f 2854 2862 2545
f 2694 2545 2862
f 2548 115 2694
f 114 115 2548
f 2545 2694 115
f 372 2544 114
f 115 114 2544
f 2547 2543 372
f 2544 372 2543
f 2693 2855 2542
f 2852 2854 2541
f 2545 2541 2854
f 115 350 2545
f 2541 2545 350
f 350 371 115
f 2544 349 115
f 371 115 349
f 2543 2540 2544
f 349 2544 2540
f 2851 2856 2539
f 2546 2539 2856
f 2850 2538 2855
f 2542 2855 2538
f 2691 2537 2692
f 2537 2691 2687
f 2848 2852 2536
f 2541 2536 2852
f 2843 2848 2535
f 2536 2535 2848
f 2847 2851 2534
f 2539 2534 2851
f 2846 2533 2850
f 2538 2850 2533
f 2532 2690 2689
f 2689 2688 2532
f 2690 2532 2686
f 3019 2847 2531
f 2531 2681 3019
f 2534 2531 2847
f 2844 2530 2846
f 2533 2846 2530
f 2834 2529 2841
f 2687 2841 2529
f 2687 2529 2537
f 2683 2686 2528
f 2532 2528 2686
f 2685 2527 2688
f 2527 2685 2684
f 2684 2682 2527
f 2688 2527 2532
f 2840 2843 2526
f 2535 2526 2843
f 2525 2681 2531
f 2524 2680 2683
f 2680 2524 2679
f 2682 2678 2524
f 2679 2524 2678
f 2528 2524 2683
f 2528 2532 2524
f 2527 2682 2524
f 2524 2532 2527
f 2837 2840 2523
f 2526 2523 2840
f 2681 2525 2522
f 2838 2521 2844
f 2530 2844 2521
f 2837 2520 2829
f 2523 2520 2837
f 2677 2681 2519
f 2522 2519 2681
f 2677 2518 2836
f 2519 2518 2677
f 2835 2517 2838
f 2521 2838 2517
f 2816 2516 2834
f 2529 2834 2516
f 2825 2514 2826
f 2515 2826 2514
f 2824 2513 2825
f 2514 2825 2513
f 2823 334 2824
f 2822 334 2823
f 2513 2824 334
f 396 2510 2817
f 2831 2509 2832
f 396 2832 2509
f 2510 396 2509
f 2509 2831 2508
f 2830 2507 2831
f 2508 2831 2507
f 2829 2506 2830
f 2506 2829 2520
f 2507 2830 2506
f 3009 2836 2505
f 2518 2505 2836
f 2835 3009 2504
f 2504 2517 2835
f 2505 2504 3009
f 2813 2503 2814
f 2812 2503 2813
f 2828 2502 2812
f 2503 2812 2502
f 2827 2501 2828
f 2502 2828 2501
f 2826 2500 2827
f 2515 2500 2826
f 2501 2827 2500
f 334 2498 2512
f 2499 2512 2498
f 2498 334 2497
f 2498 2497 2499
f 2821 515 2822
f 334 2822 515
f 2511 334 515
f 2820 2496 2821
f 515 2821 2496
f 515 2496 2511
f 2496 2820 2495
f 2819 2494 2820
f 2495 2820 2494
f 2818 2493 2819
f 2494 2819 2493
f 2817 2492 2818
f 2510 2492 2817
f 2493 2818 2492
f 2810 2491 2816
f 2516 2816 2491
f 2676 2814 2490
f 2490 2814 2503
f 2489 2499 2497
f 2497 2488 2489
f 2809 2487 2810
f 2491 2810 2487
f 2807 2486 2808
f 2485 2807 2675
f 2486 2807 2485
f 2675 2676 2484
f 2675 2484 2485
f 2488 2483 2489
f 2483 2488 2482
f 2672 2481 387
f 2808 2480 2809
f 2487 2809 2480
f 2480 2808 2486
f 2479 2483 2482
f 2482 2478 2479
f 2478 2482 2477
f 2476 2672 2673
f 2476 2673 2669
f 2481 2672 2476
f 2478 2475 2479
f 2475 2478 2474
f 2477 2473 2478
f 2473 382 2474
f 2474 2478 2473
f 2669 382 116
f 2669 116 2476
f 382 2473 116
f 2473 2477 116
f 385 386 2472
f 2472 383 385
f 2474 382 2471
f 2471 2475 2474
f 116 382 346
f 2470 2668 383
f 2668 2470 2666
f 383 2472 2470
f 117 382 2667
f 382 117 2471
f 346 382 117
f 2666 2470 118
f 2790 120 2791
f 2667 2791 120
f 120 2790 2665
f 2667 120 117
f 2785 2979 119
f 2666 119 2979
f 118 119 2666
f 121 2665 98
f 2665 121 120
f 121 370 98
f 370 120 121
f 2783 2785 516
f 516 2662 2783
f 119 516 2785
f 2664 119 516
f 2469 2662 516
f 2468 2661 2662
f 2662 2469 2468
f 2467 98 2663
f 2663 2660 2467
f 98 2467 121
f 2466 2657 2661
f 2661 2468 2466
f 2660 2464 2467
f 2657 2466 2463
f 2465 2463 2466
f 2656 2462 2660
f 2462 2656 2655
f 2464 2660 2462
f 2657 2461 2652
f 2461 2650 2652
f 2461 2657 2463
f 2651 2460 2655
f 2460 2651 2650
f 2655 2460 2462
f 2459 2460 2650
f 2650 2461 2458
f 2650 2458 2459
f 2648 2649 2457
f 2647 2648 2456
f 2457 2456 2648
f 2646 2647 2455
f 2456 2455 2647
f 2645 2643 2454
f 2645 2453 2649
f 2457 2649 2453
f 2454 2453 2645
f 2456 2457 2452
f 2455 2456 2452
f 2644 2646 2451
f 2455 2451 2646
f 2452 2451 2455
f 2641 2450 2643
f 2450 2454 2643
f 2451 2452 2449
f 2642 2644 2448
f 2639 2642 2448
f 2451 2448 2644
f 2449 2448 2451
f 2641 369 2447
f 2450 2641 2447
f 2447 2446 2450
f 2639 2444 2640
f 2448 2444 2639
f 2448 2449 2444
f 2445 2444 2449
f 367 2638 100
f 367 369 100
f 369 100 2638
f 2443 2447 369
f 100 2443 369
f 2636 518 2637
f 2635 518 2636
f 2640 2441 2635
f 2441 2640 2444
f 2441 2444 2445
f 518 2635 2441
f 2633 2440 2634
f 2757 2637 122
f 2757 122 2633
f 518 122 2637
f 518 2442 122
f 2440 2633 122
f 367 368 99
f 367 99 123
f 379 123 99
f 100 367 123
f 2443 100 123
f 368 367 123
f 368 99 123
f 2631 2634 2439
f 2439 2634 2440
f 2632 2438 99
f 368 99 2438
f 101 379 124
f 123 379 124
f 2631 2437 2628
f 2439 2437 2631
f 101 379 342
f 124 342 379
f 124 342 101
f 2622 2628 2436
f 2435 2628 2437
f 2436 2628 2435
f 2626 2434 2630
f 2624 101 2433
f 342 2433 101
f 2623 366 101
f 2615 366 2623
f 342 101 366
f 2436 2432 2622
f 2626 2617 2431
f 2431 2434 2626
f 2624 2430 2616
f 2430 2624 2433
f 2622 2429 2615
f 366 2615 2429
f 2429 2622 2432
f 2744 2618 2428
f 2613 2744 2427
f 2428 2427 2744
f 2612 2426 2617
f 2431 2617 2426
f 2612 2606 2424
f 2595 2424 2606
f 2424 2426 2612
f 377 2616 2423
f 376 377 2423
f 2430 2423 2616
f 2598 2607 2422
f 376 2421 2595
f 2424 2595 2421
f 2422 2420 2598
f 2597 2598 2419
f 2420 2419 2598
f 2590 2418 2586
f 2589 2417 2590
f 2418 2590 2417
f 2585 2416 2589
f 2417 2589 2416
f 2416 2585 2415
f 2419 2420 2414
f 2414 2413 2419
f 2586 2412 2587
f 2583 2587 2412
f 2418 2412 2586
f 2582 2411 2585
f 2415 2585 2411
f 2578 2583 2410
f 2576 2578 2410
f 2573 2576 2410
f 2410 2583 2412
f 2568 2409 2572
f 2569 2573 2408
f 2570 527 136
f 365 2570 363
f 103 363 365
f 104 103 363
f 364 365 363
f 364 103 363
f 364 104 363
f 136 363 2570
f 104 103 127
f 105 104 127
f 102 104 127
f 102 105 127
f 363 127 103
f 363 104 127
f 105 104 362
f 127 362 104
f 127 105 362
f 2566 2407 2568
f 2409 2568 2407
f 2731 2406 2571
f 109 364 2405
f 363 2405 364
f 127 2405 363
f 127 102 2404
f 2405 127 2404
f 374 2569 305
f 106 374 305
f 2408 305 2569
f 361 109 107
f 2405 107 109
f 107 2405 2404
f 108 2403 102
f 2404 102 2403
f 2404 2403 107
f 94 104 2402
f 109 2402 104
f 2564 94 2402
f 511 2564 2402
f 358 305 129
f 106 374 512
f 305 512 374
f 305 358 512
f 2727 2401 2566
f 2407 2566 2401
f 2726 2400 2731
f 2561 2400 2726
f 2406 2731 2400
f 2400 2561 2399
f 2719 2725 2398
f 2725 2730 2397
f 2398 2725 2397
f 2729 2396 2730
f 2397 2730 2396
f 2724 2395 2729
f 2396 2729 2395
f 361 109 360
f 107 109 360
f 107 360 361
f 2403 360 107
f 108 109 359
f 95 109 359
f 95 108 359
f 2403 108 359
f 2402 109 359
f 360 359 109
f 360 2403 359
f 511 2394 95
f 2402 2394 511
f 359 95 2394
f 359 2394 2402
f 358 129 2393
f 128 2393 129
f 2562 106 110
f 305 358 110
f 512 110 106
f 512 305 110
f 512 358 110
f 2393 110 358
f 2720 2392 2727
f 2401 2727 2392
f 2715 2719 2391
f 2391 2719 2398
f 2718 2390 2724
f 2395 2724 2390
f 111 2389 361
f 360 361 2389
f 110 2388 2562
f 2722 2562 2387
f 2388 2387 2562
f 2721 2722 2386
f 2387 2386 2722
f 2720 2721 2385
f 2392 2720 2385
f 2386 2385 2721
f 2716 2384 2561
f 2399 2561 2384
f 2711 2715 2383
f 2391 2383 2715
f 2714 2382 2718
f 2390 2718 2382
f 2557 2559 130
f 111 337 2559
f 2389 111 337
f 130 2559 337
f 130 2389 337
f 513 357 111
f 337 111 357
f 2712 2381 2716
f 2708 2381 2712
f 2384 2716 2381
f 2383 2380 2711
f 2710 2379 2714
f 2706 2379 2710
f 2382 2714 2379
f 2381 2708 2378
f 2707 2711 2377
f 2380 2377 2711
f 2704 2376 2706
f 2379 2706 2376
f 2555 2556 2375
f 2554 2555 356
f 2552 2554 356
f 2375 356 2555
f 97 2552 139
f 356 139 2552
f 373 2374 97
f 139 97 2374
f 2705 2707 2373
f 2377 2373 2707
f 2704 2701 2372
f 2376 2704 2372
f 139 356 355
f 2699 2371 2549
f 2698 2370 2699
f 2371 2699 2370
f 2697 2369 2698
f 2370 2698 2369
f 2693 2368 2697
f 2369 2697 2368
f 2692 2367 2703
f 2551 2703 2367
f 2551 2366 2708
f 2378 2708 2366
f 2367 2366 2551
f 2702 2705 2365
f 2373 2365 2705
f 2696 2702 2364
f 2365 2364 2702
f 2695 2696 2363
f 2364 2363 2696
f 2695 2362 2701
f 2362 2372 2701
f 2363 2362 2695
f 112 113 352
f 114 113 352
f 114 112 352
f 355 113 352
f 112 96 514
f 372 112 514
f 352 514 112
f 143 112 354
f 2547 143 354
f 2543 2547 354
f 2546 2549 533
f 533 2549 2371
f 2542 2361 2693
f 2368 2693 2361
f 114 353 113
f 352 113 353
f 352 114 353
f 514 352 353
f 514 351 372
f 353 351 514
f 372 522 112
f 354 112 522
f 351 522 372
f 351 514 131
f 522 131 354
f 522 351 131
f 2361 2542 2357
f 2537 2356 2692
f 2367 2692 2356
f 115 2355 114
f 353 114 2355
f 351 353 2354
f 2355 2354 353
f 2539 2546 152
f 533 152 2546
f 2359 2360 152
f 2358 152 533
f 2358 2359 152
f 350 115 132
f 350 132 2541
f 371 115 132
f 371 350 132
f 349 115 132
f 349 371 132
f 2355 115 132
f 523 2541 132
f 349 371 149
f 2354 2355 149
f 132 149 371
f 132 349 149
f 132 149 2355
f 2540 2543 348
f 2540 348 349
f 354 348 2543
f 149 349 348
f 2538 2353 2542
f 2357 2542 2353
f 2536 2541 347
f 523 347 2541
f 2534 2539 2352
f 152 2352 2539
f 2533 2351 2538
f 2353 2538 2351
f 2531 2534 2350
f 2525 2531 2350
f 2522 2525 2348
f 2519 2522 2348
f 2517 2347 2521
f 2514 2345 2515
f 2346 2515 2345
f 2346 2345 2349
f 2518 2519 2344
f 2348 2344 2519
f 2505 2518 2343
f 2344 2343 2518
f 2504 2505 2342
f 2343 2342 2505
f 2517 2504 2341
f 2347 2517 2341
f 2342 2341 2504
f 2500 2515 2340
f 2340 2515 2346
f 334 2512 2339
f 2499 2339 2512
f 2489 2338 2499
f 2339 2499 2338
f 515 334 2337
f 2484 2676 2336
f 2490 2335 2676
f 2336 2676 2335
f 2483 2334 2489
f 2338 2489 2334
f 387 2333 386
f 387 2481 2333
f 2479 2332 2483
f 2334 2483 2332
f 2477 2482 2331
f 2337 2331 2482
f 2333 2481 2330
f 2475 2329 2479
f 2332 2479 2329
f 116 2477 2328
f 2331 2328 2477
f 2481 2476 2327
f 116 2327 2476
f 2327 2330 2481
f 2472 386 2326
f 2333 2326 386
f 2330 2326 2333
f 346 116 133
f 2328 133 116
f 2327 116 133
f 2326 2325 2472
f 117 2324 2471
f 346 345 116
f 133 116 345
f 133 345 346
f 2470 2472 2323
f 2325 2323 2472
f 120 117 344
f 2324 117 344
f 117 154 346
f 120 117 154
f 345 346 154
f 344 117 154
f 344 154 120
f 118 2470 2322
f 2323 2322 2470
f 119 343 118
f 2322 343 118
f 119 134 118
f 516 119 134
f 343 118 134
f 343 119 134
f 370 517 120
f 121 120 517
f 121 517 370
f 154 120 517
f 2467 2321 121
f 517 121 2321
f 517 2321 154
f 2469 516 526
f 2468 2469 526
f 134 526 516
f 2320 526 134
f 2466 2468 2319
f 526 2319 2468
f 2464 2318 2467
f 2321 2467 2318
f 2319 526 2316
f 2465 2466 2315
f 2319 2315 2466
f 2316 2315 2319
f 2318 2464 2314
f 2317 2318 2314
f 2463 2465 2312
f 2463 2312 2461
f 2315 2312 2465
f 2315 2316 2312
f 2313 2312 2316
f 2462 2311 2464
f 2314 2464 2311
f 2458 2461 2309
f 2309 2461 2312
f 2309 2312 2313
f 2313 2310 2309
f 2460 2308 2462
f 2311 2462 2308
f 2459 2307 2460
f 2308 2460 2307
f 2458 2306 2459
f 2309 2306 2458
f 2309 2310 2306
f 2307 2459 2306
f 2307 2306 2310
f 2453 2454 2305
f 2453 2304 2457
f 2305 2304 2453
f 2454 2450 2302
f 2302 2450 2446
f 2302 2305 2454
f 2302 2446 2303
f 2301 2452 2457
f 2304 2301 2457
f 2300 2449 2452
f 2449 2300 2445
f 2452 2301 2300
f 2446 2447 2299
f 2446 2299 2303
f 518 2298 122
f 2445 2297 2441
f 518 2441 2297
f 2297 2445 2300
f 2300 2301 2297
f 2297 2298 518
f 2298 2297 2301
f 2447 2443 2296
f 2296 2299 2447
f 123 2295 2443
f 2296 2443 2295
f 2294 2440 122
f 2440 2294 2439
f 2293 123 368
f 2292 2437 2439
f 2292 2439 2294
f 2438 2291 368
f 2293 368 2291
f 2435 2437 2290
f 2290 2437 2292
f 2632 2630 2289
f 2289 2438 2632
f 2289 2630 2434
f 2438 2289 2291
f 342 124 125
f 125 342 366
f 342 125 2288
f 2287 2436 2435
f 2287 2432 2436
f 2290 2287 2435
f 2434 2286 2289
f 2433 342 2285
f 342 2288 2285
f 366 125 2284
f 126 366 2429
f 2429 2432 126
f 366 125 126
f 126 2432 2287
f 2284 126 366
f 2284 125 126
f 2627 2621 2283
f 2283 2282 2627
f 2620 2627 2281
f 2619 2620 2281
f 2282 2281 2627
f 2618 2619 2280
f 2280 2428 2618
f 2281 2280 2619
f 2279 2430 2433
f 2279 2423 2430
f 2433 2285 2279
f 2278 2425 341
f 2614 2277 2621
f 2283 2621 2277
f 2427 2276 2613
f 2426 2275 2431
f 2426 2424 2275
f 2434 2431 2274
f 2286 2434 2274
f 2610 2613 2273
f 2609 2610 2273
f 2276 2273 2613
f 2608 2609 2272
f 2273 2272 2609
f 2607 2608 2271
f 2271 2422 2607
f 2272 2271 2608
f 2423 2279 2270
f 341 2601 519
f 2425 519 341
f 2278 341 519
f 2425 2278 519
f 2600 341 2269
f 2593 2600 2269
f 519 2269 341
f 2599 2268 2614
f 2277 2614 2268
f 2596 2597 2267
f 376 2596 2267
f 2421 2266 2424
f 2594 376 520
f 2423 520 376
f 2421 376 520
f 2270 520 2423
f 2267 520 376
f 2266 2421 520
f 520 2265 2594
f 2594 2264 2605
f 2265 2264 2594
f 2604 2605 2263
f 2603 2604 2263
f 2264 2263 2605
f 2263 2262 2603
f 2602 2603 2261
f 2262 2261 2603
f 2601 2602 2260
f 2261 2260 2602
f 519 2601 2259
f 2260 2259 2601
f 2592 2593 2258
f 2269 2258 2593
f 2258 2257 2592
f 2591 2592 2256
f 2257 2256 2592
f 2255 2420 2422
f 2420 2255 2414
f 2419 2254 2597
f 2254 2419 2413
f 2254 2267 2597
f 2588 2591 2253
f 2256 2253 2591
f 2413 2252 2254
f 2584 2588 2251
f 2253 2251 2588
f 2417 2250 2418
f 2412 2418 2250
f 2581 2249 2599
f 2268 2599 2249
f 2248 2414 2255
f 2247 2413 2414
f 2414 2248 2247
f 2246 2252 2413
f 2413 2247 2246
f 2579 2584 2245
f 2251 2245 2584
f 2412 2244 2410
f 2244 2412 2250
f 2575 2243 2582
f 2411 2582 2243
f 2572 2242 2575
f 2242 2572 2409
f 2243 2575 2242
f 2574 2579 2241
f 527 2574 2241
f 2245 2241 2579
f 2410 2240 2573
f 2240 2408 2573
f 2244 2240 2410
f 2571 2239 2581
f 2239 2571 2406
f 2249 2581 2239
f 136 527 307
f 307 363 136
f 2241 307 527
f 363 330 127
f 330 363 307
f 329 363 127
f 127 362 329
f 363 329 330
f 329 127 330
f 340 362 127
f 127 329 340
f 340 329 362
f 129 305 2237
f 2236 2237 305
f 2237 2236 2238
f 158 2236 305
f 326 129 2237
f 339 128 129
f 129 339 326
f 128 129 338
f 339 129 338
f 128 339 338
f 128 129 300
f 338 129 300
f 338 128 300
f 2393 128 161
f 161 110 2393
f 300 161 128
f 521 130 337
f 337 130 162
f 162 357 337
f 521 162 130
f 337 162 521
f 357 531 337
f 162 337 531
f 357 162 531
f 2557 528 2556
f 528 2557 130
f 528 2375 2556
f 130 521 528
f 2235 356 2375
f 2375 528 2235
f 140 356 139
f 356 2235 140
f 139 322 356
f 140 356 322
f 139 140 322
f 2374 373 2234
f 2374 2234 139
f 322 139 2234
f 143 112 144
f 144 112 522
f 522 131 336
f 336 144 522
f 2360 2359 142
f 533 171 2358
f 2359 2358 171
f 171 533 529
f 529 335 171
f 171 142 2359
f 142 335 171
f 2360 142 2233
f 2232 152 2360
f 2233 2232 2360
f 152 2232 317
f 2231 317 2232
f 317 316 152
f 2529 2230 2537
f 2356 2537 2230
f 347 523 147
f 174 523 132
f 347 174 2536
f 347 523 174
f 147 523 174
f 147 174 347
f 150 132 149
f 132 150 174
f 149 132 148
f 148 149 348
f 150 148 132
f 149 150 148
f 348 530 149
f 148 149 530
f 348 148 530
f 2535 2536 2229
f 2526 2535 2229
f 174 2229 2536
f 2352 2228 2534
f 2228 2350 2534
f 2530 2227 2533
f 2351 2533 2227
f 2516 2226 2529
f 2230 2529 2226
f 2224 2225 2349
f 2523 2526 2223
f 2229 2223 2526
f 2350 2222 2525
f 2222 2348 2525
f 2521 2221 2530
f 2221 2521 2347
f 2227 2530 2221
f 2220 2349 2345
f 2349 2220 2224
f 2520 2523 2219
f 2223 2219 2523
f 2218 2344 2348
f 2348 2222 2218
f 2217 2346 2349
f 2340 2346 2217
f 2349 2225 2217
f 2345 2514 2216
f 2345 2216 2220
f 2520 2215 2506
f 2219 2215 2520
f 2491 2214 2516
f 2226 2516 2214
f 2513 2213 2514
f 334 2213 2513
f 2216 2514 2213
f 2212 2339 2338
f 2511 524 334
f 2339 524 334
f 524 2337 334
f 2213 334 524
f 2212 524 2339
f 2496 2211 2511
f 524 2511 2211
f 2211 2496 2210
f 2495 2209 2496
f 2210 2496 2209
f 2494 2208 2495
f 2209 2495 2208
f 2493 2207 2494
f 2208 2494 2207
f 2492 2206 2493
f 2207 2493 2206
f 2492 2510 2205
f 2206 2492 2205
f 2509 2204 2510
f 2205 2510 2204
f 2508 2203 2509
f 2204 2509 2203
f 2507 332 2508
f 2203 2508 332
f 2506 333 2507
f 333 2506 2215
f 332 2507 333
f 2502 2202 2503
f 2503 2202 2490
f 2501 2201 2502
f 2202 2502 2201
f 2500 2200 2501
f 2340 2200 2500
f 2201 2501 2200
f 2487 2198 2491
f 2214 2491 2198
f 2335 2490 2197
f 2197 2490 2202
f 2334 2196 2338
f 2196 2334 2332
f 2332 2329 2195
f 2195 2196 2332
f 2480 2194 2487
f 2198 2487 2194
f 2485 2193 2486
f 2486 2193 2480
f 2194 2480 2193
f 2484 2192 2485
f 2193 2485 2192
f 2331 2337 2191
f 2199 2191 2337
f 2329 2190 2195
f 2328 2331 2189
f 2191 2189 2331
f 2330 2327 2187
f 2187 2326 2330
f 2188 2187 2327
f 2471 2186 2475
f 2329 2475 2186
f 2186 2471 2324
f 2190 2329 2186
f 2185 133 2328
f 2189 2185 2328
f 133 525 2327
f 345 133 525
f 2188 2327 525
f 133 2185 525
f 2184 2325 2326
f 2326 2187 2184
f 2183 2324 344
f 2324 2183 2186
f 2182 2323 2325
f 2325 2184 2182
f 2181 344 154
f 344 2181 2183
f 2322 2323 2180
f 2323 2182 2180
f 2179 154 2321
f 343 2322 2178
f 2178 134 343
f 2180 2178 2322
f 2177 2321 2318
f 2321 2177 2179
f 2317 2176 2318
f 2318 2176 2177
f 2320 134 135
f 135 134 526
f 135 526 2320
f 2175 2316 526
f 2316 2175 2313
f 526 135 2175
f 2314 2174 2317
f 2174 2314 2311
f 2176 2317 2174
f 2310 2313 2172
f 2172 2313 2175
f 2175 135 2172
f 2172 2173 2310
f 2173 2172 135
f 2171 2311 2308
f 2311 2171 2174
f 2310 2170 2307
f 2308 2307 2170
f 2170 2171 2308
f 2302 2303 2169
f 2299 2169 2303
f 2305 2302 2168
f 2169 2168 2302
f 2301 2304 2167
f 2298 2301 2167
f 2299 2296 2166
f 2169 2299 2166
f 2167 2165 2298
f 2164 2166 2296
f 122 2298 2163
f 122 2163 2294
f 2163 2298 2165
f 2295 123 331
f 2295 331 2296
f 2164 2296 331
f 2162 331 123
f 2294 2160 2292
f 2163 2160 2294
f 2161 2292 2160
f 123 2293 2159
f 2162 123 2159
f 2158 331 2162
f 2159 2158 2162
f 2290 2292 2157
f 2157 2292 2161
f 2159 2293 2156
f 125 2155 2288
f 2158 2159 2155
f 2156 2155 2159
f 2290 2154 2287
f 2157 2154 2290
f 2291 2153 2293
f 2153 2156 2293
f 2153 2288 2155
f 2156 2153 2155
f 2155 125 2152
f 126 2151 125
f 126 2287 2151
f 2151 2287 2154
f 2152 125 2151
f 2291 2289 2150
f 2285 2288 2150
f 2153 2291 2150
f 2153 2150 2288
f 2286 2149 2289
f 2285 2149 2279
f 2270 2279 2149
f 2149 2150 2289
f 2149 2285 2150
f 2427 2428 2148
f 2428 2280 2148
f 2276 2427 2147
f 2148 2147 2427
f 2147 2146 2276
f 2275 2145 2431
f 2274 2431 2145
f 2274 2144 2286
f 2149 2286 2144
f 2149 2144 2270
f 2273 2276 2143
f 2272 2273 2143
f 2146 2143 2276
f 2271 2272 2142
f 2143 2142 2272
f 2142 2141 2271
f 2275 2424 2140
f 2266 2140 2424
f 2140 2145 2275
f 520 2270 2139
f 2145 2139 2274
f 2139 2144 2274
f 2139 2270 2144
f 2145 2140 2139
f 2422 2271 2138
f 2255 2422 2138
f 2141 2138 2271
f 520 2137 2266
f 2140 2266 2137
f 2139 2137 520
f 2139 2140 2137
f 2416 2136 2417
f 2250 2417 2136
f 2415 2135 2416
f 2411 2135 2415
f 2243 2135 2411
f 2136 2416 2135
f 2252 2246 2134
f 2250 2133 2244
f 2133 2250 2136
f 2240 2244 2132
f 2133 2132 2244
f 2409 2131 2242
f 136 527 308
f 307 308 527
f 307 136 308
f 330 307 306
f 329 330 306
f 308 307 306
f 329 327 330
f 340 329 327
f 306 330 327
f 306 327 329
f 340 328 329
f 327 329 328
f 327 328 340
f 2408 2240 304
f 2236 304 2238
f 158 304 2236
f 2132 304 2240
f 2407 2130 2409
f 2131 2409 2130
f 326 2237 159
f 305 129 137
f 129 326 137
f 159 326 137
f 305 158 325
f 137 305 325
f 2401 2129 2407
f 2130 2407 2129
f 2406 2128 2239
f 2400 2125 2406
f 2399 2125 2400
f 2128 2406 2125
f 2126 2123 2127
f 2124 2127 2123
f 302 2122 2126
f 2123 2126 2122
f 338 301 339
f 2122 302 301
f 2392 2121 2401
f 2129 2401 2121
f 2398 2120 2391
f 2397 2119 2398
f 2120 2398 2119
f 2396 2118 2397
f 2395 2118 2396
f 2119 2397 2118
f 2388 110 281
f 110 161 281
f 2385 2117 2392
f 2121 2392 2117
f 2384 2116 2399
f 2383 2391 2115
f 2120 2115 2391
f 2390 2114 2395
f 2118 2395 2114
f 300 298 129
f 161 300 298
f 137 129 298
f 281 298 161
f 281 161 2113
f 298 2113 161
f 281 2112 2388
f 2387 2388 2111
f 2112 2111 2388
f 2386 2387 2110
f 2111 2110 2387
f 2385 2386 2109
f 2117 2385 2109
f 2110 2109 2386
f 2381 2108 2384
f 2378 2108 2381
f 2116 2384 2108
f 2380 2383 2107
f 2115 2107 2383
f 2382 2106 2390
f 2379 2106 2382
f 2376 2106 2379
f 2114 2390 2106
f 521 528 138
f 521 164 528
f 138 521 164
f 138 528 164
f 162 521 165
f 164 521 165
f 2377 2380 2104
f 2107 2104 2380
f 2372 2103 2376
f 2106 2376 2103
f 2235 528 324
f 138 324 528
f 140 2235 323
f 322 140 323
f 324 323 2235
f 139 168 97
f 139 140 168
f 322 139 168
f 322 140 168
f 323 140 168
f 323 168 322
f 373 97 297
f 2234 373 297
f 2234 297 322
f 168 297 97
f 168 322 297
f 2366 2102 2378
f 2108 2378 2102
f 2373 2377 2101
f 2104 2101 2377
f 2372 2362 2100
f 2100 2103 2372
f 2370 2097 2371
f 2098 2371 2097
f 2369 2096 2370
f 2097 2370 2096
f 2368 2095 2369
f 2096 2369 2095
f 2365 2373 2094
f 2101 2094 2373
f 2364 2365 2093
f 2094 2093 2365
f 2363 2364 2092
f 2362 2363 2092
f 2100 2362 2092
f 2093 2092 2364
f 529 141 335
f 142 141 335
f 171 335 141
f 171 529 141
f 171 142 141
f 2233 142 141
f 2099 141 529
f 2371 534 533
f 533 534 529
f 2099 529 534
f 2098 534 2371
f 2361 2091 2368
f 2095 2368 2091
f 2366 2367 2090
f 2356 2090 2367
f 336 145 144
f 532 145 144
f 170 146 141
f 2357 2089 2361
f 2091 2361 2089
f 2230 2088 2356
f 2090 2356 2088
f 354 143 321
f 2354 321 351
f 149 321 2354
f 348 354 321
f 348 149 321
f 336 144 214
f 532 144 214
f 145 144 214
f 145 336 214
f 145 532 2087
f 214 2087 532
f 146 145 320
f 170 320 146
f 2087 320 145
f 2232 2233 172
f 141 172 2233
f 141 146 172
f 141 170 172
f 170 146 172
f 320 146 172
f 320 170 172
f 2089 2357 2086
f 316 152 315
f 2353 2085 2357
f 2086 2357 2085
f 147 523 319
f 174 147 173
f 150 173 174
f 148 150 173
f 319 147 173
f 149 150 151
f 148 149 151
f 148 150 151
f 321 151 149
f 173 150 151
f 173 151 148
f 348 148 318
f 530 318 348
f 530 148 318
f 321 348 318
f 151 148 318
f 151 321 318
f 2352 152 153
f 317 152 153
f 317 2231 153
f 316 152 153
f 316 317 153
f 2228 2352 153
f 315 152 153
f 315 153 316
f 2084 153 2231
f 2351 2083 2353
f 2085 2353 2083
f 2227 2082 2351
f 2083 2351 2082
f 2350 2228 2081
f 2222 2350 2081
f 2220 2080 2224
f 2218 2222 2079
f 2081 2079 2222
f 2216 2078 2220
f 2080 2220 2078
f 2343 2344 2077
f 2344 2218 2077
f 2342 2343 2076
f 2341 2076 2347
f 2341 2342 2076
f 2347 2076 2221
f 2077 2076 2343
f 2340 2217 2075
f 2200 2340 2075
f 2338 2074 2212
f 524 2212 2074
f 2337 524 2073
f 2199 2337 2073
f 2074 2073 524
f 2201 2072 2202
f 2202 2072 2197
f 2200 2071 2201
f 2072 2201 2071
f 2075 2070 2200
f 2071 2200 2070
f 2196 2069 2338
f 2195 2069 2196
f 2074 2338 2069
f 2073 2069 2199
f 2073 2074 2069
f 2336 2068 2484
f 2192 2484 2068
f 2335 2067 2336
f 2068 2336 2067
f 2197 2066 2335
f 2067 2335 2066
f 2065 2197 2072
f 2066 2197 2065
f 2190 2064 2195
f 2069 2064 2199
f 2069 2195 2064
f 2191 2199 2063
f 2186 2063 2190
f 2064 2063 2199
f 2064 2190 2063
f 2189 2191 2062
f 2183 2062 2186
f 2063 2062 2191
f 2063 2186 2062
f 2187 2188 2061
f 525 2061 2188
f 2185 2189 2060
f 2181 2060 2183
f 2062 2060 2189
f 2062 2183 2060
f 2061 525 2059
f 2184 2187 2058
f 2061 2058 2187
f 2059 2058 2061
f 525 2185 2057
f 2060 2057 2185
f 2060 2181 2057
f 2056 2059 525
f 2057 2056 525
f 2182 2184 314
f 2058 314 2184
f 154 155 2181
f 2057 2181 155
f 2056 2057 155
f 2180 2182 2055
f 314 2055 2182
f 155 2054 154
f 2179 313 154
f 155 154 313
f 155 313 2056
f 2054 313 154
f 2054 155 313
f 313 2179 2053
f 2055 2052 2180
f 2178 2180 2051
f 2052 2051 2180
f 2177 2050 2179
f 2053 2179 2050
f 134 2178 2049
f 135 134 2049
f 2051 2049 2178
f 2176 2048 2177
f 2050 2177 2048
f 2173 135 2047
f 2049 2047 135
f 2174 2046 2176
f 2048 2176 2046
f 2171 2045 2174
f 2046 2174 2045
f 2310 2173 2044
f 2310 2044 2170
f 2047 2044 2173
f 2168 2169 2043
f 2304 2305 2042
f 2168 2042 2305
f 2042 2167 2304
f 2043 2042 2168
f 2041 2167 2042
f 2040 2165 2167
f 2167 2041 2040
f 2166 2039 2169
f 2043 2169 2039
f 2038 2163 2165
f 2165 2040 2037
f 2165 2037 2038
f 2166 2164 2036
f 2036 2039 2166
f 2039 2036 2035
f 2032 2160 2163
f 2161 2160 2032
f 2032 2163 2038
f 2032 2033 2161
f 331 312 2164
f 2036 2164 312
f 2035 2036 312
f 2157 2161 2031
f 2031 2161 2033
f 2033 2034 2031
f 331 2158 310
f 310 331 312
f 312 311 331
f 310 331 311
f 312 311 310
f 2157 2030 2154
f 2034 2035 2030
f 312 2030 2035
f 2031 2030 2157
f 2030 2031 2034
f 2030 311 2154
f 311 2030 312
f 2155 2029 2158
f 2029 2155 2152
f 2152 2151 2029
f 310 2158 2029
f 2151 2154 2028
f 2028 2154 311
f 311 310 2028
f 2028 2029 2151
f 2029 2028 310
f 2027 2146 2147
f 2026 2143 2146
f 2146 2027 2026
f 2025 2142 2143
f 2143 2026 2025
f 2024 2141 2142
f 2142 2025 2024
f 2259 2023 519
f 2269 519 2022
f 2258 2269 2022
f 2023 2022 519
f 2024 2025 2021
f 2141 2024 2020
f 520 2267 2018
f 2265 520 2018
f 2019 2018 2267
f 2264 2265 2017
f 2018 2017 2265
f 2263 2264 2016
f 2017 2016 2264
f 2262 2263 2015
f 2016 2015 2263
f 2261 2262 2014
f 2015 2014 2262
f 2014 2013 2261
f 2260 2261 2012
f 2013 2012 2261
f 2259 2260 2011
f 2023 2259 2011
f 2012 2011 2260
f 2257 2258 2010
f 2022 2010 2258
f 2256 2257 2009
f 2010 2009 2257
f 2253 2256 2008
f 2009 2008 2256
f 2248 2255 2007
f 2138 2007 2255
f 2267 2254 2006
f 2252 2006 2254
f 2006 2252 2134
f 2006 2019 2267
f 2005 2013 2014
f 2251 2253 2004
f 2008 2004 2253
f 2245 2251 2003
f 2004 2003 2251
f 2247 2248 2002
f 2007 2002 2248
f 2001 2134 2246
f 2134 2000 2006
f 2134 2001 2000
f 2003 1999 2245
f 1998 2136 2135
f 2136 1998 2133
f 1997 1998 2135
f 2135 2243 1996
f 2135 1996 1997
f 2246 2247 1995
f 2002 1995 2247
f 2001 2246 1995
f 2132 2133 1994
f 1998 1994 2133
f 2242 1993 2243
f 1993 2242 2131
f 1996 2243 1993
f 2241 2245 1992
f 307 2241 1992
f 1999 1992 2245
f 1991 304 2132
f 1991 2132 1994
f 327 156 306
f 156 328 327
f 328 309 327
f 156 327 309
f 328 156 309
f 2237 2238 1990
f 1990 2238 304
f 159 2237 1990
f 303 1990 304
f 307 185 136
f 308 136 185
f 308 307 185
f 185 307 306
f 185 308 306
f 1992 185 307
f 157 306 327
f 157 306 156
f 327 156 157
f 306 185 157
f 1989 137 159
f 1989 159 1990
f 305 158 177
f 304 305 177
f 304 158 177
f 177 305 137
f 177 305 325
f 177 325 158
f 137 177 325
f 304 1991 177
f 304 177 303
f 2126 2127 287
f 287 302 2126
f 2127 1987 287
f 339 160 326
f 159 326 160
f 137 326 160
f 137 159 160
f 160 339 301
f 160 301 302
f 137 287 160
f 302 287 160
f 325 178 177
f 137 287 286
f 302 287 286
f 160 137 286
f 160 302 286
f 160 287 286
f 301 539 160
f 286 160 539
f 2123 282 2124
f 2122 282 2123
f 1985 2124 282
f 300 192 338
f 161 300 192
f 301 338 192
f 301 192 2122
f 192 300 298
f 192 161 298
f 539 301 192
f 282 2122 192
f 280 161 281
f 280 161 298
f 281 280 298
f 192 161 280
f 1984 281 2113
f 2118 1983 2119
f 162 521 163
f 138 163 521
f 163 521 164
f 163 138 164
f 163 521 165
f 163 162 165
f 164 163 165
f 166 162 165
f 166 165 164
f 165 2105 166
f 163 162 166
f 164 163 166
f 166 163 165
f 531 162 299
f 165 162 299
f 299 2105 165
f 166 162 299
f 165 166 299
f 299 166 2105
f 192 282 1982
f 298 192 167
f 298 280 167
f 280 192 167
f 2113 298 1981
f 2113 1981 1984
f 167 1981 298
f 2119 1980 2120
f 2115 2120 1980
f 2107 2115 1980
f 1980 2104 2107
f 1980 2119 1983
f 1979 1980 1983
f 1983 1978 1979
f 2114 1977 2118
f 1977 2114 2106
f 2106 2103 1977
f 2100 1977 2103
f 1983 2118 1977
f 1977 2100 1978
f 1978 1983 1977
f 2101 2104 1976
f 1976 2094 2101
f 2104 1980 1976
f 2094 1975 2093
f 1979 1975 1980
f 1975 2094 1976
f 1976 1980 1975
f 2100 2092 1974
f 2093 1974 2092
f 1974 1978 2100
f 1978 1974 1979
f 1974 2093 1975
f 1975 1979 1974
f 323 324 275
f 275 168 323
f 168 169 323
f 169 168 297
f 275 323 169
f 168 275 169
f 168 296 322
f 297 322 296
f 297 168 296
f 169 168 296
f 297 296 169
f 2099 180 295
f 145 181 532
f 181 145 146
f 146 181 170
f 532 181 1973
f 294 146 141
f 170 294 141
f 294 146 170
f 294 295 170
f 180 295 294
f 146 181 294
f 294 181 170
f 534 271 2099
f 180 2099 271
f 533 543 171
f 141 171 543
f 543 533 534
f 543 172 141
f 172 1972 170
f 2087 214 293
f 320 2087 293
f 293 320 172
f 1971 293 214
f 2231 2232 182
f 172 182 2232
f 172 182 320
f 1972 172 182
f 293 320 182
f 172 182 293
f 184 315 153
f 174 147 237
f 2229 174 237
f 319 237 147
f 237 147 173
f 237 174 173
f 237 319 173
f 173 209 151
f 209 237 173
f 237 209 545
f 1970 2084 2231
f 182 1970 2231
f 268 184 153
f 151 173 183
f 183 151 318
f 173 209 183
f 151 209 183
f 270 318 183
f 318 537 151
f 318 270 537
f 183 151 537
f 318 183 537
f 270 183 537
f 2084 1970 1969
f 265 153 2084
f 268 265 153
f 1969 265 2084
f 237 1968 2229
f 153 1967 2228
f 1967 2081 2228
f 1966 2224 2080
f 1965 1966 2080
f 1964 2079 2081
f 2081 1967 1964
f 2221 1963 2227
f 2082 2227 1963
f 2224 1962 2225
f 1966 1962 2224
f 1961 2080 2078
f 2080 1961 1965
f 2223 2229 1960
f 1968 1960 2229
f 2079 1959 2218
f 1959 2077 2218
f 1958 2076 2077
f 2077 1959 1958
f 1957 2221 2076
f 1963 2221 1957
f 1957 2076 1958
f 2219 2223 1956
f 1960 1956 2223
f 2217 2225 1955
f 2075 2217 1955
f 1962 1955 2225
f 2213 1954 2216
f 2078 2216 1954
f 2078 1954 1961
f 2215 2219 1952
f 1956 1952 2219
f 1954 2213 1949
f 524 1948 2213
f 2211 1948 524
f 1949 2213 1948
f 2210 1947 2211
f 1948 2211 1947
f 1947 2210 1946
f 2209 1945 2210
f 1946 2210 1945
f 2208 1944 2209
f 1945 2209 1944
f 2207 1943 2208
f 1944 2208 1943
f 1953 1944 1943
f 2206 1942 2207
f 1943 2207 1942
f 1943 1942 1953
f 1942 2206 1941
f 2205 1940 2206
f 1941 2206 1940
f 2204 1939 2205
f 1940 2205 1939
f 2203 1938 2204
f 1939 2204 1938
f 332 292 2203
f 333 332 292
f 1938 2203 292
f 2215 291 333
f 333 332 291
f 1952 291 2215
f 292 291 332
f 292 291 333
f 2065 2072 1937
f 1936 2072 2071
f 2072 1936 1937
f 1935 2071 2070
f 1935 2070 1950
f 2071 1935 1936
f 2066 1934 2067
f 1934 2066 2065
f 1937 1934 2065
f 1933 2058 2059
f 2059 2056 1933
f 1933 2056 313
f 535 314 2058
f 2058 1933 535
f 1932 313 2053
f 313 1932 1933
f 535 1933 1932
f 314 535 175
f 2053 175 1932
f 1932 175 535
f 290 2055 314
f 314 535 290
f 175 290 314
f 175 290 535
f 1931 2053 2050
f 175 2053 1931
f 1931 290 175
f 1930 2052 2055
f 2055 290 1930
f 290 1931 1930
f 2048 1929 2050
f 2050 1929 1931
f 1930 1931 1929
f 2052 1930 1928
f 1929 1928 1930
f 1928 1927 2052
f 2051 2052 1926
f 2049 2051 1926
f 1927 1926 2052
f 538 2048 2046
f 1929 2048 538
f 538 1928 1929
f 1925 2047 2049
f 1926 1925 2049
f 1924 2044 2047
f 2047 1925 1924
f 2045 1923 2046
f 2046 1923 538
f 2170 1922 2171
f 2045 2171 1922
f 1922 2170 2044
f 1923 2045 1922
f 1921 1922 2044
f 2044 1924 1920
f 2044 1920 1921
f 2042 2043 1919
f 2041 2042 1918
f 2040 2041 1918
f 2037 2040 1918
f 1919 1918 2042
f 2039 1917 2043
f 2035 1917 2039
f 2034 1917 2035
f 2033 1917 2034
f 1919 2043 1917
f 2032 1916 2033
f 1918 1919 1916
f 1917 2033 1916
f 1917 1916 1919
f 2037 1915 2038
f 2038 1915 2032
f 1918 1915 2037
f 1916 2032 1915
f 1916 1915 1918
f 2281 2282 1914
f 2280 2281 1913
f 2148 2280 1913
f 1914 1913 2281
f 2282 2283 1912
f 1914 2282 1912
f 2147 2148 1911
f 2027 2147 1911
f 1913 1911 2148
f 2277 1910 2283
f 1912 2283 1910
f 2025 2026 1909
f 2021 2025 1909
f 2021 1908 2024
f 2020 2024 1908
f 2138 2141 1907
f 2020 1907 2141
f 2007 2138 1907
f 2018 2019 1906
f 2017 2018 1905
f 1906 1905 2018
f 2016 2017 1904
f 1905 1904 2017
f 2015 2016 1903
f 1904 1903 2016
f 2014 2015 1902
f 1903 1902 2015
f 2268 1901 2277
f 1910 2277 1901
f 1909 1900 2021
f 1908 1898 2020
f 1899 1898 1908
f 2002 2007 1897
f 2005 2014 1896
f 1902 1896 2014
f 2012 2013 1895
f 2013 2005 1895
f 1895 1894 2012
f 1908 2021 1893
f 1900 1893 2021
f 1899 1908 1893
f 2000 1892 2006
f 1896 1891 2005
f 1895 2005 1890
f 1891 1890 2005
f 1894 1895 1889
f 1890 1889 1895
f 1897 1888 2002
f 1995 2002 1887
f 1888 1887 2002
f 2000 2001 1886
f 1995 1886 2001
f 1886 1892 2000
f 1887 1886 1995
f 2249 1885 2268
f 2239 1885 2249
f 1901 2268 1885
f 1997 1884 1998
f 1994 1998 1884
f 1996 1883 1997
f 2131 1883 1993
f 1993 1883 1996
f 1884 1997 1883
f 1994 1882 1991
f 1882 1994 1884
f 2130 1881 2131
f 1883 2131 1881
f 303 288 1990
f 177 1991 288
f 177 303 288
f 1882 288 1991
f 2128 1879 2239
f 1885 2239 1879
f 157 185 262
f 156 157 261
f 157 185 261
f 262 185 261
f 262 157 261
f 309 156 176
f 156 157 176
f 261 176 156
f 261 157 176
f 309 289 156
f 176 156 289
f 176 289 309
f 1990 1878 1989
f 1878 1990 1880
f 217 177 288
f 137 177 285
f 177 285 303
f 178 285 177
f 288 303 285
f 288 177 285
f 217 285 177
f 288 285 217
f 2129 1877 2130
f 1881 2130 1877
f 287 1987 188
f 137 1989 284
f 137 287 284
f 286 137 284
f 286 287 284
f 1878 284 1989
f 285 284 137
f 188 284 287
f 178 325 283
f 285 178 283
f 2121 1876 2129
f 1877 2129 1876
f 2124 1875 2127
f 2127 1875 1987
f 1875 188 1987
f 325 137 1874
f 178 325 1874
f 283 178 1874
f 2125 541 2128
f 1879 2128 541
f 1985 1873 2124
f 1875 2124 1873
f 2117 1872 2121
f 1876 2121 1872
f 1986 1871 2125
f 1871 541 2125
f 282 254 1985
f 192 282 254
f 1982 282 254
f 1982 254 192
f 254 282 193
f 254 192 193
f 192 161 249
f 298 192 249
f 192 539 249
f 280 249 161
f 280 192 249
f 193 192 249
f 249 280 250
f 281 280 199
f 1984 199 281
f 167 280 199
f 1981 199 1984
f 1981 167 199
f 249 280 199
f 250 280 199
f 250 249 199
f 2109 1870 2117
f 1872 2117 1870
f 1871 1986 277
f 164 138 195
f 164 279 138
f 165 279 164
f 195 138 279
f 195 279 164
f 165 252 164
f 279 164 252
f 279 165 252
f 299 165 278
f 252 278 165
f 167 1869 192
f 249 192 1869
f 199 1869 167
f 2112 281 1868
f 199 1868 281
f 2111 2112 1867
f 1868 1867 2112
f 2110 2111 1866
f 1867 1866 2111
f 2109 2110 1865
f 1870 2109 1865
f 1866 1865 2110
f 2116 198 1986
f 277 1986 198
f 2108 540 2116
f 2102 540 2108
f 198 2116 540
f 198 276 1864
f 276 536 2102
f 2090 276 536
f 198 536 276
f 540 2102 536
f 540 536 198
f 324 138 274
f 275 274 324
f 275 247 324
f 169 275 247
f 274 324 247
f 274 275 247
f 169 275 179
f 296 169 179
f 247 179 275
f 247 179 169
f 296 273 169
f 179 169 273
f 179 273 296
f 180 1863 295
f 1863 180 1862
f 534 2098 1861
f 2097 1860 2098
f 1861 2098 1860
f 2096 1859 2097
f 1860 2097 1859
f 2095 1858 2096
f 1859 2096 1858
f 2090 1857 276
f 1864 276 1857
f 170 272 181
f 181 272 1973
f 170 181 243
f 170 294 243
f 294 181 243
f 272 170 243
f 272 181 243
f 271 534 245
f 271 245 180
f 534 245 543
f 1862 180 245
f 1861 245 534
f 2091 1856 2095
f 2089 1856 2091
f 1858 2095 1856
f 2088 1855 2090
f 1857 2090 1855
f 1857 1855 1864
f 202 1973 272
f 245 1854 543
f 2086 1853 2089
f 1856 2089 1853
f 172 543 544
f 1854 544 543
f 1853 2086 1852
f 293 1971 239
f 182 293 239
f 182 206 1972
f 182 206 293
f 239 293 206
f 268 184 267
f 209 237 210
f 209 237 211
f 183 211 209
f 210 237 211
f 210 209 211
f 183 209 235
f 270 183 235
f 211 209 235
f 211 183 235
f 270 183 269
f 537 269 270
f 537 183 269
f 235 269 270
f 235 183 269
f 1970 182 1851
f 206 1851 182
f 153 152 233
f 153 315 233
f 184 233 315
f 153 184 233
f 153 268 233
f 268 184 233
f 153 265 233
f 268 265 233
f 267 184 233
f 267 233 268
f 2085 1850 2086
f 1852 2086 1850
f 2226 1849 2230
f 2088 2230 1849
f 1855 2088 1849
f 1969 1970 266
f 1851 266 1970
f 153 264 265
f 268 264 265
f 265 1969 264
f 264 153 233
f 264 268 233
f 264 265 233
f 266 264 1969
f 264 266 233
f 1967 153 1848
f 233 1848 153
f 2083 1847 2085
f 1850 2085 1847
f 1964 1967 1846
f 1848 1846 1967
f 2082 1845 2083
f 1847 2083 1845
f 2079 1964 1844
f 1959 2079 1844
f 1963 1843 2082
f 1958 1959 1843
f 1957 1843 1963
f 1957 1958 1843
f 1845 2082 1843
f 1844 1843 1959
f 2214 1842 2226
f 1849 2226 1842
f 1962 1966 1840
f 1841 1962 1840
f 1965 1839 1966
f 1840 1966 1839
f 1961 1837 1965
f 1954 1837 1961
f 1839 1965 1837
f 1942 1835 1953
f 1836 1953 1835
f 1838 1833 1951
f 1838 1951 1832
f 1955 1962 231
f 1953 1831 1944
f 1944 1831 1945
f 1836 1831 1953
f 1835 1942 1830
f 1834 1835 1830
f 2198 1829 2214
f 1842 2214 1829
f 1936 1951 1828
f 1936 1828 1937
f 1833 1828 1951
f 1936 1827 1951
f 1935 1950 1827
f 1935 1827 1936
f 1832 1951 1827
f 2070 2075 1825
f 1955 1825 2075
f 2070 1825 1950
f 1826 1950 1825
f 1949 1824 1954
f 1948 1824 1949
f 1947 1823 1948
f 1824 1948 1823
f 1946 1822 1947
f 1823 1947 1822
f 1822 1946 1821
f 1945 1820 1946
f 1820 1945 1831
f 1821 1946 1820
f 2194 1819 2198
f 1829 2198 1819
f 1819 2194 1818
f 2067 1817 2068
f 1934 1817 2067
f 2192 1816 2193
f 2068 1816 2192
f 1817 1816 2068
f 1927 1928 263
f 1928 538 263
f 1923 263 538
f 1815 538 263
f 1926 1927 1814
f 263 1814 1927
f 1925 1926 1813
f 1924 1925 1813
f 1814 1813 1926
f 1922 1812 1923
f 263 1923 1812
f 1814 263 1812
f 1921 1811 1922
f 1920 1924 1811
f 1920 1811 1921
f 1813 1811 1924
f 1813 1814 1811
f 1812 1922 1811
f 1812 1811 1814
f 2026 2027 1810
f 1911 1810 2027
f 1810 1909 2026
f 2022 2023 1809
f 2010 2022 1809
f 1907 1808 2007
f 1808 1897 2007
f 1807 1902 1903
f 2011 2012 1806
f 2011 1805 2023
f 1809 2023 1805
f 1806 1805 2011
f 2009 2010 1804
f 1809 1804 2010
f 2008 2009 1803
f 1804 1803 2009
f 2004 2008 1802
f 1803 1802 2008
f 1909 1801 1900
f 1801 1909 1810
f 1800 1907 2020
f 1898 1800 2020
f 2019 2006 1799
f 1799 1906 2019
f 1799 2006 1892
f 1798 1896 1902
f 1902 1807 1798
f 2003 2004 1796
f 1802 1796 2004
f 1795 1893 1900
f 1900 1801 1795
f 1898 1899 1794
f 1800 1898 1793
f 1794 1793 1898
f 1888 1897 1792
f 1792 1887 1888
f 1886 1791 1892
f 1791 1886 1887
f 1887 1792 1791
f 1790 1891 1896
f 1896 1798 1790
f 1889 1789 1894
f 1797 1894 1789
f 1999 2003 1788
f 1796 1788 2003
f 1787 1893 1795
f 1893 1786 1899
f 1786 1794 1899
f 1893 1787 1786
f 1890 1891 1785
f 1889 1890 1784
f 1784 1789 1889
f 1785 1784 1890
f 1992 1999 1783
f 1788 1783 1999
f 185 1992 1782
f 1783 1782 1992
f 1884 1781 1882
f 1883 1780 1884
f 1881 1780 1883
f 1781 1884 1780
f 288 1882 1779
f 1781 1779 1882
f 1778 1881 1877
f 1780 1881 1778
f 1782 1777 185
f 1880 1776 1878
f 1776 1880 217
f 1775 1877 1876
f 1877 1775 1778
f 157 185 186
f 1988 185 186
f 262 185 186
f 262 157 186
f 261 185 186
f 261 157 186
f 261 262 186
f 176 157 186
f 176 261 186
f 176 260 261
f 289 176 260
f 186 261 260
f 186 176 260
f 14 260 186
f 186 190 14
f 260 187 186
f 14 186 187
f 260 14 187
f 289 257 176
f 257 188 1875
f 260 176 257
f 260 257 289
f 187 260 257
f 191 286 284
f 191 188 284
f 188 257 191
f 284 286 194
f 284 188 194
f 193 194 249
f 191 194 286
f 191 194 188
f 284 191 194
f 194 191 193
f 284 1878 189
f 1776 189 1878
f 194 284 189
f 189 194 193
f 189 249 194
f 283 1874 1774
f 189 284 1774
f 1773 1876 1872
f 1876 1773 1775
f 541 259 1879
f 541 1871 259
f 259 1871 277
f 277 259 198
f 14 218 190
f 14 253 190
f 187 14 253
f 218 190 253
f 218 14 253
f 187 14 12
f 257 187 12
f 253 12 14
f 253 12 187
f 1873 258 1875
f 252 278 258
f 257 1875 258
f 257 258 187
f 191 257 258
f 12 187 258
f 12 258 257
f 254 256 193
f 256 193 191
f 191 256 257
f 256 193 194
f 194 191 256
f 256 258 254
f 258 257 256
f 258 256 191
f 539 255 286
f 192 255 539
f 255 193 254
f 255 298 249
f 255 249 539
f 255 192 249
f 193 255 249
f 194 286 255
f 255 194 193
f 255 194 249
f 254 256 255
f 255 256 193
f 1772 1872 1870
f 1872 1772 1773
f 195 279 251
f 279 252 251
f 251 218 195
f 253 218 251
f 251 253 12
f 1873 1985 196
f 196 1985 254
f 279 252 196
f 252 196 278
f 12 196 253
f 196 258 1873
f 258 196 254
f 258 196 252
f 258 278 196
f 196 12 258
f 196 251 279
f 196 251 252
f 251 253 196
f 12 196 251
f 249 137 197
f 249 193 197
f 250 197 1874
f 250 249 197
f 199 249 197
f 199 250 197
f 197 249 1869
f 197 1869 199
f 1874 197 1774
f 1774 197 189
f 198 277 248
f 248 198 540
f 259 541 248
f 277 259 248
f 198 259 248
f 1868 199 1771
f 1771 1867 1868
f 197 1771 199
f 1866 1867 1770
f 1865 1770 1870
f 1865 1866 1770
f 195 1769 138
f 1769 274 138
f 1864 1768 198
f 1768 1864 1855
f 198 1768 259
f 1766 1861 1860
f 1766 245 1861
f 1859 1765 1860
f 1858 1765 1859
f 247 274 246
f 179 246 247
f 1767 246 274
f 179 201 247
f 273 201 179
f 246 247 201
f 246 179 201
f 245 271 542
f 245 542 1862
f 542 1854 245
f 245 1766 542
f 1764 1855 1849
f 1855 1764 1768
f 546 246 1767
f 200 246 201
f 246 546 200
f 202 240 201
f 201 240 246
f 200 246 240
f 201 240 200
f 273 179 204
f 204 202 272
f 201 204 179
f 201 273 204
f 202 201 204
f 240 202 204
f 240 201 204
f 244 272 243
f 272 244 204
f 172 207 543
f 243 272 207
f 207 172 544
f 1854 207 544
f 244 207 272
f 243 207 244
f 294 295 242
f 1863 242 295
f 1862 242 1863
f 243 170 242
f 243 294 242
f 242 1862 542
f 207 243 242
f 1856 1763 1858
f 1853 1763 1856
f 1763 1853 1852
f 1765 1763 1860
f 1765 1858 1763
f 200 546 213
f 200 236 546
f 240 236 200
f 213 546 236
f 213 236 200
f 241 202 203
f 240 202 203
f 240 200 203
f 204 202 203
f 204 240 203
f 236 203 200
f 236 240 203
f 235 215 269
f 204 215 240
f 244 204 215
f 203 241 215
f 203 240 215
f 203 204 215
f 205 1972 206
f 239 205 206
f 244 204 205
f 207 145 205
f 207 244 205
f 215 241 205
f 205 239 215
f 215 205 204
f 215 205 244
f 238 206 239
f 238 207 206
f 207 244 238
f 242 238 207
f 239 205 238
f 238 205 206
f 205 238 244
f 205 207 238
f 208 172 544
f 206 238 208
f 238 207 208
f 238 242 208
f 1852 1762 1763
f 237 545 212
f 209 212 545
f 209 237 212
f 212 237 210
f 212 209 210
f 212 237 211
f 212 209 211
f 210 212 211
f 212 209 235
f 211 212 235
f 213 545 212
f 212 213 210
f 236 213 212
f 212 203 236
f 214 145 216
f 1971 214 216
f 216 239 1971
f 211 235 216
f 235 269 216
f 203 241 216
f 203 216 236
f 216 241 215
f 215 239 216
f 215 235 216
f 215 216 269
f 216 203 215
f 216 212 211
f 216 212 235
f 212 236 216
f 203 212 216
f 544 267 234
f 267 233 234
f 234 208 544
f 234 233 208
f 1968 237 1761
f 1851 206 232
f 232 266 1851
f 266 232 233
f 264 232 233
f 266 232 264
f 208 232 206
f 232 208 233
f 1850 1760 1852
f 1760 1850 1847
f 1762 1852 1760
f 1759 1846 1848
f 1761 1758 1968
f 1846 1757 1964
f 1757 1844 1964
f 1845 1756 1847
f 1756 1845 1843
f 1756 1843 1844
f 1844 1757 1756
f 1754 1836 1835
f 1835 1834 1754
f 1753 1754 1834
f 1960 1968 1752
f 1758 1752 1968
f 1838 1751 1833
f 1755 1751 1838
f 1750 1838 1832
f 1838 1750 1755
f 1840 1748 1841
f 1839 1747 1840
f 1747 1839 1837
f 1748 1840 1747
f 1836 1746 1831
f 1745 1834 1830
f 1834 1745 1753
f 1956 1960 1744
f 1752 1744 1960
f 1833 1743 1828
f 1743 1833 1751
f 1827 1950 1742
f 1827 1742 1832
f 1742 1950 1826
f 1832 1742 1750
f 1742 1826 1749
f 1749 1750 1742
f 1837 1954 1741
f 1741 1954 1824
f 1837 1741 1747
f 1820 1831 1740
f 1740 1831 1746
f 1830 1942 1739
f 1830 1739 1745
f 1952 1956 1738
f 1744 1738 1956
f 231 219 1955
f 1825 1955 219
f 1748 219 1841
f 1941 230 1942
f 1739 1942 230
f 1940 1737 1941
f 230 1941 1737
f 1939 1736 1940
f 1938 1736 1939
f 1737 1940 1736
f 292 1735 1938
f 1736 1938 1735
f 291 1734 292
f 1735 292 1734
f 291 1952 1733
f 1733 1952 1738
f 1734 291 1733
f 1937 1732 1934
f 1828 1732 1937
f 1817 1934 1732
f 1828 1743 1732
f 2193 1731 2194
f 1818 2194 1731
f 1731 2193 1816
f 1911 1913 1730
f 1810 1911 1729
f 1730 1729 1911
f 1801 1810 1728
f 1729 1728 1810
f 1907 1800 1727
f 1808 1907 1726
f 1727 1726 1907
f 1726 1725 1808
f 1906 1799 1724
f 1905 1906 1723
f 1724 1723 1906
f 1904 1905 1722
f 1723 1722 1905
f 1903 1904 1721
f 1807 1903 1721
f 1722 1721 1904
f 1721 1720 1807
f 1798 1807 1719
f 1720 1719 1807
f 1719 1718 1798
f 1897 1808 1716
f 1792 1897 1716
f 1791 1792 1716
f 1725 1716 1808
f 1892 1715 1799
f 1892 1791 1715
f 1724 1799 1715
f 1724 1715 1725
f 1716 1715 1791
f 1716 1725 1715
f 1891 1790 1714
f 1790 1798 1714
f 1718 1714 1798
f 1714 1718 1713
f 1806 1797 1712
f 1789 1712 1797
f 1712 1717 1806
f 1795 1801 1711
f 1728 1711 1801
f 1714 1710 1891
f 1713 1710 1714
f 1789 1784 1709
f 1712 1789 1709
f 1787 1795 1708
f 1711 1708 1795
f 1793 1794 1707
f 1794 1786 1707
f 1785 1891 1706
f 1710 1706 1891
f 1784 1785 1705
f 1705 1709 1784
f 1706 1705 1785
f 1786 1787 1704
f 1708 1704 1787
f 1779 1781 1703
f 1780 1702 1781
f 1703 1781 1702
f 1778 1701 1780
f 1775 1701 1778
f 1702 1780 1701
f 217 1700 1776
f 288 1699 217
f 1700 217 1699
f 1779 1698 288
f 1698 1779 1703
f 1699 288 1698
f 189 1776 1697
f 1700 1697 1776
f 190 1777 1696
f 218 190 1696
f 1697 1695 189
f 1773 1694 1775
f 1772 1694 1773
f 195 218 1693
f 1769 195 1693
f 1696 1693 218
f 249 189 1692
f 1695 1692 189
f 197 249 1691
f 1692 1691 249
f 1692 1695 1691
f 1691 1690 197
f 1867 1771 1689
f 1771 197 1689
f 1690 1689 197
f 1870 1688 1772
f 1770 1688 1870
f 1770 1867 1688
f 1689 1688 1867
f 274 1769 1687
f 1767 274 1687
f 1860 1685 1766
f 542 1766 1685
f 1763 1685 1860
f 1686 542 1685
f 546 1767 1684
f 213 546 1684
f 542 1683 242
f 208 242 1683
f 1682 542 1686
f 1683 542 1682
f 1685 1763 1681
f 210 213 1680
f 1684 1680 213
f 1683 1679 208
f 1682 1679 1683
f 233 234 1678
f 1679 1682 1678
f 1762 1677 1763
f 1681 1763 1677
f 234 208 1676
f 1679 1676 208
f 1676 1678 234
f 1676 1679 1678
f 1848 233 1675
f 1759 1848 1675
f 1675 1674 1759
f 1849 1673 1764
f 1846 1759 1672
f 1757 1846 1672
f 1674 1672 1759
f 1756 1757 1671
f 1672 1671 1757
f 1847 1670 1760
f 1756 1670 1847
f 1671 1670 1756
f 1842 1669 1849
f 1673 1849 1669
f 1750 1668 1755
f 1749 1667 1750
f 1668 1750 1667
f 1754 1666 1836
f 1753 1666 1754
f 1745 1665 1753
f 1666 1753 1665
f 1836 1664 1746
f 1664 1836 1666
f 1665 1745 1663
f 219 231 229
f 219 1748 229
f 1747 1662 1748
f 1741 1662 1747
f 229 1748 1662
f 1740 1746 1661
f 1664 1661 1746
f 1739 227 1745
f 230 227 1739
f 1663 1745 227
f 1829 1660 1842
f 1669 1842 1660
f 1825 1659 1826
f 219 1658 1825
f 1659 1825 1658
f 219 228 231
f 229 231 228
f 229 219 228
f 228 229 1662
f 1658 219 228
f 1662 1741 1657
f 1662 1657 228
f 1824 1656 1741
f 1657 1741 1656
f 1823 1655 1824
f 1822 1655 1823
f 1656 1824 1655
f 1821 1654 1822
f 1655 1822 1654
f 1654 1821 1653
f 1820 1652 1821
f 1653 1821 1652
f 1820 1740 1651
f 1661 1651 1740
f 1652 1820 1651
f 227 1650 230
f 1819 1649 1829
f 1660 1829 1649
f 1818 1648 1819
f 1731 1648 1818
f 1649 1819 1648
f 1913 1914 1647
f 1912 1647 1914
f 1647 1730 1913
f 1910 1646 1912
f 1647 1912 1646
f 1901 1645 1910
f 1646 1910 1645
f 1720 1643 1719
f 1643 1720 1644
f 1719 1642 1718
f 1642 1719 1643
f 1641 1718 1642
f 1805 1806 1640
f 1640 1806 1717
f 1805 1639 1809
f 1804 1809 1639
f 1640 1639 1805
f 1638 1720 1721
f 1638 1644 1720
f 1713 1718 1637
f 1718 1641 1637
f 1637 1641 548
f 1803 1804 1636
f 1639 1636 1804
f 1802 1803 1635
f 1636 1635 1803
f 1796 1802 1634
f 1635 1634 1802
f 1885 1633 1901
f 1645 1901 1633
f 1793 1632 1800
f 1632 1727 1800
f 1637 1631 1713
f 1712 1709 1630
f 1630 548 1712
f 548 1630 1637
f 1631 1637 1630
f 1788 1796 1629
f 1634 1629 1796
f 1710 1713 1628
f 1628 1706 1710
f 1631 1628 1713
f 1705 1627 1709
f 1627 1705 1706
f 1627 1630 1709
f 1630 1627 1631
f 1706 1628 1627
f 1628 1631 1627
f 1783 1788 1626
f 1629 1626 1788
f 1707 1625 1793
f 1632 1793 1625
f 1782 1783 1624
f 1626 1624 1783
f 1879 1623 1885
f 1633 1885 1623
f 1707 1786 1622
f 1704 1622 1786
f 1625 1707 1621
f 1622 1621 1707
f 1777 1782 1620
f 1624 1620 1782
f 259 1619 1879
f 1623 1879 1619
f 1618 1696 1777
f 1620 1618 1777
f 1617 1698 1703
f 1698 1617 1699
f 1702 1616 1703
f 1701 1775 1616
f 1701 1616 1702
f 1616 1775 1694
f 1703 1616 1617
f 1699 1615 1700
f 1697 1700 1615
f 1617 1615 1699
f 1615 1617 1614
f 1613 1616 1694
f 1616 1613 1617
f 1612 1693 1696
f 1696 1618 1612
f 1695 1697 1611
f 1611 1691 1695
f 1611 1697 1615
f 1615 1610 1611
f 1614 1609 1615
f 1610 1615 1609
f 1614 1617 1608
f 1608 1617 1613
f 1609 1614 1608
f 1694 1607 1613
f 1613 1607 1608
f 1768 1606 259
f 1619 259 1606
f 1693 1605 1769
f 1693 1612 1605
f 1604 1690 1691
f 1690 1604 1689
f 1691 1611 1604
f 1610 1604 1611
f 1609 1603 1610
f 1603 1689 1604
f 1604 1610 1603
f 1608 1602 1609
f 1689 1603 1602
f 1603 1609 1602
f 1601 1688 1689
f 1607 1601 1608
f 1602 1601 1689
f 1602 1608 1601
f 1694 1772 1600
f 1600 1772 1688
f 1607 1694 1600
f 1600 1688 1601
f 1601 1607 1600
f 1605 1599 1769
f 1687 1769 1598
f 1687 1598 1767
f 1599 1598 1769
f 1764 1597 1768
f 1606 1768 1597
f 1596 1684 1767
f 1598 1596 1767
f 1595 1764 1673
f 1597 1764 1595
f 1594 1680 1684
f 1684 1596 1594
f 1593 1686 1685
f 1686 1593 1682
f 1593 1678 1682
f 1685 1592 1593
f 1591 1685 1681
f 1592 1685 1591
f 1590 1591 1681
f 1589 1681 1677
f 1681 1589 1590
f 1680 1588 1761
f 1680 1594 1588
f 1678 1593 1587
f 1592 1587 1593
f 1591 1586 1592
f 1587 1592 1586
f 1590 1585 1591
f 1586 1591 1585
f 1677 1584 1589
f 1589 1584 1590
f 1585 1590 1584
f 1678 1583 233
f 1583 1675 233
f 1587 1583 1678
f 1583 1587 1586
f 1675 1582 1674
f 1582 1586 1585
f 1582 1675 1583
f 1586 1582 1583
f 1760 1581 1762
f 1677 1762 1581
f 1581 1760 1670
f 1584 1677 1581
f 1584 1581 1585
f 1758 1761 1580
f 1588 1580 1761
f 1579 1672 1674
f 1674 1582 1579
f 1585 1579 1582
f 1581 1579 1585
f 1671 1672 1578
f 1578 1670 1671
f 1578 1581 1670
f 1672 1579 1578
f 1579 1581 1578
f 1580 1577 1758
f 1576 1755 1668
f 1668 1667 1575
f 1575 1576 1668
f 1755 1574 1751
f 1576 1574 1755
f 1667 1749 1573
f 1667 1573 1575
f 1752 1758 1572
f 1744 1752 1572
f 1577 1572 1758
f 1743 1751 1571
f 1571 1751 1574
f 1570 1666 1665
f 1666 1570 1664
f 1569 1665 1663
f 1663 227 1569
f 1665 1569 1570
f 1738 1744 1568
f 1572 1568 1744
f 1826 1567 1749
f 1567 1826 1659
f 1573 1749 1567
f 1661 1664 1566
f 1651 1661 1566
f 1570 1565 1664
f 1566 1664 1565
f 1564 1569 227
f 1569 1564 1570
f 1565 1570 1564
f 1568 1563 1738
f 1732 1743 1562
f 1571 1562 1743
f 1561 1654 1653
f 1566 1560 1651
f 1565 1560 1566
f 1559 1564 227
f 1564 1559 1565
f 1560 1565 1559
f 1734 1558 1735
f 1733 1557 1734
f 1558 1734 1557
f 1738 1556 1733
f 1556 1738 1563
f 1557 1733 1556
f 1653 1555 1561
f 1652 1554 1653
f 1555 1653 1554
f 1651 1553 1652
f 1560 1553 1651
f 1554 1652 1553
f 1559 1552 1560
f 1553 1560 1552
f 1737 547 230
f 227 230 547
f 1650 547 230
f 1650 227 547
f 1736 1551 1737
f 1735 1551 1736
f 1558 1551 1735
f 547 1737 1551
f 1732 1550 1817
f 1562 1550 1732
f 1638 1548 1644
f 1712 548 226
f 548 1641 226
f 548 226 1640
f 1728 1729 1547
f 1711 1728 1547
f 1549 1547 1729
f 1726 1727 1546
f 1725 1726 1545
f 1546 1545 1726
f 1724 1725 1544
f 1545 1544 1725
f 1723 1724 1543
f 1544 1543 1724
f 1722 1723 1542
f 1543 1542 1723
f 1721 1722 1541
f 1542 1541 1722
f 1638 1721 1540
f 1548 1638 1540
f 1541 1540 1721
f 1727 1632 1539
f 1539 1546 1727
f 1708 1711 1538
f 1547 1538 1711
f 1704 1708 1537
f 1538 1537 1708
f 1622 1704 1536
f 1621 1622 1536
f 1537 1536 1704
f 1673 1535 1595
f 1574 1576 1534
f 1534 1576 1533
f 1575 1532 1576
f 1573 1532 1575
f 1533 1576 1532
f 1669 1531 1673
f 1535 1673 1531
f 1567 1530 1573
f 1532 1573 1530
f 1659 1529 1567
f 1530 1567 1529
f 1660 1528 1669
f 1531 1669 1528
f 1658 1527 1659
f 1529 1659 1527
f 228 1526 1658
f 1527 1658 1526
f 1657 1525 228
f 1526 228 1525
f 1656 1524 1657
f 1525 1657 1524
f 1655 1523 1656
f 1524 1656 1523
f 1654 1522 1655
f 1523 1655 1522
f 1649 1521 1660
f 1528 1660 1521
f 1561 1520 1654
f 1555 1520 1561
f 1522 1654 1520
f 227 1519 1559
f 1552 1559 1519
f 547 1519 227
f 1648 1731 1518
f 1648 1518 1649
f 1521 1649 1518
f 1816 1817 1517
f 1550 1517 1817
f 1816 1516 1731
f 1518 1731 1516
f 1517 1516 1816
f 1730 1647 1515
f 1646 1515 1647
f 1729 1730 1514
f 1514 1549 1729
f 1515 1514 1730
f 1513 1548 1540
f 1541 1513 1540
f 1548 1512 1644
f 1513 1512 1548
f 1643 1644 1511
f 1512 1511 1644
f 1642 1643 1510
f 1511 1510 1643
f 1641 1642 1509
f 1510 1509 1642
f 226 1641 1508
f 1509 1508 1641
f 226 1507 1640
f 1508 1507 226
f 1639 1640 1506
f 1636 1639 1506
f 1507 1506 1640
f 1635 1636 1505
f 1506 1505 1636
f 1634 1635 1504
f 1505 1504 1635
f 1629 1634 1503
f 1504 1503 1634
f 1626 1629 1502
f 1503 1502 1629
f 1624 1626 1501
f 1502 1501 1626
f 1625 1500 1632
f 1539 1632 1500
f 1620 1624 1499
f 1501 1499 1624
f 1621 1498 1625
f 1536 1498 1621
f 1500 1625 1498
f 1618 1620 1497
f 1499 1497 1620
f 1612 1618 1496
f 1497 1496 1618
f 1605 1612 1495
f 1496 1495 1612
f 1599 1605 1494
f 1495 1494 1605
f 1494 1493 1599
f 1598 1599 1492
f 1596 1598 1492
f 1493 1492 1599
f 1594 1596 1491
f 1492 1491 1596
f 1588 1594 1490
f 1491 1490 1594
f 1580 1588 1489
f 1490 1489 1588
f 1577 1580 1488
f 1489 1488 1580
f 1572 1577 1487
f 1488 1487 1577
f 1532 1486 1533
f 1486 1532 1530
f 1568 1572 1485
f 1487 1485 1572
f 1574 1484 1571
f 1534 1484 1574
f 1483 1530 1529
f 1530 1483 1486
f 1563 1568 1482
f 1485 1482 1568
f 1482 1481 1563
f 1562 1571 1480
f 1550 1562 1480
f 1484 1480 1571
f 1557 1479 1558
f 1556 1478 1557
f 1479 1557 1478
f 1563 1477 1556
f 1477 1563 1481
f 1478 1556 1477
f 1520 1476 1522
f 1520 1555 1475
f 1476 1520 1475
f 1554 1474 1555
f 1475 1555 1474
f 1553 1473 1554
f 1474 1554 1473
f 1552 1472 1553
f 1473 1553 1472
f 1519 1471 1552
f 1472 1552 1471
f 1519 547 1470
f 1471 1519 1470
f 1551 1558 1469
f 1551 1469 547
f 1479 1469 1558
f 1470 547 1469
f 1517 1550 1468
f 1480 1468 1550
f 1645 1467 1646
f 1515 1646 1467
f 1633 1466 1645
f 1467 1645 1466
f 1545 1546 1465
f 1541 1464 1513
f 1512 1513 1464
f 1464 1463 1512
f 1511 1512 1462
f 1510 1511 1462
f 1463 1462 1512
f 1508 1509 1460
f 1507 1508 1460
f 1461 1460 1509
f 1506 1507 1459
f 1460 1459 1507
f 1538 1547 1458
f 1546 1539 1457
f 1465 1546 1457
f 1544 1545 1456
f 1543 1544 1456
f 1465 1456 1545
f 1456 1455 1543
f 1542 1543 1454
f 1455 1454 1543
f 1541 1542 1453
f 1464 1541 1453
f 1454 1453 1542
f 1505 1506 1452
f 1459 1452 1506
f 1504 1505 1451
f 1452 1451 1505
f 1503 1504 1450
f 1451 1450 1504
f 1623 1449 1633
f 1466 1633 1449
f 1502 1503 1448
f 1501 1502 1448
f 1450 1448 1503
f 1458 1447 1538
f 1500 1446 1539
f 1457 1539 1446
f 1499 1501 1445
f 1448 1445 1501
f 1537 1538 1444
f 1447 1444 1538
f 1536 1537 1443
f 1444 1443 1537
f 1498 1536 1442
f 1498 1442 1500
f 1442 1446 1500
f 1443 1442 1536
f 1619 1439 1623
f 1449 1623 1439
f 1440 1441 1436
f 1437 1436 1441
f 1436 1435 1440
f 1438 1440 1434
f 1435 1434 1440
f 1434 1433 1438
f 1497 1499 1432
f 1496 1497 1432
f 1436 1437 1427
f 1435 1436 1426
f 1427 1426 1436
f 1434 1435 1425
f 1426 1425 1435
f 1433 1434 1424
f 1425 1424 1434
f 1424 1423 1433
f 1606 1422 1619
f 1439 1619 1422
f 1430 1431 1421
f 1421 1429 1430
f 1420 1428 1429
f 1429 1421 1420
f 1432 1419 1496
f 1420 1421 1418
f 1428 1420 1417
f 1418 1417 1420
f 1426 1427 1416
f 1425 1426 1415
f 1416 1415 1426
f 1424 1425 1414
f 1415 1414 1425
f 1423 1424 1413
f 1414 1413 1424
f 1413 1412 1423
f 1495 1496 1411
f 1494 1495 1411
f 1419 1411 1496
f 1415 1416 1410
f 1410 1414 1415
f 1409 1413 1414
f 1414 1410 1409
f 1597 1408 1606
f 1422 1606 1408
f 1411 1407 1494
f 1493 1494 1406
f 1492 1493 1406
f 1491 1492 1406
f 1407 1406 1494
f 1408 1597 1405
f 1490 1491 1404
f 1406 1404 1491
f 1595 1403 1597
f 1405 1597 1403
f 1489 1490 1402
f 1404 1402 1490
f 1401 1396 1395
f 1400 1401 1394
f 1395 1394 1401
f 1394 1393 1400
f 1488 1489 1391
f 1402 1391 1489
f 1398 1399 224
f 1397 1398 224
f 224 225 1397
f 1487 1488 1390
f 1391 1390 1488
f 220 225 224
f 224 1389 220
f 225 549 224
f 220 224 549
f 225 220 549
f 225 1388 1397
f 549 1388 225
f 1395 1396 1386
f 1387 1386 1396
f 1394 1395 1385
f 1386 1385 1395
f 1393 1394 1384
f 1385 1384 1394
f 1392 1393 1383
f 1384 1383 1393
f 1386 1387 1382
f 1382 1381 1386
f 1385 1386 1380
f 1381 1380 1386
f 1384 1385 1379
f 1380 1379 1385
f 1383 1384 1378
f 1379 1378 1384
f 1485 1487 1377
f 1390 1377 1487
f 1376 1378 1379
f 1484 1534 1375
f 1533 1374 1534
f 1486 1374 1533
f 1375 1534 1374
f 1483 1373 1486
f 1374 1486 1373
f 1381 1382 1372
f 1380 1381 1372
f 1379 1380 1371
f 1376 1379 1371
f 1372 1371 1380
f 1370 1484 1375
f 1482 1485 1369
f 1481 1482 1369
f 1377 1369 1485
f 1481 1368 1477
f 1369 1368 1481
f 1527 1367 1529
f 1529 1367 1483
f 1525 1366 1526
f 1524 1366 1525
f 1366 1524 1365
f 1523 1364 1524
f 1365 1524 1364
f 1522 1363 1523
f 1364 1523 1363
f 1469 1479 1362
f 1478 1361 1479
f 1362 1479 1361
f 1477 1360 1478
f 1360 1477 1368
f 1361 1478 1360
f 1366 1359 1526
f 1476 1358 1522
f 1475 1358 1476
f 1363 1522 1358
f 1358 1475 1357
f 1474 1356 1475
f 1473 1356 1474
f 1357 1475 1356
f 1471 1354 1472
f 1470 1354 1471
f 1355 1472 1354
f 1469 1353 1470
f 1362 1353 1469
f 1354 1470 1353
f 1468 1352 1517
f 1516 1517 1351
f 1352 1351 1517
f 1549 1514 1350
f 1547 1549 1349
f 1349 1458 1547
f 1350 1349 1549
f 1465 1457 1348
f 1347 1462 1463
f 1462 1347 1346
f 1509 1510 1345
f 1462 1345 1510
f 1345 1461 1509
f 1346 1345 1462
f 1344 1460 1461
f 1461 1345 1344
f 1343 1459 1460
f 1460 1344 1343
f 1457 1446 1342
f 1342 1348 1457
f 1341 1452 1459
f 1459 1343 1341
f 1340 1451 1452
f 1452 1341 1340
f 1339 1450 1451
f 1451 1340 1339
f 1338 1339 1340
f 1339 1338 1337
f 1450 1336 1448
f 1336 1450 1339
f 1337 1336 1339
f 1335 1448 1336
f 1334 1445 1448
f 1448 1335 1334
f 1444 1447 1333
f 1332 1443 1444
f 1333 1332 1444
f 1442 1331 1446
f 1331 1342 1446
f 1445 1334 1330
f 1329 1442 1443
f 1443 1332 1329
f 1331 1442 1329
f 1445 1327 1499
f 1327 1432 1499
f 1330 1327 1445
f 1326 1437 1441
f 1325 1438 1433
f 1431 1430 1323
f 1323 1324 1431
f 1430 1429 1322
f 1429 1428 1322
f 1322 1323 1430
f 1321 1322 1428
f 1437 1320 1427
f 1326 1320 1437
f 1319 1433 1423
f 1433 1319 1325
f 1432 1327 1318
f 1431 1317 1421
f 1317 1431 1324
f 1428 1316 1321
f 1427 1315 1416
f 1315 1427 1320
f 1314 1428 1417
f 1316 1428 1314
f 1313 1423 1412
f 1423 1313 1319
f 1419 1432 1312
f 1318 1312 1432
f 1311 1418 1421
f 1421 1317 1311
f 1310 1416 1315
f 1412 1309 1313
f 1411 1419 1308
f 1312 1308 1419
f 1307 1418 1311
f 1306 1417 1418
f 1418 1307 1306
f 1417 1306 1305
f 1417 1304 1314
f 1305 1304 1417
f 1303 1410 1416
f 1416 1310 1303
f 1302 1412 1413
f 1413 1409 1302
f 1409 1410 1301
f 1410 1303 1301
f 1309 1412 1300
f 1412 1302 1300
f 1407 1411 1299
f 1308 1299 1411
f 1301 1298 1409
f 1302 1409 1297
f 1297 1300 1302
f 1298 1297 1409
f 1293 1406 1407
f 1299 1293 1407
f 1292 1295 1296
f 1294 1295 1291
f 1295 1292 1291
f 1290 1404 1406
f 1406 1293 1290
f 1291 1292 1288
f 1289 1288 1292
f 1288 1287 1291
f 1286 1402 1404
f 1404 1290 1286
f 1401 1400 1283
f 1285 1283 1400
f 1281 1391 1402
f 1402 1286 1281
f 1280 1399 1398
f 1279 1398 1397
f 1398 1279 1280
f 1397 1278 1279
f 1396 1401 1277
f 1277 1401 1283
f 1276 1400 1393
f 1393 1392 1276
f 1400 1276 1285
f 1284 1285 1276
f 1276 1392 1282
f 1282 1284 1276
f 1399 1275 224
f 1389 224 1275
f 1399 1280 1275
f 1277 1274 1396
f 1392 1273 1282
f 1272 1390 1391
f 1391 1281 1272
f 1388 1271 1397
f 1278 1397 1271
f 1383 1270 1392
f 1273 1392 1270
f 1269 1377 1390
f 1390 1272 1269
f 1535 1268 1595
f 1403 1595 1268
f 1267 1389 1275
f 1271 1388 1266
f 1265 1387 1396
f 1396 1274 1265
f 1389 1267 1264
f 220 1389 1263
f 1264 1263 1389
f 549 220 1262
f 1388 549 1262
f 1263 1262 220
f 1266 1388 1261
f 1262 1261 1388
f 1260 1382 1387
f 1387 1265 1260
f 1378 1259 1383
f 1270 1383 1259
f 1258 1369 1377
f 1377 1269 1258
f 1257 1372 1382
f 1382 1260 1257
f 1378 1376 1256
f 1256 1259 1378
f 1531 1255 1535
f 1268 1535 1255
f 1253 1369 1258
f 1375 1252 1370
f 1374 1251 1375
f 1251 1374 1373
f 1252 1375 1251
f 1373 1483 1250
f 1373 1250 1251
f 1249 1368 1369
f 1369 1253 1249
f 1360 1368 1246
f 1245 1246 1368
f 1368 1249 1244
f 1368 1244 1245
f 1528 1243 1531
f 1255 1531 1243
f 1480 1484 1242
f 1370 1242 1484
f 1241 1483 1367
f 1250 1483 1241
f 1362 1240 1353
f 1239 1362 1361
f 1362 1239 1240
f 1238 1361 1360
f 1247 1248 1238
f 1246 1238 1360
f 1238 1246 1247
f 1361 1238 1239
f 1239 1238 1248
f 1521 1237 1528
f 1243 1528 1237
f 1526 1236 1527
f 1367 1527 1236
f 1236 1526 1359
f 1367 1236 1241
f 1235 1357 1356
f 1356 1234 1235
f 1472 1233 1473
f 1356 1473 1233
f 1233 1472 1355
f 1234 1356 1233
f 1232 1355 1354
f 1355 1232 1233
f 1231 1354 1353
f 1231 1353 1240
f 1354 1231 1232
f 1518 1230 1521
f 1516 1230 1518
f 1230 1516 1351
f 1237 1521 1230
f 1468 1480 1229
f 1352 1468 1229
f 1242 1229 1480
f 1514 1515 1228
f 1467 1228 1515
f 1350 1514 1228
f 1342 1226 1348
f 1456 1465 1225
f 1447 1458 1224
f 1331 1222 1342
f 1226 1342 1222
f 1226 1222 1227
f 1223 1227 1222
f 1455 1456 1221
f 1225 1221 1456
f 1454 1455 1220
f 1221 1220 1455
f 1453 1454 1219
f 1220 1219 1454
f 1463 1464 1218
f 1453 1218 1464
f 1347 1463 1218
f 1219 1218 1453
f 1343 1344 1217
f 1341 1343 1216
f 1217 1216 1343
f 1332 1333 1214
f 1329 1332 1214
f 1215 1214 1333
f 1216 1213 1341
f 1340 1341 1212
f 1338 1340 1212
f 1213 1212 1341
f 1333 1447 1211
f 1224 1211 1447
f 1215 1333 1211
f 1331 1329 1210
f 1222 1331 1210
f 1222 1210 1223
f 1223 1210 1215
f 1214 1210 1329
f 1214 1215 1210
f 1212 1213 1209
f 1212 1208 1338
f 1209 1208 1212
f 1337 1338 1207
f 1208 1207 1338
f 1208 1328 1207
f 1336 1337 1206
f 1207 1206 1337
f 1335 1336 1205
f 1206 1205 1336
f 1334 1335 1204
f 1330 1334 1204
f 1205 1204 1335
f 1326 1441 1203
f 1326 1203 1320
f 1440 1202 1441
f 1328 1202 1440
f 1202 1328 1208
f 1202 1208 1209
f 1203 1441 1202
f 1209 1203 1202
f 1438 1201 1440
f 1328 1440 1201
f 1325 1201 1438
f 1207 1328 1201
f 1201 1206 1207
f 1206 1200 1205
f 1201 1325 1200
f 1200 1206 1201
f 1199 1204 1205
f 1205 1200 1199
f 1327 1330 1198
f 1204 1198 1330
f 1204 1199 1198
f 1323 1197 1324
f 1322 1197 1323
f 1197 1322 1196
f 1319 1195 1325
f 1200 1325 1195
f 1199 1200 1195
f 1198 1199 1194
f 1195 1319 1194
f 1195 1194 1199
f 1198 1193 1327
f 1194 1193 1198
f 1317 1324 1192
f 1192 1324 1197
f 1321 1191 1322
f 1196 1322 1191
f 1315 1320 1190
f 1203 1190 1320
f 1313 1189 1319
f 1194 1319 1189
f 1189 1193 1194
f 1318 1327 1188
f 1193 1188 1327
f 1193 1189 1188
f 1311 1317 1187
f 1192 1187 1317
f 1316 1186 1321
f 1191 1321 1186
f 1310 1315 1185
f 1190 1185 1315
f 1309 1182 1313
f 1189 1313 1182
f 1188 1189 1182
f 1312 1318 1181
f 1188 1181 1318
f 1182 1181 1188
f 1307 1311 1179
f 1187 1179 1311
f 1314 1178 1316
f 1304 1178 1314
f 1186 1316 1178
f 1303 1310 1177
f 1185 1177 1310
f 1182 1309 1176
f 1181 1182 1176
f 1308 1312 1175
f 1181 1175 1312
f 1176 1175 1181
f 1183 1184 1174
f 1180 1183 221
f 1174 221 1183
f 1306 1307 1173
f 1179 1173 1307
f 1172 1178 1304
f 1305 1306 1171
f 1173 1171 1306
f 1304 1305 1170
f 1172 1304 1170
f 1171 1170 1305
f 1301 1303 1169
f 1300 1168 1309
f 1176 1309 1168
f 1175 1176 1167
f 1168 1167 1176
f 1299 1308 1166
f 1175 1166 1308
f 1167 1166 1175
f 1298 1301 1165
f 1169 1165 1301
f 1300 1297 1164
f 1164 1168 1300
f 1163 1296 1162
f 1295 1161 1296
f 1162 1296 1161
f 1294 1160 1295
f 1161 1295 1160
f 1293 1299 1159
f 1166 1159 1299
f 1292 1296 1157
f 1289 1292 1157
f 1163 1157 1296
f 1163 1158 1157
f 1291 1156 1294
f 1287 1156 1291
f 1160 1294 1156
f 1290 1293 1155
f 1286 1290 1155
f 1159 1155 1293
f 1157 1154 1289
f 1157 1158 1154
f 1154 1153 1289
f 1288 1289 1152
f 1153 1152 1289
f 1287 1288 1151
f 1152 1151 1288
f 1156 1287 1150
f 1151 1150 1287
f 1281 1286 1149
f 1155 1149 1286
f 1285 1148 1283
f 1282 1147 1284
f 1280 1146 1275
f 1279 1145 1280
f 1146 1280 1145
f 1277 1283 1144
f 1144 1283 1148
f 1273 1143 1282
f 1147 1282 1143
f 1272 1281 1141
f 1149 1141 1281
f 1146 1138 1275
f 1278 1137 1279
f 1145 1279 1137
f 1267 1275 1136
f 1136 1275 1138
f 1271 1135 1278
f 1137 1278 1135
f 1277 1134 1274
f 1144 1134 1277
f 1143 1273 1133
f 1142 1143 1133
f 1269 1272 1132
f 1141 1132 1272
f 1141 1142 1132
f 1133 1132 1142
f 1139 1140 1130
f 1131 1130 1140
f 1130 1129 1139
f 1270 1128 1273
f 1133 1273 1128
f 1258 1269 1127
f 1132 1127 1269
f 1132 1133 1127
f 1128 1127 1133
f 1264 1267 1126
f 1136 1126 1267
f 1266 1125 1271
f 1135 1271 1125
f 1265 1274 1124
f 1134 1124 1274
f 1263 1264 1123
f 1126 1123 1264
f 1261 1122 1266
f 1125 1266 1122
f 1260 1265 1121
f 1124 1121 1265
f 1259 1120 1270
f 1128 1270 1120
f 1253 1258 1119
f 1127 1119 1258
f 1127 1128 1119
f 1120 1119 1128
f 1262 1263 1118
f 1123 1118 1263
f 1261 1262 1117
f 1117 1122 1261
f 1118 1117 1262
f 1259 1256 1116
f 1120 1259 1115
f 1116 1115 1259
f 1249 1253 1114
f 1119 1114 1253
f 1119 1120 1114
f 1115 1114 1120
f 1257 1260 1113
f 1121 1113 1260
f 1371 1372 1112
f 1372 1257 1112
f 1254 1371 1112
f 1113 1112 1257
f 1371 1111 1376
f 1256 1376 1111
f 1254 1111 1371
f 1116 1256 1110
f 1111 1110 1256
f 1115 1116 1109
f 1110 1109 1116
f 1114 1108 1249
f 1114 1115 1108
f 1109 1108 1115
f 1252 1107 1370
f 1250 1106 1251
f 1112 1113 1105
f 1112 1104 1254
f 1105 1104 1112
f 1247 1103 1248
f 1111 1254 1103
f 1104 1103 1254
f 1246 1102 1247
f 1110 1111 1102
f 1103 1247 1102
f 1103 1102 1111
f 1245 1101 1246
f 1109 1110 1101
f 1102 1246 1101
f 1102 1101 1110
f 1244 1249 1100
f 1244 1100 1245
f 1108 1100 1249
f 1108 1109 1100
f 1101 1245 1100
f 1101 1100 1109
f 1251 1099 1252
f 1107 1252 1099
f 1106 1099 1251
f 1104 1105 1098
f 1239 1248 1097
f 1239 1097 1240
f 1103 1097 1248
f 1103 1104 1097
f 1098 1097 1104
f 1242 1370 1096
f 1107 1096 1370
f 1099 1106 1095
f 1241 1094 1250
f 1106 1250 1094
f 1095 1106 1094
f 1365 1093 1366
f 1364 1092 1365
f 1093 1365 1092
f 1363 1091 1364
f 1092 1364 1091
f 1358 1090 1363
f 1357 1090 1358
f 1235 1090 1357
f 1091 1363 1090
f 1231 1089 1232
f 1231 1240 1088
f 1088 1240 1097
f 1088 1097 1098
f 1089 1231 1088
f 1094 1087 1095
f 1236 1086 1241
f 1094 1241 1086
f 1087 1094 1086
f 1359 1366 1085
f 1093 1085 1366
f 1349 1350 1084
f 1466 1083 1467
f 1228 1467 1083
f 1458 1349 1082
f 1082 1224 1458
f 1084 1082 1349
f 1449 1081 1466
f 1081 1083 1466
f 1080 1224 1082
f 1079 1224 1080
f 1227 1223 1078
f 1226 1077 1348
f 1226 1227 1077
f 1465 1348 1076
f 1076 1225 1465
f 1077 1076 1348
f 1215 1075 1223
f 1075 1211 1224
f 1215 1211 1075
f 1224 1079 1075
f 1075 1078 1223
f 1078 1075 1079
f 1221 1225 1074
f 1220 1221 1073
f 1074 1073 1221
f 1219 1220 1072
f 1073 1072 1220
f 1218 1071 1347
f 1218 1219 1071
f 1072 1071 1219
f 1346 1347 1070
f 1071 1070 1347
f 1345 1346 1069
f 1070 1069 1346
f 1071 1072 1068
f 1068 1070 1071
f 1067 1069 1070
f 1070 1068 1067
f 1069 1067 1066
f 1344 1345 1065
f 1065 1217 1344
f 1069 1065 1345
f 1066 1065 1069
f 1064 1216 1217
f 1216 1064 1213
f 1217 1065 1064
f 1439 1063 1449
f 1081 1449 1063
f 1064 1065 1062
f 1061 1209 1213
f 1061 1203 1209
f 1061 1190 1203
f 1213 1064 1061
f 1062 1061 1064
f 1422 1060 1439
f 1063 1439 1060
f 1190 1059 1185
f 1059 1190 1061
f 1061 1062 1059
f 1184 1183 1058
f 1057 1058 1183
f 1056 1183 1180
f 1183 1056 1057
f 1055 1177 1185
f 1185 1059 1055
f 1408 1054 1422
f 1060 1422 1054
f 1058 1053 1184
f 1052 1056 1180
f 1050 1177 1055
f 1048 1174 1184
f 1184 1053 1048
f 1049 1048 1053
f 221 1047 1180
f 1051 221 1047
f 1177 1046 1303
f 1046 1169 1303
f 1177 1050 1046
f 1405 223 1408
f 1054 1408 223
f 1174 1048 1045
f 221 1174 1044
f 1047 221 1044
f 1045 1044 1174
f 1162 1161 1042
f 1161 1160 1041
f 1041 1042 1161
f 1040 1165 1169
f 1169 1046 1040
f 1043 1040 1046
f 1040 1041 1160
f 1043 1041 1040
f 1156 1039 1160
f 1160 1039 1040
f 1165 1040 1038
f 1039 1038 1040
f 1165 1037 1298
f 1038 1037 1165
f 1297 1298 1036
f 1164 1297 1036
f 1037 1036 1298
f 1167 1168 1035
f 1168 1164 1035
f 1036 1035 1164
f 1166 1167 1034
f 1034 1159 1166
f 1035 1034 1167
f 1033 1156 1150
f 1039 1156 1033
f 1033 1038 1039
f 1032 1037 1038
f 1038 1033 1032
f 1031 1036 1037
f 1037 1032 1031
f 1030 1035 1036
f 1036 1031 1030
f 1029 1035 1030
f 1028 1034 1035
f 1035 1029 1028
f 1159 1027 1155
f 1155 1027 1149
f 1027 1159 1034
f 1034 1028 1027
f 223 1405 222
f 1150 1151 1026
f 1150 1026 1033
f 1032 1033 1025
f 1026 1025 1033
f 1024 1148 1285
f 1031 1032 1024
f 1024 1025 1148
f 1025 1024 1032
f 1284 1023 1285
f 1023 1284 1147
f 1030 1031 1023
f 1024 1285 1023
f 1024 1023 1031
f 1147 1143 1022
f 1029 1030 1022
f 1022 1023 1147
f 1023 1022 1030
f 1143 1142 1021
f 1028 1029 1021
f 1021 1022 1143
f 1022 1021 1029
f 1149 1020 1141
f 1142 1141 1020
f 1020 1149 1027
f 1027 1028 1020
f 1020 1021 1142
f 1021 1020 1028
f 1152 1153 1019
f 1151 1152 1018
f 1026 1151 1018
f 1019 1018 1152
f 1144 1148 1017
f 1017 1148 1025
f 1025 1026 1017
f 1018 1017 1026
f 1403 1016 1405
f 222 1405 1016
f 1140 1139 1014
f 1014 1015 1140
f 1013 1014 1139
f 1012 1017 1018
f 1140 1010 1131
f 1010 1140 1015
f 1009 1139 1129
f 1139 1009 1013
f 1008 1134 1144
f 1144 1017 1008
f 1017 1012 1008
f 1008 1007 1134
f 1006 1131 1010
f 1010 1011 1006
f 1129 1005 1009
f 1268 1004 1403
f 1016 1403 1004
f 1003 1130 1131
f 1131 1006 1003
f 1130 1003 1002
f 1001 1129 1130
f 1129 1001 1005
f 1002 1001 1130
f 1124 1134 1000
f 1134 1007 1000
f 999 1121 1124
f 1000 999 1124
f 1255 998 1268
f 1004 1268 998
f 1113 1121 996
f 996 1105 1113
f 1105 996 1098
f 1121 999 996
f 997 996 999
f 1243 995 1255
f 998 1255 995
f 1232 991 1233
f 991 1232 1089
f 1098 990 1088
f 1089 1088 990
f 990 1098 996
f 996 997 990
f 990 991 1089
f 991 990 997
f 1099 989 1107
f 1096 1107 989
f 989 1099 1095
f 988 1085 1093
f 1092 987 1093
f 988 1093 987
f 1091 986 1092
f 987 1092 986
f 1090 1235 985
f 1090 985 1091
f 986 1091 985
f 994 986 985
f 1234 984 1235
f 993 994 984
f 985 1235 984
f 985 984 994
f 1233 983 1234
f 992 993 983
f 983 1233 991
f 983 991 992
f 984 1234 983
f 984 983 993
f 1237 982 1243
f 995 1243 982
f 989 980 1096
f 981 1096 980
f 979 1095 1087
f 1095 979 989
f 980 989 979
f 1086 1236 978
f 1086 978 1087
f 1359 977 1236
f 977 1359 1085
f 978 1236 977
f 1351 976 1230
f 1230 976 1237
f 982 1237 976
f 1229 975 1352
f 1229 1242 974
f 1096 974 1242
f 974 1096 981
f 975 1229 974
f 1351 1352 973
f 976 1351 973
f 975 973 1352
f 1078 1079 972
f 1227 1078 971
f 1077 1227 971
f 972 971 1078
f 1225 1076 969
f 1074 1225 969
f 970 969 1076
f 1073 1074 968
f 969 968 1074
f 1072 1073 967
f 968 967 1073
f 1068 1072 965
f 967 965 1072
f 966 965 967
f 965 966 963
f 964 963 966
f 1067 1068 962
f 965 962 1068
f 963 962 965
f 1066 1067 961
f 962 961 1067
f 1065 1066 960
f 1062 1065 960
f 961 960 1066
f 1197 959 1192
f 1196 958 1197
f 959 1197 958
f 963 964 957
f 962 963 956
f 957 956 963
f 961 962 955
f 956 955 962
f 960 961 954
f 955 954 961
f 1059 1062 953
f 960 953 1062
f 954 953 960
f 1057 952 1058
f 1056 951 1057
f 1052 950 1056
f 951 1056 950
f 1187 1192 949
f 949 1192 959
f 1191 948 1196
f 958 1196 948
f 957 958 948
f 1058 947 1053
f 952 947 1058
f 1051 946 1052
f 950 1052 946
f 1179 1187 945
f 949 945 1187
f 1186 944 1191
f 1178 944 1186
f 956 957 944
f 948 1191 944
f 948 944 957
f 955 956 943
f 944 943 956
f 954 955 942
f 943 942 955
f 953 954 941
f 942 941 954
f 1055 1059 940
f 953 940 1059
f 941 940 953
f 946 1051 939
f 1049 1053 938
f 947 938 1053
f 1173 1179 937
f 945 937 1179
f 1178 1172 936
f 944 1178 936
f 943 944 936
f 942 943 935
f 936 935 943
f 941 942 934
f 935 934 942
f 940 941 933
f 934 933 941
f 1050 1055 932
f 940 932 1055
f 933 932 940
f 938 931 1049
f 1047 930 1051
f 939 1051 930
f 937 929 1173
f 1046 1050 928
f 1043 1046 928
f 932 928 1050
f 1048 1049 927
f 1045 1048 927
f 931 927 1049
f 1044 926 1047
f 930 1047 926
f 1171 1173 925
f 929 925 1173
f 1170 1171 924
f 925 924 1171
f 1170 923 1172
f 936 1172 923
f 924 923 1170
f 935 936 922
f 934 935 922
f 933 934 921
f 922 921 934
f 932 933 920
f 921 920 933
f 928 932 919
f 920 919 932
f 1043 918 1041
f 1041 918 1042
f 928 918 1043
f 919 1042 918
f 919 918 928
f 1044 1045 917
f 917 926 1044
f 1162 916 1163
f 1162 1042 916
f 916 1042 919
f 916 919 920
f 921 922 915
f 1163 914 1158
f 920 921 914
f 916 914 1163
f 916 920 914
f 915 914 921
f 913 914 915
f 914 912 1158
f 914 913 912
f 1154 1158 910
f 912 910 1158
f 912 913 910
f 911 910 913
f 1014 909 1015
f 1153 1154 908
f 1019 1153 908
f 910 908 1154
f 1010 1015 907
f 1010 907 1011
f 1013 906 1014
f 909 1014 906
f 1138 1146 905
f 1145 904 1146
f 905 1146 904
f 1137 903 1145
f 904 1145 903
f 910 911 901
f 902 901 911
f 908 910 900
f 901 900 910
f 908 899 1019
f 900 899 908
f 1018 1019 898
f 1012 1018 898
f 899 898 1019
f 907 897 1011
f 1009 896 1013
f 906 1013 896
f 1138 895 1136
f 905 895 1138
f 1008 1012 894
f 1008 894 1007
f 898 894 1012
f 898 899 894
f 1126 1136 893
f 893 1136 895
f 1135 892 1137
f 903 1137 892
f 892 891 902
f 901 902 890
f 891 890 902
f 900 901 889
f 890 889 901
f 1000 1007 888
f 899 900 888
f 888 1007 894
f 888 894 899
f 889 888 900
f 1006 1011 887
f 897 887 1011
f 1005 886 1009
f 896 1009 886
f 1003 1006 885
f 887 885 1006
f 1005 1001 884
f 884 886 1005
f 1123 1126 883
f 893 883 1126
f 1125 882 1135
f 1122 882 1125
f 892 1135 882
f 891 892 881
f 882 881 892
f 890 891 880
f 881 880 891
f 889 890 879
f 880 879 890
f 999 1000 878
f 888 878 1000
f 888 889 878
f 879 878 889
f 1002 1003 877
f 885 877 1003
f 1001 1002 876
f 884 1001 876
f 1118 1123 875
f 883 875 1123
f 1122 1117 874
f 882 1122 874
f 875 873 1118
f 1117 1118 872
f 872 874 1117
f 873 872 1118
f 874 871 882
f 874 872 871
f 881 882 870
f 880 881 870
f 871 870 882
f 870 869 880
f 879 880 868
f 869 868 880
f 997 999 867
f 878 867 999
f 878 879 867
f 868 867 879
f 869 870 866
f 993 865 994
f 868 869 865
f 866 865 869
f 992 864 993
f 865 993 864
f 865 864 868
f 991 997 863
f 991 863 992
f 867 863 997
f 867 868 863
f 864 992 863
f 864 863 868
f 870 871 862
f 862 866 870
f 866 862 861
f 994 860 986
f 865 860 994
f 865 866 860
f 861 860 866
f 987 858 988
f 986 858 987
f 858 986 860
f 858 860 861
f 859 988 858
f 979 857 980
f 1087 856 979
f 978 856 1087
f 857 979 856
f 1085 988 854
f 1085 854 977
f 859 854 988
f 855 977 854
f 1228 853 1350
f 1084 1350 853
f 1083 853 1228
f 1082 1084 852
f 1080 1082 851
f 852 851 1082
f 1079 1080 850
f 850 972 1079
f 851 850 1080
f 1076 1077 849
f 971 849 1077
f 849 970 1076
f 970 849 848
f 969 970 847
f 847 968 969
f 848 847 970
f 846 967 968
f 968 847 846
f 967 845 966
f 845 967 846
f 844 964 966
f 966 845 844
f 952 1057 842
f 842 1057 951
f 952 842 843
f 841 959 958
f 841 957 964
f 958 957 841
f 964 844 841
f 952 840 947
f 843 840 952
f 839 949 959
f 839 945 949
f 959 841 839
f 947 838 938
f 838 947 840
f 837 937 945
f 945 839 837
f 836 931 938
f 938 838 836
f 930 835 939
f 835 930 926
f 834 929 937
f 937 837 834
f 931 836 833
f 832 925 929
f 929 834 832
f 831 924 925
f 925 832 831
f 923 830 936
f 923 924 830
f 830 922 936
f 924 831 830
f 927 931 829
f 833 829 931
f 927 828 1045
f 828 917 1045
f 829 828 927
f 830 831 827
f 826 915 922
f 915 826 913
f 922 830 826
f 827 826 830
f 824 913 826
f 826 827 824
f 825 824 827
f 824 825 823
f 822 911 913
f 913 824 822
f 823 822 824
f 820 1015 909
f 907 1015 820
f 907 820 821
f 907 819 897
f 821 819 907
f 905 818 895
f 817 905 904
f 905 817 818
f 903 816 904
f 816 902 911
f 816 903 892
f 902 816 892
f 911 822 816
f 822 823 816
f 904 816 817
f 817 816 823
f 897 815 887
f 815 897 819
f 893 895 814
f 814 895 818
f 813 885 887
f 883 893 812
f 812 875 883
f 811 877 885
f 885 813 811
f 886 884 810
f 809 873 875
f 875 812 809
f 877 811 808
f 877 807 1002
f 807 876 1002
f 808 807 877
f 806 872 873
f 872 806 871
f 873 809 806
f 805 862 871
f 871 806 805
f 804 861 862
f 862 805 804
f 861 803 858
f 803 859 858
f 803 861 804
f 977 802 978
f 856 978 802
f 802 977 855
f 855 801 802
f 854 859 800
f 854 800 855
f 803 800 859
f 801 855 800
f 974 799 975
f 981 798 974
f 799 974 798
f 980 797 981
f 797 980 857
f 798 981 797
f 973 975 796
f 799 796 975
f 1083 1081 795
f 853 1083 795
f 850 851 794
f 972 850 793
f 794 793 850
f 971 972 792
f 849 971 792
f 793 792 972
f 848 849 791
f 792 791 849
f 791 790 848
f 1063 789 1081
f 795 1081 789
f 847 848 788
f 846 847 788
f 845 846 788
f 790 788 848
f 788 787 845
f 788 790 787
f 1060 786 1063
f 789 1063 786
f 844 845 785
f 787 785 845
f 842 784 843
f 951 783 842
f 784 842 783
f 1054 782 1060
f 786 1060 782
f 950 781 951
f 946 781 950
f 783 951 781
f 841 844 780
f 841 780 839
f 785 780 844
f 939 779 946
f 781 946 779
f 837 839 777
f 777 839 780
f 777 780 778
f 223 776 1054
f 782 1054 776
f 836 838 775
f 835 774 939
f 779 939 774
f 778 779 774
f 777 778 773
f 774 773 778
f 834 837 772
f 777 772 837
f 773 772 777
f 774 835 771
f 773 774 771
f 772 773 770
f 771 770 773
f 832 834 769
f 772 769 834
f 770 769 772
f 222 551 223
f 776 223 551
f 926 917 768
f 926 768 835
f 771 835 768
f 769 770 767
f 831 832 766
f 827 831 766
f 769 766 832
f 767 766 769
f 828 829 765
f 917 828 764
f 764 768 917
f 765 764 828
f 825 827 763
f 766 763 827
f 766 767 763
f 763 762 825
f 222 550 223
f 551 223 550
f 551 222 550
f 823 825 761
f 762 761 825
f 820 760 821
f 909 759 820
f 760 820 759
f 1016 758 222
f 550 222 758
f 906 757 909
f 759 909 757
f 817 823 755
f 817 755 818
f 761 755 823
f 756 755 761
f 896 754 906
f 757 906 754
f 814 818 752
f 755 752 818
f 755 756 752
f 753 752 756
f 887 815 751
f 813 887 751
f 886 750 896
f 754 896 750
f 753 754 749
f 750 749 754
f 893 814 748
f 812 893 748
f 752 748 814
f 752 753 748
f 749 748 753
f 1004 747 1016
f 758 1016 747
f 810 746 886
f 750 886 746
f 749 750 745
f 746 745 750
f 809 812 744
f 748 744 812
f 748 749 744
f 745 744 749
f 811 813 743
f 808 811 743
f 876 742 884
f 810 884 742
f 806 809 741
f 805 806 741
f 744 741 809
f 744 745 741
f 998 740 1004
f 747 1004 740
f 807 808 739
f 876 807 738
f 742 876 738
f 739 738 807
f 804 805 737
f 741 737 805
f 995 736 998
f 740 998 736
f 737 735 804
f 803 804 734
f 800 803 734
f 800 734 801
f 735 734 804
f 982 733 995
f 736 995 733
f 856 732 857
f 802 732 856
f 801 731 802
f 732 802 731
f 734 730 801
f 734 735 730
f 731 801 730
f 797 729 798
f 857 728 797
f 728 857 732
f 729 797 728
f 976 727 982
f 973 727 976
f 796 727 973
f 733 982 727
f 853 726 1084
f 852 1084 726
f 726 853 795
f 851 852 725
f 725 794 851
f 794 725 724
f 793 794 723
f 724 723 794
f 792 793 722
f 722 791 792
f 723 722 793
f 721 790 791
f 791 722 721
f 721 722 720
f 719 787 790
f 790 721 719
f 720 719 721
f 717 785 787
f 787 719 717
f 719 720 717
f 718 717 720
f 843 716 840
f 716 843 784
f 715 783 781
f 714 781 779
f 717 718 714
f 781 714 715
f 718 715 714
f 713 780 785
f 778 780 713
f 713 779 778
f 785 717 713
f 779 713 714
f 714 713 717
f 838 840 712
f 712 775 838
f 716 712 840
f 775 711 836
f 833 836 710
f 711 710 836
f 709 551 550
f 829 833 708
f 708 765 829
f 710 708 833
f 764 765 707
f 770 771 706
f 768 706 771
f 706 767 770
f 768 764 706
f 707 706 764
f 705 763 767
f 763 705 762
f 767 706 705
f 704 762 705
f 703 761 762
f 761 703 756
f 762 704 703
f 821 702 819
f 702 821 760
f 759 701 760
f 757 700 759
f 700 757 754
f 756 700 753
f 754 753 700
f 700 756 703
f 701 759 700
f 815 819 699
f 699 819 702
f 698 751 815
f 699 698 815
f 751 698 697
f 751 696 813
f 696 743 813
f 697 696 751
f 746 810 695
f 742 695 810
f 745 746 694
f 694 741 745
f 741 694 737
f 695 694 746
f 743 693 808
f 693 739 808
f 738 692 742
f 695 742 692
f 738 739 691
f 691 692 738
f 692 690 695
f 689 737 694
f 694 695 689
f 690 689 695
f 687 735 737
f 735 687 730
f 737 689 687
f 689 690 687
f 688 687 690
f 686 732 731
f 732 686 728
f 685 731 730
f 685 730 687
f 687 688 685
f 731 685 686
f 798 684 799
f 684 798 729
f 729 683 684
f 728 682 729
f 682 728 686
f 683 729 682
f 796 799 681
f 727 796 681
f 795 680 726
f 726 679 852
f 725 852 679
f 789 678 795
f 680 795 678
f 724 725 677
f 679 677 725
f 677 676 724
f 723 724 675
f 722 723 675
f 676 675 724
f 786 674 789
f 678 789 674
f 675 676 673
f 720 722 672
f 718 720 672
f 675 672 722
f 673 672 675
f 782 671 786
f 674 786 671
f 784 669 716
f 670 716 669
f 783 668 784
f 715 668 783
f 718 668 715
f 672 668 718
f 672 673 668
f 669 784 668
f 669 668 673
f 776 667 782
f 671 782 667
f 712 716 666
f 670 666 716
f 775 712 665
f 665 712 666
f 551 664 776
f 709 664 551
f 667 776 664
f 711 775 663
f 665 663 775
f 663 662 711
f 710 711 661
f 662 661 711
f 708 710 660
f 661 660 710
f 765 708 659
f 707 765 659
f 660 659 708
f 659 658 707
f 706 707 657
f 705 706 657
f 704 705 657
f 658 657 707
f 657 656 704
f 758 655 550
f 550 655 709
f 703 704 653
f 700 703 653
f 700 653 701
f 656 653 704
f 654 653 656
f 702 652 699
f 760 651 702
f 701 651 760
f 653 651 701
f 653 654 651
f 652 702 651
f 652 651 654
f 655 758 650
f 698 699 649
f 649 699 652
f 697 698 648
f 649 648 698
f 696 697 647
f 648 647 697
f 747 646 758
f 650 758 646
f 647 645 696
f 743 696 644
f 693 743 644
f 645 644 696
f 740 643 747
f 646 747 643
f 644 642 693
f 739 693 641
f 691 739 641
f 642 641 693
f 692 691 640
f 690 692 640
f 688 690 640
f 641 640 691
f 736 639 740
f 643 740 639
f 640 641 638
f 685 688 637
f 685 637 686
f 640 637 688
f 638 637 640
f 733 636 736
f 727 636 733
f 639 736 636
f 686 634 682
f 682 634 683
f 637 634 686
f 637 638 634
f 635 683 634
f 635 634 638
f 683 633 684
f 633 683 635
f 681 632 727
f 636 727 632
f 684 631 799
f 681 799 631
f 633 631 684
f 680 630 726
f 630 679 726
f 630 680 678
f 629 678 674
f 678 629 630
f 628 676 677
f 627 674 671
f 674 627 629
f 676 628 626
f 625 673 676
f 673 625 669
f 626 625 676
f 624 671 667
f 671 624 627
f 625 626 623
f 622 670 669
f 622 666 670
f 622 669 625
f 622 623 666
f 623 622 625
f 621 667 664
f 667 621 624
f 664 620 621
f 663 665 619
f 619 662 663
f 664 709 618
f 620 664 618
f 618 617 620
f 616 661 662
f 662 619 616
f 615 709 655
f 618 709 615
f 617 618 615
f 615 614 617
f 613 660 661
f 661 616 613
f 659 660 612
f 612 658 659
f 660 613 612
f 611 658 612
f 612 613 611
f 610 657 658
f 657 610 656
f 656 610 654
f 658 611 610
f 655 609 615
f 614 615 609
f 654 607 652
f 607 654 610
f 610 611 607
f 608 607 611
f 650 606 655
f 609 655 606
f 606 605 609
f 604 649 652
f 604 648 649
f 604 652 607
f 607 608 604
f 603 650 646
f 606 650 603
f 605 606 602
f 603 602 606
f 601 647 648
f 648 604 601
f 646 600 603
f 602 603 600
f 599 645 647
f 647 601 599
f 645 599 598
f 643 597 646
f 600 646 597
f 644 645 596
f 596 642 644
f 598 596 645
f 595 596 598
f 594 641 642
f 642 596 594
f 596 595 594
f 639 593 643
f 597 643 593
f 594 595 592
f 591 638 641
f 638 591 635
f 641 594 591
f 592 591 594
f 636 590 639
f 593 639 590
f 633 635 589
f 589 635 591
f 591 592 589
f 632 588 636
f 590 636 588
f 632 681 587
f 587 681 631
f 588 632 587
f 677 679 586
f 679 630 586
f 628 677 586
f 629 585 630
f 627 585 629
f 586 630 585
f 626 628 584
f 586 584 628
f 585 584 586
f 624 583 627
f 585 627 583
f 584 585 583
f 584 582 626
f 583 582 584
f 621 581 624
f 583 624 581
f 582 583 581
f 623 626 580
f 582 580 626
f 581 580 582
f 620 579 621
f 581 621 579
f 580 581 579
f 579 578 580
f 666 577 665
f 666 623 577
f 619 665 577
f 580 577 623
f 578 577 580
f 617 576 620
f 579 620 576
f 578 579 576
f 616 619 575
f 577 575 619
f 577 578 575
f 576 575 578
f 614 574 617
f 576 617 574
f 575 576 574
f 613 616 573
f 575 573 616
f 574 573 575
f 574 614 572
f 573 574 572
f 573 571 613
f 572 571 573
f 611 613 570
f 608 611 570
f 571 570 613
f 609 569 614
f 605 569 609
f 572 614 569
f 571 572 568
f 569 568 572
f 570 567 608
f 570 571 567
f 568 567 571
f 569 605 566
f 568 569 566
f 604 608 565
f 567 565 608
f 567 568 565
f 566 565 568
f 602 564 605
f 566 605 564
f 601 604 563
f 599 601 563
f 565 563 604
f 565 566 563
f 564 563 566
f 600 562 602
f 564 602 562
f 598 599 561
f 563 561 599
f 563 564 561
f 562 561 564
f 597 560 600
f 562 600 560
f 595 598 559
f 561 559 598
f 561 562 559
f 560 559 562
f 593 558 597
f 560 597 558
f 592 595 557
f 559 557 595
f 559 560 557
f 558 557 560
f 590 556 593
f 558 593 556
f 589 592 555
f 557 555 592
f 557 558 555
f 556 555 558
f 588 554 590
f 587 554 588
f 556 590 554
f 555 553 589
f 555 556 553
f 554 553 556
f 631 633 552
f 633 589 552
f 631 552 587
f 554 587 552
f 553 552 589
f 553 554 552

