# https://github.com/mikedh/trimesh
v 0.11848959 0.41536459 0.20703125
v 0.07421875 0.43880209 0.19661458
v 0.00390625 0.43880209 0.17838542
v -0.00390625 0.78776044 0.16796875
v 0.50911456 -0.38845485 0.09505209
v 0.53515625 -0.37630209 0.12890625
v 0.52473956 -0.39453125 0.10546875
v -0.55859375 -0.36328125 0.07942709
v 0.06119792 -0.62109375 -0.01953125
v -0.06901041 0.39192709 0.01171875
v 0.10807291 -0.79817706 -0.08984375
v 0.11848959 -0.79296875 -0.08463541
v 0.13671875 -0.78255206 -0.08463541
v -0.12369791 -0.76432294 -0.11588541
v -0.12369791 -0.78776044 -0.11588541
v -0.09765625 -0.79036456 -0.10807291
v -0.12369791 -0.75911456 -0.13932292
v -0.13671875 -0.74609375 -0.10286459
v -0.11328125 -0.73046875 -0.11328125
v 0.06119792 -0.81901044 -0.10546875
v 0.20703125 -0.61067706 -0.10807291
v 0.20442708 -0.63411456 -0.10026041
v -0.07942709 -0.64973956 -0.16015625
v -0.12369791 -0.73307294 -0.13932292
v -0.10026041 -0.73046875 -0.16536458
v -0.10286459 -0.75911456 -0.13932292
v -0.10026041 -0.73046875 -0.15494792
v 0.11328125 -0.60026044 -0.17578125
v 0.13671875 -0.62630206 -0.17057292
v 0.08463541 -0.83723956 -0.05338542
v -0.53255206 -0.34505209 0.08463541
v -0.53255206 -0.31640625 0.06640625
v -0.55078125 -0.31640625 0.08203125
v -0.55338544 -0.35286459 0.09505209
v 0.10026041 0.43359375 0.18880208
v -0.04296875 0.49609375 0.64453125
v 0.06640625 0.44921875 0.59765625
v -0.05859375 0.44140625 0.57421875
v -0.12890625 0.40234375 0.25390625
v -0.12890625 0.35546875 0.26171875
v 0.36328125 0.21484375 0.19921875
v 0.36328125 0.15234375 0.19921875
v 0.35546875 0.15234375 0.19921875
v 0.12890625 0.40234375 0.22265625
v 0.12890625 0.42578125 0.19921875
v 0.00390625 0.46484375 0.22265625
v 0.11328125 0.44140625 0.19921875
v 0.08203125 0.44921875 0.21484375
v 0.11328125 0.42578125 0.22265625
v -0.07421875 0.44921875 0.19921875
v -0.15234375 0.42578125 0.23828125
v -0.09765625 -0.26953125 0.19921875
v 0.35546875 0.21484375 0.19921875
v 0.36328125 0.27734375 0.19140625
v 0.23828125 0.21484375 0.19921875
v 0.41015625 -0.49609375 0.19140625
v 0.19140625 0.27734375 0.19140625
v 0.24609375 0.27734375 0.19140625
v 0.10546875 0.42578125 0.19921875
v 0.12890625 0.40234375 0.18359375
v 0.15234375 0.37109375 0.20703125
v -0.16796875 0.47265625 0.20703125
v 0.13671875 0.44140625 0.18359375
v 0.16796875 0.40234375 0.17578125
v 0.15234375 0.34765625 0.19140625
v 0.15234375 0.40234375 0.16796875
v 0.10546875 0.42578125 0.16796875
v -0.10546875 0.71484375 0.16796875
v -0.06640625 0.65234375 0.19140625
v 0.15234375 0.46484375 0.18359375
v 0.12109375 0.77734375 0.16015625
v 0.07421875 0.76953125 0.18359375
v 0.08203125 0.80078125 0.16796875
v -0.05078125 0.80078125 0.16796875
v -0.01953125 0.80078125 0.16015625
v 0.00390625 0.79296875 0.15234375
v -0.12109375 0.77734375 0.16015625
v -0.08984375 0.76953125 0.18359375
v -0.08984375 0.80078125 0.16796875
v -0.19921875 0.70703125 0.15234375
v -0.39453125 -0.56640625 0.17578125
v -0.40234375 -0.55859375 0.16015625
v 0.33984375 -0.90234375 0.16796875
v 0.13671875 0.77734375 0.16015625
v 0.16015625 0.73828125 0.14453125
v 0.16796875 0.76953125 0.15234375
v 0.00390625 0.76953125 0.16796875
v 0.00390625 0.86328125 0.14453125
v -0.05859375 0.79296875 0.15234375
v -0.30859375 -0.87890625 0.16796875
v -0.24609375 0.65234375 0.15234375
v -0.39453125 -0.56640625 0.16015625
v -0.73046875 -0.49609375 0.14453125
v -0.73046875 -0.50390625 0.13671875
v 0.73828125 -0.49609375 0.13671875
v 0.73828125 -0.49609375 0.12890625
v -0.73828125 -0.50390625 0.13671875
v 0.74609375 -0.48828125 0.12890625
v 0.73828125 -0.50390625 0.12109375
v 0.73828125 -0.50390625 0.12890625
v 0.73828125 -0.51171875 0.12890625
v -0.19921875 0.65234375 0.15234375
v -0.15234375 0.74609375 0.14453125
v -0.73828125 -0.51171875 0.12890625
v 0.48828125 -0.39453125 0.14453125
v 0.51171875 -0.37109375 0.15234375
v -0.53515625 -0.40234375 0.13671875
v -0.68359375 -0.34765625 0.13671875
v 0.58984375 -0.36328125 0.11328125
v 0.56640625 -0.36328125 0.12890625
v -0.54296875 -0.29296875 0.10546875
v -0.55078125 -0.34765625 0.13671875
v 0.73828125 -0.55078125 0.09765625
v 0.55859375 -0.38671875 0.10546875
v 0.47265625 -0.39453125 0.12109375
v 0.46484375 -0.38671875 0.08984375
v 0.48828125 -0.34765625 0.13671875
v 0.47265625 -0.35546875 0.11328125
v -0.57421875 -0.28515625 0.09765625
v -0.53515625 -0.35546875 0.09765625
v -0.55859375 -0.37109375 0.12109375
v 0.54296875 -0.40234375 0.11328125
v 0.51171875 -0.44140625 0.08984375
v 0.54296875 -0.40234375 0.08203125
v 0.46484375 0.40234375 0.10546875
v -0.48828125 -0.36328125 0.13671875
v -0.46484375 -0.40234375 0.09765625
v -0.55859375 -0.38671875 0.10546875
v -0.57421875 -0.35546875 0.09765625
v -0.51171875 -0.31640625 0.08203125
v -0.54296875 -0.40234375 0.08203125
v -0.52734375 -0.40234375 0.06640625
v -0.54296875 -0.40234375 0.11328125
v -0.48828125 -0.42578125 0.07421875
v 0.55859375 -0.38671875 0.08203125
v 0.51171875 -0.36328125 0.05078125
v -0.53515625 -0.31640625 0.10546875
v -0.51171875 -0.34765625 0.05078125
v -0.55078125 -0.37109375 0.06640625
v -0.55859375 -0.38671875 0.07421875
v -0.08984375 0.40234375 0.05859375
v -0.10546875 0.38671875 0.05078125
v -0.11328125 0.38671875 0.05078125
v -0.51953125 -0.31640625 0.11328125
v -0.54296875 -0.31640625 0.08203125
v -0.54296875 -0.29296875 0.07421875
v -0.58203125 -0.36328125 0.05078125
v -0.55078125 -0.34765625 0.04296875
v 0.46484375 0.33984375 0.08984375
v 0.33203125 0.81640625 0.02734375
v 0.13671875 -0.65234375 0.01953125
v 0.08984375 -0.65234375 0.01953125
v -0.10546875 -0.65234375 0.01953125
v 0.16796875 -0.69140625 0.01953125
v 0.18359375 -0.62890625 0.01171875
v 0.19140625 -0.60546875 0.01171875
v 0.19140625 -0.65234375 0.01171875
v 0.20703125 -0.65234375 -0.00390625
v 0.16796875 -0.65234375 0.01953125
v 0.16796875 -0.60546875 0.01953125
v 0.13671875 -0.60546875 -0.00390625
v 0.16796875 -0.65234375 -0.00390625
v 0.10546875 -0.60546875 0.01953125
v 0.10546875 -0.65234375 0.01953125
v 0.08984375 -0.60546875 0.01953125
v 0.06640625 -0.65234375 0.01171875
v 0.13671875 -0.65234375 -0.00390625
v -0.05859375 0.42578125 0.04296875
v -0.13671875 -0.60546875 0.01953125
v -0.10546875 -0.66015625 0.01953125
v -0.10546875 -0.60546875 -0.00390625
v -0.10546875 -0.65234375 -0.00390625
v -0.13671875 -0.60546875 -0.00390625
v -0.10546875 -0.69140625 0.01953125
v -0.13671875 -0.66015625 -0.00390625
v -0.16796875 -0.60546875 0.01953125
v -0.19140625 -0.60546875 0.01171875
v -0.16796875 -0.60546875 -0.00390625
v -0.20703125 -0.60546875 -0.00390625
v -0.13671875 -0.65234375 0.01953125
v -0.19140625 -0.65234375 0.01171875
v -0.51953125 -0.28515625 0.05078125
v 0.06640625 -0.60546875 -0.00390625
v -0.04296875 0.41796875 0.04296875
v -0.05078125 0.41796875 0.05859375
v -0.08984375 0.37890625 0.00390625
v 0.58203125 -0.16796875 0.02734375
v -0.70703125 -0.45703125 0.02734375
v -0.66796875 -0.41015625 0.02734375
v 0.62890625 -0.15234375 0.01171875
v 0.14453125 -0.85546875 0.02734375
v 0.17578125 -0.84765625 0.03515625
v 0.10546875 -0.85546875 -0.02734375
v -0.60546875 -0.19140625 0.01171875
v -0.62890625 -0.15234375 0.00390625
v 0.70703125 -0.48046875 -0.01171875
v 0.13671875 -0.78515625 -0.03515625
v 0.04296875 -0.60546875 -0.01171875
v 0.04296875 -0.65234375 -0.01171875
v 0.03515625 -0.60546875 -0.04296875
v 0.03515625 -0.65234375 -0.04296875
v -0.04296875 -0.65234375 -0.00390625
v 0.57421875 -0.19140625 0.00390625
v 0.10546875 -0.80859375 -0.01953125
v 0.11328125 -0.81640625 -0.04296875
v 0.10546875 -0.78515625 -0.04296875
v 0.63671875 -0.14453125 -0.02734375
v 0.57421875 -0.22265625 -0.05078125
v -0.63671875 -0.14453125 -0.02734375
v 0.22265625 -0.65234375 -0.04296875
v 0.21484375 -0.55078125 -0.00390625
v -0.03515625 -0.60546875 -0.04296875
v -0.03515625 -0.65234375 -0.04296875
v -0.06640625 -0.65234375 0.01171875
v -0.22265625 -0.65234375 -0.04296875
v -0.22265625 -0.60546875 -0.04296875
v -0.20703125 -0.69140625 -0.00390625
v -0.10546875 -0.83203125 -0.03515625
v 0.08203125 -0.83203125 -0.03515625
v -0.08984375 -0.78515625 -0.07421875
v 0.16796875 -0.78515625 -0.04296875
v -0.13671875 -0.65234375 -0.00390625
v -0.20703125 -0.65234375 -0.00390625
v 0.23046875 -0.60546875 -0.06640625
v 0.23046875 -0.65234375 -0.06640625
v 0.22265625 -0.55859375 -0.06640625
v 0.22265625 -0.56640625 -0.03515625
v 0.19921875 -0.83984375 -0.03515625
v 0.16796875 -0.84765625 -0.02734375
v 0.16796875 -0.86328125 -0.06640625
v 0.19140625 -0.85546875 -0.05859375
v 0.22265625 -0.84765625 -0.06640625
v 0.07421875 -0.83203125 -0.05078125
v 0.05859375 -0.80078125 -0.08203125
v 0.07421875 -0.80078125 -0.05078125
v 0.06640625 -0.78515625 -0.09765625
v 0.02734375 -0.57421875 -0.04296875
v 0.02734375 -0.57421875 -0.08984375
v 0.02734375 -0.60546875 -0.08984375
v 0.03515625 -0.60546875 -0.09765625
v 0.03515625 -0.69140625 -0.09765625
v -0.02734375 -0.60546875 -0.06640625
v -0.02734375 -0.65234375 -0.06640625
v -0.10546875 -0.77734375 -0.06640625
v -0.10546875 -0.80078125 -0.06640625
v -0.10546875 -0.85546875 -0.02734375
v -0.13671875 -0.73046875 -0.06640625
v -0.13671875 -0.77734375 -0.06640625
v -0.10546875 -0.77734375 -0.09765625
v -0.22265625 -0.55859375 -0.05859375
v -0.22265625 -0.56640625 -0.03515625
v -0.23046875 -0.60546875 -0.06640625
v -0.23046875 -0.65234375 -0.06640625
v -0.23046875 -0.69140625 -0.06640625
v -0.22265625 -0.62109375 -0.08984375
v -0.21484375 -0.57421875 -0.09765625
v -0.21484375 -0.69140625 -0.09765625
v -0.06640625 -0.80078125 -0.08203125
v -0.06640625 -0.73046875 -0.09765625
v -0.16796875 -0.73046875 -0.09765625
v 0.16796875 -0.77734375 -0.09765625
v 0.22265625 -0.65234375 -0.09765625
v 0.19921875 -0.65234375 -0.12890625
v 0.21484375 -0.57421875 -0.09765625
v 0.02734375 -0.65234375 -0.08984375
v 0.02734375 -0.60546875 -0.09765625
v -0.03515625 -0.65234375 -0.09765625
v -0.19921875 -0.60546875 -0.12109375
v -0.22265625 -0.65234375 -0.09765625
v 0.19921875 -0.86328125 -0.09765625
v 0.16796875 -0.86328125 -0.09765625
v -0.06640625 -0.85546875 -0.10546875
v -0.07421875 -0.85546875 -0.08203125
v -0.06640625 -0.85546875 -0.13671875
v -0.19921875 -0.83984375 -0.04296875
v -0.19140625 -0.85546875 -0.05859375
v -0.16796875 -0.86328125 -0.06640625
v -0.22265625 -0.84765625 -0.06640625
v -0.16796875 -0.84765625 -0.02734375
v -0.16796875 -0.86328125 -0.09765625
v -0.23046875 -0.83984375 -0.09765625
v -0.19921875 -0.84765625 -0.13671875
v 0.23046875 -0.83984375 -0.09765625
v 0.13671875 -0.77734375 -0.09765625
v 0.16796875 -0.81640625 -0.12109375
v 0.16796875 -0.73046875 -0.09765625
v -0.13671875 -0.77734375 -0.09765625
v -0.16796875 -0.77734375 -0.09765625
v 0.19921875 -0.85546875 -0.13671875
v 0.16796875 -0.77734375 -0.14453125
v 0.06640625 -0.77734375 -0.09765625
v 0.06640625 -0.81640625 -0.11328125
v 0.06640625 -0.82421875 -0.15234375
v 0.06640625 -0.78515625 -0.15234375
v -0.05078125 -0.83203125 -0.11328125
v 0.21484375 -0.60546875 -0.09765625
v 0.16796875 -0.60546875 -0.16015625
v 0.19921875 -0.60546875 -0.12890625
v 0.22265625 -0.60546875 -0.04296875
v 0.19140625 -0.57421875 -0.12890625
v 0.04296875 -0.60546875 -0.12890625
v 0.04296875 -0.57421875 -0.12890625
v -0.04296875 -0.60546875 -0.12890625
v -0.04296875 -0.65234375 -0.12890625
v -0.19921875 -0.60546875 -0.12890625
v -0.21484375 -0.60546875 -0.09765625
v -0.19921875 -0.65234375 -0.12890625
v 0.16796875 -0.65234375 -0.16015625
v 0.06640625 -0.73046875 -0.14453125
v 0.12109375 -0.73828125 -0.15234375
v 0.13671875 -0.65234375 -0.17578125
v 0.13671875 -0.60546875 -0.17578125
v 0.06640625 -0.65234375 -0.16015625
v 0.10546875 -0.65234375 -0.17578125
v 0.13671875 -0.69140625 -0.17578125
v 0.13671875 -0.73046875 -0.17578125
v 0.13671875 -0.71484375 -0.15234375
v 0.10546875 -0.77734375 -0.14453125
v 0.06640625 -0.77734375 -0.14453125
v 0.10546875 -0.77734375 -0.09765625
v 0.10546875 -0.77734375 -0.17578125
v 0.13671875 -0.77734375 -0.17578125
v 0.10546875 -0.73046875 -0.17578125
v 0.10546875 -0.60546875 -0.17578125
v 0.06640625 -0.60546875 -0.16015625
v 0.08984375 -0.63671875 -0.17578125
v 0.13671875 -0.85546875 -0.13671875
v 0.06640625 -0.85546875 -0.13671875
v -0.06640625 -0.60546875 -0.16015625
v -0.06640625 -0.65234375 -0.16015625
v -0.09765625 -0.73046875 -0.14453125
v -0.10546875 -0.77734375 -0.14453125
v -0.09765625 -0.69140625 -0.17578125
v -0.16796875 -0.60546875 -0.16015625
v -0.19140625 -0.57421875 -0.12890625
v -0.13671875 -0.65234375 -0.14453125
v -0.16796875 -0.65234375 -0.16015625
v -0.09765625 -0.65234375 -0.17578125
v -0.09765625 -0.66015625 -0.17578125
v -0.13671875 -0.60546875 -0.17578125
v -0.13671875 -0.65234375 -0.17578125
v -0.10546875 -0.70703125 -0.13671875
v -0.16796875 -0.73046875 -0.14453125
v -0.16796875 -0.76953125 -0.14453125
v -0.09765625 -0.73046875 -0.17578125
v -0.13671875 -0.73046875 -0.17578125
v -0.13671875 -0.76953125 -0.17578125
v 0.07421875 -0.84765625 -0.17578125
v 0.13671875 -0.78515625 -0.18359375
v 0.16796875 -0.85546875 -0.13671875
v 0.13671875 -0.82421875 -0.18359375
v 0.08984375 0.96484375 -0.12890625
v 0.04296875 0.95703125 -0.15234375
v 0.00390625 0.94921875 -0.15234375
v 0.12109375 0.93359375 -0.12890625
v -0.06640625 -0.77734375 -0.09765625
v -0.06640625 -0.76953125 -0.14453125
v -0.10546875 -0.83984375 -0.09765625
v -0.13671875 -0.84765625 -0.13671875
v -0.09765625 -0.76953125 -0.17578125
v -0.12109375 -0.75390625 -0.14453125
v -0.09765625 -0.78515625 -0.18359375
v -0.16796875 -0.85546875 -0.13671875
v -0.41015625 0.28515625 -0.16796875
v 0.41796875 -0.32421875 -0.19921875
v -0.23828125 0.15234375 -0.32421875
v 0.29296875 -0.16796875 -0.42578125
v 0.28515625 -0.12890625 -0.44921875
v 0.18359375 0.36328125 -0.41796875
v 0.09765625 0.83984375 -0.42578125
v 0.09765625 0.82421875 -0.50390625
v -0.01171875 0.83203125 -0.50390625
v -0.01171875 0.83984375 -0.42578125
v 0.30078125 -0.12890625 -0.44921875
v 0.38671875 -0.08203125 -0.43359375
v 0.15234375 0.36328125 -0.41796875
v 0.14453125 0.41796875 -0.40234375
v -0.23828125 0.11328125 -0.32421875
v 0.41796875 -0.27734375 -0.23046875
v 0.44140625 -0.29296875 -0.25390625
v -0.38671875 -0.30859375 -0.20703125
v -0.44140625 -0.35546875 -0.23046875
v -0.40234375 0.23046875 -0.19140625
v -0.42578125 0.23046875 -0.20703125
v 0.38671875 -0.30859375 -0.20703125
v -0.16796875 -0.81640625 -0.18359375
v -0.13671875 -0.78515625 -0.18359375
v -0.12109375 -0.79296875 -0.14453125
v -0.06640625 -0.73046875 -0.14453125
v -0.05078125 -0.80078125 -0.11328125
v 0.09765625 0.90234375 -0.18359375
v 0.05859375 0.91796875 -0.16015625
v -0.13671875 -0.69140625 -0.17578125
v -0.09765625 -0.60546875 -0.17578125
v -0.09765625 -0.65234375 -0.14453125
v -0.13671875 -0.57421875 -0.17578125
v -0.13671875 -0.69140625 -0.14453125
v -0.07421875 -0.84765625 -0.17578125
v 0.05078125 -0.80078125 -0.14453125
v 0.09765625 -0.57421875 -0.17578125
v 0.10546875 -0.69140625 -0.17578125
v 0.13671875 -0.57421875 -0.17578125
v -0.37890625 0.28515625 -0.15234375
v -0.41796875 -0.31640625 -0.16015625
v 0.41796875 -0.57421875 -0.16796875
v 0.41796875 -0.56640625 -0.09765625
v -0.19921875 -0.80078125 -0.16015625
v 0.19921875 -0.56640625 -0.09765625
v 0.00390625 0.92578125 -0.14453125
v 0.05078125 -0.80078125 -0.11328125
v 0.21484375 -0.83984375 -0.15234375
v 0.23046875 -0.85546875 -0.14453125
v 0.13671875 -0.73828125 -0.12109375
v 0.16796875 -0.73046875 -0.14453125
v 0.16796875 -0.77734375 -0.08984375
v -0.22265625 -0.83203125 -0.12890625
v -0.19921875 -0.85546875 -0.09765625
v -0.09765625 -0.84765625 -0.13671875
v -0.06640625 -0.78515625 -0.13671875
v -0.06640625 0.95703125 -0.12109375
v -0.04296875 0.93359375 -0.13671875
v -0.05859375 0.90234375 -0.08203125
v -0.22265625 -0.80078125 -0.12890625
v -0.19921875 -0.69140625 -0.12890625
v -0.04296875 -0.69140625 -0.12890625
v 0.04296875 -0.65234375 -0.12890625
v 0.04296875 -0.69140625 -0.12890625
v 0.19921875 -0.69140625 -0.12890625
v 0.22265625 -0.69140625 -0.09765625
v 0.07421875 -0.85546875 -0.08203125
v -0.41796875 -0.56640625 -0.09765625
v -0.42578125 -0.51953125 -0.03515625
v -0.42578125 -0.52734375 -0.09765625
v -0.22265625 -0.69140625 -0.09765625
v -0.13671875 -0.64453125 -0.08984375
v -0.10546875 -0.73046875 -0.06640625
v -0.03515625 -0.69140625 -0.09765625
v -0.02734375 -0.69140625 -0.06640625
v -0.03515625 -0.60546875 -0.09765625
v 0.03515625 -0.65234375 -0.09765625
v 0.06640625 -0.73046875 -0.09765625
v 0.10546875 -0.77734375 -0.06640625
v 0.21484375 -0.56640625 -0.06640625
v -0.02734375 -0.57421875 -0.08984375
v -0.09765625 0.94140625 -0.07421875
v 0.05859375 -0.83203125 -0.08203125
v -0.22265625 -0.55859375 -0.06640625
v -0.10546875 -0.69140625 -0.06640625
v -0.12109375 -0.66015625 -0.04296875
v -0.10546875 -0.66015625 -0.06640625
v 0.23046875 -0.69140625 -0.06640625
v -0.21484375 -0.55078125 -0.00390625
v -0.07421875 -0.83203125 -0.05078125
v -0.07421875 -0.80078125 -0.05078125
v 0.13671875 -0.80859375 -0.01171875
v 0.60546875 -0.19921875 -0.01953125
v -0.68359375 -0.41796875 -0.01953125
v -0.73046875 -0.45703125 -0.04296875
v -0.70703125 -0.48046875 -0.01171875
v -0.22265625 -0.69140625 -0.04296875
v -0.12109375 -0.69140625 -0.04296875
v -0.13671875 -0.69140625 -0.00390625
v -0.03515625 -0.69140625 -0.04296875
v 0.03515625 -0.69140625 -0.04296875
v 0.04296875 -0.69140625 -0.01171875
v 0.22265625 -0.69140625 -0.04296875
v -0.41796875 -0.55078125 -0.03515625
v 0.41796875 -0.55078125 -0.03515625
v 0.44921875 -0.35546875 -0.03515625
v -0.65234375 -0.16796875 -0.02734375
v -0.60546875 -0.19921875 -0.01953125
v 0.13671875 -0.83203125 -0.01171875
v 0.65234375 -0.16796875 -0.02734375
v -0.07421875 0.37890625 -0.01171875
v -0.08984375 0.38671875 -0.00390625
v -0.06640625 0.40234375 -0.00390625
v -0.04296875 -0.60546875 -0.01171875
v -0.65234375 -0.14453125 -0.00390625
v -0.22265625 -0.55078125 -0.00390625
v -0.16796875 -0.65234375 -0.00390625
v -0.12109375 -0.69140625 -0.00390625
v -0.06640625 -0.60546875 -0.00390625
v -0.10546875 -0.60546875 0.01953125
v 0.10546875 -0.60546875 -0.00390625
v 0.10546875 -0.65234375 -0.00390625
v 0.13671875 -0.60546875 0.01953125
v 0.20703125 -0.60546875 -0.00390625
v 0.20703125 -0.69140625 -0.00390625
v 0.19140625 -0.69140625 0.01171875
v 0.19140625 -0.56640625 0.01171875
v 0.65234375 -0.14453125 -0.00390625
v 0.22265625 -0.55859375 0.02734375
v -0.06640625 -0.69140625 0.01171875
v 0.06640625 -0.69140625 0.01171875
v -0.16796875 -0.65234375 0.01953125
v -0.08984375 -0.65234375 0.01953125
v -0.08984375 -0.69140625 0.01953125
v 0.08984375 -0.69140625 0.01953125
v 0.10546875 -0.69140625 0.01953125
v 0.30859375 0.83984375 0.05078125
v 0.35546875 0.85546875 0.05078125
v 0.60546875 -0.17578125 0.03515625
v -0.55078125 -0.32421875 0.03515625
v -0.12109375 0.37890625 0.05859375
v -0.10546875 0.38671875 0.04296875
v 0.47265625 -0.34765625 0.08203125
v -0.54296875 -0.37890625 0.05078125
v -0.55078125 -0.26171875 0.08203125
v 0.52734375 -0.40234375 0.06640625
v 0.55078125 -0.26171875 0.08203125
v 0.54296875 -0.23046875 0.05078125
v 0.57421875 -0.23046875 0.08203125
v 0.61328125 -0.19921875 0.08984375
v -0.51171875 -0.44140625 0.08984375
v -0.46484375 -0.36328125 0.08984375
v -0.47265625 -0.38671875 0.06640625
v -0.48828125 -0.39453125 0.14453125
v 0.64453125 -0.19921875 0.08984375
v -0.48828125 -0.44140625 0.08984375
v -0.60546875 -0.20703125 0.08984375
v 0.49609375 -0.32421875 0.10546875
v 0.48828125 -0.43359375 0.10546875
v 0.69921875 -0.56640625 0.10546875
v 0.71484375 -0.56640625 0.08984375
v -0.53515625 -0.37109375 0.14453125
v -0.56640625 -0.30859375 0.12109375
v 0.71484375 -0.56640625 0.10546875
v -0.48828125 -0.44140625 0.11328125
v 0.30078125 0.87109375 0.11328125
v 0.55859375 -0.34765625 0.13671875
v 0.58203125 -0.33984375 0.12890625
v -0.68359375 -0.35546875 0.13671875
v -0.64453125 -0.33203125 0.12109375
v -0.17578125 0.70703125 0.12109375
v -0.14453125 0.71484375 0.16015625
v 0.73828125 -0.51171875 0.12109375
v 0.73828125 -0.49609375 0.12109375
v 0.74609375 -0.50390625 0.12109375
v 0.74609375 -0.49609375 0.12109375
v 0.74609375 -0.51953125 0.12109375
v 0.73828125 -0.51953125 0.12890625
v 0.73828125 -0.50390625 0.13671875
v -0.73828125 -0.51953125 0.13671875
v -0.73828125 -0.49609375 0.13671875
v -0.71484375 -0.49609375 0.15234375
v -0.37109375 -0.91796875 0.14453125
v 0.05859375 0.77734375 0.16015625
v -0.38671875 -0.56640625 0.15234375
v -0.22265625 0.66015625 0.15234375
v -0.21484375 0.72265625 0.15234375
v -0.16796875 0.76953125 0.15234375
v -0.17578125 0.79296875 0.15234375
v -0.12890625 0.77734375 0.16015625
v 0.21484375 0.72265625 0.15234375
v 0.19921875 0.71484375 0.15234375
v -0.17578125 0.46484375 0.16015625
v -0.07421875 0.73046875 0.16015625
v 0.09765625 0.76953125 0.18359375
v 0.13671875 0.74609375 0.16796875
v 0.17578125 0.46484375 0.16015625
v -0.18359375 0.33984375 0.18359375
v -0.15234375 0.40234375 0.16796875
v -0.10546875 0.42578125 0.16796875
v -0.12890625 0.40234375 0.18359375
v -0.07421875 0.44921875 0.18359375
v -0.05078125 0.66796875 0.16796875
v -0.07421875 0.68359375 0.18359375
v -0.10546875 0.65234375 0.19921875
v 0.00390625 0.40234375 0.16796875
v -0.05078125 0.43359375 0.16796875
v 0.05078125 0.40234375 0.16796875
v 0.07421875 0.44921875 0.18359375
v 0.06640625 0.44921875 0.19921875
v 0.12109375 0.45703125 0.16796875
v -0.21484375 0.47265625 0.19140625
v -0.19921875 0.44921875 0.17578125
v -0.13671875 0.44921875 0.18359375
v -0.16796875 0.44921875 0.17578125
v 0.13671875 0.41015625 0.20703125
v 0.14453125 0.39453125 0.22265625
v -0.13671875 0.44921875 0.21484375
v 0.24609375 0.33984375 0.18359375
v -0.21484375 0.47265625 0.21484375
v -0.04296875 0.45703125 0.19921875
v 0.23828125 0.27734375 0.19140625
v 0.24609375 0.26953125 0.19921875
v -0.13671875 -0.28515625 0.19921875
v -0.12890625 0.41015625 0.19921875
v -0.11328125 -0.26171875 0.19921875
v -0.10546875 0.43359375 0.19921875
v -0.05078125 -0.26953125 0.19921875
v 0.00390625 -0.26953125 0.19921875
v 0.00390625 0.46484375 0.19921875
v 0.11328125 -0.26171875 0.19921875
v 0.24609375 0.20703125 0.19921875
v 0.36328125 0.19921875 0.19921875
v 0.36328125 0.15234375 0.20703125
v 0.37109375 0.15234375 0.19921875
v -0.22265625 0.41015625 0.23828125
v -0.15234375 0.39453125 0.21484375
v -0.19140625 0.39453125 0.23828125
v -0.12109375 0.40234375 0.29296875
v -0.12890625 0.35546875 0.29296875
v -0.05859375 0.46484375 0.58984375
v -0.05859375 0.42578125 0.60546875
v -0.06640625 0.44921875 0.59765625
v 0.05078125 0.42578125 0.60546875
v -0.01953125 0.51953125 0.62109375
v -0.05078125 0.50390625 0.62109375
v -0.01953125 0.50390625 0.65234375
v 0.05078125 0.40234375 0.57421875
v 0.05859375 0.44140625 0.57421875
v 0.13671875 0.41796875 0.22265625
v -0.07421875 0.46484375 0.19921875
v -0.09765625 0.46484375 0.19921875
v -0.10546875 0.43359375 0.22265625
v 0.30859375 0.21484375 0.19921875
v 0.24609375 0.21484375 0.19921875
v 0.39453125 -0.49609375 0.19921875
v -0.16796875 0.46484375 0.18359375
v 0.11328125 0.73828125 0.18359375
v -0.38671875 -0.56640625 0.18359375
v 0.30859375 -0.87890625 0.16796875
v -0.33984375 -0.90234375 0.16796875
v 0.73046875 -0.51953125 0.14453125
v -0.73828125 -0.50390625 0.12890625
v -0.73828125 -0.51953125 0.12890625
v -0.64453125 -0.19921875 0.08984375
v -0.63671875 -0.17578125 0.08203125
v 0.46484375 0.33984375 0.12890625
v 0.35546875 0.79296875 0.02734375
v 0.16796875 -0.60546875 -0.00390625
v -0.19140625 -0.56640625 0.01171875
v -0.16796875 -0.69140625 0.01953125
v 0.21484375 -0.55078125 0.00390625
v 0.06640625 -0.60546875 0.01171875
v -0.10546875 0.36328125 -0.01171875
v -0.65234375 -0.38671875 0.02734375
v 0.13671875 -0.85546875 -0.01953125
v -0.60546875 -0.17578125 0.03515625
v 0.68359375 -0.41015625 -0.01953125
v 0.56640625 -0.19140625 -0.02734375
v 0.44921875 -0.34765625 0.02734375
v -0.13671875 -0.66015625 -0.06640625
v -0.10546875 -0.80859375 -0.03515625
v 0.13671875 -0.73046875 -0.06640625
v 0.19921875 -0.77734375 -0.08984375
v -0.04296875 -0.57421875 -0.12890625
v 0.12109375 -0.66015625 -0.16796875
v -0.18359375 -0.57421875 -0.12109375
v -0.09765625 -0.57421875 -0.17578125
v 0.44140625 -0.35546875 -0.23046875
v -0.19921875 0.11328125 -0.32421875
v -0.19921875 0.15234375 -0.32421875
v 0.18359375 0.41015625 -0.40234375
v 0.38671875 -0.04296875 -0.43359375
v 0.28515625 -0.17578125 -0.43359375
v -0.48828125 0.73046875 -0.65234375
v -0.44921875 0.73046875 -0.65234375
v -0.44140625 0.67578125 -0.65234375
v -0.38671875 0.73046875 -0.65234375
v -0.37890625 0.67578125 -0.65234375
v 0.36328125 0.67578125 -0.65234375
v 0.36328125 0.73046875 -0.65234375
v 0.42578125 0.67578125 -0.65234375
v 0.43359375 0.73046875 -0.65234375
v 0.48046875 0.73046875 -0.65234375
v -0.49609375 0.72265625 -0.64453125
v -0.48828125 0.68359375 -0.64453125
v -0.31640625 0.67578125 -0.64453125
v -0.31640625 0.73046875 -0.64453125
v -0.24609375 0.67578125 -0.64453125
v -0.24609375 0.73046875 -0.64453125
v -0.16796875 0.66796875 -0.64453125
v -0.16796875 0.72265625 -0.64453125
v -0.09765625 0.66796875 -0.64453125
v -0.09765625 0.72265625 -0.64453125
v -0.01171875 0.66796875 -0.64453125
v -0.01171875 0.72265625 -0.64453125
v 0.06640625 0.66796875 -0.64453125
v 0.06640625 0.72265625 -0.64453125
v 0.14453125 0.67578125 -0.64453125
v 0.14453125 0.72265625 -0.64453125
v 0.21484375 0.67578125 -0.64453125
v 0.21484375 0.73046875 -0.64453125
v 0.29296875 0.67578125 -0.64453125
v 0.29296875 0.73046875 -0.64453125
v 0.48046875 0.68359375 -0.64453125
v 0.49609375 0.72265625 -0.64453125
v -0.50390625 0.69140625 -0.62890625
v -0.01171875 0.76953125 -0.62890625
v 0.00390625 0.58984375 -0.62890625
v 0.28515625 0.62109375 -0.62890625
v 0.50390625 0.69140625 -0.62890625
v -0.50390625 0.75390625 -0.62109375
v -0.45703125 0.76953125 -0.62109375
v -0.41796875 0.59765625 -0.62109375
v -0.39453125 0.77734375 -0.62109375
v -0.36328125 0.59765625 -0.62109375
v -0.32421875 0.77734375 -0.62109375
v -0.30078125 0.61328125 -0.62109375
v -0.24609375 0.77734375 -0.62109375
v -0.23046875 0.61328125 -0.62109375
v -0.16796875 0.76953125 -0.62109375
v -0.16015625 0.60546875 -0.62109375
v -0.10546875 0.58203125 -0.62109375
v -0.09765625 0.76953125 -0.62109375
v -0.05078125 0.58984375 -0.62109375
v 0.06640625 0.76953125 -0.62109375
v 0.08203125 0.58203125 -0.62109375
v 0.14453125 0.61328125 -0.62109375
v 0.14453125 0.76953125 -0.62109375
v 0.21484375 0.62109375 -0.62109375
v 0.21484375 0.76953125 -0.62109375
v 0.29296875 0.76953125 -0.62109375
v 0.36328125 0.59765625 -0.62109375
v 0.37109375 0.77734375 -0.62109375
v 0.41796875 0.59765625 -0.62109375
v 0.43359375 0.76953125 -0.62109375
v 0.48828125 0.76171875 -0.62109375
v -0.51171875 0.73828125 -0.61328125
v -0.46484375 0.59765625 -0.61328125
v 0.00390625 0.51953125 -0.61328125
v 0.46484375 0.59765625 -0.61328125
v 0.51171875 0.74609375 -0.61328125
v -0.32421875 0.57421875 -0.60546875
v -0.16796875 0.80078125 -0.60546875
v -0.09765625 0.80078125 -0.60546875
v -0.04296875 0.51953125 -0.60546875
v -0.01171875 0.80078125 -0.60546875
v 0.04296875 0.51953125 -0.60546875
v 0.06640625 0.80078125 -0.60546875
v -0.41796875 0.52734375 -0.59765625
v -0.37109375 0.52734375 -0.59765625
v 0.00390625 0.45703125 -0.59765625
v 0.14453125 0.79296875 -0.59765625
v 0.37109375 0.52734375 -0.59765625
v 0.41796875 0.52734375 -0.59765625
v -0.45703125 0.52734375 -0.58984375
v -0.34765625 0.52734375 -0.58984375
v -0.20703125 0.60546875 -0.58984375
v -0.15234375 0.59765625 -0.58984375
v -0.10546875 0.56640625 -0.58984375
v -0.04296875 0.45703125 -0.58984375
v 0.04296875 0.45703125 -0.58984375
v 0.10546875 0.56640625 -0.58984375
v 0.15234375 0.59765625 -0.58984375
v 0.30859375 0.57421875 -0.58984375
v 0.34765625 0.52734375 -0.58984375
v 0.45703125 0.52734375 -0.58984375
v -0.48828125 0.59765625 -0.58203125
v -0.41796875 0.46484375 -0.58203125
v -0.37109375 0.46484375 -0.58203125
v -0.26171875 0.59765625 -0.58203125
v -0.07421875 0.51953125 -0.58203125
v 0.00390625 0.39453125 -0.58203125
v 0.07421875 0.51953125 -0.58203125
v 0.26171875 0.59765625 -0.58203125
v 0.37109375 0.46484375 -0.58203125
v 0.41796875 0.46484375 -0.58203125
v 0.48828125 0.59765625 -0.58203125
v 0.51171875 0.69921875 -0.58203125
v -0.46484375 0.79296875 -0.57421875
v -0.45703125 0.46484375 -0.57421875
v -0.40234375 0.80078125 -0.57421875
v -0.37109375 0.40234375 -0.57421875
v -0.34765625 0.46484375 -0.57421875
v -0.32421875 0.80078125 -0.57421875
v -0.22265625 0.80859375 -0.57421875
v -0.06640625 0.45703125 -0.57421875
v -0.04296875 0.39453125 -0.57421875
v 0.04296875 0.39453125 -0.57421875
v 0.06640625 0.45703125 -0.57421875
v 0.19921875 0.80078125 -0.57421875
v 0.20703125 0.60546875 -0.57421875
v 0.29296875 0.80078125 -0.57421875
v 0.34765625 0.46484375 -0.57421875
v 0.37109375 0.40234375 -0.57421875
v 0.37109375 0.80078125 -0.57421875
v 0.41796875 0.40234375 -0.57421875
v 0.43359375 0.80078125 -0.57421875
v 0.45703125 0.46484375 -0.57421875
v 0.48828125 0.79296875 -0.57421875
v -0.51171875 0.69140625 -0.56640625
v -0.50390625 0.77734375 -0.56640625
v -0.41796875 0.40234375 -0.56640625
v -0.30859375 0.56640625 -0.56640625
v -0.12109375 0.81640625 -0.56640625
v -0.01171875 0.82421875 -0.56640625
v 0.34765625 0.40234375 -0.56640625
v 0.51171875 0.76953125 -0.56640625
v -0.51953125 0.74609375 -0.55859375
v -0.47265625 0.52734375 -0.55859375
v -0.44921875 0.40234375 -0.55859375
v -0.34765625 0.40234375 -0.55859375
v -0.07421875 0.40234375 -0.55859375
v 0.07421875 0.40234375 -0.55859375
v 0.08984375 0.81640625 -0.55859375
v 0.44921875 0.40234375 -0.55859375
v 0.47265625 0.52734375 -0.55859375
v -0.47265625 0.46484375 -0.55078125
v -0.41015625 0.33984375 -0.55078125
v -0.36328125 0.33984375 -0.55078125
v -0.33203125 0.35546875 -0.55078125
v -0.33203125 0.51953125 -0.55078125
v -0.04296875 0.33203125 -0.55078125
v 0.00390625 0.33203125 -0.55078125
v 0.05078125 0.33203125 -0.55078125
v 0.33203125 0.35546875 -0.55078125
v 0.36328125 0.33984375 -0.55078125
v 0.41015625 0.33984375 -0.55078125
v 0.47265625 0.46484375 -0.55078125
v -0.49609375 0.60546875 -0.54296875
v -0.44921875 0.33984375 -0.54296875
v -0.30859375 0.32421875 -0.54296875
v -0.19921875 0.60546875 -0.54296875
v -0.15234375 0.59765625 -0.54296875
v -0.10546875 0.55859375 -0.54296875
v -0.08984375 0.33984375 -0.54296875
v 0.08984375 0.33984375 -0.54296875
v 0.10546875 0.55859375 -0.54296875
v 0.15234375 0.59765625 -0.54296875
v 0.30859375 0.32421875 -0.54296875
v 0.31640625 0.53515625 -0.54296875
v 0.44140625 0.33984375 -0.54296875
v 0.49609375 0.60546875 -0.54296875
v -0.46484375 0.40234375 -0.53515625
v -0.41015625 0.27734375 -0.53515625
v -0.36328125 0.27734375 -0.53515625
v -0.30859375 0.27734375 -0.53515625
v -0.25390625 0.59765625 -0.53515625
v -0.08203125 0.51953125 -0.53515625
v 0.08203125 0.51953125 -0.53515625
v 0.26953125 0.58203125 -0.53515625
v 0.30859375 0.27734375 -0.53515625
v 0.36328125 0.27734375 -0.53515625
v 0.41015625 0.27734375 -0.53515625
v 0.46484375 0.40234375 -0.53515625
v 0.51953125 0.73828125 -0.53515625
v -0.48046875 0.52734375 -0.52734375
v -0.33203125 0.46484375 -0.52734375
v -0.25390625 0.27734375 -0.52734375
v -0.25390625 0.31640625 -0.52734375
v -0.19921875 0.28515625 -0.52734375
v -0.19921875 0.31640625 -0.52734375
v -0.14453125 0.28515625 -0.52734375
v -0.14453125 0.31640625 -0.52734375
v -0.09765625 0.26953125 -0.52734375
v -0.06640625 0.46484375 -0.52734375
v -0.05078125 0.25390625 -0.52734375
v 0.00390625 0.25390625 -0.52734375
v 0.05078125 0.25390625 -0.52734375
v 0.06640625 0.46484375 -0.52734375
v 0.09765625 0.26953125 -0.52734375
v 0.14453125 0.28515625 -0.52734375
v 0.14453125 0.31640625 -0.52734375
v 0.19921875 0.28515625 -0.52734375
v 0.19921875 0.31640625 -0.52734375
v 0.21484375 0.59765625 -0.52734375
v 0.25390625 0.27734375 -0.52734375
v 0.25390625 0.31640625 -0.52734375
v 0.33203125 0.47265625 -0.52734375
v 0.48046875 0.52734375 -0.52734375
v -0.45703125 0.33984375 -0.51953125
v -0.44140625 0.27734375 -0.51953125
v -0.32421875 0.40234375 -0.51953125
v -0.29296875 0.55859375 -0.51953125
v -0.07421875 0.41015625 -0.51953125
v 0.07421875 0.41015625 -0.51953125
v 0.32421875 0.41796875 -0.51953125
v 0.44140625 0.27734375 -0.51953125
v 0.45703125 0.33984375 -0.51953125
v -0.47265625 0.46484375 -0.51171875
v -0.40234375 0.21484375 -0.51171875
v -0.35546875 0.21484375 -0.51171875
v -0.30859375 0.21484375 -0.51171875
v -0.25390625 0.23046875 -0.51171875
v -0.19921875 0.23828125 -0.51171875
v -0.14453125 0.23828125 -0.51171875
v -0.09765625 0.36328125 -0.51171875
v 0.09765625 0.35546875 -0.51171875
v 0.14453125 0.23828125 -0.51171875
v 0.19921875 0.23828125 -0.51171875
v 0.25390625 0.23046875 -0.51171875
v 0.30078125 0.37109375 -0.51171875
v 0.30859375 0.21484375 -0.51171875
v 0.35546875 0.21484375 -0.51171875
v 0.40234375 0.21484375 -0.51171875
v 0.47265625 0.46484375 -0.51171875
v -0.50390625 0.80078125 -0.50390625
v -0.46484375 0.40234375 -0.50390625
v -0.46484375 0.81640625 -0.50390625
v -0.43359375 0.21484375 -0.50390625
v -0.40234375 0.82421875 -0.50390625
v -0.32421875 0.82421875 -0.50390625
v -0.30078125 0.36328125 -0.50390625
v -0.22265625 0.82421875 -0.50390625
v -0.19921875 0.31640625 -0.50390625
v -0.19921875 0.59765625 -0.50390625
v -0.14453125 0.33203125 -0.50390625
v -0.12109375 0.83203125 -0.50390625
v -0.10546875 0.21484375 -0.50390625
v 0.10546875 0.20703125 -0.50390625
v 0.19921875 0.32421875 -0.50390625
v 0.19921875 0.82421875 -0.50390625
v 0.25390625 0.33203125 -0.50390625
v 0.29296875 0.82421875 -0.50390625
v 0.37109375 0.83203125 -0.50390625
v 0.43359375 0.21484375 -0.50390625
v 0.43359375 0.82421875 -0.50390625
v 0.46484375 0.40234375 -0.50390625
v 0.48828125 0.80859375 -0.50390625
v -0.51171875 0.76171875 -0.49609375
v -0.44921875 0.27734375 -0.49609375
v -0.30859375 0.50390625 -0.49609375
v -0.15234375 0.58203125 -0.49609375
v -0.11328125 0.55078125 -0.49609375
v -0.05859375 0.16796875 -0.49609375
v 0.00390625 0.16796875 -0.49609375
v 0.05859375 0.16796875 -0.49609375
v 0.11328125 0.55859375 -0.49609375
v 0.14453125 0.32421875 -0.49609375
v 0.16015625 0.58203125 -0.49609375
v 0.30078125 0.51953125 -0.49609375
v 0.44921875 0.27734375 -0.49609375
v 0.50390625 0.67578125 -0.49609375
v -0.49609375 0.68359375 -0.48828125
v -0.45703125 0.33984375 -0.48828125
v -0.39453125 0.15234375 -0.48828125
v -0.35546875 0.15234375 -0.48828125
v -0.27734375 0.19921875 -0.48828125
v -0.23828125 0.58203125 -0.48828125
v -0.23046875 0.21484375 -0.48828125
v -0.15234375 0.22265625 -0.48828125
v -0.12109375 0.19921875 -0.48828125
v -0.10546875 0.16015625 -0.48828125
v -0.08984375 0.51171875 -0.48828125
v 0.12109375 0.19921875 -0.48828125
v 0.15234375 0.22265625 -0.48828125
v 0.22265625 0.58203125 -0.48828125
v 0.23046875 0.21484375 -0.48828125
v 0.26953125 0.55859375 -0.48828125
v 0.27734375 0.19921875 -0.48828125
v 0.35546875 0.15234375 -0.48828125
v 0.39453125 0.15234375 -0.48828125
v 0.45703125 0.33984375 -0.48828125
v -0.48828125 0.59765625 -0.48046875
v -0.44140625 0.21484375 -0.48046875
v -0.42578125 0.15234375 -0.48046875
v -0.30859375 0.15234375 -0.48046875
v -0.25390625 0.33203125 -0.48046875
v -0.05859375 0.08984375 -0.48046875
v 0.00390625 0.08984375 -0.48046875
v 0.05859375 0.08984375 -0.48046875
v 0.08984375 0.51171875 -0.48046875
v 0.10546875 0.16015625 -0.48046875
v 0.30859375 0.15234375 -0.48046875
v 0.42578125 0.15234375 -0.48046875
v 0.44140625 0.21484375 -0.48046875
v 0.48828125 0.59765625 -0.48046875
v -0.47265625 0.52734375 -0.47265625
v -0.29296875 0.44921875 -0.47265625
v -0.26953125 0.55078125 -0.47265625
v -0.11328125 0.08984375 -0.47265625
v -0.08203125 0.46484375 -0.47265625
v 0.08203125 0.46484375 -0.47265625
v 0.11328125 0.08984375 -0.47265625
v 0.29296875 0.47265625 -0.47265625
v 0.47265625 0.52734375 -0.47265625
v 0.51171875 0.76953125 -0.47265625
v -0.46484375 0.46484375 -0.46484375
v -0.44921875 0.27734375 -0.46484375
v -0.43359375 0.15234375 -0.46484375
v -0.38671875 0.08203125 -0.46484375
v -0.34765625 0.08203125 -0.46484375
v -0.29296875 0.08203125 -0.46484375
v -0.23046875 0.04296875 -0.46484375
v -0.19921875 0.32421875 -0.46484375
v -0.16796875 0.01953125 -0.46484375
v -0.16796875 0.04296875 -0.46484375
v -0.14453125 0.33203125 -0.46484375
v -0.11328125 0.01953125 -0.46484375
v -0.10546875 0.36328125 -0.46484375
v -0.08203125 0.41015625 -0.46484375
v -0.05859375 0.01953125 -0.46484375
v 0.00390625 0.01953125 -0.46484375
v 0.05859375 0.01953125 -0.46484375
v 0.08203125 0.41015625 -0.46484375
v 0.10546875 0.36328125 -0.46484375
v 0.11328125 0.01953125 -0.46484375
v 0.16796875 0.01953125 -0.46484375
v 0.16796875 0.04296875 -0.46484375
v 0.23046875 0.04296875 -0.46484375
v 0.27734375 0.42578125 -0.46484375
v 0.28515625 0.08203125 -0.46484375
v 0.34765625 0.08203125 -0.46484375
v 0.38671875 0.08203125 -0.46484375
v 0.43359375 0.15234375 -0.46484375
v 0.44921875 0.27734375 -0.46484375
v 0.46484375 0.46484375 -0.46484375
v -0.41015625 0.08203125 -0.45703125
v -0.33984375 0.01953125 -0.45703125
v -0.28515625 0.01953125 -0.45703125
v -0.27734375 0.40234375 -0.45703125
v -0.23046875 -0.03515625 -0.45703125
v -0.23046875 0.01953125 -0.45703125
v -0.19140625 0.57421875 -0.45703125
v -0.16796875 -0.08203125 -0.45703125
v -0.16796875 -0.03515625 -0.45703125
v -0.15234375 0.55859375 -0.45703125
v -0.11328125 -0.08203125 -0.45703125
v -0.11328125 -0.03515625 -0.45703125
v -0.11328125 0.52734375 -0.45703125
v -0.05859375 -0.03515625 -0.45703125
v 0.05859375 -0.03515625 -0.45703125
v 0.11328125 -0.08203125 -0.45703125
v 0.11328125 -0.03515625 -0.45703125
v 0.12890625 0.55078125 -0.45703125
v 0.14453125 0.33203125 -0.45703125
v 0.16796875 -0.08203125 -0.45703125
v 0.16796875 -0.03515625 -0.45703125
v 0.17578125 0.56640625 -0.45703125
v 0.19140625 0.33203125 -0.45703125
v 0.23046875 -0.03515625 -0.45703125
v 0.23046875 0.01953125 -0.45703125
v 0.23828125 0.35546875 -0.45703125
v 0.26171875 0.38671875 -0.45703125
v 0.28515625 0.01953125 -0.45703125
v 0.30078125 -0.12890625 -0.45703125
v 0.41015625 0.08203125 -0.45703125
v -0.46484375 0.41015625 -0.44921875
v -0.44140625 0.21484375 -0.44921875
v -0.38671875 0.01953125 -0.44921875
v -0.33984375 -0.03515625 -0.44921875
v -0.28515625 -0.12890625 -0.44921875
v -0.28515625 -0.08203125 -0.44921875
v -0.28515625 -0.03515625 -0.44921875
v -0.26953125 0.50390625 -0.44921875
v -0.23828125 0.55078125 -0.44921875
v -0.23046875 -0.12890625 -0.44921875
v -0.23046875 -0.08203125 -0.44921875
v -0.16796875 -0.12890625 -0.44921875
v -0.10546875 -0.17578125 -0.44921875
v -0.10546875 -0.12890625 -0.44921875
v 0.00390625 -0.03515625 -0.44921875
v 0.10546875 -0.17578125 -0.44921875
v 0.10546875 -0.12890625 -0.44921875
v 0.16796875 -0.12890625 -0.44921875
v 0.23046875 -0.12890625 -0.44921875
v 0.23046875 -0.08203125 -0.44921875
v 0.23046875 0.55078125 -0.44921875
v 0.26171875 0.51953125 -0.44921875
v 0.28515625 -0.08203125 -0.44921875
v 0.28515625 -0.03515625 -0.44921875
v 0.29296875 -0.12890625 -0.44921875
v 0.33984375 -0.03515625 -0.44921875
v 0.33984375 0.01953125 -0.44921875
v 0.38671875 0.01953125 -0.44921875
v 0.44140625 0.21484375 -0.44921875
v 0.46484375 0.41015625 -0.44921875
v -0.42578125 0.08203125 -0.44140625
v -0.40234375 0.01953125 -0.44140625
v -0.33984375 -0.12890625 -0.44140625
v -0.33984375 -0.08203125 -0.44140625
v -0.30859375 0.11328125 -0.44140625
v -0.30859375 0.16015625 -0.44140625
v -0.27734375 0.06640625 -0.44140625
v -0.27734375 0.20703125 -0.44140625
v -0.24609375 0.36328125 -0.44140625
v -0.23046875 0.04296875 -0.44140625
v -0.23046875 0.23046875 -0.44140625
v -0.17578125 0.23046875 -0.44140625
v -0.16796875 0.04296875 -0.44140625
v -0.14453125 -0.17578125 -0.44140625
v -0.12890625 0.20703125 -0.44140625
v -0.12109375 0.06640625 -0.44140625
v -0.10546875 0.50390625 -0.44140625
v -0.09765625 0.11328125 -0.44140625
v -0.09765625 0.16015625 -0.44140625
v -0.06640625 -0.08203125 -0.44140625
v -0.04296875 -0.05078125 -0.44140625
v 0.04296875 -0.05078125 -0.44140625
v 0.06640625 -0.08203125 -0.44140625
v 0.09765625 0.11328125 -0.44140625
v 0.09765625 0.16015625 -0.44140625
v 0.10546875 0.51171875 -0.44140625
v 0.12109375 0.06640625 -0.44140625
v 0.12890625 0.20703125 -0.44140625
v 0.14453125 -0.17578125 -0.44140625
v 0.16796875 0.04296875 -0.44140625
v 0.17578125 0.23046875 -0.44140625
v 0.23046875 0.04296875 -0.44140625
v 0.23046875 0.23046875 -0.44140625
v 0.27734375 0.06640625 -0.44140625
v 0.27734375 0.20703125 -0.44140625
v 0.30859375 0.11328125 -0.44140625
v 0.30859375 0.16015625 -0.44140625
v 0.33984375 -0.12890625 -0.44140625
v 0.33984375 -0.08203125 -0.44140625
v 0.40234375 0.01953125 -0.44140625
v 0.42578125 0.08203125 -0.44140625
v -0.45703125 0.33984375 -0.43359375
v -0.43359375 0.15234375 -0.43359375
v -0.41796875 0.01953125 -0.43359375
v -0.38671875 -0.12890625 -0.43359375
v -0.38671875 -0.08203125 -0.43359375
v -0.38671875 -0.03515625 -0.43359375
v -0.33984375 -0.17578125 -0.43359375
v -0.28515625 -0.17578125 -0.43359375
v -0.23046875 -0.16015625 -0.43359375
v -0.18359375 -0.16796875 -0.43359375
v -0.12109375 0.37109375 -0.43359375
v -0.10546875 -0.19921875 -0.43359375
v -0.07421875 -0.17578125 -0.43359375
v -0.07421875 -0.12890625 -0.43359375
v 0.07421875 -0.17578125 -0.43359375
v 0.07421875 -0.12890625 -0.43359375
v 0.10546875 -0.19921875 -0.43359375
v 0.12890625 0.37109375 -0.43359375
v 0.18359375 -0.16796875 -0.43359375
v 0.23046875 -0.16015625 -0.43359375
v 0.30078125 -0.17578125 -0.43359375
v 0.33984375 -0.17578125 -0.43359375
v 0.37890625 -0.03515625 -0.43359375
v 0.38671875 -0.12890625 -0.43359375
v 0.38671875 -0.03515625 -0.43359375
v 0.41796875 0.01953125 -0.43359375
v 0.43359375 0.15234375 -0.43359375
v 0.45703125 0.33984375 -0.43359375
v 0.50390625 0.70703125 -0.43359375
v -0.49609375 0.81640625 -0.42578125
v -0.46484375 0.55078125 -0.42578125
v -0.46484375 0.83203125 -0.42578125
v -0.45703125 0.51171875 -0.42578125
v -0.43359375 0.08203125 -0.42578125
v -0.40234375 0.83984375 -0.42578125
v -0.38671875 -0.17578125 -0.42578125
v -0.32421875 0.83984375 -0.42578125
v -0.24609375 0.45703125 -0.42578125
v -0.22265625 0.83984375 -0.42578125
v -0.19921875 0.35546875 -0.42578125
v -0.19140625 0.53515625 -0.42578125
v -0.15234375 0.35546875 -0.42578125
v -0.15234375 0.53515625 -0.42578125
v -0.12109375 0.83984375 -0.42578125
v -0.10546875 0.41796875 -0.42578125
v -0.10546875 0.46484375 -0.42578125
v 0.10546875 0.41796875 -0.42578125
v 0.10546875 0.46484375 -0.42578125
v 0.15234375 0.53515625 -0.42578125
v 0.19140625 0.53515625 -0.42578125
v 0.19921875 0.84765625 -0.42578125
v 0.24609375 0.47265625 -0.42578125
v 0.29296875 0.85546875 -0.42578125
v 0.37109375 0.85546875 -0.42578125
v 0.38671875 -0.17578125 -0.42578125
v 0.38671875 -0.08203125 -0.42578125
v 0.39453125 -0.08203125 -0.42578125
v 0.43359375 0.08203125 -0.42578125
v 0.44140625 0.84765625 -0.42578125
v 0.45703125 0.51171875 -0.42578125
v 0.46484375 0.52734375 -0.42578125
v 0.46484375 0.56640625 -0.42578125
v -0.51171875 0.78515625 -0.41796875
v -0.47265625 0.60546875 -0.41796875
v -0.45703125 0.46484375 -0.41796875
v -0.42578125 0.01953125 -0.41796875
v -0.41796875 -0.03515625 -0.41796875
v -0.41015625 -0.12890625 -0.41796875
v -0.41015625 -0.08203125 -0.41796875
v -0.40234375 -0.17578125 -0.41796875
v -0.38671875 -0.23046875 -0.41796875
v -0.33984375 -0.23046875 -0.41796875
v -0.23046875 0.41015625 -0.41796875
v -0.23046875 0.50390625 -0.41796875
v 0.00390625 -0.47265625 -0.41796875
v 0.00390625 -0.46484375 -0.41796875
v 0.00390625 -0.41796875 -0.41796875
v 0.00390625 -0.35546875 -0.41796875
v 0.00390625 -0.29296875 -0.41796875
v 0.00390625 -0.23046875 -0.41796875
v 0.21484375 0.38671875 -0.41796875
v 0.23046875 0.42578125 -0.41796875
v 0.23046875 0.51171875 -0.41796875
v 0.33984375 -0.23046875 -0.41796875
v 0.38671875 -0.23046875 -0.41796875
v 0.40234375 -0.17578125 -0.41796875
v 0.41015625 -0.12890625 -0.41796875
v 0.41015625 -0.08203125 -0.41796875
v 0.41796875 -0.03515625 -0.41796875
v 0.42578125 0.01953125 -0.41796875
v 0.45703125 0.46484375 -0.41796875
v 0.48828125 0.83203125 -0.41796875
v -0.49609375 0.70703125 -0.41015625
v -0.44921875 0.28515625 -0.41015625
v -0.41796875 0.50390625 -0.41015625
v -0.14453125 0.50390625 -0.41015625
v -0.13671875 -0.20703125 -0.41015625
v -0.08984375 -0.23828125 -0.41015625
v -0.05078125 -0.52734375 -0.41015625
v -0.05078125 -0.47265625 -0.41015625
v -0.05078125 -0.46484375 -0.41015625
v -0.05078125 -0.41796875 -0.41015625
v -0.05078125 -0.35546875 -0.41015625
v -0.05078125 -0.29296875 -0.41015625
v -0.05078125 -0.23046875 -0.41015625
v 0.00390625 -0.52734375 -0.41015625
v 0.05078125 -0.52734375 -0.41015625
v 0.05078125 -0.47265625 -0.41015625
v 0.05078125 -0.41796875 -0.41015625
v 0.05078125 -0.35546875 -0.41015625
v 0.05078125 -0.29296875 -0.41015625
v 0.05078125 -0.23046875 -0.41015625
v 0.08984375 -0.23828125 -0.41015625
v 0.13671875 -0.20703125 -0.41015625
v 0.14453125 0.50390625 -0.41015625
v 0.41796875 0.51171875 -0.41015625
v 0.44921875 0.28515625 -0.41015625
v 0.47265625 0.62109375 -0.41015625
v -0.45703125 0.41015625 -0.40234375
v -0.44140625 0.21484375 -0.40234375
v -0.41796875 0.46484375 -0.40234375
v -0.41015625 -0.23046875 -0.40234375
v -0.36328125 -0.29296875 -0.40234375
v -0.19921875 0.40234375 -0.40234375
v -0.19921875 0.45703125 -0.40234375
v -0.19140625 0.50390625 -0.40234375
v -0.14453125 0.41015625 -0.40234375
v -0.14453125 0.46484375 -0.40234375
v -0.11328125 -0.52734375 -0.40234375
v -0.08203125 -0.29296875 -0.40234375
v -0.05078125 -0.17578125 -0.40234375
v -0.05078125 -0.13671875 -0.40234375
v -0.05078125 -0.09765625 -0.40234375
v -0.03515625 -0.06640625 -0.40234375
v 0.00390625 -0.57421875 -0.40234375
v 0.00390625 -0.05078125 -0.40234375
v 0.03515625 -0.06640625 -0.40234375
v 0.05078125 -0.17578125 -0.40234375
v 0.05078125 -0.13671875 -0.40234375
v 0.05078125 -0.09765625 -0.40234375
v 0.08203125 -0.29296875 -0.40234375
v 0.11328125 -0.52734375 -0.40234375
v 0.14453125 0.46484375 -0.40234375
v 0.19140625 0.45703125 -0.40234375
v 0.19140625 0.50390625 -0.40234375
v 0.19921875 0.50390625 -0.40234375
v 0.36328125 -0.29296875 -0.40234375
v 0.41015625 -0.23046875 -0.40234375
v 0.41796875 0.46484375 -0.40234375
v 0.44140625 0.21484375 -0.40234375
v 0.45703125 0.41015625 -0.40234375
v -0.43359375 0.15234375 -0.39453125
v -0.41796875 0.55078125 -0.39453125
v -0.39453125 -0.29296875 -0.39453125
v -0.38671875 0.50390625 -0.39453125
v -0.30859375 -0.51953125 -0.39453125
v -0.30078125 0.11328125 -0.39453125
v -0.30078125 0.16015625 -0.39453125
v -0.27734375 -0.19140625 -0.39453125
v -0.27734375 0.06640625 -0.39453125
v -0.27734375 0.20703125 -0.39453125
v -0.23046875 -0.17578125 -0.39453125
v -0.23046875 0.04296875 -0.39453125
v -0.23046875 0.23046875 -0.39453125
v -0.18359375 0.23046875 -0.39453125
v -0.17578125 -0.19140625 -0.39453125
v -0.17578125 0.04296875 -0.39453125
v -0.16015625 -0.52734375 -0.39453125
v -0.13671875 0.20703125 -0.39453125
v -0.12890625 0.06640625 -0.39453125
v -0.10546875 -0.57421875 -0.39453125
v -0.10546875 0.11328125 -0.39453125
v -0.10546875 0.16015625 -0.39453125
v -0.05078125 -0.57421875 -0.39453125
v -0.03515625 -0.19921875 -0.39453125
v 0.02734375 -0.19921875 -0.39453125
v 0.05078125 -0.57421875 -0.39453125
v 0.10546875 -0.57421875 -0.39453125
v 0.10546875 -0.48046875 -0.39453125
v 0.10546875 0.11328125 -0.39453125
v 0.10546875 0.16015625 -0.39453125
v 0.12890625 0.06640625 -0.39453125
v 0.13671875 0.20703125 -0.39453125
v 0.16015625 -0.52734375 -0.39453125
v 0.17578125 -0.19140625 -0.39453125
v 0.17578125 0.04296875 -0.39453125
v 0.17578125 0.23046875 -0.39453125
v 0.23046875 -0.17578125 -0.39453125
v 0.23046875 0.04296875 -0.39453125
v 0.23046875 0.23046875 -0.39453125
v 0.27734375 -0.19140625 -0.39453125
v 0.27734375 0.06640625 -0.39453125
v 0.27734375 0.20703125 -0.39453125
v 0.30078125 0.11328125 -0.39453125
v 0.30078125 0.16015625 -0.39453125
v 0.30859375 -0.51953125 -0.39453125
v 0.37890625 0.48828125 -0.39453125
v 0.37890625 0.51171875 -0.39453125
v 0.39453125 -0.29296875 -0.39453125
v 0.41796875 0.55859375 -0.39453125
v 0.43359375 0.15234375 -0.39453125
v 0.51171875 0.79296875 -0.39453125
v -0.45703125 0.36328125 -0.38671875
v -0.43359375 0.08203125 -0.38671875
v -0.41796875 0.41015625 -0.38671875
v -0.37109375 -0.47265625 -0.38671875
v -0.37109375 -0.41796875 -0.38671875
v -0.37109375 -0.35546875 -0.38671875
v -0.37109375 0.45703125 -0.38671875
v -0.36328125 -0.51953125 -0.38671875
v -0.33984375 -0.57421875 -0.38671875
v -0.33984375 -0.51953125 -0.38671875
v -0.33984375 -0.46484375 -0.38671875
v -0.31640625 -0.23046875 -0.38671875
v -0.30859375 -0.57421875 -0.38671875
v -0.26953125 -0.52734375 -0.38671875
v -0.21484375 -0.57421875 -0.38671875
v -0.21484375 -0.52734375 -0.38671875
v -0.16015625 -0.57421875 -0.38671875
v -0.11328125 -0.48828125 -0.38671875
v 0.16015625 -0.57421875 -0.38671875
v 0.21484375 -0.57421875 -0.38671875
v 0.21484375 -0.52734375 -0.38671875
v 0.26953125 -0.52734375 -0.38671875
v 0.30859375 -0.57421875 -0.38671875
v 0.31640625 -0.23046875 -0.38671875
v 0.33984375 -0.57421875 -0.38671875
v 0.33984375 -0.51953125 -0.38671875
v 0.33984375 -0.46484375 -0.38671875
v 0.36328125 -0.51953125 -0.38671875
v 0.37109375 -0.47265625 -0.38671875
v 0.37109375 -0.41796875 -0.38671875
v 0.37109375 -0.35546875 -0.38671875
v 0.37109375 0.45703125 -0.38671875
v 0.41796875 0.41015625 -0.38671875
v 0.43359375 0.08203125 -0.38671875
v 0.45703125 0.36328125 -0.38671875
v -0.43359375 -0.03515625 -0.37890625
v -0.43359375 0.01953125 -0.37890625
v -0.41796875 -0.29296875 -0.37890625
v -0.39453125 -0.35546875 -0.37890625
v -0.37109375 0.53515625 -0.37890625
v -0.36328125 -0.57421875 -0.37890625
v -0.33984375 -0.41796875 -0.37890625
v -0.33984375 -0.29296875 -0.37890625
v -0.30859375 -0.48046875 -0.37890625
v -0.26171875 -0.57421875 -0.37890625
v -0.12109375 -0.23828125 -0.37890625
v -0.08984375 -0.46484375 -0.37890625
v 0.00390625 -0.19921875 -0.37890625
v 0.00390625 -0.06640625 -0.37890625
v 0.08984375 -0.46484375 -0.37890625
v 0.12109375 -0.23828125 -0.37890625
v 0.26171875 -0.57421875 -0.37890625
v 0.30859375 -0.48046875 -0.37890625
v 0.33984375 -0.41796875 -0.37890625
v 0.33984375 -0.29296875 -0.37890625
v 0.36328125 -0.57421875 -0.37890625
v 0.37109375 0.55078125 -0.37890625
v 0.39453125 -0.35546875 -0.37890625
v 0.41796875 -0.29296875 -0.37890625
v 0.43359375 -0.03515625 -0.37890625
v 0.43359375 0.01953125 -0.37890625
v -0.44140625 -0.17578125 -0.37109375
v -0.44140625 -0.12890625 -0.37109375
v -0.44140625 -0.08203125 -0.37109375
v -0.39453125 -0.47265625 -0.37109375
v -0.39453125 -0.41796875 -0.37109375
v -0.38671875 -0.52734375 -0.37109375
v -0.35546875 0.50390625 -0.37109375
v -0.34765625 -0.59765625 -0.37109375
v -0.33984375 -0.35546875 -0.37109375
v -0.31640625 -0.59765625 -0.37109375
v -0.16015625 -0.59765625 -0.37109375
v -0.16015625 -0.49609375 -0.37109375
v -0.10546875 -0.59765625 -0.37109375
v -0.08984375 -0.41796875 -0.37109375
v -0.05078125 -0.59765625 -0.37109375
v -0.03515625 -0.17578125 -0.37109375
v -0.03515625 -0.10546875 -0.37109375
v 0.00390625 -0.59765625 -0.37109375
v 0.03515625 -0.17578125 -0.37109375
v 0.03515625 -0.10546875 -0.37109375
v 0.05078125 -0.59765625 -0.37109375
v 0.08984375 -0.41796875 -0.37109375
v 0.10546875 -0.59765625 -0.37109375
v 0.16015625 -0.59765625 -0.37109375
v 0.16015625 -0.49609375 -0.37109375
v 0.31640625 -0.59765625 -0.37109375
v 0.33984375 -0.59765625 -0.37109375
v 0.33984375 -0.35546875 -0.37109375
v 0.34765625 0.48828125 -0.37109375
v 0.35546875 0.51953125 -0.37109375
v 0.38671875 -0.52734375 -0.37109375
v 0.39453125 -0.47265625 -0.37109375
v 0.39453125 -0.41796875 -0.37109375
v 0.44140625 -0.17578125 -0.37109375
v 0.44140625 -0.12890625 -0.37109375
v 0.44140625 -0.08203125 -0.37109375
v -0.47265625 0.63671875 -0.36328125
v -0.44140625 -0.23046875 -0.36328125
v -0.41796875 -0.35546875 -0.36328125
v -0.37890625 -0.57421875 -0.36328125
v -0.36328125 -0.59765625 -0.36328125
v -0.34765625 0.46484375 -0.36328125
v -0.26953125 -0.59765625 -0.36328125
v -0.26953125 -0.48828125 -0.36328125
v -0.21484375 -0.59765625 -0.36328125
v -0.21484375 -0.49609375 -0.36328125
v -0.09765625 -0.29296875 -0.36328125
v -0.08984375 -0.35546875 -0.36328125
v -0.03515625 -0.14453125 -0.36328125
v 0.03515625 -0.14453125 -0.36328125
v 0.08984375 -0.35546875 -0.36328125
v 0.09765625 -0.29296875 -0.36328125
v 0.21484375 -0.59765625 -0.36328125
v 0.21484375 -0.49609375 -0.36328125
v 0.26953125 -0.59765625 -0.36328125
v 0.26953125 -0.48828125 -0.36328125
v 0.36328125 -0.59765625 -0.36328125
v 0.37890625 -0.57421875 -0.36328125
v 0.41796875 -0.35546875 -0.36328125
v 0.44140625 -0.23046875 -0.36328125
v 0.50390625 0.73046875 -0.36328125
v -0.44921875 0.33203125 -0.35546875
v -0.44140625 -0.29296875 -0.35546875
v -0.41796875 -0.41796875 -0.35546875
v -0.41796875 0.36328125 -0.35546875
v -0.41015625 -0.48046875 -0.35546875
v -0.40234375 -0.52734375 -0.35546875
v -0.37890625 -0.59765625 -0.35546875
v -0.37109375 0.40234375 -0.35546875
v -0.30859375 -0.44921875 -0.35546875
v -0.27734375 -0.20703125 -0.35546875
v -0.27734375 0.11328125 -0.35546875
v -0.27734375 0.15234375 -0.35546875
v -0.26171875 0.07421875 -0.35546875
v -0.26171875 0.18359375 -0.35546875
v -0.23046875 -0.19921875 -0.35546875
v -0.23046875 0.05859375 -0.35546875
v -0.23046875 0.19921875 -0.35546875
v -0.19140625 0.05859375 -0.35546875
v -0.18359375 -0.20703125 -0.35546875
v -0.18359375 0.19921875 -0.35546875
v -0.16015625 0.19140625 -0.35546875
v -0.15234375 0.08203125 -0.35546875
v -0.13671875 0.11328125 -0.35546875
v -0.13671875 0.15234375 -0.35546875
v -0.12109375 -0.46484375 -0.35546875
v 0.00390625 -0.16796875 -0.35546875
v 0.00390625 -0.10546875 -0.35546875
v 0.12109375 -0.46484375 -0.35546875
v 0.12890625 0.11328125 -0.35546875
v 0.12890625 0.15234375 -0.35546875
v 0.15234375 0.08203125 -0.35546875
v 0.15234375 0.18359375 -0.35546875
v 0.18359375 -0.20703125 -0.35546875
v 0.18359375 0.19921875 -0.35546875
v 0.19140625 0.05859375 -0.35546875
v 0.23046875 -0.19921875 -0.35546875
v 0.23046875 0.05859375 -0.35546875
v 0.23046875 0.19921875 -0.35546875
v 0.25390625 0.18359375 -0.35546875
v 0.26171875 0.07421875 -0.35546875
v 0.26953125 -0.20703125 -0.35546875
v 0.27734375 0.11328125 -0.35546875
v 0.27734375 0.15234375 -0.35546875
v 0.30859375 -0.44921875 -0.35546875
v 0.33984375 0.44921875 -0.35546875
v 0.37109375 0.41015625 -0.35546875
v 0.37890625 -0.59765625 -0.35546875
v 0.40234375 -0.52734375 -0.35546875
v 0.41015625 -0.48046875 -0.35546875
v 0.41796875 -0.41796875 -0.35546875
v 0.41796875 0.36328125 -0.35546875
v 0.44140625 -0.29296875 -0.35546875
v 0.44921875 0.33203125 -0.35546875
v -0.49609375 0.83984375 -0.34765625
v -0.46484375 0.85546875 -0.34765625
v -0.44140625 -0.17578125 -0.34765625
v -0.43359375 -0.35546875 -0.34765625
v -0.41796875 0.58984375 -0.34765625
v -0.41015625 0.85546875 -0.34765625
v -0.39453125 -0.58203125 -0.34765625
v -0.32421875 0.85546875 -0.34765625
v -0.30078125 -0.23828125 -0.34765625
v -0.22265625 0.85546875 -0.34765625
v -0.14453125 -0.23828125 -0.34765625
v -0.12890625 -0.41796875 -0.34765625
v 0.12890625 -0.41796875 -0.34765625
v 0.14453125 -0.23828125 -0.34765625
v 0.30078125 -0.23828125 -0.34765625
v 0.32421875 -0.60546875 -0.34765625
v 0.39453125 -0.58203125 -0.34765625
v 0.44140625 -0.17578125 -0.34765625
v 0.47265625 0.65234375 -0.34765625
v -0.50390625 0.80078125 -0.33984375
v -0.44140625 -0.23046875 -0.33984375
v -0.44140625 -0.12890625 -0.33984375
v -0.44140625 -0.08203125 -0.33984375
v -0.44140625 0.28515625 -0.33984375
v -0.43359375 0.21484375 -0.33984375
v -0.36328125 -0.61328125 -0.33984375
v -0.36328125 0.56640625 -0.33984375
v -0.33984375 0.41796875 -0.33984375
v -0.31640625 -0.35546875 -0.33984375
v -0.31640625 -0.29296875 -0.33984375
v -0.30859375 -0.41796875 -0.33984375
v -0.26953125 -0.45703125 -0.33984375
v -0.16796875 -0.46484375 -0.33984375
v -0.12890625 -0.35546875 -0.33984375
v -0.12890625 -0.29296875 -0.33984375
v -0.12109375 0.85546875 -0.33984375
v -0.01171875 0.85546875 -0.33984375
v 0.09765625 0.85546875 -0.33984375
v 0.12890625 -0.35546875 -0.33984375
v 0.12890625 -0.29296875 -0.33984375
v 0.16796875 -0.46484375 -0.33984375
v 0.19921875 0.87109375 -0.33984375
v 0.26953125 -0.45703125 -0.33984375
v 0.29296875 0.87890625 -0.33984375
v 0.30859375 -0.41796875 -0.33984375
v 0.31640625 -0.35546875 -0.33984375
v 0.31640625 -0.29296875 -0.33984375
v 0.36328125 -0.61328125 -0.33984375
v 0.37890625 0.87890625 -0.33984375
v 0.41796875 0.60546875 -0.33984375
v 0.43359375 0.21484375 -0.33984375
v 0.44140625 -0.23046875 -0.33984375
v 0.44140625 -0.12890625 -0.33984375
v 0.44140625 -0.08203125 -0.33984375
v 0.44140625 0.28515625 -0.33984375
v 0.44140625 0.87109375 -0.33984375
v -0.49609375 0.73046875 -0.33203125
v -0.44140625 -0.29296875 -0.33203125
v -0.44140625 -0.03515625 -0.33203125
v -0.43359375 0.01953125 -0.33203125
v -0.43359375 0.08203125 -0.33203125
v -0.43359375 0.15234375 -0.33203125
v -0.38671875 -0.60546875 -0.33203125
v -0.34765625 -0.61328125 -0.33203125
v -0.32421875 0.51953125 -0.33203125
v -0.27734375 -0.23828125 -0.33203125
v -0.26953125 -0.60546875 -0.33203125
v -0.23046875 0.08203125 -0.33203125
v -0.23046875 0.16796875 -0.33203125
v -0.22265625 -0.46484375 -0.33203125
v -0.21484375 -0.60546875 -0.33203125
v -0.18359375 -0.23828125 -0.33203125
v -0.17578125 -0.41796875 -0.33203125
v -0.17578125 0.16796875 -0.33203125
v -0.16796875 0.11328125 -0.33203125
v -0.16796875 0.15234375 -0.33203125
v -0.16015625 -0.60546875 -0.33203125
v -0.10546875 -0.60546875 -0.33203125
v -0.05078125 -0.60546875 -0.33203125
v 0.00390625 -0.60546875 -0.33203125
v 0.02734375 -0.60546875 -0.33203125
v 0.10546875 -0.60546875 -0.33203125
v 0.16015625 -0.60546875 -0.33203125
v 0.16796875 0.11328125 -0.33203125
v 0.16796875 0.15234375 -0.33203125
v 0.17578125 -0.41796875 -0.33203125
v 0.18359375 -0.23828125 -0.33203125
v 0.21484375 -0.60546875 -0.33203125
v 0.22265625 -0.46484375 -0.33203125
v 0.23046875 0.08203125 -0.33203125
v 0.23046875 0.16796875 -0.33203125
v 0.26953125 -0.60546875 -0.33203125
v 0.26953125 -0.23828125 -0.33203125
v 0.36328125 0.58203125 -0.33203125
v 0.38671875 -0.60546875 -0.33203125
v 0.43359375 0.01953125 -0.33203125
v 0.43359375 0.08203125 -0.33203125
v 0.43359375 0.15234375 -0.33203125
v 0.44140625 -0.29296875 -0.33203125
v 0.44140625 -0.03515625 -0.33203125
v 0.48828125 0.85546875 -0.33203125
v -0.44140625 -0.35546875 -0.32421875
v -0.43359375 -0.41796875 -0.32421875
v -0.42578125 -0.48046875 -0.32421875
v -0.41796875 -0.53515625 -0.32421875
v -0.41796875 0.33984375 -0.32421875
v -0.40234375 -0.59765625 -0.32421875
v -0.31640625 0.46484375 -0.32421875
v -0.27734375 -0.35546875 -0.32421875
v -0.27734375 -0.29296875 -0.32421875
v -0.26953125 -0.41796875 -0.32421875
v -0.23046875 -0.41796875 -0.32421875
v -0.23046875 -0.23828125 -0.32421875
v -0.17578125 -0.35546875 -0.32421875
v -0.17578125 -0.29296875 -0.32421875
v 0.17578125 -0.35546875 -0.32421875
v 0.17578125 -0.29296875 -0.32421875
v 0.19921875 0.11328125 -0.32421875
v 0.19921875 0.15234375 -0.32421875
v 0.23046875 -0.41796875 -0.32421875
v 0.23046875 -0.23828125 -0.32421875
v 0.23828125 0.11328125 -0.32421875
v 0.23828125 0.15234375 -0.32421875
v 0.26953125 -0.41796875 -0.32421875
v 0.27734375 -0.41796875 -0.32421875
v 0.27734375 -0.41015625 -0.32421875
v 0.27734375 -0.35546875 -0.32421875
v 0.27734375 -0.29296875 -0.32421875
v 0.31640625 0.48828125 -0.32421875
v 0.32421875 0.43359375 -0.32421875
v 0.32421875 0.53515625 -0.32421875
v 0.36328125 0.37890625 -0.32421875
v 0.40234375 -0.59765625 -0.32421875
v 0.41796875 -0.53515625 -0.32421875
v 0.41796875 0.33984375 -0.32421875
v 0.42578125 -0.48046875 -0.32421875
v 0.43359375 -0.41796875 -0.32421875
v 0.44140625 -0.35546875 -0.32421875
v -0.23046875 -0.35546875 -0.31640625
v -0.23046875 -0.29296875 -0.31640625
v 0.23046875 -0.35546875 -0.31640625
v 0.23046875 -0.29296875 -0.31640625
v -0.36328125 0.37109375 -0.30859375
v -0.31640625 0.41796875 -0.30859375
v 0.51171875 0.81640625 -0.30859375
v -0.47265625 0.66015625 -0.30078125
v -0.44140625 -0.41796875 -0.28515625
v -0.44140625 -0.35546875 -0.28515625
v -0.44140625 -0.29296875 -0.28515625
v -0.44140625 -0.23046875 -0.28515625
v -0.44140625 -0.17578125 -0.28515625
v -0.44140625 -0.12890625 -0.28515625
v -0.44140625 -0.08203125 -0.28515625
v -0.44140625 -0.03515625 -0.28515625
v -0.43359375 -0.48046875 -0.28515625
v -0.42578125 -0.53515625 -0.28515625
v -0.41796875 0.61328125 -0.28515625
v -0.41015625 -0.58984375 -0.28515625
v -0.39453125 -0.61328125 -0.28515625
v -0.36328125 -0.61328125 -0.28515625
v -0.35546875 0.58203125 -0.28515625
v -0.32421875 -0.61328125 -0.28515625
v -0.26953125 -0.61328125 -0.28515625
v -0.21484375 -0.60546875 -0.28515625
v -0.16015625 -0.60546875 -0.28515625
v -0.10546875 -0.60546875 -0.28515625
v -0.05078125 -0.60546875 -0.28515625
v 0.00390625 -0.60546875 -0.28515625
v 0.03515625 -0.60546875 -0.28515625
v 0.10546875 -0.60546875 -0.28515625
v 0.16015625 -0.60546875 -0.28515625
v 0.21484375 -0.60546875 -0.28515625
v 0.26953125 -0.61328125 -0.28515625
v 0.30859375 0.43359375 -0.28515625
v 0.32421875 -0.61328125 -0.28515625
v 0.33984375 0.38671875 -0.28515625
v 0.36328125 -0.61328125 -0.28515625
v 0.39453125 -0.61328125 -0.28515625
v 0.41015625 -0.58984375 -0.28515625
v 0.42578125 -0.53515625 -0.28515625
v 0.43359375 -0.48046875 -0.28515625
v 0.44140625 -0.41796875 -0.28515625
v 0.44140625 -0.35546875 -0.28515625
v 0.44140625 -0.29296875 -0.28515625
v 0.44140625 -0.23046875 -0.28515625
v 0.44140625 -0.17578125 -0.28515625
v 0.44140625 -0.12890625 -0.28515625
v 0.44140625 -0.08203125 -0.28515625
v 0.44140625 -0.03515625 -0.28515625
v 0.50390625 0.74609375 -0.28515625
v -0.41796875 0.33203125 -0.27734375
v -0.38671875 0.34765625 -0.27734375
v -0.33984375 0.37890625 -0.27734375
v -0.30859375 0.53515625 -0.27734375
v -0.29296875 0.48046875 -0.27734375
v 0.29296875 0.48828125 -0.27734375
v 0.35546875 0.58984375 -0.27734375
v 0.38671875 0.35546875 -0.27734375
v 0.41796875 0.33203125 -0.27734375
v 0.41796875 0.62109375 -0.27734375
v 0.47265625 0.66796875 -0.27734375
v -0.49609375 0.85546875 -0.26953125
v -0.46484375 0.87109375 -0.26953125
v -0.43359375 0.01953125 -0.26953125
v -0.43359375 0.08203125 -0.26953125
v -0.43359375 0.15234375 -0.26953125
v -0.43359375 0.22265625 -0.26953125
v -0.43359375 0.29296875 -0.26953125
v -0.41015625 0.87890625 -0.26953125
v -0.32421875 0.87890625 -0.26953125
v -0.30859375 0.42578125 -0.26953125
v 0.30859375 0.54296875 -0.26953125
v 0.43359375 0.01953125 -0.26953125
v 0.43359375 0.08203125 -0.26953125
v 0.43359375 0.15234375 -0.26953125
v 0.43359375 0.22265625 -0.26953125
v 0.43359375 0.29296875 -0.26953125
v -0.50390625 0.81640625 -0.26171875
v -0.22265625 0.87109375 -0.26171875
v -0.49609375 0.74609375 -0.25390625
v -0.44140625 -0.29296875 -0.25390625
v -0.44140625 -0.05078125 -0.25390625
v -0.44140625 -0.03515625 -0.25390625
v 0.43359375 -0.03515625 -0.25390625
v 0.44140625 -0.04296875 -0.25390625
v -0.44140625 -0.23046875 -0.24609375
v -0.44140625 -0.17578125 -0.24609375
v -0.44140625 -0.12890625 -0.24609375
v -0.44140625 -0.08203125 -0.24609375
v -0.14453125 -0.97265625 -0.24609375
v -0.14453125 -0.92578125 -0.24609375
v -0.13671875 -0.88671875 -0.24609375
v -0.12109375 0.87890625 -0.24609375
v -0.01171875 0.87890625 -0.24609375
v 0.09765625 0.87890625 -0.24609375
v 0.13671875 -0.88671875 -0.24609375
v 0.14453125 -0.97265625 -0.24609375
v 0.14453125 -0.92578125 -0.24609375
v 0.19921875 0.89453125 -0.24609375
v 0.30078125 0.43359375 -0.24609375
v 0.30078125 0.90234375 -0.24609375
v 0.38671875 0.90234375 -0.24609375
v 0.44140625 -0.23046875 -0.24609375
v 0.44140625 -0.17578125 -0.24609375
v 0.44140625 -0.12890625 -0.24609375
v 0.44140625 -0.08203125 -0.24609375
v 0.44921875 0.90234375 -0.24609375
v -0.38671875 -0.26953125 -0.23828125
v -0.38671875 -0.22265625 -0.23828125
v -0.33203125 0.37890625 -0.23828125
v -0.19140625 -0.90234375 -0.23828125
v -0.16796875 -0.87890625 -0.23828125
v -0.15234375 -0.59765625 -0.23828125
v -0.11328125 -0.96484375 -0.23828125
v -0.10546875 -0.92578125 -0.23828125
v -0.10546875 -0.88671875 -0.23828125
v -0.09765625 -0.59765625 -0.23828125
v -0.05078125 -0.59765625 -0.23828125
v 0.00390625 -0.59765625 -0.23828125
v 0.03515625 -0.59765625 -0.23828125
v 0.09765625 -0.59765625 -0.23828125
v 0.10546875 -0.92578125 -0.23828125
v 0.10546875 -0.88671875 -0.23828125
v 0.11328125 -0.96484375 -0.23828125
v 0.15234375 -0.59765625 -0.23828125
v 0.16796875 -0.87890625 -0.23828125
v 0.19140625 -0.90234375 -0.23828125
v 0.33203125 0.38671875 -0.23828125
v 0.38671875 -0.26953125 -0.23828125
v 0.38671875 -0.22265625 -0.23828125
v 0.48828125 0.87890625 -0.23828125
v -0.47265625 0.66796875 -0.23046875
v -0.44140625 -0.41796875 -0.23046875
v -0.43359375 -0.48046875 -0.23046875
v -0.42578125 -0.53515625 -0.23046875
v -0.41796875 -0.58203125 -0.23046875
v -0.41796875 -0.27734375 -0.23046875
v -0.41796875 -0.23046875 -0.23046875
v -0.39453125 -0.60546875 -0.23046875
v -0.36328125 -0.61328125 -0.23046875
v -0.32421875 -0.61328125 -0.23046875
v -0.30859375 0.42578125 -0.23046875
v -0.26953125 -0.60546875 -0.23046875
v -0.21484375 -0.60546875 -0.23046875
v -0.17578125 -0.98828125 -0.23046875
v -0.13671875 -0.85546875 -0.23046875
v -0.12109375 -0.98828125 -0.23046875
v 0.10546875 -0.85546875 -0.23046875
v 0.12109375 -0.98828125 -0.23046875
v 0.13671875 -0.85546875 -0.23046875
v 0.17578125 -0.98828125 -0.23046875
v 0.21484375 -0.60546875 -0.23046875
v 0.26953125 -0.60546875 -0.23046875
v 0.32421875 -0.61328125 -0.23046875
v 0.36328125 -0.61328125 -0.23046875
v 0.39453125 -0.60546875 -0.23046875
v 0.41796875 -0.58203125 -0.23046875
v 0.41796875 -0.22265625 -0.23046875
v 0.42578125 -0.53515625 -0.23046875
v 0.43359375 -0.48046875 -0.23046875
v 0.44140625 -0.41796875 -0.23046875
v -0.43359375 -0.04296875 -0.22265625
v -0.41796875 0.61328125 -0.22265625
v -0.38671875 -0.19140625 -0.22265625
v -0.37890625 0.34765625 -0.22265625
v -0.36328125 0.58203125 -0.22265625
v -0.35546875 -0.26171875 -0.22265625
v -0.35546875 -0.22265625 -0.22265625
v -0.31640625 0.53515625 -0.22265625
v -0.30078125 0.48046875 -0.22265625
v -0.19921875 -0.98828125 -0.22265625
v -0.16796875 -0.85546875 -0.22265625
v -0.10546875 -0.85546875 -0.22265625
v 0.13671875 -0.83203125 -0.22265625
v 0.16796875 -0.85546875 -0.22265625
v 0.19921875 -0.98828125 -0.22265625
v 0.30078125 0.44921875 -0.22265625
v 0.35546875 -0.26171875 -0.22265625
v 0.35546875 -0.22265625 -0.22265625
v 0.37890625 0.35546875 -0.22265625
v 0.43359375 -0.04296875 -0.22265625
v 0.51171875 0.83203125 -0.22265625
v -0.41796875 -0.16796875 -0.21484375
v -0.41796875 0.33203125 -0.21484375
v -0.21484375 -0.88671875 -0.21484375
v -0.13671875 -0.99609375 -0.21484375
v -0.13671875 -0.83203125 -0.21484375
v -0.09765625 -0.98046875 -0.21484375
v -0.07421875 -0.89453125 -0.21484375
v 0.06640625 -0.89453125 -0.21484375
v 0.10546875 -0.83203125 -0.21484375
v 0.14453125 -0.99609375 -0.21484375
v 0.21484375 -0.88671875 -0.21484375
v 0.30078125 0.48828125 -0.21484375
v 0.31640625 0.54296875 -0.21484375
v 0.36328125 0.58984375 -0.21484375
v 0.38671875 -0.19140625 -0.21484375
v 0.41015625 0.33984375 -0.21484375
v 0.41796875 -0.16796875 -0.21484375
v 0.41796875 0.62109375 -0.21484375
v 0.47265625 0.66796875 -0.21484375
v -0.43359375 -0.12890625 -0.20703125
v -0.43359375 -0.08203125 -0.20703125
v -0.43359375 -0.03515625 -0.20703125
v -0.43359375 0.30078125 -0.20703125
v -0.42578125 0.01953125 -0.20703125
v -0.42578125 0.08203125 -0.20703125
v -0.42578125 0.16015625 -0.20703125
v -0.23046875 -0.96484375 -0.20703125
v -0.23046875 -0.92578125 -0.20703125
v -0.19921875 -0.85546875 -0.20703125
v -0.13671875 -0.80859375 -0.20703125
v -0.10546875 -0.83203125 -0.20703125
v -0.10546875 -0.80859375 -0.20703125
v -0.08203125 -0.85546875 -0.20703125
v 0.08203125 -0.98828125 -0.20703125
v 0.08203125 -0.85546875 -0.20703125
v 0.10546875 -0.80859375 -0.20703125
v 0.13671875 -0.80859375 -0.20703125
v 0.16796875 -0.80859375 -0.20703125
v 0.19921875 -0.85546875 -0.20703125
v 0.23046875 -0.96484375 -0.20703125
v 0.23046875 -0.92578125 -0.20703125
v 0.42578125 -0.12890625 -0.20703125
v 0.42578125 0.01953125 -0.20703125
v 0.42578125 0.08203125 -0.20703125
v 0.42578125 0.16015625 -0.20703125
v 0.42578125 0.23046875 -0.20703125
v 0.43359375 -0.08203125 -0.20703125
v 0.43359375 -0.03515625 -0.20703125
v 0.43359375 0.30078125 -0.20703125
v 0.50390625 0.75390625 -0.20703125
v -0.49609375 0.87890625 -0.19921875
v -0.46484375 0.89453125 -0.19921875
v -0.41796875 -0.32421875 -0.19921875
v -0.41015625 0.90234375 -0.19921875
v -0.37890625 -0.16796875 -0.19921875
v -0.35546875 -0.29296875 -0.19921875
v -0.35546875 -0.19140625 -0.19921875
v -0.33203125 -0.26171875 -0.19921875
v -0.33203125 -0.22265625 -0.19921875
v -0.33203125 0.39453125 -0.19921875
v -0.32421875 0.90234375 -0.19921875
v -0.23046875 -0.98828125 -0.19921875
v -0.15234375 -0.58984375 -0.19921875
v -0.09765625 -0.58984375 -0.19921875
v 0.09765625 -0.58984375 -0.19921875
v 0.15234375 -0.58984375 -0.19921875
v 0.23046875 -0.98828125 -0.19921875
v 0.32421875 0.41015625 -0.19921875
v 0.33203125 -0.26171875 -0.19921875
v 0.33203125 -0.22265625 -0.19921875
v 0.35546875 -0.29296875 -0.19921875
v 0.35546875 -0.19140625 -0.19921875
v 0.37890625 -0.16015625 -0.19921875
v -0.40234375 0.16796875 -0.19140625
v -0.32421875 0.42578125 -0.19140625
v -0.22265625 0.90234375 -0.19140625
v -0.16015625 -0.80859375 -0.19140625
v 0.00390625 -0.58203125 -0.19140625
v 0.19921875 -0.81640625 -0.19140625
v 0.40234375 0.16796875 -0.19140625
v 0.40234375 0.23046875 -0.19140625
v -0.39453125 -0.15234375 -0.18359375
v -0.37109375 0.36328125 -0.18359375
v -0.36328125 0.17578125 -0.18359375
v -0.36328125 0.23046875 -0.18359375
v -0.23046875 -0.87890625 -0.18359375
v -0.19140625 -0.99609375 -0.18359375
v -0.14453125 -0.99609375 -0.18359375
v -0.12109375 0.90234375 -0.18359375
v -0.09765625 -0.99609375 -0.18359375
v 0.10546875 -0.99609375 -0.18359375
v 0.15234375 -0.99609375 -0.18359375
v 0.19921875 -0.99609375 -0.18359375
v 0.23046875 -0.99609375 -0.18359375
v 0.23046875 -0.87890625 -0.18359375
v 0.36328125 0.18359375 -0.18359375
v 0.36328125 0.23828125 -0.18359375
v 0.37109375 0.37109375 -0.18359375
v 0.40234375 -0.12890625 -0.18359375
v 0.41796875 -0.08203125 -0.18359375
v -0.38671875 0.56640625 -0.17578125
v -0.36328125 0.37890625 -0.17578125
v -0.34765625 0.52734375 -0.17578125
v -0.33203125 0.47265625 -0.17578125
v -0.05859375 -0.97265625 -0.17578125
v -0.05078125 -0.88671875 -0.17578125
v -0.05078125 -0.58203125 -0.17578125
v -0.01171875 0.91015625 -0.17578125
v 0.05078125 -0.88671875 -0.17578125
v 0.05859375 -0.97265625 -0.17578125
v 0.19921875 -0.80078125 -0.17578125
v 0.33203125 0.43359375 -0.17578125
v -0.50390625 0.83984375 -0.16796875
v -0.44140625 0.59765625 -0.16796875
v -0.43359375 -0.47265625 -0.16796875
v -0.43359375 -0.41796875 -0.16796875
v -0.43359375 -0.36328125 -0.16796875
v -0.42578125 -0.53515625 -0.16796875
v -0.41796875 -0.57421875 -0.16796875
v -0.39453125 -0.59765625 -0.16796875
v -0.38671875 -0.30078125 -0.16796875
v -0.37109375 -0.16015625 -0.16796875
v -0.36328125 -0.60546875 -0.16796875
v -0.35546875 -0.29296875 -0.16796875
v -0.35546875 0.40234375 -0.16796875
v -0.33203125 -0.26171875 -0.16796875
v -0.32421875 -0.60546875 -0.16796875
v -0.26953125 -0.97265625 -0.16796875
v -0.26953125 -0.92578125 -0.16796875
v -0.26953125 -0.59765625 -0.16796875
v -0.26171875 -0.98828125 -0.16796875
v -0.21484375 -0.58984375 -0.16796875
v 0.21484375 -0.58984375 -0.16796875
v 0.26171875 -0.98828125 -0.16796875
v 0.26953125 -0.97265625 -0.16796875
v 0.26953125 -0.92578125 -0.16796875
v 0.26953125 -0.59765625 -0.16796875
v 0.32421875 -0.60546875 -0.16796875
v 0.33203125 -0.26171875 -0.16796875
v 0.33203125 0.47265625 -0.16796875
v 0.34765625 0.52734375 -0.16796875
v 0.35546875 -0.29296875 -0.16796875
v 0.36328125 -0.60546875 -0.16796875
v 0.37109375 -0.16015625 -0.16796875
v 0.37109375 0.38671875 -0.16796875
v 0.37890625 0.57421875 -0.16796875
v 0.38671875 -0.30078125 -0.16796875
v 0.39453125 -0.59765625 -0.16796875
v 0.41015625 0.28515625 -0.16796875
v 0.42578125 -0.52734375 -0.16796875
v 0.43359375 -0.47265625 -0.16796875
v 0.43359375 -0.36328125 -0.16796875
v 0.44140625 -0.41796875 -0.16796875
v -0.40234375 0.37109375 -0.16015625
v -0.39453125 0.12109375 -0.16015625
v -0.33203125 -0.22265625 -0.16015625
v 0.00390625 -0.56640625 -0.16015625
v 0.19140625 -0.58203125 -0.16015625
v 0.33203125 -0.22265625 -0.16015625
v 0.39453125 0.12109375 -0.16015625
v 0.40234375 0.34765625 -0.16015625
v 0.41796875 -0.31640625 -0.16015625
v 0.44140625 0.59765625 -0.16015625
v -0.50390625 0.76953125 -0.15234375
v -0.48828125 0.66796875 -0.15234375
v -0.42578125 -0.08203125 -0.15234375
v -0.42578125 -0.03515625 -0.15234375
v -0.42578125 0.01953125 -0.15234375
v -0.41796875 -0.12890625 -0.15234375
v -0.41796875 0.08203125 -0.15234375
v -0.41015625 0.34765625 -0.15234375
v -0.37890625 0.52734375 -0.15234375
v -0.35546875 -0.19140625 -0.15234375
v -0.32421875 0.17578125 -0.15234375
v -0.32421875 0.23046875 -0.15234375
v -0.25390625 -0.87890625 -0.15234375
v -0.05859375 -0.83203125 -0.15234375
v -0.05859375 -0.80078125 -0.15234375
v -0.04296875 -0.92578125 -0.15234375
v -0.04296875 0.96484375 -0.15234375
v 0.04296875 -0.92578125 -0.15234375
v 0.19921875 -0.77734375 -0.15234375
v 0.22265625 -0.80078125 -0.15234375
v 0.25390625 -0.87890625 -0.15234375
v 0.32421875 0.18359375 -0.15234375
v 0.32421875 0.23046875 -0.15234375
v 0.35546875 -0.19140625 -0.15234375
v 0.35546875 0.14453125 -0.15234375
v 0.37890625 0.28515625 -0.15234375
v 0.40234375 0.37109375 -0.15234375
v 0.41796875 -0.12890625 -0.15234375
v 0.41796875 0.08203125 -0.15234375
v 0.42578125 -0.08203125 -0.15234375
v 0.42578125 -0.03515625 -0.15234375
v 0.42578125 0.01953125 -0.15234375
v 0.48828125 0.66015625 -0.15234375
v -0.38671875 0.40234375 -0.14453125
v -0.37109375 0.46484375 -0.14453125
v -0.35546875 -0.26171875 -0.14453125
v -0.34765625 0.13671875 -0.14453125
v -0.33984375 0.27734375 -0.14453125
v -0.23046875 -0.85546875 -0.14453125
v 0.10546875 -0.65234375 -0.14453125
v 0.13671875 -0.65234375 -0.14453125
v 0.20703125 0.92578125 -0.14453125
v 0.30859375 0.93359375 -0.14453125
v 0.33984375 0.27734375 -0.14453125
v 0.37890625 0.40234375 -0.14453125
v 0.37890625 0.52734375 -0.14453125
v 0.39453125 0.93359375 -0.14453125
v 0.45703125 0.93359375 -0.14453125
v 0.49609375 0.91015625 -0.14453125
v -0.49609375 0.90234375 -0.13671875
v -0.47265625 0.91796875 -0.13671875
v -0.41015625 0.92578125 -0.13671875
v -0.38671875 -0.26953125 -0.13671875
v -0.38671875 -0.16015625 -0.13671875
v -0.35546875 -0.22265625 -0.13671875
v -0.32421875 0.92578125 -0.13671875
v -0.30078125 -0.97265625 -0.13671875
v -0.30078125 -0.92578125 -0.13671875
v -0.29296875 -0.98828125 -0.13671875
v -0.26171875 -0.99609375 -0.13671875
v -0.23046875 -0.99609375 -0.13671875
v -0.19140625 -0.99609375 -0.13671875
v -0.14453125 -0.99609375 -0.13671875
v -0.09765625 -0.99609375 -0.13671875
v -0.07421875 -0.99609375 -0.13671875
v -0.05078125 -0.98828125 -0.13671875
v -0.05078125 -0.88671875 -0.13671875
v -0.04296875 -0.96484375 -0.13671875
v 0.04296875 -0.96484375 -0.13671875
v 0.05078125 -0.98828125 -0.13671875
v 0.05078125 -0.88671875 -0.13671875
v 0.07421875 -0.99609375 -0.13671875
v 0.10546875 -0.99609375 -0.13671875
v 0.16015625 -0.99609375 -0.13671875
v 0.21484375 -0.99609375 -0.13671875
v 0.26171875 -0.99609375 -0.13671875
v 0.29296875 -0.98828125 -0.13671875
v 0.30078125 -0.97265625 -0.13671875
v 0.30078125 -0.92578125 -0.13671875
v 0.35546875 -0.26171875 -0.13671875
v 0.35546875 -0.22265625 -0.13671875
v 0.37109375 0.46484375 -0.13671875
v 0.38671875 -0.26953125 -0.13671875
v 0.38671875 -0.16015625 -0.13671875
v 0.43359375 0.33203125 -0.13671875
v 0.51953125 0.86328125 -0.13671875
v -0.75390625 -0.46484375 -0.12890625
v -0.75390625 -0.43359375 -0.12890625
v -0.74609375 -0.38671875 -0.12890625
v -0.73828125 -0.46484375 -0.12890625
v -0.73828125 -0.43359375 -0.12890625
v -0.73046875 -0.38671875 -0.12890625
v -0.73046875 -0.35546875 -0.12890625
v -0.43359375 0.33203125 -0.12890625
v -0.42578125 0.52734375 -0.12890625
v -0.41796875 0.40234375 -0.12890625
v -0.22265625 0.92578125 -0.12890625
v -0.19921875 -0.77734375 -0.12890625
v -0.12109375 0.93359375 -0.12890625
v -0.08984375 0.96484375 -0.12890625
v 0.38671875 -0.23046875 -0.12890625
v 0.41796875 0.40234375 -0.12890625
v 0.42578125 0.52734375 -0.12890625
v 0.51171875 0.76953125 -0.12890625
v 0.73046875 -0.38671875 -0.12890625
v 0.73828125 -0.46484375 -0.12890625
v 0.73828125 -0.43359375 -0.12890625
v 0.74609375 -0.38671875 -0.12890625
v 0.75390625 -0.46484375 -0.12890625
v 0.75390625 -0.43359375 -0.12890625
v -0.72265625 -0.33203125 -0.12109375
v -0.45703125 0.52734375 -0.12109375
v -0.43359375 0.36328125 -0.12109375
v -0.41796875 0.46484375 -0.12109375
v -0.38671875 -0.19921875 -0.12109375
v -0.28515625 -0.88671875 -0.12109375
v 0.07421875 0.95703125 -0.12109375
v 0.18359375 -0.57421875 -0.12109375
v 0.19921875 -0.77734375 -0.12109375
v 0.22265625 -0.79296875 -0.12109375
v 0.28515625 -0.88671875 -0.12109375
v 0.38671875 -0.19140625 -0.12109375
v 0.41796875 0.46484375 -0.12109375
v 0.43359375 0.36328125 -0.12109375
v 0.69921875 -0.33203125 -0.12109375
v 0.72265625 -0.33984375 -0.12109375
v -0.76953125 -0.46484375 -0.11328125
v -0.76953125 -0.43359375 -0.11328125
v -0.76171875 -0.38671875 -0.11328125
v -0.73828125 -0.48046875 -0.11328125
v -0.70703125 -0.38671875 -0.11328125
v -0.69921875 -0.35546875 -0.11328125
v -0.69921875 -0.30078125 -0.11328125
v -0.66796875 -0.27734375 -0.11328125
v -0.48046875 0.58984375 -0.11328125
v -0.44921875 0.46484375 -0.11328125
v -0.44140625 0.40234375 -0.11328125
v -0.12109375 -0.72265625 -0.11328125
v 0.00390625 0.27734375 -0.11328125
v 0.00390625 0.30859375 -0.11328125
v 0.05078125 -0.83203125 -0.11328125
v 0.05859375 -0.75390625 -0.11328125
v 0.33984375 0.13671875 -0.11328125
v 0.44140625 0.40234375 -0.11328125
v 0.44921875 0.46484375 -0.11328125
v 0.45703125 0.52734375 -0.11328125
v 0.48046875 0.58203125 -0.11328125
v 0.66796875 -0.27734375 -0.11328125
v 0.69140625 -0.34765625 -0.11328125
v 0.69921875 -0.30078125 -0.11328125
v 0.70703125 -0.38671875 -0.11328125
v 0.73828125 -0.48046875 -0.11328125
v 0.76171875 -0.38671875 -0.11328125
v 0.76953125 -0.46484375 -0.11328125
v 0.76953125 -0.43359375 -0.11328125
v -0.75390625 -0.48828125 -0.10546875
v -0.73828125 -0.33203125 -0.10546875
v -0.72265625 -0.46484375 -0.10546875
v -0.70703125 -0.42578125 -0.10546875
v -0.67578125 -0.33203125 -0.10546875
v -0.65234375 -0.30078125 -0.10546875
v -0.64453125 -0.27734375 -0.10546875
v -0.64453125 -0.23046875 -0.10546875
v -0.62890625 -0.28515625 -0.10546875
v -0.61328125 -0.26171875 -0.10546875
v -0.38671875 0.11328125 -0.10546875
v -0.33984375 -0.96484375 -0.10546875
v -0.33203125 -0.92578125 -0.10546875
v -0.33203125 0.28515625 -0.10546875
v -0.30859375 0.17578125 -0.10546875
v -0.30859375 0.23046875 -0.10546875
v -0.03515625 0.27734375 -0.10546875
v -0.03515625 0.30859375 -0.10546875
v 0.00390625 0.33984375 -0.10546875
v 0.02734375 0.31640625 -0.10546875
v 0.03515625 0.27734375 -0.10546875
v 0.06640625 -0.85546875 -0.10546875
v 0.30859375 0.23828125 -0.10546875
v 0.31640625 0.17578125 -0.10546875
v 0.33203125 -0.92578125 -0.10546875
v 0.33203125 0.28515625 -0.10546875
v 0.33984375 -0.96484375 -0.10546875
v 0.61328125 -0.26171875 -0.10546875
v 0.62890625 -0.27734375 -0.10546875
v 0.63671875 -0.23046875 -0.10546875
v 0.65234375 -0.30859375 -0.10546875
v 0.67578125 -0.33984375 -0.10546875
v 0.70703125 -0.41796875 -0.10546875
v 0.72265625 -0.46484375 -0.10546875
v 0.73828125 -0.33203125 -0.10546875
v 0.75390625 -0.48828125 -0.10546875
v -0.77734375 -0.46484375 -0.09765625
v -0.77734375 -0.43359375 -0.09765625
v -0.76953125 -0.48046875 -0.09765625
v -0.71484375 -0.28515625 -0.09765625
v -0.68359375 -0.25390625 -0.09765625
v -0.64453125 -0.25390625 -0.09765625
v -0.60546875 -0.23046875 -0.09765625
v -0.43359375 -0.47265625 -0.09765625
v -0.43359375 -0.41796875 -0.09765625
v -0.43359375 -0.36328125 -0.09765625
v -0.42578125 -0.31640625 -0.09765625
v -0.42578125 -0.12890625 -0.09765625
v -0.42578125 -0.08203125 -0.09765625
v -0.42578125 -0.03515625 -0.09765625
v -0.42578125 0.01953125 -0.09765625
v -0.41796875 -0.27734375 -0.09765625
v -0.41796875 -0.23046875 -0.09765625
v -0.41796875 -0.17578125 -0.09765625
v -0.41796875 0.08203125 -0.09765625
v -0.39453125 -0.58203125 -0.09765625
v -0.38671875 0.30859375 -0.09765625
v -0.36328125 -0.58984375 -0.09765625
v -0.33984375 0.12890625 -0.09765625
v -0.33203125 -0.98828125 -0.09765625
v -0.32421875 -0.58984375 -0.09765625
v -0.30859375 -0.99609375 -0.09765625
v -0.26953125 -0.58203125 -0.09765625
v -0.26171875 -0.85546875 -0.09765625
v -0.23046875 -0.80078125 -0.09765625
v -0.19921875 -0.77734375 -0.09765625
v -0.16796875 -0.66015625 -0.09765625
v -0.06640625 -0.66015625 -0.09765625
v -0.03515625 0.33203125 -0.09765625
v 0.00390625 0.23828125 -0.09765625
v 0.02734375 0.24609375 -0.09765625
v 0.06640625 -0.66015625 -0.09765625
v 0.16796875 -0.66015625 -0.09765625
v 0.23046875 -0.80078125 -0.09765625
v 0.26171875 -0.85546875 -0.09765625
v 0.26953125 -0.58203125 -0.09765625
v 0.30859375 -0.99609375 -0.09765625
v 0.32421875 -0.58984375 -0.09765625
v 0.33203125 -0.98828125 -0.09765625
v 0.36328125 -0.58984375 -0.09765625
v 0.38671875 0.12109375 -0.09765625
v 0.38671875 0.30859375 -0.09765625
v 0.39453125 -0.58203125 -0.09765625
v 0.41796875 -0.27734375 -0.09765625
v 0.41796875 -0.23046875 -0.09765625
v 0.41796875 -0.17578125 -0.09765625
v 0.41796875 0.08203125 -0.09765625
v 0.42578125 -0.56640625 -0.09765625
v 0.42578125 -0.51953125 -0.09765625
v 0.42578125 -0.31640625 -0.09765625
v 0.42578125 -0.12890625 -0.09765625
v 0.42578125 -0.08203125 -0.09765625
v 0.42578125 -0.03515625 -0.09765625
v 0.42578125 0.01953125 -0.09765625
v 0.43359375 -0.46484375 -0.09765625
v 0.44140625 -0.41015625 -0.09765625
v 0.44140625 -0.36328125 -0.09765625
v 0.60546875 -0.23046875 -0.09765625
v 0.64453125 -0.25390625 -0.09765625
v 0.65234375 -0.24609375 -0.09765625
v 0.68359375 -0.25390625 -0.09765625
v 0.71484375 -0.28515625 -0.09765625
v 0.76953125 -0.48046875 -0.09765625
v 0.77734375 -0.46484375 -0.09765625
v 0.77734375 -0.43359375 -0.09765625
v -0.76953125 -0.38671875 -0.08984375
v -0.75390625 -0.33203125 -0.08984375
v -0.67578125 -0.37109375 -0.08984375
v -0.65234375 -0.33203125 -0.08984375
v -0.63671875 -0.18359375 -0.08984375
v -0.62109375 -0.30859375 -0.08984375
v -0.61328125 -0.20703125 -0.08984375
v -0.58984375 -0.27734375 -0.08984375
v -0.47265625 0.52734375 -0.08984375
v -0.32421875 -0.88671875 -0.08984375
v -0.27734375 -0.99609375 -0.08984375
v 0.00390625 -0.56640625 -0.08984375
v 0.02734375 -0.69140625 -0.08984375
v 0.27734375 -0.99609375 -0.08984375
v 0.32421875 -0.88671875 -0.08984375
v 0.47265625 0.52734375 -0.08984375
v 0.49609375 0.66796875 -0.08984375
v 0.58984375 -0.27734375 -0.08984375
v 0.61328125 -0.20703125 -0.08984375
v 0.62109375 -0.30859375 -0.08984375
v 0.63671875 -0.18359375 -0.08984375
v 0.65234375 -0.33203125 -0.08984375
v 0.65234375 -0.19921875 -0.08984375
v 0.67578125 -0.36328125 -0.08984375
v 0.75390625 -0.33203125 -0.08984375
v 0.76953125 -0.38671875 -0.08984375
v -0.73046875 -0.47265625 -0.08203125
v -0.73046875 -0.27734375 -0.08203125
v -0.66015625 -0.19921875 -0.08203125
v -0.58203125 -0.23828125 -0.08203125
v -0.46484375 0.46484375 -0.08203125
v -0.45703125 0.40234375 -0.08203125
v -0.44921875 0.35546875 -0.08203125
v -0.43359375 0.32421875 -0.08203125
v -0.24609375 -0.99609375 -0.08203125
v -0.19921875 -0.99609375 -0.08203125
v -0.14453125 -0.99609375 -0.08203125
v -0.09765625 -0.99609375 -0.08203125
v -0.07421875 -0.99609375 -0.08203125
v -0.05859375 -0.98828125 -0.08203125
v -0.05859375 -0.88671875 -0.08203125
v -0.05859375 -0.83203125 -0.08203125
v -0.05078125 -0.96484375 -0.08203125
v -0.04296875 -0.92578125 -0.08203125
v 0.00390625 0.89453125 -0.08203125
v 0.04296875 -0.92578125 -0.08203125
v 0.05078125 -0.96484375 -0.08203125
v 0.05859375 -0.98828125 -0.08203125
v 0.05859375 -0.88671875 -0.08203125
v 0.05859375 0.91015625 -0.08203125
v 0.07421875 -0.99609375 -0.08203125
v 0.11328125 -0.99609375 -0.08203125
v 0.17578125 -0.99609375 -0.08203125
v 0.23046875 -0.99609375 -0.08203125
v 0.43359375 0.32421875 -0.08203125
v 0.44921875 0.35546875 -0.08203125
v 0.45703125 0.40234375 -0.08203125
v 0.46484375 0.46484375 -0.08203125
v 0.58203125 -0.23828125 -0.08203125
v 0.73046875 -0.47265625 -0.08203125
v 0.73046875 -0.27734375 -0.08203125
v -0.77734375 -0.47265625 -0.07421875
v -0.75390625 -0.48046875 -0.07421875
v -0.69921875 -0.42578125 -0.07421875
v -0.69921875 -0.23828125 -0.07421875
v -0.67578125 -0.38671875 -0.07421875
v -0.66796875 -0.23046875 -0.07421875
v -0.61328125 -0.17578125 -0.07421875
v -0.59765625 -0.19921875 -0.07421875
v -0.58984375 -0.14453125 -0.07421875
v -0.49609375 0.64453125 -0.07421875
v -0.49609375 0.69921875 -0.07421875
v -0.46484375 -0.01953125 -0.07421875
v -0.45703125 -0.00390625 -0.07421875
v -0.43359375 -0.00390625 -0.07421875
v -0.43359375 0.01953125 -0.07421875
v -0.08203125 0.27734375 -0.07421875
v -0.08203125 0.30859375 -0.07421875
v -0.06640625 0.33203125 -0.07421875
v -0.05078125 0.35546875 -0.07421875
v -0.02734375 0.36328125 -0.07421875
v 0.00390625 0.37109375 -0.07421875
v 0.02734375 0.36328125 -0.07421875
v 0.05078125 0.35546875 -0.07421875
v 0.06640625 0.33203125 -0.07421875
v 0.07421875 0.27734375 -0.07421875
v 0.07421875 0.30859375 -0.07421875
v 0.09765625 0.94140625 -0.07421875
v 0.13671875 -0.80078125 -0.07421875
v 0.33984375 0.13671875 -0.07421875
v 0.43359375 0.01953125 -0.07421875
v 0.44140625 -0.00390625 -0.07421875
v 0.46484375 -0.02734375 -0.07421875
v 0.56640625 -0.26171875 -0.07421875
v 0.58984375 -0.14453125 -0.07421875
v 0.59765625 -0.19921875 -0.07421875
v 0.61328125 -0.17578125 -0.07421875
v 0.65234375 -0.16015625 -0.07421875
v 0.66796875 -0.22265625 -0.07421875
v 0.67578125 -0.38671875 -0.07421875
v 0.69921875 -0.42578125 -0.07421875
v 0.69921875 -0.23828125 -0.07421875
v 0.75390625 -0.48046875 -0.07421875
v 0.77734375 -0.47265625 -0.07421875
v -0.66796875 -0.17578125 -0.06640625
v -0.65234375 -0.16015625 -0.06640625
v -0.55859375 -0.25390625 -0.06640625
v -0.55859375 -0.10546875 -0.06640625
v -0.51953125 -0.06640625 -0.06640625
v -0.48828125 0.58984375 -0.06640625
v -0.48046875 -0.03515625 -0.06640625
v -0.37109375 -0.97265625 -0.06640625
v -0.37109375 -0.92578125 -0.06640625
v -0.36328125 -0.98828125 -0.06640625
v -0.36328125 0.12109375 -0.06640625
v -0.32421875 0.16796875 -0.06640625
v -0.30078125 -0.85546875 -0.06640625
v -0.22265625 -0.80859375 -0.06640625
v -0.15234375 0.95703125 -0.06640625
v -0.13671875 -0.70703125 -0.06640625
v -0.11328125 0.96484375 -0.06640625
v -0.10546875 -0.70703125 -0.06640625
v -0.06640625 0.25390625 -0.06640625
v -0.05078125 0.23046875 -0.06640625
v -0.02734375 0.21484375 -0.06640625
v 0.00390625 0.20703125 -0.06640625
v 0.02734375 0.21484375 -0.06640625
v 0.05078125 0.23046875 -0.06640625
v 0.06640625 0.25390625 -0.06640625
v 0.10546875 -0.73046875 -0.06640625
v 0.10546875 -0.70703125 -0.06640625
v 0.10546875 -0.66015625 -0.06640625
v 0.11328125 0.96484375 -0.06640625
v 0.13671875 -0.70703125 -0.06640625
v 0.13671875 -0.66015625 -0.06640625
v 0.15234375 0.95703125 -0.06640625
v 0.30078125 -0.85546875 -0.06640625
v 0.36328125 -0.98828125 -0.06640625
v 0.37109375 -0.97265625 -0.06640625
v 0.37109375 -0.92578125 -0.06640625
v 0.44921875 0.01953125 -0.06640625
v 0.48046875 -0.03515625 -0.06640625
v 0.48046875 -0.00390625 -0.06640625
v 0.48828125 0.58984375 -0.06640625
v 0.51953125 -0.06640625 -0.06640625
v 0.55859375 -0.10546875 -0.06640625
v 0.66796875 -0.18359375 -0.06640625
v -0.78515625 -0.43359375 -0.05859375
v -0.78515625 -0.38671875 -0.05859375
v -0.76953125 -0.33203125 -0.05859375
v -0.73828125 -0.27734375 -0.05859375
v -0.64453125 -0.35546875 -0.05859375
v -0.62890625 -0.15234375 -0.05859375
v -0.61328125 -0.32421875 -0.05859375
v -0.60546875 -0.12109375 -0.05859375
v -0.57421875 -0.30078125 -0.05859375
v -0.57421875 -0.17578125 -0.05859375
v -0.57421875 -0.07421875 -0.05859375
v -0.55078125 -0.27734375 -0.05859375
v -0.54296875 -0.12890625 -0.05859375
v -0.53515625 -0.04296875 -0.05859375
v -0.51171875 0.92578125 -0.05859375
v -0.50390625 -0.08203125 -0.05859375
v -0.49609375 -0.01171875 -0.05859375
v -0.48828125 0.00390625 -0.05859375
v -0.47265625 0.94921875 -0.05859375
v -0.46484375 -0.05078125 -0.05859375
v -0.44921875 -0.03515625 -0.05859375
v -0.41015625 0.95703125 -0.05859375
v -0.35546875 -0.88671875 -0.05859375
v -0.33984375 0.28515625 -0.05859375
v -0.32421875 0.23046875 -0.05859375
v -0.32421875 0.95703125 -0.05859375
v -0.23046875 0.95703125 -0.05859375
v -0.19921875 -0.78515625 -0.05859375
v 0.19921875 -0.78515625 -0.05859375
v 0.22265625 -0.80859375 -0.05859375
v 0.23046875 0.95703125 -0.05859375
v 0.32421875 0.17578125 -0.05859375
v 0.32421875 0.95703125 -0.05859375
v 0.33984375 0.28515625 -0.05859375
v 0.35546875 -0.88671875 -0.05859375
v 0.41015625 0.96484375 -0.05859375
v 0.44921875 -0.03515625 -0.05859375
v 0.46484375 -0.05078125 -0.05859375
v 0.47265625 0.95703125 -0.05859375
v 0.49609375 -0.01171875 -0.05859375
v 0.50390625 -0.37109375 -0.05859375
v 0.50390625 -0.08203125 -0.05859375
v 0.51171875 0.93359375 -0.05859375
v 0.53515625 -0.04296875 -0.05859375
v 0.54296875 -0.12890625 -0.05859375
v 0.55078125 -0.27734375 -0.05859375
v 0.57421875 -0.30859375 -0.05859375
v 0.57421875 -0.17578125 -0.05859375
v 0.57421875 -0.07421875 -0.05859375
v 0.60546875 -0.12109375 -0.05859375
v 0.61328125 -0.32421875 -0.05859375
v 0.62890625 -0.15234375 -0.05859375
v 0.64453125 -0.34765625 -0.05859375
v 0.73828125 -0.27734375 -0.05859375
v 0.75390625 -0.30078125 -0.05859375
v 0.76953125 -0.33203125 -0.05859375
v 0.78515625 -0.43359375 -0.05859375
v 0.78515625 -0.38671875 -0.05859375
v -0.70703125 -0.23046875 -0.05078125
v -0.68359375 -0.21484375 -0.05078125
v -0.67578125 -0.19140625 -0.05078125
v -0.57421875 -0.22265625 -0.05078125
v -0.51953125 0.87109375 -0.05078125
v -0.51171875 0.77734375 -0.05078125
v -0.47265625 0.52734375 -0.05078125
v -0.42578125 0.04296875 -0.05078125
v -0.41796875 0.01171875 -0.05078125
v -0.39453125 0.12109375 -0.05078125
v -0.16796875 -0.78515625 -0.05078125
v 0.32421875 0.23828125 -0.05078125
v 0.36328125 0.12890625 -0.05078125
v 0.41796875 0.01171875 -0.05078125
v 0.42578125 0.04296875 -0.05078125
v 0.47265625 0.52734375 -0.05078125
v 0.48828125 0.01171875 -0.05078125
v 0.52734375 0.84765625 -0.05078125
v 0.52734375 0.90234375 -0.05078125
v 0.67578125 -0.19140625 -0.05078125
v 0.68359375 -0.20703125 -0.05078125
v 0.70703125 -0.23046875 -0.05078125
v -0.76953125 -0.45703125 -0.04296875
v -0.66796875 -0.38671875 -0.04296875
v -0.54296875 -0.23828125 -0.04296875
v -0.46484375 0.46484375 -0.04296875
v -0.37890625 0.28515625 -0.04296875
v -0.33984375 -0.99609375 -0.04296875
v -0.33984375 -0.85546875 -0.04296875
v -0.19921875 -0.80859375 -0.04296875
v -0.13671875 -0.78515625 -0.04296875
v -0.02734375 -0.57421875 -0.04296875
v 0.00390625 -0.56640625 -0.04296875
v 0.33984375 -0.99609375 -0.04296875
v 0.33984375 -0.85546875 -0.04296875
v 0.37890625 0.28515625 -0.04296875
v 0.39453125 0.12109375 -0.04296875
v 0.46484375 0.46484375 -0.04296875
v 0.51171875 0.76953125 -0.04296875
v 0.54296875 -0.25390625 -0.04296875
v 0.66796875 -0.38671875 -0.04296875
v 0.73046875 -0.45703125 -0.04296875
v 0.76953125 -0.45703125 -0.04296875
v -0.80078125 -0.43359375 -0.03515625
v -0.79296875 -0.38671875 -0.03515625
v -0.77734375 -0.33203125 -0.03515625
v -0.76953125 -0.48828125 -0.03515625
v -0.73828125 -0.48828125 -0.03515625
v -0.58203125 -0.06640625 -0.03515625
v -0.53515625 -0.26171875 -0.03515625
v -0.45703125 0.40234375 -0.03515625
v -0.44921875 0.33984375 -0.03515625
v -0.43359375 -0.46484375 -0.03515625
v -0.43359375 -0.41796875 -0.03515625
v -0.43359375 -0.36328125 -0.03515625
v -0.43359375 -0.30078125 -0.03515625
v -0.43359375 -0.23828125 -0.03515625
v -0.43359375 -0.18359375 -0.03515625
v -0.43359375 -0.12890625 -0.03515625
v -0.43359375 -0.08203125 -0.03515625
v -0.43359375 -0.03515625 -0.03515625
v -0.42578125 0.01953125 -0.03515625
v -0.42578125 0.08203125 -0.03515625
v -0.41796875 -0.55859375 -0.03515625
v -0.39453125 -0.57421875 -0.03515625
v -0.36328125 -0.58203125 -0.03515625
v -0.35546875 0.16015625 -0.03515625
v -0.32421875 -0.58203125 -0.03515625
v -0.30078125 -0.99609375 -0.03515625
v -0.27734375 -0.84765625 -0.03515625
v -0.26953125 -0.57421875 -0.03515625
v -0.16796875 -0.80859375 -0.03515625
v 0.19921875 -0.80859375 -0.03515625
v 0.26953125 -0.57421875 -0.03515625
v 0.27734375 -0.84765625 -0.03515625
v 0.30078125 -0.99609375 -0.03515625
v 0.32421875 -0.58203125 -0.03515625
v 0.36328125 -0.58203125 -0.03515625
v 0.39453125 -0.57421875 -0.03515625
v 0.41796875 0.08203125 -0.03515625
v 0.42578125 -0.50390625 -0.03515625
v 0.42578125 0.01953125 -0.03515625
v 0.43359375 -0.44921875 -0.03515625
v 0.43359375 -0.31640625 -0.03515625
v 0.43359375 -0.27734375 -0.03515625
v 0.43359375 -0.23046875 -0.03515625
v 0.43359375 -0.18359375 -0.03515625
v 0.43359375 -0.12890625 -0.03515625
v 0.43359375 -0.08203125 -0.03515625
v 0.43359375 -0.03515625 -0.03515625
v 0.44140625 -0.40234375 -0.03515625
v 0.44921875 0.33984375 -0.03515625
v 0.45703125 0.40234375 -0.03515625
v 0.53515625 -0.26171875 -0.03515625
v 0.54296875 -0.23828125 -0.03515625
v 0.58203125 -0.06640625 -0.03515625
v 0.73828125 -0.48828125 -0.03515625
v 0.76953125 -0.48828125 -0.03515625
v 0.77734375 -0.33203125 -0.03515625
v 0.79296875 -0.38671875 -0.03515625
v 0.80078125 -0.43359375 -0.03515625
v -0.80078125 -0.47265625 -0.02734375
v -0.76953125 -0.51953125 -0.02734375
v -0.74609375 -0.27734375 -0.02734375
v -0.73828125 -0.51953125 -0.02734375
v -0.69921875 -0.43359375 -0.02734375
v -0.69140625 -0.19921875 -0.02734375
v -0.64453125 -0.37109375 -0.02734375
v -0.61328125 -0.10546875 -0.02734375
v -0.56640625 -0.19140625 -0.02734375
v -0.55078125 -0.03515625 -0.02734375
v -0.53515625 -0.28515625 -0.02734375
v -0.53515625 -0.14453125 -0.02734375
v -0.51171875 -0.00390625 -0.02734375
v -0.50390625 -0.08984375 -0.02734375
v -0.49609375 0.66015625 -0.02734375
v -0.48046875 0.02734375 -0.02734375
v -0.46484375 -0.05859375 -0.02734375
v -0.44921875 0.05078125 -0.02734375
v -0.44140625 -0.04296875 -0.02734375
v -0.42578125 0.05859375 -0.02734375
v -0.42578125 0.28515625 -0.02734375
v -0.39453125 -0.96484375 -0.02734375
v -0.39453125 -0.92578125 -0.02734375
v -0.38671875 -0.98828125 -0.02734375
v -0.37109375 -0.99609375 -0.02734375
v -0.25390625 -0.99609375 -0.02734375
v -0.22265625 -0.84765625 -0.02734375
v -0.20703125 -0.99609375 -0.02734375
v -0.15234375 -0.99609375 -0.02734375
v -0.13671875 -0.83203125 -0.02734375
v -0.13671875 -0.80859375 -0.02734375
v -0.08203125 -0.88671875 -0.02734375
v 0.08203125 -0.88671875 -0.02734375
v 0.13671875 -0.99609375 -0.02734375
v 0.19140625 -0.99609375 -0.02734375
v 0.22265625 -0.84765625 -0.02734375
v 0.25390625 -0.99609375 -0.02734375
v 0.35546875 0.17578125 -0.02734375
v 0.37109375 -0.99609375 -0.02734375
v 0.38671875 -0.98828125 -0.02734375
v 0.39453125 -0.96484375 -0.02734375
v 0.39453125 -0.92578125 -0.02734375
v 0.42578125 0.05859375 -0.02734375
v 0.42578125 0.28515625 -0.02734375
v 0.44140625 -0.04296875 -0.02734375
v 0.44921875 0.05078125 -0.02734375
v 0.46484375 -0.05859375 -0.02734375
v 0.48046875 0.02734375 -0.02734375
v 0.49609375 0.68359375 -0.02734375
v 0.50390625 -0.08984375 -0.02734375
v 0.51171875 -0.00390625 -0.02734375
v 0.53515625 -0.14453125 -0.02734375
v 0.55078125 -0.03515625 -0.02734375
v 0.61328125 -0.10546875 -0.02734375
v 0.64453125 -0.36328125 -0.02734375
v 0.69140625 -0.19921875 -0.02734375
v 0.69921875 -0.43359375 -0.02734375
v 0.73828125 -0.51953125 -0.02734375
v 0.74609375 -0.27734375 -0.02734375
v 0.76953125 -0.51953125 -0.02734375
v 0.80078125 -0.48046875 -0.02734375
v -0.74609375 -0.55078125 -0.01953125
v -0.72265625 -0.23046875 -0.01953125
v -0.69140625 -0.16796875 -0.01953125
v -0.66796875 -0.39453125 -0.01953125
v -0.61328125 -0.34765625 -0.01953125
v -0.57421875 -0.31640625 -0.01953125
v -0.40234375 0.16015625 -0.01953125
v -0.38671875 -0.88671875 -0.01953125
v -0.36328125 0.22265625 -0.01953125
v -0.32421875 -0.83984375 -0.01953125
v -0.13671875 -0.85546875 -0.01953125
v -0.10546875 -0.99609375 -0.01953125
v -0.10546875 0.93359375 -0.01953125
v -0.09765625 0.36328125 -0.01953125
v -0.08203125 -0.98828125 -0.01953125
v -0.07421875 -0.96484375 -0.01953125
v -0.07421875 -0.92578125 -0.01953125
v -0.05859375 0.90234375 -0.01953125
v 0.00390625 0.89453125 -0.01953125
v 0.05859375 0.90234375 -0.01953125
v 0.07421875 -0.96484375 -0.01953125
v 0.07421875 -0.92578125 -0.01953125
v 0.08203125 -0.98828125 -0.01953125
v 0.09765625 -0.99609375 -0.01953125
v 0.10546875 -0.83203125 -0.01953125
v 0.10546875 0.93359375 -0.01953125
v 0.32421875 -0.83984375 -0.01953125
v 0.36328125 0.23046875 -0.01953125
v 0.38671875 -0.88671875 -0.01953125
v 0.48828125 -0.36328125 -0.01953125
v 0.54296875 -0.28515625 -0.01953125
v 0.56640625 -0.30859375 -0.01953125
v 0.57421875 -0.33203125 -0.01953125
v 0.61328125 -0.34765625 -0.01953125
v 0.69140625 -0.16796875 -0.01953125
v 0.72265625 -0.23046875 -0.01953125
v 0.74609375 -0.55078125 -0.01953125
v -0.82421875 -0.46484375 -0.01171875
v -0.81640625 -0.49609375 -0.01171875
v -0.81640625 -0.41015625 -0.01171875
v -0.80078125 -0.52734375 -0.01171875
v -0.79296875 -0.33203125 -0.01171875
v -0.76953125 -0.55078125 -0.01171875
v -0.75390625 -0.27734375 -0.01171875
v -0.71484375 -0.51953125 -0.01171875
v -0.56640625 -0.20703125 -0.01171875
v -0.54296875 -0.23046875 -0.01171875
v -0.52734375 -0.26171875 -0.01171875
v -0.48828125 0.59765625 -0.01171875
v -0.37109375 -0.85546875 -0.01171875
v -0.12109375 0.98046875 -0.01171875
v -0.11328125 0.27734375 -0.01171875
v -0.11328125 0.31640625 -0.01171875
v -0.09765625 0.35546875 -0.01171875
v -0.04296875 -0.69140625 -0.01171875
v -0.04296875 0.39453125 -0.01171875
v -0.03515625 -0.65234375 -0.01171875
v 0.00390625 0.40234375 -0.01171875
v 0.03515625 0.39453125 -0.01171875
v 0.07421875 0.37890625 -0.01171875
v 0.09765625 0.35546875 -0.01171875
v 0.11328125 0.27734375 -0.01171875
v 0.11328125 0.31640625 -0.01171875
v 0.12109375 0.98046875 -0.01171875
v 0.20703125 -0.59765625 -0.01171875
v 0.37109375 -0.85546875 -0.01171875
v 0.40234375 0.16015625 -0.01171875
v 0.48828125 0.60546875 -0.01171875
v 0.52734375 -0.26171875 -0.01171875
v 0.53515625 -0.23046875 -0.01171875
v 0.56640625 -0.20703125 -0.01171875
v 0.66015625 -0.38671875 -0.01171875
v 0.71484375 -0.51953125 -0.01171875
v 0.75390625 -0.27734375 -0.01171875
v 0.76953125 -0.55078125 -0.01171875
v 0.79296875 -0.33203125 -0.01171875
v 0.80078125 -0.52734375 -0.01171875
v 0.80859375 -0.38671875 -0.01171875
v 0.81640625 -0.49609375 -0.01171875
v 0.81640625 -0.43359375 -0.01171875
v 0.82421875 -0.46484375 -0.01171875
v -0.73046875 -0.55078125 -0.00390625
v -0.49609375 -0.27734375 -0.00390625
v -0.40234375 0.22265625 -0.00390625
v -0.16796875 0.98046875 -0.00390625
v -0.09765625 0.23828125 -0.00390625
v -0.07421875 0.21484375 -0.00390625
v -0.04296875 -0.64453125 -0.00390625
v -0.04296875 -0.55078125 -0.00390625
v -0.03515625 0.19140625 -0.00390625
v 0.00390625 0.18359375 -0.00390625
v 0.03515625 0.19140625 -0.00390625
v 0.07421875 0.21484375 -0.00390625
v 0.09765625 0.23828125 -0.00390625
v 0.11328125 -0.69140625 -0.00390625
v 0.13671875 -0.69140625 -0.00390625
v 0.16796875 0.98046875 -0.00390625
v 0.40234375 0.22265625 -0.00390625
v 0.73046875 -0.55078125 -0.00390625
v -0.74609375 -0.56640625 0.00390625
v -0.69921875 -0.19921875 0.00390625
v -0.69140625 -0.16796875 0.00390625
v -0.64453125 -0.37890625 0.00390625
v -0.60546875 -0.11328125 0.00390625
v -0.57421875 -0.19140625 0.00390625
v -0.57421875 -0.07421875 0.00390625
v -0.54296875 -0.13671875 0.00390625
v -0.54296875 -0.04296875 0.00390625
v -0.51171875 -0.08203125 0.00390625
v -0.51171875 -0.01171875 0.00390625
v -0.50390625 0.69921875 0.00390625
v -0.48046875 0.01171875 0.00390625
v -0.47265625 -0.05078125 0.00390625
v -0.44921875 -0.03515625 0.00390625
v -0.44921875 0.03515625 0.00390625
v -0.43359375 -0.03515625 0.00390625
v -0.42578125 0.01171875 0.00390625
v -0.42578125 0.04296875 0.00390625
v -0.33984375 -0.83203125 0.00390625
v -0.24609375 0.98046875 0.00390625
v -0.04296875 -0.55078125 0.00390625
v 0.00390625 -0.55078125 0.00390625
v 0.05078125 -0.56640625 0.00390625
v 0.24609375 0.98046875 0.00390625
v 0.42578125 0.01171875 0.00390625
v 0.42578125 0.04296875 0.00390625
v 0.44921875 -0.03515625 0.00390625
v 0.44921875 0.03515625 0.00390625
v 0.46484375 -0.05078125 0.00390625
v 0.47265625 0.01171875 0.00390625
v 0.50390625 -0.08203125 0.00390625
v 0.50390625 -0.01171875 0.00390625
v 0.54296875 -0.13671875 0.00390625
v 0.54296875 -0.04296875 0.00390625
v 0.57421875 -0.07421875 0.00390625
v 0.60546875 -0.11328125 0.00390625
v 0.64453125 -0.37109375 0.00390625
v 0.69140625 -0.16796875 0.00390625
v 0.69921875 -0.19921875 0.00390625
v 0.74609375 -0.56640625 0.00390625
v -0.83203125 -0.46484375 0.01171875
v -0.82421875 -0.49609375 0.01171875
v -0.82421875 -0.41015625 0.01171875
v -0.80078125 -0.52734375 0.01171875
v -0.79296875 -0.33203125 0.01171875
v -0.76953125 -0.55078125 0.01171875
v -0.76171875 -0.27734375 0.01171875
v -0.73046875 -0.55078125 0.01171875
v -0.72265625 -0.23046875 0.01171875
v -0.62890625 -0.15234375 0.01171875
v -0.47265625 0.52734375 0.01171875
v -0.19140625 -0.69140625 0.01171875
v -0.06640625 -0.60546875 0.01171875
v -0.05859375 -0.56640625 0.01171875
v 0.05078125 -0.54296875 0.01171875
v 0.43359375 -0.03515625 0.01171875
v 0.43359375 0.01953125 0.01171875
v 0.44140625 0.00390625 0.01171875
v 0.47265625 0.52734375 0.01171875
v 0.50390625 0.69140625 0.01171875
v 0.60546875 -0.19140625 0.01171875
v 0.72265625 -0.23046875 0.01171875
v 0.73046875 -0.55078125 0.01171875
v 0.76171875 -0.27734375 0.01171875
v 0.76953125 -0.55078125 0.01171875
v 0.79296875 -0.32421875 0.01171875
v 0.80078125 -0.52734375 0.01171875
v 0.81640625 -0.38671875 0.01171875
v 0.82421875 -0.49609375 0.01171875
v 0.82421875 -0.42578125 0.01171875
v 0.83203125 -0.46484375 0.01171875
v -0.71484375 -0.51953125 0.01953125
v -0.71484375 -0.48828125 0.01953125
v -0.61328125 -0.35546875 0.01953125
v -0.57421875 -0.32421875 0.01953125
v -0.56640625 -0.20703125 0.01953125
v -0.55859375 -0.12109375 0.01953125
v -0.55859375 -0.09765625 0.01953125
v -0.53515625 -0.23046875 0.01953125
v -0.52734375 -0.06640625 0.01953125
v -0.51953125 0.95703125 0.01953125
v -0.49609375 -0.03515625 0.01953125
v -0.48046875 0.97265625 0.01953125
v -0.46484375 -0.01171875 0.01953125
v -0.46484375 0.46484375 0.01953125
v -0.44140625 0.01953125 0.01953125
v -0.41796875 0.98046875 0.01953125
v -0.36328125 -0.83203125 0.01953125
v -0.33203125 0.98046875 0.01953125
v -0.13671875 -0.69140625 0.01953125
v -0.08984375 -0.60546875 0.01953125
v -0.07421875 -0.54296875 0.01953125
v 0.07421875 -0.54296875 0.01953125
v 0.13671875 -0.69140625 0.01953125
v 0.33203125 0.98046875 0.01953125
v 0.33984375 -0.83203125 0.01953125
v 0.36328125 -0.83203125 0.01953125
v 0.41796875 0.98046875 0.01953125
v 0.43359375 0.01953125 0.01953125
v 0.46484375 -0.01171875 0.01953125
v 0.46484375 0.46484375 0.01953125
v 0.48046875 0.97265625 0.01953125
v 0.48828125 -0.03515625 0.01953125
v 0.51953125 0.95703125 0.01953125
v 0.52734375 -0.06640625 0.01953125
v 0.53515625 -0.23046875 0.01953125
v 0.55859375 -0.12109375 0.01953125
v 0.55859375 -0.09765625 0.01953125
v 0.56640625 -0.33203125 0.01953125
v 0.56640625 -0.20703125 0.01953125
v 0.61328125 -0.35546875 0.01953125
v 0.63671875 -0.15234375 0.01953125
v 0.65234375 -0.38671875 0.01953125
v 0.71484375 -0.51953125 0.01953125
v -0.79296875 -0.52734375 0.02734375
v -0.76171875 -0.55078125 0.02734375
v -0.73828125 -0.55078125 0.02734375
v -0.69140625 -0.19140625 0.02734375
v -0.67578125 -0.16015625 0.02734375
v -0.58984375 -0.13671875 0.02734375
v -0.58203125 -0.16796875 0.02734375
v -0.53515625 0.92578125 0.02734375
v -0.52734375 -0.26171875 0.02734375
v -0.52734375 0.86328125 0.02734375
v -0.51953125 0.78515625 0.02734375
v -0.46484375 0.40234375 0.02734375
v -0.45703125 0.33984375 0.02734375
v -0.44921875 0.27734375 0.02734375
v -0.44140625 -0.30078125 0.02734375
v -0.44140625 -0.23828125 0.02734375
v -0.44140625 -0.18359375 0.02734375
v -0.44140625 -0.12890625 0.02734375
v -0.44140625 -0.08203125 0.02734375
v -0.44140625 -0.03515625 0.02734375
v -0.43359375 -0.46484375 0.02734375
v -0.43359375 -0.41796875 0.02734375
v -0.43359375 -0.36328125 0.02734375
v -0.43359375 0.01953125 0.02734375
v -0.43359375 0.08203125 0.02734375
v -0.43359375 0.15234375 0.02734375
v -0.43359375 0.21484375 0.02734375
v -0.42578125 -0.51171875 0.02734375
v -0.41796875 -0.54296875 0.02734375
v -0.41015625 -0.96484375 0.02734375
v -0.41015625 -0.92578125 0.02734375
v -0.41015625 -0.55859375 0.02734375
v -0.40234375 -0.98828125 0.02734375
v -0.40234375 -0.88671875 0.02734375
v -0.39453125 -0.56640625 0.02734375
v -0.38671875 -0.98828125 0.02734375
v -0.38671875 -0.85546875 0.02734375
v -0.36328125 -0.57421875 0.02734375
v -0.35546875 -0.98828125 0.02734375
v -0.35546875 0.79296875 0.02734375
v -0.33203125 0.81640625 0.02734375
v -0.32421875 -0.57421875 0.02734375
v -0.32421875 0.76171875 0.02734375
v -0.30859375 -0.98828125 0.02734375
v -0.30859375 -0.82421875 0.02734375
v -0.30078125 0.78515625 0.02734375
v -0.26953125 -0.98828125 0.02734375
v -0.26953125 -0.82421875 0.02734375
v -0.26953125 -0.56640625 0.02734375
v -0.22265625 -0.55078125 0.02734375
v -0.21484375 -0.98828125 0.02734375
v -0.21484375 -0.83203125 0.02734375
v -0.21484375 -0.55078125 0.02734375
v -0.16796875 -0.55078125 0.02734375
v -0.16015625 -0.98828125 0.02734375
v -0.15234375 -0.85546875 0.02734375
v -0.13671875 -0.56640625 0.02734375
v -0.11328125 -0.88671875 0.02734375
v -0.10546875 -0.56640625 0.02734375
v -0.09765625 0.94921875 0.02734375
v 0.08984375 0.94921875 0.02734375
v 0.10546875 -0.56640625 0.02734375
v 0.11328125 -0.88671875 0.02734375
v 0.13671875 -0.56640625 0.02734375
v 0.16015625 -0.98828125 0.02734375
v 0.16796875 -0.55078125 0.02734375
v 0.21484375 -0.98828125 0.02734375
v 0.21484375 -0.83203125 0.02734375
v 0.26953125 -0.98828125 0.02734375
v 0.26953125 -0.82421875 0.02734375
v 0.26953125 -0.56640625 0.02734375
v 0.30078125 0.78515625 0.02734375
v 0.30859375 -0.98828125 0.02734375
v 0.30859375 -0.82421875 0.02734375
v 0.32421875 -0.57421875 0.02734375
v 0.32421875 0.75390625 0.02734375
v 0.35546875 -0.98828125 0.02734375
v 0.36328125 -0.57421875 0.02734375
v 0.38671875 -0.98828125 0.02734375
v 0.38671875 -0.85546875 0.02734375
v 0.39453125 -0.56640625 0.02734375
v 0.40234375 -0.98828125 0.02734375
v 0.40234375 -0.88671875 0.02734375
v 0.41015625 -0.96484375 0.02734375
v 0.41015625 -0.92578125 0.02734375
v 0.41015625 -0.55078125 0.02734375
v 0.41796875 -0.53515625 0.02734375
v 0.42578125 -0.49609375 0.02734375
v 0.43359375 -0.43359375 0.02734375
v 0.43359375 0.08203125 0.02734375
v 0.43359375 0.15234375 0.02734375
v 0.43359375 0.21484375 0.02734375
v 0.44140625 -0.39453125 0.02734375
v 0.44140625 -0.30078125 0.02734375
v 0.44140625 -0.23828125 0.02734375
v 0.44140625 -0.18359375 0.02734375
v 0.44140625 -0.12890625 0.02734375
v 0.44140625 -0.08203125 0.02734375
v 0.44140625 -0.03515625 0.02734375
v 0.44140625 0.01953125 0.02734375
v 0.44921875 0.27734375 0.02734375
v 0.45703125 0.33984375 0.02734375
v 0.46484375 0.40234375 0.02734375
v 0.51953125 0.78515625 0.02734375
v 0.52734375 -0.26171875 0.02734375
v 0.52734375 0.86328125 0.02734375
v 0.53515625 -0.30078125 0.02734375
v 0.53515625 0.92578125 0.02734375
v 0.58984375 -0.13671875 0.02734375
v 0.69140625 -0.19921875 0.02734375
v 0.70703125 -0.45703125 0.02734375
v 0.71484375 -0.48046875 0.02734375
v 0.73828125 -0.55078125 0.02734375
v 0.76171875 -0.55078125 0.02734375
v 0.79296875 -0.52734375 0.02734375
v -0.82421875 -0.47265625 0.03515625
v -0.81640625 -0.49609375 0.03515625
v -0.81640625 -0.43359375 0.03515625
v -0.80859375 -0.38671875 0.03515625
v -0.78515625 -0.33203125 0.03515625
v -0.75390625 -0.27734375 0.03515625
v -0.69140625 -0.43359375 0.03515625
v -0.15234375 -0.54296875 0.03515625
v -0.12890625 -0.98828125 0.03515625
v -0.10546875 -0.98828125 0.03515625
v -0.10546875 -0.54296875 0.03515625
v -0.09765625 -0.96484375 0.03515625
v -0.09765625 -0.92578125 0.03515625
v -0.05078125 0.92578125 0.03515625
v -0.05078125 0.98046875 0.03515625
v 0.00390625 0.92578125 0.03515625
v 0.00390625 0.98046875 0.03515625
v 0.05078125 0.92578125 0.03515625
v 0.05078125 0.98046875 0.03515625
v 0.09765625 -0.96484375 0.03515625
v 0.09765625 -0.92578125 0.03515625
v 0.10546875 -0.98828125 0.03515625
v 0.10546875 -0.54296875 0.03515625
v 0.12890625 -0.98828125 0.03515625
v 0.15234375 -0.55078125 0.03515625
v 0.63671875 -0.37890625 0.03515625
v 0.66796875 -0.41015625 0.03515625
v 0.67578125 -0.16015625 0.03515625
v 0.69140625 -0.43359375 0.03515625
v 0.75390625 -0.27734375 0.03515625
v 0.78515625 -0.33203125 0.03515625
v 0.80859375 -0.38671875 0.03515625
v 0.81640625 -0.49609375 0.03515625
v 0.81640625 -0.43359375 0.03515625
v 0.82421875 -0.47265625 0.03515625
v -0.76953125 -0.51953125 0.04296875
v -0.73828125 -0.51953125 0.04296875
v -0.70703125 -0.23046875 0.04296875
v -0.68359375 -0.19921875 0.04296875
v -0.48828125 0.61328125 0.04296875
v -0.10546875 0.99609375 0.04296875
v -0.08984375 0.40234375 0.04296875
v 0.10546875 0.99609375 0.04296875
v 0.48828125 0.61328125 0.04296875
v 0.52734375 -0.33203125 0.04296875
v 0.55078125 -0.34765625 0.04296875
v 0.68359375 -0.19921875 0.04296875
v 0.70703125 -0.23046875 0.04296875
v 0.73828125 -0.51953125 0.04296875
v 0.76953125 -0.51953125 0.04296875
v -0.74609375 -0.27734375 0.05078125
v -0.73828125 -0.48828125 0.05078125
v -0.62890625 -0.16015625 0.05078125
v -0.54296875 -0.23046875 0.05078125
v -0.53515625 -0.25390625 0.05078125
v -0.40234375 0.80859375 0.05078125
v -0.39453125 0.76953125 0.05078125
v -0.38671875 0.83203125 0.05078125
v -0.37109375 0.73828125 0.05078125
v -0.35546875 -0.82421875 0.05078125
v -0.35546875 0.84765625 0.05078125
v -0.33984375 0.72265625 0.05078125
v -0.30859375 0.83984375 0.05078125
v -0.30078125 0.72265625 0.05078125
v -0.30078125 0.98046875 0.05078125
v -0.27734375 0.73828125 0.05078125
v -0.27734375 0.80859375 0.05078125
v -0.26171875 0.76953125 0.05078125
v -0.24609375 0.98828125 0.05078125
v -0.17578125 0.98828125 0.05078125
v -0.05078125 0.99609375 0.05078125
v 0.00390625 0.99609375 0.05078125
v 0.05078125 0.99609375 0.05078125
v 0.17578125 0.98828125 0.05078125
v 0.24609375 0.98828125 0.05078125
v 0.26171875 0.77734375 0.05078125
v 0.27734375 0.73828125 0.05078125
v 0.27734375 0.80859375 0.05078125
v 0.30078125 0.72265625 0.05078125
v 0.30078125 0.98046875 0.05078125
v 0.33984375 0.73046875 0.05078125
v 0.35546875 -0.82421875 0.05078125
v 0.37109375 0.76171875 0.05078125
v 0.38671875 0.80078125 0.05078125
v 0.38671875 0.83984375 0.05078125
v 0.54296875 -0.37890625 0.05078125
v 0.58203125 -0.37109375 0.05078125
v 0.73828125 -0.48828125 0.05078125
v 0.74609375 -0.27734375 0.05078125
v -0.80078125 -0.46484375 0.05859375
v -0.80078125 -0.43359375 0.05859375
v -0.79296875 -0.38671875 0.05859375
v -0.78515625 -0.48046875 0.05859375
v -0.76953125 -0.33203125 0.05859375
v -0.76171875 -0.48828125 0.05859375
v -0.64453125 -0.39453125 0.05859375
v -0.62109375 -0.37890625 0.05859375
v -0.56640625 -0.20703125 0.05859375
v -0.50390625 -0.39453125 0.05859375
v -0.50390625 0.69921875 0.05859375
v -0.37890625 -0.84765625 0.05859375
v -0.14453125 0.33203125 0.05859375
v -0.13671875 0.28515625 0.05859375
v -0.11328125 0.23828125 0.05859375
v -0.08203125 0.20703125 0.05859375
v -0.04296875 0.18359375 0.05859375
v 0.00390625 0.17578125 0.05859375
v 0.00390625 0.42578125 0.05859375
v 0.04296875 0.18359375 0.05859375
v 0.05078125 0.41796875 0.05859375
v 0.08203125 0.20703125 0.05859375
v 0.08984375 0.40234375 0.05859375
v 0.11328125 0.23828125 0.05859375
v 0.12109375 0.37890625 0.05859375
v 0.13671875 0.28515625 0.05859375
v 0.14453125 0.33203125 0.05859375
v 0.37890625 -0.84765625 0.05859375
v 0.50390625 -0.39453125 0.05859375
v 0.50390625 0.69921875 0.05859375
v 0.53515625 -0.26171875 0.05859375
v 0.56640625 -0.20703125 0.05859375
v 0.62109375 -0.37890625 0.05859375
v 0.62890625 -0.19921875 0.05859375
v 0.62890625 -0.16015625 0.05859375
v 0.64453125 -0.39453125 0.05859375
v 0.76171875 -0.48828125 0.05859375
v 0.76953125 -0.33203125 0.05859375
v 0.78515625 -0.48046875 0.05859375
v 0.79296875 -0.38671875 0.05859375
v 0.80078125 -0.46484375 0.05859375
v 0.80078125 -0.43359375 0.05859375
v -0.73046875 -0.48828125 0.06640625
v -0.72265625 -0.51953125 0.06640625
v -0.69921875 -0.23828125 0.06640625
v -0.69140625 -0.47265625 0.06640625
v -0.66796875 -0.22265625 0.06640625
v -0.66015625 -0.16015625 0.06640625
v -0.60546875 -0.18359375 0.06640625
v -0.48828125 -0.34765625 0.06640625
v -0.47265625 0.52734375 0.06640625
v -0.43359375 -0.38671875 0.06640625
v -0.39453125 -0.87890625 0.06640625
v 0.00390625 -0.08203125 0.06640625
v 0.39453125 -0.87890625 0.06640625
v 0.47265625 0.40234375 0.06640625
v 0.47265625 0.52734375 0.06640625
v 0.48828125 -0.34765625 0.06640625
v 0.50390625 -0.31640625 0.06640625
v 0.60546875 -0.18359375 0.06640625
v 0.65234375 -0.16015625 0.06640625
v 0.66796875 -0.22265625 0.06640625
v 0.69140625 -0.47265625 0.06640625
v 0.69140625 -0.23828125 0.06640625
v 0.72265625 -0.51953125 0.06640625
v 0.73046875 -0.48828125 0.06640625
v -0.72265625 -0.55078125 0.07421875
v -0.66796875 -0.18359375 0.07421875
v -0.55859375 -0.23828125 0.07421875
v -0.51171875 0.96484375 0.07421875
v -0.05859375 -0.08203125 0.07421875
v 0.00390625 -0.02734375 0.07421875
v 0.05859375 -0.08203125 0.07421875
v 0.51171875 0.96484375 0.07421875
v 0.55078125 -0.23828125 0.07421875
v 0.66796875 -0.18359375 0.07421875
v 0.76171875 -0.48828125 0.07421875
v -0.76171875 -0.49609375 0.08203125
v -0.75390625 -0.51953125 0.08203125
v -0.72265625 -0.28515625 0.08203125
v -0.68359375 -0.51953125 0.08203125
v -0.67578125 -0.48828125 0.08203125
v -0.67578125 -0.25390625 0.08203125
v -0.64453125 -0.40234375 0.08203125
v -0.64453125 -0.23046875 0.08203125
v -0.62109375 -0.38671875 0.08203125
v -0.58984375 -0.38671875 0.08203125
v -0.57421875 -0.23046875 0.08203125
v -0.52734375 -0.29296875 0.08203125
v -0.51953125 0.93359375 0.08203125
v -0.47265625 0.46484375 0.08203125
v -0.47265625 0.98046875 0.08203125
v -0.44921875 -0.30078125 0.08203125
v -0.44921875 -0.23828125 0.08203125
v -0.44921875 -0.18359375 0.08203125
v -0.44921875 -0.12890625 0.08203125
v -0.44921875 -0.08203125 0.08203125
v -0.44921875 -0.03515625 0.08203125
v -0.44921875 0.01953125 0.08203125
v -0.44921875 0.08203125 0.08203125
v -0.44140625 -0.36328125 0.08203125
v -0.43359375 -0.45703125 0.08203125
v -0.43359375 -0.41796875 0.08203125
v -0.42578125 -0.49609375 0.08203125
v -0.41796875 -0.54296875 0.08203125
v -0.41796875 0.98046875 0.08203125
v -0.41015625 -0.55859375 0.08203125
v -0.40234375 -0.97265625 0.08203125
v -0.39453125 -0.56640625 0.08203125
v -0.38671875 -0.98828125 0.08203125
v -0.36328125 -0.56640625 0.08203125
v -0.36328125 0.98046875 0.08203125
v -0.35546875 -0.98828125 0.08203125
v -0.33984375 -0.82421875 0.08203125
v -0.32421875 -0.56640625 0.08203125
v -0.30859375 0.98046875 0.08203125
v -0.26953125 -0.81640625 0.08203125
v -0.26953125 -0.55859375 0.08203125
v -0.24609375 0.98046875 0.08203125
v -0.22265625 -0.82421875 0.08203125
v -0.22265625 -0.55078125 0.08203125
v -0.21484375 -0.55078125 0.08203125
v -0.17578125 -0.84765625 0.08203125
v -0.15234375 -0.54296875 0.08203125
v -0.14453125 -0.87890625 0.08203125
v -0.09765625 -0.54296875 0.08203125
v -0.05078125 -0.54296875 0.08203125
v -0.05078125 -0.02734375 0.08203125
v 0.00390625 -0.55078125 0.08203125
v 0.00390625 -0.14453125 0.08203125
v 0.05078125 -0.55078125 0.08203125
v 0.05078125 -0.02734375 0.08203125
v 0.09765625 -0.54296875 0.08203125
v 0.14453125 -0.87890625 0.08203125
v 0.15234375 -0.55078125 0.08203125
v 0.17578125 -0.84765625 0.08203125
v 0.21484375 -0.55859375 0.08203125
v 0.22265625 -0.82421875 0.08203125
v 0.24609375 0.98046875 0.08203125
v 0.26953125 -0.81640625 0.08203125
v 0.26953125 -0.55859375 0.08203125
v 0.30859375 0.98046875 0.08203125
v 0.32421875 -0.56640625 0.08203125
v 0.33984375 -0.82421875 0.08203125
v 0.35546875 -0.98828125 0.08203125
v 0.36328125 -0.56640625 0.08203125
v 0.36328125 0.98046875 0.08203125
v 0.38671875 -0.98828125 0.08203125
v 0.39453125 -0.98046875 0.08203125
v 0.39453125 -0.56640625 0.08203125
v 0.41015625 -0.55859375 0.08203125
v 0.41796875 -0.53515625 0.08203125
v 0.41796875 0.98046875 0.08203125
v 0.42578125 -0.49609375 0.08203125
v 0.43359375 -0.44140625 0.08203125
v 0.44140625 -0.38671875 0.08203125
v 0.44921875 -0.30078125 0.08203125
v 0.44921875 -0.23828125 0.08203125
v 0.44921875 -0.18359375 0.08203125
v 0.44921875 -0.12890625 0.08203125
v 0.44921875 -0.08203125 0.08203125
v 0.44921875 -0.03515625 0.08203125
v 0.44921875 0.01953125 0.08203125
v 0.44921875 0.08203125 0.08203125
v 0.47265625 0.46484375 0.08203125
v 0.47265625 0.98046875 0.08203125
v 0.51953125 0.93359375 0.08203125
v 0.52734375 -0.29296875 0.08203125
v 0.62109375 -0.38671875 0.08203125
v 0.63671875 -0.23046875 0.08203125
v 0.63671875 -0.17578125 0.08203125
v 0.64453125 -0.40234375 0.08203125
v 0.67578125 -0.48828125 0.08203125
v 0.67578125 -0.25390625 0.08203125
v 0.68359375 -0.51953125 0.08203125
v 0.72265625 -0.27734375 0.08203125
v 0.75390625 -0.52734375 0.08203125
v -0.77734375 -0.46484375 0.08984375
v -0.76953125 -0.38671875 0.08984375
v -0.75390625 -0.33203125 0.08984375
v -0.72265625 -0.56640625 0.08984375
v -0.64453125 -0.26171875 0.08984375
v -0.62109375 -0.19921875 0.08984375
v -0.61328125 -0.26171875 0.08984375
v -0.60546875 -0.23046875 0.08984375
v -0.55078125 -0.33203125 0.08984375
v -0.51953125 0.87109375 0.08984375
v -0.51171875 0.78515625 0.08984375
v -0.48828125 0.61328125 0.08984375
v -0.47265625 0.40234375 0.08984375
v -0.46484375 0.27734375 0.08984375
v -0.46484375 0.33984375 0.08984375
v -0.45703125 0.15234375 0.08984375
v -0.45703125 0.21484375 0.08984375
v -0.37109375 -0.84765625 0.08984375
v -0.30859375 -0.98828125 0.08984375
v -0.27734375 -0.30078125 0.08984375
v -0.26953125 -0.98828125 0.08984375
v -0.22265625 -0.98828125 0.08984375
v -0.17578125 -0.98828125 0.08984375
v -0.17578125 0.98828125 0.08984375
v -0.15234375 -0.98828125 0.08984375
v -0.13671875 -0.98046875 0.08984375
v -0.12890625 -0.96484375 0.08984375
v -0.12890625 -0.92578125 0.08984375
v -0.12109375 0.98828125 0.08984375
v -0.05859375 0.99609375 0.08984375
v -0.05078125 -0.13671875 0.08984375
v 0.05078125 -0.13671875 0.08984375
v 0.05859375 0.99609375 0.08984375
v 0.11328125 0.98828125 0.08984375
v 0.12890625 -0.96484375 0.08984375
v 0.12890625 -0.92578125 0.08984375
v 0.13671875 -0.98046875 0.08984375
v 0.16015625 -0.98828125 0.08984375
v 0.17578125 0.98828125 0.08984375
v 0.19140625 -0.98828125 0.08984375
v 0.23046875 -0.98828125 0.08984375
v 0.27734375 -0.30078125 0.08984375
v 0.28515625 -0.98828125 0.08984375
v 0.32421875 -0.98828125 0.08984375
v 0.37109375 -0.84765625 0.08984375
v 0.45703125 0.15234375 0.08984375
v 0.45703125 0.21484375 0.08984375
v 0.46484375 0.27734375 0.08984375
v 0.48828125 0.61328125 0.08984375
v 0.51171875 0.78515625 0.08984375
v 0.51953125 0.87109375 0.08984375
v 0.57421875 -0.26171875 0.08984375
v 0.58984375 -0.37890625 0.08984375
v 0.60546875 -0.26171875 0.08984375
v 0.60546875 -0.23046875 0.08984375
v 0.64453125 -0.26171875 0.08984375
v 0.72265625 -0.56640625 0.08984375
v 0.75390625 -0.33203125 0.08984375
v 0.76953125 -0.38671875 0.08984375
v 0.77734375 -0.46484375 0.08984375
v -0.77734375 -0.43359375 0.09765625
v -0.75390625 -0.55078125 0.09765625
v -0.66796875 -0.43359375 0.09765625
v -0.62109375 -0.37890625 0.09765625
v -0.59765625 -0.37890625 0.09765625
v -0.49609375 0.96484375 0.09765625
v -0.38671875 -0.87890625 0.09765625
v -0.23046875 -0.29296875 0.09765625
v 0.00390625 0.99609375 0.09765625
v 0.23046875 -0.29296875 0.09765625
v 0.38671875 -0.87890625 0.09765625
v 0.49609375 0.96484375 0.09765625
v 0.62109375 -0.37890625 0.09765625
v 0.66796875 -0.43359375 0.09765625
v 0.69921875 -0.27734375 0.09765625
v 0.77734375 -0.43359375 0.09765625
v -0.76953125 -0.49609375 0.10546875
v -0.76171875 -0.51953125 0.10546875
v -0.73828125 -0.33203125 0.10546875
v -0.73046875 -0.56640625 0.10546875
v -0.71484375 -0.57421875 0.10546875
v -0.69140625 -0.28515625 0.10546875
v -0.67578125 -0.54296875 0.10546875
v -0.66796875 -0.51953125 0.10546875
v -0.66796875 -0.49609375 0.10546875
v -0.66796875 -0.46484375 0.10546875
v -0.64453125 -0.38671875 0.10546875
v -0.49609375 0.69921875 0.10546875
v -0.49609375 0.93359375 0.10546875
v -0.48828125 -0.33203125 0.10546875
v -0.46484375 0.96484375 0.10546875
v -0.41796875 0.96484375 0.10546875
v -0.39453125 -0.91796875 0.10546875
v -0.36328125 0.96484375 0.10546875
v -0.30859375 -0.82421875 0.10546875
v -0.30859375 0.96484375 0.10546875
v -0.26953125 -0.23046875 0.10546875
v -0.24609375 0.97265625 0.10546875
v -0.10546875 -0.08203125 0.10546875
v -0.09765625 -0.03515625 0.10546875
v -0.08984375 -0.12109375 0.10546875
v -0.04296875 0.01953125 0.10546875
v 0.00390625 0.01953125 0.10546875
v 0.04296875 0.01953125 0.10546875
v 0.08984375 -0.12109375 0.10546875
v 0.09765625 -0.03515625 0.10546875
v 0.10546875 -0.08203125 0.10546875
v 0.24609375 0.97265625 0.10546875
v 0.26953125 -0.23046875 0.10546875
v 0.30859375 -0.82421875 0.10546875
v 0.30859375 0.96484375 0.10546875
v 0.36328125 0.96484375 0.10546875
v 0.39453125 -0.92578125 0.10546875
v 0.41796875 0.96484375 0.10546875
v 0.46484375 0.96484375 0.10546875
v 0.49609375 0.69921875 0.10546875
v 0.49609375 0.93359375 0.10546875
v 0.64453125 -0.39453125 0.10546875
v 0.66796875 -0.51953125 0.10546875
v 0.66796875 -0.49609375 0.10546875
v 0.66796875 -0.46484375 0.10546875
v 0.67578125 -0.54296875 0.10546875
v 0.73828125 -0.33203125 0.10546875
v 0.76171875 -0.51953125 0.10546875
v 0.76953125 -0.49609375 0.10546875
v -0.75390625 -0.38671875 0.11328125
v -0.66015625 -0.30078125 0.11328125
v -0.62109375 -0.35546875 0.11328125
v -0.60546875 -0.29296875 0.11328125
v -0.58984375 -0.36328125 0.11328125
v -0.51171875 -0.44140625 0.11328125
v -0.49609375 0.87109375 0.11328125
v -0.48828125 0.79296875 0.11328125
v -0.47265625 0.52734375 0.11328125
v -0.43359375 0.78515625 0.11328125
v -0.43359375 0.83203125 0.11328125
v -0.39453125 -0.96484375 0.11328125
v -0.38671875 -0.98046875 0.11328125
v -0.36328125 0.87109375 0.11328125
v -0.31640625 -0.30078125 0.11328125
v -0.30078125 0.67578125 0.11328125
v -0.30078125 0.87109375 0.11328125
v -0.26953125 0.69921875 0.11328125
v -0.26171875 0.83203125 0.11328125
v -0.25390625 0.73828125 0.11328125
v -0.24609375 0.78515625 0.11328125
v -0.23046875 -0.23046875 0.11328125
v -0.17578125 0.97265625 0.11328125
v -0.16015625 0.33984375 0.11328125
v -0.15234375 0.27734375 0.11328125
v -0.14453125 0.39453125 0.11328125
v -0.12109375 0.23046875 0.11328125
v -0.12109375 0.97265625 0.11328125
v -0.09765625 0.41796875 0.11328125
v -0.08984375 0.19921875 0.11328125
v -0.07421875 -0.00390625 0.11328125
v -0.05078125 0.43359375 0.11328125
v -0.04296875 0.18359375 0.11328125
v 0.00390625 0.17578125 0.11328125
v 0.00390625 0.43359375 0.11328125
v 0.04296875 0.18359375 0.11328125
v 0.05078125 0.43359375 0.11328125
v 0.07421875 -0.00390625 0.11328125
v 0.08984375 0.19921875 0.11328125
v 0.09765625 0.41796875 0.11328125
v 0.12109375 0.23046875 0.11328125
v 0.12109375 0.97265625 0.11328125
v 0.14453125 0.39453125 0.11328125
v 0.15234375 0.27734375 0.11328125
v 0.16015625 0.33984375 0.11328125
v 0.17578125 0.97265625 0.11328125
v 0.23046875 -0.23046875 0.11328125
v 0.24609375 0.78515625 0.11328125
v 0.25390625 0.73828125 0.11328125
v 0.26171875 0.83984375 0.11328125
v 0.26953125 0.69921875 0.11328125
v 0.30078125 0.67578125 0.11328125
v 0.31640625 -0.30078125 0.11328125
v 0.36328125 0.87109375 0.11328125
v 0.38671875 -0.98046875 0.11328125
v 0.39453125 -0.96484375 0.11328125
v 0.41796875 0.81640625 0.11328125
v 0.47265625 0.52734375 0.11328125
v 0.48828125 0.79296875 0.11328125
v 0.49609375 0.87109375 0.11328125
v 0.51171875 -0.44140625 0.11328125
v 0.55859375 -0.30078125 0.11328125
v 0.60546875 -0.30078125 0.11328125
v 0.61328125 -0.36328125 0.11328125
v 0.65234375 -0.30078125 0.11328125
v 0.75390625 -0.38671875 0.11328125
v -0.76953125 -0.47265625 0.12109375
v -0.76171875 -0.43359375 0.12109375
v -0.75390625 -0.53515625 0.12109375
v -0.75390625 -0.51171875 0.12109375
v -0.75390625 -0.49609375 0.12109375
v -0.74609375 -0.51953125 0.12109375
v -0.74609375 -0.50390625 0.12109375
v -0.74609375 -0.49609375 0.12109375
v -0.73828125 -0.51171875 0.12109375
v -0.73828125 -0.50390625 0.12109375
v -0.73828125 -0.49609375 0.12109375
v -0.64453125 -0.36328125 0.12109375
v -0.61328125 -0.32421875 0.12109375
v -0.48046875 0.58984375 0.12109375
v -0.48046875 0.71484375 0.12109375
v -0.46484375 0.46484375 0.12109375
v -0.46484375 0.79296875 0.12109375
v -0.46484375 0.83203125 0.12109375
v -0.46484375 0.93359375 0.12109375
v -0.41796875 0.73828125 0.12109375
v -0.41796875 0.93359375 0.12109375
v -0.41015625 0.87109375 0.12109375
v -0.38671875 0.69921875 0.12109375
v -0.36328125 0.93359375 0.12109375
v -0.35546875 -0.98828125 0.12109375
v -0.35546875 -0.84765625 0.12109375
v -0.34765625 0.67578125 0.12109375
v -0.30859375 -0.23046875 0.12109375
v -0.30078125 0.93359375 0.12109375
v -0.27734375 -0.36328125 0.12109375
v -0.26953125 -0.82421875 0.12109375
v -0.23828125 0.93359375 0.12109375
v -0.23046875 -0.83203125 0.12109375
v -0.23046875 -0.35546875 0.12109375
v -0.19140625 -0.85546875 0.12109375
v -0.17578125 0.93359375 0.12109375
v -0.16796875 -0.87890625 0.12109375
v -0.05859375 0.98046875 0.12109375
v 0.00390625 0.98046875 0.12109375
v 0.05859375 0.98046875 0.12109375
v 0.16796875 -0.87890625 0.12109375
v 0.17578125 0.93359375 0.12109375
v 0.19140625 -0.85546875 0.12109375
v 0.23046875 -0.83203125 0.12109375
v 0.23046875 -0.35546875 0.12109375
v 0.23828125 0.93359375 0.12109375
v 0.26171875 -0.19921875 0.12109375
v 0.26953125 -0.82421875 0.12109375
v 0.27734375 -0.36328125 0.12109375
v 0.30078125 0.93359375 0.12109375
v 0.30859375 -0.23046875 0.12109375
v 0.35546875 -0.84765625 0.12109375
v 0.36328125 0.93359375 0.12109375
v 0.39453125 0.75390625 0.12109375
v 0.41015625 0.87109375 0.12109375
v 0.41796875 0.93359375 0.12109375
v 0.46484375 0.46484375 0.12109375
v 0.46484375 0.79296875 0.12109375
v 0.46484375 0.93359375 0.12109375
v 0.48046875 0.58984375 0.12109375
v 0.48046875 0.71484375 0.12109375
v 0.55859375 -0.37109375 0.12109375
v 0.61328125 -0.33203125 0.12109375
v 0.64453125 -0.37109375 0.12109375
v 0.64453125 -0.33984375 0.12109375
v 0.74609375 -0.53515625 0.12109375
v 0.75390625 -0.51171875 0.12109375
v 0.75390625 -0.49609375 0.12109375
v 0.76171875 -0.43359375 0.12109375
v 0.76953125 -0.47265625 0.12109375
v -0.74609375 -0.48828125 0.12890625
v -0.73828125 -0.49609375 0.12890625
v -0.72265625 -0.56640625 0.12890625
v -0.70703125 -0.56640625 0.12890625
v -0.70703125 -0.33984375 0.12890625
v -0.68359375 -0.54296875 0.12890625
v -0.67578125 -0.40234375 0.12890625
v -0.58203125 -0.33203125 0.12890625
v -0.56640625 -0.36328125 0.12890625
v -0.48046875 0.65234375 0.12890625
v -0.46484375 0.08203125 0.12890625
v -0.46484375 0.33984375 0.12890625
v -0.46484375 0.40234375 0.12890625
v -0.46484375 0.87109375 0.12890625
v -0.45703125 0.01953125 0.12890625
v -0.45703125 0.71484375 0.12890625
v -0.44921875 -0.12890625 0.12890625
v -0.44921875 -0.08203125 0.12890625
v -0.44921875 -0.03515625 0.12890625
v -0.37109375 -0.87890625 0.12890625
v -0.23828125 0.86328125 0.12890625
v -0.19140625 -0.29296875 0.12890625
v -0.12109375 0.93359375 0.12890625
v 0.12109375 0.93359375 0.12890625
v 0.19140625 -0.29296875 0.12890625
v 0.23828125 0.86328125 0.12890625
v 0.35546875 -0.98828125 0.12890625
v 0.35546875 0.68359375 0.12890625
v 0.37109375 -0.87890625 0.12890625
v 0.43359375 0.79296875 0.12890625
v 0.44140625 0.87109375 0.12890625
v 0.44921875 -0.12890625 0.12890625
v 0.44921875 -0.08203125 0.12890625
v 0.44921875 -0.03515625 0.12890625
v 0.45703125 0.01953125 0.12890625
v 0.45703125 0.71484375 0.12890625
v 0.46484375 0.08203125 0.12890625
v 0.46484375 0.87109375 0.12890625
v 0.48046875 0.65234375 0.12890625
v 0.51171875 -0.32421875 0.12890625
v 0.55078125 -0.37890625 0.12890625
v 0.67578125 -0.40234375 0.12890625
v 0.68359375 -0.54296875 0.12890625
v 0.69140625 -0.55859375 0.12890625
v 0.70703125 -0.33203125 0.12890625
v -0.75390625 -0.48046875 0.13671875
v -0.75390625 -0.46484375 0.13671875
v -0.73828125 -0.54296875 0.13671875
v -0.73828125 -0.53515625 0.13671875
v -0.73828125 -0.43359375 0.13671875
v -0.73046875 -0.38671875 0.13671875
v -0.72265625 -0.55078125 0.13671875
v -0.70703125 -0.38671875 0.13671875
v -0.69921875 -0.55859375 0.13671875
v -0.68359375 -0.51953125 0.13671875
v -0.68359375 -0.49609375 0.13671875
v -0.68359375 -0.46484375 0.13671875
v -0.68359375 -0.43359375 0.13671875
v -0.67578125 -0.35546875 0.13671875
v -0.51171875 -0.43359375 0.13671875
v -0.51171875 -0.33984375 0.13671875
v -0.48828125 -0.42578125 0.13671875
v -0.47265625 0.21484375 0.13671875
v -0.47265625 0.27734375 0.13671875
v -0.46484375 0.15234375 0.13671875
v -0.45703125 0.52734375 0.13671875
v -0.45703125 0.58984375 0.13671875
v -0.45703125 0.65234375 0.13671875
v -0.44921875 -0.30078125 0.13671875
v -0.44921875 -0.23828125 0.13671875
v -0.44921875 -0.18359375 0.13671875
v -0.44140625 -0.37890625 0.13671875
v -0.44140625 -0.36328125 0.13671875
v -0.43359375 -0.46484375 0.13671875
v -0.43359375 -0.41796875 0.13671875
v -0.42578125 -0.49609375 0.13671875
v -0.41796875 -0.54296875 0.13671875
v -0.41796875 0.70703125 0.13671875
v -0.41015625 -0.55859375 0.13671875
v -0.39453125 -0.56640625 0.13671875
v -0.38671875 0.67578125 0.13671875
v -0.36328125 -0.56640625 0.13671875
v -0.33203125 -0.84765625 0.13671875
v -0.32421875 -0.56640625 0.13671875
v -0.31640625 -0.35546875 0.13671875
v -0.26953125 -0.55859375 0.13671875
v -0.26171875 0.68359375 0.13671875
v -0.23828125 0.73828125 0.13671875
v -0.22265625 -0.55078125 0.13671875
v -0.22265625 0.79296875 0.13671875
v -0.21484375 -0.55078125 0.13671875
v -0.19921875 -0.23828125 0.13671875
v -0.19140625 -0.98828125 0.13671875
v -0.19140625 -0.34765625 0.13671875
v -0.17578125 0.86328125 0.13671875
v -0.16796875 -0.98046875 0.13671875
v -0.16015625 -0.95703125 0.13671875
v -0.16015625 -0.91796875 0.13671875
v -0.15234375 -0.55078125 0.13671875
v -0.09765625 -0.54296875 0.13671875
v -0.05859375 0.93359375 0.13671875
v -0.05078125 -0.55078125 0.13671875
v 0.00390625 -0.55078125 0.13671875
v 0.00390625 -0.16796875 0.13671875
v 0.00390625 0.93359375 0.13671875
v 0.03515625 -0.55078125 0.13671875
v 0.05859375 0.93359375 0.13671875
v 0.09765625 -0.55078125 0.13671875
v 0.15234375 -0.55078125 0.13671875
v 0.16015625 -0.95703125 0.13671875
v 0.16015625 -0.91796875 0.13671875
v 0.16796875 -0.98046875 0.13671875
v 0.17578125 0.86328125 0.13671875
v 0.19140625 -0.34765625 0.13671875
v 0.19140625 -0.23828125 0.13671875
v 0.21484375 -0.55859375 0.13671875
v 0.22265625 0.79296875 0.13671875
v 0.26171875 0.68359375 0.13671875
v 0.26953125 -0.55859375 0.13671875
v 0.30078125 -0.19921875 0.13671875
v 0.31640625 -0.35546875 0.13671875
v 0.32421875 -0.56640625 0.13671875
v 0.33203125 -0.84765625 0.13671875
v 0.36328125 -0.56640625 0.13671875
v 0.38671875 0.68359375 0.13671875
v 0.39453125 -0.56640625 0.13671875
v 0.41015625 -0.55859375 0.13671875
v 0.41796875 -0.53515625 0.13671875
v 0.41796875 0.71484375 0.13671875
v 0.42578125 -0.49609375 0.13671875
v 0.43359375 -0.44140625 0.13671875
v 0.44140625 -0.38671875 0.13671875
v 0.44140625 -0.36328125 0.13671875
v 0.44921875 -0.30078125 0.13671875
v 0.44921875 -0.23828125 0.13671875
v 0.44921875 -0.18359375 0.13671875
v 0.45703125 0.52734375 0.13671875
v 0.45703125 0.58984375 0.13671875
v 0.45703125 0.65234375 0.13671875
v 0.46484375 0.15234375 0.13671875
v 0.47265625 0.21484375 0.13671875
v 0.47265625 0.27734375 0.13671875
v 0.48828125 -0.42578125 0.13671875
v 0.51171875 -0.43359375 0.13671875
v 0.53515625 -0.40234375 0.13671875
v 0.68359375 -0.51953125 0.13671875
v 0.68359375 -0.49609375 0.13671875
v 0.68359375 -0.46484375 0.13671875
v 0.68359375 -0.43359375 0.13671875
v 0.68359375 -0.35546875 0.13671875
v 0.69921875 -0.55859375 0.13671875
v 0.73046875 -0.53515625 0.13671875
v 0.73046875 -0.38671875 0.13671875
v 0.73828125 -0.43359375 0.13671875
v 0.75390625 -0.48046875 0.13671875
v 0.75390625 -0.46484375 0.13671875
v -0.73828125 -0.48046875 0.14453125
v -0.73828125 -0.45703125 0.14453125
v -0.73046875 -0.53515625 0.14453125
v -0.72265625 -0.43359375 0.14453125
v -0.70703125 -0.53515625 0.14453125
v -0.46484375 0.40234375 0.14453125
v -0.44921875 0.46484375 0.14453125
v -0.41796875 0.52734375 0.14453125
v -0.41796875 0.58984375 0.14453125
v -0.41796875 0.65234375 0.14453125
v -0.37109375 -0.95703125 0.14453125
v -0.36328125 -0.98046875 0.14453125
v -0.36328125 -0.91015625 0.14453125
v -0.36328125 0.52734375 0.14453125
v -0.36328125 0.58984375 0.14453125
v -0.36328125 0.65234375 0.14453125
v -0.30859375 -0.84765625 0.14453125
v -0.30078125 0.52734375 0.14453125
v -0.30078125 0.58984375 0.14453125
v -0.30078125 0.65234375 0.14453125
v -0.26953125 -0.98828125 0.14453125
v -0.23046875 -0.98828125 0.14453125
v -0.23046875 -0.85546875 0.14453125
v -0.12109375 0.86328125 0.14453125
v -0.08984375 -0.12890625 0.14453125
v -0.05859375 0.86328125 0.14453125
v -0.05078125 -0.16015625 0.14453125
v 0.05078125 -0.16015625 0.14453125
v 0.05859375 0.86328125 0.14453125
v 0.08984375 -0.12890625 0.14453125
v 0.12109375 0.86328125 0.14453125
v 0.22265625 -0.98828125 0.14453125
v 0.23046875 -0.85546875 0.14453125
v 0.23828125 0.73046875 0.14453125
v 0.25390625 -0.98828125 0.14453125
v 0.29296875 -0.98828125 0.14453125
v 0.30078125 0.58984375 0.14453125
v 0.30078125 0.65234375 0.14453125
v 0.30859375 -0.84765625 0.14453125
v 0.36328125 -0.98046875 0.14453125
v 0.36328125 0.52734375 0.14453125
v 0.36328125 0.58984375 0.14453125
v 0.36328125 0.65234375 0.14453125
v 0.37109375 -0.95703125 0.14453125
v 0.37109375 -0.91796875 0.14453125
v 0.41796875 0.52734375 0.14453125
v 0.41796875 0.58984375 0.14453125
v 0.41796875 0.65234375 0.14453125
v 0.44921875 0.46484375 0.14453125
v 0.46484375 0.40234375 0.14453125
v 0.52734375 -0.33984375 0.14453125
v 0.53515625 -0.37109375 0.14453125
v 0.70703125 -0.53515625 0.14453125
v 0.70703125 -0.38671875 0.14453125
v 0.72265625 -0.43359375 0.14453125
v 0.73046875 -0.49609375 0.14453125
v 0.73828125 -0.48046875 0.14453125
v 0.73828125 -0.46484375 0.14453125
v -0.71484375 -0.47265625 0.15234375
v -0.51171875 -0.40234375 0.15234375
v -0.51171875 -0.37109375 0.15234375
v -0.44921875 -0.18359375 0.15234375
v -0.41796875 0.46484375 0.15234375
v -0.36328125 -0.91796875 0.15234375
v -0.36328125 0.46484375 0.15234375
v -0.34765625 -0.30078125 0.15234375
v -0.33984375 -0.23046875 0.15234375
v -0.30859375 -0.98046875 0.15234375
v -0.30859375 -0.19140625 0.15234375
v -0.30078125 0.46484375 0.15234375
v -0.27734375 -0.40234375 0.15234375
v -0.27734375 -0.18359375 0.15234375
v -0.26953125 -0.84765625 0.15234375
v -0.24609375 0.52734375 0.15234375
v -0.24609375 0.58984375 0.15234375
v -0.23828125 0.46484375 0.15234375
v -0.23046875 -0.39453125 0.15234375
v -0.23046875 -0.19140625 0.15234375
v -0.20703125 0.58984375 0.15234375
v -0.19921875 -0.37890625 0.15234375
v -0.19921875 0.46484375 0.15234375
v -0.19921875 0.52734375 0.15234375
v -0.19140625 -0.89453125 0.15234375
v -0.16796875 0.33984375 0.15234375
v -0.15234375 0.27734375 0.15234375
v -0.15234375 0.40234375 0.15234375
v -0.12109375 0.23046875 0.15234375
v -0.11328125 -0.08203125 0.15234375
v -0.10546875 0.42578125 0.15234375
v -0.09765625 -0.03515625 0.15234375
v -0.08203125 0.19921875 0.15234375
v -0.07421875 -0.00390625 0.15234375
v -0.05078125 0.43359375 0.15234375
v -0.04296875 0.17578125 0.15234375
v -0.03515625 0.01953125 0.15234375
v 0.00390625 0.02734375 0.15234375
v 0.00390625 0.16796875 0.15234375
v 0.00390625 0.43359375 0.15234375
v 0.00390625 0.80078125 0.15234375
v 0.03515625 0.01953125 0.15234375
v 0.04296875 0.17578125 0.15234375
v 0.07421875 -0.00390625 0.15234375
v 0.08203125 0.19921875 0.15234375
v 0.09765625 -0.03515625 0.15234375
v 0.10546875 0.42578125 0.15234375
v 0.11328125 -0.08203125 0.15234375
v 0.12109375 0.23046875 0.15234375
v 0.15234375 0.27734375 0.15234375
v 0.15234375 0.40234375 0.15234375
v 0.16796875 0.33984375 0.15234375
v 0.17578125 0.79296875 0.15234375
v 0.19140625 -0.89453125 0.15234375
v 0.19140625 0.46484375 0.15234375
v 0.19921875 -0.98046875 0.15234375
v 0.19921875 -0.37890625 0.15234375
v 0.19921875 0.52734375 0.15234375
v 0.19921875 0.65234375 0.15234375
v 0.20703125 0.58984375 0.15234375
v 0.21484375 0.66796875 0.15234375
v 0.23046875 -0.39453125 0.15234375
v 0.23046875 -0.19140625 0.15234375
v 0.24609375 0.46484375 0.15234375
v 0.24609375 0.52734375 0.15234375
v 0.24609375 0.58984375 0.15234375
v 0.24609375 0.65234375 0.15234375
v 0.26953125 -0.84765625 0.15234375
v 0.27734375 -0.40234375 0.15234375
v 0.27734375 -0.17578125 0.15234375
v 0.30078125 0.46484375 0.15234375
v 0.30078125 0.52734375 0.15234375
v 0.33984375 -0.23046875 0.15234375
v 0.34765625 -0.30078125 0.15234375
v 0.36328125 0.46484375 0.15234375
v 0.38671875 -0.56640625 0.15234375
v 0.41796875 0.46484375 0.15234375
v 0.44921875 -0.18359375 0.15234375
v 0.51171875 -0.40234375 0.15234375
v 0.71484375 -0.49609375 0.15234375
v 0.71484375 -0.47265625 0.15234375
v -0.46484375 0.08203125 0.16015625
v -0.46484375 0.33984375 0.16015625
v -0.45703125 0.01953125 0.16015625
v -0.44921875 -0.23828125 0.16015625
v -0.44921875 -0.12890625 0.16015625
v -0.44921875 -0.08203125 0.16015625
v -0.44921875 -0.03515625 0.16015625
v -0.44921875 0.40234375 0.16015625
v -0.44140625 -0.36328125 0.16015625
v -0.44140625 -0.30078125 0.16015625
v -0.43359375 -0.42578125 0.16015625
v -0.42578125 -0.49609375 0.16015625
v -0.41796875 -0.54296875 0.16015625
v -0.37109375 -0.56640625 0.16015625
v -0.34765625 -0.36328125 0.16015625
v -0.32421875 -0.39453125 0.16015625
v -0.19921875 -0.20703125 0.16015625
v -0.19921875 0.52734375 0.16015625
v -0.19140625 0.46484375 0.16015625
v -0.18359375 0.39453125 0.16015625
v 0.08203125 0.72265625 0.16015625
v 0.14453125 0.71484375 0.16015625
v 0.19921875 -0.20703125 0.16015625
v 0.32421875 -0.39453125 0.16015625
v 0.34765625 -0.36328125 0.16015625
v 0.36328125 -0.56640625 0.16015625
v 0.39453125 -0.56640625 0.16015625
v 0.41015625 -0.55859375 0.16015625
v 0.41796875 -0.54296875 0.16015625
v 0.42578125 -0.49609375 0.16015625
v 0.43359375 -0.43359375 0.16015625
v 0.44140625 -0.36328125 0.16015625
v 0.44140625 -0.30078125 0.16015625
v 0.44921875 -0.23828125 0.16015625
v 0.44921875 -0.12890625 0.16015625
v 0.44921875 -0.08203125 0.16015625
v 0.44921875 -0.03515625 0.16015625
v 0.44921875 0.40234375 0.16015625
v 0.45703125 0.01953125 0.16015625
v 0.46484375 0.08203125 0.16015625
v 0.46484375 0.33984375 0.16015625
v -0.46484375 0.15234375 0.16796875
v -0.46484375 0.21484375 0.16796875
v -0.46484375 0.27734375 0.16796875
v -0.41796875 0.40234375 0.16796875
v -0.36328125 0.40234375 0.16796875
v -0.33203125 -0.98046875 0.16796875
v -0.32421875 -0.88671875 0.16796875
v -0.30078125 0.40234375 0.16796875
v -0.26953125 -0.87890625 0.16796875
v -0.23828125 0.40234375 0.16796875
v -0.23046875 -0.88671875 0.16796875
v -0.18359375 0.40234375 0.16796875
v -0.17578125 -0.23828125 0.16796875
v -0.16796875 0.33984375 0.16796875
v -0.16796875 0.68359375 0.16796875
v -0.16015625 -0.33984375 0.16796875
v -0.16015625 -0.28515625 0.16796875
v -0.14453125 0.27734375 0.16796875
v -0.13671875 0.74609375 0.16796875
v -0.12109375 0.23046875 0.16796875
v -0.09765625 0.35546875 0.16796875
v -0.09765625 0.40234375 0.16796875
v -0.05078125 0.35546875 0.16796875
v -0.05078125 0.40234375 0.16796875
v -0.05078125 0.44140625 0.16796875
v -0.05078125 0.70703125 0.16796875
v -0.04296875 0.18359375 0.16796875
v 0.00390625 0.18359375 0.16796875
v 0.00390625 0.35546875 0.16796875
v 0.00390625 0.44140625 0.16796875
v 0.05078125 0.35546875 0.16796875
v 0.05078125 0.44140625 0.16796875
v 0.05078125 0.66796875 0.16796875
v 0.05078125 0.70703125 0.16796875
v 0.08984375 0.35546875 0.16796875
v 0.09765625 0.40234375 0.16796875
v 0.10546875 0.71484375 0.16796875
v 0.12109375 0.23046875 0.16796875
v 0.14453125 0.27734375 0.16796875
v 0.16015625 -0.33984375 0.16796875
v 0.16015625 -0.28515625 0.16796875
v 0.16796875 0.33984375 0.16796875
v 0.17578125 -0.23828125 0.16796875
v 0.18359375 0.40234375 0.16796875
v 0.23046875 -0.88671875 0.16796875
v 0.24609375 0.40234375 0.16796875
v 0.26953125 -0.87890625 0.16796875
v 0.30078125 0.40234375 0.16796875
v 0.32421875 -0.88671875 0.16796875
v 0.33203125 -0.98046875 0.16796875
v 0.36328125 0.40234375 0.16796875
v 0.40234375 -0.56640625 0.16796875
v 0.41796875 0.40234375 0.16796875
v 0.46484375 0.15234375 0.16796875
v 0.46484375 0.21484375 0.16796875
v 0.46484375 0.27734375 0.16796875
v -0.44140625 0.33984375 0.17578125
v -0.41015625 -0.55078125 0.17578125
v -0.23046875 -0.97265625 0.17578125
v -0.23046875 -0.92578125 0.17578125
v -0.21484375 0.41015625 0.17578125
v -0.17578125 -0.38671875 0.17578125
v -0.15234375 0.27734375 0.17578125
v 0.15234375 0.27734375 0.17578125
v 0.16796875 0.68359375 0.17578125
v 0.17578125 -0.38671875 0.17578125
v 0.19140625 0.52734375 0.17578125
v 0.20703125 0.41796875 0.17578125
v 0.23046875 -0.97265625 0.17578125
v 0.23046875 -0.92578125 0.17578125
v 0.39453125 -0.56640625 0.17578125
v 0.41015625 -0.54296875 0.17578125
v 0.44140625 0.33984375 0.17578125
v 0.46484375 0.15234375 0.17578125
v -0.44921875 0.08203125 0.18359375
v -0.44140625 -0.12890625 0.18359375
v -0.44140625 -0.08203125 0.18359375
v -0.44140625 -0.03515625 0.18359375
v -0.44140625 0.01953125 0.18359375
v -0.43359375 -0.36328125 0.18359375
v -0.43359375 -0.30078125 0.18359375
v -0.42578125 -0.47265625 0.18359375
v -0.42578125 -0.41796875 0.18359375
v -0.41796875 -0.49609375 0.18359375
v -0.41796875 0.33984375 0.18359375
v -0.40234375 -0.54296875 0.18359375
v -0.37890625 -0.30078125 0.18359375
v -0.37109375 -0.56640625 0.18359375
v -0.37109375 -0.35546875 0.18359375
v -0.37109375 -0.23828125 0.18359375
v -0.36328125 0.33984375 0.18359375
v -0.34765625 -0.56640625 0.18359375
v -0.34765625 -0.19140625 0.18359375
v -0.30078125 0.33984375 0.18359375
v -0.27734375 -0.97265625 0.18359375
v -0.27734375 -0.42578125 0.18359375
v -0.26953125 -0.92578125 0.18359375
v -0.26953125 -0.55078125 0.18359375
v -0.24609375 0.33984375 0.18359375
v -0.23828125 0.37890625 0.18359375
v -0.22265625 -0.54296875 0.18359375
v -0.22265625 -0.41015625 0.18359375
v -0.21484375 0.36328125 0.18359375
v -0.19140625 0.58984375 0.18359375
v -0.18359375 0.52734375 0.18359375
v -0.18359375 0.65234375 0.18359375
v -0.16015625 0.37890625 0.18359375
v -0.15234375 -0.54296875 0.18359375
v -0.15234375 0.46484375 0.18359375
v -0.14453125 0.68359375 0.18359375
v -0.12890625 0.35546875 0.18359375
v -0.11328125 0.73828125 0.18359375
v -0.10546875 0.33203125 0.18359375
v -0.10546875 0.43359375 0.18359375
v -0.09765625 -0.54296875 0.18359375
v -0.05859375 0.31640625 0.18359375
v -0.05078125 -0.54296875 0.18359375
v -0.05078125 0.73828125 0.18359375
v -0.04296875 0.45703125 0.18359375
v -0.04296875 0.76953125 0.18359375
v -0.02734375 0.62109375 0.18359375
v -0.02734375 0.66796875 0.18359375
v -0.02734375 0.71484375 0.18359375
v 0.00390625 -0.54296875 0.18359375
v 0.00390625 0.31640625 0.18359375
v 0.00390625 0.45703125 0.18359375
v 0.00390625 0.62109375 0.18359375
v 0.00390625 0.66796875 0.18359375
v 0.00390625 0.71484375 0.18359375
v 0.02734375 -0.54296875 0.18359375
v 0.02734375 0.62109375 0.18359375
v 0.02734375 0.66796875 0.18359375
v 0.02734375 0.71484375 0.18359375
v 0.04296875 0.45703125 0.18359375
v 0.05078125 0.74609375 0.18359375
v 0.06640625 0.32421875 0.18359375
v 0.07421875 0.68359375 0.18359375
v 0.09765625 -0.54296875 0.18359375
v 0.10546875 0.43359375 0.18359375
v 0.12890625 0.23046875 0.18359375
v 0.12890625 0.35546875 0.18359375
v 0.15234375 -0.55078125 0.18359375
v 0.16796875 0.45703125 0.18359375
v 0.16796875 0.48046875 0.18359375
v 0.18359375 0.33984375 0.18359375
v 0.18359375 0.65234375 0.18359375
v 0.19921875 0.38671875 0.18359375
v 0.19921875 0.58984375 0.18359375
v 0.20703125 0.45703125 0.18359375
v 0.21484375 -0.55859375 0.18359375
v 0.22265625 -0.41015625 0.18359375
v 0.26953125 -0.92578125 0.18359375
v 0.26953125 -0.55859375 0.18359375
v 0.27734375 -0.97265625 0.18359375
v 0.27734375 -0.42578125 0.18359375
v 0.30078125 0.33984375 0.18359375
v 0.34765625 -0.19140625 0.18359375
v 0.36328125 -0.56640625 0.18359375
v 0.36328125 0.33984375 0.18359375
v 0.37109375 -0.35546875 0.18359375
v 0.37109375 -0.23828125 0.18359375
v 0.37890625 -0.30078125 0.18359375
v 0.38671875 -0.56640625 0.18359375
v 0.40234375 -0.54296875 0.18359375
v 0.41796875 -0.49609375 0.18359375
v 0.41796875 0.33984375 0.18359375
v 0.42578125 -0.42578125 0.18359375
v 0.43359375 -0.36328125 0.18359375
v 0.43359375 -0.30078125 0.18359375
v 0.44140625 -0.12890625 0.18359375
v 0.44140625 -0.08203125 0.18359375
v 0.44140625 -0.03515625 0.18359375
v 0.44140625 0.01953125 0.18359375
v 0.44921875 0.08203125 0.18359375
v -0.44921875 0.15234375 0.19140625
v -0.44140625 0.08203125 0.19140625
v -0.44140625 0.21484375 0.19140625
v -0.44140625 0.27734375 0.19140625
v -0.43359375 -0.30078125 0.19140625
v -0.43359375 -0.23828125 0.19140625
v -0.43359375 -0.18359375 0.19140625
v -0.43359375 -0.12890625 0.19140625
v -0.43359375 -0.08203125 0.19140625
v -0.43359375 -0.03515625 0.19140625
v -0.43359375 0.01953125 0.19140625
v -0.42578125 -0.18359375 0.19140625
v -0.41796875 -0.41796875 0.19140625
v -0.41796875 -0.36328125 0.19140625
v -0.41796875 -0.30078125 0.19140625
v -0.41015625 -0.49609375 0.19140625
v -0.41015625 -0.47265625 0.19140625
v -0.41015625 0.27734375 0.19140625
v -0.39453125 -0.36328125 0.19140625
v -0.39453125 -0.30078125 0.19140625
v -0.38671875 -0.54296875 0.19140625
v -0.38671875 -0.23828125 0.19140625
v -0.37109375 -0.41015625 0.19140625
v -0.37109375 -0.18359375 0.19140625
v -0.36328125 0.27734375 0.19140625
v -0.32421875 -0.43359375 0.19140625
v -0.31640625 -0.16796875 0.19140625
v -0.30078125 0.27734375 0.19140625
v -0.27734375 -0.16015625 0.19140625
v -0.24609375 0.27734375 0.19140625
v -0.24609375 0.40234375 0.19140625
v -0.23828125 0.44140625 0.19140625
v -0.23046875 -0.16796875 0.19140625
v -0.17578125 0.27734375 0.19140625
v -0.15234375 0.33984375 0.19140625
v -0.12890625 0.23046875 0.19140625
v -0.09765625 -0.08203125 0.19140625
v -0.09765625 0.19921875 0.19140625
v -0.08984375 -0.04296875 0.19140625
v -0.08203125 -0.12890625 0.19140625
v -0.06640625 -0.01171875 0.19140625
v -0.05078125 -0.16796875 0.19140625
v -0.04296875 0.47265625 0.19140625
v -0.04296875 0.52734375 0.19140625
v -0.04296875 0.58984375 0.19140625
v -0.04296875 0.62109375 0.19140625
v 0.00390625 -0.17578125 0.19140625
v 0.00390625 0.31640625 0.19140625
v 0.00390625 0.47265625 0.19140625
v 0.00390625 0.52734375 0.19140625
v 0.00390625 0.58984375 0.19140625
v 0.04296875 0.58984375 0.19140625
v 0.04296875 0.62109375 0.19140625
v 0.05078125 -0.16796875 0.19140625
v 0.05859375 -0.01171875 0.19140625
v 0.06640625 0.31640625 0.19140625
v 0.08203125 -0.12890625 0.19140625
v 0.08984375 -0.04296875 0.19140625
v 0.08984375 0.19921875 0.19140625
v 0.09765625 -0.08203125 0.19140625
v 0.11328125 0.68359375 0.19140625
v 0.14453125 0.68359375 0.19140625
v 0.16015625 0.52734375 0.19140625
v 0.23046875 -0.16796875 0.19140625
v 0.23828125 0.40234375 0.19140625
v 0.23828125 0.43359375 0.19140625
v 0.27734375 -0.16015625 0.19140625
v 0.30859375 0.27734375 0.19140625
v 0.31640625 -0.16796875 0.19140625
v 0.32421875 -0.55859375 0.19140625
v 0.32421875 -0.43359375 0.19140625
v 0.34765625 0.24609375 0.19140625
v 0.37109375 -0.41015625 0.19140625
v 0.37109375 -0.18359375 0.19140625
v 0.38671875 -0.54296875 0.19140625
v 0.38671875 -0.23828125 0.19140625
v 0.39453125 -0.30078125 0.19140625
v 0.40234375 -0.49609375 0.19140625
v 0.41015625 0.27734375 0.19140625
v 0.41796875 -0.47265625 0.19140625
v 0.41796875 -0.36328125 0.19140625
v 0.41796875 -0.30078125 0.19140625
v 0.42578125 -0.41796875 0.19140625
v 0.42578125 -0.18359375 0.19140625
v 0.43359375 -0.30078125 0.19140625
v 0.43359375 -0.23828125 0.19140625
v 0.43359375 -0.18359375 0.19140625
v 0.43359375 -0.12890625 0.19140625
v 0.43359375 -0.08203125 0.19140625
v 0.43359375 -0.03515625 0.19140625
v 0.43359375 0.01953125 0.19140625
v 0.44140625 0.08203125 0.19140625
v 0.44140625 0.21484375 0.19140625
v 0.44140625 0.27734375 0.19140625
v 0.44921875 0.15234375 0.19140625
v -0.44140625 0.15234375 0.19921875
v -0.42578125 -0.23828125 0.19921875
v -0.41015625 -0.30078125 0.19921875
v -0.41015625 -0.23828125 0.19921875
v -0.41015625 -0.18359375 0.19921875
v -0.41015625 -0.12890625 0.19921875
v -0.41015625 -0.08203125 0.19921875
v -0.41015625 -0.03515625 0.19921875
v -0.41015625 0.01953125 0.19921875
v -0.41015625 0.08203125 0.19921875
v -0.41015625 0.15234375 0.19921875
v -0.41015625 0.21484375 0.19921875
v -0.39453125 -0.49609375 0.19921875
v -0.39453125 -0.46484375 0.19921875
v -0.39453125 -0.41796875 0.19921875
v -0.37109375 -0.54296875 0.19921875
v -0.37109375 -0.49609375 0.19921875
v -0.37109375 -0.46484375 0.19921875
v -0.36328125 -0.12890625 0.19921875
v -0.36328125 -0.08203125 0.19921875
v -0.36328125 -0.03515625 0.19921875
v -0.36328125 0.01953125 0.19921875
v -0.36328125 0.08203125 0.19921875
v -0.36328125 0.15234375 0.19921875
v -0.36328125 0.21484375 0.19921875
v -0.32421875 -0.53515625 0.19921875
v -0.32421875 -0.47265625 0.19921875
v -0.30859375 -0.12890625 0.19921875
v -0.30859375 -0.08203125 0.19921875
v -0.30859375 -0.03515625 0.19921875
v -0.30859375 0.01953125 0.19921875
v -0.30859375 0.08203125 0.19921875
v -0.30859375 0.15234375 0.19921875
v -0.30859375 0.21484375 0.19921875
v -0.26953125 -0.52734375 0.19921875
v -0.26953125 -0.44921875 0.19921875
v -0.24609375 -0.12890625 0.19921875
v -0.24609375 -0.08203125 0.19921875
v -0.24609375 -0.03515625 0.19921875
v -0.24609375 0.01953125 0.19921875
v -0.24609375 0.08203125 0.19921875
v -0.24609375 0.15234375 0.19921875
v -0.24609375 0.21484375 0.19921875
v -0.21484375 -0.51953125 0.19921875
v -0.21484375 -0.47265625 0.19921875
v -0.21484375 -0.43359375 0.19921875
v -0.19140625 -0.18359375 0.19921875
v -0.18359375 -0.12890625 0.19921875
v -0.18359375 -0.08203125 0.19921875
v -0.18359375 -0.03515625 0.19921875
v -0.18359375 0.15234375 0.19921875
v -0.17578125 0.01953125 0.19921875
v -0.17578125 0.08203125 0.19921875
v -0.17578125 0.21484375 0.19921875
v -0.16796875 0.27734375 0.19921875
v -0.16015625 0.58984375 0.19921875
v -0.15234375 -0.51953125 0.19921875
v -0.15234375 -0.46484375 0.19921875
v -0.15234375 -0.41015625 0.19921875
v -0.15234375 -0.23046875 0.19921875
v -0.15234375 0.52734375 0.19921875
v -0.15234375 0.65234375 0.19921875
v -0.14453125 -0.18359375 0.19921875
v -0.14453125 0.27734375 0.19921875
v -0.13671875 -0.34765625 0.19921875
v -0.13671875 0.15234375 0.19921875
v -0.12890625 -0.28515625 0.19921875
v -0.12890625 -0.12890625 0.19921875
v -0.12890625 -0.08203125 0.19921875
v -0.12890625 0.35546875 0.19921875
v -0.12890625 0.40234375 0.19921875
v -0.12109375 -0.25390625 0.19921875
v -0.12109375 -0.03515625 0.19921875
v -0.12109375 0.46484375 0.19921875
v -0.11328125 -0.25390625 0.19921875
v -0.11328125 0.01953125 0.19921875
v -0.11328125 0.41796875 0.19921875
v -0.10546875 -0.21484375 0.19921875
v -0.10546875 -0.12890625 0.19921875
v -0.10546875 -0.08203125 0.19921875
v -0.10546875 0.32421875 0.19921875
v -0.09765625 -0.51171875 0.19921875
v -0.09765625 -0.45703125 0.19921875
v -0.09765625 -0.39453125 0.19921875
v -0.09765625 -0.33203125 0.19921875
v -0.09765625 -0.16796875 0.19921875
v -0.09765625 -0.03515625 0.19921875
v -0.09765625 0.08203125 0.19921875
v -0.09765625 0.12109375 0.19921875
v -0.08984375 -0.12890625 0.19921875
v -0.08984375 -0.03515625 0.19921875
v -0.08203125 -0.00390625 0.19921875
v -0.07421875 0.19140625 0.19921875
v -0.05859375 -0.01171875 0.19921875
v -0.05859375 0.30859375 0.19921875
v -0.05078125 -0.51171875 0.19921875
v -0.05078125 -0.45703125 0.19921875
v -0.05078125 -0.39453125 0.19921875
v -0.05078125 -0.33203125 0.19921875
v -0.05078125 -0.26171875 0.19921875
v -0.05078125 -0.21484375 0.19921875
v -0.05078125 -0.17578125 0.19921875
v -0.04296875 0.08203125 0.19921875
v -0.04296875 0.09765625 0.19921875
v -0.04296875 0.18359375 0.19921875
v -0.02734375 0.00390625 0.19921875
v 0.00390625 -0.51171875 0.19921875
v 0.00390625 -0.45703125 0.19921875
v 0.00390625 -0.39453125 0.19921875
v 0.00390625 -0.33203125 0.19921875
v 0.00390625 -0.21484375 0.19921875
v 0.00390625 -0.19140625 0.19921875
v 0.00390625 0.18359375 0.19921875
v 0.00390625 0.30859375 0.19921875
v 0.01171875 -0.00390625 0.19921875
v 0.01171875 0.00390625 0.19921875
v 0.02734375 0.08984375 0.19921875
v 0.04296875 -0.51171875 0.19921875
v 0.05078125 -0.45703125 0.19921875
v 0.05078125 -0.39453125 0.19921875
v 0.05078125 -0.33203125 0.19921875
v 0.05078125 -0.26953125 0.19921875
v 0.05078125 -0.21484375 0.19921875
v 0.05078125 -0.17578125 0.19921875
v 0.05078125 0.18359375 0.19921875
v 0.05078125 0.52734375 0.19921875
v 0.05859375 -0.01171875 0.19921875
v 0.06640625 0.30859375 0.19921875
v 0.06640625 0.46484375 0.19921875
v 0.07421875 0.65234375 0.19921875
v 0.08203125 -0.00390625 0.19921875
v 0.08984375 -0.12890625 0.19921875
v 0.08984375 -0.03515625 0.19921875
v 0.09765625 -0.51953125 0.19921875
v 0.09765625 -0.45703125 0.19921875
v 0.09765625 -0.39453125 0.19921875
v 0.09765625 -0.33203125 0.19921875
v 0.09765625 -0.26953125 0.19921875
v 0.09765625 -0.16796875 0.19921875
v 0.09765625 -0.03515625 0.19921875
v 0.09765625 0.08203125 0.19921875
v 0.09765625 0.12109375 0.19921875
v 0.09765625 0.46484375 0.19921875
v 0.10546875 -0.21484375 0.19921875
v 0.10546875 -0.12890625 0.19921875
v 0.10546875 -0.08203125 0.19921875
v 0.10546875 0.32421875 0.19921875
v 0.11328125 -0.25390625 0.19921875
v 0.11328125 0.01953125 0.19921875
v 0.12109375 -0.25390625 0.19921875
v 0.12109375 -0.03515625 0.19921875
v 0.12890625 -0.12890625 0.19921875
v 0.12890625 -0.08203125 0.19921875
v 0.12890625 0.35546875 0.19921875
v 0.12890625 0.46484375 0.19921875
v 0.12890625 0.52734375 0.19921875
v 0.13671875 -0.34765625 0.19921875
v 0.13671875 -0.28515625 0.19921875
v 0.13671875 0.15234375 0.19921875
v 0.14453125 -0.18359375 0.19921875
v 0.14453125 0.27734375 0.19921875
v 0.15234375 -0.52734375 0.19921875
v 0.15234375 -0.46484375 0.19921875
v 0.15234375 -0.41015625 0.19921875
v 0.15234375 -0.23046875 0.19921875
v 0.15234375 0.21484375 0.19921875
v 0.16015625 0.65234375 0.19921875
v 0.16796875 0.27734375 0.19921875
v 0.16796875 0.58984375 0.19921875
v 0.17578125 0.01953125 0.19921875
v 0.17578125 0.08203125 0.19921875
v 0.18359375 -0.12890625 0.19921875
v 0.18359375 -0.08203125 0.19921875
v 0.18359375 -0.03515625 0.19921875
v 0.18359375 0.15234375 0.19921875
v 0.18359375 0.21484375 0.19921875
v 0.19140625 -0.18359375 0.19921875
v 0.21484375 -0.53515625 0.19921875
v 0.21484375 -0.48046875 0.19921875
v 0.21484375 -0.43359375 0.19921875
v 0.22265625 0.37890625 0.19921875
v 0.24609375 -0.12890625 0.19921875
v 0.24609375 -0.08203125 0.19921875
v 0.24609375 -0.03515625 0.19921875
v 0.24609375 0.01953125 0.19921875
v 0.24609375 0.08203125 0.19921875
v 0.24609375 0.15234375 0.19921875
v 0.26953125 -0.53515625 0.19921875
v 0.26953125 -0.48828125 0.19921875
v 0.26953125 -0.45703125 0.19921875
v 0.30859375 -0.12890625 0.19921875
v 0.30859375 -0.08203125 0.19921875
v 0.30859375 -0.03515625 0.19921875
v 0.30859375 0.01953125 0.19921875
v 0.30859375 0.08203125 0.19921875
v 0.30859375 0.15234375 0.19921875
v 0.32421875 -0.54296875 0.19921875
v 0.32421875 -0.47265625 0.19921875
v 0.36328125 -0.54296875 0.19921875
v 0.36328125 -0.12890625 0.19921875
v 0.36328125 -0.08203125 0.19921875
v 0.36328125 -0.03515625 0.19921875
v 0.36328125 0.01953125 0.19921875
v 0.36328125 0.08203125 0.19921875
v 0.37109375 -0.49609375 0.19921875
v 0.37109375 -0.46484375 0.19921875
v 0.37109375 0.21484375 0.19921875
v 0.39453125 -0.46484375 0.19921875
v 0.39453125 -0.41796875 0.19921875
v 0.39453125 -0.36328125 0.19921875
v 0.41015625 -0.47265625 0.19921875
v 0.41015625 -0.41796875 0.19921875
v 0.41015625 -0.36328125 0.19921875
v 0.41015625 -0.30078125 0.19921875
v 0.41015625 -0.23828125 0.19921875
v 0.41015625 -0.18359375 0.19921875
v 0.41015625 -0.12890625 0.19921875
v 0.41015625 -0.08203125 0.19921875
v 0.41015625 -0.03515625 0.19921875
v 0.41015625 0.01953125 0.19921875
v 0.41015625 0.08203125 0.19921875
v 0.41015625 0.15234375 0.19921875
v 0.41015625 0.21484375 0.19921875
v 0.42578125 -0.23828125 0.19921875
v 0.44140625 0.15234375 0.19921875
v -0.32421875 -0.49609375 0.20703125
v -0.26953125 -0.48046875 0.20703125
v -0.20703125 0.36328125 0.20703125
v -0.16015625 0.21484375 0.20703125
v -0.12890625 0.23046875 0.20703125
v -0.12890625 0.58984375 0.20703125
v -0.12109375 0.52734375 0.20703125
v -0.09765625 0.19921875 0.20703125
v -0.08203125 0.52734375 0.20703125
v -0.08203125 0.58984375 0.20703125
v -0.06640625 0.02734375 0.20703125
v -0.03515625 0.01171875 0.20703125
v -0.03515625 0.02734375 0.20703125
v 0.00390625 -0.26953125 0.20703125
v 0.00390625 -0.26171875 0.20703125
v 0.01171875 0.02734375 0.20703125
v 0.03515625 0.02734375 0.20703125
v 0.06640625 0.01171875 0.20703125
v 0.08203125 0.58984375 0.20703125
v 0.08984375 0.52734375 0.20703125
v 0.09765625 0.19921875 0.20703125
v 0.12890625 0.23046875 0.20703125
v 0.12890625 0.58984375 0.20703125
v 0.12890625 0.65234375 0.20703125
v 0.19921875 0.36328125 0.20703125
v 0.32421875 -0.49609375 0.20703125
v -0.24609375 0.40234375 0.21484375
v -0.23828125 0.44140625 0.21484375
v -0.23046875 0.37109375 0.21484375
v -0.17578125 0.36328125 0.21484375
v -0.15234375 0.21484375 0.21484375
v 0.12890625 0.44921875 0.21484375
v 0.15234375 0.21484375 0.21484375
v 0.20703125 0.47265625 0.21484375
v -0.13671875 0.43359375 0.22265625
v -0.12890625 0.16015625 0.22265625
v -0.12109375 0.35546875 0.22265625
v -0.12109375 0.40234375 0.22265625
v -0.10546875 0.32421875 0.22265625
v -0.09765625 0.19921875 0.22265625
v -0.07421875 0.18359375 0.22265625
v -0.05859375 0.30859375 0.22265625
v -0.05078125 0.45703125 0.22265625
v 0.00390625 0.30859375 0.22265625
v 0.05859375 0.30859375 0.22265625
v 0.07421875 0.18359375 0.22265625
v 0.09765625 0.19921875 0.22265625
v 0.10546875 0.32421875 0.22265625
v 0.12890625 0.16015625 0.22265625
v 0.12890625 0.35546875 0.22265625
v 0.16796875 0.47265625 0.22265625
v 0.23046875 0.37109375 0.22265625
v 0.23828125 0.44921875 0.22265625
v 0.24609375 0.40234375 0.22265625
v -0.21484375 0.37890625 0.23046875
v -0.19921875 0.37109375 0.23046875
v -0.12109375 0.17578125 0.23046875
v 0.12109375 0.17578125 0.23046875
v 0.21484375 0.36328125 0.23046875
v -0.20703125 0.44921875 0.23828125
v -0.16796875 0.45703125 0.23828125
v -0.08984375 0.12890625 0.23828125
v -0.07421875 0.18359375 0.23828125
v -0.04296875 0.10546875 0.23828125
v 0.00390625 0.10546875 0.23828125
v 0.04296875 0.10546875 0.23828125
v 0.07421875 0.18359375 0.23828125
v 0.08984375 0.12890625 0.23828125
v 0.13671875 0.37109375 0.23828125
v 0.16796875 0.35546875 0.23828125
v 0.19140625 0.35546875 0.23828125
v -0.08984375 0.15234375 0.24609375
v -0.07421875 0.16796875 0.24609375
v -0.04296875 0.17578125 0.24609375
v 0.04296875 0.17578125 0.24609375
v 0.07421875 0.16796875 0.24609375
v 0.08984375 0.15234375 0.24609375
v 0.12890625 0.43359375 0.24609375
v 0.13671875 0.45703125 0.24609375
v 0.16796875 0.47265625 0.24609375
v 0.19921875 0.47265625 0.24609375
v 0.23046875 0.45703125 0.24609375
v 0.23828125 0.38671875 0.24609375
v -0.12109375 0.35546875 0.25390625
v -0.12109375 0.40234375 0.25390625
v -0.10546875 0.32421875 0.25390625
v -0.10546875 0.43359375 0.25390625
v -0.07421875 0.14453125 0.25390625
v -0.05859375 0.30859375 0.25390625
v -0.05078125 0.45703125 0.25390625
v -0.04296875 0.16796875 0.25390625
v 0.00390625 0.17578125 0.25390625
v 0.00390625 0.30859375 0.25390625
v 0.00390625 0.45703125 0.25390625
v 0.05859375 0.30859375 0.25390625
v 0.05859375 0.44921875 0.25390625
v 0.07421875 0.14453125 0.25390625
v 0.10546875 0.43359375 0.25390625
v 0.11328125 0.32421875 0.25390625
v 0.12109375 0.39453125 0.25390625
v 0.12109375 0.41796875 0.25390625
v 0.12890625 0.35546875 0.25390625
v 0.22265625 0.37109375 0.25390625
v -0.04296875 0.12890625 0.26171875
v -0.04296875 0.15234375 0.26171875
v 0.00390625 0.12890625 0.26171875
v 0.00390625 0.15234375 0.26171875
v 0.04296875 0.12890625 0.26171875
v 0.04296875 0.15234375 0.26171875
v 0.13671875 0.37109375 0.26171875
v 0.13671875 0.44921875 0.26171875
v 0.16796875 0.36328125 0.26171875
v 0.19921875 0.36328125 0.26171875
v 0.23046875 0.44140625 0.26171875
v 0.23828125 0.41015625 0.26171875
v 0.13671875 0.39453125 0.26953125
v 0.13671875 0.42578125 0.26953125
v 0.16796875 0.44921875 0.26953125
v 0.19921875 0.44921875 0.26953125
v 0.22265625 0.39453125 0.26953125
v 0.08203125 0.31640625 0.27734375
v 0.12109375 0.40234375 0.27734375
v 0.16796875 0.40234375 0.27734375
v 0.20703125 0.40234375 0.27734375
v -0.10546875 0.32421875 0.29296875
v -0.05859375 0.44921875 0.29296875
v -0.05078125 0.30859375 0.29296875
v 0.00390625 0.30859375 0.29296875
v 0.00390625 0.45703125 0.29296875
v 0.09765625 0.43359375 0.29296875
v 0.11328125 0.32421875 0.29296875
v 0.12890625 0.35546875 0.29296875
v -0.12890625 0.34765625 0.34765625
v -0.12890625 0.37109375 0.34765625
v -0.11328125 0.40234375 0.34765625
v -0.10546875 0.32421875 0.34765625
v -0.08984375 0.43359375 0.34765625
v -0.05859375 0.30859375 0.34765625
v -0.04296875 0.44921875 0.34765625
v -0.00390625 0.30859375 0.34765625
v 0.00390625 0.45703125 0.34765625
v 0.04296875 0.30859375 0.34765625
v 0.04296875 0.45703125 0.34765625
v 0.07421875 0.30859375 0.34765625
v 0.08984375 0.43359375 0.34765625
v 0.10546875 0.32421875 0.34765625
v 0.11328125 0.40234375 0.34765625
v 0.12109375 0.37109375 0.34765625
v 0.12890625 0.34765625 0.34765625
v -0.12109375 0.34765625 0.40234375
v -0.12109375 0.37109375 0.40234375
v -0.11328125 0.40234375 0.40234375
v -0.09765625 0.32421875 0.40234375
v -0.08203125 0.43359375 0.40234375
v -0.05859375 0.30859375 0.40234375
v -0.04296875 0.45703125 0.40234375
v -0.00390625 0.30859375 0.40234375
v 0.00390625 0.45703125 0.40234375
v 0.04296875 0.30859375 0.40234375
v 0.04296875 0.44921875 0.40234375
v 0.08203125 0.30859375 0.40234375
v 0.08203125 0.43359375 0.40234375
v 0.10546875 0.32421875 0.40234375
v 0.11328125 0.40234375 0.40234375
v 0.12109375 0.34765625 0.40234375
v 0.12109375 0.37109375 0.40234375
v -0.10546875 0.37109375 0.46484375
v -0.08984375 0.33984375 0.46484375
v -0.08984375 0.40234375 0.46484375
v -0.08203125 0.32421875 0.46484375
v -0.05078125 0.30859375 0.46484375
v -0.04296875 0.44921875 0.46484375
v -0.00390625 0.30859375 0.46484375
v 0.00390625 0.45703125 0.46484375
v 0.04296875 0.30859375 0.46484375
v 0.07421875 0.32421875 0.46484375
v 0.08984375 0.33984375 0.46484375
v 0.09765625 0.40234375 0.46484375
v 0.10546875 0.37109375 0.46484375
v 0.06640625 0.43359375 0.47265625
v -0.08984375 0.37109375 0.49609375
v -0.08203125 0.40234375 0.49609375
v -0.06640625 0.43359375 0.49609375
v -0.03515625 0.45703125 0.49609375
v 0.01171875 0.47265625 0.49609375
v 0.03515625 0.45703125 0.49609375
v 0.08203125 0.40234375 0.49609375
v 0.08984375 0.37109375 0.49609375
v -0.07421875 0.35546875 0.52734375
v -0.07421875 0.40234375 0.52734375
v -0.05859375 0.33984375 0.52734375
v -0.04296875 0.45703125 0.52734375
v -0.03515625 0.32421875 0.52734375
v -0.02734375 0.47265625 0.52734375
v 0.00390625 0.32421875 0.52734375
v 0.00390625 0.47265625 0.52734375
v 0.03515625 0.32421875 0.52734375
v 0.04296875 0.45703125 0.52734375
v 0.05859375 0.33984375 0.52734375
v 0.06640625 0.43359375 0.52734375
v 0.07421875 0.35546875 0.52734375
v 0.07421875 0.40234375 0.52734375
v -0.06640625 0.40234375 0.55078125
v -0.05859375 0.37109375 0.55078125
v -0.05859375 0.43359375 0.55078125
v -0.03515625 0.34765625 0.55078125
v -0.02734375 0.49609375 0.55078125
v -0.00390625 0.33984375 0.55078125
v 0.01171875 0.49609375 0.55078125
v 0.03515625 0.34765625 0.55078125
v 0.05859375 0.37109375 0.55078125
v 0.05859375 0.43359375 0.55078125
v 0.06640625 0.40234375 0.55078125
v -0.05078125 0.47265625 0.56640625
v 0.05078125 0.47265625 0.56640625
v -0.05078125 0.40234375 0.57421875
v -0.01953125 0.37109375 0.57421875
v 0.01953125 0.37109375 0.57421875
v -0.01953125 0.51953125 0.58203125
v 0.01953125 0.51953125 0.58203125
v -0.05078125 0.49609375 0.58984375
v 0.05078125 0.49609375 0.58984375
v 0.05859375 0.46484375 0.58984375
v -0.02734375 0.40234375 0.60546875
v 0.02734375 0.40234375 0.60546875
v 0.00390625 0.40234375 0.61328125
v 0.05859375 0.48046875 0.61328125
v -0.05859375 0.47265625 0.62109375
v 0.01953125 0.51953125 0.62109375
v 0.05078125 0.50390625 0.62109375
v -0.05078125 0.42578125 0.62890625
v 0.03515625 0.42578125 0.62890625
v 0.05859375 0.45703125 0.62890625
v -0.05078125 0.46484375 0.63671875
v -0.02734375 0.41796875 0.63671875
v 0.00390625 0.42578125 0.64453125
v 0.04296875 0.48828125 0.64453125
v -0.03515625 0.44921875 0.65234375
v 0.01953125 0.50390625 0.65234375
v -0.02734375 0.47265625 0.66015625
v 0.01171875 0.46484375 0.66015625
f 38 606 604
f 38 605 606
f 603 602 40
f 602 39 40
f 603 39 40
f 603 602 39
f 596 42 597
f 42 41 53
f 42 597 42
f 43 42 42
f 53 43 42
f 53 42 41
f 53 43 42
f 48 49 46
f 47 49 45
f 49 48 45
f 47 573 49
f 45 47 49
f 593 49 59
f 49 47 59
f 59 573 593
f 59 46 47
f 59 593 46
f 59 573 593
f 46 571 569
f 571 46 48
f 569 563 584
f 48 67 571
f 569 584 46
f 569 570 563
f 50 584 563
f 49 46 593
f 46 584 593
f 48 573 67
f 51 599 600
f 599 601 600
f 42 597 43
f 53 43 596
f 53 596 41
f 597 596 43
f 55 595 58
f 59 1 44
f 60 580 1
f 45 59 60
f 47 573 2
f 570 3 569
f 570 563 50
f 580 44 1
f 63 48 70
f 63 60 1
f 59 45 47
f 60 66 45
f 1 59 49
f 1 49 63
f 63 66 560
f 47 49 59
f 48 45 70
f 48 63 49
f 70 63 560
f 60 60 45
f 60 66 60
f 593 3 584
f 2 593 49
f 2 49 47
f 3 593 2
f 573 572 2
f 3 2 571
f 2 572 67
f 569 3 571
f 67 571 2
f 570 584 3
f 50 50 615
f 66 63 60
f 615 590 50
f 50 584 50
f 584 570 50
f 60 49 45
f 45 59 60
f 60 61 64
f 60 580 61
f 62 575 62
f 575 576 62
f 62 578 62
f 62 577 578
f 60 66 63
f 66 64 63
f 66 574 63
f 66 67 63
f 558 71 73
f 558 84 71
f 71 547 72
f 547 76 72
f 73 87 71
f 87 76 71
f 74 76 89
f 89 547 87
f 89 87 74
f 76 89 547
f 547 74 76
f 75 74 89
f 73 87 72
f 4 76 87
f 75 87 74
f 547 558 84
f 76 73 547
f 75 76 4
f 75 4 87
f 75 74 76
f 84 71 547
f 547 73 558
f 73 73 547
f 73 72 73
f 87 76 547
f 76 89 87
f 87 75 76
f 79 77 78
f 77 551 78
f 79 77 78
f 77 552 78
f 78 79 553
f 552 78 77
f 552 77 551
f 78 79 77
f 551 77 553
f 551 553 551
f 551 551 552
f 553 551 552
f 79 77 553
f 79 553 552
f 78 79 79
f 79 79 77
f 91 102 550
f 535 103 80
f 102 535 80
f 102 80 550
f 82 548 81
f 82 92 548
f 548 81 92
f 82 92 81
f 92 548 81
f 86 85 84
f 554 555 85
f 85 84 85
f 555 85 85
f 102 91 80
f 102 549 91
f 626 544 97
f 94 104 543
f 3382 627 3495
f 94 545 93
f 93 94 93
f 94 544 93
f 97 543 93
f 97 93 544
f 545 94 543
f 97 104 543
f 626 104 97
f 104 543 104
f 627 104 104
f 627 104 543
f 544 93 93
f 627 543 3495
f 94 97 97
f 94 97 104
f 544 97 97
f 95 96 100
f 539 537 96
f 539 96 98
f 96 537 96
f 95 96 96
f 537 96 539
f 96 98 539
f 544 104 94
f 544 97 104
f 538 539 99
f 539 537 99
f 550 80 80
f 549 80 80
f 91 80 550
f 80 102 549
f 102 535 80
f 535 103 80
f 103 534 535
f 103 80 534
f 522 105 115
f 117 118 115
f 105 117 115
f 522 116 105
f 133 121 128
f 128 525 107
f 128 107 133
f 108 533 532
f 114 110 109
f 110 530 109
f 530 109 110
f 530 531 109
f 506 5 136
f 5 506 116
f 7 114 6
f 124 509 122
f 117 118 105
f 135 114 7
f 530 109 110
f 116 509 5
f 106 105 118
f 509 509 135
f 124 123 509
f 6 114 7
f 114 114 6
f 105 105 117
f 122 114 114
f 116 115 116
f 110 114 114
f 114 135 7
f 114 114 114
f 116 115 522
f 5 509 136
f 506 116 116
f 114 110 109
f 105 105 115
f 114 135 509
f 115 116 105
f 5 509 509
f 124 122 114
f 144 119 129
f 144 111 119
f 129 112 144
f 132 503 121
f 503 112 121
f 121 129 132
f 524 113 523
f 122 135 509
f 122 114 135
f 135 124 509
f 116 136 506
f 116 509 136
f 521 506 117
f 147 503 8
f 507 8 138
f 526 111 119
f 526 119 130
f 503 112 8
f 8 507 147
f 526 130 8
f 138 8 130
f 526 8 112
f 112 111 119
f 119 130 138
f 119 138 112
f 121 120 503
f 130 146 503
f 120 130 503
f 130 145 146
f 130 112 119
f 112 121 119
f 135 124 114
f 122 124 509
f 122 114 124
f 114 135 122
f 135 509 122
f 630 125 149
f 126 127 515
f 515 516 126
f 127 516 517
f 127 515 516
f 517 126 127
f 139 128 132
f 140 138 139
f 112 128 139
f 138 112 139
f 121 132 140
f 121 112 144
f 121 128 130
f 132 121 130
f 112 121 140
f 138 112 140
f 138 131 139
f 138 128 131
f 131 132 139
f 140 514 132
f 140 133 514
f 136 506 509
f 506 116 509
f 503 137 182
f 137 112 144
f 146 137 130
f 182 137 146
f 503 112 137
f 128 130 112
f 112 144 128
f 507 147 138
f 147 139 138
f 132 140 138
f 138 131 132
f 132 140 507
f 132 139 140
f 140 138 147
f 147 139 140
f 138 144 121
f 140 138 121
f 140 121 128
f 503 138 147
f 503 144 138
f 128 129 140
f 503 121 132
f 121 129 132
f 147 132 140
f 147 503 132
f 507 147 139
f 139 140 507
f 505 141 504
f 141 142 504
f 144 120 138
f 138 120 132
f 121 120 144
f 120 130 132
f 525 133 128
f 128 129 129
f 129 140 128
f 147 503 112
f 129 132 140
f 133 112 129
f 182 119 508
f 138 131 140
f 129 129 140
f 525 112 133
f 112 128 147
f 140 128 140
f 131 140 140
f 129 137 119
f 526 111 137
f 137 119 119
f 526 137 112
f 119 119 508
f 112 137 129
f 147 128 140
f 133 129 140
f 128 145 121
f 128 130 145
f 182 130 145
f 145 146 182
f 182 119 130
f 146 130 145
f 503 130 182
f 130 146 182
f 503 119 130
f 140 138 132
f 138 507 132
f 139 138 507
f 507 132 139
f 503 121 145
f 121 130 145
f 148 507 147
f 148 138 507
f 150 529 500
f 151 164 485
f 164 152 485
f 164 499 152
f 486 151 161
f 151 164 161
f 161 160 486
f 497 153 496
f 174 496 170
f 496 153 170
f 160 154 157
f 160 159 154
f 486 155 160
f 486 157 155
f 159 487 158
f 157 487 156
f 487 159 156
f 489 159 157
f 159 154 157
f 159 154 157
f 164 499 151
f 160 151 161
f 167 159 160
f 155 160 159
f 159 157 155
f 161 167 160
f 151 160 159
f 151 159 486
f 151 486 164
f 167 159 161
f 159 162 161
f 159 161 160
f 159 151 164
f 159 164 161
f 485 486 151
f 167 151 161
f 151 484 485
f 167 484 151
f 164 485 151
f 484 485 164
f 484 164 161
f 485 486 151
f 484 164 161
f 484 163 164
f 167 486 164
f 167 484 486
f 165 152 163
f 152 166 163
f 163 152 484
f 163 165 152
f 161 484 484
f 166 9 201
f 164 161 163
f 161 484 163
f 200 198 199
f 183 198 9
f 484 484 183
f 9 198 200
f 484 183 9
f 9 200 201
f 166 484 9
f 152 485 499
f 152 484 485
f 485 164 499
f 167 485 151
f 167 484 485
f 151 161 167
f 485 151 167
f 151 164 167
f 486 152 484
f 486 163 152
f 474 168 476
f 474 185 168
f 172 169 171
f 172 483 169
f 497 153 174
f 174 496 497
f 175 170 174
f 170 174 153
f 170 153 170
f 170 170 174
f 169 171 483
f 180 174 172
f 252 253 435
f 173 252 435
f 173 435 180
f 172 173 180
f 462 180 175
f 223 217 215
f 173 222 480
f 215 252 223
f 223 252 173
f 480 223 173
f 462 174 180
f 495 176 176
f 495 180 176
f 169 176 170
f 169 176 176
f 170 180 176
f 180 175 462
f 180 462 174
f 462 174 174
f 449 174 462
f 170 174 174
f 170 174 180
f 480 223 217
f 180 172 480
f 480 217 180
f 222 480 172
f 217 223 223
f 223 178 223
f 223 176 178
f 176 173 178
f 462 481 175
f 462 174 481
f 173 223 176
f 173 178 223
f 178 179 176
f 179 223 176
f 176 177 178
f 223 173 179
f 173 178 179
f 121 182 144
f 130 182 119
f 182 503 144
f 182 121 119
f 130 145 182
f 183 201 166
f 465 201 199
f 201 183 199
f 474 10 474
f 474 475 474
f 474 185 476
f 476 10 474
f 474 475 186
f 476 474 10
f 185 184 476
f 184 476 185
f 476 474 185
f 187 190 473
f 473 207 190
f 473 190 473
f 473 473 207
f 207 190 473
f 190 491 473
f 193 229 639
f 472 229 229
f 229 193 472
f 229 191 229
f 229 192 191
f 470 640 478
f 640 195 478
f 197 205 206
f 442 261 221
f 197 233 442
f 221 197 442
f 206 233 197
f 183 465 201
f 183 199 465
f 199 200 201
f 201 183 198
f 201 198 199
f 199 201 166
f 199 200 201
f 166 183 199
f 166 484 183
f 183 198 199
f 240 201 265
f 240 200 201
f 462 449 174
f 174 175 462
f 481 175 174
f 175 170 174
f 449 170 175
f 170 174 175
f 174 180 175
f 206 235 204
f 206 219 235
f 206 455 205
f 221 197 205
f 455 221 205
f 219 455 206
f 219 235 455
f 455 197 206
f 197 205 206
f 456 642 203
f 456 208 642
f 262 298 263
f 224 225 262
f 210 224 262
f 299 263 297
f 299 210 263
f 263 210 262
f 323 321 322
f 321 294 322
f 197 12 13
f 414 290 316
f 11 205 235
f 11 12 205
f 442 291 11
f 11 290 261
f 197 13 221
f 261 13 11
f 294 321 11
f 261 221 13
f 414 290 290
f 197 205 12
f 414 316 316
f 401 317 316
f 316 317 315
f 11 13 12
f 294 291 309
f 316 317 316
f 290 290 261
f 290 286 261
f 309 291 441
f 11 291 294
f 11 321 290
f 11 235 442
f 235 204 206
f 235 455 204
f 438 214 463
f 214 202 463
f 438 202 463
f 216 215 223
f 215 253 223
f 222 253 435
f 222 217 253
f 222 223 217
f 291 206 442
f 219 233 442
f 206 219 442
f 217 215 634
f 253 435 215
f 180 634 215
f 435 180 215
f 253 254 269
f 254 257 269
f 217 215 460
f 253 269 215
f 215 460 215
f 215 215 253
f 257 215 254
f 254 435 257
f 264 226 224
f 224 443 264
f 299 210 224
f 224 262 299
f 264 227 224
f 227 226 224
f 226 224 264
f 264 227 226
f 443 408 227
f 443 299 224
f 211 487 492
f 443 487 299
f 487 443 492
f 227 492 443
f 228 231 232
f 232 270 229
f 232 229 228
f 228 270 229
f 228 232 270
f 228 231 232
f 197 233 442
f 235 233 206
f 233 197 206
f 430 234 219
f 234 292 219
f 234 291 292
f 291 206 430
f 233 206 235
f 233 430 206
f 233 234 219
f 234 291 219
f 261 320 206
f 320 291 206
f 206 442 261
f 236 206 291
f 233 291 235
f 291 206 235
f 201 440 241
f 201 239 440
f 239 240 440
f 240 302 238
f 302 301 238
f 237 239 200
f 239 240 200
f 238 239 200
f 239 240 200
f 238 265 240
f 240 301 238
f 238 239 265
f 240 302 301
f 201 240 241
f 201 265 240
f 440 241 265
f 243 438 213
f 218 248 358
f 218 245 248
f 218 220 245
f 249 361 14
f 259 356 244
f 260 288 248
f 361 362 14
f 245 15 16
f 14 15 288
f 345 360 361
f 288 436 14
f 14 244 16
f 244 245 16
f 245 244 220
f 361 360 362
f 361 249 357
f 248 288 15
f 247 14 436
f 14 16 15
f 15 245 248
f 356 220 244
f 249 14 247
f 362 244 14
f 389 17 345
f 345 17 360
f 287 332 17
f 17 18 287
f 249 244 18
f 388 362 244
f 360 346 345
f 360 332 345
f 18 19 249
f 17 332 360
f 17 19 18
f 259 357 258
f 357 259 19
f 346 333 345
f 287 260 288
f 357 388 258
f 388 244 258
f 244 287 288
f 259 249 19
f 248 287 18
f 19 389 357
f 389 19 17
f 247 18 244
f 244 220 244
f 244 244 249
f 244 247 249
f 249 287 244
f 248 18 247
f 244 220 436
f 249 220 244
f 288 248 260
f 288 247 248
f 247 249 260
f 260 288 436
f 260 436 247
f 253 254 215
f 257 254 435
f 257 215 254
f 424 269 307
f 253 257 269
f 269 307 269
f 253 269 269
f 434 253 269
f 434 254 269
f 434 253 254
f 215 256 269
f 215 255 256
f 306 269 256
f 255 269 252
f 255 256 269
f 254 435 269
f 252 269 252
f 252 253 254
f 269 252 254
f 257 269 435
f 306 252 255
f 252 252 255
f 257 269 254
f 269 253 254
f 269 434 253
f 257 269 434
f 434 254 257
f 294 293 328
f 410 20 399
f 20 293 399
f 410 234 20
f 430 328 20
f 234 446 20
f 446 430 20
f 293 20 328
f 249 260 344
f 260 288 344
f 288 343 344
f 297 296 300
f 297 224 225
f 297 225 296
f 263 299 296
f 224 225 262
f 224 262 296
f 299 224 296
f 263 225 296
f 225 262 296
f 238 239 238
f 266 301 426
f 265 266 426
f 265 239 265
f 426 265 265
f 239 265 200
f 237 239 200
f 301 238 240
f 237 238 239
f 238 238 239
f 238 239 240
f 301 426 266
f 426 265 266
f 301 265 266
f 301 426 265
f 307 306 268
f 307 256 306
f 415 289 230
f 327 230 289
f 327 289 350
f 415 271 289
f 290 289 327
f 415 270 289
f 290 415 289
f 289 350 327
f 270 271 230
f 271 327 230
f 289 412 271
f 412 270 271
f 412 283 270
f 248 358 245
f 358 220 245
f 274 418 272
f 272 358 274
f 274 418 272
f 281 276 278
f 275 276 279
f 276 281 279
f 282 277 417
f 277 278 417
f 278 280 417
f 277 279 276
f 282 279 278
f 282 278 417
f 279 275 276
f 277 278 279
f 277 278 279
f 282 278 417
f 282 279 278
f 277 278 280
f 282 279 277
f 280 282 277
f 278 282 276
f 276 277 278
f 276 278 275
f 282 279 275
f 278 282 275
f 416 278 282
f 281 278 417
f 281 282 278
f 281 276 278
f 281 282 279
f 281 279 276
f 281 416 417
f 281 282 416
f 416 417 282
f 416 278 417
f 286 284 415
f 284 290 415
f 286 261 284
f 290 286 284
f 284 413 290
f 415 286 261
f 284 413 415
f 261 284 415
f 270 285 289
f 289 290 415
f 289 415 270
f 320 413 284
f 415 284 290
f 284 413 290
f 284 415 261
f 415 286 261
f 261 286 646
f 261 290 286
f 261 284 290
f 287 332 344
f 344 249 287
f 288 244 287
f 248 244 247
f 248 287 244
f 346 287 344
f 260 343 344
f 287 260 344
f 260 288 343
f 249 287 260
f 343 249 260
f 344 249 288
f 249 260 288
f 344 287 288
f 344 249 287
f 344 287 343
f 287 260 343
f 289 415 270
f 289 290 415
f 270 271 289
f 309 319 294
f 234 291 309
f 294 234 309
f 292 294 234
f 294 321 234
f 328 399 348
f 328 293 399
f 309 321 291
f 322 321 294
f 321 309 294
f 296 298 297
f 296 297 224
f 264 296 224
f 296 300 298
f 263 21 298
f 264 21 224
f 21 264 296
f 300 298 21
f 224 21 263
f 296 300 21
f 263 296 298
f 296 300 298
f 263 297 296
f 429 263 22
f 262 22 224
f 297 22 263
f 297 299 22
f 22 299 224
f 262 429 22
f 267 303 439
f 394 338 23
f 304 330 23
f 23 338 333
f 333 304 23
f 330 394 23
f 256 269 334
f 269 268 334
f 307 256 305
f 256 306 305
f 305 256 335
f 256 306 335
f 335 305 306
f 305 334 306
f 311 308 311
f 308 312 311
f 649 311 315
f 649 311 311
f 290 284 413
f 310 309 319
f 322 316 322
f 290 322 322
f 284 290 322
f 321 320 322
f 284 320 291
f 322 321 309
f 319 316 310
f 320 284 322
f 321 291 309
f 316 322 310
f 291 321 284
f 312 315 314
f 312 311 315
f 313 324 401
f 324 314 401
f 315 316 317
f 316 323 317
f 317 315 323
f 401 315 314
f 401 323 315
f 314 323 315
f 314 401 323
f 294 320 292
f 320 291 292
f 410 399 410
f 410 294 399
f 410 292 410
f 410 234 292
f 234 291 292
f 318 321 290
f 323 321 322
f 321 318 322
f 321 284 322
f 284 318 322
f 319 321 309
f 319 322 321
f 319 322 321
f 291 309 319
f 321 291 319
f 322 323 321
f 309 234 291
f 321 309 322
f 321 234 309
f 309 319 322
f 293 292 328
f 328 294 293
f 291 319 294
f 294 321 320
f 294 320 291
f 321 284 320
f 291 309 319
f 323 284 322
f 323 321 284
f 284 290 322
f 323 321 316
f 321 319 316
f 325 324 314
f 401 313 314
f 311 315 314
f 314 314 311
f 401 314 316
f 314 326 325
f 316 314 315
f 314 314 324
f 326 325 324
f 301 313 324
f 301 426 313
f 325 301 324
f 271 327 270
f 327 290 270
f 328 399 348
f 328 294 399
f 333 304 339
f 329 394 339
f 304 329 339
f 329 330 394
f 333 330 338
f 333 304 330
f 394 338 330
f 338 333 330
f 331 332 389
f 332 360 389
f 389 357 360
f 357 332 360
f 332 345 360
f 360 331 332
f 332 345 360
f 337 333 336
f 393 336 341
f 336 333 341
f 394 338 341
f 337 341 341
f 338 339 341
f 341 334 337
f 341 339 341
f 341 340 334
f 334 340 334
f 334 396 340
f 340 334 334
f 395 337 341
f 395 336 337
f 306 307 334
f 306 269 307
f 269 305 307
f 393 338 341
f 333 338 339
f 333 341 338
f 333 341 338
f 341 394 338
f 338 339 333
f 336 333 346
f 333 345 346
f 345 393 346
f 346 333 360
f 346 336 333
f 333 360 336
f 360 346 336
f 287 360 347
f 287 345 360
f 347 287 360
f 344 287 343
f 344 360 287
f 346 347 345
f 332 347 287
f 332 345 347
f 345 387 361
f 345 360 387
f 347 288 344
f 347 287 288
f 332 24 287
f 248 287 24
f 347 24 346
f 332 345 24
f 24 345 393
f 24 393 346
f 347 248 24
f 345 387 361
f 345 347 387
f 387 344 360
f 347 360 346
f 347 387 360
f 316 351 271
f 316 349 351
f 290 271 289
f 290 316 271
f 321 319 322
f 319 294 322
f 316 322 319
f 322 349 319
f 349 348 294
f 294 293 349
f 351 289 290
f 289 327 290
f 289 350 327
f 289 270 285
f 289 350 230
f 289 230 270
f 293 351 348
f 293 349 351
f 327 351 271
f 327 348 351
f 271 350 327
f 293 349 348
f 348 294 293
f 352 392 391
f 354 392 353
f 392 352 353
f 354 355 353
f 391 355 392
f 355 354 392
f 344 389 332
f 389 357 332
f 344 360 389
f 357 388 356
f 388 362 356
f 387 360 347
f 358 359 248
f 359 387 248
f 387 359 360
f 359 360 248
f 360 347 248
f 358 387 248
f 358 363 387
f 358 359 363
f 359 360 347
f 360 362 347
f 248 358 359
f 248 359 387
f 359 347 387
f 282 359 363
f 282 386 359
f 282 386 363
f 282 387 386
f 387 248 347
f 248 359 347
f 383 364 384
f 652 380 365
f 653 378 654
f 378 366 654
f 368 367 374
f 655 369 377
f 369 376 377
f 371 372 370
f 372 373 370
f 373 370 372
f 370 371 372
f 374 368 367
f 380 385 379
f 380 365 385
f 380 365 379
f 381 382 404
f 363 386 359
f 363 282 386
f 359 387 248
f 359 360 387
f 331 362 389
f 332 362 331
f 332 360 362
f 332 344 360
f 362 244 357
f 247 249 357
f 244 247 357
f 357 388 362
f 360 346 361
f 346 347 361
f 393 336 333
f 345 25 27
f 333 333 25
f 360 25 345
f 25 26 346
f 288 26 249
f 337 341 336
f 26 25 360
f 26 360 357
f 338 333 333
f 330 338 333
f 27 333 345
f 345 333 333
f 333 393 333
f 436 247 288
f 389 357 360
f 247 260 288
f 336 393 337
f 341 395 336
f 25 333 27
f 25 346 333
f 26 357 249
f 259 249 357
f 26 288 343
f 346 26 343
f 343 288 260
f 390 362 356
f 362 244 356
f 355 353 391
f 353 392 391
f 355 354 392
f 392 352 353
f 355 392 391
f 355 352 392
f 349 294 322
f 349 348 294
f 270 285 412
f 285 289 412
f 345 360 346
f 347 332 345
f 346 347 345
f 346 287 343
f 343 344 346
f 346 336 393
f 341 393 337
f 393 336 337
f 337 333 341
f 345 393 333
f 393 336 333
f 393 336 333
f 333 341 393
f 340 337 341
f 340 334 337
f 336 341 395
f 333 341 337
f 341 336 337
f 341 339 333
f 341 394 339
f 394 338 339
f 360 357 332
f 360 389 357
f 330 304 329
f 330 338 304
f 330 394 338
f 293 399 328
f 399 410 328
f 314 315 308
f 402 400 28
f 29 314 308
f 308 312 29
f 28 29 312
f 324 29 28
f 324 28 400
f 28 312 402
f 29 324 314
f 314 311 315
f 410 294 292
f 321 291 292
f 294 321 292
f 309 294 291
f 321 320 291
f 294 321 291
f 292 320 291
f 292 321 320
f 318 321 413
f 321 284 413
f 413 290 318
f 322 323 290
f 290 316 322
f 410 294 292
f 294 293 292
f 316 323 315
f 316 322 323
f 323 317 315
f 316 322 310
f 309 319 316
f 310 309 316
f 290 316 414
f 306 307 334
f 306 269 307
f 269 268 307
f 334 305 307
f 269 305 306
f 305 334 306
f 307 334 269
f 334 256 269
f 306 335 334
f 334 256 306
f 267 304 439
f 304 303 439
f 304 329 303
f 297 224 263
f 224 296 263
f 210 297 299
f 298 263 296
f 263 297 210
f 224 262 210
f 263 262 296
f 262 263 210
f 429 263 262
f 296 298 224
f 298 297 224
f 224 264 296
f 263 299 264
f 443 299 224
f 264 298 263
f 264 300 298
f 443 264 299
f 224 263 299
f 224 298 263
f 224 262 298
f 328 294 410
f 294 399 410
f 293 410 328
f 293 292 410
f 292 294 234
f 292 410 294
f 287 332 249
f 332 344 249
f 244 389 388
f 389 357 388
f 247 249 244
f 249 357 244
f 258 357 244
f 258 356 357
f 249 436 259
f 249 288 436
f 249 287 288
f 436 244 259
f 413 290 320
f 284 290 261
f 284 320 290
f 290 415 261
f 290 261 284
f 286 261 415
f 261 290 415
f 418 272 358
f 358 274 418
f 358 453 272
f 358 218 453
f 453 273 272
f 258 259 390
f 259 356 390
f 421 445 420
f 421 422 445
f 230 415 327
f 350 327 270
f 350 270 271
f 415 270 327
f 289 290 271
f 290 415 271
f 230 285 350
f 230 415 285
f 285 289 350
f 424 268 307
f 269 424 257
f 269 268 424
f 334 256 335
f 335 305 307
f 335 307 334
f 269 305 307
f 307 256 269
f 303 439 648
f 439 444 648
f 201 240 440
f 201 239 240
f 451 262 225
f 262 429 225
f 429 263 262
f 224 225 451
f 224 451 262
f 263 224 262
f 262 296 225
f 224 296 298
f 224 225 296
f 306 269 255
f 215 252 255
f 269 215 255
f 255 256 306
f 356 220 259
f 220 244 259
f 236 235 291
f 236 206 235
f 234 235 233
f 234 291 235
f 432 433 467
f 433 431 467
f 432 433 467
f 433 431 467
f 252 253 269
f 253 254 269
f 306 252 256
f 252 269 215
f 252 254 269
f 180 179 215
f 460 217 253
f 460 253 254
f 215 460 254
f 435 180 215
f 176 179 180
f 176 181 179
f 435 215 254
f 223 215 179
f 252 269 215
f 256 269 255
f 269 252 255
f 447 452 251
f 452 479 251
f 251 250 447
f 276 280 279
f 276 277 280
f 288 247 248
f 288 436 247
f 436 244 260
f 244 249 260
f 220 436 249
f 436 244 249
f 356 244 258
f 356 220 244
f 244 356 220
f 244 259 356
f 259 356 244
f 356 220 244
f 220 436 244
f 438 213 243
f 438 214 213
f 214 202 213
f 243 242 267
f 242 439 267
f 240 440 265
f 241 201 265
f 440 241 265
f 201 239 440
f 239 240 440
f 239 265 240
f 240 200 238
f 200 237 238
f 238 239 240
f 442 236 235
f 442 291 236
f 236 206 233
f 430 291 236
f 233 430 236
f 206 219 233
f 235 446 30
f 430 30 446
f 193 30 430
f 235 234 446
f 219 30 193
f 219 235 30
f 235 233 234
f 430 234 219
f 234 291 219
f 233 219 235
f 233 430 219
f 261 221 647
f 647 415 261
f 230 270 229
f 408 443 264
f 408 227 224
f 408 224 443
f 262 225 451
f 262 210 225
f 215 435 180
f 215 180 181
f 180 177 181
f 181 217 215
f 177 180 176
f 181 223 217
f 273 218 453
f 273 246 218
f 436 244 220
f 244 248 220
f 223 216 179
f 213 243 212
f 477 202 212
f 250 479 251
f 250 452 479
f 277 280 276
f 280 417 276
f 235 455 206
f 455 197 206
f 221 206 455
f 221 205 206
f 462 449 175
f 170 174 481
f 170 481 175
f 449 170 175
f 201 166 465
f 198 166 636
f 198 199 166
f 478 470 209
f 209 195 478
f 471 640 194
f 194 640 195
f 478 470 194
f 478 194 195
f 457 458 459
f 186 637 475
f 186 474 637
f 198 484 183
f 198 199 465
f 201 484 198
f 201 198 465
f 201 166 484
f 173 178 223
f 178 179 223
f 181 179 223
f 223 177 181
f 223 176 177
f 179 177 178
f 179 176 177
f 176 173 178
f 173 483 171
f 483 170 171
f 171 172 173
f 171 172 169
f 169 483 170
f 169 172 173
f 169 173 483
f 164 166 484
f 164 484 486
f 164 499 166
f 499 152 166
f 486 151 164
f 152 484 164
f 485 486 484
f 163 164 484
f 486 163 484
f 167 486 161
f 167 485 486
f 164 161 151
f 161 486 151
f 166 165 152
f 166 163 165
f 163 167 486
f 167 159 486
f 163 161 167
f 486 151 161
f 161 160 486
f 160 159 486
f 159 157 489
f 489 158 159
f 157 158 156
f 157 487 158
f 156 157 160
f 157 155 160
f 159 487 160
f 487 490 160
f 159 156 487
f 487 156 157
f 487 160 156
f 158 159 156
f 489 158 157
f 158 156 157
f 163 164 152
f 152 486 163
f 160 159 151
f 159 154 151
f 150 529 500
f 503 137 138
f 503 144 137
f 526 111 137
f 130 138 503
f 526 137 130
f 130 503 112
f 112 526 130
f 145 146 503
f 112 121 145
f 503 112 145
f 121 119 145
f 121 119 112
f 33 182 503
f 508 182 33
f 31 33 503
f 31 32 33
f 508 33 119
f 144 111 33
f 34 133 121
f 131 132 128
f 132 112 128
f 130 112 119
f 133 34 132
f 130 132 34
f 31 34 32
f 112 132 138
f 112 34 121
f 34 33 32
f 144 33 34
f 132 132 138
f 132 133 132
f 130 34 31
f 503 112 31
f 112 144 34
f 33 111 119
f 121 525 112
f 130 31 112
f 138 129 132
f 138 128 129
f 182 119 146
f 142 143 505
f 143 504 505
f 505 141 142
f 504 505 143
f 142 505 141
f 142 143 505
f 132 121 130
f 132 133 121
f 121 120 130
f 116 117 506
f 117 118 506
f 510 511 512
f 503 121 139
f 121 128 139
f 139 140 503
f 144 128 130
f 132 112 144
f 130 132 144
f 119 132 121
f 132 133 121
f 119 129 132
f 134 517 515
f 517 126 515
f 528 519 134
f 134 515 516
f 134 516 134
f 519 134 134
f 126 127 515
f 516 127 515
f 516 517 127
f 515 134 517
f 517 127 515
f 124 123 135
f 123 122 135
f 114 124 122
f 124 123 122
f 128 140 121
f 128 131 140
f 140 133 121
f 140 128 129
f 140 133 128
f 519 134 528
f 130 112 119
f 112 137 119
f 144 137 130
f 137 119 130
f 112 111 119
f 112 144 111
f 111 137 119
f 116 105 118
f 118 522 116
f 523 524 527
f 524 113 527
f 112 121 525
f 121 128 525
f 525 144 121
f 525 112 144
f 105 118 106
f 101 540 536
f 101 541 540
f 96 98 537
f 98 539 537
f 100 95 96
f 89 547 88
f 92 81 82
f 92 622 81
f 549 80 102
f 79 552 78
f 79 77 552
f 547 75 89
f 547 87 75
f 74 89 75
f 76 89 74
f 74 87 75
f 72 71 73
f 72 73 87
f 74 72 87
f 73 547 87
f 74 76 72
f 73 547 71
f 72 547 76
f 72 71 547
f 76 547 87
f 73 547 72
f 547 76 72
f 562 3683 561
f 562 556 3683
f 3683 3761 561
f 73 87 72
f 73 547 87
f 72 71 73
f 73 558 72
f 615 50 614
f 615 590 50
f 566 68 69
f 566 567 69
f 566 68 567
f 48 47 573
f 63 60 49
f 49 48 572
f 49 572 63
f 572 67 63
f 573 572 48
f 573 572 35
f 35 59 573
f 59 67 45
f 45 67 66
f 572 67 35
f 35 67 59
f 67 60 66
f 66 45 63
f 578 62 577
f 64 579 61
f 579 580 61
f 59 48 45
f 48 49 46
f 573 49 48
f 45 47 59
f 59 573 48
f 595 58 55
f 587 52 589
f 52 4118 589
f 47 573 49
f 49 48 47
f 42 596 598
f 42 597 596
f 51 601 600
f 51 599 601
f 51 599 601
f 601 600 51
f 38 605 604
f 605 606 604
f 612 611 37
f 611 607 37
f 608 610 609
f 610 36 609
f 38 606 604
f 38 605 606
f 40 602 39
f 40 603 602
f 84 559 85
f 114 530 109
f 114 110 530
f 118 115 116
f 115 522 116
f 524 113 523
f 136 116 509
f 510 511 512
f 142 504 505
f 142 143 504
f 432 431 467
f 432 433 431
f 407 416 423
f 407 282 416
f 394 339 341
f 339 333 341
f 382 404 381
f 373 371 372
f 373 370 371
f 4516 4517 4515
f 4515 610 4516
f 4516 4514 4517
f 4513 4515 4517
f 4512 4517 4514
f 610 36 4516
f 4514 4511 4512
f 36 4510 4516
f 4513 4517 4509
f 4512 4508 4517
f 4509 4517 4508
f 4511 4514 4507
f 4515 4513 4506
f 610 4515 4505
f 4506 4505 4515
f 36 610 608
f 4505 608 610
f 36 610 609
f 4510 36 609
f 608 609 610
f 608 609 36
f 4514 4516 4504
f 4510 4504 4516
f 609 4504 4510
f 4509 4503 4513
f 4506 4513 4503
f 4511 4502 4512
f 4508 4512 4502
f 4508 607 4509
f 4502 4501 4508
f 607 4508 4501
f 4507 4500 4511
f 4502 4511 4500
f 4507 4514 605
f 4500 4507 605
f 4504 606 4514
f 605 4514 606
f 4503 4509 4499
f 607 4499 4509
f 607 37 4499
f 4503 4498 4506
f 4498 4503 4499
f 4504 609 4497
f 606 4504 604
f 606 605 604
f 4497 604 4504
f 4505 4506 4496
f 608 4505 4496
f 4498 4496 4506
f 609 608 4495
f 4495 4497 609
f 4496 4495 608
f 607 612 37
f 4501 611 607
f 607 611 37
f 612 607 611
f 612 37 611
f 4501 4502 4494
f 611 4501 4494
f 4500 4493 4502
f 4494 4502 4493
f 605 4492 4500
f 4493 4500 4492
f 606 605 38
f 604 605 38
f 604 606 38
f 38 4492 605
f 4499 37 4491
f 4499 4491 4498
f 4491 37 612
f 4490 38 604
f 4489 4488 611
f 4489 611 4487
f 4496 4498 4485
f 4495 4496 4485
f 4491 4485 4498
f 4493 4484 4494
f 4486 4494 4484
f 604 4497 4483
f 4497 4495 4483
f 4490 604 4483
f 4485 4483 4495
f 4492 4482 4493
f 4484 4493 4482
f 4482 4492 4480
f 4481 4479 4492
f 4480 4492 4479
f 4488 4489 4478
f 4487 4478 4489
f 4478 4487 4477
f 4476 4488 4478
f 4494 4475 611
f 4487 611 4475
f 4486 4475 4494
f 4477 4487 4475
f 611 4474 612
f 612 4474 4491
f 4488 4474 611
f 4485 4491 4474
f 4476 4474 4488
f 4475 4486 4473
f 4483 4485 4472
f 4474 4472 4485
f 4484 4471 4486
f 4473 4486 4471
f 4472 4470 4483
f 4482 4469 4484
f 4471 4484 4469
f 4492 38 4468
f 38 4490 4468
f 4483 4468 4490
f 4481 4492 4468
f 4470 4468 4483
f 4480 4467 4482
f 4469 4482 4467
f 4479 4481 4466
f 4479 4466 4480
f 4468 4466 4481
f 4467 4480 4465
f 4466 4465 4480
f 4477 4464 4478
f 4478 4463 4476
f 4463 4478 4464
f 4472 4474 4461
f 4462 4461 4474
f 4470 4472 4460
f 4468 4470 4459
f 4466 4468 4459
f 4460 4459 4470
f 4459 4458 4466
f 4465 4466 4457
f 4458 4457 4466
f 4474 4476 4456
f 4463 4456 4476
f 4462 4474 4456
f 4464 4454 4463
f 4456 4463 4454
f 4454 4464 4455
f 4464 4477 4453
f 4455 4464 4453
f 4475 4452 4477
f 4473 4452 4475
f 4453 4477 4452
f 4471 4451 4473
f 4452 4473 4451
f 4461 4450 4472
f 4461 4462 4450
f 4460 4472 4450
f 4456 4450 4462
f 4469 4449 4471
f 4451 4471 4449
f 4459 4460 4448
f 4450 4448 4460
f 4467 4447 4469
f 4449 4469 4447
f 4465 4446 4467
f 4447 4467 4446
f 4458 4459 4445
f 4457 4458 4445
f 4448 4445 4459
f 4457 4444 4465
f 4444 4446 4465
f 4445 4443 4457
f 4444 4457 4443
f 4453 4441 4455
f 4442 4455 4441
f 4455 4440 4454
f 4440 4455 4442
f 4452 4439 4453
f 4441 4453 4439
f 4454 4438 4456
f 4450 4456 4438
f 4440 4438 4454
f 4451 4437 4452
f 4439 4452 4437
f 4438 4436 4450
f 4449 4435 4451
f 4437 4451 4435
f 4448 4450 4434
f 4436 4434 4450
f 4447 4433 4449
f 4435 4449 4433
f 4445 4448 4432
f 4434 4432 4448
f 4446 4431 4447
f 4433 4447 4431
f 4432 4430 4445
f 4446 4444 4429
f 4431 4446 4429
f 4443 4445 4428
f 4430 4428 4445
f 4428 4427 4443
f 4443 4426 4444
f 4429 4444 4426
f 4427 4426 4443
f 4439 4425 4441
f 4441 4424 4442
f 4425 4424 4441
f 4442 4423 4440
f 4423 4442 4424
f 4423 4424 4425
f 4437 4422 4439
f 4425 4439 4422
f 4438 4440 4421
f 4423 4421 4440
f 4435 4420 4437
f 4422 4437 4420
f 4436 4438 4419
f 4421 4419 4438
f 4433 4418 4435
f 4420 4435 4418
f 4434 4436 4417
f 4432 4434 4417
f 4419 4417 4436
f 4431 4416 4433
f 4418 4433 4416
f 4430 4432 4415
f 4417 4415 4432
f 4429 4414 4431
f 4416 4431 4414
f 4428 4430 4413
f 4415 4413 4430
f 4426 4412 4429
f 4414 4429 4412
f 4427 4428 4411
f 4413 4411 4428
f 4411 4410 4427
f 4426 4427 4409
f 4412 4426 4409
f 4410 4409 4427
f 4423 4425 4408
f 4422 4408 4425
f 4420 4407 4422
f 4408 4422 4407
f 4419 4421 4406
f 4417 4419 4405
f 4415 4417 4405
f 4406 4405 4419
f 4416 4404 4418
f 4414 4403 4416
f 4404 4416 4403
f 4413 4415 4402
f 4405 4402 4415
f 4412 4401 4414
f 4409 4401 4412
f 4403 4414 4401
f 4411 4413 602
f 4410 4411 602
f 4402 602 4413
f 4409 4410 603
f 4401 4409 603
f 602 603 4410
f 4421 4423 4398
f 4408 4398 4423
f 4406 4421 4398
f 4418 4397 4420
f 4407 4420 4397
f 4404 4397 4418
f 4395 4400 4399
f 4394 4395 4399
f 4399 4393 4394
f 4393 4399 4392
f 4400 4391 4396
f 4395 4390 4400
f 4391 4400 4390
f 4400 4396 4389
f 4399 4400 4388
f 4389 4388 4400
f 4393 4387 4394
f 4392 4399 4386
f 4388 4386 4399
f 4384 4385 4383
f 4383 4382 4384
f 4382 4383 4380
f 4381 4380 4383
f 603 40 4401
f 603 40 602
f 4379 4389 4396
f 4407 4378 4408
f 4398 4408 4378
f 4392 4377 4393
f 4386 4376 4392
f 4377 4392 4376
f 4397 4375 4407
f 4378 4407 4375
f 4398 4374 4406
f 4385 4384 4373
f 4405 4406 4372
f 4374 4372 4406
f 4397 4404 4371
f 4402 4405 4370
f 4372 4370 4405
f 4403 4369 4404
f 4371 4404 4369
f 4368 4383 4385
f 4383 4368 4381
f 4367 4381 4368
f 602 4402 4366
f 4370 4366 4402
f 4401 4365 4403
f 4369 4403 4365
f 4380 4381 4364
f 4381 4367 4364
f 4366 4363 602
f 4362 4401 40
f 4365 4401 4362
f 4360 4362 40
f 4360 40 4361
f 603 39 602
f 39 602 40
f 39 603 40
f 4363 39 602
f 39 4361 40
f 4391 4359 4396
f 4379 4396 4359
f 4390 4395 4358
f 4394 4357 4395
f 4358 4395 4357
f 4387 4356 4394
f 4357 4394 4356
f 4356 4387 4355
f 4387 4393 4354
f 4377 4354 4393
f 4385 4373 4352
f 4353 4352 4373
f 4368 4385 4351
f 4352 4351 4385
f 4367 4368 4350
f 4364 4367 4349
f 4350 4349 4367
f 4349 4348 4364
f 4389 4379 4347
f 4388 4389 4346
f 4347 4346 4389
f 4386 4388 4345
f 4346 4345 4388
f 4384 4344 4373
f 4352 4343 4351
f 4382 4342 4384
f 4344 4384 4342
f 4342 4382 4341
f 4380 4340 4382
f 4341 4382 4340
f 4339 4349 4350
f 4364 4338 4380
f 4348 4338 4364
f 4340 4380 4338
f 4337 4336 51
f 601 599 51
f 4336 599 51
f 4359 4335 4379
f 4347 4379 4335
f 4353 4373 4334
f 4344 4334 4373
f 4348 4349 4333
f 599 4331 601
f 4332 601 4331
f 4359 4391 4330
f 4390 4329 4391
f 4358 4329 4390
f 4329 4330 4391
f 4328 4335 4359
f 4330 4328 4359
f 4355 4327 4356
f 4378 44 4398
f 4376 4386 44
f 4345 44 4386
f 580 44 4345
f 613 44 580
f 4375 4326 4378
f 44 4378 4326
f 4325 4334 4344
f 4376 49 4377
f 4374 4398 49
f 4354 4377 49
f 44 49 4398
f 44 49 4376
f 44 613 49
f 4375 4397 4324
f 4371 4324 4397
f 4326 4375 4324
f 4352 4353 4323
f 4352 4323 4343
f 4334 4323 4353
f 4351 4343 4322
f 4369 4321 4371
f 4324 4371 4321
f 4372 4374 46
f 4370 4372 46
f 4366 4370 46
f 49 46 4374
f 4365 4320 4369
f 4321 4369 4320
f 4363 4366 4319
f 46 4319 4366
f 4362 4318 4365
f 4320 4365 4318
f 4339 4350 4317
f 4349 4339 4316
f 4316 4333 4349
f 4317 4316 4339
f 39 4363 616
f 39 616 4361
f 4319 616 4363
f 4318 4362 4315
f 4360 4361 4314
f 616 4314 4361
f 4360 4313 4362
f 4315 4362 4313
f 4314 4313 4360
f 4338 4348 4312
f 4333 4312 4348
f 4314 616 4311
f 4357 4310 4358
f 4356 4310 4357
f 4329 4358 4310
f 4327 4310 4356
f 4334 4325 4309
f 4323 4334 4309
f 4355 4387 4308
f 4354 4308 4387
f 4327 4355 4308
f 49 4308 4354
f 46 49 48
f 4337 51 581
f 601 51 600
f 599 51 600
f 599 600 601
f 4333 4316 4307
f 4332 4306 601
f 600 601 4306
f 4336 4337 583
f 4331 4305 4332
f 599 4336 4304
f 583 4304 4336
f 4331 599 4303
f 4305 4331 4303
f 4304 4303 599
f 4335 4301 4347
f 4335 4328 4301
f 4346 4347 61
f 4345 4346 61
f 580 4345 61
f 4301 61 4347
f 4301 580 61
f 613 580 579
f 49 613 579
f 4308 49 579
f 61 580 579
f 4309 4298 4323
f 4323 4297 4343
f 4322 4343 4297
f 4298 4297 4323
f 4299 4300 4295
f 4295 4296 4299
f 4288 4289 4287
f 4316 4317 4284
f 4285 4286 4283
f 4283 4286 4282
f 4281 4307 4316
f 4284 4281 4316
f 4312 4333 4280
f 4307 4280 4333
f 581 62 4337
f 62 583 4337
f 4306 4332 4279
f 4279 4332 4305
f 4273 4272 4276
f 4266 4265 4275
f 4264 4265 4261
f 4263 4264 4260
f 4261 4260 4264
f 4262 4263 4259
f 4260 4259 4263
f 4259 619 4262
f 4273 4274 598
f 4272 4273 598
f 4258 598 4274
f 4259 4260 4257
f 619 4259 4256
f 4257 4256 4259
f 596 597 598
f 596 598 4258
f 41 596 597
f 41 596 4258
f 598 597 42
f 41 597 42
f 596 597 42
f 598 596 42
f 596 41 42
f 598 4255 4272
f 42 4255 598
f 4271 4272 4254
f 4255 4254 4272
f 4270 4271 4253
f 4254 4253 4271
f 4269 4270 4252
f 4253 4252 4270
f 4268 4269 4251
f 4252 4251 4269
f 4256 4302 4250
f 42 53 41
f 42 43 41
f 4255 42 43
f 53 41 43
f 53 42 43
f 4256 4249 4302
f 4256 4257 4249
f 4250 4302 4248
f 43 53 4247
f 617 4247 53
f 43 4246 4255
f 4247 4246 43
f 4254 4255 4245
f 4246 4245 4255
f 4253 4254 4244
f 4245 4244 4254
f 4252 4253 4243
f 4244 4243 4253
f 4251 4252 4242
f 4243 4242 4252
f 4249 4241 4302
f 4248 4302 4240
f 4241 4240 4302
f 4240 4239 4248
f 4247 617 4238
f 595 4238 617
f 4246 4247 4237
f 4238 4237 4247
f 4245 4246 4236
f 4237 4236 4246
f 4244 4245 4235
f 4236 4235 4245
f 4243 4244 4234
f 4242 4243 4234
f 4235 4234 4244
f 4234 4233 4242
f 55 618 595
f 4328 4330 4232
f 4301 4328 4232
f 4240 4241 4231
f 4239 4240 4230
f 4231 4230 4240
f 4230 4229 4239
f 55 586 4227
f 4238 595 4226
f 595 55 4226
f 4227 4226 55
f 4235 4236 4225
f 4234 4235 4224
f 4233 4234 4224
f 4225 4224 4235
f 4224 4223 4233
f 4237 4238 4222
f 4226 4222 4238
f 4236 4237 4221
f 4221 4225 4236
f 4222 4221 4237
f 4299 4218 4300
f 4218 4299 4220
f 4309 4325 4217
f 4219 4309 4217
f 4230 4231 4215
f 4229 4230 4214
f 4215 4214 4230
f 4214 4213 4229
f 4298 4309 4212
f 4219 4212 4309
f 4223 4211 4228
f 4211 4216 4228
f 4226 4227 4210
f 4217 4325 4210
f 4217 4210 4227
f 4296 4207 4299
f 4220 4299 4207
f 48 49 45
f 4326 4205 44
f 4324 4205 4326
f 4224 4225 4204
f 4223 4224 4204
f 4211 4223 4203
f 4204 4203 4223
f 4225 4221 4202
f 4204 4225 4202
f 46 49 47
f 48 49 47
f 48 46 47
f 45 49 47
f 45 48 47
f 45 4206 47
f 4221 4222 4200
f 4200 4202 4221
f 4209 4216 594
f 4199 4201 594
f 44 613 59
f 49 59 613
f 49 44 59
f 45 49 59
f 47 49 59
f 47 45 59
f 4205 4324 4198
f 4203 4204 4197
f 4202 4197 4204
f 4197 4196 4203
f 4216 4211 4195
f 594 4216 4195
f 4207 4296 4194
f 4206 4207 4194
f 47 4206 4194
f 4342 4193 4344
f 4325 4344 4193
f 4210 4325 4193
f 4293 4294 4192
f 4222 4226 4192
f 4210 4192 4226
f 4200 4192 4294
f 4200 4222 4192
f 4193 4192 4210
f 4191 4197 4202
f 4203 4190 4211
f 4196 4190 4203
f 4190 4195 4211
f 4208 4209 4189
f 594 4189 4209
f 4195 4189 594
f 4208 4188 4215
f 4189 4188 4208
f 4214 4215 4187
f 4188 4187 4215
f 4213 4214 4186
f 4187 4186 4214
f 4186 4185 4213
f 4197 4191 4184
f 4196 4197 4183
f 4190 4196 4183
f 4200 4294 4182
f 4202 4200 4182
f 4191 4202 4182
f 4182 4184 4191
f 4295 4300 4181
f 4194 4296 4180
f 46 49 573
f 48 49 573
f 48 46 573
f 45 49 573
f 45 48 573
f 47 49 573
f 47 46 573
f 47 48 573
f 47 45 573
f 59 49 573
f 59 45 573
f 59 47 573
f 4194 573 47
f 4180 573 4194
f 4321 4179 4324
f 4320 4179 4321
f 4198 4324 4179
f 4293 4178 4294
f 4182 4294 4178
f 4184 4182 4178
f 4296 4295 4177
f 4180 4296 4177
f 4322 4176 4351
f 4183 4175 4190
f 4195 4190 4174
f 4189 4195 4174
f 4175 4174 4190
f 4188 4189 4173
f 4174 4173 4189
f 4187 4188 4172
f 4173 4172 4188
f 4186 4187 4171
f 4172 4171 4187
f 4185 4186 4170
f 4171 4170 4186
f 4170 4169 4185
f 4341 4168 4342
f 4292 4293 4168
f 4289 4292 4168
f 4193 4342 4168
f 4192 4168 4293
f 4192 4193 4168
f 4292 4167 4293
f 4289 4167 4292
f 4288 4167 4289
f 4178 4293 4167
f 4167 4166 4178
f 46 49 593
f 4319 46 593
f 48 49 593
f 48 46 593
f 573 49 593
f 573 46 593
f 573 48 593
f 573 4180 593
f 4318 4165 4320
f 4179 4320 4165
f 4351 4164 4368
f 4350 4368 4164
f 4176 4164 4351
f 4174 4175 4162
f 4163 4162 4175
f 4290 4291 592
f 4173 4174 592
f 4162 592 4174
f 4172 4173 4161
f 592 4161 4173
f 4171 4172 4160
f 4161 4160 4172
f 4170 4171 4159
f 4160 4159 4171
f 4169 4170 4158
f 4159 4158 4170
f 4167 4288 4157
f 4166 4167 4157
f 616 4319 584
f 593 584 4319
f 4317 4350 4156
f 4164 4156 4350
f 4340 4155 4341
f 4168 4341 4155
f 4168 4154 4289
f 4155 4154 4168
f 4162 4163 4153
f 592 4162 4152
f 4153 4152 4162
f 4161 592 591
f 4152 591 592
f 4151 592 591
f 4160 4161 4150
f 591 4150 4161
f 4159 4160 4149
f 4150 4149 4160
f 4158 4159 4148
f 4149 4148 4159
f 4148 4147 4158
f 4315 4146 4318
f 4165 4318 4146
f 4157 4288 4145
f 584 50 616
f 614 50 584
f 4284 4317 4144
f 4156 4144 4317
f 4287 4143 4288
f 4145 4288 4143
f 4143 4142 4145
f 4283 615 4285
f 614 4285 615
f 50 615 616
f 50 614 615
f 4338 4140 4340
f 4312 4140 4338
f 4155 4340 4140
f 4154 4155 4140
f 4287 4289 4139
f 4154 4139 4289
f 4140 4139 4154
f 4142 4143 4138
f 4141 4137 4153
f 591 4152 52
f 4150 591 4136
f 52 4136 591
f 4149 4150 4135
f 4136 4135 4150
f 4148 4149 4134
f 4135 4134 4149
f 4147 4148 4133
f 4134 4133 4148
f 4282 4286 568
f 50 616 590
f 50 590 614
f 615 590 616
f 615 614 590
f 615 50 590
f 4146 4315 4132
f 4138 4131 4142
f 4130 4137 4141
f 4131 4130 4141
f 4152 4153 4129
f 4137 4129 4153
f 4129 52 4152
f 4311 616 4128
f 50 4128 616
f 4143 4287 4127
f 4139 4127 4287
f 52 4129 589
f 615 4283 4125
f 590 615 4125
f 4138 4143 4124
f 4127 4124 4143
f 4123 4126 589
f 581 51 588
f 600 588 51
f 4125 588 590
f 4311 4122 4314
f 4128 4122 4311
f 4313 4121 4315
f 4313 4314 4121
f 4132 4315 4121
f 4122 4121 4314
f 4131 4138 4120
f 4124 4120 4138
f 4137 4130 4119
f 4130 4131 4119
f 4120 4119 4131
f 4280 4117 4312
f 4140 4312 4117
f 4139 4140 4117
f 589 587 52
f 4118 52 587
f 4118 587 589
f 4136 52 4116
f 587 4116 52
f 4307 4281 4115
f 4129 4137 4114
f 4119 4114 4137
f 568 4113 4282
f 4282 4112 4283
f 4125 4283 4112
f 589 4129 4111
f 587 589 4111
f 4114 4111 4129
f 4135 4136 4110
f 4116 4110 4136
f 4134 4135 4109
f 4110 4109 4135
f 4133 4134 4108
f 4109 4108 4134
f 4113 4107 4282
f 4112 4282 4107
f 4280 4307 4106
f 4115 4106 4307
f 4117 4280 4105
f 4127 4139 4104
f 4124 4127 4103
f 4104 4103 4127
f 4117 4102 4139
f 4105 4102 4117
f 4102 4104 4139
f 4120 4124 4101
f 4103 4101 4124
f 4101 4100 4120
f 4119 4120 4099
f 4100 4099 4120
f 4114 4119 4098
f 4111 4114 4098
f 4099 4098 4119
f 4109 4110 4096
f 4097 4278 4096
f 4097 4096 4110
f 4108 4109 4095
f 4096 4095 4109
f 4102 4105 4094
f 4104 4102 4093
f 4094 4093 4102
f 4103 4104 4092
f 4093 4092 4104
f 4101 4103 4091
f 4092 4091 4103
f 4100 4101 4090
f 4091 4090 4101
f 4090 4089 4100
f 4099 4100 4088
f 4089 4088 4100
f 4277 4278 4087
f 4097 4087 4278
f 4096 4278 4086
f 4095 4096 4086
f 4093 4094 4085
f 4092 4093 4084
f 4085 4084 4093
f 4091 4092 4083
f 4084 4083 4092
f 4090 4091 4082
f 4083 4082 4091
f 4089 4090 4081
f 4082 4081 4090
f 4081 4080 4089
f 4088 4089 4079
f 4080 4079 4089
f 4087 4078 4277
f 4277 4077 4278
f 4086 4278 4077
f 4084 4085 4076
f 4083 4084 4075
f 4076 4075 4084
f 4082 4083 4074
f 4075 4074 4083
f 4081 4082 4073
f 4074 4073 4082
f 4080 4081 4072
f 4073 4072 4081
f 4079 4080 4071
f 4072 4071 4080
f 4071 4070 4079
f 4078 4068 4277
f 4077 4277 4068
f 4069 4068 4078
f 4068 4067 4077
f 4068 4069 4065
f 4066 4065 4069
f 4067 4068 4064
f 4065 4064 4068
f 4075 4076 4063
f 4063 4062 4075
f 4074 4075 4061
f 4073 4074 4061
f 4062 4061 4075
f 4072 4073 4060
f 4061 4060 4073
f 4071 4072 4059
f 4060 4059 4072
f 4070 4071 4058
f 4059 4058 4071
f 4058 4057 4070
f 4054 4055 4053
f 4061 4062 4052
f 4276 4049 4273
f 4274 4273 4049
f 4051 4049 4276
f 4049 4050 4274
f 4048 4276 4272
f 4276 4048 4051
f 4272 4271 4047
f 4271 4270 4047
f 4047 4048 4272
f 4270 4269 4046
f 4046 4047 4270
f 4269 4268 4045
f 4045 4046 4269
f 4268 4267 4044
f 4044 4045 4268
f 4042 4043 4275
f 4275 4040 4266
f 4267 4266 4040
f 4040 4044 4267
f 4040 4275 4043
f 4263 4262 4039
f 4038 4275 4265
f 4265 4264 4038
f 4275 4038 4042
f 4041 4042 4038
f 4264 4263 4037
f 4037 4263 4039
f 4037 4038 4264
f 4036 4039 4262
f 4274 4035 4258
f 4035 4274 4050
f 56 4262 619
f 4262 56 4036
f 4034 56 619
f 4265 4266 4033
f 4033 4261 4265
f 4266 4267 4032
f 4033 4266 4032
f 4031 619 4256
f 4256 4250 4031
f 4267 4268 4030
f 4251 4030 4268
f 4030 4251 4242
f 4032 4267 4030
f 4260 4261 4029
f 4029 4257 4260
f 4258 54 41
f 41 54 53
f 53 54 617
f 54 4258 4035
f 4028 54 617
f 4027 4249 4257
f 4257 4029 4027
f 4026 4248 4239
f 4025 4030 4242
f 617 4024 595
f 4024 617 54
f 4023 4242 4233
f 4242 4023 4025
f 618 58 595
f 586 55 58
f 618 55 58
f 55 58 595
f 58 595 4024
f 4330 4329 4022
f 4021 4232 4330
f 4022 4021 4330
f 585 58 618
f 4020 4233 4223
f 4228 4020 4223
f 4233 4020 4023
f 57 4227 586
f 4227 57 4217
f 4219 4217 57
f 586 58 57
f 585 58 57
f 4019 4220 4207
f 4207 4206 4019
f 4206 45 4019
f 65 4212 4219
f 4218 4018 4300
f 4017 4181 4300
f 4018 4017 4300
f 4016 4183 4197
f 4297 4015 4322
f 4015 4176 4322
f 4184 4014 4197
f 4016 4197 4014
f 4013 4175 4183
f 4183 4016 4013
f 4198 4012 4205
f 4012 4198 4179
f 4179 4165 4012
f 4178 4011 4184
f 4011 4178 4166
f 4014 4184 4011
f 4010 4175 4013
f 4181 4008 4295
f 4177 4295 4008
f 4009 4008 4181
f 4008 4009 4007
f 4008 4006 4177
f 4007 4006 4008
f 4177 4005 4180
f 4005 593 4180
f 593 4005 584
f 4006 4005 4177
f 4165 4146 4004
f 4004 4012 4165
f 4003 4163 4175
f 4163 4003 4153
f 4175 4010 4003
f 4285 4001 4286
f 4006 4007 4001
f 4002 4001 4007
f 4000 4285 614
f 4005 4006 4000
f 4001 4285 4000
f 4001 4000 4006
f 584 3999 614
f 3999 584 4005
f 3999 4000 614
f 4000 3999 4005
f 3998 4153 4003
f 69 568 4286
f 4001 69 4286
f 4001 4002 69
f 4145 3997 4157
f 3997 4145 4142
f 3996 4141 4153
f 4153 3998 3996
f 3995 4142 4131
f 4142 3995 3997
f 4144 3994 4284
f 3993 4131 4141
f 4141 3996 3993
f 3993 3995 4131
f 4281 4284 3992
f 3994 3992 4284
f 4115 3991 4106
f 4106 3990 4280
f 3990 4105 4280
f 4304 583 575
f 583 62 575
f 4098 4099 3989
f 3989 4099 4088
f 4303 4304 3988
f 575 3988 4304
f 4303 3987 4305
f 3988 3987 4303
f 3986 4094 4105
f 4105 3990 3986
f 3985 4088 4079
f 4088 3985 3989
f 3984 4085 4094
f 4094 3986 3984
f 4079 3983 3985
f 4078 3982 4069
f 3981 4076 4085
f 4085 3984 3981
f 4070 3980 4079
f 3980 4070 4057
f 4057 4056 3980
f 3983 4079 3980
f 4069 3979 4066
f 3979 4069 3982
f 4056 4055 3978
f 3978 3980 4056
f 3977 4067 4064
f 4055 4054 3976
f 3976 3978 4055
f 3975 4066 3979
f 3974 4063 4076
f 4076 3981 3974
f 4064 4065 3973
f 4064 3972 3977
f 3973 3972 4064
f 3971 4054 4053
f 4054 3971 3976
f 3975 3976 3971
f 4066 3975 3970
f 3971 3970 3975
f 4065 4066 3969
f 3969 3973 4065
f 3970 3969 4066
f 4055 4056 3968
f 3968 4053 4055
f 4060 4061 3967
f 4059 4060 3967
f 4058 4059 3966
f 3967 3966 4059
f 4057 4058 3965
f 3966 3965 4058
f 4056 4057 3964
f 3964 3968 4056
f 3965 3964 4057
f 3963 4053 3968
f 4053 3962 3971
f 4053 3963 3962
f 3962 3961 3971
f 4063 3974 3960
f 4062 4063 3959
f 3959 4052 4062
f 3960 3959 4063
f 4052 3958 4061
f 3967 4061 3958
f 4052 3959 3957
f 4048 3956 4051
f 4047 3955 4048
f 4046 3955 4047
f 3956 4048 3955
f 4045 3954 4046
f 3955 4046 3954
f 4044 3953 4045
f 3954 4045 3953
f 4040 3952 4044
f 4040 4043 3952
f 3953 4044 3952
f 4038 3951 4041
f 4037 4039 3950
f 4037 3950 4038
f 3951 4038 3950
f 4036 3949 4039
f 3950 4039 3949
f 54 4035 3948
f 56 3947 4036
f 3949 4036 3947
f 619 3946 56
f 4031 3946 619
f 4250 3945 4031
f 4032 3944 4033
f 4030 3943 4032
f 3944 4032 3943
f 4261 4033 3942
f 4029 4261 3942
f 3944 3942 4033
f 4024 54 3941
f 3948 3941 54
f 4248 3940 4250
f 4026 3940 4248
f 3945 4250 3940
f 4025 3939 4030
f 3943 4030 3939
f 58 4024 3938
f 3941 3938 4024
f 4241 4249 3937
f 4249 4027 3937
f 4229 3935 4239
f 4239 3935 4026
f 586 58 582
f 585 582 58
f 57 586 582
f 57 58 582
f 57 582 585
f 3938 582 58
f 4231 4241 3933
f 3937 3933 4241
f 4213 3932 4229
f 3935 4229 3932
f 4310 3931 4329
f 4310 4327 3931
f 4022 4329 3931
f 4019 3930 4220
f 4301 3929 580
f 4232 3929 4301
f 4232 4021 3929
f 4220 3928 4218
f 3930 3928 4220
f 4219 57 3927
f 65 4219 3927
f 582 3927 57
f 4308 3925 4327
f 3931 4327 3925
f 45 70 4019
f 3926 4019 70
f 4185 3924 4213
f 3932 4213 3924
f 579 63 4308
f 47 63 45
f 3925 4308 63
f 70 45 63
f 44 580 60
f 49 44 60
f 61 580 60
f 45 49 60
f 4205 60 44
f 59 44 60
f 59 49 60
f 59 45 60
f 63 45 60
f 4012 3923 4205
f 60 4205 3923
f 4297 4298 3922
f 4015 4297 3922
f 60 3921 59
f 4169 3920 4185
f 3924 4185 3920
f 4181 4017 3919
f 573 59 572
f 3921 572 59
f 4004 3918 4012
f 3923 4012 3918
f 593 3916 573
f 572 573 3916
f 4007 4009 3913
f 4158 3912 4169
f 3920 4169 3912
f 3914 3915 3910
f 3911 3910 3915
f 3913 3909 4007
f 3913 3914 3909
f 3910 3909 3914
f 3916 593 3908
f 3918 4004 3907
f 4147 3906 4158
f 3912 4158 3906
f 3910 3911 3905
f 3909 3910 3904
f 3905 3904 3910
f 4002 4007 3903
f 3909 3903 4007
f 3904 3903 3909
f 584 3901 593
f 3908 593 3901
f 3902 3900 3905
f 3906 4147 3899
f 4146 3898 4004
f 3907 4004 3898
f 568 69 567
f 50 565 584
f 590 565 50
f 3901 584 565
f 3900 3902 78
f 4133 3897 4147
f 3899 4147 3897
f 588 3896 590
f 565 590 3896
f 4132 3895 4146
f 3898 4146 3895
f 4122 4128 564
f 4121 4122 564
f 3896 588 564
f 4121 3893 4132
f 3895 4132 3893
f 564 3893 4121
f 62 581 577
f 588 577 581
f 4113 568 3892
f 588 4125 3891
f 4112 3891 4125
f 4108 3890 4133
f 3897 4133 3890
f 4306 3889 600
f 62 581 620
f 583 620 62
f 575 620 583
f 575 62 620
f 577 620 581
f 577 62 620
f 4107 4113 3888
f 3892 3888 4113
f 4107 3887 4112
f 3891 4112 3887
f 4106 3991 561
f 3990 4106 561
f 3889 4306 561
f 3888 3886 4107
f 3887 4107 3886
f 4279 3885 4306
f 561 4306 3885
f 4087 4097 3884
f 4095 3883 4108
f 4086 3883 4095
f 3890 4108 3883
f 4305 3882 4279
f 3987 3882 4305
f 3885 4279 3882
f 3986 3990 3881
f 561 3881 3990
f 4077 3880 4086
f 3883 4086 3880
f 4078 4087 3878
f 4078 3878 3982
f 3884 3878 4087
f 3984 3986 3876
f 3881 3876 3986
f 3980 3875 3983
f 4067 3874 4077
f 3880 4077 3874
f 3981 3984 3873
f 3876 3873 3984
f 3978 3872 3980
f 3875 3980 3872
f 3975 3979 3871
f 3975 3871 3976
f 3977 3870 4067
f 3874 4067 3870
f 3976 3869 3978
f 3872 3978 3869
f 3871 3869 3976
f 3870 3977 622
f 3972 3868 3977
f 622 3977 3868
f 3974 3981 3867
f 3873 3867 3981
f 3868 3972 3866
f 3973 3969 3865
f 3972 3973 3864
f 3866 3972 3864
f 3865 3864 3973
f 3961 3863 3971
f 3970 3971 3862
f 3969 3970 3862
f 3862 3865 3969
f 3863 3862 3971
f 3966 3967 3861
f 3958 3861 3967
f 3965 3966 3860
f 3861 3860 3966
f 3964 3965 3859
f 3860 3859 3965
f 3968 3964 3858
f 3963 3968 3858
f 3859 3858 3964
f 3958 4052 3857
f 3957 3857 4052
f 3857 3861 3958
f 3856 4051 3956
f 4035 4050 3855
f 3855 3948 4035
f 3947 56 3854
f 3854 56 3946
f 3946 4031 3853
f 3853 4031 3945
f 3936 3851 3934
f 3852 3934 3851
f 4021 4022 3850
f 3931 3850 4022
f 3850 3929 4021
f 3850 3931 3925
f 3930 4019 3849
f 3849 4019 3926
f 4215 4231 3848
f 4208 4215 3848
f 3933 3848 4231
f 4018 4218 3847
f 3928 3847 4218
f 61 580 64
f 579 580 64
f 579 64 61
f 3929 64 580
f 64 63 579
f 64 3925 63
f 64 580 60
f 64 61 60
f 63 64 60
f 3929 3850 64
f 3925 64 3850
f 4212 3846 4298
f 3846 3922 4298
f 4115 4281 3845
f 3992 3845 4281
f 62 578 581
f 577 581 578
f 577 62 578
f 4110 4116 3844
f 4097 4110 3844
f 3844 3884 4097
f 583 62 576
f 575 583 576
f 575 62 576
f 3988 575 576
f 578 576 62
f 3987 3988 3843
f 3843 3882 3987
f 3885 3882 3843
f 576 3843 3988
f 576 578 3843
f 3879 3841 3877
f 3841 3879 3842
f 3868 81 622
f 3866 3840 3868
f 81 3868 3840
f 3960 3974 3839
f 3867 3839 3974
f 4049 3838 4050
f 4051 3837 4049
f 3856 3837 4051
f 3838 4049 3837
f 3837 3856 3836
f 3941 3948 3835
f 3946 3834 3854
f 3853 3834 3946
f 3938 3941 3833
f 3835 3833 3941
f 3936 3934 3832
f 83 3832 3934
f 83 3934 623
f 3831 83 623
f 3833 3830 3938
f 3852 3829 3934
f 623 3934 3829
f 582 3938 3828
f 3830 3828 3938
f 3829 3852 3827
f 3927 582 3826
f 3828 3826 582
f 4216 3825 4228
f 4212 65 3824
f 3846 4212 3824
f 4209 3823 4216
f 4208 3823 4209
f 3825 4216 3823
f 3848 3822 4208
f 3823 4208 3822
f 47 45 66
f 3927 66 65
f 70 45 66
f 63 45 66
f 63 47 66
f 63 70 66
f 60 61 66
f 60 45 66
f 60 65 66
f 60 63 66
f 64 66 61
f 63 64 66
f 60 64 66
f 3826 66 3927
f 3824 65 66
f 3824 3821 3846
f 63 574 70
f 66 70 574
f 66 63 574
f 3922 3820 4015
f 3922 3846 3820
f 3821 3820 3846
f 4017 4018 3819
f 3919 4017 3819
f 559 621 3819
f 573 49 67
f 60 67 49
f 60 63 67
f 3921 60 67
f 572 573 67
f 572 3921 67
f 66 63 67
f 66 60 67
f 574 63 67
f 574 67 66
f 67 60 3818
f 3923 3817 60
f 3918 3817 3923
f 3818 60 3817
f 72 558 73
f 3915 3816 3917
f 3914 3816 3915
f 4009 4181 3815
f 3919 3815 4181
f 3913 4009 3815
f 3913 3815 3914
f 3816 3914 3815
f 3916 3814 572
f 3908 3814 3916
f 67 572 3814
f 593 571 573
f 67 573 571
f 3818 571 67
f 3817 571 3818
f 3814 571 67
f 3907 3813 3918
f 3817 3918 3813
f 571 3817 3813
f 3917 72 87
f 3915 3917 87
f 3911 3915 87
f 3905 3911 87
f 3902 3905 87
f 73 72 87
f 3814 3908 3812
f 571 3814 3812
f 571 593 569
f 3813 569 571
f 3812 569 571
f 3898 3811 3907
f 3813 3907 3811
f 569 3813 3811
f 4164 4176 3810
f 4156 4164 3810
f 4144 4156 3809
f 3810 3809 4156
f 87 74 3902
f 87 73 74
f 3904 3905 3808
f 3900 3808 3905
f 69 4002 566
f 3903 566 4002
f 3903 3904 566
f 567 566 69
f 3808 566 3904
f 3901 3807 3908
f 565 3807 3901
f 3812 3908 3807
f 584 570 593
f 50 570 584
f 569 593 570
f 569 3812 570
f 3807 570 3812
f 570 569 3806
f 3895 3805 3898
f 3811 3898 3805
f 3811 3805 569
f 3806 569 3805
f 78 3902 79
f 74 79 3902
f 3893 564 3804
f 3806 3804 570
f 3893 3803 3895
f 3805 3895 3803
f 3805 3803 3806
f 3804 3803 3893
f 3804 3806 3803
f 568 69 68
f 567 68 568
f 567 69 68
f 3892 568 68
f 566 69 68
f 566 567 68
f 566 3808 68
f 4128 50 563
f 565 50 563
f 3896 563 565
f 564 4128 563
f 564 563 3896
f 3807 565 563
f 570 50 563
f 570 3807 563
f 563 3804 564
f 563 570 3804
f 3992 3994 3802
f 3845 3992 3802
f 3802 3800 3845
f 588 600 562
f 564 588 562
f 577 588 562
f 3891 562 588
f 3889 562 600
f 561 3991 562
f 561 562 3889
f 3885 562 561
f 578 577 562
f 3885 3843 562
f 3843 578 562
f 563 564 562
f 4111 3799 587
f 4116 587 3798
f 3844 4116 3798
f 3799 3798 587
f 3888 3892 3797
f 4115 3796 3991
f 3845 3796 4115
f 3800 3796 3845
f 562 3991 3796
f 3799 4111 3795
f 3881 561 3794
f 562 3794 561
f 3794 3792 3881
f 3879 3791 3842
f 3793 3842 3791
f 3876 3881 3790
f 3792 3790 3881
f 3791 3879 90
f 90 3879 624
f 3789 90 624
f 3873 3876 3787
f 3790 3787 3876
f 3867 3873 3786
f 3787 3786 3873
f 3959 3960 3785
f 3957 3959 3784
f 3785 3784 3959
f 3784 3783 3957
f 3855 4050 3782
f 3782 4050 3838
f 3955 3781 3956
f 3956 3781 3856
f 3836 3856 3781
f 3954 3780 3955
f 3781 3955 3780
f 3948 3855 3779
f 3779 3835 3948
f 3953 3778 3954
f 3780 3954 3778
f 3952 3777 3953
f 3778 3953 3777
f 3952 4043 3776
f 3777 3952 3776
f 4042 3775 4043
f 4041 3775 4042
f 3951 3774 4041
f 3950 3774 3951
f 3775 4041 3774
f 3949 3773 3950
f 3774 3950 3773
f 3947 3772 3949
f 3773 3949 3772
f 3772 3947 3771
f 3854 3770 3947
f 3771 3947 3770
f 3769 3854 3834
f 3770 3854 3769
f 3834 3853 3768
f 3834 3768 3769
f 3940 4026 3767
f 3940 3767 3945
f 3942 3766 4029
f 3942 3944 3766
f 4027 4029 3765
f 3766 3765 4029
f 4228 3764 4020
f 3764 4228 3825
f 70 560 3926
f 63 70 560
f 3926 560 3849
f 560 70 66
f 560 66 63
f 3847 3763 4018
f 3763 3819 4018
f 559 3819 3763
f 558 621 84
f 84 621 559
f 84 558 73
f 558 621 71
f 72 558 71
f 71 558 73
f 71 72 73
f 84 71 621
f 84 558 71
f 71 84 73
f 558 3762 621
f 72 3762 558
f 3917 3762 72
f 3819 621 3762
f 3819 3762 3919
f 3762 3917 3816
f 3762 3815 3919
f 3816 3815 3762
f 73 72 547
f 547 72 87
f 547 73 87
f 547 73 74
f 87 547 74
f 71 72 547
f 73 71 547
f 75 87 74
f 78 557 3900
f 3894 557 78
f 3808 3900 557
f 557 567 68
f 557 3894 68
f 557 68 3808
f 3894 78 77
f 79 78 77
f 77 3801 3894
f 79 78 553
f 77 78 553
f 77 79 553
f 553 3801 77
f 68 3894 535
f 68 535 3892
f 3801 535 3894
f 535 3797 3892
f 3887 556 3891
f 562 3891 556
f 562 561 3761
f 556 562 3761
f 3794 562 3760
f 556 3760 562
f 3886 3759 3887
f 556 3887 3759
f 4098 3758 4111
f 3989 3758 4098
f 3795 4111 3758
f 3979 3982 3757
f 3871 3979 3756
f 3869 3871 3756
f 3757 3756 3979
f 3870 3755 3874
f 622 3755 3870
f 81 622 92
f 3755 622 92
f 3840 82 81
f 82 81 92
f 3840 3866 3754
f 82 3840 3754
f 3864 3753 3866
f 3754 3866 3753
f 3864 3865 3752
f 3752 3753 3864
f 3863 3961 3751
f 3862 3863 3751
f 3865 3862 3750
f 3752 3865 3750
f 3751 3750 3862
f 3839 3867 3749
f 3786 3749 3867
f 3859 3860 3748
f 3858 3859 3747
f 3748 3747 3859
f 3858 3746 3963
f 3747 3746 3858
f 3961 3962 3745
f 3745 3751 3961
f 3860 3861 3744
f 3748 3860 3744
f 3839 3743 3960
f 3743 3785 3960
f 3857 3957 3742
f 3861 3857 3742
f 3783 3742 3957
f 3742 3744 3861
f 3776 4043 3738
f 3775 3738 4043
f 3833 3835 3737
f 3945 3736 3853
f 3768 3853 3736
f 3767 3736 3945
f 3830 3833 3735
f 3737 3735 3833
f 3943 3734 3944
f 3766 3944 3734
f 3939 3733 3943
f 3734 3943 3733
f 3828 3830 3731
f 3735 3731 3830
f 4023 3730 4025
f 4020 3730 4023
f 3939 4025 3730
f 3937 4027 3729
f 3765 3729 4027
f 3827 3728 3829
f 3826 3828 3724
f 3731 3724 3828
f 3731 3732 3724
f 3725 3724 3732
f 3764 3723 4020
f 3730 4020 3723
f 3933 3937 3722
f 3729 3722 3937
f 3849 3720 3930
f 554 555 3727
f 3721 555 3763
f 3721 3727 555
f 3928 3930 3719
f 3847 3928 3719
f 3763 3847 3719
f 3726 3727 3719
f 3721 3763 3719
f 3721 3719 3727
f 3720 3719 3930
f 3720 3726 3719
f 560 3718 3849
f 3725 3726 3718
f 3720 3849 3718
f 3720 3718 3726
f 3848 3933 3717
f 3822 3848 3717
f 3722 3717 3933
f 3851 3716 3852
f 66 3826 3715
f 66 3715 560
f 3724 3715 3826
f 3724 3725 3715
f 3718 560 3715
f 3718 3715 3725
f 3827 3852 3714
f 3714 3852 3716
f 559 86 84
f 71 84 86
f 554 86 84
f 555 554 86
f 3713 71 86
f 3713 86 554
f 66 3712 3824
f 3712 66 3711
f 3821 3824 3710
f 3712 3710 3824
f 3820 3821 3709
f 3710 3709 3821
f 4013 4016 3708
f 67 3707 66
f 3711 66 3707
f 4014 3706 4016
f 3708 4016 3706
f 4176 4015 3705
f 3820 3705 4015
f 3810 4176 3705
f 3709 3705 3820
f 4011 3704 4014
f 3706 4014 3704
f 3705 3703 3810
f 4166 3702 4011
f 3704 4011 3702
f 73 72 76
f 87 72 76
f 87 73 76
f 74 73 76
f 74 87 76
f 71 72 76
f 73 71 76
f 547 72 76
f 547 73 76
f 87 547 76
f 74 547 76
f 547 71 76
f 75 87 76
f 74 75 76
f 571 3700 67
f 569 3700 571
f 570 3700 569
f 3707 67 3700
f 3809 3810 3699
f 3703 3699 3810
f 4157 3698 4166
f 3702 4166 3698
f 3997 3697 4157
f 3698 4157 3697
f 3699 3696 3809
f 563 3695 570
f 3700 570 3695
f 74 87 89
f 79 74 89
f 87 547 89
f 74 547 89
f 75 87 89
f 74 75 89
f 77 79 89
f 3701 547 89
f 76 87 89
f 76 74 89
f 76 547 89
f 76 75 89
f 3995 3694 3997
f 3697 3997 3694
f 3994 4144 3693
f 3809 3693 4144
f 3802 3994 3693
f 3696 3693 3809
f 3993 3692 3995
f 3694 3995 3692
f 562 3691 563
f 3695 563 3691
f 3993 3996 3690
f 3692 3993 3690
f 3800 3802 3689
f 3693 3689 3802
f 3691 562 3688
f 3796 3800 3687
f 3689 3687 3800
f 79 78 551
f 77 78 551
f 77 79 551
f 553 78 551
f 553 79 551
f 553 77 551
f 3796 3686 562
f 3688 562 3686
f 3687 3686 3796
f 79 78 552
f 77 78 552
f 77 79 552
f 551 78 552
f 551 79 552
f 551 77 552
f 3841 3842 3685
f 3793 3685 3842
f 3886 3888 102
f 3797 102 3888
f 3797 535 102
f 80 535 102
f 3760 556 3684
f 3759 3684 556
f 3761 3683 556
f 3884 3844 3682
f 3798 3682 3844
f 3759 3886 3681
f 102 3681 3886
f 3684 3759 3681
f 552 550 551
f 80 551 550
f 80 549 535
f 102 535 549
f 102 80 549
f 550 80 549
f 3758 3989 3680
f 3878 3884 3679
f 3682 3679 3884
f 3792 3794 3678
f 3760 3678 3794
f 3684 3678 3760
f 102 80 91
f 3681 102 91
f 550 80 91
f 549 80 91
f 549 102 91
f 549 91 550
f 3681 3677 3684
f 91 3677 3681
f 3676 3678 3684
f 3677 3676 3684
f 3791 3675 3793
f 3985 3674 3989
f 3680 3989 3674
f 3878 3673 3982
f 3757 3982 3673
f 3679 3673 3878
f 3790 3792 3672
f 3678 3672 3792
f 3678 3676 3672
f 3983 3671 3985
f 3674 3985 3671
f 3877 3670 3879
f 624 3879 3670
f 3788 624 3670
f 3875 3669 3983
f 3872 3669 3875
f 3671 3983 3669
f 3869 3668 3872
f 3756 3668 3869
f 3669 3872 3668
f 3787 3790 3667
f 3672 3667 3790
f 81 548 622
f 92 622 548
f 92 81 548
f 82 81 548
f 92 82 548
f 3786 3787 3665
f 3667 3665 3787
f 3962 3963 3664
f 3746 3664 3963
f 3745 3962 3664
f 3741 3659 3740
f 3659 3741 3660
f 3658 3740 3659
f 625 3740 3658
f 3657 3660 3741
f 3740 625 3655
f 106 3654 3739
f 3653 3654 106
f 3739 105 106
f 3782 3652 3855
f 3779 3855 3652
f 3835 3779 3651
f 3651 3737 3835
f 3737 3648 3735
f 3832 83 3646
f 3647 3646 83
f 3649 3650 3644
f 3645 3644 3650
f 3735 3643 3731
f 3732 3731 3643
f 3643 3735 3648
f 3648 3649 3643
f 3643 3644 3732
f 3644 3643 3649
f 3646 3642 3832
f 623 3641 83
f 3829 3641 623
f 3641 3829 3728
f 3727 3726 3639
f 3732 3639 3725
f 3726 3725 3639
f 3639 3732 3644
f 3644 3645 3639
f 3639 3640 3727
f 3640 3639 3645
f 3832 3638 3936
f 3638 3637 3936
f 554 3636 3713
f 3728 3827 3635
f 3635 3827 3714
f 3851 3936 3634
f 3634 3716 3851
f 3637 3634 3936
f 559 3763 85
f 559 84 85
f 554 84 85
f 555 85 3763
f 555 554 85
f 86 559 85
f 86 84 85
f 86 554 85
f 86 85 555
f 3713 3633 71
f 4010 4013 3632
f 3708 3632 4013
f 547 71 3631
f 3633 3631 71
f 3632 3630 4010
f 87 547 88
f 88 547 3701
f 88 89 87
f 88 547 89
f 3701 89 88
f 3631 88 547
f 3628 89 88
f 3996 3998 3627
f 3627 3690 3996
f 3629 3627 3998
f 89 3626 77
f 3626 552 77
f 89 3628 3626
f 3801 553 103
f 535 3801 103
f 103 553 551
f 103 535 80
f 551 80 103
f 3685 3793 3625
f 3625 3793 3675
f 3877 3841 3624
f 3623 3670 3877
f 3624 3623 3877
f 3677 91 3622
f 3676 3677 3621
f 3622 3621 3677
f 3620 3672 3676
f 3621 3620 3676
f 90 3619 3791
f 624 3619 90
f 3675 3791 3619
f 3621 3622 3618
f 3620 3621 3617
f 3618 3617 3621
f 3616 3667 3672
f 3672 3620 3616
f 3617 3616 3620
f 3666 3615 546
f 3788 3613 624
f 3613 3788 3614
f 546 624 3613
f 3617 3618 3612
f 3616 3617 3611
f 3612 3611 3617
f 3610 3665 3667
f 3667 3616 3610
f 3611 3610 3616
f 3749 3786 3609
f 3665 3609 3786
f 3749 3608 3839
f 3743 3839 3608
f 3663 3662 517
f 3662 3663 525
f 545 93 3661
f 3606 3661 3604
f 93 3603 3661
f 3604 3661 3603
f 3659 3660 3601
f 3602 3601 3660
f 3657 3600 3660
f 3602 3660 3600
f 3658 3659 95
f 3656 3599 3657
f 3600 3657 3599
f 3655 625 3598
f 3741 3595 3657
f 3740 3594 3741
f 3595 3741 3594
f 3655 3593 3740
f 3594 3740 3593
f 3593 3655 3592
f 3653 530 3654
f 3739 3654 3591
f 3591 3590 3739
f 106 117 3653
f 105 106 117
f 105 3739 3589
f 3590 3589 3739
f 3837 3588 3838
f 3836 3587 3837
f 3588 3837 3587
f 3587 3836 3586
f 3649 3585 3650
f 3648 3584 3649
f 3585 3649 3584
f 3737 3651 3583
f 3737 3583 3648
f 3584 3648 3583
f 3738 3582 3776
f 3738 3775 3581
f 3582 3738 3581
f 3774 3580 3775
f 3581 3775 3580
f 3773 3579 3774
f 3580 3774 3579
f 3772 3578 3773
f 3579 3773 3578
f 3771 3577 3772
f 3578 3772 3577
f 3577 3771 3576
f 3770 3574 3771
f 3576 3771 3574
f 3769 3573 3770
f 3574 3770 3573
f 3768 3572 3769
f 3573 3769 3572
f 3645 3650 3571
f 3575 3571 3650
f 3736 3570 3768
f 3736 3767 3570
f 3572 3768 3570
f 3641 3569 83
f 3935 3568 4026
f 3767 4026 3568
f 3570 3767 3568
f 3765 3766 3567
f 3734 3567 3766
f 3730 3566 3939
f 3932 3565 3935
f 3568 3935 3565
f 554 3727 3564
f 3727 3640 3564
f 554 3564 3636
f 3713 3636 3563
f 3924 3562 3932
f 3565 3932 3562
f 3825 3561 3764
f 3723 3764 3561
f 3822 3560 3823
f 3717 3560 3822
f 3717 3722 3560
f 3633 3713 3559
f 3563 3559 3713
f 3716 3556 3714
f 3556 3716 3558
f 3557 3714 3556
f 3920 3555 3924
f 3562 3924 3555
f 3912 3554 3920
f 3555 3920 3554
f 3631 3633 3553
f 3906 3552 3912
f 3554 3912 3552
f 88 3631 3551
f 3628 88 3551
f 3553 3551 3631
f 4003 4010 3550
f 3998 4003 3550
f 3630 3550 4010
f 3629 3998 3550
f 3899 3549 3906
f 3552 3906 3549
f 3549 3899 3548
f 3551 3547 3628
f 3897 3546 3899
f 3548 3899 3546
f 3890 3545 3897
f 3546 3897 3545
f 3685 3543 3841
f 3544 3543 3685
f 3543 3542 3841
f 552 3626 3541
f 3798 3799 3540
f 3682 3798 3540
f 3679 3682 3540
f 3624 3841 3539
f 3542 3539 3841
f 3758 3538 3795
f 3680 3538 3758
f 3883 3537 3890
f 3545 3890 3537
f 3880 3535 3883
f 3537 3883 3535
f 550 552 3534
f 3536 3534 552
f 91 550 3533
f 3622 91 3533
f 3534 3533 550
f 3874 3532 3880
f 3535 3880 3532
f 3756 3757 3531
f 3668 3756 3531
f 3755 3530 3874
f 3532 3874 3530
f 3619 624 3529
f 92 3528 3755
f 3530 3755 3528
f 3612 3618 3527
f 3528 92 3526
f 92 82 3525
f 3754 3525 82
f 3526 92 3525
f 3527 3524 3612
f 3753 3523 3754
f 3523 3525 3754
f 3523 3753 3522
f 3750 3521 3752
f 3753 3752 3520
f 3520 3522 3753
f 3521 3520 3752
f 3750 3751 3519
f 3521 3750 3518
f 3519 3518 3750
f 3664 3746 3517
f 3664 3516 3745
f 3517 3516 3664
f 3751 3745 3515
f 3515 3519 3751
f 3516 3515 3745
f 3611 3612 3514
f 3610 3611 3513
f 3514 3513 3611
f 3665 3610 3512
f 3609 3665 3512
f 3513 3512 3610
f 3784 3785 3510
f 3783 3784 3509
f 3511 3783 3509
f 3510 3509 3784
f 3663 517 126
f 3662 3508 517
f 525 3663 3507
f 126 3507 3663
f 3508 3662 3506
f 525 107 3662
f 3506 3662 107
f 3507 112 525
f 3505 108 532
f 3606 3504 3661
f 545 3661 3503
f 3504 3503 3661
f 3607 545 3502
f 3503 3502 545
f 3502 3501 3607
f 3605 3607 3500
f 3500 3498 3605
f 3499 3606 3497
f 93 545 94
f 3604 3496 3606
f 3497 3606 3496
f 3603 93 544
f 94 93 544
f 94 93 97
f 544 93 97
f 544 94 97
f 3607 543 545
f 93 545 543
f 3605 543 3607
f 94 545 543
f 94 93 543
f 97 93 543
f 97 94 543
f 543 3605 3495
f 3498 3494 3605
f 3495 3605 3494
f 3496 3604 3493
f 3603 3492 3604
f 3493 3604 3492
f 3601 98 3659
f 98 95 3659
f 96 95 542
f 95 98 96
f 625 3658 100
f 95 100 3658
f 542 95 100
f 96 95 100
f 542 100 96
f 100 625 101
f 100 542 101
f 541 3598 625
f 100 541 625
f 101 541 100
f 3599 3656 3491
f 3491 3656 3596
f 3597 3489 3655
f 3592 3655 3489
f 3490 3489 3597
f 3656 3657 3488
f 3596 3656 3488
f 3488 3657 3595
f 110 531 530
f 530 110 3487
f 3486 3653 117
f 3585 3584 3485
f 3838 630 3782
f 3588 630 3838
f 3781 3483 3836
f 3780 3483 3781
f 3586 3836 3483
f 3482 3650 3585
f 3482 3575 3650
f 3778 3481 3780
f 3483 3780 3481
f 3777 3480 3778
f 3481 3778 3480
f 3776 3479 3777
f 3480 3777 3479
f 3478 3776 3582
f 3479 3776 3478
f 3476 3575 3482
f 3477 3476 3484
f 3647 83 3475
f 3475 83 3569
f 3640 3645 3474
f 3571 3474 3645
f 3642 3473 3832
f 3563 3472 3559
f 3823 3471 3825
f 3561 3825 3471
f 3471 3823 3560
f 3559 3470 3633
f 3470 3553 3633
f 3626 3628 3469
f 3547 3469 3628
f 3469 3541 3626
f 3795 3468 3799
f 3468 3540 3799
f 3538 3468 3795
f 3541 3467 552
f 3536 552 3467
f 546 3466 624
f 3529 624 3466
f 3747 3748 3465
f 3746 3747 3464
f 3465 3464 3747
f 3463 3517 3746
f 3464 3463 3746
f 3524 3462 3612
f 3462 3514 3612
f 3744 3461 3748
f 3465 3748 3461
f 3608 3749 3459
f 3785 3743 3458
f 3608 3458 3743
f 3458 3510 3785
f 3459 3458 3608
f 3742 3783 3457
f 3744 3742 3457
f 3511 3457 3783
f 3457 3461 3744
f 3513 3514 3456
f 112 525 3455
f 3455 3454 112
f 3453 3504 3606
f 3453 3606 3499
f 3453 3499 532
f 3501 3452 3607
f 3452 3500 3607
f 532 3451 108
f 3451 532 3499
f 3499 3497 3451
f 3450 3498 3500
f 3449 3494 3498
f 3498 3450 3449
f 544 94 626
f 97 94 626
f 97 544 626
f 3448 544 626
f 97 94 104
f 104 94 543
f 104 97 543
f 626 94 104
f 626 97 104
f 543 627 97
f 104 97 627
f 543 104 627
f 3447 3603 544
f 3447 3492 3603
f 544 3448 3447
f 3601 3602 3446
f 3600 3445 3602
f 3446 3602 3445
f 98 3601 3444
f 3446 3444 3601
f 96 539 98
f 3444 539 98
f 3443 538 3444
f 539 3444 538
f 541 101 540
f 3598 541 3442
f 540 3442 541
f 96 537 98
f 539 98 537
f 539 96 537
f 537 539 538
f 100 96 99
f 538 99 539
f 537 99 96
f 537 539 99
f 538 99 537
f 101 100 536
f 541 101 536
f 538 3443 536
f 536 540 101
f 536 540 541
f 536 3443 540
f 99 536 100
f 99 538 536
f 3488 3440 3596
f 3441 3596 3440
f 530 3438 3654
f 3591 3654 3438
f 3585 3485 3437
f 3585 3437 3482
f 3583 3436 3584
f 3584 3436 3485
f 105 106 115
f 3477 3484 3435
f 3476 3434 3484
f 3476 3482 3434
f 3652 3433 3779
f 3651 3779 3433
f 3435 3432 3477
f 3432 3431 3477
f 3571 3575 3430
f 3575 3476 3430
f 3474 3571 3430
f 3431 3432 3429
f 3569 3428 3475
f 3733 3939 3427
f 3566 3427 3939
f 3729 3765 3425
f 3567 3425 3765
f 3635 3424 3728
f 3723 3423 3730
f 3566 3730 3423
f 3426 3422 3472
f 3722 3729 3421
f 3560 3722 3421
f 3560 3421 3471
f 3425 3421 3729
f 3424 3635 3420
f 3714 3419 3635
f 3420 3635 3419
f 3559 3472 3418
f 3470 3559 3418
f 3422 3418 3472
f 3557 3417 3714
f 3419 3714 3417
f 3551 3553 3416
f 3553 3470 3416
f 3416 3415 3551
f 3547 3551 3414
f 3469 3547 3414
f 3415 3414 3551
f 3544 3685 3413
f 3541 3469 3412
f 3467 3541 3412
f 80 535 534
f 102 534 535
f 102 80 534
f 103 535 534
f 80 103 534
f 3625 3411 3685
f 3413 3685 3411
f 3673 3679 3410
f 3540 3410 3679
f 3540 3468 3410
f 3411 3625 3409
f 3412 3408 3467
f 3675 3407 3625
f 3409 3625 3407
f 3673 3406 3757
f 3531 3757 3406
f 3410 3406 3673
f 3408 3405 3467
f 3671 3404 3674
f 3669 3404 3671
f 3618 3622 3403
f 3527 3618 3403
f 3466 3402 3529
f 3670 3401 3788
f 3614 3788 3401
f 3524 3527 3399
f 3403 3399 3527
f 3397 3460 3398
f 3462 3524 3396
f 3399 3396 3524
f 3397 3395 3460
f 3396 3393 3462
f 3609 3392 3749
f 3459 3749 3392
f 3514 3462 3391
f 3456 3514 3391
f 3512 3513 3390
f 3456 3390 3513
f 107 525 121
f 112 525 121
f 3454 526 112
f 3505 533 108
f 532 533 3505
f 532 108 533
f 3453 532 3388
f 533 3388 532
f 533 3389 3388
f 626 3387 3448
f 3387 626 3386
f 104 3385 626
f 627 3385 104
f 3386 626 3385
f 3448 3384 3447
f 3387 3384 3448
f 3386 3383 3387
f 3383 3386 3385
f 3384 3387 3383
f 3385 627 3382
f 3385 3382 3383
f 3492 3447 3381
f 3384 3381 3447
f 3383 3380 3384
f 3382 3380 3383
f 3381 3384 3380
f 3494 3379 3495
f 3382 3495 3379
f 3493 3378 3496
f 3492 3377 3493
f 3381 3377 3492
f 3378 3493 3377
f 3599 3376 3600
f 3376 3445 3600
f 3596 3375 3491
f 3375 3596 3441
f 3441 3439 3375
f 3440 3374 3441
f 3439 3441 3374
f 530 3373 531
f 3439 531 3373
f 3439 3373 3375
f 530 531 109
f 530 110 109
f 110 109 531
f 3439 109 531
f 3374 109 3439
f 530 3653 3372
f 3486 3372 3653
f 3373 530 3372
f 3590 3591 122
f 3438 122 3591
f 122 3371 3590
f 3370 3484 3434
f 3369 3482 3437
f 3369 3434 3482
f 3369 3370 3434
f 3583 3651 3368
f 3436 3583 3368
f 3368 3651 3433
f 105 106 118
f 117 106 118
f 117 105 118
f 118 115 106
f 118 105 115
f 3476 3477 3367
f 3431 3367 3477
f 3367 3430 3476
f 3646 3647 3366
f 3642 3646 3365
f 3473 3642 3365
f 3366 3365 3646
f 3429 3364 3431
f 3364 3429 3426
f 3733 3363 3734
f 3567 3734 3363
f 3363 3733 3427
f 3363 3425 3567
f 3426 3472 529
f 3426 529 3364
f 3564 3640 3362
f 3474 3362 3640
f 3564 3361 3636
f 3362 3361 3564
f 529 3472 3360
f 3361 3359 3636
f 3563 3636 3358
f 3563 3358 3472
f 3360 3472 3358
f 3359 3358 3636
f 3561 3357 3723
f 3423 3723 3357
f 3356 3418 3422
f 3711 3355 3712
f 3710 3712 3354
f 3355 3354 3712
f 3355 3711 3353
f 3418 3352 3470
f 3352 3416 3470
f 3418 3356 3352
f 3709 3710 3351
f 3354 3351 3710
f 3707 3350 3711
f 3353 3711 3350
f 3705 3709 3349
f 3351 3349 3709
f 3704 3348 3706
f 3702 3348 3704
f 3700 3347 3707
f 3350 3707 3347
f 3703 3705 3346
f 3349 3346 3705
f 3695 3345 3700
f 3347 3700 3345
f 3699 3703 3344
f 3696 3699 3344
f 3346 3344 3703
f 3693 3696 3343
f 3344 3343 3696
f 3691 3342 3695
f 3345 3695 3342
f 3692 3341 3694
f 3689 3693 3340
f 3343 3340 3693
f 3688 3339 3691
f 3342 3691 3339
f 3414 3338 3469
f 3338 3412 3469
f 3687 3689 3337
f 3340 3337 3689
f 3339 3688 3336
f 3686 3687 3335
f 3337 3335 3687
f 3686 3334 3688
f 3336 3688 3334
f 3335 3334 3686
f 3412 3333 3408
f 3333 3412 3338
f 3538 3680 3332
f 3534 3536 3331
f 3331 3330 3534
f 3467 3329 3536
f 3331 3536 3329
f 3533 3534 3328
f 3330 3328 3534
f 3405 3327 3467
f 3329 3467 3327
f 3533 3326 3622
f 3326 3403 3622
f 3328 3326 3533
f 3668 3325 3669
f 3531 3325 3668
f 3406 3325 3531
f 3404 3669 3325
f 3400 3324 3405
f 3324 3400 3397
f 3397 3398 3324
f 3327 3405 3324
f 3614 3323 3613
f 3401 3323 3614
f 3613 3322 546
f 3323 3322 3613
f 3398 3460 3321
f 3321 3460 3394
f 3320 3393 3396
f 3394 3393 3320
f 3320 3321 3394
f 3512 3319 3609
f 3392 3609 3319
f 3390 3319 3512
f 3393 3318 3462
f 3391 3462 3318
f 3506 528 3508
f 3394 3460 3317
f 3393 3394 3317
f 3317 3318 3393
f 528 3506 3316
f 112 3507 144
f 144 112 121
f 144 526 112
f 107 525 133
f 107 133 3506
f 133 525 121
f 133 107 121
f 3316 3506 133
f 3455 525 3315
f 3454 3455 3315
f 3315 3389 3454
f 526 3454 3314
f 3314 3454 3389
f 3389 533 3314
f 3313 3388 3389
f 3389 3315 3313
f 3451 3312 108
f 533 108 3312
f 533 3312 3314
f 3496 3311 3497
f 3311 3496 3378
f 3444 3446 3310
f 3443 3444 3310
f 540 3443 3309
f 3442 540 3309
f 3310 3309 3443
f 3491 3308 3599
f 3376 3599 3308
f 3490 3597 527
f 527 523 3490
f 3489 3490 3307
f 523 3307 3490
f 3593 3306 3594
f 3592 3305 3593
f 3306 3593 3305
f 3489 3304 3592
f 3307 3304 3489
f 3305 3592 3304
f 3440 3488 3303
f 530 110 114
f 3487 114 530
f 3487 110 114
f 3438 530 114
f 109 530 114
f 109 110 114
f 122 3438 114
f 3435 3484 3302
f 3370 3302 3484
f 3437 3485 3301
f 117 521 3486
f 118 521 117
f 3589 522 105
f 3589 3590 522
f 115 105 522
f 3371 522 3590
f 118 105 522
f 115 118 522
f 3432 3435 3300
f 3652 3782 125
f 630 125 3782
f 3300 3299 3432
f 3475 3298 3647
f 3366 3647 3298
f 3429 3432 3297
f 3299 3297 3432
f 3426 3429 3296
f 3422 3426 3296
f 3297 3296 3429
f 3728 3295 3641
f 3569 3641 3295
f 3424 3295 3728
f 3427 3566 3294
f 3423 3294 3566
f 3357 3294 3423
f 3356 3422 3293
f 3296 3293 3422
f 3632 3708 3292
f 3706 3291 3708
f 3348 3291 3706
f 3291 3292 3708
f 3292 3290 3632
f 3698 3289 3702
f 3348 3702 3289
f 3697 3288 3698
f 3289 3698 3288
f 3694 3287 3697
f 3341 3287 3694
f 3288 3697 3287
f 3690 3285 3692
f 3341 3692 3285
f 3690 3627 3284
f 3286 3284 3627
f 3285 3690 3284
f 3408 3333 3283
f 3674 3282 3680
f 3404 3282 3674
f 3332 3680 3282
f 3405 3408 3281
f 3283 3281 3408
f 3619 3280 3675
f 3529 3280 3619
f 3407 3675 3280
f 3400 3405 3279
f 3281 3279 3405
f 3466 546 3278
f 3322 3278 546
f 3397 3400 3277
f 3279 3277 3400
f 3395 3397 3276
f 3277 3276 3397
f 3507 126 3275
f 144 3507 3275
f 3395 3274 3460
f 3317 3460 3274
f 3391 3273 3456
f 144 112 137
f 526 112 111
f 144 112 111
f 526 144 111
f 3314 111 526
f 111 112 137
f 111 144 137
f 112 525 128
f 121 525 128
f 121 112 128
f 144 112 128
f 121 144 128
f 133 525 128
f 121 133 128
f 3315 525 128
f 3388 3272 3453
f 3388 3313 3272
f 3502 3503 3271
f 3501 3502 3270
f 3271 3270 3502
f 3452 3501 3269
f 3270 3269 3501
f 3500 3452 3268
f 3269 3268 3452
f 3312 3451 3267
f 3450 3500 3266
f 3449 3450 3266
f 3266 3265 3449
f 3497 3264 3451
f 3311 3264 3497
f 3267 3451 3264
f 3380 3382 3263
f 3379 3263 3382
f 3380 3262 3381
f 3377 3381 3262
f 3263 3262 3380
f 3445 3261 3446
f 3598 113 3655
f 3597 3655 113
f 3442 113 3598
f 3309 113 3442
f 113 527 3597
f 527 113 523
f 523 113 3307
f 3375 3260 3491
f 3308 3491 3260
f 3594 3259 3595
f 3595 3259 3488
f 3259 3594 3306
f 3259 3303 3488
f 3374 3440 3258
f 3303 3258 3440
f 3257 3435 3302
f 3257 3300 3435
f 3298 3475 3256
f 3471 3255 3561
f 3421 3255 3471
f 3421 3425 3255
f 3357 3561 3255
f 3415 3416 3254
f 3414 3415 3254
f 3468 3538 3253
f 3410 3468 3253
f 3406 3410 3253
f 3332 3253 3538
f 3253 3332 3282
f 3402 3466 3252
f 3252 3466 3278
f 126 517 127
f 3276 3251 3395
f 3251 3274 3395
f 121 133 120
f 121 112 119
f 144 112 119
f 121 144 119
f 137 112 119
f 137 144 119
f 111 112 119
f 111 144 119
f 111 3314 119
f 137 111 119
f 121 112 129
f 121 133 129
f 128 112 129
f 128 121 129
f 128 133 129
f 119 112 129
f 119 121 129
f 3313 3315 3250
f 128 3250 3315
f 3249 3272 3313
f 3250 3249 3313
f 3503 3504 3248
f 3504 3453 3248
f 3272 3248 3453
f 3248 3271 3503
f 3494 3449 3247
f 3379 3494 3247
f 3265 3247 3449
f 3263 3379 3247
f 3377 3246 3378
f 3310 3446 3245
f 3261 3245 3446
f 3445 3376 3244
f 3261 3445 3244
f 3308 3243 3376
f 3244 3376 3243
f 523 113 3242
f 523 527 524
f 527 113 524
f 523 113 524
f 3242 524 523
f 3242 113 524
f 3373 3241 3375
f 513 518 3240
f 3241 3373 3239
f 109 3374 3238
f 114 109 3238
f 3258 3238 3374
f 3372 3237 3373
f 3239 3373 3237
f 3239 3237 3240
f 3369 3236 3370
f 3437 3235 3369
f 3301 3235 3437
f 3236 3369 3235
f 3371 122 123
f 114 122 123
f 522 3371 123
f 3436 3234 3485
f 3368 3234 3436
f 3301 3485 3234
f 630 3588 149
f 125 630 149
f 3587 3233 3588
f 149 3588 3233
f 117 105 116
f 115 105 116
f 118 105 116
f 118 117 116
f 115 118 116
f 522 105 116
f 522 115 116
f 522 118 116
f 3586 3232 3587
f 3233 3587 3232
f 3232 3586 3231
f 3428 3230 3475
f 3256 3475 3230
f 3638 3832 3229
f 3473 3229 3832
f 3637 3638 3228
f 3229 3228 3638
f 3427 3227 3363
f 3425 3363 3227
f 3294 3227 3427
f 3294 3357 3227
f 3255 3425 3227
f 3255 3227 3357
f 3634 3637 3226
f 3228 3226 3637
f 3716 3634 3225
f 3226 3225 3634
f 3352 3356 3224
f 3293 3224 3356
f 3558 3716 3223
f 3225 3223 3716
f 3558 3222 3556
f 3223 3222 3558
f 3556 3221 3557
f 3417 3557 3221
f 3220 3556 3222
f 3221 3556 3220
f 3224 3219 3352
f 3416 3352 3218
f 3254 3416 3218
f 3219 3218 3352
f 3630 3632 3217
f 3290 3217 3632
f 3627 3629 3216
f 3286 3627 3216
f 3338 3414 3215
f 3254 3215 3414
f 3333 3338 3214
f 3215 3214 3338
f 3543 3544 3213
f 3413 3213 3544
f 3542 3543 3212
f 3213 3212 3543
f 3212 3211 3542
f 3539 3542 3210
f 3211 3210 3542
f 3283 3333 3209
f 3214 3209 3333
f 3210 3208 3539
f 3539 3207 3624
f 3208 3207 3539
f 3623 3624 3206
f 3207 3206 3624
f 3325 3406 3205
f 3325 3205 3404
f 3282 3404 3205
f 3253 3205 3406
f 3282 3205 3253
f 3670 3623 3204
f 3206 3204 3623
f 3252 3203 3402
f 3509 3202 3511
f 3202 3201 3511
f 3510 3458 3200
f 3509 3510 3199
f 3199 3202 3509
f 3200 3199 3510
f 126 517 515
f 3275 126 515
f 127 517 515
f 127 126 515
f 3458 3459 3198
f 3200 3458 3198
f 3390 3456 3197
f 3319 3390 3197
f 3273 3197 3456
f 3316 519 528
f 127 519 528
f 3318 3196 3391
f 3273 3391 3196
f 133 514 3316
f 519 3316 514
f 3318 3317 3195
f 3196 3318 3195
f 119 3314 3192
f 3193 119 3192
f 3193 628 520
f 3191 520 628
f 3312 3190 3314
f 3192 3314 3190
f 3265 3266 3189
f 3247 3265 3189
f 3264 3311 3188
f 3378 3187 3311
f 3246 3187 3378
f 3188 3311 3187
f 3262 3186 3377
f 3246 3377 3186
f 3309 3310 3185
f 113 3309 3185
f 3260 3184 3308
f 3243 3308 3184
f 3304 3307 3183
f 3260 3375 3182
f 3182 3375 3241
f 3184 3260 3182
f 3305 3181 3306
f 3304 3181 3305
f 3306 3181 3259
f 3181 3304 3183
f 3303 3259 3180
f 3179 518 513
f 3178 3240 518
f 3178 3241 3239
f 3240 3178 3239
f 3258 3303 3177
f 3177 3238 3258
f 3180 3177 3303
f 3240 512 513
f 512 3240 3237
f 114 122 135
f 3238 135 114
f 3237 3372 510
f 3237 510 512
f 114 122 124
f 124 122 123
f 124 114 123
f 135 122 124
f 135 114 124
f 3372 3486 3176
f 521 3176 3486
f 510 3372 3176
f 3302 3370 3175
f 3302 3175 3257
f 3175 3370 3236
f 3300 3257 3174
f 3433 3652 3173
f 125 3173 3652
f 3579 506 3580
f 118 117 506
f 521 117 506
f 521 118 506
f 506 117 116
f 506 118 116
f 3483 3172 3586
f 3481 3172 3483
f 3231 3586 3172
f 3480 3171 3481
f 3172 3481 3171
f 3479 3170 3480
f 3171 3480 3170
f 3478 3169 3479
f 3170 3479 3169
f 3169 3478 3168
f 3582 3167 3478
f 3168 3478 3167
f 3581 3166 3582
f 3167 3582 3166
f 3580 3165 3581
f 506 3165 3580
f 3166 3581 3165
f 3578 3164 3579
f 506 3579 3164
f 3577 3163 3578
f 3164 3578 3163
f 3576 3162 3577
f 3163 3577 3162
f 3299 3300 3161
f 3174 3161 3300
f 3574 3160 3576
f 3162 3576 3160
f 3573 3159 3574
f 3160 3574 3159
f 3572 3158 3573
f 3159 3573 3158
f 3365 3366 3157
f 3298 3157 3366
f 3157 3156 3365
f 3297 3299 3155
f 3161 3155 3299
f 3570 3154 3572
f 3158 3572 3154
f 3365 3153 3473
f 3153 3229 3473
f 3156 3153 3365
f 3428 3569 3152
f 3295 3152 3569
f 3230 3428 3152
f 3568 3151 3570
f 3154 3570 3151
f 3296 3297 3150
f 3293 3296 3150
f 3155 3150 3297
f 3565 3149 3568
f 3562 3149 3565
f 3151 3568 3149
f 3420 3148 3424
f 3295 3424 3148
f 3152 3295 3148
f 3147 3224 3293
f 3150 3147 3293
f 3419 3146 3420
f 3148 3420 3146
f 3555 3145 3562
f 3149 3562 3145
f 3417 3144 3419
f 3146 3419 3144
f 3554 3143 3555
f 3145 3555 3143
f 3142 3417 3221
f 3144 3417 3142
f 3552 3141 3554
f 3143 3554 3141
f 3291 3348 3140
f 3292 3291 3140
f 3289 3140 3348
f 3549 3139 3552
f 3141 3552 3139
f 3550 3630 3138
f 3550 3138 3629
f 3217 3138 3630
f 3138 3216 3629
f 3548 3137 3549
f 3139 3549 3137
f 3287 3341 3136
f 3285 3136 3341
f 3284 3136 3285
f 3137 3548 3135
f 3546 3134 3548
f 3135 3548 3134
f 3213 3413 3133
f 3545 3132 3546
f 3134 3546 3132
f 3411 3131 3413
f 3133 3413 3131
f 3537 3130 3545
f 3535 3130 3537
f 3132 3545 3130
f 3532 3129 3535
f 3130 3535 3129
f 3409 3128 3411
f 3131 3411 3128
f 3281 3283 3127
f 3209 3127 3283
f 3530 3126 3532
f 3129 3532 3126
f 3407 3125 3409
f 3280 3125 3407
f 3128 3409 3125
f 3279 3281 3124
f 3127 3124 3281
f 3528 3123 3530
f 3126 3530 3123
f 3402 3122 3529
f 3280 3529 3122
f 3122 3402 3203
f 3401 3670 3121
f 3204 3121 3670
f 3277 3279 3120
f 3124 3120 3279
f 3526 3119 3528
f 3123 3528 3119
f 3323 3401 3118
f 3121 3118 3401
f 3525 3117 3526
f 3119 3526 3117
f 3322 3323 3116
f 3278 3322 3116
f 3118 3116 3323
f 3525 3523 3115
f 3117 3525 3115
f 3276 3277 3114
f 3120 3114 3277
f 3522 3113 3523
f 3113 3115 3523
f 3522 3520 3112
f 3113 3522 3112
f 3518 3111 3521
f 3520 3521 3110
f 3110 3112 3520
f 3111 3110 3521
f 3518 3519 3109
f 3519 3515 3109
f 3111 3518 3109
f 3457 3511 3108
f 3461 3457 3108
f 3108 3511 3201
f 3461 3107 3465
f 3108 3107 3461
f 3464 3465 3106
f 3107 3106 3465
f 3463 3464 3105
f 3106 3105 3464
f 3105 3104 3463
f 3517 3463 3103
f 3104 3103 3463
f 3516 3517 3102
f 3103 3102 3517
f 3515 3516 3101
f 3101 3109 3515
f 3102 3101 3516
f 3251 3276 3100
f 3114 3100 3276
f 3392 3099 3459
f 3099 3198 3459
f 121 112 130
f 144 112 130
f 121 144 130
f 3275 130 144
f 137 112 130
f 137 144 130
f 111 112 130
f 111 144 130
f 137 111 130
f 128 112 130
f 128 121 130
f 128 144 130
f 120 121 130
f 119 112 130
f 119 121 130
f 119 144 130
f 119 137 130
f 119 111 130
f 130 119 3194
f 3274 3098 3317
f 3274 3251 3098
f 3098 3195 3317
f 130 3097 111
f 120 121 145
f 119 121 145
f 145 3194 119
f 130 121 145
f 130 120 145
f 130 119 145
f 145 130 3194
f 128 133 131
f 514 133 131
f 119 111 508
f 3097 508 111
f 3096 119 3193
f 520 3096 3193
f 508 119 3096
f 3250 128 3095
f 3249 3250 3094
f 3095 3094 3250
f 3191 629 520
f 629 520 628
f 629 3191 628
f 3192 3093 3193
f 628 3193 3093
f 3093 3192 3190
f 3272 3249 3092
f 3248 3272 3092
f 3094 3092 3249
f 3267 3091 3312
f 3190 3312 3091
f 3270 3271 3090
f 3271 3248 3090
f 3269 3270 3089
f 3268 3269 3089
f 3090 3089 3270
f 3264 3088 3267
f 3088 3264 3188
f 3262 3263 3087
f 3247 3087 3263
f 3086 3186 3262
f 3086 3262 3087
f 3245 3085 3310
f 3185 3310 3085
f 510 512 3083
f 3175 3082 3257
f 3174 3257 3082
f 3290 3292 3081
f 3217 3290 3081
f 3140 3081 3292
f 3288 3080 3289
f 3287 3080 3288
f 3140 3289 3080
f 3136 3080 3287
f 3284 3286 3079
f 3216 3079 3286
f 3136 3284 3079
f 3508 134 517
f 528 134 3508
f 127 517 134
f 127 528 134
f 515 517 134
f 515 127 134
f 519 528 134
f 519 127 134
f 514 134 519
f 3100 3078 3251
f 3098 3251 3078
f 130 119 146
f 145 119 146
f 145 130 146
f 508 146 119
f 3096 3077 508
f 121 133 140
f 128 121 140
f 128 133 140
f 129 121 140
f 129 133 140
f 129 128 140
f 131 133 140
f 131 128 140
f 3095 128 140
f 628 3076 629
f 3268 3075 3500
f 3266 3500 3075
f 3189 3266 3075
f 3189 3075 3247
f 3089 3075 3268
f 3087 3247 3075
f 3307 113 3073
f 3185 3073 113
f 3183 3307 3073
f 3085 3073 3185
f 3074 3073 3085
f 3182 3072 3184
f 3181 3071 3259
f 3183 3071 3181
f 3073 3071 3183
f 3073 3074 3071
f 3241 3070 3182
f 3178 518 3070
f 3178 3070 3241
f 3084 3070 518
f 3072 3182 3070
f 3179 3069 518
f 3084 518 3069
f 513 3068 3179
f 114 122 509
f 123 122 509
f 123 114 509
f 123 509 522
f 116 522 509
f 135 122 509
f 135 114 509
f 124 122 509
f 124 114 509
f 123 124 509
f 124 135 509
f 116 506 509
f 3176 521 3067
f 506 3067 521
f 3433 3065 3368
f 3234 3368 3065
f 3173 3065 3433
f 125 630 3064
f 149 3064 630
f 149 125 3064
f 3256 3063 3298
f 3138 3217 3062
f 3216 3138 3062
f 3081 3062 3217
f 3081 3140 3062
f 3080 3062 3140
f 3080 3136 3062
f 3062 3079 3216
f 3062 3136 3079
f 3278 3061 3252
f 3203 3252 3061
f 515 127 3060
f 3319 3059 3392
f 3197 3059 3319
f 3099 3392 3059
f 126 517 516
f 127 517 516
f 127 126 516
f 515 517 516
f 515 126 516
f 515 127 516
f 516 517 134
f 516 127 134
f 516 515 134
f 3060 127 516
f 3060 516 515
f 515 3058 3275
f 130 3275 3058
f 516 3058 515
f 128 112 132
f 128 133 132
f 120 133 132
f 129 112 132
f 129 133 132
f 129 128 132
f 514 133 132
f 130 112 132
f 130 128 132
f 130 120 132
f 131 133 132
f 131 128 132
f 131 132 514
f 134 514 132
f 132 133 140
f 132 128 140
f 132 129 140
f 132 131 140
f 139 128 140
f 132 128 139
f 139 132 140
f 629 3057 520
f 3056 629 3076
f 3093 3055 628
f 3190 3055 3093
f 3091 3055 3190
f 3076 628 3055
f 3090 3248 3054
f 3091 3267 3053
f 3088 3053 3267
f 3055 3091 3053
f 3089 3090 3052
f 3087 3052 3086
f 3052 3075 3089
f 3052 3087 3075
f 3054 3052 3090
f 3051 3086 3052
f 3051 3052 3054
f 3245 3261 3050
f 3050 3049 3245
f 3244 3048 3261
f 3050 3261 3048
f 3049 3047 3245
f 3243 3046 3244
f 3048 3244 3046
f 3085 3245 3045
f 3074 3085 3045
f 3047 3045 3245
f 3177 3180 3044
f 3069 3179 3043
f 3068 3043 3179
f 513 518 3042
f 3238 3177 3041
f 3044 3041 3177
f 512 3040 513
f 3068 513 3040
f 3176 3039 510
f 3235 3301 3038
f 3234 3038 3301
f 509 116 3037
f 3230 3036 3256
f 3063 3256 3036
f 3353 3035 3355
f 3354 3355 3034
f 3035 3034 3355
f 3350 3033 3353
f 3035 3353 3033
f 3351 3354 3032
f 3034 3032 3354
f 3033 3350 3031
f 3349 3351 3030
f 3032 3030 3351
f 3347 3029 3350
f 3031 3350 3029
f 3346 3349 3028
f 3030 3028 3349
f 3345 3027 3347
f 3029 3347 3027
f 3344 3346 3026
f 3343 3344 3026
f 3028 3026 3346
f 3340 3343 3025
f 3026 3025 3343
f 3342 185 3345
f 3027 3345 185
f 3337 3340 3024
f 3025 3024 3340
f 3339 141 3342
f 185 3342 141
f 3335 3337 3023
f 3024 3023 3337
f 3336 504 3339
f 141 3339 504
f 3334 3335 3022
f 3023 3022 3335
f 3334 3021 3336
f 504 3336 3021
f 3022 3021 3334
f 3203 3020 3122
f 3061 3020 3203
f 3197 3273 3019
f 3196 3019 3273
f 134 3018 516
f 132 3018 134
f 520 3017 3096
f 3057 3017 520
f 3094 3095 3016
f 3092 3094 3016
f 3092 3015 3248
f 3016 3015 3092
f 3187 3013 3188
f 3186 3086 3012
f 3014 3012 3086
f 3187 3246 3011
f 3013 3187 3011
f 3186 3010 3246
f 3011 3246 3010
f 3012 3009 3186
f 3010 3186 3009
f 3184 3008 3243
f 3072 3008 3184
f 3046 3243 3008
f 3045 3007 3074
f 135 3238 3006
f 3041 3006 3238
f 510 512 511
f 3083 512 511
f 3083 511 510
f 3040 512 511
f 511 510 3039
f 509 135 3005
f 3006 3005 135
f 116 506 136
f 509 116 136
f 509 506 136
f 3066 506 136
f 136 3037 116
f 136 509 3037
f 3005 136 509
f 3367 3431 3004
f 3364 3004 3431
f 3430 3367 3003
f 3004 3003 3367
f 3430 3002 3474
f 3003 3002 3430
f 3152 3001 3230
f 3036 3230 3001
f 3362 3474 3000
f 3002 3000 3474
f 3360 500 529
f 501 500 529
f 3150 3155 2999
f 3147 3150 2999
f 3361 3362 2998
f 3000 2998 3362
f 3358 2997 3360
f 500 3360 2997
f 3359 3361 2996
f 2998 2996 3361
f 3358 3359 2995
f 2997 3358 2995
f 2996 2995 3359
f 2999 2994 3147
f 3219 3224 2993
f 3224 3147 2993
f 2994 2993 3147
f 3218 2991 3254
f 3215 3254 2991
f 2992 2991 3218
f 2991 2990 3215
f 142 141 504
f 143 141 504
f 142 141 143
f 143 142 504
f 3127 3209 2989
f 3124 3127 2988
f 2989 2988 3127
f 3330 3331 2987
f 3329 2986 3331
f 2987 3331 2986
f 3328 3330 2985
f 2987 2985 3330
f 3120 3124 2984
f 2988 2984 3124
f 3326 3328 2983
f 2985 2983 3328
f 3327 2982 3329
f 3324 2982 3327
f 2986 3329 2982
f 3399 3403 2981
f 3403 3326 2981
f 2983 2981 3326
f 3398 2980 3324
f 2982 3324 2980
f 3122 2979 3280
f 2979 3122 3020
f 3396 3399 2978
f 2981 2978 3399
f 3321 2977 3398
f 2980 3398 2977
f 3320 3396 2976
f 2978 2976 3396
f 3320 2975 3321
f 2977 3321 2975
f 2975 3320 2976
f 144 112 138
f 137 112 138
f 137 144 138
f 128 112 138
f 128 144 138
f 130 112 138
f 130 144 138
f 130 137 138
f 130 128 138
f 3097 130 138
f 131 128 138
f 140 128 138
f 140 131 138
f 3058 138 130
f 3058 516 138
f 132 112 138
f 132 128 138
f 132 130 138
f 132 131 138
f 140 132 138
f 139 128 138
f 140 139 138
f 139 132 138
f 138 516 3018
f 138 3018 132
f 145 119 182
f 508 119 182
f 508 3097 182
f 146 119 182
f 146 145 182
f 146 508 182
f 138 182 3097
f 3077 2974 508
f 182 508 2974
f 3077 3096 2973
f 2973 3096 3017
f 2973 2974 3077
f 140 132 507
f 140 139 507
f 139 132 507
f 138 140 507
f 138 132 507
f 138 139 507
f 129 121 147
f 140 121 147
f 140 129 147
f 140 131 147
f 140 147 3095
f 140 139 147
f 147 3016 3095
f 138 147 131
f 138 140 147
f 138 139 147
f 507 140 147
f 507 139 147
f 507 138 147
f 3057 629 2972
f 3056 2972 629
f 3051 2971 3086
f 2971 3014 3086
f 3188 2970 3088
f 2970 3188 3013
f 3045 3047 2969
f 3007 3045 2968
f 2969 2968 3045
f 3070 2967 3072
f 3008 3072 2967
f 2967 3070 2966
f 3005 3006 2965
f 136 3005 2965
f 3067 506 2964
f 136 2964 506
f 2965 2964 136
f 3065 2963 3234
f 3038 3234 2963
f 3218 3219 2962
f 2993 2962 3219
f 2992 3218 2962
f 184 185 168
f 141 2961 185
f 168 185 2961
f 3214 3215 2960
f 3209 3214 2960
f 2990 2960 3215
f 2989 3209 2960
f 504 141 505
f 142 141 505
f 504 142 505
f 143 141 505
f 504 143 505
f 143 142 505
f 2961 141 505
f 3059 3197 2959
f 3019 2959 3197
f 507 138 148
f 147 138 148
f 147 507 148
f 3053 3088 2957
f 3053 2957 3055
f 2970 2957 3088
f 2958 3055 2957
f 3014 2971 2956
f 3012 3014 2955
f 2956 2955 3014
f 3049 3050 2953
f 2953 2954 3049
f 3047 3049 2952
f 2954 2952 3049
f 3048 2951 3050
f 2953 3050 2951
f 3046 2950 3048
f 2951 3048 2950
f 3008 2949 3046
f 2949 3008 2967
f 2950 3046 2949
f 3071 2948 3259
f 3070 3084 2947
f 3069 2947 3084
f 3043 2947 3069
f 2947 2966 3070
f 3180 3259 2946
f 3044 3180 2946
f 2948 2946 3259
f 3041 3044 2945
f 3006 3041 2945
f 2946 2945 3044
f 3043 3068 502
f 3040 502 3068
f 3144 192 3146
f 3141 2944 3143
f 3222 3223 2943
f 3139 2942 3141
f 2944 3141 2942
f 3222 2941 3220
f 2943 2941 3222
f 3221 2940 3142
f 3220 2939 3221
f 2939 3220 2941
f 2940 3221 2939
f 2962 2938 2992
f 2991 2992 2936
f 2990 2991 2936
f 2938 2936 2992
f 2937 2935 2938
f 2936 2938 2935
f 2934 2960 2990
f 2936 2934 2990
f 2935 2934 2936
f 2934 2935 2933
f 3212 3213 2932
f 3211 3212 2931
f 2932 2931 3212
f 3134 2930 3135
f 3210 3211 2929
f 2931 2929 3211
f 3208 3210 2928
f 2929 2928 3210
f 3132 2927 3134
f 2930 3134 2927
f 121 112 503
f 144 112 503
f 121 144 503
f 119 112 503
f 119 121 503
f 119 144 503
f 129 112 503
f 129 121 503
f 129 119 503
f 130 112 503
f 130 121 503
f 130 144 503
f 130 119 503
f 145 121 503
f 145 119 503
f 145 130 503
f 146 119 503
f 146 130 503
f 146 145 503
f 140 121 503
f 140 129 503
f 132 112 503
f 132 129 503
f 132 130 503
f 140 132 503
f 138 112 503
f 138 144 503
f 138 130 503
f 138 140 503
f 138 132 503
f 182 119 503
f 182 145 503
f 182 146 503
f 182 138 503
f 147 121 503
f 147 129 503
f 147 140 503
f 147 138 503
f 503 148 138
f 503 147 148
f 3017 3057 640
f 2972 640 3057
f 3013 2925 2970
f 3011 2924 3013
f 2925 3013 2924
f 3010 2923 3011
f 2924 3011 2923
f 3009 2922 3010
f 2923 3010 2922
f 3009 3012 2921
f 2922 3009 2920
f 2920 3009 2921
f 2969 3047 2919
f 2952 2919 3047
f 2919 2918 2969
f 2968 2969 2917
f 2918 2917 2969
f 2968 2916 3007
f 3071 3074 2915
f 3007 2915 3074
f 2948 3071 2915
f 2946 2948 2915
f 2915 3007 2916
f 2966 2914 2967
f 2966 2947 2914
f 2913 502 187
f 3236 2912 3175
f 3067 2911 3176
f 3039 3176 2911
f 2964 2911 3067
f 2964 2965 2911
f 3235 2910 3236
f 2912 3236 2910
f 2911 2909 3039
f 3038 2908 3235
f 2910 3235 2908
f 149 2907 125
f 3233 2906 149
f 2907 149 2906
f 3232 2905 3233
f 2906 3233 2905
f 3165 506 643
f 3170 2904 3171
f 3169 2903 3170
f 2904 3170 2903
f 3168 2902 3169
f 2903 3169 2902
f 2902 3168 2901
f 3167 2900 3168
f 2901 3168 2900
f 3166 2899 3167
f 2900 3167 2899
f 3165 2898 3166
f 2898 3165 643
f 2899 3166 2898
f 3164 2897 506
f 643 506 2897
f 3231 2896 3232
f 2905 3232 2896
f 2896 3231 2895
f 3172 2894 3231
f 3171 2894 3172
f 2904 2894 3171
f 2895 3231 2894
f 3163 2893 3164
f 2897 3164 2893
f 3162 2892 3163
f 2893 3163 2892
f 3160 2891 3162
f 2892 3162 2891
f 3159 2890 3160
f 2891 3160 2890
f 3157 3298 2889
f 2889 2888 3157
f 3063 2887 3298
f 2889 3298 2887
f 3156 3157 2886
f 2888 2886 3157
f 3158 2885 3159
f 2890 3159 2885
f 3036 2884 3063
f 2887 3063 2884
f 3153 3156 2883
f 2886 2883 3156
f 3154 2882 3158
f 2885 3158 2882
f 3003 3004 631
f 3002 3003 631
f 3000 3002 631
f 3229 3153 2881
f 2883 2881 3153
f 529 150 3364
f 3004 3364 150
f 501 529 150
f 500 529 150
f 500 501 150
f 631 3004 150
f 631 501 150
f 2998 3000 2880
f 2996 2998 2880
f 631 2880 3000
f 3151 2879 3154
f 2882 3154 2879
f 3148 2878 3152
f 3228 3229 2877
f 2881 2877 3229
f 2997 2876 500
f 2995 2876 2997
f 2995 2996 2876
f 150 500 2876
f 150 2876 631
f 2880 2876 2996
f 2880 631 2876
f 3149 2875 3151
f 3145 2875 3149
f 2879 3151 2875
f 3146 2874 3148
f 2878 3148 2874
f 3226 3228 2873
f 2877 2873 3228
f 2875 3145 492
f 192 2872 3146
f 2874 3146 2872
f 3225 3226 2871
f 2873 2871 3226
f 2944 2870 3143
f 3223 3225 2869
f 2943 3223 2869
f 2871 2869 3225
f 3142 191 3144
f 192 3144 191
f 2942 2868 2944
f 2940 2867 3142
f 191 3142 2867
f 2868 2942 2866
f 2938 2962 2865
f 2937 2938 2865
f 2960 2934 2864
f 2933 2864 2934
f 3133 2862 3213
f 2932 3213 2862
f 2927 2861 2930
f 2863 2930 2861
f 3131 2860 3133
f 2862 3133 2860
f 2928 2859 3208
f 3130 2858 3132
f 2927 3132 2858
f 3129 2857 3130
f 2858 3130 2857
f 3128 2856 3131
f 2860 3131 2856
f 3207 3208 2855
f 2859 2855 3208
f 3126 2854 3129
f 2857 3129 2854
f 3123 2853 3126
f 2854 3126 2853
f 3125 2852 3128
f 2856 3128 2852
f 3206 3207 2851
f 2855 2851 3207
f 2986 2850 2987
f 2985 2987 2850
f 2982 2850 2986
f 3125 3280 2849
f 2979 2849 3280
f 2852 3125 2849
f 3204 3206 2848
f 2851 2848 3206
f 2983 2985 2847
f 2981 2983 2847
f 2978 2981 2847
f 2850 2847 2985
f 3119 2846 3123
f 2853 3123 2846
f 2980 2845 2982
f 2850 2982 2845
f 2977 2844 2980
f 2976 2978 2844
f 2975 2844 2977
f 2976 2844 2975
f 2847 2844 2978
f 2847 2850 2844
f 2845 2980 2844
f 2845 2844 2850
f 3121 3204 2843
f 2848 2843 3204
f 3117 2842 3119
f 2846 3119 2842
f 3020 2841 2979
f 3118 3121 2840
f 2843 2840 3121
f 3115 2839 3117
f 2842 3117 2839
f 3020 3061 2838
f 2841 3020 2838
f 3116 3118 2837
f 2840 2837 3118
f 3115 3113 2836
f 2839 3115 2836
f 3061 3278 2835
f 2838 3061 2835
f 3116 2834 3278
f 2837 2834 3116
f 2835 3278 2834
f 3112 2833 3113
f 2833 2836 3113
f 3112 3110 2832
f 2833 3112 2832
f 3201 3202 2830
f 2831 2830 3202
f 3201 2829 3108
f 2830 2829 3201
f 3107 3108 2828
f 3106 3107 2828
f 2829 2828 3108
f 3109 3101 2827
f 3110 3111 2826
f 3109 2826 3111
f 2827 2826 3109
f 2825 2832 3110
f 2826 2825 3110
f 3105 3106 2824
f 2828 2824 3106
f 3104 3105 2823
f 2824 2823 3105
f 2823 2822 3104
f 3103 3104 2821
f 2822 2821 3104
f 3102 3103 2820
f 2821 2820 3103
f 3101 3102 2819
f 2827 3101 2819
f 2820 2819 3102
f 3202 3199 2818
f 2831 3202 2818
f 3199 3200 2817
f 2818 3199 2817
f 3198 2816 3200
f 2816 2817 3200
f 3019 3196 2815
f 3195 2814 3196
f 2814 2815 3196
f 2974 2813 182
f 3195 3098 2812
f 2814 3195 2812
f 2810 2811 640
f 3054 3248 189
f 3015 189 3248
f 638 189 3015
f 3076 2809 3056
f 3055 2809 3076
f 2972 3056 2809
f 2958 2809 3055
f 2957 2808 2958
f 2809 2958 2808
f 3051 3054 188
f 2971 3051 188
f 189 188 3054
f 189 2926 188
f 2955 2956 2807
f 2807 2806 2955
f 2955 2805 3012
f 2921 3012 2805
f 2806 2805 2955
f 2917 2804 2968
f 2916 2968 2804
f 2945 2946 2803
f 2947 3043 2802
f 502 2802 3043
f 2945 2801 3006
f 2803 2801 2945
f 502 3040 2800
f 2965 3006 2799
f 2799 2911 2965
f 2801 2799 3006
f 187 2797 2913
f 2798 2913 2797
f 511 2796 3040
f 3039 2796 511
f 2796 3039 2909
f 2800 3040 2796
f 2797 2795 2798
f 3082 3175 2794
f 2912 2794 3175
f 3082 2792 3174
f 2794 2792 3082
f 3173 125 2791
f 3065 3173 2791
f 2791 125 2907
f 3161 3174 2788
f 2792 2788 3174
f 3001 2787 3036
f 2884 3036 2787
f 3001 3152 2786
f 2786 3152 2878
f 2787 3001 2786
f 3155 3161 2785
f 2999 3155 2785
f 2788 2785 3161
f 2870 2944 160
f 160 2944 2868
f 159 160 154
f 486 2868 2866
f 2868 486 160
f 159 160 486
f 159 160 151
f 154 160 151
f 154 159 151
f 486 160 151
f 486 159 151
f 151 2784 154
f 2866 163 486
f 486 160 164
f 151 160 164
f 151 486 164
f 163 486 164
f 2784 151 499
f 164 151 499
f 163 2866 165
f 151 486 152
f 163 486 152
f 164 486 152
f 164 151 152
f 164 163 152
f 499 151 152
f 499 164 152
f 165 163 152
f 499 164 498
f 152 498 164
f 152 499 498
f 2942 3139 2783
f 2866 2942 2783
f 165 2866 2783
f 2930 2782 3135
f 2782 2930 2863
f 2781 2782 2863
f 2863 483 2781
f 496 2781 483
f 497 496 153
f 497 496 170
f 483 170 496
f 153 496 170
f 153 497 170
f 497 496 174
f 153 496 174
f 153 497 174
f 170 496 174
f 170 497 174
f 170 153 174
f 2861 169 2863
f 483 2863 169
f 170 483 169
f 174 170 180
f 169 170 180
f 180 174 2780
f 2861 2927 176
f 2858 176 2927
f 169 2861 176
f 169 170 176
f 180 170 176
f 180 169 176
f 180 495 169
f 176 169 495
f 176 180 495
f 2780 634 180
f 495 180 634
f 3114 3120 2779
f 2984 2779 3120
f 2778 2979 2841
f 3100 3114 2777
f 2779 2777 3114
f 3198 3099 2775
f 3059 2775 3099
f 2775 2816 3198
f 3078 3100 2773
f 2777 2773 3100
f 3078 2771 3098
f 2771 2812 3098
f 2773 2771 3078
f 3017 2769 2973
f 2974 2973 2769
f 2813 2974 2769
f 2810 2767 2811
f 2767 2810 2768
f 2768 2770 2767
f 640 2766 3017
f 2769 3017 2766
f 503 119 2765
f 503 2765 147
f 3015 3016 2764
f 3016 147 2764
f 2764 638 3015
f 2765 2764 147
f 188 2763 2971
f 2956 2971 2762
f 2763 2762 2971
f 2954 2953 2761
f 2951 2760 2953
f 2761 2953 2760
f 2952 2954 2759
f 2761 2759 2954
f 2758 2760 2951
f 2919 2952 2757
f 2759 2757 2952
f 2950 2756 2951
f 2949 2756 2950
f 2758 2951 2756
f 2918 2919 2755
f 2757 2755 2919
f 2967 2754 2949
f 2756 2949 2754
f 2804 2917 2753
f 2754 2967 2752
f 187 502 190
f 2802 502 190
f 2800 2751 502
f 190 502 2751
f 2963 2750 3038
f 2908 3038 2750
f 2963 3065 2749
f 2791 2749 3065
f 2789 2790 2748
f 2903 2747 2904
f 2894 2904 2747
f 2902 2746 2903
f 2747 2903 2746
f 160 490 2870
f 159 160 156
f 490 156 160
f 159 160 157
f 154 160 157
f 154 159 157
f 486 160 157
f 486 159 157
f 156 160 157
f 156 159 157
f 154 159 489
f 157 159 489
f 157 154 489
f 159 160 155
f 156 160 155
f 156 159 155
f 157 160 155
f 157 159 155
f 157 156 155
f 2783 636 165
f 165 163 166
f 152 163 166
f 152 165 166
f 498 166 152
f 636 166 165
f 498 152 494
f 166 494 152
f 166 498 494
f 3137 2745 3139
f 2783 3139 2745
f 636 2783 2745
f 2781 2744 2782
f 2744 2781 2743
f 496 214 2781
f 497 496 214
f 2743 2781 214
f 497 493 496
f 214 496 493
f 214 493 497
f 2857 633 2858
f 176 2858 633
f 633 177 176
f 495 181 176
f 177 176 181
f 634 2742 495
f 181 495 2742
f 2959 2741 3059
f 2775 3059 2741
f 2766 640 194
f 640 2972 2740
f 2809 2740 2972
f 2957 2970 2739
f 2925 2739 2970
f 2807 2956 2738
f 2762 2738 2956
f 2739 2925 2737
f 2805 2806 2736
f 2924 2735 2925
f 2923 2735 2924
f 2737 2925 2735
f 2805 2734 2921
f 2736 2734 2805
f 2922 2733 2923
f 2920 2733 2922
f 2735 2923 2733
f 2921 2732 2920
f 2734 2732 2921
f 2733 2920 2731
f 2732 2731 2920
f 2917 2918 2730
f 2755 2730 2918
f 2730 2753 2917
f 2914 2729 2967
f 2752 2967 2729
f 2914 2947 2728
f 2728 2729 2914
f 2801 2803 2727
f 2913 2726 502
f 190 502 2726
f 2798 2725 2913
f 2726 2913 2725
f 187 502 203
f 2795 2724 2798
f 2725 2798 2724
f 2797 187 2723
f 203 2723 187
f 2793 2722 2795
f 2724 2795 2722
f 2795 2797 2721
f 2723 2721 2797
f 2790 2720 2793
f 2722 2793 2720
f 2793 2795 2719
f 2721 2719 2795
f 2789 2718 2790
f 2720 2790 2718
f 2790 2793 2717
f 2748 2790 2717
f 2719 2717 2793
f 2718 2789 2716
f 2748 2715 2789
f 2717 2715 2748
f 2716 2789 2715
f 2994 2999 2714
f 2993 2994 2714
f 2785 2714 2999
f 3143 635 3145
f 492 3145 635
f 2870 635 3143
f 635 2870 490
f 2745 2713 636
f 3135 2712 3137
f 2745 3137 2712
f 2713 2745 2712
f 2782 2711 3135
f 2711 2782 2744
f 2712 3135 2711
f 505 504 186
f 505 186 2961
f 2988 2989 2710
f 2984 2988 2710
f 2779 2984 2710
f 2849 2979 2709
f 2778 2709 2979
f 2774 2776 2707
f 2708 2707 2776
f 2824 2828 2706
f 2823 2824 2706
f 2774 2705 2776
f 2708 2776 2705
f 2772 2774 2704
f 2707 2704 2774
f 2770 2772 2703
f 2704 2703 2772
f 2772 2702 2774
f 2705 2774 2702
f 2959 3019 2701
f 2815 2701 3019
f 2770 2700 2772
f 2702 2772 2700
f 2767 2770 2699
f 2703 2699 2770
f 2768 2698 2770
f 2700 2770 2698
f 2811 2767 2697
f 2699 2697 2767
f 2810 2696 2768
f 2698 2768 2696
f 2811 2695 640
f 2697 2695 2811
f 2810 640 2694
f 2696 2810 2694
f 194 195 640
f 2740 195 640
f 2694 640 195
f 189 638 2693
f 638 2764 2693
f 2808 2957 2692
f 2808 2692 2809
f 2691 2957 2739
f 2692 2957 2691
f 2806 2807 2690
f 2738 2690 2807
f 2690 2736 2806
f 2753 2730 2689
f 2802 491 2947
f 190 491 2802
f 635 211 492
f 490 160 487
f 156 160 487
f 156 490 487
f 157 160 487
f 157 156 487
f 490 487 635
f 211 635 487
f 156 159 158
f 157 159 158
f 157 156 158
f 489 159 158
f 489 157 158
f 487 156 158
f 487 157 158
f 489 157 488
f 158 488 157
f 158 489 488
f 2714 2687 2993
f 486 632 160
f 487 160 632
f 158 487 632
f 158 162 159
f 632 162 158
f 159 160 161
f 486 160 161
f 486 159 161
f 151 160 161
f 151 159 161
f 151 486 161
f 163 486 161
f 164 160 161
f 164 486 161
f 164 151 161
f 164 163 161
f 632 160 161
f 632 486 161
f 162 159 161
f 162 632 161
f 151 159 167
f 164 151 167
f 162 159 167
f 161 159 167
f 161 151 167
f 161 164 167
f 161 162 167
f 2784 2686 154
f 499 2686 2784
f 157 154 2686
f 157 2686 486
f 499 164 2685
f 2686 499 2685
f 163 486 484
f 164 486 484
f 164 163 484
f 165 163 484
f 152 486 484
f 152 163 484
f 152 164 484
f 152 165 484
f 166 163 484
f 166 165 484
f 166 152 484
f 161 486 484
f 161 163 484
f 161 164 484
f 167 164 484
f 167 161 484
f 151 486 485
f 164 486 485
f 164 151 485
f 152 486 485
f 152 151 485
f 152 164 485
f 161 486 485
f 161 151 485
f 161 164 485
f 167 151 485
f 167 164 485
f 167 161 485
f 2686 485 486
f 2685 164 485
f 2685 485 2686
f 484 486 485
f 484 164 485
f 484 152 485
f 484 161 485
f 484 167 485
f 3032 3034 2684
f 3030 3032 2683
f 2684 2683 3032
f 166 183 163
f 484 163 183
f 484 166 183
f 3028 3030 2682
f 2683 2682 3030
f 3026 3028 2681
f 3025 3026 2681
f 2682 2681 3028
f 3024 3025 2680
f 2681 2680 3025
f 2711 2679 2712
f 214 202 2743
f 184 185 476
f 168 185 476
f 168 476 184
f 3023 3024 2677
f 2680 2677 3024
f 2961 475 168
f 186 475 2961
f 476 168 475
f 3022 3023 2676
f 2677 2676 3023
f 170 483 171
f 169 483 171
f 169 170 171
f 482 483 171
f 170 483 172
f 170 172 153
f 174 153 172
f 174 170 172
f 180 170 172
f 180 174 172
f 171 483 172
f 171 170 172
f 174 170 481
f 2780 174 481
f 634 2780 481
f 169 483 173
f 176 169 173
f 482 173 483
f 171 483 173
f 171 169 173
f 171 173 482
f 172 483 173
f 172 171 173
f 172 180 222
f 173 172 222
f 170 175 497
f 174 497 175
f 174 170 175
f 180 170 175
f 180 174 175
f 481 170 175
f 481 174 175
f 222 175 180
f 172 174 462
f 481 174 462
f 222 172 462
f 175 174 462
f 175 481 462
f 175 222 462
f 2710 2989 2675
f 176 178 169
f 177 176 178
f 173 169 178
f 173 176 178
f 222 173 480
f 178 173 480
f 633 2857 179
f 633 176 179
f 177 176 179
f 177 633 179
f 181 176 179
f 181 177 179
f 173 176 179
f 178 176 179
f 178 177 179
f 178 173 179
f 176 180 223
f 177 176 223
f 181 176 223
f 181 177 223
f 173 176 223
f 222 180 223
f 222 173 223
f 178 176 223
f 178 177 223
f 178 173 223
f 480 173 223
f 480 222 223
f 480 223 178
f 179 176 223
f 179 177 223
f 179 181 223
f 179 173 223
f 179 178 223
f 634 180 217
f 2742 634 217
f 2742 217 181
f 481 217 634
f 223 180 217
f 223 181 217
f 452 179 2857
f 2854 479 2857
f 452 2857 479
f 182 2673 119
f 2813 2673 182
f 2740 2809 478
f 195 2740 478
f 2690 2738 2672
f 2760 2671 2761
f 2760 2758 2670
f 2670 2671 2760
f 2759 2761 2669
f 2671 2669 2761
f 2756 2668 2758
f 2670 2758 2668
f 2757 2759 2667
f 2669 2667 2759
f 2754 2666 2756
f 2668 2756 2666
f 2755 2757 2665
f 2730 2755 2665
f 2667 2665 2757
f 2752 2664 2754
f 2666 2754 2664
f 2753 2663 2804
f 2689 2663 2753
f 2916 196 2915
f 2804 196 2916
f 196 2804 2663
f 2727 2803 2662
f 2751 2800 2661
f 2909 2660 2796
f 2796 2660 2800
f 2661 2800 2660
f 2909 2911 2659
f 2660 2909 2659
f 2749 2658 2963
f 2895 2657 2896
f 2688 2896 2657
f 2884 2656 2887
f 2787 2656 2884
f 211 2655 635
f 2655 487 635
f 2655 211 487
f 2962 2993 2654
f 2865 2962 2654
f 2687 2654 2993
f 3033 2653 3035
f 3034 3035 2652
f 2652 2684 3034
f 2653 2652 3035
f 3031 2651 3033
f 2653 3033 2651
f 3029 2650 3031
f 2651 3031 2650
f 166 636 198
f 2713 198 636
f 484 166 198
f 183 166 198
f 183 484 198
f 166 199 636
f 183 166 199
f 198 636 199
f 198 166 199
f 198 183 199
f 494 465 166
f 199 166 465
f 3027 2649 3029
f 2650 3029 2649
f 2649 3027 2648
f 2647 2678 202
f 185 2646 3027
f 2648 3027 2646
f 2743 477 2744
f 2744 477 2711
f 2679 2711 477
f 477 2743 202
f 202 477 482
f 493 2645 214
f 202 214 2645
f 184 185 474
f 476 185 474
f 476 184 474
f 474 186 475
f 474 476 475
f 2646 185 474
f 186 504 2644
f 474 186 2644
f 475 637 186
f 474 186 637
f 475 474 637
f 3021 2643 504
f 2644 504 2643
f 3021 3022 2642
f 2676 2642 3022
f 2643 3021 2642
f 2960 2641 2989
f 2864 2641 2960
f 2641 2675 2989
f 2841 2640 2778
f 2709 2778 2640
f 2741 2959 2639
f 2673 2813 2638
f 2769 2637 2813
f 2766 2637 2769
f 2638 2813 2637
f 194 2636 2766
f 2637 2766 2636
f 2763 188 459
f 2762 2763 459
f 2738 2762 2635
f 2635 2672 2738
f 459 2635 2762
f 2734 2736 2633
f 2736 2690 2633
f 2735 2632 2737
f 2634 2737 2632
f 2732 2734 2631
f 2633 2631 2734
f 2733 2630 2735
f 2632 2735 2630
f 2731 2732 2629
f 2631 2629 2732
f 2731 2628 2733
f 2630 2733 2628
f 2628 2731 2629
f 2689 2730 2627
f 2665 2627 2730
f 2729 2626 2752
f 2664 2752 2626
f 2728 2947 2625
f 2729 2728 2625
f 2915 641 2946
f 2803 2946 641
f 196 641 2915
f 2662 2803 641
f 2799 2801 2624
f 203 187 456
f 2661 456 2751
f 2624 2623 2799
f 2911 2799 2622
f 2622 2799 2623
f 2659 2911 2621
f 2622 2621 2911
f 2887 2619 2889
f 2656 2619 2887
f 2657 2618 2688
f 2874 2617 2878
f 2878 2617 2786
f 2786 2617 2787
f 2656 2787 2617
f 191 192 639
f 2654 2616 2865
f 472 2615 455
f 204 455 2615
f 2941 2943 2614
f 2941 2613 2939
f 2614 2613 2941
f 2867 2940 2612
f 2939 2611 2940
f 2613 2611 2939
f 2612 2940 2611
f 2865 2610 2937
f 2616 2610 2865
f 2935 2937 2609
f 2933 2935 2609
f 2610 2609 2937
f 2609 2608 2933
f 2931 2932 2607
f 2929 2931 2606
f 2607 2606 2931
f 2928 2929 2605
f 2606 2605 2929
f 475 2604 474
f 637 2604 475
f 637 474 2604
f 2864 2933 2603
f 2641 2864 2603
f 2608 2603 2933
f 2859 2928 2602
f 2605 2602 2928
f 2849 2600 2852
f 2709 2600 2849
f 2838 2598 2841
f 2640 2841 2598
f 2830 2831 2597
f 2674 2597 2831
f 2599 2597 2674
f 194 640 471
f 2695 471 640
f 2636 194 471
f 2764 2765 2595
f 2596 2595 2765
f 2693 2594 189
f 189 638 457
f 188 189 457
f 459 188 457
f 2594 457 189
f 2692 2593 2809
f 2691 2593 2692
f 2737 2592 2739
f 2634 2592 2737
f 2672 2591 2690
f 2672 2635 2591
f 2633 2690 2591
f 2671 2670 2590
f 2669 2671 2590
f 2667 2669 2590
f 2665 2667 2589
f 2589 2627 2665
f 2590 2589 2667
f 2588 2664 2626
f 2663 2689 2587
f 2587 2689 2627
f 2587 2627 2589
f 2586 196 641
f 2626 2729 2585
f 2625 2585 2729
f 190 187 473
f 2751 473 190
f 491 473 2947
f 491 190 473
f 2625 2947 473
f 473 456 187
f 473 2751 456
f 2585 2625 473
f 2727 2584 2801
f 2662 2584 2727
f 2584 2624 2801
f 190 207 187
f 491 190 207
f 473 187 207
f 473 190 207
f 473 491 207
f 2726 2583 190
f 207 190 2583
f 456 642 203
f 2724 2582 2725
f 2723 203 2581
f 642 2581 203
f 2722 2580 2724
f 2582 2724 2580
f 2721 2723 2579
f 2581 2579 2723
f 2750 2963 2578
f 2658 2578 2963
f 2720 2577 2722
f 2580 2722 2577
f 2719 2721 2576
f 2579 2576 2721
f 2718 2575 2720
f 2716 2575 2718
f 2577 2720 2575
f 2717 2719 2574
f 2715 2717 2574
f 2576 2574 2719
f 2896 2573 2905
f 2688 2573 2896
f 2715 2572 2716
f 2575 2716 2572
f 2888 2889 2571
f 2571 2889 2619
f 2886 2888 2570
f 2571 2570 2888
f 2883 2886 2569
f 2570 2569 2886
f 2881 2883 2568
f 2569 2568 2883
f 2618 2657 2567
f 2871 2873 2566
f 2872 2565 2874
f 2869 2871 2564
f 2566 2564 2871
f 2872 192 229
f 191 192 229
f 472 455 229
f 229 639 192
f 229 191 639
f 229 472 639
f 2565 2872 229
f 2869 2563 2943
f 2563 2614 2943
f 2564 2563 2869
f 2867 193 191
f 639 191 193
f 639 472 193
f 2615 472 193
f 229 191 193
f 229 472 193
f 639 229 193
f 2562 2867 2612
f 193 2867 2562
f 2862 2561 2932
f 2607 2932 2561
f 2860 246 2862
f 2561 2862 246
f 2602 2558 2859
f 2856 279 2860
f 246 2860 279
f 2601 246 279
f 2601 279 2559
f 2559 279 2560
f 2855 2859 2557
f 2558 2557 2859
f 2852 2556 2856
f 279 2856 2556
f 2851 2855 2555
f 2557 2555 2855
f 2840 2843 2554
f 2837 2840 2553
f 2834 2837 2553
f 2554 2553 2840
f 2835 2552 2838
f 2598 2838 2552
f 2834 2551 2835
f 2553 2551 2834
f 2552 2835 2551
f 2818 2550 2831
f 2674 2831 2550
f 2707 2708 2549
f 2705 2549 2708
f 2704 2707 2548
f 2703 2704 2548
f 2702 2547 2705
f 2549 2705 2547
f 2699 2703 2546
f 2548 2546 2703
f 2700 2545 2702
f 2547 2702 2545
f 2701 2544 2959
f 2639 2959 2544
f 2697 2699 2543
f 2546 2543 2699
f 2698 2542 2700
f 2545 2700 2542
f 2695 2697 2541
f 2543 2541 2697
f 2765 119 2540
f 2673 2540 119
f 2638 2540 2673
f 2540 2596 2765
f 2696 2539 2698
f 2542 2698 2539
f 2538 471 2695
f 2541 2538 2695
f 195 2537 2694
f 478 195 209
f 2537 195 209
f 2693 2764 2536
f 2595 2536 2764
f 2536 2594 2693
f 194 640 470
f 195 640 470
f 195 194 470
f 478 2809 470
f 478 195 470
f 471 470 640
f 471 194 470
f 470 2809 2593
f 209 195 470
f 209 470 478
f 2739 2535 2691
f 2593 2691 2535
f 2535 2739 2592
f 2593 2535 470
f 457 2534 459
f 2635 459 2533
f 2533 2591 2635
f 2533 2633 2591
f 2592 2634 2532
f 2631 2633 2531
f 2533 2531 2633
f 2629 2631 2530
f 2629 2530 2628
f 2531 2530 2631
f 2668 2529 2670
f 2666 2528 2668
f 2529 2668 2528
f 2664 2527 2666
f 2588 2527 2664
f 2528 2666 2527
f 2589 2590 2526
f 2587 2589 2526
f 2663 2525 196
f 2587 2525 2663
f 2526 2525 2587
f 2725 2524 2726
f 2583 2726 2524
f 2582 2524 2725
f 2659 2522 2660
f 2621 2522 2659
f 2523 2660 2522
f 2906 2521 2907
f 2905 2520 2906
f 2573 2520 2905
f 2521 2906 2520
f 643 469 2898
f 2620 469 643
f 2897 2519 643
f 2893 2519 2897
f 469 643 2519
f 2746 2902 2517
f 2518 2746 2517
f 2901 2516 2902
f 2900 2516 2901
f 2517 2902 2516
f 2516 2900 2515
f 2899 2514 2900
f 2515 2900 2514
f 2898 2513 2899
f 2514 2899 2513
f 469 2512 2898
f 2513 2898 2512
f 2892 2511 2893
f 2519 2893 2511
f 2746 2510 2747
f 2510 2746 2518
f 2511 2892 2509
f 2894 2508 2895
f 2747 2508 2894
f 2510 2508 2747
f 2891 468 2892
f 2890 468 2891
f 2509 2892 468
f 2885 2507 2890
f 468 2890 2507
f 2882 2506 2885
f 2507 2885 2506
f 2879 2505 2882
f 2506 2882 2505
f 2873 2877 2504
f 2566 2873 2504
f 2617 2874 2503
f 2565 2503 2874
f 2875 2502 2879
f 492 2502 2875
f 2505 2879 2502
f 211 492 227
f 487 211 227
f 2502 492 227
f 229 455 2501
f 2501 228 229
f 204 197 455
f 2615 219 204
f 193 219 2615
f 2559 2560 645
f 2601 218 246
f 2601 2559 218
f 645 218 2559
f 279 2500 2560
f 179 452 251
f 479 2854 251
f 479 452 251
f 2853 2499 2854
f 2846 2499 2853
f 251 2854 2499
f 2600 2498 2852
f 2556 2852 2498
f 2848 2851 2497
f 2555 2497 2851
f 2842 2496 2846
f 2499 2846 2496
f 2597 2599 2495
f 2839 2494 2842
f 2496 2842 2494
f 2836 2493 2839
f 2494 2839 2493
f 2832 467 2833
f 2836 2833 2492
f 2493 2836 2492
f 467 2492 2833
f 2829 2830 2491
f 2828 2829 2491
f 2706 2828 2490
f 2491 2490 2828
f 2832 2825 432
f 467 2832 432
f 2706 2489 2823
f 2490 2489 2706
f 2489 2488 2823
f 2822 2823 2487
f 2488 2487 2823
f 2821 2822 2486
f 2487 2486 2822
f 2820 2821 2485
f 2486 2485 2821
f 2819 2820 2484
f 2485 2484 2820
f 2819 2483 2827
f 2484 2483 2819
f 2826 2827 2482
f 2483 2482 2827
f 2825 2826 2481
f 2481 432 2825
f 2482 2481 2826
f 2817 2480 2818
f 2550 2818 2480
f 2817 2816 2479
f 2480 2817 2479
f 2637 2478 2638
f 2540 2638 2478
f 2694 2477 2696
f 2539 2696 2477
f 2537 2477 2694
f 2533 459 2476
f 2531 2533 2476
f 2530 2531 2475
f 2476 2475 2531
f 2632 2474 2634
f 2532 2634 2474
f 2630 2473 2632
f 2474 2632 2473
f 2628 2472 2630
f 2530 2472 2628
f 2473 2630 2472
f 2590 2670 2471
f 2529 2471 2670
f 2471 2526 2590
f 2526 2471 2525
f 641 196 2470
f 2525 2470 196
f 2525 2471 2470
f 641 2469 2662
f 2584 2662 2469
f 2750 2467 2908
f 2578 2467 2750
f 2907 2466 2791
f 2749 2791 2466
f 2466 2907 2521
f 2657 2895 2465
f 2567 2657 2465
f 2508 2465 2895
f 2618 2464 2688
f 2573 2688 2464
f 2617 2463 2656
f 2463 2617 2503
f 2877 2881 2462
f 2568 2462 2881
f 2462 2504 2877
f 158 487 299
f 227 299 487
f 158 210 487
f 488 210 158
f 299 487 210
f 299 210 158
f 488 158 466
f 210 466 158
f 210 488 466
f 2501 455 221
f 221 455 197
f 197 455 205
f 221 455 205
f 197 221 205
f 204 455 206
f 197 455 206
f 197 204 206
f 206 204 219
f 205 455 206
f 205 197 206
f 198 183 200
f 199 183 200
f 199 198 200
f 494 166 201
f 183 166 201
f 198 166 201
f 198 183 201
f 199 166 201
f 199 183 201
f 199 198 201
f 465 166 201
f 465 494 201
f 465 199 201
f 200 183 201
f 200 198 201
f 200 199 201
f 465 199 464
f 201 464 199
f 201 465 464
f 198 2713 237
f 200 198 237
f 2712 2461 2713
f 2679 2461 2712
f 237 2713 2461
f 477 2460 2679
f 2461 2679 2460
f 202 477 212
f 2460 477 212
f 202 477 213
f 212 202 213
f 212 213 477
f 2645 493 463
f 2645 463 202
f 213 463 202
f 174 170 449
f 180 170 449
f 180 174 449
f 176 449 170
f 176 180 449
f 175 170 449
f 175 174 449
f 175 180 449
f 462 174 449
f 462 175 449
f 462 175 461
f 449 461 175
f 449 462 461
f 645 2560 2459
f 2500 279 275
f 2458 2500 275
f 223 179 216
f 251 216 179
f 223 179 215
f 217 223 215
f 216 215 179
f 216 223 215
f 217 460 223
f 215 223 460
f 215 217 460
f 2640 2457 2709
f 2600 2709 2457
f 2843 2848 2456
f 2554 2843 2456
f 2497 2456 2848
f 2599 2674 2455
f 2550 2455 2674
f 2816 2775 2454
f 2741 2454 2775
f 2454 2479 2816
f 2453 2478 2637
f 457 2594 2452
f 2594 2536 2452
f 457 459 458
f 2534 458 459
f 2534 457 458
f 458 2476 459
f 2476 458 2475
f 2451 2530 2475
f 2451 2475 458
f 2585 2450 2626
f 2450 2585 2449
f 473 2448 2585
f 2448 2449 2585
f 2660 208 2661
f 456 203 208
f 456 2661 208
f 642 208 203
f 642 456 208
f 2523 208 2660
f 2468 208 2523
f 2910 2446 2912
f 2908 2446 2910
f 2467 2446 2908
f 2447 2912 2446
f 2577 2445 2580
f 2575 2445 2577
f 2658 2749 2444
f 2466 2444 2749
f 2572 2443 2575
f 2574 2442 2715
f 2572 2715 2442
f 2443 2572 2442
f 2465 2441 2567
f 2567 2440 2618
f 204 455 235
f 219 204 235
f 205 455 235
f 206 455 235
f 206 204 235
f 219 206 235
f 206 205 235
f 219 193 233
f 219 206 233
f 235 219 233
f 235 206 233
f 218 645 454
f 218 246 453
f 454 453 218
f 2500 2439 2560
f 2459 2560 2439
f 2597 2438 2830
f 2495 2438 2597
f 2491 2830 2438
f 2549 2437 2707
f 2548 2707 2437
f 2547 2436 2549
f 2437 2549 2436
f 2639 2435 2741
f 2454 2741 2435
f 2701 2815 2434
f 2815 2814 2433
f 2812 2433 2814
f 2434 2815 2433
f 2636 2432 2637
f 471 2432 2636
f 471 2538 2432
f 2453 2637 2432
f 2535 2431 470
f 2431 2535 2430
f 2592 2429 2535
f 2430 2535 2429
f 2527 2428 2528
f 2528 2427 2529
f 2471 2529 2427
f 2428 2427 2528
f 2527 2588 2426
f 2428 2527 2426
f 2426 2588 2425
f 2626 2424 2588
f 2424 2626 2450
f 2425 2588 2424
f 2624 2584 2423
f 2469 2423 2584
f 207 2422 473
f 2623 2624 2421
f 2423 2421 2624
f 2583 2420 207
f 2422 207 2420
f 2524 2419 2583
f 2420 2583 2419
f 2418 642 208
f 2623 2417 2622
f 2621 2622 2417
f 2421 2417 2623
f 2522 2621 2416
f 2522 2416 2523
f 2468 2523 2416
f 2417 2416 2621
f 2581 642 2415
f 2418 2415 642
f 2524 2582 2414
f 2419 2524 2414
f 2794 2912 2413
f 2447 2413 2912
f 2579 2581 2412
f 2576 2579 2412
f 2415 2412 2581
f 2620 643 2411
f 469 2411 643
f 469 2620 2411
f 2580 2410 2582
f 2414 2582 2410
f 2792 2794 2409
f 2413 2409 2794
f 2574 2576 2408
f 2412 2408 2576
f 2407 2442 2574
f 2408 2407 2574
f 2788 2792 2406
f 2409 2406 2792
f 2619 2656 2405
f 2619 2405 2571
f 2463 2405 2656
f 2464 2618 2404
f 2404 2618 2440
f 2785 2788 2403
f 2406 2403 2788
f 2441 2402 2567
f 2440 2567 2402
f 2714 2785 2401
f 2687 2714 2401
f 2403 2401 2785
f 228 2501 2400
f 221 2399 2501
f 2400 2501 2399
f 228 229 231
f 275 279 276
f 2458 2398 2500
f 2439 2500 2398
f 479 452 250
f 251 452 250
f 251 479 250
f 2710 2397 2779
f 2675 2397 2710
f 2777 2779 2396
f 2397 2396 2779
f 2495 2599 2395
f 2455 2394 2599
f 2395 2599 2394
f 2598 2393 2640
f 2457 2640 2393
f 2773 2777 2392
f 2396 2392 2777
f 2546 2548 2390
f 2391 2390 2548
f 2771 2773 2389
f 2392 2389 2773
f 2545 2388 2547
f 2542 2388 2545
f 2539 2387 2542
f 2388 2542 2387
f 2543 2546 2386
f 2390 2386 2546
f 2812 2771 2385
f 2385 2433 2812
f 2389 2385 2771
f 2477 2384 2539
f 2387 2539 2384
f 2541 2543 2383
f 2386 2383 2543
f 2478 2382 2540
f 2478 2453 2382
f 2477 2537 2381
f 2384 2477 2381
f 2538 2541 2380
f 2380 2432 2538
f 2383 2380 2541
f 2596 2540 2379
f 2382 2379 2540
f 209 2378 2537
f 2381 2537 2378
f 2595 2596 2377
f 2379 2377 2596
f 470 2376 209
f 2378 209 2376
f 2536 2595 2375
f 2452 2536 2375
f 2377 2375 2595
f 2532 2374 2592
f 2429 2592 2374
f 2474 2373 2532
f 2374 2532 2373
f 2473 2372 2474
f 2373 2474 2372
f 2472 2530 2371
f 2472 2371 2473
f 2372 2473 2371
f 2419 2369 2420
f 2415 2418 2369
f 2414 2368 2419
f 2412 2415 2368
f 2408 2412 2368
f 2369 2419 2368
f 2369 2368 2415
f 2444 2367 2658
f 2445 2366 2580
f 2410 2580 2366
f 2410 2365 2414
f 2407 2408 2365
f 2368 2414 2365
f 2368 2365 2408
f 2445 2575 2364
f 2443 2364 2575
f 2366 2445 2364
f 2570 2571 2363
f 2405 2363 2571
f 2569 2570 2362
f 2363 2362 2570
f 2568 2569 2361
f 2462 2568 2361
f 2362 2361 2569
f 2503 2360 2463
f 299 227 224
f 210 299 224
f 210 299 225
f 466 225 210
f 224 299 225
f 224 210 225
f 466 210 451
f 225 210 451
f 225 466 451
f 211 226 492
f 227 492 226
f 227 211 226
f 226 227 224
f 229 232 2565
f 2503 2565 232
f 228 229 232
f 2400 232 228
f 231 229 232
f 231 228 232
f 2360 2503 232
f 227 211 443
f 224 227 443
f 226 211 443
f 226 227 443
f 224 226 443
f 231 230 229
f 2401 2359 2687
f 2654 2687 2356
f 2359 2356 2687
f 2357 2358 2354
f 2355 2354 2358
f 646 2357 2353
f 2354 2353 2357
f 205 197 442
f 206 197 442
f 206 205 442
f 235 205 442
f 235 206 442
f 233 206 442
f 233 235 442
f 2353 442 646
f 2684 2652 2352
f 2683 2684 2351
f 2352 2351 2684
f 2682 2683 2350
f 2351 2350 2683
f 2681 2682 2349
f 2680 2681 2349
f 2350 2349 2682
f 2677 2680 2348
f 2349 2348 2680
f 212 242 2460
f 213 212 242
f 202 214 243
f 212 202 243
f 213 202 243
f 213 212 243
f 242 212 243
f 242 243 213
f 493 214 438
f 202 214 438
f 213 202 438
f 463 493 438
f 463 202 438
f 463 213 438
f 243 214 438
f 243 202 438
f 243 213 438
f 2676 2677 2347
f 2348 2347 2677
f 2642 2676 2346
f 2347 2346 2676
f 461 449 448
f 450 448 449
f 2675 2641 2344
f 461 644 449
f 450 449 644
f 448 449 644
f 448 644 461
f 448 450 644
f 2345 450 2343
f 644 2343 450
f 436 2345 247
f 244 436 247
f 2343 247 2345
f 2439 248 2459
f 244 436 248
f 245 436 248
f 247 436 248
f 247 244 248
f 2397 2675 2342
f 2344 2342 2675
f 276 279 277
f 250 452 447
f 2398 2458 2341
f 2556 278 279
f 2498 278 2556
f 275 279 278
f 275 278 2458
f 276 279 278
f 276 275 278
f 277 279 278
f 277 276 278
f 2341 2458 278
f 216 251 252
f 215 216 252
f 250 251 252
f 447 252 250
f 217 223 253
f 216 223 253
f 215 223 253
f 215 217 253
f 215 216 253
f 252 216 253
f 252 215 253
f 215 217 254
f 460 254 217
f 460 215 254
f 252 215 254
f 253 217 254
f 253 215 254
f 253 252 254
f 2498 2600 2340
f 2457 2340 2600
f 2395 2339 2495
f 2438 2495 2338
f 2339 2338 2495
f 2553 2554 2337
f 2551 2553 2337
f 2456 2337 2554
f 2552 2336 2598
f 2393 2598 2336
f 2551 2335 2552
f 2335 2551 2337
f 2336 2552 2335
f 2390 2391 2334
f 2384 2334 2387
f 2435 2639 2333
f 2386 2390 2332
f 2381 2332 2384
f 2334 2332 2390
f 2334 2384 2332
f 2383 2386 2331
f 2378 2331 2381
f 2332 2331 2386
f 2332 2381 2331
f 2432 2330 2453
f 2382 2453 2330
f 2376 470 2329
f 2329 470 2328
f 2427 2327 2471
f 2470 2471 2326
f 2327 2326 2471
f 2470 2324 641
f 2469 641 2324
f 2423 2469 2323
f 2324 2323 2469
f 2449 2322 2450
f 2448 473 2322
f 2449 2448 2322
f 2370 2322 473
f 2325 2450 2322
f 2422 2321 473
f 2370 473 2321
f 2321 2422 2320
f 208 2319 2418
f 2420 2318 2422
f 2318 2420 2369
f 2318 2369 2418
f 2320 2422 2318
f 2319 2318 2418
f 2319 2320 2318
f 208 2468 2317
f 2416 2317 2468
f 2416 2417 2317
f 2366 2316 2410
f 2365 2410 2316
f 2365 2316 2407
f 2442 2407 2315
f 2364 2315 2366
f 2316 2315 2407
f 2316 2366 2315
f 2442 2314 2443
f 2364 2443 2314
f 2315 2314 2442
f 2315 2364 2314
f 2402 2441 2313
f 205 221 2312
f 2312 442 205
f 2616 2654 2311
f 2356 2311 2654
f 2651 2310 2653
f 2652 2653 2309
f 2309 2352 2652
f 2310 2309 2653
f 2650 2308 2651
f 2308 2310 2651
f 2649 2307 2650
f 2308 2650 2307
f 2648 2306 2649
f 2307 2649 2306
f 2306 2648 2305
f 2646 2304 2648
f 2305 2648 2304
f 474 2303 2646
f 2304 2646 2303
f 2644 2302 474
f 2303 474 2302
f 2643 2301 2644
f 2302 2644 2301
f 2642 2300 2643
f 2346 2300 2642
f 2301 2643 2300
f 218 645 220
f 2459 220 645
f 454 645 220
f 454 218 220
f 436 220 244
f 220 218 245
f 436 245 220
f 220 2459 248
f 436 220 248
f 244 220 248
f 245 220 248
f 2603 445 2641
f 445 2344 2641
f 2436 2547 2299
f 2436 2299 2437
f 2437 2298 2548
f 2391 2548 2298
f 2299 2298 2437
f 2388 2297 2547
f 2299 2547 2297
f 2298 2297 2391
f 2298 2299 2297
f 2387 2296 2388
f 2296 2334 2391
f 2296 2387 2334
f 2297 2296 2391
f 2297 2388 2296
f 2544 2701 2295
f 2434 2295 2701
f 2544 2294 2639
f 2294 2333 2639
f 2295 2294 2544
f 2380 2383 2293
f 2376 2293 2378
f 2331 2293 2383
f 2331 2378 2293
f 2432 2380 2291
f 2291 2376 2329
f 2293 2291 2380
f 2293 2376 2291
f 2292 2432 2291
f 2375 2289 2452
f 2429 2288 2430
f 2290 2430 2288
f 2452 2287 457
f 458 457 2287
f 2289 2287 2452
f 2451 2285 2530
f 2371 2530 2285
f 2286 2285 2451
f 2450 2284 2424
f 2325 2284 2450
f 2326 2283 2470
f 2324 2470 2283
f 2317 2282 208
f 2521 2281 2466
f 2444 2466 2281
f 2520 2280 2521
f 2281 2521 2280
f 2280 2520 2279
f 2520 2573 2278
f 2464 2278 2573
f 2279 2520 2278
f 2564 2566 2277
f 2563 2564 2276
f 2277 2276 2564
f 2614 2563 2275
f 2276 2275 2563
f 2562 430 193
f 219 193 430
f 233 193 430
f 233 219 430
f 2613 2614 2274
f 2275 2274 2614
f 2610 2616 2273
f 2311 2273 2616
f 235 234 455
f 233 235 234
f 430 233 234
f 430 446 233
f 234 233 446
f 234 430 446
f 430 2562 2272
f 2611 2613 2271
f 2274 2271 2613
f 2611 2270 2612
f 2270 2611 2271
f 2612 2269 2562
f 2272 2562 2269
f 2270 2269 2612
f 2609 2610 2268
f 2608 2609 2268
f 2273 2268 2610
f 2561 2267 2607
f 2606 2607 2266
f 2267 2266 2607
f 2603 2608 422
f 445 2603 422
f 2268 422 2608
f 2267 2561 2264
f 2605 2606 2263
f 2266 2263 2606
f 453 454 258
f 220 258 454
f 244 220 258
f 2265 453 258
f 246 273 2561
f 218 246 273
f 453 246 273
f 453 218 273
f 2265 273 453
f 2264 2561 273
f 2602 2605 2262
f 2263 2262 2605
f 2558 2602 2261
f 2262 2261 2602
f 2261 2260 2558
f 2557 2558 2259
f 2260 2259 2558
f 2555 2557 2258
f 2259 2258 2557
f 2480 2257 2550
f 2455 2550 2257
f 2257 2480 2256
f 2479 2255 2480
f 2256 2480 2255
f 2479 2454 2254
f 2435 2254 2454
f 2254 2255 2479
f 2330 2432 2253
f 2431 2252 470
f 2430 2252 2431
f 2328 470 2252
f 2290 2252 2430
f 2374 2251 2429
f 2288 2429 2251
f 2451 458 2250
f 2287 2250 458
f 2286 2451 2250
f 2426 2249 2428
f 2425 2248 2426
f 2424 2248 2425
f 2248 2424 2284
f 2249 2426 2248
f 2323 2247 2423
f 2322 2370 2246
f 2421 2423 2245
f 2247 2245 2423
f 2321 2244 2370
f 2320 2244 2321
f 2319 2244 2320
f 2246 2370 2244
f 2417 2421 2243
f 2245 2243 2421
f 2319 208 2242
f 2242 208 2282
f 2244 2319 2242
f 2244 2242 2246
f 2317 2417 2241
f 2282 2317 2241
f 2243 2241 2417
f 2578 2658 2240
f 2467 2578 2240
f 2367 2240 2658
f 2367 2444 2239
f 2239 2444 2281
f 2405 2463 2238
f 2363 2405 2238
f 2360 2238 2463
f 2504 2237 2566
f 2237 2277 2566
f 2399 221 647
f 229 455 415
f 221 455 415
f 206 415 455
f 230 229 415
f 415 455 234
f 647 221 415
f 237 200 238
f 201 200 239
f 237 200 239
f 238 200 239
f 238 237 239
f 201 200 265
f 239 200 265
f 239 201 265
f 2461 2235 237
f 238 237 2235
f 2460 444 2461
f 242 444 2460
f 2235 2461 444
f 180 435 174
f 481 174 435
f 222 180 435
f 480 222 435
f 223 180 435
f 223 222 435
f 223 480 435
f 217 180 435
f 217 481 435
f 217 223 435
f 215 223 435
f 215 217 435
f 253 223 435
f 253 217 435
f 253 215 435
f 254 217 435
f 254 215 435
f 254 253 435
f 252 215 255
f 2497 2555 2234
f 2258 2234 2555
f 2393 2233 2457
f 2340 2457 2233
f 2333 2232 2435
f 2254 2435 2232
f 2379 2382 2231
f 2330 2231 2382
f 2253 2231 2330
f 2292 2230 2432
f 2253 2432 2230
f 2377 2379 2229
f 2231 2229 2379
f 2328 2228 2329
f 2329 2228 2291
f 2291 2228 2292
f 2228 2328 2252
f 2230 2292 2228
f 2228 2252 2230
f 2375 2377 2227
f 2229 2227 2377
f 2289 2375 2226
f 2227 2226 2375
f 2373 2225 2374
f 2251 2374 2225
f 2372 2224 2373
f 2225 2373 2224
f 2427 2428 2223
f 2327 2427 2223
f 2249 2223 2428
f 2223 2222 2327
f 2326 2327 2221
f 2222 2221 2327
f 2284 2325 2220
f 2322 2219 2325
f 2220 2325 2219
f 2219 2322 2218
f 2218 2322 2217
f 2282 2216 2242
f 2242 2216 2246
f 2241 2216 2282
f 2512 469 2215
f 2519 2214 469
f 2511 2214 2519
f 2215 469 2214
f 2509 2213 2511
f 2214 2511 2213
f 2518 2212 2510
f 2508 2510 2212
f 2517 2211 2518
f 2212 2518 2211
f 2516 2210 2517
f 2211 2517 2210
f 2515 2209 2516
f 2210 2516 2209
f 2512 2208 2513
f 2215 2208 2512
f 468 2207 2509
f 2213 2509 2207
f 2212 2205 2508
f 2514 2204 2515
f 2209 2515 2204
f 2204 2514 2203
f 2513 2202 2514
f 2208 2202 2513
f 2203 2514 2202
f 2507 406 468
f 2207 468 406
f 2206 406 468
f 2506 2201 2507
f 406 2507 2201
f 2404 2200 2464
f 2278 2464 2200
f 2465 2508 2199
f 2441 2465 2199
f 2313 2441 2199
f 2205 2199 2508
f 2505 2198 2506
f 2201 2506 2198
f 2361 2197 2462
f 2198 2505 2196
f 2504 2462 2195
f 2237 2504 2195
f 2197 2195 2462
f 2502 2194 2505
f 227 2194 2502
f 2196 2505 2194
f 232 2193 2360
f 2399 2192 2400
f 232 2400 2192
f 647 2192 2399
f 2192 283 232
f 210 299 262
f 224 299 262
f 224 210 262
f 225 299 262
f 225 210 262
f 225 224 262
f 451 210 262
f 451 225 262
f 451 225 429
f 262 225 429
f 262 451 429
f 224 227 264
f 226 227 264
f 224 226 264
f 443 227 264
f 443 224 264
f 443 226 264
f 2194 227 264
f 225 224 296
f 262 224 296
f 262 225 296
f 264 224 296
f 227 408 211
f 224 227 408
f 443 211 408
f 443 227 408
f 443 224 408
f 264 227 408
f 264 224 408
f 264 443 408
f 228 229 270
f 231 229 270
f 231 228 270
f 232 229 270
f 232 228 270
f 232 231 270
f 230 229 270
f 230 231 270
f 415 229 270
f 415 230 270
f 2193 232 270
f 283 270 232
f 2357 286 2358
f 646 286 2357
f 2191 2358 286
f 197 221 261
f 442 197 261
f 442 261 646
f 2312 221 261
f 442 2312 261
f 647 221 261
f 415 221 261
f 415 647 261
f 286 646 261
f 286 415 261
f 415 230 271
f 270 230 271
f 270 415 271
f 415 206 284
f 286 284 646
f 286 415 284
f 261 646 284
f 261 415 284
f 261 286 284
f 261 442 320
f 284 261 320
f 2354 2355 441
f 2353 2354 441
f 2190 441 2355
f 219 206 291
f 235 219 291
f 235 206 291
f 233 219 291
f 233 206 291
f 233 235 291
f 442 206 291
f 442 235 291
f 442 233 291
f 442 2353 291
f 430 219 291
f 430 233 291
f 234 235 291
f 234 233 291
f 234 430 291
f 320 442 291
f 441 291 2353
f 441 291 320
f 235 206 236
f 233 206 236
f 233 235 236
f 234 235 236
f 234 233 236
f 284 206 236
f 320 284 236
f 291 206 236
f 291 235 236
f 291 233 236
f 291 234 236
f 291 320 236
f 201 200 240
f 237 200 240
f 238 200 240
f 238 237 240
f 239 200 240
f 239 201 240
f 239 237 240
f 239 238 240
f 265 200 240
f 265 201 240
f 265 239 240
f 239 201 440
f 265 201 440
f 265 239 440
f 2236 440 265
f 240 201 440
f 240 239 440
f 240 265 440
f 464 201 241
f 265 201 241
f 2236 265 241
f 240 201 241
f 240 265 241
f 440 201 241
f 440 265 241
f 440 2236 241
f 440 240 241
f 2351 2352 2189
f 2350 2351 2189
f 240 266 265
f 2349 2350 2188
f 2348 2349 2188
f 2347 2348 2188
f 2189 2188 2350
f 2303 2187 2304
f 2302 2187 2303
f 243 439 242
f 444 242 439
f 243 267 242
f 438 243 267
f 439 242 267
f 439 243 267
f 243 213 437
f 438 437 213
f 438 243 437
f 267 243 437
f 267 437 438
f 448 450 2186
f 2345 259 450
f 436 259 2345
f 244 436 259
f 436 220 259
f 244 220 259
f 258 244 259
f 258 220 259
f 2186 450 259
f 244 436 356
f 436 220 356
f 244 220 356
f 258 244 356
f 258 220 356
f 259 436 356
f 259 244 356
f 259 220 356
f 259 258 356
f 244 436 249
f 247 436 249
f 247 244 249
f 436 220 249
f 244 220 249
f 259 436 249
f 259 244 249
f 259 220 249
f 218 246 358
f 245 218 358
f 248 245 358
f 220 218 358
f 245 220 358
f 248 220 358
f 273 358 246
f 273 218 358
f 248 244 287
f 249 244 287
f 2343 644 260
f 247 436 260
f 247 2343 260
f 248 436 260
f 248 247 260
f 249 436 260
f 249 247 260
f 287 248 260
f 287 249 260
f 2185 260 644
f 2398 288 2439
f 244 436 288
f 247 436 288
f 247 244 288
f 248 2439 288
f 248 436 288
f 248 244 288
f 248 247 288
f 249 436 288
f 249 244 288
f 249 247 288
f 287 244 288
f 287 248 288
f 287 249 288
f 260 436 288
f 260 247 288
f 260 248 288
f 260 249 288
f 260 287 288
f 277 279 280
f 278 279 280
f 278 277 280
f 2341 2184 2398
f 288 2398 2184
f 277 276 417
f 278 276 417
f 278 277 417
f 280 277 417
f 280 278 417
f 2499 256 251
f 250 251 256
f 447 250 256
f 252 251 256
f 252 215 256
f 252 250 256
f 252 447 256
f 255 215 256
f 255 252 256
f 252 306 250
f 253 252 306
f 255 252 306
f 256 250 306
f 256 252 306
f 256 255 306
f 253 215 257
f 254 215 257
f 254 253 257
f 435 215 257
f 435 253 257
f 435 254 257
f 252 215 269
f 253 215 269
f 253 252 269
f 254 215 269
f 254 252 269
f 254 253 269
f 255 215 269
f 255 252 269
f 256 215 269
f 256 252 269
f 256 255 269
f 306 252 269
f 306 269 253
f 306 255 269
f 306 256 269
f 257 215 269
f 257 253 269
f 257 254 269
f 254 253 434
f 257 253 434
f 257 254 434
f 269 253 434
f 269 254 434
f 269 257 434
f 2184 2341 2183
f 275 279 281
f 278 279 281
f 278 275 281
f 278 281 2341
f 417 278 281
f 2183 2341 281
f 278 2498 2182
f 2340 2182 2498
f 256 2499 2181
f 2456 2497 2180
f 2234 2180 2497
f 2496 2179 2499
f 2181 2499 2179
f 2337 2456 2178
f 2337 2178 2335
f 2180 2178 2456
f 2338 2339 2177
f 2494 2176 2496
f 2179 2496 2176
f 2394 2455 2175
f 2257 2175 2455
f 2493 2174 2494
f 2176 2494 2174
f 2486 2487 2172
f 2485 2486 2171
f 2172 2171 2486
f 2484 2485 2170
f 2171 2170 2485
f 2492 431 2493
f 2492 467 431
f 432 467 431
f 2174 2493 431
f 2490 2491 2169
f 2489 2490 2169
f 2173 2169 2491
f 2488 2489 2168
f 2169 2168 2489
f 2168 2167 2488
f 2487 2488 2166
f 2172 2487 2166
f 2167 2166 2488
f 2170 2165 2484
f 432 467 433
f 432 2481 433
f 431 433 467
f 431 433 432
f 2483 2484 2164
f 2165 2164 2484
f 2482 2483 2163
f 2164 2163 2483
f 2481 2482 2162
f 2162 433 2481
f 2163 2162 2482
f 2231 2253 2161
f 2230 2161 2253
f 2252 2161 2230
f 2288 2159 2290
f 2251 2158 2288
f 2159 2288 2158
f 2285 2286 2157
f 2371 2156 2372
f 2285 2156 2371
f 2224 2372 2156
f 2155 2285 2157
f 2156 2285 2155
f 2283 2326 2154
f 2221 2154 2326
f 2284 2153 2248
f 2153 2284 2220
f 2283 2152 2324
f 2323 2324 2151
f 2247 2323 2151
f 2152 2151 2324
f 2245 2247 2150
f 2243 2245 2149
f 2150 2149 2245
f 2246 2148 2322
f 2217 2322 2148
f 2148 2246 2216
f 2217 2147 2218
f 2149 2147 2243
f 2148 2147 2217
f 2241 2243 2146
f 2146 2216 2241
f 2146 2148 2216
f 2147 2146 2243
f 2147 2148 2146
f 2361 2362 2145
f 2145 2197 2361
f 2440 2144 2404
f 2200 2404 2144
f 2362 2363 2143
f 2238 2143 2363
f 2143 2145 2362
f 2313 2142 2402
f 2402 2141 2440
f 2144 2440 2141
f 2142 2141 2402
f 446 2140 430
f 2352 2309 2139
f 2309 2310 2139
f 2139 2189 2352
f 2310 2308 2138
f 2307 2138 2308
f 2306 2138 2307
f 2139 2310 2138
f 2305 2137 2306
f 2304 2137 2305
f 2137 2304 2187
f 2138 2306 2137
f 2301 2136 2302
f 2187 2302 2136
f 2187 2136 2137
f 2346 2347 2135
f 2300 2346 2135
f 2300 2135 2301
f 2136 2301 2135
f 273 2265 272
f 272 273 358
f 2339 2395 2134
f 2133 2177 2339
f 2134 2133 2339
f 2394 2132 2395
f 2132 2394 2175
f 2134 2395 2132
f 2336 2131 2393
f 2233 2393 2131
f 2335 2130 2336
f 2130 2335 2178
f 2131 2336 2130
f 2438 2129 2491
f 2338 2129 2438
f 2177 2129 2338
f 2129 2173 2491
f 2229 2231 2128
f 2161 2128 2231
f 2128 2127 2229
f 2127 2128 2160
f 2252 2290 2126
f 2161 2252 2126
f 2126 2290 2160
f 2128 2161 2126
f 2126 2160 2128
f 2160 2290 2125
f 2127 2125 2229
f 2160 2125 2127
f 2227 2229 2124
f 2125 2124 2229
f 2226 2227 2123
f 2124 2123 2227
f 2287 2289 2122
f 2226 2122 2289
f 2250 2287 2121
f 2122 2121 2287
f 2225 2120 2251
f 2158 2251 2120
f 2119 2157 2286
f 2223 2249 2118
f 2222 2223 2117
f 2221 2222 2117
f 2154 2221 2117
f 2118 2117 2223
f 2248 2116 2249
f 2153 2116 2248
f 2118 2249 2116
f 2154 2115 2283
f 2152 2283 2115
f 2151 2114 2247
f 2150 2247 2114
f 2219 2113 2220
f 2149 2150 2112
f 2114 2112 2150
f 2218 2111 2219
f 2147 2111 2218
f 2147 2149 2111
f 2113 2219 2111
f 2239 2110 2367
f 2281 2109 2239
f 2110 2239 2109
f 2280 2108 2281
f 2109 2281 2108
f 2279 2107 2280
f 2108 2280 2107
f 2199 2106 2313
f 2142 2313 2106
f 430 219 292
f 234 430 292
f 291 219 292
f 291 430 292
f 291 234 292
f 291 441 2105
f 291 234 410
f 292 234 410
f 292 291 410
f 446 234 2104
f 2140 446 2104
f 410 2104 234
f 2138 2103 2139
f 2137 2103 2138
f 2136 2103 2137
f 2135 2103 2136
f 2188 2102 2347
f 2188 2189 2102
f 2189 2139 2102
f 2135 2347 2102
f 2103 2102 2139
f 2103 2135 2102
f 244 390 436
f 258 244 390
f 258 390 2265
f 356 436 390
f 356 244 390
f 356 258 390
f 272 2265 295
f 390 295 2265
f 390 295 356
f 259 2101 436
f 260 436 2101
f 260 2101 287
f 2255 2100 2256
f 2255 2254 2099
f 2099 2100 2255
f 2333 2294 2098
f 2232 2333 2098
f 2159 2097 2290
f 2125 2290 2097
f 2124 2125 2097
f 2123 2124 2097
f 2158 2096 2159
f 2097 2159 2096
f 2097 2096 2123
f 2123 2095 2226
f 2096 2095 2123
f 2122 2226 2094
f 2095 2094 2226
f 2250 2093 2286
f 2121 2093 2250
f 2119 2286 2093
f 2224 2092 2225
f 2120 2225 2092
f 2156 2091 2224
f 2092 2224 2091
f 2157 2090 2155
f 2155 2090 2156
f 2157 2119 2090
f 2091 2156 2090
f 2220 2089 2153
f 2089 2220 2113
f 2088 2149 2112
f 2088 2111 2149
f 2088 2113 2111
f 2113 2088 2089
f 2107 2279 2087
f 2107 2086 2108
f 2203 2085 2204
f 2238 2360 2084
f 2193 2084 2360
f 2143 2238 2084
f 2192 647 2083
f 415 2082 647
f 2083 647 2082
f 408 2081 264
f 270 415 285
f 284 285 415
f 286 415 413
f 261 415 413
f 261 286 413
f 284 415 413
f 284 286 413
f 284 261 413
f 320 261 413
f 320 284 413
f 291 320 413
f 2311 2356 2080
f 2273 2311 2080
f 2344 445 420
f 422 420 445
f 306 650 256
f 306 256 268
f 269 256 268
f 269 306 268
f 2233 2079 2340
f 2182 2340 2079
f 2171 2172 2078
f 2170 2171 2078
f 2076 2256 2100
f 2232 2075 2254
f 2099 2254 2075
f 2075 2232 2098
f 2120 2074 2158
f 2096 2158 2074
f 2095 2096 2074
f 2116 2073 2118
f 2117 2072 2154
f 2117 2118 2072
f 2115 2154 2072
f 2073 2072 2118
f 2116 2153 2071
f 2089 2071 2153
f 2073 2116 2071
f 2114 2151 2070
f 2072 2073 2070
f 2071 2070 2073
f 2151 2152 2069
f 2115 2069 2152
f 2072 2069 2115
f 2070 2151 2069
f 2070 2069 2072
f 2112 2114 2068
f 2112 2068 2088
f 2088 2068 2089
f 2071 2089 2068
f 2070 2068 2114
f 2070 2071 2068
f 2446 2467 2067
f 2240 2067 2467
f 2108 2066 2109
f 2086 2066 2108
f 2087 2065 2107
f 2086 2107 2065
f 2202 2064 2203
f 2085 2203 2064
f 224 299 298
f 262 299 298
f 262 224 298
f 264 224 298
f 296 224 298
f 296 262 298
f 296 264 298
f 224 299 263
f 225 299 263
f 225 224 263
f 262 299 263
f 262 224 263
f 262 225 263
f 429 225 263
f 429 262 263
f 296 224 263
f 296 225 263
f 296 262 263
f 298 299 263
f 298 224 263
f 298 262 263
f 298 296 263
f 429 262 428
f 263 428 262
f 263 429 428
f 443 224 300
f 264 224 300
f 264 443 300
f 296 224 300
f 296 264 300
f 300 224 298
f 300 264 298
f 300 296 298
f 2356 2359 355
f 2080 2356 352
f 355 352 2356
f 239 238 302
f 240 238 302
f 240 239 302
f 239 238 301
f 265 239 301
f 240 238 301
f 240 239 301
f 240 265 301
f 266 265 301
f 266 240 301
f 302 238 301
f 302 239 301
f 302 240 301
f 265 426 239
f 241 265 426
f 266 265 426
f 301 239 426
f 301 265 426
f 301 266 426
f 241 427 265
f 426 265 427
f 426 427 241
f 444 648 2235
f 439 648 444
f 439 303 444
f 267 439 303
f 648 444 303
f 648 439 303
f 267 439 304
f 437 304 267
f 303 304 439
f 303 267 304
f 437 267 425
f 304 425 267
f 304 437 425
f 420 2063 2344
f 2342 2344 2062
f 2063 2062 2344
f 306 256 335
f 306 256 305
f 269 256 305
f 269 306 305
f 335 256 305
f 335 306 305
f 306 256 307
f 269 256 307
f 269 306 307
f 269 257 307
f 268 256 307
f 268 306 307
f 268 269 307
f 305 256 307
f 305 306 307
f 305 269 307
f 269 257 424
f 434 424 257
f 434 269 424
f 307 257 424
f 307 269 424
f 2184 2061 288
f 2396 2397 2060
f 2342 2060 2397
f 2062 2060 2342
f 2183 423 2184
f 2061 2184 423
f 417 278 416
f 281 278 416
f 281 417 416
f 281 416 2183
f 423 2183 416
f 2100 2099 2059
f 2099 2077 2059
f 2100 2059 2076
f 2099 2058 2077
f 2075 2058 2099
f 2256 2057 2257
f 2175 2257 2057
f 2076 2057 2256
f 2074 2120 2056
f 2094 2095 2055
f 2074 2055 2095
f 2056 2055 2074
f 2094 2054 2122
f 2055 2054 2094
f 2121 2122 2053
f 2093 2121 2053
f 2054 2053 2122
f 2092 2052 2120
f 2056 2120 2052
f 2055 2056 2052
f 2052 2054 2055
f 2091 2051 2092
f 2052 2092 2051
f 2054 2052 2051
f 2093 2050 2119
f 2090 2119 2050
f 2090 2050 2091
f 2053 2050 2093
f 2053 2054 2050
f 2051 2091 2050
f 2051 2050 2054
f 2446 2049 2447
f 2049 2446 2067
f 2278 2048 2279
f 2200 2048 2278
f 2087 2279 2048
f 2085 2047 2204
f 2064 2202 2046
f 2065 2045 2086
f 2064 2044 2085
f 2046 2043 2064
f 2044 2064 2043
f 2145 2143 2042
f 2084 2042 2143
f 2197 2145 2041
f 2042 2041 2145
f 2195 2040 2237
f 2195 2197 2040
f 2041 2040 2197
f 2277 2237 2039
f 2040 2039 2237
f 2276 2277 2038
f 2039 2038 2277
f 415 230 289
f 270 230 289
f 270 415 289
f 270 283 289
f 271 230 289
f 271 415 289
f 271 270 289
f 285 415 289
f 285 270 289
f 270 230 350
f 271 230 350
f 271 270 350
f 285 270 350
f 289 230 350
f 289 270 350
f 289 271 350
f 289 285 350
f 2275 2276 2037
f 2038 2037 2276
f 415 230 327
f 270 230 327
f 270 415 327
f 271 230 327
f 271 415 327
f 271 270 327
f 350 230 327
f 350 270 327
f 350 271 327
f 2274 2275 2036
f 2037 2036 2275
f 2271 2274 2035
f 2036 2035 2274
f 2140 328 430
f 292 430 328
f 410 292 328
f 2104 328 2140
f 2104 410 328
f 2272 2034 430
f 328 430 2034
f 2271 2033 2270
f 2035 2033 2271
f 2269 2270 2032
f 2033 2032 2270
f 422 421 445
f 420 445 421
f 420 422 421
f 2266 2267 2031
f 273 2030 2264
f 2263 2266 2029
f 2031 2029 2266
f 356 419 220
f 249 220 419
f 390 356 419
f 295 419 356
f 295 390 419
f 358 273 274
f 272 273 274
f 358 272 274
f 295 274 272
f 2030 273 274
f 2262 2263 2028
f 2261 2262 2028
f 2029 2028 2263
f 358 272 418
f 274 358 418
f 274 272 418
f 2260 2261 2027
f 2028 2027 2261
f 2101 259 342
f 358 248 359
f 418 359 358
f 2027 2026 2260
f 417 280 363
f 359 248 363
f 2259 2260 2025
f 2026 2025 2260
f 275 279 282
f 276 279 282
f 276 275 282
f 277 279 282
f 277 276 282
f 278 279 282
f 278 275 282
f 278 276 282
f 278 277 282
f 280 279 282
f 280 277 282
f 280 278 282
f 417 276 282
f 417 277 282
f 417 278 282
f 417 280 282
f 281 279 282
f 281 275 282
f 281 278 282
f 281 417 282
f 282 278 416
f 282 417 416
f 282 281 416
f 423 416 282
f 363 280 282
f 363 282 417
f 363 359 282
f 2258 2259 2024
f 2025 2024 2259
f 2234 2258 2023
f 2024 2023 2258
f 2180 2234 2022
f 2178 2180 2022
f 2178 2022 2130
f 2023 2022 2234
f 2131 2021 2233
f 2079 2233 2021
f 2130 2020 2131
f 2022 2020 2130
f 2021 2131 2020
f 2392 2396 2019
f 2060 2019 2396
f 2078 2018 2170
f 2166 2017 2172
f 2078 2172 2017
f 2018 2016 2170
f 2389 2392 2015
f 2019 2015 2392
f 2385 2389 2014
f 2015 2014 2389
f 2014 2013 2385
f 2413 2447 2012
f 2049 2012 2447
f 2409 2413 2011
f 2012 2011 2413
f 2406 2409 2010
f 2011 2010 2409
f 2066 2086 2009
f 2045 2009 2086
f 2045 2065 2008
f 2403 2406 2006
f 2401 2403 2006
f 2010 2006 2406
f 283 2192 412
f 270 412 2193
f 270 283 412
f 2083 412 2192
f 289 283 412
f 289 270 412
f 2359 2401 2005
f 355 2359 2005
f 2006 2005 2401
f 286 414 2191
f 270 415 290
f 286 415 290
f 261 415 290
f 261 286 290
f 271 415 290
f 271 270 290
f 284 415 290
f 284 286 290
f 284 261 290
f 2082 415 290
f 285 415 290
f 285 270 290
f 285 284 290
f 413 415 290
f 413 286 290
f 413 261 290
f 413 284 290
f 289 415 290
f 289 270 290
f 289 271 290
f 289 285 290
f 327 415 290
f 327 270 290
f 327 271 290
f 414 286 290
f 2355 2358 2004
f 2191 2004 2358
f 414 2004 2191
f 2190 2355 2003
f 2004 2003 2355
f 320 318 284
f 290 284 318
f 320 284 309
f 441 320 309
f 441 2190 309
f 291 320 309
f 291 441 309
f 2105 441 309
f 2105 309 291
f 413 284 309
f 413 320 309
f 413 309 291
f 291 319 441
f 309 441 319
f 309 291 319
f 410 399 291
f 328 410 399
f 2268 2273 409
f 422 2268 409
f 421 422 409
f 259 244 389
f 259 389 2186
f 342 259 389
f 247 244 357
f 259 244 357
f 356 244 357
f 356 259 357
f 249 244 357
f 249 247 357
f 249 259 357
f 419 356 357
f 419 357 249
f 389 244 357
f 389 259 357
f 2186 395 448
f 389 395 2186
f 287 249 332
f 357 249 332
f 357 389 332
f 331 389 332
f 249 244 388
f 357 244 388
f 357 249 388
f 361 388 357
f 287 249 343
f 260 249 343
f 260 287 343
f 260 2185 343
f 288 249 343
f 288 287 343
f 288 260 343
f 287 249 344
f 260 249 344
f 260 287 344
f 288 249 344
f 288 287 344
f 288 260 344
f 2061 344 288
f 332 249 344
f 332 287 344
f 332 389 344
f 343 249 344
f 343 287 344
f 343 260 344
f 343 288 344
f 2182 2002 278
f 282 278 2002
f 2177 2133 2000
f 2129 2177 2000
f 2016 2018 1999
f 2059 2077 1997
f 1998 1997 2077
f 2240 2367 1996
f 2110 1996 2367
f 2067 2240 1996
f 2211 1995 2212
f 2210 1994 2211
f 1995 2211 1994
f 2209 1993 2210
f 1994 2210 1993
f 2205 2212 1992
f 1995 1992 2212
f 2204 1991 2209
f 2047 1991 2204
f 1993 2209 1991
f 2065 2087 1990
f 1990 2008 2065
f 2144 1989 2200
f 1989 2144 2007
f 2106 2199 1988
f 2047 2085 1987
f 2044 1987 2085
f 2141 1986 2144
f 2007 2144 1986
f 2141 2142 1985
f 2106 1985 2142
f 1988 1985 2106
f 1986 2141 1985
f 2084 2193 1984
f 2042 2084 1984
f 1984 2193 412
f 1983 412 2083
f 289 270 411
f 412 411 270
f 412 289 411
f 412 1983 411
f 2082 1982 2083
f 1982 2082 290
f 1983 2083 1982
f 290 413 310
f 310 413 309
f 309 310 319
f 234 294 415
f 291 294 219
f 291 234 294
f 291 320 294
f 292 219 294
f 292 234 294
f 292 291 294
f 410 234 294
f 410 291 294
f 410 292 294
f 328 292 294
f 328 410 294
f 309 320 294
f 309 291 294
f 319 291 294
f 319 309 294
f 294 291 399
f 294 410 399
f 294 328 399
f 410 292 293
f 328 292 293
f 328 410 293
f 293 410 399
f 293 328 399
f 294 292 293
f 294 410 293
f 294 328 293
f 293 294 399
f 352 353 2080
f 352 355 353
f 2269 1981 2272
f 2034 2272 1981
f 2032 1981 2269
f 2080 354 2273
f 421 354 420
f 354 409 2273
f 354 355 409
f 354 421 409
f 353 354 2080
f 353 355 354
f 2063 420 1980
f 2062 2063 1980
f 354 1980 420
f 2264 1979 2267
f 2031 2267 1979
f 2030 1979 2264
f 295 390 1978
f 274 295 1977
f 1978 1977 295
f 2079 1976 2182
f 2002 2182 1976
f 2132 1975 2134
f 1975 2132 2001
f 2133 2134 1974
f 1974 2000 2133
f 1975 1974 2134
f 2018 2078 1973
f 2017 1973 2078
f 2058 1972 2077
f 1998 2077 1972
f 2175 403 2132
f 2001 2132 403
f 2057 2076 1971
f 2169 2173 1970
f 2173 2129 1970
f 2166 2167 1969
f 2017 2166 1969
f 2168 2169 1968
f 1970 1968 2169
f 2167 2168 1967
f 1968 1967 2168
f 1969 2167 1966
f 1967 1966 2167
f 2294 2295 1965
f 2098 2294 1965
f 2433 1964 2434
f 2295 2434 1964
f 1965 2295 1964
f 2109 1963 2110
f 2066 1963 2109
f 1996 2110 1963
f 2202 2208 1962
f 2046 2202 1962
f 2048 1961 2087
f 1990 2087 1961
f 2199 2205 1960
f 1992 1960 2205
f 1988 2199 1960
f 1987 2044 1959
f 408 1958 264
f 224 299 297
f 264 224 297
f 296 224 297
f 296 264 297
f 408 224 297
f 408 264 297
f 2081 297 264
f 2081 408 297
f 298 299 297
f 298 224 297
f 298 264 297
f 298 296 297
f 263 299 297
f 263 224 297
f 263 296 297
f 263 298 297
f 300 224 297
f 300 264 297
f 300 296 297
f 298 300 297
f 263 298 308
f 428 308 263
f 297 308 298
f 297 263 308
f 301 302 325
f 426 301 325
f 426 301 313
f 427 426 313
f 2003 313 2190
f 309 2190 313
f 325 313 301
f 325 313 426
f 352 355 392
f 409 355 392
f 353 355 392
f 353 352 392
f 354 355 392
f 409 392 354
f 354 353 392
f 2235 1957 238
f 302 238 1957
f 648 1957 2235
f 303 329 267
f 303 329 648
f 304 267 329
f 304 303 329
f 304 303 330
f 425 330 304
f 329 303 330
f 329 304 330
f 306 256 334
f 650 334 256
f 650 306 334
f 268 256 334
f 268 306 334
f 335 256 334
f 335 306 334
f 305 256 334
f 305 306 334
f 305 335 334
f 307 256 334
f 307 306 334
f 307 268 334
f 307 305 334
f 644 448 337
f 2185 644 337
f 307 305 337
f 424 337 307
f 395 337 448
f 336 395 337
f 343 2185 337
f 334 337 305
f 334 307 337
f 423 407 2061
f 416 407 423
f 423 282 407
f 416 282 407
f 344 2061 407
f 1999 2018 1956
f 1973 1956 2018
f 2000 1955 2129
f 1970 2129 1955
f 2059 1954 2076
f 1997 1954 2059
f 1971 2076 1954
f 2165 2170 404
f 2214 1953 2215
f 2213 1953 2214
f 2208 2215 1952
f 1952 1962 2208
f 1953 1952 2215
f 2207 1951 2213
f 1953 2213 1951
f 406 1950 2207
f 1951 2207 1950
f 2206 468 405
f 406 405 468
f 406 2206 405
f 2201 405 406
f 1950 406 405
f 2048 2200 1949
f 1989 1949 2200
f 2198 1948 2201
f 405 2201 1948
f 1962 1947 2046
f 2009 1946 2066
f 1963 2066 1946
f 2008 1990 1945
f 1987 1944 2047
f 2196 1943 2198
f 1948 2198 1943
f 2043 2046 1942
f 1947 1942 2046
f 2009 2045 1941
f 1946 2009 1941
f 1941 2045 1940
f 2043 1939 2044
f 1959 2044 1939
f 1942 1939 2043
f 2194 1938 2196
f 1943 2196 1938
f 264 1937 2194
f 1938 2194 1937
f 1984 1936 2042
f 2041 2042 1935
f 1936 1935 2042
f 2040 2041 1934
f 2039 2040 1934
f 1935 1934 2041
f 1933 264 1958
f 1937 264 1933
f 2181 1932 256
f 2023 2024 1931
f 2022 2023 1931
f 2020 2022 1931
f 1932 2181 1930
f 2021 1929 2079
f 1976 2079 1929
f 2020 1928 2021
f 1931 1928 2020
f 1929 2021 1928
f 2179 1927 2181
f 1930 2181 1927
f 1956 1926 1999
f 1997 1998 1925
f 1999 1924 2016
f 1926 1924 1999
f 2176 1923 2179
f 1927 2179 1923
f 1973 2017 1922
f 2016 1921 2170
f 1921 404 2170
f 1924 1921 2016
f 2174 1920 2176
f 1923 2176 1920
f 2057 364 2175
f 403 2175 364
f 403 364 2001
f 431 1919 2174
f 1920 2174 1919
f 433 1918 431
f 1919 431 1918
f 2164 2165 1917
f 404 1917 2165
f 2163 2164 1916
f 2162 2163 1916
f 1917 1916 2164
f 433 2162 1915
f 1915 1918 433
f 1916 1915 2162
f 2098 1914 2075
f 2058 2075 1914
f 1965 1914 2098
f 2433 2385 1913
f 2013 1913 2385
f 1964 2433 1913
f 2008 1912 2045
f 1945 1912 2008
f 1940 2045 1912
f 411 1983 1911
f 1982 1911 1983
f 1958 402 1933
f 308 297 312
f 402 297 312
f 308 311 297
f 649 308 311
f 312 297 311
f 312 308 311
f 428 263 315
f 2004 414 315
f 308 315 263
f 308 428 315
f 649 315 308
f 312 308 315
f 311 308 315
f 311 649 315
f 311 312 315
f 290 284 316
f 290 414 316
f 315 414 316
f 315 317 316
f 290 284 322
f 290 414 322
f 318 284 322
f 318 290 322
f 309 284 322
f 309 291 322
f 319 291 322
f 319 309 322
f 310 322 290
f 309 310 322
f 319 310 322
f 294 291 322
f 294 309 322
f 294 319 322
f 316 284 322
f 316 322 414
f 316 290 322
f 316 319 322
f 316 317 322
f 313 325 324
f 312 324 402
f 311 324 312
f 313 325 314
f 311 314 649
f 311 312 314
f 315 317 314
f 315 649 314
f 315 312 314
f 315 311 314
f 324 325 314
f 324 313 314
f 324 312 314
f 324 311 314
f 427 401 426
f 2003 2004 401
f 313 426 401
f 313 401 427
f 313 2003 401
f 313 401 309
f 315 401 2004
f 315 317 401
f 315 311 401
f 316 317 401
f 316 315 401
f 314 317 401
f 314 313 401
f 314 401 311
f 314 315 401
f 319 309 323
f 315 317 323
f 316 290 323
f 316 319 323
f 316 317 323
f 316 315 323
f 322 290 323
f 322 309 323
f 322 319 323
f 322 317 323
f 322 316 323
f 401 323 309
f 401 317 323
f 401 315 323
f 401 316 323
f 320 284 321
f 291 234 321
f 291 320 321
f 292 234 321
f 292 291 321
f 290 284 321
f 318 284 321
f 318 320 321
f 318 290 321
f 309 284 321
f 309 320 321
f 309 291 321
f 319 291 321
f 319 309 321
f 294 234 321
f 294 320 321
f 294 291 321
f 294 292 321
f 294 309 321
f 294 319 321
f 316 284 321
f 316 290 321
f 316 319 321
f 322 284 321
f 322 291 321
f 322 290 321
f 322 318 321
f 322 309 321
f 322 319 321
f 322 294 321
f 322 316 321
f 323 290 321
f 323 309 321
f 323 319 321
f 323 316 321
f 323 322 321
f 325 302 400
f 312 400 402
f 400 324 325
f 400 402 324
f 400 312 324
f 313 325 326
f 324 325 326
f 324 313 326
f 314 325 326
f 314 313 326
f 314 324 326
f 401 326 313
f 401 314 326
f 327 415 348
f 399 328 348
f 294 348 415
f 294 328 348
f 294 348 319
f 399 294 348
f 293 348 327
f 293 328 348
f 399 293 348
f 293 294 348
f 2033 2035 1910
f 2032 2033 1910
f 1981 2032 1910
f 2034 1909 328
f 1981 1909 2034
f 348 328 1909
f 1980 1908 2062
f 1980 354 1908
f 329 1907 648
f 274 1906 2030
f 1979 2030 1906
f 2029 2031 1905
f 1979 1905 2031
f 274 272 398
f 418 398 272
f 418 274 398
f 1977 398 274
f 1906 274 398
f 1907 329 651
f 329 394 303
f 330 303 394
f 330 329 394
f 651 329 394
f 329 304 338
f 330 304 338
f 330 395 338
f 330 329 338
f 394 329 338
f 394 330 338
f 394 330 339
f 338 330 339
f 338 394 339
f 425 304 333
f 389 333 342
f 395 389 333
f 336 395 333
f 397 342 333
f 397 333 336
f 330 304 333
f 330 425 333
f 330 333 395
f 337 395 333
f 337 336 333
f 394 330 333
f 338 304 333
f 338 395 333
f 338 330 333
f 338 394 333
f 339 330 333
f 339 394 333
f 339 338 333
f 357 389 345
f 331 389 345
f 332 287 345
f 332 389 345
f 332 357 345
f 332 331 345
f 361 357 345
f 333 389 345
f 333 336 345
f 358 248 360
f 418 358 360
f 359 248 360
f 359 358 360
f 359 418 360
f 357 389 360
f 331 389 360
f 332 389 360
f 332 357 360
f 332 331 360
f 361 357 360
f 344 389 360
f 344 332 360
f 333 389 360
f 333 336 360
f 345 389 360
f 345 357 360
f 345 331 360
f 345 332 360
f 345 361 360
f 345 336 360
f 345 333 360
f 334 650 396
f 334 335 396
f 394 651 396
f 337 334 340
f 394 340 651
f 338 394 340
f 396 334 340
f 396 651 340
f 396 340 394
f 336 395 341
f 397 336 341
f 337 395 341
f 337 336 341
f 337 334 341
f 338 395 341
f 338 394 341
f 339 394 341
f 339 338 341
f 333 395 341
f 333 336 341
f 333 397 341
f 333 337 341
f 333 394 341
f 333 338 341
f 333 339 341
f 340 341 334
f 340 341 337
f 340 394 341
f 340 341 338
f 424 307 393
f 337 393 307
f 337 424 393
f 337 336 393
f 337 393 343
f 339 338 393
f 333 336 393
f 333 337 393
f 333 338 393
f 333 339 393
f 345 336 393
f 345 333 393
f 341 336 393
f 341 337 393
f 341 338 393
f 341 339 393
f 341 333 393
f 2101 346 287
f 342 346 2101
f 332 287 346
f 343 287 346
f 344 287 346
f 344 332 346
f 344 343 346
f 333 346 342
f 333 336 346
f 345 287 346
f 345 332 346
f 345 336 346
f 345 333 346
f 360 448 346
f 360 332 346
f 360 336 346
f 360 344 346
f 360 333 346
f 360 345 346
f 341 336 346
f 341 333 346
f 393 336 346
f 393 346 343
f 393 333 346
f 393 345 346
f 393 341 346
f 287 248 347
f 359 248 347
f 332 287 347
f 343 287 347
f 344 287 347
f 344 332 347
f 344 343 347
f 345 287 347
f 345 332 347
f 345 361 347
f 360 248 347
f 360 359 347
f 360 332 347
f 360 361 347
f 360 344 347
f 360 345 347
f 346 287 347
f 346 332 347
f 346 343 347
f 346 344 347
f 346 345 347
f 346 360 347
f 1925 1998 1904
f 1972 1903 1998
f 1904 1998 1903
f 1954 1997 1902
f 1925 1902 1997
f 1972 2058 1901
f 1914 1901 2058
f 1903 1972 1901
f 1991 1900 1993
f 1991 2047 1899
f 1944 1899 2047
f 1900 1991 1899
f 1961 1898 1990
f 1945 1990 1898
f 2007 1897 1989
f 1986 1897 2007
f 1985 1988 1896
f 1985 1896 1986
f 1897 1986 1896
f 412 1895 1984
f 1936 1984 1895
f 2038 2039 1894
f 1934 1894 2039
f 2037 2038 1893
f 1894 1893 2038
f 2036 2037 1892
f 1893 1892 2037
f 327 350 349
f 290 327 349
f 290 349 1982
f 294 319 349
f 293 327 349
f 293 294 349
f 1911 1982 349
f 316 290 349
f 316 319 349
f 322 290 349
f 322 319 349
f 322 294 349
f 322 316 349
f 349 327 348
f 349 319 348
f 349 294 348
f 349 293 348
f 289 271 351
f 350 271 351
f 350 289 351
f 327 271 351
f 327 350 351
f 290 271 351
f 290 289 351
f 290 327 351
f 351 348 327
f 349 350 351
f 349 327 351
f 349 290 351
f 351 349 348
f 2035 2036 1891
f 1892 1891 2036
f 352 355 391
f 2005 391 355
f 353 355 391
f 353 352 391
f 354 355 391
f 354 353 391
f 392 355 391
f 392 352 391
f 392 353 391
f 392 354 391
f 391 1908 354
f 356 244 362
f 390 244 362
f 390 356 362
f 389 244 362
f 357 244 362
f 357 356 362
f 357 389 362
f 361 357 362
f 388 244 362
f 388 357 362
f 388 361 362
f 1978 390 362
f 1977 1978 362
f 398 1977 362
f 360 389 362
f 360 357 362
f 360 361 362
f 362 361 347
f 362 360 347
f 2028 2029 1890
f 2027 2028 1890
f 2026 2027 1890
f 1905 1890 2029
f 1905 1979 1890
f 2060 2062 1889
f 1908 1889 2062
f 358 248 387
f 359 248 387
f 359 358 387
f 363 248 387
f 363 359 387
f 282 359 387
f 282 363 387
f 407 282 387
f 407 387 344
f 360 248 387
f 360 358 387
f 360 359 387
f 360 361 387
f 360 344 387
f 347 248 387
f 347 359 387
f 347 361 387
f 347 344 387
f 347 360 387
f 362 361 387
f 362 360 387
f 347 362 387
f 1890 1888 2026
f 363 359 386
f 282 359 386
f 282 363 386
f 387 359 386
f 387 363 386
f 387 282 386
f 2025 2026 1887
f 2024 2025 1887
f 1888 1887 2026
f 1976 1886 2002
f 2001 1885 1975
f 364 1885 2001
f 2000 1974 1884
f 1974 1975 1884
f 1955 2000 1884
f 1885 1884 1975
f 1954 1883 1971
f 1902 1883 1954
f 1969 1882 2017
f 1922 2017 1882
f 1949 1989 1881
f 1897 1881 1989
f 1896 1881 1897
f 1960 1880 1988
f 1896 1988 1880
f 1881 1896 1880
f 1911 1879 411
f 1957 648 1878
f 1907 1878 648
f 386 1877 387
f 1889 1876 2060
f 1904 1875 1925
f 364 383 403
f 1885 364 383
f 1884 1874 1955
f 1884 1885 1874
f 383 1874 1885
f 1944 1987 1873
f 1899 1944 1873
f 1873 1987 1872
f 1939 1942 1871
f 1959 1870 1987
f 1872 1987 1870
f 1939 1869 1959
f 1871 1869 1939
f 1870 1959 1869
f 1912 1945 1868
f 1898 1868 1945
f 1934 1935 1867
f 1894 1934 1867
f 1893 1894 1867
f 402 1866 1933
f 400 1866 402
f 1957 1865 302
f 400 302 1865
f 1866 400 1865
f 651 1864 1907
f 396 1864 651
f 396 335 1863
f 1864 396 1863
f 1931 2024 1862
f 1928 1931 1862
f 1887 1862 2024
f 2019 2060 1861
f 1876 1861 2060
f 1902 1925 1860
f 1883 1902 1860
f 1875 1860 1925
f 1956 1973 1859
f 1926 1956 1859
f 1924 1926 1858
f 1859 1858 1926
f 1922 1857 1973
f 1859 1973 1857
f 1858 1856 1924
f 1882 1855 1922
f 1857 1922 1855
f 2015 2019 1854
f 1861 1854 2019
f 2014 2015 1852
f 1854 1852 2015
f 2013 2014 1851
f 1913 2013 1851
f 1852 1851 2014
f 1996 1850 2067
f 1949 1849 2048
f 1993 1848 1994
f 1900 1848 1993
f 1848 1900 1847
f 1881 1846 1949
f 1880 1846 1881
f 1849 1949 1846
f 1960 1992 1845
f 1880 1960 1845
f 1846 1880 1845
f 1992 1995 1844
f 1845 1992 1844
f 1994 1843 1995
f 1843 1994 1848
f 1844 1995 1843
f 1899 1842 1900
f 1847 1900 1842
f 1947 1962 385
f 1942 1947 385
f 365 385 1962
f 1871 1942 385
f 1895 1841 1936
f 1935 1936 1840
f 1867 1935 1840
f 1841 1840 1936
f 411 1839 412
f 1879 1839 411
f 349 1838 1911
f 1879 1911 1838
f 1838 349 1837
f 349 294 1836
f 1837 349 1836
f 1910 2035 1834
f 1910 1834 1981
f 1891 1834 2035
f 362 1832 398
f 387 1832 362
f 1833 398 1831
f 1832 1831 398
f 1877 1830 387
f 1832 387 1830
f 1831 1832 1830
f 2002 1829 282
f 1886 1829 2002
f 1929 1828 1976
f 1886 1976 1828
f 1928 1827 1929
f 1862 1827 1928
f 1828 1929 1827
f 404 1921 381
f 1921 1924 381
f 1856 381 1924
f 1853 381 404
f 364 403 384
f 383 384 403
f 383 364 384
f 1874 383 384
f 1874 1826 1955
f 384 1826 1874
f 1955 1825 1970
f 1826 1825 1955
f 1968 1970 1824
f 1967 1968 1824
f 1825 1824 1970
f 364 2057 1823
f 1823 384 364
f 1966 1967 1822
f 1824 1822 1967
f 1822 1821 1966
f 1966 1820 1969
f 1821 1820 1966
f 1963 1819 1996
f 1850 1996 1819
f 1946 1818 1963
f 1819 1963 1818
f 1873 1817 1899
f 1842 1899 1817
f 1961 2048 1816
f 1849 1816 2048
f 1872 1815 1873
f 1817 1873 1815
f 1941 1814 1946
f 1818 1946 1814
f 1940 1813 1941
f 1814 1941 1813
f 1912 1812 1940
f 1813 1940 1812
f 1895 412 1811
f 1841 1895 1811
f 1811 412 1839
f 1892 1893 1810
f 1891 1892 1810
f 348 1809 294
f 1836 294 1809
f 1836 1809 1837
f 1809 348 1835
f 1909 1981 1808
f 1909 1808 348
f 1835 348 1808
f 1834 1808 1981
f 1906 1807 1979
f 398 1807 1906
f 1890 1979 1807
f 1807 398 1833
f 1807 1806 1890
f 386 282 1805
f 1877 386 1805
f 1830 1877 1805
f 1830 1805 1831
f 1888 1890 1804
f 1806 1804 1890
f 1829 1886 1803
f 1803 1886 1828
f 1971 1802 2057
f 1802 1823 2057
f 1882 1969 1801
f 1855 1882 1801
f 1801 1969 1820
f 2067 1800 2049
f 2012 2049 1800
f 1850 1800 2067
f 1847 1799 1848
f 1898 1961 1798
f 1816 1798 1961
f 1870 1797 1872
f 1815 1872 1797
f 1869 1871 1796
f 1869 1796 1870
f 1797 1870 1796
f 1868 1795 1912
f 1812 1912 1795
f 1867 1794 1893
f 1840 1794 1867
f 1840 1841 1794
f 1810 1893 1794
f 1839 1879 1793
f 1838 1793 1879
f 1837 1792 1838
f 1809 1792 1837
f 1793 1838 1792
f 1831 1791 1833
f 1833 1791 1807
f 1805 1791 1831
f 1829 1790 282
f 1805 282 1790
f 1827 1862 1789
f 1827 1789 1828
f 1875 1904 1788
f 1903 1787 1904
f 1788 1904 1787
f 1858 1859 1786
f 1857 1786 1859
f 1856 1858 1785
f 381 1856 1785
f 1786 1785 1858
f 1901 1784 1903
f 1787 1903 1784
f 1883 1783 1971
f 1802 1971 1783
f 1855 1782 1857
f 1801 1782 1855
f 1901 1914 1781
f 1784 1901 1781
f 1821 1822 1780
f 1962 1952 652
f 365 1962 652
f 1952 1953 1779
f 1951 1779 1953
f 652 1952 1779
f 1950 1778 1951
f 1779 1951 1778
f 405 1777 1950
f 1778 1950 1777
f 1815 1776 1817
f 385 365 379
f 652 379 365
f 1948 1775 405
f 1777 405 1775
f 1943 1774 1948
f 1775 1948 1774
f 1938 1773 1943
f 1774 1943 1773
f 1937 1772 1938
f 1773 1938 1772
f 1933 1771 1937
f 1772 1937 1771
f 1866 1770 1933
f 1771 1933 1770
f 1794 1769 1810
f 1792 1768 1793
f 1834 1891 1767
f 1810 1767 1891
f 1835 1766 1809
f 1808 1766 1835
f 1792 1809 1766
f 1768 1792 1766
f 1804 1806 1765
f 1791 1805 1764
f 1764 1805 1790
f 1887 1888 1763
f 1862 1887 1763
f 1804 1763 1888
f 1763 1789 1862
f 1930 1762 1932
f 1762 1930 1761
f 1860 1875 1760
f 1788 1760 1875
f 1927 1759 1930
f 1923 1759 1927
f 1761 1930 1759
f 1920 1758 1923
f 1759 1923 1758
f 1758 1920 1757
f 1782 1801 1756
f 1919 1754 1920
f 1757 1920 1754
f 1918 1753 1919
f 1754 1919 1753
f 1918 1915 1752
f 1752 1753 1918
f 1917 404 382
f 1853 404 382
f 381 404 382
f 381 1853 382
f 1916 1917 1751
f 1915 1916 1751
f 1752 1915 1751
f 382 1751 1917
f 1914 1965 1750
f 1781 1914 1750
f 2011 2012 1749
f 1800 1749 2012
f 1797 1748 1815
f 1796 1748 1797
f 1776 1815 1748
f 385 1747 1871
f 1796 1871 1747
f 379 1747 385
f 379 1776 1747
f 1748 1796 1747
f 1748 1747 1776
f 1868 1898 1746
f 1798 1746 1898
f 1811 1745 1841
f 1839 1745 1811
f 1794 1841 1745
f 1793 1745 1839
f 1769 1794 1745
f 1745 1793 1744
f 1865 1743 1866
f 1770 1866 1743
f 1808 1834 1742
f 1767 1742 1834
f 1766 1808 1741
f 1766 1741 1768
f 1742 1740 1808
f 1741 1808 1740
f 1865 1957 1739
f 1743 1865 1739
f 1739 1957 1738
f 1878 1737 1957
f 1878 1907 1737
f 1738 1957 1737
f 1864 1736 1907
f 1737 1907 1736
f 1863 1735 1864
f 1736 1864 1735
f 1791 1734 1807
f 1764 1734 1791
f 1806 1807 1733
f 1734 1733 1807
f 1765 1806 1732
f 1733 1732 1806
f 1863 1932 1731
f 1762 1731 1932
f 1735 1863 1731
f 1803 1730 1829
f 1790 1829 1730
f 1828 1729 1803
f 1789 1729 1828
f 1789 1763 1729
f 1730 1803 1729
f 1860 1728 1883
f 1783 1883 1728
f 1760 1728 1860
f 1786 1857 1727
f 1782 1727 1857
f 1756 1727 1782
f 1755 1727 1756
f 1785 1726 381
f 1785 1786 1726
f 1755 381 1726
f 1727 1726 1786
f 1727 1755 1726
f 2010 2011 1725
f 1749 1725 2011
f 1799 1847 1724
f 1842 1723 1847
f 1724 1847 1723
f 1817 1722 1842
f 1723 1842 1722
f 1776 1721 1817
f 379 1721 1776
f 1722 1817 1721
f 2006 2010 1720
f 1725 1720 2010
f 2005 2006 1719
f 1720 1719 2006
f 1795 1868 1718
f 1746 1718 1868
f 391 2005 1717
f 1719 1717 2005
f 1745 1716 1769
f 1744 1716 1745
f 1742 1716 1740
f 1769 1715 1810
f 1767 1810 1715
f 1715 1742 1767
f 1716 1715 1769
f 1715 1716 1742
f 1768 1714 1793
f 1744 1793 1714
f 1714 1768 1741
f 1741 1740 1714
f 1716 1744 1714
f 1714 1740 1716
f 1908 391 1713
f 1717 1713 391
f 1889 1908 1712
f 1713 1712 1908
f 1876 1889 1711
f 1712 1711 1889
f 1790 1710 1764
f 1734 1764 1710
f 1733 1734 1710
f 1710 1790 1730
f 1732 1733 1709
f 1709 1729 1763
f 1730 1729 1709
f 1710 1709 1733
f 1709 1710 1730
f 1765 1708 1804
f 1763 1804 1708
f 1732 1708 1765
f 1709 1763 1708
f 1709 1708 1732
f 1780 1707 1821
f 1820 1821 1706
f 1707 1706 1821
f 1820 1705 1801
f 1756 1801 1705
f 1706 1705 1820
f 1755 1756 1704
f 1705 1704 1756
f 1724 1703 1799
f 385 365 380
f 652 365 380
f 379 365 380
f 379 385 380
f 379 652 380
f 1721 379 380
f 1799 1702 1848
f 1703 1702 1799
f 1780 1822 1701
f 1707 1780 1700
f 1701 1700 1780
f 1755 1699 381
f 382 381 1699
f 1704 1699 1755
f 1964 1698 1965
f 1750 1965 1698
f 1711 1697 1876
f 1913 1696 1964
f 1698 1964 1696
f 1846 1695 1849
f 1845 1694 1846
f 1695 1846 1694
f 1844 1693 1845
f 1694 1845 1693
f 1843 1692 1844
f 1693 1844 1692
f 1848 1691 1843
f 1702 1691 1848
f 1692 1843 1691
f 1812 1690 1813
f 1760 1788 1689
f 1728 1760 1689
f 1861 1876 1688
f 1697 1688 1876
f 1854 1861 1687
f 1688 1687 1861
f 384 1823 1686
f 1826 384 1685
f 1686 1685 384
f 1825 1826 1684
f 1685 1684 1826
f 1824 1825 1683
f 1684 1683 1825
f 1822 1824 1682
f 1701 1822 1682
f 1683 1682 1824
f 1852 1854 1681
f 1687 1681 1854
f 1851 1680 1913
f 1851 1852 1680
f 1696 1913 1680
f 1681 1680 1852
f 1818 1678 1819
f 1814 1678 1818
f 1679 1819 1678
f 1816 1849 1677
f 1695 1677 1849
f 1798 1816 1676
f 1677 1676 1816
f 1813 1675 1814
f 1675 1813 1690
f 1678 1814 1675
f 1795 1674 1812
f 1718 1674 1795
f 1690 1812 1674
f 1673 1689 1788
f 1787 1672 1788
f 1673 1788 1672
f 1728 1671 1783
f 1689 1671 1728
f 1783 1670 1802
f 1671 1670 1783
f 1823 1802 1669
f 1669 1686 1823
f 1670 1669 1802
f 1819 1668 1850
f 1679 1668 1819
f 1702 1703 1667
f 1691 1702 1667
f 1703 1724 1666
f 1667 1703 1666
f 1723 1665 1724
f 1666 1724 1665
f 1722 1664 1723
f 1665 1723 1664
f 1721 1663 1722
f 1664 1722 1663
f 380 1662 1721
f 1663 1721 1662
f 380 652 1661
f 1662 380 1661
f 1779 1660 652
f 1778 1660 1779
f 1661 652 1660
f 1777 1659 1778
f 1660 1778 1659
f 1775 1658 1777
f 1659 1777 1658
f 1774 1657 1775
f 1658 1775 1657
f 1773 1656 1774
f 1657 1774 1656
f 1772 1655 1773
f 1656 1773 1655
f 1746 1798 1654
f 1676 1654 1798
f 1771 1653 1772
f 1655 1772 1653
f 1718 1746 1652
f 1674 1718 1652
f 1654 1652 1746
f 1770 1651 1771
f 1653 1771 1651
f 1743 1650 1770
f 1651 1770 1650
f 1739 1649 1743
f 1650 1743 1649
f 1738 1648 1739
f 1649 1739 1648
f 1648 1738 1647
f 1737 1646 1738
f 1736 1646 1737
f 1647 1738 1646
f 1735 1645 1736
f 1646 1736 1645
f 1731 1644 1735
f 1645 1735 1644
f 1731 1762 1643
f 1644 1731 1643
f 1761 1642 1762
f 1643 1762 1642
f 1759 1641 1761
f 1642 1761 1641
f 1758 1640 1759
f 1641 1759 1640
f 1784 1639 1787
f 1672 1787 1639
f 1757 1638 1758
f 1640 1758 1638
f 1638 1757 1637
f 1754 1636 1757
f 1637 1757 1636
f 1781 1635 1784
f 1750 1635 1781
f 1639 1784 1635
f 1753 1634 1754
f 1636 1754 1634
f 1753 1752 1633
f 1633 1634 1753
f 1700 1701 1632
f 1682 1632 1701
f 1700 1631 1707
f 1632 1631 1700
f 1706 1707 1630
f 1631 1630 1707
f 1705 1706 1629
f 1630 1629 1706
f 1704 1705 1628
f 1629 1628 1705
f 1699 1704 1627
f 1628 1627 1704
f 1699 1626 382
f 1627 1626 1699
f 1751 1625 1752
f 1751 382 1625
f 1633 1752 1625
f 1626 1625 382
f 1698 1624 1750
f 1635 1750 1624
f 1800 1850 1623
f 1749 1800 1623
f 1668 1623 1850
f 1689 1673 1622
f 1671 1689 1622
f 1670 1671 1621
f 1622 1621 1671
f 1660 1616 1661
f 1659 1615 1660
f 1616 1660 1615
f 1658 1614 1659
f 1615 1659 1614
f 1676 1677 1613
f 1657 1612 1658
f 1614 1658 1612
f 1656 1611 1657
f 1612 1657 1611
f 1654 1676 1610
f 1613 1610 1676
f 1690 1609 1675
f 1652 1608 1674
f 1652 1654 1608
f 1610 1608 1654
f 1674 1607 1690
f 1609 1690 1607
f 1607 1674 1608
f 1620 1605 1619
f 1605 1620 1606
f 1602 1619 1605
f 1604 1602 1605
f 1603 1602 1604
f 1599 1606 1620
f 1619 1602 1598
f 1600 1597 1601
f 1597 1600 1596
f 1619 1595 1620
f 1598 1594 1619
f 1595 1619 1594
f 1618 1593 1617
f 1592 1617 1593
f 1617 1592 1590
f 653 654 366
f 653 378 654
f 366 654 378
f 366 378 653
f 1590 1589 1617
f 1617 1587 1618
f 1587 1617 1589
f 1588 1618 1587
f 1672 1586 1673
f 1622 1673 1586
f 1636 1585 1637
f 1669 1670 1584
f 1621 1584 1670
f 1634 1583 1636
f 1585 1636 1583
f 1634 1633 1582
f 1583 1634 1582
f 1625 1581 1633
f 1581 1582 1633
f 1625 1626 1580
f 1581 1625 1580
f 1725 1749 1579
f 1623 1579 1749
f 1667 1578 1691
f 1666 1578 1667
f 1662 1577 1663
f 1661 1577 1662
f 1616 1577 1661
f 1692 1575 1693
f 1576 1693 1575
f 1691 1574 1692
f 1578 1574 1691
f 1575 1692 1574
f 1655 1573 1656
f 1611 1656 1573
f 1609 1572 1675
f 1599 1571 1606
f 1651 1570 1653
f 1650 1570 1651
f 1597 1569 1601
f 1596 1600 1568
f 1570 1650 1566
f 1620 1565 1599
f 1595 1565 1620
f 1594 1598 1564
f 1567 1564 1598
f 1596 1563 1597
f 1568 1562 1596
f 1563 1596 1562
f 1649 1561 1650
f 1648 1561 1649
f 1566 1650 1561
f 1561 1648 1560
f 1647 1559 1648
f 1560 1648 1559
f 1646 1558 1647
f 1645 1558 1646
f 1559 1647 1558
f 1644 1557 1645
f 1558 1645 1557
f 1643 1556 1644
f 1557 1644 1556
f 1642 1555 1643
f 1556 1643 1555
f 653 654 1553
f 1554 1553 654
f 1554 654 1552
f 1590 1592 1551
f 1618 1550 1593
f 1618 1591 1550
f 1641 1549 1642
f 1555 1642 1549
f 1551 1548 1590
f 366 1547 654
f 378 653 1546
f 1553 1546 653
f 1640 1545 1641
f 1549 1641 1545
f 1618 1544 1591
f 1588 1544 1618
f 1639 1543 1672
f 1586 1672 1543
f 1638 1542 1640
f 1545 1640 1542
f 1585 1541 1637
f 1683 1684 1539
f 1540 1539 1684
f 1682 1683 1538
f 1539 1538 1683
f 1632 1682 1537
f 1631 1632 1537
f 1538 1537 1682
f 1627 1628 1536
f 1626 1627 1536
f 1580 1626 1536
f 1624 1698 1535
f 1720 1725 1534
f 1579 1534 1725
f 1677 1695 1533
f 1613 1677 1533
f 1578 1666 1532
f 1665 1531 1666
f 1664 1531 1665
f 1532 1666 1531
f 1530 1663 1577
f 1694 1529 1695
f 1693 1529 1694
f 1529 1693 1576
f 1533 1695 1529
f 1675 1528 1678
f 1528 1675 1572
f 1719 1720 1527
f 1534 1527 1720
f 1653 1526 1655
f 1573 1655 1526
f 1525 1606 1571
f 1605 1606 1524
f 1604 1605 1524
f 1525 1524 1606
f 1603 1604 1523
f 1524 1523 1604
f 1717 1719 1522
f 1527 1522 1719
f 1602 1603 1521
f 1598 1602 1521
f 1521 1567 1598
f 1523 1521 1603
f 1713 1717 1520
f 1522 1520 1717
f 1564 1567 1519
f 1594 1518 1595
f 1565 1595 1518
f 1564 1517 1594
f 1518 1594 1517
f 1712 1713 1516
f 1520 1516 1713
f 1516 1515 1712
f 1711 1712 1514
f 1515 1514 1712
f 1592 1593 1513
f 1513 1593 1550
f 1512 1551 1592
f 1513 1512 1592
f 1551 1511 1548
f 1589 1590 1510
f 1548 1510 1590
f 1510 1509 1589
f 1587 1508 1588
f 1544 1588 1508
f 1589 1507 1587
f 1509 1507 1589
f 1508 1587 1507
f 1621 1622 1506
f 1586 1506 1622
f 1543 1639 1505
f 1637 1504 1638
f 1542 1638 1504
f 1504 1637 1541
f 1685 1686 1503
f 1684 1685 1503
f 1503 1540 1684
f 1503 1686 1502
f 1537 1501 1631
f 1630 1631 1500
f 1629 1630 1500
f 1501 1500 1631
f 1499 1536 1628
f 1696 1498 1698
f 1535 1698 1498
f 1678 1497 1679
f 1528 1497 1678
f 1663 1496 1664
f 1531 1664 1496
f 1530 1496 1663
f 1573 1495 1611
f 1570 1494 1653
f 1526 1653 1494
f 1571 1493 1525
f 1518 1492 1565
f 1519 1491 1564
f 1517 1564 1491
f 1551 1512 1490
f 1551 1490 1511
f 1550 1489 1513
f 1697 1711 1488
f 1514 1488 1711
f 1508 1487 1544
f 1688 1697 1486
f 1488 1486 1697
f 1541 1585 1485
f 1687 1688 1484
f 1486 1484 1688
f 1635 1483 1639
f 1505 1639 1483
f 1580 1482 1581
f 1628 1629 1481
f 1500 1481 1629
f 1499 1628 1481
f 1681 1687 1480
f 1484 1480 1687
f 1680 1479 1696
f 1680 1681 1479
f 1498 1696 1479
f 1480 1479 1681
f 1533 1478 1613
f 1577 1616 1477
f 1610 1613 1476
f 1478 1476 1613
f 1614 1475 1615
f 1612 1474 1614
f 1475 1614 1474
f 1611 1473 1612
f 1473 1611 1495
f 1474 1612 1473
f 1526 1472 1573
f 1495 1573 1472
f 1608 1610 1471
f 1476 1471 1610
f 1608 1470 1607
f 1471 1470 1608
f 1521 1523 1469
f 1569 1468 1601
f 1600 1601 1467
f 1568 1600 1467
f 1468 1467 1601
f 1571 1599 1466
f 1493 1571 1466
f 1467 1465 1568
f 1468 1569 1464
f 1569 1597 1463
f 1464 1569 1463
f 1465 1462 1568
f 1565 1461 1599
f 1466 1599 1461
f 1562 1568 1460
f 1462 1460 1568
f 1563 1459 1597
f 1463 1597 1459
f 1458 1565 1492
f 1461 1565 1458
f 1459 1563 1457
f 1460 1456 1562
f 1562 1455 1563
f 1457 1563 1455
f 1456 1454 1562
f 1455 1562 1454
f 1491 1519 1453
f 1450 1511 1490
f 1552 1449 1554
f 1553 1554 1448
f 1449 1448 1554
f 1448 1447 1553
f 1449 1552 1446
f 1552 654 1445
f 1547 1445 654
f 1446 1552 1445
f 1489 1550 1444
f 1546 1553 1443
f 1447 1443 1553
f 1445 1547 1442
f 1443 1441 1546
f 1550 1591 1440
f 1444 1550 1440
f 1442 1547 1439
f 1441 1438 1546
f 1547 366 1437
f 1439 1547 1437
f 378 1436 366
f 1546 1436 378
f 1438 1436 1546
f 1437 366 1436
f 1544 1435 1591
f 1435 1544 1487
f 1440 1591 1435
f 1509 1510 1434
f 1506 1433 1621
f 1432 1541 1485
f 1583 1431 1585
f 1431 1485 1585
f 1582 1430 1583
f 1431 1583 1430
f 1584 1621 1429
f 1433 1429 1621
f 1582 1581 1428
f 1428 1581 1482
f 1428 1430 1582
f 1536 1427 1580
f 1482 1580 1427
f 1686 1669 1426
f 1584 1426 1669
f 1502 1686 1426
f 1429 1426 1584
f 1668 1679 1425
f 1497 1425 1679
f 1577 1424 1530
f 1477 1424 1577
f 1615 1423 1616
f 1477 1616 1423
f 1475 1423 1615
f 1472 1422 1495
f 1494 1421 1526
f 1472 1526 1421
f 1567 1521 1420
f 1469 1420 1521
f 1494 1570 1419
f 1519 1567 1418
f 1420 1418 1567
f 1566 1417 1570
f 1419 1570 1417
f 1517 1416 1518
f 1492 1518 1416
f 1416 1517 1415
f 1451 1452 1414
f 1451 1413 1452
f 1490 1512 1412
f 1512 1513 1411
f 1489 1411 1513
f 1412 1512 1411
f 1548 1511 1410
f 1545 1409 1549
f 1510 1548 1408
f 1434 1510 1408
f 1410 1408 1548
f 1542 1407 1545
f 1409 1545 1407
f 1543 1406 1586
f 1506 1586 1406
f 1433 1506 1406
f 1541 1405 1504
f 1432 1405 1541
f 1485 1404 1432
f 1482 1403 1428
f 1536 1499 1402
f 1427 1536 1402
f 1624 1401 1635
f 1535 1401 1624
f 1483 1635 1401
f 1531 1400 1532
f 1496 1399 1531
f 1400 1531 1399
f 1496 1530 1398
f 1398 1530 1424
f 1399 1496 1398
f 1474 1397 1475
f 1473 1396 1474
f 1397 1474 1396
f 1495 1395 1473
f 1395 1495 1422
f 1396 1473 1395
f 1572 1609 1394
f 1607 1393 1609
f 1470 1393 1607
f 1394 1609 1393
f 1421 1494 1391
f 1390 1494 1419
f 1391 1494 1390
f 1453 1519 1389
f 1418 1389 1519
f 1561 1388 1566
f 1417 1566 1388
f 1560 1387 1561
f 1388 1561 1387
f 1491 1386 1517
f 1453 1386 1491
f 1415 1517 1386
f 1559 1385 1560
f 1387 1560 1385
f 1384 1414 1452
f 1414 1383 1451
f 1558 1382 1559
f 1557 1382 1558
f 1385 1559 1382
f 1381 1452 1413
f 1413 1451 1380
f 1556 1379 1557
f 1382 1557 1379
f 1490 1378 1450
f 1412 1378 1490
f 1555 1377 1556
f 1379 1556 1377
f 1450 1376 1511
f 1376 1410 1511
f 1549 1375 1555
f 1375 1549 1409
f 1377 1555 1375
f 1504 1374 1542
f 1407 1542 1374
f 1372 1504 1405
f 1374 1504 1372
f 1505 1371 1543
f 1371 1406 1543
f 1485 1431 1370
f 1370 1404 1485
f 1430 1428 1369
f 1430 1368 1431
f 1370 1431 1368
f 1369 1368 1430
f 1500 1501 1367
f 1481 1500 1366
f 1367 1366 1500
f 1481 1365 1499
f 1365 1402 1499
f 1366 1365 1481
f 1574 1364 1575
f 1574 1578 1363
f 1532 1363 1578
f 1400 1363 1532
f 1364 1574 1363
f 1423 1362 1477
f 1423 1475 1361
f 1397 1361 1475
f 1394 1360 1572
f 1422 1472 1359
f 1421 1359 1472
f 1524 1525 1358
f 1392 1524 1358
f 1523 1524 1357
f 1469 1523 1357
f 1392 1357 1524
f 1420 1469 1356
f 1419 1355 1390
f 1416 1354 1492
f 1386 1453 1353
f 1384 1452 1352
f 1381 1352 1452
f 1383 1351 1451
f 1380 1451 1351
f 1378 1350 1450
f 1411 1489 1349
f 1374 1348 1407
f 1408 1347 1434
f 1507 1346 1508
f 1487 1508 1346
f 1373 1346 1507
f 1507 1509 1345
f 1434 1345 1509
f 1373 1507 1345
f 1405 1432 1344
f 1404 1344 1432
f 1371 1505 1343
f 1403 1342 1428
f 1369 1428 1342
f 1427 1341 1482
f 1403 1482 1341
f 1342 1403 1341
f 1538 1539 1340
f 1537 1538 1339
f 1501 1537 1339
f 1367 1501 1339
f 1340 1339 1538
f 1476 1478 1338
f 1575 1337 1576
f 1337 1575 1364
f 1471 1476 1336
f 1338 1336 1476
f 1470 1471 1335
f 1336 1335 1471
f 1361 1397 1334
f 1334 1392 1358
f 1396 1333 1397
f 1333 1357 1392
f 1334 1397 1333
f 1334 1333 1392
f 1395 1332 1396
f 1333 1396 1332
f 1332 1357 1333
f 1422 1331 1395
f 1331 1422 1359
f 1332 1395 1331
f 1357 1330 1469
f 1330 1356 1469
f 1357 1332 1330
f 1331 1330 1332
f 1359 1329 1331
f 1329 1356 1330
f 1330 1331 1329
f 1391 1328 1421
f 1359 1421 1328
f 1329 1359 1328
f 1493 1327 1525
f 1466 1327 1493
f 1358 1525 1327
f 1390 1326 1391
f 1326 1390 1355
f 1328 1391 1326
f 1418 1420 1325
f 1325 1326 1355
f 1389 1418 1324
f 1325 1324 1418
f 1355 1324 1325
f 1417 1323 1419
f 1355 1419 1323
f 1324 1355 1323
f 1388 1322 1417
f 1323 1417 1322
f 1376 1450 1321
f 1350 1321 1450
f 1409 1320 1375
f 1410 1376 1319
f 1407 1318 1409
f 1318 1407 1348
f 1320 1409 1318
f 1318 1348 1319
f 1408 1410 1317
f 1319 1317 1410
f 1348 1317 1319
f 1372 1316 1374
f 1348 1374 1316
f 1317 1348 1316
f 1487 1315 1435
f 1315 1487 1346
f 1347 1314 1434
f 1345 1434 1314
f 1314 1347 1313
f 1405 1312 1372
f 1312 1405 1344
f 1316 1372 1312
f 1312 1344 1313
f 1404 1370 1311
f 1311 1344 1404
f 1311 1313 1344
f 1313 1311 1314
f 1406 1310 1433
f 1346 1373 1309
f 1368 1369 1308
f 1345 1308 1373
f 1308 1369 1342
f 1309 1373 1308
f 1308 1342 1309
f 1368 1307 1370
f 1314 1307 1345
f 1307 1311 1370
f 1307 1314 1311
f 1308 1307 1368
f 1308 1345 1307
f 1429 1433 1306
f 1310 1306 1433
f 1539 1540 1305
f 1305 1340 1539
f 1426 1429 1304
f 1306 1304 1429
f 1623 1668 1303
f 1579 1623 1303
f 1425 1303 1668
f 1576 1302 1529
f 1337 1302 1576
f 1572 1301 1528
f 1360 1301 1572
f 1362 1423 1300
f 1361 1300 1423
f 1360 1394 1299
f 1393 1470 1298
f 1393 1298 1394
f 1335 1298 1470
f 1299 1394 1298
f 1299 1298 1335
f 1356 1297 1420
f 1356 1329 1297
f 1328 1297 1329
f 1326 1297 1328
f 1325 1420 1297
f 1325 1297 1326
f 1467 1468 1296
f 1464 1296 1468
f 1296 1295 1467
f 1463 1294 1464
f 1296 1464 1294
f 1465 1467 1293
f 1295 1293 1467
f 1461 1292 1466
f 1327 1466 1292
f 1459 1291 1463
f 1294 1463 1291
f 1462 1465 1290
f 1293 1290 1465
f 1458 1289 1461
f 1292 1461 1289
f 1457 1288 1459
f 1291 1459 1288
f 1460 1462 1287
f 1456 1460 1287
f 1290 1287 1462
f 1492 1286 1458
f 1289 1458 1286
f 1324 1285 1389
f 1323 1285 1324
f 1322 1285 1323
f 1455 1284 1457
f 1288 1457 1284
f 1287 1283 1456
f 1454 1282 1455
f 1284 1455 1282
f 1454 1456 1281
f 1283 1281 1456
f 1282 1454 1281
f 1389 1280 1453
f 1353 1453 1280
f 1285 1280 1389
f 1387 1279 1388
f 1322 1388 1279
f 1385 1278 1387
f 1279 1387 1278
f 1351 1383 1277
f 1351 1276 1380
f 1377 1275 1379
f 1446 1274 1449
f 1448 1449 1273
f 1274 1273 1449
f 1375 1272 1377
f 1320 1272 1375
f 1275 1377 1272
f 1447 1448 1271
f 1273 1271 1448
f 1445 1270 1446
f 1274 1446 1270
f 1321 1269 1376
f 1319 1376 1269
f 1318 1269 1320
f 1318 1319 1269
f 1443 1447 1268
f 1271 1268 1447
f 1444 1267 1489
f 1349 1489 1267
f 1442 1266 1445
f 1270 1445 1266
f 1439 1265 1442
f 1266 1442 1265
f 1441 1443 1264
f 1268 1264 1443
f 1440 1263 1444
f 1267 1444 1263
f 1437 1262 1439
f 1265 1439 1262
f 1438 1441 1261
f 1264 1261 1441
f 1435 1260 1440
f 1315 1260 1435
f 1263 1440 1260
f 1436 1259 1437
f 1262 1437 1259
f 1436 1438 1258
f 1261 1258 1438
f 1259 1436 1258
f 1347 1408 1257
f 1317 1257 1408
f 1316 1257 1317
f 1313 1347 1257
f 1312 1257 1316
f 1312 1313 1257
f 1406 1371 1256
f 1343 1256 1371
f 1310 1406 1256
f 1341 1255 1342
f 1342 1255 1309
f 1483 1254 1505
f 1343 1505 1254
f 1540 1503 1253
f 1305 1540 1253
f 1336 1338 1252
f 1529 1251 1533
f 1251 1529 1302
f 1335 1336 1250
f 1250 1299 1335
f 1252 1250 1336
f 1424 1477 1249
f 1362 1249 1477
f 1334 1248 1361
f 1358 1248 1334
f 1327 1248 1358
f 1300 1361 1248
f 1246 1247 1244
f 1245 1244 1247
f 655 377 1245
f 1244 1245 377
f 1285 1322 1243
f 1243 1280 1285
f 1243 1322 1279
f 1415 1242 1416
f 1354 1416 1242
f 1414 1384 1240
f 1241 1240 1384
f 1383 1414 1239
f 1239 1277 1383
f 1240 1239 1414
f 1352 1238 1384
f 1241 1384 1238
f 1238 1352 1237
f 1382 1236 1385
f 1379 1236 1382
f 1278 1385 1236
f 1236 1379 1275
f 1352 1381 1235
f 1237 1352 1235
f 1235 1381 1234
f 1413 1233 1381
f 1234 1381 1233
f 1380 1232 1413
f 1276 1232 1380
f 1233 1413 1232
f 1411 1231 1412
f 1349 1231 1411
f 1272 1320 1230
f 1230 1269 1321
f 1230 1320 1269
f 1228 1226 1229
f 1227 1229 1226
f 1226 1228 1225
f 1346 1224 1315
f 1309 1224 1346
f 1224 1309 1255
f 1402 1223 1427
f 1341 1427 1223
f 1306 1310 1222
f 1256 1222 1310
f 1502 1221 1503
f 1253 1503 1221
f 1304 1306 1220
f 1222 1220 1306
f 1497 1528 1219
f 1301 1219 1528
f 1478 1533 1218
f 1251 1218 1533
f 1301 1360 1217
f 1299 1217 1360
f 1299 1250 1217
f 1244 1216 1246
f 1354 1215 1492
f 1286 1492 1215
f 1242 1214 1354
f 1215 1354 1214
f 1277 1239 1213
f 1214 1213 1239
f 1214 1242 1212
f 1213 1214 1212
f 1242 1415 1211
f 1212 1242 1211
f 1386 1210 1415
f 1353 1210 1386
f 1211 1415 1210
f 1280 1209 1353
f 1280 1243 1209
f 1210 1353 1209
f 1278 1208 1279
f 1279 1208 1243
f 1209 1243 1208
f 1236 1207 1278
f 1275 1207 1236
f 1208 1278 1207
f 1232 1276 1206
f 1231 1204 1412
f 1205 1204 1231
f 1378 1412 1203
f 1350 1378 1203
f 1204 1203 1412
f 1321 1350 1202
f 1203 1202 1350
f 1230 1321 1201
f 1202 1201 1321
f 1272 1200 1275
f 1230 1200 1272
f 1207 1275 1200
f 1201 1200 1230
f 1231 1349 1199
f 1205 1231 1199
f 1205 1199 1206
f 1267 1198 1349
f 1199 1349 1198
f 1227 1197 1229
f 1256 1343 1196
f 1254 1196 1343
f 1222 1256 1196
f 1426 1195 1502
f 1221 1502 1195
f 1401 1535 1194
f 1534 1579 1193
f 1303 1193 1579
f 1250 1252 1192
f 1192 1217 1250
f 1364 1191 1337
f 1363 1400 1190
f 1363 1190 1364
f 1191 1364 1190
f 1399 1189 1400
f 1190 1400 1189
f 1398 1188 1399
f 1189 1399 1188
f 1424 1187 1398
f 1249 1187 1424
f 1188 1398 1187
f 1300 1186 1362
f 1249 1362 1186
f 1292 1185 1327
f 1248 1327 1185
f 1248 1185 1300
f 1186 1300 1185
f 1246 1184 1247
f 1245 1247 1184
f 655 1245 1183
f 1183 1182 655
f 377 655 369
f 1182 369 655
f 377 376 655
f 369 655 376
f 369 376 377
f 1277 1181 1351
f 1276 1351 1181
f 1213 1181 1277
f 1212 1181 1213
f 1181 1206 1276
f 1206 1181 1205
f 1211 1180 1212
f 1205 1180 1204
f 1181 1212 1180
f 1180 1205 1181
f 1210 1179 1211
f 1204 1179 1203
f 1180 1211 1179
f 1179 1204 1180
f 1209 1178 1210
f 1203 1178 1202
f 1179 1210 1178
f 1178 1203 1179
f 1202 1177 1201
f 1178 1209 1177
f 1177 1202 1178
f 1208 1176 1209
f 1176 1208 1207
f 1207 1200 1176
f 1201 1176 1200
f 1177 1209 1176
f 1176 1201 1177
f 1226 1175 1227
f 1225 1174 1226
f 1260 1315 1173
f 1224 1173 1315
f 1255 1173 1224
f 1255 1341 1172
f 1223 1172 1341
f 1173 1255 1172
f 1402 1365 1171
f 1223 1402 1171
f 1366 1367 1170
f 1365 1366 1169
f 1171 1365 1169
f 1170 1169 1366
f 1339 1168 1367
f 1339 1340 1168
f 1168 1170 1367
f 1340 1305 1167
f 1168 1340 1167
f 1220 1222 1166
f 1196 1166 1222
f 1401 1165 1483
f 1254 1483 1165
f 1165 1401 1194
f 1498 1164 1535
f 1194 1535 1164
f 1219 1301 1163
f 1163 1301 1162
f 1217 1161 1301
f 1217 1192 1161
f 1162 1301 1161
f 1527 1534 1160
f 1193 1160 1534
f 1302 1337 1159
f 1191 1159 1337
f 1187 1249 1156
f 1186 1156 1249
f 1522 1527 1155
f 1160 1155 1527
f 1520 1522 1154
f 1155 1154 1522
f 1184 1153 1245
f 1183 1245 1153
f 1516 1520 1152
f 1154 1152 1520
f 1216 1151 1246
f 1184 1246 1151
f 1151 1216 1150
f 1216 1244 1149
f 377 1148 1244
f 1149 1244 1148
f 1515 1516 370
f 1152 370 1516
f 370 373 1515
f 1197 1147 1229
f 1228 1229 1146
f 1147 1146 1229
f 1514 1515 1145
f 373 1145 1515
f 1225 1228 1143
f 1197 1227 1142
f 1175 1142 1227
f 1144 1197 1142
f 1174 1225 1141
f 1143 1141 1225
f 1488 1514 1140
f 1145 1140 1514
f 1175 1226 1139
f 1174 1139 1226
f 1486 1488 1138
f 1140 1138 1488
f 1172 1223 1137
f 1171 1137 1223
f 1484 1486 1136
f 1138 1136 1486
f 1253 1135 1305
f 1167 1305 1135
f 1196 1254 1134
f 1166 1196 1134
f 1480 1484 1133
f 1136 1133 1484
f 1165 1132 1254
f 1132 1134 1254
f 1479 1131 1498
f 1479 1480 1131
f 1164 1498 1131
f 1133 1131 1480
f 1425 1497 1130
f 1219 1130 1497
f 1338 1478 1129
f 1252 1338 1129
f 1218 1129 1478
f 1302 1128 1251
f 1128 1302 1159
f 1190 1127 1191
f 1126 1158 1157
f 1189 656 1190
f 1127 1190 656
f 1126 656 1158
f 1188 375 1189
f 1157 1158 375
f 656 1189 375
f 656 375 1158
f 1187 1125 1188
f 1125 1187 1156
f 375 1188 1125
f 1124 1126 1157
f 1124 656 1126
f 1157 375 1124
f 656 1124 375
f 1185 1123 1186
f 1156 1186 1123
f 1289 657 1292
f 1185 1292 657
f 1123 1185 657
f 367 657 1122
f 1286 1121 1289
f 657 1289 1121
f 1215 1120 1286
f 1121 1286 1120
f 376 1119 377
f 1119 1148 377
f 1214 1118 1215
f 1240 1241 1117
f 1239 1240 1116
f 1214 1239 1116
f 1118 1214 1116
f 1117 1116 1240
f 1233 1115 1234
f 1232 1114 1233
f 1206 1114 1232
f 1199 1114 1206
f 1115 1233 1114
f 1198 1113 1199
f 1114 1199 1113
f 1146 1112 1228
f 1112 1143 1228
f 1198 1267 1111
f 1263 1110 1267
f 1111 1267 1110
f 1260 1109 1263
f 1173 1109 1260
f 1110 1263 1109
f 1172 1108 1173
f 1108 1172 1137
f 1109 1173 1108
f 1170 1168 1107
f 1169 1170 1106
f 1107 1106 1170
f 1169 1105 1171
f 1105 1137 1171
f 1106 1105 1169
f 1167 1104 1168
f 1104 1167 1135
f 1107 1168 1104
f 1221 1103 1253
f 1103 1135 1253
f 1304 1102 1426
f 1220 1102 1304
f 1195 1426 1102
f 1159 1191 1101
f 1127 1101 1191
f 656 1100 1127
f 1125 1099 375
f 1156 1098 1125
f 1123 1098 1156
f 1099 1125 1098
f 1294 1097 1296
f 1295 1296 1096
f 1097 1096 1296
f 1291 1095 1294
f 1097 1294 1095
f 1293 1295 1094
f 1096 1094 1295
f 1288 1093 1291
f 1095 1291 1093
f 1290 1293 1092
f 1287 1290 1092
f 1094 1092 1293
f 1284 1091 1288
f 1093 1288 1091
f 1283 1287 1090
f 1092 1090 1287
f 1120 1215 1089
f 1118 1089 1215
f 1091 1284 1088
f 1281 1283 1087
f 1090 1087 1283
f 1150 1216 1086
f 1149 1086 1216
f 1282 1085 1284
f 1088 1284 1085
f 1281 1084 1282
f 1087 1084 1281
f 1085 1282 1084
f 1238 1083 1241
f 1117 1241 1083
f 1237 1082 1238
f 1083 1238 1082
f 1235 1081 1237
f 1234 1080 1235
f 1115 1080 1234
f 1081 1235 1080
f 1270 1079 1274
f 1273 1274 1078
f 1079 1078 1274
f 1147 1197 1077
f 1144 1077 1197
f 1271 1273 1076
f 1078 1076 1273
f 1266 1075 1270
f 1079 1270 1075
f 1113 1198 1074
f 1111 1074 1198
f 1268 1271 1073
f 1076 1073 1271
f 1265 1072 1266
f 1075 1266 1072
f 1262 1071 1265
f 1072 1265 1071
f 1264 1268 1070
f 1261 1264 1070
f 1073 1070 1268
f 1141 1069 1174
f 1259 1068 1262
f 1071 1262 1068
f 1258 1261 1067
f 1070 1067 1261
f 1068 1259 1066
f 1258 1065 1259
f 1067 1065 1258
f 1066 1259 1065
f 1105 1106 1064
f 1137 1063 1108
f 1137 1105 1063
f 1064 1063 1105
f 1104 1062 1107
f 1135 1061 1104
f 1135 1103 1061
f 1062 1104 1061
f 1192 1252 1060
f 1129 1060 1252
f 1218 1251 1059
f 1128 1059 1251
f 1100 656 1058
f 375 1056 656
f 1056 375 1099
f 1058 656 1056
f 1057 1058 1056
f 367 1122 374
f 374 367 1055
f 1099 1054 1056
f 1098 1053 1099
f 1054 1099 1053
f 657 367 368
f 657 368 1123
f 1098 1123 368
f 374 367 368
f 1055 367 368
f 1055 368 374
f 1053 1098 368
f 1153 1184 1052
f 1151 1051 1184
f 1052 1184 1051
f 368 1050 1053
f 1121 1049 657
f 368 657 1049
f 1050 368 1049
f 1120 1048 1121
f 1048 1120 1089
f 1049 1121 1048
f 1047 1117 1083
f 1089 1047 1048
f 1116 1046 1118
f 1116 1117 1046
f 1089 1118 1046
f 1047 1046 1117
f 1047 1089 1046
f 1082 1237 1045
f 1045 1237 1081
f 1080 1115 1044
f 1114 1043 1115
f 1113 1043 1114
f 1043 1113 1074
f 1044 1115 1043
f 1043 1074 1044
f 1110 1042 1111
f 1074 1111 1042
f 1074 1042 1044
f 1109 1040 1110
f 1042 1110 1040
f 1142 1175 1039
f 1139 1038 1175
f 1039 1175 1038
f 1064 1036 1063
f 1108 1035 1109
f 1035 1108 1063
f 1040 1109 1035
f 1040 1035 1041
f 1035 1063 1036
f 1036 1041 1035
f 1106 1107 1034
f 1034 1064 1106
f 1034 1036 1064
f 1036 1034 1037
f 1033 1107 1062
f 1034 1107 1033
f 1195 1032 1221
f 1103 1221 1032
f 1166 1031 1220
f 1102 1220 1031
f 1101 1127 1030
f 1100 1030 1127
f 657 1029 1122
f 374 1122 1029
f 368 1029 657
f 368 374 1029
f 1056 1028 1057
f 1054 1028 1056
f 1182 1183 1027
f 369 1182 1026
f 1027 1026 1182
f 1028 1054 1025
f 1053 1024 1054
f 1050 1024 1053
f 1025 1054 1024
f 1026 1023 369
f 1150 1022 1151
f 1051 1151 1022
f 1024 1050 1021
f 1049 1020 1050
f 1048 1020 1049
f 1021 1050 1020
f 376 369 1019
f 1119 376 1019
f 1023 1019 369
f 1086 1018 1150
f 1022 1150 1018
f 1020 1017 1021
f 1083 1016 1047
f 1047 1016 1048
f 1020 1048 1016
f 1017 1020 1016
f 1082 1015 1083
f 1045 1015 1082
f 1016 1083 1015
f 1016 1015 1017
f 1080 1014 1081
f 1081 1014 1045
f 1077 1144 1013
f 1044 1011 1080
f 1042 1011 1044
f 1014 1080 1011
f 1012 1014 1011
f 1013 1144 1010
f 1040 1008 1042
f 1040 1041 1008
f 1011 1042 1008
f 1011 1008 1012
f 1009 1008 1041
f 1009 1012 1008
f 1142 1007 1144
f 1039 1007 1142
f 1010 1144 1007
f 1036 1005 1041
f 1036 1037 1005
f 1009 1041 1005
f 1139 1174 1004
f 1069 1004 1174
f 1005 1037 1003
f 1005 1003 1006
f 1034 1002 1037
f 1033 1002 1034
f 1003 1037 1002
f 1061 1001 1062
f 1062 1001 1033
f 1161 1192 1000
f 1060 1000 1192
f 1059 999 1218
f 1159 998 1128
f 1101 998 1159
f 1059 1128 998
f 1058 997 1100
f 1057 997 1058
f 1030 1100 997
f 997 1057 996
f 1094 1096 995
f 995 1057 1028
f 996 1057 995
f 1153 994 1183
f 994 1027 1183
f 1092 1094 993
f 1090 1092 993
f 993 1028 1025
f 995 993 1094
f 1028 993 995
f 1087 1090 992
f 993 992 1090
f 1025 992 993
f 1024 991 1025
f 991 1024 1021
f 992 1025 991
f 990 1021 1017
f 1021 990 991
f 991 990 992
f 1148 1119 989
f 1019 989 1119
f 1148 988 1149
f 989 988 1148
f 987 1017 1015
f 1017 987 990
f 1015 1045 986
f 986 1045 1014
f 1015 986 987
f 1014 1012 985
f 985 986 1014
f 1146 1147 984
f 1112 1146 983
f 984 983 1146
f 1012 1009 982
f 982 985 1012
f 1143 1112 981
f 983 981 1112
f 1073 1076 980
f 1009 1005 979
f 1006 979 1005
f 979 982 1009
f 979 1006 980
f 980 982 979
f 1141 1143 978
f 1069 1141 978
f 981 978 1143
f 1070 1073 977
f 1067 1070 977
f 1006 1003 977
f 980 977 1073
f 977 980 1006
f 1065 1067 976
f 977 976 1067
f 976 977 1003
f 1002 975 1003
f 1003 975 976
f 1002 1033 974
f 974 1033 1001
f 975 1002 974
f 1061 1103 973
f 1032 973 1103
f 1001 1061 973
f 1032 1195 972
f 1134 971 1166
f 1031 1166 971
f 1303 1425 970
f 1193 1303 970
f 1130 970 1425
f 1162 969 1163
f 1161 969 1162
f 1000 969 1161
f 1052 968 1153
f 994 1153 968
f 1084 1087 967
f 992 967 1087
f 990 967 992
f 1086 1149 966
f 988 966 1149
f 1077 965 1147
f 984 1147 965
f 1076 1078 964
f 982 964 985
f 980 1076 964
f 980 964 982
f 1038 963 1039
f 1038 1139 962
f 1004 962 1139
f 1134 1132 961
f 971 1134 961
f 1163 960 1219
f 960 1163 969
f 999 1059 959
f 998 959 1059
f 1030 958 1101
f 998 1101 958
f 959 998 958
f 1096 1097 957
f 995 1096 957
f 995 957 996
f 1084 956 1085
f 967 956 1084
f 1018 1086 955
f 955 1086 966
f 987 954 990
f 986 954 987
f 967 990 954
f 954 986 953
f 985 952 986
f 952 985 964
f 953 986 952
f 978 951 1069
f 1065 950 1066
f 976 950 1065
f 1001 949 974
f 973 949 1001
f 973 1032 948
f 972 948 1032
f 949 973 948
f 1132 1165 947
f 961 1132 947
f 1129 1218 946
f 1060 1129 946
f 999 946 1218
f 997 945 1030
f 958 1030 945
f 996 944 997
f 957 944 996
f 945 997 944
f 1095 943 1097
f 1093 943 1095
f 957 1097 943
f 1051 942 1052
f 1091 941 1093
f 943 1093 941
f 1022 940 1051
f 942 1051 940
f 1088 939 1091
f 941 1091 939
f 1085 938 1088
f 956 938 1085
f 939 1088 938
f 1013 937 1077
f 965 1077 937
f 1078 1079 936
f 964 1078 936
f 1075 935 1079
f 936 1079 935
f 1072 934 1075
f 935 1075 934
f 1071 933 1072
f 1068 933 1071
f 1007 1039 932
f 963 932 1039
f 1066 931 1068
f 950 931 1066
f 933 1068 931
f 975 930 976
f 950 976 930
f 974 929 975
f 949 929 974
f 930 975 929
f 1102 928 1195
f 1031 928 1102
f 972 1195 928
f 1194 927 1165
f 947 1165 927
f 1130 1219 926
f 960 926 1219
f 959 925 999
f 946 999 925
f 968 1052 924
f 924 1052 942
f 1018 923 1022
f 940 1022 923
f 1019 1023 922
f 989 1019 922
f 955 921 1018
f 923 1018 921
f 956 967 920
f 954 920 967
f 953 920 954
f 920 953 919
f 964 918 952
f 952 918 953
f 918 964 936
f 919 953 918
f 1010 917 1013
f 937 1013 917
f 1007 916 1010
f 917 1010 916
f 963 1038 915
f 962 915 1038
f 948 972 914
f 914 972 928
f 1164 913 1194
f 927 1194 913
f 1160 1193 912
f 970 912 1193
f 1000 1060 911
f 946 911 1060
f 1155 1160 910
f 912 910 1160
f 958 909 959
f 945 909 958
f 925 959 909
f 1154 1155 908
f 910 908 1155
f 1152 1154 907
f 908 907 1154
f 1023 1026 906
f 370 1152 905
f 907 905 1152
f 922 1023 904
f 906 904 1023
f 938 956 903
f 920 903 956
f 373 371 370
f 905 371 370
f 373 372 370
f 371 370 372
f 371 373 372
f 935 902 936
f 936 902 918
f 1145 373 901
f 372 901 373
f 981 983 900
f 932 899 1007
f 916 1007 899
f 978 981 898
f 900 898 981
f 1140 1145 897
f 901 897 1145
f 1004 1069 896
f 951 896 1069
f 1138 1140 895
f 897 895 1140
f 1136 1138 894
f 895 894 1138
f 948 893 949
f 929 949 893
f 914 893 948
f 1133 1136 892
f 894 892 1136
f 971 891 1031
f 928 1031 891
f 1131 890 1164
f 1131 1133 890
f 913 1164 890
f 892 890 1133
f 969 1000 889
f 889 1000 911
f 909 945 888
f 944 887 945
f 888 945 887
f 944 957 886
f 943 886 957
f 887 944 886
f 1026 1027 885
f 1027 994 885
f 885 906 1026
f 941 884 943
f 886 943 884
f 939 883 941
f 884 941 883
f 938 882 939
f 882 938 903
f 883 939 882
f 988 989 881
f 922 881 989
f 983 984 880
f 880 900 983
f 934 879 935
f 902 935 879
f 934 1072 878
f 933 878 1072
f 879 934 878
f 931 877 933
f 878 933 877
f 931 950 876
f 930 876 950
f 877 931 876
f 929 875 930
f 876 930 875
f 874 929 893
f 875 929 874
f 961 873 971
f 891 971 873
f 925 872 946
f 911 946 872
f 909 871 925
f 888 871 909
f 872 925 871
f 968 870 994
f 885 994 870
f 966 988 869
f 881 869 988
f 965 868 984
f 880 984 868
f 932 963 867
f 915 867 963
f 962 1004 866
f 896 866 1004
f 893 914 865
f 893 865 874
f 928 864 914
f 891 864 928
f 865 914 864
f 969 863 960
f 889 863 969
f 924 862 968
f 862 870 968
f 904 906 861
f 884 860 886
f 923 859 940
f 904 858 922
f 861 858 904
f 860 858 861
f 883 857 884
f 860 884 857
f 858 860 857
f 881 922 856
f 858 856 922
f 857 856 858
f 882 855 883
f 857 883 855
f 856 857 855
f 903 854 882
f 855 882 854
f 966 853 955
f 853 966 869
f 919 852 920
f 903 920 852
f 854 903 852
f 852 919 851
f 918 850 919
f 902 850 918
f 851 919 850
f 937 849 965
f 849 868 965
f 879 848 902
f 850 902 848
f 900 880 847
f 878 846 879
f 848 879 846
f 898 900 845
f 847 845 900
f 877 844 878
f 846 878 844
f 846 844 847
f 845 847 844
f 951 978 843
f 898 843 978
f 845 843 898
f 876 842 877
f 844 877 842
f 844 842 845
f 843 845 842
f 915 962 841
f 866 841 962
f 947 840 961
f 873 961 840
f 970 1130 839
f 926 839 1130
f 912 970 839
f 911 838 889
f 872 838 911
f 871 888 837
f 887 836 888
f 837 888 836
f 886 835 887
f 860 835 886
f 860 861 835
f 836 887 835
f 940 834 942
f 859 834 940
f 921 955 833
f 853 833 955
f 917 832 937
f 849 937 832
f 899 932 831
f 867 831 932
f 875 830 876
f 842 876 830
f 842 830 843
f 830 875 829
f 874 828 875
f 865 828 874
f 829 875 828
f 873 827 891
f 864 891 827
f 926 960 826
f 863 826 960
f 871 825 872
f 838 872 825
f 825 871 837
f 942 824 924
f 862 924 824
f 824 942 834
f 906 885 823
f 861 906 823
f 823 835 861
f 823 836 835
f 859 923 822
f 921 821 923
f 821 921 833
f 822 923 821
f 869 881 820
f 856 820 881
f 855 820 856
f 854 820 855
f 868 819 880
f 847 880 819
f 846 819 848
f 846 847 819
f 916 818 917
f 832 917 818
f 899 817 916
f 818 916 817
f 816 899 831
f 817 899 816
f 896 951 815
f 843 815 951
f 815 843 830
f 830 829 815
f 864 814 865
f 828 865 814
f 814 864 827
f 927 813 947
f 840 947 813
f 863 889 812
f 838 812 889
f 836 811 837
f 837 811 825
f 823 810 836
f 811 836 810
f 870 809 885
f 823 885 809
f 810 823 809
f 852 808 854
f 851 808 852
f 820 854 808
f 808 851 807
f 850 806 851
f 848 806 850
f 819 806 848
f 807 851 806
f 867 915 805
f 841 805 915
f 866 896 804
f 815 804 896
f 828 803 829
f 829 803 815
f 804 815 803
f 814 802 828
f 803 828 802
f 840 801 873
f 827 873 801
f 826 863 800
f 800 863 812
f 825 799 838
f 812 838 799
f 799 825 811
f 372 371 798
f 869 797 853
f 820 797 869
f 868 849 796
f 819 868 796
f 841 866 795
f 804 795 866
f 827 794 814
f 794 827 801
f 813 793 840
f 793 801 840
f 913 792 927
f 890 792 913
f 839 791 912
f 870 862 790
f 809 870 790
f 901 372 789
f 798 789 372
f 789 788 901
f 831 867 787
f 805 787 867
f 802 814 786
f 794 786 814
f 792 890 785
f 813 927 784
f 792 784 927
f 910 912 783
f 791 783 912
f 812 782 800
f 799 782 812
f 908 910 781
f 783 781 910
f 810 780 811
f 811 780 799
f 782 799 780
f 907 908 779
f 781 779 908
f 809 778 810
f 778 809 790
f 780 810 778
f 824 777 862
f 777 790 862
f 905 907 776
f 779 776 907
f 822 775 859
f 371 905 774
f 798 371 774
f 776 774 905
f 833 853 773
f 797 773 853
f 808 772 820
f 807 772 808
f 797 820 772
f 806 819 771
f 806 771 807
f 796 771 819
f 832 770 849
f 796 849 770
f 771 796 770
f 897 901 769
f 788 769 901
f 895 897 768
f 769 768 897
f 805 841 767
f 795 767 841
f 803 766 804
f 802 766 803
f 795 804 766
f 766 802 786
f 894 895 765
f 768 765 895
f 801 764 794
f 801 793 764
f 786 794 764
f 892 894 763
f 890 892 763
f 763 785 890
f 765 763 894
f 839 926 762
f 826 762 926
f 800 761 826
f 762 826 761
f 780 760 782
f 778 760 780
f 790 759 778
f 790 777 759
f 760 778 759
f 834 859 758
f 775 758 859
f 833 757 821
f 773 757 833
f 772 807 756
f 771 756 807
f 818 755 832
f 770 832 755
f 787 754 831
f 767 795 753
f 766 753 795
f 786 752 766
f 764 752 786
f 753 766 752
f 793 813 751
f 784 751 813
f 782 750 800
f 761 800 750
f 750 782 760
f 777 824 749
f 834 748 824
f 748 834 758
f 749 824 748
f 775 822 747
f 821 746 822
f 746 821 757
f 747 822 746
f 773 797 745
f 772 745 797
f 770 744 771
f 756 771 744
f 744 770 755
f 817 743 818
f 755 818 743
f 816 742 817
f 743 817 742
f 831 741 816
f 741 831 754
f 742 816 741
f 787 805 740
f 767 740 805
f 764 793 739
f 752 764 739
f 739 793 751
f 759 738 760
f 760 738 750
f 759 777 737
f 749 737 777
f 748 737 749
f 738 759 737
f 774 736 798
f 756 735 772
f 745 772 735
f 744 735 756
f 753 734 767
f 740 767 734
f 752 733 753
f 739 733 752
f 734 753 733
f 789 798 732
f 736 732 798
f 757 773 731
f 745 731 773
f 732 730 789
f 755 729 744
f 735 744 729
f 788 789 728
f 730 728 789
f 769 788 727
f 728 727 788
f 754 787 726
f 740 726 787
f 726 740 734
f 791 839 725
f 783 791 725
f 762 725 839
f 750 724 761
f 735 723 745
f 731 745 723
f 729 723 735
f 751 722 739
f 733 739 722
f 785 721 792
f 784 792 721
f 781 783 720
f 725 720 783
f 779 781 719
f 720 719 781
f 738 718 750
f 724 750 718
f 776 779 717
f 719 717 779
f 737 748 716
f 737 716 738
f 718 738 716
f 774 776 715
f 717 715 776
f 736 774 714
f 715 714 774
f 758 775 713
f 747 713 775
f 732 736 712
f 714 712 736
f 746 711 747
f 713 747 711
f 757 710 746
f 731 710 757
f 710 731 723
f 711 746 710
f 730 732 709
f 712 709 732
f 723 729 708
f 728 730 707
f 743 706 755
f 742 706 743
f 729 755 706
f 708 729 706
f 741 705 742
f 706 742 705
f 727 728 704
f 707 704 728
f 754 703 741
f 705 741 703
f 727 702 769
f 704 702 727
f 726 701 754
f 703 754 701
f 768 769 700
f 702 700 769
f 734 699 726
f 701 726 699
f 765 768 698
f 700 698 768
f 733 697 734
f 697 733 722
f 699 734 697
f 763 765 696
f 698 696 765
f 785 763 695
f 695 721 785
f 696 695 763
f 761 694 762
f 725 762 694
f 724 694 761
f 758 693 748
f 716 748 693
f 713 693 758
f 723 692 710
f 708 692 723
f 709 691 730
f 707 730 691
f 751 784 690
f 722 751 690
f 721 690 784
f 720 725 689
f 694 689 725
f 718 688 724
f 694 724 688
f 689 694 688
f 714 715 687
f 712 714 685
f 687 685 714
f 686 685 687
f 711 684 713
f 693 713 684
f 686 693 684
f 685 686 684
f 709 712 683
f 685 683 712
f 684 683 685
f 710 682 711
f 684 711 682
f 683 684 682
f 691 709 681
f 683 681 709
f 682 681 683
f 692 680 710
f 682 710 680
f 681 682 680
f 681 679 691
f 680 679 681
f 692 708 678
f 680 692 678
f 679 680 678
f 691 677 707
f 679 677 691
f 706 676 708
f 678 708 676
f 678 676 679
f 677 679 676
f 704 707 675
f 677 675 707
f 705 674 706
f 703 674 705
f 676 706 674
f 676 674 677
f 675 677 674
f 702 704 673
f 675 673 704
f 701 672 703
f 674 703 672
f 674 672 675
f 673 675 672
f 700 702 671
f 673 671 702
f 699 670 701
f 672 701 670
f 672 670 673
f 671 673 670
f 690 669 722
f 721 695 668
f 690 721 668
f 668 669 690
f 719 720 667
f 689 667 720
f 667 689 688
f 717 719 666
f 667 666 719
f 688 666 667
f 688 718 665
f 666 688 665
f 715 717 664
f 664 687 715
f 666 664 717
f 665 664 666
f 716 663 718
f 693 663 716
f 663 693 686
f 687 663 686
f 665 718 663
f 663 687 664
f 664 665 663
f 697 662 699
f 670 699 662
f 670 662 671
f 698 700 661
f 671 661 700
f 661 671 662
f 722 660 697
f 660 722 669
f 662 697 660
f 662 660 661
f 696 698 659
f 661 659 698
f 660 669 659
f 659 661 660
f 695 696 658
f 658 668 695
f 668 658 669
f 659 658 696
f 658 659 669

