# https://github.com/mikedh/trimesh
v -0.02148438 0.43554688 0.19596355
v -0.00195312 0.44596353 0.20638020
v 0.00325521 0.43684897 0.18684895
v -0.00716146 0.43424478 0.18684895
v 0.05403646 0.42773438 0.19335938
v -0.00455729 0.44596353 0.19856770
v -0.53971356 -0.34960938 0.09960938
v -0.54622394 -0.31445312 0.10221354
v 0.48242188 -0.37565103 0.10872396
v -0.54492188 -0.29752603 0.07486979
v 0.47721353 -0.36263022 0.11393229
v -0.54752606 -0.35091147 0.07877604
v -0.17773438 -0.64127606 -0.00846354
v 0.13867188 -0.66731769 -0.04752604
v 0.14778645 -0.63867188 -0.03841146
v 0.18554688 -0.63867188 -0.06835938
v 0.19596355 -0.63867188 -0.04622396
v 0.16210938 -0.63606769 -0.05664062
v 0.16210938 -0.63606769 0.00325521
v -0.12434896 -0.78190106 -0.12434896
v -0.12695312 -0.79622394 -0.11263021
v -0.10481771 -0.75976562 -0.13997395
v 0.10351562 -0.80143231 -0.11393229
v -0.16861980 -0.82486981 -0.08398438
v -0.18554688 -0.82356769 -0.09700521
v 0.12565105 -0.73372394 -0.12565105
v 0.11523438 -0.73372394 -0.15169270
v 0.12565105 -0.76106769 -0.13997395
v 0.13085938 -0.77278644 -0.07747396
v 0.10742188 -0.76888019 -0.09960938
v 0.10351562 -0.74153644 -0.14388020
v 0.12565105 -0.77539062 -0.13997395
v 0.10351562 -0.76106769 -0.13997395
v -0.08138021 -0.65169269 -0.16210938
v -0.11002604 -0.78450519 -0.15950520
v -0.09830729 -0.79101562 -0.12044271
v -0.12434896 -0.77278644 -0.12825520
v 0.38867188 -0.05273438 -0.43164062
v 0.15299480 -0.61263019 -0.15039062
v 0.22330730 -0.63606769 -0.06705729
v 0.10872396 -0.80533856 -0.04231771
v -0.06966146 0.39127603 0.01236979
v 0.10091146 -0.66471356 0.02148438
v -0.54361981 -0.31575522 0.10351562
v 0.13216145 0.43164062 0.19726562
v 0.24414062 0.25585938 0.19466145
v 0.24414062 0.23242188 0.19856770
v 0.24153645 0.23372395 0.19856770
v 0.24283855 0.23372395 0.19726562
v -0.06054688 0.44335938 0.57226562
v -0.12695312 0.40429688 0.25585938
v -0.15039062 0.39257812 0.21679688
v 0.37304688 0.15039062 0.20117188
v 0.36523438 0.15039062 0.20507812
v 0.36132812 0.21289062 0.20117188
v 0.35742188 0.15039062 0.20117188
v 0.35742188 0.21289062 0.20117188
v 0.11132812 0.43945312 0.20117188
v 0.10742188 0.42773438 0.20117188
v 0.06445312 0.45117188 0.19726562
v -0.15429688 0.42382812 0.23632812
v 0.36132812 0.27929688 0.19335938
v 0.24023438 0.21289062 0.20117188
v 0.24414062 0.27929688 0.19335938
v 0.24414062 0.21289062 0.19726562
v 0.24414062 0.27148438 0.19726562
v 0.24414062 0.34179688 0.18164062
v 0.24023438 0.27929688 0.19335938
v 0.12695312 0.40429688 0.22460938
v 0.12304688 0.41601562 0.20507812
v 0.15429688 0.36914062 0.20898438
v -0.16992188 0.47460938 0.20898438
v 0.15039062 0.46289062 0.18554688
v 0.13867188 0.43945312 0.18164062
v 0.13085938 0.40429688 0.18164062
v 0.15039062 0.40429688 0.16601562
v 0.15039062 0.34570312 0.18945312
v 0.08007812 0.45117188 0.21289062
v 0.12695312 0.42773438 0.19726562
v 0.07226562 0.44335938 0.19726562
v 0.09570312 0.43554688 0.18945312
v 0.07617188 0.44726562 0.18164062
v 0.10351562 0.42773438 0.16601562
v 0.00195312 0.46289062 0.19726562
v 0.00195312 0.46289062 0.22460938
v -0.04492188 0.45898438 0.19726562
v 0.00195312 0.43945312 0.17382812
v -0.05273438 0.43554688 0.16601562
v -0.06835938 0.65039062 0.19335938
v 0.13476562 0.77539062 0.15820312
v 0.08007812 0.79882812 0.16601562
v 0.09960938 0.76757812 0.18164062
v 0.06054688 0.77929688 0.15820312
v -0.07617188 0.72851562 0.15820312
v 0.11914062 0.77929688 0.15820312
v 0.00195312 0.76757812 0.16992188
v -0.04882812 0.79882812 0.16601562
v -0.02148438 0.79882812 0.16210938
v -0.06054688 0.79101562 0.15429688
v 0.00195312 0.79492188 0.15429688
v -0.39257812 -0.56835938 0.15820312
v -0.39648438 -0.56445312 0.17382812
v -0.09179688 0.79882812 0.16601562
v -0.11914062 0.77929688 0.15820312
v -0.12695312 0.77539062 0.15820312
v -0.08789062 0.76757812 0.18554688
v -0.17773438 0.79101562 0.15039062
v -0.15429688 0.40429688 0.16601562
v -0.19726562 0.46289062 0.15039062
v -0.22070312 0.66210938 0.15039062
v -0.20117188 0.70898438 0.15039062
v -0.24414062 0.65039062 0.15039062
v 0.33789062 -0.90429688 0.16601562
v 0.00195312 0.86523438 0.14648438
v -0.30664062 -0.87695312 0.16601562
v 0.13867188 0.74414062 0.16992188
v 0.16210938 0.74023438 0.14257812
v 0.16601562 0.77148438 0.15429688
v 0.21289062 0.72070312 0.15429688
v -0.21289062 0.72070312 0.15429688
v -0.71289062 -0.49804688 0.15039062
v -0.40429688 -0.56054688 0.15820312
v -0.73242188 -0.50585938 0.13867188
v -0.73242188 -0.49804688 0.14257812
v -0.73632812 -0.50585938 0.13476562
v 0.72851562 -0.49804688 0.14648438
v 0.73632812 -0.50585938 0.13085938
v 0.73632812 -0.49804688 0.13085938
v -0.73632812 -0.49804688 0.13476562
v -0.73632812 -0.50195312 0.13085938
v 0.74414062 -0.49023438 0.13085938
v 0.74023438 -0.51367188 0.12304688
v 0.73632812 -0.50976562 0.12695312
v -0.14648438 0.71289062 0.15820312
v -0.68164062 -0.34570312 0.13476562
v -0.73632812 -0.51367188 0.13085938
v 0.74804688 -0.52148438 0.12304688
v 0.74414062 -0.49414062 0.12304688
v 0.48632812 -0.39648438 0.14257812
v 0.49023438 -0.34960938 0.13867188
v 0.50976562 -0.36914062 0.15039062
v -0.53710938 -0.37304688 0.14648438
v 0.56054688 -0.38476562 0.10351562
v -0.53710938 -0.40039062 0.13867188
v -0.56054688 -0.37304688 0.12304688
v 0.47070312 -0.39257812 0.12304688
v 0.47070312 -0.35351562 0.11523438
v 0.69726562 -0.56445312 0.10742188
v -0.44335938 -0.36132812 0.13476562
v -0.54492188 -0.29492188 0.10351562
v -0.56835938 -0.31054688 0.12304688
v -0.57226562 -0.28320312 0.09570312
v -0.60742188 -0.20507812 0.08789062
v 0.51367188 -0.43945312 0.08789062
v 0.54492188 -0.40429688 0.11132812
v 0.46679688 0.40429688 0.10351562
v -0.46679688 -0.40429688 0.09570312
v -0.49023438 -0.42382812 0.07226562
v -0.54882812 -0.35742188 0.09570312
v -0.54492188 -0.40429688 0.08398438
v -0.54492188 -0.40429688 0.11132812
v -0.51367188 -0.43945312 0.08789062
v -0.53710938 -0.34570312 0.08007812
v -0.47460938 -0.38476562 0.06445312
v 0.50976562 -0.38867188 0.09960938
v 0.52539062 -0.40429688 0.06445312
v 0.46679688 -0.38867188 0.09179688
v -0.56054688 -0.38867188 0.10351562
v -0.56054688 -0.38867188 0.07617188
v -0.52539062 -0.40429688 0.06445312
v -0.54882812 -0.37304688 0.06445312
v -0.54492188 -0.37695312 0.04882812
v -0.12304688 0.37695312 0.05664062
v -0.10742188 0.38867188 0.04882812
v -0.09179688 0.40429688 0.06054688
v -0.58007812 -0.36132812 0.05273438
v -0.52148438 -0.31835938 0.11523438
v -0.53710938 -0.31445312 0.10351562
v -0.57617188 -0.35742188 0.09960938
v -0.56054688 -0.36523438 0.08398438
v -0.50976562 -0.31835938 0.08007812
v -0.54492188 -0.31835938 0.08007812
v -0.54882812 -0.31445312 0.08007812
v -0.54492188 -0.29492188 0.07226562
v -0.51367188 -0.34570312 0.04882812
v -0.53320312 -0.35742188 0.09570312
v 0.33007812 0.81445312 0.02539062
v -0.10742188 -0.65429688 0.02148438
v -0.08789062 -0.65429688 0.02148438
v 0.16992188 -0.69335938 0.02148438
v 0.16992188 -0.65429688 0.02148438
v 0.18164062 -0.63085938 0.01367188
v 0.10742188 -0.65429688 0.02148438
v 0.10742188 -0.69335938 0.02148438
v 0.06835938 -0.65429688 0.00976562
v -0.16992188 -0.65429688 0.02148438
v -0.18945312 -0.65429688 0.00976562
v -0.52148438 -0.28710938 0.04882812
v 0.18945312 -0.60742188 0.00976562
v 0.21289062 -0.54882812 0.00195312
v 0.20507812 -0.60742188 -0.00585938
v 0.18945312 -0.65429688 0.00976562
v 0.13867188 -0.60742188 -0.00585938
v 0.13867188 -0.60742188 0.02148438
v 0.13867188 -0.65429688 0.02148438
v 0.16992188 -0.65429688 -0.00585938
v 0.16992188 -0.60742188 0.02148438
v 0.08789062 -0.60742188 0.02148438
v 0.08789062 -0.65429688 0.02148438
v 0.13867188 -0.65429688 -0.00585938
v 0.10742188 -0.65429688 -0.00585938
v -0.10742188 -0.65820312 0.02148438
v -0.13867188 -0.60742188 0.02148438
v -0.10742188 -0.60742188 -0.00585938
v -0.13867188 -0.60742188 -0.00585938
v -0.10742188 -0.69335938 0.02148438
v -0.13867188 -0.69335938 -0.00585938
v -0.13867188 -0.66210938 -0.00585938
v -0.16992188 -0.60742188 0.02148438
v -0.18945312 -0.60742188 0.00976562
v -0.16992188 -0.60742188 -0.00585938
v -0.20507812 -0.65429688 -0.00585938
v 0.21289062 -0.54882812 -0.00195312
v -0.04492188 0.41601562 0.04101562
v -0.06054688 0.42382812 0.04101562
v -0.07226562 0.38085938 -0.00976562
v -0.04882812 0.41992188 0.05664062
v -0.08789062 0.38867188 -0.00585938
v -0.70507812 -0.45898438 0.02539062
v -0.66992188 -0.40820312 0.02929688
v 0.14257812 -0.85742188 0.02929688
v 0.17382812 -0.84570312 0.03320312
v 0.62695312 -0.15429688 0.00976562
v 0.13867188 -0.85742188 -0.02148438
v -0.62695312 -0.15429688 0.00585938
v -0.60742188 -0.17382812 0.03320312
v -0.60351562 -0.18945312 0.01367188
v 0.13867188 -0.80664062 -0.01367188
v -0.04492188 -0.60742188 -0.00976562
v -0.13867188 -0.65429688 0.02148438
v -0.20507812 -0.60742188 -0.00585938
v 0.68164062 -0.41210938 -0.01757812
v 0.10742188 -0.60742188 -0.00585938
v 0.06835938 -0.60742188 -0.00585938
v 0.04492188 -0.60742188 -0.01367188
v 0.04492188 -0.65429688 -0.01367188
v 0.05664062 -0.62304688 -0.02148438
v 0.03320312 -0.60742188 -0.04492188
v 0.03320312 -0.65429688 -0.04492188
v 0.10742188 -0.80664062 -0.02148438
v 0.08398438 -0.83007812 -0.03320312
v 0.63867188 -0.14648438 -0.02929688
v -0.65429688 -0.16601562 -0.02929688
v 0.22460938 -0.65429688 -0.04101562
v 0.22070312 -0.56445312 -0.03320312
v 0.22070312 -0.55664062 0.02539062
v 0.10351562 -0.78710938 -0.04101562
v -0.03320312 -0.60742188 -0.04101562
v -0.06835938 -0.69335938 0.01367188
v -0.03320312 -0.65429688 -0.04101562
v -0.04492188 -0.65429688 -0.00585938
v -0.06835938 -0.65429688 0.01367188
v -0.22070312 -0.56445312 -0.03320312
v -0.22460938 -0.60742188 -0.04101562
v -0.22460938 -0.65429688 -0.04101562
v -0.22460938 -0.69335938 -0.04101562
v -0.22851562 -0.65429688 -0.06445312
v -0.10742188 -0.83398438 -0.03320312
v -0.10351562 -0.80273438 -0.06835938
v 0.07617188 -0.80273438 -0.04882812
v 0.10742188 -0.85742188 -0.02929688
v 0.07226562 -0.85742188 -0.08398438
v 0.07617188 -0.83398438 -0.04882812
v 0.16601562 -0.78320312 -0.04492188
v 0.11523438 -0.81445312 -0.04492188
v -0.13867188 -0.65429688 -0.00585938
v -0.16992188 -0.65429688 -0.00585938
v -0.20507812 -0.69335938 -0.00585938
v 0.22851562 -0.60742188 -0.06445312
v 0.02929688 -0.57617188 -0.04492188
v 0.02539062 -0.57617188 -0.09179688
v 0.02929688 -0.60742188 -0.09179688
v 0.03320312 -0.60742188 -0.09570312
v 0.02929688 -0.65429688 -0.09179688
v 0.03320312 -0.69335938 -0.09570312
v 0.03320312 -0.65429688 -0.09570312
v -0.02929688 -0.65429688 -0.06445312
v -0.07617188 -0.83398438 -0.05273438
v -0.10351562 -0.84179688 -0.09570312
v -0.10742188 -0.85742188 -0.02929688
v -0.22851562 -0.69335938 -0.06445312
v -0.13867188 -0.64257812 -0.09179688
v -0.22070312 -0.65429688 -0.09570312
v -0.21679688 -0.69335938 -0.09570312
v 0.22070312 -0.56054688 -0.06445312
v 0.21679688 -0.57617188 -0.09960938
v 0.21679688 -0.56445312 -0.06445312
v 0.16992188 -0.84960938 -0.02539062
v 0.19726562 -0.84179688 -0.03710938
v 0.19335938 -0.85742188 -0.06054688
v 0.20117188 -0.86132812 -0.09960938
v 0.13867188 -0.78710938 -0.03320312
v 0.10351562 -0.77539062 -0.06445312
v 0.13867188 -0.80273438 -0.07617188
v 0.20117188 -0.77929688 -0.09179688
v 0.16992188 -0.77539062 -0.09960938
v 0.16992188 -0.77539062 -0.09179688
v 0.16992188 -0.73242188 -0.09960938
v 0.06054688 -0.79882812 -0.08007812
v 0.10351562 -0.79882812 -0.09179688
v 0.13867188 -0.77539062 -0.09960938
v 0.06835938 -0.77539062 -0.09960938
v 0.06835938 -0.78320312 -0.09570312
v -0.06835938 -0.73242188 -0.09960938
v -0.13867188 -0.77539062 -0.06445312
v -0.10351562 -0.77539062 -0.06445312
v -0.22460938 -0.56054688 -0.06054688
v -0.22070312 -0.56054688 -0.06445312
v -0.21679688 -0.57617188 -0.09960938
v -0.22460938 -0.62304688 -0.09179688
v -0.13867188 -0.73242188 -0.06445312
v -0.13867188 -0.77539062 -0.09960938
v 0.05664062 -0.81835938 -0.10742188
v -0.10742188 -0.77539062 -0.09960938
v -0.10351562 -0.73242188 -0.06445312
v -0.06445312 -0.85742188 -0.10742188
v 0.22070312 -0.65429688 -0.09570312
v 0.19726562 -0.65429688 -0.13085938
v 0.20898438 -0.61523438 -0.10742188
v 0.19335938 -0.57617188 -0.13085938
v 0.04492188 -0.57617188 -0.13085938
v 0.02929688 -0.60742188 -0.09570312
v -0.03320312 -0.65429688 -0.09570312
v 0.16992188 -0.81835938 -0.12304688
v 0.16992188 -0.85742188 -0.13476562
v 0.16992188 -0.86523438 -0.09960938
v 0.20117188 -0.85742188 -0.13476562
v 0.16992188 -0.86132812 -0.06445312
v -0.07226562 -0.85742188 -0.08007812
v -0.08789062 -0.78320312 -0.07226562
v -0.19726562 -0.84179688 -0.04101562
v -0.19335938 -0.85742188 -0.06054688
v -0.16992188 -0.86132812 -0.06445312
v -0.22070312 -0.84570312 -0.06445312
v -0.22851562 -0.83789062 -0.09570312
v -0.16992188 -0.84960938 -0.02539062
v -0.16992188 -0.86523438 -0.09960938
v -0.20117188 -0.84570312 -0.13476562
v -0.20117188 -0.85742188 -0.09960938
v 0.22851562 -0.83789062 -0.09570312
v 0.06835938 -0.73242188 -0.09960938
v -0.06835938 -0.77539062 -0.09960938
v -0.06835938 -0.77148438 -0.14257812
v -0.06835938 -0.73242188 -0.14257812
v -0.06445312 -0.79882812 -0.08007812
v -0.16992188 -0.77539062 -0.09960938
v -0.16992188 -0.73242188 -0.09960938
v 0.05273438 -0.79882812 -0.11132812
v 0.06445312 -0.85351562 -0.13476562
v 0.05273438 -0.79882812 -0.14257812
v -0.05273438 -0.83398438 -0.11523438
v 0.22851562 -0.85351562 -0.14257812
v 0.22851562 -0.65429688 -0.06445312
v 0.21679688 -0.60742188 -0.09570312
v 0.20507812 -0.63867188 -0.09960938
v 0.16992188 -0.60742188 -0.15820312
v 0.19726562 -0.60742188 -0.13085938
v 0.04492188 -0.60742188 -0.13085938
v -0.04492188 -0.60742188 -0.13085938
v -0.04492188 -0.65429688 -0.13085938
v -0.21679688 -0.60742188 -0.09570312
v -0.20117188 -0.60742188 -0.12304688
v -0.19335938 -0.57617188 -0.13085938
v -0.19726562 -0.60742188 -0.13085938
v -0.19726562 -0.65429688 -0.13085938
v -0.16992188 -0.60742188 -0.15820312
v -0.22070312 -0.80273438 -0.13085938
v 0.16992188 -0.77539062 -0.14257812
v 0.11914062 -0.74023438 -0.15429688
v 0.13867188 -0.73242188 -0.17773438
v 0.06835938 -0.60742188 -0.15820312
v 0.11914062 -0.66210938 -0.16992188
v 0.13867188 -0.60742188 -0.17773438
v 0.13867188 -0.65429688 -0.17773438
v 0.16992188 -0.65429688 -0.15820312
v 0.10351562 -0.65429688 -0.17773438
v 0.13476562 -0.63085938 -0.16992188
v 0.04492188 -0.65429688 -0.13085938
v 0.06835938 -0.65429688 -0.15820312
v 0.13867188 -0.69335938 -0.17773438
v 0.10351562 -0.60742188 -0.17773438
v 0.09179688 -0.63476562 -0.17382812
v 0.06835938 -0.73242188 -0.14257812
v 0.13867188 -0.71679688 -0.15429688
v 0.06835938 -0.81835938 -0.11523438
v 0.13867188 -0.74023438 -0.12304688
v 0.10351562 -0.77539062 -0.14257812
v 0.06835938 -0.77539062 -0.14257812
v 0.06835938 -0.78320312 -0.15039062
v 0.10351562 -0.77539062 -0.17773438
v 0.10351562 -0.77539062 -0.09960938
v 0.13867188 -0.77539062 -0.17773438
v 0.10351562 -0.73242188 -0.17773438
v 0.13867188 -0.85742188 -0.13476562
v -0.06835938 -0.60742188 -0.15820312
v -0.06835938 -0.65429688 -0.15820312
v -0.09960938 -0.60742188 -0.17773438
v -0.08398438 -0.65429688 -0.16210938
v -0.09960938 -0.65429688 -0.17773438
v -0.12304688 -0.75976562 -0.13867188
v -0.09960938 -0.69335938 -0.17773438
v -0.09960938 -0.73242188 -0.14257812
v -0.16992188 -0.65429688 -0.15820312
v -0.09960938 -0.65820312 -0.17773438
v -0.13867188 -0.60742188 -0.17773438
v -0.13867188 -0.65429688 -0.17773438
v -0.16992188 -0.73242188 -0.14257812
v -0.10742188 -0.70898438 -0.13867188
v -0.09960938 -0.73242188 -0.17773438
v -0.09960938 -0.73242188 -0.16992188
v -0.13867188 -0.65429688 -0.14257812
v -0.13867188 -0.69335938 -0.17773438
v -0.10351562 -0.77539062 -0.14257812
v -0.16992188 -0.77148438 -0.14257812
v -0.09960938 -0.77148438 -0.17773438
v -0.11914062 -0.75585938 -0.14257812
v -0.13867188 -0.73242188 -0.17773438
v 0.04492188 0.95507812 -0.15429688
v 0.08789062 0.96289062 -0.12695312
v 0.11914062 0.93164062 -0.13085938
v 0.09570312 0.90429688 -0.18164062
v 0.00195312 0.95117188 -0.15429688
v 0.06835938 -0.82226562 -0.15039062
v 0.13867188 -0.78320312 -0.18554688
v 0.13867188 -0.82617188 -0.18554688
v -0.13867188 -0.84960938 -0.13476562
v -0.16992188 -0.85351562 -0.13476562
v -0.09960938 -0.57617188 -0.17773438
v -0.40820312 0.28710938 -0.16601562
v 0.07226562 -0.84960938 -0.17773438
v 0.41992188 -0.32226562 -0.20117188
v -0.20117188 0.11132812 -0.32226562
v -0.24023438 0.15039062 -0.32617188
v 0.27539062 -0.41992188 -0.32617188
v 0.18554688 0.41210938 -0.40039062
v 0.39257812 -0.08398438 -0.42773438
v 0.38867188 -0.08398438 -0.43164062
v 0.09570312 0.82617188 -0.50585938
v -0.01367188 0.84179688 -0.42382812
v 0.28710938 -0.17382812 -0.43164062
v 0.29882812 -0.13085938 -0.45507812
v 0.29882812 -0.17382812 -0.43164062
v 0.29882812 -0.13085938 -0.45117188
v 0.28710938 -0.13085938 -0.45117188
v 0.29101562 -0.16992188 -0.42773438
v 0.38867188 -0.04101562 -0.43554688
v 0.38476562 -0.03710938 -0.43164062
v 0.38867188 -0.03710938 -0.43554688
v 0.18554688 0.36523438 -0.41992188
v 0.15039062 0.36523438 -0.41992188
v 0.14648438 0.41601562 -0.40039062
v -0.24023438 0.11132812 -0.32617188
v -0.20117188 0.15039062 -0.32226562
v 0.41601562 -0.27539062 -0.23242188
v 0.43945312 -0.29101562 -0.25195312
v 0.43945312 -0.35742188 -0.22851562
v -0.38476562 -0.30664062 -0.20507812
v -0.43945312 -0.35742188 -0.22851562
v 0.38476562 -0.30664062 -0.20507812
v -0.13867188 -0.78320312 -0.18554688
v -0.16992188 -0.81835938 -0.18164062
v -0.13867188 -0.77148438 -0.17773438
v -0.09960938 -0.78320312 -0.18554688
v -0.11914062 -0.79492188 -0.14257812
v -0.05273438 -0.79882812 -0.11523438
v 0.05664062 0.91992188 -0.16210938
v -0.12304688 -0.73242188 -0.13867188
v -0.10742188 -0.75976562 -0.13867188
v -0.09960938 -0.65429688 -0.14257812
v -0.13867188 -0.57617188 -0.17773438
v -0.13867188 -0.69335938 -0.14257812
v -0.09960938 -0.84960938 -0.13476562
v -0.06445312 -0.85351562 -0.13476562
v -0.07226562 -0.84960938 -0.17773438
v 0.09960938 -0.57617188 -0.17773438
v 0.11132812 -0.59960938 -0.17773438
v 0.13867188 -0.57617188 -0.17773438
v 0.10351562 -0.69335938 -0.17773438
v -0.37695312 0.28710938 -0.15429688
v -0.41992188 -0.31835938 -0.15820312
v 0.41992188 -0.56445312 -0.09960938
v 0.41992188 -0.57617188 -0.16601562
v -0.19726562 -0.79882812 -0.15820312
v -0.10351562 -0.69335938 -0.06445312
v -0.18554688 -0.57617188 -0.12304688
v 0.22460938 -0.60742188 -0.04101562
v 0.00195312 0.92382812 -0.14648438
v 0.21679688 -0.83789062 -0.15429688
v -0.11132812 -0.73242188 -0.11523438
v 0.16992188 -0.73242188 -0.14257812
v -0.06835938 0.95507812 -0.12304688
v -0.04492188 0.93164062 -0.13867188
v -0.05664062 0.90429688 -0.08398438
v -0.22070312 -0.83398438 -0.13085938
v -0.06835938 -0.78320312 -0.13476562
v -0.19726562 -0.69335938 -0.13085938
v -0.04492188 -0.69335938 -0.13085938
v -0.04492188 -0.57617188 -0.13085938
v -0.03320312 -0.60742188 -0.09570312
v 0.04492188 -0.69335938 -0.13085938
v 0.19726562 -0.69335938 -0.13085938
v 0.22070312 -0.69335938 -0.09570312
v -0.12304688 -0.75976562 -0.11132812
v -0.06054688 -0.83398438 -0.08007812
v -0.13867188 -0.74414062 -0.10351562
v -0.41992188 -0.56445312 -0.09960938
v -0.42773438 -0.52539062 -0.09960938
v -0.22851562 -0.60742188 -0.06445312
v 0.13867188 -0.78320312 -0.08398438
v 0.19726562 -0.56835938 -0.09960938
v 0.22070312 -0.84570312 -0.06445312
v -0.22070312 -0.69335938 -0.09570312
v -0.03320312 -0.69335938 -0.09570312
v -0.02929688 -0.69335938 -0.06445312
v 0.22851562 -0.69335938 -0.06445312
v -0.02929688 -0.57617188 -0.09179688
v -0.09960938 0.93945312 -0.07617188
v 0.06054688 -0.83398438 -0.08007812
v -0.07617188 -0.80273438 -0.05273438
v -0.10742188 -0.80664062 -0.03710938
v -0.13867188 -0.66210938 -0.06445312
v -0.12304688 -0.66210938 -0.04101562
v -0.10351562 -0.66210938 -0.06445312
v -0.02929688 -0.60742188 -0.06445312
v 0.13867188 -0.73242188 -0.06445312
v -0.21679688 -0.54882812 -0.00585938
v 0.44726562 -0.35742188 -0.03320312
v 0.56835938 -0.19335938 -0.02929688
v 0.60351562 -0.19726562 -0.02148438
v 0.57226562 -0.22070312 -0.05273438
v 0.08007812 -0.84179688 -0.04882812
v -0.68164062 -0.41601562 -0.02148438
v -0.70898438 -0.48242188 -0.01367188
v 0.03320312 -0.69335938 -0.04492188
v 0.04492188 -0.69335938 -0.01367188
v -0.12304688 -0.69335938 -0.04101562
v -0.04492188 -0.69335938 -0.00976562
v -0.03320312 -0.69335938 -0.04101562
v 0.22460938 -0.69335938 -0.04101562
v -0.41992188 -0.55273438 -0.03320312
v 0.10742188 -0.83398438 -0.01757812
v 0.41992188 -0.54882812 -0.03320312
v -0.63867188 -0.14648438 -0.02929688
v -0.60351562 -0.19726562 -0.02148438
v 0.65429688 -0.16601562 -0.02929688
v 0.13867188 -0.83398438 -0.00976562
v 0.57226562 -0.18945312 0.00585938
v -0.10351562 0.36132812 -0.01367188
v -0.06445312 0.40429688 -0.00585938
v -0.65429688 -0.14648438 -0.00585938
v -0.63085938 -0.15429688 0.01367188
v -0.22070312 -0.54882812 -0.00585938
v -0.16992188 -0.69335938 0.02148438
v -0.11914062 -0.69335938 -0.00585938
v -0.10742188 -0.65429688 -0.00585938
v -0.06835938 -0.60742188 -0.00585938
v -0.10742188 -0.60742188 0.02148438
v 0.10742188 -0.60742188 0.02148438
v 0.11132812 -0.69335938 -0.00585938
v 0.13867188 -0.69335938 -0.00585938
v 0.16992188 -0.60742188 -0.00585938
v 0.20507812 -0.65429688 -0.00585938
v 0.20507812 -0.69335938 -0.00585938
v 0.18945312 -0.69335938 0.00976562
v 0.19335938 -0.56835938 0.00976562
v 0.65429688 -0.14648438 -0.00195312
v 0.58398438 -0.16601562 0.02539062
v 0.60351562 -0.17382812 0.03320312
v 0.06835938 -0.69335938 0.00976562
v 0.08789062 -0.69335938 0.02148438
v -0.19335938 -0.56835938 0.01367188
v -0.08789062 -0.69335938 0.02148438
v -0.54882812 -0.32617188 0.03320312
v -0.54882812 -0.34570312 0.13476562
v -0.54882812 -0.34960938 0.04101562
v -0.10351562 0.38867188 0.04101562
v -0.11132812 0.38867188 0.05273438
v -0.54882812 -0.26367188 0.08007812
v -0.52539062 -0.29101562 0.08007812
v -0.59179688 -0.38476562 0.08007812
v 0.50976562 -0.36523438 0.05273438
v 0.47070312 -0.34570312 0.08007812
v 0.54882812 -0.25976562 0.08007812
v 0.54101562 -0.23242188 0.05273438
v 0.57617188 -0.22851562 0.08007812
v 0.61132812 -0.20117188 0.08789062
v -0.46679688 -0.36523438 0.09179688
v -0.48632812 -0.36132812 0.13476562
v 0.55664062 -0.38867188 0.08007812
v 0.54101562 -0.40429688 0.08398438
v -0.63476562 -0.17382812 0.08007812
v -0.64648438 -0.19726562 0.08789062
v 0.74023438 -0.54882812 0.09570312
v 0.71679688 -0.56835938 0.08789062
v -0.48632812 -0.39648438 0.14257812
v 0.48632812 -0.43164062 0.10742188
v 0.55664062 -0.34570312 0.13476562
v 0.56835938 -0.36132812 0.12695312
v 0.71289062 -0.56835938 0.10742188
v -0.49023438 -0.44335938 0.11132812
v 0.30273438 0.86914062 0.11523438
v 0.58398438 -0.33789062 0.12695312
v 0.74023438 -0.50195312 0.12304688
v -0.68164062 -0.35742188 0.13476562
v -0.64648438 -0.33007812 0.12304688
v 0.73632812 -0.50976562 0.12304688
v 0.73632812 -0.51367188 0.13085938
v 0.74023438 -0.52148438 0.13085938
v 0.74023438 -0.49804688 0.12304688
v 0.74023438 -0.49414062 0.12695312
v -0.73632812 -0.50976562 0.12695312
v 0.46679688 0.34179688 0.12695312
v 0.73632812 -0.50585938 0.12695312
v 0.73632812 -0.50195312 0.13476562
v -0.74023438 -0.51757812 0.13085938
v -0.73632812 -0.51757812 0.13867188
v -0.67773438 -0.35351562 0.13476562
v -0.36914062 -0.91601562 0.14257812
v 0.73242188 -0.51757812 0.14257812
v -0.19726562 0.65039062 0.15039062
v -0.17382812 0.46289062 0.16210938
v -0.16992188 0.76757812 0.15429688
v 0.07226562 0.76757812 0.18554688
v -0.18554688 0.39648438 0.15820312
v 0.11523438 0.74023438 0.18164062
v 0.17382812 0.46289062 0.15820312
v -0.43945312 -0.36132812 0.16210938
v -0.18554688 0.34179688 0.18164062
v -0.10351562 0.42773438 0.16601562
v -0.13085938 0.40429688 0.18164062
v -0.07617188 0.44726562 0.18164062
v -0.07617188 0.45117188 0.19726562
v -0.10351562 0.71289062 0.16601562
v -0.07617188 0.68554688 0.18164062
v -0.10742188 0.65039062 0.20117188
v 0.00195312 0.40429688 0.16601562
v 0.05273438 0.40429688 0.16601562
v 0.11523438 0.42773438 0.22460938
v 0.12304688 0.45507812 0.16601562
v 0.16601562 0.40429688 0.17382812
v -0.20117188 0.45117188 0.17382812
v -0.13867188 0.44726562 0.18164062
v -0.16601562 0.45117188 0.17382812
v 0.13867188 0.41210938 0.20507812
v -0.38476562 -0.56445312 0.18164062
v -0.13867188 0.45117188 0.21289062
v 0.14257812 0.39257812 0.22070312
v 0.13085938 0.45117188 0.21679688
v 0.18945312 0.27929688 0.19335938
v 0.24804688 0.27539062 0.19335938
v -0.12695312 0.41210938 0.19726562
v -0.21289062 0.47070312 0.18945312
v -0.21289062 0.47460938 0.21289062
v 0.24414062 0.20898438 0.20117188
v -0.11523438 -0.25976562 0.19726562
v -0.09960938 -0.26757812 0.19726562
v -0.07617188 0.46289062 0.20117188
v -0.10742188 0.43554688 0.19726562
v -0.04882812 -0.26757812 0.19726562
v 0.00195312 -0.26757812 0.19726562
v 0.11523438 -0.25976562 0.19726562
v 0.24414062 0.21289062 0.20117188
v 0.36523438 0.15039062 0.20117188
v 0.36523438 0.20117188 0.20117188
v 0.13867188 0.41601562 0.22070312
v -0.04882812 0.45898438 0.22460938
v -0.22070312 0.40820312 0.24023438
v -0.13085938 0.35351562 0.25976562
v -0.06054688 0.46679688 0.59179688
v -0.05664062 0.42773438 0.60351562
v 0.06835938 0.44726562 0.59570312
v -0.06835938 0.44726562 0.59570312
v 0.05273438 0.42773438 0.60351562
v -0.01757812 0.52148438 0.61914062
v -0.04882812 0.50195312 0.61914062
v -0.04101562 0.49414062 0.64257812
v -0.01757812 0.50585938 0.65039062
v 0.04882812 0.40429688 0.57617188
v 0.06054688 0.44335938 0.57226562
v -0.12304688 0.40429688 0.29101562
v -0.13085938 0.35351562 0.29101562
v -0.18945312 0.39257812 0.24023438
v -0.09960938 0.46289062 0.20117188
v -0.10742188 0.43164062 0.22460938
v -0.13476562 -0.28320312 0.19726562
v 0.30664062 0.21289062 0.20117188
v -0.16992188 0.46679688 0.18164062
v 0.10742188 0.43164062 0.18164062
v -0.04882812 0.66601562 0.16601562
v -0.38867188 -0.56835938 0.15429688
v 0.30664062 -0.87695312 0.16601562
v -0.33789062 -0.90429688 0.16601562
v 0.20117188 0.71679688 0.15039062
v 0.73632812 -0.49804688 0.13476562
v -0.68554688 -0.35742188 0.13476562
v -0.17382812 0.70507812 0.12304688
v -0.15429688 0.74414062 0.14257812
v 0.74414062 -0.50585938 0.11914062
v 0.58789062 -0.36523438 0.11523438
v -0.51367188 -0.34179688 0.13867188
v -0.60742188 -0.29492188 0.11523438
v -0.43945312 -0.37695312 0.13476562
v 0.49414062 -0.32226562 0.10351562
v -0.49023438 -0.43945312 0.09179688
v 0.46679688 0.34179688 0.08789062
v 0.64257812 -0.19726562 0.08789062
v 0.31054688 0.84179688 0.05273438
v 0.35351562 0.85351562 0.04882812
v 0.35351562 0.79101562 0.02539062
v 0.06835938 -0.60742188 0.00976562
v -0.09179688 0.37695312 0.00585938
v -0.65039062 -0.38867188 0.02929688
v 0.70898438 -0.48242188 -0.01367188
v 0.45117188 -0.34960938 0.02539062
v -0.72851562 -0.45898438 -0.04492188
v -0.42773438 -0.51757812 -0.03320312
v -0.40429688 0.22851562 -0.19335938
v -0.42382812 0.22851562 -0.20898438
v 0.27148438 -0.41992188 -0.32617188
v 0.27539062 -0.41210938 -0.32617188
v 0.38867188 -0.08007812 -0.42382812
v 0.09570312 0.84179688 -0.42773438
v -0.01367188 0.83007812 -0.50585938
v -0.44726562 0.73242188 -0.65429688
v 0.43164062 0.73242188 -0.65429688
v -0.48632812 0.72851562 -0.65039062
v -0.44335938 0.67773438 -0.65039062
v -0.38867188 0.73242188 -0.65039062
v -0.38085938 0.67773438 -0.65039062
v 0.36132812 0.67773438 -0.65039062
v 0.36523438 0.73242188 -0.65039062
v 0.42773438 0.67773438 -0.65039062
v 0.47851562 0.72851562 -0.65039062
v -0.48632812 0.68164062 -0.64648438
v -0.31835938 0.72851562 -0.64648438
v -0.31445312 0.67382812 -0.64648438
v 0.29101562 0.67773438 -0.64648438
v 0.29492188 0.72851562 -0.64648438
v 0.47851562 0.68164062 -0.64648438
v -0.49804688 0.72070312 -0.64257812
v -0.24414062 0.67382812 -0.64257812
v -0.24414062 0.72851562 -0.64257812
v -0.16992188 0.66992188 -0.64257812
v -0.16992188 0.72460938 -0.64257812
v -0.09570312 0.66601562 -0.64257812
v -0.09570312 0.72460938 -0.64257812
v -0.01367188 0.66601562 -0.64257812
v -0.01367188 0.72070312 -0.64257812
v 0.06835938 0.66992188 -0.64257812
v 0.06835938 0.72460938 -0.64257812
v 0.14257812 0.67382812 -0.64257812
v 0.14257812 0.72460938 -0.64257812
v 0.21679688 0.67773438 -0.64257812
v 0.21679688 0.72851562 -0.64257812
v 0.49804688 0.72460938 -0.64257812
v -0.50195312 0.68945312 -0.63085938
v 0.50195312 0.68945312 -0.63085938
v -0.01367188 0.76757812 -0.62695312
v 0.00585938 0.58789062 -0.62695312
v 0.28710938 0.61914062 -0.62695312
v -0.50195312 0.75585938 -0.62304688
v -0.45898438 0.77148438 -0.62304688
v -0.41992188 0.59570312 -0.62304688
v -0.39648438 0.77539062 -0.62304688
v -0.36132812 0.59570312 -0.62304688
v -0.32226562 0.77539062 -0.62304688
v -0.29882812 0.61132812 -0.62304688
v -0.24414062 0.77539062 -0.62304688
v -0.23242188 0.61523438 -0.62304688
v -0.16992188 0.77148438 -0.62304688
v -0.16210938 0.60742188 -0.62304688
v -0.09570312 0.76757812 -0.62304688
v -0.05273438 0.58789062 -0.62304688
v 0.06835938 0.76757812 -0.62304688
v 0.14257812 0.76757812 -0.62304688
v 0.14648438 0.61523438 -0.62304688
v 0.21289062 0.62304688 -0.62304688
v 0.21679688 0.77148438 -0.62304688
v 0.29492188 0.77148438 -0.62304688
v 0.36132812 0.59570312 -0.62304688
v 0.36914062 0.77539062 -0.62304688
v 0.41992188 0.59570312 -0.62304688
v 0.43554688 0.77148438 -0.62304688
v 0.48632812 0.76367188 -0.62304688
v -0.10351562 0.58398438 -0.61914062
v 0.08007812 0.58398438 -0.61914062
v -0.51367188 0.73632812 -0.61523438
v 0.50976562 0.74414062 -0.61523438
v -0.46679688 0.59570312 -0.61132812
v 0.00195312 0.51757812 -0.61132812
v 0.46679688 0.59570312 -0.61132812
v -0.04492188 0.51757812 -0.60742188
v 0.04492188 0.51757812 -0.60742188
v -0.32617188 0.57617188 -0.60351562
v -0.16992188 0.79882812 -0.60351562
v -0.09570312 0.79882812 -0.60351562
v -0.01367188 0.80273438 -0.60351562
v 0.06835938 0.79882812 -0.60351562
v -0.41992188 0.52539062 -0.59960938
v -0.36914062 0.52539062 -0.59960938
v 0.14257812 0.79492188 -0.59960938
v 0.36914062 0.52539062 -0.59960938
v 0.41992188 0.52539062 -0.59960938
v 0.00195312 0.45898438 -0.59570312
v -0.20898438 0.60351562 -0.59179688
v -0.15429688 0.59570312 -0.59179688
v -0.04101562 0.45898438 -0.59179688
v 0.04101562 0.45898438 -0.59179688
v 0.10351562 0.56835938 -0.59179688
v 0.15429688 0.59960938 -0.59179688
v 0.31054688 0.57226562 -0.59179688
v -0.45898438 0.52539062 -0.58789062
v -0.34570312 0.52539062 -0.58789062
v -0.10742188 0.56445312 -0.58789062
v 0.34570312 0.52539062 -0.58789062
v 0.45898438 0.52539062 -0.58789062
v -0.48632812 0.59960938 -0.58398438
v -0.41992188 0.46289062 -0.58398438
v -0.37304688 0.46289062 -0.58398438
v -0.26367188 0.59960938 -0.58398438
v -0.07617188 0.51757812 -0.58398438
v 0.07226562 0.51757812 -0.58398438
v 0.25976562 0.59960938 -0.58398438
v 0.37304688 0.46289062 -0.58398438
v 0.41992188 0.46289062 -0.58398438
v 0.48632812 0.59960938 -0.58398438
v 0.51367188 0.69726562 -0.58398438
v 0.00195312 0.39648438 -0.58007812
v -0.04101562 0.39648438 -0.57617188
v 0.04101562 0.39648438 -0.57617188
v -0.46289062 0.79492188 -0.57226562
v -0.45507812 0.46289062 -0.57226562
v -0.40039062 0.80273438 -0.57226562
v -0.37304688 0.40429688 -0.57226562
v -0.34960938 0.46289062 -0.57226562
v -0.32226562 0.80273438 -0.57226562
v -0.22460938 0.80664062 -0.57226562
v -0.06835938 0.45898438 -0.57226562
v 0.06445312 0.45898438 -0.57226562
v 0.19726562 0.80273438 -0.57226562
v 0.20507812 0.60742188 -0.57226562
v 0.29101562 0.80273438 -0.57226562
v 0.34960938 0.46289062 -0.57226562
v 0.36914062 0.80273438 -0.57226562
v 0.37304688 0.40429688 -0.57226562
v 0.41601562 0.40429688 -0.57226562
v 0.43554688 0.79882812 -0.57226562
v 0.45507812 0.46289062 -0.57226562
v 0.48632812 0.79101562 -0.57226562
v -0.50585938 0.77539062 -0.56835938
v -0.41601562 0.40429688 -0.56835938
v -0.30664062 0.56835938 -0.56835938
v 0.50976562 0.77148438 -0.56835938
v -0.50976562 0.68945312 -0.56445312
v -0.11914062 0.81835938 -0.56445312
v -0.01367188 0.82226562 -0.56445312
v 0.34570312 0.40429688 -0.56445312
v -0.51757812 0.74804688 -0.56054688
v -0.47460938 0.52539062 -0.56054688
v -0.45117188 0.40429688 -0.56054688
v -0.34570312 0.40429688 -0.56054688
v -0.07226562 0.40039062 -0.56054688
v 0.07226562 0.40039062 -0.56054688
v 0.09179688 0.81445312 -0.56054688
v 0.44726562 0.40429688 -0.56054688
v 0.47460938 0.52539062 -0.56054688
v -0.41210938 0.34179688 -0.55273438
v -0.36523438 0.34179688 -0.55273438
v -0.33007812 0.35742188 -0.55273438
v -0.04492188 0.33007812 -0.55273438
v 0.00195312 0.33007812 -0.55273438
v 0.04882812 0.33007812 -0.55273438
v 0.33007812 0.35742188 -0.55273438
v 0.36523438 0.34179688 -0.55273438
v 0.41210938 0.34179688 -0.55273438
v -0.47070312 0.46289062 -0.54882812
v -0.33007812 0.51757812 -0.54882812
v 0.47070312 0.46289062 -0.54882812
v -0.20117188 0.60351562 -0.54492188
v -0.15039062 0.59570312 -0.54492188
v -0.09179688 0.34179688 -0.54492188
v 0.09179688 0.34179688 -0.54492188
v 0.15429688 0.59570312 -0.54492188
v 0.31835938 0.53320312 -0.54492188
v -0.49414062 0.60351562 -0.54101562
v -0.44726562 0.34179688 -0.54101562
v -0.30664062 0.32617188 -0.54101562
v -0.10742188 0.56054688 -0.54101562
v 0.10742188 0.56054688 -0.54101562
v 0.30664062 0.32617188 -0.54101562
v 0.44335938 0.34179688 -0.54101562
v 0.49414062 0.60351562 -0.54101562
v -0.46679688 0.40429688 -0.53710938
v -0.25195312 0.59570312 -0.53710938
v 0.26757812 0.58007812 -0.53710938
v 0.46679688 0.40429688 -0.53710938
v 0.51757812 0.74023438 -0.53710938
v -0.40820312 0.27929688 -0.53320312
v -0.36132812 0.27929688 -0.53320312
v -0.30664062 0.27929688 -0.53320312
v -0.08007812 0.51757812 -0.53320312
v 0.08007812 0.51757812 -0.53320312
v 0.31054688 0.27929688 -0.53320312
v 0.36132812 0.27929688 -0.53320312
v 0.40820312 0.27929688 -0.53320312
v -0.33007812 0.46289062 -0.52929688
v -0.25585938 0.27929688 -0.52929688
v -0.25585938 0.31445312 -0.52929688
v -0.19726562 0.28320312 -0.52929688
v -0.14257812 0.28320312 -0.52929688
v -0.09960938 0.27148438 -0.52929688
v 0.09960938 0.27148438 -0.52929688
v 0.14257812 0.28320312 -0.52929688
v 0.19726562 0.28320312 -0.52929688
v 0.25585938 0.27929688 -0.52929688
v 0.25585938 0.31445312 -0.52929688
v 0.33007812 0.47070312 -0.52929688
v -0.47851562 0.52539062 -0.52539062
v -0.19726562 0.31445312 -0.52539062
v -0.14257812 0.31835938 -0.52539062
v -0.06835938 0.46289062 -0.52539062
v -0.05273438 0.25195312 -0.52539062
v 0.00195312 0.25195312 -0.52539062
v 0.05273438 0.25195312 -0.52539062
v 0.06835938 0.46289062 -0.52539062
v 0.14257812 0.31835938 -0.52539062
v 0.19726562 0.31445312 -0.52539062
v 0.21289062 0.59570312 -0.52539062
v 0.47851562 0.52539062 -0.52539062
v -0.43945312 0.27929688 -0.52148438
v 0.43945312 0.27929688 -0.52148438
v -0.45898438 0.34179688 -0.51757812
v -0.32226562 0.40429688 -0.51757812
v -0.29101562 0.56054688 -0.51757812
v -0.07226562 0.40820312 -0.51757812
v 0.07226562 0.40820312 -0.51757812
v 0.32226562 0.41601562 -0.51757812
v 0.45898438 0.34179688 -0.51757812
v -0.47070312 0.46289062 -0.51367188
v 0.47070312 0.46289062 -0.51367188
v -0.40429688 0.21679688 -0.50976562
v -0.35742188 0.21679688 -0.50976562
v -0.30664062 0.21679688 -0.50976562
v -0.25195312 0.22851562 -0.50976562
v -0.19726562 0.23632812 -0.50976562
v -0.14648438 0.23632812 -0.50976562
v -0.09570312 0.36132812 -0.50976562
v 0.09570312 0.35742188 -0.50976562
v 0.14648438 0.23632812 -0.50976562
v 0.19726562 0.23632812 -0.50976562
v 0.25585938 0.23242188 -0.50976562
v 0.29882812 0.36914062 -0.50976562
v 0.30664062 0.21679688 -0.50976562
v 0.35742188 0.21679688 -0.50976562
v 0.40429688 0.21679688 -0.50976562
v -0.46289062 0.81445312 -0.50585938
v -0.40429688 0.82226562 -0.50585938
v -0.32226562 0.82226562 -0.50585938
v -0.22460938 0.82226562 -0.50585938
v -0.19726562 0.31835938 -0.50585938
v -0.11914062 0.83007812 -0.50585938
v -0.10351562 0.21289062 -0.50585938
v 0.10351562 0.20898438 -0.50585938
v 0.19726562 0.82617188 -0.50585938
v 0.29101562 0.82617188 -0.50585938
v 0.37304688 0.83007812 -0.50585938
v 0.43554688 0.82617188 -0.50585938
v -0.50195312 0.79882812 -0.50195312
v -0.46679688 0.40429688 -0.50195312
v -0.43164062 0.21679688 -0.50195312
v -0.29882812 0.36132812 -0.50195312
v -0.19726562 0.59570312 -0.50195312
v -0.14257812 0.33007812 -0.50195312
v 0.19726562 0.32226562 -0.50195312
v 0.25195312 0.33398438 -0.50195312
v 0.43164062 0.21679688 -0.50195312
v 0.46679688 0.40429688 -0.50195312
v 0.48632812 0.81054688 -0.50195312
v -0.45117188 0.27929688 -0.49804688
v -0.15039062 0.58398438 -0.49804688
v -0.05664062 0.16992188 -0.49804688
v 0.00195312 0.16992188 -0.49804688
v 0.05664062 0.16992188 -0.49804688
v 0.14257812 0.32617188 -0.49804688
v 0.16210938 0.58398438 -0.49804688
v 0.30273438 0.51757812 -0.49804688
v 0.45117188 0.27929688 -0.49804688
v 0.50585938 0.67773438 -0.49804688
v -0.51367188 0.76367188 -0.49414062
v -0.30664062 0.50585938 -0.49414062
v -0.11132812 0.55273438 -0.49414062
v 0.11523438 0.55664062 -0.49414062
v -0.24023438 0.58007812 -0.49023438
v -0.15429688 0.22070312 -0.49023438
v 0.15429688 0.22070312 -0.49023438
v 0.26757812 0.55664062 -0.49023438
v -0.49804688 0.68554688 -0.48632812
v -0.45898438 0.34179688 -0.48632812
v -0.39648438 0.15039062 -0.48632812
v -0.35351562 0.15039062 -0.48632812
v -0.27929688 0.19726562 -0.48632812
v -0.23242188 0.21679688 -0.48632812
v -0.11914062 0.19726562 -0.48632812
v -0.10351562 0.15820312 -0.48632812
v -0.08789062 0.50976562 -0.48632812
v 0.12304688 0.19726562 -0.48632812
v 0.22070312 0.58007812 -0.48632812
v 0.22851562 0.21679688 -0.48632812
v 0.27539062 0.19726562 -0.48632812
v 0.35351562 0.15039062 -0.48632812
v 0.39648438 0.15039062 -0.48632812
v 0.45898438 0.34179688 -0.48632812
v -0.44335938 0.21679688 -0.48242188
v -0.30664062 0.15429688 -0.48242188
v -0.25195312 0.33007812 -0.48242188
v 0.08789062 0.51367188 -0.48242188
v 0.10351562 0.15820312 -0.48242188
v 0.30664062 0.15429688 -0.48242188
v 0.44335938 0.21679688 -0.48242188
v -0.48632812 0.59960938 -0.47851562
v -0.42382812 0.15039062 -0.47851562
v -0.05664062 0.09179688 -0.47851562
v 0.00195312 0.09179688 -0.47851562
v 0.05664062 0.09179688 -0.47851562
v 0.42382812 0.15039062 -0.47851562
v 0.48632812 0.59960938 -0.47851562
v -0.27148438 0.54882812 -0.47460938
v -0.08007812 0.46289062 -0.47460938
v 0.08007812 0.46289062 -0.47460938
v 0.29492188 0.47460938 -0.47460938
v -0.47460938 0.52539062 -0.47070312
v -0.29492188 0.45117188 -0.47070312
v -0.11523438 0.09179688 -0.47070312
v 0.11132812 0.09179688 -0.47070312
v 0.47460938 0.52539062 -0.47070312
v 0.51367188 0.77148438 -0.47070312
v -0.45117188 0.27929688 -0.46679688
v -0.29101562 0.08398438 -0.46679688
v -0.19726562 0.32226562 -0.46679688
v -0.14648438 0.33398438 -0.46679688
v -0.10742188 0.36523438 -0.46679688
v -0.08398438 0.41210938 -0.46679688
v -0.05664062 0.02148438 -0.46679688
v 0.00195312 0.02148438 -0.46679688
v 0.05664062 0.02148438 -0.46679688
v 0.08398438 0.41210938 -0.46679688
v 0.10742188 0.36523438 -0.46679688
v 0.28710938 0.08398438 -0.46679688
v 0.45117188 0.27929688 -0.46679688
v -0.46679688 0.46289062 -0.46289062
v -0.43554688 0.15039062 -0.46289062
v -0.38867188 0.08398438 -0.46289062
v -0.34570312 0.08398438 -0.46289062
v -0.22851562 0.04492188 -0.46289062
v -0.16992188 0.02148438 -0.46289062
v -0.16992188 0.04492188 -0.46289062
v -0.11132812 0.02148438 -0.46289062
v 0.11132812 0.02148438 -0.46289062
v 0.16992188 0.02148438 -0.46289062
v 0.16992188 0.04492188 -0.46289062
v 0.22851562 0.04492188 -0.46289062
v 0.27929688 0.42773438 -0.46289062
v 0.34570312 0.08398438 -0.46289062
v 0.38867188 0.08398438 -0.46289062
v 0.43554688 0.15039062 -0.46289062
v 0.46679688 0.46289062 -0.46289062
v -0.28710938 0.02148438 -0.45898438
v -0.27539062 0.40039062 -0.45898438
v -0.22851562 0.02148438 -0.45898438
v -0.19335938 0.57226562 -0.45898438
v -0.16992188 -0.03710938 -0.45898438
v -0.15039062 0.56054688 -0.45898438
v -0.11132812 -0.03710938 -0.45898438
v 0.11132812 -0.03710938 -0.45898438
v 0.14648438 0.33398438 -0.45898438
v 0.16992188 -0.03710938 -0.45898438
v 0.17773438 0.56835938 -0.45898438
v 0.19335938 0.33398438 -0.45898438
v 0.22851562 0.02148438 -0.45898438
v 0.23632812 0.35351562 -0.45898438
v 0.26367188 0.38867188 -0.45898438
v -0.41210938 0.08398438 -0.45507812
v -0.34179688 0.02148438 -0.45507812
v -0.22851562 -0.03710938 -0.45507812
v -0.16992188 -0.08398438 -0.45507812
v -0.11523438 0.52929688 -0.45507812
v -0.11132812 -0.08398438 -0.45507812
v -0.05664062 -0.03710938 -0.45507812
v 0.05664062 -0.03710938 -0.45507812
v 0.11132812 -0.08398438 -0.45507812
v 0.13085938 0.54882812 -0.45507812
v 0.16992188 -0.08398438 -0.45507812
v 0.22851562 -0.03710938 -0.45507812
v 0.28710938 0.02148438 -0.45507812
v 0.41210938 0.08398438 -0.45507812
v -0.46289062 0.40820312 -0.45117188
v -0.44335938 0.21679688 -0.45117188
v -0.28710938 -0.03710938 -0.45117188
v -0.22851562 -0.08398438 -0.45117188
v -0.16992188 -0.13085938 -0.45117188
v -0.10742188 -0.13085938 -0.45117188
v 0.10742188 -0.13085938 -0.45117188
v 0.16992188 -0.13085938 -0.45117188
v 0.22851562 -0.08398438 -0.45117188
v 0.26367188 0.51757812 -0.45117188
v 0.28710938 -0.03710938 -0.45117188
v 0.34179688 0.02148438 -0.45117188
v 0.44335938 0.21679688 -0.45117188
v 0.46289062 0.40820312 -0.45117188
v -0.38476562 0.02148438 -0.44726562
v -0.34179688 -0.03710938 -0.44726562
v -0.28710938 -0.13085938 -0.44726562
v -0.28710938 -0.08398438 -0.44726562
v -0.27148438 0.50585938 -0.44726562
v -0.23632812 0.54882812 -0.44726562
v -0.22851562 -0.13085938 -0.44726562
v -0.10742188 -0.17382812 -0.44726562
v 0.00195312 -0.03320312 -0.44726562
v 0.10742188 -0.17382812 -0.44726562
v 0.22851562 -0.13085938 -0.44726562
v 0.22851562 0.54882812 -0.44726562
v 0.28710938 -0.13085938 -0.44726562
v 0.28710938 -0.08398438 -0.44726562
v 0.29101562 -0.12695312 -0.44726562
v 0.34179688 -0.03710938 -0.44726562
v 0.38476562 0.02148438 -0.44726562
v -0.42382812 0.08398438 -0.44335938
v -0.40429688 0.02148438 -0.44335938
v -0.34179688 -0.08398438 -0.44335938
v -0.14257812 -0.17382812 -0.44335938
v 0.04101562 -0.04882812 -0.44335938
v 0.14257812 -0.17382812 -0.44335938
v 0.34179688 -0.08398438 -0.44335938
v 0.40429688 0.02148438 -0.44335938
v 0.42382812 0.08398438 -0.44335938
v -0.34179688 -0.13085938 -0.43945312
v -0.30664062 0.11132812 -0.43945312
v -0.30664062 0.16210938 -0.43945312
v -0.27929688 0.06835938 -0.43945312
v -0.27929688 0.20898438 -0.43945312
v -0.24414062 0.36132812 -0.43945312
v -0.23242188 0.23242188 -0.43945312
v -0.22851562 0.04101562 -0.43945312
v -0.17773438 0.23242188 -0.43945312
v -0.16992188 0.04101562 -0.43945312
v -0.12695312 0.20898438 -0.43945312
v -0.12304688 0.06835938 -0.43945312
v -0.10742188 0.50585938 -0.43945312
v -0.09960938 0.11132812 -0.43945312
v -0.09960938 0.16210938 -0.43945312
v -0.06835938 -0.08398438 -0.43945312
v -0.04101562 -0.04882812 -0.43945312
v 0.06835938 -0.08398438 -0.43945312
v 0.09960938 0.11132812 -0.43945312
v 0.09960938 0.16210938 -0.43945312
v 0.10742188 0.50976562 -0.43945312
v 0.12304688 0.06835938 -0.43945312
v 0.12695312 0.20898438 -0.43945312
v 0.16992188 0.04101562 -0.43945312
v 0.17773438 0.23242188 -0.43945312
v 0.22851562 0.04101562 -0.43945312
v 0.23242188 0.23242188 -0.43945312
v 0.27929688 0.06835938 -0.43945312
v 0.27929688 0.20898438 -0.43945312
v 0.30664062 0.11132812 -0.43945312
v 0.30664062 0.16210938 -0.43945312
v 0.34179688 -0.13085938 -0.43945312
v -0.45507812 0.34179688 -0.43554688
v -0.43554688 0.15039062 -0.43554688
v -0.38867188 -0.03710938 -0.43554688
v -0.34179688 -0.17382812 -0.43554688
v -0.28710938 -0.17382812 -0.43554688
v -0.23242188 -0.16210938 -0.43554688
v -0.18164062 -0.16601562 -0.43554688
v -0.12304688 0.37304688 -0.43554688
v -0.07617188 -0.17382812 -0.43554688
v -0.07226562 -0.13085938 -0.43554688
v 0.07226562 -0.13085938 -0.43554688
v 0.07617188 -0.17382812 -0.43554688
v 0.18164062 -0.16601562 -0.43554688
v 0.23242188 -0.16210938 -0.43554688
v 0.29882812 -0.17773438 -0.43554688
v 0.34179688 -0.17382812 -0.43554688
v 0.43554688 0.15039062 -0.43554688
v 0.45507812 0.34179688 -0.43554688
v -0.41601562 0.02148438 -0.43164062
v -0.38867188 -0.08398438 -0.43164062
v -0.38476562 -0.13085938 -0.43164062
v -0.10742188 -0.20117188 -0.43164062
v 0.10351562 -0.20117188 -0.43164062
v 0.12695312 0.37304688 -0.43164062
v 0.38085938 -0.03710938 -0.43164062
v 0.38476562 -0.13085938 -0.43164062
v 0.41601562 0.02148438 -0.43164062
v 0.50195312 0.70507812 -0.43164062
v -0.46679688 0.55273438 -0.42773438
v -0.46679688 0.83398438 -0.42773438
v -0.40429688 0.83789062 -0.42773438
v -0.38476562 -0.17382812 -0.42773438
v -0.32226562 0.83789062 -0.42773438
v -0.22460938 0.83789062 -0.42773438
v -0.19726562 0.35351562 -0.42773438
v -0.15039062 0.53710938 -0.42773438
v -0.11914062 0.84179688 -0.42773438
v -0.10351562 0.46289062 -0.42773438
v 0.10351562 0.46289062 -0.42773438
v 0.19726562 0.84570312 -0.42773438
v 0.24414062 0.47070312 -0.42773438
v 0.29101562 0.85351562 -0.42773438
v 0.37304688 0.85351562 -0.42773438
v 0.38476562 -0.17382812 -0.42773438
v 0.38476562 -0.08398438 -0.42773438
v 0.46289062 0.52929688 -0.42773438
v 0.46679688 0.56445312 -0.42773438
v -0.49804688 0.81835938 -0.42382812
v -0.45898438 0.50976562 -0.42382812
v -0.43164062 0.08398438 -0.42382812
v -0.24804688 0.45507812 -0.42382812
v -0.19335938 0.53710938 -0.42382812
v -0.15429688 0.35742188 -0.42382812
v -0.10742188 0.41601562 -0.42382812
v 0.10742188 0.41601562 -0.42382812
v 0.15039062 0.53320312 -0.42382812
v 0.19335938 0.53710938 -0.42382812
v 0.43164062 0.08398438 -0.42382812
v 0.43945312 0.84960938 -0.42382812
v 0.45898438 0.50976562 -0.42382812
v -0.50976562 0.78320312 -0.41992188
v -0.41210938 -0.08398438 -0.41992188
v -0.40820312 -0.13085938 -0.41992188
v -0.34179688 -0.22851562 -0.41992188
v -0.23242188 0.50585938 -0.41992188
v 0.00195312 -0.41992188 -0.41992188
v 0.00195312 -0.35742188 -0.41992188
v 0.00195312 -0.29101562 -0.41992188
v 0.21679688 0.38476562 -0.41992188
v 0.22851562 0.51367188 -0.41992188
v 0.23242188 0.42773438 -0.41992188
v 0.34179688 -0.22851562 -0.41992188
v 0.40820312 -0.13085938 -0.41992188
v 0.41210938 -0.08398438 -0.41992188
v 0.48632812 0.83398438 -0.41992188
v -0.47070312 0.60351562 -0.41601562
v -0.45898438 0.46289062 -0.41601562
v -0.42382812 0.02148438 -0.41601562
v -0.41601562 -0.03710938 -0.41601562
v -0.40429688 -0.17382812 -0.41601562
v -0.38867188 -0.22851562 -0.41601562
v -0.23242188 0.40820312 -0.41601562
v 0.00195312 -0.47070312 -0.41601562
v 0.00195312 -0.46679688 -0.41601562
v 0.00195312 -0.23242188 -0.41601562
v 0.38867188 -0.22851562 -0.41601562
v 0.40429688 -0.17382812 -0.41601562
v 0.41601562 -0.03710938 -0.41601562
v 0.42382812 0.02148438 -0.41601562
v 0.45898438 0.46289062 -0.41601562
v -0.44726562 0.28320312 -0.41210938
v -0.04882812 -0.47070312 -0.41210938
v -0.04882812 -0.46679688 -0.41210938
v -0.04882812 -0.41992188 -0.41210938
v -0.04882812 -0.35742188 -0.41210938
v -0.04882812 -0.29101562 -0.41210938
v -0.04882812 -0.23242188 -0.41210938
v 0.00195312 -0.52539062 -0.41210938
v 0.04882812 -0.47460938 -0.41210938
v 0.04882812 -0.47070312 -0.41210938
v 0.04882812 -0.41992188 -0.41210938
v 0.04882812 -0.35742188 -0.41210938
v 0.04882812 -0.29101562 -0.41210938
v 0.04882812 -0.23242188 -0.41210938
v 0.44726562 0.28320312 -0.41210938
v -0.49804688 0.70507812 -0.40820312
v -0.41992188 0.50585938 -0.40820312
v -0.14648438 0.50195312 -0.40820312
v -0.13867188 -0.20507812 -0.40820312
v -0.09179688 -0.24023438 -0.40820312
v -0.05273438 -0.52539062 -0.40820312
v 0.05273438 -0.52539062 -0.40820312
v 0.09179688 -0.24023438 -0.40820312
v 0.13476562 -0.20507812 -0.40820312
v 0.14648438 0.50585938 -0.40820312
v 0.41992188 0.50976562 -0.40820312
v 0.47070312 0.62304688 -0.40820312
v -0.45898438 0.41210938 -0.40429688
v -0.40820312 -0.22851562 -0.40429688
v -0.19726562 0.40429688 -0.40429688
v -0.18945312 0.50195312 -0.40429688
v 0.00195312 -0.04882812 -0.40429688
v 0.18945312 0.50585938 -0.40429688
v 0.19726562 0.50195312 -0.40429688
v 0.40820312 -0.22851562 -0.40429688
v 0.45898438 0.41210938 -0.40429688
v -0.43945312 0.21679688 -0.40039062
v -0.41992188 0.46289062 -0.40039062
v -0.36523438 -0.29101562 -0.40039062
v -0.19726562 0.45898438 -0.40039062
v -0.14648438 0.41210938 -0.40039062
v -0.14648438 0.46289062 -0.40039062
v -0.11132812 -0.52539062 -0.40039062
v -0.08007812 -0.29101562 -0.40039062
v -0.05273438 -0.17382812 -0.40039062
v -0.05273438 -0.13476562 -0.40039062
v -0.05273438 -0.09570312 -0.40039062
v -0.03320312 -0.06445312 -0.40039062
v 0.00195312 -0.57226562 -0.40039062
v 0.03320312 -0.06445312 -0.40039062
v 0.05273438 -0.17382812 -0.40039062
v 0.05273438 -0.13476562 -0.40039062
v 0.05273438 -0.09570312 -0.40039062
v 0.08007812 -0.29101562 -0.40039062
v 0.11132812 -0.52539062 -0.40039062
v 0.14648438 0.46289062 -0.40039062
v 0.19335938 0.45898438 -0.40039062
v 0.36523438 -0.29101562 -0.40039062
v 0.41992188 0.46289062 -0.40039062
v 0.43945312 0.21679688 -0.40039062
v -0.39257812 -0.29101562 -0.39648438
v -0.38476562 0.50195312 -0.39648438
v -0.05273438 -0.57226562 -0.39648438
v 0.05273438 -0.57226562 -0.39648438
v 0.38085938 0.50976562 -0.39648438
v 0.39257812 -0.29101562 -0.39648438
v -0.43554688 0.15039062 -0.39257812
v -0.41992188 0.54882812 -0.39257812
v -0.30664062 -0.52148438 -0.39257812
v -0.29882812 0.11132812 -0.39257812
v -0.29882812 0.16210938 -0.39257812
v -0.27929688 -0.18945312 -0.39257812
v -0.27539062 0.06835938 -0.39257812
v -0.27539062 0.20507812 -0.39257812
v -0.23242188 -0.17773438 -0.39257812
v -0.23242188 0.04101562 -0.39257812
v -0.23242188 0.22851562 -0.39257812
v -0.18164062 0.22851562 -0.39257812
v -0.17773438 -0.18945312 -0.39257812
v -0.17773438 0.04101562 -0.39257812
v -0.16210938 -0.52539062 -0.39257812
v -0.13476562 0.20507812 -0.39257812
v -0.13085938 0.06835938 -0.39257812
v -0.10742188 -0.57226562 -0.39257812
v -0.10742188 0.11132812 -0.39257812
v -0.10742188 0.16210938 -0.39257812
v -0.03320312 -0.20117188 -0.39257812
v 0.02929688 -0.20117188 -0.39257812
v 0.10742188 -0.57226562 -0.39257812
v 0.10742188 -0.48242188 -0.39257812
v 0.10742188 0.11132812 -0.39257812
v 0.10742188 0.16210938 -0.39257812
v 0.13085938 0.06835938 -0.39257812
v 0.13476562 0.20507812 -0.39257812
v 0.16210938 -0.52539062 -0.39257812
v 0.17773438 -0.18945312 -0.39257812
v 0.17773438 0.04101562 -0.39257812
v 0.17773438 0.22851562 -0.39257812
v 0.22851562 -0.17773438 -0.39257812
v 0.23242188 0.04101562 -0.39257812
v 0.23242188 0.22851562 -0.39257812
v 0.27539062 0.06835938 -0.39257812
v 0.27539062 0.20507812 -0.39257812
v 0.27929688 -0.18945312 -0.39257812
v 0.29882812 0.11132812 -0.39257812
v 0.29882812 0.16210938 -0.39257812
v 0.30664062 -0.52148438 -0.39257812
v 0.37695312 0.48632812 -0.39257812
v 0.41992188 0.56054688 -0.39257812
v 0.43554688 0.15039062 -0.39257812
v 0.50976562 0.79492188 -0.39257812
v -0.36914062 -0.35742188 -0.38867188
v -0.33789062 -0.52148438 -0.38867188
v -0.31835938 -0.23242188 -0.38867188
v -0.31054688 -0.57226562 -0.38867188
v -0.16210938 -0.57226562 -0.38867188
v -0.11132812 -0.48632812 -0.38867188
v 0.16210938 -0.57226562 -0.38867188
v 0.31054688 -0.57226562 -0.38867188
v 0.31835938 -0.23242188 -0.38867188
v 0.33789062 -0.52148438 -0.38867188
v 0.36914062 -0.35742188 -0.38867188
v -0.45507812 0.36132812 -0.38476562
v -0.43554688 0.08398438 -0.38476562
v -0.41992188 0.41210938 -0.38476562
v -0.37304688 0.45898438 -0.38476562
v -0.36914062 -0.47070312 -0.38476562
v -0.36914062 -0.41601562 -0.38476562
v -0.36523438 -0.52148438 -0.38476562
v -0.33789062 -0.57226562 -0.38476562
v -0.33789062 -0.46679688 -0.38476562
v -0.26757812 -0.52539062 -0.38476562
v -0.21679688 -0.52539062 -0.38476562
v -0.21289062 -0.57226562 -0.38476562
v 0.21289062 -0.57226562 -0.38476562
v 0.21679688 -0.52539062 -0.38476562
v 0.26757812 -0.52539062 -0.38476562
v 0.33789062 -0.46679688 -0.38476562
v 0.34179688 -0.57226562 -0.38476562
v 0.36523438 -0.52148438 -0.38476562
v 0.36914062 -0.47070312 -0.38476562
v 0.36914062 -0.41601562 -0.38476562
v 0.37304688 0.45898438 -0.38476562
v 0.41992188 0.41210938 -0.38476562
v 0.43554688 0.08398438 -0.38476562
v 0.45507812 0.36132812 -0.38476562
v -0.43164062 0.02148438 -0.38085938
v -0.41601562 -0.29101562 -0.38085938
v -0.39648438 -0.35742188 -0.38085938
v -0.26367188 -0.57226562 -0.38085938
v -0.09179688 -0.46289062 -0.38085938
v 0.00195312 -0.20117188 -0.38085938
v 0.09179688 -0.46289062 -0.38085938
v 0.26367188 -0.57226562 -0.38085938
v 0.39648438 -0.35742188 -0.38085938
v 0.41601562 -0.29101562 -0.38085938
v 0.43164062 0.02148438 -0.38085938
v -0.43554688 -0.03710938 -0.37695312
v -0.37304688 0.53320312 -0.37695312
v -0.36132812 -0.57226562 -0.37695312
v -0.34179688 -0.41601562 -0.37695312
v -0.33789062 -0.29101562 -0.37695312
v -0.30664062 -0.48242188 -0.37695312
v -0.11914062 -0.24023438 -0.37695312
v 0.00195312 -0.06835938 -0.37695312
v 0.11914062 -0.24023438 -0.37695312
v 0.30664062 -0.48242188 -0.37695312
v 0.33789062 -0.29101562 -0.37695312
v 0.34179688 -0.41601562 -0.37695312
v 0.36132812 -0.57226562 -0.37695312
v 0.37304688 0.54882812 -0.37695312
v 0.43554688 -0.03710938 -0.37695312
v -0.43945312 -0.17382812 -0.37304688
v -0.43945312 -0.13085938 -0.37304688
v -0.43945312 -0.08398438 -0.37304688
v -0.39648438 -0.41992188 -0.37304688
v -0.39257812 -0.47460938 -0.37304688
v -0.38867188 -0.52539062 -0.37304688
v -0.35351562 0.50585938 -0.37304688
v -0.34570312 -0.59960938 -0.37304688
v -0.34179688 -0.35742188 -0.37304688
v -0.31835938 -0.59960938 -0.37304688
v -0.09179688 -0.41992188 -0.37304688
v -0.05273438 -0.59960938 -0.37304688
v -0.03320312 -0.17382812 -0.37304688
v 0.00195312 -0.59960938 -0.37304688
v 0.03320312 -0.17382812 -0.37304688
v 0.05273438 -0.59960938 -0.37304688
v 0.09179688 -0.41992188 -0.37304688
v 0.31445312 -0.59960938 -0.37304688
v 0.34179688 -0.59960938 -0.37304688
v 0.34179688 -0.35742188 -0.37304688
v 0.35351562 0.52148438 -0.37304688
v 0.38867188 -0.52539062 -0.37304688
v 0.39257812 -0.47460938 -0.37304688
v 0.39648438 -0.41992188 -0.37304688
v 0.43945312 -0.17382812 -0.37304688
v 0.43945312 -0.13085938 -0.37304688
v 0.43945312 -0.08398438 -0.37304688
v -0.16210938 -0.49414062 -0.36914062
v -0.15820312 -0.59960938 -0.36914062
v -0.10742188 -0.59960938 -0.36914062
v -0.03320312 -0.10351562 -0.36914062
v 0.03320312 -0.10351562 -0.36914062
v 0.10742188 -0.59960938 -0.36914062
v 0.16210938 -0.59960938 -0.36914062
v 0.16210938 -0.49414062 -0.36914062
v 0.34570312 0.48632812 -0.36914062
v -0.43945312 -0.22851562 -0.36523438
v -0.41992188 -0.35742188 -0.36523438
v -0.38085938 -0.57617188 -0.36523438
v -0.36523438 -0.59960938 -0.36523438
v -0.34570312 0.46289062 -0.36523438
v -0.26757812 -0.59960938 -0.36523438
v -0.26757812 -0.49023438 -0.36523438
v -0.21289062 -0.59960938 -0.36523438
v -0.09960938 -0.29101562 -0.36523438
v -0.09179688 -0.35742188 -0.36523438
v -0.03320312 -0.14257812 -0.36523438
v 0.03320312 -0.14257812 -0.36523438
v 0.09179688 -0.35742188 -0.36523438
v 0.09960938 -0.29101562 -0.36523438
v 0.21289062 -0.59960938 -0.36523438
v 0.26757812 -0.59960938 -0.36523438
v 0.26757812 -0.49023438 -0.36523438
v 0.36523438 -0.59960938 -0.36523438
v 0.38085938 -0.57617188 -0.36523438
v 0.43945312 -0.22851562 -0.36523438
v -0.47070312 0.63476562 -0.36132812
v -0.21679688 -0.49414062 -0.36132812
v 0.21679688 -0.49414062 -0.36132812
v 0.41992188 -0.35742188 -0.36132812
v 0.50195312 0.72851562 -0.36132812
v -0.41601562 0.36523438 -0.35742188
v -0.38085938 -0.59570312 -0.35742188
v -0.36914062 0.40429688 -0.35742188
v -0.12304688 -0.46289062 -0.35742188
v 0.00195312 -0.16992188 -0.35742188
v 0.00195312 -0.10351562 -0.35742188
v 0.12304688 -0.46289062 -0.35742188
v 0.34179688 0.44726562 -0.35742188
v 0.36914062 0.40820312 -0.35742188
v 0.38085938 -0.59570312 -0.35742188
v 0.41601562 0.36523438 -0.35742188
v 0.44726562 0.33007812 -0.35742188
v -0.44726562 0.33007812 -0.35351562
v -0.43945312 -0.29101562 -0.35351562
v -0.41992188 -0.41992188 -0.35351562
v -0.41210938 -0.47851562 -0.35351562
v -0.40429688 -0.52929688 -0.35351562
v -0.31054688 -0.45117188 -0.35351562
v -0.27539062 -0.20898438 -0.35351562
v -0.27539062 0.11132812 -0.35351562
v -0.27539062 0.15429688 -0.35351562
v -0.25976562 0.07617188 -0.35351562
v -0.25976562 0.18554688 -0.35351562
v -0.22851562 -0.20117188 -0.35351562
v -0.22851562 0.05664062 -0.35351562
v -0.22851562 0.20117188 -0.35351562
v -0.18945312 0.06054688 -0.35351562
v -0.18554688 0.20117188 -0.35351562
v -0.18164062 -0.20898438 -0.35351562
v -0.15820312 0.18945312 -0.35351562
v -0.15039062 0.08007812 -0.35351562
v -0.13476562 0.11132812 -0.35351562
v -0.13476562 0.15429688 -0.35351562
v 0.13085938 0.11132812 -0.35351562
v 0.13085938 0.15429688 -0.35351562
v 0.15039062 0.08007812 -0.35351562
v 0.15039062 0.18554688 -0.35351562
v 0.18164062 -0.20898438 -0.35351562
v 0.18554688 0.20117188 -0.35351562
v 0.18945312 0.06054688 -0.35351562
v 0.22851562 -0.20117188 -0.35351562
v 0.22851562 0.05664062 -0.35351562
v 0.22851562 0.20117188 -0.35351562
v 0.25585938 0.18554688 -0.35351562
v 0.25976562 0.07617188 -0.35351562
v 0.27148438 -0.20898438 -0.35351562
v 0.27539062 0.11132812 -0.35351562
v 0.27539062 0.15429688 -0.35351562
v 0.31054688 -0.45117188 -0.35351562
v 0.40429688 -0.52929688 -0.35351562
v 0.41210938 -0.47851562 -0.35351562
v 0.41992188 -0.41992188 -0.35351562
v 0.43945312 -0.29101562 -0.35351562
v -0.46679688 0.85351562 -0.34960938
v -0.40820312 0.85742188 -0.34960938
v -0.39648438 -0.58398438 -0.34960938
v -0.32226562 0.85742188 -0.34960938
v -0.30273438 -0.24023438 -0.34960938
v 0.30273438 -0.24023438 -0.34960938
v 0.39648438 -0.58398438 -0.34960938
v -0.49804688 0.83789062 -0.34570312
v -0.44335938 -0.17382812 -0.34570312
v -0.43554688 -0.35742188 -0.34570312
v -0.41601562 0.59179688 -0.34570312
v -0.22460938 0.85351562 -0.34570312
v -0.14257812 -0.24023438 -0.34570312
v -0.12695312 -0.41992188 -0.34570312
v 0.12695312 -0.41992188 -0.34570312
v 0.14257812 -0.24023438 -0.34570312
v 0.32617188 -0.60742188 -0.34570312
v 0.44335938 -0.17382812 -0.34570312
v 0.47070312 0.65039062 -0.34570312
v -0.50585938 0.79882812 -0.34179688
v -0.44335938 -0.22851562 -0.34179688
v -0.44335938 -0.12695312 -0.34179688
v -0.44335938 0.28320312 -0.34179688
v -0.31445312 -0.29101562 -0.34179688
v -0.31054688 -0.41601562 -0.34179688
v -0.16992188 -0.46289062 -0.34179688
v -0.11914062 0.85351562 -0.34179688
v 0.16992188 -0.46289062 -0.34179688
v 0.31054688 -0.41601562 -0.34179688
v 0.31445312 -0.29101562 -0.34179688
v 0.43945312 0.28320312 -0.34179688
v 0.44335938 -0.22851562 -0.34179688
v 0.44335938 -0.12695312 -0.34179688
v -0.44335938 -0.08398438 -0.33789062
v -0.43554688 0.21679688 -0.33789062
v -0.36523438 -0.61132812 -0.33789062
v -0.36132812 0.56445312 -0.33789062
v -0.34179688 0.41601562 -0.33789062
v -0.31445312 -0.35742188 -0.33789062
v -0.27148438 -0.45898438 -0.33789062
v -0.13085938 -0.35742188 -0.33789062
v -0.13085938 -0.29101562 -0.33789062
v -0.01367188 0.85351562 -0.33789062
v 0.09570312 0.85742188 -0.33789062
v 0.12695312 -0.35742188 -0.33789062
v 0.13085938 -0.29101562 -0.33789062
v 0.19726562 0.86914062 -0.33789062
v 0.27148438 -0.45898438 -0.33789062
v 0.29492188 0.87695312 -0.33789062
v 0.31445312 -0.35742188 -0.33789062
v 0.36523438 -0.61132812 -0.33789062
v 0.38085938 0.87695312 -0.33789062
v 0.41601562 0.60351562 -0.33789062
v 0.43554688 0.21679688 -0.33789062
v 0.44335938 -0.08398438 -0.33789062
v 0.44335938 0.87304688 -0.33789062
v -0.44335938 -0.29101562 -0.33398438
v -0.43945312 -0.03710938 -0.33398438
v -0.43554688 0.15039062 -0.33398438
v -0.34570312 -0.61523438 -0.33398438
v -0.27148438 -0.60742188 -0.33398438
v -0.23242188 0.16992188 -0.33398438
v -0.22851562 0.08398438 -0.33398438
v -0.22070312 -0.46289062 -0.33398438
v -0.21679688 -0.60742188 -0.33398438
v -0.17773438 0.16992188 -0.33398438
v -0.16210938 -0.60742188 -0.33398438
v -0.10742188 -0.60742188 -0.33398438
v -0.05273438 -0.60742188 -0.33398438
v 0.00195312 -0.60742188 -0.33398438
v 0.02929688 -0.60742188 -0.33398438
v 0.10742188 -0.60742188 -0.33398438
v 0.16210938 -0.60742188 -0.33398438
v 0.21679688 -0.60742188 -0.33398438
v 0.22070312 -0.46289062 -0.33398438
v 0.22851562 0.08398438 -0.33398438
v 0.22851562 0.16992188 -0.33398438
v 0.27148438 -0.60742188 -0.33398438
v 0.36132812 0.58007812 -0.33398438
v 0.43554688 0.15039062 -0.33398438
v 0.43945312 -0.03710938 -0.33398438
v 0.44335938 -0.29101562 -0.33398438
v 0.48632812 0.85742188 -0.33398438
v -0.49804688 0.72851562 -0.33007812
v -0.43554688 0.02148438 -0.33007812
v -0.43554688 0.08398438 -0.33007812
v -0.38867188 -0.60742188 -0.33007812
v -0.32617188 0.52148438 -0.33007812
v -0.27539062 -0.24023438 -0.33007812
v -0.18164062 -0.24023438 -0.33007812
v -0.17382812 -0.41992188 -0.33007812
v -0.16601562 0.11132812 -0.33007812
v -0.16601562 0.15039062 -0.33007812
v 0.16601562 0.11132812 -0.33007812
v 0.16601562 0.15039062 -0.33007812
v 0.17382812 -0.41992188 -0.33007812
v 0.18164062 -0.24023438 -0.33007812
v 0.27148438 -0.24023438 -0.33007812
v 0.38867188 -0.60742188 -0.33007812
v 0.43554688 0.02148438 -0.33007812
v 0.43554688 0.08398438 -0.33007812
v -0.43945312 -0.35742188 -0.32617188
v -0.43554688 -0.41992188 -0.32617188
v -0.42773438 -0.47851562 -0.32617188
v -0.41601562 -0.53710938 -0.32617188
v -0.40429688 -0.59570312 -0.32617188
v -0.27148438 -0.41992188 -0.32617188
v -0.22851562 -0.24023438 -0.32617188
v 0.22851562 -0.24023438 -0.32617188
v 0.24023438 0.11132812 -0.32617188
v 0.24023438 0.15039062 -0.32617188
v 0.27148438 -0.41601562 -0.32617188
v 0.31445312 0.48632812 -0.32617188
v 0.32617188 0.53710938 -0.32617188
v 0.40429688 -0.59570312 -0.32617188
v 0.41601562 -0.53710938 -0.32617188
v 0.42773438 -0.47851562 -0.32617188
v 0.43554688 -0.41992188 -0.32617188
v 0.43945312 -0.35742188 -0.32617188
v -0.41601562 0.34179688 -0.32226562
v -0.31445312 0.46679688 -0.32226562
v -0.27539062 -0.35742188 -0.32226562
v -0.27539062 -0.29101562 -0.32226562
v -0.22851562 -0.41992188 -0.32226562
v -0.17773438 -0.35742188 -0.32226562
v -0.17773438 -0.29101562 -0.32226562
v 0.17773438 -0.35742188 -0.32226562
v 0.17773438 -0.29101562 -0.32226562
v 0.19726562 0.11132812 -0.32226562
v 0.20117188 0.15039062 -0.32226562
v 0.22851562 -0.41992188 -0.32226562
v 0.27539062 -0.35742188 -0.32226562
v 0.27539062 -0.29101562 -0.32226562
v 0.32226562 0.43554688 -0.32226562
v 0.36132812 0.38085938 -0.32226562
v 0.41601562 0.34179688 -0.32226562
v -0.22851562 -0.35742188 -0.31835938
v -0.22851562 -0.29101562 -0.31835938
v 0.22851562 -0.35742188 -0.31835938
v 0.22851562 -0.29101562 -0.31835938
v -0.36132812 0.37304688 -0.31054688
v 0.50976562 0.81445312 -0.31054688
v -0.31835938 0.41992188 -0.30664062
v -0.47070312 0.65820312 -0.29882812
v -0.41601562 0.61132812 -0.28710938
v 0.50195312 0.74414062 -0.28710938
v -0.44335938 -0.35742188 -0.28320312
v -0.44335938 -0.29101562 -0.28320312
v -0.44335938 -0.22851562 -0.28320312
v -0.44335938 -0.17382812 -0.28320312
v -0.44335938 -0.13085938 -0.28320312
v -0.44335938 -0.08398438 -0.28320312
v -0.43945312 -0.41992188 -0.28320312
v -0.43945312 -0.03710938 -0.28320312
v -0.43554688 -0.47851562 -0.28320312
v -0.42382812 -0.53710938 -0.28320312
v -0.41210938 -0.59179688 -0.28320312
v -0.39257812 -0.61132812 -0.28320312
v -0.36523438 -0.61523438 -0.28320312
v -0.35351562 0.58398438 -0.28320312
v -0.32226562 -0.61523438 -0.28320312
v -0.27148438 -0.61132812 -0.28320312
v -0.21679688 -0.60742188 -0.28320312
v -0.15820312 -0.60742188 -0.28320312
v -0.10351562 -0.60742188 -0.28320312
v -0.04882812 -0.60742188 -0.28320312
v 0.00195312 -0.60742188 -0.28320312
v 0.03320312 -0.60742188 -0.28320312
v 0.10351562 -0.60742188 -0.28320312
v 0.15820312 -0.60742188 -0.28320312
v 0.21679688 -0.60742188 -0.28320312
v 0.27148438 -0.61132812 -0.28320312
v 0.30664062 0.43164062 -0.28320312
v 0.32226562 -0.61523438 -0.28320312
v 0.34179688 0.38476562 -0.28320312
v 0.36523438 -0.61523438 -0.28320312
v 0.39257812 -0.61132812 -0.28320312
v 0.41210938 -0.59179688 -0.28320312
v 0.42382812 -0.53710938 -0.28320312
v 0.43554688 -0.47851562 -0.28320312
v 0.43945312 -0.41992188 -0.28320312
v 0.43945312 -0.03710938 -0.28320312
v 0.44335938 -0.35742188 -0.28320312
v 0.44335938 -0.29101562 -0.28320312
v 0.44335938 -0.22851562 -0.28320312
v 0.44335938 -0.17382812 -0.28320312
v 0.44335938 -0.13085938 -0.28320312
v 0.44335938 -0.08398438 -0.28320312
v -0.31054688 0.53320312 -0.27929688
v 0.38867188 0.35351562 -0.27929688
v 0.47070312 0.66601562 -0.27929688
v -0.41992188 0.33007812 -0.27539062
v -0.38476562 0.34570312 -0.27539062
v -0.34179688 0.37695312 -0.27539062
v -0.29492188 0.47851562 -0.27539062
v 0.29492188 0.48632812 -0.27539062
v 0.35351562 0.59179688 -0.27539062
v 0.41601562 0.61914062 -0.27539062
v 0.41992188 0.33007812 -0.27539062
v -0.46679688 0.87304688 -0.27148438
v -0.43554688 0.02148438 -0.27148438
v -0.43554688 0.29101562 -0.27148438
v -0.43164062 0.08398438 -0.27148438
v -0.43164062 0.15429688 -0.27148438
v -0.43164062 0.22070312 -0.27148438
v -0.40820312 0.87695312 -0.27148438
v 0.31054688 0.54492188 -0.27148438
v 0.43164062 0.02148438 -0.27148438
v 0.43164062 0.08398438 -0.27148438
v 0.43164062 0.15429688 -0.27148438
v 0.43164062 0.22070312 -0.27148438
v 0.43554688 0.29101562 -0.27148438
v -0.49414062 0.85742188 -0.26757812
v -0.32226562 0.87695312 -0.26757812
v -0.30664062 0.42382812 -0.26757812
v -0.50195312 0.81835938 -0.26367188
v -0.22460938 0.87304688 -0.25976562
v -0.49804688 0.74804688 -0.25195312
v -0.43945312 -0.29101562 -0.25195312
v -0.43945312 -0.04882812 -0.25195312
v -0.43945312 -0.03320312 -0.25195312
v 0.43554688 -0.03320312 -0.25195312
v 0.43945312 -0.04492188 -0.25195312
v -0.43945312 -0.22851562 -0.24804688
v -0.14257812 -0.92773438 -0.24804688
v -0.11914062 0.87695312 -0.24804688
v 0.14257812 -0.92773438 -0.24804688
v 0.29882812 0.43554688 -0.24804688
v 0.43945312 -0.22851562 -0.24804688
v -0.43945312 -0.17382812 -0.24414062
v -0.43945312 -0.13085938 -0.24414062
v -0.43945312 -0.08398438 -0.24414062
v -0.14257812 -0.97070312 -0.24414062
v -0.13867188 -0.88476562 -0.24414062
v -0.01367188 0.87695312 -0.24414062
v 0.09960938 0.88085938 -0.24414062
v 0.13867188 -0.88476562 -0.24414062
v 0.14257812 -0.97070312 -0.24414062
v 0.20117188 0.89257812 -0.24414062
v 0.29882812 0.90039062 -0.24414062
v 0.38476562 0.90429688 -0.24414062
v 0.43945312 -0.17382812 -0.24414062
v 0.43945312 -0.13085938 -0.24414062
v 0.43945312 -0.08398438 -0.24414062
v 0.44726562 0.90039062 -0.24414062
v -0.16992188 -0.88085938 -0.24023438
v -0.10742188 -0.92773438 -0.24023438
v 0.10742188 -0.92773438 -0.24023438
v 0.16992188 -0.88085938 -0.24023438
v 0.33007812 0.38867188 -0.24023438
v 0.49023438 0.88085938 -0.24023438
v -0.38476562 -0.27148438 -0.23632812
v -0.38476562 -0.22460938 -0.23632812
v -0.33398438 0.38085938 -0.23632812
v -0.19335938 -0.90429688 -0.23632812
v -0.15429688 -0.59960938 -0.23632812
v -0.11132812 -0.96679688 -0.23632812
v -0.10351562 -0.88476562 -0.23632812
v -0.09960938 -0.59960938 -0.23632812
v -0.04882812 -0.59960938 -0.23632812
v 0.00195312 -0.59960938 -0.23632812
v 0.03320312 -0.59960938 -0.23632812
v 0.09960938 -0.59960938 -0.23632812
v 0.10351562 -0.88867188 -0.23632812
v 0.11132812 -0.96679688 -0.23632812
v 0.15429688 -0.59960938 -0.23632812
v 0.19335938 -0.90429688 -0.23632812
v 0.38476562 -0.27148438 -0.23632812
v 0.38476562 -0.22460938 -0.23632812
v -0.47070312 0.66601562 -0.23242188
v -0.41601562 -0.27539062 -0.23242188
v -0.17382812 -0.98632812 -0.23242188
v -0.13867188 -0.85351562 -0.23242188
v -0.12304688 -0.98632812 -0.23242188
v 0.13867188 -0.85351562 -0.23242188
v 0.17382812 -0.98632812 -0.23242188
v 0.41992188 -0.22460938 -0.23242188
v -0.43945312 -0.41992188 -0.22851562
v -0.43554688 -0.47851562 -0.22851562
v -0.42773438 -0.53320312 -0.22851562
v -0.41992188 -0.22851562 -0.22851562
v -0.41601562 -0.58398438 -0.22851562
v -0.39648438 -0.60742188 -0.22851562
v -0.36523438 -0.61132812 -0.22851562
v -0.32226562 -0.61132812 -0.22851562
v -0.30664062 0.42773438 -0.22851562
v -0.27148438 -0.60742188 -0.22851562
v -0.21679688 -0.60351562 -0.22851562
v 0.10742188 -0.85351562 -0.22851562
v 0.12304688 -0.99023438 -0.22851562
v 0.21679688 -0.60351562 -0.22851562
v 0.27148438 -0.60742188 -0.22851562
v 0.32226562 -0.61132812 -0.22851562
v 0.36523438 -0.61132812 -0.22851562
v 0.39648438 -0.60742188 -0.22851562
v 0.41601562 -0.58398438 -0.22851562
v 0.42773438 -0.53320312 -0.22851562
v 0.43554688 -0.47851562 -0.22851562
v 0.43945312 -0.41992188 -0.22851562
v -0.43554688 -0.04492188 -0.22460938
v -0.41992188 0.61523438 -0.22460938
v -0.37695312 0.34960938 -0.22460938
v -0.36132812 0.58398438 -0.22460938
v -0.35351562 -0.26367188 -0.22460938
v -0.35351562 -0.22460938 -0.22460938
v -0.30273438 0.47851562 -0.22460938
v -0.20117188 -0.98632812 -0.22460938
v -0.16992188 -0.85351562 -0.22460938
v -0.10742188 -0.85351562 -0.22460938
v 0.16992188 -0.85351562 -0.22460938
v 0.19726562 -0.98632812 -0.22460938
v 0.35351562 -0.26367188 -0.22460938
v 0.35351562 -0.22460938 -0.22460938
v 0.37695312 0.35742188 -0.22460938
v 0.43554688 -0.04492188 -0.22460938
v 0.50976562 0.83398438 -0.22460938
v -0.38476562 -0.18945312 -0.22070312
v -0.31835938 0.53710938 -0.22070312
v 0.13867188 -0.83007812 -0.22070312
v 0.30273438 0.44726562 -0.22070312
v -0.13867188 -0.83007812 -0.21679688
v -0.09570312 -0.97851562 -0.21679688
v -0.07226562 -0.89257812 -0.21679688
v 0.06835938 -0.89257812 -0.21679688
v 0.14648438 -0.99804688 -0.21679688
v 0.29882812 0.48632812 -0.21679688
v 0.38476562 -0.18945312 -0.21679688
v 0.41210938 0.33789062 -0.21679688
v -0.41601562 -0.16992188 -0.21289062
v -0.41601562 0.33398438 -0.21289062
v -0.21679688 -0.88476562 -0.21289062
v -0.13476562 -0.99804688 -0.21289062
v 0.10742188 -0.83007812 -0.21289062
v 0.21289062 -0.88476562 -0.21289062
v 0.31835938 0.54101562 -0.21289062
v 0.36132812 0.58789062 -0.21289062
v 0.41601562 -0.16992188 -0.21289062
v 0.41992188 0.61914062 -0.21289062
v 0.47070312 0.66992188 -0.21289062
v -0.43164062 -0.13085938 -0.20898438
v -0.43164062 -0.08398438 -0.20898438
v -0.43164062 -0.03320312 -0.20898438
v -0.42773438 0.02148438 -0.20898438
v -0.42382812 0.08398438 -0.20898438
v -0.42382812 0.15820312 -0.20898438
v -0.19726562 -0.85742188 -0.20898438
v -0.10742188 -0.83007812 -0.20898438
v -0.08398438 -0.85351562 -0.20898438
v 0.08007812 -0.85351562 -0.20898438
v 0.13867188 -0.80664062 -0.20898438
v 0.42382812 0.08398438 -0.20898438
v 0.42382812 0.15820312 -0.20898438
v 0.42382812 0.22851562 -0.20898438
v 0.42773438 -0.13085938 -0.20898438
v 0.42773438 0.02148438 -0.20898438
v 0.43164062 -0.08398438 -0.20898438
v 0.43164062 -0.03320312 -0.20898438
v 0.50585938 0.75585938 -0.20898438
v -0.43164062 0.29882812 -0.20507812
v -0.23242188 -0.96679688 -0.20507812
v -0.23242188 -0.92382812 -0.20507812
v -0.13867188 -0.80664062 -0.20507812
v -0.10742188 -0.80664062 -0.20507812
v 0.08398438 -0.98632812 -0.20507812
v 0.10742188 -0.80664062 -0.20507812
v 0.16992188 -0.81054688 -0.20507812
v 0.20117188 -0.85351562 -0.20507812
v 0.23242188 -0.96679688 -0.20507812
v 0.23242188 -0.92382812 -0.20507812
v 0.43164062 0.29882812 -0.20507812
v -0.46679688 0.89648438 -0.20117188
v -0.41601562 -0.32617188 -0.20117188
v -0.40820312 0.90039062 -0.20117188
v -0.35351562 -0.29101562 -0.20117188
v -0.35351562 -0.18945312 -0.20117188
v -0.33398438 0.39257812 -0.20117188
v -0.09960938 -0.58789062 -0.20117188
v 0.22851562 -0.98632812 -0.20117188
v 0.32617188 0.40820312 -0.20117188
v 0.35351562 -0.29101562 -0.20117188
v 0.35351562 -0.18945312 -0.20117188
v -0.49414062 0.87695312 -0.19726562
v -0.37695312 -0.16601562 -0.19726562
v -0.33398438 -0.26367188 -0.19726562
v -0.33398438 -0.22070312 -0.19726562
v -0.32226562 0.90039062 -0.19726562
v -0.22851562 -0.98632812 -0.19726562
v -0.15039062 -0.58789062 -0.19726562
v 0.09960938 -0.58789062 -0.19726562
v 0.15039062 -0.58789062 -0.19726562
v 0.33398438 -0.26367188 -0.19726562
v 0.33398438 -0.22070312 -0.19726562
v 0.37695312 -0.16210938 -0.19726562
v -0.40429688 0.16992188 -0.19335938
v -0.15820312 -0.81054688 -0.19335938
v 0.00195312 -0.58398438 -0.19335938
v 0.40429688 0.22851562 -0.19335938
v -0.32617188 0.42382812 -0.18945312
v -0.22460938 0.90039062 -0.18945312
v 0.19726562 -0.81835938 -0.18945312
v 0.40429688 0.16992188 -0.18945312
v -0.36914062 0.36132812 -0.18554688
v -0.36523438 0.23242188 -0.18554688
v -0.23242188 -0.88085938 -0.18554688
v -0.18945312 -0.99804688 -0.18554688
v -0.14257812 -0.99804688 -0.18554688
v -0.09570312 -0.99414062 -0.18554688
v 0.10742188 -0.99804688 -0.18554688
v 0.15429688 -0.99804688 -0.18554688
v 0.20117188 -0.99804688 -0.18554688
v 0.23242188 -0.88085938 -0.18554688
v 0.40429688 -0.13085938 -0.18554688
v 0.41992188 -0.08398438 -0.18554688
v -0.39648438 -0.15039062 -0.18164062
v -0.36132812 0.17382812 -0.18164062
v -0.11914062 0.90429688 -0.18164062
v 0.23242188 -0.99414062 -0.18164062
v 0.36132812 0.18164062 -0.18164062
v 0.36523438 0.23632812 -0.18164062
v 0.36914062 0.36914062 -0.18164062
v -0.36523438 0.37695312 -0.17773438
v -0.05273438 -0.88476562 -0.17773438
v -0.05273438 -0.58398438 -0.17773438
v -0.01367188 0.90820312 -0.17773438
v 0.05273438 -0.88867188 -0.17773438
v 0.19726562 -0.79882812 -0.17773438
v 0.33007812 0.43164062 -0.17773438
v -0.38476562 0.56835938 -0.17382812
v -0.34570312 0.52929688 -0.17382812
v -0.33007812 0.47070312 -0.17382812
v -0.05664062 -0.97070312 -0.17382812
v 0.05664062 -0.97460938 -0.17382812
v -0.50585938 0.84179688 -0.16992188
v -0.26757812 -0.97070312 -0.16992188
v -0.26757812 -0.92773438 -0.16992188
v 0.26757812 -0.97070312 -0.16992188
v 0.26757812 -0.92773438 -0.16992188
v -0.43945312 0.59570312 -0.16601562
v -0.43554688 -0.47460938 -0.16601562
v -0.43554688 -0.41601562 -0.16601562
v -0.43554688 -0.36132812 -0.16601562
v -0.42773438 -0.53320312 -0.16601562
v -0.41992188 -0.57617188 -0.16601562
v -0.39648438 -0.59570312 -0.16601562
v -0.38476562 -0.30273438 -0.16601562
v -0.37304688 -0.16210938 -0.16601562
v -0.36523438 -0.60351562 -0.16601562
v -0.35351562 -0.29101562 -0.16601562
v -0.35351562 0.40429688 -0.16601562
v -0.33398438 -0.26367188 -0.16601562
v -0.32226562 -0.60351562 -0.16601562
v -0.27148438 -0.59570312 -0.16601562
v -0.26367188 -0.99023438 -0.16601562
v -0.21679688 -0.59179688 -0.16601562
v 0.21679688 -0.59179688 -0.16601562
v 0.26367188 -0.99023438 -0.16601562
v 0.27148438 -0.59570312 -0.16601562
v 0.32226562 -0.60351562 -0.16601562
v 0.33007812 0.47460938 -0.16601562
v 0.33398438 -0.26367188 -0.16601562
v 0.34570312 0.52929688 -0.16601562
v 0.35351562 -0.29101562 -0.16601562
v 0.36523438 -0.60351562 -0.16601562
v 0.36914062 0.38476562 -0.16601562
v 0.37304688 -0.15820312 -0.16601562
v 0.38085938 0.57226562 -0.16601562
v 0.38476562 -0.30273438 -0.16601562
v 0.39648438 -0.59570312 -0.16601562
v 0.40820312 0.28710938 -0.16601562
v 0.42773438 -0.52539062 -0.16601562
v 0.43554688 -0.47070312 -0.16601562
v 0.43554688 -0.36132812 -0.16601562
v 0.43945312 -0.41601562 -0.16601562
v -0.33398438 -0.22070312 -0.16210938
v 0.00195312 -0.56835938 -0.16210938
v 0.33398438 -0.22070312 -0.16210938
v 0.40429688 0.34960938 -0.16210938
v 0.41992188 -0.31835938 -0.16210938
v -0.40039062 0.36914062 -0.15820312
v -0.39648438 0.12304688 -0.15820312
v 0.18945312 -0.58007812 -0.15820312
v 0.39648438 0.12304688 -0.15820312
v 0.43945312 0.59570312 -0.15820312
v -0.50195312 0.76757812 -0.15429688
v -0.48632812 0.66601562 -0.15429688
v -0.42773438 -0.08398438 -0.15429688
v -0.42773438 -0.03320312 -0.15429688
v -0.42382812 0.02148438 -0.15429688
v -0.41992188 0.08398438 -0.15429688
v -0.41601562 -0.12695312 -0.15429688
v -0.41210938 0.34570312 -0.15429688
v -0.35351562 -0.18945312 -0.15429688
v -0.32617188 0.17773438 -0.15429688
v -0.32617188 0.23242188 -0.15429688
v -0.25585938 -0.88085938 -0.15429688
v -0.09960938 -0.73242188 -0.15429688
v 0.25585938 -0.88085938 -0.15429688
v 0.32617188 0.18164062 -0.15429688
v 0.35351562 -0.18945312 -0.15429688
v 0.35742188 0.14257812 -0.15429688
v 0.37695312 0.28710938 -0.15429688
v 0.41601562 -0.13085938 -0.15429688
v 0.41992188 0.08398438 -0.15429688
v 0.42382812 -0.08398438 -0.15429688
v 0.42382812 -0.03320312 -0.15429688
v 0.42382812 0.02148438 -0.15429688
v -0.38085938 0.52539062 -0.15039062
v -0.06054688 -0.79882812 -0.15039062
v -0.05664062 -0.83398438 -0.15039062
v -0.04101562 -0.92773438 -0.15039062
v -0.04101562 0.96289062 -0.15039062
v 0.04101562 -0.92773438 -0.15039062
v 0.19726562 -0.77929688 -0.15039062
v 0.22070312 -0.80273438 -0.15039062
v 0.32617188 0.23242188 -0.15039062
v 0.40429688 0.36914062 -0.15039062
v 0.48632812 0.65820312 -0.15039062
v -0.38476562 0.40429688 -0.14648438
v -0.34570312 0.13476562 -0.14648438
v -0.34179688 0.27929688 -0.14648438
v 0.20507812 0.92382812 -0.14648438
v 0.31054688 0.93164062 -0.14648438
v 0.37695312 0.40429688 -0.14648438
v 0.39648438 0.93554688 -0.14648438
v 0.45898438 0.93164062 -0.14648438
v 0.49804688 0.90820312 -0.14648438
v -0.37304688 0.46289062 -0.14257812
v -0.35351562 -0.26367188 -0.14257812
v -0.22851562 -0.85351562 -0.14257812
v 0.10351562 -0.65429688 -0.14257812
v 0.13867188 -0.65429688 -0.14257812
v 0.34179688 0.27929688 -0.14257812
v 0.38085938 0.52539062 -0.14257812
v -0.49804688 0.90039062 -0.13867188
v -0.47070312 0.91992188 -0.13867188
v -0.40820312 0.92773438 -0.13867188
v -0.38867188 -0.16210938 -0.13867188
v -0.30273438 -0.97070312 -0.13867188
v -0.26367188 -0.99804688 -0.13867188
v -0.23242188 -0.99804688 -0.13867188
v 0.25976562 -0.99804688 -0.13867188
v 0.29882812 -0.97070312 -0.13867188
v 0.35351562 -0.26367188 -0.13867188
v 0.37304688 0.46289062 -0.13867188
v 0.38867188 -0.16210938 -0.13867188
v -0.38476562 -0.27148438 -0.13476562
v -0.35742188 -0.22460938 -0.13476562
v -0.32226562 0.92773438 -0.13476562
v -0.29882812 -0.92773438 -0.13476562
v -0.29492188 -0.99023438 -0.13476562
v -0.18945312 -0.99804688 -0.13476562
v -0.14257812 -0.99804688 -0.13476562
v -0.09960938 -0.99804688 -0.13476562
v -0.07226562 -0.99414062 -0.13476562
v -0.05273438 -0.98632812 -0.13476562
v -0.04882812 -0.88476562 -0.13476562
v -0.04492188 -0.96679688 -0.13476562
v 0.04492188 -0.96679688 -0.13476562
v 0.04882812 -0.88476562 -0.13476562
v 0.05273438 -0.98632812 -0.13476562
v 0.07226562 -0.99414062 -0.13476562
v 0.10742188 -0.99804688 -0.13476562
v 0.16210938 -0.99804688 -0.13476562
v 0.21679688 -0.99804688 -0.13476562
v 0.29492188 -0.99023438 -0.13476562
v 0.29882812 -0.92773438 -0.13476562
v 0.35742188 -0.22460938 -0.13476562
v 0.38476562 -0.27148438 -0.13476562
v 0.43164062 0.33398438 -0.13476562
v 0.51757812 0.86132812 -0.13476562
v -0.75195312 -0.43164062 -0.13085938
v -0.74414062 -0.38867188 -0.13085938
v -0.73632812 -0.43164062 -0.13085938
v -0.72851562 -0.38867188 -0.13085938
v -0.43164062 0.33007812 -0.13085938
v -0.42773438 0.52539062 -0.13085938
v -0.41601562 0.40429688 -0.13085938
v -0.22460938 0.92773438 -0.13085938
v -0.12304688 0.93164062 -0.13085938
v 0.41601562 0.40429688 -0.13085938
v 0.42773438 0.52539062 -0.13085938
v 0.72851562 -0.38867188 -0.13085938
v 0.73632812 -0.43164062 -0.13085938
v 0.75195312 -0.43164062 -0.13085938
v -0.75585938 -0.46679688 -0.12695312
v -0.74023438 -0.46289062 -0.12695312
v -0.73242188 -0.35742188 -0.12695312
v -0.19726562 -0.77929688 -0.12695312
v -0.08789062 0.96679688 -0.12695312
v 0.38476562 -0.22851562 -0.12695312
v 0.51367188 0.77148438 -0.12695312
v 0.74023438 -0.46289062 -0.12695312
v 0.74414062 -0.38476562 -0.12695312
v 0.75585938 -0.46679688 -0.12695312
v -0.41992188 0.46289062 -0.12304688
v -0.38476562 -0.19726562 -0.12304688
v -0.28710938 -0.88476562 -0.12304688
v 0.07226562 0.95507812 -0.12304688
v 0.18554688 -0.57617188 -0.12304688
v 0.22460938 -0.79492188 -0.12304688
v 0.28710938 -0.88476562 -0.12304688
v 0.38867188 -0.18945312 -0.12304688
v 0.41992188 0.46289062 -0.12304688
v 0.43554688 0.36132812 -0.12304688
v -0.72070312 -0.33398438 -0.11914062
v -0.45507812 0.52539062 -0.11914062
v -0.43554688 0.36132812 -0.11914062
v 0.20117188 -0.77539062 -0.11914062
v 0.70117188 -0.33007812 -0.11914062
v 0.72460938 -0.33789062 -0.11914062
v -0.76757812 -0.46679688 -0.11523438
v -0.76757812 -0.43164062 -0.11523438
v -0.75976562 -0.38476562 -0.11523438
v -0.70507812 -0.38867188 -0.11523438
v -0.70117188 -0.35351562 -0.11523438
v -0.69726562 -0.30273438 -0.11523438
v -0.12304688 -0.78320312 -0.11523438
v 0.00195312 0.27539062 -0.11523438
v 0.00195312 0.31054688 -0.11523438
v 0.33789062 0.13476562 -0.11523438
v 0.45507812 0.52539062 -0.11523438
v 0.69335938 -0.34960938 -0.11523438
v 0.69726562 -0.30273438 -0.11523438
v 0.70507812 -0.38476562 -0.11523438
v 0.75976562 -0.38476562 -0.11523438
v 0.76757812 -0.46679688 -0.11523438
v 0.76757812 -0.43164062 -0.11523438
v -0.74023438 -0.48242188 -0.11132812
v -0.66992188 -0.27929688 -0.11132812
v -0.47851562 0.58789062 -0.11132812
v -0.45117188 0.46289062 -0.11132812
v -0.44335938 0.40429688 -0.11132812
v -0.12304688 -0.72070312 -0.11132812
v 0.05273438 -0.83398438 -0.11132812
v 0.05664062 -0.75585938 -0.11132812
v 0.44335938 0.40429688 -0.11132812
v 0.45117188 0.46289062 -0.11132812
v 0.47851562 0.58398438 -0.11132812
v 0.66992188 -0.27929688 -0.11132812
v 0.74023438 -0.48242188 -0.11132812
v -0.75585938 -0.48632812 -0.10742188
v -0.74023438 -0.33398438 -0.10742188
v -0.72070312 -0.46289062 -0.10742188
v -0.70898438 -0.42382812 -0.10742188
v -0.67773438 -0.33007812 -0.10742188
v -0.65429688 -0.30273438 -0.10742188
v -0.64648438 -0.27929688 -0.10742188
v -0.31054688 0.17382812 -0.10742188
v -0.09960938 -0.79101562 -0.10742188
v -0.03320312 0.27929688 -0.10742188
v -0.03320312 0.31054688 -0.10742188
v 0.02929688 0.31835938 -0.10742188
v 0.03320312 0.27929688 -0.10742188
v 0.06445312 -0.85742188 -0.10742188
v 0.31445312 0.17773438 -0.10742188
v 0.65429688 -0.30664062 -0.10742188
v 0.67773438 -0.34179688 -0.10742188
v 0.70898438 -0.41992188 -0.10742188
v 0.72070312 -0.46289062 -0.10742188
v 0.74023438 -0.33398438 -0.10742188
v 0.75585938 -0.48632812 -0.10742188
v -0.64257812 -0.22851562 -0.10351562
v -0.62695312 -0.28320312 -0.10351562
v -0.61132812 -0.26367188 -0.10351562
v -0.38867188 0.11132812 -0.10351562
v -0.33789062 -0.96679688 -0.10351562
v -0.33398438 -0.92773438 -0.10351562
v -0.33398438 0.28710938 -0.10351562
v -0.31054688 0.23242188 -0.10351562
v 0.00195312 0.33789062 -0.10351562
v 0.31054688 0.23632812 -0.10351562
v 0.33398438 -0.92773438 -0.10351562
v 0.33398438 0.28710938 -0.10351562
v 0.33789062 -0.96679688 -0.10351562
v 0.61132812 -0.26367188 -0.10351562
v 0.63085938 -0.27929688 -0.10351562
v 0.63867188 -0.22851562 -0.10351562
v -0.77148438 -0.48242188 -0.09960938
v -0.71289062 -0.28710938 -0.09960938
v -0.64257812 -0.25195312 -0.09960938
v -0.60742188 -0.23242188 -0.09960938
v -0.43554688 -0.41601562 -0.09960938
v -0.43164062 -0.47070312 -0.09960938
v -0.43164062 -0.36132812 -0.09960938
v -0.42773438 -0.31445312 -0.09960938
v -0.41992188 -0.27929688 -0.09960938
v -0.39648438 -0.58398438 -0.09960938
v -0.38476562 0.31054688 -0.09960938
v -0.36523438 -0.59179688 -0.09960938
v -0.33789062 0.12695312 -0.09960938
v -0.33007812 -0.98632812 -0.09960938
v -0.32226562 -0.59179688 -0.09960938
v -0.27148438 -0.58398438 -0.09960938
v -0.25976562 -0.85742188 -0.09960938
v -0.16992188 -0.66210938 -0.09960938
v -0.06835938 -0.66210938 -0.09960938
v -0.03320312 0.33398438 -0.09960938
v 0.00195312 0.24023438 -0.09960938
v 0.02539062 0.24804688 -0.09960938
v 0.06835938 -0.66210938 -0.09960938
v 0.16992188 -0.66210938 -0.09960938
v 0.25976562 -0.85742188 -0.09960938
v 0.27148438 -0.58398438 -0.09960938
v 0.32226562 -0.59179688 -0.09960938
v 0.33007812 -0.98632812 -0.09960938
v 0.36523438 -0.59179688 -0.09960938
v 0.38476562 0.11914062 -0.09960938
v 0.38476562 0.31054688 -0.09960938
v 0.39648438 -0.58398438 -0.09960938
v 0.41992188 -0.27929688 -0.09960938
v 0.42382812 -0.56445312 -0.09960938
v 0.42773438 -0.51757812 -0.09960938
v 0.42773438 -0.31835938 -0.09960938
v 0.43554688 -0.46289062 -0.09960938
v 0.43945312 -0.40820312 -0.09960938
v 0.43945312 -0.36132812 -0.09960938
v 0.60742188 -0.23242188 -0.09960938
v 0.64257812 -0.25195312 -0.09960938
v 0.65429688 -0.24804688 -0.09960938
v 0.71289062 -0.28710938 -0.09960938
v 0.77148438 -0.48242188 -0.09960938
v -0.77929688 -0.46289062 -0.09570312
v -0.77929688 -0.43164062 -0.09570312
v -0.68164062 -0.25585938 -0.09570312
v -0.42773438 -0.08398438 -0.09570312
v -0.42773438 -0.03320312 -0.09570312
v -0.42382812 -0.13085938 -0.09570312
v -0.42382812 0.02148438 -0.09570312
v -0.41992188 -0.22851562 -0.09570312
v -0.41992188 -0.17773438 -0.09570312
v -0.41992188 0.08398438 -0.09570312
v -0.31054688 -0.99414062 -0.09570312
v -0.22851562 -0.80273438 -0.09570312
v -0.20117188 -0.77929688 -0.09570312
v 0.22851562 -0.80273438 -0.09570312
v 0.31054688 -0.99414062 -0.09570312
v 0.41601562 -0.22851562 -0.09570312
v 0.41601562 0.08398438 -0.09570312
v 0.41992188 -0.17773438 -0.09570312
v 0.42382812 -0.13085938 -0.09570312
v 0.42382812 -0.08398438 -0.09570312
v 0.42382812 -0.03320312 -0.09570312
v 0.42382812 0.02148438 -0.09570312
v 0.68164062 -0.25585938 -0.09570312
v 0.77929688 -0.46289062 -0.09570312
v 0.77929688 -0.43164062 -0.09570312
v -0.77148438 -0.38476562 -0.09179688
v -0.67773438 -0.36914062 -0.09179688
v -0.63867188 -0.18164062 -0.09179688
v -0.61132812 -0.20898438 -0.09179688
v -0.47070312 0.52539062 -0.09179688
v -0.32226562 -0.88476562 -0.09179688
v 0.00195312 -0.56835938 -0.09179688
v 0.02929688 -0.69335938 -0.09179688
v 0.32226562 -0.88476562 -0.09179688
v 0.47070312 0.52539062 -0.09179688
v 0.49804688 0.66992188 -0.09179688
v 0.61132812 -0.20898438 -0.09179688
v 0.63867188 -0.18164062 -0.09179688
v 0.67773438 -0.36523438 -0.09179688
v 0.77148438 -0.38476562 -0.09179688
v -0.75585938 -0.33007812 -0.08789062
v -0.65039062 -0.33398438 -0.08789062
v -0.61914062 -0.30664062 -0.08789062
v -0.58789062 -0.27929688 -0.08789062
v -0.27929688 -0.99804688 -0.08789062
v 0.27929688 -0.99804688 -0.08789062
v 0.58789062 -0.27929688 -0.08789062
v 0.61914062 -0.30664062 -0.08789062
v 0.65039062 -0.33007812 -0.08789062
v 0.65429688 -0.20117188 -0.08789062
v 0.75585938 -0.33007812 -0.08789062
v -0.65820312 -0.20117188 -0.08398438
v -0.58398438 -0.24023438 -0.08398438
v -0.46289062 0.46289062 -0.08398438
v -0.45507812 0.40429688 -0.08398438
v -0.44726562 0.35351562 -0.08398438
v -0.43164062 0.32226562 -0.08398438
v -0.24414062 -0.99804688 -0.08398438
v 0.00195312 0.89648438 -0.08398438
v 0.05664062 0.90820312 -0.08398438
v 0.11914062 -0.79492188 -0.08398438
v 0.23242188 -0.99804688 -0.08398438
v 0.43164062 0.32226562 -0.08398438
v 0.44726562 0.35351562 -0.08398438
v 0.45507812 0.40429688 -0.08398438
v 0.46289062 0.46289062 -0.08398438
v 0.58398438 -0.24023438 -0.08398438
v 0.73242188 -0.47460938 -0.08398438
v -0.73242188 -0.47460938 -0.08007812
v -0.72851562 -0.27929688 -0.08007812
v -0.19726562 -0.99804688 -0.08007812
v -0.14257812 -0.99804688 -0.08007812
v -0.09960938 -0.99804688 -0.08007812
v -0.07226562 -0.99414062 -0.08007812
v -0.05664062 -0.98632812 -0.08007812
v -0.05664062 -0.88476562 -0.08007812
v -0.04882812 -0.96679688 -0.08007812
v -0.04492188 -0.92773438 -0.08007812
v 0.04492188 -0.92773438 -0.08007812
v 0.04882812 -0.96679688 -0.08007812
v 0.05664062 -0.98632812 -0.08007812
v 0.05664062 -0.88476562 -0.08007812
v 0.07617188 -0.99414062 -0.08007812
v 0.11523438 -0.99804688 -0.08007812
v 0.17382812 -0.99804688 -0.08007812
v 0.72851562 -0.27929688 -0.08007812
v -0.75585938 -0.48242188 -0.07617188
v -0.69726562 -0.42773438 -0.07617188
v -0.69726562 -0.24023438 -0.07617188
v -0.66601562 -0.22851562 -0.07617188
v -0.61132812 -0.17382812 -0.07617188
v -0.59960938 -0.19726562 -0.07617188
v -0.49804688 0.69726562 -0.07617188
v -0.49414062 0.64648438 -0.07617188
v -0.45507812 -0.00195312 -0.07617188
v 0.09960938 0.93945312 -0.07617188
v 0.34179688 0.13476562 -0.07617188
v 0.59960938 -0.19726562 -0.07617188
v 0.61132812 -0.17382812 -0.07617188
v 0.66601562 -0.22070312 -0.07617188
v 0.69726562 -0.42773438 -0.07617188
v 0.69726562 -0.24023438 -0.07617188
v 0.75585938 -0.48242188 -0.07617188
v -0.77539062 -0.47070312 -0.07226562
v -0.67382812 -0.38476562 -0.07226562
v -0.59179688 -0.14648438 -0.07226562
v -0.46679688 -0.02148438 -0.07226562
v -0.43554688 -0.00195312 -0.07226562
v -0.43164062 0.02148438 -0.07226562
v -0.08007812 0.27929688 -0.07226562
v -0.08007812 0.30664062 -0.07226562
v -0.06835938 0.33398438 -0.07226562
v -0.05273438 0.35351562 -0.07226562
v -0.02929688 0.36523438 -0.07226562
v 0.00195312 0.36914062 -0.07226562
v 0.02539062 0.36523438 -0.07226562
v 0.04882812 0.35351562 -0.07226562
v 0.06835938 0.33398438 -0.07226562
v 0.07617188 0.27929688 -0.07226562
v 0.07617188 0.30664062 -0.07226562
v 0.43164062 0.02148438 -0.07226562
v 0.43945312 -0.00195312 -0.07226562
v 0.46289062 -0.02539062 -0.07226562
v 0.56445312 -0.26367188 -0.07226562
v 0.59179688 -0.14648438 -0.07226562
v 0.65429688 -0.16210938 -0.07226562
v 0.67382812 -0.38476562 -0.07226562
v 0.77539062 -0.47070312 -0.07226562
v -0.65429688 -0.16210938 -0.06835938
v -0.56054688 -0.25585938 -0.06835938
v -0.55664062 -0.10351562 -0.06835938
v -0.52148438 -0.06445312 -0.06835938
v -0.48242188 -0.03320312 -0.06835938
v -0.36914062 -0.97070312 -0.06835938
v -0.36914062 -0.92773438 -0.06835938
v -0.30273438 -0.85742188 -0.06835938
v -0.11523438 0.96679688 -0.06835938
v -0.06835938 0.25195312 -0.06835938
v -0.04882812 0.22851562 -0.06835938
v -0.02539062 0.21289062 -0.06835938
v 0.00195312 0.20898438 -0.06835938
v 0.02539062 0.21289062 -0.06835938
v 0.05273438 0.22851562 -0.06835938
v 0.06835938 0.25195312 -0.06835938
v 0.11523438 0.96679688 -0.06835938
v 0.15429688 0.95898438 -0.06835938
v 0.30273438 -0.85742188 -0.06835938
v 0.36914062 -0.97070312 -0.06835938
v 0.36914062 -0.92773438 -0.06835938
v 0.45117188 0.01757812 -0.06835938
v 0.48242188 -0.03320312 -0.06835938
v 0.48242188 -0.00195312 -0.06835938
v 0.51757812 -0.06445312 -0.06835938
v 0.55664062 -0.10351562 -0.06835938
v -0.66601562 -0.17773438 -0.06445312
v -0.48632812 0.59179688 -0.06445312
v -0.36132812 -0.99023438 -0.06445312
v -0.36132812 0.12304688 -0.06445312
v -0.32617188 0.16992188 -0.06445312
v -0.22070312 -0.80664062 -0.06445312
v -0.15429688 0.95898438 -0.06445312
v -0.13867188 -0.70507812 -0.06445312
v -0.10351562 -0.70507812 -0.06445312
v 0.10351562 -0.73242188 -0.06445312
v 0.10351562 -0.70507812 -0.06445312
v 0.10351562 -0.66210938 -0.06445312
v 0.13867188 -0.70507812 -0.06445312
v 0.13867188 -0.66210938 -0.06445312
v 0.36132812 -0.99023438 -0.06445312
v 0.48632812 0.59179688 -0.06445312
v 0.66992188 -0.18554688 -0.06445312
v -0.78710938 -0.43164062 -0.06054688
v -0.78320312 -0.38476562 -0.06054688
v -0.76757812 -0.33007812 -0.06054688
v -0.64648438 -0.35351562 -0.06054688
v -0.63085938 -0.15429688 -0.06054688
v -0.60742188 -0.11914062 -0.06054688
v -0.57617188 -0.17773438 -0.06054688
v -0.57226562 -0.07617188 -0.06054688
v -0.53710938 -0.04101562 -0.06054688
v -0.51367188 0.92773438 -0.06054688
v -0.49804688 -0.01367188 -0.06054688
v -0.48632812 0.00585938 -0.06054688
v -0.47460938 0.95117188 -0.06054688
v -0.45117188 -0.03710938 -0.06054688
v -0.41210938 0.95507812 -0.06054688
v -0.34179688 0.28320312 -0.06054688
v -0.32617188 0.95507812 -0.06054688
v -0.23242188 0.95507812 -0.06054688
v -0.19726562 -0.78710938 -0.06054688
v 0.22070312 -0.80664062 -0.06054688
v 0.23242188 0.95507812 -0.06054688
v 0.32226562 0.17773438 -0.06054688
v 0.34179688 0.28320312 -0.06054688
v 0.45117188 -0.03710938 -0.06054688
v 0.49804688 -0.01367188 -0.06054688
v 0.50195312 -0.37304688 -0.06054688
v 0.53710938 -0.04101562 -0.06054688
v 0.57226562 -0.07617188 -0.06054688
v 0.57617188 -0.17773438 -0.06054688
v 0.60742188 -0.11914062 -0.06054688
v 0.63085938 -0.15429688 -0.06054688
v 0.64648438 -0.34960938 -0.06054688
v 0.75585938 -0.30273438 -0.06054688
v 0.76757812 -0.33007812 -0.06054688
v 0.78320312 -0.38476562 -0.06054688
v 0.78710938 -0.43164062 -0.06054688
v -0.74023438 -0.27539062 -0.05664062
v -0.61132812 -0.32617188 -0.05664062
v -0.57617188 -0.30273438 -0.05664062
v -0.54882812 -0.27929688 -0.05664062
v -0.54101562 -0.13085938 -0.05664062
v -0.50585938 -0.08398438 -0.05664062
v -0.46679688 -0.05273438 -0.05664062
v -0.35742188 -0.88867188 -0.05664062
v -0.32617188 0.22851562 -0.05664062
v 0.19726562 -0.78710938 -0.05664062
v 0.32617188 0.95898438 -0.05664062
v 0.35742188 -0.88867188 -0.05664062
v 0.40820312 0.96289062 -0.05664062
v 0.46679688 -0.05273438 -0.05664062
v 0.47070312 0.95898438 -0.05664062
v 0.50585938 -0.08398438 -0.05664062
v 0.50976562 0.93554688 -0.05664062
v 0.54101562 -0.13085938 -0.05664062
v 0.54882812 -0.27929688 -0.05664062
v 0.57617188 -0.30664062 -0.05664062
v 0.61132812 -0.32617188 -0.05664062
v 0.74023438 -0.27539062 -0.05664062
v -0.68554688 -0.21679688 -0.05273438
v -0.57226562 -0.22070312 -0.05273438
v -0.52148438 0.86914062 -0.05273438
v -0.42382812 0.04492188 -0.05273438
v -0.41992188 0.00976562 -0.05273438
v -0.39257812 0.11914062 -0.05273438
v 0.32226562 0.23632812 -0.05273438
v 0.36132812 0.13085938 -0.05273438
v 0.41601562 0.00976562 -0.05273438
v 0.42382812 0.04492188 -0.05273438
v 0.52539062 0.90039062 -0.05273438
v 0.68554688 -0.20898438 -0.05273438
v -0.70898438 -0.23242188 -0.04882812
v -0.67382812 -0.19335938 -0.04882812
v -0.51367188 0.77929688 -0.04882812
v -0.47460938 0.52539062 -0.04882812
v -0.16992188 -0.78710938 -0.04882812
v 0.47460938 0.52539062 -0.04882812
v 0.48632812 0.01367188 -0.04882812
v 0.52539062 0.84960938 -0.04882812
v 0.67382812 -0.19335938 -0.04882812
v 0.70898438 -0.23242188 -0.04882812
v -0.76757812 -0.45898438 -0.04492188
v -0.66601562 -0.38867188 -0.04492188
v -0.37695312 0.28710938 -0.04492188
v -0.13867188 -0.78710938 -0.04492188
v -0.02929688 -0.57617188 -0.04492188
v 0.00195312 -0.56835938 -0.04492188
v 0.37695312 0.28710938 -0.04492188
v 0.39257812 0.12304688 -0.04492188
v 0.51367188 0.77148438 -0.04492188
v 0.54492188 -0.25195312 -0.04492188
v 0.72851562 -0.45898438 -0.04492188
v 0.77148438 -0.45898438 -0.04492188
v -0.54492188 -0.24023438 -0.04101562
v -0.46679688 0.46289062 -0.04101562
v -0.34179688 -0.85742188 -0.04101562
v -0.33789062 -0.99414062 -0.04101562
v -0.19726562 -0.81054688 -0.04101562
v 0.33789062 -0.99414062 -0.04101562
v 0.34179688 -0.85742188 -0.04101562
v 0.46679688 0.46289062 -0.04101562
v 0.66601562 -0.38476562 -0.04101562
v -0.77148438 -0.48632812 -0.03710938
v -0.73632812 -0.48632812 -0.03710938
v -0.45898438 0.40429688 -0.03710938
v 0.19726562 -0.80664062 -0.03710938
v 0.45898438 0.40429688 -0.03710938
v 0.54492188 -0.24023438 -0.03710938
v 0.73632812 -0.48632812 -0.03710938
v 0.77148438 -0.48632812 -0.03710938
v -0.79882812 -0.43164062 -0.03320312
v -0.79492188 -0.38476562 -0.03320312
v -0.77929688 -0.33007812 -0.03320312
v -0.58398438 -0.06835938 -0.03320312
v -0.53710938 -0.26367188 -0.03320312
v -0.44726562 0.34179688 -0.03320312
v -0.43164062 -0.46679688 -0.03320312
v -0.43164062 -0.41601562 -0.03320312
v -0.43164062 -0.36132812 -0.03320312
v -0.43164062 -0.29882812 -0.03320312
v -0.43164062 -0.24023438 -0.03320312
v -0.43164062 -0.18164062 -0.03320312
v -0.43164062 -0.13085938 -0.03320312
v -0.43164062 -0.08398438 -0.03320312
v -0.43164062 -0.03320312 -0.03320312
v -0.42773438 0.02148438 -0.03320312
v -0.42382812 0.08398438 -0.03320312
v -0.41992188 -0.55664062 -0.03320312
v -0.39648438 -0.57226562 -0.03320312
v -0.36523438 -0.58007812 -0.03320312
v -0.35742188 0.16210938 -0.03320312
v -0.32226562 -0.58007812 -0.03320312
v -0.30273438 -0.99414062 -0.03320312
v -0.27539062 -0.84570312 -0.03320312
v -0.27148438 -0.57226562 -0.03320312
v -0.16992188 -0.81054688 -0.03320312
v 0.27148438 -0.57226562 -0.03320312
v 0.27539062 -0.84570312 -0.03320312
v 0.29882812 -0.99414062 -0.03320312
v 0.32226562 -0.58007812 -0.03320312
v 0.36523438 -0.58007812 -0.03320312
v 0.39648438 -0.57226562 -0.03320312
v 0.41992188 -0.55273438 -0.03320312
v 0.41992188 0.08398438 -0.03320312
v 0.42773438 -0.50585938 -0.03320312
v 0.42773438 0.02148438 -0.03320312
v 0.43164062 -0.27929688 -0.03320312
v 0.43164062 -0.23242188 -0.03320312
v 0.43164062 -0.18164062 -0.03320312
v 0.43164062 -0.13085938 -0.03320312
v 0.43164062 -0.08398438 -0.03320312
v 0.43164062 -0.03320312 -0.03320312
v 0.43554688 -0.45117188 -0.03320312
v 0.43554688 -0.31445312 -0.03320312
v 0.43945312 -0.40039062 -0.03320312
v 0.44726562 0.34179688 -0.03320312
v 0.53710938 -0.26367188 -0.03320312
v 0.58398438 -0.06835938 -0.03320312
v 0.77929688 -0.33007812 -0.03320312
v 0.79492188 -0.38476562 -0.03320312
v 0.79882812 -0.43164062 -0.03320312
v -0.80273438 -0.47460938 -0.02929688
v -0.77148438 -0.52148438 -0.02929688
v -0.74804688 -0.27539062 -0.02929688
v -0.74023438 -0.52148438 -0.02929688
v -0.70117188 -0.43554688 -0.02929688
v -0.64648438 -0.36914062 -0.02929688
v -0.61523438 -0.10742188 -0.02929688
v -0.56835938 -0.19335938 -0.02929688
v -0.54882812 -0.03320312 -0.02929688
v -0.53710938 -0.14257812 -0.02929688
v -0.51367188 -0.00195312 -0.02929688
v -0.50195312 -0.09179688 -0.02929688
v -0.49804688 0.66210938 -0.02929688
v -0.46289062 -0.06054688 -0.02929688
v -0.44335938 -0.04492188 -0.02929688
v -0.42382812 0.28710938 -0.02929688
v -0.25585938 -0.99414062 -0.02929688
v -0.13867188 -0.80664062 -0.02929688
v 0.22460938 -0.84570312 -0.02929688
v 0.25195312 -0.99414062 -0.02929688
v 0.43945312 -0.04492188 -0.02929688
v 0.46289062 -0.06054688 -0.02929688
v 0.49804688 0.68164062 -0.02929688
v 0.50195312 -0.09179688 -0.02929688
v 0.51367188 -0.00195312 -0.02929688
v 0.53710938 -0.14257812 -0.02929688
v 0.54882812 -0.03320312 -0.02929688
v 0.61523438 -0.10742188 -0.02929688
v 0.64648438 -0.36523438 -0.02929688
v 0.69726562 -0.43554688 -0.02929688
v 0.74023438 -0.52148438 -0.02929688
v 0.74804688 -0.27539062 -0.02929688
v 0.77148438 -0.52148438 -0.02929688
v -0.69335938 -0.19726562 -0.02539062
v -0.53710938 -0.28710938 -0.02539062
v -0.48242188 0.02539062 -0.02539062
v -0.45117188 0.04882812 -0.02539062
v -0.42773438 0.05664062 -0.02539062
v -0.39648438 -0.96679688 -0.02539062
v -0.39648438 -0.92773438 -0.02539062
v -0.38867188 -0.98632812 -0.02539062
v -0.37304688 -0.99414062 -0.02539062
v -0.22460938 -0.84570312 -0.02539062
v -0.20507812 -0.99414062 -0.02539062
v -0.15039062 -0.99414062 -0.02539062
v -0.13867188 -0.83398438 -0.02539062
v -0.08398438 -0.88476562 -0.02539062
v 0.08398438 -0.88476562 -0.02539062
v 0.13867188 -0.99414062 -0.02539062
v 0.19335938 -0.99414062 -0.02539062
v 0.35742188 0.17382812 -0.02539062
v 0.37304688 -0.99414062 -0.02539062
v 0.38867188 -0.98632812 -0.02539062
v 0.39648438 -0.96679688 -0.02539062
v 0.39648438 -0.92773438 -0.02539062
v 0.42382812 0.28320312 -0.02539062
v 0.42773438 0.05664062 -0.02539062
v 0.45117188 0.04882812 -0.02539062
v 0.48242188 0.02539062 -0.02539062
v 0.69335938 -0.19726562 -0.02539062
v 0.80273438 -0.47851562 -0.02539062
v -0.72070312 -0.23242188 -0.02148438
v -0.61132812 -0.34570312 -0.02148438
v -0.57226562 -0.31835938 -0.02148438
v -0.36132812 0.22460938 -0.02148438
v -0.13867188 -0.85742188 -0.02148438
v -0.10742188 -0.99414062 -0.02148438
v -0.09960938 0.36132812 -0.02148438
v -0.08007812 -0.98632812 -0.02148438
v -0.07226562 -0.96679688 -0.02148438
v -0.07226562 -0.92773438 -0.02148438
v -0.06054688 0.90039062 -0.02148438
v 0.00195312 0.89257812 -0.02148438
v 0.05664062 0.90039062 -0.02148438
v 0.07226562 -0.96679688 -0.02148438
v 0.07226562 -0.92773438 -0.02148438
v 0.08007812 -0.98632812 -0.02148438
v 0.09960938 -0.99414062 -0.02148438
v 0.36132812 0.22851562 -0.02148438
v 0.49023438 -0.36132812 -0.02148438
v 0.54101562 -0.28710938 -0.02148438
v 0.56445312 -0.31054688 -0.02148438
v 0.61132812 -0.34570312 -0.02148438
v 0.72070312 -0.23242188 -0.02148438
v -0.74414062 -0.54882812 -0.01757812
v -0.68945312 -0.16992188 -0.01757812
v -0.66601562 -0.39257812 -0.01757812
v -0.40039062 0.16210938 -0.01757812
v -0.38476562 -0.88476562 -0.01757812
v -0.32226562 -0.84179688 -0.01757812
v -0.10351562 0.93554688 -0.01757812
v 0.10351562 0.93554688 -0.01757812
v 0.32617188 -0.84179688 -0.01757812
v 0.38476562 -0.88476562 -0.01757812
v 0.57617188 -0.33007812 -0.01757812
v 0.68945312 -0.16992188 -0.01757812
v 0.74414062 -0.54882812 -0.01757812
v -0.76757812 -0.54882812 -0.01367188
v -0.56835938 -0.20898438 -0.01367188
v -0.03710938 -0.65429688 -0.01367188
v 0.40039062 0.16210938 -0.01367188
v 0.56835938 -0.20898438 -0.01367188
v 0.66210938 -0.38867188 -0.01367188
v 0.76757812 -0.54882812 -0.01367188
v -0.82226562 -0.46679688 -0.00976562
v -0.81835938 -0.49804688 -0.00976562
v -0.81835938 -0.41210938 -0.00976562
v -0.79882812 -0.52539062 -0.00976562
v -0.79101562 -0.33007812 -0.00976562
v -0.75585938 -0.27539062 -0.00976562
v -0.71679688 -0.51757812 -0.00976562
v -0.54101562 -0.23242188 -0.00976562
v -0.52929688 -0.25976562 -0.00976562
v -0.48632812 0.59960938 -0.00976562
v -0.36914062 -0.85351562 -0.00976562
v -0.12304688 0.97851562 -0.00976562
v -0.11523438 0.27929688 -0.00976562
v -0.11523438 0.31835938 -0.00976562
v -0.09960938 0.35351562 -0.00976562
v -0.04101562 0.39648438 -0.00976562
v 0.00195312 0.40429688 -0.00976562
v 0.03710938 0.39648438 -0.00976562
v 0.07226562 0.38085938 -0.00976562
v 0.09960938 0.35351562 -0.00976562
v 0.11523438 0.27929688 -0.00976562
v 0.11523438 0.31835938 -0.00976562
v 0.12304688 0.97851562 -0.00976562
v 0.20898438 -0.59960938 -0.00976562
v 0.36914062 -0.85351562 -0.00976562
v 0.48632812 0.60351562 -0.00976562
v 0.52929688 -0.25976562 -0.00976562
v 0.53710938 -0.22851562 -0.00976562
v 0.71679688 -0.51757812 -0.00976562
v 0.75585938 -0.27539062 -0.00976562
v 0.79101562 -0.33007812 -0.00976562
v 0.79882812 -0.52539062 -0.00976562
v 0.81054688 -0.38476562 -0.00976562
v 0.81835938 -0.49804688 -0.00976562
v 0.81835938 -0.43164062 -0.00976562
v 0.82226562 -0.46679688 -0.00976562
v -0.72851562 -0.54882812 -0.00585938
v -0.40429688 0.22070312 -0.00585938
v -0.16992188 0.97851562 -0.00585938
v -0.09960938 0.24023438 -0.00585938
v -0.07226562 0.21289062 -0.00585938
v -0.04492188 -0.64257812 -0.00585938
v -0.03710938 0.19335938 -0.00585938
v 0.00195312 0.18554688 -0.00585938
v 0.03710938 0.19335938 -0.00585938
v 0.07226562 0.21289062 -0.00585938
v 0.09960938 0.24023438 -0.00585938
v 0.16992188 0.97851562 -0.00585938
v 0.40429688 0.22070312 -0.00585938
v 0.72851562 -0.54882812 -0.00585938
v -0.49804688 -0.27929688 -0.00195312
v -0.04101562 -0.54882812 -0.00195312
v -0.64648438 -0.37695312 0.00195312
v -0.57617188 -0.07617188 0.00195312
v -0.54492188 -0.04101562 0.00195312
v -0.54101562 -0.13476562 0.00195312
v -0.50976562 -0.08398438 0.00195312
v -0.50976562 -0.00976562 0.00195312
v -0.50585938 0.69726562 0.00195312
v -0.47070312 -0.05273438 0.00195312
v -0.43554688 -0.03320312 0.00195312
v -0.42773438 0.04492188 0.00195312
v -0.42382812 0.00976562 0.00195312
v -0.24414062 0.97851562 0.00195312
v -0.04101562 -0.54882812 0.00195312
v 0.00195312 -0.54882812 0.00195312
v 0.04882812 -0.56445312 0.00195312
v 0.24414062 0.97851562 0.00195312
v 0.42382812 0.00976562 0.00195312
v 0.42773438 0.04492188 0.00195312
v 0.46679688 -0.05273438 0.00195312
v 0.50585938 -0.08398438 0.00195312
v 0.50585938 -0.00976562 0.00195312
v 0.54101562 -0.13476562 0.00195312
v 0.54492188 -0.04101562 0.00195312
v 0.57617188 -0.07617188 0.00195312
v 0.64648438 -0.37304688 0.00195312
v 0.69726562 -0.19726562 0.00195312
v -0.74414062 -0.56445312 0.00585938
v -0.70117188 -0.20117188 0.00585938
v -0.69335938 -0.16992188 0.00585938
v -0.60742188 -0.11523438 0.00585938
v -0.57226562 -0.18945312 0.00585938
v -0.47851562 0.01367188 0.00585938
v -0.45117188 -0.03320312 0.00585938
v -0.44726562 0.03710938 0.00585938
v -0.34179688 -0.83398438 0.00585938
v 0.44726562 -0.03320312 0.00585938
v 0.44726562 0.03710938 0.00585938
v 0.47460938 0.01367188 0.00585938
v 0.60742188 -0.11523438 0.00585938
v 0.69335938 -0.16992188 0.00585938
v 0.74414062 -0.56445312 0.00585938
v -0.80273438 -0.52929688 0.00976562
v -0.77148438 -0.55273438 0.00976562
v -0.72070312 -0.23242188 0.00976562
v -0.47460938 0.52539062 0.00976562
v -0.18945312 -0.69335938 0.00976562
v -0.06445312 0.39257812 0.00976562
v -0.06054688 -0.56835938 0.00976562
v 0.05273438 -0.54492188 0.00976562
v 0.43554688 -0.03320312 0.00976562
v 0.43554688 0.02148438 0.00976562
v 0.47460938 0.52539062 0.00976562
v 0.72070312 -0.23242188 0.00976562
v 0.77148438 -0.55273438 0.00976562
v 0.80273438 -0.52929688 0.00976562
v -0.83007812 -0.46679688 0.01367188
v -0.82617188 -0.49804688 0.01367188
v -0.82617188 -0.41210938 0.01367188
v -0.79492188 -0.33007812 0.01367188
v -0.75976562 -0.27539062 0.01367188
v -0.72851562 -0.54882812 0.01367188
v -0.06835938 -0.60742188 0.01367188
v 0.43945312 0.00195312 0.01367188
v 0.50195312 0.69335938 0.01367188
v 0.60351562 -0.18945312 0.01367188
v 0.72851562 -0.54882812 0.01367188
v 0.75976562 -0.27539062 0.01367188
v 0.79492188 -0.32617188 0.01367188
v 0.81835938 -0.38476562 0.01367188
v 0.82617188 -0.49804688 0.01367188
v 0.82617188 -0.42773438 0.01367188
v 0.83007812 -0.46679688 0.01367188
v -0.57226562 -0.32617188 0.01757812
v -0.52539062 -0.06445312 0.01757812
v -0.49414062 -0.03320312 0.01757812
v -0.46679688 -0.00976562 0.01757812
v -0.46679688 0.46289062 0.01757812
v -0.43945312 0.01757812 0.01757812
v 0.33789062 -0.83007812 0.01757812
v 0.43554688 0.02148438 0.01757812
v 0.46289062 -0.00976562 0.01757812
v 0.49023438 -0.03320312 0.01757812
v 0.52539062 -0.06445312 0.01757812
v 0.56835938 -0.33398438 0.01757812
v 0.63476562 -0.15429688 0.01757812
v 0.65039062 -0.38476562 0.01757812
v -0.71679688 -0.51757812 0.02148438
v -0.71289062 -0.48632812 0.02148438
v -0.61523438 -0.35742188 0.02148438
v -0.56835938 -0.20507812 0.02148438
v -0.56054688 -0.09570312 0.02148438
v -0.55664062 -0.11914062 0.02148438
v -0.53710938 -0.22851562 0.02148438
v -0.52148438 0.95507812 0.02148438
v -0.47851562 0.97460938 0.02148438
v -0.41601562 0.97851562 0.02148438
v -0.36132812 -0.83398438 0.02148438
v -0.33398438 0.97851562 0.02148438
v -0.13867188 -0.69335938 0.02148438
v -0.08789062 -0.60742188 0.02148438
v -0.07617188 -0.54492188 0.02148438
v 0.07226562 -0.54492188 0.02148438
v 0.13867188 -0.69335938 0.02148438
v 0.33398438 0.97851562 0.02148438
v 0.36132812 -0.83398438 0.02148438
v 0.41601562 0.97851562 0.02148438
v 0.46679688 0.46289062 0.02148438
v 0.47851562 0.97460938 0.02148438
v 0.52148438 0.95898438 0.02148438
v 0.53710938 -0.22851562 0.02148438
v 0.55664062 -0.11914062 0.02148438
v 0.56054688 -0.09570312 0.02148438
v 0.56835938 -0.20507812 0.02148438
v 0.61132812 -0.35742188 0.02148438
v 0.71679688 -0.51757812 0.02148438
v -0.58789062 -0.13867188 0.02539062
v -0.58398438 -0.16601562 0.02539062
v -0.53320312 0.92382812 0.02539062
v -0.52929688 0.86523438 0.02539062
v -0.52539062 -0.25976562 0.02539062
v -0.46289062 0.40429688 0.02539062
v -0.45507812 0.34179688 0.02539062
v -0.43945312 -0.29882812 0.02539062
v -0.43945312 -0.24023438 0.02539062
v -0.43945312 -0.18164062 0.02539062
v -0.43945312 -0.13085938 0.02539062
v -0.43945312 -0.08398438 0.02539062
v -0.43945312 -0.03320312 0.02539062
v -0.43554688 -0.41601562 0.02539062
v -0.43554688 -0.36132812 0.02539062
v -0.43554688 0.02148438 0.02539062
v -0.43554688 0.08398438 0.02539062
v -0.43554688 0.15039062 0.02539062
v -0.43164062 -0.46289062 0.02539062
v -0.42773438 -0.50976562 0.02539062
v -0.41992188 -0.54492188 0.02539062
v -0.41210938 -0.55664062 0.02539062
v -0.40820312 -0.96679688 0.02539062
v -0.40820312 -0.92773438 0.02539062
v -0.40039062 -0.98632812 0.02539062
v -0.40039062 -0.88476562 0.02539062
v -0.39257812 -0.56445312 0.02539062
v -0.38476562 -0.99023438 0.02539062
v -0.38476562 -0.85351562 0.02539062
v -0.36523438 -0.57226562 0.02539062
v -0.35742188 0.79492188 0.02539062
v -0.35351562 -0.99023438 0.02539062
v -0.33007812 0.81445312 0.02539062
v -0.32226562 -0.57226562 0.02539062
v -0.32226562 0.75976562 0.02539062
v -0.31054688 -0.99023438 0.02539062
v -0.29882812 0.78320312 0.02539062
v -0.27148438 -0.56445312 0.02539062
v -0.22070312 -0.54882812 0.02539062
v -0.21679688 -0.54882812 0.02539062
v -0.16992188 -0.54882812 0.02539062
v 0.16992188 -0.54882812 0.02539062
v 0.27148438 -0.56445312 0.02539062
v 0.29882812 0.78320312 0.02539062
v 0.31054688 -0.99023438 0.02539062
v 0.31054688 -0.82226562 0.02539062
v 0.32226562 -0.57226562 0.02539062
v 0.32226562 0.75585938 0.02539062
v 0.35351562 -0.99023438 0.02539062
v 0.36523438 -0.57226562 0.02539062
v 0.38476562 -0.99023438 0.02539062
v 0.38476562 -0.85351562 0.02539062
v 0.39257812 -0.56445312 0.02539062
v 0.40039062 -0.98632812 0.02539062
v 0.40039062 -0.88476562 0.02539062
v 0.40820312 -0.96679688 0.02539062
v 0.40820312 -0.92773438 0.02539062
v 0.41210938 -0.55273438 0.02539062
v 0.41992188 -0.53710938 0.02539062
v 0.42773438 -0.49414062 0.02539062
v 0.43164062 0.15039062 0.02539062
v 0.43554688 -0.43554688 0.02539062
v 0.43554688 0.08398438 0.02539062
v 0.43945312 -0.39257812 0.02539062
v 0.43945312 -0.29882812 0.02539062
v 0.43945312 -0.24023438 0.02539062
v 0.43945312 -0.18164062 0.02539062
v 0.43945312 -0.13085938 0.02539062
v 0.43945312 -0.08398438 0.02539062
v 0.43945312 -0.03320312 0.02539062
v 0.43945312 0.02148438 0.02539062
v 0.45507812 0.34179688 0.02539062
v 0.46289062 0.40429688 0.02539062
v 0.52929688 -0.26367188 0.02539062
v 0.52929688 0.86523438 0.02539062
v 0.53320312 -0.29882812 0.02539062
v 0.53320312 0.92382812 0.02539062
v 0.58789062 -0.13867188 0.02539062
v 0.69335938 -0.19726562 0.02539062
v 0.70507812 -0.45898438 0.02539062
v 0.71289062 -0.48242188 0.02539062
v -0.79492188 -0.52539062 0.02929688
v -0.75976562 -0.54882812 0.02929688
v -0.74023438 -0.54882812 0.02929688
v -0.69335938 -0.19335938 0.02929688
v -0.67382812 -0.15820312 0.02929688
v -0.51757812 0.78320312 0.02929688
v -0.44726562 0.27929688 0.02929688
v -0.43554688 0.21679688 0.02929688
v -0.31054688 -0.82226562 0.02929688
v -0.26757812 -0.99023438 0.02929688
v -0.26757812 -0.82226562 0.02929688
v -0.21679688 -0.99023438 0.02929688
v -0.21289062 -0.83398438 0.02929688
v -0.16210938 -0.99023438 0.02929688
v -0.15429688 -0.85351562 0.02929688
v -0.13867188 -0.56835938 0.02929688
v -0.11523438 -0.88476562 0.02929688
v -0.10742188 -0.56835938 0.02929688
v -0.09570312 0.95117188 0.02929688
v 0.09179688 0.95117188 0.02929688
v 0.10351562 -0.56835938 0.02929688
v 0.11523438 -0.88476562 0.02929688
v 0.13867188 -0.56835938 0.02929688
v 0.16210938 -0.99023438 0.02929688
v 0.21289062 -0.99023438 0.02929688
v 0.21679688 -0.83398438 0.02929688
v 0.26757812 -0.99023438 0.02929688
v 0.26757812 -0.82226562 0.02929688
v 0.43554688 0.21679688 0.02929688
v 0.44726562 0.27929688 0.02929688
v 0.51757812 0.78320312 0.02929688
v 0.74023438 -0.54882812 0.02929688
v 0.75976562 -0.54882812 0.02929688
v 0.79492188 -0.52539062 0.02929688
v -0.75585938 -0.27539062 0.03320312
v -0.68945312 -0.43164062 0.03320312
v -0.15429688 -0.54492188 0.03320312
v -0.12695312 -0.99023438 0.03320312
v -0.10742188 -0.98632812 0.03320312
v -0.10351562 -0.54492188 0.03320312
v -0.05273438 0.92773438 0.03320312
v 0.00195312 0.92382812 0.03320312
v 0.05273438 0.92773438 0.03320312
v 0.10351562 -0.54492188 0.03320312
v 0.10742188 -0.98632812 0.03320312
v 0.12695312 -0.99023438 0.03320312
v 0.15429688 -0.54882812 0.03320312
v 0.66992188 -0.41210938 0.03320312
v 0.67382812 -0.15820312 0.03320312
v 0.75585938 -0.27539062 0.03320312
v -0.82226562 -0.47070312 0.03710938
v -0.81835938 -0.49804688 0.03710938
v -0.81835938 -0.43164062 0.03710938
v -0.81054688 -0.38476562 0.03710938
v -0.78710938 -0.33007812 0.03710938
v -0.09960938 -0.96679688 0.03710938
v -0.09960938 -0.92773438 0.03710938
v -0.05273438 0.97851562 0.03710938
v 0.00195312 0.97851562 0.03710938
v 0.05273438 0.97851562 0.03710938
v 0.09960938 -0.96679688 0.03710938
v 0.09960938 -0.92773438 0.03710938
v 0.63476562 -0.38085938 0.03710938
v 0.68945312 -0.43554688 0.03710938
v 0.78710938 -0.33007812 0.03710938
v 0.81054688 -0.38476562 0.03710938
v 0.81445312 -0.49804688 0.03710938
v 0.81835938 -0.43164062 0.03710938
v 0.82226562 -0.47070312 0.03710938
v -0.73632812 -0.51757812 0.04101562
v -0.70898438 -0.23242188 0.04101562
v -0.09179688 0.40429688 0.04101562
v 0.55273438 -0.34960938 0.04101562
v 0.70898438 -0.23242188 0.04101562
v 0.73632812 -0.51757812 0.04101562
v -0.76757812 -0.51757812 0.04492188
v -0.68554688 -0.20117188 0.04492188
v -0.49023438 0.61132812 0.04492188
v -0.10742188 0.99414062 0.04492188
v 0.10742188 0.99414062 0.04492188
v 0.49023438 0.61132812 0.04492188
v 0.52539062 -0.33398438 0.04492188
v 0.68164062 -0.20117188 0.04492188
v 0.76757812 -0.51757812 0.04492188
v -0.73632812 -0.48632812 0.04882812
v -0.24414062 0.98632812 0.04882812
v -0.17773438 0.99023438 0.04882812
v -0.05273438 0.99804688 0.04882812
v 0.05273438 0.99804688 0.04882812
v 0.17773438 0.99023438 0.04882812
v 0.24414062 0.98632812 0.04882812
v 0.73632812 -0.48632812 0.04882812
v -0.74414062 -0.27539062 0.05273438
v -0.63085938 -0.16210938 0.05273438
v -0.54101562 -0.23242188 0.05273438
v -0.53320312 -0.25585938 0.05273438
v -0.40039062 0.80664062 0.05273438
v -0.39648438 0.77148438 0.05273438
v -0.38476562 0.83398438 0.05273438
v -0.36914062 0.74023438 0.05273438
v -0.35742188 0.84570312 0.05273438
v -0.35351562 -0.82617188 0.05273438
v -0.33789062 0.72070312 0.05273438
v -0.31054688 0.84179688 0.05273438
v -0.30273438 0.72070312 0.05273438
v -0.30273438 0.98242188 0.05273438
v -0.27539062 0.74023438 0.05273438
v -0.27539062 0.81054688 0.05273438
v -0.26367188 0.77148438 0.05273438
v 0.00195312 0.99804688 0.05273438
v 0.26367188 0.77539062 0.05273438
v 0.27539062 0.74023438 0.05273438
v 0.27539062 0.81054688 0.05273438
v 0.30273438 0.72070312 0.05273438
v 0.30273438 0.98242188 0.05273438
v 0.34179688 0.72851562 0.05273438
v 0.35351562 -0.82617188 0.05273438
v 0.37304688 0.75976562 0.05273438
v 0.38476562 0.84179688 0.05273438
v 0.38867188 0.80273438 0.05273438
v 0.54101562 -0.37695312 0.05273438
v 0.58398438 -0.36914062 0.05273438
v 0.74414062 -0.27539062 0.05273438
v -0.78710938 -0.48242188 0.05664062
v -0.76367188 -0.48632812 0.05664062
v -0.64648438 -0.39648438 0.05664062
v -0.62304688 -0.38085938 0.05664062
v -0.56835938 -0.20898438 0.05664062
v -0.50585938 0.69726562 0.05664062
v -0.50195312 -0.39257812 0.05664062
v -0.14257812 0.33398438 0.05664062
v 0.00195312 0.42382812 0.05664062
v 0.04882812 0.41992188 0.05664062
v 0.09179688 0.40429688 0.05664062
v 0.12304688 0.37695312 0.05664062
v 0.14257812 0.33398438 0.05664062
v 0.53320312 -0.26367188 0.05664062
v 0.56835938 -0.20898438 0.05664062
v 0.62304688 -0.38085938 0.05664062
v 0.63085938 -0.16210938 0.05664062
v 0.64648438 -0.39648438 0.05664062
v 0.76367188 -0.48632812 0.05664062
v 0.78710938 -0.48242188 0.05664062
v -0.79882812 -0.46289062 0.06054688
v -0.79882812 -0.43164062 0.06054688
v -0.79101562 -0.38476562 0.06054688
v -0.77148438 -0.33007812 0.06054688
v -0.38085938 -0.84960938 0.06054688
v -0.13867188 0.28320312 0.06054688
v -0.11523438 0.23632812 0.06054688
v -0.08398438 0.20507812 0.06054688
v -0.04492188 0.18554688 0.06054688
v 0.00195312 0.17773438 0.06054688
v 0.04492188 0.18554688 0.06054688
v 0.08398438 0.20507812 0.06054688
v 0.11523438 0.23632812 0.06054688
v 0.13867188 0.28320312 0.06054688
v 0.38085938 -0.84960938 0.06054688
v 0.50195312 -0.39648438 0.06054688
v 0.50195312 0.69726562 0.06054688
v 0.63085938 -0.20117188 0.06054688
v 0.77148438 -0.33007812 0.06054688
v 0.79101562 -0.38476562 0.06054688
v 0.79882812 -0.46289062 0.06054688
v 0.79882812 -0.43164062 0.06054688
v -0.72851562 -0.49023438 0.06445312
v -0.69726562 -0.24023438 0.06445312
v -0.69335938 -0.47070312 0.06445312
v -0.65820312 -0.16210938 0.06445312
v -0.53710938 -0.31835938 0.06445312
v -0.43554688 -0.38476562 0.06445312
v -0.39648438 -0.88085938 0.06445312
v 0.00195312 -0.08398438 0.06445312
v 0.39648438 -0.88085938 0.06445312
v 0.47070312 0.40429688 0.06445312
v 0.48632812 -0.34960938 0.06445312
v 0.50585938 -0.31835938 0.06445312
v 0.65429688 -0.16210938 0.06445312
v 0.69335938 -0.47070312 0.06445312
v 0.69335938 -0.24023438 0.06445312
v 0.72851562 -0.49023438 0.06445312
v -0.72460938 -0.52148438 0.06835938
v -0.66601562 -0.22070312 0.06835938
v -0.60351562 -0.18554688 0.06835938
v -0.48632812 -0.34570312 0.06835938
v -0.47460938 0.52539062 0.06835938
v 0.47460938 0.52539062 0.06835938
v 0.60351562 -0.18554688 0.06835938
v 0.66601562 -0.22070312 0.06835938
v 0.72070312 -0.52148438 0.06835938
v -0.66992188 -0.18554688 0.07226562
v -0.55664062 -0.23632812 0.07226562
v -0.05664062 -0.08398438 0.07226562
v 0.00195312 -0.02539062 0.07226562
v 0.05664062 -0.08398438 0.07226562
v 0.55273438 -0.23632812 0.07226562
v 0.66601562 -0.18554688 0.07226562
v -0.72460938 -0.55273438 0.07617188
v -0.51367188 0.96679688 0.07617188
v 0.51367188 0.96679688 0.07617188
v 0.75976562 -0.49023438 0.07617188
v -0.75976562 -0.49414062 0.08007812
v -0.72460938 -0.28320312 0.08007812
v -0.68554688 -0.52148438 0.08007812
v -0.67773438 -0.49023438 0.08007812
v -0.61914062 -0.38476562 0.08007812
v -0.57617188 -0.22851562 0.08007812
v -0.47460938 0.97851562 0.08007812
v -0.47070312 0.46289062 0.08007812
v -0.41992188 0.98242188 0.08007812
v -0.40039062 -0.97070312 0.08007812
v -0.38476562 -0.99023438 0.08007812
v -0.26757812 -0.81835938 0.08007812
v -0.22070312 -0.82617188 0.08007812
v -0.17773438 -0.84960938 0.08007812
v -0.05273438 -0.02929688 0.08007812
v 0.05273438 -0.02929688 0.08007812
v 0.17382812 -0.84960938 0.08007812
v 0.22070312 -0.82617188 0.08007812
v 0.26757812 -0.81835938 0.08007812
v 0.36523438 0.97851562 0.08007812
v 0.38476562 -0.99023438 0.08007812
v 0.39648438 -0.97851562 0.08007812
v 0.41992188 0.97851562 0.08007812
v 0.47460938 0.97851562 0.08007812
v 0.52539062 -0.29492188 0.08007812
v 0.61914062 -0.38476562 0.08007812
v 0.67773438 -0.49023438 0.08007812
v 0.72460938 -0.27539062 0.08007812
v -0.75585938 -0.52148438 0.08398438
v -0.67773438 -0.25195312 0.08398438
v -0.64257812 -0.40039062 0.08398438
v -0.64257812 -0.22851562 0.08398438
v -0.52148438 0.93164062 0.08398438
v -0.45117188 0.08398438 0.08398438
v -0.44726562 -0.29882812 0.08398438
v -0.44726562 -0.24023438 0.08398438
v -0.44726562 -0.18164062 0.08398438
v -0.44726562 -0.13085938 0.08398438
v -0.44726562 -0.08398438 0.08398438
v -0.44726562 -0.03320312 0.08398438
v -0.44726562 0.02148438 0.08398438
v -0.43945312 -0.36132812 0.08398438
v -0.43554688 -0.41992188 0.08398438
v -0.43164062 -0.45898438 0.08398438
v -0.42773438 -0.49804688 0.08398438
v -0.41992188 -0.54101562 0.08398438
v -0.41210938 -0.55664062 0.08398438
v -0.39257812 -0.56445312 0.08398438
v -0.36523438 -0.56835938 0.08398438
v -0.36523438 0.97851562 0.08398438
v -0.35351562 -0.99023438 0.08398438
v -0.34179688 -0.82617188 0.08398438
v -0.32226562 -0.56835938 0.08398438
v -0.30664062 0.98242188 0.08398438
v -0.27148438 -0.56054688 0.08398438
v -0.24414062 0.98242188 0.08398438
v -0.22070312 -0.54882812 0.08398438
v -0.21679688 -0.54882812 0.08398438
v -0.15429688 -0.54492188 0.08398438
v -0.14257812 -0.88085938 0.08398438
v -0.09960938 -0.54492188 0.08398438
v -0.04882812 -0.54492188 0.08398438
v 0.00195312 -0.54882812 0.08398438
v 0.00195312 -0.14257812 0.08398438
v 0.04882812 -0.54882812 0.08398438
v 0.09960938 -0.54492188 0.08398438
v 0.14257812 -0.88085938 0.08398438
v 0.15429688 -0.54882812 0.08398438
v 0.21679688 -0.55664062 0.08398438
v 0.24414062 0.98242188 0.08398438
v 0.27148438 -0.56054688 0.08398438
v 0.30664062 0.98242188 0.08398438
v 0.32226562 -0.56835938 0.08398438
v 0.34179688 -0.82617188 0.08398438
v 0.35742188 -0.99023438 0.08398438
v 0.36523438 -0.56835938 0.08398438
v 0.39257812 -0.56445312 0.08398438
v 0.41210938 -0.55664062 0.08398438
v 0.41992188 -0.53710938 0.08398438
v 0.42773438 -0.49414062 0.08398438
v 0.43554688 -0.43945312 0.08398438
v 0.43945312 -0.38867188 0.08398438
v 0.44726562 -0.29882812 0.08398438
v 0.44726562 -0.24023438 0.08398438
v 0.44726562 -0.18164062 0.08398438
v 0.44726562 -0.13085938 0.08398438
v 0.44726562 -0.08398438 0.08398438
v 0.44726562 -0.03320312 0.08398438
v 0.44726562 0.02148438 0.08398438
v 0.45117188 0.08398438 0.08398438
v 0.47070312 0.46289062 0.08398438
v 0.52148438 0.93164062 0.08398438
v 0.63476562 -0.17773438 0.08398438
v 0.63867188 -0.22851562 0.08398438
v 0.64257812 -0.40429688 0.08398438
v 0.67382812 -0.25195312 0.08398438
v 0.68164062 -0.52148438 0.08398438
v 0.75195312 -0.52539062 0.08398438
v -0.75585938 -0.33007812 0.08789062
v -0.72070312 -0.56835938 0.08789062
v -0.60742188 -0.22851562 0.08789062
v -0.54882812 -0.33398438 0.08789062
v -0.52148438 0.86914062 0.08789062
v -0.50976562 0.78710938 0.08789062
v -0.47070312 0.40429688 0.08789062
v -0.46679688 0.34179688 0.08789062
v -0.46289062 0.27929688 0.08789062
v -0.45898438 0.21289062 0.08789062
v -0.45507812 0.15039062 0.08789062
v -0.31054688 -0.99023438 0.08789062
v -0.27148438 -0.99023438 0.08789062
v -0.22460938 -0.99023438 0.08789062
v -0.17773438 -0.99023438 0.08789062
v -0.17773438 0.98632812 0.08789062
v -0.15039062 -0.99023438 0.08789062
v -0.13476562 -0.98242188 0.08789062
v 0.13476562 -0.98242188 0.08789062
v 0.15820312 -0.99023438 0.08789062
v 0.17773438 0.98632812 0.08789062
v 0.18945312 -0.99023438 0.08789062
v 0.23242188 -0.99023438 0.08789062
v 0.28320312 -0.99023438 0.08789062
v 0.32226562 -0.99023438 0.08789062
v 0.45507812 0.15039062 0.08789062
v 0.45898438 0.21289062 0.08789062
v 0.46289062 0.27929688 0.08789062
v 0.50976562 0.78710938 0.08789062
v 0.52148438 0.86914062 0.08789062
v 0.60742188 -0.22851562 0.08789062
v 0.72460938 -0.56445312 0.08789062
v 0.75585938 -0.33007812 0.08789062
v -0.77539062 -0.46679688 0.09179688
v -0.77148438 -0.38476562 0.09179688
v -0.64648438 -0.25976562 0.09179688
v -0.62304688 -0.19726562 0.09179688
v -0.61132812 -0.25976562 0.09179688
v -0.49023438 0.61523438 0.09179688
v -0.36914062 -0.84960938 0.09179688
v -0.27539062 -0.29882812 0.09179688
v -0.13085938 -0.96289062 0.09179688
v -0.13085938 -0.92382812 0.09179688
v -0.11914062 0.99023438 0.09179688
v -0.06054688 0.99414062 0.09179688
v -0.05273438 -0.13867188 0.09179688
v 0.05273438 -0.13867188 0.09179688
v 0.06054688 0.99414062 0.09179688
v 0.11523438 0.99023438 0.09179688
v 0.12695312 -0.96289062 0.09179688
v 0.13085938 -0.92382812 0.09179688
v 0.27539062 -0.29882812 0.09179688
v 0.36914062 -0.84960938 0.09179688
v 0.49023438 0.61523438 0.09179688
v 0.57226562 -0.26367188 0.09179688
v 0.59179688 -0.38085938 0.09179688
v 0.60742188 -0.25976562 0.09179688
v 0.64648438 -0.25976562 0.09179688
v 0.77148438 -0.38476562 0.09179688
v 0.77539062 -0.46679688 0.09179688
v -0.77929688 -0.43164062 0.09570312
v -0.75195312 -0.54882812 0.09570312
v -0.66601562 -0.43164062 0.09570312
v 0.00195312 0.99804688 0.09570312
v 0.66601562 -0.43164062 0.09570312
v 0.77929688 -0.43164062 0.09570312
v -0.61914062 -0.37695312 0.09960938
v -0.59570312 -0.38085938 0.09960938
v -0.49804688 0.96289062 0.09960938
v -0.38867188 -0.88085938 0.09960938
v -0.22851562 -0.29492188 0.09960938
v 0.22851562 -0.29492188 0.09960938
v 0.38867188 -0.88085938 0.09960938
v 0.49804688 0.96289062 0.09960938
v 0.61914062 -0.38085938 0.09960938
v 0.70117188 -0.27929688 0.09960938
v -0.71679688 -0.57226562 0.10351562
v -0.69335938 -0.28710938 0.10351562
v -0.64257812 -0.38867188 0.10351562
v -0.49804688 0.70117188 0.10351562
v -0.39648438 -0.91992188 0.10351562
v -0.27148438 -0.23242188 0.10351562
v -0.10351562 -0.08398438 0.10351562
v -0.08789062 -0.12304688 0.10351562
v 0.00195312 0.02148438 0.10351562
v 0.08789062 -0.12304688 0.10351562
v 0.10351562 -0.08398438 0.10351562
v 0.27148438 -0.23242188 0.10351562
v 0.39648438 -0.92382812 0.10351562
v 0.49804688 0.70117188 0.10351562
v 0.64257812 -0.39257812 0.10351562
v -0.76757812 -0.49414062 0.10742188
v -0.76367188 -0.51757812 0.10742188
v -0.73632812 -0.33398438 0.10742188
v -0.73242188 -0.56835938 0.10742188
v -0.67773438 -0.54492188 0.10742188
v -0.66992188 -0.52148438 0.10742188
v -0.66601562 -0.49414062 0.10742188
v -0.66601562 -0.46679688 0.10742188
v -0.49804688 0.93164062 0.10742188
v -0.48632812 -0.33398438 0.10742188
v -0.46679688 0.96679688 0.10742188
v -0.41601562 0.96679688 0.10742188
v -0.36523438 0.96679688 0.10742188
v -0.30664062 -0.82226562 0.10742188
v -0.30664062 0.96679688 0.10742188
v -0.24414062 0.97070312 0.10742188
v -0.09570312 -0.03710938 0.10742188
v -0.04101562 0.01757812 0.10742188
v 0.04101562 0.01757812 0.10742188
v 0.09570312 -0.03710938 0.10742188
v 0.24414062 0.97070312 0.10742188
v 0.30664062 -0.82226562 0.10742188
v 0.30664062 0.96679688 0.10742188
v 0.36132812 0.96679688 0.10742188
v 0.41601562 0.96679688 0.10742188
v 0.46679688 0.96679688 0.10742188
v 0.49804688 0.93164062 0.10742188
v 0.52929688 -0.39257812 0.10742188
v 0.66601562 -0.49414062 0.10742188
v 0.66601562 -0.46679688 0.10742188
v 0.66992188 -0.52148438 0.10742188
v 0.67773438 -0.54492188 0.10742188
v 0.73632812 -0.33007812 0.10742188
v 0.75976562 -0.52148438 0.10742188
v 0.76757812 -0.49414062 0.10742188
v -0.51367188 -0.44335938 0.11132812
v -0.47070312 0.52539062 0.11132812
v -0.39257812 -0.96289062 0.11132812
v -0.38476562 -0.98242188 0.11132812
v -0.22851562 -0.23242188 0.11132812
v -0.17773438 0.97460938 0.11132812
v 0.17773438 0.97460938 0.11132812
v 0.22851562 -0.23242188 0.11132812
v 0.38476562 -0.98242188 0.11132812
v 0.39257812 -0.96289062 0.11132812
v 0.51367188 -0.44335938 0.11132812
v -0.75195312 -0.38476562 0.11523438
v -0.65820312 -0.29882812 0.11523438
v -0.61914062 -0.35742188 0.11523438
v -0.59179688 -0.36132812 0.11523438
v -0.49804688 0.86914062 0.11523438
v -0.49023438 0.79101562 0.11523438
v -0.43164062 0.78710938 0.11523438
v -0.43164062 0.83007812 0.11523438
v -0.36132812 0.87304688 0.11523438
v -0.31835938 -0.29882812 0.11523438
v -0.30273438 0.67773438 0.11523438
v -0.30273438 0.86914062 0.11523438
v -0.27148438 0.70117188 0.11523438
v -0.25976562 0.83398438 0.11523438
v -0.25195312 0.74023438 0.11523438
v -0.24414062 0.78710938 0.11523438
v -0.15820312 0.34179688 0.11523438
v -0.15039062 0.27929688 0.11523438
v -0.14257812 0.39257812 0.11523438
v -0.12304688 0.23242188 0.11523438
v -0.11914062 0.97460938 0.11523438
v -0.09960938 0.41992188 0.11523438
v -0.08789062 0.20117188 0.11523438
v -0.07226562 -0.00195312 0.11523438
v -0.05273438 0.43164062 0.11523438
v -0.04492188 0.18164062 0.11523438
v 0.00195312 0.17382812 0.11523438
v 0.00195312 0.43554688 0.11523438
v 0.04492188 0.18164062 0.11523438
v 0.05273438 0.43164062 0.11523438
v 0.07226562 -0.00195312 0.11523438
v 0.08789062 0.20117188 0.11523438
v 0.09960938 0.41992188 0.11523438
v 0.11914062 0.97460938 0.11523438
v 0.12304688 0.23242188 0.11523438
v 0.14257812 0.39257812 0.11523438
v 0.15039062 0.27929688 0.11523438
v 0.15820312 0.34179688 0.11523438
v 0.24414062 0.78710938 0.11523438
v 0.25195312 0.73632812 0.11523438
v 0.25976562 0.83789062 0.11523438
v 0.27148438 0.69726562 0.11523438
v 0.30273438 0.67773438 0.11523438
v 0.31835938 -0.29882812 0.11523438
v 0.36132812 0.87304688 0.11523438
v 0.41601562 0.81445312 0.11523438
v 0.47070312 0.52539062 0.11523438
v 0.49023438 0.79101562 0.11523438
v 0.49804688 0.86914062 0.11523438
v 0.55664062 -0.30273438 0.11523438
v 0.60351562 -0.29882812 0.11523438
v 0.61523438 -0.36132812 0.11523438
v 0.65429688 -0.29882812 0.11523438
v 0.75195312 -0.38476562 0.11523438
v -0.76757812 -0.47070312 0.11914062
v -0.75585938 -0.53710938 0.11914062
v -0.75195312 -0.50976562 0.11914062
v -0.74414062 -0.50585938 0.11914062
v -0.64648438 -0.36132812 0.11914062
v -0.47851562 0.59179688 0.11914062
v -0.46679688 0.46289062 0.11914062
v -0.46679688 0.93164062 0.11914062
v -0.41992188 0.74023438 0.11914062
v -0.41601562 0.93164062 0.11914062
v -0.41210938 0.86914062 0.11914062
v -0.38476562 0.70117188 0.11914062
v -0.36132812 0.93164062 0.11914062
v -0.35351562 -0.84960938 0.11914062
v -0.34960938 0.67382812 0.11914062
v -0.31054688 -0.23242188 0.11914062
v -0.30273438 0.93164062 0.11914062
v -0.27539062 -0.36132812 0.11914062
v -0.26757812 -0.82617188 0.11914062
v -0.24023438 0.93164062 0.11914062
v -0.22851562 -0.83398438 0.11914062
v -0.19335938 -0.85351562 0.11914062
v -0.06054688 0.97851562 0.11914062
v 0.00195312 0.97851562 0.11914062
v 0.06054688 0.97851562 0.11914062
v 0.19335938 -0.85351562 0.11914062
v 0.22851562 -0.83398438 0.11914062
v 0.24023438 0.93164062 0.11914062
v 0.26757812 -0.82617188 0.11914062
v 0.27539062 -0.36132812 0.11914062
v 0.30273438 0.93164062 0.11914062
v 0.31054688 -0.23242188 0.11914062
v 0.35351562 -0.84960938 0.11914062
v 0.36132812 0.93164062 0.11914062
v 0.39648438 0.75195312 0.11914062
v 0.41210938 0.86914062 0.11914062
v 0.41601562 0.93164062 0.11914062
v 0.46289062 0.93164062 0.11914062
v 0.47851562 0.59179688 0.11914062
v 0.64257812 -0.36914062 0.11914062
v 0.74804688 -0.53320312 0.11914062
v 0.75195312 -0.50976562 0.11914062
v 0.76757812 -0.47070312 0.11914062
v -0.75976562 -0.43164062 0.12304688
v -0.75585938 -0.49414062 0.12304688
v -0.74804688 -0.52148438 0.12304688
v -0.74414062 -0.49414062 0.12304688
v -0.74023438 -0.51367188 0.12304688
v -0.74023438 -0.50195312 0.12304688
v -0.74023438 -0.49804688 0.12304688
v -0.73632812 -0.50976562 0.12304688
v -0.61523438 -0.32617188 0.12304688
v -0.48242188 0.71289062 0.12304688
v -0.46679688 0.79101562 0.12304688
v -0.46679688 0.83007812 0.12304688
v -0.35742188 -0.98632812 0.12304688
v -0.22851562 -0.35351562 0.12304688
v -0.17773438 0.93164062 0.12304688
v -0.16992188 -0.88085938 0.12304688
v 0.16601562 -0.88085938 0.12304688
v 0.17773438 0.93164062 0.12304688
v 0.22851562 -0.35351562 0.12304688
v 0.26367188 -0.20117188 0.12304688
v 0.46679688 0.46289062 0.12304688
v 0.46679688 0.79492188 0.12304688
v 0.48242188 0.71289062 0.12304688
v 0.55664062 -0.37304688 0.12304688
v 0.61523438 -0.33398438 0.12304688
v 0.64648438 -0.33789062 0.12304688
v 0.75585938 -0.49414062 0.12304688
v 0.75976562 -0.43164062 0.12304688
v -0.74023438 -0.49414062 0.12695312
v -0.73632812 -0.50195312 0.12695312
v -0.73632812 -0.49804688 0.12695312
v -0.70898438 -0.56835938 0.12695312
v -0.70898438 -0.33789062 0.12695312
v -0.58398438 -0.33398438 0.12695312
v -0.48242188 0.65039062 0.12695312
v -0.46289062 0.86914062 0.12695312
v -0.24023438 0.86132812 0.12695312
v -0.18945312 -0.29101562 0.12695312
v 0.18945312 -0.29101562 0.12695312
v 0.24023438 0.86132812 0.12695312
v 0.35351562 0.68164062 0.12695312
v 0.35742188 -0.98632812 0.12695312
v 0.43554688 0.79492188 0.12695312
v 0.43945312 0.86914062 0.12695312
v 0.46679688 0.86914062 0.12695312
v 0.48242188 0.65039062 0.12695312
v 0.53320312 -0.38085938 0.12695312
v 0.55273438 -0.37695312 0.12695312
v 0.68945312 -0.56054688 0.12695312
v 0.70898438 -0.33398438 0.12695312
v 0.73632812 -0.49804688 0.12695312
v -0.74414062 -0.49023438 0.13085938
v -0.73632812 -0.49804688 0.13085938
v -0.72460938 -0.56445312 0.13085938
v -0.68554688 -0.54492188 0.13085938
v -0.67773438 -0.40039062 0.13085938
v -0.56445312 -0.36523438 0.13085938
v -0.46679688 0.34179688 0.13085938
v -0.46679688 0.40429688 0.13085938
v -0.46289062 0.08398438 0.13085938
v -0.45898438 0.71679688 0.13085938
v -0.45507812 0.02148438 0.13085938
v -0.45117188 -0.13085938 0.13085938
v -0.45117188 -0.08398438 0.13085938
v -0.45117188 -0.03320312 0.13085938
v -0.36914062 -0.88085938 0.13085938
v -0.11914062 0.93554688 0.13085938
v 0.11914062 0.93554688 0.13085938
v 0.36914062 -0.88085938 0.13085938
v 0.45117188 -0.13085938 0.13085938
v 0.45117188 -0.08398438 0.13085938
v 0.45117188 -0.03320312 0.13085938
v 0.45507812 0.02148438 0.13085938
v 0.45898438 0.71679688 0.13085938
v 0.46289062 0.08398438 0.13085938
v 0.51367188 -0.32226562 0.13085938
v 0.67773438 -0.40039062 0.13085938
v 0.68164062 -0.54492188 0.13085938
v -0.75585938 -0.46289062 0.13476562
v -0.75195312 -0.48242188 0.13476562
v -0.74023438 -0.54492188 0.13476562
v -0.74023438 -0.53320312 0.13476562
v -0.74023438 -0.49414062 0.13476562
v -0.73242188 -0.38867188 0.13476562
v -0.68554688 -0.43164062 0.13476562
v -0.51367188 -0.43164062 0.13476562
v -0.49023438 -0.42382812 0.13476562
v -0.47070312 0.27929688 0.13476562
v -0.46679688 0.15039062 0.13476562
v -0.45898438 0.59179688 0.13476562
v -0.45507812 0.52539062 0.13476562
v -0.45117188 -0.24023438 0.13476562
v -0.45117188 -0.18164062 0.13476562
v -0.44726562 -0.29882812 0.13476562
v -0.44335938 -0.36523438 0.13476562
v -0.43554688 -0.41992188 0.13476562
v -0.43164062 -0.46289062 0.13476562
v -0.42773438 -0.49804688 0.13476562
v -0.41992188 -0.54101562 0.13476562
v -0.41992188 0.70507812 0.13476562
v -0.40820312 -0.55664062 0.13476562
v -0.39257812 -0.56445312 0.13476562
v -0.38867188 0.67382812 0.13476562
v -0.36523438 -0.56835938 0.13476562
v -0.33398438 -0.84960938 0.13476562
v -0.32617188 -0.56835938 0.13476562
v -0.31835938 -0.35742188 0.13476562
v -0.27148438 -0.55664062 0.13476562
v -0.22070312 -0.54882812 0.13476562
v -0.21679688 -0.54882812 0.13476562
v -0.19726562 -0.24023438 0.13476562
v -0.17773438 0.86523438 0.13476562
v -0.16601562 -0.97851562 0.13476562
v -0.16210938 -0.91992188 0.13476562
v -0.15429688 -0.54882812 0.13476562
v -0.09960938 -0.54492188 0.13476562
v -0.06054688 0.93554688 0.13476562
v -0.04882812 -0.54882812 0.13476562
v 0.00195312 -0.54882812 0.13476562
v 0.00195312 0.93554688 0.13476562
v 0.03320312 -0.54882812 0.13476562
v 0.06054688 0.93554688 0.13476562
v 0.09960938 -0.54882812 0.13476562
v 0.15429688 -0.55273438 0.13476562
v 0.16210938 -0.91992188 0.13476562
v 0.16601562 -0.97851562 0.13476562
v 0.17773438 0.86523438 0.13476562
v 0.19335938 -0.24023438 0.13476562
v 0.21289062 -0.55664062 0.13476562
v 0.27148438 -0.56054688 0.13476562
v 0.30273438 -0.19726562 0.13476562
v 0.31835938 -0.35742188 0.13476562
v 0.32226562 -0.56835938 0.13476562
v 0.33007812 -0.84570312 0.13476562
v 0.36523438 -0.56835938 0.13476562
v 0.38867188 0.68554688 0.13476562
v 0.39257812 -0.56445312 0.13476562
v 0.40820312 -0.55664062 0.13476562
v 0.41992188 -0.53710938 0.13476562
v 0.41992188 0.71679688 0.13476562
v 0.42773438 -0.49414062 0.13476562
v 0.43554688 -0.43945312 0.13476562
v 0.43945312 -0.38867188 0.13476562
v 0.44335938 -0.36132812 0.13476562
v 0.44726562 -0.29882812 0.13476562
v 0.45117188 -0.24023438 0.13476562
v 0.45117188 -0.18164062 0.13476562
v 0.45898438 0.59179688 0.13476562
v 0.46679688 0.15039062 0.13476562
v 0.47070312 0.21289062 0.13476562
v 0.47070312 0.27929688 0.13476562
v 0.49023438 -0.42382812 0.13476562
v 0.51367188 -0.43164062 0.13476562
v 0.68554688 -0.43164062 0.13476562
v 0.68554688 -0.35742188 0.13476562
v 0.73242188 -0.38867188 0.13476562
v 0.75195312 -0.48242188 0.13476562
v 0.75585938 -0.46289062 0.13476562
v -0.74023438 -0.43164062 0.13867188
v -0.72460938 -0.55273438 0.13867188
v -0.70898438 -0.38867188 0.13867188
v -0.70117188 -0.55664062 0.13867188
v -0.68164062 -0.52148438 0.13867188
v -0.68164062 -0.49414062 0.13867188
v -0.68164062 -0.46679688 0.13867188
v -0.47070312 0.21289062 0.13867188
v -0.45898438 0.65039062 0.13867188
v -0.25976562 0.68554688 0.13867188
v -0.23632812 0.73632812 0.13867188
v -0.22460938 0.79101562 0.13867188
v -0.19335938 -0.98632812 0.13867188
v -0.19335938 -0.34570312 0.13867188
v -0.16210938 -0.95898438 0.13867188
v 0.00195312 -0.16992188 0.13867188
v 0.16210938 -0.95898438 0.13867188
v 0.19335938 -0.34570312 0.13867188
v 0.22460938 0.79101562 0.13867188
v 0.25976562 0.68164062 0.13867188
v 0.45507812 0.52539062 0.13867188
v 0.45898438 0.65039062 0.13867188
v 0.53710938 -0.40039062 0.13867188
v 0.68164062 -0.52148438 0.13867188
v 0.68164062 -0.49414062 0.13867188
v 0.68164062 -0.46679688 0.13867188
v 0.70117188 -0.55664062 0.13867188
v 0.73242188 -0.53710938 0.13867188
v 0.73632812 -0.49804688 0.13867188
v 0.74023438 -0.43164062 0.13867188
v -0.74023438 -0.48242188 0.14257812
v -0.74023438 -0.45898438 0.14257812
v -0.72851562 -0.53710938 0.14257812
v -0.45117188 0.46289062 0.14257812
v -0.41601562 0.52539062 0.14257812
v -0.41601562 0.59179688 0.14257812
v -0.41601562 0.65039062 0.14257812
v -0.36523438 -0.97851562 0.14257812
v -0.36523438 -0.90820312 0.14257812
v -0.36132812 0.65039062 0.14257812
v -0.27148438 -0.98632812 0.14257812
v -0.23242188 -0.98632812 0.14257812
v -0.11914062 0.86523438 0.14257812
v -0.05273438 -0.16210938 0.14257812
v 0.05273438 -0.16210938 0.14257812
v 0.11914062 0.86523438 0.14257812
v 0.22070312 -0.98632812 0.14257812
v 0.23632812 0.73242188 0.14257812
v 0.25585938 -0.98632812 0.14257812
v 0.29101562 -0.98632812 0.14257812
v 0.36132812 -0.97851562 0.14257812
v 0.36132812 0.65039062 0.14257812
v 0.36914062 -0.91992188 0.14257812
v 0.41601562 0.59179688 0.14257812
v 0.41601562 0.65039062 0.14257812
v 0.46289062 0.40429688 0.14257812
v 0.52539062 -0.34179688 0.14257812
v 0.70898438 -0.38867188 0.14257812
v 0.74023438 -0.48242188 0.14257812
v 0.74023438 -0.46289062 0.14257812
v -0.72070312 -0.43164062 0.14648438
v -0.70898438 -0.53320312 0.14648438
v -0.46289062 0.40429688 0.14648438
v -0.36914062 -0.95898438 0.14648438
v -0.36132812 0.52539062 0.14648438
v -0.36132812 0.59179688 0.14648438
v -0.30664062 -0.84570312 0.14648438
v -0.30273438 0.52539062 0.14648438
v -0.30273438 0.59179688 0.14648438
v -0.30273438 0.65039062 0.14648438
v -0.23242188 -0.85351562 0.14648438
v -0.09179688 -0.13085938 0.14648438
v -0.06054688 0.86523438 0.14648438
v 0.06054688 0.86523438 0.14648438
v 0.09179688 -0.13085938 0.14648438
v 0.23242188 -0.85351562 0.14648438
v 0.30273438 0.59179688 0.14648438
v 0.30273438 0.65039062 0.14648438
v 0.30664062 -0.84570312 0.14648438
v 0.36132812 0.52539062 0.14648438
v 0.36132812 0.59179688 0.14648438
v 0.36914062 -0.95898438 0.14648438
v 0.41601562 0.52539062 0.14648438
v 0.45117188 0.46289062 0.14648438
v 0.53710938 -0.37304688 0.14648438
v 0.70898438 -0.53320312 0.14648438
v 0.72070312 -0.43164062 0.14648438
v -0.71679688 -0.47070312 0.15039062
v -0.51367188 -0.40429688 0.15039062
v -0.41601562 0.46289062 0.15039062
v -0.34960938 -0.29882812 0.15039062
v -0.34179688 -0.23242188 0.15039062
v -0.31054688 -0.19335938 0.15039062
v -0.27539062 -0.18554688 0.15039062
v -0.26757812 -0.84960938 0.15039062
v -0.24414062 0.52539062 0.15039062
v -0.24414062 0.59179688 0.15039062
v -0.22851562 -0.39257812 0.15039062
v -0.20507812 0.59179688 0.15039062
v -0.20117188 0.52539062 0.15039062
v -0.16601562 0.34179688 0.15039062
v -0.15039062 0.27929688 0.15039062
v -0.15039062 0.40429688 0.15039062
v -0.12304688 0.22851562 0.15039062
v -0.11132812 -0.08398438 0.15039062
v -0.10351562 0.42773438 0.15039062
v -0.09960938 -0.03710938 0.15039062
v -0.08398438 0.19726562 0.15039062
v -0.05273438 0.43554688 0.15039062
v -0.04492188 0.17773438 0.15039062
v -0.03710938 0.02148438 0.15039062
v 0.00195312 0.02539062 0.15039062
v 0.00195312 0.16992188 0.15039062
v 0.00195312 0.43554688 0.15039062
v 0.03710938 0.02148438 0.15039062
v 0.04492188 0.17773438 0.15039062
v 0.08398438 0.19726562 0.15039062
v 0.09960938 -0.03710938 0.15039062
v 0.10351562 0.42773438 0.15039062
v 0.11132812 -0.08398438 0.15039062
v 0.12304688 0.22851562 0.15039062
v 0.15039062 0.27929688 0.15039062
v 0.15039062 0.40429688 0.15039062
v 0.16601562 0.34179688 0.15039062
v 0.17773438 0.79101562 0.15039062
v 0.19726562 0.65039062 0.15039062
v 0.20117188 0.52539062 0.15039062
v 0.20507812 0.59179688 0.15039062
v 0.21289062 0.66601562 0.15039062
v 0.22851562 -0.39257812 0.15039062
v 0.24414062 0.52539062 0.15039062
v 0.24414062 0.59179688 0.15039062
v 0.24414062 0.65039062 0.15039062
v 0.26757812 -0.84960938 0.15039062
v 0.27929688 -0.17773438 0.15039062
v 0.30273438 0.52539062 0.15039062
v 0.34179688 -0.23242188 0.15039062
v 0.34960938 -0.29882812 0.15039062
v 0.51367188 -0.40429688 0.15039062
v 0.71289062 -0.49804688 0.15039062
v 0.71679688 -0.47070312 0.15039062
v -0.50976562 -0.37304688 0.15429688
v -0.44726562 -0.18164062 0.15429688
v -0.36523438 -0.91992188 0.15429688
v -0.36132812 0.46289062 0.15429688
v -0.31054688 -0.98242188 0.15429688
v -0.30273438 0.46289062 0.15429688
v -0.27539062 -0.40039062 0.15429688
v -0.24023438 0.46289062 0.15429688
v -0.23242188 -0.18945312 0.15429688
v -0.19726562 -0.37695312 0.15429688
v -0.19335938 -0.89648438 0.15429688
v -0.07226562 -0.00195312 0.15429688
v 0.00195312 0.79882812 0.15429688
v 0.07226562 -0.00195312 0.15429688
v 0.18945312 0.46289062 0.15429688
v 0.19335938 -0.89648438 0.15429688
v 0.19726562 -0.97851562 0.15429688
v 0.19726562 -0.37695312 0.15429688
v 0.23242188 -0.18945312 0.15429688
v 0.24414062 0.46289062 0.15429688
v 0.27539062 -0.40039062 0.15429688
v 0.30273438 0.46289062 0.15429688
v 0.36132812 0.46289062 0.15429688
v 0.38476562 -0.56835938 0.15429688
v 0.41601562 0.46289062 0.15429688
v 0.44726562 -0.18164062 0.15429688
v -0.46289062 0.34179688 0.15820312
v -0.45507812 0.02148438 0.15820312
v -0.45117188 -0.13085938 0.15820312
v -0.45117188 -0.08398438 0.15820312
v -0.45117188 -0.03320312 0.15820312
v -0.44726562 -0.24023438 0.15820312
v -0.44726562 0.40429688 0.15820312
v -0.36914062 -0.56835938 0.15820312
v -0.19726562 0.52539062 0.15820312
v -0.18945312 0.46289062 0.15820312
v 0.08007812 0.72460938 0.15820312
v 0.14648438 0.71679688 0.15820312
v 0.36132812 -0.56835938 0.15820312
v 0.39648438 -0.56835938 0.15820312
v 0.40820312 -0.56054688 0.15820312
v 0.44726562 -0.24023438 0.15820312
v 0.45117188 -0.13085938 0.15820312
v 0.45117188 -0.08398438 0.15820312
v 0.45117188 -0.03320312 0.15820312
v 0.45507812 0.02148438 0.15820312
v 0.46289062 0.34179688 0.15820312
v -0.46289062 0.08398438 0.16210938
v -0.44335938 -0.29882812 0.16210938
v -0.43554688 -0.42382812 0.16210938
v -0.42382812 -0.49804688 0.16210938
v -0.41601562 -0.54492188 0.16210938
v -0.34960938 -0.36132812 0.16210938
v -0.32226562 -0.39648438 0.16210938
v -0.20117188 -0.20507812 0.16210938
v 0.20117188 -0.20507812 0.16210938
v 0.32226562 -0.39648438 0.16210938
v 0.34960938 -0.36132812 0.16210938
v 0.41601562 -0.54101562 0.16210938
v 0.42773438 -0.49414062 0.16210938
v 0.43554688 -0.43164062 0.16210938
v 0.43945312 -0.36132812 0.16210938
v 0.44335938 -0.29882812 0.16210938
v 0.44726562 0.40429688 0.16210938
v 0.46289062 0.08398438 0.16210938
v -0.46679688 0.15039062 0.16601562
v -0.46289062 0.27929688 0.16601562
v -0.41601562 0.40429688 0.16601562
v -0.36132812 0.40429688 0.16601562
v -0.33007812 -0.98242188 0.16601562
v -0.32617188 -0.88867188 0.16601562
v -0.30273438 0.40429688 0.16601562
v -0.24023438 0.40429688 0.16601562
v -0.22851562 -0.88476562 0.16601562
v -0.18554688 0.40429688 0.16601562
v -0.17382812 -0.24023438 0.16601562
v -0.16601562 0.34179688 0.16601562
v -0.16210938 -0.28710938 0.16601562
v -0.14648438 0.27929688 0.16601562
v -0.09960938 0.40429688 0.16601562
v -0.09570312 0.35351562 0.16601562
v -0.05273438 0.35351562 0.16601562
v -0.05273438 0.40429688 0.16601562
v -0.04882812 0.43945312 0.16601562
v -0.04882812 0.70898438 0.16601562
v -0.04101562 0.18164062 0.16601562
v -0.00195312 0.78320312 0.16601562
v 0.00195312 0.18164062 0.16601562
v 0.00195312 0.35351562 0.16601562
v 0.00195312 0.43945312 0.16601562
v 0.04882812 0.43945312 0.16601562
v 0.04882812 0.66601562 0.16601562
v 0.04882812 0.70898438 0.16601562
v 0.05273438 0.35351562 0.16601562
v 0.09179688 0.35351562 0.16601562
v 0.09960938 0.40429688 0.16601562
v 0.14648438 0.27929688 0.16601562
v 0.16210938 -0.28710938 0.16601562
v 0.16601562 0.34179688 0.16601562
v 0.17382812 -0.24023438 0.16601562
v 0.18554688 0.40429688 0.16601562
v 0.22851562 -0.88476562 0.16601562
v 0.24414062 0.40429688 0.16601562
v 0.30273438 0.40429688 0.16601562
v 0.32226562 -0.88867188 0.16601562
v 0.33007812 -0.98242188 0.16601562
v 0.36132812 0.40429688 0.16601562
v 0.41601562 0.40429688 0.16601562
v 0.46289062 0.27929688 0.16601562
v 0.46679688 0.15039062 0.16601562
v -0.46679688 0.21289062 0.16992188
v -0.26757812 -0.88085938 0.16992188
v -0.16992188 0.68554688 0.16992188
v -0.16210938 -0.34179688 0.16992188
v -0.13867188 0.74414062 0.16992188
v -0.12304688 0.23242188 0.16992188
v 0.10742188 0.71679688 0.16992188
v 0.12304688 0.23242188 0.16992188
v 0.16210938 -0.34179688 0.16992188
v 0.26757812 -0.88085938 0.16992188
v 0.40429688 -0.56445312 0.16992188
v 0.46679688 0.21289062 0.16992188
v -0.21679688 0.41210938 0.17382812
v 0.16992188 0.68554688 0.17382812
v 0.20898438 0.41992188 0.17382812
v 0.22851562 -0.97070312 0.17382812
v 0.22851562 -0.92382812 0.17382812
v 0.39648438 -0.56445312 0.17382812
v 0.46679688 0.15039062 0.17382812
v -0.44335938 0.34179688 0.17773438
v -0.40820312 -0.54882812 0.17773438
v -0.23242188 -0.97070312 0.17773438
v -0.22851562 -0.92773438 0.17773438
v -0.17773438 -0.38476562 0.17773438
v -0.15039062 0.27929688 0.17773438
v 0.15039062 0.27929688 0.17773438
v 0.17773438 -0.38476562 0.17773438
v 0.18945312 0.52539062 0.17773438
v 0.41210938 -0.54492188 0.17773438
v 0.44335938 0.34179688 0.17773438
v -0.43164062 -0.36132812 0.18164062
v -0.42773438 -0.41992188 0.18164062
v -0.42382812 -0.47070312 0.18164062
v -0.41992188 -0.49804688 0.18164062
v -0.41601562 0.34179688 0.18164062
v -0.37695312 -0.29882812 0.18164062
v -0.36914062 -0.23632812 0.18164062
v -0.36132812 0.34179688 0.18164062
v -0.34960938 -0.19335938 0.18164062
v -0.30273438 0.34179688 0.18164062
v -0.27539062 -0.97070312 0.18164062
v -0.27148438 -0.92382812 0.18164062
v -0.27148438 -0.55273438 0.18164062
v -0.24414062 0.34179688 0.18164062
v -0.22460938 -0.54492188 0.18164062
v -0.22070312 -0.54492188 0.18164062
v -0.22070312 -0.41210938 0.18164062
v -0.21289062 0.36523438 0.18164062
v -0.18945312 0.59179688 0.18164062
v -0.18164062 0.65039062 0.18164062
v -0.15429688 -0.54492188 0.18164062
v -0.13085938 0.35351562 0.18164062
v -0.10742188 0.33007812 0.18164062
v -0.10742188 0.43164062 0.18164062
v -0.09960938 -0.54101562 0.18164062
v -0.05664062 0.31835938 0.18164062
v -0.04882812 -0.54101562 0.18164062
v -0.04101562 0.45898438 0.18164062
v -0.02539062 0.62304688 0.18164062
v -0.02539062 0.66601562 0.18164062
v -0.02539062 0.71289062 0.18164062
v 0.00195312 -0.54101562 0.18164062
v 0.00195312 0.31835938 0.18164062
v 0.00195312 0.45898438 0.18164062
v 0.02539062 0.62304688 0.18164062
v 0.02539062 0.66601562 0.18164062
v 0.02539062 0.71289062 0.18164062
v 0.02929688 -0.54101562 0.18164062
v 0.04101562 0.45898438 0.18164062
v 0.06445312 0.32226562 0.18164062
v 0.09960938 -0.54492188 0.18164062
v 0.12695312 0.35351562 0.18164062
v 0.15429688 -0.55273438 0.18164062
v 0.16992188 0.47851562 0.18164062
v 0.18554688 0.34179688 0.18164062
v 0.18554688 0.65039062 0.18164062
v 0.19726562 0.38476562 0.18164062
v 0.19726562 0.59179688 0.18164062
v 0.22070312 -0.41210938 0.18164062
v 0.27148438 -0.92382812 0.18164062
v 0.27539062 -0.97070312 0.18164062
v 0.30273438 0.34179688 0.18164062
v 0.34570312 -0.19335938 0.18164062
v 0.36132812 0.34179688 0.18164062
v 0.36914062 -0.23632812 0.18164062
v 0.37695312 -0.29882812 0.18164062
v 0.38476562 -0.56445312 0.18164062
v 0.41601562 0.34179688 0.18164062
v 0.41992188 -0.49414062 0.18164062
v 0.42773438 -0.42773438 0.18164062
v 0.43164062 -0.36132812 0.18164062
v -0.45117188 0.08398438 0.18554688
v -0.44335938 0.02148438 0.18554688
v -0.43945312 -0.13085938 0.18554688
v -0.43945312 -0.08398438 0.18554688
v -0.43945312 -0.03320312 0.18554688
v -0.43164062 -0.29882812 0.18554688
v -0.40429688 -0.54492188 0.18554688
v -0.37304688 -0.35742188 0.18554688
v -0.36914062 -0.56445312 0.18554688
v -0.34570312 -0.56445312 0.18554688
v -0.27539062 -0.42773438 0.18554688
v -0.23632812 0.38085938 0.18554688
v -0.18164062 0.52539062 0.18554688
v -0.15820312 0.37695312 0.18554688
v -0.15429688 0.46289062 0.18554688
v -0.14648438 0.68554688 0.18554688
v -0.11523438 0.74023438 0.18554688
v -0.05273438 0.74023438 0.18554688
v -0.04492188 0.76757812 0.18554688
v 0.00195312 0.62304688 0.18554688
v 0.00195312 0.66601562 0.18554688
v 0.00195312 0.71289062 0.18554688
v 0.05273438 0.74414062 0.18554688
v 0.07617188 0.68554688 0.18554688
v 0.12695312 0.23242188 0.18554688
v 0.16601562 0.45898438 0.18554688
v 0.20507812 0.45898438 0.18554688
v 0.21289062 -0.55664062 0.18554688
v 0.27148438 -0.56054688 0.18554688
v 0.27539062 -0.42773438 0.18554688
v 0.36132812 -0.56445312 0.18554688
v 0.37304688 -0.35742188 0.18554688
v 0.40429688 -0.54492188 0.18554688
v 0.41992188 -0.49414062 0.18554688
v 0.43164062 -0.29882812 0.18554688
v 0.43945312 -0.13085938 0.18554688
v 0.43945312 -0.08398438 0.18554688
v 0.43945312 -0.03320312 0.18554688
v 0.44335938 0.02148438 0.18554688
v 0.45117188 0.08398438 0.18554688
v -0.45117188 0.15039062 0.18945312
v -0.44335938 0.27929688 0.18945312
v -0.43554688 -0.24023438 0.18945312
v -0.43554688 -0.18164062 0.18945312
v -0.43164062 -0.29882812 0.18945312
v -0.32617188 -0.43164062 0.18945312
v -0.31445312 -0.16601562 0.18945312
v -0.27539062 -0.15820312 0.18945312
v -0.24414062 0.40429688 0.18945312
v -0.24023438 0.43945312 0.18945312
v -0.15429688 0.34179688 0.18945312
v -0.12695312 0.23242188 0.18945312
v -0.09960938 -0.08398438 0.18945312
v -0.09570312 0.20117188 0.18945312
v -0.08398438 -0.12695312 0.18945312
v -0.04882812 -0.16601562 0.18945312
v -0.04492188 0.52539062 0.18945312
v -0.04492188 0.59179688 0.18945312
v -0.04101562 0.61914062 0.18945312
v 0.00195312 -0.17773438 0.18945312
v 0.00195312 0.52539062 0.18945312
v 0.00195312 0.59179688 0.18945312
v 0.04101562 0.61914062 0.18945312
v 0.04492188 0.59179688 0.18945312
v 0.04882812 -0.16601562 0.18945312
v 0.08398438 -0.12695312 0.18945312
v 0.09179688 0.19726562 0.18945312
v 0.09960938 -0.08398438 0.18945312
v 0.14648438 0.68554688 0.18945312
v 0.23632812 0.40429688 0.18945312
v 0.23632812 0.43554688 0.18945312
v 0.27539062 -0.15820312 0.18945312
v 0.31445312 -0.16601562 0.18945312
v 0.32226562 -0.56054688 0.18945312
v 0.32617188 -0.43164062 0.18945312
v 0.41992188 -0.47070312 0.18945312
v 0.42382812 -0.41992188 0.18945312
v 0.43164062 -0.29882812 0.18945312
v 0.43554688 -0.24023438 0.18945312
v 0.43554688 -0.18164062 0.18945312
v 0.44335938 0.27929688 0.18945312
v 0.45117188 0.15039062 0.18945312
v -0.44335938 0.21289062 0.19335938
v -0.43945312 0.08398438 0.19335938
v -0.43164062 -0.13085938 0.19335938
v -0.43164062 -0.08398438 0.19335938
v -0.43164062 -0.03320312 0.19335938
v -0.43164062 0.02148438 0.19335938
v -0.42773438 -0.18164062 0.19335938
v -0.41992188 -0.29882812 0.19335938
v -0.41601562 -0.41992188 0.19335938
v -0.41601562 -0.36132812 0.19335938
v -0.41210938 -0.49804688 0.19335938
v -0.41210938 -0.49414062 0.19335938
v -0.41210938 -0.47070312 0.19335938
v -0.41210938 0.27929688 0.19335938
v -0.39648438 -0.36132812 0.19335938
v -0.39648438 -0.29882812 0.19335938
v -0.38867188 -0.54492188 0.19335938
v -0.38867188 -0.24023438 0.19335938
v -0.36914062 -0.41210938 0.19335938
v -0.36914062 -0.18164062 0.19335938
v -0.36132812 0.27929688 0.19335938
v -0.30273438 0.27929688 0.19335938
v -0.24414062 0.27929688 0.19335938
v -0.23242188 -0.16601562 0.19335938
v -0.17773438 0.27929688 0.19335938
v -0.08789062 -0.04101562 0.19335938
v -0.06445312 -0.01367188 0.19335938
v -0.04492188 0.47070312 0.19335938
v 0.00195312 0.31445312 0.19335938
v 0.00195312 0.47070312 0.19335938
v 0.06054688 -0.01367188 0.19335938
v 0.06445312 0.31835938 0.19335938
v 0.08789062 -0.04101562 0.19335938
v 0.11523438 0.68554688 0.19335938
v 0.16210938 0.52539062 0.19335938
v 0.23242188 -0.16601562 0.19335938
v 0.30664062 0.27929688 0.19335938
v 0.34570312 0.24804688 0.19335938
v 0.36914062 -0.41210938 0.19335938
v 0.36914062 -0.18164062 0.19335938
v 0.38867188 -0.54492188 0.19335938
v 0.38867188 -0.24023438 0.19335938
v 0.39648438 -0.29882812 0.19335938
v 0.40429688 -0.49804688 0.19335938
v 0.40820312 -0.49804688 0.19335938
v 0.40820312 -0.49414062 0.19335938
v 0.41210938 0.27929688 0.19335938
v 0.41992188 -0.36132812 0.19335938
v 0.41992188 -0.29882812 0.19335938
v 0.42773438 -0.18164062 0.19335938
v 0.43164062 -0.13085938 0.19335938
v 0.43164062 -0.08398438 0.19335938
v 0.43164062 -0.03320312 0.19335938
v 0.43164062 0.02148438 0.19335938
v 0.43945312 0.08398438 0.19335938
v 0.44335938 0.21289062 0.19335938
v -0.44335938 0.15039062 0.19726562
v -0.42382812 -0.24023438 0.19726562
v -0.40820312 -0.29882812 0.19726562
v -0.40820312 -0.24023438 0.19726562
v -0.40820312 -0.18164062 0.19726562
v -0.40820312 -0.13085938 0.19726562
v -0.40820312 -0.08398438 0.19726562
v -0.40820312 -0.03320312 0.19726562
v -0.40820312 0.02148438 0.19726562
v -0.39648438 -0.41601562 0.19726562
v -0.36914062 -0.54492188 0.19726562
v -0.36523438 -0.13085938 0.19726562
v -0.36523438 -0.08398438 0.19726562
v -0.36523438 -0.03320312 0.19726562
v -0.36523438 0.02148438 0.19726562
v -0.30664062 -0.13085938 0.19726562
v -0.30664062 -0.08398438 0.19726562
v -0.30664062 -0.03320312 0.19726562
v -0.30664062 0.02148438 0.19726562
v -0.24414062 -0.13085938 0.19726562
v -0.24414062 -0.08398438 0.19726562
v -0.24414062 -0.03320312 0.19726562
v -0.24414062 0.02148438 0.19726562
v -0.21289062 -0.43164062 0.19726562
v -0.18945312 -0.18554688 0.19726562
v -0.18164062 -0.13085938 0.19726562
v -0.18164062 -0.08398438 0.19726562
v -0.18164062 -0.03320312 0.19726562
v -0.17773438 0.02148438 0.19726562
v -0.16992188 0.27929688 0.19726562
v -0.15429688 -0.51757812 0.19726562
v -0.15429688 -0.46679688 0.19726562
v -0.15429688 -0.40820312 0.19726562
v -0.15429688 -0.23242188 0.19726562
v -0.15429688 0.65039062 0.19726562
v -0.14648438 0.27929688 0.19726562
v -0.14257812 -0.18164062 0.19726562
v -0.13867188 -0.34570312 0.19726562
v -0.13085938 -0.28320312 0.19726562
v -0.13085938 -0.13085938 0.19726562
v -0.13085938 0.35351562 0.19726562
v -0.13085938 0.40429688 0.19726562
v -0.12695312 -0.08398438 0.19726562
v -0.12304688 -0.03320312 0.19726562
v -0.11914062 -0.25585938 0.19726562
v -0.11523438 -0.25585938 0.19726562
v -0.11523438 0.41992188 0.19726562
v -0.11132812 0.02148438 0.19726562
v -0.10742188 -0.13085938 0.19726562
v -0.10742188 0.32617188 0.19726562
v -0.10351562 -0.21679688 0.19726562
v -0.10351562 -0.08398438 0.19726562
v -0.09960938 -0.51367188 0.19726562
v -0.09960938 -0.45898438 0.19726562
v -0.09960938 -0.39648438 0.19726562
v -0.09960938 -0.33007812 0.19726562
v -0.09960938 -0.16992188 0.19726562
v -0.09960938 -0.03320312 0.19726562
v -0.09179688 -0.03710938 0.19726562
v -0.08789062 -0.13085938 0.19726562
v -0.07226562 0.18945312 0.19726562
v -0.05664062 0.31054688 0.19726562
v -0.04882812 -0.51367188 0.19726562
v -0.04882812 -0.45507812 0.19726562
v -0.04882812 -0.39257812 0.19726562
v -0.04882812 -0.33007812 0.19726562
v -0.04882812 -0.26367188 0.19726562
v -0.04882812 -0.21679688 0.19726562
v -0.04882812 -0.17382812 0.19726562
v -0.04101562 0.18164062 0.19726562
v -0.02929688 0.00195312 0.19726562
v 0.00195312 -0.51367188 0.19726562
v 0.00195312 -0.45507812 0.19726562
v 0.00195312 -0.39257812 0.19726562
v 0.00195312 -0.33007812 0.19726562
v 0.00195312 -0.21679688 0.19726562
v 0.00195312 -0.18945312 0.19726562
v 0.00195312 0.18164062 0.19726562
v 0.00195312 0.30664062 0.19726562
v 0.01367188 -0.00195312 0.19726562
v 0.04492188 -0.51367188 0.19726562
v 0.04882812 -0.45507812 0.19726562
v 0.04882812 -0.39257812 0.19726562
v 0.04882812 -0.33007812 0.19726562
v 0.04882812 -0.26757812 0.19726562
v 0.04882812 -0.21679688 0.19726562
v 0.04882812 0.18164062 0.19726562
v 0.05273438 -0.17382812 0.19726562
v 0.05273438 0.52539062 0.19726562
v 0.06445312 0.31054688 0.19726562
v 0.06445312 0.46289062 0.19726562
v 0.07617188 0.65039062 0.19726562
v 0.08789062 -0.13085938 0.19726562
v 0.08789062 -0.03710938 0.19726562
v 0.09570312 -0.16992188 0.19726562
v 0.09960938 -0.51757812 0.19726562
v 0.09960938 -0.45898438 0.19726562
v 0.09960938 -0.39648438 0.19726562
v 0.09960938 -0.33007812 0.19726562
v 0.09960938 -0.26757812 0.19726562
v 0.09960938 -0.03320312 0.19726562
v 0.10351562 -0.21679688 0.19726562
v 0.10351562 -0.13085938 0.19726562
v 0.10351562 -0.08398438 0.19726562
v 0.10742188 0.32617188 0.19726562
v 0.11132812 0.02148438 0.19726562
v 0.11523438 -0.25585938 0.19726562
v 0.11914062 -0.25585938 0.19726562
v 0.12304688 -0.03320312 0.19726562
v 0.12695312 -0.08398438 0.19726562
v 0.12695312 0.46289062 0.19726562
v 0.13085938 -0.13085938 0.19726562
v 0.13085938 0.35351562 0.19726562
v 0.13476562 -0.28320312 0.19726562
v 0.13867188 -0.34570312 0.19726562
v 0.14257812 -0.18164062 0.19726562
v 0.14648438 0.27929688 0.19726562
v 0.15429688 -0.52539062 0.19726562
v 0.15429688 -0.46679688 0.19726562
v 0.15429688 -0.40820312 0.19726562
v 0.15429688 -0.23242188 0.19726562
v 0.15820312 0.65039062 0.19726562
v 0.16601562 0.59179688 0.19726562
v 0.16992188 0.27929688 0.19726562
v 0.17773438 0.02148438 0.19726562
v 0.18164062 -0.13085938 0.19726562
v 0.18164062 -0.08398438 0.19726562
v 0.18164062 -0.03320312 0.19726562
v 0.18945312 -0.18554688 0.19726562
v 0.21289062 -0.43164062 0.19726562
v 0.22460938 0.37695312 0.19726562
v 0.24414062 -0.13085938 0.19726562
v 0.24414062 -0.08398438 0.19726562
v 0.24414062 -0.03320312 0.19726562
v 0.24414062 0.02148438 0.19726562
v 0.30664062 -0.13085938 0.19726562
v 0.30664062 -0.08398438 0.19726562
v 0.30664062 -0.03320312 0.19726562
v 0.30664062 0.02148438 0.19726562
v 0.36523438 -0.54492188 0.19726562
v 0.36523438 -0.13085938 0.19726562
v 0.36523438 -0.08398438 0.19726562
v 0.36523438 -0.03320312 0.19726562
v 0.36523438 0.02148438 0.19726562
v 0.39257812 -0.36132812 0.19726562
v 0.40820312 -0.47070312 0.19726562
v 0.40820312 -0.41992188 0.19726562
v 0.40820312 -0.36132812 0.19726562
v 0.40820312 -0.29882812 0.19726562
v 0.40820312 -0.24023438 0.19726562
v 0.40820312 -0.18164062 0.19726562
v 0.40820312 -0.13085938 0.19726562
v 0.40820312 -0.08398438 0.19726562
v 0.40820312 -0.03320312 0.19726562
v 0.40820312 0.02148438 0.19726562
v 0.42382812 -0.24023438 0.19726562
v 0.44335938 0.15039062 0.19726562
v -0.41210938 0.08398438 0.20117188
v -0.41210938 0.15039062 0.20117188
v -0.41210938 0.21289062 0.20117188
v -0.39648438 -0.46679688 0.20117188
v -0.39257812 -0.49804688 0.20117188
v -0.39257812 -0.49414062 0.20117188
v -0.36914062 -0.49804688 0.20117188
v -0.36914062 -0.49414062 0.20117188
v -0.36914062 -0.46679688 0.20117188
v -0.36523438 0.08398438 0.20117188
v -0.36523438 0.15039062 0.20117188
v -0.36132812 0.21289062 0.20117188
v -0.32617188 -0.53710938 0.20117188
v -0.32617188 -0.47070312 0.20117188
v -0.30664062 0.08398438 0.20117188
v -0.30664062 0.15039062 0.20117188
v -0.30664062 0.21289062 0.20117188
v -0.27148438 -0.52929688 0.20117188
v -0.27148438 -0.45117188 0.20117188
v -0.24414062 0.08398438 0.20117188
v -0.24414062 0.15039062 0.20117188
v -0.24414062 0.21289062 0.20117188
v -0.21679688 -0.52148438 0.20117188
v -0.21289062 -0.47460938 0.20117188
v -0.18164062 0.15039062 0.20117188
v -0.17773438 0.08398438 0.20117188
v -0.17382812 0.21289062 0.20117188
v -0.16210938 0.59179688 0.20117188
v -0.15429688 0.52539062 0.20117188
v -0.13476562 0.15429688 0.20117188
v -0.12304688 0.46289062 0.20117188
v -0.09960938 0.08398438 0.20117188
v -0.09570312 0.11914062 0.20117188
v -0.08007812 -0.00195312 0.20117188
v -0.06054688 -0.00976562 0.20117188
v -0.04101562 0.08398438 0.20117188
v -0.04101562 0.09570312 0.20117188
v 0.01367188 0.00195312 0.20117188
v 0.02929688 0.08789062 0.20117188
v 0.05664062 -0.00976562 0.20117188
v 0.08398438 -0.00195312 0.20117188
v 0.09570312 0.08398438 0.20117188
v 0.09570312 0.11914062 0.20117188
v 0.09960938 0.46289062 0.20117188
v 0.12695312 0.52539062 0.20117188
v 0.13476562 0.15429688 0.20117188
v 0.15429688 0.21289062 0.20117188
v 0.17773438 0.08398438 0.20117188
v 0.18164062 0.15039062 0.20117188
v 0.18554688 0.21289062 0.20117188
v 0.21289062 -0.53320312 0.20117188
v 0.21289062 -0.47851562 0.20117188
v 0.24414062 0.08398438 0.20117188
v 0.24414062 0.15039062 0.20117188
v 0.27148438 -0.53710938 0.20117188
v 0.27148438 -0.49023438 0.20117188
v 0.27148438 -0.45507812 0.20117188
v 0.30664062 0.08398438 0.20117188
v 0.30664062 0.15039062 0.20117188
v 0.32226562 -0.54101562 0.20117188
v 0.32617188 -0.47070312 0.20117188
v 0.36523438 0.08398438 0.20117188
v 0.36914062 -0.49804688 0.20117188
v 0.36914062 -0.49414062 0.20117188
v 0.36914062 -0.46679688 0.20117188
v 0.36914062 0.21289062 0.20117188
v 0.39257812 -0.49804688 0.20117188
v 0.39257812 -0.49414062 0.20117188
v 0.39257812 -0.46679688 0.20117188
v 0.39257812 -0.41601562 0.20117188
v 0.40820312 0.08398438 0.20117188
v 0.41210938 0.15039062 0.20117188
v 0.41210938 0.21289062 0.20117188
v -0.32617188 -0.49804688 0.20507812
v -0.27148438 -0.48242188 0.20507812
v -0.15820312 0.21289062 0.20507812
v -0.12695312 0.23242188 0.20507812
v -0.09960938 0.20117188 0.20507812
v -0.08007812 0.52539062 0.20507812
v -0.06445312 0.02539062 0.20507812
v -0.03320312 0.00976562 0.20507812
v -0.03320312 0.02929688 0.20507812
v 0.00195312 -0.26757812 0.20507812
v 0.00195312 -0.26367188 0.20507812
v 0.00976562 0.02929688 0.20507812
v 0.03710938 0.02539062 0.20507812
v 0.06835938 0.01367188 0.20507812
v 0.09179688 0.52539062 0.20507812
v 0.09570312 0.20117188 0.20507812
v 0.12695312 0.59179688 0.20507812
v 0.12695312 0.65039062 0.20507812
v 0.19726562 0.36132812 0.20507812
v 0.32617188 -0.49804688 0.20507812
v -0.20898438 0.36132812 0.20898438
v -0.12695312 0.59179688 0.20898438
v -0.11914062 0.52539062 0.20898438
v -0.08398438 0.59179688 0.20898438
v 0.08398438 0.59179688 0.20898438
v 0.12695312 0.23242188 0.20898438
v -0.23242188 0.37304688 0.21289062
v -0.15039062 0.21679688 0.21289062
v 0.15039062 0.21679688 0.21289062
v -0.24414062 0.40429688 0.21679688
v -0.24023438 0.44335938 0.21679688
v -0.17773438 0.36523438 0.21679688
v 0.20507812 0.47460938 0.21679688
v -0.13867188 0.43164062 0.22070312
v -0.12695312 0.16210938 0.22070312
v -0.07226562 0.18554688 0.22070312
v 0.07226562 0.18554688 0.22070312
v 0.12695312 0.16210938 0.22070312
v 0.16601562 0.47460938 0.22070312
v 0.23242188 0.37304688 0.22070312
v 0.24023438 0.45117188 0.22070312
v 0.24804688 0.40429688 0.22070312
v -0.12304688 0.35351562 0.22460938
v -0.12304688 0.40429688 0.22460938
v -0.10351562 0.32617188 0.22460938
v -0.09960938 0.19726562 0.22460938
v -0.05664062 0.31054688 0.22460938
v 0.00195312 0.30664062 0.22460938
v 0.06054688 0.31054688 0.22460938
v 0.09960938 0.19726562 0.22460938
v 0.10742188 0.32617188 0.22460938
v 0.13085938 0.35351562 0.22460938
v -0.20117188 0.36914062 0.22851562
v 0.21679688 0.36132812 0.22851562
v -0.21679688 0.38085938 0.23242188
v -0.11914062 0.17773438 0.23242188
v 0.11914062 0.17773438 0.23242188
v -0.16992188 0.45507812 0.23632812
v -0.08789062 0.12695312 0.23632812
v -0.07226562 0.18164062 0.23632812
v 0.07226562 0.18164062 0.23632812
v 0.08789062 0.12695312 0.23632812
v 0.13867188 0.36914062 0.23632812
v 0.16601562 0.35351562 0.23632812
v 0.19335938 0.35351562 0.23632812
v -0.20507812 0.45117188 0.24023438
v -0.04492188 0.10742188 0.24023438
v 0.00195312 0.10351562 0.24023438
v 0.04492188 0.10742188 0.24023438
v -0.04492188 0.17773438 0.24414062
v 0.12695312 0.43554688 0.24414062
v 0.13867188 0.45898438 0.24414062
v 0.22851562 0.45507812 0.24414062
v 0.24023438 0.38476562 0.24414062
v -0.08789062 0.15429688 0.24804688
v -0.07617188 0.16992188 0.24804688
v 0.04101562 0.17382812 0.24804688
v 0.07617188 0.16601562 0.24804688
v 0.08789062 0.15429688 0.24804688
v 0.16601562 0.47070312 0.24804688
v 0.20117188 0.47070312 0.24804688
v -0.12304688 0.35351562 0.25195312
v -0.12304688 0.40429688 0.25195312
v -0.07617188 0.14257812 0.25195312
v 0.00195312 0.17382812 0.25195312
v 0.07617188 0.14257812 0.25195312
v 0.12304688 0.39648438 0.25195312
v 0.12304688 0.41992188 0.25195312
v -0.10351562 0.32617188 0.25585938
v -0.10351562 0.43164062 0.25585938
v -0.05664062 0.31054688 0.25585938
v -0.05273438 0.45507812 0.25585938
v -0.04101562 0.16601562 0.25585938
v 0.00195312 0.30664062 0.25585938
v 0.00195312 0.45898438 0.25585938
v 0.06054688 0.31054688 0.25585938
v 0.06054688 0.45117188 0.25585938
v 0.10351562 0.43164062 0.25585938
v 0.11132812 0.32617188 0.25585938
v 0.13085938 0.35351562 0.25585938
v 0.22460938 0.36914062 0.25585938
v -0.04101562 0.13085938 0.25976562
v -0.04101562 0.15429688 0.25976562
v 0.00195312 0.12695312 0.25976562
v 0.04101562 0.13085938 0.25976562
v 0.04101562 0.15429688 0.25976562
v 0.13867188 0.37304688 0.25976562
v 0.22851562 0.43945312 0.25976562
v 0.23632812 0.40820312 0.25976562
v 0.00195312 0.15429688 0.26367188
v 0.13867188 0.44726562 0.26367188
v 0.16601562 0.36132812 0.26367188
v 0.19726562 0.36132812 0.26367188
v 0.13867188 0.39648438 0.27148438
v 0.13867188 0.42382812 0.27148438
v 0.16601562 0.45117188 0.27148438
v 0.20117188 0.45117188 0.27148438
v 0.22070312 0.39257812 0.27148438
v 0.08007812 0.31445312 0.27929688
v 0.12304688 0.40429688 0.27929688
v 0.16601562 0.40429688 0.27929688
v 0.20507812 0.40429688 0.27929688
v -0.10351562 0.32226562 0.29101562
v -0.05664062 0.45117188 0.29101562
v -0.05273438 0.31054688 0.29101562
v 0.00195312 0.30664062 0.29101562
v 0.00195312 0.45898438 0.29101562
v 0.09570312 0.43554688 0.29101562
v 0.11132812 0.32617188 0.29101562
v 0.13085938 0.35351562 0.29101562
v -0.12695312 0.34960938 0.34570312
v -0.12695312 0.36914062 0.34570312
v -0.11523438 0.40429688 0.34570312
v -0.10351562 0.32226562 0.34570312
v -0.08789062 0.43164062 0.34570312
v -0.05664062 0.31054688 0.34570312
v -0.04492188 0.45117188 0.34570312
v -0.00585938 0.30664062 0.34570312
v 0.00195312 0.45898438 0.34570312
v 0.04101562 0.30664062 0.34570312
v 0.04492188 0.45507812 0.34570312
v 0.07617188 0.31054688 0.34570312
v 0.08789062 0.43164062 0.34570312
v 0.10742188 0.32617188 0.34570312
v 0.11523438 0.40429688 0.34570312
v 0.12304688 0.36914062 0.34570312
v 0.12695312 0.34960938 0.34570312
v -0.12304688 0.36914062 0.40429688
v -0.11914062 0.34570312 0.40429688
v -0.11132812 0.40429688 0.40429688
v -0.09960938 0.32226562 0.40429688
v -0.08398438 0.43164062 0.40429688
v -0.05664062 0.30664062 0.40429688
v -0.04492188 0.45507812 0.40429688
v -0.00585938 0.30664062 0.40429688
v 0.00195312 0.45898438 0.40429688
v 0.04101562 0.30664062 0.40429688
v 0.04492188 0.45117188 0.40429688
v 0.08007812 0.31054688 0.40429688
v 0.08398438 0.43164062 0.40429688
v 0.10351562 0.32617188 0.40429688
v 0.11132812 0.40429688 0.40429688
v 0.11914062 0.34960938 0.40429688
v 0.11914062 0.36914062 0.40429688
v -0.10351562 0.36914062 0.46679688
v -0.09179688 0.33789062 0.46679688
v -0.09179688 0.40429688 0.46679688
v -0.08398438 0.32617188 0.46679688
v -0.05273438 0.31054688 0.46679688
v -0.04101562 0.45117188 0.46679688
v -0.00585938 0.31054688 0.46679688
v 0.00195312 0.45898438 0.46679688
v 0.04101562 0.31054688 0.46679688
v 0.07617188 0.32226562 0.46679688
v 0.09179688 0.33789062 0.46679688
v 0.09570312 0.40429688 0.46679688
v 0.10351562 0.36914062 0.46679688
v 0.06445312 0.43554688 0.47070312
v -0.09179688 0.36914062 0.49804688
v -0.08398438 0.40429688 0.49804688
v -0.06445312 0.43554688 0.49804688
v -0.03320312 0.45898438 0.49804688
v 0.00976562 0.47070312 0.49804688
v 0.03710938 0.45898438 0.49804688
v 0.08398438 0.40429688 0.49804688
v 0.08789062 0.36914062 0.49804688
v -0.07617188 0.40429688 0.52539062
v -0.07226562 0.35351562 0.52539062
v -0.05664062 0.33789062 0.52539062
v -0.03320312 0.32617188 0.52539062
v -0.02539062 0.47070312 0.52539062
v 0.00195312 0.32226562 0.52539062
v 0.00195312 0.47460938 0.52539062
v 0.03320312 0.32617188 0.52539062
v 0.05664062 0.33789062 0.52539062
v 0.06445312 0.43554688 0.52539062
v 0.07226562 0.35351562 0.52539062
v 0.07617188 0.40429688 0.52539062
v -0.04492188 0.45898438 0.52929688
v 0.04101562 0.45898438 0.52929688
v -0.06445312 0.40429688 0.55273438
v -0.05664062 0.36914062 0.55273438
v -0.05664062 0.43164062 0.55273438
v -0.03320312 0.34570312 0.55273438
v -0.02539062 0.49414062 0.55273438
v -0.00195312 0.34179688 0.55273438
v 0.01367188 0.49414062 0.55273438
v 0.03320312 0.34570312 0.55273438
v 0.05664062 0.36914062 0.55273438
v 0.05664062 0.43164062 0.55273438
v 0.06445312 0.40429688 0.55273438
v -0.05273438 0.47460938 0.56445312
v 0.04882812 0.47460938 0.56445312
v -0.04882812 0.40429688 0.57617188
v -0.01757812 0.37304688 0.57617188
v 0.01757812 0.37304688 0.57617188
v -0.02148438 0.51757812 0.58398438
v 0.01757812 0.51757812 0.58398438
v -0.04882812 0.49804688 0.58789062
v 0.04882812 0.49804688 0.58789062
v 0.06054688 0.46679688 0.59179688
v -0.02929688 0.40429688 0.60742188
v 0.02929688 0.40429688 0.60742188
v 0.00195312 0.40039062 0.61132812
v 0.06054688 0.47851562 0.61132812
v -0.05664062 0.47070312 0.61914062
v 0.01757812 0.52148438 0.61914062
v 0.04882812 0.50195312 0.61914062
v -0.04882812 0.42773438 0.62695312
v 0.05664062 0.45898438 0.62695312
v 0.03320312 0.42773438 0.63085938
v -0.05273438 0.46679688 0.63867188
v -0.02929688 0.41992188 0.63867188
v 0.00195312 0.42382812 0.64257812
v 0.04101562 0.48632812 0.64257812
v -0.03710938 0.44726562 0.65039062
v 0.01757812 0.50195312 0.65039062
v -0.02539062 0.47070312 0.66210938
v 0.01367188 0.46289062 0.66210938
f 50 682 679
f 50 680 682
f 61 692 52
f 61 677 692
f 54 55 56
f 673 56 673
f 53 674 673
f 55 673 56
f 673 673 53
f 54 55 56
f 55 674 673
f 55 673 57
f 55 57 56
f 53 674 673
f 55 673 673
f 57 56 55
f 673 673 53
f 55 673 57
f 57 56 674
f 56 54 674
f 54 55 674
f 56 55 57
f 673 57 674
f 57 55 674
f 84 58 60
f 84 648 58
f 646 58 60
f 646 85 58
f 646 60 87
f 59 60 58
f 60 84 87
f 82 58 60
f 78 58 648
f 58 82 648
f 657 654 75
f 654 75 75
f 75 75 70
f 658 648 70
f 71 75 650
f 654 650 75
f 75 70 59
f 70 74 658
f 75 76 649
f 649 74 75
f 74 70 75
f 660 66 64
f 66 63 64
f 63 67 66
f 659 67 64
f 67 63 64
f 664 68 65
f 660 68 64
f 68 664 64
f 660 67 66
f 66 64 660
f 64 659 67
f 660 68 64
f 68 66 64
f 68 67 66
f 75 58 74
f 78 58 648
f 58 75 648
f 82 60 81
f 78 79 59
f 78 59 60
f 78 60 82
f 82 648 85
f 78 82 85
f 651 72 662
f 76 73 75
f 76 636 73
f 73 74 75
f 657 75 650
f 74 75 654
f 75 657 654
f 76 649 74
f 78 648 85
f 78 59 648
f 59 84 648
f 83 59 75
f 83 79 59
f 82 83 78
f 79 74 82
f 78 79 82
f 59 83 79
f 59 60 83
f 87 60 84
f 639 86 641
f 83 648 60
f 2 1 87
f 78 78 82
f 647 85 78
f 82 60 87
f 84 87 60
f 87 647 82
f 1 2 84
f 78 60 82
f 647 78 82
f 80 84 647
f 83 60 647
f 2 87 84
f 647 80 647
f 82 647 647
f 86 87 1
f 60 648 80
f 641 86 642
f 647 80 82
f 78 60 78
f 83 647 82
f 78 58 60
f 642 86 86
f 86 1 84
f 60 87 647
f 86 86 1
f 78 59 82
f 648 78 82
f 83 81 82
f 648 85 60
f 648 60 81
f 83 648 81
f 85 59 60
f 76 83 74
f 83 648 74
f 648 79 74
f 83 79 698
f 79 58 698
f 58 59 698
f 75 650 77
f 650 76 77
f 59 75 78
f 75 83 78
f 84 84 85
f 4 6 84
f 86 646 4
f 693 668 641
f 4 646 88
f 84 85 5
f 641 86 642
f 84 86 4
f 59 79 79
f 636 73 76
f 59 60 78
f 84 6 3
f 6 4 3
f 84 647 85
f 86 86 4
f 642 86 86
f 667 641 642
f 84 3 4
f 641 667 693
f 5 85 78
f 60 5 78
f 641 639 86
f 84 5 60
f 79 58 74
f 84 6 84
f 59 79 58
f 4 88 84
f 78 79 59
f 79 74 75
f 75 76 76
f 79 58 79
f 73 76 76
f 642 641 642
f 693 668 642
f 642 693 642
f 641 668 642
f 76 79 75
f 74 76 649
f 647 60 83
f 647 80 60
f 647 78 83
f 78 60 83
f 59 60 58
f 87 646 85
f 78 58 60
f 60 87 85
f 60 85 78
f 86 87 84
f 87 60 84
f 647 646 84
f 646 88 84
f 84 87 647
f 646 88 86
f 88 86 86
f 641 86 642
f 86 86 642
f 641 639 86
f 84 86 87
f 87 88 84
f 89 644 645
f 644 643 645
f 95 633 91
f 95 93 100
f 95 100 633
f 633 91 93
f 90 95 93
f 91 90 93
f 93 92 633
f 117 118 117
f 116 90 117
f 117 116 117
f 117 119 118
f 97 92 96
f 97 93 92
f 92 91 96
f 93 98 100
f 100 99 114
f 100 114 93
f 93 100 93
f 633 93 93
f 97 93 96
f 100 633 93
f 93 633 96
f 96 95 93
f 93 91 96
f 93 633 91
f 100 91 98
f 93 91 96
f 93 98 91
f 100 91 97
f 97 93 100
f 100 96 98
f 96 97 93
f 96 93 98
f 91 96 95
f 633 91 93
f 91 95 93
f 96 95 99
f 95 100 99
f 91 97 633
f 97 100 633
f 100 99 96
f 96 98 100
f 96 93 100
f 100 633 96
f 96 95 93
f 102 101 655
f 102 700 101
f 107 104 105
f 107 103 104
f 103 104 106
f 104 107 106
f 104 632 107
f 107 106 104
f 104 106 103
f 104 106 103
f 104 105 632
f 107 106 104
f 107 104 632
f 105 104 103
f 105 103 104
f 106 105 632
f 106 103 105
f 104 632 103
f 632 107 103
f 108 634 109
f 120 110 111
f 110 112 111
f 630 120 112
f 630 134 111
f 630 111 120
f 111 630 112
f 110 630 120
f 110 112 630
f 93 98 114
f 98 99 114
f 124 626 121
f 124 129 125
f 124 125 626
f 124 123 129
f 136 123 626
f 123 125 626
f 623 624 128
f 128 127 623
f 125 130 129
f 130 621 129
f 125 123 129
f 125 621 123
f 613 616 138
f 708 616 132
f 708 138 616
f 138 619 613
f 630 134 111
f 130 621 125
f 621 136 125
f 136 123 125
f 617 618 132
f 618 137 132
f 147 167 140
f 167 139 140
f 144 168 142
f 177 168 145
f 168 144 145
f 143 607 709
f 607 608 709
f 161 144 145
f 161 168 142
f 161 142 144
f 168 145 161
f 168 144 145
f 170 176 168
f 178 151 152
f 182 583 7
f 152 151 711
f 172 584 169
f 198 583 178
f 182 7 8
f 584 584 145
f 168 142 145
f 179 145 161
f 145 170 168
f 145 179 169
f 8 151 178
f 185 172 169
f 145 169 584
f 152 182 178
f 7 583 145
f 172 176 584
f 584 584 142
f 152 588 178
f 8 584 151
f 182 8 178
f 7 145 584
f 145 142 584
f 7 584 8
f 178 588 198
f 170 145 169
f 146 147 167
f 592 140 146
f 167 592 146
f 606 167 139
f 140 146 606
f 139 140 606
f 146 147 139
f 147 167 139
f 139 140 146
f 148 603 609
f 606 167 9
f 140 147 9
f 9 167 592
f 592 140 9
f 147 606 9
f 147 592 140
f 181 584 150
f 584 151 150
f 150 152 181
f 178 150 182
f 182 150 181
f 177 182 584
f 178 182 177
f 150 152 181
f 180 185 181
f 181 185 583
f 181 583 584
f 177 150 181
f 177 181 584
f 584 151 177
f 177 150 198
f 152 185 198
f 152 181 185
f 150 152 198
f 185 584 179
f 584 145 179
f 145 152 179
f 152 588 10
f 10 198 152
f 588 183 10
f 181 10 150
f 10 181 198
f 150 10 183
f 181 185 198
f 177 178 152
f 178 150 152
f 152 583 177
f 152 183 583
f 601 153 602
f 599 600 155
f 155 143 154
f 155 154 599
f 600 166 155
f 592 165 11
f 140 713 11
f 11 167 146
f 591 166 166
f 599 143 154
f 154 600 155
f 600 143 599
f 599 143 143
f 165 167 11
f 591 592 166
f 591 167 592
f 167 167 146
f 167 139 146
f 155 600 600
f 146 141 11
f 143 599 600
f 592 591 165
f 155 143 600
f 155 143 143
f 166 166 600
f 167 592 167
f 11 141 140
f 11 713 592
f 154 599 143
f 600 166 143
f 600 600 166
f 715 156 622
f 605 598 157
f 158 164 597
f 157 164 605
f 164 157 597
f 598 164 605
f 598 157 158
f 598 158 164
f 597 164 157
f 157 597 164
f 164 598 157
f 610 714 158
f 597 158 157
f 164 164 157
f 157 164 157
f 605 157 164
f 158 157 157
f 157 158 164
f 164 164 597
f 164 597 158
f 158 164 158
f 714 158 158
f 160 170 162
f 170 170 160
f 169 170 160
f 161 170 170
f 584 168 142
f 159 170 161
f 161 159 161
f 168 168 161
f 159 181 170
f 142 168 168
f 185 168 181
f 168 145 161
f 168 185 145
f 168 161 161
f 584 177 168
f 159 584 161
f 159 181 584
f 181 170 584
f 161 169 145
f 145 170 583
f 162 169 161
f 145 169 170
f 183 181 163
f 183 177 181
f 177 159 181
f 166 591 165
f 165 167 166
f 166 591 165
f 165 592 166
f 3133 167 592
f 3133 591 167
f 160 177 168
f 160 170 177
f 170 171 169
f 176 160 172
f 160 169 171
f 160 185 172
f 160 171 185
f 169 170 176
f 176 160 169
f 145 152 584
f 171 185 170
f 584 152 181
f 185 584 181
f 185 181 170
f 584 168 170
f 584 145 168
f 170 185 584
f 160 170 168
f 170 185 168
f 152 179 185
f 179 170 185
f 583 172 176
f 185 172 583
f 185 583 152
f 176 583 172
f 583 186 172
f 583 177 186
f 171 172 170
f 172 186 170
f 586 175 587
f 174 587 173
f 587 175 173
f 175 173 586
f 173 174 586
f 175 174 586
f 174 587 586
f 185 176 152
f 152 583 584
f 178 152 584
f 152 176 583
f 152 583 177
f 152 185 583
f 170 185 168
f 185 583 168
f 583 145 168
f 168 179 170
f 177 185 198
f 177 179 185
f 177 178 179
f 177 185 145
f 177 181 185
f 583 185 198
f 583 145 185
f 177 152 181
f 152 170 583
f 170 185 583
f 185 177 180
f 177 181 180
f 177 178 181
f 181 589 178
f 589 198 178
f 185 145 181
f 186 181 177
f 181 145 177
f 198 178 184
f 181 178 152
f 181 184 178
f 177 168 181
f 145 177 584
f 177 583 584
f 583 177 163
f 177 181 163
f 182 198 583
f 145 168 182
f 583 145 182
f 168 181 182
f 163 183 159
f 588 178 152
f 183 583 584
f 178 588 183
f 584 178 183
f 152 169 584
f 152 179 169
f 169 185 584
f 198 145 184
f 182 184 152
f 184 145 152
f 177 159 145
f 159 170 185
f 170 159 181
f 185 176 159
f 145 159 176
f 176 584 185
f 179 584 168
f 179 185 584
f 198 177 182
f 177 186 182
f 198 583 177
f 185 172 12
f 584 180 12
f 12 172 176
f 176 584 12
f 180 185 12
f 185 181 180
f 185 583 152
f 185 152 181
f 177 179 171
f 179 169 171
f 171 583 177
f 145 185 176
f 145 177 185
f 176 583 145
f 170 185 159
f 185 177 159
f 584 150 583
f 184 150 182
f 178 150 177
f 184 583 150
f 150 181 182
f 150 584 177
f 181 182 186
f 182 583 186
f 181 184 178
f 184 583 178
f 176 185 172
f 176 585 185
f 582 188 216
f 216 189 582
f 188 212 216
f 582 188 189
f 218 188 564
f 218 212 188
f 188 216 564
f 189 188 212
f 189 212 216
f 207 190 202
f 207 191 190
f 574 204 202
f 574 191 204
f 192 207 202
f 207 204 202
f 207 202 192
f 207 191 202
f 192 190 202
f 192 207 190
f 210 191 205
f 210 193 203
f 190 205 191
f 210 205 193
f 210 207 191
f 209 243 194
f 243 205 194
f 218 213 13
f 265 240 13
f 219 13 213
f 218 212 213
f 219 196 13
f 222 265 13
f 13 196 197
f 222 13 197
f 240 218 13
f 584 186 583
f 584 145 186
f 186 198 583
f 198 186 185
f 186 171 185
f 186 170 171
f 201 572 199
f 572 191 199
f 279 255 496
f 279 297 255
f 297 256 255
f 223 255 256
f 223 256 200
f 223 201 255
f 223 201 297
f 279 295 297
f 201 279 297
f 297 256 223
f 201 255 279
f 199 574 572
f 199 202 574
f 496 16 366
f 16 14 15
f 211 15 210
f 15 18 19
f 16 327 328
f 366 16 328
f 17 254 363
f 254 17 572
f 16 18 14
f 18 496 201
f 203 210 19
f 15 14 18
f 19 18 201
f 201 207 19
f 204 202 15
f 211 205 194
f 19 571 203
f 210 205 211
f 15 17 16
f 15 202 17
f 572 202 574
f 16 363 327
f 210 191 205
f 17 363 16
f 327 512 328
f 571 19 207
f 19 210 15
f 17 202 572
f 16 496 18
f 204 15 211
f 569 211 194
f 191 190 205
f 191 204 207
f 571 203 207
f 203 207 205
f 204 205 207
f 203 205 210
f 203 210 207
f 210 243 203
f 243 568 203
f 205 210 190
f 205 203 210
f 210 191 190
f 191 205 203
f 205 193 203
f 193 210 568
f 204 210 207
f 204 568 210
f 207 191 204
f 208 209 568
f 209 195 568
f 243 204 568
f 568 203 243
f 210 243 193
f 243 211 193
f 193 194 211
f 194 569 211
f 570 193 194
f 205 193 211
f 193 570 211
f 204 205 209
f 205 193 209
f 209 243 204
f 580 195 194
f 194 209 580
f 205 203 210
f 210 211 205
f 243 203 210
f 211 205 193
f 243 211 193
f 243 193 203
f 204 210 243
f 204 193 210
f 205 209 211
f 194 209 193
f 209 205 193
f 193 243 211
f 193 203 243
f 240 567 212
f 240 215 567
f 240 565 215
f 213 214 567
f 214 565 567
f 213 240 215
f 240 565 215
f 276 216 215
f 276 217 216
f 216 565 215
f 240 219 216
f 219 212 216
f 532 212 217
f 240 218 217
f 240 217 212
f 240 212 216
f 532 218 217
f 532 240 218
f 215 222 219
f 215 221 222
f 222 215 241
f 222 219 215
f 241 219 197
f 219 220 197
f 241 222 222
f 219 581 241
f 222 219 241
f 222 221 222
f 222 240 221
f 240 220 221
f 221 241 240
f 240 220 221
f 219 222 265
f 221 222 219
f 265 222 278
f 219 215 221
f 265 240 219
f 265 222 278
f 265 197 222
f 297 223 295
f 297 256 223
f 227 224 225
f 228 226 227
f 225 228 227
f 226 225 559
f 224 225 227
f 225 226 227
f 226 558 228
f 225 559 227
f 559 226 227
f 226 558 228
f 252 576 555
f 252 233 576
f 576 555 233
f 555 252 233
f 231 234 232
f 234 298 232
f 560 253 235
f 253 237 235
f 235 253 253
f 235 253 237
f 553 253 253
f 235 553 253
f 560 236 235
f 236 237 235
f 560 253 236
f 270 238 257
f 238 274 257
f 274 275 257
f 258 261 566
f 258 524 261
f 566 239 258
f 258 260 524
f 532 212 565
f 217 532 276
f 212 240 565
f 532 565 276
f 564 218 216
f 218 212 216
f 241 222 518
f 219 196 240
f 241 267 292
f 241 292 240
f 196 197 241
f 196 241 240
f 518 267 241
f 264 197 241
f 264 265 197
f 195 245 249
f 195 720 245
f 545 249 246
f 249 245 246
f 246 249 243
f 246 248 249
f 243 245 246
f 195 243 244
f 249 195 247
f 244 245 195
f 195 245 247
f 247 244 245
f 247 195 244
f 195 243 244
f 245 243 244
f 249 245 248
f 249 243 245
f 245 248 244
f 244 248 249
f 195 244 249
f 245 246 248
f 249 244 248
f 244 247 248
f 245 247 244
f 247 249 244
f 249 246 545
f 249 244 246
f 545 249 195
f 243 245 545
f 243 244 245
f 195 243 545
f 270 238 251
f 238 250 251
f 309 238 271
f 238 298 271
f 270 309 251
f 309 271 251
f 557 538 539
f 538 557 557
f 538 540 539
f 576 252 233
f 577 557 557
f 233 577 555
f 578 577 578
f 577 557 578
f 578 577 578
f 555 252 233
f 233 578 577
f 252 555 252
f 252 576 555
f 252 252 555
f 363 328 366
f 327 512 525
f 363 512 328
f 366 254 363
f 512 363 525
f 201 297 223
f 295 297 255
f 297 201 255
f 255 223 201
f 255 200 223
f 256 255 297
f 256 200 255
f 275 257 270
f 302 274 238
f 274 270 238
f 270 274 275
f 262 260 287
f 258 260 261
f 260 262 261
f 524 260 287
f 524 261 260
f 260 548 262
f 287 524 523
f 548 524 524
f 548 524 262
f 524 524 523
f 317 319 263
f 317 318 319
f 264 265 222
f 265 267 222
f 267 222 278
f 278 265 518
f 278 518 267
f 277 222 276
f 276 267 292
f 291 222 266
f 221 276 215
f 222 265 241
f 241 276 221
f 267 276 241
f 240 222 292
f 291 292 222
f 215 276 240
f 240 276 222
f 265 267 241
f 222 278 266
f 265 266 267
f 291 278 265
f 267 291 265
f 289 288 339
f 268 288 290
f 288 289 290
f 268 269 530
f 269 340 530
f 273 272 251
f 272 271 251
f 275 270 302
f 270 303 302
f 251 541 271
f 541 272 271
f 313 257 309
f 257 272 309
f 273 272 309
f 395 251 270
f 270 273 309
f 270 309 395
f 273 302 257
f 273 303 306
f 273 306 302
f 251 270 238
f 270 309 238
f 310 302 270
f 310 306 302
f 302 275 270
f 215 276 219
f 276 222 219
f 292 240 565
f 276 565 215
f 265 565 276
f 265 276 278
f 565 265 292
f 265 267 222
f 292 215 277
f 267 292 277
f 267 277 222
f 222 278 265
f 267 277 278
f 267 276 277
f 276 266 292
f 292 266 291
f 278 266 276
f 276 222 278
f 266 267 291
f 277 292 240
f 240 276 277
f 291 265 266
f 291 294 265
f 266 267 291
f 520 279 296
f 520 255 279
f 248 282 284
f 248 280 281
f 248 281 282
f 284 283 248
f 281 284 368
f 284 283 368
f 249 283 286
f 284 283 282
f 283 249 282
f 283 281 282
f 283 368 281
f 283 331 368
f 282 286 249
f 286 285 249
f 282 284 286
f 523 287 333
f 268 269 289
f 340 269 315
f 340 289 269
f 326 288 289
f 288 339 289
f 269 324 316
f 513 325 316
f 324 513 316
f 269 340 324
f 289 290 339
f 290 268 339
f 472 315 20
f 20 315 21
f 322 21 315
f 268 315 289
f 474 20 322
f 473 426 474
f 316 316 324
f 357 325 322
f 324 474 316
f 357 356 20
f 322 268 269
f 20 324 357
f 322 269 315
f 316 314 325
f 325 314 322
f 268 322 315
f 20 356 424
f 425 20 424
f 316 513 325
f 322 314 474
f 474 314 354
f 425 472 20
f 513 316 324
f 426 474 474
f 324 316 316
f 324 20 474
f 20 21 322
f 474 20 474
f 265 291 277
f 292 276 277
f 291 292 277
f 291 265 267
f 292 240 276
f 222 265 277
f 265 518 267
f 522 291 294
f 522 267 291
f 294 293 522
f 292 293 518
f 292 294 293
f 518 267 292
f 293 265 292
f 265 267 292
f 293 506 294
f 293 375 506
f 291 294 267
f 294 522 267
f 295 297 255
f 297 296 255
f 299 301 298
f 299 521 301
f 299 300 521
f 337 338 301
f 337 335 338
f 302 257 303
f 257 273 303
f 309 312 251
f 251 257 309
f 257 272 309
f 313 303 310
f 313 257 303
f 401 310 306
f 401 313 310
f 303 304 275
f 304 274 275
f 306 302 519
f 303 304 257
f 304 274 257
f 313 257 312
f 306 311 312
f 257 306 312
f 306 396 307
f 307 308 306
f 396 307 401
f 307 306 401
f 358 312 395
f 358 359 360
f 360 399 312
f 312 303 310
f 257 312 399
f 257 303 312
f 399 251 257
f 358 360 312
f 257 270 303
f 313 270 303
f 270 273 303
f 272 257 273
f 272 312 257
f 303 310 257
f 310 312 393
f 310 393 399
f 310 399 251
f 310 251 257
f 303 257 270
f 303 401 312
f 312 313 257
f 303 312 257
f 313 272 312
f 313 273 272
f 272 309 312
f 402 400 397
f 396 378 397
f 401 396 397
f 400 310 397
f 401 310 311
f 310 401 397
f 403 400 402
f 310 306 311
f 311 313 257
f 311 312 313
f 272 312 273
f 312 313 273
f 419 427 472
f 316 324 322
f 22 324 499
f 425 410 354
f 423 427 425
f 424 427 423
f 472 322 22
f 22 354 411
f 22 322 324
f 427 419 425
f 22 499 354
f 316 322 515
f 419 472 22
f 354 423 425
f 419 22 411
f 320 319 371
f 371 293 518
f 371 518 320
f 317 319 263
f 317 518 320
f 317 320 319
f 319 317 518
f 317 318 518
f 265 320 293
f 320 319 293
f 293 376 319
f 293 374 376
f 356 325 357
f 315 357 321
f 357 325 321
f 424 322 417
f 424 324 322
f 321 322 515
f 321 324 322
f 314 352 325
f 352 475 325
f 325 324 356
f 356 513 325
f 321 325 316
f 321 324 325
f 340 475 473
f 473 316 340
f 340 352 475
f 340 314 352
f 316 314 352
f 352 325 316
f 316 314 325
f 314 475 325
f 339 289 326
f 326 483 339
f 366 364 367
f 364 363 525
f 364 366 279
f 364 279 363
f 525 327 364
f 297 364 279
f 496 279 364
f 496 254 279
f 496 364 328
f 296 364 297
f 367 496 364
f 363 496 279
f 363 327 496
f 327 364 496
f 367 364 329
f 279 328 496
f 279 367 328
f 279 327 367
f 364 328 496
f 364 367 328
f 496 296 364
f 496 296 328
f 296 367 328
f 329 367 364
f 367 296 364
f 296 329 366
f 296 364 329
f 329 330 366
f 367 279 329
f 367 330 279
f 281 282 368
f 282 284 368
f 368 283 331
f 368 281 283
f 284 332 388
f 332 368 388
f 368 282 331
f 282 283 331
f 368 284 332
f 368 388 284
f 369 333 509
f 369 370 333
f 293 372 375
f 291 293 522
f 372 293 293
f 294 293 375
f 293 291 293
f 375 506 294
f 506 294 375
f 372 375 293
f 375 294 293
f 404 338 334
f 338 307 334
f 334 337 404
f 404 338 335
f 338 307 335
f 307 336 335
f 337 378 336
f 378 307 336
f 404 23 338
f 238 338 23
f 359 433 440
f 400 23 399
f 433 359 399
f 238 23 309
f 433 399 23
f 336 338 307
f 338 336 404
f 404 433 23
f 298 338 238
f 309 23 400
f 301 378 307
f 301 404 378
f 301 337 404
f 362 301 337
f 362 350 301
f 289 470 315
f 289 425 470
f 340 357 316
f 340 324 357
f 344 345 341
f 345 348 341
f 345 504 348
f 348 342 345
f 348 341 342
f 348 344 349
f 348 346 344
f 343 344 342
f 344 346 342
f 348 24 25
f 341 344 24
f 344 345 25
f 349 345 344
f 348 348 348
f 470 471 437
f 345 344 345
f 344 341 342
f 348 493 377
f 24 348 346
f 437 348 470
f 346 341 24
f 345 504 348
f 345 345 504
f 342 343 344
f 348 348 25
f 377 504 348
f 348 437 348
f 344 25 24
f 345 348 25
f 348 348 504
f 345 346 342
f 345 342 344
f 348 346 344
f 345 348 344
f 342 344 346
f 344 349 345
f 347 349 342
f 349 348 342
f 342 344 341
f 345 346 341
f 345 348 346
f 344 345 341
f 348 347 349
f 348 343 347
f 344 347 504
f 347 349 504
f 343 344 346
f 344 348 346
f 344 347 342
f 347 348 342
f 342 349 345
f 342 343 347
f 342 347 349
f 345 348 342
f 301 334 338
f 404 334 335
f 404 338 334
f 338 307 301
f 402 378 380
f 435 402 434
f 435 336 402
f 402 336 378
f 378 311 396
f 378 307 311
f 307 308 311
f 308 396 378
f 311 308 306
f 311 401 308
f 308 401 396
f 307 306 311
f 396 378 307
f 311 396 307
f 378 308 306
f 306 311 378
f 401 393 399
f 393 351 312
f 399 393 312
f 395 399 312
f 399 400 401
f 474 352 353
f 474 316 352
f 316 355 352
f 354 324 499
f 324 316 355
f 324 354 353
f 324 353 316
f 355 314 324
f 314 324 353
f 324 316 321
f 324 316 324
f 478 425 473
f 324 478 316
f 314 324 324
f 316 478 473
f 474 324 353
f 474 316 324
f 355 314 474
f 314 352 474
f 353 426 425
f 426 419 425
f 356 417 324
f 324 357 356
f 427 322 425
f 356 424 425
f 322 356 425
f 356 417 324
f 417 424 324
f 322 417 425
f 322 357 417
f 417 424 425
f 395 399 309
f 395 358 399
f 312 398 309
f 398 399 309
f 403 400 380
f 380 488 403
f 400 312 380
f 400 309 312
f 312 393 380
f 399 251 359
f 395 359 309
f 359 251 309
f 323 359 433
f 323 358 359
f 309 323 358
f 358 323 358
f 358 358 309
f 309 528 309
f 309 528 273
f 309 309 358
f 309 273 272
f 337 362 301
f 279 363 364
f 328 366 367
f 367 366 254
f 367 254 364
f 364 254 279
f 296 364 330
f 330 279 296
f 279 363 364
f 364 328 279
f 296 367 279
f 367 330 279
f 366 496 327
f 328 327 512
f 366 327 328
f 366 328 366
f 327 366 366
f 496 279 327
f 496 327 366
f 327 365 366
f 330 296 367
f 330 279 296
f 364 329 279
f 367 330 366
f 366 279 329
f 366 329 367
f 296 496 295
f 367 496 296
f 367 296 364
f 279 295 496
f 366 496 367
f 254 201 572
f 254 279 201
f 279 496 201
f 366 364 328
f 327 364 279
f 364 366 279
f 296 329 297
f 297 329 496
f 329 366 496
f 329 328 366
f 366 329 328
f 366 279 329
f 279 296 329
f 329 367 328
f 370 405 369
f 405 406 369
f 406 370 405
f 406 369 370
f 319 293 374
f 374 375 319
f 293 374 293
f 293 518 267
f 293 267 293
f 371 374 376
f 371 293 374
f 293 372 319
f 372 376 319
f 373 374 319
f 374 375 319
f 376 371 375
f 371 373 375
f 438 376 480
f 438 415 376
f 438 407 415
f 488 403 386
f 401 312 396
f 403 401 396
f 378 307 334
f 396 378 380
f 396 378 378
f 380 386 396
f 334 378 378
f 403 396 386
f 403 311 401
f 488 380 386
f 403 400 379
f 378 379 311
f 396 311 401
f 403 379 488
f 400 311 379
f 396 378 311
f 398 401 393
f 401 311 393
f 398 400 401
f 398 399 400
f 379 380 488
f 398 403 393
f 402 403 379
f 403 398 379
f 391 386 381
f 386 392 381
f 382 391 386
f 382 384 391
f 386 384 390
f 386 383 384
f 384 386 385
f 384 390 380
f 384 380 386
f 385 382 384
f 384 391 386
f 383 384 387
f 384 386 387
f 391 386 384
f 386 488 384
f 391 385 383
f 391 386 385
f 390 488 394
f 390 386 488
f 391 383 486
f 391 387 383
f 392 381 386
f 381 389 386
f 391 392 389
f 391 488 392
f 29 307 308
f 30 401 29
f 312 29 401
f 394 27 403
f 26 27 28
f 28 500 378
f 380 394 390
f 303 275 257
f 28 31 26
f 31 27 26
f 29 302 303
f 488 403 393
f 31 312 393
f 312 30 303
f 393 403 31
f 303 302 275
f 311 401 30
f 29 257 307
f 31 30 312
f 308 306 29
f 28 30 31
f 306 302 29
f 29 303 30
f 403 27 31
f 27 380 28
f 308 311 378
f 312 257 29
f 380 27 394
f 380 500 28
f 311 30 28
f 311 28 378
f 390 386 384
f 386 488 384
f 403 380 488
f 403 390 380
f 400 311 379
f 379 401 378
f 403 379 380
f 311 401 379
f 400 379 403
f 380 403 394
f 380 402 403
f 400 395 399
f 312 395 310
f 395 400 310
f 311 398 380
f 311 312 398
f 380 402 311
f 402 310 399
f 310 312 399
f 402 400 310
f 395 400 401
f 395 399 400
f 396 393 312
f 402 401 312
f 393 402 312
f 399 396 393
f 399 402 396
f 312 396 401
f 396 402 401
f 378 397 32
f 401 396 32
f 400 401 32
f 396 378 32
f 397 400 32
f 402 401 378
f 378 397 402
f 396 397 311
f 397 400 311
f 399 402 401
f 402 311 401
f 401 393 399
f 402 400 311
f 398 380 393
f 380 403 393
f 378 397 311
f 397 400 311
f 395 358 433
f 358 399 433
f 358 359 399
f 380 311 312
f 380 402 311
f 312 393 380
f 402 403 311
f 400 312 399
f 398 312 393
f 398 399 312
f 401 402 400
f 401 378 402
f 434 435 378
f 435 336 378
f 378 380 434
f 399 402 434
f 434 398 399
f 402 400 379
f 400 398 379
f 379 380 402
f 401 312 33
f 402 400 33
f 33 312 393
f 393 398 33
f 398 402 33
f 400 401 33
f 402 403 400
f 485 487 391
f 486 391 383
f 391 487 383
f 487 486 485
f 487 383 486
f 486 391 485
f 337 404 301
f 404 378 301
f 301 336 337
f 359 360 433
f 360 399 433
f 433 440 359
f 434 399 440
f 434 398 399
f 405 406 414
f 406 408 414
f 408 407 414
f 407 414 34
f 370 406 34
f 411 34 414
f 411 370 34
f 406 407 34
f 406 408 414
f 408 409 414
f 414 411 406
f 411 370 406
f 411 370 34
f 407 409 34
f 370 406 34
f 409 411 34
f 406 408 34
f 408 407 34
f 411 406 409
f 406 408 409
f 370 407 411
f 370 408 407
f 409 370 406
f 406 407 409
f 409 411 370
f 421 416 479
f 421 413 411
f 421 411 416
f 412 423 354
f 425 423 419
f 425 354 423
f 479 413 416
f 479 421 413
f 416 407 414
f 407 409 414
f 413 416 376
f 416 415 376
f 411 416 414
f 416 422 414
f 479 411 416
f 479 409 411
f 411 416 409
f 416 422 409
f 409 414 411
f 422 421 413
f 413 411 419
f 413 419 422
f 413 416 421
f 416 422 421
f 427 421 411
f 422 411 416
f 422 427 411
f 472 322 424
f 322 356 424
f 424 427 472
f 356 417 424
f 417 427 478
f 427 411 425
f 427 420 427
f 427 420 411
f 427 427 417
f 419 427 411
f 419 425 427
f 427 420 411
f 427 477 419
f 427 322 477
f 427 420 425
f 420 419 425
f 425 427 419
f 427 421 419
f 325 322 356
f 325 314 499
f 411 425 354
f 499 427 322
f 499 322 325
f 499 425 427
f 322 357 356
f 425 499 354
f 419 425 423
f 472 322 423
f 425 472 423
f 437 289 436
f 437 315 289
f 424 356 417
f 424 472 322
f 424 322 356
f 477 423 322
f 315 322 472
f 472 322 425
f 423 425 322
f 427 472 425
f 472 477 423
f 424 427 472
f 423 424 472
f 477 427 322
f 477 422 427
f 419 477 423
f 419 422 477
f 472 423 424
f 424 425 472
f 472 423 419
f 472 410 423
f 472 322 410
f 425 354 426
f 354 353 426
f 470 424 37
f 35 470 37
f 314 352 352
f 316 322 36
f 472 35 37
f 322 37 36
f 340 314 316
f 425 37 424
f 322 424 37
f 352 352 475
f 353 316 314
f 355 314 352
f 314 314 499
f 353 314 499
f 475 355 352
f 425 473 36
f 35 472 470
f 316 315 322
f 352 36 316
f 325 316 475
f 37 425 36
f 37 424 472
f 314 324 499
f 36 473 316
f 322 356 424
f 316 36 475
f 475 36 352
f 314 352 314
f 316 269 315
f 476 429 428
f 476 430 429
f 430 429 476
f 429 428 476
f 476 431 430
f 430 428 476
f 428 432 476
f 476 431 430
f 430 428 431
f 428 476 431
f 428 432 476
f 434 398 402
f 398 399 402
f 435 433 434
f 433 440 434
f 404 440 337
f 440 435 337
f 404 338 334
f 404 334 335
f 307 301 334
f 307 334 338
f 334 337 335
f 404 307 301
f 337 404 301
f 337 301 336
f 404 378 307
f 336 404 435
f 336 335 404
f 404 440 435
f 440 434 435
f 337 378 336
f 380 435 336
f 378 380 336
f 435 336 378
f 336 404 378
f 433 434 404
f 434 435 404
f 423 419 352
f 473 419 472
f 473 352 419
f 352 353 423
f 473 353 474
f 473 352 353
f 473 426 474
f 353 473 354
f 353 426 473
f 425 412 423
f 425 473 354
f 425 354 412
f 423 419 353
f 419 425 353
f 473 423 425
f 473 412 423
f 474 316 354
f 426 474 354
f 426 354 353
f 474 473 316
f 473 353 423
f 473 354 353
f 436 425 470
f 427 472 473
f 473 470 425
f 473 425 427
f 470 315 436
f 425 472 436
f 472 470 425
f 470 436 425
f 472 315 436
f 472 425 425
f 470 289 436
f 472 425 425
f 472 470 315
f 436 315 289
f 470 436 437
f 470 315 436
f 437 348 436
f 348 471 436
f 425 470 426
f 425 472 470
f 472 473 470
f 425 426 419
f 425 470 426
f 425 472 470
f 419 427 426
f 427 470 426
f 427 472 470
f 437 471 436
f 437 470 471
f 728 439 727
f 466 465 441
f 463 443 442
f 443 462 442
f 729 730 444
f 445 460 461
f 445 459 460
f 458 38 446
f 446 38 447
f 457 38 458
f 38 457 456
f 456 447 38
f 732 733 448
f 732 449 733
f 451 452 450
f 454 455 453
f 457 456 458
f 456 446 458
f 460 445 459
f 460 461 445
f 466 465 441
f 467 468 490
f 437 470 436
f 437 348 470
f 377 504 493
f 504 348 493
f 289 470 340
f 289 437 470
f 470 315 340
f 354 353 473
f 423 419 425
f 473 353 423
f 425 473 423
f 411 419 354
f 419 425 354
f 440 399 433
f 440 434 399
f 316 315 322
f 357 316 322
f 354 340 314
f 321 315 316
f 340 354 315
f 413 411 479
f 315 354 472
f 315 315 340
f 427 472 354
f 427 354 411
f 422 427 411
f 411 422 411
f 411 411 479
f 315 316 315
f 426 419 472
f 419 425 472
f 472 425 427
f 472 473 425
f 473 426 425
f 423 472 322
f 423 419 472
f 322 477 423
f 322 423 424
f 424 472 322
f 424 324 356
f 324 357 356
f 416 422 421
f 421 411 416
f 422 427 421
f 422 427 419
f 322 477 419
f 427 322 419
f 419 422 411
f 422 421 411
f 415 413 416
f 415 376 413
f 480 407 415
f 480 438 407
f 427 421 411
f 411 416 427
f 414 416 479
f 479 409 414
f 414 411 416
f 410 354 423
f 322 410 423
f 425 423 424
f 425 315 423
f 322 423 315
f 425 427 423
f 427 322 423
f 412 423 419
f 419 354 412
f 424 324 417
f 324 322 417
f 414 411 409
f 416 407 409
f 411 416 409
f 413 376 376
f 413 375 376
f 374 376 373
f 376 319 373
f 376 319 376
f 406 414 370
f 406 409 414
f 370 405 406
f 407 370 405
f 407 409 370
f 358 360 395
f 360 433 395
f 383 485 487
f 383 486 485
f 396 311 312
f 380 400 311
f 378 380 311
f 396 378 311
f 401 402 311
f 402 400 311
f 401 397 402
f 400 379 403
f 312 393 351
f 312 351 312
f 309 312 312
f 309 312 398
f 398 379 400
f 398 400 309
f 379 402 403
f 401 358 399
f 401 312 358
f 401 399 400
f 359 360 399
f 359 399 358
f 399 402 400
f 390 488 384
f 390 386 488
f 380 386 403
f 403 394 380
f 390 380 394
f 380 403 394
f 390 403 394
f 390 380 403
f 380 434 378
f 380 402 434
f 389 391 488
f 488 392 389
f 389 391 488
f 391 386 488
f 383 384 385
f 384 386 385
f 378 379 380
f 380 402 311
f 380 311 378
f 386 385 383
f 383 390 386
f 366 39 367
f 386 385 39
f 364 367 39
f 384 39 383
f 328 364 39
f 328 363 364
f 385 328 39
f 328 496 363
f 39 487 383
f 384 386 39
f 366 487 39
f 385 383 390
f 383 384 390
f 380 311 378
f 380 402 311
f 311 401 378
f 311 396 402
f 380 396 393
f 380 402 396
f 433 360 399
f 433 358 360
f 393 398 401
f 380 402 400
f 398 380 400
f 311 401 400
f 401 398 400
f 378 403 311
f 378 402 403
f 378 397 402
f 348 377 504
f 348 493 377
f 371 375 376
f 371 293 375
f 293 372 375
f 319 371 373
f 373 375 376
f 373 376 319
f 376 372 375
f 376 371 372
f 371 374 319
f 371 373 374
f 293 376 319
f 293 372 376
f 373 375 371
f 373 374 375
f 369 370 405
f 295 296 279
f 329 366 279
f 279 296 364
f 279 364 329
f 329 330 366
f 295 297 296
f 366 363 364
f 366 496 363
f 363 327 364
f 363 327 512
f 328 279 512
f 328 496 279
f 328 366 496
f 512 279 363
f 496 254 279
f 330 366 496
f 367 279 327
f 367 330 279
f 279 330 496
f 336 337 301
f 337 362 301
f 307 337 378
f 307 334 337
f 433 323 359
f 359 360 433
f 399 401 358
f 401 312 358
f 312 251 309
f 251 272 309
f 312 395 251
f 322 423 424
f 424 324 322
f 478 417 324
f 321 324 325
f 513 324 356
f 513 325 324
f 352 355 314
f 352 353 316
f 352 316 355
f 404 307 336
f 404 378 307
f 307 301 336
f 338 301 335
f 301 337 335
f 301 334 337
f 378 308 311
f 378 307 308
f 315 322 316
f 322 515 316
f 348 343 347
f 348 346 343
f 345 346 349
f 346 344 349
f 326 483 289
f 483 482 289
f 355 352 316
f 352 475 316
f 288 290 268
f 326 483 339
f 514 326 339
f 288 514 339
f 288 339 290
f 514 268 288
f 289 326 483
f 326 289 514
f 268 289 290
f 514 289 268
f 483 339 289
f 312 395 309
f 395 358 309
f 335 301 337
f 337 301 334
f 307 301 338
f 301 404 338
f 404 301 335
f 335 301 337
f 301 336 337
f 335 338 301
f 301 336 335
f 338 301 336
f 336 337 338
f 375 371 372
f 375 319 371
f 371 375 319
f 293 374 375
f 371 293 375
f 509 369 526
f 369 508 526
f 534 369 508
f 534 287 333
f 534 333 369
f 509 534 526
f 534 508 526
f 368 388 332
f 388 284 332
f 283 285 284
f 283 286 285
f 285 249 284
f 283 248 282
f 280 281 282
f 248 280 282
f 329 328 496
f 496 279 296
f 496 296 329
f 328 279 365
f 328 496 279
f 525 327 363
f 327 512 363
f 367 279 296
f 367 496 279
f 328 364 367
f 328 279 364
f 312 273 309
f 312 251 273
f 357 356 513
f 513 316 321
f 322 357 513
f 324 322 513
f 324 513 321
f 269 356 325
f 269 315 356
f 323 272 309
f 315 515 316
f 316 321 315
f 356 316 322
f 316 314 322
f 314 324 322
f 726 517 550
f 517 516 550
f 265 292 294
f 294 293 265
f 518 292 265
f 292 293 265
f 347 346 344
f 343 344 342
f 344 346 342
f 344 349 342
f 344 347 349
f 347 343 344
f 343 341 342
f 343 347 346
f 343 346 341
f 315 356 316
f 315 357 356
f 316 321 315
f 322 357 325
f 324 316 321
f 325 316 322
f 324 322 316
f 325 321 315
f 322 357 356
f 356 325 315
f 356 315 322
f 325 316 321
f 324 357 314
f 357 325 314
f 315 357 316
f 357 325 316
f 340 352 325
f 352 340 355
f 315 340 325
f 325 316 315
f 270 401 312
f 251 257 270
f 303 401 270
f 251 270 312
f 270 273 303
f 270 313 257
f 270 303 312
f 270 312 313
f 313 257 312
f 257 273 312
f 309 313 270
f 309 312 313
f 257 273 312
f 273 272 312
f 257 270 303
f 270 273 303
f 303 312 257
f 273 309 251
f 309 312 251
f 306 401 307
f 401 257 307
f 306 274 305
f 305 307 306
f 274 275 306
f 275 257 306
f 279 520 255
f 279 297 520
f 496 520 255
f 496 297 520
f 338 301 298
f 364 496 40
f 496 279 40
f 40 327 364
f 327 40 363
f 327 363 525
f 279 363 40
f 291 292 265
f 292 293 265
f 267 294 293
f 265 266 267
f 293 265 267
f 267 292 294
f 267 291 292
f 518 294 265
f 292 294 291
f 294 518 291
f 509 287 333
f 509 534 287
f 284 283 286
f 286 249 284
f 249 282 248
f 282 283 248
f 249 283 248
f 284 283 282
f 283 249 282
f 280 283 248
f 280 282 283
f 363 525 254
f 518 292 264
f 221 264 215
f 264 292 215
f 222 264 241
f 264 221 241
f 267 278 265
f 267 291 278
f 240 278 292
f 240 563 278
f 264 215 222
f 276 277 222
f 215 276 222
f 518 264 265
f 267 264 518
f 267 292 264
f 264 292 215
f 215 222 240
f 222 278 240
f 215 276 222
f 303 310 257
f 310 275 257
f 302 274 257
f 307 238 302
f 257 307 302
f 303 274 275
f 303 304 274
f 272 528 273
f 528 270 273
f 303 251 273
f 541 272 273
f 251 541 273
f 273 528 270
f 273 309 528
f 528 270 309
f 270 273 309
f 298 271 556
f 562 263 536
f 263 317 536
f 532 494 531
f 532 494 531
f 494 533 531
f 259 548 262
f 548 524 262
f 547 524 262
f 547 548 524
f 259 548 262
f 548 261 260
f 548 262 261
f 318 518 317
f 518 263 317
f 299 300 298
f 300 521 298
f 302 41 238
f 270 250 41
f 551 238 41
f 41 251 551
f 274 257 41
f 257 270 41
f 302 274 41
f 250 251 41
f 257 250 251
f 257 238 250
f 247 249 243
f 249 195 243
f 243 245 247
f 249 245 545
f 245 246 545
f 246 195 244
f 195 246 249
f 245 246 244
f 246 545 249
f 545 195 246
f 195 244 246
f 545 249 195
f 197 265 240
f 197 222 265
f 197 241 222
f 278 240 563
f 278 265 240
f 219 212 240
f 212 216 240
f 216 565 532
f 216 240 565
f 565 217 532
f 257 238 251
f 238 250 251
f 253 235 560
f 253 236 235
f 298 231 234
f 298 232 231
f 195 243 208
f 243 568 208
f 243 244 247
f 243 195 243
f 243 243 244
f 247 195 243
f 227 224 42
f 721 226 558
f 227 42 226
f 226 226 42
f 42 225 559
f 226 42 559
f 558 228 721
f 721 226 226
f 225 42 224
f 215 240 565
f 215 278 240
f 215 277 278
f 278 219 197
f 278 240 219
f 219 220 197
f 197 278 219
f 197 219 196
f 292 240 219
f 292 219 278
f 222 215 241
f 222 240 215
f 220 240 219
f 220 222 240
f 220 197 222
f 219 220 240
f 220 241 240
f 220 221 241
f 217 216 218
f 216 564 218
f 214 565 213
f 565 212 213
f 565 567 212
f 565 215 567
f 212 214 565
f 567 240 215
f 567 213 240
f 212 240 565
f 212 216 240
f 215 567 213
f 213 214 215
f 565 212 216
f 213 240 212
f 240 219 212
f 193 195 243
f 243 204 205
f 243 205 193
f 193 209 195
f 243 211 204
f 205 209 243
f 204 205 243
f 211 204 210
f 211 210 243
f 204 193 203
f 203 210 204
f 210 243 211
f 211 204 203
f 211 203 210
f 211 204 193
f 193 210 211
f 205 203 211
f 211 204 205
f 205 193 211
f 193 209 211
f 211 204 193
f 204 205 193
f 193 210 211
f 203 243 204
f 204 568 193
f 204 193 203
f 194 580 43
f 568 193 43
f 580 195 43
f 193 194 43
f 195 568 43
f 195 243 568
f 193 209 580
f 580 195 568
f 580 568 193
f 204 208 209
f 204 568 208
f 210 207 191
f 203 568 193
f 204 203 191
f 204 568 203
f 191 203 210
f 191 204 205
f 205 210 191
f 191 210 207
f 191 193 210
f 207 193 203
f 207 204 193
f 203 207 204
f 207 191 204
f 204 205 203
f 572 191 201
f 191 202 201
f 201 207 575
f 202 572 191
f 202 201 572
f 191 199 202
f 199 201 207
f 199 202 201
f 207 191 199
f 195 193 209
f 209 580 195
f 193 194 209
f 568 193 195
f 193 194 195
f 194 209 195
f 191 199 202
f 202 192 191
f 192 207 191
f 191 199 192
f 201 204 202
f 201 207 204
f 216 189 582
f 582 188 216
f 583 177 198
f 183 181 163
f 177 181 183
f 177 183 198
f 583 178 181
f 198 583 181
f 182 184 181
f 178 152 181
f 184 198 181
f 583 181 198
f 583 145 152
f 583 152 181
f 181 583 186
f 185 181 170
f 185 583 181
f 152 179 177
f 179 583 177
f 179 170 583
f 177 583 584
f 177 185 583
f 177 179 185
f 171 185 169
f 168 169 176
f 169 185 176
f 161 168 584
f 168 176 584
f 169 170 171
f 583 145 152
f 176 583 179
f 583 152 179
f 185 176 583
f 583 151 181
f 159 181 177
f 583 584 151
f 151 177 181
f 185 583 181
f 181 180 185
f 178 176 583
f 178 179 170
f 178 170 176
f 170 584 168
f 170 583 584
f 168 169 170
f 169 583 145
f 169 171 583
f 170 583 152
f 151 150 152
f 583 151 152
f 583 584 151
f 178 584 151
f 178 583 584
f 178 181 170
f 178 170 583
f 181 583 145
f 181 198 583
f 145 152 181
f 181 184 198
f 168 584 145
f 583 584 182
f 584 168 182
f 150 184 177
f 182 184 150
f 184 583 584
f 584 177 184
f 150 181 182
f 161 163 584
f 161 159 163
f 588 183 152
f 183 198 152
f 198 181 185
f 198 177 181
f 169 176 168
f 169 168 179
f 583 584 168
f 583 168 176
f 584 160 185
f 185 160 171
f 161 160 584
f 161 168 160
f 150 145 177
f 198 145 150
f 183 198 150
f 183 150 152
f 181 182 198
f 186 198 145
f 186 181 198
f 198 152 185
f 198 145 152
f 145 169 584
f 185 169 170
f 584 169 176
f 169 185 176
f 185 584 171
f 584 145 171
f 170 171 181
f 171 145 181
f 185 176 169
f 160 169 168
f 169 145 168
f 176 145 169
f 185 176 181
f 176 168 181
f 168 170 145
f 170 185 145
f 168 169 170
f 145 168 179
f 171 179 169
f 171 185 179
f 179 185 145
f 185 584 181
f 185 181 170
f 584 177 152
f 152 181 584
f 168 160 177
f 185 160 169
f 185 177 160
f 584 169 176
f 185 176 171
f 169 170 176
f 176 170 171
f 185 178 181
f 185 584 178
f 170 176 160
f 170 171 176
f 177 168 185
f 168 179 185
f 169 176 179
f 169 171 176
f 145 179 584
f 179 176 584
f 151 185 584
f 151 178 185
f 168 171 145
f 145 171 176
f 168 145 161
f 169 171 168
f 168 160 169
f 176 169 170
f 176 168 169
f 174 586 175
f 175 173 174
f 174 587 586
f 171 185 169
f 185 160 169
f 171 179 170
f 584 168 179
f 171 584 179
f 161 169 170
f 161 179 169
f 152 145 177
f 152 170 145
f 161 162 145
f 170 162 160
f 170 145 162
f 170 145 159
f 170 584 145
f 170 161 181
f 161 168 181
f 152 584 177
f 170 584 179
f 584 152 179
f 178 145 177
f 178 179 170
f 178 170 145
f 179 170 152
f 178 152 584
f 152 170 584
f 170 177 168
f 170 584 177
f 164 157 597
f 164 605 157
f 3537 155 143
f 166 155 3375
f 155 3537 3375
f 3375 599 166
f 166 143 154
f 154 600 166
f 165 167 166
f 167 592 166
f 166 155 154
f 600 166 599
f 166 154 599
f 186 181 177
f 182 145 177
f 181 182 177
f 601 153 602
f 168 181 584
f 181 182 584
f 145 177 584
f 182 177 152
f 182 584 177
f 181 151 186
f 151 177 186
f 152 181 44
f 584 177 44
f 181 584 44
f 44 177 178
f 152 44 178
f 181 151 177
f 177 150 181
f 181 150 152
f 178 150 177
f 179 584 168
f 161 168 145
f 168 584 145
f 609 148 603
f 139 147 606
f 139 146 147
f 139 146 606
f 146 147 606
f 139 147 141
f 139 140 147
f 145 150 584
f 178 150 177
f 150 145 177
f 608 143 607
f 148 603 604
f 584 161 142
f 584 145 161
f 140 146 147
f 147 141 140
f 608 612 607
f 608 709 612
f 132 618 137
f 132 617 618
f 708 613 616
f 616 132 132
f 616 132 708
f 132 132 617
f 111 630 134
f 629 617 618
f 629 127 617
f 131 619 620
f 131 138 619
f 3677 127 126
f 3677 128 127
f 623 127 127
f 704 126 127
f 623 127 133
f 127 127 704
f 127 623 624
f 626 124 123
f 626 626 123
f 136 626 626
f 625 626 136
f 123 129 125
f 125 130 123
f 705 3452 3546
f 614 3452 705
f 614 705 135
f 120 112 111
f 111 630 120
f 630 120 112
f 120 110 112
f 634 109 108
f 104 107 106
f 104 105 107
f 101 655 102
f 103 632 106
f 103 105 632
f 96 97 100
f 97 98 100
f 633 91 92
f 96 97 93
f 93 92 91
f 93 91 96
f 92 90 95
f 97 93 97
f 99 97 97
f 100 99 97
f 100 97 100
f 93 100 100
f 633 95 93
f 633 95 95
f 93 100 633
f 90 95 95
f 91 95 93
f 93 92 91
f 91 90 95
f 95 92 90
f 92 635 90
f 643 89 644
f 643 645 89
f 699 645 89
f 699 643 645
f 85 78 646
f 647 78 60
f 647 646 78
f 83 648 82
f 82 60 81
f 82 648 78
f 82 78 60
f 83 58 82
f 85 58 648
f 58 60 82
f 58 83 648
f 74 83 79
f 74 82 83
f 83 648 79
f 74 75 654
f 83 648 654
f 75 83 654
f 59 75 654
f 59 654 74
f 83 59 74
f 75 657 654
f 59 83 648
f 70 648 675
f 69 70 675
f 648 70 59
f 59 60 82
f 83 79 59
f 82 83 59
f 83 78 79
f 58 74 79
f 74 76 79
f 648 74 82
f 648 78 79
f 73 74 79
f 74 648 79
f 651 72 662
f 72 653 72
f 72 72 662
f 72 652 653
f 650 71 75
f 650 657 71
f 75 648 45
f 73 74 45
f 648 79 45
f 74 75 45
f 79 73 45
f 656 72 652
f 74 648 79
f 648 78 79
f 79 58 74
f 47 65 664
f 47 46 65
f 63 46 47
f 64 660 46
f 63 47 664
f 68 46 660
f 64 46 63
f 68 65 46
f 64 659 66
f 66 63 64
f 79 58 648
f 58 60 648
f 80 60 648
f 60 84 648
f 63 660 48
f 63 48 49
f 664 63 49
f 49 48 65
f 68 65 48
f 49 65 664
f 660 68 48
f 84 648 60
f 648 79 60
f 648 78 79
f 79 59 69
f 79 58 59
f 69 648 79
f 59 69 648
f 648 70 59
f 678 690 691
f 678 51 690
f 50 680 679
f 680 682 679
f 686 684 685
f 686 687 684
f 681 688 683
f 681 689 688
f 682 679 50
f 50 680 682
f 665 695 666
f 132 613 616
f 132 708 613
f 111 134 706
f 111 707 134
f 503 501 527
f 503 502 501
f 468 490 467
f 445 459 461
f 459 460 461
f 731 457 456
f 447 1222 731
f 456 447 731
f 454 455 453
f 450 451 452
f 4596 4597 4595
f 4595 687 4596
f 4596 4594 4597
f 4595 4597 4593
f 4594 4592 4597
f 687 686 4596
f 4592 4594 4591
f 686 4590 4596
f 4592 4589 4597
f 4593 4597 4588
f 4588 4597 4589
f 4591 4594 4587
f 4593 4586 4595
f 687 4595 4585
f 4586 4585 4595
f 686 687 684
f 4585 684 687
f 686 685 687
f 4590 686 685
f 684 687 685
f 684 685 686
f 4594 4596 4584
f 4590 4584 4596
f 685 4584 4590
f 4588 4583 4593
f 4586 4593 4583
f 4591 4582 4592
f 4589 4592 4582
f 4582 4581 4589
f 4587 4580 4591
f 4582 4591 4580
f 4589 683 4588
f 683 4589 4581
f 4587 4594 680
f 4580 4587 680
f 4584 682 4594
f 680 4594 682
f 4583 4588 4579
f 683 4579 4588
f 681 4579 683
f 682 4584 679
f 682 680 679
f 4583 4578 4586
f 4579 4578 4583
f 4584 685 4577
f 4577 679 4584
f 4585 4586 4576
f 684 4585 4576
f 4578 4576 4586
f 685 684 4575
f 4577 685 4575
f 4576 4575 684
f 4581 688 683
f 681 683 688
f 4581 4582 4574
f 688 4581 4574
f 4580 4573 4582
f 4574 4582 4573
f 680 4572 4580
f 4573 4580 4572
f 681 683 689
f 689 683 688
f 689 681 688
f 682 680 50
f 679 680 50
f 679 682 50
f 4572 680 50
f 4579 681 4571
f 4578 4579 4571
f 689 4571 681
f 50 679 4570
f 4569 4568 688
f 4569 688 4567
f 4576 4578 4565
f 4575 4576 4565
f 4571 4565 4578
f 4573 4564 4574
f 4566 4574 4564
f 679 4577 4563
f 4575 4563 4577
f 4570 679 4563
f 4565 4563 4575
f 4572 4562 4573
f 4564 4573 4562
f 4562 4572 4560
f 4561 4559 4572
f 4560 4572 4559
f 688 4558 689
f 4571 689 4558
f 4568 4558 688
f 4565 4571 4558
f 50 4557 4572
f 4570 4557 50
f 4563 4557 4570
f 4561 4572 4557
f 4568 4569 4556
f 4567 4556 4569
f 4556 4567 4555
f 4554 4558 4568
f 4556 4554 4568
f 4574 4553 688
f 4567 688 4553
f 4566 4553 4574
f 4555 4567 4553
f 4553 4566 4552
f 4563 4565 4551
f 4558 4551 4565
f 4564 4550 4566
f 4552 4566 4550
f 4549 4557 4563
f 4551 4549 4563
f 4562 4548 4564
f 4550 4564 4548
f 4560 4547 4562
f 4548 4562 4547
f 4547 4560 4546
f 4559 4561 4545
f 4559 4545 4560
f 4557 4545 4561
f 4545 4546 4560
f 4555 4544 4556
f 4554 4556 4543
f 4544 4543 4556
f 4551 4558 4541
f 4542 4541 4558
f 4549 4551 4540
f 4557 4549 4539
f 4545 4557 4539
f 4540 4539 4549
f 4539 4538 4545
f 4546 4545 4537
f 4538 4537 4545
f 4558 4554 4536
f 4543 4536 4554
f 4542 4558 4536
f 4543 4544 4534
f 4536 4543 4534
f 4535 4534 4544
f 4544 4555 4533
f 4535 4544 4533
f 4553 4532 4555
f 4552 4532 4553
f 4533 4555 4532
f 4550 4531 4552
f 4532 4552 4531
f 4541 4530 4551
f 4541 4542 4530
f 4540 4551 4530
f 4536 4530 4542
f 4548 4529 4550
f 4531 4550 4529
f 4539 4540 4528
f 4530 4528 4540
f 4547 4527 4548
f 4529 4548 4527
f 4546 4526 4547
f 4527 4547 4526
f 4538 4539 4525
f 4537 4538 4525
f 4528 4525 4539
f 4537 4524 4546
f 4526 4546 4524
f 4525 4523 4537
f 4524 4537 4523
f 4533 4521 4535
f 4522 4535 4521
f 4534 4535 4520
f 4522 4520 4535
f 4532 4519 4533
f 4521 4533 4519
f 4534 4518 4536
f 4530 4536 4518
f 4520 4518 4534
f 4531 4517 4532
f 4519 4532 4517
f 4518 4516 4530
f 4529 4515 4531
f 4517 4531 4515
f 4528 4530 4514
f 4516 4514 4530
f 4527 4513 4529
f 4515 4529 4513
f 4525 4528 4512
f 4514 4512 4528
f 4526 4511 4527
f 4513 4527 4511
f 4512 4510 4525
f 4524 4509 4526
f 4511 4526 4509
f 4523 4525 4508
f 4510 4508 4525
f 4523 4507 4524
f 4509 4524 4507
f 4508 4506 4523
f 4506 4507 4523
f 4519 4505 4521
f 4521 4504 4522
f 4505 4504 4521
f 4520 4522 4503
f 4504 4503 4522
f 4504 4505 4503
f 4517 4502 4519
f 4505 4519 4502
f 4518 4520 4501
f 4503 4501 4520
f 4515 4500 4517
f 4502 4517 4500
f 4516 4518 4499
f 4501 4499 4518
f 4513 4498 4515
f 4500 4515 4498
f 4514 4516 4497
f 4512 4514 4497
f 4499 4497 4516
f 4511 4496 4513
f 4498 4513 4496
f 4510 4512 4495
f 4497 4495 4512
f 4509 4494 4511
f 4496 4511 4494
f 4508 4510 4493
f 4495 4493 4510
f 4507 4492 4509
f 4494 4509 4492
f 4506 4508 4491
f 4493 4491 4508
f 4491 4490 4506
f 4507 4506 4489
f 4492 4507 4489
f 4490 4489 4506
f 4503 4505 4488
f 4502 4488 4505
f 4500 4487 4502
f 4488 4502 4487
f 4499 4501 4486
f 4497 4499 4485
f 4495 4497 4485
f 4486 4485 4499
f 4496 4484 4498
f 4494 4483 4496
f 4484 4496 4483
f 4493 4495 4482
f 4485 4482 4495
f 4492 4481 4494
f 4489 4481 4492
f 4483 4494 4481
f 4491 4493 690
f 4490 4491 690
f 4482 690 4493
f 4489 4490 691
f 4481 4489 691
f 690 691 4490
f 4501 4503 4478
f 4488 4478 4503
f 4486 4501 4478
f 4498 4477 4500
f 4487 4500 4477
f 4484 4477 4498
f 4479 4475 4480
f 4475 4479 4474
f 4474 4479 4473
f 4473 4479 4472
f 4476 4471 4480
f 4479 4480 4470
f 4471 4470 4480
f 4473 4469 4474
f 4476 4480 4467
f 4475 4466 4480
f 4467 4480 4466
f 4472 4479 4465
f 4470 4465 4479
f 4463 4464 4468
f 4468 4462 4463
f 4462 4468 4460
f 4461 4460 4468
f 691 678 4481
f 691 690 678
f 4471 4476 4459
f 4487 4458 4488
f 4478 4488 4458
f 4477 4457 4487
f 4458 4487 4457
f 4478 4456 4486
f 4485 4486 4455
f 4456 4455 4486
f 4477 4484 4454
f 4482 4485 4453
f 4455 4453 4485
f 4483 4452 4484
f 4454 4484 4452
f 690 4482 4450
f 4453 4450 4482
f 4481 4449 4483
f 4452 4483 4449
f 4450 4448 690
f 678 4447 4481
f 4449 4481 4447
f 691 690 51
f 678 690 51
f 678 691 51
f 4448 51 690
f 4472 4446 4473
f 4465 4445 4472
f 4446 4472 4445
f 4463 4444 4464
f 4468 4464 4443
f 4461 4468 4443
f 4443 4451 4461
f 4460 4461 4442
f 4451 4442 4461
f 4441 678 51
f 4447 678 4440
f 4441 4440 678
f 4474 4439 4475
f 4469 4438 4474
f 4439 4474 4438
f 4444 4436 4464
f 4437 4436 4444
f 4443 4464 4435
f 4436 4435 4464
f 4442 4451 4434
f 4434 4433 4442
f 4467 4432 4476
f 4459 4476 4432
f 4466 4475 4431
f 4431 4475 4439
f 4438 4469 4430
f 4469 4473 4429
f 4446 4429 4473
f 4451 4443 4428
f 4428 4434 4451
f 4462 4427 4463
f 4427 4462 4426
f 4460 4425 4462
f 4426 4462 4425
f 4459 4423 4471
f 4470 4471 4422
f 4423 4422 4471
f 4465 4470 4421
f 4422 4421 4470
f 4444 4463 4420
f 4420 4463 4427
f 4435 4436 4419
f 4434 4428 4418
f 4442 4417 4460
f 4433 4417 4442
f 4425 4460 4417
f 692 677 61
f 4424 61 677
f 4416 61 4424
f 4437 4444 4415
f 4420 4415 4444
f 4433 4434 4414
f 677 692 4413
f 4432 4412 4459
f 4423 4459 4412
f 4411 4413 692
f 4457 4410 4458
f 4458 69 4478
f 4445 4465 69
f 4421 69 4465
f 69 4458 4410
f 4456 4478 648
f 4445 648 4446
f 4429 4446 648
f 69 648 4478
f 69 648 4445
f 4457 4477 4409
f 4454 4409 4477
f 4410 4457 4409
f 4436 4437 4408
f 4419 4436 4408
f 4415 4408 4437
f 4452 4407 4454
f 4409 4454 4407
f 4455 4456 85
f 4453 4455 85
f 4450 4453 85
f 648 85 4456
f 4449 4406 4452
f 4407 4452 4406
f 4448 4450 676
f 85 676 4450
f 4447 4405 4449
f 4406 4449 4405
f 4418 4404 4434
f 4414 4434 4404
f 4405 4447 4403
f 51 4448 694
f 51 694 4441
f 676 694 4448
f 4440 4441 4402
f 694 4402 4441
f 4440 4401 4447
f 4403 4447 4401
f 4402 4401 4440
f 4432 4467 4400
f 4466 4399 4467
f 4431 4399 4466
f 4400 4467 4399
f 4412 4432 4398
f 4400 4398 4432
f 4430 4397 4438
f 657 69 4421
f 69 675 648
f 675 657 69
f 4415 4420 4396
f 4419 4395 4435
f 4418 4428 4394
f 4394 4404 4418
f 4417 4433 4393
f 4414 4393 4433
f 4402 694 4392
f 4438 4391 4439
f 4439 4391 4431
f 4399 4431 4391
f 4397 4391 4438
f 4430 4469 658
f 4429 658 4469
f 648 658 4429
f 4397 4430 658
f 677 52 692
f 692 61 52
f 677 61 52
f 4411 692 4390
f 52 4390 692
f 677 4389 4424
f 4413 4388 677
f 4389 677 4388
f 4408 4415 4387
f 4396 4387 4415
f 85 648 78
f 4416 656 61
f 4404 4386 4414
f 4424 663 4416
f 663 4424 4389
f 4413 4411 4385
f 4385 4388 4413
f 4422 4423 71
f 4421 4422 71
f 657 4421 71
f 4387 4384 4408
f 4381 4382 4380
f 656 4416 72
f 663 72 4416
f 4390 4379 4411
f 4385 4411 4379
f 4412 4377 4423
f 4398 4377 4412
f 4377 71 4423
f 4377 657 71
f 648 654 675
f 675 654 657
f 658 654 648
f 71 654 657
f 4375 4376 4383
f 648 69 70
f 69 657 70
f 4408 4374 4419
f 4395 4419 4374
f 4384 4374 4408
f 4373 4375 4383
f 4366 4367 4365
f 4364 4382 4381
f 4404 4394 4363
f 4386 4404 4362
f 4363 4362 4404
f 4393 4414 4361
f 4386 4361 4414
f 4357 4358 53
f 4356 4357 53
f 4351 53 4358
f 4354 4355 4350
f 4353 4354 4349
f 4350 4349 4354
f 4352 4353 4348
f 4349 4378 4348
f 4349 4348 4353
f 53 54 674
f 53 4351 674
f 53 673 54
f 674 54 673
f 674 53 673
f 53 4347 4356
f 673 4347 53
f 55 54 674
f 55 674 4351
f 55 54 673
f 674 55 673
f 673 674 57
f 674 55 57
f 673 55 57
f 674 54 56
f 673 54 56
f 673 674 56
f 4347 673 56
f 55 54 56
f 674 55 56
f 673 55 56
f 57 674 56
f 57 673 56
f 57 55 56
f 4349 4346 4378
f 4349 4350 4346
f 56 57 4344
f 696 4344 57
f 56 4343 4347
f 4344 4343 56
f 4346 4342 4378
f 4345 4378 4341
f 4342 4341 4378
f 4341 4340 4345
f 4344 696 4339
f 664 4339 696
f 4343 4344 4338
f 4339 4338 4344
f 664 672 63
f 4340 4341 4337
f 4337 4336 4340
f 4339 664 4334
f 63 4334 664
f 4335 4334 63
f 4338 4339 4333
f 4334 4333 4339
f 4387 4396 4332
f 4334 4335 4331
f 4332 4396 4331
f 4332 4331 4335
f 4373 4330 4375
f 85 648 58
f 78 648 58
f 78 85 58
f 648 69 59
f 85 648 59
f 69 59 675
f 648 675 59
f 78 648 59
f 78 85 59
f 70 69 59
f 70 648 59
f 58 648 59
f 58 85 59
f 58 78 59
f 4330 4373 4329
f 4427 4328 4420
f 4396 4420 4328
f 4331 4396 4328
f 4371 4372 4327
f 4333 4334 4327
f 4331 4327 4334
f 4328 4327 4331
f 4371 4325 4372
f 4326 4372 4325
f 4426 4324 4427
f 4370 4371 4324
f 4367 4370 4324
f 4328 4427 4324
f 4327 4324 4371
f 4327 4328 4324
f 4370 4323 4371
f 4367 4323 4370
f 4366 4323 4367
f 4325 4371 4323
f 4425 4322 4426
f 4324 4426 4322
f 4324 4321 4367
f 4322 4321 4324
f 4365 4319 4366
f 4320 4366 4319
f 4417 4318 4425
f 4393 4318 4417
f 4322 4425 4318
f 4321 4322 4318
f 4381 693 4364
f 667 4364 693
f 4365 4367 4317
f 4321 4317 4367
f 4318 4317 4321
f 4380 4382 645
f 693 4381 4316
f 4361 4315 4393
f 4318 4393 4315
f 4317 4318 4315
f 4380 4314 4381
f 4316 4381 4314
f 4314 4380 4313
f 4315 4361 4312
f 4315 4310 4317
f 4312 4310 4315
f 4311 4317 4310
f 4310 4312 4307
f 4310 4306 4311
f 4307 4306 4310
f 4306 4305 4311
f 4359 4360 4304
f 4309 4360 4303
f 4308 4309 4303
f 4306 4307 4302
f 4305 4306 4301
f 4302 4301 4306
f 4301 4300 4305
f 4304 4299 4359
f 4359 4298 4360
f 4303 4360 4298
f 4301 4302 4297
f 4300 4301 4296
f 4297 4296 4301
f 4296 4295 4300
f 4299 4293 4359
f 4294 4293 4299
f 4298 4359 4292
f 4293 4292 4359
f 4292 4293 4291
f 4291 4290 4292
f 4293 4294 4289
f 4289 4291 4293
f 4296 4297 4288
f 4288 4287 4296
f 4295 4296 4286
f 4287 4286 4296
f 4357 4356 4285
f 4278 4277 4284
f 4355 4354 4275
f 4275 4276 4355
f 4354 4353 4274
f 4274 4275 4354
f 4273 4355 4276
f 4276 4277 4273
f 4347 4272 4356
f 4283 4356 4272
f 4282 4283 4271
f 4272 4271 4283
f 4281 4282 4270
f 4271 4270 4282
f 4280 4281 4269
f 4270 4269 4281
f 4348 4378 4268
f 4268 4378 4345
f 4343 4267 4347
f 4272 4347 4267
f 4271 4272 4266
f 4267 4266 4272
f 4270 4271 4265
f 4266 4265 4271
f 4269 4270 4264
f 4265 4264 4270
f 63 66 4335
f 65 672 664
f 65 63 672
f 664 65 63
f 4338 4263 4343
f 4267 4343 4263
f 4266 4267 4262
f 4263 4262 4267
f 4265 4266 4261
f 4264 4265 4261
f 4262 4261 4266
f 4261 4260 4264
f 4398 4400 4259
f 4377 4398 4259
f 4341 4342 4258
f 4258 4337 4341
f 4262 4263 4256
f 4261 4262 4255
f 4260 4261 4255
f 4256 4255 4262
f 4255 4254 4260
f 4333 4253 4338
f 4263 4338 4253
f 4256 4263 4253
f 4252 4387 4332
f 4251 4375 4330
f 4375 4250 4376
f 4251 4250 4375
f 4337 4258 4248
f 4336 4337 4247
f 4248 4247 4337
f 4247 4246 4336
f 4384 4387 4245
f 4252 4245 4387
f 4254 4244 4257
f 4249 4257 4244
f 4410 4241 69
f 4409 4241 4410
f 4244 4254 4240
f 4239 4330 4329
f 58 4239 4329
f 78 648 79
f 79 648 58
f 79 78 58
f 79 648 59
f 79 78 59
f 58 79 59
f 79 4239 58
f 4255 4256 4238
f 4254 4255 4238
f 4238 4240 4254
f 4253 4237 4256
f 4238 4256 4237
f 4242 4249 671
f 4235 4236 671
f 4234 4327 4372
f 4234 4333 4327
f 4234 4372 4326
f 4253 4333 4234
f 4234 4326 4237
f 4237 4253 4234
f 4241 4409 4233
f 4240 4238 4232
f 4237 4232 4238
f 4232 4231 4240
f 4244 4230 4249
f 671 4249 4230
f 4229 4237 4326
f 4232 4237 4229
f 4243 4242 4228
f 671 4228 4242
f 4230 4228 671
f 4243 4227 4248
f 4228 4227 4243
f 4247 4248 4226
f 4227 4226 4248
f 4246 4247 4225
f 4226 4225 4247
f 4225 4224 4246
f 4240 4223 4244
f 4231 4223 4240
f 4230 4244 4223
f 4326 4325 4222
f 4222 4229 4326
f 4229 4222 4232
f 4231 4232 4221
f 4223 4231 4221
f 4383 4376 4220
f 58 648 80
f 4329 4373 4219
f 85 648 60
f 78 648 60
f 78 85 60
f 58 648 60
f 58 85 60
f 58 78 60
f 59 648 60
f 59 85 60
f 59 78 60
f 59 58 60
f 4329 60 58
f 79 648 60
f 79 78 60
f 58 79 60
f 59 79 60
f 80 648 60
f 80 60 58
f 4219 60 4329
f 4407 4218 4409
f 4406 4218 4407
f 4233 4409 4218
f 4383 4217 4373
f 4219 4373 4217
f 4221 4216 4223
f 4395 4215 4435
f 4228 4230 4214
f 4223 4214 4230
f 4216 4214 4223
f 4227 4228 4213
f 4214 4213 4228
f 4226 4227 4212
f 4213 4212 4227
f 4225 4226 4211
f 4212 4211 4226
f 4224 4225 4210
f 4211 4210 4225
f 4210 4209 4224
f 4323 4208 4325
f 85 648 84
f 676 85 84
f 78 648 84
f 78 85 84
f 59 648 84
f 59 85 84
f 59 78 84
f 80 648 84
f 60 648 84
f 60 85 84
f 60 78 84
f 60 59 84
f 60 80 84
f 60 4219 84
f 4405 4207 4406
f 4218 4406 4207
f 4435 4206 4443
f 4428 4443 4206
f 4215 4206 4435
f 4214 4216 4204
f 4205 4204 4216
f 4368 4369 670
f 4213 4214 670
f 4204 670 4214
f 4212 4213 4203
f 670 4203 4213
f 4211 4212 4202
f 4203 4202 4212
f 4210 4211 4201
f 4202 4201 4211
f 4209 4210 4200
f 4201 4200 4210
f 4323 4366 4199
f 4199 4366 4320
f 4208 4323 4199
f 4394 4428 4198
f 4206 4198 4428
f 676 85 86
f 694 676 86
f 84 85 86
f 84 86 676
f 4204 4205 4197
f 670 4204 4196
f 4197 4196 4204
f 4203 670 669
f 4196 669 670
f 4195 670 669
f 4202 4203 4194
f 669 4194 4203
f 4201 4202 4193
f 4194 4193 4202
f 4200 4201 4192
f 4193 4192 4201
f 4192 4191 4200
f 4403 4190 4405
f 4207 4405 4190
f 4363 4394 4189
f 4198 4189 4394
f 642 693 694
f 642 667 693
f 86 642 694
f 667 642 86
f 4319 4187 4320
f 4187 4319 4186
f 4188 4185 4197
f 669 4196 666
f 4194 669 4184
f 666 4184 669
f 4193 4194 4183
f 4184 4183 4194
f 4192 4193 4182
f 4183 4182 4193
f 4191 4192 4181
f 4182 4181 4192
f 4186 4180 4187
f 4196 4197 4179
f 4185 4179 4197
f 666 4196 4179
f 693 668 694
f 693 667 668
f 668 693 4316
f 642 694 668
f 642 668 667
f 693 642 668
f 4190 4403 4178
f 4185 4188 4177
f 4180 4177 4188
f 4319 4365 4176
f 4317 4176 4365
f 4176 4317 4311
f 4392 694 4175
f 642 4175 694
f 4179 665 666
f 665 4174 4173
f 4186 4319 4172
f 4176 4172 4319
f 52 61 661
f 656 661 61
f 4316 661 668
f 4180 4186 4171
f 4172 4171 4186
f 4392 4170 4402
f 4175 4170 4392
f 4401 4169 4403
f 4401 4402 4169
f 4178 4403 4169
f 4170 4169 4402
f 4177 4168 4185
f 4177 4180 4168
f 4171 4168 4180
f 665 4167 666
f 665 666 695
f 4167 695 666
f 4167 665 695
f 4184 666 4166
f 695 4166 666
f 4179 4185 4165
f 4168 4165 4185
f 4362 4164 4386
f 645 4163 4380
f 4163 4313 4380
f 665 4179 4162
f 695 665 4162
f 4165 4162 4179
f 4183 4184 4161
f 4166 4161 4184
f 4309 4308 4160
f 4182 4183 4160
f 4160 4161 4309
f 4161 4160 4183
f 4181 4182 4159
f 4159 4160 4308
f 4160 4159 4182
f 4361 4386 4158
f 4164 4158 4386
f 4157 4311 4305
f 4311 4157 4176
f 4172 4176 4157
f 4171 4172 4156
f 4157 4156 4172
f 4156 4155 4171
f 4168 4171 4154
f 4155 4154 4171
f 4165 4168 4153
f 4162 4165 4153
f 4154 4153 4168
f 4152 4360 4309
f 4152 4304 4360
f 4152 4309 4161
f 4151 4305 4300
f 4305 4151 4157
f 4156 4157 4151
f 4155 4156 4150
f 4151 4150 4156
f 4150 4149 4155
f 4154 4155 4148
f 4149 4148 4155
f 4147 4300 4295
f 4300 4147 4151
f 4150 4151 4147
f 4149 4150 4146
f 4147 4146 4150
f 4146 4145 4149
f 4148 4149 4144
f 4145 4144 4149
f 4143 4295 4286
f 4295 4143 4147
f 4146 4147 4143
f 4145 4146 4142
f 4143 4142 4146
f 4144 4145 4141
f 4142 4141 4145
f 4141 4140 4144
f 4292 4139 4298
f 4139 4292 4290
f 4138 4289 4294
f 4286 4137 4143
f 4142 4143 4137
f 4141 4142 4136
f 4137 4136 4142
f 4140 4141 4135
f 4136 4135 4141
f 4135 4134 4140
f 4131 4132 4130
f 4286 4287 4129
f 4357 4128 4358
f 4357 4285 4128
f 4356 4127 4285
f 4283 4126 4356
f 4282 4126 4283
f 4127 4356 4126
f 4281 4125 4282
f 4126 4282 4125
f 4280 4124 4281
f 4125 4281 4124
f 4279 4123 4280
f 4124 4280 4123
f 4278 4284 4122
f 4278 4122 4279
f 4123 4279 4122
f 4277 4121 4284
f 4276 4121 4277
f 4275 4120 4276
f 4121 4276 4120
f 4351 4358 4119
f 4353 4118 4274
f 4352 4116 4353
f 4118 4353 4116
f 4117 4116 4352
f 4117 4118 4116
f 4277 4278 4115
f 4273 4277 4115
f 4278 4279 4114
f 4115 4278 4114
f 4348 4113 4352
f 4268 4113 4348
f 4279 4280 4112
f 4269 4112 4280
f 4264 4112 4269
f 4114 4279 4112
f 4350 4355 4111
f 4355 4273 4111
f 55 4351 62
f 57 55 62
f 696 57 62
f 4119 62 4351
f 62 696 4110
f 664 696 4109
f 62 4109 696
f 63 66 660
f 65 672 660
f 63 65 660
f 63 664 64
f 63 66 64
f 664 65 64
f 63 65 64
f 4109 64 664
f 64 63 660
f 64 66 660
f 64 65 660
f 65 68 672
f 660 672 68
f 660 65 68
f 64 65 68
f 660 64 68
f 4254 4108 4260
f 4254 4257 4108
f 4332 4335 659
f 4335 66 659
f 4332 659 4252
f 64 66 659
f 68 659 64
f 4330 4107 4251
f 4239 4107 4330
f 79 4107 4239
f 4220 4376 4106
f 4222 4105 4232
f 4233 4104 4241
f 4218 4104 4233
f 4207 4104 4218
f 4325 4103 4222
f 4208 4103 4325
f 4105 4222 4103
f 4217 4102 4219
f 84 4219 4102
f 86 84 4102
f 4190 4101 4207
f 4104 4207 4101
f 667 86 4100
f 4102 4100 86
f 4320 4099 4199
f 4187 4099 4320
f 645 4382 89
f 4180 4098 4187
f 4099 4187 4098
f 4312 4361 4097
f 4158 4097 4361
f 4153 4154 4096
f 4148 4096 4154
f 4307 4312 4095
f 4097 4095 4312
f 4302 4307 4094
f 4095 4094 4307
f 4297 4302 4093
f 4094 4093 4302
f 4140 4092 4144
f 4134 4092 4140
f 4133 4092 4134
f 4138 4294 4091
f 4132 4090 4133
f 4092 4133 4090
f 4290 4089 4139
f 4131 4088 4132
f 4090 4132 4088
f 4091 4087 4138
f 4288 4297 4086
f 4093 4086 4297
f 4291 4289 4085
f 4290 4291 4084
f 4085 4084 4291
f 4089 4290 4083
f 4084 4083 4290
f 4087 4082 4138
f 4289 4138 4081
f 4085 4289 4081
f 4082 4081 4138
f 4130 4080 4131
f 4088 4131 4080
f 4087 4088 4080
f 4080 4082 4087
f 4132 4133 4079
f 4130 4132 4079
f 4137 4286 4078
f 4136 4137 4078
f 4135 4136 4077
f 4078 4077 4136
f 4134 4135 4076
f 4077 4076 4135
f 4133 4134 4075
f 4079 4133 4075
f 4076 4075 4134
f 4129 4074 4286
f 4078 4286 4074
f 4287 4288 4073
f 4129 4287 4073
f 4072 4128 4285
f 4072 4285 4127
f 4071 4358 4128
f 4071 4119 4358
f 4070 4122 4284
f 4069 4284 4121
f 4070 4284 4069
f 4068 4069 4121
f 4274 4067 4275
f 4067 4120 4275
f 4066 4274 4118
f 4067 4274 4066
f 4346 4350 4065
f 4111 4065 4350
f 4340 4064 4345
f 4112 4264 4063
f 4260 4062 4264
f 4062 4260 4108
f 4063 4264 4062
f 4399 4061 4400
f 4259 4400 4060
f 4061 4060 4400
f 4245 4252 77
f 4250 4059 4376
f 4059 4106 4376
f 4221 4232 4058
f 4058 4232 4105
f 60 59 81
f 4374 4057 4395
f 4215 4395 4057
f 4216 4221 4056
f 4058 4056 4221
f 4056 4055 4216
f 4220 4054 4383
f 4217 4383 4054
f 4053 4054 4220
f 4054 4053 4052
f 4051 4102 4217
f 4054 4051 4217
f 4052 4051 4054
f 4205 4216 4050
f 4197 4205 4050
f 4055 4050 4216
f 4364 4048 4382
f 4048 89 4382
f 4051 4052 4048
f 4048 4049 89
f 4049 4048 4052
f 667 4047 4364
f 4047 667 4100
f 4047 4100 4102
f 4102 4051 4047
f 4048 4364 4047
f 4048 4047 4051
f 4050 4046 4197
f 4188 4197 4045
f 4046 4045 4197
f 4189 4044 4363
f 4180 4188 4043
f 4098 4180 4043
f 4045 4043 4188
f 4362 4363 4042
f 4044 4042 4363
f 4158 4164 4041
f 4389 662 663
f 72 663 662
f 4388 4040 4389
f 662 4389 4040
f 4388 4385 4039
f 4040 4388 4039
f 4144 4038 4148
f 4096 4148 4038
f 4037 4144 4092
f 4038 4144 4037
f 4294 4299 4036
f 4036 4091 4294
f 4079 4034 4130
f 4080 4130 4033
f 4033 4035 4080
f 4034 4033 4130
f 4086 4032 4288
f 4032 4073 4288
f 4073 4031 4129
f 4127 4030 4072
f 4126 4029 4127
f 4125 4029 4126
f 4030 4127 4029
f 4124 4028 4125
f 4029 4125 4028
f 4123 4027 4124
f 4028 4124 4027
f 4122 4026 4123
f 4122 4070 4026
f 4027 4123 4026
f 4121 4025 4068
f 4117 4024 4118
f 4118 4024 4066
f 4117 4352 4023
f 4113 4023 4352
f 4115 4022 4273
f 4111 4273 4022
f 4345 4021 4268
f 4064 4021 4345
f 4342 4346 4020
f 4065 4020 4346
f 4336 4019 4340
f 4064 4340 4019
f 4246 4018 4336
f 4019 4336 4018
f 4391 4017 4399
f 4391 4397 4017
f 4061 4399 4017
f 658 4016 4397
f 4017 4397 4016
f 79 78 73
f 4107 79 73
f 4374 4384 4015
f 4057 4374 4015
f 4106 4014 4220
f 4008 4009 106
f 4163 645 4006
f 4314 4005 4316
f 661 4316 4005
f 4390 52 4004
f 4313 4003 4314
f 4005 4314 4003
f 4379 4002 4385
f 4039 4385 4002
f 4299 4304 4001
f 4036 4299 4001
f 4139 4000 4298
f 4089 3999 4139
f 4000 4139 3999
f 4087 4091 3998
f 4087 3998 4088
f 4083 3997 4089
f 4035 3996 4080
f 4076 4077 3995
f 4075 4076 3994
f 3995 3994 4076
f 4075 3993 4079
f 4034 4079 3993
f 3994 3993 4075
f 4077 4078 3992
f 4074 3992 4078
f 3992 3995 4077
f 4074 4129 3991
f 4031 3991 4129
f 3992 4074 3991
f 4120 3990 4121
f 4120 4067 3990
f 4025 4121 3990
f 4066 3989 4067
f 3990 4067 3989
f 4024 4117 3988
f 4024 3988 4066
f 3989 4066 3988
f 62 4119 3987
f 4113 4268 3986
f 3986 4268 4021
f 4114 3985 4115
f 3985 4022 4115
f 4112 3984 4114
f 3985 4114 3984
f 4109 62 3983
f 3987 3983 62
f 4063 3982 4112
f 3984 4112 3982
f 64 4109 3981
f 3983 3981 4109
f 660 66 67
f 64 66 67
f 660 64 67
f 68 660 67
f 68 64 67
f 659 66 67
f 659 64 67
f 659 68 67
f 3981 67 64
f 4258 4342 3978
f 4020 3978 4342
f 4107 3977 4251
f 4377 3976 657
f 4259 3976 4377
f 4060 3976 4259
f 4250 4251 3975
f 3977 3975 4251
f 659 3974 4252
f 77 4252 3974
f 67 3974 659
f 3973 4107 73
f 4224 3972 4246
f 4018 4246 3972
f 658 648 74
f 78 648 74
f 654 648 74
f 654 658 74
f 70 74 648
f 58 648 74
f 58 78 74
f 79 648 74
f 79 78 74
f 58 79 74
f 4016 658 74
f 73 78 74
f 73 79 74
f 648 69 75
f 69 657 75
f 71 657 75
f 70 69 75
f 70 648 75
f 70 657 75
f 59 69 75
f 59 648 75
f 59 70 75
f 4241 75 69
f 79 648 75
f 59 79 75
f 74 648 75
f 74 70 75
f 74 79 75
f 4104 3971 4241
f 75 4241 3971
f 75 698 59
f 4209 3970 4224
f 3972 4224 3970
f 78 648 82
f 59 648 82
f 59 78 82
f 80 648 82
f 60 648 82
f 60 78 82
f 60 59 82
f 60 80 82
f 81 59 82
f 81 60 82
f 74 648 82
f 74 78 82
f 698 82 59
f 4101 3969 4104
f 3971 4104 3969
f 84 60 3968
f 82 3968 60
f 4200 3967 4209
f 3970 4209 3967
f 4012 4011 3966
f 4011 4010 3965
f 3965 3966 4011
f 4052 4053 3964
f 3964 4010 4052
f 3964 3965 4010
f 3968 3963 84
f 3969 4101 3962
f 4191 3961 4200
f 3967 4200 3961
f 4011 4012 3960
f 4009 4008 3960
f 4010 4011 3959
f 3960 3959 4011
f 4049 4052 3958
f 4010 3958 4052
f 3959 3958 4010
f 86 84 3957
f 3963 3957 84
f 3961 4191 3956
f 4101 4190 3955
f 3962 4101 3955
f 89 645 644
f 642 86 641
f 668 641 642
f 3957 641 86
f 4181 3954 4191
f 3956 4191 3954
f 661 3953 668
f 641 668 3953
f 4178 3952 4190
f 3955 4190 3952
f 4170 4175 640
f 4169 4170 640
f 3953 661 640
f 4169 3951 4178
f 3952 4178 3951
f 640 3951 4169
f 72 656 652
f 661 656 652
f 4159 3950 4181
f 3954 4181 3950
f 72 656 697
f 72 663 697
f 662 697 663
f 662 72 697
f 652 697 656
f 652 72 697
f 4313 4163 3949
f 4006 3949 4163
f 4097 4158 638
f 4041 638 4158
f 4004 638 4390
f 4003 4313 3948
f 3949 3948 4313
f 4379 4390 3947
f 3947 4002 4379
f 638 3947 4390
f 4304 4152 3946
f 3946 4001 4304
f 4308 3945 4159
f 3950 4159 3945
f 4303 3944 4308
f 3945 4308 3944
f 4095 4097 3943
f 638 3943 4097
f 4298 3942 4303
f 3942 4298 4000
f 3944 4303 3942
f 4094 4095 3939
f 3943 3939 4095
f 4092 3938 4037
f 4093 4094 3937
f 3939 3937 4094
f 4090 3936 4092
f 3938 4092 3936
f 4088 3935 4090
f 3998 3935 4088
f 3936 4090 3935
f 3999 4089 655
f 655 4089 3997
f 4086 4093 3934
f 3937 3934 4093
f 4083 4084 3933
f 3997 4083 3933
f 4084 4085 3932
f 3933 4084 3932
f 4081 3931 4085
f 3931 3932 4085
f 4081 4082 3930
f 4082 4080 3930
f 3996 3930 4080
f 3931 4081 3930
f 4119 4071 3929
f 3987 4119 3929
f 4023 3928 4117
f 3988 4117 3928
f 3977 4107 3927
f 3973 3927 4107
f 4248 4258 3926
f 4243 4248 3926
f 3978 3926 4258
f 4245 3925 4384
f 4015 4384 3925
f 4164 4362 3924
f 4042 3924 4362
f 4161 4166 3923
f 4152 4161 3923
f 3946 4152 3923
f 3940 3941 3921
f 3922 3921 3941
f 3933 3920 3997
f 4032 4086 3919
f 3934 3919 4086
f 4030 3918 4072
f 4023 4113 3917
f 3986 3917 4113
f 3979 3980 3915
f 3916 3979 3915
f 4060 4061 3914
f 4017 3914 4061
f 4016 3914 4017
f 3976 4060 3914
f 4059 4250 3913
f 3975 3913 4250
f 71 657 650
f 654 657 650
f 654 71 650
f 3976 650 657
f 74 654 650
f 74 650 4016
f 75 657 650
f 75 71 650
f 75 74 650
f 3914 4016 650
f 3914 650 3976
f 84 80 87
f 86 84 87
f 72 653 656
f 652 656 653
f 652 72 653
f 72 651 663
f 662 663 651
f 662 72 651
f 4040 651 662
f 653 72 651
f 4039 3912 4040
f 4002 3912 4039
f 4002 3947 3912
f 651 4040 3912
f 651 3912 653
f 3997 102 655
f 102 3997 3920
f 4128 4072 3911
f 3918 3911 4072
f 3928 4023 3910
f 3917 3910 4023
f 3916 3909 3979
f 3926 3908 4243
f 4015 3907 4057
f 3925 3907 4015
f 4106 4059 3906
f 4014 4106 3906
f 116 635 3906
f 4013 633 96
f 3966 4013 96
f 4012 3966 96
f 3960 4012 96
f 4009 3960 96
f 4042 4044 3905
f 3924 4042 3905
f 4166 695 3903
f 3923 4166 3903
f 3949 4006 3902
f 3922 3941 3901
f 4031 4073 3900
f 3911 3918 3899
f 4128 3898 4071
f 3898 4128 3911
f 3983 3987 3897
f 3981 3983 3896
f 3897 3896 3983
f 3979 3895 3980
f 113 3895 3979
f 701 3979 3909
f 113 3979 701
f 3894 113 701
f 3896 3893 3981
f 67 3981 3892
f 3893 3892 3981
f 3909 3916 3891
f 3974 67 3890
f 3892 3890 67
f 4249 3889 4257
f 77 3888 4245
f 3925 4245 3888
f 4242 3887 4249
f 4243 3887 4242
f 3887 4243 3908
f 3889 4249 3887
f 58 79 76
f 73 79 76
f 3974 76 77
f 74 58 76
f 74 79 76
f 74 73 76
f 75 71 76
f 75 79 76
f 75 77 76
f 75 74 76
f 650 76 71
f 650 74 76
f 650 75 76
f 3890 76 3974
f 3888 77 76
f 3886 3907 3925
f 3888 3886 3925
f 74 649 73
f 76 73 649
f 76 74 649
f 78 648 83
f 59 648 83
f 59 78 83
f 79 648 83
f 79 78 83
f 59 79 83
f 80 648 83
f 60 648 83
f 60 78 83
f 60 59 83
f 60 79 83
f 60 80 83
f 81 59 83
f 81 60 83
f 74 648 83
f 74 78 83
f 74 79 83
f 75 648 83
f 75 59 83
f 75 79 83
f 75 74 83
f 698 59 83
f 698 75 83
f 82 648 83
f 82 78 83
f 82 59 83
f 82 80 83
f 82 60 83
f 82 81 83
f 82 74 83
f 82 698 83
f 76 79 83
f 76 74 83
f 76 75 83
f 649 83 74
f 649 76 83
f 83 75 3885
f 3971 3884 75
f 3969 3884 3971
f 3885 75 3884
f 633 92 91
f 91 633 96
f 78 85 647
f 60 85 647
f 60 78 647
f 60 80 647
f 84 85 647
f 84 78 647
f 84 80 647
f 84 60 647
f 87 80 647
f 87 84 647
f 83 78 647
f 83 80 647
f 83 60 647
f 3885 647 83
f 3884 647 3885
f 3962 3883 3969
f 3884 3969 3883
f 647 3884 3883
f 3966 3882 4013
f 3965 3882 3966
f 4053 4220 3881
f 4014 3881 4220
f 3964 4053 3881
f 3964 3881 3965
f 3882 3965 3881
f 3968 82 3880
f 3963 3968 3880
f 83 3880 82
f 3880 83 647
f 3880 3879 3963
f 647 3879 3880
f 84 85 646
f 86 85 646
f 86 84 646
f 87 84 646
f 87 86 646
f 647 85 646
f 647 84 646
f 647 87 646
f 3883 646 647
f 3879 647 646
f 3955 3878 3962
f 3883 3962 3878
f 646 3883 3878
f 4206 4215 3877
f 4198 4206 3877
f 4189 4198 3875
f 3877 3875 4198
f 96 633 97
f 96 97 4009
f 91 633 97
f 96 91 97
f 4008 3874 3960
f 3959 3960 3874
f 89 4049 699
f 3958 699 4049
f 3958 3959 699
f 644 89 699
f 3874 699 3959
f 3957 3963 3873
f 641 3957 3873
f 3879 3873 3963
f 86 84 88
f 642 86 88
f 87 84 88
f 87 86 88
f 646 84 88
f 646 86 88
f 646 87 88
f 646 88 3879
f 3873 3879 88
f 88 646 3872
f 3952 3871 3955
f 3878 3955 3871
f 3878 3871 646
f 3872 646 3871
f 106 4009 103
f 97 103 4009
f 3951 3870 3952
f 3871 3952 3870
f 3871 3870 3872
f 3951 640 3869
f 3872 3869 88
f 3869 3870 3951
f 3869 3872 3870
f 89 645 643
f 4006 645 643
f 644 645 643
f 644 89 643
f 699 89 643
f 699 643 644
f 699 3874 643
f 642 86 639
f 4175 642 639
f 641 86 639
f 641 642 639
f 3953 639 641
f 640 4175 639
f 640 639 3953
f 646 86 639
f 3873 639 641
f 88 86 639
f 88 639 642
f 88 646 639
f 88 639 3873
f 3869 640 639
f 3869 639 88
f 3905 3868 3924
f 661 108 52
f 4005 108 661
f 4004 52 108
f 640 661 108
f 652 108 661
f 638 4041 108
f 638 4004 108
f 3947 638 108
f 653 108 652
f 3912 3947 108
f 3912 108 653
f 639 640 108
f 4162 3867 695
f 3867 3903 695
f 4041 4164 3866
f 3924 3866 4164
f 3868 3866 3924
f 108 4041 3866
f 3867 4162 3865
f 3943 638 3864
f 108 3864 638
f 3863 3922 3901
f 3864 3862 3943
f 3939 3943 3861
f 3862 3861 3943
f 3901 3941 115
f 115 3941 702
f 3860 115 702
f 3937 3939 3858
f 3861 3858 3939
f 3934 3937 3857
f 3858 3857 3937
f 4073 4032 3856
f 3856 3900 4073
f 3900 3855 4031
f 4029 3854 4030
f 3918 4030 3854
f 3899 3918 3854
f 3929 3853 3987
f 3897 3987 3853
f 4025 3852 4068
f 3990 3852 4025
f 3989 3851 3990
f 3852 3990 3851
f 3988 3850 3989
f 3851 3989 3850
f 3850 3988 3849
f 3928 3848 3988
f 3849 3988 3848
f 4022 3847 4111
f 4022 3985 3847
f 4065 4111 3846
f 3847 3846 4111
f 4108 4257 3845
f 3889 3845 4257
f 3876 98 96
f 97 96 98
f 4003 631 4005
f 108 4005 631
f 4153 3844 4162
f 4096 3844 4153
f 3865 4162 3844
f 4091 4036 3843
f 3998 4091 3842
f 3935 3998 3842
f 3843 3842 4091
f 3920 3933 3841
f 3932 3840 3933
f 3841 3933 3840
f 3932 3931 3839
f 3840 3932 3839
f 3930 637 3931
f 3839 3931 637
f 3996 4035 3838
f 3930 3996 3838
f 3838 637 3930
f 3991 4031 3837
f 3991 3837 3992
f 3855 3837 4031
f 3929 4071 3836
f 3898 3836 4071
f 4028 3835 4029
f 3854 4029 3835
f 4027 3834 4028
f 3835 4028 3834
f 4026 3833 4027
f 3834 4027 3833
f 4026 4070 3832
f 3833 4026 3832
f 4069 3831 4070
f 4068 3831 4069
f 3831 4068 3852
f 3910 3830 3928
f 3848 3928 3830
f 3910 3917 3829
f 3830 3910 3829
f 4021 4064 3828
f 4021 3828 3986
f 73 636 3973
f 74 73 636
f 3927 3973 636
f 76 73 636
f 76 74 636
f 3913 3827 4059
f 3906 4059 3827
f 3906 3827 116
f 92 635 90
f 116 90 635
f 91 92 90
f 633 92 95
f 92 95 635
f 96 633 95
f 91 633 95
f 91 92 95
f 96 91 95
f 90 635 95
f 90 92 95
f 90 91 95
f 4013 3826 633
f 633 3826 92
f 92 3826 635
f 3906 3826 4014
f 3906 635 3826
f 3882 3826 4013
f 3881 4014 3826
f 3881 3826 3882
f 633 92 93
f 96 633 93
f 91 633 93
f 91 92 93
f 96 91 93
f 97 633 93
f 97 96 93
f 97 91 93
f 93 96 98
f 93 97 98
f 90 92 93
f 90 91 93
f 95 633 93
f 95 92 93
f 95 96 93
f 95 91 93
f 95 90 93
f 106 94 4008
f 4007 94 106
f 3874 4008 94
f 643 94 4007
f 643 644 94
f 643 3874 94
f 4007 106 104
f 3904 4007 104
f 103 106 104
f 103 106 105
f 104 106 105
f 104 105 3904
f 104 103 105
f 3904 134 4007
f 3902 4006 134
f 643 4007 134
f 643 134 4006
f 108 638 634
f 631 634 108
f 3864 108 3825
f 631 3825 108
f 3948 3824 4003
f 631 4003 3824
f 3999 3823 4000
f 655 3823 3999
f 102 655 101
f 3823 655 101
f 3920 122 102
f 122 3920 3841
f 101 102 122
f 3919 3934 3822
f 3857 3822 3934
f 4035 4033 3821
f 3838 4035 3821
f 3994 3995 3820
f 3993 3994 3819
f 3820 3819 3994
f 3993 3818 4034
f 3819 3818 3993
f 3995 3992 3817
f 3817 3992 3837
f 3820 3995 3817
f 3919 3816 4032
f 3856 4032 3816
f 3832 4070 3815
f 3831 3815 4070
f 3896 3897 3814
f 3917 3986 3813
f 3829 3917 3813
f 3828 3813 3986
f 3893 3896 3812
f 3814 3812 3896
f 3892 3893 3811
f 3812 3811 3893
f 4020 4065 3810
f 3846 3810 4065
f 3890 3892 3809
f 3811 3809 3892
f 3845 3808 4108
f 3926 3978 3807
f 3908 3926 3807
f 3915 3806 3916
f 3891 3916 3805
f 3806 3805 3916
f 76 3890 3804
f 636 76 3804
f 3809 3804 3890
f 90 116 118
f 95 90 118
f 119 90 118
f 4103 3803 4105
f 96 633 100
f 91 633 100
f 96 91 100
f 3876 96 100
f 97 633 100
f 97 96 100
f 97 91 100
f 98 96 100
f 98 3876 100
f 98 97 100
f 95 633 100
f 95 96 100
f 95 91 100
f 93 633 100
f 93 96 100
f 93 91 100
f 93 97 100
f 98 93 100
f 93 95 100
f 97 96 99
f 103 97 99
f 98 96 99
f 98 97 99
f 93 96 99
f 93 97 99
f 98 93 99
f 104 103 99
f 3802 99 93
f 100 96 99
f 100 97 99
f 100 98 99
f 100 93 99
f 4098 3801 4099
f 103 106 632
f 104 106 632
f 104 103 632
f 105 106 632
f 105 103 632
f 105 104 632
f 3921 3922 3800
f 3863 3800 3922
f 3923 3799 3946
f 3903 3799 3923
f 3844 4096 3798
f 3862 3864 3797
f 3825 3797 3864
f 4001 3796 4036
f 3843 4036 3796
f 3861 3862 3795
f 3797 3795 3862
f 3940 3794 3941
f 702 3941 3794
f 702 3794 3859
f 3858 3861 3793
f 3795 3793 3861
f 102 655 700
f 101 700 655
f 101 102 700
f 122 700 102
f 122 101 700
f 4033 4034 3791
f 3821 4033 3791
f 3818 3791 4034
f 3984 3786 3985
f 3847 3985 3786
f 3982 3785 3984
f 3786 3984 3785
f 3811 3784 3809
f 4108 3783 4062
f 4062 3783 4063
f 3982 4063 3783
f 3783 4108 3808
f 3891 3782 3909
f 3809 3779 3804
f 3779 3809 3784
f 3978 4020 3778
f 3810 3778 4020
f 3778 3807 3978
f 3927 3776 3977
f 703 119 118
f 119 703 3781
f 3777 703 3827
f 3777 3781 703
f 636 3775 3927
f 3775 636 3804
f 3775 3804 3779
f 3779 3780 3775
f 3776 3927 3775
f 3776 3775 3780
f 3975 3977 3774
f 3913 3975 3774
f 3827 3913 3774
f 3780 3781 3774
f 3777 3827 3774
f 3777 3774 3781
f 3776 3774 3977
f 3776 3780 3774
f 3773 95 118
f 3773 118 119
f 76 3772 3888
f 3772 76 3771
f 3886 3888 3770
f 3772 3770 3888
f 3907 3886 3769
f 3770 3769 3886
f 4056 4058 3768
f 83 3767 76
f 3771 76 3767
f 4105 3766 4058
f 3766 4105 3803
f 3768 4058 3766
f 4057 3765 4215
f 3907 3765 4057
f 3877 4215 3765
f 3769 3765 3907
f 3765 3764 3877
f 4103 4208 3763
f 3803 4103 3763
f 647 3762 83
f 646 3762 647
f 88 3762 646
f 3767 83 3762
f 3875 3877 3761
f 3764 3761 3877
f 4199 3760 4208
f 3763 4208 3760
f 4099 3759 4199
f 3759 4099 3801
f 3760 4199 3759
f 3761 3758 3875
f 639 3757 88
f 3762 88 3757
f 4044 4189 3756
f 3905 4044 3756
f 3875 3756 4189
f 3758 3756 3875
f 4043 3755 4098
f 3801 4098 3755
f 108 3754 639
f 3757 639 3754
f 4043 4045 3753
f 3755 4043 3753
f 3868 3905 3752
f 3756 3752 3905
f 3754 108 3751
f 3866 3868 3750
f 3752 3750 3868
f 3866 3749 108
f 3751 108 3749
f 3750 3749 3866
f 103 106 107
f 104 106 107
f 104 103 107
f 105 106 107
f 105 103 107
f 105 104 107
f 632 106 107
f 632 103 107
f 632 104 107
f 632 105 107
f 107 120 632
f 3948 3949 630
f 3902 630 3949
f 134 630 3902
f 108 109 638
f 631 108 109
f 634 638 109
f 634 108 109
f 634 631 109
f 111 632 120
f 111 134 630
f 630 111 120
f 3825 631 3748
f 3824 3748 631
f 3748 3797 3825
f 3824 3948 3747
f 630 3747 3948
f 3748 3824 3747
f 630 110 134
f 120 630 110
f 111 134 110
f 120 111 110
f 630 111 110
f 4001 3946 3746
f 3799 3746 3946
f 3746 3796 4001
f 120 630 112
f 120 111 112
f 630 111 112
f 3747 630 112
f 110 120 112
f 110 630 112
f 110 111 112
f 3747 3745 3748
f 112 3745 3747
f 3744 3795 3797
f 3797 3748 3744
f 3745 3744 3748
f 3901 3743 3863
f 4038 3742 4096
f 3798 4096 3742
f 4037 3741 4038
f 3742 4038 3741
f 3938 3740 4037
f 3936 3740 3938
f 3741 4037 3740
f 3935 3739 3936
f 3842 3739 3935
f 3740 3936 3739
f 3857 3858 3738
f 3793 3738 3858
f 3787 3733 141
f 3853 3732 3897
f 3814 3897 3732
f 3812 3814 3731
f 3895 113 3730
f 3811 3812 3728
f 3811 3728 3784
f 3731 3728 3812
f 3729 3784 3728
f 3909 3727 701
f 701 3727 113
f 3782 3727 3909
f 3780 3725 3781
f 3779 3784 3725
f 3779 3725 3780
f 3729 3725 3784
f 3726 3781 3725
f 3805 3724 3891
f 3782 3891 3724
f 4055 4056 3723
f 3768 3723 4056
f 93 95 3722
f 93 114 96
f 3802 93 114
f 99 96 114
f 99 93 114
f 99 3802 114
f 3722 114 93
f 114 3721 99
f 4045 4046 3720
f 3753 4045 3720
f 3800 3863 3719
f 3743 3719 3863
f 3745 112 3718
f 3744 3745 3717
f 3718 3717 3745
f 3795 3744 3716
f 3717 3716 3744
f 115 3715 3901
f 702 3715 115
f 3743 3901 3715
f 3716 3717 3714
f 3793 3795 3713
f 3716 3713 3795
f 3714 3713 3716
f 702 3859 3712
f 3822 3711 3919
f 3816 3919 3711
f 3737 3790 142
f 3708 3735 3789
f 3788 3707 3789
f 3707 3788 126
f 3708 3789 3707
f 126 3788 629
f 629 3788 3734
f 3733 3705 141
f 3787 141 139
f 3853 3929 3704
f 3836 3704 3929
f 3731 3702 3728
f 3729 3728 3702
f 3702 3703 3729
f 3701 3730 113
f 3729 3700 3725
f 3726 3725 3700
f 3700 3729 3703
f 3730 3699 3895
f 3895 3698 3980
f 3698 3697 3980
f 3773 119 3696
f 3915 3980 3695
f 3806 3915 3695
f 3697 3695 3980
f 3827 117 116
f 90 116 117
f 119 117 90
f 118 116 117
f 118 90 117
f 118 119 117
f 703 117 3827
f 703 119 117
f 118 117 703
f 3773 3694 95
f 3694 3722 95
f 3723 3693 4055
f 3692 3720 4046
f 99 3691 104
f 107 104 3691
f 3721 3691 99
f 105 707 3904
f 134 3904 707
f 632 707 105
f 111 134 707
f 111 707 632
f 3921 3690 3940
f 3794 3940 3689
f 3690 3689 3940
f 3717 3718 3688
f 3688 3714 3717
f 3686 3712 3859
f 628 702 3712
f 3687 3792 628
f 3714 3688 3685
f 3713 3714 3684
f 3685 3684 3714
f 3738 3793 3683
f 3713 3683 3793
f 3684 3683 3713
f 3822 3857 3682
f 3738 3682 3857
f 3737 605 3790
f 121 124 3736
f 3709 3736 3680
f 124 3679 3736
f 3680 3736 3679
f 3735 3708 3678
f 3734 3676 629
f 3788 3789 3674
f 3734 3788 3673
f 3674 3673 3788
f 3673 3672 3734
f 3733 3787 3671
f 3705 140 141
f 139 141 140
f 3702 3670 3703
f 3732 3669 3814
f 3731 3814 3669
f 119 3781 3668
f 3726 3668 3781
f 3696 119 3668
f 3696 3667 3773
f 3908 3666 3887
f 3807 3666 3908
f 3807 3778 3666
f 3805 3806 3665
f 4050 4055 3664
f 4046 4050 3664
f 3693 3664 4055
f 3692 4046 3664
f 3800 3663 3921
f 3903 3867 3662
f 3799 3903 3662
f 3746 3799 3662
f 3690 3921 3661
f 120 107 3659
f 3660 3659 107
f 112 120 3658
f 3718 112 3658
f 3659 3658 120
f 3684 3685 3657
f 3855 3900 3656
f 142 3790 710
f 142 144 3737
f 121 3736 3655
f 3710 121 3654
f 3655 3654 121
f 3654 3653 3710
f 3681 3710 3652
f 3652 3650 3681
f 124 121 123
f 3710 626 121
f 3681 626 3710
f 124 121 626
f 123 121 626
f 123 124 626
f 3680 3649 3709
f 3648 3678 3708
f 3707 3647 3708
f 3648 3708 3647
f 126 704 3707
f 3677 126 704
f 3706 3735 3646
f 3678 3646 3735
f 3735 3644 3789
f 3644 3674 3789
f 3705 3733 607
f 3671 3787 3643
f 139 3642 3787
f 3643 3787 3642
f 3911 3641 3898
f 3899 3640 3911
f 3641 3911 3640
f 3640 3899 3639
f 3731 3638 3702
f 3670 3702 3638
f 3638 3731 3669
f 3815 3637 3832
f 3815 3831 3636
f 3637 3815 3636
f 3852 3635 3831
f 3636 3831 3635
f 3851 3634 3852
f 3635 3852 3634
f 3850 3633 3851
f 3634 3851 3633
f 3849 3632 3850
f 3633 3850 3632
f 3632 3849 3631
f 3848 3629 3849
f 3631 3849 3629
f 3830 3628 3848
f 3629 3848 3628
f 3829 3627 3830
f 3628 3830 3627
f 3700 3703 3626
f 3630 3626 3703
f 3813 3625 3829
f 3813 3828 3625
f 3627 3829 3625
f 3727 3624 113
f 4019 3623 4064
f 3828 4064 3623
f 3625 3828 3623
f 3846 3847 3622
f 3786 3622 3847
f 3783 3621 3982
f 4018 3620 4019
f 3623 4019 3620
f 3972 3619 4018
f 3620 4018 3619
f 3845 3889 3618
f 3808 3845 3618
f 3694 3773 3617
f 3667 3617 3773
f 3616 3665 3806
f 3615 3805 3665
f 3970 3614 3972
f 3619 3972 3614
f 3967 3613 3970
f 3614 3970 3613
f 3722 3694 3612
f 3961 3611 3967
f 3613 3967 3611
f 114 3722 3610
f 3721 114 3610
f 3612 3610 3722
f 3956 3609 3961
f 3611 3961 3609
f 3609 3956 3608
f 3610 3607 3721
f 3954 3606 3956
f 3608 3956 3606
f 3950 3605 3954
f 3606 3954 3605
f 3604 3663 3800
f 3663 3603 3921
f 3603 3661 3921
f 3691 3602 107
f 3844 3601 3865
f 3798 3601 3844
f 3945 3600 3950
f 3944 3600 3945
f 3605 3950 3600
f 3942 3599 3944
f 3600 3944 3599
f 4000 3598 3942
f 3599 3942 3598
f 3842 3843 3597
f 3739 3842 3597
f 3823 3596 4000
f 3598 4000 3596
f 3715 702 3595
f 101 3594 3823
f 3596 3823 3594
f 3685 3688 3593
f 3594 101 3592
f 3841 3591 122
f 122 3591 101
f 3592 101 3591
f 3593 3590 3685
f 3840 3589 3841
f 3591 3841 3589
f 3589 3840 3588
f 3839 3587 3840
f 3588 3840 3587
f 637 3586 3839
f 3586 3587 3839
f 3586 637 712
f 637 3838 149
f 149 637 712
f 3585 712 637
f 149 3585 637
f 3585 149 712
f 3821 3584 3838
f 149 3838 3584
f 3791 3818 3583
f 3791 3582 3821
f 3582 3584 3821
f 3583 3582 3791
f 3683 3581 3738
f 3682 3738 3581
f 3683 3684 3580
f 3657 3580 3684
f 3580 3581 3683
f 3579 3855 3656
f 3900 3856 3578
f 3578 3656 3900
f 605 598 3790
f 598 710 3790
f 605 3737 3577
f 3576 3737 144
f 3577 3737 3576
f 710 584 142
f 135 627 614
f 135 627 705
f 614 705 627
f 614 135 705
f 3709 3575 3736
f 3575 3655 3736
f 3651 3709 3574
f 3574 3709 3649
f 123 124 129
f 123 124 125
f 125 124 626
f 125 123 626
f 129 124 125
f 129 123 125
f 3679 124 3573
f 3573 124 129
f 626 3681 3572
f 3650 3571 3681
f 3572 3681 3571
f 3679 3570 3680
f 3649 3680 3569
f 3569 3680 3570
f 3647 3707 131
f 704 131 3707
f 3676 618 629
f 704 128 3677
f 624 128 704
f 629 127 126
f 704 126 127
f 624 704 127
f 127 629 618
f 128 704 127
f 128 624 127
f 617 629 618
f 127 629 617
f 617 127 618
f 3675 3734 3568
f 3672 3568 3734
f 3706 3567 3735
f 3645 3567 3706
f 3644 3735 3567
f 140 3705 3566
f 3854 3565 3899
f 3835 3565 3854
f 3639 3899 3565
f 3670 3564 3703
f 3630 3703 3564
f 3834 3563 3835
f 3565 3835 3563
f 3833 3562 3834
f 3563 3834 3562
f 3832 3561 3833
f 3562 3833 3561
f 3637 3560 3832
f 3561 3832 3560
f 3701 113 3559
f 3624 3559 113
f 3617 3558 3694
f 3612 3694 3558
f 3691 3721 3557
f 3607 3557 3721
f 3602 3691 3557
f 628 3556 702
f 3595 702 3556
f 3819 3820 3555
f 3818 3819 3554
f 3555 3554 3819
f 3583 3818 3553
f 3554 3553 3818
f 3817 3552 3820
f 3555 3820 3552
f 3657 3685 3551
f 3590 3551 3685
f 3837 3855 3550
f 3837 3550 3817
f 3579 3550 3855
f 3552 3817 3550
f 3711 3822 3549
f 3816 3548 3856
f 3711 3548 3816
f 3578 3856 3548
f 3549 3548 3711
f 584 142 3547
f 3651 3546 3709
f 3651 705 3546
f 3575 3709 3546
f 3653 3545 3710
f 3652 3710 3545
f 3571 3650 3544
f 129 123 130
f 125 123 130
f 125 129 130
f 3543 129 130
f 626 123 136
f 125 123 136
f 626 125 136
f 626 625 125
f 3572 625 626
f 136 626 625
f 136 125 625
f 3573 3542 3679
f 3570 3679 3542
f 131 704 620
f 620 704 128
f 128 3541 620
f 128 624 623
f 127 624 623
f 127 128 623
f 3541 128 623
f 127 624 133
f 133 127 617
f 623 133 624
f 623 127 133
f 3646 3540 3706
f 3645 3706 3540
f 3539 3675 3568
f 612 608 607
f 608 607 3538
f 3638 3536 3670
f 3836 3898 622
f 3641 622 3898
f 3564 3533 3630
f 3534 3533 3535
f 3699 3532 3895
f 3726 3700 3531
f 3626 3531 3700
f 3617 3667 3530
f 3887 3529 3889
f 3666 3529 3887
f 3618 3889 3529
f 3865 3528 3867
f 3662 3867 3528
f 3601 3528 3865
f 3660 107 3527
f 3602 3527 107
f 3580 3657 3525
f 3547 3524 584
f 3651 3523 705
f 705 3523 135
f 3574 3523 3651
f 3650 3652 3522
f 3522 3544 3650
f 3521 3543 130
f 130 3520 3521
f 129 123 621
f 125 123 621
f 125 129 621
f 130 123 621
f 130 129 621
f 130 125 621
f 621 123 136
f 621 125 136
f 3520 130 621
f 129 3519 3573
f 3519 129 3543
f 3519 3542 3573
f 3543 3521 3519
f 3678 3648 3518
f 131 3517 3647
f 618 617 137
f 620 138 131
f 3517 131 138
f 620 619 131
f 3541 619 620
f 138 131 619
f 138 620 619
f 623 613 3541
f 619 3541 613
f 619 613 138
f 618 132 127
f 618 617 132
f 617 127 132
f 137 618 132
f 137 617 132
f 617 616 133
f 133 616 623
f 613 623 616
f 616 617 132
f 616 613 132
f 3671 3514 3733
f 607 3733 3514
f 3564 3670 3513
f 3536 3513 3670
f 139 141 146
f 140 141 146
f 140 139 146
f 3533 3564 3512
f 3533 3512 3535
f 3732 3853 3511
f 3704 3511 3853
f 3808 3510 3783
f 3621 3783 3510
f 3778 3810 3509
f 3666 3778 3509
f 3529 3666 3509
f 3558 3617 3508
f 3530 3508 3617
f 3615 3507 3805
f 3604 3800 3506
f 630 706 134
f 111 134 706
f 630 111 706
f 707 706 134
f 707 111 706
f 3557 3505 3602
f 3527 3602 3505
f 3796 3746 3504
f 3662 3504 3746
f 3528 3504 3662
f 3794 3503 3859
f 3686 3859 3503
f 3551 3500 3657
f 3525 3657 3500
f 144 142 145
f 584 142 145
f 3524 151 584
f 135 615 627
f 614 627 615
f 614 135 615
f 136 3498 621
f 621 3498 3520
f 3520 3497 3521
f 3521 3497 3519
f 3496 3520 3498
f 3497 3520 3496
f 625 3495 136
f 3498 136 3495
f 3498 3495 3496
f 3542 3519 3494
f 3497 3494 3519
f 625 3572 3493
f 3495 625 3493
f 3542 3492 3570
f 3494 3492 3542
f 3569 3491 3649
f 3647 3490 3648
f 3490 3518 3648
f 3490 3647 3517
f 137 3489 132
f 618 3676 3488
f 137 618 3488
f 138 708 3517
f 708 619 138
f 708 138 613
f 619 708 613
f 613 708 132
f 613 708 616
f 616 708 132
f 3489 3517 708
f 708 132 3489
f 3567 3645 3487
f 3516 3487 3645
f 3669 3486 3638
f 3536 3638 3486
f 3534 3535 3485
f 3485 3484 3534
f 3484 3483 3534
f 3626 3630 3482
f 3533 3482 3630
f 3531 3626 3482
f 3483 3484 3481
f 3559 3624 3480
f 3785 3982 3479
f 3621 3479 3982
f 3810 3846 3477
f 3622 3477 3846
f 3477 3509 3810
f 3724 3476 3782
f 3475 3508 3530
f 3478 3475 3530
f 3476 3724 3474
f 3724 3805 3473
f 3473 3805 3507
f 3474 3724 3473
f 3610 3612 3472
f 3558 3472 3612
f 3472 3471 3610
f 3607 3610 3470
f 3557 3607 3470
f 3471 3470 3610
f 3719 3469 3800
f 3506 3800 3469
f 3469 3719 3468
f 3505 3467 3527
f 3719 3743 3466
f 3468 3719 3466
f 3796 3465 3843
f 3597 3843 3465
f 3504 3465 3796
f 3467 3464 3527
f 3741 3463 3742
f 3740 3463 3741
f 3688 3718 3462
f 3593 3688 3462
f 3556 3461 3595
f 3590 3593 3459
f 3462 3459 3593
f 3458 3457 3526
f 3551 3590 3456
f 3456 3501 3551
f 3459 3456 3590
f 3457 3455 3526
f 3682 3454 3822
f 3549 3822 3454
f 3581 3580 3453
f 3525 3453 3580
f 615 3452 614
f 615 3499 3452
f 3496 3451 3497
f 3495 3451 3496
f 3494 3497 3451
f 3451 3495 3493
f 3492 3494 3450
f 3451 3450 3494
f 3493 3450 3451
f 3571 3449 3572
f 3493 3572 3449
f 3570 3448 3569
f 3492 3448 3570
f 3491 3569 3448
f 3646 3678 3447
f 3518 3447 3678
f 3540 3446 3645
f 3516 3645 3446
f 3515 3516 3446
f 3515 3445 3516
f 3487 3516 3445
f 612 3444 607
f 3515 3444 612
f 3446 3444 3515
f 612 607 709
f 608 607 709
f 608 612 709
f 3515 612 709
f 3445 3515 709
f 607 3443 3705
f 3566 3705 3443
f 3444 3443 607
f 3512 3442 3535
f 3513 3441 3564
f 3512 3564 3441
f 3442 3512 3441
f 3669 3732 3440
f 3511 3440 3732
f 3486 3669 3440
f 139 141 147
f 140 141 147
f 140 139 147
f 146 141 147
f 146 139 147
f 146 140 147
f 3533 3534 3439
f 3483 3439 3534
f 3482 3533 3439
f 3481 3438 3483
f 3478 3438 3481
f 3785 3437 3786
f 3622 3786 3437
f 3479 3437 3785
f 3477 3622 3437
f 3478 3530 611
f 3438 3478 611
f 3668 3726 3436
f 3531 3436 3726
f 3668 3435 3696
f 3436 3435 3668
f 611 3530 3434
f 3435 3433 3696
f 3667 3696 3432
f 3530 3667 3432
f 3434 3530 3432
f 3433 3432 3696
f 3771 3431 3772
f 3770 3772 3430
f 3431 3430 3772
f 3431 3771 3429
f 3769 3770 3428
f 3430 3428 3770
f 3508 3427 3558
f 3472 3558 3427
f 3767 3426 3771
f 3429 3771 3426
f 3765 3769 3425
f 3428 3425 3769
f 3803 3424 3766
f 3763 3424 3803
f 3762 3423 3767
f 3426 3767 3423
f 3764 3765 3422
f 3425 3422 3765
f 3757 3421 3762
f 3423 3762 3421
f 3761 3764 3420
f 3758 3761 3420
f 3422 3420 3764
f 3756 3758 3419
f 3420 3419 3758
f 3754 3418 3757
f 3421 3757 3418
f 3755 3417 3801
f 3752 3756 3416
f 3419 3416 3756
f 3751 3415 3754
f 3418 3754 3415
f 3505 3557 3414
f 3470 3414 3557
f 3750 3752 3413
f 3416 3413 3752
f 3415 3751 3412
f 3749 3750 3411
f 3413 3411 3750
f 3749 3410 3751
f 3412 3751 3410
f 3411 3410 3749
f 3659 3660 3409
f 3409 3408 3659
f 3527 3407 3660
f 3409 3660 3407
f 3658 3659 3406
f 3408 3406 3659
f 3464 3405 3527
f 3407 3527 3405
f 3658 3404 3718
f 3462 3718 3404
f 3406 3404 3658
f 3739 3403 3740
f 3597 3403 3739
f 3465 3403 3597
f 3463 3740 3403
f 3460 3402 3464
f 3457 3402 3460
f 3457 3458 3402
f 3405 3464 3402
f 3502 3401 3526
f 3458 3526 3401
f 3501 3400 3502
f 3501 3456 3400
f 3401 3502 3400
f 3501 3399 3551
f 3500 3551 3399
f 3502 3526 3398
f 3501 3502 3398
f 3399 3501 3398
f 710 142 177
f 584 142 177
f 584 710 177
f 145 142 177
f 145 584 177
f 151 584 177
f 3547 142 3397
f 3524 3547 3397
f 3499 3524 3397
f 151 3524 711
f 3499 711 3524
f 615 711 3499
f 3452 3499 3396
f 3397 3396 3499
f 3523 3395 135
f 615 135 3395
f 711 615 3395
f 3649 3394 3574
f 3491 3394 3649
f 3643 155 3671
f 3514 3671 155
f 155 3643 3393
f 3730 3701 3392
f 3699 3730 3391
f 3532 3699 3391
f 3392 3391 3730
f 3618 3390 3808
f 3510 3808 3390
f 3508 3475 3389
f 3389 3427 3508
f 3467 3505 3388
f 3414 3388 3505
f 3601 3798 3387
f 3712 3686 3386
f 3503 3386 3686
f 3712 3385 628
f 3386 3385 3712
f 3581 3384 3682
f 3454 3682 3384
f 3453 3384 3581
f 3576 610 3577
f 610 3576 3383
f 144 142 161
f 144 161 3576
f 584 142 161
f 145 142 161
f 145 144 161
f 145 584 161
f 3383 3576 161
f 3517 3382 3490
f 3489 3382 3517
f 137 3381 3489
f 3488 3381 137
f 3382 3489 3381
f 3540 3646 3380
f 3447 3380 3646
f 3539 609 3675
f 609 3539 148
f 3568 3379 3539
f 148 3539 3379
f 3568 3672 3378
f 3379 3568 3378
f 3673 3674 3377
f 3672 3673 3376
f 3376 3378 3672
f 3377 3376 3673
f 3485 3535 3374
f 3442 3374 3535
f 3642 139 606
f 3642 606 3643
f 146 139 606
f 147 139 606
f 147 146 606
f 3393 3643 606
f 3484 3485 3373
f 3373 3372 3484
f 3481 3484 3371
f 3372 3371 3484
f 3478 3481 3370
f 3475 3478 3370
f 3371 3370 3481
f 3727 3782 3369
f 3624 3727 3369
f 3476 3369 3782
f 3389 3475 3368
f 3370 3368 3475
f 3766 3367 3768
f 3424 3367 3766
f 3760 3366 3763
f 3424 3763 3366
f 3801 3365 3759
f 3417 3365 3801
f 3753 3364 3755
f 3417 3755 3364
f 3388 3363 3467
f 3464 3467 3362
f 3363 3362 3467
f 3715 3361 3743
f 3595 3361 3715
f 3466 3743 3361
f 3460 3464 3360
f 3362 3360 3464
f 3457 3460 3359
f 3360 3359 3460
f 3455 3457 3358
f 3359 3358 3457
f 710 598 3357
f 177 710 3357
f 3455 3356 3526
f 3398 3526 3356
f 3654 3655 3355
f 3653 3654 3354
f 3355 3354 3654
f 3545 3653 3353
f 3354 3353 3653
f 3545 3352 3652
f 3353 3352 3545
f 3523 3574 3350
f 3394 3350 3574
f 3450 3493 3349
f 3449 3349 3493
f 3450 3348 3492
f 3448 3492 3348
f 3349 3348 3450
f 3487 3347 3567
f 608 607 143
f 3538 607 143
f 3538 143 608
f 3514 143 607
f 709 607 143
f 709 608 143
f 155 143 3514
f 143 3375 3537
f 3513 3536 3346
f 3566 713 140
f 147 140 713
f 3704 3836 156
f 622 156 3836
f 3559 3345 3701
f 3392 3701 3345
f 3510 3344 3621
f 3479 3621 3344
f 3390 3344 3510
f 3723 3768 3343
f 3343 3768 3367
f 3343 3342 3723
f 3759 3341 3760
f 3366 3760 3341
f 3341 3759 3365
f 3720 3339 3753
f 3364 3753 3339
f 3340 3339 3720
f 3742 3338 3798
f 3463 3338 3742
f 3387 3798 3338
f 3556 628 3337
f 3385 3337 628
f 3500 3336 3525
f 151 584 178
f 177 584 178
f 177 151 178
f 151 584 150
f 177 584 150
f 177 151 150
f 711 150 151
f 178 584 150
f 178 151 150
f 178 177 150
f 144 142 168
f 584 142 168
f 145 142 168
f 145 144 168
f 145 584 168
f 177 142 168
f 177 584 168
f 177 145 168
f 3397 142 168
f 161 142 168
f 161 144 168
f 161 584 168
f 161 145 168
f 3452 3335 3546
f 3396 3335 3452
f 3395 3523 3334
f 3334 3523 3350
f 3522 3652 3333
f 3544 3522 3333
f 3333 3351 3544
f 3446 3540 3332
f 3380 3332 3540
f 3445 3331 3487
f 3347 3487 3331
f 3374 3330 3485
f 3373 3485 3330
f 3345 3559 3329
f 3529 3328 3618
f 3509 3328 3529
f 3509 3477 3328
f 3390 3618 3328
f 3528 3601 3327
f 3504 3528 3327
f 3465 3504 3327
f 3387 3327 3601
f 3338 3327 3387
f 3461 3556 3326
f 3337 3326 3556
f 3358 3325 3455
f 3356 3455 3325
f 145 584 179
f 177 584 179
f 177 145 179
f 161 584 179
f 161 145 179
f 178 584 179
f 178 177 179
f 168 584 179
f 168 145 179
f 168 177 179
f 168 161 179
f 3396 3397 3324
f 168 3324 3397
f 3335 3396 3323
f 3324 3323 3396
f 3518 3490 3322
f 3676 3734 603
f 3675 603 3734
f 3488 3676 603
f 3381 3488 603
f 609 603 3675
f 148 609 603
f 3379 603 148
f 3674 3644 3321
f 3567 3321 3644
f 3377 3674 3321
f 3347 3321 3567
f 3471 3472 3320
f 3470 3471 3320
f 598 605 157
f 177 145 186
f 161 145 186
f 145 584 159
f 177 584 159
f 177 145 159
f 161 584 159
f 161 145 159
f 145 584 152
f 151 584 152
f 177 584 152
f 177 145 152
f 177 151 152
f 711 151 152
f 178 584 152
f 178 151 152
f 178 177 152
f 150 584 152
f 150 151 152
f 150 177 152
f 150 711 152
f 150 178 152
f 152 584 179
f 152 145 179
f 152 177 179
f 152 178 179
f 3655 3575 3319
f 3546 3319 3575
f 3355 3655 3319
f 3335 3319 3546
f 3544 3318 3571
f 3449 3571 3318
f 3351 3318 3544
f 3349 3449 3318
f 3448 3317 3491
f 3382 3316 3490
f 3322 3490 3316
f 3447 3518 3315
f 3322 3315 3518
f 3444 3446 3314
f 3314 3313 3444
f 709 3312 3445
f 143 3312 709
f 3331 3445 3312
f 3443 3444 3311
f 3313 3311 3444
f 3486 3310 3536
f 3440 3310 3486
f 3346 3536 3310
f 140 139 167
f 146 139 167
f 146 140 167
f 147 139 167
f 147 140 167
f 147 146 167
f 606 139 167
f 606 146 167
f 606 147 167
f 3480 3309 3559
f 3329 3559 3309
f 3437 3479 3308
f 3437 3308 3477
f 3344 3308 3479
f 3344 3390 3308
f 3328 3477 3308
f 3328 3308 3390
f 3665 3307 3615
f 3507 3615 3307
f 3307 3665 3306
f 3427 3304 3472
f 3320 3472 3304
f 3305 3304 3427
f 3693 3723 3303
f 3342 3303 3723
f 3720 3692 3302
f 3340 3720 3302
f 3414 3470 3301
f 3320 3301 3470
f 3388 3414 3300
f 3301 3300 3414
f 3663 3604 3299
f 3506 3299 3604
f 3603 3663 3298
f 3299 3298 3663
f 3403 3465 3297
f 3403 3297 3463
f 3338 3463 3297
f 3327 3297 3465
f 3327 3338 3297
f 3326 3296 3461
f 598 605 597
f 3357 598 597
f 157 605 597
f 157 598 597
f 3453 3525 3295
f 3384 3453 3295
f 3336 3295 3525
f 3383 714 610
f 157 610 714
f 152 711 3294
f 3395 3292 711
f 3294 711 3292
f 3394 3491 3291
f 3317 3291 3491
f 3348 3290 3448
f 3317 3448 3290
f 3380 3447 3289
f 3315 3289 3447
f 603 148 3288
f 148 609 604
f 603 604 609
f 603 148 604
f 3288 148 604
f 3288 604 603
f 3313 3287 3311
f 596 3287 716
f 3441 3286 3442
f 3393 154 155
f 606 154 3393
f 143 155 154
f 3441 3513 3285
f 3346 3285 3513
f 3286 3441 3285
f 622 3641 715
f 156 622 715
f 3640 3284 3641
f 715 3641 3284
f 3639 3283 3640
f 3284 3640 3283
f 3283 3639 3282
f 3698 3895 3281
f 3532 3281 3895
f 3697 3698 3280
f 3281 3280 3698
f 3695 3697 3279
f 3280 3279 3697
f 3695 3278 3806
f 3279 3278 3695
f 3427 3389 3277
f 3368 3277 3389
f 3277 3305 3427
f 3616 3806 3276
f 3278 3276 3806
f 3665 3616 3275
f 3275 3306 3665
f 3276 3275 3616
f 3298 3274 3603
f 3661 3603 3273
f 3274 3273 3603
f 3363 3388 3272
f 3300 3272 3388
f 3273 3271 3661
f 3661 3270 3690
f 3271 3270 3661
f 3689 3690 3269
f 3270 3269 3690
f 3689 3268 3794
f 3269 3268 3689
f 3656 3266 3579
f 3266 3267 3579
f 3656 3578 3265
f 3266 3656 3265
f 3548 3264 3578
f 3264 3265 3578
f 3548 3549 3263
f 3264 3548 3263
f 3399 3262 3500
f 3336 3500 3262
f 161 162 3383
f 714 3383 162
f 3398 3261 3399
f 3262 3399 3261
f 3259 152 3294
f 3293 602 153
f 3259 602 153
f 3351 3333 3258
f 3318 3351 3258
f 3350 3394 3257
f 3257 3394 3291
f 3381 3256 3382
f 603 3256 3381
f 3378 3255 3379
f 3332 3254 3446
f 3314 3446 3254
f 3321 3347 3253
f 3313 3314 3252
f 3313 3252 3287
f 3287 3252 716
f 596 716 3251
f 143 155 600
f 154 155 600
f 154 143 600
f 3374 3442 3250
f 3330 3374 3250
f 3286 3250 3442
f 3511 3704 3249
f 156 3249 3704
f 3565 3248 3639
f 3563 3248 3565
f 3282 3639 3248
f 3562 3247 3563
f 3248 3563 3247
f 3561 3246 3562
f 3247 3562 3246
f 3560 3245 3561
f 3246 3561 3245
f 3245 3560 3244
f 3560 3637 3243
f 3244 3560 3243
f 3636 3242 3637
f 3243 3637 3242
f 3635 3241 3636
f 3242 3636 3241
f 3633 3240 3634
f 3632 3239 3633
f 3240 3633 3239
f 3631 3238 3632
f 3239 3632 3238
f 3629 3237 3631
f 3238 3631 3237
f 3628 3236 3629
f 3237 3629 3236
f 3627 3235 3628
f 3236 3628 3235
f 3625 3234 3627
f 3235 3627 3234
f 3391 3233 3532
f 3281 3532 3233
f 3480 3624 3232
f 3369 3232 3624
f 3309 3480 3232
f 3623 3231 3625
f 3234 3625 3231
f 3370 3371 3230
f 3368 3370 3230
f 3620 3229 3623
f 3619 3229 3620
f 3231 3623 3229
f 3277 3368 3228
f 3230 3228 3368
f 3614 3227 3619
f 3229 3619 3227
f 3613 3226 3614
f 3227 3614 3226
f 3307 3225 3507
f 3611 3224 3613
f 3226 3613 3224
f 3609 3223 3611
f 3224 3611 3223
f 3664 3693 3222
f 3664 3222 3692
f 3303 3222 3693
f 3302 3692 3222
f 3608 3221 3609
f 3223 3609 3221
f 3221 3608 3220
f 3606 3219 3608
f 3220 3608 3219
f 3299 3506 3218
f 3605 3217 3606
f 3219 3606 3217
f 3600 3216 3605
f 3599 3216 3600
f 3217 3605 3216
f 3598 3215 3599
f 3216 3599 3215
f 3362 3363 3214
f 3272 3214 3363
f 3596 3213 3598
f 3215 3598 3213
f 3360 3362 3212
f 3214 3212 3362
f 3594 3211 3596
f 3213 3596 3211
f 3461 3210 3595
f 3361 3595 3210
f 3296 3210 3461
f 3503 3794 3209
f 3268 3209 3794
f 3359 3360 3208
f 3212 3208 3360
f 3592 3207 3594
f 3211 3594 3207
f 3591 3206 3592
f 3207 3592 3206
f 3589 3205 3591
f 3206 3591 3205
f 3588 3204 3589
f 3205 3589 3204
f 3587 3203 3588
f 3204 3588 3203
f 3587 3586 3202
f 3203 3587 3202
f 712 3201 3586
f 3201 3202 3586
f 712 149 3200
f 3584 3200 149
f 3201 712 3200
f 3552 3199 3555
f 3554 3555 3198
f 3199 3198 3555
f 3553 3554 3197
f 3198 3197 3554
f 3197 3196 3553
f 3553 3195 3583
f 3196 3195 3553
f 3582 3583 3194
f 3195 3194 3583
f 3584 3582 3193
f 3200 3584 3193
f 3194 3193 3582
f 3550 3579 3192
f 3550 3192 3552
f 3267 3192 3579
f 3192 3199 3552
f 3356 3191 3398
f 3325 3191 3356
f 3261 3398 3191
f 168 161 160
f 162 161 160
f 151 584 180
f 3292 3190 3294
f 3294 3190 3259
f 602 3259 3190
f 3323 3189 3335
f 3319 3335 3189
f 3334 3188 3395
f 3292 3395 3188
f 3348 3349 3187
f 3318 3187 3349
f 3332 3380 3186
f 3289 3186 3380
f 3186 3254 3332
f 3378 3376 3185
f 3376 3377 3185
f 3321 3185 3377
f 3255 3378 3185
f 3331 3184 3347
f 3312 3184 3331
f 3253 3347 3184
f 3311 3287 595
f 3287 596 595
f 143 155 599
f 3375 143 599
f 3312 143 599
f 154 155 599
f 154 143 599
f 599 155 600
f 599 143 600
f 599 154 600
f 3311 593 3443
f 595 593 3311
f 3443 3183 3566
f 713 3566 3183
f 593 3183 3443
f 3330 3182 3373
f 3634 592 3635
f 147 140 592
f 713 140 592
f 713 592 147
f 167 140 592
f 167 147 592
f 167 165 592
f 592 3241 3635
f 592 3634 3240
f 3372 3373 3181
f 3182 3181 3373
f 3391 3392 3180
f 3345 3180 3392
f 3179 3233 3391
f 3180 3179 3391
f 3371 3372 3178
f 3178 3230 3371
f 3181 3178 3372
f 3474 3177 3476
f 3369 3476 3177
f 3232 3369 3177
f 3473 3176 3474
f 3177 3474 3176
f 3507 3175 3473
f 3175 3507 3225
f 3176 3473 3175
f 3367 3424 3174
f 3366 3174 3424
f 3367 3174 3343
f 3365 3417 3173
f 3364 3173 3417
f 3339 3173 3364
f 3469 3172 3506
f 3218 3506 3172
f 3468 3171 3469
f 3172 3469 3171
f 3466 3170 3468
f 3361 3170 3466
f 3171 3468 3170
f 3386 3503 3169
f 3209 3169 3503
f 3385 3386 3168
f 3337 3385 3168
f 3169 3168 3386
f 3358 3359 3167
f 3208 3167 3359
f 3454 3166 3549
f 3263 3549 3166
f 3325 3358 3165
f 3167 3165 3358
f 145 584 181
f 151 584 181
f 177 584 181
f 177 145 181
f 177 151 181
f 3357 181 177
f 178 584 181
f 178 151 181
f 178 177 181
f 150 584 181
f 150 151 181
f 150 177 181
f 150 178 181
f 168 584 181
f 168 145 181
f 168 177 181
f 186 145 181
f 186 177 181
f 159 584 181
f 159 145 181
f 159 177 181
f 152 584 181
f 152 145 181
f 152 151 181
f 152 177 181
f 152 178 181
f 152 150 181
f 3260 181 152
f 181 584 180
f 181 151 180
f 181 150 589
f 159 584 163
f 181 584 163
f 181 159 163
f 145 584 182
f 168 584 182
f 168 145 182
f 186 145 182
f 152 584 182
f 152 145 182
f 3260 152 182
f 181 584 182
f 181 145 182
f 181 168 182
f 181 186 182
f 181 152 182
f 181 3260 182
f 152 150 588
f 589 150 588
f 150 177 183
f 159 177 183
f 152 177 183
f 152 150 183
f 163 159 183
f 588 150 183
f 588 152 183
f 3259 3164 152
f 3259 153 3164
f 588 152 3164
f 3324 168 590
f 3323 3324 3163
f 3163 3189 3323
f 590 3163 3324
f 3293 153 601
f 602 3293 601
f 602 153 601
f 3354 3355 3162
f 3319 3162 3355
f 3353 3354 3161
f 3352 3353 3161
f 3162 3161 3354
f 3350 3160 3334
f 3257 3160 3350
f 3290 3348 3159
f 3187 3159 3348
f 3316 3382 3158
f 3256 3158 3382
f 3250 3157 3330
f 3182 3330 3157
f 3191 3325 3156
f 3165 3156 3325
f 145 584 169
f 161 584 169
f 161 145 169
f 168 584 169
f 168 145 169
f 168 161 169
f 179 584 169
f 179 145 169
f 179 161 169
f 179 168 169
f 162 161 169
f 160 161 169
f 160 168 169
f 160 162 169
f 590 168 169
f 3352 3155 3652
f 3333 3652 3155
f 3258 3333 3155
f 3258 3155 3318
f 3187 3318 3155
f 3161 3155 3352
f 593 595 3153
f 3342 3343 3152
f 3303 3342 3152
f 3174 3152 3343
f 3341 3151 3366
f 3365 3151 3341
f 3174 3366 3151
f 3173 3151 3365
f 3339 3340 3150
f 3302 3150 3340
f 3173 3339 3150
f 3577 158 605
f 610 158 3577
f 157 605 158
f 157 158 610
f 597 605 158
f 597 157 158
f 714 610 158
f 714 158 157
f 162 158 714
f 152 178 184
f 181 178 184
f 181 152 184
f 182 152 184
f 182 181 184
f 588 152 184
f 3164 3149 588
f 601 602 3148
f 603 3379 3147
f 3256 603 3147
f 3255 3147 3379
f 3158 3256 3147
f 3254 3146 3314
f 3252 3314 3146
f 3252 3146 716
f 3154 716 3146
f 3251 3145 596
f 3440 3511 3144
f 3310 3440 3144
f 3249 3144 3511
f 3384 3143 3454
f 3295 3143 3384
f 3166 3454 3143
f 597 3142 3357
f 181 3357 3142
f 601 3141 153
f 3190 3292 3140
f 3190 3140 602
f 3188 3140 3292
f 3148 602 3140
f 3161 3162 3139
f 3159 3187 3139
f 3155 3139 3187
f 3155 3161 3139
f 3138 3158 3147
f 3254 3186 3137
f 3137 3146 3254
f 3185 3321 3136
f 3185 3136 3255
f 3147 3255 3136
f 3147 3136 3138
f 3251 716 3135
f 3154 3135 716
f 143 155 166
f 167 166 606
f 167 165 166
f 154 155 166
f 154 606 166
f 154 143 166
f 600 155 166
f 600 143 166
f 600 154 166
f 599 155 166
f 599 143 166
f 599 154 166
f 600 599 166
f 592 165 166
f 592 167 166
f 3183 3134 713
f 592 713 3134
f 156 3132 622
f 715 622 3132
f 715 3132 156
f 3329 3131 3345
f 3222 3303 3130
f 3222 3130 3302
f 3152 3130 3303
f 3152 3174 3130
f 3151 3130 3174
f 3151 3173 3130
f 3150 3302 3130
f 3150 3130 3173
f 3326 3337 3129
f 3296 3326 3129
f 597 157 3128
f 598 605 164
f 157 605 164
f 157 598 164
f 597 605 164
f 597 598 164
f 597 157 164
f 158 605 164
f 158 157 164
f 158 597 164
f 164 3142 597
f 3128 157 164
f 3128 164 597
f 145 584 170
f 177 584 170
f 177 145 170
f 161 584 170
f 161 145 170
f 168 584 170
f 168 145 170
f 168 177 170
f 168 161 170
f 179 584 170
f 179 145 170
f 179 177 170
f 179 161 170
f 179 168 170
f 186 145 170
f 186 177 170
f 186 170 161
f 159 584 170
f 159 145 170
f 159 177 170
f 159 161 170
f 152 584 170
f 152 145 170
f 152 177 170
f 179 152 170
f 162 161 170
f 160 161 170
f 160 168 170
f 160 162 170
f 181 584 170
f 181 145 170
f 181 177 170
f 181 168 170
f 181 186 170
f 181 159 170
f 181 152 170
f 169 584 170
f 169 145 170
f 169 161 170
f 169 168 170
f 169 179 170
f 169 162 170
f 169 160 170
f 158 162 170
f 163 159 3127
f 183 3127 159
f 183 163 3127
f 145 584 171
f 168 584 171
f 168 145 171
f 160 168 171
f 169 584 171
f 169 145 171
f 169 168 171
f 169 160 171
f 170 584 171
f 170 145 171
f 170 168 171
f 170 160 171
f 170 169 171
f 3148 3126 601
f 3162 3319 3125
f 3125 3139 3162
f 3188 3334 3124
f 3160 3124 3334
f 3140 3188 3124
f 3139 3123 3159
f 3139 3125 3123
f 3316 3122 3322
f 3122 3316 3121
f 3315 3322 3120
f 3122 3120 3322
f 3289 3315 3119
f 3120 3119 3315
f 596 716 3118
f 3310 3117 3346
f 3285 3346 3117
f 166 167 3116
f 3309 3115 3329
f 3131 3329 3115
f 3430 3431 3114
f 3428 3430 3113
f 3114 3113 3430
f 3425 3428 3112
f 3113 3112 3428
f 3422 3425 3111
f 3112 3111 3425
f 3420 3422 3110
f 3419 3420 3110
f 3111 3110 3422
f 3416 3419 3109
f 3110 3109 3419
f 3413 3416 3108
f 3109 3108 3416
f 3415 175 3418
f 3411 3413 3107
f 3108 3107 3413
f 3410 3411 3106
f 3107 3106 3411
f 3210 3296 3105
f 3129 3105 3296
f 3291 3104 3257
f 3291 3317 3103
f 3104 3291 3103
f 3290 3102 3317
f 3103 3317 3102
f 3102 3290 3101
f 3121 3316 3100
f 3158 3099 3316
f 3138 3099 3158
f 3100 3316 3099
f 3184 3098 3253
f 3145 3251 3097
f 3135 3097 3251
f 3184 3312 3096
f 3098 3184 3096
f 595 596 3095
f 3145 3095 596
f 3183 593 3094
f 3429 3093 3431
f 3093 3114 3431
f 3426 3092 3429
f 3093 3429 3092
f 3092 3426 3091
f 3423 3090 3426
f 3091 3426 3090
f 3421 3089 3423
f 3090 3423 3089
f 3418 227 3421
f 227 3418 175
f 3089 3421 227
f 3412 173 3415
f 175 3415 173
f 3410 3088 3412
f 3106 3088 3410
f 173 3412 3088
f 164 158 3087
f 170 3087 158
f 3295 3336 3086
f 3262 3086 3336
f 3164 153 3085
f 3141 3085 153
f 3189 3163 3084
f 3163 590 3084
f 3189 3083 3319
f 3084 3083 3189
f 3159 3081 3290
f 3081 3101 3290
f 3082 3081 3159
f 3186 3289 3080
f 3137 3186 3080
f 3119 3080 3289
f 599 3079 3312
f 3096 3312 3079
f 593 595 594
f 3153 595 594
f 3153 594 593
f 3095 594 595
f 3094 593 594
f 166 3078 599
f 3079 599 3078
f 167 165 591
f 592 165 591
f 592 167 591
f 166 165 591
f 166 167 591
f 166 592 591
f 3133 592 591
f 3116 167 591
f 3116 591 166
f 3078 166 591
f 3439 3077 3482
f 3439 3483 3076
f 3438 3076 3483
f 3076 3077 3439
f 3482 3075 3531
f 3077 3075 3482
f 3232 3074 3309
f 3115 3309 3074
f 3436 3531 3073
f 3075 3073 3531
f 3434 717 611
f 3228 3230 3072
f 3230 3178 3072
f 3435 3436 3071
f 3073 3071 3436
f 3432 3070 3434
f 717 3434 3070
f 3433 3435 3069
f 3071 3069 3435
f 3432 3433 3068
f 3070 3432 3068
f 3069 3068 3433
f 3304 3067 3320
f 3301 3320 3067
f 173 175 587
f 3408 3409 3066
f 3407 3065 3409
f 3066 3409 3065
f 3406 3408 3064
f 3066 3064 3408
f 3208 3212 3063
f 3404 3406 3062
f 3064 3062 3406
f 3405 3061 3407
f 3402 3061 3405
f 3065 3407 3061
f 3459 3462 3060
f 3404 3060 3462
f 3062 3060 3404
f 3210 3059 3361
f 3105 3059 3210
f 3402 3458 3058
f 3061 3402 3058
f 3456 3459 3057
f 3060 3057 3459
f 3401 3056 3458
f 3058 3458 3056
f 3400 3456 3055
f 3057 3055 3456
f 3400 3054 3401
f 3056 3401 3054
f 3055 3054 3400
f 3149 3053 588
f 3149 3164 3052
f 3085 3052 3164
f 3053 3149 3052
f 145 584 176
f 168 584 176
f 168 145 176
f 179 584 176
f 179 145 176
f 179 168 176
f 160 168 176
f 180 584 176
f 590 168 176
f 169 584 176
f 169 145 176
f 169 168 176
f 169 179 176
f 169 160 176
f 169 176 590
f 170 584 176
f 170 145 176
f 170 168 176
f 170 179 176
f 170 160 176
f 170 169 176
f 171 584 176
f 171 145 176
f 171 168 176
f 171 160 176
f 171 169 176
f 171 170 176
f 3084 590 176
f 3141 601 3051
f 3126 3051 601
f 3160 3257 3050
f 3104 3050 3257
f 3099 3138 3049
f 718 611 717
f 3072 3048 3228
f 3305 3277 3047
f 3228 3047 3277
f 3048 3047 3228
f 3046 3067 3304
f 3067 3045 3301
f 173 175 174
f 174 175 587
f 174 173 587
f 3214 3272 3044
f 3212 3214 3043
f 3043 3063 3212
f 3044 3043 3214
f 145 584 185
f 177 584 185
f 177 145 185
f 178 584 185
f 178 177 185
f 168 584 185
f 168 145 185
f 168 177 185
f 179 584 185
f 179 145 185
f 179 177 185
f 179 178 185
f 179 168 185
f 186 145 185
f 186 177 185
f 152 584 185
f 152 145 185
f 152 177 185
f 152 178 185
f 179 152 185
f 160 168 185
f 180 584 185
f 181 584 185
f 181 145 185
f 181 177 185
f 181 178 185
f 181 168 185
f 181 186 185
f 181 152 185
f 180 181 185
f 589 185 181
f 169 584 185
f 169 145 185
f 169 168 185
f 169 179 185
f 169 160 185
f 3142 185 181
f 3142 164 185
f 170 584 185
f 170 145 185
f 170 177 185
f 170 168 185
f 170 179 185
f 170 186 185
f 170 152 185
f 170 160 185
f 170 181 185
f 170 169 185
f 171 584 185
f 171 145 185
f 171 168 185
f 171 160 185
f 171 169 185
f 171 170 185
f 3087 185 164
f 3087 170 185
f 185 584 176
f 185 145 176
f 185 168 176
f 185 179 176
f 185 160 176
f 185 180 176
f 185 169 176
f 185 170 176
f 185 171 176
f 177 145 198
f 178 177 198
f 152 145 198
f 152 177 198
f 152 178 198
f 181 145 198
f 181 177 198
f 181 178 198
f 181 152 198
f 589 181 198
f 182 145 198
f 182 152 198
f 182 181 198
f 588 152 198
f 588 198 589
f 183 177 198
f 183 152 198
f 183 588 198
f 184 178 198
f 184 152 198
f 184 181 198
f 184 182 198
f 184 198 588
f 198 588 3053
f 185 145 198
f 185 177 198
f 185 178 198
f 185 152 198
f 185 181 198
f 185 589 198
f 170 169 172
f 171 169 172
f 171 170 172
f 172 180 176
f 172 169 176
f 172 170 176
f 172 171 176
f 185 180 172
f 185 169 172
f 185 170 172
f 185 171 172
f 172 185 176
f 3123 3042 3159
f 3082 3159 3042
f 3099 3041 3100
f 3134 3039 592
f 591 592 3039
f 3144 3038 3310
f 3117 3310 3038
f 3304 3305 3037
f 3047 3037 3305
f 3046 3304 3037
f 3300 3301 3036
f 3272 3300 3036
f 3045 3036 3301
f 3044 3272 3036
f 3143 3295 3035
f 3086 3035 3295
f 3081 3082 3033
f 3049 3032 3099
f 3041 3099 3032
f 3146 3137 3031
f 3080 3031 3137
f 3031 3040 3146
f 3078 3030 3079
f 591 3030 3078
f 3030 591 3039
f 224 227 225
f 175 3029 227
f 225 227 3029
f 173 175 586
f 587 175 586
f 587 173 586
f 174 175 586
f 174 173 586
f 587 174 586
f 3029 175 586
f 176 185 585
f 176 172 585
f 172 185 585
f 3124 3160 3028
f 3124 3028 3140
f 3050 3028 3160
f 3034 3140 3028
f 3042 3027 3082
f 3027 3033 3082
f 3121 3025 3122
f 3026 3025 3121
f 3100 3024 3121
f 3026 3121 3024
f 3120 3122 3023
f 3025 3023 3122
f 3119 3120 3022
f 3023 3022 3120
f 3136 3321 3021
f 3096 3020 3098
f 3079 3020 3096
f 3225 3307 3019
f 3306 3018 3307
f 3019 3307 3018
f 3037 3017 3046
f 3067 3046 3016
f 3045 3067 3016
f 3017 3016 3046
f 3036 3045 3015
f 3016 3015 3045
f 3298 3299 3014
f 3274 3298 3013
f 3014 3013 3298
f 3103 3012 3104
f 3102 3011 3103
f 3012 3103 3011
f 3101 3010 3102
f 3011 3102 3010
f 3101 3081 3009
f 3010 3101 3008
f 3009 3008 3101
f 3080 3119 3007
f 3031 3080 3007
f 3022 3007 3119
f 3146 3006 3154
f 3135 3154 3006
f 3097 3135 3006
f 3040 3006 3146
f 3253 3005 3321
f 3098 3005 3253
f 3021 3321 3005
f 3005 3098 3020
f 3097 578 3145
f 3095 3145 578
f 3175 232 3176
f 3224 3004 3226
f 3275 3276 3003
f 3306 3275 3002
f 3002 3018 3306
f 3003 3002 3275
f 3223 3001 3224
f 3004 3224 3001
f 3016 3017 2999
f 2999 3015 3016
f 3000 2999 3017
f 3015 2999 2998
f 3219 2997 3220
f 3273 3274 2996
f 3013 2996 3274
f 3271 3273 2995
f 2996 2995 3273
f 3217 2994 3219
f 2997 3219 2994
f 145 584 583
f 177 584 583
f 177 145 583
f 178 584 583
f 178 177 583
f 179 584 583
f 179 145 583
f 179 177 583
f 179 178 583
f 186 145 583
f 186 177 583
f 152 584 583
f 152 145 583
f 152 177 583
f 152 178 583
f 179 152 583
f 180 584 583
f 181 584 583
f 181 145 583
f 181 177 583
f 181 178 583
f 181 186 583
f 181 152 583
f 180 181 583
f 163 584 583
f 163 181 583
f 182 584 583
f 182 145 583
f 182 186 583
f 182 152 583
f 182 181 583
f 183 177 583
f 183 152 583
f 183 163 583
f 169 584 583
f 169 145 583
f 169 179 583
f 184 178 583
f 184 152 583
f 184 181 583
f 184 182 583
f 170 584 583
f 170 145 583
f 170 177 583
f 170 179 583
f 170 186 583
f 170 152 583
f 170 181 583
f 170 169 583
f 171 584 583
f 171 145 583
f 171 169 583
f 171 170 583
f 176 584 583
f 176 145 583
f 176 179 583
f 176 180 583
f 176 169 583
f 176 170 583
f 176 171 583
f 185 584 583
f 185 145 583
f 185 177 583
f 185 178 583
f 185 179 583
f 185 186 583
f 185 152 583
f 185 180 583
f 185 181 583
f 185 169 583
f 185 170 583
f 185 171 583
f 176 185 583
f 198 145 583
f 198 177 583
f 198 178 583
f 198 152 583
f 198 181 583
f 198 182 583
f 198 183 583
f 198 184 583
f 198 185 583
f 585 583 176
f 585 185 583
f 3085 3141 236
f 3051 236 3141
f 3050 3104 2992
f 2992 3104 3012
f 3041 2991 3100
f 3024 3100 2991
f 2991 3041 2990
f 3032 2989 3041
f 2990 3041 2989
f 3117 2988 3285
f 3283 2987 3284
f 3282 2986 3283
f 2987 3283 2986
f 3176 2985 3177
f 3279 3280 2984
f 232 2983 3176
f 2985 3176 2983
f 3278 3279 2982
f 2984 2982 3279
f 3276 3278 2981
f 3003 3276 2981
f 2982 2981 3278
f 3225 231 3175
f 232 3175 231
f 3001 2980 3004
f 3019 2979 3225
f 231 3225 2979
f 2980 3001 2978
f 3017 3037 2977
f 3000 3017 2977
f 3015 2976 3036
f 2998 2976 3015
f 3218 2974 3299
f 3014 3299 2974
f 2994 2973 2997
f 2975 2997 2973
f 3172 2972 3218
f 2974 3218 2972
f 2995 2971 3271
f 3171 2970 3172
f 2972 3172 2970
f 3270 3271 2969
f 2971 2969 3271
f 3170 2968 3171
f 2970 3171 2968
f 3269 3270 2967
f 2969 2967 3270
f 3170 3361 2966
f 3059 2966 3361
f 2968 3170 2966
f 3265 2964 3266
f 2965 3266 2964
f 3086 3262 2963
f 3125 3319 230
f 3083 230 3319
f 722 230 3083
f 3140 2962 3148
f 3126 3148 2962
f 3051 3126 2962
f 3034 2962 3140
f 3028 2961 3034
f 2962 3034 2961
f 3033 3027 2960
f 2960 2959 3033
f 3033 2958 3081
f 3009 3081 2958
f 2959 2958 3033
f 3032 3049 2957
f 3136 2956 3138
f 3049 3138 2956
f 3021 2956 3136
f 3005 2956 3021
f 2957 3049 2956
f 3040 3031 2955
f 3006 3040 2955
f 2954 577 578
f 3250 3286 2953
f 3134 3183 2952
f 3094 2952 3183
f 3039 3134 2952
f 3039 2952 3030
f 3285 2951 3286
f 2951 3285 2988
f 2953 3286 2951
f 2952 3094 2950
f 715 2949 156
f 3284 2948 715
f 2948 3284 2987
f 2949 715 2948
f 3241 592 724
f 3246 2947 3247
f 3245 2946 3246
f 2947 3246 2946
f 3244 2945 3245
f 2946 3245 2945
f 2945 3244 2944
f 3243 2943 3244
f 2944 3244 2943
f 3242 2942 3243
f 2943 3243 2942
f 3241 2941 3242
f 724 2941 3241
f 2942 3242 2941
f 3240 2940 592
f 724 592 2940
f 3248 2939 3282
f 3247 2939 3248
f 2947 2939 3247
f 3239 2938 3240
f 2940 3240 2938
f 2986 3282 2937
f 2937 3282 2939
f 3238 2936 3239
f 2938 3239 2936
f 3237 2935 3238
f 2936 3238 2935
f 3236 2934 3237
f 2935 3237 2934
f 3180 3345 2933
f 2933 2932 3180
f 3131 2931 3345
f 2933 3345 2931
f 3179 3180 2930
f 2932 2930 3180
f 3235 2929 3236
f 2934 3236 2929
f 3115 2928 3131
f 2931 3131 2928
f 3233 3179 2927
f 2930 2927 3179
f 3234 2926 3235
f 2929 3235 2926
f 3077 3076 719
f 3075 3077 719
f 3073 3075 719
f 3233 2925 3281
f 2927 2925 3233
f 611 187 3438
f 3076 3438 187
f 717 611 187
f 718 187 611
f 717 187 718
f 719 3076 187
f 719 718 187
f 3071 3073 2924
f 3069 3071 2924
f 719 2924 3073
f 3231 2923 3234
f 2926 3234 2923
f 3177 2922 3232
f 2922 3177 2985
f 3280 3281 2921
f 2921 2984 3280
f 2925 2921 3281
f 3070 2920 717
f 3068 2920 3070
f 3068 3069 2920
f 187 717 2920
f 187 2920 719
f 2924 2920 3069
f 2924 719 2920
f 3229 2919 3231
f 3227 2919 3229
f 2923 3231 2919
f 2919 3227 256
f 3004 2918 3226
f 3216 2917 3217
f 2994 3217 2917
f 3215 2916 3216
f 2917 3216 2916
f 3213 2915 3215
f 2916 3215 2915
f 3211 2914 3213
f 2915 3213 2914
f 3065 2913 3066
f 3064 3066 2913
f 3061 2913 3065
f 3268 3269 2912
f 2967 2912 3269
f 3062 3064 2911
f 3060 3062 2911
f 3057 3060 2911
f 2913 2911 3064
f 3207 2910 3211
f 2914 3211 2910
f 3058 2909 3061
f 2913 3061 2909
f 3209 3268 2908
f 2912 2908 3268
f 3056 2907 3058
f 3055 3057 2907
f 3054 2907 3056
f 3054 3055 2907
f 2911 2907 3057
f 2911 2913 2907
f 2909 3058 2907
f 2909 2907 2913
f 3206 2906 3207
f 2910 3207 2906
f 3059 3105 2905
f 3169 3209 2904
f 2908 2904 3209
f 3205 2903 3206
f 2906 3206 2903
f 3105 3129 2902
f 2905 3105 2902
f 3168 3169 2901
f 2904 2901 3169
f 3129 3337 2900
f 2902 3129 2900
f 3168 2899 3337
f 2901 2899 3168
f 2900 3337 2899
f 3204 2898 3205
f 2903 3205 2898
f 3203 2897 3204
f 2898 3204 2897
f 3202 2896 3203
f 2897 3203 2896
f 2896 3202 2895
f 3267 3266 2894
f 2965 2894 3266
f 3192 3267 2893
f 2894 2893 3267
f 3198 3199 2892
f 3199 3192 2892
f 2893 2892 3192
f 3193 2891 3200
f 3202 3201 2890
f 3200 2890 3201
f 2890 2895 3202
f 2891 2890 3200
f 3197 3198 2889
f 2892 2889 3198
f 3196 3197 2888
f 2889 2888 3197
f 2888 2887 3196
f 3195 3196 2886
f 2887 2886 3196
f 3194 3195 2885
f 2886 2885 3195
f 3193 3194 2884
f 2891 3193 2884
f 2885 2884 3194
f 3265 3264 2883
f 2964 3265 2883
f 3263 2882 3264
f 2883 3264 2882
f 3053 2881 198
f 3261 2880 3262
f 2963 3262 2880
f 3191 2879 3261
f 2880 3261 2879
f 2878 236 2877
f 3123 3125 229
f 3042 3123 229
f 230 229 3125
f 230 2993 229
f 2989 3032 2876
f 2957 2876 3032
f 3020 3079 2875
f 578 2874 3095
f 577 2954 2872
f 2873 2872 2954
f 594 3095 2871
f 594 2871 3094
f 2950 3094 2871
f 2874 2871 3095
f 3157 3250 2870
f 2953 2870 3250
f 3157 2869 3182
f 2870 2869 3157
f 3249 156 2868
f 3144 3249 2868
f 2949 2868 156
f 3181 3182 2867
f 2869 2867 3182
f 3074 2866 3115
f 2928 3115 2866
f 3178 3181 2865
f 3072 3178 2865
f 2867 2865 3181
f 2980 207 3004
f 2918 3004 207
f 191 207 190
f 2978 204 2980
f 207 2980 204
f 191 207 204
f 191 207 205
f 190 207 205
f 190 191 205
f 204 207 205
f 204 191 205
f 205 190 2864
f 204 2978 568
f 191 207 193
f 204 207 193
f 204 191 193
f 205 207 193
f 205 191 193
f 205 204 193
f 568 204 193
f 2864 194 205
f 193 205 194
f 568 2978 208
f 205 204 209
f 568 204 209
f 193 204 209
f 193 205 209
f 193 568 209
f 194 205 209
f 194 193 209
f 208 568 209
f 194 193 580
f 209 193 580
f 209 194 580
f 3001 3223 2863
f 2978 3001 2863
f 208 2978 2863
f 2997 2862 3220
f 2975 2862 2997
f 2862 2975 2861
f 2861 2975 567
f 189 2861 567
f 582 189 188
f 582 189 212
f 567 212 189
f 188 189 212
f 188 582 212
f 582 189 216
f 188 189 216
f 188 582 216
f 212 189 216
f 212 582 216
f 212 188 216
f 2973 213 2975
f 567 2975 213
f 212 567 213
f 216 212 240
f 213 212 240
f 240 216 2860
f 2973 2994 219
f 2917 219 2994
f 213 2973 219
f 213 212 219
f 240 212 219
f 240 213 219
f 240 196 213
f 219 213 196
f 219 240 196
f 2860 563 240
f 196 240 563
f 3167 3208 2859
f 3063 2859 3208
f 2905 2858 3059
f 3165 3167 2857
f 2859 2857 3167
f 3156 3165 2856
f 2857 2856 3165
f 3156 2855 3191
f 2879 3191 2855
f 2856 2855 3156
f 3052 3085 2854
f 3052 2854 3053
f 2881 3053 2854
f 2877 2853 2878
f 2852 2853 2877
f 236 2851 3085
f 2854 3085 2851
f 3083 3084 2850
f 176 2850 3084
f 722 3083 2850
f 229 2849 3042
f 3027 3042 2848
f 2849 2848 3042
f 3020 2847 3005
f 2847 3020 2875
f 3006 2846 3097
f 578 3097 2846
f 3030 2845 3079
f 2952 2845 3030
f 2875 3079 2845
f 2872 2873 2844
f 3074 3232 2840
f 2922 2840 3232
f 2866 3074 2840
f 3166 2838 3263
f 3143 2838 3166
f 2882 3263 2838
f 2852 2835 2853
f 583 152 2834
f 583 2834 176
f 2834 2850 176
f 3025 3026 2833
f 3023 3025 2832
f 2833 2832 3025
f 3024 2831 3026
f 2833 3026 2831
f 2832 2830 3023
f 3022 3023 2829
f 3007 3022 2829
f 2830 2829 3023
f 3007 2828 3031
f 2829 2828 3007
f 2876 2827 2989
f 2874 578 2826
f 3038 2825 3117
f 2988 3117 2825
f 2841 2824 2842
f 191 207 192
f 204 207 192
f 204 191 192
f 189 262 2861
f 582 262 189
f 2823 2861 262
f 582 189 259
f 262 259 189
f 262 582 259
f 2916 581 2917
f 219 2917 581
f 2851 236 237
f 236 3051 561
f 2962 561 3051
f 2960 3027 2822
f 2848 2822 3027
f 3011 2820 3012
f 3012 2820 2992
f 2821 2992 2820
f 3010 2819 3011
f 3008 2819 3010
f 2820 3011 2819
f 3008 3009 2818
f 2819 3008 2817
f 2818 2817 3008
f 2991 2816 3024
f 2831 3024 2816
f 2990 2815 2991
f 2816 2991 2815
f 2828 2814 3031
f 577 578 233
f 2846 233 578
f 233 2826 578
f 3038 3144 2813
f 2868 2813 3144
f 2946 2812 2947
f 2939 2947 2812
f 2945 2811 2946
f 2812 2946 2811
f 207 575 2918
f 191 207 199
f 199 207 192
f 199 191 192
f 575 207 199
f 191 207 202
f 190 207 202
f 190 191 202
f 204 207 202
f 204 191 202
f 202 207 192
f 202 191 192
f 202 204 192
f 199 207 202
f 199 191 202
f 202 199 192
f 190 191 574
f 202 191 574
f 202 190 574
f 2863 720 208
f 193 568 195
f 194 193 195
f 208 568 195
f 209 568 195
f 209 193 195
f 209 194 195
f 209 208 195
f 580 193 195
f 580 194 195
f 580 209 195
f 720 195 208
f 580 209 579
f 195 579 209
f 195 580 579
f 3221 2810 3223
f 2863 3223 2810
f 720 2863 2810
f 2861 2809 2862
f 2809 2861 2823
f 219 240 220
f 581 219 220
f 219 240 197
f 196 240 197
f 196 219 197
f 220 240 197
f 220 219 197
f 563 2807 196
f 197 196 2807
f 3035 2806 3143
f 2838 3143 2806
f 3028 3050 2805
f 2992 2805 3050
f 2805 2992 2821
f 2958 2959 2804
f 2958 2803 3009
f 2803 2818 3009
f 2804 2803 2958
f 2989 2802 2990
f 2827 2802 2989
f 2815 2990 2802
f 2955 2801 3006
f 2954 578 2800
f 233 2800 578
f 577 578 557
f 2842 2843 2799
f 2841 2842 2798
f 2799 2798 2842
f 2842 2797 2843
f 2824 2797 2842
f 586 173 721
f 586 721 3029
f 2966 3059 2796
f 2858 2796 3059
f 2837 2795 2839
f 2836 2837 2794
f 2836 2793 2837
f 2795 2837 2793
f 2878 2792 236
f 2877 236 2791
f 237 236 235
f 561 235 236
f 2791 236 235
f 2961 3028 2790
f 2961 2790 2962
f 2805 2789 3028
f 2790 3028 2789
f 2959 2960 2788
f 2822 2788 2960
f 2804 2959 2788
f 2955 3031 2787
f 2814 2787 3031
f 2787 2801 2955
f 2875 2786 2847
f 2873 2954 2785
f 2800 2785 2954
f 2844 2873 2784
f 2785 2784 2873
f 2872 2783 577
f 557 577 2783
f 2843 2844 2782
f 2782 2799 2843
f 2784 2782 2844
f 2844 2781 2872
f 2783 2872 2781
f 2843 2780 2844
f 2780 2843 2797
f 2781 2844 2780
f 2798 2779 2841
f 2824 2841 2778
f 2797 2824 2778
f 2779 2778 2841
f 3048 3072 2777
f 3047 3048 2777
f 2865 2777 3072
f 3226 200 3227
f 256 3227 200
f 2918 200 3226
f 575 200 2918
f 2810 2776 720
f 3220 2775 3221
f 2810 3221 2775
f 2776 2810 2775
f 2862 2774 3220
f 2809 2774 2862
f 2775 3220 2774
f 3063 3043 2773
f 3043 3044 2773
f 2859 3063 2773
f 2837 2839 2772
f 2772 2794 2837
f 2771 2839 2795
f 2771 2772 2839
f 2889 2892 2770
f 2888 2889 2770
f 2835 2836 2769
f 2794 2769 2836
f 3035 3086 2768
f 2963 2768 3086
f 2835 2767 2836
f 2793 2836 2767
f 2853 2835 2766
f 2769 2766 2835
f 2853 2765 2878
f 2765 2792 2878
f 2766 2765 2853
f 2852 2764 2835
f 2767 2835 2764
f 2852 2877 2763
f 2763 2877 2791
f 2764 2852 2763
f 230 722 2762
f 2850 2762 722
f 2846 3006 576
f 233 2846 576
f 200 256 223
f 2774 2761 2775
f 198 2760 152
f 2881 2760 198
f 2802 2827 2759
f 191 207 201
f 575 207 201
f 199 207 201
f 199 191 201
f 199 201 575
f 202 207 201
f 202 191 201
f 202 199 201
f 200 256 201
f 200 575 201
f 223 256 201
f 223 200 201
f 199 191 572
f 202 191 572
f 202 199 572
f 574 191 572
f 574 202 572
f 201 191 572
f 201 199 572
f 201 202 572
f 574 202 573
f 572 573 202
f 572 574 573
f 2777 2757 3047
f 204 571 207
f 201 571 207
f 572 571 201
f 572 191 206
f 571 572 206
f 191 207 203
f 204 207 203
f 204 191 203
f 205 207 203
f 205 191 203
f 205 204 203
f 568 204 203
f 193 207 203
f 193 191 203
f 193 204 203
f 193 205 203
f 193 568 203
f 571 207 203
f 571 204 203
f 206 191 203
f 206 203 571
f 191 207 210
f 204 207 210
f 204 191 210
f 205 207 210
f 205 191 210
f 205 204 210
f 568 204 210
f 193 207 210
f 193 191 210
f 193 204 210
f 193 205 210
f 193 568 210
f 206 191 210
f 203 207 210
f 203 191 210
f 203 204 210
f 203 205 210
f 203 568 210
f 203 193 210
f 203 206 210
f 2864 190 570
f 194 2864 570
f 202 570 190
f 202 204 570
f 194 193 569
f 570 569 194
f 205 204 243
f 568 204 243
f 193 204 243
f 193 205 243
f 193 568 243
f 208 568 243
f 209 204 243
f 209 205 243
f 209 568 243
f 209 193 243
f 209 208 243
f 195 568 243
f 195 193 243
f 195 208 243
f 195 209 243
f 203 204 243
f 203 205 243
f 203 568 243
f 203 193 243
f 210 204 243
f 210 205 243
f 210 568 243
f 210 193 243
f 210 203 243
f 205 204 211
f 193 204 211
f 193 205 211
f 194 205 211
f 194 193 211
f 209 204 211
f 209 205 211
f 209 193 211
f 209 194 211
f 203 204 211
f 203 205 211
f 203 193 211
f 210 204 211
f 210 205 211
f 210 193 211
f 210 203 211
f 570 204 211
f 570 194 211
f 569 193 211
f 569 194 211
f 569 570 211
f 243 204 211
f 243 205 211
f 243 193 211
f 243 209 211
f 243 203 211
f 243 210 211
f 3113 3114 2756
f 3112 3113 2755
f 2756 2755 3113
f 195 244 568
f 243 568 244
f 243 195 244
f 3111 3112 2754
f 2755 2754 3112
f 3110 3111 2753
f 3109 3110 2753
f 2754 2753 3111
f 3108 3109 2752
f 2753 2752 3109
f 262 261 2823
f 224 227 559
f 225 227 559
f 225 224 559
f 3107 3108 2750
f 2752 2750 3108
f 3029 228 225
f 721 228 3029
f 559 225 228
f 3106 3107 2749
f 2750 2749 3107
f 212 567 214
f 213 567 214
f 213 212 214
f 566 214 567
f 212 567 565
f 212 565 188
f 216 188 565
f 216 212 565
f 213 567 565
f 213 212 565
f 240 212 565
f 240 216 565
f 240 213 565
f 214 567 565
f 214 212 565
f 214 213 565
f 216 212 564
f 2860 216 564
f 563 2860 564
f 213 567 215
f 240 213 215
f 219 213 215
f 219 240 215
f 566 567 215
f 214 567 215
f 214 213 215
f 214 566 215
f 565 567 215
f 565 213 215
f 565 240 215
f 565 214 215
f 565 240 276
f 215 240 276
f 215 565 276
f 212 218 582
f 216 582 218
f 216 212 218
f 240 212 218
f 240 216 218
f 564 212 218
f 564 216 218
f 276 240 218
f 240 216 217
f 565 216 217
f 565 240 217
f 564 216 217
f 276 240 217
f 276 565 217
f 218 216 217
f 218 240 217
f 218 564 217
f 218 217 276
f 2773 3044 2748
f 219 221 213
f 220 219 221
f 215 213 221
f 215 219 221
f 565 240 277
f 215 240 277
f 215 565 277
f 276 240 277
f 276 565 277
f 276 215 277
f 221 215 277
f 219 240 241
f 581 2916 241
f 581 219 241
f 220 240 241
f 220 219 241
f 220 241 581
f 197 240 241
f 197 219 241
f 197 220 241
f 215 240 241
f 215 219 241
f 221 219 241
f 221 220 241
f 221 215 241
f 219 240 222
f 220 240 222
f 220 219 222
f 197 240 222
f 197 219 222
f 197 220 222
f 215 240 222
f 215 219 222
f 276 240 222
f 276 215 222
f 221 219 222
f 221 220 222
f 221 215 222
f 277 240 222
f 277 215 222
f 277 276 222
f 277 222 221
f 241 240 222
f 241 219 222
f 241 220 222
f 241 197 222
f 241 215 222
f 241 221 222
f 563 240 278
f 197 240 278
f 2807 563 278
f 2807 278 197
f 564 278 563
f 276 240 278
f 277 240 278
f 277 276 278
f 222 240 278
f 222 197 278
f 222 276 278
f 222 277 278
f 241 2916 536
f 2915 562 2916
f 536 2916 562
f 237 236 560
f 561 236 560
f 561 2962 560
f 235 236 560
f 235 237 560
f 235 561 560
f 2788 2822 2746
f 2832 2833 2745
f 2830 2832 2744
f 2745 2744 2832
f 2831 2743 2833
f 2745 2833 2743
f 2829 2830 2742
f 2744 2742 2830
f 2816 2741 2831
f 2743 2831 2741
f 2828 2829 2740
f 2742 2740 2829
f 2814 2828 2739
f 2740 2739 2828
f 2827 2876 2738
f 2759 2827 2738
f 2871 2737 2950
f 2871 2874 2737
f 2950 2736 2952
f 2737 2736 2950
f 2813 2735 3038
f 2928 2734 2931
f 2866 2734 2928
f 223 200 2733
f 201 2733 200
f 201 223 2733
f 3037 3047 2732
f 2977 3037 2732
f 2757 2732 3047
f 3092 2731 3093
f 3114 3093 2730
f 2756 3114 2730
f 2731 2730 3093
f 3091 2729 3092
f 2731 3092 2729
f 3090 2728 3091
f 2729 3091 2728
f 3089 2727 3090
f 2728 3090 2727
f 2727 3089 2726
f 227 2725 3089
f 2726 3089 2725
f 2823 239 2809
f 2774 2809 239
f 2761 2774 239
f 261 239 2823
f 566 261 239
f 259 262 547
f 261 547 262
f 224 227 226
f 225 227 226
f 225 224 226
f 559 227 226
f 559 224 226
f 559 225 226
f 559 2808 226
f 228 225 226
f 228 721 226
f 228 226 559
f 2725 227 226
f 721 173 2724
f 226 721 2724
f 3088 2723 173
f 2724 173 2723
f 3088 3106 2722
f 2749 2722 3106
f 2723 3088 2722
f 3036 2721 3044
f 2976 2721 3036
f 2748 3044 2721
f 2858 2905 2720
f 2796 2858 2720
f 2806 3035 2719
f 2760 2881 2718
f 2854 2717 2881
f 2851 2717 2854
f 2718 2881 2717
f 2822 2848 2716
f 2746 2822 2716
f 2820 2714 2821
f 2715 2821 2714
f 2818 2803 2713
f 2819 2712 2820
f 2714 2820 2712
f 2817 2818 2711
f 2713 2711 2818
f 2817 2710 2819
f 2712 2819 2710
f 2711 2710 2817
f 2815 2709 2816
f 2802 2709 2815
f 2741 2816 2709
f 2956 723 2957
f 2876 2957 723
f 2738 2876 723
f 2786 2708 2847
f 2826 2707 2874
f 2707 2737 2874
f 2937 2706 2986
f 2758 2986 2706
f 195 720 245
f 2776 245 720
f 243 195 245
f 244 195 245
f 244 243 245
f 195 246 720
f 244 195 246
f 245 720 246
f 245 195 246
f 245 244 246
f 579 545 195
f 244 195 545
f 245 195 545
f 245 244 545
f 246 195 545
f 246 244 545
f 246 245 545
f 261 2751 2705
f 228 558 721
f 226 721 558
f 226 228 558
f 237 2704 2851
f 2717 2851 2704
f 2849 229 543
f 2848 2849 543
f 543 2716 2848
f 2803 2804 2703
f 2788 2703 2804
f 2703 2713 2803
f 2759 2702 2802
f 2709 2802 2702
f 2801 2701 3006
f 2801 2787 2701
f 2956 3005 242
f 2847 242 3005
f 723 2956 242
f 2708 242 2847
f 2931 2699 2933
f 2734 2699 2931
f 2985 2698 2922
f 2840 2922 2698
f 2840 2698 2866
f 2734 2866 2698
f 556 238 551
f 2732 2697 2977
f 2976 2998 2696
f 2721 2976 2696
f 2966 2695 2968
f 2796 2695 2966
f 2902 2694 2905
f 2720 2905 2694
f 2894 2965 2693
f 2747 2693 2965
f 2762 2692 230
f 2790 2691 2962
f 2789 2691 2790
f 2746 2690 2788
f 2716 2690 2746
f 2703 2788 2690
f 2787 2814 2689
f 2739 2689 2814
f 2845 2688 2875
f 2688 2845 2700
f 557 539 577
f 2707 2826 539
f 2845 2952 2687
f 2700 2845 2687
f 2736 2686 2952
f 2687 2952 2686
f 2706 2684 2758
f 231 232 234
f 250 238 551
f 3002 3003 2683
f 3018 3002 2682
f 2683 2682 3002
f 2979 3019 2681
f 3018 2680 3019
f 2682 2680 3018
f 2681 3019 2680
f 2977 2679 3000
f 2697 2679 2977
f 243 195 247
f 244 195 247
f 244 243 247
f 245 195 247
f 245 243 247
f 245 244 247
f 2999 3000 2678
f 2998 2999 2678
f 2679 2678 3000
f 2677 2696 2998
f 2678 2677 2998
f 3013 3014 2676
f 2996 3013 2675
f 2676 2675 3013
f 2995 2996 2674
f 2675 2674 2996
f 226 228 2673
f 558 2673 228
f 558 226 2673
f 2971 2995 2672
f 2674 2672 2995
f 2670 2693 2747
f 237 236 554
f 2792 554 236
f 2704 237 554
f 2850 2834 2668
f 2669 2668 2834
f 230 722 542
f 229 230 542
f 543 229 542
f 2692 542 230
f 2821 2667 2805
f 2715 2667 2821
f 2744 2745 2666
f 2743 2666 2745
f 2741 2666 2743
f 2701 2787 2665
f 2689 2665 2787
f 2799 2782 2664
f 2798 2799 2663
f 2779 2798 2663
f 2664 2663 2799
f 2778 2779 2662
f 2663 2662 2779
f 2986 2661 2987
f 2758 2661 2986
f 2932 2933 2660
f 2699 2660 2933
f 2930 2932 2659
f 2660 2659 2932
f 2927 2930 2658
f 2659 2658 2930
f 2925 2927 2657
f 2658 2657 2927
f 2684 2706 2656
f 2981 2982 2655
f 2983 232 298
f 231 232 298
f 556 298 238
f 234 232 298
f 234 231 298
f 234 298 556
f 2981 2654 3003
f 2683 3003 2654
f 2655 2654 2981
f 2681 2653 2979
f 2974 2652 3014
f 2676 3014 2652
f 2672 2650 2971
f 2970 346 2972
f 2651 2671 346
f 2969 2971 2649
f 2650 2649 2971
f 2968 2648 2970
f 346 2970 2648
f 2904 2908 2647
f 2901 2904 2646
f 2899 2901 2646
f 2647 2646 2904
f 2900 2645 2902
f 2694 2902 2645
f 2899 2644 2900
f 2646 2644 2899
f 2645 2900 2644
f 2795 2643 2771
f 2772 2771 2643
f 2793 2642 2795
f 2643 2795 2642
f 2767 2641 2793
f 2642 2793 2641
f 2834 152 2640
f 2760 2640 152
f 2718 2640 2760
f 2669 2834 2640
f 2789 2805 2639
f 2691 2789 2639
f 2667 2639 2805
f 2709 2638 2741
f 2702 2638 2709
f 2666 2741 2638
f 2689 2739 2637
f 2738 2636 2759
f 2702 2759 2636
f 2638 2702 2636
f 242 723 2635
f 233 577 555
f 2826 233 555
f 576 3006 555
f 576 233 555
f 2701 555 3006
f 539 555 577
f 539 2826 555
f 2665 555 2701
f 2786 2875 2634
f 2708 2786 2634
f 2688 2634 2875
f 233 252 577
f 576 233 252
f 555 577 252
f 555 233 252
f 555 576 252
f 2800 233 2633
f 252 2633 233
f 539 538 557
f 2784 2785 2632
f 2783 2631 557
f 538 557 2631
f 2782 2784 2630
f 2630 2664 2782
f 2632 2630 2784
f 2781 2629 2783
f 2631 2783 2629
f 2825 3038 2628
f 2735 2628 3038
f 2780 2627 2781
f 2629 2781 2627
f 2797 2626 2780
f 2778 2626 2797
f 2627 2780 2626
f 2982 2984 2625
f 2625 2655 2982
f 2983 2624 2985
f 2624 2983 298
f 2979 271 231
f 551 271 556
f 234 231 271
f 234 556 271
f 298 231 271
f 298 556 271
f 298 234 271
f 271 2979 2653
f 2972 290 2974
f 2652 2974 290
f 290 2972 346
f 290 346 2671
f 2651 346 2623
f 2967 2969 2622
f 2649 2622 2969
f 2964 2621 2965
f 2747 2965 2621
f 2794 2772 2620
f 2769 2794 2620
f 2766 2769 2619
f 2620 2619 2769
f 2768 2618 3035
f 2719 3035 2618
f 2765 2766 2617
f 2619 2617 2766
f 2764 2616 2767
f 2641 2767 2616
f 2792 2765 2615
f 2617 2615 2765
f 2763 2614 2764
f 2616 2764 2614
f 554 2792 2613
f 2615 2613 2792
f 235 2612 2791
f 560 553 235
f 2612 235 553
f 2762 2850 2611
f 2692 2762 2611
f 2668 2611 2850
f 237 236 253
f 235 236 253
f 235 237 253
f 560 236 253
f 560 2962 253
f 560 237 253
f 560 235 253
f 2691 253 2962
f 554 253 236
f 554 237 253
f 253 2691 2639
f 553 235 253
f 553 560 253
f 542 2610 543
f 2716 543 2609
f 2690 2716 2609
f 2690 2609 2703
f 2667 2715 2608
f 2713 2703 2607
f 2609 2607 2703
f 2711 2713 2606
f 2710 2711 2606
f 2607 2606 2713
f 2742 2744 2605
f 2740 2742 2604
f 2605 2604 2742
f 2739 2740 2603
f 2637 2739 2603
f 2604 2603 2740
f 2785 2800 2602
f 2633 2602 2800
f 2632 2785 2602
f 2736 2737 2601
f 2686 2736 2601
f 2987 2600 2948
f 2661 2600 2987
f 2941 724 537
f 2685 724 537
f 2940 2599 724
f 2938 2599 2940
f 537 724 2599
f 537 2598 2941
f 2936 2597 2938
f 2599 2938 2597
f 2811 2945 2595
f 2596 2811 2595
f 2944 2594 2945
f 2943 2594 2944
f 2595 2945 2594
f 2594 2943 2593
f 2942 2592 2943
f 2593 2943 2592
f 2941 2591 2942
f 2591 2941 2598
f 2592 2942 2591
f 2811 2590 2812
f 2596 2590 2811
f 2597 2936 2589
f 2939 2588 2937
f 2812 2588 2939
f 2590 2588 2812
f 2935 552 2936
f 2589 2936 552
f 2934 2587 2935
f 552 2935 2587
f 2929 2586 2934
f 2587 2934 2586
f 2926 2585 2929
f 2586 2929 2585
f 2923 2584 2926
f 2585 2926 2584
f 2984 2921 2583
f 2625 2984 2583
f 2698 2985 2582
f 2624 2582 2985
f 2919 2581 2923
f 256 2581 2919
f 2584 2923 2581
f 223 256 255
f 201 256 255
f 201 223 255
f 2581 256 255
f 250 302 238
f 551 238 251
f 250 238 251
f 551 251 250
f 271 551 251
f 2651 268 2671
f 290 2671 268
f 346 2580 2623
f 536 263 241
f 562 2915 263
f 562 536 263
f 2914 2579 2915
f 2910 2579 2914
f 263 2915 2579
f 2695 2578 2968
f 2648 2968 2578
f 2912 2967 2577
f 2622 2577 2967
f 2906 2576 2910
f 2579 2910 2576
f 2693 2670 2575
f 2903 2574 2906
f 2576 2906 2574
f 2898 2573 2903
f 2574 2903 2573
f 2896 550 2897
f 2897 2572 2898
f 2573 2898 2572
f 550 2572 2897
f 2893 2894 2571
f 2892 2893 2571
f 2770 2892 2570
f 2571 2570 2892
f 2895 726 2896
f 550 2896 726
f 2770 2569 2888
f 2570 2569 2770
f 2569 2568 2888
f 2887 2888 2567
f 2568 2567 2888
f 2886 2887 2566
f 2567 2566 2887
f 2885 2886 2565
f 2566 2565 2886
f 2884 2885 2564
f 2565 2564 2885
f 2884 2563 2891
f 2564 2563 2884
f 2890 2891 2562
f 2563 2562 2891
f 2895 2890 2561
f 726 2895 2561
f 2562 2561 2890
f 2883 2560 2964
f 2621 2964 2560
f 2717 2559 2718
f 2640 2718 2559
f 2791 2558 2763
f 2614 2763 2558
f 2612 2558 2791
f 2714 2557 2715
f 2608 2715 2557
f 2712 2556 2714
f 2557 2714 2556
f 2710 2555 2712
f 2606 2555 2710
f 2556 2712 2555
f 2638 2554 2666
f 2636 2554 2638
f 723 2553 2738
f 2636 2738 2553
f 2554 2636 2553
f 2552 2601 2737
f 2948 2551 2949
f 2551 2948 2600
f 298 238 2550
f 2550 299 298
f 2651 2623 530
f 530 268 2651
f 2882 2549 2883
f 2560 2883 2549
f 2609 543 2548
f 2607 2609 2548
f 2606 2607 2547
f 2548 2547 2607
f 242 2708 2546
f 2634 2546 2708
f 2868 2949 2545
f 2813 2868 2545
f 2551 2545 2949
f 2698 2544 2734
f 2582 2544 2698
f 2921 2925 2543
f 2657 2543 2925
f 2583 2921 2543
f 572 201 496
f 255 201 496
f 572 201 254
f 573 572 254
f 496 254 201
f 496 254 572
f 573 549 572
f 254 572 549
f 254 549 573
f 250 238 257
f 302 238 257
f 302 250 257
f 251 238 257
f 251 250 257
f 239 261 258
f 261 262 260
f 239 261 260
f 258 261 260
f 258 239 260
f 259 262 548
f 261 262 548
f 547 262 548
f 547 548 259
f 547 261 548
f 260 262 548
f 260 261 548
f 216 212 532
f 240 212 532
f 240 216 532
f 219 532 212
f 219 240 532
f 218 212 532
f 218 216 532
f 218 240 532
f 217 216 532
f 217 240 532
f 217 218 532
f 217 218 546
f 532 546 218
f 532 217 546
f 2580 346 341
f 2542 2580 341
f 222 241 264
f 263 264 241
f 563 240 265
f 197 240 265
f 241 240 265
f 241 197 265
f 222 240 265
f 222 197 265
f 222 241 265
f 278 240 265
f 278 563 265
f 278 197 265
f 278 222 265
f 264 241 265
f 264 222 265
f 278 222 266
f 265 222 266
f 265 278 266
f 2908 2912 2541
f 2647 2908 2541
f 2577 2541 2912
f 2720 2540 2796
f 2695 2796 2540
f 2838 2539 2882
f 2806 2539 2838
f 2549 2882 2539
f 2559 2717 2538
f 2666 2537 2744
f 2605 2744 2537
f 2554 2537 2666
f 2553 2537 2554
f 242 2536 723
f 2553 723 2536
f 2537 2553 2536
f 2825 2534 2988
f 2628 2534 2825
f 2706 2937 2533
f 2656 2706 2533
f 2588 2533 2937
f 2684 2532 2758
f 2661 2758 2532
f 302 238 274
f 2550 238 274
f 274 238 257
f 274 302 257
f 302 238 275
f 275 238 257
f 275 302 257
f 274 238 275
f 274 302 275
f 275 274 257
f 245 244 248
f 246 244 248
f 246 245 248
f 247 244 248
f 247 245 248
f 579 195 249
f 243 195 249
f 244 195 249
f 244 243 249
f 245 195 249
f 245 243 249
f 245 244 249
f 246 195 249
f 246 244 249
f 246 245 249
f 545 195 249
f 545 579 249
f 545 244 249
f 545 245 249
f 545 246 249
f 247 195 249
f 247 243 249
f 247 244 249
f 247 245 249
f 248 244 249
f 248 245 249
f 248 246 249
f 248 247 249
f 545 246 544
f 249 544 246
f 249 545 544
f 245 2776 280
f 248 245 280
f 2775 2531 2776
f 2761 2531 2775
f 280 2776 2531
f 239 2530 2761
f 2530 239 258
f 2531 2761 2530
f 530 2623 2529
f 2670 2747 2528
f 2621 2528 2747
f 542 2692 2527
f 2611 2527 2692
f 542 543 725
f 2610 725 543
f 2610 542 725
f 2548 543 725
f 2547 2548 725
f 2547 2526 2606
f 725 2526 2547
f 2665 2689 2525
f 555 2665 2524
f 2988 2523 2951
f 2951 2523 2953
f 2534 2523 2988
f 2663 2664 2522
f 2664 2630 2522
f 2735 2813 2521
f 2545 2521 2813
f 251 271 541
f 250 238 270
f 251 238 270
f 251 250 270
f 257 238 270
f 257 250 270
f 257 251 270
f 275 238 270
f 257 275 270
f 541 251 270
f 251 271 273
f 257 302 273
f 257 251 273
f 270 251 273
f 270 257 273
f 2580 2520 2623
f 2529 2623 2520
f 2719 2519 2806
f 2539 2806 2519
f 2768 2963 2518
f 2639 2517 253
f 2639 2667 2516
f 2525 2515 2665
f 2515 2524 2665
f 2737 2707 540
f 539 557 540
f 539 540 2707
f 538 540 557
f 538 539 540
f 2552 2737 540
f 2535 2552 540
f 2514 2953 2523
f 2662 2663 2513
f 2662 2512 2778
f 2626 2778 2512
f 2513 2512 2662
f 2533 2511 2656
f 2656 2510 2684
f 268 530 529
f 268 290 288
f 529 288 268
f 2693 2509 2894
f 2575 2509 2693
f 2571 2894 2509
f 2643 2508 2772
f 2620 2772 2508
f 2642 2507 2643
f 2508 2643 2507
f 2880 2506 2963
f 2879 2506 2880
f 2518 2963 2506
f 2704 2505 2717
f 554 2505 2704
f 2613 2505 554
f 2538 2717 2505
f 2517 2639 2504
f 2504 2639 2516
f 2637 2503 2689
f 2525 2689 2503
f 2700 2502 2688
f 2687 2501 2700
f 2686 2501 2687
f 2502 2700 2501
f 2601 2500 2686
f 2601 2552 2500
f 2535 2500 2552
f 2501 2686 2500
f 2631 2499 538
f 2870 2953 2498
f 2514 2498 2953
f 2629 2497 2631
f 2627 2497 2629
f 2499 2631 2497
f 2869 2870 2496
f 2498 2496 2870
f 2626 2495 2627
f 2497 2627 2495
f 2867 2869 2494
f 2496 2494 2869
f 2699 2734 2493
f 2660 2699 2493
f 2544 2493 2734
f 2865 2867 2492
f 2494 2492 2867
f 274 2491 2550
f 2575 2670 2490
f 2694 2489 2720
f 2540 2720 2489
f 2619 2620 2488
f 2617 2619 2487
f 2488 2487 2619
f 2615 2617 2486
f 2487 2486 2617
f 2559 2485 2640
f 2538 2485 2559
f 2640 2484 2669
f 2485 2484 2640
f 2668 2669 2483
f 2484 2483 2669
f 2608 2482 2667
f 2516 2667 2482
f 2604 2605 2481
f 2537 2481 2605
f 2603 2604 2480
f 2480 2604 2481
f 2603 2479 2637
f 2480 2479 2603
f 2478 2503 2637
f 2479 2478 2637
f 2634 2688 2477
f 2546 2634 2477
f 2477 2688 2502
f 252 555 2476
f 2633 252 2475
f 2476 2475 252
f 540 538 2474
f 2474 538 2499
f 2602 2633 2473
f 2475 2473 2633
f 2602 2472 2632
f 2473 2472 2602
f 2685 2471 724
f 537 724 2471
f 537 2471 2685
f 2630 2632 2470
f 2472 2470 2632
f 2512 2469 2626
f 2495 2626 2469
f 2532 2684 2468
f 2510 2468 2684
f 2511 2467 2656
f 2510 2656 2467
f 2777 2865 2466
f 2757 2777 2466
f 2492 2466 2865
f 299 2550 2465
f 2465 2550 2491
f 299 298 300
f 341 346 342
f 2542 2464 2580
f 2520 2580 2464
f 562 536 317
f 263 536 317
f 263 562 317
f 2773 2463 2859
f 2748 2463 2773
f 2857 2859 2462
f 2463 2462 2859
f 2528 2461 2670
f 2490 2670 2461
f 2856 2857 2460
f 2462 2460 2857
f 2459 2488 2620
f 2855 2856 2458
f 2460 2458 2856
f 2641 2457 2642
f 2616 2457 2641
f 2614 2456 2616
f 2457 2616 2456
f 2855 2455 2879
f 2506 2879 2455
f 2458 2455 2855
f 2558 2454 2614
f 2456 2614 2454
f 2558 2612 2453
f 2454 2558 2453
f 2613 2615 2452
f 2505 2613 2452
f 2486 2452 2615
f 553 2451 2612
f 2453 2612 2451
f 253 2450 553
f 2451 553 2450
f 2611 2668 2449
f 2527 2611 2449
f 2483 2449 2668
f 2557 2448 2608
f 2482 2608 2448
f 2556 2447 2557
f 2448 2557 2447
f 2555 2606 2446
f 2555 2446 2556
f 2447 2556 2446
f 2521 2444 2735
f 2657 2658 2443
f 2543 2657 2443
f 496 255 279
f 254 496 279
f 254 496 363
f 549 363 254
f 279 496 363
f 279 254 363
f 549 254 525
f 279 254 525
f 363 254 525
f 363 549 525
f 363 279 525
f 223 256 295
f 255 256 295
f 255 223 295
f 279 255 295
f 298 521 2624
f 2582 2624 521
f 299 298 521
f 2465 521 299
f 300 298 521
f 300 299 521
f 223 256 297
f 201 256 297
f 201 223 297
f 255 256 297
f 255 223 297
f 255 201 297
f 496 201 297
f 496 255 297
f 279 255 297
f 279 496 297
f 295 256 297
f 295 223 297
f 295 255 297
f 295 279 297
f 300 338 298
f 2441 2442 2439
f 2440 2439 2442
f 535 2441 2438
f 2439 2438 2441
f 257 302 303
f 257 251 303
f 274 302 303
f 257 274 303
f 275 302 303
f 257 275 303
f 275 274 303
f 270 251 303
f 270 257 303
f 270 275 303
f 273 302 303
f 273 251 303
f 273 257 303
f 273 270 303
f 2438 303 535
f 260 534 258
f 258 534 2530
f 261 262 287
f 258 261 287
f 260 262 287
f 260 261 287
f 260 258 287
f 534 258 287
f 534 260 287
f 259 262 524
f 261 262 524
f 260 262 524
f 260 261 524
f 548 262 524
f 548 259 524
f 548 261 524
f 548 260 524
f 287 262 524
f 287 261 524
f 287 260 524
f 546 494 532
f 533 494 532
f 546 532 531
f 533 532 531
f 494 532 531
f 494 546 531
f 494 533 531
f 2437 2436 533
f 531 533 2436
f 325 321 2437
f 316 325 321
f 2436 2437 321
f 2520 315 2529
f 316 325 315
f 321 325 315
f 321 316 315
f 2463 2748 2435
f 342 346 343
f 263 318 536
f 317 536 318
f 317 263 318
f 2464 2542 2434
f 2648 344 346
f 2578 344 2648
f 341 346 344
f 341 344 2542
f 342 346 344
f 342 341 344
f 343 346 344
f 343 342 344
f 2434 2542 344
f 222 215 518
f 264 222 518
f 264 263 518
f 265 222 518
f 265 264 518
f 317 263 518
f 318 263 518
f 318 317 518
f 222 276 267
f 278 276 267
f 278 222 267
f 264 222 267
f 265 222 267
f 265 278 267
f 265 264 267
f 266 222 267
f 266 278 267
f 266 265 267
f 518 222 267
f 518 264 267
f 518 265 267
f 265 278 291
f 266 278 291
f 266 265 291
f 518 265 291
f 267 278 291
f 267 265 291
f 267 266 291
f 267 518 291
f 2490 2433 2575
f 2509 2575 2432
f 2433 2432 2575
f 2646 2647 2431
f 2644 2646 2431
f 2541 2431 2647
f 2519 2719 2430
f 2499 2428 2474
f 2473 2475 2428
f 2497 2427 2499
f 2495 2427 2497
f 2472 2473 2427
f 2428 2499 2427
f 2428 2427 2473
f 2522 2630 2426
f 2470 2426 2630
f 2470 2472 2425
f 2469 2425 2495
f 2427 2495 2425
f 2427 2425 2472
f 2522 2424 2663
f 2513 2663 2424
f 2426 2424 2522
f 2659 2660 2423
f 2493 2423 2660
f 2658 2659 2422
f 2422 2443 2658
f 2423 2422 2659
f 2544 2582 2421
f 2421 2582 521
f 2466 2420 2757
f 2732 2757 2419
f 2420 2419 2757
f 2730 2418 2756
f 2755 2756 2417
f 2418 2417 2756
f 2754 2755 2416
f 2417 2416 2755
f 2753 2754 2415
f 2752 2753 2415
f 2416 2415 2754
f 2750 2752 2414
f 2415 2414 2752
f 2749 2750 2413
f 2414 2413 2750
f 2722 2749 2412
f 2413 2412 2749
f 316 325 269
f 269 268 315
f 269 325 315
f 269 316 315
f 2721 2411 2748
f 2411 2435 2748
f 2578 2695 2410
f 2540 2410 2695
f 2645 2409 2694
f 2489 2694 2409
f 2644 2408 2645
f 2431 2408 2644
f 2409 2645 2408
f 2488 2459 2407
f 2454 2407 2456
f 2487 2488 2406
f 2453 2406 2454
f 2407 2406 2488
f 2407 2454 2406
f 2486 2487 2405
f 2451 2405 2453
f 2406 2405 2487
f 2406 2453 2405
f 2505 2404 2538
f 2485 2538 2404
f 2450 253 2403
f 2403 253 2429
f 2481 2537 2402
f 2477 2401 2546
f 2476 555 2400
f 2445 2400 555
f 2475 2476 2399
f 2428 2475 2399
f 2428 2399 2474
f 540 2398 2535
f 2500 2535 2398
f 2500 2398 2501
f 2426 2470 2397
f 2425 2397 2470
f 2425 2469 2397
f 2469 2512 2396
f 2424 2426 2396
f 2397 2469 2396
f 2397 2396 2426
f 2512 2513 2395
f 2424 2395 2513
f 2396 2512 2395
f 2396 2395 2424
f 2729 2394 2731
f 2730 2731 2393
f 2418 2730 2393
f 2394 2393 2731
f 2728 2392 2729
f 2394 2729 2392
f 2727 2391 2728
f 2392 2728 2391
f 2726 2390 2727
f 2391 2727 2390
f 2390 2726 2389
f 2725 2388 2726
f 2389 2726 2388
f 226 2387 2725
f 2388 2725 2387
f 2724 2386 226
f 2387 226 2386
f 2723 2385 2724
f 2386 2724 2385
f 2722 2384 2723
f 2412 2384 2722
f 2385 2723 2384
f 268 530 340
f 2529 340 530
f 529 268 340
f 529 530 340
f 316 325 340
f 315 268 340
f 315 340 2529
f 315 325 340
f 315 316 340
f 269 268 340
f 269 325 340
f 269 316 340
f 315 269 340
f 2507 2642 2383
f 2507 2383 2508
f 2508 2382 2620
f 2459 2620 2382
f 2383 2382 2508
f 2456 2381 2457
f 2407 2459 2381
f 2407 2381 2456
f 2452 2486 2380
f 2450 2380 2451
f 2405 2380 2486
f 2405 2451 2380
f 2449 2379 2527
f 2526 2378 2606
f 2446 2606 2378
f 2536 2377 2537
f 2402 2537 2377
f 2546 2375 242
f 2536 242 2375
f 2375 2546 2401
f 2524 2374 555
f 2515 2525 2374
f 2524 2515 2374
f 2445 555 2374
f 2376 2374 2525
f 2400 2373 2476
f 2373 2399 2476
f 2474 2372 540
f 2372 2474 2399
f 2372 2399 2373
f 2467 2511 2371
f 275 274 304
f 303 274 304
f 303 275 304
f 2697 2732 2370
f 2419 2370 2732
f 2696 527 2721
f 2411 2721 527
f 2457 2369 2642
f 2383 2642 2369
f 2382 2369 2459
f 2382 2383 2369
f 2369 2381 2459
f 2369 2457 2381
f 2618 2368 2719
f 2430 2719 2368
f 2618 2768 2367
f 2518 2367 2768
f 2367 2368 2618
f 2452 2365 2505
f 2403 2365 2450
f 2380 2365 2452
f 2380 2450 2365
f 2366 2505 2365
f 2516 2363 2504
f 2364 2504 2363
f 2527 2362 542
f 725 542 2362
f 2379 2362 2527
f 2361 2378 2526
f 2503 2360 2525
f 2376 2525 2360
f 2654 2655 2359
f 2654 2358 2683
f 2359 2358 2654
f 2682 2683 2357
f 2358 2357 2683
f 251 238 309
f 270 238 309
f 270 251 309
f 273 251 309
f 273 270 309
f 270 528 541
f 273 270 528
f 309 270 528
f 309 273 528
f 2680 2682 2355
f 2357 2355 2682
f 2680 2354 2681
f 2355 2354 2680
f 2653 2681 2353
f 2356 2653 2353
f 2354 2353 2681
f 2652 2352 2676
f 2675 2676 2351
f 2352 2351 2676
f 2352 2652 2350
f 2674 2675 2349
f 2351 2349 2675
f 288 529 355
f 340 355 529
f 340 316 355
f 514 288 355
f 290 339 2652
f 268 290 339
f 288 290 339
f 288 268 339
f 2350 2652 339
f 514 288 339
f 2672 2674 2348
f 2349 2348 2674
f 2650 2672 2347
f 2348 2347 2672
f 2347 2346 2650
f 2649 2650 2345
f 2346 2345 2650
f 2482 2344 2516
f 2363 2516 2344
f 2526 725 2343
f 2362 2343 725
f 2361 2526 2343
f 2377 2536 2342
f 2375 2342 2536
f 2398 540 2341
f 2545 2551 2340
f 2521 2545 2340
f 2600 2339 2551
f 2340 2551 2339
f 2339 2600 2338
f 2600 2661 2337
f 2532 2337 2661
f 2338 2600 2337
f 2655 2625 2336
f 2336 2359 2655
f 274 519 302
f 275 302 2335
f 519 2335 302
f 2653 272 271
f 251 271 272
f 257 251 272
f 541 271 272
f 541 251 272
f 273 271 272
f 273 251 272
f 273 257 272
f 272 251 309
f 272 273 309
f 272 541 528
f 272 273 528
f 309 272 528
f 272 2653 2356
f 2679 2697 2334
f 2370 2334 2697
f 2678 2679 2333
f 2677 2678 2333
f 2334 2333 2679
f 2696 2677 503
f 527 2696 503
f 2333 503 2677
f 2622 2649 2332
f 2345 2332 2649
f 2560 2331 2621
f 2528 2621 2331
f 2331 2560 2330
f 2549 2329 2560
f 2330 2560 2329
f 2539 2328 2549
f 2519 2328 2539
f 2329 2549 2328
f 2404 2505 2327
f 2517 2326 253
f 2504 2326 2517
f 2429 253 2326
f 2364 2326 2504
f 2503 2478 2325
f 2478 2479 2325
f 2360 2503 2325
f 2374 2324 2445
f 2502 2323 2477
f 2501 2322 2502
f 2323 2502 2322
f 2398 2321 2501
f 2341 2321 2398
f 2322 2501 2321
f 2583 2320 2625
f 2336 2625 2320
f 2577 2622 2319
f 2332 2319 2622
f 2484 2485 2318
f 2404 2318 2485
f 2327 2318 2404
f 2483 2484 2317
f 2318 2317 2484
f 2449 2483 2316
f 2317 2316 2483
f 2448 2315 2482
f 2344 2482 2315
f 2479 2480 2314
f 2314 2325 2479
f 2401 2477 2313
f 2313 2477 2323
f 2400 2445 2312
f 2373 2400 2312
f 2372 2373 2312
f 2324 2312 2445
f 2372 2311 540
f 2341 540 2311
f 2312 2311 2372
f 2312 2324 2311
f 2628 2735 2310
f 2534 2628 2310
f 2444 2310 2735
f 2444 2521 2309
f 2340 2309 2521
f 2493 2544 2308
f 2423 2493 2308
f 2421 2308 2544
f 2491 274 305
f 298 238 307
f 257 238 307
f 274 238 307
f 257 274 307
f 338 298 307
f 309 307 238
f 305 274 307
f 270 275 310
f 303 275 310
f 303 270 310
f 2335 310 275
f 2335 519 310
f 249 248 282
f 280 248 282
f 249 248 284
f 282 248 284
f 282 249 284
f 280 248 281
f 281 248 282
f 281 280 282
f 281 248 284
f 282 281 284
f 2531 2306 280
f 281 280 2306
f 2530 526 2531
f 534 526 2530
f 2306 2531 526
f 240 292 216
f 564 216 292
f 215 240 292
f 276 240 292
f 276 215 292
f 277 240 292
f 277 215 292
f 277 276 292
f 222 240 292
f 222 215 292
f 222 276 292
f 222 277 292
f 278 240 292
f 278 564 292
f 278 276 292
f 278 277 292
f 278 222 292
f 265 240 292
f 265 222 292
f 265 278 292
f 518 215 292
f 518 222 292
f 518 265 292
f 267 276 292
f 267 222 292
f 267 278 292
f 267 265 292
f 267 518 292
f 291 278 292
f 291 265 292
f 291 518 292
f 291 267 292
f 518 265 320
f 2489 2305 2540
f 2410 2540 2305
f 2430 2304 2519
f 2328 2519 2304
f 2366 2303 2505
f 2327 2505 2303
f 2429 2302 2403
f 2365 2403 2302
f 2365 2302 2366
f 2326 2302 2429
f 2303 2366 2302
f 2303 2302 2326
f 2379 2449 2301
f 2316 2301 2449
f 2447 2300 2448
f 2315 2448 2300
f 2481 2299 2480
f 2402 2299 2481
f 2314 2480 2299
f 2299 2402 2298
f 2374 2376 2297
f 2590 2596 2296
f 2588 2590 2296
f 2595 2295 2596
f 2296 2596 2295
f 2594 2294 2595
f 2295 2595 2294
f 2593 2293 2594
f 2294 2594 2293
f 2592 2292 2593
f 2293 2593 2292
f 2296 2291 2588
f 2292 2592 2290
f 2543 2289 2583
f 2320 2583 2289
f 2491 2288 2465
f 521 2465 2288
f 305 2288 2491
f 2288 350 521
f 254 496 327
f 279 496 327
f 279 254 327
f 363 496 327
f 363 254 327
f 363 279 327
f 525 254 327
f 525 279 327
f 525 363 327
f 525 363 512
f 327 363 512
f 327 525 512
f 279 496 364
f 363 496 364
f 363 279 364
f 327 496 364
f 327 279 364
f 327 363 364
f 270 257 313
f 273 257 313
f 273 270 313
f 303 257 313
f 303 270 313
f 303 273 313
f 309 270 313
f 309 273 313
f 272 257 313
f 272 273 313
f 309 272 313
f 249 248 283
f 280 248 283
f 282 248 283
f 282 249 283
f 282 280 283
f 284 248 283
f 284 249 283
f 284 282 283
f 281 248 283
f 281 280 283
f 282 281 283
f 284 281 283
f 282 249 286
f 284 249 286
f 284 282 286
f 2307 284 286
f 283 249 286
f 283 282 286
f 283 284 286
f 544 249 285
f 284 249 285
f 2307 285 284
f 283 249 285
f 283 284 285
f 286 249 285
f 286 284 285
f 286 285 2307
f 286 283 285
f 283 332 284
f 287 534 509
f 526 534 509
f 287 534 333
f 524 333 287
f 509 333 534
f 509 333 287
f 287 523 260
f 524 260 523
f 524 287 523
f 333 287 523
f 333 524 523
f 268 290 289
f 288 290 289
f 288 268 289
f 315 268 289
f 269 268 289
f 315 269 289
f 340 268 289
f 340 315 289
f 340 269 289
f 339 290 289
f 339 268 289
f 339 288 289
f 2434 2287 2464
f 518 317 371
f 267 518 371
f 320 518 371
f 267 265 294
f 291 265 294
f 291 267 294
f 292 265 294
f 292 267 294
f 292 291 294
f 518 265 293
f 267 265 293
f 267 518 293
f 291 265 293
f 291 518 293
f 291 267 293
f 292 265 293
f 292 518 293
f 292 267 293
f 292 291 293
f 320 265 293
f 320 518 293
f 371 518 293
f 371 293 267
f 371 320 293
f 294 265 293
f 294 267 293
f 294 291 293
f 294 292 293
f 291 267 522
f 294 267 522
f 294 291 522
f 293 267 522
f 293 291 522
f 293 294 522
f 2287 2434 2286
f 341 346 345
f 342 346 345
f 342 341 345
f 344 346 345
f 344 341 345
f 344 342 345
f 344 345 2434
f 2286 2434 345
f 2541 2577 2285
f 2319 2285 2577
f 2566 2567 2283
f 2565 2566 2282
f 2283 2282 2566
f 2570 2571 2281
f 2569 2570 2281
f 2284 2281 2571
f 2567 2568 2280
f 2283 2567 2280
f 2568 2569 2279
f 2281 2279 2569
f 2278 2280 2568
f 2279 2278 2568
f 2363 2277 2364
f 2446 2276 2447
f 2378 2276 2446
f 2300 2447 2276
f 2276 2378 2275
f 2377 2274 2402
f 2298 2402 2274
f 2360 2273 2376
f 2273 2297 2376
f 2297 2272 2374
f 2272 2271 2374
f 2321 2341 2270
f 2311 2270 2341
f 2311 2324 2270
f 2598 537 2269
f 2599 2268 537
f 2597 2268 2599
f 2269 537 2268
f 2589 2267 2597
f 2268 2597 2267
f 2598 2266 2591
f 2269 2266 2598
f 552 2265 2589
f 2267 2589 2265
f 2591 2263 2592
f 2290 2592 2263
f 2266 2263 2591
f 2587 491 552
f 2586 491 2587
f 2265 552 491
f 2264 491 552
f 2585 2262 2586
f 491 2586 2262
f 2468 2261 2532
f 2337 2532 2261
f 2533 2588 2260
f 2511 2533 2260
f 2371 2511 2260
f 2291 2260 2588
f 2584 2259 2585
f 2262 2585 2259
f 2443 2258 2543
f 2258 2289 2543
f 2259 2584 2257
f 2581 2256 2584
f 255 2256 2581
f 2257 2584 2256
f 521 2255 2421
f 496 255 296
f 279 255 296
f 279 496 296
f 295 255 296
f 295 279 296
f 297 255 296
f 297 496 296
f 297 279 296
f 297 295 296
f 296 496 364
f 296 279 364
f 2256 255 296
f 279 496 365
f 327 496 365
f 327 279 365
f 512 327 365
f 299 298 301
f 300 298 301
f 300 299 301
f 521 298 301
f 521 299 301
f 521 300 301
f 338 298 301
f 338 300 301
f 307 298 301
f 307 338 301
f 350 301 521
f 2255 521 301
f 255 520 223
f 279 255 520
f 297 223 520
f 297 255 520
f 297 279 520
f 296 255 520
f 296 279 520
f 296 297 520
f 2441 308 2442
f 535 308 2441
f 2254 2442 308
f 257 302 306
f 274 302 306
f 257 274 306
f 303 302 306
f 303 257 306
f 303 274 306
f 303 306 535
f 304 306 274
f 304 303 306
f 519 302 306
f 519 274 306
f 305 274 306
f 307 257 306
f 307 274 306
f 307 305 306
f 310 303 306
f 310 519 306
f 308 535 306
f 308 307 306
f 307 338 336
f 301 338 336
f 301 307 336
f 307 257 311
f 311 257 313
f 308 535 311
f 308 307 311
f 306 257 311
f 306 311 535
f 306 307 311
f 306 308 311
f 303 257 401
f 401 257 313
f 401 303 313
f 306 257 401
f 306 303 401
f 311 257 401
f 401 311 313
f 311 306 401
f 2439 2440 351
f 2438 2439 351
f 2253 351 2440
f 257 251 312
f 270 251 312
f 270 257 312
f 273 251 312
f 273 257 312
f 273 270 312
f 303 251 312
f 303 257 312
f 303 270 312
f 303 273 312
f 303 2438 312
f 309 251 312
f 309 270 312
f 309 273 312
f 272 251 312
f 272 257 312
f 272 273 312
f 309 272 312
f 310 270 312
f 310 303 312
f 312 257 313
f 312 270 313
f 312 273 313
f 312 303 313
f 312 309 313
f 312 272 313
f 311 257 312
f 312 311 313
f 401 257 312
f 401 303 312
f 312 401 313
f 401 311 312
f 351 312 2438
f 351 401 312
f 2417 2418 2252
f 2416 2417 2252
f 2415 2416 2251
f 2414 2415 2251
f 2413 2414 2251
f 2252 2251 2416
f 2387 2250 2388
f 2386 2250 2387
f 494 2249 533
f 2437 533 314
f 325 2437 314
f 316 325 314
f 340 325 314
f 340 316 314
f 355 316 314
f 355 340 314
f 2249 314 533
f 316 325 352
f 340 325 352
f 340 316 352
f 355 316 352
f 355 340 352
f 314 325 352
f 314 316 352
f 314 340 352
f 314 355 352
f 316 325 324
f 321 325 324
f 321 316 324
f 340 325 324
f 340 316 324
f 314 325 324
f 314 316 324
f 314 340 324
f 315 316 322
f 324 316 322
f 316 325 357
f 2436 357 531
f 321 325 357
f 321 316 357
f 321 357 2436
f 315 325 357
f 315 316 357
f 315 321 357
f 324 325 357
f 324 316 357
f 324 321 357
f 322 316 357
f 322 315 357
f 322 324 357
f 2248 531 357
f 2464 356 2520
f 316 325 356
f 321 325 356
f 321 316 356
f 315 2520 356
f 315 325 356
f 315 316 356
f 315 321 356
f 356 2464 2287
f 324 325 356
f 324 316 356
f 324 321 356
f 322 316 356
f 322 315 356
f 322 324 356
f 357 325 356
f 357 316 356
f 357 321 356
f 357 315 356
f 357 324 356
f 357 322 356
f 342 346 347
f 343 346 347
f 343 342 347
f 344 346 347
f 344 342 347
f 344 343 347
f 343 342 349
f 344 342 349
f 344 343 349
f 349 342 345
f 349 344 345
f 347 342 349
f 347 343 349
f 347 344 349
f 2579 319 263
f 317 263 319
f 318 263 319
f 318 317 319
f 518 263 319
f 518 265 319
f 518 317 319
f 518 318 319
f 320 265 319
f 320 518 319
f 319 371 317
f 319 518 371
f 319 320 371
f 319 265 293
f 319 518 293
f 319 320 293
f 371 319 293
f 344 2578 2247
f 2410 2247 2578
f 319 2579 2246
f 2576 2245 2579
f 2246 2579 2245
f 2431 2541 2244
f 2408 2431 2244
f 2285 2244 2541
f 2432 2433 2243
f 2574 2242 2576
f 2245 2576 2242
f 2461 2528 2241
f 2331 2241 2528
f 2573 2240 2574
f 2242 2574 2240
f 2564 2565 2239
f 2282 2239 2565
f 2572 516 2573
f 2572 550 516
f 726 550 516
f 2240 2573 516
f 2239 2238 2564
f 726 517 550
f 2561 517 726
f 516 550 517
f 516 517 726
f 2563 2564 2237
f 2238 2237 2564
f 2561 2562 2236
f 517 2561 2236
f 2562 2563 2235
f 2237 2235 2563
f 2235 2236 2562
f 2318 2327 2234
f 2303 2234 2327
f 2303 2326 2234
f 2344 2232 2363
f 2277 2363 2232
f 2378 2361 2231
f 2231 2275 2378
f 2324 2374 2230
f 2271 2230 2374
f 2270 2324 2230
f 2271 2272 2229
f 2230 2271 2229
f 2321 2228 2322
f 2270 2228 2321
f 2230 2228 2270
f 2229 2322 2228
f 2229 2228 2230
f 2443 2422 2227
f 2258 2443 2227
f 2468 2510 2226
f 2261 2468 2226
f 2422 2423 2225
f 2308 2225 2423
f 2227 2422 2225
f 2467 2224 2510
f 2226 2510 2224
f 2389 2223 2390
f 2388 2223 2389
f 2250 2223 2388
f 321 316 515
f 315 316 515
f 315 321 515
f 324 316 515
f 324 321 515
f 322 316 515
f 322 315 515
f 322 324 515
f 2433 2490 2222
f 2461 2221 2490
f 2241 2221 2461
f 2222 2490 2221
f 2409 2220 2489
f 2305 2489 2220
f 2408 2219 2409
f 2244 2219 2408
f 2220 2409 2219
f 2509 2218 2571
f 2432 2218 2509
f 2284 2571 2218
f 2243 2218 2432
f 2317 2318 2217
f 2234 2217 2318
f 2217 2216 2317
f 2217 2233 2216
f 2326 2364 2215
f 2234 2326 2215
f 2233 2215 2364
f 2217 2234 2215
f 2217 2215 2233
f 2342 2214 2377
f 2274 2377 2214
f 2325 2213 2360
f 2273 2360 2213
f 2342 2375 2212
f 2401 2211 2375
f 2313 2211 2401
f 2212 2375 2211
f 2323 2210 2313
f 2322 2209 2323
f 2209 2322 2229
f 2210 2323 2209
f 2371 2208 2467
f 2208 2224 2467
f 364 279 329
f 296 279 329
f 364 296 329
f 528 2207 272
f 528 323 309
f 309 272 323
f 528 272 323
f 2393 2206 2418
f 2393 2394 2206
f 2252 2418 2206
f 2392 2205 2394
f 2391 2205 2392
f 2390 2205 2391
f 2205 2390 2223
f 2206 2394 2205
f 2385 2204 2386
f 2250 2386 2204
f 2223 2250 2204
f 2412 2413 2203
f 2384 2412 2203
f 2384 2203 2385
f 2204 2385 2203
f 514 288 326
f 339 288 326
f 339 326 514
f 289 288 326
f 289 339 326
f 269 2202 316
f 2243 2433 2201
f 2222 2201 2433
f 2233 2364 2200
f 2216 2200 2317
f 2216 2233 2200
f 2316 2317 2199
f 2200 2199 2317
f 2301 2316 2198
f 2199 2198 2316
f 2362 2379 2197
f 2301 2197 2379
f 2343 2362 2196
f 2197 2196 2362
f 2315 2195 2344
f 2232 2344 2195
f 2231 2361 2194
f 2214 2342 2193
f 2212 2193 2342
f 2272 2297 2192
f 2229 2272 2192
f 2229 2192 2209
f 2309 2191 2444
f 2339 2190 2340
f 2338 2189 2339
f 2190 2339 2189
f 312 351 2188
f 312 309 358
f 323 309 358
f 528 309 2187
f 2207 528 2187
f 358 2187 309
f 314 325 2186
f 357 2186 325
f 357 322 2186
f 316 325 513
f 321 325 513
f 321 316 513
f 324 325 513
f 324 316 513
f 324 321 513
f 356 325 513
f 356 316 513
f 356 321 513
f 356 324 513
f 2202 513 316
f 2329 2185 2330
f 2328 2184 2329
f 2185 2329 2184
f 2368 2183 2430
f 2304 2430 2183
f 2277 2182 2364
f 2200 2364 2182
f 2199 2200 2182
f 2198 2199 2182
f 2343 2181 2361
f 2196 2181 2343
f 2194 2361 2181
f 2299 2180 2314
f 2298 2179 2299
f 2274 2179 2298
f 2214 2179 2274
f 2180 2299 2179
f 2325 2314 2178
f 2213 2325 2178
f 2180 2178 2314
f 2211 2313 2177
f 2210 2177 2313
f 2297 2273 2176
f 2176 2192 2297
f 2209 2175 2210
f 2177 2210 2175
f 2309 2340 2174
f 2191 2309 2174
f 2174 2340 2190
f 2260 2173 2371
f 2208 2371 2173
f 309 251 395
f 272 251 395
f 309 272 395
f 312 251 395
f 312 309 395
f 312 272 395
f 312 401 395
f 395 309 358
f 395 312 358
f 2223 2172 2205
f 2205 2172 2206
f 2204 2172 2223
f 2203 2172 2204
f 2251 2171 2413
f 2251 2252 2171
f 2206 2171 2252
f 2203 2413 2171
f 2172 2171 2206
f 2172 2203 2171
f 316 325 475
f 355 316 475
f 355 475 514
f 314 325 475
f 314 316 475
f 314 355 475
f 352 325 475
f 352 316 475
f 352 355 475
f 352 314 475
f 326 514 361
f 475 361 514
f 475 361 352
f 324 314 499
f 515 499 324
f 315 2170 269
f 356 2170 315
f 2202 269 2170
f 513 2170 356
f 513 2202 2170
f 2232 2169 2277
f 2182 2277 2169
f 2182 2169 2198
f 2198 2168 2301
f 2169 2168 2198
f 2197 2301 2167
f 2168 2167 2301
f 2300 2166 2315
f 2195 2315 2166
f 2276 2165 2300
f 2166 2300 2165
f 2275 2164 2276
f 2275 2231 2164
f 2194 2164 2231
f 2165 2276 2164
f 2213 2163 2273
f 2176 2273 2163
f 2192 2162 2209
f 2192 2176 2162
f 2175 2209 2162
f 2163 2162 2176
f 307 2161 305
f 2185 2160 2330
f 2304 2159 2328
f 2184 2328 2159
f 2183 2159 2304
f 2195 2158 2232
f 2169 2232 2158
f 2168 2169 2158
f 2189 2338 2157
f 2189 2156 2190
f 2290 2155 2292
f 2308 2421 2154
f 2255 2154 2421
f 2225 2308 2154
f 2288 305 2153
f 2153 305 2161
f 520 2152 296
f 307 338 334
f 301 338 334
f 301 307 334
f 311 334 307
f 308 307 396
f 306 307 396
f 306 308 396
f 311 307 396
f 311 308 396
f 311 306 396
f 401 306 396
f 401 311 396
f 312 311 396
f 312 401 396
f 2370 2419 2151
f 2334 2370 2151
f 527 501 2411
f 503 527 501
f 371 495 319
f 293 371 372
f 371 319 372
f 293 319 372
f 2305 2150 2410
f 2247 2410 2150
f 2282 2283 2149
f 2239 2282 2149
f 2193 2147 2214
f 2179 2214 2147
f 2179 2147 2180
f 2178 2146 2213
f 2163 2213 2146
f 2211 2145 2212
f 2193 2212 2145
f 2147 2193 2145
f 2523 2534 2144
f 2310 2144 2534
f 2263 2143 2290
f 2155 2290 2143
f 2151 2419 429
f 501 2142 2411
f 2287 2141 356
f 2158 2195 2140
f 2196 2197 2139
f 2181 2196 2139
f 2181 2138 2194
f 2164 2194 2138
f 2164 2138 2165
f 2139 2138 2181
f 2178 2180 2137
f 2137 2180 2147
f 2137 2146 2178
f 2177 2136 2211
f 2136 2145 2211
f 2136 2147 2145
f 2147 2136 2137
f 2146 2137 2136
f 2175 2135 2177
f 2162 2135 2175
f 2162 2163 2135
f 2146 2135 2163
f 2136 2177 2135
f 2136 2135 2146
f 2190 2134 2174
f 2156 2134 2190
f 2157 2133 2189
f 2156 2189 2133
f 279 496 367
f 327 496 367
f 327 279 367
f 364 496 367
f 364 279 367
f 364 327 367
f 296 496 367
f 296 279 367
f 364 296 367
f 329 279 367
f 329 364 367
f 329 296 367
f 254 496 328
f 279 496 328
f 279 254 328
f 363 496 328
f 363 254 328
f 363 279 328
f 327 496 328
f 327 254 328
f 327 279 328
f 327 363 328
f 512 363 328
f 512 327 328
f 364 496 328
f 364 279 328
f 364 363 328
f 364 327 328
f 296 496 328
f 296 279 328
f 364 296 328
f 365 496 328
f 365 279 328
f 365 327 328
f 365 328 512
f 329 279 328
f 329 364 328
f 329 296 328
f 367 496 328
f 367 279 328
f 367 327 328
f 367 364 328
f 367 296 328
f 367 329 328
f 512 327 511
f 328 511 327
f 328 512 511
f 297 279 330
f 364 279 330
f 296 279 330
f 296 297 330
f 364 296 330
f 329 279 330
f 329 364 330
f 329 296 330
f 367 279 330
f 367 364 330
f 367 296 330
f 367 329 330
f 2419 2420 430
f 430 429 2419
f 282 281 331
f 283 282 331
f 283 281 331
f 284 282 368
f 282 281 368
f 284 281 368
f 283 282 368
f 283 284 368
f 283 281 368
f 332 284 368
f 332 283 368
f 331 282 368
f 331 281 368
f 331 283 368
f 284 388 282
f 285 284 388
f 332 284 388
f 368 282 388
f 368 284 388
f 368 332 388
f 285 510 284
f 388 284 510
f 388 510 285
f 526 508 2306
f 509 526 508
f 509 526 369
f 333 509 369
f 508 369 526
f 508 369 509
f 333 370 509
f 523 333 370
f 369 509 370
f 369 333 370
f 523 507 333
f 370 333 507
f 370 507 523
f 2435 2411 2132
f 2142 2132 2411
f 371 319 373
f 293 371 374
f 371 319 374
f 293 319 374
f 373 371 374
f 373 319 374
f 293 371 375
f 293 294 375
f 371 319 375
f 293 319 375
f 372 371 375
f 372 293 375
f 372 319 375
f 373 371 375
f 373 319 375
f 374 371 375
f 374 293 375
f 374 319 375
f 374 373 375
f 293 294 506
f 522 294 506
f 522 506 293
f 372 293 506
f 375 294 506
f 375 293 506
f 375 372 506
f 2286 377 2287
f 2141 2287 377
f 345 344 504
f 345 504 2286
f 349 344 504
f 345 349 504
f 377 2286 504
f 2462 2463 2131
f 2435 2131 2463
f 2132 2131 2435
f 2184 2130 2185
f 2160 2185 2130
f 2148 2130 2184
f 2159 2129 2184
f 2148 2184 2129
f 2330 2128 2331
f 2241 2331 2128
f 2160 2128 2330
f 2167 2168 2127
f 2158 2127 2168
f 2140 2127 2158
f 2167 2126 2197
f 2126 2139 2197
f 2139 2126 2138
f 2127 2126 2167
f 2166 2125 2195
f 2140 2195 2125
f 2127 2140 2125
f 2126 2127 2125
f 2165 2124 2166
f 2124 2165 2138
f 2124 2138 2126
f 2125 2166 2124
f 2125 2124 2126
f 2523 2123 2514
f 2144 2123 2523
f 2337 2122 2338
f 2261 2122 2337
f 2157 2338 2122
f 2143 2263 2121
f 2143 2120 2155
f 2225 2119 2227
f 2154 2119 2225
f 2289 2118 2320
f 2289 2258 2118
f 2359 2336 2117
f 307 338 337
f 301 338 337
f 301 307 337
f 301 350 337
f 336 338 337
f 336 307 337
f 336 301 337
f 334 338 337
f 334 307 337
f 334 301 337
f 301 338 335
f 336 338 335
f 336 301 335
f 334 338 335
f 334 301 335
f 337 338 335
f 337 301 335
f 337 336 335
f 337 334 335
f 2358 2359 2116
f 2117 2116 2359
f 307 338 404
f 301 338 404
f 301 307 404
f 336 338 404
f 336 307 404
f 336 301 404
f 337 338 404
f 337 307 404
f 337 301 404
f 337 336 404
f 335 338 404
f 335 301 404
f 335 336 404
f 335 337 404
f 2357 2358 2115
f 2116 2115 2358
f 2355 2357 2114
f 2115 2114 2357
f 2207 359 272
f 323 272 359
f 358 323 359
f 2187 359 2207
f 2187 358 359
f 395 272 359
f 358 395 359
f 2354 2355 2113
f 2114 2113 2355
f 2356 2112 272
f 359 272 2112
f 2353 2354 2111
f 2113 2111 2354
f 2351 2352 2110
f 339 2109 2350
f 2349 2351 2108
f 2110 2108 2351
f 289 339 483
f 326 339 483
f 326 289 483
f 361 483 326
f 2109 339 483
f 352 505 340
f 324 340 505
f 475 352 505
f 361 505 352
f 361 475 505
f 2348 2349 2107
f 2347 2348 2107
f 2108 2107 2349
f 326 289 482
f 483 289 482
f 483 326 482
f 2346 2347 2106
f 2107 2106 2347
f 289 315 436
f 482 289 436
f 2106 2105 2346
f 289 315 437
f 349 347 437
f 436 315 437
f 436 289 437
f 2345 2346 2104
f 2105 2104 2346
f 341 346 348
f 342 346 348
f 342 341 348
f 343 346 348
f 343 342 348
f 344 346 348
f 344 341 348
f 344 342 348
f 344 343 348
f 345 346 348
f 345 341 348
f 345 342 348
f 345 344 348
f 347 346 348
f 347 342 348
f 347 343 348
f 347 344 348
f 349 342 348
f 349 343 348
f 349 344 348
f 345 349 348
f 349 347 348
f 504 344 348
f 504 345 348
f 504 349 348
f 504 377 348
f 437 347 348
f 437 348 349
f 437 436 348
f 2285 2319 2103
f 2244 2285 2103
f 2219 2244 2103
f 2220 2102 2305
f 2150 2305 2102
f 2460 2462 2101
f 2131 2101 2462
f 2149 2100 2239
f 2100 2099 2239
f 2155 2098 2292
f 2133 2097 2156
f 2121 2096 2143
f 2120 2143 2096
f 2227 2095 2258
f 2119 2095 2227
f 2095 2118 2258
f 2320 2094 2336
f 2118 2094 2320
f 2094 2117 2336
f 503 502 527
f 501 527 502
f 501 502 503
f 2186 418 314
f 356 478 324
f 322 315 477
f 515 322 410
f 499 515 410
f 2332 2345 2093
f 2104 2093 2345
f 2319 2332 2092
f 2092 2103 2319
f 2093 2092 2332
f 2219 2091 2220
f 2103 2091 2219
f 2102 2220 2091
f 2280 2090 2283
f 2149 2283 2090
f 2458 2460 2089
f 2101 2089 2460
f 2455 2458 2088
f 2089 2088 2458
f 2088 2087 2455
f 2134 2156 2086
f 2097 2086 2156
f 350 2288 362
f 301 350 362
f 301 362 2255
f 336 301 362
f 2153 362 2288
f 334 301 362
f 337 350 362
f 337 301 362
f 337 336 362
f 337 334 362
f 308 500 2254
f 301 307 378
f 308 307 378
f 306 307 378
f 306 310 378
f 306 308 378
f 336 307 378
f 336 301 378
f 311 307 378
f 311 308 378
f 311 306 378
f 401 306 378
f 401 311 378
f 2161 307 378
f 334 307 378
f 334 301 378
f 334 311 378
f 396 307 378
f 396 308 378
f 396 306 378
f 396 311 378
f 396 401 378
f 337 307 378
f 337 301 378
f 337 336 378
f 337 334 378
f 404 307 378
f 404 301 378
f 404 336 378
f 404 337 378
f 500 308 378
f 2440 2442 2084
f 2254 2084 2442
f 500 2084 2254
f 2253 2440 2083
f 2084 2083 2440
f 401 311 397
f 396 311 397
f 396 401 397
f 378 311 397
f 378 401 397
f 378 396 397
f 401 311 393
f 351 393 401
f 351 2253 393
f 312 309 393
f 312 311 393
f 312 401 393
f 312 351 393
f 2188 351 393
f 2188 393 312
f 396 311 393
f 396 401 393
f 396 312 393
f 312 351 398
f 393 398 351
f 393 312 398
f 358 312 360
f 358 323 360
f 359 323 360
f 359 358 360
f 314 316 354
f 314 2249 354
f 499 314 354
f 418 354 314
f 410 354 499
f 321 316 353
f 355 316 353
f 314 316 353
f 314 355 353
f 352 316 353
f 352 355 353
f 352 314 353
f 324 316 353
f 324 321 353
f 324 314 353
f 499 314 353
f 499 324 353
f 505 352 353
f 505 353 324
f 478 324 353
f 354 316 353
f 354 314 353
f 354 499 353
f 2249 494 479
f 354 2249 479
f 322 324 423
f 477 322 423
f 410 322 423
f 354 410 423
f 353 324 423
f 353 354 423
f 412 354 423
f 513 324 426
f 353 324 426
f 355 316 474
f 352 316 474
f 352 355 474
f 324 316 474
f 354 316 474
f 353 316 474
f 353 355 474
f 353 352 474
f 353 324 474
f 353 354 474
f 426 324 474
f 426 353 474
f 322 324 417
f 357 324 417
f 357 322 417
f 357 417 2248
f 356 324 417
f 356 322 417
f 356 357 417
f 478 324 417
f 478 356 417
f 322 324 424
f 357 324 424
f 357 322 424
f 356 324 424
f 356 322 424
f 356 357 424
f 2141 424 356
f 423 324 424
f 423 322 424
f 423 354 424
f 417 324 424
f 417 322 424
f 417 357 424
f 417 356 424
f 2247 2082 344
f 348 344 2082
f 2099 2100 2081
f 2498 2514 2079
f 2123 2079 2514
f 2496 2498 2078
f 2079 2078 2498
f 2494 2496 2077
f 2078 2077 2496
f 2097 2133 2076
f 2492 2494 2075
f 2466 2492 2075
f 2077 2075 2494
f 2420 2466 2074
f 430 2420 2074
f 2075 2074 2466
f 2333 2334 497
f 503 2333 497
f 502 503 497
f 2218 2243 2072
f 2201 2072 2243
f 2130 2148 2071
f 2080 2071 2148
f 2310 2444 2070
f 2191 2070 2444
f 2144 2310 2070
f 2133 2157 2069
f 2076 2133 2069
f 2224 2068 2226
f 2085 2226 2068
f 362 2153 2067
f 2161 2066 2153
f 378 2066 2161
f 2067 2153 2066
f 309 251 399
f 307 309 399
f 312 251 399
f 312 309 399
f 312 310 399
f 312 401 399
f 358 309 399
f 358 312 399
f 395 251 399
f 395 309 399
f 395 401 399
f 395 312 399
f 358 395 399
f 359 358 399
f 359 395 399
f 393 309 399
f 393 401 399
f 393 312 399
f 398 312 399
f 398 393 399
f 360 312 399
f 360 358 399
f 360 359 399
f 358 323 433
f 358 395 433
f 359 323 433
f 359 358 433
f 359 395 433
f 360 323 433
f 360 358 433
f 360 359 433
f 399 358 433
f 399 395 433
f 399 359 433
f 399 360 433
f 2353 2065 2356
f 2112 2356 2065
f 2111 2065 2353
f 2142 501 2064
f 2132 2142 2064
f 2350 2063 2352
f 2110 2352 2063
f 2109 2063 2350
f 483 361 2062
f 361 475 2061
f 2061 2062 361
f 2129 2060 2148
f 2080 2148 2060
f 2295 2059 2296
f 2294 2058 2295
f 2059 2295 2058
f 2293 2057 2294
f 2058 2294 2057
f 2291 2296 2056
f 2059 2056 2296
f 2292 2055 2293
f 2098 2055 2292
f 2057 2293 2055
f 2226 2054 2261
f 2085 2054 2226
f 2173 2260 2053
f 2120 2052 2155
f 2098 2155 2052
f 2224 2208 2051
f 2173 2051 2208
f 2068 2224 2051
f 2053 2051 2173
f 2154 2255 2050
f 2119 2154 2050
f 362 2050 2255
f 337 301 498
f 362 498 301
f 362 337 498
f 2067 498 362
f 378 396 379
f 393 379 396
f 398 393 379
f 429 428 2151
f 429 430 428
f 2151 432 2334
f 502 432 501
f 497 2334 432
f 497 430 432
f 497 432 502
f 432 2064 501
f 428 432 2151
f 428 430 432
f 2150 2048 2247
f 2082 2247 2048
f 2221 2047 2222
f 2073 2047 2221
f 2201 2222 2046
f 2072 2201 2046
f 2047 2046 2222
f 2100 2149 2045
f 2090 2045 2149
f 2221 2241 489
f 2073 2221 489
f 2128 2160 2044
f 2280 2278 2043
f 2090 2280 2043
f 2281 2284 2042
f 2218 2042 2284
f 2279 2281 2041
f 2042 2041 2281
f 2278 2279 2040
f 2041 2040 2279
f 2043 2278 2039
f 2040 2039 2278
f 2368 2367 2038
f 2183 2368 2038
f 2506 2037 2518
f 2367 2518 2037
f 2038 2367 2037
f 2174 2036 2191
f 2134 2036 2174
f 2070 2191 2036
f 2260 2291 2035
f 2056 2035 2291
f 2053 2260 2035
f 520 2034 296
f 254 496 366
f 279 496 366
f 279 254 366
f 363 496 366
f 363 254 366
f 363 279 366
f 364 496 366
f 364 279 366
f 364 363 366
f 296 496 366
f 296 279 366
f 364 296 366
f 365 496 366
f 365 279 366
f 520 279 366
f 520 296 366
f 2152 366 296
f 2152 520 366
f 367 496 366
f 367 279 366
f 367 364 366
f 367 296 366
f 328 496 366
f 328 254 366
f 328 279 366
f 328 363 366
f 328 364 366
f 328 296 366
f 328 365 366
f 328 367 366
f 330 279 366
f 330 364 366
f 330 296 366
f 330 367 366
f 328 385 367
f 511 385 328
f 366 367 385
f 366 328 385
f 368 331 381
f 388 368 381
f 388 368 389
f 510 389 388
f 2083 389 2253
f 393 2253 389
f 381 368 389
f 381 389 388
f 369 405 333
f 369 405 508
f 370 333 405
f 370 369 405
f 370 369 406
f 507 406 370
f 405 369 406
f 405 370 406
f 293 371 376
f 371 319 376
f 293 319 376
f 495 371 376
f 495 376 319
f 372 371 376
f 372 293 376
f 372 319 376
f 373 371 376
f 373 319 376
f 374 371 376
f 374 293 376
f 374 319 376
f 374 373 376
f 375 371 376
f 375 293 376
f 375 319 376
f 375 372 376
f 375 373 376
f 375 374 376
f 531 413 494
f 2248 413 531
f 375 413 374
f 506 413 375
f 479 494 413
f 421 479 413
f 417 413 2248
f 376 374 413
f 376 375 413
f 377 493 2141
f 504 377 493
f 348 377 493
f 348 504 493
f 424 2141 493
f 2072 2033 2218
f 2042 2218 2033
f 2130 2032 2160
f 2071 2032 2130
f 2044 2160 2032
f 2238 2239 490
f 2263 2266 2031
f 2121 2263 2031
f 2122 2030 2157
f 2069 2157 2030
f 2052 2120 2029
f 429 430 476
f 497 476 430
f 428 429 476
f 428 430 476
f 432 430 476
f 432 476 497
f 432 428 476
f 2306 2028 281
f 331 281 2028
f 508 2028 2306
f 406 370 408
f 2081 2100 2027
f 2045 2027 2100
f 2268 2026 2269
f 2267 2026 2268
f 2266 2269 2025
f 2031 2266 2025
f 2026 2025 2269
f 2265 2024 2267
f 2026 2267 2024
f 491 2023 2265
f 2024 2265 2023
f 2264 552 492
f 491 492 552
f 491 2264 492
f 2262 492 491
f 2023 491 492
f 2122 2261 2022
f 2054 2022 2261
f 2259 2021 2262
f 492 2262 2021
f 2031 2020 2121
f 2086 2019 2134
f 2036 2134 2019
f 2052 2018 2098
f 2069 2017 2076
f 2257 2016 2259
f 2021 2259 2016
f 2096 2121 2015
f 2020 2015 2121
f 2086 2097 2014
f 2019 2086 2014
f 2096 2013 2120
f 2029 2120 2013
f 2015 2013 2096
f 2014 2097 2012
f 2256 2011 2257
f 2016 2257 2011
f 296 2010 2256
f 2011 2256 2010
f 2118 2095 2009
f 2094 2118 2009
f 2034 2008 296
f 2010 296 2008
f 2246 2007 319
f 2103 2092 2006
f 2092 2093 2006
f 2091 2103 2006
f 2007 2246 2005
f 2245 2004 2246
f 2005 2246 2004
f 2027 2003 2081
f 2071 2080 2002
f 2081 2001 2099
f 2003 2001 2081
f 2242 2000 2245
f 2004 2245 2000
f 2045 2090 1999
f 2099 1998 2239
f 490 2239 1998
f 2001 1998 2099
f 2240 1997 2242
f 2000 2242 1997
f 2128 439 2241
f 489 2241 439
f 489 439 2073
f 516 1996 2240
f 1997 2240 1996
f 517 1995 516
f 1996 516 1995
f 2237 2238 1994
f 490 1994 2238
f 2235 2237 1993
f 2236 2235 1993
f 1994 1993 2237
f 2236 1992 517
f 1995 517 1992
f 1993 1992 2236
f 2159 2183 1991
f 2129 2159 1991
f 2038 1991 2183
f 2050 1990 2119
f 2095 2119 1989
f 1989 2009 2095
f 1990 1989 2119
f 2102 1988 2150
f 2048 2150 1988
f 2091 1987 2102
f 2006 1987 2091
f 1988 2102 1987
f 2455 1986 2506
f 2087 1986 2455
f 2037 2506 1986
f 389 381 392
f 2113 2114 1985
f 2111 2113 1985
f 2065 2111 1985
f 2108 2110 1984
f 2063 1984 2110
f 2002 2080 1983
f 2060 1982 2080
f 1983 2080 1982
f 2060 2129 1981
f 1991 1981 2129
f 1982 2060 1981
f 2076 1980 2097
f 2017 1980 2076
f 2012 2097 1980
f 2066 1979 2067
f 498 2067 1979
f 2008 2034 487
f 385 366 383
f 387 383 385
f 487 366 383
f 385 384 366
f 382 385 384
f 383 366 384
f 383 385 384
f 511 328 390
f 2084 500 390
f 385 390 328
f 385 511 390
f 382 385 390
f 383 385 390
f 384 385 390
f 384 382 390
f 384 383 390
f 378 336 380
f 378 311 380
f 378 500 380
f 393 311 380
f 398 393 380
f 379 378 380
f 379 393 380
f 379 398 380
f 390 500 380
f 390 394 380
f 401 311 402
f 312 311 402
f 312 401 402
f 378 311 402
f 378 401 402
f 378 402 500
f 397 311 402
f 397 401 402
f 397 378 402
f 393 311 402
f 393 401 402
f 393 312 402
f 398 312 402
f 398 393 402
f 399 401 402
f 399 312 402
f 399 393 402
f 399 398 402
f 379 378 402
f 379 393 402
f 379 398 402
f 380 311 402
f 380 500 402
f 380 378 402
f 380 393 402
f 380 398 402
f 380 394 402
f 380 379 402
f 383 387 486
f 383 487 486
f 381 391 368
f 389 368 391
f 389 381 391
f 391 381 392
f 391 389 392
f 383 387 391
f 383 487 391
f 384 383 391
f 486 387 391
f 486 487 391
f 486 383 391
f 389 381 386
f 387 385 386
f 382 385 386
f 386 381 392
f 386 389 392
f 383 385 386
f 383 387 386
f 384 385 386
f 384 382 386
f 384 383 386
f 390 394 386
f 390 385 386
f 390 382 386
f 390 383 386
f 390 384 386
f 380 394 386
f 380 390 386
f 391 381 386
f 391 389 386
f 391 387 386
f 386 391 392
f 391 383 386
f 391 384 386
f 510 388 488
f 2083 2084 488
f 389 488 388
f 389 510 488
f 389 2083 488
f 389 488 393
f 488 389 392
f 390 488 2084
f 390 394 488
f 390 384 488
f 380 393 488
f 380 394 488
f 380 390 488
f 391 389 488
f 488 391 392
f 391 384 488
f 386 394 488
f 386 389 488
f 488 386 392
f 386 384 488
f 386 390 488
f 386 380 488
f 386 391 488
f 378 311 403
f 393 311 403
f 398 393 403
f 390 394 403
f 380 311 403
f 380 378 403
f 380 393 403
f 380 398 403
f 380 394 403
f 380 390 403
f 402 311 403
f 402 378 403
f 402 393 403
f 402 398 403
f 402 394 403
f 402 380 403
f 386 394 403
f 386 390 403
f 386 380 403
f 488 393 403
f 488 394 403
f 488 390 403
f 488 380 403
f 488 386 403
f 401 311 400
f 312 309 400
f 312 310 400
f 312 311 400
f 312 401 400
f 395 309 400
f 395 401 400
f 395 312 400
f 396 311 400
f 396 401 400
f 396 312 400
f 378 310 400
f 378 311 400
f 378 401 400
f 378 396 400
f 397 311 400
f 397 401 400
f 397 396 400
f 397 378 400
f 393 309 400
f 393 311 400
f 393 401 400
f 393 312 400
f 393 396 400
f 398 312 400
f 398 393 400
f 399 309 400
f 399 310 400
f 399 401 400
f 399 312 400
f 399 395 400
f 399 393 400
f 399 398 400
f 380 311 400
f 380 378 400
f 380 393 400
f 380 398 400
f 402 311 400
f 402 401 400
f 402 312 400
f 402 378 400
f 402 397 400
f 402 393 400
f 402 398 400
f 402 399 400
f 402 380 400
f 403 311 400
f 403 378 400
f 403 393 400
f 403 398 400
f 403 380 400
f 403 402 400
f 381 331 485
f 383 487 485
f 486 487 485
f 486 383 485
f 391 381 485
f 391 487 485
f 391 383 485
f 391 486 485
f 404 307 440
f 360 359 440
f 399 440 307
f 399 359 440
f 399 398 440
f 399 360 440
f 433 404 440
f 433 359 440
f 433 360 440
f 433 399 440
f 2112 1978 359
f 2065 1978 2112
f 440 359 1978
f 2064 1977 2132
f 2064 432 1977
f 405 1976 508
f 483 1975 2109
f 2063 2109 1975
f 483 326 484
f 482 484 326
f 482 483 484
f 2062 484 483
f 1975 483 484
f 1976 405 438
f 405 369 407
f 406 407 369
f 406 405 407
f 408 406 407
f 438 405 407
f 405 370 409
f 406 370 409
f 406 409 479
f 406 405 409
f 408 370 409
f 408 406 409
f 407 405 409
f 407 406 409
f 407 408 409
f 405 370 414
f 406 370 414
f 406 405 414
f 407 405 414
f 407 406 414
f 409 370 414
f 409 405 414
f 409 406 414
f 409 407 414
f 507 370 411
f 354 418 411
f 479 411 354
f 421 479 411
f 481 418 411
f 481 411 421
f 406 370 411
f 406 507 411
f 406 479 411
f 413 479 411
f 413 421 411
f 408 370 411
f 408 406 411
f 420 411 2049
f 407 406 411
f 407 408 411
f 409 370 411
f 409 479 411
f 409 406 411
f 409 408 411
f 409 407 411
f 414 370 411
f 414 406 411
f 414 407 411
f 414 409 411
f 477 322 419
f 410 322 419
f 354 410 419
f 353 354 419
f 412 354 419
f 423 322 419
f 423 477 419
f 423 410 419
f 423 354 419
f 423 353 419
f 423 412 419
f 426 353 419
f 420 2049 419
f 411 354 419
f 411 421 419
f 411 419 2049
f 411 420 419
f 289 315 425
f 322 315 425
f 482 425 289
f 436 315 425
f 436 289 425
f 436 425 482
f 410 322 425
f 354 410 425
f 353 425 478
f 353 354 425
f 412 354 425
f 423 322 425
f 423 410 425
f 423 354 425
f 423 353 425
f 423 412 425
f 426 353 425
f 424 322 425
f 424 354 425
f 424 423 425
f 420 478 425
f 411 354 425
f 411 421 425
f 411 420 425
f 419 322 425
f 419 410 425
f 419 354 425
f 419 353 425
f 419 412 425
f 419 423 425
f 419 426 425
f 419 421 425
f 419 420 425
f 419 411 425
f 376 495 480
f 376 373 480
f 407 438 480
f 413 376 415
f 407 438 415
f 409 407 415
f 480 376 415
f 480 415 438
f 480 415 407
f 421 479 416
f 481 421 416
f 413 479 416
f 413 421 416
f 413 376 416
f 409 479 416
f 409 407 416
f 414 407 416
f 414 409 416
f 411 479 416
f 411 421 416
f 411 481 416
f 411 413 416
f 411 407 416
f 411 409 416
f 411 414 416
f 415 416 376
f 415 416 413
f 415 407 416
f 415 416 409
f 506 375 422
f 413 422 375
f 413 506 422
f 413 421 422
f 413 417 422
f 414 409 422
f 411 421 422
f 411 413 422
f 411 409 422
f 411 414 422
f 419 477 422
f 419 421 422
f 419 411 422
f 416 421 422
f 416 413 422
f 416 409 422
f 416 414 422
f 416 411 422
f 2186 322 427
f 418 2186 427
f 477 322 427
f 423 322 427
f 423 477 427
f 417 322 427
f 417 478 427
f 424 322 427
f 424 423 427
f 424 417 427
f 420 427 478
f 411 418 427
f 411 421 427
f 411 420 427
f 419 322 427
f 419 477 427
f 419 423 427
f 419 426 427
f 419 421 427
f 419 420 427
f 419 411 427
f 425 494 427
f 425 322 427
f 425 478 427
f 425 423 427
f 425 426 427
f 425 421 427
f 425 424 427
f 425 420 427
f 425 411 427
f 425 419 427
f 416 421 427
f 416 411 427
f 422 477 427
f 422 421 427
f 422 417 427
f 422 411 427
f 422 419 427
f 422 416 427
f 322 315 472
f 356 315 472
f 356 322 472
f 436 315 472
f 477 315 472
f 477 322 472
f 423 322 472
f 423 477 472
f 417 322 472
f 417 356 472
f 424 322 472
f 424 356 472
f 424 423 472
f 424 417 472
f 419 322 472
f 419 477 472
f 419 423 472
f 419 426 472
f 425 315 472
f 425 322 472
f 425 436 472
f 425 423 472
f 425 426 472
f 425 424 472
f 425 419 472
f 427 322 472
f 427 477 472
f 427 423 472
f 427 426 472
f 427 417 472
f 427 424 472
f 427 419 472
f 427 425 472
f 2032 2071 1974
f 2002 1974 2071
f 2030 1973 2069
f 2017 2069 1973
f 2068 1972 2085
f 2054 2085 1972
f 2051 1971 2068
f 2051 2053 1971
f 1972 2068 1971
f 2117 2094 1970
f 2009 1970 2094
f 429 430 431
f 2074 431 430
f 428 429 431
f 428 430 431
f 432 430 431
f 432 428 431
f 476 429 431
f 476 430 431
f 476 428 431
f 476 432 431
f 1977 432 431
f 2131 2132 1969
f 1977 1969 2132
f 437 436 471
f 348 436 471
f 348 437 471
f 2046 1968 2072
f 2046 2047 1968
f 2033 2072 1968
f 2043 1967 2090
f 1999 2090 1967
f 2055 1966 2057
f 2055 2098 1965
f 2018 1965 2098
f 1966 2055 1965
f 2050 362 1964
f 1990 2050 1964
f 2116 2117 1963
f 1970 1963 2117
f 2115 2116 1962
f 1963 1962 2116
f 404 335 434
f 378 404 434
f 2066 378 434
f 399 398 434
f 433 404 434
f 433 399 434
f 1979 2066 434
f 380 378 434
f 380 398 434
f 402 378 434
f 402 398 434
f 402 399 434
f 402 380 434
f 440 404 434
f 440 398 434
f 440 399 434
f 440 433 434
f 337 336 435
f 335 336 435
f 335 337 435
f 404 336 435
f 404 337 435
f 404 335 435
f 378 336 435
f 378 337 435
f 378 404 435
f 433 404 435
f 380 336 435
f 380 378 435
f 440 404 435
f 440 433 435
f 434 335 435
f 434 404 435
f 434 378 435
f 434 433 435
f 434 380 435
f 434 440 435
f 2114 2115 1961
f 1962 1961 2115
f 2107 2108 1960
f 2106 2107 1960
f 2105 2106 1960
f 1984 1960 2108
f 1984 2063 1960
f 352 316 473
f 513 473 316
f 475 316 473
f 475 352 473
f 354 316 473
f 353 316 473
f 353 352 473
f 353 354 473
f 412 354 473
f 423 354 473
f 423 353 473
f 423 412 473
f 426 473 513
f 426 353 473
f 474 316 473
f 474 352 473
f 474 354 473
f 474 353 473
f 474 426 473
f 2061 475 473
f 2062 2061 473
f 484 2062 473
f 425 354 473
f 425 353 473
f 425 412 473
f 425 423 473
f 425 426 473
f 472 423 473
f 472 426 473
f 472 425 473
f 289 315 470
f 436 315 470
f 436 289 470
f 437 315 470
f 437 289 470
f 437 436 470
f 348 436 470
f 348 437 470
f 493 348 470
f 493 470 424
f 419 426 470
f 425 315 470
f 425 289 470
f 425 436 470
f 425 426 470
f 425 424 470
f 425 419 470
f 472 315 470
f 472 436 470
f 472 426 470
f 472 424 470
f 472 419 470
f 472 425 470
f 470 436 471
f 470 437 471
f 470 348 471
f 473 426 470
f 473 425 470
f 473 472 470
f 1960 1959 2105
f 2104 2105 1958
f 2093 2104 1958
f 1959 1958 2105
f 2048 1957 2082
f 2047 2073 1956
f 439 1956 2073
f 1956 1968 2047
f 2032 1955 2044
f 1974 1955 2032
f 2035 1954 2053
f 1971 2053 1954
f 1979 1953 498
f 1969 1952 2131
f 1983 1951 2002
f 2022 2054 1950
f 1972 1950 2054
f 1971 1950 1972
f 1950 1971 1954
f 2028 508 1949
f 1976 1949 508
f 471 1948 470
f 439 489 727
f 1956 439 727
f 1968 1947 2033
f 1968 1956 1947
f 727 1947 1956
f 2018 2052 1946
f 1965 2018 1946
f 2029 1945 2052
f 2013 1944 2029
f 1945 2029 1944
f 487 1943 2008
f 485 1943 487
f 2028 1942 331
f 485 331 1942
f 1943 485 1942
f 480 373 1941
f 2006 2093 1940
f 1987 2006 1940
f 1958 1940 2093
f 2101 2131 1939
f 1952 1939 2131
f 2027 2045 1938
f 2003 2027 1938
f 2001 2003 1937
f 1938 1937 2003
f 1967 1936 1999
f 2087 2088 1935
f 1986 2087 1935
f 1946 2052 1934
f 1934 2052 1945
f 2013 2015 1933
f 1933 1944 2013
f 1980 2017 1932
f 1973 1932 2017
f 2009 1989 1931
f 1970 2009 1931
f 1963 1970 1931
f 438 1930 1976
f 480 1930 438
f 1930 480 1941
f 1974 2002 1929
f 1955 1974 1929
f 1951 1929 2002
f 1999 1928 2045
f 1938 2045 1928
f 1928 1999 1936
f 1937 1927 2001
f 2089 2101 1926
f 1939 1926 2101
f 2088 2089 1924
f 1924 1935 2088
f 1926 1924 2089
f 2022 1923 2122
f 2020 2031 469
f 2015 2020 469
f 441 469 2031
f 1933 2015 469
f 1964 1922 1990
f 1989 1990 1921
f 1931 1989 1921
f 1922 1921 1990
f 498 1920 362
f 1953 1920 498
f 434 1919 1979
f 1953 1979 1919
f 434 399 1918
f 1985 2114 1917
f 1985 1917 2065
f 1961 1917 2114
f 473 1916 484
f 470 1916 473
f 1948 1915 470
f 1916 470 1915
f 1988 1914 2048
f 1957 2048 1914
f 1987 1913 1988
f 1940 1913 1987
f 1914 1988 1913
f 1998 467 490
f 1998 2001 467
f 1927 467 2001
f 1925 467 490
f 439 2128 1912
f 2070 1911 2144
f 2057 1910 2058
f 1966 1910 2057
f 1910 1966 1909
f 2058 1908 2059
f 1910 1908 2058
f 1965 1907 1966
f 1909 1966 1907
f 1950 1906 2022
f 1954 1906 1950
f 1923 2022 1906
f 2035 2056 1905
f 1954 2035 1905
f 1906 1954 1905
f 2056 2059 1904
f 1904 2059 1908
f 1905 2056 1904
f 1919 434 1903
f 1903 434 1918
f 1916 1900 484
f 1900 1916 1915
f 1901 484 1900
f 2082 1899 348
f 1957 1899 2082
f 439 728 489
f 727 489 728
f 727 439 728
f 1947 727 728
f 728 439 1912
f 1947 1898 2033
f 728 1898 1947
f 2033 1897 2042
f 1898 1897 2033
f 2041 2042 1896
f 2040 2041 1896
f 1897 1896 2042
f 2039 2040 1895
f 1896 1895 2040
f 1895 1894 2039
f 2039 1893 2043
f 1894 1893 2039
f 2036 1892 2070
f 1911 2070 1892
f 2019 1891 2036
f 1892 2036 1891
f 1946 1890 1965
f 1907 1965 1890
f 2014 1889 2019
f 1891 2019 1889
f 2012 1888 2014
f 1889 2014 1888
f 1964 362 1887
f 1922 1964 1887
f 1920 1887 362
f 440 1886 399
f 1918 399 1886
f 1918 1886 1903
f 1902 1886 440
f 1959 1960 1885
f 1914 1884 1957
f 1899 1957 1884
f 2044 1883 2128
f 1912 2128 1883
f 1967 2043 1882
f 1936 1967 1882
f 1893 1882 2043
f 2030 2122 1881
f 1923 1881 2122
f 1934 1880 1946
f 1890 1946 1880
f 1980 1879 2012
f 1888 2012 1879
f 1962 1963 1878
f 1961 1962 1878
f 1978 2065 1877
f 1978 1877 440
f 1917 1877 2065
f 1902 440 1877
f 1975 1876 2063
f 484 1876 1975
f 1960 2063 1876
f 1901 1876 484
f 1875 1885 1960
f 1876 1875 1960
f 471 348 1874
f 1948 471 1874
f 1915 1948 1874
f 1915 1874 1900
f 1932 1873 1980
f 1879 1980 1873
f 1903 1872 1919
f 1886 1872 1903
f 1982 1871 1983
f 1936 1870 1928
f 1882 1870 1936
f 2123 2144 1869
f 2079 2123 1869
f 1911 1869 2144
f 1909 1868 1910
f 1973 2030 1867
f 1881 1867 2030
f 1945 1866 1934
f 1880 1934 1866
f 1944 1865 1945
f 1944 1933 1865
f 1866 1945 1865
f 1931 1864 1963
f 1921 1864 1931
f 1921 1922 1864
f 1878 1963 1864
f 1920 1953 1863
f 1919 1863 1953
f 1863 1919 1872
f 1900 1862 1901
f 1876 1901 1862
f 1874 1862 1900
f 1899 1861 348
f 1874 348 1861
f 1913 1940 1860
f 1913 1860 1914
f 1951 1983 1859
f 1859 1983 1871
f 1937 1938 1858
f 1928 1858 1938
f 1927 1937 1857
f 467 1927 1857
f 1858 1857 1937
f 1981 1856 1982
f 1871 1982 1856
f 1955 1855 2044
f 1883 2044 1855
f 1981 1991 1854
f 1856 1981 1854
f 1894 1895 1853
f 2025 466 2031
f 441 2031 466
f 2025 2026 1852
f 2024 1852 2026
f 466 2025 1852
f 2023 1851 2024
f 1852 2024 1851
f 492 1850 2023
f 1851 2023 1850
f 2021 1849 492
f 1850 492 1849
f 2016 1848 2021
f 1849 2021 1848
f 2011 1847 2016
f 1848 2016 1847
f 2010 1846 2011
f 1847 2011 1846
f 2008 1845 2010
f 1846 2010 1845
f 1943 1844 2008
f 1845 2008 1844
f 1917 1961 1843
f 1878 1843 1961
f 1886 1902 1842
f 1877 1842 1902
f 1872 1886 1842
f 2005 1841 2007
f 1841 2005 1840
f 1929 1951 1839
f 1859 1839 1951
f 2004 1838 2005
f 2000 1838 2004
f 1840 2005 1838
f 1997 1837 2000
f 1838 2000 1837
f 1837 1997 1836
f 1996 1835 1997
f 1836 1997 1835
f 1870 1882 1834
f 1995 1833 1996
f 1835 1996 1833
f 1992 1832 1995
f 1833 1995 1832
f 1994 490 468
f 1925 490 468
f 467 490 468
f 467 1925 468
f 1993 1994 1831
f 1992 1993 1831
f 1832 1992 1831
f 468 1831 1994
f 1880 1830 1890
f 469 441 464
f 466 441 464
f 1864 1829 1878
f 1872 1828 1863
f 1828 1872 1842
f 1885 1875 1827
f 1862 1874 1826
f 1861 1826 1874
f 1958 1959 1825
f 1940 1958 1825
f 1885 1825 1959
f 1860 1940 1825
f 1991 2038 1823
f 1854 1991 1823
f 1866 1822 1880
f 1865 1822 1866
f 1830 1880 1822
f 469 1821 1933
f 1865 1933 1821
f 464 1821 469
f 464 1830 1821
f 1822 1865 1821
f 1822 1821 1830
f 1887 1820 1922
f 1887 1920 1820
f 1864 1922 1820
f 1863 1820 1920
f 1829 1864 1820
f 1942 1819 1943
f 1844 1943 1819
f 1877 1917 1818
f 1843 1818 1917
f 1842 1877 1817
f 1842 1817 1828
f 1942 2028 1816
f 1819 1942 1816
f 1816 2028 1815
f 1949 1814 2028
f 1949 1976 1814
f 1815 2028 1814
f 1930 1813 1976
f 1814 1976 1813
f 1941 1812 1930
f 1813 1930 1812
f 1862 1811 1876
f 1826 1811 1862
f 1827 1875 1810
f 1941 2007 1809
f 1841 1809 2007
f 1812 1941 1809
f 1884 1914 1808
f 1860 1808 1914
f 1825 1808 1860
f 1929 1807 1955
f 1855 1955 1807
f 1839 1807 1929
f 1870 1806 1928
f 1858 1928 1806
f 1834 1806 1870
f 1824 1806 1834
f 1857 1805 467
f 1857 1858 1805
f 1824 467 1805
f 1806 1805 1858
f 1806 1824 1805
f 2078 2079 1804
f 1869 1804 2079
f 1932 1973 1803
f 1867 1803 1973
f 1820 1863 1802
f 1818 1801 1877
f 1817 1877 1801
f 1875 1876 1800
f 1811 1800 1876
f 1800 1810 1875
f 1884 1799 1899
f 1861 1899 1799
f 1799 1884 1808
f 2077 2078 1798
f 1804 1798 2078
f 1868 1909 1797
f 1907 1796 1909
f 1797 1909 1796
f 1890 1795 1907
f 1796 1907 1795
f 2075 2077 1794
f 1798 1794 2077
f 2074 2075 1793
f 1794 1793 2075
f 431 2074 1792
f 1793 1792 2074
f 1843 1878 1791
f 1829 1791 1878
f 1818 1843 1791
f 1828 1790 1863
f 1817 1790 1828
f 1802 1863 1790
f 1801 1790 1817
f 431 1789 1977
f 1792 1789 431
f 1969 1977 1788
f 1789 1788 1977
f 1826 1861 1787
f 1811 1826 1787
f 1800 1811 1787
f 1799 1787 1861
f 1827 1786 1885
f 1825 1885 1786
f 1810 1786 1827
f 1853 1785 1894
f 1893 1894 1784
f 1785 1784 1894
f 1882 1893 1783
f 1834 1882 1783
f 1784 1783 1893
f 1830 1782 1890
f 464 1782 1830
f 1795 1890 1782
f 1873 1932 1781
f 1803 1781 1932
f 1820 1780 1829
f 1802 1780 1820
f 1801 1818 1780
f 1780 1791 1829
f 1780 1818 1791
f 1780 1802 1790
f 1780 1790 1801
f 1952 1969 1779
f 1788 1779 1969
f 1808 1825 1778
f 1810 1800 1778
f 1808 1778 1799
f 1787 1778 1800
f 1787 1799 1778
f 1778 1825 1786
f 1778 1786 1810
f 1824 1834 1777
f 1783 1777 1834
f 1797 1776 1868
f 469 441 465
f 466 441 465
f 464 441 465
f 464 469 465
f 464 465 466
f 1782 464 465
f 1868 1775 1910
f 1776 1775 1868
f 1853 1895 1774
f 1785 1853 1773
f 1774 1773 1853
f 468 467 1772
f 1824 1772 467
f 1777 1772 1824
f 2037 1771 2038
f 1823 2038 1771
f 1779 1770 1952
f 1986 1769 2037
f 1771 2037 1769
f 1839 1859 1768
f 1807 1839 1768
f 1939 1952 1767
f 1770 1767 1952
f 1935 1766 1986
f 1935 1924 1766
f 1769 1986 1766
f 1906 1765 1923
f 1905 1764 1906
f 1765 1906 1764
f 1904 1763 1905
f 1764 1905 1763
f 1908 1762 1904
f 1763 1904 1762
f 1908 1910 1761
f 1775 1761 1910
f 1762 1908 1761
f 1879 1760 1888
f 1926 1939 1759
f 1767 1759 1939
f 1898 728 1758
f 1897 1898 1757
f 1758 1757 1898
f 1896 1897 1756
f 1757 1756 1897
f 1912 1755 728
f 1755 1758 728
f 1895 1896 1754
f 1774 1895 1754
f 1756 1754 1896
f 1924 1926 1753
f 1753 1766 1924
f 1759 1753 1926
f 1881 1923 1752
f 1765 1752 1923
f 1891 1751 1892
f 1889 1751 1891
f 1888 1750 1889
f 1760 1750 1888
f 1751 1889 1750
f 1873 1749 1879
f 1781 1749 1873
f 1760 1879 1749
f 1768 1859 1748
f 1807 1747 1855
f 1768 1747 1807
f 1855 1746 1883
f 1747 1746 1855
f 1883 1745 1912
f 1755 1912 1745
f 1746 1745 1883
f 1744 1892 1751
f 1867 1881 1743
f 1752 1743 1881
f 1871 1742 1859
f 1748 1859 1742
f 1776 1797 1741
f 1796 1740 1797
f 1741 1797 1740
f 1795 1739 1796
f 1740 1796 1739
f 1782 1738 1795
f 1739 1795 1738
f 465 1737 1782
f 1738 1782 1737
f 465 466 1736
f 1737 465 1736
f 1775 1776 1735
f 1761 1775 1735
f 1735 1776 1741
f 1852 1734 466
f 1851 1734 1852
f 1736 466 1734
f 1850 1733 1851
f 1734 1851 1733
f 1849 1732 1850
f 1733 1850 1732
f 1848 1731 1849
f 1732 1849 1731
f 1847 1730 1848
f 1731 1848 1730
f 1846 1729 1847
f 1730 1847 1729
f 1803 1867 1728
f 1743 1728 1867
f 1845 1727 1846
f 1729 1846 1727
f 1781 1803 1726
f 1749 1781 1726
f 1728 1726 1803
f 1844 1725 1845
f 1727 1845 1725
f 1819 1724 1844
f 1725 1844 1724
f 1816 1723 1819
f 1724 1819 1723
f 1815 1722 1816
f 1723 1816 1722
f 1722 1815 1721
f 1814 1720 1815
f 1813 1720 1814
f 1721 1815 1720
f 1812 1719 1813
f 1720 1813 1719
f 1809 1718 1812
f 1719 1812 1718
f 1809 1841 1717
f 1718 1809 1717
f 1840 1716 1841
f 1717 1841 1716
f 1838 1715 1840
f 1716 1840 1715
f 1837 1714 1838
f 1715 1838 1714
f 1856 1713 1871
f 1742 1871 1713
f 1836 1712 1837
f 1714 1837 1712
f 1712 1836 1711
f 1835 1710 1836
f 1711 1836 1710
f 1833 1709 1835
f 1710 1835 1709
f 1832 1708 1833
f 1709 1833 1708
f 1773 1774 1707
f 1754 1707 1774
f 1831 1706 1832
f 1831 468 1706
f 1708 1832 1706
f 1773 1705 1785
f 1707 1705 1773
f 1784 1785 1704
f 1705 1704 1785
f 1783 1784 1703
f 1704 1703 1784
f 1777 1783 1702
f 1703 1702 1783
f 1772 1777 1701
f 1702 1701 1777
f 1772 1700 468
f 1700 1706 468
f 1701 1700 1772
f 1892 1699 1911
f 1744 1699 1892
f 1854 1698 1856
f 1823 1698 1854
f 1713 1856 1698
f 1771 1697 1823
f 1698 1823 1697
f 1748 1696 1768
f 1747 1768 1696
f 1869 1911 1695
f 1804 1869 1695
f 1699 1695 1911
f 1746 1747 1694
f 1696 1694 1747
f 1743 1752 1689
f 1728 1743 1688
f 1689 1688 1743
f 1726 1687 1749
f 1726 1728 1687
f 1688 1687 1728
f 1692 1693 1685
f 1686 1685 1693
f 1692 1681 1693
f 1684 1680 1692
f 1681 1692 1680
f 1690 1691 1679
f 1679 1678 1690
f 1678 1677 1690
f 1690 1675 1691
f 1676 1691 1675
f 1742 1674 1748
f 1696 1748 1674
f 1745 1746 1673
f 1694 1673 1746
f 1734 1672 1736
f 1733 1671 1734
f 1672 1734 1671
f 1732 1670 1733
f 1671 1733 1670
f 1731 1669 1732
f 1670 1732 1669
f 1730 1668 1731
f 1669 1731 1668
f 1750 1760 1667
f 1749 1666 1760
f 1687 1666 1749
f 1667 1760 1666
f 444 1665 730
f 1685 729 1692
f 729 1684 1692
f 730 729 1685
f 444 730 729
f 1665 729 730
f 1665 444 729
f 1683 1663 1682
f 1663 1683 1664
f 1686 1693 1662
f 442 443 463
f 442 462 463
f 443 463 462
f 443 442 462
f 1677 1660 1690
f 1660 1675 1690
f 1710 1659 1711
f 1709 1658 1710
f 1659 1710 1658
f 1708 1657 1709
f 1658 1709 1657
f 1706 1656 1708
f 1657 1708 1656
f 1706 1700 1655
f 1656 1706 1655
f 1762 1654 1763
f 1761 1653 1762
f 1654 1762 1653
f 1729 1652 1730
f 1668 1730 1652
f 1662 1651 1686
f 1681 1650 1693
f 1662 1693 1650
f 1680 1684 1649
f 1682 1648 1683
f 1648 1682 1647
f 442 463 1645
f 1646 1645 463
f 1677 1678 1644
f 1679 1691 1643
f 1661 1643 1691
f 1676 1642 1691
f 1661 1691 1642
f 1713 1641 1742
f 1674 1742 1641
f 1659 1640 1711
f 1756 1757 1639
f 1754 1756 1638
f 1639 1638 1756
f 1697 1771 1637
f 1798 1804 1636
f 1695 1636 1804
f 1737 1635 1738
f 1736 1635 1737
f 1672 1635 1736
f 1735 1634 1761
f 1741 1634 1735
f 1634 1653 1761
f 1633 1763 1654
f 1667 1632 1750
f 1725 1631 1727
f 1724 1631 1725
f 1683 1630 1664
f 1682 1663 1629
f 1629 1647 1682
f 1628 1649 1684
f 1631 1724 1627
f 1723 1626 1724
f 1722 1626 1723
f 1627 1724 1626
f 1626 1722 1625
f 1721 1624 1722
f 1625 1722 1624
f 1720 1623 1721
f 1719 1623 1720
f 1624 1721 1623
f 1718 1622 1719
f 1623 1719 1622
f 1717 1621 1718
f 1622 1718 1621
f 1716 1620 1717
f 1621 1717 1620
f 1646 463 1619
f 1715 1618 1716
f 1620 1716 1618
f 1644 1617 1677
f 462 442 1616
f 1645 1616 442
f 443 1615 463
f 1714 1614 1715
f 1618 1715 1614
f 1712 1613 1714
f 1614 1714 1613
f 1612 1639 1757
f 1707 1754 1611
f 1705 1707 1611
f 1638 1611 1754
f 1701 1702 1610
f 1700 1701 1610
f 1655 1700 1610
f 1794 1798 1609
f 1636 1609 1798
f 1634 1741 1608
f 1764 1607 1765
f 1763 1607 1764
f 1633 1607 1763
f 1750 1606 1751
f 1632 1606 1750
f 1793 1794 1605
f 1609 1605 1794
f 1727 1604 1729
f 1652 1729 1604
f 1685 1686 1603
f 730 1685 1603
f 1792 1793 1602
f 1605 1602 1793
f 1684 729 1601
f 729 444 1601
f 1628 1684 1601
f 1789 1792 1600
f 1602 1600 1792
f 1680 1599 1681
f 1650 1681 1599
f 1649 1598 1680
f 1599 1680 1598
f 1788 1789 1597
f 1600 1597 1789
f 1597 1596 1788
f 1678 1679 1595
f 1643 1595 1679
f 1644 1678 1594
f 1595 1594 1678
f 1660 1677 1593
f 1617 1593 1677
f 1675 1660 1592
f 1694 1696 1591
f 1674 1591 1696
f 1641 1713 1590
f 1711 1589 1712
f 1640 1589 1711
f 1613 1712 1589
f 1757 1758 1588
f 1758 1755 1588
f 1612 1757 1588
f 1611 1587 1705
f 1740 1586 1741
f 1739 1586 1740
f 1608 1741 1586
f 1635 1585 1738
f 1752 1765 1584
f 1689 1752 1584
f 1584 1765 1607
f 1651 1583 1686
f 1583 1603 1686
f 444 730 1582
f 1603 1582 730
f 1582 1601 444
f 1649 1628 1581
f 1779 1788 1580
f 1596 1580 1788
f 1617 1644 1579
f 1593 1578 1660
f 1578 1592 1660
f 1675 1577 1676
f 1642 1676 1577
f 1577 1675 1592
f 1588 1755 1576
f 1704 1705 1575
f 1703 1704 1575
f 1587 1575 1705
f 1610 1702 1574
f 1769 1573 1771
f 1637 1771 1573
f 1751 1572 1744
f 1606 1572 1751
f 1738 1571 1739
f 1586 1739 1571
f 1585 1571 1738
f 1631 1570 1727
f 1604 1727 1570
f 1599 1569 1650
f 1598 1649 1568
f 1581 1568 1649
f 1594 1567 1644
f 1579 1644 1567
f 1595 1643 1566
f 1770 1779 1565
f 1580 1565 1779
f 1698 1564 1713
f 1590 1713 1564
f 1655 1563 1656
f 1702 1703 1562
f 1575 1562 1703
f 1574 1702 1562
f 1766 1561 1769
f 1766 1753 1561
f 1573 1769 1561
f 1652 1560 1668
f 1583 1651 1559
f 1577 1558 1642
f 1767 1770 1557
f 1565 1557 1770
f 1640 1659 1556
f 1759 1767 1555
f 1557 1555 1767
f 1753 1759 1554
f 1554 1561 1753
f 1555 1554 1759
f 1635 1672 1553
f 1670 1552 1671
f 1669 1551 1670
f 1552 1670 1551
f 1668 1550 1669
f 1560 1550 1668
f 1551 1669 1550
f 1601 1582 1549
f 1630 1548 1664
f 1663 1664 1547
f 1629 1663 1547
f 1548 1547 1664
f 1651 1662 1546
f 1559 1651 1546
f 1547 1545 1629
f 1548 1630 1544
f 1630 1683 1543
f 1544 1630 1543
f 1545 1542 1629
f 1650 1541 1662
f 1546 1662 1541
f 1647 1629 1540
f 1542 1540 1629
f 1648 1539 1683
f 1543 1683 1539
f 1569 1538 1650
f 1541 1650 1538
f 1539 1648 1537
f 1540 1536 1647
f 1647 1535 1648
f 1537 1648 1535
f 1536 1534 1647
f 1535 1647 1534
f 1619 1533 1646
f 1645 1646 1532
f 1533 1532 1646
f 1532 1531 1645
f 1533 1619 1530
f 1566 1643 1529
f 1619 463 1528
f 1615 1528 463
f 1530 1619 1528
f 1616 1645 1527
f 1531 1527 1645
f 1528 1615 1526
f 1527 1525 1616
f 1643 1661 1524
f 1529 1643 1524
f 1526 1615 1523
f 1525 1522 1616
f 1615 443 1521
f 1523 1615 1521
f 462 1520 443
f 1616 1520 462
f 1522 1520 1616
f 1521 443 1520
f 1642 1519 1661
f 1558 1519 1642
f 1524 1661 1519
f 1578 1593 1518
f 1658 1517 1659
f 1556 1659 1517
f 1657 1516 1658
f 1517 1658 1516
f 1656 1515 1657
f 1563 1515 1656
f 1516 1657 1515
f 1610 1514 1655
f 1563 1655 1514
f 1745 1513 1755
f 1673 1513 1745
f 1576 1755 1513
f 1584 1512 1689
f 1688 1689 1511
f 1512 1511 1689
f 1604 1510 1652
f 1560 1652 1510
f 1687 1688 1509
f 1511 1509 1688
f 1666 1687 1508
f 1509 1508 1687
f 1568 1581 1507
f 1567 1504 1579
f 1591 1503 1694
f 1556 1502 1640
f 1673 1694 1501
f 1501 1513 1673
f 1503 1501 1694
f 1699 1744 1500
f 1572 1500 1744
f 1671 1499 1672
f 1553 1672 1499
f 1552 1499 1671
f 1581 1628 1498
f 1579 1497 1617
f 1697 1496 1698
f 1637 1496 1697
f 1564 1698 1496
f 1585 1635 1495
f 1553 1495 1635
f 1510 1494 1560
f 1570 1493 1604
f 1510 1604 1493
f 1601 1492 1628
f 1549 1492 1601
f 1492 1498 1628
f 1570 1631 1491
f 1627 1490 1631
f 1491 1631 1490
f 1598 1489 1599
f 1569 1599 1489
f 1489 1598 1488
f 1505 1506 1487
f 1505 1486 1506
f 1567 1594 1485
f 1594 1595 1484
f 1566 1484 1595
f 1485 1594 1484
f 1614 1483 1618
f 1593 1617 1482
f 1518 1593 1482
f 1497 1482 1617
f 1613 1481 1614
f 1483 1614 1481
f 1641 1480 1674
f 1591 1674 1480
f 1503 1591 1480
f 1589 1640 1479
f 1502 1479 1640
f 1502 1556 1478
f 1515 1563 1477
f 1574 1476 1610
f 1514 1610 1476
f 1666 1475 1667
f 1508 1475 1666
f 1507 1581 1474
f 1498 1474 1581
f 1626 1473 1627
f 1490 1627 1473
f 1625 1472 1626
f 1473 1626 1472
f 1487 1506 1471
f 1486 1470 1506
f 1620 1469 1621
f 1618 1468 1620
f 1483 1468 1618
f 1469 1620 1468
f 1504 1467 1579
f 1497 1579 1467
f 1586 1466 1608
f 1571 1465 1586
f 1466 1586 1465
f 1571 1585 1464
f 1495 1464 1585
f 1465 1571 1464
f 1551 1463 1552
f 1550 1462 1551
f 1463 1551 1462
f 1550 1560 1461
f 1494 1461 1560
f 1462 1550 1461
f 1632 1667 1460
f 1460 1667 1475
f 1493 1570 1458
f 1491 1457 1570
f 1458 1570 1457
f 1568 1456 1598
f 1507 1456 1568
f 1488 1598 1456
f 1624 1455 1625
f 1472 1625 1455
f 1487 1454 1505
f 1623 1453 1624
f 1622 1453 1623
f 1455 1624 1453
f 1486 1505 1452
f 1621 1451 1622
f 1451 1621 1469
f 1453 1622 1451
f 1504 1567 1450
f 1485 1450 1567
f 1589 1449 1613
f 1481 1613 1449
f 1479 1447 1589
f 1449 1589 1447
f 1590 1446 1641
f 1480 1641 1446
f 1517 1445 1556
f 1478 1556 1445
f 1516 1444 1517
f 1445 1517 1444
f 1515 1443 1516
f 1443 1444 1516
f 1575 1587 1442
f 1562 1575 1441
f 1442 1441 1575
f 1562 1440 1574
f 1476 1574 1440
f 1441 1440 1562
f 1653 1634 1439
f 1608 1439 1634
f 1466 1439 1608
f 1460 1438 1632
f 1494 1510 1437
f 1493 1437 1510
f 1582 1603 1436
f 1549 1582 1436
f 1459 1436 1603
f 1603 1583 1435
f 1459 1603 1435
f 1492 1549 1434
f 1489 1433 1569
f 1471 1506 1432
f 1470 1432 1506
f 1484 1566 1431
f 1482 1430 1518
f 1592 1429 1577
f 1558 1577 1429
f 1448 1429 1592
f 1592 1578 1428
f 1518 1428 1578
f 1448 1592 1428
f 1479 1502 1427
f 1478 1427 1502
f 1446 1590 1426
f 1611 1638 1425
f 1587 1611 1425
f 1442 1587 1425
f 1653 1424 1654
f 1424 1653 1439
f 1499 1423 1553
f 1499 1552 1422
f 1463 1422 1552
f 1457 1491 1421
f 1456 1507 1420
f 1454 1419 1505
f 1452 1505 1419
f 1450 1418 1504
f 1449 1417 1481
f 1477 1416 1515
f 1443 1515 1416
f 1514 1415 1563
f 1477 1563 1415
f 1416 1477 1415
f 1638 1639 1414
f 1414 1425 1638
f 1511 1512 1413
f 1654 1412 1633
f 1424 1412 1654
f 1509 1511 1411
f 1413 1411 1511
f 1508 1509 1410
f 1411 1410 1509
f 1462 1409 1463
f 1436 1459 1409
f 1461 1408 1462
f 1409 1462 1408
f 1409 1408 1436
f 1461 1494 1407
f 1437 1407 1494
f 1408 1461 1407
f 1458 1406 1493
f 1437 1493 1406
f 1436 1405 1549
f 1434 1549 1405
f 1408 1405 1436
f 1407 1405 1408
f 1498 1492 1404
f 1474 1498 1403
f 1404 1403 1498
f 1404 1421 1403
f 1490 1402 1491
f 1421 1491 1402
f 1403 1421 1402
f 1481 1401 1483
f 1417 1401 1481
f 1467 1400 1497
f 1400 1401 1417
f 1482 1497 1399
f 1400 1399 1497
f 1400 1417 1399
f 1430 1398 1518
f 1428 1518 1398
f 1447 1479 1397
f 1427 1397 1479
f 1445 1396 1478
f 1427 1478 1396
f 1444 1443 1395
f 1428 1395 1448
f 1416 1395 1443
f 1444 1394 1445
f 1398 1394 1428
f 1396 1445 1394
f 1396 1394 1398
f 1395 1394 1444
f 1395 1428 1394
f 1480 1393 1503
f 1501 1503 1392
f 1393 1392 1503
f 1639 1612 1391
f 1414 1639 1391
f 1513 1501 1390
f 1392 1390 1501
f 1435 1389 1459
f 1422 1463 1389
f 1389 1463 1409
f 1389 1409 1459
f 1407 1437 1388
f 1388 1437 1406
f 1405 1388 1434
f 1405 1407 1388
f 1559 1387 1583
f 1546 1387 1559
f 1435 1583 1387
f 1457 1386 1458
f 1421 1386 1457
f 1406 1458 1386
f 1386 1421 1404
f 1473 1385 1490
f 1402 1490 1385
f 1467 1504 1384
f 1418 1384 1504
f 1468 1483 1383
f 1383 1483 1401
f 1447 1382 1449
f 1417 1449 1382
f 1399 1417 1382
f 1382 1447 1397
f 1519 1558 1381
f 1429 1381 1558
f 1398 1430 1380
f 1380 1397 1427
f 1380 1427 1396
f 1380 1396 1398
f 1429 1448 1379
f 1379 1448 1395
f 1379 1395 1416
f 1695 1699 1378
f 1636 1695 1378
f 1500 1378 1699
f 1607 1633 1377
f 1412 1377 1633
f 1606 1632 1376
f 1438 1376 1632
f 1475 1508 1375
f 1475 1375 1460
f 1410 1375 1508
f 1434 1374 1492
f 1404 1492 1374
f 1388 1374 1434
f 1406 1374 1388
f 1386 1374 1406
f 1404 1374 1386
f 1547 1548 1373
f 1544 1373 1548
f 1373 1372 1547
f 1541 1371 1546
f 1387 1546 1371
f 1543 1370 1544
f 1373 1544 1370
f 1545 1547 1369
f 1372 1369 1547
f 1539 1368 1543
f 1370 1543 1368
f 1542 1545 1367
f 1369 1367 1545
f 1538 1366 1541
f 1371 1541 1366
f 1537 1365 1539
f 1368 1539 1365
f 1540 1542 1364
f 1536 1540 1364
f 1367 1364 1542
f 1538 1569 1363
f 1366 1538 1363
f 1403 1362 1474
f 1402 1362 1403
f 1385 1362 1402
f 1535 1361 1537
f 1365 1537 1361
f 1364 1360 1536
f 1534 1359 1535
f 1361 1535 1359
f 1534 1536 1358
f 1360 1358 1536
f 1359 1534 1358
f 1474 1357 1507
f 1420 1507 1357
f 1362 1357 1474
f 1472 1356 1473
f 1385 1473 1356
f 1419 1454 1355
f 1419 1354 1452
f 1530 1353 1533
f 1532 1533 1352
f 1353 1352 1533
f 1468 1351 1469
f 1383 1351 1468
f 1531 1532 1350
f 1352 1350 1532
f 1528 1349 1530
f 1353 1530 1349
f 1400 1467 1348
f 1401 1400 1348
f 1384 1348 1467
f 1401 1348 1383
f 1527 1531 1347
f 1350 1347 1531
f 1529 1346 1566
f 1431 1566 1346
f 1526 1345 1528
f 1349 1528 1345
f 1523 1344 1526
f 1345 1526 1344
f 1525 1527 1343
f 1347 1343 1527
f 1524 1342 1529
f 1346 1529 1342
f 1521 1341 1523
f 1344 1523 1341
f 1522 1525 1340
f 1343 1340 1525
f 1519 1339 1524
f 1381 1339 1519
f 1342 1524 1339
f 1520 1338 1521
f 1341 1521 1338
f 1520 1522 1337
f 1340 1337 1522
f 1338 1520 1337
f 1430 1482 1336
f 1399 1336 1482
f 1382 1336 1399
f 1397 1336 1382
f 1380 1430 1336
f 1397 1380 1336
f 1564 1335 1590
f 1426 1590 1335
f 1588 1334 1612
f 1391 1612 1334
f 1423 1499 1333
f 1422 1333 1499
f 1438 1460 1332
f 1332 1460 1375
f 1332 1375 1410
f 1455 1331 1472
f 1356 1472 1331
f 1469 1330 1451
f 1330 1469 1351
f 1446 1329 1480
f 1426 1329 1446
f 1393 1480 1329
f 1415 1328 1416
f 1379 1416 1328
f 1607 1327 1584
f 1377 1327 1607
f 1410 1411 1326
f 1332 1410 1326
f 1389 1435 1325
f 1389 1325 1422
f 1387 1325 1435
f 1333 1422 1325
f 445 461 1324
f 1323 1324 461
f 1362 1385 1322
f 1357 1362 1322
f 1356 1322 1385
f 1488 1321 1489
f 1433 1489 1321
f 1471 1319 1487
f 1320 1319 1471
f 1454 1487 1318
f 1355 1454 1318
f 1319 1318 1487
f 1432 1317 1471
f 1320 1471 1317
f 1453 1316 1455
f 1451 1316 1453
f 1331 1455 1316
f 1330 1316 1451
f 1432 1470 1315
f 1315 1470 1314
f 1470 1486 1313
f 1314 1470 1313
f 1452 1312 1486
f 1354 1312 1452
f 1313 1486 1312
f 1484 1311 1485
f 1431 1311 1484
f 1351 1383 1310
f 1348 1384 1310
f 1348 1310 1383
f 1308 1307 1309
f 1381 1429 1306
f 1379 1306 1429
f 1328 1306 1379
f 1392 1393 1305
f 1329 1305 1393
f 1576 1304 1588
f 1334 1588 1304
f 1411 1413 1303
f 1303 1326 1411
f 1495 1553 1302
f 1423 1302 1553
f 1324 1323 1301
f 1300 1301 1323
f 1317 1432 1299
f 1299 1432 1315
f 1298 1309 1307
f 1307 1308 1297
f 1476 1296 1514
f 1415 1514 1296
f 1390 1392 1295
f 1305 1295 1392
f 1572 1606 1294
f 1376 1294 1606
f 1376 1438 1293
f 1332 1293 1438
f 1326 1293 1332
f 1323 1292 1300
f 1433 1291 1569
f 1363 1569 1291
f 1321 1290 1433
f 1291 1433 1290
f 1331 1289 1356
f 1322 1356 1289
f 1351 1288 1330
f 1310 1288 1351
f 1311 1431 1287
f 1346 1286 1431
f 1287 1431 1286
f 1298 1285 1309
f 1335 1284 1426
f 1329 1426 1284
f 1305 1329 1284
f 1496 1637 1283
f 1512 1584 1282
f 1327 1282 1584
f 1318 1281 1355
f 1290 1281 1318
f 1290 1321 1280
f 1281 1290 1280
f 1321 1488 1279
f 1280 1321 1279
f 1456 1278 1488
f 1420 1278 1456
f 1279 1488 1278
f 1357 1277 1420
f 1278 1420 1277
f 1322 1276 1357
f 1276 1322 1289
f 1277 1357 1276
f 1316 1275 1331
f 1316 1330 1275
f 1289 1331 1275
f 1275 1330 1288
f 1312 1354 1274
f 1273 1311 1287
f 1273 1287 1274
f 1311 1272 1485
f 1273 1272 1311
f 1450 1485 1271
f 1418 1450 1271
f 1272 1271 1485
f 1384 1418 1270
f 1271 1270 1418
f 1310 1384 1269
f 1269 1288 1310
f 1270 1269 1384
f 1513 1268 1576
f 1304 1576 1268
f 1326 1303 1267
f 1293 1326 1267
f 1412 1424 1266
f 1439 1466 1265
f 1439 1265 1424
f 1266 1424 1265
f 1464 1495 1264
f 1302 1264 1495
f 1333 1263 1423
f 1302 1423 1263
f 1355 1262 1419
f 1354 1419 1262
f 1281 1262 1355
f 1280 1262 1281
f 1274 1354 1262
f 1273 1274 1262
f 1276 1261 1277
f 1269 1270 1261
f 1289 1260 1276
f 1275 1260 1289
f 1288 1260 1275
f 1288 1269 1260
f 1261 1276 1260
f 1261 1260 1269
f 1297 1259 1307
f 1328 1415 1258
f 1296 1258 1415
f 1440 1257 1476
f 1296 1476 1257
f 1425 1256 1442
f 1425 1414 1256
f 1391 1255 1414
f 1256 1414 1255
f 1295 1305 1254
f 1284 1254 1305
f 1496 1253 1564
f 1335 1564 1253
f 1283 1253 1496
f 1609 1636 1252
f 1378 1252 1636
f 1465 1251 1466
f 1265 1466 1251
f 1464 1250 1465
f 1250 1464 1264
f 1251 1465 1250
f 1371 1249 1387
f 1325 1387 1249
f 1325 1249 1333
f 1263 1333 1249
f 445 1324 1248
f 1324 1301 1247
f 1300 1247 1301
f 1248 1246 445
f 461 459 445
f 1246 459 445
f 461 460 445
f 459 445 460
f 459 461 460
f 1279 1245 1280
f 1272 1273 1245
f 1262 1280 1245
f 1262 1245 1273
f 1278 1244 1279
f 1271 1272 1244
f 1245 1279 1244
f 1245 1244 1272
f 1277 1243 1278
f 1270 1271 1243
f 1243 1277 1261
f 1243 1261 1270
f 1244 1278 1243
f 1244 1243 1271
f 1307 1242 1298
f 1339 1381 1241
f 1306 1241 1381
f 1306 1328 1241
f 1241 1328 1258
f 1440 1441 1240
f 1257 1440 1240
f 1441 1442 1239
f 1239 1442 1256
f 1239 1240 1441
f 1573 1238 1637
f 1283 1637 1238
f 1293 1237 1376
f 1267 1237 1293
f 1605 1609 1236
f 1252 1236 1609
f 1377 1412 1235
f 1266 1235 1412
f 1292 1234 1300
f 1247 1300 1234
f 1234 1292 1233
f 461 1232 1323
f 1308 1309 1231
f 1297 1308 1230
f 1285 1298 1229
f 1242 1229 1298
f 1259 1228 1307
f 1242 1307 1228
f 1334 1227 1391
f 1255 1391 1227
f 1284 1335 1226
f 1254 1284 1226
f 1561 1225 1573
f 1561 1554 1225
f 1238 1573 1225
f 1294 1376 1224
f 1223 1376 1237
f 1224 1376 1223
f 1264 1302 1221
f 1263 1221 1302
f 1602 1605 1220
f 1236 1220 1605
f 1600 1602 1219
f 1220 1219 1602
f 1248 1324 1218
f 1247 1218 1324
f 1597 1600 1217
f 1219 1217 1600
f 1292 1323 1216
f 1216 1323 1232
f 1596 1597 732
f 732 449 1596
f 1217 732 1597
f 1285 1215 1309
f 1215 1231 1309
f 1580 1596 1214
f 449 1214 1596
f 1213 1285 1229
f 1259 1297 1212
f 1230 1212 1297
f 1565 1580 1211
f 1214 1211 1580
f 1557 1565 1210
f 1211 1210 1565
f 1258 1296 1209
f 1257 1209 1296
f 1555 1557 1208
f 1210 1208 1557
f 1554 1555 1207
f 1207 1225 1554
f 1208 1207 1555
f 1253 1206 1335
f 1226 1335 1206
f 1500 1572 1205
f 1294 1205 1572
f 1265 1204 1266
f 1250 447 1251
f 731 446 457
f 1264 1203 1250
f 1221 1203 1264
f 447 1250 1203
f 1222 1202 731
f 447 1202 1222
f 457 731 1202
f 1366 450 1371
f 1249 1371 450
f 452 455 450
f 460 1201 461
f 1232 461 1201
f 1290 1200 1291
f 1286 1199 1287
f 1240 1198 1257
f 1209 1257 1198
f 1240 1239 1197
f 1197 1198 1240
f 1255 1196 1256
f 1227 1196 1255
f 1413 1512 1195
f 1303 1413 1195
f 1282 1195 1512
f 1327 1377 1194
f 1235 1194 1377
f 731 458 446
f 458 731 457
f 458 446 457
f 1251 456 1265
f 1204 1265 456
f 456 1251 447
f 456 446 447
f 457 446 456
f 447 456 1202
f 456 457 1202
f 458 446 456
f 457 458 456
f 1249 1193 1263
f 1221 1263 1193
f 1193 1249 450
f 1192 450 452
f 1363 1191 1366
f 450 1366 1191
f 1291 1190 1363
f 1191 1363 1190
f 1318 1319 1189
f 1290 1318 1189
f 1200 1290 1189
f 1319 1320 1188
f 1188 1189 1319
f 1313 1187 1314
f 1312 1186 1313
f 1274 1186 1312
f 1287 1186 1274
f 1186 1287 1199
f 1187 1313 1186
f 1231 1185 1308
f 1230 1308 1185
f 1286 1346 1184
f 1342 1183 1346
f 1184 1346 1183
f 1339 1182 1342
f 1241 1182 1339
f 1183 1342 1182
f 1258 1181 1241
f 1209 1181 1258
f 1182 1241 1181
f 1256 1180 1239
f 1180 1197 1239
f 1180 1256 1196
f 1304 1179 1334
f 1227 1334 1179
f 1390 1178 1513
f 1295 1178 1390
f 1268 1513 1178
f 1203 1221 1177
f 1193 1177 1221
f 1370 1176 1373
f 1372 1373 1175
f 1176 1175 1373
f 1368 1174 1370
f 1176 1370 1174
f 1369 1372 1173
f 1175 1173 1372
f 1365 1172 1368
f 1174 1368 1172
f 1367 1369 1171
f 1364 1367 1171
f 1173 1171 1369
f 1361 1170 1365
f 1172 1365 1170
f 1360 1364 1169
f 1171 1169 1364
f 1170 1361 1168
f 1358 1360 1167
f 1169 1167 1360
f 1233 1292 1166
f 1216 1166 1292
f 1359 1165 1361
f 1168 1361 1165
f 1358 1164 1359
f 1167 1164 1358
f 1165 1359 1164
f 1317 1163 1320
f 1188 1320 1163
f 1315 1162 1299
f 1314 1161 1315
f 1187 1161 1314
f 1162 1315 1161
f 1349 1160 1353
f 1352 1353 1159
f 1160 1159 1353
f 1215 1285 1158
f 1213 1158 1285
f 1350 1352 1157
f 1159 1157 1352
f 1345 1156 1349
f 1160 1349 1156
f 1347 1350 1155
f 1157 1155 1350
f 1344 1154 1345
f 1156 1345 1154
f 1343 1347 1153
f 1340 1343 1153
f 1155 1153 1347
f 1341 1152 1344
f 1154 1344 1152
f 1212 1151 1259
f 1338 1150 1341
f 1152 1341 1150
f 1337 1340 1149
f 1153 1149 1340
f 1150 1338 1148
f 1337 1147 1338
f 1149 1147 1337
f 1148 1338 1147
f 1198 1146 1209
f 1181 1209 1146
f 1235 1266 1145
f 1204 1145 1266
f 456 1144 1204
f 1203 1143 447
f 1143 1203 1177
f 1200 1142 1291
f 1190 1291 1142
f 1299 1141 1317
f 1163 1317 1141
f 1199 1286 1140
f 1184 1140 1286
f 1198 1197 1139
f 1139 1146 1198
f 1196 1138 1180
f 1196 1227 1137
f 1179 1137 1227
f 1138 1196 1137
f 1144 456 1136
f 447 1135 456
f 1143 1135 447
f 1136 456 1135
f 1177 1133 1143
f 450 1132 1193
f 1177 1193 1132
f 1133 1177 1132
f 1234 1131 1247
f 1191 1130 450
f 1132 450 1130
f 1189 1129 1200
f 1189 1188 1129
f 1142 1200 1129
f 1162 1128 1299
f 1141 1299 1128
f 1199 1127 1186
f 1186 1127 1187
f 1140 1127 1199
f 1182 1126 1183
f 1229 1242 1125
f 1228 1124 1242
f 1125 1242 1124
f 1146 1139 1123
f 1181 1122 1182
f 1146 1122 1181
f 1126 1182 1122
f 1123 1122 1146
f 1197 1180 1121
f 1139 1197 1121
f 1123 1139 1121
f 1138 1120 1180
f 1121 1180 1120
f 1267 1303 1119
f 1195 1119 1303
f 1282 1327 1118
f 1194 1118 1327
f 1117 1136 1135
f 452 453 455
f 453 455 1134
f 1135 1143 1116
f 1116 1143 1133
f 450 455 454
f 1134 455 454
f 453 455 454
f 1134 454 453
f 1218 1247 1115
f 1115 1247 1131
f 1132 1114 1133
f 1114 1132 1130
f 1190 1113 1191
f 1142 1113 1190
f 1130 1191 1113
f 1163 1112 1188
f 1112 1129 1188
f 1112 1142 1129
f 1113 1142 1112
f 1161 1187 1111
f 1111 1187 1127
f 1111 1127 1140
f 1183 1110 1184
f 1140 1184 1110
f 1110 1183 1126
f 1111 1140 1110
f 1126 1122 1109
f 1123 1109 1122
f 1123 1121 1108
f 1268 1107 1304
f 1179 1304 1107
f 1254 1106 1295
f 1178 1295 1106
f 1145 1204 1105
f 1144 1105 1204
f 450 452 451
f 1192 452 451
f 450 1192 451
f 453 452 451
f 454 451 450
f 454 453 451
f 1135 1104 1117
f 1116 1104 1135
f 1133 1103 1116
f 1114 1103 1133
f 1130 1102 1114
f 1113 1102 1130
f 1166 1101 1233
f 1112 1163 1100
f 1112 1100 1113
f 1102 1113 1100
f 1141 1099 1163
f 1128 1099 1141
f 1100 1163 1099
f 1161 1098 1162
f 1128 1162 1098
f 1111 1097 1161
f 1110 1097 1111
f 1098 1161 1097
f 1158 1213 1096
f 1126 1095 1110
f 1126 1109 1095
f 1097 1110 1095
f 1123 1094 1109
f 1123 1108 1094
f 1120 1093 1121
f 1121 1093 1108
f 1137 1092 1138
f 1120 1138 1092
f 1246 1248 1091
f 459 1246 1090
f 1091 1090 1246
f 1104 1116 1089
f 1089 1116 1103
f 1090 1088 459
f 1233 1087 1234
f 1131 1234 1087
f 1087 1233 1101
f 1103 1114 1086
f 1086 1114 1102
f 460 459 1085
f 1201 460 1085
f 1088 1085 459
f 1084 1102 1100
f 1100 1099 1084
f 1102 1084 1086
f 1083 1098 1097
f 1097 1095 1083
f 1096 1213 1082
f 1081 1095 1109
f 1081 1109 1094
f 1081 1083 1095
f 1229 1080 1213
f 1125 1080 1229
f 1082 1213 1080
f 1228 1259 1078
f 1151 1078 1259
f 1094 1108 1077
f 1077 1108 1093
f 1094 1077 1079
f 1237 1267 1076
f 1119 1076 1267
f 1194 1235 1075
f 1145 1075 1235
f 1118 1194 1075
f 1136 1074 1144
f 1117 1074 1136
f 1105 1144 1074
f 1074 1117 1073
f 1218 1072 1248
f 1091 1248 1072
f 1171 1173 1071
f 1169 1171 1071
f 1089 1071 1104
f 1167 1169 1070
f 1071 1070 1169
f 1071 1089 1070
f 1103 1069 1089
f 1086 1069 1103
f 1070 1089 1069
f 1084 1068 1086
f 1069 1086 1068
f 1069 1068 1070
f 1081 1067 1083
f 1155 1157 1066
f 1094 1065 1081
f 1094 1079 1065
f 1067 1081 1065
f 1066 1065 1079
f 1066 1067 1065
f 1153 1155 1064
f 1149 1153 1064
f 1077 1064 1079
f 1066 1064 1155
f 1066 1079 1064
f 1093 1063 1077
f 1093 1120 1062
f 1092 1062 1120
f 1063 1093 1062
f 1137 1179 1061
f 1107 1061 1179
f 1092 1137 1061
f 1226 1060 1254
f 1106 1254 1060
f 1118 1059 1282
f 1173 1175 1058
f 1104 1058 1117
f 1073 1117 1058
f 1058 1071 1173
f 1058 1104 1071
f 1201 1057 1232
f 1085 1057 1201
f 1232 1056 1216
f 1057 1056 1232
f 1099 1055 1084
f 1068 1084 1055
f 1099 1128 1054
f 1098 1054 1128
f 1055 1099 1054
f 1083 1053 1098
f 1053 1083 1067
f 1054 1098 1053
f 1231 1215 1052
f 1185 1231 1051
f 1052 1051 1231
f 1185 1050 1230
f 1051 1050 1185
f 1212 1230 1049
f 1151 1212 1049
f 1050 1049 1230
f 1147 1149 1048
f 1064 1048 1149
f 1064 1077 1048
f 1048 1077 1063
f 1107 1268 1047
f 1378 1500 1046
f 1252 1378 1046
f 1205 1046 1500
f 1237 1045 1223
f 1223 1045 1224
f 1076 1045 1237
f 1164 1167 1044
f 1070 1044 1167
f 1068 1044 1070
f 1157 1159 1043
f 1066 1157 1043
f 1066 1043 1067
f 1067 1043 1053
f 1124 1228 1042
f 1078 1042 1228
f 1206 1041 1226
f 1060 1226 1041
f 1115 1040 1218
f 1072 1218 1040
f 1166 1216 1039
f 1056 1039 1216
f 1158 1038 1215
f 1052 1215 1038
f 1124 1037 1125
f 1224 1036 1294
f 1045 1036 1224
f 1105 1035 1145
f 1075 1145 1035
f 1055 1034 1068
f 1054 1034 1055
f 1044 1068 1034
f 1034 1054 1033
f 1053 1032 1054
f 1043 1032 1053
f 1033 1054 1032
f 1062 1092 1031
f 1061 1031 1092
f 1206 1253 1030
f 1041 1206 1030
f 1075 1029 1118
f 1059 1118 1029
f 1029 1075 1035
f 1175 1176 1028
f 1058 1175 1028
f 1058 1028 1073
f 1164 1027 1165
f 1044 1027 1164
f 1101 1166 1026
f 1039 1026 1166
f 1049 1025 1151
f 1147 1024 1148
f 1048 1024 1147
f 1061 1107 1023
f 1047 1023 1107
f 1031 1061 1023
f 1195 1282 1022
f 1119 1195 1022
f 1059 1022 1282
f 1074 1021 1105
f 1035 1105 1021
f 1073 1020 1074
f 1028 1020 1073
f 1021 1074 1020
f 1174 1019 1176
f 1172 1019 1174
f 1028 1176 1019
f 1170 1018 1172
f 1019 1172 1018
f 1087 1017 1131
f 1165 1016 1168
f 1027 1016 1165
f 1096 1015 1158
f 1038 1158 1015
f 1159 1160 1014
f 1043 1159 1014
f 1156 1013 1160
f 1014 1160 1013
f 1152 1012 1154
f 1150 1012 1152
f 1148 1011 1150
f 1024 1011 1148
f 1012 1150 1011
f 1063 1010 1048
f 1024 1048 1010
f 1062 1009 1063
f 1031 1009 1062
f 1010 1063 1009
f 1178 1008 1268
f 1106 1008 1178
f 1047 1268 1008
f 1253 1283 1007
f 1030 1253 1007
f 1131 1006 1115
f 1006 1131 1017
f 1168 1005 1170
f 1018 1170 1005
f 1005 1168 1016
f 1154 1004 1156
f 1013 1156 1004
f 1080 1125 1003
f 1037 1003 1125
f 1026 1002 1101
f 1082 1001 1096
f 1015 1096 1001
f 1042 1000 1124
f 1037 1124 1000
f 1238 999 1283
f 1007 1283 999
f 1205 1294 998
f 1036 998 1294
f 1029 997 1059
f 1022 1059 997
f 1040 1115 996
f 1006 996 1115
f 1101 995 1087
f 1017 1087 995
f 995 1101 1002
f 1085 1088 994
f 1057 1085 994
f 1034 993 1044
f 1033 993 1034
f 1027 1044 993
f 993 1033 992
f 1032 1043 991
f 1032 991 1033
f 1014 991 1043
f 992 1033 991
f 1080 990 1082
f 1001 1082 990
f 1023 1047 989
f 1008 989 1047
f 1236 1252 988
f 1046 988 1252
f 1076 1119 987
f 1022 987 1119
f 1035 986 1029
f 1021 986 1035
f 997 1029 986
f 1088 1090 985
f 994 1088 984
f 985 984 1088
f 1050 1051 983
f 1003 982 1080
f 990 1080 982
f 1078 1151 981
f 1025 981 1151
f 1023 980 1031
f 1009 1031 980
f 989 980 1023
f 1060 979 1106
f 1008 1106 979
f 1225 978 1238
f 1225 1207 978
f 999 1238 978
f 1220 1236 977
f 988 977 1236
f 1219 1220 976
f 977 976 1220
f 1217 1219 975
f 976 975 1219
f 732 1217 974
f 975 974 1217
f 1016 1027 973
f 993 973 1027
f 449 732 448
f 974 448 732
f 449 732 733
f 448 733 449
f 448 733 732
f 1013 972 1014
f 991 1014 972
f 1214 449 971
f 733 971 449
f 1049 1050 970
f 983 970 1050
f 1211 1214 969
f 971 969 1214
f 1210 1211 968
f 969 968 1211
f 1208 1210 967
f 968 967 1210
f 1207 1208 966
f 966 978 1207
f 967 966 1208
f 986 1021 965
f 1020 964 1021
f 965 1021 964
f 1020 1028 963
f 1019 963 1028
f 964 1020 963
f 1090 1091 962
f 1072 962 1091
f 985 1090 962
f 1018 961 1019
f 963 1019 961
f 1005 960 1018
f 961 1018 960
f 1016 959 1005
f 973 959 1016
f 960 1005 959
f 1056 1057 958
f 994 958 1057
f 1051 1052 957
f 983 1051 957
f 1004 956 1013
f 972 1013 956
f 1012 955 1154
f 1004 1154 955
f 956 1004 955
f 1011 954 1012
f 955 1012 954
f 1011 1024 953
f 1010 953 1024
f 954 1011 953
f 1009 952 1010
f 953 1010 952
f 980 951 1009
f 952 1009 951
f 1045 1076 950
f 987 950 1076
f 1041 949 1060
f 979 1060 949
f 997 948 1022
f 987 1022 948
f 1040 947 1072
f 962 1072 947
f 1039 1056 946
f 958 946 1056
f 1038 945 1052
f 957 1052 945
f 1003 1037 944
f 1000 944 1037
f 1042 1078 943
f 981 943 1078
f 989 1008 942
f 979 942 1008
f 986 941 997
f 965 941 986
f 948 997 941
f 980 989 940
f 951 980 940
f 940 989 942
f 1036 1045 939
f 950 939 1045
f 995 938 1017
f 984 937 994
f 958 994 936
f 937 936 994
f 1026 1039 935
f 946 935 1039
f 992 934 993
f 973 993 934
f 934 992 933
f 991 932 992
f 972 932 991
f 933 992 932
f 1015 931 1038
f 945 1038 931
f 957 930 983
f 970 983 929
f 930 929 983
f 1030 928 1041
f 949 1041 928
f 996 927 1040
f 947 1040 927
f 984 985 926
f 926 937 984
f 961 925 963
f 925 937 926
f 960 924 961
f 924 936 937
f 925 961 924
f 937 925 924
f 959 923 960
f 924 960 923
f 936 924 923
f 959 973 922
f 922 973 934
f 923 959 922
f 956 921 972
f 932 972 921
f 955 920 956
f 921 956 920
f 954 919 955
f 929 930 919
f 920 955 919
f 920 919 930
f 1025 1049 918
f 970 918 1049
f 929 918 970
f 953 917 954
f 919 954 917
f 919 917 929
f 918 929 917
f 1000 1042 916
f 943 916 1042
f 941 965 915
f 964 914 965
f 915 965 914
f 963 913 964
f 925 913 963
f 925 926 913
f 914 964 913
f 1002 1026 912
f 935 912 1026
f 1001 911 1015
f 931 1015 911
f 952 910 953
f 917 953 910
f 917 910 918
f 910 952 909
f 951 908 952
f 940 908 951
f 909 952 908
f 1046 1205 907
f 998 907 1205
f 988 1046 907
f 950 987 906
f 948 906 987
f 1017 905 1006
f 938 905 1017
f 982 1003 904
f 944 904 1003
f 949 903 979
f 942 979 903
f 998 1036 902
f 939 902 1036
f 941 901 948
f 915 901 941
f 906 948 901
f 962 900 985
f 926 985 900
f 913 926 900
f 913 900 914
f 1002 899 995
f 912 899 1002
f 990 898 1001
f 911 1001 898
f 981 1025 897
f 918 897 1025
f 910 897 918
f 909 897 910
f 942 896 940
f 908 940 896
f 903 896 942
f 1007 895 1030
f 928 1030 895
f 996 1006 894
f 927 996 894
f 905 894 1006
f 938 995 893
f 893 995 899
f 946 958 892
f 936 892 958
f 923 892 936
f 922 892 923
f 945 891 957
f 930 957 891
f 920 930 891
f 920 891 921
f 982 890 990
f 898 990 890
f 904 889 982
f 890 982 889
f 939 950 888
f 906 888 950
f 944 1000 887
f 916 887 1000
f 928 886 949
f 903 949 886
f 914 885 915
f 901 915 885
f 900 884 914
f 885 914 884
f 947 883 962
f 900 962 883
f 884 900 883
f 933 882 934
f 934 882 922
f 892 922 882
f 882 933 881
f 932 880 933
f 921 880 932
f 891 880 921
f 881 933 880
f 943 981 879
f 897 879 981
f 908 878 909
f 897 909 878
f 879 897 878
f 896 877 908
f 878 908 877
f 902 939 876
f 888 876 939
f 901 875 906
f 888 906 875
f 885 875 901
f 733 448 874
f 935 946 873
f 892 873 946
f 931 872 945
f 891 945 872
f 916 943 871
f 879 871 943
f 896 903 870
f 886 870 903
f 895 869 928
f 886 928 869
f 999 868 1007
f 978 868 999
f 927 867 947
f 883 947 867
f 971 733 866
f 874 866 733
f 866 865 971
f 895 1007 864
f 868 864 1007
f 907 863 988
f 904 944 862
f 887 862 944
f 877 896 861
f 870 861 896
f 868 978 860
f 977 988 859
f 863 859 988
f 876 888 858
f 875 858 888
f 976 977 857
f 859 857 977
f 884 856 885
f 875 885 856
f 858 875 856
f 883 855 884
f 867 855 883
f 856 884 855
f 975 976 854
f 857 854 976
f 894 853 927
f 867 927 853
f 974 975 852
f 854 852 975
f 893 851 938
f 448 974 850
f 874 448 850
f 852 850 974
f 912 935 849
f 873 849 935
f 911 848 931
f 872 931 848
f 969 971 847
f 865 847 971
f 968 969 846
f 847 846 969
f 887 916 845
f 871 845 916
f 878 844 879
f 877 844 878
f 871 879 844
f 861 844 877
f 967 968 843
f 846 843 968
f 870 886 842
f 869 842 886
f 861 870 842
f 978 966 841
f 966 967 841
f 860 978 841
f 843 841 967
f 882 840 892
f 881 840 882
f 873 892 840
f 880 891 839
f 880 839 881
f 872 839 891
f 839 872 848
f 840 881 838
f 839 838 881
f 907 998 837
f 902 837 998
f 876 836 902
f 837 902 836
f 856 835 858
f 855 835 856
f 855 867 834
f 853 834 867
f 835 855 834
f 905 938 833
f 851 833 938
f 899 912 832
f 849 832 912
f 898 831 911
f 848 911 831
f 862 830 904
f 845 871 829
f 844 829 871
f 844 861 828
f 842 828 861
f 829 844 828
f 869 895 827
f 864 827 895
f 858 826 876
f 836 876 826
f 835 826 858
f 853 894 825
f 890 824 898
f 831 898 824
f 862 887 823
f 845 823 887
f 842 869 822
f 828 842 822
f 827 822 869
f 894 905 821
f 833 821 905
f 825 894 821
f 851 893 820
f 899 819 893
f 832 819 899
f 820 893 819
f 849 873 818
f 840 818 873
f 848 817 839
f 838 839 817
f 831 817 848
f 889 816 890
f 824 890 816
f 889 904 815
f 830 815 904
f 816 889 815
f 838 814 840
f 818 840 814
f 817 814 838
f 834 813 835
f 826 835 813
f 834 853 812
f 825 812 853
f 821 812 825
f 813 834 812
f 850 811 874
f 829 810 845
f 823 845 810
f 828 809 829
f 822 809 828
f 810 829 809
f 866 874 808
f 811 808 874
f 808 807 866
f 865 866 806
f 807 806 866
f 847 865 805
f 806 805 865
f 830 862 804
f 823 804 862
f 810 804 823
f 832 849 803
f 818 803 849
f 817 831 802
f 814 817 802
f 826 801 836
f 814 800 818
f 803 818 800
f 802 800 814
f 822 827 799
f 809 822 799
f 863 907 798
f 859 863 798
f 837 798 907
f 864 868 797
f 860 797 868
f 819 832 796
f 803 796 832
f 800 796 803
f 824 795 831
f 816 795 824
f 802 831 795
f 857 859 794
f 798 794 859
f 854 857 793
f 794 793 857
f 813 792 826
f 801 826 792
f 852 854 791
f 793 791 854
f 812 821 790
f 812 790 813
f 792 813 790
f 850 852 789
f 791 789 852
f 811 850 788
f 789 788 850
f 833 851 787
f 820 787 851
f 819 786 820
f 786 819 796
f 787 820 786
f 808 811 785
f 788 785 811
f 807 808 784
f 785 784 808
f 800 802 783
f 783 802 795
f 806 807 782
f 815 781 816
f 795 816 781
f 805 806 780
f 782 780 806
f 815 830 779
f 781 815 779
f 805 778 847
f 780 778 805
f 804 777 830
f 779 830 777
f 846 847 776
f 778 776 847
f 804 810 775
f 777 804 775
f 843 846 774
f 776 774 846
f 809 773 810
f 799 773 809
f 775 810 773
f 841 843 772
f 774 772 843
f 841 771 860
f 797 860 771
f 772 771 841
f 821 833 770
f 790 821 770
f 787 770 833
f 796 800 769
f 783 769 800
f 784 768 807
f 782 807 768
f 836 767 837
f 801 767 836
f 798 837 767
f 827 864 766
f 799 827 766
f 797 766 864
f 794 798 765
f 767 765 798
f 785 788 764
f 786 763 787
f 770 787 763
f 784 785 762
f 764 762 785
f 763 762 764
f 796 761 786
f 763 786 761
f 762 763 761
f 768 784 760
f 762 760 784
f 761 760 762
f 769 759 796
f 761 796 759
f 760 761 759
f 760 758 768
f 759 758 760
f 769 783 757
f 759 769 757
f 758 759 757
f 768 756 782
f 758 756 768
f 795 755 783
f 757 783 755
f 757 755 758
f 756 758 755
f 780 782 754
f 756 754 782
f 781 753 795
f 779 753 781
f 755 795 753
f 755 753 756
f 754 756 753
f 778 780 752
f 754 752 780
f 777 751 779
f 753 779 751
f 753 751 754
f 752 754 751
f 771 750 797
f 766 797 750
f 792 749 801
f 767 801 749
f 765 767 749
f 788 789 748
f 748 764 788
f 747 770 763
f 764 747 763
f 747 764 748
f 775 746 777
f 751 777 746
f 751 746 752
f 776 778 745
f 752 745 778
f 745 752 746
f 766 744 799
f 744 766 750
f 793 794 743
f 765 743 794
f 749 743 765
f 749 792 742
f 789 791 741
f 748 789 741
f 790 740 792
f 770 740 790
f 747 740 770
f 747 748 740
f 742 792 740
f 741 740 748
f 741 742 740
f 773 739 775
f 746 775 739
f 746 739 745
f 774 776 738
f 745 738 776
f 739 738 745
f 773 799 737
f 744 737 799
f 739 773 737
f 738 739 737
f 771 772 736
f 750 771 736
f 750 736 744
f 791 793 735
f 743 735 793
f 743 749 735
f 735 749 742
f 735 741 791
f 742 741 735
f 772 774 734
f 738 734 774
f 737 744 734
f 737 734 738
f 734 736 772
f 734 744 736

